family,kind,scenario,category_id,numeric_pass,baseline_pass,frozen_review_followup
core,score_component_ablation,without_volume,N0007,True,True,False
core,score_component_ablation,without_volume,N0013,True,True,True
core,score_component_ablation,without_volume,N0017,True,True,False
core,score_component_ablation,without_volume,N0019,True,True,True
core,score_component_ablation,without_volume,N0021,True,True,False
core,score_component_ablation,without_volume,N0025,True,True,False
core,score_component_ablation,without_volume,N0031,True,True,True
core,score_component_ablation,without_volume,N0032,True,True,True
core,score_component_ablation,without_volume,N0033,True,True,False
core,score_component_ablation,without_volume,N0034,True,True,False
core,score_component_ablation,without_volume,N0038,True,True,False
core,score_component_ablation,without_volume,N0041,True,True,False
core,score_component_ablation,without_volume,N0063,True,True,False
core,score_component_ablation,without_volume,N0070,True,True,False
core,score_component_ablation,without_volume,N0077,True,True,True
core,score_component_ablation,without_volume,N0126,True,True,False
core,score_component_ablation,without_volume,N0172,True,True,True
core,score_component_ablation,without_volume,N0193,True,True,False
core,score_component_ablation,without_volume,N0269,True,True,False
core,score_component_ablation,without_volume,N0315,True,True,False
core,score_component_ablation,without_volume,N0474,True,True,False
core,score_component_ablation,without_citation,N0007,True,True,False
core,score_component_ablation,without_citation,N0013,True,True,True
core,score_component_ablation,without_citation,N0017,True,True,False
core,score_component_ablation,without_citation,N0019,True,True,True
core,score_component_ablation,without_citation,N0021,True,True,False
core,score_component_ablation,without_citation,N0025,True,True,False
core,score_component_ablation,without_citation,N0031,True,True,True
core,score_component_ablation,without_citation,N0032,True,True,True
core,score_component_ablation,without_citation,N0033,True,True,False
core,score_component_ablation,without_citation,N0034,True,True,False
core,score_component_ablation,without_citation,N0038,True,True,False
core,score_component_ablation,without_citation,N0041,True,True,False
core,score_component_ablation,without_citation,N0063,True,True,False
core,score_component_ablation,without_citation,N0070,True,True,False
core,score_component_ablation,without_citation,N0077,True,True,True
core,score_component_ablation,without_citation,N0126,True,True,False
core,score_component_ablation,without_citation,N0172,True,True,True
core,score_component_ablation,without_citation,N0193,True,True,False
core,score_component_ablation,without_citation,N0269,True,True,False
core,score_component_ablation,without_citation,N0315,True,True,False
core,score_component_ablation,without_citation,N0474,True,True,False
core,score_component_ablation,without_institutions,N0007,True,True,False
core,score_component_ablation,without_institutions,N0013,True,True,True
core,score_component_ablation,without_institutions,N0017,True,True,False
core,score_component_ablation,without_institutions,N0019,True,True,True
core,score_component_ablation,without_institutions,N0021,True,True,False
core,score_component_ablation,without_institutions,N0025,True,True,False
core,score_component_ablation,without_institutions,N0031,True,True,True
core,score_component_ablation,without_institutions,N0032,True,True,True
core,score_component_ablation,without_institutions,N0033,True,True,False
core,score_component_ablation,without_institutions,N0034,True,True,False
core,score_component_ablation,without_institutions,N0038,True,True,False
core,score_component_ablation,without_institutions,N0041,True,True,False
core,score_component_ablation,without_institutions,N0063,True,True,False
core,score_component_ablation,without_institutions,N0070,True,True,False
core,score_component_ablation,without_institutions,N0077,True,True,True
core,score_component_ablation,without_institutions,N0126,True,True,False
core,score_component_ablation,without_institutions,N0172,True,True,True
core,score_component_ablation,without_institutions,N0193,True,True,False
core,score_component_ablation,without_institutions,N0269,True,True,False
core,score_component_ablation,without_institutions,N0315,True,True,False
core,score_component_ablation,without_institutions,N0474,True,True,False
core,score_component_ablation,without_persistence,N0007,True,True,False
core,score_component_ablation,without_persistence,N0013,True,True,True
core,score_component_ablation,without_persistence,N0017,True,True,False
core,score_component_ablation,without_persistence,N0019,True,True,True
core,score_component_ablation,without_persistence,N0021,True,True,False
core,score_component_ablation,without_persistence,N0025,True,True,False
core,score_component_ablation,without_persistence,N0031,True,True,True
core,score_component_ablation,without_persistence,N0032,True,True,True
core,score_component_ablation,without_persistence,N0033,True,True,False
core,score_component_ablation,without_persistence,N0034,True,True,False
core,score_component_ablation,without_persistence,N0038,True,True,False
core,score_component_ablation,without_persistence,N0041,True,True,False
core,score_component_ablation,without_persistence,N0063,True,True,False
core,score_component_ablation,without_persistence,N0070,True,True,False
core,score_component_ablation,without_persistence,N0077,True,True,True
core,score_component_ablation,without_persistence,N0126,True,True,False
core,score_component_ablation,without_persistence,N0172,True,True,True
core,score_component_ablation,without_persistence,N0193,True,True,False
core,score_component_ablation,without_persistence,N0269,True,True,False
core,score_component_ablation,without_persistence,N0315,True,True,False
core,score_component_ablation,without_persistence,N0474,True,True,False
core,score_component_ablation,without_current,N0007,True,True,False
core,score_component_ablation,without_current,N0013,True,True,True
core,score_component_ablation,without_current,N0017,True,True,False
core,score_component_ablation,without_current,N0019,True,True,True
core,score_component_ablation,without_current,N0021,True,True,False
core,score_component_ablation,without_current,N0025,True,True,False
core,score_component_ablation,without_current,N0031,True,True,True
core,score_component_ablation,without_current,N0032,True,True,True
core,score_component_ablation,without_current,N0033,True,True,False
core,score_component_ablation,without_current,N0034,True,True,False
core,score_component_ablation,without_current,N0038,True,True,False
core,score_component_ablation,without_current,N0041,True,True,False
core,score_component_ablation,without_current,N0063,True,True,False
core,score_component_ablation,without_current,N0070,True,True,False
core,score_component_ablation,without_current,N0077,True,True,True
core,score_component_ablation,without_current,N0126,True,True,False
core,score_component_ablation,without_current,N0172,True,True,True
core,score_component_ablation,without_current,N0193,True,True,False
core,score_component_ablation,without_current,N0269,True,True,False
core,score_component_ablation,without_current,N0315,True,True,False
core,score_component_ablation,without_current,N0474,True,True,False
core,gate_ablation,without_annual_volume,N0007,True,True,False
core,gate_ablation,without_annual_volume,N0013,True,True,True
core,gate_ablation,without_annual_volume,N0016,True,False,False
core,gate_ablation,without_annual_volume,N0017,True,True,False
core,gate_ablation,without_annual_volume,N0019,True,True,True
core,gate_ablation,without_annual_volume,N0021,True,True,False
core,gate_ablation,without_annual_volume,N0025,True,True,False
core,gate_ablation,without_annual_volume,N0028,True,False,False
core,gate_ablation,without_annual_volume,N0031,True,True,True
core,gate_ablation,without_annual_volume,N0032,True,True,True
core,gate_ablation,without_annual_volume,N0033,True,True,False
core,gate_ablation,without_annual_volume,N0034,True,True,False
core,gate_ablation,without_annual_volume,N0037,True,False,False
core,gate_ablation,without_annual_volume,N0038,True,True,False
core,gate_ablation,without_annual_volume,N0041,True,True,False
core,gate_ablation,without_annual_volume,N0043,True,False,False
core,gate_ablation,without_annual_volume,N0063,True,True,False
core,gate_ablation,without_annual_volume,N0070,True,True,False
core,gate_ablation,without_annual_volume,N0077,True,True,True
core,gate_ablation,without_annual_volume,N0102,True,False,False
core,gate_ablation,without_annual_volume,N0119,True,False,False
core,gate_ablation,without_annual_volume,N0126,True,True,False
core,gate_ablation,without_annual_volume,N0147,True,False,False
core,gate_ablation,without_annual_volume,N0166,True,False,False
core,gate_ablation,without_annual_volume,N0170,True,False,False
core,gate_ablation,without_annual_volume,N0172,True,True,True
core,gate_ablation,without_annual_volume,N0175,True,False,False
core,gate_ablation,without_annual_volume,N0191,True,False,False
core,gate_ablation,without_annual_volume,N0193,True,True,False
core,gate_ablation,without_annual_volume,N0195,True,False,False
core,gate_ablation,without_annual_volume,N0243,True,False,False
core,gate_ablation,without_annual_volume,N0254,True,False,False
core,gate_ablation,without_annual_volume,N0269,True,True,False
core,gate_ablation,without_annual_volume,N0315,True,True,False
core,gate_ablation,without_annual_volume,N0320,True,False,False
core,gate_ablation,without_annual_volume,N0474,True,True,False
core,gate_ablation,without_active_years,N0007,True,True,False
core,gate_ablation,without_active_years,N0013,True,True,True
core,gate_ablation,without_active_years,N0017,True,True,False
core,gate_ablation,without_active_years,N0019,True,True,True
core,gate_ablation,without_active_years,N0021,True,True,False
core,gate_ablation,without_active_years,N0025,True,True,False
core,gate_ablation,without_active_years,N0031,True,True,True
core,gate_ablation,without_active_years,N0032,True,True,True
core,gate_ablation,without_active_years,N0033,True,True,False
core,gate_ablation,without_active_years,N0034,True,True,False
core,gate_ablation,without_active_years,N0038,True,True,False
core,gate_ablation,without_active_years,N0041,True,True,False
core,gate_ablation,without_active_years,N0063,True,True,False
core,gate_ablation,without_active_years,N0070,True,True,False
core,gate_ablation,without_active_years,N0077,True,True,True
core,gate_ablation,without_active_years,N0126,True,True,False
core,gate_ablation,without_active_years,N0172,True,True,True
core,gate_ablation,without_active_years,N0193,True,True,False
core,gate_ablation,without_active_years,N0269,True,True,False
core,gate_ablation,without_active_years,N0315,True,True,False
core,gate_ablation,without_active_years,N0474,True,True,False
core,gate_ablation,without_persistence,N0007,True,True,False
core,gate_ablation,without_persistence,N0013,True,True,True
core,gate_ablation,without_persistence,N0017,True,True,False
core,gate_ablation,without_persistence,N0019,True,True,True
core,gate_ablation,without_persistence,N0021,True,True,False
core,gate_ablation,without_persistence,N0025,True,True,False
core,gate_ablation,without_persistence,N0031,True,True,True
core,gate_ablation,without_persistence,N0032,True,True,True
core,gate_ablation,without_persistence,N0033,True,True,False
core,gate_ablation,without_persistence,N0034,True,True,False
core,gate_ablation,without_persistence,N0038,True,True,False
core,gate_ablation,without_persistence,N0041,True,True,False
core,gate_ablation,without_persistence,N0063,True,True,False
core,gate_ablation,without_persistence,N0070,True,True,False
core,gate_ablation,without_persistence,N0077,True,True,True
core,gate_ablation,without_persistence,N0126,True,True,False
core,gate_ablation,without_persistence,N0172,True,True,True
core,gate_ablation,without_persistence,N0193,True,True,False
core,gate_ablation,without_persistence,N0269,True,True,False
core,gate_ablation,without_persistence,N0315,True,True,False
core,gate_ablation,without_persistence,N0474,True,True,False
core,gate_ablation,without_current_volume,N0007,True,True,False
core,gate_ablation,without_current_volume,N0013,True,True,True
core,gate_ablation,without_current_volume,N0017,True,True,False
core,gate_ablation,without_current_volume,N0019,True,True,True
core,gate_ablation,without_current_volume,N0021,True,True,False
core,gate_ablation,without_current_volume,N0025,True,True,False
core,gate_ablation,without_current_volume,N0031,True,True,True
core,gate_ablation,without_current_volume,N0032,True,True,True
core,gate_ablation,without_current_volume,N0033,True,True,False
core,gate_ablation,without_current_volume,N0034,True,True,False
core,gate_ablation,without_current_volume,N0038,True,True,False
core,gate_ablation,without_current_volume,N0041,True,True,False
core,gate_ablation,without_current_volume,N0063,True,True,False
core,gate_ablation,without_current_volume,N0070,True,True,False
core,gate_ablation,without_current_volume,N0077,True,True,True
core,gate_ablation,without_current_volume,N0126,True,True,False
core,gate_ablation,without_current_volume,N0172,True,True,True
core,gate_ablation,without_current_volume,N0193,True,True,False
core,gate_ablation,without_current_volume,N0269,True,True,False
core,gate_ablation,without_current_volume,N0315,True,True,False
core,gate_ablation,without_current_volume,N0474,True,True,False
core,gate_ablation,without_current_share,N0003,True,False,False
core,gate_ablation,without_current_share,N0007,True,True,False
core,gate_ablation,without_current_share,N0013,True,True,True
core,gate_ablation,without_current_share,N0017,True,True,False
core,gate_ablation,without_current_share,N0019,True,True,True
core,gate_ablation,without_current_share,N0021,True,True,False
core,gate_ablation,without_current_share,N0025,True,True,False
core,gate_ablation,without_current_share,N0031,True,True,True
core,gate_ablation,without_current_share,N0032,True,True,True
core,gate_ablation,without_current_share,N0033,True,True,False
core,gate_ablation,without_current_share,N0034,True,True,False
core,gate_ablation,without_current_share,N0038,True,True,False
core,gate_ablation,without_current_share,N0041,True,True,False
core,gate_ablation,without_current_share,N0063,True,True,False
core,gate_ablation,without_current_share,N0064,True,False,False
core,gate_ablation,without_current_share,N0070,True,True,False
core,gate_ablation,without_current_share,N0077,True,True,True
core,gate_ablation,without_current_share,N0126,True,True,False
core,gate_ablation,without_current_share,N0172,True,True,True
core,gate_ablation,without_current_share,N0193,True,True,False
core,gate_ablation,without_current_share,N0269,True,True,False
core,gate_ablation,without_current_share,N0315,True,True,False
core,gate_ablation,without_current_share,N0474,True,True,False
core,semantic_review_ablation,numeric_only_no_scope_review,N0007,True,True,False
core,semantic_review_ablation,numeric_only_no_scope_review,N0013,True,True,True
core,semantic_review_ablation,numeric_only_no_scope_review,N0017,True,True,False
core,semantic_review_ablation,numeric_only_no_scope_review,N0019,True,True,True
core,semantic_review_ablation,numeric_only_no_scope_review,N0021,True,True,False
core,semantic_review_ablation,numeric_only_no_scope_review,N0025,True,True,False
core,semantic_review_ablation,numeric_only_no_scope_review,N0031,True,True,True
core,semantic_review_ablation,numeric_only_no_scope_review,N0032,True,True,True
core,semantic_review_ablation,numeric_only_no_scope_review,N0033,True,True,False
core,semantic_review_ablation,numeric_only_no_scope_review,N0034,True,True,False
core,semantic_review_ablation,numeric_only_no_scope_review,N0038,True,True,False
core,semantic_review_ablation,numeric_only_no_scope_review,N0041,True,True,False
core,semantic_review_ablation,numeric_only_no_scope_review,N0063,True,True,False
core,semantic_review_ablation,numeric_only_no_scope_review,N0070,True,True,False
core,semantic_review_ablation,numeric_only_no_scope_review,N0077,True,True,True
core,semantic_review_ablation,numeric_only_no_scope_review,N0126,True,True,False
core,semantic_review_ablation,numeric_only_no_scope_review,N0172,True,True,True
core,semantic_review_ablation,numeric_only_no_scope_review,N0193,True,True,False
core,semantic_review_ablation,numeric_only_no_scope_review,N0269,True,True,False
core,semantic_review_ablation,numeric_only_no_scope_review,N0315,True,True,False
core,semantic_review_ablation,numeric_only_no_scope_review,N0474,True,True,False
core,data_robustness,require_all_data_filters_or_direction,N0007,False,True,False
core,data_robustness,require_all_data_filters_or_direction,N0013,False,True,True
core,data_robustness,require_all_data_filters_or_direction,N0017,False,True,False
core,data_robustness,require_all_data_filters_or_direction,N0019,False,True,True
core,data_robustness,require_all_data_filters_or_direction,N0021,True,True,False
core,data_robustness,require_all_data_filters_or_direction,N0025,False,True,False
core,data_robustness,require_all_data_filters_or_direction,N0031,False,True,True
core,data_robustness,require_all_data_filters_or_direction,N0032,False,True,True
core,data_robustness,require_all_data_filters_or_direction,N0033,False,True,False
core,data_robustness,require_all_data_filters_or_direction,N0034,False,True,False
core,data_robustness,require_all_data_filters_or_direction,N0038,False,True,False
core,data_robustness,require_all_data_filters_or_direction,N0041,False,True,False
core,data_robustness,require_all_data_filters_or_direction,N0063,False,True,False
core,data_robustness,require_all_data_filters_or_direction,N0070,False,True,False
core,data_robustness,require_all_data_filters_or_direction,N0077,False,True,True
core,data_robustness,require_all_data_filters_or_direction,N0126,False,True,False
core,data_robustness,require_all_data_filters_or_direction,N0172,False,True,True
core,data_robustness,require_all_data_filters_or_direction,N0193,False,True,False
core,data_robustness,require_all_data_filters_or_direction,N0269,False,True,False
core,data_robustness,require_all_data_filters_or_direction,N0315,False,True,False
core,data_robustness,require_all_data_filters_or_direction,N0474,False,True,False
emerging,score_component_ablation,without_multiyear_growth,N0016,True,True,True
emerging,score_component_ablation,without_multiyear_growth,N0087,True,True,False
emerging,score_component_ablation,without_multiyear_growth,N0127,True,True,False
emerging,score_component_ablation,without_multiyear_growth,N0138,True,True,False
emerging,score_component_ablation,without_multiyear_growth,N0155,True,True,True
emerging,score_component_ablation,without_multiyear_growth,N0186,True,True,False
emerging,score_component_ablation,without_multiyear_growth,N0193,True,True,False
emerging,score_component_ablation,without_multiyear_growth,N0197,True,True,False
emerging,score_component_ablation,without_multiyear_growth,N0254,True,True,False
emerging,score_component_ablation,without_multiyear_growth,N0265,True,True,False
emerging,score_component_ablation,without_multiyear_growth,N0269,True,True,False
emerging,score_component_ablation,without_multiyear_growth,N0293,True,True,False
emerging,score_component_ablation,without_multiyear_growth,N0303,True,True,False
emerging,score_component_ablation,without_multiyear_growth,N0313,True,True,False
emerging,score_component_ablation,without_multiyear_growth,N0332,True,True,False
emerging,score_component_ablation,without_multiyear_growth,N0337,True,True,False
emerging,score_component_ablation,without_multiyear_growth,N0339,True,True,False
emerging,score_component_ablation,without_multiyear_growth,N0343,True,True,False
emerging,score_component_ablation,without_multiyear_growth,N0358,True,True,False
emerging,score_component_ablation,without_multiyear_growth,N0369,True,True,False
emerging,score_component_ablation,without_multiyear_growth,N0381,True,True,False
emerging,score_component_ablation,without_multiyear_growth,N0395,True,True,False
emerging,score_component_ablation,without_multiyear_growth,N0396,True,True,False
emerging,score_component_ablation,without_multiyear_growth,N0408,True,True,False
emerging,score_component_ablation,without_multiyear_growth,N0432,True,True,False
emerging,score_component_ablation,without_multiyear_growth,N0443,True,True,False
emerging,score_component_ablation,without_multiyear_growth,N0446,True,True,False
emerging,score_component_ablation,without_multiyear_growth,N0473,True,True,False
emerging,score_component_ablation,without_multiyear_growth,N0474,True,True,False
emerging,score_component_ablation,without_recent_growth,N0016,True,True,True
emerging,score_component_ablation,without_recent_growth,N0087,True,True,False
emerging,score_component_ablation,without_recent_growth,N0127,True,True,False
emerging,score_component_ablation,without_recent_growth,N0138,True,True,False
emerging,score_component_ablation,without_recent_growth,N0155,True,True,True
emerging,score_component_ablation,without_recent_growth,N0186,True,True,False
emerging,score_component_ablation,without_recent_growth,N0193,True,True,False
emerging,score_component_ablation,without_recent_growth,N0197,True,True,False
emerging,score_component_ablation,without_recent_growth,N0254,True,True,False
emerging,score_component_ablation,without_recent_growth,N0265,True,True,False
emerging,score_component_ablation,without_recent_growth,N0269,True,True,False
emerging,score_component_ablation,without_recent_growth,N0293,True,True,False
emerging,score_component_ablation,without_recent_growth,N0303,True,True,False
emerging,score_component_ablation,without_recent_growth,N0313,True,True,False
emerging,score_component_ablation,without_recent_growth,N0332,True,True,False
emerging,score_component_ablation,without_recent_growth,N0337,True,True,False
emerging,score_component_ablation,without_recent_growth,N0339,True,True,False
emerging,score_component_ablation,without_recent_growth,N0343,True,True,False
emerging,score_component_ablation,without_recent_growth,N0358,True,True,False
emerging,score_component_ablation,without_recent_growth,N0369,True,True,False
emerging,score_component_ablation,without_recent_growth,N0381,True,True,False
emerging,score_component_ablation,without_recent_growth,N0395,True,True,False
emerging,score_component_ablation,without_recent_growth,N0396,True,True,False
emerging,score_component_ablation,without_recent_growth,N0408,True,True,False
emerging,score_component_ablation,without_recent_growth,N0432,True,True,False
emerging,score_component_ablation,without_recent_growth,N0443,True,True,False
emerging,score_component_ablation,without_recent_growth,N0446,True,True,False
emerging,score_component_ablation,without_recent_growth,N0473,True,True,False
emerging,score_component_ablation,without_recent_growth,N0474,True,True,False
emerging,score_component_ablation,without_trend,N0016,True,True,True
emerging,score_component_ablation,without_trend,N0087,True,True,False
emerging,score_component_ablation,without_trend,N0127,True,True,False
emerging,score_component_ablation,without_trend,N0138,True,True,False
emerging,score_component_ablation,without_trend,N0155,True,True,True
emerging,score_component_ablation,without_trend,N0186,True,True,False
emerging,score_component_ablation,without_trend,N0193,True,True,False
emerging,score_component_ablation,without_trend,N0197,True,True,False
emerging,score_component_ablation,without_trend,N0254,True,True,False
emerging,score_component_ablation,without_trend,N0265,True,True,False
emerging,score_component_ablation,without_trend,N0269,True,True,False
emerging,score_component_ablation,without_trend,N0293,True,True,False
emerging,score_component_ablation,without_trend,N0303,True,True,False
emerging,score_component_ablation,without_trend,N0313,True,True,False
emerging,score_component_ablation,without_trend,N0332,True,True,False
emerging,score_component_ablation,without_trend,N0337,True,True,False
emerging,score_component_ablation,without_trend,N0339,True,True,False
emerging,score_component_ablation,without_trend,N0343,True,True,False
emerging,score_component_ablation,without_trend,N0358,True,True,False
emerging,score_component_ablation,without_trend,N0369,True,True,False
emerging,score_component_ablation,without_trend,N0381,True,True,False
emerging,score_component_ablation,without_trend,N0395,True,True,False
emerging,score_component_ablation,without_trend,N0396,True,True,False
emerging,score_component_ablation,without_trend,N0408,True,True,False
emerging,score_component_ablation,without_trend,N0432,True,True,False
emerging,score_component_ablation,without_trend,N0443,True,True,False
emerging,score_component_ablation,without_trend,N0446,True,True,False
emerging,score_component_ablation,without_trend,N0473,True,True,False
emerging,score_component_ablation,without_trend,N0474,True,True,False
emerging,score_component_ablation,without_quarter_consistency,N0016,True,True,True
emerging,score_component_ablation,without_quarter_consistency,N0087,True,True,False
emerging,score_component_ablation,without_quarter_consistency,N0127,True,True,False
emerging,score_component_ablation,without_quarter_consistency,N0138,True,True,False
emerging,score_component_ablation,without_quarter_consistency,N0155,True,True,True
emerging,score_component_ablation,without_quarter_consistency,N0186,True,True,False
emerging,score_component_ablation,without_quarter_consistency,N0193,True,True,False
emerging,score_component_ablation,without_quarter_consistency,N0197,True,True,False
emerging,score_component_ablation,without_quarter_consistency,N0254,True,True,False
emerging,score_component_ablation,without_quarter_consistency,N0265,True,True,False
emerging,score_component_ablation,without_quarter_consistency,N0269,True,True,False
emerging,score_component_ablation,without_quarter_consistency,N0293,True,True,False
emerging,score_component_ablation,without_quarter_consistency,N0303,True,True,False
emerging,score_component_ablation,without_quarter_consistency,N0313,True,True,False
emerging,score_component_ablation,without_quarter_consistency,N0332,True,True,False
emerging,score_component_ablation,without_quarter_consistency,N0337,True,True,False
emerging,score_component_ablation,without_quarter_consistency,N0339,True,True,False
emerging,score_component_ablation,without_quarter_consistency,N0343,True,True,False
emerging,score_component_ablation,without_quarter_consistency,N0358,True,True,False
emerging,score_component_ablation,without_quarter_consistency,N0369,True,True,False
emerging,score_component_ablation,without_quarter_consistency,N0381,True,True,False
emerging,score_component_ablation,without_quarter_consistency,N0395,True,True,False
emerging,score_component_ablation,without_quarter_consistency,N0396,True,True,False
emerging,score_component_ablation,without_quarter_consistency,N0408,True,True,False
emerging,score_component_ablation,without_quarter_consistency,N0432,True,True,False
emerging,score_component_ablation,without_quarter_consistency,N0443,True,True,False
emerging,score_component_ablation,without_quarter_consistency,N0446,True,True,False
emerging,score_component_ablation,without_quarter_consistency,N0473,True,True,False
emerging,score_component_ablation,without_quarter_consistency,N0474,True,True,False
emerging,score_component_ablation,without_institution_expansion,N0016,True,True,True
emerging,score_component_ablation,without_institution_expansion,N0087,True,True,False
emerging,score_component_ablation,without_institution_expansion,N0127,True,True,False
emerging,score_component_ablation,without_institution_expansion,N0138,True,True,False
emerging,score_component_ablation,without_institution_expansion,N0155,True,True,True
emerging,score_component_ablation,without_institution_expansion,N0186,True,True,False
emerging,score_component_ablation,without_institution_expansion,N0193,True,True,False
emerging,score_component_ablation,without_institution_expansion,N0197,True,True,False
emerging,score_component_ablation,without_institution_expansion,N0254,True,True,False
emerging,score_component_ablation,without_institution_expansion,N0265,True,True,False
emerging,score_component_ablation,without_institution_expansion,N0269,True,True,False
emerging,score_component_ablation,without_institution_expansion,N0293,True,True,False
emerging,score_component_ablation,without_institution_expansion,N0303,True,True,False
emerging,score_component_ablation,without_institution_expansion,N0313,True,True,False
emerging,score_component_ablation,without_institution_expansion,N0332,True,True,False
emerging,score_component_ablation,without_institution_expansion,N0337,True,True,False
emerging,score_component_ablation,without_institution_expansion,N0339,True,True,False
emerging,score_component_ablation,without_institution_expansion,N0343,True,True,False
emerging,score_component_ablation,without_institution_expansion,N0358,True,True,False
emerging,score_component_ablation,without_institution_expansion,N0369,True,True,False
emerging,score_component_ablation,without_institution_expansion,N0381,True,True,False
emerging,score_component_ablation,without_institution_expansion,N0395,True,True,False
emerging,score_component_ablation,without_institution_expansion,N0396,True,True,False
emerging,score_component_ablation,without_institution_expansion,N0408,True,True,False
emerging,score_component_ablation,without_institution_expansion,N0432,True,True,False
emerging,score_component_ablation,without_institution_expansion,N0443,True,True,False
emerging,score_component_ablation,without_institution_expansion,N0446,True,True,False
emerging,score_component_ablation,without_institution_expansion,N0473,True,True,False
emerging,score_component_ablation,without_institution_expansion,N0474,True,True,False
emerging,gate_ablation,without_volume,N0016,True,True,True
emerging,gate_ablation,without_volume,N0087,True,True,False
emerging,gate_ablation,without_volume,N0127,True,True,False
emerging,gate_ablation,without_volume,N0138,True,True,False
emerging,gate_ablation,without_volume,N0155,True,True,True
emerging,gate_ablation,without_volume,N0186,True,True,False
emerging,gate_ablation,without_volume,N0193,True,True,False
emerging,gate_ablation,without_volume,N0197,True,True,False
emerging,gate_ablation,without_volume,N0254,True,True,False
emerging,gate_ablation,without_volume,N0265,True,True,False
emerging,gate_ablation,without_volume,N0269,True,True,False
emerging,gate_ablation,without_volume,N0293,True,True,False
emerging,gate_ablation,without_volume,N0303,True,True,False
emerging,gate_ablation,without_volume,N0313,True,True,False
emerging,gate_ablation,without_volume,N0332,True,True,False
emerging,gate_ablation,without_volume,N0337,True,True,False
emerging,gate_ablation,without_volume,N0339,True,True,False
emerging,gate_ablation,without_volume,N0343,True,True,False
emerging,gate_ablation,without_volume,N0358,True,True,False
emerging,gate_ablation,without_volume,N0369,True,True,False
emerging,gate_ablation,without_volume,N0381,True,True,False
emerging,gate_ablation,without_volume,N0395,True,True,False
emerging,gate_ablation,without_volume,N0396,True,True,False
emerging,gate_ablation,without_volume,N0408,True,True,False
emerging,gate_ablation,without_volume,N0432,True,True,False
emerging,gate_ablation,without_volume,N0443,True,True,False
emerging,gate_ablation,without_volume,N0446,True,True,False
emerging,gate_ablation,without_volume,N0473,True,True,False
emerging,gate_ablation,without_volume,N0474,True,True,False
emerging,gate_ablation,without_baseline,N0016,True,True,True
emerging,gate_ablation,without_baseline,N0087,True,True,False
emerging,gate_ablation,without_baseline,N0127,True,True,False
emerging,gate_ablation,without_baseline,N0138,True,True,False
emerging,gate_ablation,without_baseline,N0155,True,True,True
emerging,gate_ablation,without_baseline,N0186,True,True,False
emerging,gate_ablation,without_baseline,N0193,True,True,False
emerging,gate_ablation,without_baseline,N0197,True,True,False
emerging,gate_ablation,without_baseline,N0254,True,True,False
emerging,gate_ablation,without_baseline,N0265,True,True,False
emerging,gate_ablation,without_baseline,N0269,True,True,False
emerging,gate_ablation,without_baseline,N0293,True,True,False
emerging,gate_ablation,without_baseline,N0303,True,True,False
emerging,gate_ablation,without_baseline,N0313,True,True,False
emerging,gate_ablation,without_baseline,N0332,True,True,False
emerging,gate_ablation,without_baseline,N0337,True,True,False
emerging,gate_ablation,without_baseline,N0339,True,True,False
emerging,gate_ablation,without_baseline,N0343,True,True,False
emerging,gate_ablation,without_baseline,N0358,True,True,False
emerging,gate_ablation,without_baseline,N0369,True,True,False
emerging,gate_ablation,without_baseline,N0381,True,True,False
emerging,gate_ablation,without_baseline,N0395,True,True,False
emerging,gate_ablation,without_baseline,N0396,True,True,False
emerging,gate_ablation,without_baseline,N0408,True,True,False
emerging,gate_ablation,without_baseline,N0432,True,True,False
emerging,gate_ablation,without_baseline,N0443,True,True,False
emerging,gate_ablation,without_baseline,N0446,True,True,False
emerging,gate_ablation,without_baseline,N0473,True,True,False
emerging,gate_ablation,without_baseline,N0474,True,True,False
emerging,gate_ablation,without_multiyear,N0016,True,True,True
emerging,gate_ablation,without_multiyear,N0087,True,True,False
emerging,gate_ablation,without_multiyear,N0127,True,True,False
emerging,gate_ablation,without_multiyear,N0138,True,True,False
emerging,gate_ablation,without_multiyear,N0155,True,True,True
emerging,gate_ablation,without_multiyear,N0186,True,True,False
emerging,gate_ablation,without_multiyear,N0193,True,True,False
emerging,gate_ablation,without_multiyear,N0197,True,True,False
emerging,gate_ablation,without_multiyear,N0254,True,True,False
emerging,gate_ablation,without_multiyear,N0265,True,True,False
emerging,gate_ablation,without_multiyear,N0269,True,True,False
emerging,gate_ablation,without_multiyear,N0293,True,True,False
emerging,gate_ablation,without_multiyear,N0303,True,True,False
emerging,gate_ablation,without_multiyear,N0313,True,True,False
emerging,gate_ablation,without_multiyear,N0332,True,True,False
emerging,gate_ablation,without_multiyear,N0337,True,True,False
emerging,gate_ablation,without_multiyear,N0339,True,True,False
emerging,gate_ablation,without_multiyear,N0343,True,True,False
emerging,gate_ablation,without_multiyear,N0358,True,True,False
emerging,gate_ablation,without_multiyear,N0369,True,True,False
emerging,gate_ablation,without_multiyear,N0381,True,True,False
emerging,gate_ablation,without_multiyear,N0395,True,True,False
emerging,gate_ablation,without_multiyear,N0396,True,True,False
emerging,gate_ablation,without_multiyear,N0408,True,True,False
emerging,gate_ablation,without_multiyear,N0432,True,True,False
emerging,gate_ablation,without_multiyear,N0443,True,True,False
emerging,gate_ablation,without_multiyear,N0446,True,True,False
emerging,gate_ablation,without_multiyear,N0473,True,True,False
emerging,gate_ablation,without_multiyear,N0474,True,True,False
emerging,gate_ablation,without_recent_growth,N0016,True,True,True
emerging,gate_ablation,without_recent_growth,N0087,True,True,False
emerging,gate_ablation,without_recent_growth,N0127,True,True,False
emerging,gate_ablation,without_recent_growth,N0138,True,True,False
emerging,gate_ablation,without_recent_growth,N0155,True,True,True
emerging,gate_ablation,without_recent_growth,N0166,True,False,False
emerging,gate_ablation,without_recent_growth,N0186,True,True,False
emerging,gate_ablation,without_recent_growth,N0193,True,True,False
emerging,gate_ablation,without_recent_growth,N0197,True,True,False
emerging,gate_ablation,without_recent_growth,N0254,True,True,False
emerging,gate_ablation,without_recent_growth,N0265,True,True,False
emerging,gate_ablation,without_recent_growth,N0269,True,True,False
emerging,gate_ablation,without_recent_growth,N0293,True,True,False
emerging,gate_ablation,without_recent_growth,N0303,True,True,False
emerging,gate_ablation,without_recent_growth,N0313,True,True,False
emerging,gate_ablation,without_recent_growth,N0332,True,True,False
emerging,gate_ablation,without_recent_growth,N0337,True,True,False
emerging,gate_ablation,without_recent_growth,N0339,True,True,False
emerging,gate_ablation,without_recent_growth,N0343,True,True,False
emerging,gate_ablation,without_recent_growth,N0358,True,True,False
emerging,gate_ablation,without_recent_growth,N0369,True,True,False
emerging,gate_ablation,without_recent_growth,N0381,True,True,False
emerging,gate_ablation,without_recent_growth,N0395,True,True,False
emerging,gate_ablation,without_recent_growth,N0396,True,True,False
emerging,gate_ablation,without_recent_growth,N0408,True,True,False
emerging,gate_ablation,without_recent_growth,N0432,True,True,False
emerging,gate_ablation,without_recent_growth,N0443,True,True,False
emerging,gate_ablation,without_recent_growth,N0446,True,True,False
emerging,gate_ablation,without_recent_growth,N0473,True,True,False
emerging,gate_ablation,without_recent_growth,N0474,True,True,False
emerging,gate_ablation,without_quarters,N0016,True,True,True
emerging,gate_ablation,without_quarters,N0087,True,True,False
emerging,gate_ablation,without_quarters,N0127,True,True,False
emerging,gate_ablation,without_quarters,N0138,True,True,False
emerging,gate_ablation,without_quarters,N0155,True,True,True
emerging,gate_ablation,without_quarters,N0186,True,True,False
emerging,gate_ablation,without_quarters,N0193,True,True,False
emerging,gate_ablation,without_quarters,N0197,True,True,False
emerging,gate_ablation,without_quarters,N0254,True,True,False
emerging,gate_ablation,without_quarters,N0265,True,True,False
emerging,gate_ablation,without_quarters,N0269,True,True,False
emerging,gate_ablation,without_quarters,N0293,True,True,False
emerging,gate_ablation,without_quarters,N0303,True,True,False
emerging,gate_ablation,without_quarters,N0313,True,True,False
emerging,gate_ablation,without_quarters,N0332,True,True,False
emerging,gate_ablation,without_quarters,N0337,True,True,False
emerging,gate_ablation,without_quarters,N0339,True,True,False
emerging,gate_ablation,without_quarters,N0343,True,True,False
emerging,gate_ablation,without_quarters,N0358,True,True,False
emerging,gate_ablation,without_quarters,N0369,True,True,False
emerging,gate_ablation,without_quarters,N0381,True,True,False
emerging,gate_ablation,without_quarters,N0395,True,True,False
emerging,gate_ablation,without_quarters,N0396,True,True,False
emerging,gate_ablation,without_quarters,N0408,True,True,False
emerging,gate_ablation,without_quarters,N0432,True,True,False
emerging,gate_ablation,without_quarters,N0443,True,True,False
emerging,gate_ablation,without_quarters,N0446,True,True,False
emerging,gate_ablation,without_quarters,N0473,True,True,False
emerging,gate_ablation,without_quarters,N0474,True,True,False
emerging,gate_ablation,without_trend,N0016,True,True,True
emerging,gate_ablation,without_trend,N0087,True,True,False
emerging,gate_ablation,without_trend,N0127,True,True,False
emerging,gate_ablation,without_trend,N0138,True,True,False
emerging,gate_ablation,without_trend,N0155,True,True,True
emerging,gate_ablation,without_trend,N0186,True,True,False
emerging,gate_ablation,without_trend,N0193,True,True,False
emerging,gate_ablation,without_trend,N0197,True,True,False
emerging,gate_ablation,without_trend,N0254,True,True,False
emerging,gate_ablation,without_trend,N0265,True,True,False
emerging,gate_ablation,without_trend,N0269,True,True,False
emerging,gate_ablation,without_trend,N0293,True,True,False
emerging,gate_ablation,without_trend,N0303,True,True,False
emerging,gate_ablation,without_trend,N0313,True,True,False
emerging,gate_ablation,without_trend,N0332,True,True,False
emerging,gate_ablation,without_trend,N0337,True,True,False
emerging,gate_ablation,without_trend,N0339,True,True,False
emerging,gate_ablation,without_trend,N0343,True,True,False
emerging,gate_ablation,without_trend,N0358,True,True,False
emerging,gate_ablation,without_trend,N0369,True,True,False
emerging,gate_ablation,without_trend,N0381,True,True,False
emerging,gate_ablation,without_trend,N0395,True,True,False
emerging,gate_ablation,without_trend,N0396,True,True,False
emerging,gate_ablation,without_trend,N0408,True,True,False
emerging,gate_ablation,without_trend,N0432,True,True,False
emerging,gate_ablation,without_trend,N0443,True,True,False
emerging,gate_ablation,without_trend,N0446,True,True,False
emerging,gate_ablation,without_trend,N0473,True,True,False
emerging,gate_ablation,without_trend,N0474,True,True,False
emerging,gate_ablation,without_peak,N0016,True,True,True
emerging,gate_ablation,without_peak,N0087,True,True,False
emerging,gate_ablation,without_peak,N0127,True,True,False
emerging,gate_ablation,without_peak,N0138,True,True,False
emerging,gate_ablation,without_peak,N0155,True,True,True
emerging,gate_ablation,without_peak,N0160,True,False,False
emerging,gate_ablation,without_peak,N0186,True,True,False
emerging,gate_ablation,without_peak,N0193,True,True,False
emerging,gate_ablation,without_peak,N0197,True,True,False
emerging,gate_ablation,without_peak,N0254,True,True,False
emerging,gate_ablation,without_peak,N0265,True,True,False
emerging,gate_ablation,without_peak,N0269,True,True,False
emerging,gate_ablation,without_peak,N0293,True,True,False
emerging,gate_ablation,without_peak,N0303,True,True,False
emerging,gate_ablation,without_peak,N0313,True,True,False
emerging,gate_ablation,without_peak,N0332,True,True,False
emerging,gate_ablation,without_peak,N0337,True,True,False
emerging,gate_ablation,without_peak,N0339,True,True,False
emerging,gate_ablation,without_peak,N0343,True,True,False
emerging,gate_ablation,without_peak,N0358,True,True,False
emerging,gate_ablation,without_peak,N0369,True,True,False
emerging,gate_ablation,without_peak,N0381,True,True,False
emerging,gate_ablation,without_peak,N0395,True,True,False
emerging,gate_ablation,without_peak,N0396,True,True,False
emerging,gate_ablation,without_peak,N0408,True,True,False
emerging,gate_ablation,without_peak,N0432,True,True,False
emerging,gate_ablation,without_peak,N0443,True,True,False
emerging,gate_ablation,without_peak,N0446,True,True,False
emerging,gate_ablation,without_peak,N0473,True,True,False
emerging,gate_ablation,without_peak,N0474,True,True,False
emerging,gate_ablation,without_lower95,N0016,True,True,True
emerging,gate_ablation,without_lower95,N0087,True,True,False
emerging,gate_ablation,without_lower95,N0127,True,True,False
emerging,gate_ablation,without_lower95,N0138,True,True,False
emerging,gate_ablation,without_lower95,N0155,True,True,True
emerging,gate_ablation,without_lower95,N0186,True,True,False
emerging,gate_ablation,without_lower95,N0193,True,True,False
emerging,gate_ablation,without_lower95,N0197,True,True,False
emerging,gate_ablation,without_lower95,N0254,True,True,False
emerging,gate_ablation,without_lower95,N0265,True,True,False
emerging,gate_ablation,without_lower95,N0269,True,True,False
emerging,gate_ablation,without_lower95,N0293,True,True,False
emerging,gate_ablation,without_lower95,N0303,True,True,False
emerging,gate_ablation,without_lower95,N0313,True,True,False
emerging,gate_ablation,without_lower95,N0332,True,True,False
emerging,gate_ablation,without_lower95,N0337,True,True,False
emerging,gate_ablation,without_lower95,N0339,True,True,False
emerging,gate_ablation,without_lower95,N0343,True,True,False
emerging,gate_ablation,without_lower95,N0358,True,True,False
emerging,gate_ablation,without_lower95,N0369,True,True,False
emerging,gate_ablation,without_lower95,N0381,True,True,False
emerging,gate_ablation,without_lower95,N0395,True,True,False
emerging,gate_ablation,without_lower95,N0396,True,True,False
emerging,gate_ablation,without_lower95,N0408,True,True,False
emerging,gate_ablation,without_lower95,N0432,True,True,False
emerging,gate_ablation,without_lower95,N0443,True,True,False
emerging,gate_ablation,without_lower95,N0446,True,True,False
emerging,gate_ablation,without_lower95,N0473,True,True,False
emerging,gate_ablation,without_lower95,N0474,True,True,False
emerging,gate_ablation,without_qvalue,N0016,True,True,True
emerging,gate_ablation,without_qvalue,N0087,True,True,False
emerging,gate_ablation,without_qvalue,N0127,True,True,False
emerging,gate_ablation,without_qvalue,N0133,True,False,False
emerging,gate_ablation,without_qvalue,N0138,True,True,False
emerging,gate_ablation,without_qvalue,N0155,True,True,True
emerging,gate_ablation,without_qvalue,N0186,True,True,False
emerging,gate_ablation,without_qvalue,N0193,True,True,False
emerging,gate_ablation,without_qvalue,N0195,True,False,False
emerging,gate_ablation,without_qvalue,N0197,True,True,False
emerging,gate_ablation,without_qvalue,N0254,True,True,False
emerging,gate_ablation,without_qvalue,N0265,True,True,False
emerging,gate_ablation,without_qvalue,N0269,True,True,False
emerging,gate_ablation,without_qvalue,N0274,True,False,False
emerging,gate_ablation,without_qvalue,N0293,True,True,False
emerging,gate_ablation,without_qvalue,N0303,True,True,False
emerging,gate_ablation,without_qvalue,N0313,True,True,False
emerging,gate_ablation,without_qvalue,N0332,True,True,False
emerging,gate_ablation,without_qvalue,N0337,True,True,False
emerging,gate_ablation,without_qvalue,N0339,True,True,False
emerging,gate_ablation,without_qvalue,N0343,True,True,False
emerging,gate_ablation,without_qvalue,N0358,True,True,False
emerging,gate_ablation,without_qvalue,N0369,True,True,False
emerging,gate_ablation,without_qvalue,N0381,True,True,False
emerging,gate_ablation,without_qvalue,N0395,True,True,False
emerging,gate_ablation,without_qvalue,N0396,True,True,False
emerging,gate_ablation,without_qvalue,N0408,True,True,False
emerging,gate_ablation,without_qvalue,N0409,True,False,False
emerging,gate_ablation,without_qvalue,N0432,True,True,False
emerging,gate_ablation,without_qvalue,N0443,True,True,False
emerging,gate_ablation,without_qvalue,N0446,True,True,False
emerging,gate_ablation,without_qvalue,N0470,True,False,False
emerging,gate_ablation,without_qvalue,N0473,True,True,False
emerging,gate_ablation,without_qvalue,N0474,True,True,False
emerging,semantic_review_ablation,numeric_only_no_scope_review,N0016,True,True,True
emerging,semantic_review_ablation,numeric_only_no_scope_review,N0087,True,True,False
emerging,semantic_review_ablation,numeric_only_no_scope_review,N0127,True,True,False
emerging,semantic_review_ablation,numeric_only_no_scope_review,N0138,True,True,False
emerging,semantic_review_ablation,numeric_only_no_scope_review,N0155,True,True,True
emerging,semantic_review_ablation,numeric_only_no_scope_review,N0186,True,True,False
emerging,semantic_review_ablation,numeric_only_no_scope_review,N0193,True,True,False
emerging,semantic_review_ablation,numeric_only_no_scope_review,N0197,True,True,False
emerging,semantic_review_ablation,numeric_only_no_scope_review,N0254,True,True,False
emerging,semantic_review_ablation,numeric_only_no_scope_review,N0265,True,True,False
emerging,semantic_review_ablation,numeric_only_no_scope_review,N0269,True,True,False
emerging,semantic_review_ablation,numeric_only_no_scope_review,N0293,True,True,False
emerging,semantic_review_ablation,numeric_only_no_scope_review,N0303,True,True,False
emerging,semantic_review_ablation,numeric_only_no_scope_review,N0313,True,True,False
emerging,semantic_review_ablation,numeric_only_no_scope_review,N0332,True,True,False
emerging,semantic_review_ablation,numeric_only_no_scope_review,N0337,True,True,False
emerging,semantic_review_ablation,numeric_only_no_scope_review,N0339,True,True,False
emerging,semantic_review_ablation,numeric_only_no_scope_review,N0343,True,True,False
emerging,semantic_review_ablation,numeric_only_no_scope_review,N0358,True,True,False
emerging,semantic_review_ablation,numeric_only_no_scope_review,N0369,True,True,False
emerging,semantic_review_ablation,numeric_only_no_scope_review,N0381,True,True,False
emerging,semantic_review_ablation,numeric_only_no_scope_review,N0395,True,True,False
emerging,semantic_review_ablation,numeric_only_no_scope_review,N0396,True,True,False
emerging,semantic_review_ablation,numeric_only_no_scope_review,N0408,True,True,False
emerging,semantic_review_ablation,numeric_only_no_scope_review,N0432,True,True,False
emerging,semantic_review_ablation,numeric_only_no_scope_review,N0443,True,True,False
emerging,semantic_review_ablation,numeric_only_no_scope_review,N0446,True,True,False
emerging,semantic_review_ablation,numeric_only_no_scope_review,N0473,True,True,False
emerging,semantic_review_ablation,numeric_only_no_scope_review,N0474,True,True,False
emerging,data_robustness,require_all_data_filters_or_direction,N0016,False,True,True
emerging,data_robustness,require_all_data_filters_or_direction,N0087,True,True,False
emerging,data_robustness,require_all_data_filters_or_direction,N0127,False,True,False
emerging,data_robustness,require_all_data_filters_or_direction,N0138,True,True,False
emerging,data_robustness,require_all_data_filters_or_direction,N0155,False,True,True
emerging,data_robustness,require_all_data_filters_or_direction,N0186,False,True,False
emerging,data_robustness,require_all_data_filters_or_direction,N0193,True,True,False
emerging,data_robustness,require_all_data_filters_or_direction,N0197,False,True,False
emerging,data_robustness,require_all_data_filters_or_direction,N0254,True,True,False
emerging,data_robustness,require_all_data_filters_or_direction,N0265,False,True,False
emerging,data_robustness,require_all_data_filters_or_direction,N0269,False,True,False
emerging,data_robustness,require_all_data_filters_or_direction,N0293,False,True,False
emerging,data_robustness,require_all_data_filters_or_direction,N0303,False,True,False
emerging,data_robustness,require_all_data_filters_or_direction,N0313,False,True,False
emerging,data_robustness,require_all_data_filters_or_direction,N0332,True,True,False
emerging,data_robustness,require_all_data_filters_or_direction,N0337,False,True,False
emerging,data_robustness,require_all_data_filters_or_direction,N0339,True,True,False
emerging,data_robustness,require_all_data_filters_or_direction,N0343,True,True,False
emerging,data_robustness,require_all_data_filters_or_direction,N0358,False,True,False
emerging,data_robustness,require_all_data_filters_or_direction,N0369,False,True,False
emerging,data_robustness,require_all_data_filters_or_direction,N0381,False,True,False
emerging,data_robustness,require_all_data_filters_or_direction,N0395,False,True,False
emerging,data_robustness,require_all_data_filters_or_direction,N0396,False,True,False
emerging,data_robustness,require_all_data_filters_or_direction,N0408,False,True,False
emerging,data_robustness,require_all_data_filters_or_direction,N0432,False,True,False
emerging,data_robustness,require_all_data_filters_or_direction,N0443,False,True,False
emerging,data_robustness,require_all_data_filters_or_direction,N0446,False,True,False
emerging,data_robustness,require_all_data_filters_or_direction,N0473,False,True,False
emerging,data_robustness,require_all_data_filters_or_direction,N0474,False,True,False
potential,score_component_ablation,without_patents,N0061,True,True,True
potential,score_component_ablation,without_patents,N0189,True,True,True
potential,score_component_ablation,without_patents,N0191,True,True,True
potential,score_component_ablation,without_patents,N0412,True,True,False
potential,score_component_ablation,without_patents,N0456,True,True,False
potential,score_component_ablation,without_policies,N0061,True,True,True
potential,score_component_ablation,without_policies,N0189,True,True,True
potential,score_component_ablation,without_policies,N0191,True,True,True
potential,score_component_ablation,without_policies,N0412,True,True,False
potential,score_component_ablation,without_policies,N0456,True,True,False
potential,score_component_ablation,without_relative_share,N0061,True,True,True
potential,score_component_ablation,without_relative_share,N0189,True,True,True
potential,score_component_ablation,without_relative_share,N0191,True,True,True
potential,score_component_ablation,without_relative_share,N0412,True,True,False
potential,score_component_ablation,without_relative_share,N0456,True,True,False
potential,score_component_ablation,without_papers,N0061,True,True,True
potential,score_component_ablation,without_papers,N0189,True,True,True
potential,score_component_ablation,without_papers,N0191,True,True,True
potential,score_component_ablation,without_papers,N0412,True,True,False
potential,score_component_ablation,without_papers,N0456,True,True,False
potential,gate_ablation,without_papers,N0061,True,True,True
potential,gate_ablation,without_papers,N0189,True,True,True
potential,gate_ablation,without_papers,N0191,True,True,True
potential,gate_ablation,without_papers,N0342,True,False,False
potential,gate_ablation,without_papers,N0412,True,True,False
potential,gate_ablation,without_papers,N0456,True,True,False
potential,gate_ablation,without_patents,N0061,True,True,True
potential,gate_ablation,without_patents,N0189,True,True,True
potential,gate_ablation,without_patents,N0191,True,True,True
potential,gate_ablation,without_patents,N0412,True,True,False
potential,gate_ablation,without_patents,N0456,True,True,False
potential,gate_ablation,without_policies,N0001,True,False,False
potential,gate_ablation,without_policies,N0008,True,False,False
potential,gate_ablation,without_policies,N0010,True,False,False
potential,gate_ablation,without_policies,N0022,True,False,False
potential,gate_ablation,without_policies,N0027,True,False,False
potential,gate_ablation,without_policies,N0028,True,False,False
potential,gate_ablation,without_policies,N0029,True,False,False
potential,gate_ablation,without_policies,N0030,True,False,False
potential,gate_ablation,without_policies,N0034,True,False,False
potential,gate_ablation,without_policies,N0044,True,False,False
potential,gate_ablation,without_policies,N0047,True,False,False
potential,gate_ablation,without_policies,N0054,True,False,False
potential,gate_ablation,without_policies,N0057,True,False,False
potential,gate_ablation,without_policies,N0061,True,True,True
potential,gate_ablation,without_policies,N0074,True,False,False
potential,gate_ablation,without_policies,N0076,True,False,False
potential,gate_ablation,without_policies,N0105,True,False,False
potential,gate_ablation,without_policies,N0116,True,False,False
potential,gate_ablation,without_policies,N0131,True,False,False
potential,gate_ablation,without_policies,N0155,True,False,False
potential,gate_ablation,without_policies,N0157,True,False,False
potential,gate_ablation,without_policies,N0181,True,False,False
potential,gate_ablation,without_policies,N0189,True,True,True
potential,gate_ablation,without_policies,N0191,True,True,True
potential,gate_ablation,without_policies,N0196,True,False,False
potential,gate_ablation,without_policies,N0208,True,False,False
potential,gate_ablation,without_policies,N0213,True,False,False
potential,gate_ablation,without_policies,N0222,True,False,False
potential,gate_ablation,without_policies,N0223,True,False,False
potential,gate_ablation,without_policies,N0227,True,False,False
potential,gate_ablation,without_policies,N0236,True,False,False
potential,gate_ablation,without_policies,N0248,True,False,False
potential,gate_ablation,without_policies,N0250,True,False,False
potential,gate_ablation,without_policies,N0277,True,False,False
potential,gate_ablation,without_policies,N0290,True,False,False
potential,gate_ablation,without_policies,N0304,True,False,False
potential,gate_ablation,without_policies,N0316,True,False,False
potential,gate_ablation,without_policies,N0323,True,False,False
potential,gate_ablation,without_policies,N0334,True,False,False
potential,gate_ablation,without_policies,N0335,True,False,False
potential,gate_ablation,without_policies,N0349,True,False,False
potential,gate_ablation,without_policies,N0356,True,False,False
potential,gate_ablation,without_policies,N0360,True,False,False
potential,gate_ablation,without_policies,N0363,True,False,False
potential,gate_ablation,without_policies,N0377,True,False,False
potential,gate_ablation,without_policies,N0380,True,False,False
potential,gate_ablation,without_policies,N0394,True,False,False
potential,gate_ablation,without_policies,N0407,True,False,False
potential,gate_ablation,without_policies,N0412,True,True,False
potential,gate_ablation,without_policies,N0414,True,False,False
potential,gate_ablation,without_policies,N0434,True,False,False
potential,gate_ablation,without_policies,N0436,True,False,False
potential,gate_ablation,without_policies,N0440,True,False,False
potential,gate_ablation,without_policies,N0442,True,False,False
potential,gate_ablation,without_policies,N0456,True,True,False
potential,gate_ablation,without_policies,N0460,True,False,False
potential,gate_ablation,without_policies,N0461,True,False,False
potential,gate_ablation,without_policies,N0473,True,False,False
potential,gate_ablation,without_policies,N0480,True,False,False
potential,gate_ablation,without_policies,N0494,True,False,False
potential,gate_ablation,without_relative,N0061,True,True,True
potential,gate_ablation,without_relative,N0189,True,True,True
potential,gate_ablation,without_relative,N0191,True,True,True
potential,gate_ablation,without_relative,N0412,True,True,False
potential,gate_ablation,without_relative,N0456,True,True,False
potential,gate_ablation,without_may_relative,N0061,True,True,True
potential,gate_ablation,without_may_relative,N0189,True,True,True
potential,gate_ablation,without_may_relative,N0191,True,True,True
potential,gate_ablation,without_may_relative,N0412,True,True,False
potential,gate_ablation,without_may_relative,N0456,True,True,False
potential,gate_ablation,without_may_patents,N0061,True,True,True
potential,gate_ablation,without_may_patents,N0189,True,True,True
potential,gate_ablation,without_may_patents,N0191,True,True,True
potential,gate_ablation,without_may_patents,N0412,True,True,False
potential,gate_ablation,without_may_patents,N0456,True,True,False
potential,semantic_review_ablation,numeric_only_no_scope_review,N0061,True,True,True
potential,semantic_review_ablation,numeric_only_no_scope_review,N0189,True,True,True
potential,semantic_review_ablation,numeric_only_no_scope_review,N0191,True,True,True
potential,semantic_review_ablation,numeric_only_no_scope_review,N0412,True,True,False
potential,semantic_review_ablation,numeric_only_no_scope_review,N0456,True,True,False
core,threshold_joint,count_thresholds_x0.8,N0007,True,True,False
core,threshold_joint,count_thresholds_x0.8,N0013,True,True,True
core,threshold_joint,count_thresholds_x0.8,N0016,True,False,False
core,threshold_joint,count_thresholds_x0.8,N0017,True,True,False
core,threshold_joint,count_thresholds_x0.8,N0019,True,True,True
core,threshold_joint,count_thresholds_x0.8,N0021,True,True,False
core,threshold_joint,count_thresholds_x0.8,N0025,True,True,False
core,threshold_joint,count_thresholds_x0.8,N0028,True,False,False
core,threshold_joint,count_thresholds_x0.8,N0031,True,True,True
core,threshold_joint,count_thresholds_x0.8,N0032,True,True,True
core,threshold_joint,count_thresholds_x0.8,N0033,True,True,False
core,threshold_joint,count_thresholds_x0.8,N0034,True,True,False
core,threshold_joint,count_thresholds_x0.8,N0037,True,False,False
core,threshold_joint,count_thresholds_x0.8,N0038,True,True,False
core,threshold_joint,count_thresholds_x0.8,N0041,True,True,False
core,threshold_joint,count_thresholds_x0.8,N0063,True,True,False
core,threshold_joint,count_thresholds_x0.8,N0070,True,True,False
core,threshold_joint,count_thresholds_x0.8,N0077,True,True,True
core,threshold_joint,count_thresholds_x0.8,N0078,True,False,False
core,threshold_joint,count_thresholds_x0.8,N0102,True,False,False
core,threshold_joint,count_thresholds_x0.8,N0126,True,True,False
core,threshold_joint,count_thresholds_x0.8,N0147,True,False,False
core,threshold_joint,count_thresholds_x0.8,N0166,True,False,False
core,threshold_joint,count_thresholds_x0.8,N0172,True,True,True
core,threshold_joint,count_thresholds_x0.8,N0191,True,False,False
core,threshold_joint,count_thresholds_x0.8,N0193,True,True,False
core,threshold_joint,count_thresholds_x0.8,N0195,True,False,False
core,threshold_joint,count_thresholds_x0.8,N0243,True,False,False
core,threshold_joint,count_thresholds_x0.8,N0269,True,True,False
core,threshold_joint,count_thresholds_x0.8,N0315,True,True,False
core,threshold_joint,count_thresholds_x0.8,N0320,True,False,False
core,threshold_joint,count_thresholds_x0.8,N0474,True,True,False
core,threshold_joint,count_thresholds_x1.2,N0007,True,True,False
core,threshold_joint,count_thresholds_x1.2,N0013,False,True,True
core,threshold_joint,count_thresholds_x1.2,N0017,True,True,False
core,threshold_joint,count_thresholds_x1.2,N0019,False,True,True
core,threshold_joint,count_thresholds_x1.2,N0021,True,True,False
core,threshold_joint,count_thresholds_x1.2,N0025,False,True,False
core,threshold_joint,count_thresholds_x1.2,N0031,False,True,True
core,threshold_joint,count_thresholds_x1.2,N0032,False,True,True
core,threshold_joint,count_thresholds_x1.2,N0033,False,True,False
core,threshold_joint,count_thresholds_x1.2,N0034,True,True,False
core,threshold_joint,count_thresholds_x1.2,N0038,True,True,False
core,threshold_joint,count_thresholds_x1.2,N0041,True,True,False
core,threshold_joint,count_thresholds_x1.2,N0063,True,True,False
core,threshold_joint,count_thresholds_x1.2,N0070,True,True,False
core,threshold_joint,count_thresholds_x1.2,N0077,False,True,True
core,threshold_joint,count_thresholds_x1.2,N0126,False,True,False
core,threshold_joint,count_thresholds_x1.2,N0172,False,True,True
core,threshold_joint,count_thresholds_x1.2,N0193,False,True,False
core,threshold_joint,count_thresholds_x1.2,N0269,True,True,False
core,threshold_joint,count_thresholds_x1.2,N0315,False,True,False
core,threshold_joint,count_thresholds_x1.2,N0474,False,True,False
core,threshold_legacy,original_750_count_rules_on_sample,N0007,False,True,False
core,threshold_legacy,original_750_count_rules_on_sample,N0013,False,True,True
core,threshold_legacy,original_750_count_rules_on_sample,N0017,False,True,False
core,threshold_legacy,original_750_count_rules_on_sample,N0019,False,True,True
core,threshold_legacy,original_750_count_rules_on_sample,N0021,False,True,False
core,threshold_legacy,original_750_count_rules_on_sample,N0025,False,True,False
core,threshold_legacy,original_750_count_rules_on_sample,N0031,False,True,True
core,threshold_legacy,original_750_count_rules_on_sample,N0032,False,True,True
core,threshold_legacy,original_750_count_rules_on_sample,N0033,False,True,False
core,threshold_legacy,original_750_count_rules_on_sample,N0034,False,True,False
core,threshold_legacy,original_750_count_rules_on_sample,N0038,False,True,False
core,threshold_legacy,original_750_count_rules_on_sample,N0041,False,True,False
core,threshold_legacy,original_750_count_rules_on_sample,N0063,False,True,False
core,threshold_legacy,original_750_count_rules_on_sample,N0070,False,True,False
core,threshold_legacy,original_750_count_rules_on_sample,N0077,False,True,True
core,threshold_legacy,original_750_count_rules_on_sample,N0126,False,True,False
core,threshold_legacy,original_750_count_rules_on_sample,N0172,False,True,True
core,threshold_legacy,original_750_count_rules_on_sample,N0193,False,True,False
core,threshold_legacy,original_750_count_rules_on_sample,N0269,False,True,False
core,threshold_legacy,original_750_count_rules_on_sample,N0315,False,True,False
core,threshold_legacy,original_750_count_rules_on_sample,N0474,False,True,False
emerging,threshold_joint,count_thresholds_x0.8,N0016,True,True,True
emerging,threshold_joint,count_thresholds_x0.8,N0087,True,True,False
emerging,threshold_joint,count_thresholds_x0.8,N0127,True,True,False
emerging,threshold_joint,count_thresholds_x0.8,N0138,True,True,False
emerging,threshold_joint,count_thresholds_x0.8,N0155,True,True,True
emerging,threshold_joint,count_thresholds_x0.8,N0186,True,True,False
emerging,threshold_joint,count_thresholds_x0.8,N0193,True,True,False
emerging,threshold_joint,count_thresholds_x0.8,N0197,True,True,False
emerging,threshold_joint,count_thresholds_x0.8,N0254,True,True,False
emerging,threshold_joint,count_thresholds_x0.8,N0265,True,True,False
emerging,threshold_joint,count_thresholds_x0.8,N0269,True,True,False
emerging,threshold_joint,count_thresholds_x0.8,N0293,True,True,False
emerging,threshold_joint,count_thresholds_x0.8,N0303,True,True,False
emerging,threshold_joint,count_thresholds_x0.8,N0313,True,True,False
emerging,threshold_joint,count_thresholds_x0.8,N0332,True,True,False
emerging,threshold_joint,count_thresholds_x0.8,N0337,True,True,False
emerging,threshold_joint,count_thresholds_x0.8,N0339,True,True,False
emerging,threshold_joint,count_thresholds_x0.8,N0343,True,True,False
emerging,threshold_joint,count_thresholds_x0.8,N0358,True,True,False
emerging,threshold_joint,count_thresholds_x0.8,N0369,True,True,False
emerging,threshold_joint,count_thresholds_x0.8,N0381,True,True,False
emerging,threshold_joint,count_thresholds_x0.8,N0395,True,True,False
emerging,threshold_joint,count_thresholds_x0.8,N0396,True,True,False
emerging,threshold_joint,count_thresholds_x0.8,N0408,True,True,False
emerging,threshold_joint,count_thresholds_x0.8,N0432,True,True,False
emerging,threshold_joint,count_thresholds_x0.8,N0443,True,True,False
emerging,threshold_joint,count_thresholds_x0.8,N0446,True,True,False
emerging,threshold_joint,count_thresholds_x0.8,N0458,True,False,False
emerging,threshold_joint,count_thresholds_x0.8,N0473,True,True,False
emerging,threshold_joint,count_thresholds_x0.8,N0474,True,True,False
emerging,threshold_joint,count_thresholds_x1.2,N0016,True,True,True
emerging,threshold_joint,count_thresholds_x1.2,N0087,True,True,False
emerging,threshold_joint,count_thresholds_x1.2,N0127,True,True,False
emerging,threshold_joint,count_thresholds_x1.2,N0138,True,True,False
emerging,threshold_joint,count_thresholds_x1.2,N0155,True,True,True
emerging,threshold_joint,count_thresholds_x1.2,N0186,True,True,False
emerging,threshold_joint,count_thresholds_x1.2,N0193,True,True,False
emerging,threshold_joint,count_thresholds_x1.2,N0197,True,True,False
emerging,threshold_joint,count_thresholds_x1.2,N0254,True,True,False
emerging,threshold_joint,count_thresholds_x1.2,N0265,True,True,False
emerging,threshold_joint,count_thresholds_x1.2,N0269,True,True,False
emerging,threshold_joint,count_thresholds_x1.2,N0293,False,True,False
emerging,threshold_joint,count_thresholds_x1.2,N0303,True,True,False
emerging,threshold_joint,count_thresholds_x1.2,N0313,False,True,False
emerging,threshold_joint,count_thresholds_x1.2,N0332,True,True,False
emerging,threshold_joint,count_thresholds_x1.2,N0337,True,True,False
emerging,threshold_joint,count_thresholds_x1.2,N0339,True,True,False
emerging,threshold_joint,count_thresholds_x1.2,N0343,True,True,False
emerging,threshold_joint,count_thresholds_x1.2,N0358,True,True,False
emerging,threshold_joint,count_thresholds_x1.2,N0369,True,True,False
emerging,threshold_joint,count_thresholds_x1.2,N0381,True,True,False
emerging,threshold_joint,count_thresholds_x1.2,N0395,True,True,False
emerging,threshold_joint,count_thresholds_x1.2,N0396,True,True,False
emerging,threshold_joint,count_thresholds_x1.2,N0408,False,True,False
emerging,threshold_joint,count_thresholds_x1.2,N0432,True,True,False
emerging,threshold_joint,count_thresholds_x1.2,N0443,True,True,False
emerging,threshold_joint,count_thresholds_x1.2,N0446,True,True,False
emerging,threshold_joint,count_thresholds_x1.2,N0473,True,True,False
emerging,threshold_joint,count_thresholds_x1.2,N0474,True,True,False
emerging,threshold_legacy,original_750_count_rules_on_sample,N0016,False,True,True
emerging,threshold_legacy,original_750_count_rules_on_sample,N0087,False,True,False
emerging,threshold_legacy,original_750_count_rules_on_sample,N0127,False,True,False
emerging,threshold_legacy,original_750_count_rules_on_sample,N0138,False,True,False
emerging,threshold_legacy,original_750_count_rules_on_sample,N0155,False,True,True
emerging,threshold_legacy,original_750_count_rules_on_sample,N0186,False,True,False
emerging,threshold_legacy,original_750_count_rules_on_sample,N0193,False,True,False
emerging,threshold_legacy,original_750_count_rules_on_sample,N0197,False,True,False
emerging,threshold_legacy,original_750_count_rules_on_sample,N0254,False,True,False
emerging,threshold_legacy,original_750_count_rules_on_sample,N0265,False,True,False
emerging,threshold_legacy,original_750_count_rules_on_sample,N0269,False,True,False
emerging,threshold_legacy,original_750_count_rules_on_sample,N0293,False,True,False
emerging,threshold_legacy,original_750_count_rules_on_sample,N0303,False,True,False
emerging,threshold_legacy,original_750_count_rules_on_sample,N0313,False,True,False
emerging,threshold_legacy,original_750_count_rules_on_sample,N0332,False,True,False
emerging,threshold_legacy,original_750_count_rules_on_sample,N0337,False,True,False
emerging,threshold_legacy,original_750_count_rules_on_sample,N0339,False,True,False
emerging,threshold_legacy,original_750_count_rules_on_sample,N0343,False,True,False
emerging,threshold_legacy,original_750_count_rules_on_sample,N0358,False,True,False
emerging,threshold_legacy,original_750_count_rules_on_sample,N0369,False,True,False
emerging,threshold_legacy,original_750_count_rules_on_sample,N0381,False,True,False
emerging,threshold_legacy,original_750_count_rules_on_sample,N0395,False,True,False
emerging,threshold_legacy,original_750_count_rules_on_sample,N0396,False,True,False
emerging,threshold_legacy,original_750_count_rules_on_sample,N0408,False,True,False
emerging,threshold_legacy,original_750_count_rules_on_sample,N0432,False,True,False
emerging,threshold_legacy,original_750_count_rules_on_sample,N0443,False,True,False
emerging,threshold_legacy,original_750_count_rules_on_sample,N0446,False,True,False
emerging,threshold_legacy,original_750_count_rules_on_sample,N0473,False,True,False
emerging,threshold_legacy,original_750_count_rules_on_sample,N0474,False,True,False
core,threshold_one_at_time,annual_volume=48,N0007,True,True,False
core,threshold_one_at_time,annual_volume=48,N0013,True,True,True
core,threshold_one_at_time,annual_volume=48,N0016,True,False,False
core,threshold_one_at_time,annual_volume=48,N0017,True,True,False
core,threshold_one_at_time,annual_volume=48,N0019,True,True,True
core,threshold_one_at_time,annual_volume=48,N0021,True,True,False
core,threshold_one_at_time,annual_volume=48,N0025,True,True,False
core,threshold_one_at_time,annual_volume=48,N0028,True,False,False
core,threshold_one_at_time,annual_volume=48,N0031,True,True,True
core,threshold_one_at_time,annual_volume=48,N0032,True,True,True
core,threshold_one_at_time,annual_volume=48,N0033,True,True,False
core,threshold_one_at_time,annual_volume=48,N0034,True,True,False
core,threshold_one_at_time,annual_volume=48,N0037,True,False,False
core,threshold_one_at_time,annual_volume=48,N0038,True,True,False
core,threshold_one_at_time,annual_volume=48,N0041,True,True,False
core,threshold_one_at_time,annual_volume=48,N0063,True,True,False
core,threshold_one_at_time,annual_volume=48,N0070,True,True,False
core,threshold_one_at_time,annual_volume=48,N0077,True,True,True
core,threshold_one_at_time,annual_volume=48,N0102,True,False,False
core,threshold_one_at_time,annual_volume=48,N0126,True,True,False
core,threshold_one_at_time,annual_volume=48,N0147,True,False,False
core,threshold_one_at_time,annual_volume=48,N0166,True,False,False
core,threshold_one_at_time,annual_volume=48,N0172,True,True,True
core,threshold_one_at_time,annual_volume=48,N0191,True,False,False
core,threshold_one_at_time,annual_volume=48,N0193,True,True,False
core,threshold_one_at_time,annual_volume=48,N0195,True,False,False
core,threshold_one_at_time,annual_volume=48,N0243,True,False,False
core,threshold_one_at_time,annual_volume=48,N0269,True,True,False
core,threshold_one_at_time,annual_volume=48,N0315,True,True,False
core,threshold_one_at_time,annual_volume=48,N0320,True,False,False
core,threshold_one_at_time,annual_volume=48,N0474,True,True,False
core,threshold_one_at_time,annual_volume=72,N0007,True,True,False
core,threshold_one_at_time,annual_volume=72,N0013,False,True,True
core,threshold_one_at_time,annual_volume=72,N0017,True,True,False
core,threshold_one_at_time,annual_volume=72,N0019,False,True,True
core,threshold_one_at_time,annual_volume=72,N0021,True,True,False
core,threshold_one_at_time,annual_volume=72,N0025,False,True,False
core,threshold_one_at_time,annual_volume=72,N0031,False,True,True
core,threshold_one_at_time,annual_volume=72,N0032,False,True,True
core,threshold_one_at_time,annual_volume=72,N0033,False,True,False
core,threshold_one_at_time,annual_volume=72,N0034,True,True,False
core,threshold_one_at_time,annual_volume=72,N0038,True,True,False
core,threshold_one_at_time,annual_volume=72,N0041,True,True,False
core,threshold_one_at_time,annual_volume=72,N0063,True,True,False
core,threshold_one_at_time,annual_volume=72,N0070,True,True,False
core,threshold_one_at_time,annual_volume=72,N0077,False,True,True
core,threshold_one_at_time,annual_volume=72,N0126,False,True,False
core,threshold_one_at_time,annual_volume=72,N0172,False,True,True
core,threshold_one_at_time,annual_volume=72,N0193,True,True,False
core,threshold_one_at_time,annual_volume=72,N0269,True,True,False
core,threshold_one_at_time,annual_volume=72,N0315,False,True,False
core,threshold_one_at_time,annual_volume=72,N0474,False,True,False
core,threshold_one_at_time,current_volume=40,N0007,True,True,False
core,threshold_one_at_time,current_volume=40,N0013,True,True,True
core,threshold_one_at_time,current_volume=40,N0017,True,True,False
core,threshold_one_at_time,current_volume=40,N0019,True,True,True
core,threshold_one_at_time,current_volume=40,N0021,True,True,False
core,threshold_one_at_time,current_volume=40,N0025,True,True,False
core,threshold_one_at_time,current_volume=40,N0031,True,True,True
core,threshold_one_at_time,current_volume=40,N0032,True,True,True
core,threshold_one_at_time,current_volume=40,N0033,True,True,False
core,threshold_one_at_time,current_volume=40,N0034,True,True,False
core,threshold_one_at_time,current_volume=40,N0038,True,True,False
core,threshold_one_at_time,current_volume=40,N0041,True,True,False
core,threshold_one_at_time,current_volume=40,N0063,True,True,False
core,threshold_one_at_time,current_volume=40,N0070,True,True,False
core,threshold_one_at_time,current_volume=40,N0077,True,True,True
core,threshold_one_at_time,current_volume=40,N0126,True,True,False
core,threshold_one_at_time,current_volume=40,N0172,True,True,True
core,threshold_one_at_time,current_volume=40,N0193,True,True,False
core,threshold_one_at_time,current_volume=40,N0269,True,True,False
core,threshold_one_at_time,current_volume=40,N0315,True,True,False
core,threshold_one_at_time,current_volume=40,N0474,True,True,False
core,threshold_one_at_time,current_volume=60,N0007,True,True,False
core,threshold_one_at_time,current_volume=60,N0013,True,True,True
core,threshold_one_at_time,current_volume=60,N0017,True,True,False
core,threshold_one_at_time,current_volume=60,N0019,True,True,True
core,threshold_one_at_time,current_volume=60,N0021,True,True,False
core,threshold_one_at_time,current_volume=60,N0025,True,True,False
core,threshold_one_at_time,current_volume=60,N0031,True,True,True
core,threshold_one_at_time,current_volume=60,N0032,True,True,True
core,threshold_one_at_time,current_volume=60,N0033,True,True,False
core,threshold_one_at_time,current_volume=60,N0034,True,True,False
core,threshold_one_at_time,current_volume=60,N0038,True,True,False
core,threshold_one_at_time,current_volume=60,N0041,True,True,False
core,threshold_one_at_time,current_volume=60,N0063,True,True,False
core,threshold_one_at_time,current_volume=60,N0070,True,True,False
core,threshold_one_at_time,current_volume=60,N0077,True,True,True
core,threshold_one_at_time,current_volume=60,N0126,True,True,False
core,threshold_one_at_time,current_volume=60,N0172,True,True,True
core,threshold_one_at_time,current_volume=60,N0193,True,True,False
core,threshold_one_at_time,current_volume=60,N0269,True,True,False
core,threshold_one_at_time,current_volume=60,N0315,True,True,False
core,threshold_one_at_time,current_volume=60,N0474,True,True,False
core,threshold_one_at_time,current_share=0.7,N0003,True,False,False
core,threshold_one_at_time,current_share=0.7,N0007,True,True,False
core,threshold_one_at_time,current_share=0.7,N0013,True,True,True
core,threshold_one_at_time,current_share=0.7,N0017,True,True,False
core,threshold_one_at_time,current_share=0.7,N0019,True,True,True
core,threshold_one_at_time,current_share=0.7,N0021,True,True,False
core,threshold_one_at_time,current_share=0.7,N0025,True,True,False
core,threshold_one_at_time,current_share=0.7,N0031,True,True,True
core,threshold_one_at_time,current_share=0.7,N0032,True,True,True
core,threshold_one_at_time,current_share=0.7,N0033,True,True,False
core,threshold_one_at_time,current_share=0.7,N0034,True,True,False
core,threshold_one_at_time,current_share=0.7,N0038,True,True,False
core,threshold_one_at_time,current_share=0.7,N0041,True,True,False
core,threshold_one_at_time,current_share=0.7,N0063,True,True,False
core,threshold_one_at_time,current_share=0.7,N0070,True,True,False
core,threshold_one_at_time,current_share=0.7,N0077,True,True,True
core,threshold_one_at_time,current_share=0.7,N0126,True,True,False
core,threshold_one_at_time,current_share=0.7,N0172,True,True,True
core,threshold_one_at_time,current_share=0.7,N0193,True,True,False
core,threshold_one_at_time,current_share=0.7,N0269,True,True,False
core,threshold_one_at_time,current_share=0.7,N0315,True,True,False
core,threshold_one_at_time,current_share=0.7,N0474,True,True,False
core,threshold_one_at_time,current_share=0.9,N0007,True,True,False
core,threshold_one_at_time,current_share=0.9,N0013,True,True,True
core,threshold_one_at_time,current_share=0.9,N0017,True,True,False
core,threshold_one_at_time,current_share=0.9,N0019,True,True,True
core,threshold_one_at_time,current_share=0.9,N0021,True,True,False
core,threshold_one_at_time,current_share=0.9,N0025,False,True,False
core,threshold_one_at_time,current_share=0.9,N0031,True,True,True
core,threshold_one_at_time,current_share=0.9,N0032,True,True,True
core,threshold_one_at_time,current_share=0.9,N0033,False,True,False
core,threshold_one_at_time,current_share=0.9,N0034,True,True,False
core,threshold_one_at_time,current_share=0.9,N0038,True,True,False
core,threshold_one_at_time,current_share=0.9,N0041,True,True,False
core,threshold_one_at_time,current_share=0.9,N0063,True,True,False
core,threshold_one_at_time,current_share=0.9,N0070,True,True,False
core,threshold_one_at_time,current_share=0.9,N0077,True,True,True
core,threshold_one_at_time,current_share=0.9,N0126,False,True,False
core,threshold_one_at_time,current_share=0.9,N0172,True,True,True
core,threshold_one_at_time,current_share=0.9,N0193,True,True,False
core,threshold_one_at_time,current_share=0.9,N0269,True,True,False
core,threshold_one_at_time,current_share=0.9,N0315,True,True,False
core,threshold_one_at_time,current_share=0.9,N0474,True,True,False
core,threshold_one_at_time,quarter_fraction=0.5,N0007,True,True,False
core,threshold_one_at_time,quarter_fraction=0.5,N0013,True,True,True
core,threshold_one_at_time,quarter_fraction=0.5,N0017,True,True,False
core,threshold_one_at_time,quarter_fraction=0.5,N0019,True,True,True
core,threshold_one_at_time,quarter_fraction=0.5,N0021,True,True,False
core,threshold_one_at_time,quarter_fraction=0.5,N0025,True,True,False
core,threshold_one_at_time,quarter_fraction=0.5,N0031,True,True,True
core,threshold_one_at_time,quarter_fraction=0.5,N0032,True,True,True
core,threshold_one_at_time,quarter_fraction=0.5,N0033,True,True,False
core,threshold_one_at_time,quarter_fraction=0.5,N0034,True,True,False
core,threshold_one_at_time,quarter_fraction=0.5,N0038,True,True,False
core,threshold_one_at_time,quarter_fraction=0.5,N0041,True,True,False
core,threshold_one_at_time,quarter_fraction=0.5,N0063,True,True,False
core,threshold_one_at_time,quarter_fraction=0.5,N0070,True,True,False
core,threshold_one_at_time,quarter_fraction=0.5,N0077,True,True,True
core,threshold_one_at_time,quarter_fraction=0.5,N0126,True,True,False
core,threshold_one_at_time,quarter_fraction=0.5,N0172,True,True,True
core,threshold_one_at_time,quarter_fraction=0.5,N0193,True,True,False
core,threshold_one_at_time,quarter_fraction=0.5,N0269,True,True,False
core,threshold_one_at_time,quarter_fraction=0.5,N0315,True,True,False
core,threshold_one_at_time,quarter_fraction=0.5,N0474,True,True,False
core,threshold_one_at_time,quarter_fraction=1.0,N0007,True,True,False
core,threshold_one_at_time,quarter_fraction=1.0,N0013,True,True,True
core,threshold_one_at_time,quarter_fraction=1.0,N0017,True,True,False
core,threshold_one_at_time,quarter_fraction=1.0,N0019,True,True,True
core,threshold_one_at_time,quarter_fraction=1.0,N0021,True,True,False
core,threshold_one_at_time,quarter_fraction=1.0,N0025,True,True,False
core,threshold_one_at_time,quarter_fraction=1.0,N0031,True,True,True
core,threshold_one_at_time,quarter_fraction=1.0,N0032,True,True,True
core,threshold_one_at_time,quarter_fraction=1.0,N0033,True,True,False
core,threshold_one_at_time,quarter_fraction=1.0,N0034,True,True,False
core,threshold_one_at_time,quarter_fraction=1.0,N0038,False,True,False
core,threshold_one_at_time,quarter_fraction=1.0,N0041,True,True,False
core,threshold_one_at_time,quarter_fraction=1.0,N0063,True,True,False
core,threshold_one_at_time,quarter_fraction=1.0,N0070,True,True,False
core,threshold_one_at_time,quarter_fraction=1.0,N0077,True,True,True
core,threshold_one_at_time,quarter_fraction=1.0,N0126,True,True,False
core,threshold_one_at_time,quarter_fraction=1.0,N0172,True,True,True
core,threshold_one_at_time,quarter_fraction=1.0,N0193,True,True,False
core,threshold_one_at_time,quarter_fraction=1.0,N0269,True,True,False
core,threshold_one_at_time,quarter_fraction=1.0,N0315,True,True,False
core,threshold_one_at_time,quarter_fraction=1.0,N0474,True,True,False
emerging,threshold_one_at_time,volume=20,N0016,True,True,True
emerging,threshold_one_at_time,volume=20,N0087,True,True,False
emerging,threshold_one_at_time,volume=20,N0127,True,True,False
emerging,threshold_one_at_time,volume=20,N0138,True,True,False
emerging,threshold_one_at_time,volume=20,N0155,True,True,True
emerging,threshold_one_at_time,volume=20,N0186,True,True,False
emerging,threshold_one_at_time,volume=20,N0193,True,True,False
emerging,threshold_one_at_time,volume=20,N0197,True,True,False
emerging,threshold_one_at_time,volume=20,N0254,True,True,False
emerging,threshold_one_at_time,volume=20,N0265,True,True,False
emerging,threshold_one_at_time,volume=20,N0269,True,True,False
emerging,threshold_one_at_time,volume=20,N0293,True,True,False
emerging,threshold_one_at_time,volume=20,N0303,True,True,False
emerging,threshold_one_at_time,volume=20,N0313,True,True,False
emerging,threshold_one_at_time,volume=20,N0332,True,True,False
emerging,threshold_one_at_time,volume=20,N0337,True,True,False
emerging,threshold_one_at_time,volume=20,N0339,True,True,False
emerging,threshold_one_at_time,volume=20,N0343,True,True,False
emerging,threshold_one_at_time,volume=20,N0358,True,True,False
emerging,threshold_one_at_time,volume=20,N0369,True,True,False
emerging,threshold_one_at_time,volume=20,N0381,True,True,False
emerging,threshold_one_at_time,volume=20,N0395,True,True,False
emerging,threshold_one_at_time,volume=20,N0396,True,True,False
emerging,threshold_one_at_time,volume=20,N0408,True,True,False
emerging,threshold_one_at_time,volume=20,N0432,True,True,False
emerging,threshold_one_at_time,volume=20,N0443,True,True,False
emerging,threshold_one_at_time,volume=20,N0446,True,True,False
emerging,threshold_one_at_time,volume=20,N0473,True,True,False
emerging,threshold_one_at_time,volume=20,N0474,True,True,False
emerging,threshold_one_at_time,volume=30,N0016,True,True,True
emerging,threshold_one_at_time,volume=30,N0087,True,True,False
emerging,threshold_one_at_time,volume=30,N0127,True,True,False
emerging,threshold_one_at_time,volume=30,N0138,True,True,False
emerging,threshold_one_at_time,volume=30,N0155,True,True,True
emerging,threshold_one_at_time,volume=30,N0186,True,True,False
emerging,threshold_one_at_time,volume=30,N0193,True,True,False
emerging,threshold_one_at_time,volume=30,N0197,True,True,False
emerging,threshold_one_at_time,volume=30,N0254,True,True,False
emerging,threshold_one_at_time,volume=30,N0265,True,True,False
emerging,threshold_one_at_time,volume=30,N0269,True,True,False
emerging,threshold_one_at_time,volume=30,N0293,False,True,False
emerging,threshold_one_at_time,volume=30,N0303,True,True,False
emerging,threshold_one_at_time,volume=30,N0313,False,True,False
emerging,threshold_one_at_time,volume=30,N0332,True,True,False
emerging,threshold_one_at_time,volume=30,N0337,True,True,False
emerging,threshold_one_at_time,volume=30,N0339,True,True,False
emerging,threshold_one_at_time,volume=30,N0343,True,True,False
emerging,threshold_one_at_time,volume=30,N0358,True,True,False
emerging,threshold_one_at_time,volume=30,N0369,True,True,False
emerging,threshold_one_at_time,volume=30,N0381,True,True,False
emerging,threshold_one_at_time,volume=30,N0395,True,True,False
emerging,threshold_one_at_time,volume=30,N0396,True,True,False
emerging,threshold_one_at_time,volume=30,N0408,False,True,False
emerging,threshold_one_at_time,volume=30,N0432,True,True,False
emerging,threshold_one_at_time,volume=30,N0443,True,True,False
emerging,threshold_one_at_time,volume=30,N0446,True,True,False
emerging,threshold_one_at_time,volume=30,N0473,True,True,False
emerging,threshold_one_at_time,volume=30,N0474,True,True,False
emerging,threshold_one_at_time,baseline=6,N0016,True,True,True
emerging,threshold_one_at_time,baseline=6,N0087,True,True,False
emerging,threshold_one_at_time,baseline=6,N0127,True,True,False
emerging,threshold_one_at_time,baseline=6,N0138,True,True,False
emerging,threshold_one_at_time,baseline=6,N0155,True,True,True
emerging,threshold_one_at_time,baseline=6,N0186,True,True,False
emerging,threshold_one_at_time,baseline=6,N0193,True,True,False
emerging,threshold_one_at_time,baseline=6,N0197,True,True,False
emerging,threshold_one_at_time,baseline=6,N0254,True,True,False
emerging,threshold_one_at_time,baseline=6,N0265,True,True,False
emerging,threshold_one_at_time,baseline=6,N0269,True,True,False
emerging,threshold_one_at_time,baseline=6,N0293,True,True,False
emerging,threshold_one_at_time,baseline=6,N0303,True,True,False
emerging,threshold_one_at_time,baseline=6,N0313,True,True,False
emerging,threshold_one_at_time,baseline=6,N0332,True,True,False
emerging,threshold_one_at_time,baseline=6,N0337,True,True,False
emerging,threshold_one_at_time,baseline=6,N0339,True,True,False
emerging,threshold_one_at_time,baseline=6,N0343,True,True,False
emerging,threshold_one_at_time,baseline=6,N0358,True,True,False
emerging,threshold_one_at_time,baseline=6,N0369,True,True,False
emerging,threshold_one_at_time,baseline=6,N0381,True,True,False
emerging,threshold_one_at_time,baseline=6,N0395,True,True,False
emerging,threshold_one_at_time,baseline=6,N0396,True,True,False
emerging,threshold_one_at_time,baseline=6,N0408,True,True,False
emerging,threshold_one_at_time,baseline=6,N0432,True,True,False
emerging,threshold_one_at_time,baseline=6,N0443,True,True,False
emerging,threshold_one_at_time,baseline=6,N0446,True,True,False
emerging,threshold_one_at_time,baseline=6,N0473,True,True,False
emerging,threshold_one_at_time,baseline=6,N0474,True,True,False
emerging,threshold_one_at_time,baseline=10,N0016,True,True,True
emerging,threshold_one_at_time,baseline=10,N0087,True,True,False
emerging,threshold_one_at_time,baseline=10,N0127,True,True,False
emerging,threshold_one_at_time,baseline=10,N0138,True,True,False
emerging,threshold_one_at_time,baseline=10,N0155,True,True,True
emerging,threshold_one_at_time,baseline=10,N0186,True,True,False
emerging,threshold_one_at_time,baseline=10,N0193,True,True,False
emerging,threshold_one_at_time,baseline=10,N0197,True,True,False
emerging,threshold_one_at_time,baseline=10,N0254,True,True,False
emerging,threshold_one_at_time,baseline=10,N0265,True,True,False
emerging,threshold_one_at_time,baseline=10,N0269,True,True,False
emerging,threshold_one_at_time,baseline=10,N0293,False,True,False
emerging,threshold_one_at_time,baseline=10,N0303,True,True,False
emerging,threshold_one_at_time,baseline=10,N0313,True,True,False
emerging,threshold_one_at_time,baseline=10,N0332,True,True,False
emerging,threshold_one_at_time,baseline=10,N0337,True,True,False
emerging,threshold_one_at_time,baseline=10,N0339,True,True,False
emerging,threshold_one_at_time,baseline=10,N0343,True,True,False
emerging,threshold_one_at_time,baseline=10,N0358,True,True,False
emerging,threshold_one_at_time,baseline=10,N0369,True,True,False
emerging,threshold_one_at_time,baseline=10,N0381,True,True,False
emerging,threshold_one_at_time,baseline=10,N0395,True,True,False
emerging,threshold_one_at_time,baseline=10,N0396,True,True,False
emerging,threshold_one_at_time,baseline=10,N0408,False,True,False
emerging,threshold_one_at_time,baseline=10,N0432,True,True,False
emerging,threshold_one_at_time,baseline=10,N0443,True,True,False
emerging,threshold_one_at_time,baseline=10,N0446,True,True,False
emerging,threshold_one_at_time,baseline=10,N0473,True,True,False
emerging,threshold_one_at_time,baseline=10,N0474,True,True,False
emerging,threshold_one_at_time,multiyear=1.15,N0016,True,True,True
emerging,threshold_one_at_time,multiyear=1.15,N0087,True,True,False
emerging,threshold_one_at_time,multiyear=1.15,N0127,True,True,False
emerging,threshold_one_at_time,multiyear=1.15,N0138,True,True,False
emerging,threshold_one_at_time,multiyear=1.15,N0155,True,True,True
emerging,threshold_one_at_time,multiyear=1.15,N0186,True,True,False
emerging,threshold_one_at_time,multiyear=1.15,N0193,True,True,False
emerging,threshold_one_at_time,multiyear=1.15,N0197,True,True,False
emerging,threshold_one_at_time,multiyear=1.15,N0254,True,True,False
emerging,threshold_one_at_time,multiyear=1.15,N0265,True,True,False
emerging,threshold_one_at_time,multiyear=1.15,N0269,True,True,False
emerging,threshold_one_at_time,multiyear=1.15,N0293,True,True,False
emerging,threshold_one_at_time,multiyear=1.15,N0303,True,True,False
emerging,threshold_one_at_time,multiyear=1.15,N0313,True,True,False
emerging,threshold_one_at_time,multiyear=1.15,N0332,True,True,False
emerging,threshold_one_at_time,multiyear=1.15,N0337,True,True,False
emerging,threshold_one_at_time,multiyear=1.15,N0339,True,True,False
emerging,threshold_one_at_time,multiyear=1.15,N0343,True,True,False
emerging,threshold_one_at_time,multiyear=1.15,N0358,True,True,False
emerging,threshold_one_at_time,multiyear=1.15,N0369,True,True,False
emerging,threshold_one_at_time,multiyear=1.15,N0381,True,True,False
emerging,threshold_one_at_time,multiyear=1.15,N0395,True,True,False
emerging,threshold_one_at_time,multiyear=1.15,N0396,True,True,False
emerging,threshold_one_at_time,multiyear=1.15,N0408,True,True,False
emerging,threshold_one_at_time,multiyear=1.15,N0432,True,True,False
emerging,threshold_one_at_time,multiyear=1.15,N0443,True,True,False
emerging,threshold_one_at_time,multiyear=1.15,N0446,True,True,False
emerging,threshold_one_at_time,multiyear=1.15,N0473,True,True,False
emerging,threshold_one_at_time,multiyear=1.15,N0474,True,True,False
emerging,threshold_one_at_time,multiyear=1.35,N0016,True,True,True
emerging,threshold_one_at_time,multiyear=1.35,N0087,True,True,False
emerging,threshold_one_at_time,multiyear=1.35,N0127,True,True,False
emerging,threshold_one_at_time,multiyear=1.35,N0138,True,True,False
emerging,threshold_one_at_time,multiyear=1.35,N0155,True,True,True
emerging,threshold_one_at_time,multiyear=1.35,N0186,True,True,False
emerging,threshold_one_at_time,multiyear=1.35,N0193,True,True,False
emerging,threshold_one_at_time,multiyear=1.35,N0197,True,True,False
emerging,threshold_one_at_time,multiyear=1.35,N0254,True,True,False
emerging,threshold_one_at_time,multiyear=1.35,N0265,True,True,False
emerging,threshold_one_at_time,multiyear=1.35,N0269,True,True,False
emerging,threshold_one_at_time,multiyear=1.35,N0293,True,True,False
emerging,threshold_one_at_time,multiyear=1.35,N0303,True,True,False
emerging,threshold_one_at_time,multiyear=1.35,N0313,True,True,False
emerging,threshold_one_at_time,multiyear=1.35,N0332,True,True,False
emerging,threshold_one_at_time,multiyear=1.35,N0337,True,True,False
emerging,threshold_one_at_time,multiyear=1.35,N0339,True,True,False
emerging,threshold_one_at_time,multiyear=1.35,N0343,True,True,False
emerging,threshold_one_at_time,multiyear=1.35,N0358,True,True,False
emerging,threshold_one_at_time,multiyear=1.35,N0369,True,True,False
emerging,threshold_one_at_time,multiyear=1.35,N0381,True,True,False
emerging,threshold_one_at_time,multiyear=1.35,N0395,True,True,False
emerging,threshold_one_at_time,multiyear=1.35,N0396,True,True,False
emerging,threshold_one_at_time,multiyear=1.35,N0408,True,True,False
emerging,threshold_one_at_time,multiyear=1.35,N0432,True,True,False
emerging,threshold_one_at_time,multiyear=1.35,N0443,True,True,False
emerging,threshold_one_at_time,multiyear=1.35,N0446,True,True,False
emerging,threshold_one_at_time,multiyear=1.35,N0473,True,True,False
emerging,threshold_one_at_time,multiyear=1.35,N0474,True,True,False
emerging,threshold_one_at_time,recent_growth=1.05,N0016,True,True,True
emerging,threshold_one_at_time,recent_growth=1.05,N0087,True,True,False
emerging,threshold_one_at_time,recent_growth=1.05,N0127,True,True,False
emerging,threshold_one_at_time,recent_growth=1.05,N0138,True,True,False
emerging,threshold_one_at_time,recent_growth=1.05,N0155,True,True,True
emerging,threshold_one_at_time,recent_growth=1.05,N0166,True,False,False
emerging,threshold_one_at_time,recent_growth=1.05,N0186,True,True,False
emerging,threshold_one_at_time,recent_growth=1.05,N0193,True,True,False
emerging,threshold_one_at_time,recent_growth=1.05,N0197,True,True,False
emerging,threshold_one_at_time,recent_growth=1.05,N0254,True,True,False
emerging,threshold_one_at_time,recent_growth=1.05,N0265,True,True,False
emerging,threshold_one_at_time,recent_growth=1.05,N0269,True,True,False
emerging,threshold_one_at_time,recent_growth=1.05,N0293,True,True,False
emerging,threshold_one_at_time,recent_growth=1.05,N0303,True,True,False
emerging,threshold_one_at_time,recent_growth=1.05,N0313,True,True,False
emerging,threshold_one_at_time,recent_growth=1.05,N0332,True,True,False
emerging,threshold_one_at_time,recent_growth=1.05,N0337,True,True,False
emerging,threshold_one_at_time,recent_growth=1.05,N0339,True,True,False
emerging,threshold_one_at_time,recent_growth=1.05,N0343,True,True,False
emerging,threshold_one_at_time,recent_growth=1.05,N0358,True,True,False
emerging,threshold_one_at_time,recent_growth=1.05,N0369,True,True,False
emerging,threshold_one_at_time,recent_growth=1.05,N0381,True,True,False
emerging,threshold_one_at_time,recent_growth=1.05,N0395,True,True,False
emerging,threshold_one_at_time,recent_growth=1.05,N0396,True,True,False
emerging,threshold_one_at_time,recent_growth=1.05,N0408,True,True,False
emerging,threshold_one_at_time,recent_growth=1.05,N0432,True,True,False
emerging,threshold_one_at_time,recent_growth=1.05,N0443,True,True,False
emerging,threshold_one_at_time,recent_growth=1.05,N0446,True,True,False
emerging,threshold_one_at_time,recent_growth=1.05,N0473,True,True,False
emerging,threshold_one_at_time,recent_growth=1.05,N0474,True,True,False
emerging,threshold_one_at_time,recent_growth=1.25,N0016,True,True,True
emerging,threshold_one_at_time,recent_growth=1.25,N0087,True,True,False
emerging,threshold_one_at_time,recent_growth=1.25,N0127,True,True,False
emerging,threshold_one_at_time,recent_growth=1.25,N0138,True,True,False
emerging,threshold_one_at_time,recent_growth=1.25,N0155,True,True,True
emerging,threshold_one_at_time,recent_growth=1.25,N0186,True,True,False
emerging,threshold_one_at_time,recent_growth=1.25,N0193,True,True,False
emerging,threshold_one_at_time,recent_growth=1.25,N0197,True,True,False
emerging,threshold_one_at_time,recent_growth=1.25,N0254,True,True,False
emerging,threshold_one_at_time,recent_growth=1.25,N0265,True,True,False
emerging,threshold_one_at_time,recent_growth=1.25,N0269,True,True,False
emerging,threshold_one_at_time,recent_growth=1.25,N0293,True,True,False
emerging,threshold_one_at_time,recent_growth=1.25,N0303,True,True,False
emerging,threshold_one_at_time,recent_growth=1.25,N0313,True,True,False
emerging,threshold_one_at_time,recent_growth=1.25,N0332,True,True,False
emerging,threshold_one_at_time,recent_growth=1.25,N0337,True,True,False
emerging,threshold_one_at_time,recent_growth=1.25,N0339,True,True,False
emerging,threshold_one_at_time,recent_growth=1.25,N0343,True,True,False
emerging,threshold_one_at_time,recent_growth=1.25,N0358,True,True,False
emerging,threshold_one_at_time,recent_growth=1.25,N0369,True,True,False
emerging,threshold_one_at_time,recent_growth=1.25,N0381,True,True,False
emerging,threshold_one_at_time,recent_growth=1.25,N0395,True,True,False
emerging,threshold_one_at_time,recent_growth=1.25,N0396,True,True,False
emerging,threshold_one_at_time,recent_growth=1.25,N0408,True,True,False
emerging,threshold_one_at_time,recent_growth=1.25,N0432,True,True,False
emerging,threshold_one_at_time,recent_growth=1.25,N0443,True,True,False
emerging,threshold_one_at_time,recent_growth=1.25,N0446,True,True,False
emerging,threshold_one_at_time,recent_growth=1.25,N0473,True,True,False
emerging,threshold_one_at_time,recent_growth=1.25,N0474,True,True,False
emerging,threshold_one_at_time,quarters=2,N0016,True,True,True
emerging,threshold_one_at_time,quarters=2,N0087,True,True,False
emerging,threshold_one_at_time,quarters=2,N0127,True,True,False
emerging,threshold_one_at_time,quarters=2,N0138,True,True,False
emerging,threshold_one_at_time,quarters=2,N0155,True,True,True
emerging,threshold_one_at_time,quarters=2,N0186,True,True,False
emerging,threshold_one_at_time,quarters=2,N0193,True,True,False
emerging,threshold_one_at_time,quarters=2,N0197,True,True,False
emerging,threshold_one_at_time,quarters=2,N0254,True,True,False
emerging,threshold_one_at_time,quarters=2,N0265,True,True,False
emerging,threshold_one_at_time,quarters=2,N0269,True,True,False
emerging,threshold_one_at_time,quarters=2,N0293,True,True,False
emerging,threshold_one_at_time,quarters=2,N0303,True,True,False
emerging,threshold_one_at_time,quarters=2,N0313,True,True,False
emerging,threshold_one_at_time,quarters=2,N0332,True,True,False
emerging,threshold_one_at_time,quarters=2,N0337,True,True,False
emerging,threshold_one_at_time,quarters=2,N0339,True,True,False
emerging,threshold_one_at_time,quarters=2,N0343,True,True,False
emerging,threshold_one_at_time,quarters=2,N0358,True,True,False
emerging,threshold_one_at_time,quarters=2,N0369,True,True,False
emerging,threshold_one_at_time,quarters=2,N0381,True,True,False
emerging,threshold_one_at_time,quarters=2,N0395,True,True,False
emerging,threshold_one_at_time,quarters=2,N0396,True,True,False
emerging,threshold_one_at_time,quarters=2,N0408,True,True,False
emerging,threshold_one_at_time,quarters=2,N0432,True,True,False
emerging,threshold_one_at_time,quarters=2,N0443,True,True,False
emerging,threshold_one_at_time,quarters=2,N0446,True,True,False
emerging,threshold_one_at_time,quarters=2,N0473,True,True,False
emerging,threshold_one_at_time,quarters=2,N0474,True,True,False
emerging,threshold_one_at_time,quarters=4,N0016,True,True,True
emerging,threshold_one_at_time,quarters=4,N0087,True,True,False
emerging,threshold_one_at_time,quarters=4,N0127,True,True,False
emerging,threshold_one_at_time,quarters=4,N0138,True,True,False
emerging,threshold_one_at_time,quarters=4,N0155,True,True,True
emerging,threshold_one_at_time,quarters=4,N0186,False,True,False
emerging,threshold_one_at_time,quarters=4,N0193,True,True,False
emerging,threshold_one_at_time,quarters=4,N0197,True,True,False
emerging,threshold_one_at_time,quarters=4,N0254,True,True,False
emerging,threshold_one_at_time,quarters=4,N0265,True,True,False
emerging,threshold_one_at_time,quarters=4,N0269,False,True,False
emerging,threshold_one_at_time,quarters=4,N0293,True,True,False
emerging,threshold_one_at_time,quarters=4,N0303,False,True,False
emerging,threshold_one_at_time,quarters=4,N0313,True,True,False
emerging,threshold_one_at_time,quarters=4,N0332,True,True,False
emerging,threshold_one_at_time,quarters=4,N0337,True,True,False
emerging,threshold_one_at_time,quarters=4,N0339,True,True,False
emerging,threshold_one_at_time,quarters=4,N0343,True,True,False
emerging,threshold_one_at_time,quarters=4,N0358,True,True,False
emerging,threshold_one_at_time,quarters=4,N0369,True,True,False
emerging,threshold_one_at_time,quarters=4,N0381,True,True,False
emerging,threshold_one_at_time,quarters=4,N0395,True,True,False
emerging,threshold_one_at_time,quarters=4,N0396,True,True,False
emerging,threshold_one_at_time,quarters=4,N0408,True,True,False
emerging,threshold_one_at_time,quarters=4,N0432,True,True,False
emerging,threshold_one_at_time,quarters=4,N0443,False,True,False
emerging,threshold_one_at_time,quarters=4,N0446,False,True,False
emerging,threshold_one_at_time,quarters=4,N0473,False,True,False
emerging,threshold_one_at_time,quarters=4,N0474,True,True,False
emerging,threshold_one_at_time,peak=1.0,N0016,True,True,True
emerging,threshold_one_at_time,peak=1.0,N0087,True,True,False
emerging,threshold_one_at_time,peak=1.0,N0127,True,True,False
emerging,threshold_one_at_time,peak=1.0,N0138,True,True,False
emerging,threshold_one_at_time,peak=1.0,N0155,True,True,True
emerging,threshold_one_at_time,peak=1.0,N0160,True,False,False
emerging,threshold_one_at_time,peak=1.0,N0186,True,True,False
emerging,threshold_one_at_time,peak=1.0,N0193,True,True,False
emerging,threshold_one_at_time,peak=1.0,N0197,True,True,False
emerging,threshold_one_at_time,peak=1.0,N0254,True,True,False
emerging,threshold_one_at_time,peak=1.0,N0265,True,True,False
emerging,threshold_one_at_time,peak=1.0,N0269,True,True,False
emerging,threshold_one_at_time,peak=1.0,N0293,True,True,False
emerging,threshold_one_at_time,peak=1.0,N0303,True,True,False
emerging,threshold_one_at_time,peak=1.0,N0313,True,True,False
emerging,threshold_one_at_time,peak=1.0,N0332,True,True,False
emerging,threshold_one_at_time,peak=1.0,N0337,True,True,False
emerging,threshold_one_at_time,peak=1.0,N0339,True,True,False
emerging,threshold_one_at_time,peak=1.0,N0343,True,True,False
emerging,threshold_one_at_time,peak=1.0,N0358,True,True,False
emerging,threshold_one_at_time,peak=1.0,N0369,True,True,False
emerging,threshold_one_at_time,peak=1.0,N0381,True,True,False
emerging,threshold_one_at_time,peak=1.0,N0395,True,True,False
emerging,threshold_one_at_time,peak=1.0,N0396,True,True,False
emerging,threshold_one_at_time,peak=1.0,N0408,True,True,False
emerging,threshold_one_at_time,peak=1.0,N0432,True,True,False
emerging,threshold_one_at_time,peak=1.0,N0443,True,True,False
emerging,threshold_one_at_time,peak=1.0,N0446,True,True,False
emerging,threshold_one_at_time,peak=1.0,N0473,True,True,False
emerging,threshold_one_at_time,peak=1.0,N0474,True,True,False
emerging,threshold_one_at_time,peak=1.15,N0016,True,True,True
emerging,threshold_one_at_time,peak=1.15,N0087,True,True,False
emerging,threshold_one_at_time,peak=1.15,N0127,True,True,False
emerging,threshold_one_at_time,peak=1.15,N0138,True,True,False
emerging,threshold_one_at_time,peak=1.15,N0155,False,True,True
emerging,threshold_one_at_time,peak=1.15,N0186,True,True,False
emerging,threshold_one_at_time,peak=1.15,N0193,True,True,False
emerging,threshold_one_at_time,peak=1.15,N0197,True,True,False
emerging,threshold_one_at_time,peak=1.15,N0254,True,True,False
emerging,threshold_one_at_time,peak=1.15,N0265,True,True,False
emerging,threshold_one_at_time,peak=1.15,N0269,True,True,False
emerging,threshold_one_at_time,peak=1.15,N0293,True,True,False
emerging,threshold_one_at_time,peak=1.15,N0303,True,True,False
emerging,threshold_one_at_time,peak=1.15,N0313,True,True,False
emerging,threshold_one_at_time,peak=1.15,N0332,True,True,False
emerging,threshold_one_at_time,peak=1.15,N0337,True,True,False
emerging,threshold_one_at_time,peak=1.15,N0339,True,True,False
emerging,threshold_one_at_time,peak=1.15,N0343,True,True,False
emerging,threshold_one_at_time,peak=1.15,N0358,True,True,False
emerging,threshold_one_at_time,peak=1.15,N0369,True,True,False
emerging,threshold_one_at_time,peak=1.15,N0381,True,True,False
emerging,threshold_one_at_time,peak=1.15,N0395,True,True,False
emerging,threshold_one_at_time,peak=1.15,N0396,False,True,False
emerging,threshold_one_at_time,peak=1.15,N0408,True,True,False
emerging,threshold_one_at_time,peak=1.15,N0432,True,True,False
emerging,threshold_one_at_time,peak=1.15,N0443,True,True,False
emerging,threshold_one_at_time,peak=1.15,N0446,True,True,False
emerging,threshold_one_at_time,peak=1.15,N0473,True,True,False
emerging,threshold_one_at_time,peak=1.15,N0474,True,True,False
emerging,threshold_one_at_time,lower95=1.0,N0016,True,True,True
emerging,threshold_one_at_time,lower95=1.0,N0087,True,True,False
emerging,threshold_one_at_time,lower95=1.0,N0127,True,True,False
emerging,threshold_one_at_time,lower95=1.0,N0138,True,True,False
emerging,threshold_one_at_time,lower95=1.0,N0155,True,True,True
emerging,threshold_one_at_time,lower95=1.0,N0186,True,True,False
emerging,threshold_one_at_time,lower95=1.0,N0193,True,True,False
emerging,threshold_one_at_time,lower95=1.0,N0197,True,True,False
emerging,threshold_one_at_time,lower95=1.0,N0254,True,True,False
emerging,threshold_one_at_time,lower95=1.0,N0265,True,True,False
emerging,threshold_one_at_time,lower95=1.0,N0269,True,True,False
emerging,threshold_one_at_time,lower95=1.0,N0293,True,True,False
emerging,threshold_one_at_time,lower95=1.0,N0303,True,True,False
emerging,threshold_one_at_time,lower95=1.0,N0313,True,True,False
emerging,threshold_one_at_time,lower95=1.0,N0332,True,True,False
emerging,threshold_one_at_time,lower95=1.0,N0337,True,True,False
emerging,threshold_one_at_time,lower95=1.0,N0339,True,True,False
emerging,threshold_one_at_time,lower95=1.0,N0343,True,True,False
emerging,threshold_one_at_time,lower95=1.0,N0358,True,True,False
emerging,threshold_one_at_time,lower95=1.0,N0369,True,True,False
emerging,threshold_one_at_time,lower95=1.0,N0381,True,True,False
emerging,threshold_one_at_time,lower95=1.0,N0395,True,True,False
emerging,threshold_one_at_time,lower95=1.0,N0396,True,True,False
emerging,threshold_one_at_time,lower95=1.0,N0408,True,True,False
emerging,threshold_one_at_time,lower95=1.0,N0432,True,True,False
emerging,threshold_one_at_time,lower95=1.0,N0443,True,True,False
emerging,threshold_one_at_time,lower95=1.0,N0446,True,True,False
emerging,threshold_one_at_time,lower95=1.0,N0473,True,True,False
emerging,threshold_one_at_time,lower95=1.0,N0474,True,True,False
emerging,threshold_one_at_time,lower95=1.15,N0016,True,True,True
emerging,threshold_one_at_time,lower95=1.15,N0087,True,True,False
emerging,threshold_one_at_time,lower95=1.15,N0127,True,True,False
emerging,threshold_one_at_time,lower95=1.15,N0138,True,True,False
emerging,threshold_one_at_time,lower95=1.15,N0155,True,True,True
emerging,threshold_one_at_time,lower95=1.15,N0186,True,True,False
emerging,threshold_one_at_time,lower95=1.15,N0193,True,True,False
emerging,threshold_one_at_time,lower95=1.15,N0197,True,True,False
emerging,threshold_one_at_time,lower95=1.15,N0254,True,True,False
emerging,threshold_one_at_time,lower95=1.15,N0265,True,True,False
emerging,threshold_one_at_time,lower95=1.15,N0269,True,True,False
emerging,threshold_one_at_time,lower95=1.15,N0293,True,True,False
emerging,threshold_one_at_time,lower95=1.15,N0303,True,True,False
emerging,threshold_one_at_time,lower95=1.15,N0313,True,True,False
emerging,threshold_one_at_time,lower95=1.15,N0332,True,True,False
emerging,threshold_one_at_time,lower95=1.15,N0337,True,True,False
emerging,threshold_one_at_time,lower95=1.15,N0339,True,True,False
emerging,threshold_one_at_time,lower95=1.15,N0343,True,True,False
emerging,threshold_one_at_time,lower95=1.15,N0358,True,True,False
emerging,threshold_one_at_time,lower95=1.15,N0369,True,True,False
emerging,threshold_one_at_time,lower95=1.15,N0381,True,True,False
emerging,threshold_one_at_time,lower95=1.15,N0395,True,True,False
emerging,threshold_one_at_time,lower95=1.15,N0396,True,True,False
emerging,threshold_one_at_time,lower95=1.15,N0408,True,True,False
emerging,threshold_one_at_time,lower95=1.15,N0432,True,True,False
emerging,threshold_one_at_time,lower95=1.15,N0443,True,True,False
emerging,threshold_one_at_time,lower95=1.15,N0446,True,True,False
emerging,threshold_one_at_time,lower95=1.15,N0473,True,True,False
emerging,threshold_one_at_time,lower95=1.15,N0474,False,True,False
emerging,threshold_one_at_time,qvalue=0.01,N0016,False,True,True
emerging,threshold_one_at_time,qvalue=0.01,N0087,True,True,False
emerging,threshold_one_at_time,qvalue=0.01,N0127,True,True,False
emerging,threshold_one_at_time,qvalue=0.01,N0138,True,True,False
emerging,threshold_one_at_time,qvalue=0.01,N0155,False,True,True
emerging,threshold_one_at_time,qvalue=0.01,N0186,True,True,False
emerging,threshold_one_at_time,qvalue=0.01,N0193,True,True,False
emerging,threshold_one_at_time,qvalue=0.01,N0197,True,True,False
emerging,threshold_one_at_time,qvalue=0.01,N0254,True,True,False
emerging,threshold_one_at_time,qvalue=0.01,N0265,True,True,False
emerging,threshold_one_at_time,qvalue=0.01,N0269,True,True,False
emerging,threshold_one_at_time,qvalue=0.01,N0293,False,True,False
emerging,threshold_one_at_time,qvalue=0.01,N0303,False,True,False
emerging,threshold_one_at_time,qvalue=0.01,N0313,False,True,False
emerging,threshold_one_at_time,qvalue=0.01,N0332,True,True,False
emerging,threshold_one_at_time,qvalue=0.01,N0337,True,True,False
emerging,threshold_one_at_time,qvalue=0.01,N0339,True,True,False
emerging,threshold_one_at_time,qvalue=0.01,N0343,True,True,False
emerging,threshold_one_at_time,qvalue=0.01,N0358,True,True,False
emerging,threshold_one_at_time,qvalue=0.01,N0369,True,True,False
emerging,threshold_one_at_time,qvalue=0.01,N0381,False,True,False
emerging,threshold_one_at_time,qvalue=0.01,N0395,True,True,False
emerging,threshold_one_at_time,qvalue=0.01,N0396,False,True,False
emerging,threshold_one_at_time,qvalue=0.01,N0408,True,True,False
emerging,threshold_one_at_time,qvalue=0.01,N0432,False,True,False
emerging,threshold_one_at_time,qvalue=0.01,N0443,False,True,False
emerging,threshold_one_at_time,qvalue=0.01,N0446,False,True,False
emerging,threshold_one_at_time,qvalue=0.01,N0473,False,True,False
emerging,threshold_one_at_time,qvalue=0.01,N0474,False,True,False
emerging,threshold_one_at_time,qvalue=0.1,N0016,True,True,True
emerging,threshold_one_at_time,qvalue=0.1,N0087,True,True,False
emerging,threshold_one_at_time,qvalue=0.1,N0127,True,True,False
emerging,threshold_one_at_time,qvalue=0.1,N0133,True,False,False
emerging,threshold_one_at_time,qvalue=0.1,N0138,True,True,False
emerging,threshold_one_at_time,qvalue=0.1,N0155,True,True,True
emerging,threshold_one_at_time,qvalue=0.1,N0186,True,True,False
emerging,threshold_one_at_time,qvalue=0.1,N0193,True,True,False
emerging,threshold_one_at_time,qvalue=0.1,N0195,True,False,False
emerging,threshold_one_at_time,qvalue=0.1,N0197,True,True,False
emerging,threshold_one_at_time,qvalue=0.1,N0254,True,True,False
emerging,threshold_one_at_time,qvalue=0.1,N0265,True,True,False
emerging,threshold_one_at_time,qvalue=0.1,N0269,True,True,False
emerging,threshold_one_at_time,qvalue=0.1,N0274,True,False,False
emerging,threshold_one_at_time,qvalue=0.1,N0293,True,True,False
emerging,threshold_one_at_time,qvalue=0.1,N0303,True,True,False
emerging,threshold_one_at_time,qvalue=0.1,N0313,True,True,False
emerging,threshold_one_at_time,qvalue=0.1,N0332,True,True,False
emerging,threshold_one_at_time,qvalue=0.1,N0337,True,True,False
emerging,threshold_one_at_time,qvalue=0.1,N0339,True,True,False
emerging,threshold_one_at_time,qvalue=0.1,N0343,True,True,False
emerging,threshold_one_at_time,qvalue=0.1,N0358,True,True,False
emerging,threshold_one_at_time,qvalue=0.1,N0369,True,True,False
emerging,threshold_one_at_time,qvalue=0.1,N0381,True,True,False
emerging,threshold_one_at_time,qvalue=0.1,N0395,True,True,False
emerging,threshold_one_at_time,qvalue=0.1,N0396,True,True,False
emerging,threshold_one_at_time,qvalue=0.1,N0408,True,True,False
emerging,threshold_one_at_time,qvalue=0.1,N0409,True,False,False
emerging,threshold_one_at_time,qvalue=0.1,N0432,True,True,False
emerging,threshold_one_at_time,qvalue=0.1,N0443,True,True,False
emerging,threshold_one_at_time,qvalue=0.1,N0446,True,True,False
emerging,threshold_one_at_time,qvalue=0.1,N0470,True,False,False
emerging,threshold_one_at_time,qvalue=0.1,N0473,True,True,False
emerging,threshold_one_at_time,qvalue=0.1,N0474,True,True,False
core,window,core_1y,N0007,True,True,False
core,window,core_1y,N0013,True,True,True
core,window,core_1y,N0016,True,False,False
core,window,core_1y,N0017,True,True,False
core,window,core_1y,N0019,True,True,True
core,window,core_1y,N0021,True,True,False
core,window,core_1y,N0025,True,True,False
core,window,core_1y,N0031,True,True,True
core,window,core_1y,N0032,True,True,True
core,window,core_1y,N0033,True,True,False
core,window,core_1y,N0034,True,True,False
core,window,core_1y,N0037,True,False,False
core,window,core_1y,N0038,True,True,False
core,window,core_1y,N0041,True,True,False
core,window,core_1y,N0063,True,True,False
core,window,core_1y,N0070,True,True,False
core,window,core_1y,N0077,True,True,True
core,window,core_1y,N0126,True,True,False
core,window,core_1y,N0127,True,False,False
core,window,core_1y,N0138,True,False,False
core,window,core_1y,N0147,True,False,False
core,window,core_1y,N0160,True,False,False
core,window,core_1y,N0166,True,False,False
core,window,core_1y,N0172,True,True,True
core,window,core_1y,N0193,True,True,False
core,window,core_1y,N0195,True,False,False
core,window,core_1y,N0254,True,False,False
core,window,core_1y,N0269,True,True,False
core,window,core_1y,N0315,True,True,False
core,window,core_1y,N0332,True,False,False
core,window,core_1y,N0343,True,False,False
core,window,core_1y,N0474,True,True,False
core,window,core_5y,N0007,True,True,False
core,window,core_5y,N0013,True,True,True
core,window,core_5y,N0017,True,True,False
core,window,core_5y,N0019,True,True,True
core,window,core_5y,N0021,True,True,False
core,window,core_5y,N0025,False,True,False
core,window,core_5y,N0031,False,True,True
core,window,core_5y,N0032,False,True,True
core,window,core_5y,N0033,False,True,False
core,window,core_5y,N0034,True,True,False
core,window,core_5y,N0038,False,True,False
core,window,core_5y,N0041,True,True,False
core,window,core_5y,N0063,False,True,False
core,window,core_5y,N0070,True,True,False
core,window,core_5y,N0077,True,True,True
core,window,core_5y,N0126,False,True,False
core,window,core_5y,N0172,False,True,True
core,window,core_5y,N0193,True,True,False
core,window,core_5y,N0269,False,True,False
core,window,core_5y,N0315,False,True,False
core,window,core_5y,N0474,False,True,False
emerging,window,baseline_2y_omit_None,N0016,True,True,True
emerging,window,baseline_2y_omit_None,N0087,True,True,False
emerging,window,baseline_2y_omit_None,N0127,True,True,False
emerging,window,baseline_2y_omit_None,N0138,True,True,False
emerging,window,baseline_2y_omit_None,N0155,True,True,True
emerging,window,baseline_2y_omit_None,N0186,True,True,False
emerging,window,baseline_2y_omit_None,N0193,True,True,False
emerging,window,baseline_2y_omit_None,N0197,True,True,False
emerging,window,baseline_2y_omit_None,N0254,True,True,False
emerging,window,baseline_2y_omit_None,N0265,True,True,False
emerging,window,baseline_2y_omit_None,N0269,True,True,False
emerging,window,baseline_2y_omit_None,N0293,False,True,False
emerging,window,baseline_2y_omit_None,N0303,True,True,False
emerging,window,baseline_2y_omit_None,N0313,False,True,False
emerging,window,baseline_2y_omit_None,N0332,True,True,False
emerging,window,baseline_2y_omit_None,N0337,True,True,False
emerging,window,baseline_2y_omit_None,N0339,True,True,False
emerging,window,baseline_2y_omit_None,N0343,True,True,False
emerging,window,baseline_2y_omit_None,N0358,True,True,False
emerging,window,baseline_2y_omit_None,N0369,True,True,False
emerging,window,baseline_2y_omit_None,N0381,True,True,False
emerging,window,baseline_2y_omit_None,N0395,True,True,False
emerging,window,baseline_2y_omit_None,N0396,True,True,False
emerging,window,baseline_2y_omit_None,N0408,False,True,False
emerging,window,baseline_2y_omit_None,N0432,False,True,False
emerging,window,baseline_2y_omit_None,N0443,True,True,False
emerging,window,baseline_2y_omit_None,N0446,False,True,False
emerging,window,baseline_2y_omit_None,N0473,False,True,False
emerging,window,baseline_2y_omit_None,N0474,False,True,False
emerging,window,baseline_4y_omit_None,N0016,True,True,True
emerging,window,baseline_4y_omit_None,N0087,True,True,False
emerging,window,baseline_4y_omit_None,N0127,True,True,False
emerging,window,baseline_4y_omit_None,N0133,True,False,False
emerging,window,baseline_4y_omit_None,N0138,True,True,False
emerging,window,baseline_4y_omit_None,N0155,False,True,True
emerging,window,baseline_4y_omit_None,N0186,True,True,False
emerging,window,baseline_4y_omit_None,N0193,True,True,False
emerging,window,baseline_4y_omit_None,N0195,True,False,False
emerging,window,baseline_4y_omit_None,N0197,True,True,False
emerging,window,baseline_4y_omit_None,N0254,True,True,False
emerging,window,baseline_4y_omit_None,N0265,True,True,False
emerging,window,baseline_4y_omit_None,N0269,True,True,False
emerging,window,baseline_4y_omit_None,N0293,False,True,False
emerging,window,baseline_4y_omit_None,N0303,True,True,False
emerging,window,baseline_4y_omit_None,N0313,True,True,False
emerging,window,baseline_4y_omit_None,N0332,True,True,False
emerging,window,baseline_4y_omit_None,N0337,True,True,False
emerging,window,baseline_4y_omit_None,N0339,True,True,False
emerging,window,baseline_4y_omit_None,N0343,True,True,False
emerging,window,baseline_4y_omit_None,N0358,True,True,False
emerging,window,baseline_4y_omit_None,N0369,True,True,False
emerging,window,baseline_4y_omit_None,N0381,True,True,False
emerging,window,baseline_4y_omit_None,N0395,True,True,False
emerging,window,baseline_4y_omit_None,N0396,False,True,False
emerging,window,baseline_4y_omit_None,N0408,True,True,False
emerging,window,baseline_4y_omit_None,N0432,True,True,False
emerging,window,baseline_4y_omit_None,N0443,True,True,False
emerging,window,baseline_4y_omit_None,N0446,True,True,False
emerging,window,baseline_4y_omit_None,N0473,True,True,False
emerging,window,baseline_4y_omit_None,N0474,True,True,False
emerging,window,baseline_3y_omit_1,N0016,True,True,True
emerging,window,baseline_3y_omit_1,N0087,True,True,False
emerging,window,baseline_3y_omit_1,N0127,True,True,False
emerging,window,baseline_3y_omit_1,N0138,True,True,False
emerging,window,baseline_3y_omit_1,N0155,False,True,True
emerging,window,baseline_3y_omit_1,N0186,True,True,False
emerging,window,baseline_3y_omit_1,N0193,True,True,False
emerging,window,baseline_3y_omit_1,N0195,True,False,False
emerging,window,baseline_3y_omit_1,N0197,True,True,False
emerging,window,baseline_3y_omit_1,N0254,True,True,False
emerging,window,baseline_3y_omit_1,N0265,True,True,False
emerging,window,baseline_3y_omit_1,N0269,True,True,False
emerging,window,baseline_3y_omit_1,N0293,False,True,False
emerging,window,baseline_3y_omit_1,N0303,False,True,False
emerging,window,baseline_3y_omit_1,N0313,False,True,False
emerging,window,baseline_3y_omit_1,N0332,True,True,False
emerging,window,baseline_3y_omit_1,N0337,True,True,False
emerging,window,baseline_3y_omit_1,N0339,True,True,False
emerging,window,baseline_3y_omit_1,N0343,True,True,False
emerging,window,baseline_3y_omit_1,N0358,True,True,False
emerging,window,baseline_3y_omit_1,N0369,True,True,False
emerging,window,baseline_3y_omit_1,N0381,False,True,False
emerging,window,baseline_3y_omit_1,N0395,True,True,False
emerging,window,baseline_3y_omit_1,N0396,False,True,False
emerging,window,baseline_3y_omit_1,N0408,False,True,False
emerging,window,baseline_3y_omit_1,N0432,False,True,False
emerging,window,baseline_3y_omit_1,N0443,False,True,False
emerging,window,baseline_3y_omit_1,N0446,True,True,False
emerging,window,baseline_3y_omit_1,N0473,True,True,False
emerging,window,baseline_3y_omit_1,N0474,True,True,False
emerging,window,baseline_3y_omit_2,N0016,True,True,True
emerging,window,baseline_3y_omit_2,N0087,True,True,False
emerging,window,baseline_3y_omit_2,N0127,True,True,False
emerging,window,baseline_3y_omit_2,N0138,True,True,False
emerging,window,baseline_3y_omit_2,N0155,False,True,True
emerging,window,baseline_3y_omit_2,N0186,True,True,False
emerging,window,baseline_3y_omit_2,N0193,True,True,False
emerging,window,baseline_3y_omit_2,N0197,True,True,False
emerging,window,baseline_3y_omit_2,N0254,True,True,False
emerging,window,baseline_3y_omit_2,N0265,False,True,False
emerging,window,baseline_3y_omit_2,N0269,True,True,False
emerging,window,baseline_3y_omit_2,N0274,True,False,False
emerging,window,baseline_3y_omit_2,N0293,True,True,False
emerging,window,baseline_3y_omit_2,N0303,False,True,False
emerging,window,baseline_3y_omit_2,N0313,True,True,False
emerging,window,baseline_3y_omit_2,N0332,True,True,False
emerging,window,baseline_3y_omit_2,N0337,True,True,False
emerging,window,baseline_3y_omit_2,N0339,True,True,False
emerging,window,baseline_3y_omit_2,N0343,True,True,False
emerging,window,baseline_3y_omit_2,N0358,True,True,False
emerging,window,baseline_3y_omit_2,N0369,True,True,False
emerging,window,baseline_3y_omit_2,N0381,True,True,False
emerging,window,baseline_3y_omit_2,N0395,True,True,False
emerging,window,baseline_3y_omit_2,N0396,True,True,False
emerging,window,baseline_3y_omit_2,N0408,False,True,False
emerging,window,baseline_3y_omit_2,N0432,True,True,False
emerging,window,baseline_3y_omit_2,N0443,True,True,False
emerging,window,baseline_3y_omit_2,N0446,True,True,False
emerging,window,baseline_3y_omit_2,N0473,True,True,False
emerging,window,baseline_3y_omit_2,N0474,False,True,False
emerging,window,baseline_3y_omit_3,N0016,True,True,True
emerging,window,baseline_3y_omit_3,N0087,True,True,False
emerging,window,baseline_3y_omit_3,N0127,True,True,False
emerging,window,baseline_3y_omit_3,N0138,True,True,False
emerging,window,baseline_3y_omit_3,N0155,True,True,True
emerging,window,baseline_3y_omit_3,N0186,True,True,False
emerging,window,baseline_3y_omit_3,N0193,True,True,False
emerging,window,baseline_3y_omit_3,N0197,True,True,False
emerging,window,baseline_3y_omit_3,N0254,True,True,False
emerging,window,baseline_3y_omit_3,N0265,True,True,False
emerging,window,baseline_3y_omit_3,N0269,True,True,False
emerging,window,baseline_3y_omit_3,N0293,False,True,False
emerging,window,baseline_3y_omit_3,N0303,True,True,False
emerging,window,baseline_3y_omit_3,N0313,False,True,False
emerging,window,baseline_3y_omit_3,N0332,True,True,False
emerging,window,baseline_3y_omit_3,N0337,True,True,False
emerging,window,baseline_3y_omit_3,N0339,True,True,False
emerging,window,baseline_3y_omit_3,N0343,True,True,False
emerging,window,baseline_3y_omit_3,N0358,True,True,False
emerging,window,baseline_3y_omit_3,N0369,True,True,False
emerging,window,baseline_3y_omit_3,N0381,True,True,False
emerging,window,baseline_3y_omit_3,N0395,True,True,False
emerging,window,baseline_3y_omit_3,N0396,True,True,False
emerging,window,baseline_3y_omit_3,N0408,False,True,False
emerging,window,baseline_3y_omit_3,N0432,False,True,False
emerging,window,baseline_3y_omit_3,N0443,True,True,False
emerging,window,baseline_3y_omit_3,N0446,False,True,False
emerging,window,baseline_3y_omit_3,N0473,False,True,False
emerging,window,baseline_3y_omit_3,N0474,False,True,False
potential,threshold_one_at_time,papers=8,N0061,True,True,True
potential,threshold_one_at_time,papers=8,N0189,True,True,True
potential,threshold_one_at_time,papers=8,N0191,True,True,True
potential,threshold_one_at_time,papers=8,N0342,True,False,False
potential,threshold_one_at_time,papers=8,N0412,True,True,False
potential,threshold_one_at_time,papers=8,N0456,True,True,False
potential,threshold_one_at_time,papers=12,N0061,True,True,True
potential,threshold_one_at_time,papers=12,N0189,True,True,True
potential,threshold_one_at_time,papers=12,N0191,True,True,True
potential,threshold_one_at_time,papers=12,N0412,True,True,False
potential,threshold_one_at_time,papers=12,N0456,True,True,False
potential,threshold_one_at_time,patents=4,N0061,True,True,True
potential,threshold_one_at_time,patents=4,N0189,True,True,True
potential,threshold_one_at_time,patents=4,N0191,True,True,True
potential,threshold_one_at_time,patents=4,N0412,True,True,False
potential,threshold_one_at_time,patents=4,N0456,True,True,False
potential,threshold_one_at_time,patents=6,N0061,True,True,True
potential,threshold_one_at_time,patents=6,N0189,True,True,True
potential,threshold_one_at_time,patents=6,N0191,True,True,True
potential,threshold_one_at_time,patents=6,N0412,True,True,False
potential,threshold_one_at_time,patents=6,N0456,True,True,False
potential,threshold_one_at_time,policies=1,N0029,True,False,False
potential,threshold_one_at_time,policies=1,N0061,True,True,True
potential,threshold_one_at_time,policies=1,N0189,True,True,True
potential,threshold_one_at_time,policies=1,N0191,True,True,True
potential,threshold_one_at_time,policies=1,N0356,True,False,False
potential,threshold_one_at_time,policies=1,N0412,True,True,False
potential,threshold_one_at_time,policies=1,N0456,True,True,False
potential,threshold_one_at_time,policies=3,N0061,True,True,True
potential,threshold_one_at_time,policies=3,N0189,False,True,True
potential,threshold_one_at_time,policies=3,N0191,True,True,True
potential,threshold_one_at_time,policies=3,N0412,True,True,False
potential,threshold_one_at_time,policies=3,N0456,True,True,False
potential,threshold_one_at_time,relative=1.1,N0061,True,True,True
potential,threshold_one_at_time,relative=1.1,N0189,True,True,True
potential,threshold_one_at_time,relative=1.1,N0191,True,True,True
potential,threshold_one_at_time,relative=1.1,N0412,True,True,False
potential,threshold_one_at_time,relative=1.1,N0456,True,True,False
potential,threshold_one_at_time,relative=1.4,N0061,True,True,True
potential,threshold_one_at_time,relative=1.4,N0189,True,True,True
potential,threshold_one_at_time,relative=1.4,N0191,True,True,True
potential,threshold_one_at_time,relative=1.4,N0412,True,True,False
potential,threshold_one_at_time,relative=1.4,N0456,True,True,False
potential,threshold_one_at_time,may_patents=1,N0061,True,True,True
potential,threshold_one_at_time,may_patents=1,N0189,True,True,True
potential,threshold_one_at_time,may_patents=1,N0191,True,True,True
potential,threshold_one_at_time,may_patents=1,N0412,True,True,False
potential,threshold_one_at_time,may_patents=1,N0456,True,True,False
potential,threshold_one_at_time,may_patents=3,N0061,True,True,True
potential,threshold_one_at_time,may_patents=3,N0189,True,True,True
potential,threshold_one_at_time,may_patents=3,N0191,True,True,True
potential,threshold_one_at_time,may_patents=3,N0412,True,True,False
potential,threshold_one_at_time,may_patents=3,N0456,True,True,False
potential,transfer_confidence_or_source,baseline,N0061,True,True,True
potential,transfer_confidence_or_source,baseline,N0189,True,True,True
potential,transfer_confidence_or_source,baseline,N0191,True,True,True
potential,transfer_confidence_or_source,baseline,N0412,True,True,False
potential,transfer_confidence_or_source,baseline,N0456,True,True,False
potential,transfer_confidence_or_source,no_confidence_filter,N0029,True,False,False
potential,transfer_confidence_or_source,no_confidence_filter,N0044,True,False,False
potential,transfer_confidence_or_source,no_confidence_filter,N0061,True,True,True
potential,transfer_confidence_or_source,no_confidence_filter,N0189,True,True,True
potential,transfer_confidence_or_source,no_confidence_filter,N0191,True,True,True
potential,transfer_confidence_or_source,no_confidence_filter,N0250,True,False,False
potential,transfer_confidence_or_source,no_confidence_filter,N0356,True,False,False
potential,transfer_confidence_or_source,no_confidence_filter,N0394,True,False,False
potential,transfer_confidence_or_source,no_confidence_filter,N0412,True,True,False
potential,transfer_confidence_or_source,no_confidence_filter,N0414,True,False,False
potential,transfer_confidence_or_source,no_confidence_filter,N0456,False,True,False
potential,transfer_confidence_or_source,no_cosine_gate,N0029,True,False,False
potential,transfer_confidence_or_source,no_cosine_gate,N0044,True,False,False
potential,transfer_confidence_or_source,no_cosine_gate,N0061,True,True,True
potential,transfer_confidence_or_source,no_cosine_gate,N0189,True,True,True
potential,transfer_confidence_or_source,no_cosine_gate,N0191,True,True,True
potential,transfer_confidence_or_source,no_cosine_gate,N0394,True,False,False
potential,transfer_confidence_or_source,no_cosine_gate,N0412,True,True,False
potential,transfer_confidence_or_source,no_cosine_gate,N0414,True,False,False
potential,transfer_confidence_or_source,no_cosine_gate,N0456,True,True,False
potential,transfer_confidence_or_source,no_margin_gate,N0029,True,False,False
potential,transfer_confidence_or_source,no_margin_gate,N0061,True,True,True
potential,transfer_confidence_or_source,no_margin_gate,N0189,True,True,True
potential,transfer_confidence_or_source,no_margin_gate,N0191,True,True,True
potential,transfer_confidence_or_source,no_margin_gate,N0412,True,True,False
potential,transfer_confidence_or_source,no_margin_gate,N0456,True,True,False
potential,transfer_confidence_or_source,cosine_minus_0.02,N0029,True,False,False
potential,transfer_confidence_or_source,cosine_minus_0.02,N0061,True,True,True
potential,transfer_confidence_or_source,cosine_minus_0.02,N0189,True,True,True
potential,transfer_confidence_or_source,cosine_minus_0.02,N0191,True,True,True
potential,transfer_confidence_or_source,cosine_minus_0.02,N0412,True,True,False
potential,transfer_confidence_or_source,cosine_minus_0.02,N0414,True,False,False
potential,transfer_confidence_or_source,cosine_minus_0.02,N0456,True,True,False
potential,transfer_confidence_or_source,cosine_plus_0.02,N0061,True,True,True
potential,transfer_confidence_or_source,cosine_plus_0.02,N0189,True,True,True
potential,transfer_confidence_or_source,cosine_plus_0.02,N0191,True,True,True
potential,transfer_confidence_or_source,cosine_plus_0.02,N0412,False,True,False
potential,transfer_confidence_or_source,cosine_plus_0.02,N0456,False,True,False
potential,transfer_confidence_or_source,margin_half,N0061,True,True,True
potential,transfer_confidence_or_source,margin_half,N0189,True,True,True
potential,transfer_confidence_or_source,margin_half,N0191,True,True,True
potential,transfer_confidence_or_source,margin_half,N0412,True,True,False
potential,transfer_confidence_or_source,margin_half,N0456,True,True,False
potential,transfer_confidence_or_source,margin_double,N0061,True,True,True
potential,transfer_confidence_or_source,margin_double,N0189,False,True,True
potential,transfer_confidence_or_source,margin_double,N0191,True,True,True
potential,transfer_confidence_or_source,margin_double,N0412,True,True,False
potential,transfer_confidence_or_source,margin_double,N0456,True,True,False
potential,transfer_confidence_or_source,remove_patents,N0061,False,True,True
potential,transfer_confidence_or_source,remove_patents,N0189,False,True,True
potential,transfer_confidence_or_source,remove_patents,N0191,False,True,True
potential,transfer_confidence_or_source,remove_patents,N0412,False,True,False
potential,transfer_confidence_or_source,remove_patents,N0456,False,True,False
potential,transfer_confidence_or_source,remove_policies,N0061,False,True,True
potential,transfer_confidence_or_source,remove_policies,N0189,False,True,True
potential,transfer_confidence_or_source,remove_policies,N0191,False,True,True
potential,transfer_confidence_or_source,remove_policies,N0412,False,True,False
potential,transfer_confidence_or_source,remove_policies,N0456,False,True,False
