family,scenario,pool_size,spearman,mean_abs_rank_change,max_abs_rank_change,weights,formal_membership_changed_by_score_alone,top10_overlap,top10_jaccard,top25_overlap,top25_jaccard,top1_overlap,top1_jaccard,top2_overlap,top2_jaccard,reviewed_final_top10_overlap
core,weight_000,202,0.9989753945464914,1.8564356435643563,9.0,"{""volume"": 0.41045326588733994, ""citation"": 0.21996258785159517, ""institutions"": 0.13345498822199636, ""persistence"": 0.13333071052009388, ""current"": 0.10279844751897461}",0,10.0,1.0,25.0,1.0,,,,,
core,weight_001,202,0.997039745592698,3.084158415841584,14.0,"{""volume"": 0.36994463104932973, ""citation"": 0.22728033283559643, ""institutions"": 0.16333758184853753, ""persistence"": 0.1524106076850954, ""current"": 0.08702684658144083}",0,10.0,1.0,24.0,0.9230769230769232,,,,,
core,weight_002,202,0.9999457668877502,0.3316831683168317,2.0,"{""volume"": 0.41358257775657625, ""citation"": 0.19987230064160308, ""institutions"": 0.1383070230214715, ""persistence"": 0.14772868083973978, ""current"": 0.1005094177406095}",0,10.0,1.0,25.0,1.0,,,,,
core,weight_003,202,0.9994740480001764,1.3217821782178218,7.0,"{""volume"": 0.39496719298826327, ""citation"": 0.1901095622095861, ""institutions"": 0.16125970065035772, ""persistence"": 0.14393350187526407, ""current"": 0.10973004227652877}",0,10.0,1.0,25.0,1.0,,,,,
core,weight_004,202,0.9995737786909136,1.1633663366336633,6.0,"{""volume"": 0.4025901956508352, ""citation"": 0.20879829645671782, ""institutions"": 0.14509562202531462, ""persistence"": 0.1530949557265632, ""current"": 0.09042093014056922}",0,10.0,1.0,25.0,1.0,,,,,
core,weight_005,202,0.99942673051917,1.3712871287128714,6.0,"{""volume"": 0.3938067911650511, ""citation"": 0.2131931622437513, ""institutions"": 0.1647030385068458, ""persistence"": 0.1364672738144308, ""current"": 0.09182973426992104}",0,10.0,1.0,25.0,1.0,,,,,
core,weight_006,202,0.9991602967030404,1.6683168316831682,7.0,"{""volume"": 0.4152413985234541, ""citation"": 0.22011724683072104, ""institutions"": 0.1632763527134979, ""persistence"": 0.12262772312377443, ""current"": 0.07873727880855265}",0,10.0,1.0,25.0,1.0,,,,,
core,weight_007,202,0.9968883296534768,3.1633663366336635,15.0,"{""volume"": 0.3367495833839229, ""citation"": 0.22101730426582764, ""institutions"": 0.15787904735587152, ""persistence"": 0.17935475242443036, ""current"": 0.1049993125699476}",0,10.0,1.0,24.0,0.9230769230769232,,,,,
core,weight_008,202,0.9944744101608936,4.331683168316832,18.0,"{""volume"": 0.4408036872270703, ""citation"": 0.15913335721753696, ""institutions"": 0.15838880636301333, ""persistence"": 0.15756869320408756, ""current"": 0.0841054559882919}",0,10.0,1.0,24.0,0.9230769230769232,,,,,
core,weight_009,202,0.9981244078496188,2.4702970297029703,12.0,"{""volume"": 0.37114098156453823, ""citation"": 0.21805423115477282, ""institutions"": 0.1303564510143585, ""persistence"": 0.16890988139815158, ""current"": 0.11153845486817893}",0,10.0,1.0,24.0,0.9230769230769232,,,,,
core,weight_010,202,0.9988356259872104,1.9851485148514847,9.0,"{""volume"": 0.4436292697517197, ""citation"": 0.18781370815995121, ""institutions"": 0.15525809201019392, ""persistence"": 0.12327815329537531, ""current"": 0.09002077678275988}",0,10.0,1.0,25.0,1.0,,,,,
core,weight_011,202,0.9999210162053772,0.3712871287128713,3.0,"{""volume"": 0.37716779894917274, ""citation"": 0.19441957900173104, ""institutions"": 0.1541242617650257, ""persistence"": 0.18099671503144518, ""current"": 0.0932916452526254}",0,10.0,1.0,25.0,1.0,,,,,
core,weight_012,202,0.9996793330716206,0.9455445544554456,5.0,"{""volume"": 0.38076240669872874, ""citation"": 0.20799051158489876, ""institutions"": 0.15296838922883207, ""persistence"": 0.14733205522619316, ""current"": 0.11094663726134736}",0,10.0,1.0,25.0,1.0,,,,,
core,weight_013,202,0.9998584115381994,0.599009900990099,4.0,"{""volume"": 0.42153012907887993, ""citation"": 0.19516467784590777, ""institutions"": 0.12153856445102726, ""persistence"": 0.17143539433883745, ""current"": 0.09033123428534759}",0,10.0,1.0,25.0,1.0,,,,,
core,weight_014,202,0.9996574942342328,1.0148514851485149,4.0,"{""volume"": 0.3779369272144197, ""citation"": 0.20171547037762422, ""institutions"": 0.16937813759646694, ""persistence"": 0.164784950748655, ""current"": 0.08618451406283412}",0,10.0,1.0,25.0,1.0,,,,,
core,weight_015,202,0.998013757740188,2.53960396039604,12.0,"{""volume"": 0.3754443817969716, ""citation"": 0.22042309512781666, ""institutions"": 0.14734916936921988, ""persistence"": 0.1603341649332535, ""current"": 0.0964491887727384}",0,10.0,1.0,24.0,0.9230769230769232,,,,,
core,weight_016,202,0.994578508619108,4.301980198019802,18.0,"{""volume"": 0.4355556034998495, ""citation"": 0.1584305819835994, ""institutions"": 0.1372153076421899, ""persistence"": 0.16723577812916873, ""current"": 0.1015627287451924}",0,10.0,1.0,24.0,0.9230769230769232,,,,,
core,weight_017,202,0.9998496760032444,0.5792079207920792,5.0,"{""volume"": 0.3544279231633024, ""citation"": 0.1943843138663241, ""institutions"": 0.14371255973067137, ""persistence"": 0.18903991900511627, ""current"": 0.11843528423458588}",0,10.0,1.0,25.0,1.0,,,,,
core,weight_018,202,0.999877338530602,0.5594059405940595,3.0,"{""volume"": 0.4079262013094734, ""citation"": 0.19753103505228797, ""institutions"": 0.13260666740349633, ""persistence"": 0.15412194054748626, ""current"": 0.10781415568725593}",0,10.0,1.0,25.0,1.0,,,,,
core,weight_019,202,0.9987257038390258,2.0346534653465347,11.0,"{""volume"": 0.34359952113798325, ""citation"": 0.17712258295224365, ""institutions"": 0.17707905655613598, ""persistence"": 0.18178621921307794, ""current"": 0.12041262014055916}",0,10.0,1.0,24.0,0.9230769230769232,,,,,
core,weight_020,202,0.9996523985055092,1.0643564356435644,6.0,"{""volume"": 0.3937821873566331, ""citation"": 0.19334969141131295, ""institutions"": 0.1548632291226974, ""persistence"": 0.14089152713038836, ""current"": 0.11711336497896808}",0,10.0,1.0,25.0,1.0,,,,,
core,weight_021,202,0.9994660404264676,1.301980198019802,7.0,"{""volume"": 0.36742268473800355, ""citation"": 0.20280505410876226, ""institutions"": 0.14356169571014912, ""persistence"": 0.18250084204600966, ""current"": 0.10370972339707545}",0,10.0,1.0,25.0,1.0,,,,,
core,weight_022,202,0.999372861386947,1.4504950495049505,7.0,"{""volume"": 0.37788822491775526, ""citation"": 0.1898935931659424, ""institutions"": 0.18783695260468786, ""persistence"": 0.14999536128748037, ""current"": 0.0943858680241342}",0,10.0,1.0,24.0,0.9230769230769232,,,,,
core,weight_023,202,0.9979111152044658,2.6584158415841586,13.0,"{""volume"": 0.4333194527791567, ""citation"": 0.1765971284796475, ""institutions"": 0.11966309572988329, ""persistence"": 0.15880914067060328, ""current"": 0.11161118234070928}",0,10.0,1.0,25.0,1.0,,,,,
core,weight_024,202,0.9947444837832544,4.2227722772277225,17.0,"{""volume"": 0.35327270275583794, ""citation"": 0.23415844753812556, ""institutions"": 0.16045293955436368, ""persistence"": 0.16727433062569066, ""current"": 0.08484157952598212}",0,10.0,1.0,24.0,0.9230769230769232,,,,,
core,weight_025,202,0.996712163031883,3.391089108910891,14.0,"{""volume"": 0.41764846498586844, ""citation"": 0.1745933596200336, ""institutions"": 0.15621081025312383, ""persistence"": 0.1326880922523196, ""current"": 0.11885927288865453}",0,10.0,1.0,24.0,0.9230769230769232,,,,,
core,weight_026,202,0.9995570355822496,1.1732673267326732,6.0,"{""volume"": 0.4232356199314182, ""citation"": 0.2122158214548027, ""institutions"": 0.12881165855591845, ""persistence"": 0.13804814181827435, ""current"": 0.09768875823958637}",0,10.0,1.0,25.0,1.0,,,,,
core,weight_027,202,0.9977844499476174,2.767326732673267,13.0,"{""volume"": 0.426221762662823, ""citation"": 0.23243670424146134, ""institutions"": 0.13223024706688932, ""persistence"": 0.1237168249471793, ""current"": 0.08539446108164693}",0,10.0,1.0,24.0,0.9230769230769232,,,,,
core,weight_028,202,0.9940594722505278,4.51980198019802,18.0,"{""volume"": 0.4665860345684415, ""citation"": 0.16431408350511587, ""institutions"": 0.13170001779216955, ""persistence"": 0.1292625785065541, ""current"": 0.10813728562771899}",0,10.0,1.0,24.0,0.9230769230769232,,,,,
core,weight_029,202,0.9987024090791456,2.103960396039604,11.0,"{""volume"": 0.4737835515020008, ""citation"": 0.18864649919993878, ""institutions"": 0.12931748221652573, ""persistence"": 0.12246227080473943, ""current"": 0.08579019627679531}",0,10.0,1.0,25.0,1.0,,,,,
core,weight_030,202,0.999386692650626,1.4207920792079207,7.0,"{""volume"": 0.3804543198048944, ""citation"": 0.211120373390784, ""institutions"": 0.17499968677643943, ""persistence"": 0.14217054934921142, ""current"": 0.09125507067867072}",0,10.0,1.0,25.0,1.0,,,,,
core,weight_031,202,0.997540582930122,2.8366336633663365,13.0,"{""volume"": 0.4351778445185876, ""citation"": 0.17253083124249233, ""institutions"": 0.14428364065495175, ""persistence"": 0.16048696067483909, ""current"": 0.0875207229091293}",0,10.0,1.0,25.0,1.0,,,,,
core,weight_032,202,0.9997295623976122,0.8861386138613861,6.0,"{""volume"": 0.4136135221205602, ""citation"": 0.20288369185200397, ""institutions"": 0.12108490757888002, ""persistence"": 0.15733226502551137, ""current"": 0.10508561342304433}",0,10.0,1.0,25.0,1.0,,,,,
core,weight_033,202,0.9986085020783786,2.113861386138614,11.0,"{""volume"": 0.38017915859978185, ""citation"": 0.22126130364432334, ""institutions"": 0.14504406222171148, ""persistence"": 0.142050319982222, ""current"": 0.11146515555196135}",0,10.0,1.0,25.0,1.0,,,,,
core,weight_034,202,0.9998977214454972,0.4801980198019802,3.0,"{""volume"": 0.4144241103036723, ""citation"": 0.19949658531295966, ""institutions"": 0.13041713872883806, ""persistence"": 0.15954047603824434, ""current"": 0.0961216896162857}",0,10.0,1.0,25.0,1.0,,,,,
core,weight_035,202,0.9999297517403324,0.3910891089108911,3.0,"{""volume"": 0.4071042221386774, ""citation"": 0.194834803990153, ""institutions"": 0.14605154384052496, ""persistence"": 0.15869667339719357, ""current"": 0.09331275663345102}",0,10.0,1.0,25.0,1.0,,,,,
core,weight_036,202,0.999222173408972,1.608910891089109,7.0,"{""volume"": 0.43666163687001397, ""citation"": 0.18885104803088348, ""institutions"": 0.1337496141890251, ""persistence"": 0.1387477556284368, ""current"": 0.10198994528164065}",0,10.0,1.0,25.0,1.0,,,,,
core,weight_037,202,0.9998984494067434,0.5099009900990099,3.0,"{""volume"": 0.43270152669653944, ""citation"": 0.20929879748714733, ""institutions"": 0.15421580963779896, ""persistence"": 0.1238500402198249, ""current"": 0.07993382595868927}",0,10.0,1.0,25.0,1.0,,,,,
core,weight_038,202,0.9998263812433642,0.698019801980198,4.0,"{""volume"": 0.41487866503000204, ""citation"": 0.20414760524484338, ""institutions"": 0.14947523452394595, ""persistence"": 0.1512687920268381, ""current"": 0.08022970317437057}",0,10.0,1.0,25.0,1.0,,,,,
core,weight_039,202,0.9964020515409782,3.5594059405940595,14.0,"{""volume"": 0.4180723428215187, ""citation"": 0.171101640692892, ""institutions"": 0.1595636493521737, ""persistence"": 0.14088092947482525, ""current"": 0.11038143765859035}",0,10.0,1.0,24.0,0.9230769230769232,,,,,
core,weight_040,202,0.9983544436034356,2.3316831683168315,12.0,"{""volume"": 0.44355560183563275, ""citation"": 0.1846997044833105, ""institutions"": 0.1444085116564701, ""persistence"": 0.1273278777358131, ""current"": 0.1000083042887735}",0,10.0,1.0,25.0,1.0,,,,,
core,weight_041,202,0.9998300210495956,0.6782178217821783,5.0,"{""volume"": 0.3932617844153263, ""citation"": 0.19824323962513232, ""institutions"": 0.173487248628273, ""persistence"": 0.14743040320609865, ""current"": 0.08757732412516964}",0,10.0,1.0,25.0,1.0,,,,,
core,weight_042,202,0.9990008731901104,1.7871287128712872,8.0,"{""volume"": 0.3843458604956478, ""citation"": 0.22133537210264714, ""institutions"": 0.15459986391861885, ""persistence"": 0.1263151659829117, ""current"": 0.11340373750017461}",0,10.0,1.0,25.0,1.0,,,,,
core,weight_043,202,0.9981316874620816,2.4702970297029703,12.0,"{""volume"": 0.44046358327237356, ""citation"": 0.17546204671126323, ""institutions"": 0.13047098650477834, ""persistence"": 0.16397875598891956, ""current"": 0.0896246275226653}",0,10.0,1.0,25.0,1.0,,,,,
core,weight_044,202,0.9995570355822496,1.193069306930693,6.0,"{""volume"": 0.40803835627519164, ""citation"": 0.18822814932191287, ""institutions"": 0.16000881174689247, ""persistence"": 0.15434513631882985, ""current"": 0.08937954633717314}",0,10.0,1.0,25.0,1.0,,,,,
core,weight_045,202,0.999711363366456,0.8960396039603961,5.0,"{""volume"": 0.3683807951201131, ""citation"": 0.20711856924381536, ""institutions"": 0.1525034181131608, ""persistence"": 0.1499100302574027, ""current"": 0.1220871872655081}",0,10.0,1.0,25.0,1.0,,,,,
core,weight_046,202,0.9988363539484566,1.9851485148514847,9.0,"{""volume"": 0.4126311484810212, ""citation"": 0.18386517367537442, ""institutions"": 0.15438728302383017, ""persistence"": 0.14417188322672428, ""current"": 0.10494451159304988}",0,10.0,1.0,25.0,1.0,,,,,
core,weight_047,202,0.9961319779186174,3.5693069306930694,15.0,"{""volume"": 0.34140264233850454, ""citation"": 0.22928227555657701, ""institutions"": 0.15790075903743117, ""persistence"": 0.16443992114611256, ""current"": 0.10697440192137486}",0,10.0,1.0,24.0,0.9230769230769232,,,,,
core,weight_048,202,0.996259371136712,3.51980198019802,16.0,"{""volume"": 0.3606315516070349, ""citation"": 0.2265622036161087, ""institutions"": 0.13644395755873318, ""persistence"": 0.17431681724210857, ""current"": 0.10204546997601475}",0,10.0,1.0,24.0,0.9230769230769232,,,,,
core,weight_049,202,0.999856955615707,0.6782178217821783,3.0,"{""volume"": 0.41207580704035535, ""citation"": 0.1961601939236495, ""institutions"": 0.14503577230811074, ""persistence"": 0.14505297576512383, ""current"": 0.10167525096276062}",0,10.0,1.0,25.0,1.0,,,,,
core,weight_050,202,0.9989637471665516,1.8663366336633664,8.0,"{""volume"": 0.42826367285783523, ""citation"": 0.19043649261225598, ""institutions"": 0.15568782158091823, ""persistence"": 0.11817868752528779, ""current"": 0.10743332542370265}",0,10.0,1.0,25.0,1.0,,,,,
core,weight_051,202,0.9993226320609554,1.5,6.0,"{""volume"": 0.34587491272809123, ""citation"": 0.20317360591223121, ""institutions"": 0.17254048602405228, ""persistence"": 0.1737687358516813, ""current"": 0.10464225948394408}",0,10.0,1.0,25.0,1.0,,,,,
core,weight_052,202,0.999011064647558,1.797029702970297,8.0,"{""volume"": 0.42383741705283773, ""citation"": 0.2183735091383067, ""institutions"": 0.13525821491640905, ""persistence"": 0.1372959235711099, ""current"": 0.08523493532133661}",0,10.0,1.0,25.0,1.0,,,,,
core,weight_053,202,0.993145152925231,4.896039603960396,19.0,"{""volume"": 0.3527045261245703, ""citation"": 0.2421061773902317, ""institutions"": 0.14618808756155263, ""persistence"": 0.1707498582278482, ""current"": 0.0882513506957971}",0,9.0,0.8181818181818182,24.0,0.9230769230769232,,,,,
core,weight_054,202,0.9997361140488285,0.8960396039603961,6.0,"{""volume"": 0.3707694771799449, ""citation"": 0.19053021134467318, ""institutions"": 0.17575484601874453, ""persistence"": 0.1727511664725756, ""current"": 0.09019429898406182}",0,10.0,1.0,25.0,1.0,,,,,
core,weight_055,202,0.9996553103504944,1.0544554455445545,6.0,"{""volume"": 0.37901289357725587, ""citation"": 0.18589895246945817, ""institutions"": 0.1532053393629345, ""persistence"": 0.17353199328499266, ""current"": 0.10835082130535872}",0,10.0,1.0,25.0,1.0,,,,,
core,weight_056,202,0.9996523985055092,0.9851485148514852,6.0,"{""volume"": 0.3837124238265466, ""citation"": 0.20326133565244803, ""institutions"": 0.13317825011149304, ""persistence"": 0.17351807537837027, ""current"": 0.10632991503114203}",0,10.0,1.0,25.0,1.0,,,,,
core,weight_057,202,0.9998220134758868,0.6881188118811881,5.0,"{""volume"": 0.4228490934038796, ""citation"": 0.2065503394342385, ""institutions"": 0.12613416728845248, ""persistence"": 0.12813627197975266, ""current"": 0.11633012789367679}",0,10.0,1.0,25.0,1.0,,,,,
core,weight_058,202,0.9993619419682532,1.4504950495049505,6.0,"{""volume"": 0.36284880854713586, ""citation"": 0.21207222826207156, ""institutions"": 0.17270580655075035, ""persistence"": 0.13976060794828385, ""current"": 0.11261254869175837}",0,10.0,1.0,25.0,1.0,,,,,
core,weight_059,202,0.999179223695443,1.6584158415841583,7.0,"{""volume"": 0.456502057411145, ""citation"": 0.19324687411088645, ""institutions"": 0.1291844796894565, ""persistence"": 0.11872327812555698, ""current"": 0.10234331066295495}",0,10.0,1.0,25.0,1.0,,,,,
core,weight_060,202,0.9983005744712128,2.410891089108911,12.0,"{""volume"": 0.4040355405898271, ""citation"": 0.1759940789479313, ""institutions"": 0.16042542219256423, ""persistence"": 0.16541085398770233, ""current"": 0.09413410428197502}",0,10.0,1.0,25.0,1.0,,,,,
core,weight_061,202,0.9987584620951072,2.0445544554455446,11.0,"{""volume"": 0.3967040878096785, ""citation"": 0.18706002533579144, ""institutions"": 0.18157736625557797, ""persistence"": 0.13107617059465237, ""current"": 0.10358235000429988}",0,10.0,1.0,24.0,0.9230769230769232,,,,,
core,weight_062,202,0.9949337537072808,4.133663366336633,16.0,"{""volume"": 0.35537869477768025, ""citation"": 0.24103901528259083, ""institutions"": 0.1665475329291532, ""persistence"": 0.14100149732904302, ""current"": 0.09603325968153267}",0,10.0,1.0,24.0,0.9230769230769232,,,,,
core,weight_063,202,0.9959754662506723,3.688118811881188,16.0,"{""volume"": 0.46913545564291587, ""citation"": 0.16506253914100688, ""institutions"": 0.12037469479527675, ""persistence"": 0.16187727976484764, ""current"": 0.08355003065595291}",0,10.0,1.0,24.0,0.9230769230769232,,,,,
core,weight_064,202,0.997814296358714,2.767326732673267,12.0,"{""volume"": 0.37378595056693087, ""citation"": 0.17958716318570705, ""institutions"": 0.18711825781721314, ""persistence"": 0.13858678771292285, ""current"": 0.12092184071722607}",0,10.0,1.0,24.0,0.9230769230769232,,,,,
core,weight_065,202,0.9998234693983792,0.6188118811881188,5.0,"{""volume"": 0.37309739741897047, ""citation"": 0.19978022404123907, ""institutions"": 0.16459695168941482, ""persistence"": 0.137685595208148, ""current"": 0.12483983164222762}",0,10.0,1.0,25.0,1.0,,,,,
core,weight_066,202,0.9964777595105888,3.43069306930693,16.0,"{""volume"": 0.34619837314172247, ""citation"": 0.23028752886765116, ""institutions"": 0.14861675445380143, ""persistence"": 0.1556929574184869, ""current"": 0.11920438611833793}",0,10.0,1.0,24.0,0.9230769230769232,,,,,
core,weight_067,202,0.9965563793251844,3.49009900990099,14.0,"{""volume"": 0.4134323705414943, ""citation"": 0.17423758565976502, ""institutions"": 0.17357147620167107, ""persistence"": 0.1261313568921837, ""current"": 0.11262721070488595}",0,10.0,1.0,24.0,0.9230769230769232,,,,,
core,weight_068,202,0.9961661920971916,3.5594059405940595,15.0,"{""volume"": 0.344954949179025, ""citation"": 0.2263662355221237, ""institutions"": 0.15956908667372047, ""persistence"": 0.17445759137910405, ""current"": 0.09465213724602674}",0,10.0,1.0,24.0,0.9230769230769232,,,,,
core,weight_069,202,0.996509789805424,3.4207920792079207,15.0,"{""volume"": 0.47376435302440634, ""citation"": 0.17222483167526392, ""institutions"": 0.12876526706834543, ""persistence"": 0.1405083432062306, ""current"": 0.08473720502575369}",0,10.0,1.0,24.0,0.9230769230769232,,,,,
core,weight_070,202,0.9979038355920036,2.6683168316831685,13.0,"{""volume"": 0.44446722523387305, ""citation"": 0.17933094322209434, ""institutions"": 0.13135064561701604, ""persistence"": 0.14026013737737814, ""current"": 0.10459104854963845}",0,10.0,1.0,25.0,1.0,,,,,
core,weight_071,202,0.9990059689188344,1.816831683168317,8.0,"{""volume"": 0.42385384756942857, ""citation"": 0.21573749953158064, ""institutions"": 0.140539509097824, ""persistence"": 0.14666929261733408, ""current"": 0.07319985118383274}",0,10.0,1.0,25.0,1.0,,,,,
core,weight_072,202,0.9989695708565214,1.8564356435643563,8.0,"{""volume"": 0.4108721991380614, ""citation"": 0.21519238476452637, ""institutions"": 0.12319603821174116, ""persistence"": 0.1510417138811828, ""current"": 0.09969766400448817}",0,10.0,1.0,24.0,0.9230769230769232,,,,,
core,weight_073,202,0.9998125499796854,0.7574257425742574,4.0,"{""volume"": 0.40388362735065647, ""citation"": 0.19090496447482988, ""institutions"": 0.15219501543669062, ""persistence"": 0.16135097460508682, ""current"": 0.09166541813273625}",0,10.0,1.0,25.0,1.0,,,,,
core,weight_074,202,0.9985029476976716,2.3217821782178216,9.0,"{""volume"": 0.33887153289881056, ""citation"": 0.20812676183981482, ""institutions"": 0.18468859954171105, ""persistence"": 0.18010437172668012, ""current"": 0.0882087339929835}",0,10.0,1.0,25.0,1.0,,,,,
core,weight_075,202,0.9982154030054008,2.4603960396039604,12.0,"{""volume"": 0.41331335376142536, ""citation"": 0.17631180275206768, ""institutions"": 0.1715201376197212, ""persistence"": 0.1618458364631788, ""current"": 0.07700886940360686}",0,10.0,1.0,24.0,0.9230769230769232,,,,,
core,weight_076,202,0.9987926762736812,2.014851485148515,9.0,"{""volume"": 0.4309982078310186, ""citation"": 0.179596667903111, ""institutions"": 0.12944383945434565, ""persistence"": 0.16485509848568694, ""current"": 0.09510618632583794}",0,10.0,1.0,25.0,1.0,,,,,
core,weight_077,202,0.9994937029538254,1.2425742574257426,7.0,"{""volume"": 0.42168772790138614, ""citation"": 0.21394294723430368, ""institutions"": 0.12524652527419178, ""persistence"": 0.1337577098024002, ""current"": 0.1053650897877182}",0,10.0,1.0,25.0,1.0,,,,,
core,weight_078,202,0.9997091794827172,0.9851485148514852,4.0,"{""volume"": 0.4373873190112934, ""citation"": 0.1945150940437771, ""institutions"": 0.13060990692819455, ""persistence"": 0.1424705345673761, ""current"": 0.09501714544935892}",0,10.0,1.0,25.0,1.0,,,,,
core,weight_079,202,0.9926574188902396,5.133663366336633,19.0,"{""volume"": 0.46108716204784445, ""citation"": 0.15801386869196854, ""institutions"": 0.1484437866494462, ""persistence"": 0.13258738963038422, ""current"": 0.09986779298035657}",0,10.0,1.0,24.0,0.9230769230769232,,,,,
core,weight_080,202,0.9924572295475196,5.202970297029703,19.0,"{""volume"": 0.3685799552669313, ""citation"": 0.2544874031189221, ""institutions"": 0.14547952007385717, ""persistence"": 0.1388378131421886, ""current"": 0.09261530839810084}",0,9.0,0.8181818181818182,23.0,0.8518518518518519,,,,,
core,weight_081,202,0.9965192533016252,3.4702970297029703,14.0,"{""volume"": 0.4298990868975434, ""citation"": 0.17189547063185728, ""institutions"": 0.15832727841004596, ""persistence"": 0.14011736943999378, ""current"": 0.09976079462055952}",0,10.0,1.0,24.0,0.9230769230769232,,,,,
core,weight_082,202,0.9996997159865156,0.915841584158416,4.0,"{""volume"": 0.3771822618745822, ""citation"": 0.20167086912034543, ""institutions"": 0.17151794041117677, ""persistence"": 0.159498143294689, ""current"": 0.09013078529920647}",0,10.0,1.0,25.0,1.0,,,,,
core,weight_083,202,0.9993910604181034,1.4108910891089108,7.0,"{""volume"": 0.3751830535218074, ""citation"": 0.18673305333115453, ""institutions"": 0.16761692126295363, ""persistence"": 0.15620976073380438, ""current"": 0.11425721115028013}",0,10.0,1.0,25.0,1.0,,,,,
core,weight_084,202,0.9994412897440952,1.3316831683168318,7.0,"{""volume"": 0.354333047476353, ""citation"": 0.19304498425831718, ""institutions"": 0.18884380109177115, ""persistence"": 0.14221365259930308, ""current"": 0.12156451457425554}",0,10.0,1.0,24.0,0.9230769230769232,,,,,
core,weight_085,202,0.999937031352795,0.3514851485148514,2.0,"{""volume"": 0.3889213474493256, ""citation"": 0.19845638336176394, ""institutions"": 0.14083526720481454, ""persistence"": 0.1651279009513694, ""current"": 0.10665910103272655}",0,10.0,1.0,25.0,1.0,,,,,
core,weight_086,202,0.9996582221954792,0.9752475247524752,6.0,"{""volume"": 0.35067426005112334, ""citation"": 0.20097629350815163, ""institutions"": 0.14868424665743574, ""persistence"": 0.1759884021779352, ""current"": 0.12367679760535408}",0,10.0,1.0,25.0,1.0,,,,,
core,weight_087,202,0.9993917883793496,1.400990099009901,7.0,"{""volume"": 0.3454779491716648, ""citation"": 0.18809758839182056, ""institutions"": 0.18761150244876215, ""persistence"": 0.16409275608043414, ""current"": 0.11472020390731826}",0,10.0,1.0,24.0,0.9230769230769232,,,,,
core,weight_088,202,0.999421634790446,1.391089108910891,6.0,"{""volume"": 0.42366898176522555, ""citation"": 0.19204765501219356, ""institutions"": 0.12576467370091182, ""persistence"": 0.140780568646396, ""current"": 0.11773812087527316}",0,10.0,1.0,25.0,1.0,,,,,
core,weight_089,202,0.999295697494844,1.50990099009901,7.0,"{""volume"": 0.39490952761131404, ""citation"": 0.21026830864725674, ""institutions"": 0.1286893806442594, ""persistence"": 0.15726497833357408, ""current"": 0.10886780476359592}",0,10.0,1.0,25.0,1.0,,,,,
core,weight_090,202,0.9983195014636153,2.4207920792079207,12.0,"{""volume"": 0.364499263150325, ""citation"": 0.17610478650916234, ""institutions"": 0.1700875237472031, ""persistence"": 0.1687455595656178, ""current"": 0.12056286702769188}",0,10.0,1.0,24.0,0.9230769230769232,,,,,
core,weight_091,202,0.9997084515214708,0.9257425742574258,5.0,"{""volume"": 0.37196005797503723, ""citation"": 0.19600354123281033, ""institutions"": 0.1730381333221353, ""persistence"": 0.14089298986306306, ""current"": 0.11810527760695406}",0,10.0,1.0,25.0,1.0,,,,,
core,weight_092,202,0.9998445802745206,0.7079207920792079,3.0,"{""volume"": 0.39893691992537167, ""citation"": 0.1908234364961611, ""institutions"": 0.1430722435657922, ""persistence"": 0.16504747957835503, ""current"": 0.10211992043431999}",0,10.0,1.0,25.0,1.0,,,,,
core,weight_093,202,0.9997179150176722,0.8762376237623762,6.0,"{""volume"": 0.4348882129676309, ""citation"": 0.20465313898163295, ""institutions"": 0.11857778351456669, ""persistence"": 0.149946989738928, ""current"": 0.09193387479724142}",0,10.0,1.0,25.0,1.0,,,,,
core,weight_094,202,0.994127900607676,4.5,19.0,"{""volume"": 0.3536977845523689, ""citation"": 0.23526002146848263, ""institutions"": 0.1408609526401633, ""persistence"": 0.17910174846773522, ""current"": 0.09107949287124992}",0,9.0,0.8181818181818182,24.0,0.9230769230769232,,,,,
core,weight_095,202,0.99448096181211,4.361386138613861,18.0,"{""volume"": 0.43324852336602687, ""citation"": 0.1607858069226635, ""institutions"": 0.16427563252289246, ""persistence"": 0.14825217024710644, ""current"": 0.0934378669413106}",0,10.0,1.0,24.0,0.9230769230769232,,,,,
core,weight_096,202,0.9974983611778392,2.9257425742574257,13.0,"{""volume"": 0.412283687112879, ""citation"": 0.1795042158061902, ""institutions"": 0.17490382870540042, ""persistence"": 0.12555698314982391, ""current"": 0.10775128522570641}",0,10.0,1.0,24.0,0.9230769230769232,,,,,
core,weight_097,202,0.9979802715228602,2.5594059405940595,12.0,"{""volume"": 0.3425998815270545, ""citation"": 0.22020322612529533, ""institutions"": 0.1582345653214065, ""persistence"": 0.160682627315635, ""current"": 0.11827969971060874}",0,10.0,1.0,24.0,0.9230769230769232,,,,,
core,weight_098,202,0.9955707197977544,3.896039603960396,18.0,"{""volume"": 0.42054080508916075, ""citation"": 0.16509022023596648, ""institutions"": 0.16932086131265656, ""persistence"": 0.14942737158216227, ""current"": 0.095620741780054}",0,10.0,1.0,24.0,0.9230769230769232,,,,,
core,weight_099,202,0.9992265411764496,1.5792079207920793,7.0,"{""volume"": 0.43045386104581457, ""citation"": 0.21725222356159435, ""institutions"": 0.13855349462729163, ""persistence"": 0.1311862476435027, ""current"": 0.08255417312179678}",0,10.0,1.0,25.0,1.0,,,,,
core,weight_100,202,0.9997943509485288,0.7376237623762376,5.0,"{""volume"": 0.4122933895690899, ""citation"": 0.20253344377903645, ""institutions"": 0.132320352450766, ""persistence"": 0.1615792693303274, ""current"": 0.0912735448707803}",0,10.0,1.0,25.0,1.0,,,,,
core,weight_101,202,0.9973112751375514,2.995049504950495,15.0,"{""volume"": 0.3821314493714831, ""citation"": 0.23219879713162062, ""institutions"": 0.12787007451514218, ""persistence"": 0.13551586002446445, ""current"": 0.12228381895728971}",0,10.0,1.0,24.0,0.9230769230769232,,,,,
core,weight_102,202,0.9994733200389302,1.3217821782178218,6.0,"{""volume"": 0.4445111399681857, ""citation"": 0.18879745344299298, ""institutions"": 0.1277927149317176, ""persistence"": 0.15299282798017155, ""current"": 0.08590586367693222}",0,10.0,1.0,25.0,1.0,,,,,
core,weight_103,202,0.9997026278315008,0.9257425742574258,5.0,"{""volume"": 0.3887253743125804, ""citation"": 0.2135030378833418, ""institutions"": 0.16541560389434679, ""persistence"": 0.12114053139136026, ""current"": 0.11121545251837077}",0,10.0,1.0,25.0,1.0,,,,,
core,weight_104,202,0.996914536258342,3.212871287128713,15.0,"{""volume"": 0.36241274016060576, ""citation"": 0.22773664819462172, ""institutions"": 0.14194428206497325, ""persistence"": 0.15897962151747919, ""current"": 0.10892670806232005}",0,10.0,1.0,24.0,0.9230769230769232,,,,,
core,weight_105,202,0.9962171493844292,3.51980198019802,16.0,"{""volume"": 0.3376881924377756, ""citation"": 0.2291294247493676, ""institutions"": 0.15017462549885355, ""persistence"": 0.16399267237641796, ""current"": 0.11901508493758528}",0,10.0,1.0,24.0,0.9230769230769232,,,,,
core,weight_106,202,0.9966881403107564,3.272277227722772,15.0,"{""volume"": 0.3553854039660352, ""citation"": 0.22693081567299855, ""institutions"": 0.1702710642973896, ""persistence"": 0.15831247054535535, ""current"": 0.0891002455182213}",0,10.0,1.0,24.0,0.9230769230769232,,,,,
core,weight_107,202,0.9980275890038668,2.589108910891089,13.0,"{""volume"": 0.4623007861145876, ""citation"": 0.18345033660209886, ""institutions"": 0.12715640624626, ""persistence"": 0.12661841038224525, ""current"": 0.10047406065480821}",0,10.0,1.0,25.0,1.0,,,,,
core,weight_108,202,0.999896993484251,0.400990099009901,4.0,"{""volume"": 0.3702218109230001, ""citation"": 0.19659187367375355, ""institutions"": 0.16170943046201047, ""persistence"": 0.16480381975509456, ""current"": 0.10667306518614132}",0,10.0,1.0,25.0,1.0,,,,,
core,weight_109,202,0.9998809783368332,0.5099009900990099,3.0,"{""volume"": 0.38955263019541514, ""citation"": 0.20217291643669394, ""institutions"": 0.16317139741975098, ""persistence"": 0.15029124409643488, ""current"": 0.09481181185170501}",0,10.0,1.0,25.0,1.0,,,,,
core,weight_110,202,0.9999668777638916,0.193069306930693,2.0,"{""volume"": 0.4166803867609384, ""citation"": 0.20425229373086948, ""institutions"": 0.15313613927664452, ""persistence"": 0.13335862187836764, ""current"": 0.09257255835317986}",0,10.0,1.0,25.0,1.0,,,,,
core,weight_111,202,0.9986893057767132,2.0742574257425743,11.0,"{""volume"": 0.42768964942319226, ""citation"": 0.18744397933084228, ""institutions"": 0.1794099423146244, ""persistence"": 0.12305403494593062, ""current"": 0.08240239398541038}",0,10.0,1.0,24.0,0.9230769230769232,,,,,
core,weight_112,202,0.9998059983284692,0.698019801980198,5.0,"{""volume"": 0.4048904373449999, ""citation"": 0.2031698229833851, ""institutions"": 0.13107365629256199, ""persistence"": 0.1556874453196526, ""current"": 0.10517863805940035}",0,10.0,1.0,25.0,1.0,,,,,
core,weight_113,202,0.9955306819292103,3.9257425742574257,17.0,"{""volume"": 0.4335688143595056, ""citation"": 0.1640038607027394, ""institutions"": 0.14994759437610702, ""persistence"": 0.15593641566540356, ""current"": 0.0965433148962443}",0,10.0,1.0,24.0,0.9230769230769232,,,,,
core,weight_114,202,0.9998722428018784,0.5297029702970297,5.0,"{""volume"": 0.41250600874772836, ""citation"": 0.20837296475701064, ""institutions"": 0.14281316587493315, ""persistence"": 0.1318800518894067, ""current"": 0.10442780873092122}",0,10.0,1.0,25.0,1.0,,,,,
core,weight_115,202,0.9994878792638554,1.301980198019802,7.0,"{""volume"": 0.36077346117168063, ""citation"": 0.18341107031197432, ""institutions"": 0.15552978390562264, ""persistence"": 0.1771892203838512, ""current"": 0.12309646422687111}",0,10.0,1.0,25.0,1.0,,,,,
core,weight_116,202,0.9997870713360664,0.8564356435643564,3.0,"{""volume"": 0.4097779991862614, ""citation"": 0.18961416581746274, ""institutions"": 0.13876078302648506, ""persistence"": 0.16623421000988908, ""current"": 0.09561284195990186}",0,10.0,1.0,25.0,1.0,,,,,
core,weight_117,202,0.9992629392387624,1.5594059405940597,6.0,"{""volume"": 0.33860131835223145, ""citation"": 0.2056340388100149, ""institutions"": 0.17228097552537175, ""persistence"": 0.16942145252364652, ""current"": 0.1140622147887354}",0,10.0,1.0,25.0,1.0,,,,,
core,weight_118,202,0.9973753357272218,3.0247524752475248,14.0,"{""volume"": 0.43756771702294245, ""citation"": 0.17665702343034947, ""institutions"": 0.13907190663968477, ""persistence"": 0.1382488716331541, ""current"": 0.1084544812738692}",0,10.0,1.0,24.0,0.9230769230769232,,,,,
core,weight_119,202,0.9995279171323994,1.2722772277227723,5.0,"{""volume"": 0.38911517660401046, ""citation"": 0.18151324194991214, ""institutions"": 0.1621613555364503, ""persistence"": 0.18343905871083047, ""current"": 0.08377116719879664}",0,10.0,1.0,25.0,1.0,,,,,
core,weight_120,202,0.9998249253208716,0.7673267326732673,3.0,"{""volume"": 0.43007137663069483, ""citation"": 0.19894214945931218, ""institutions"": 0.13962701960976887, ""persistence"": 0.13232634826652623, ""current"": 0.0990331060336979}",0,10.0,1.0,25.0,1.0,,,,,
core,weight_121,202,0.9993743173094396,1.4504950495049505,7.0,"{""volume"": 0.3859516478183978, ""citation"": 0.19081882731549124, ""institutions"": 0.16558409936025492, ""persistence"": 0.13666185307468678, ""current"": 0.12098357243116936}",0,10.0,1.0,25.0,1.0,,,,,
core,weight_122,202,0.9996800610328668,0.9851485148514852,6.0,"{""volume"": 0.408859163766583, ""citation"": 0.2070595461455169, ""institutions"": 0.1386006948973081, ""persistence"": 0.15239328957410261, ""current"": 0.09308730561648937}",0,10.0,1.0,25.0,1.0,,,,,
core,weight_123,202,0.9983063981611826,2.381188118811881,12.0,"{""volume"": 0.430772271783926, ""citation"": 0.184250735707771, ""institutions"": 0.15393518106608714, ""persistence"": 0.12518865212724078, ""current"": 0.10585315931497503}",0,10.0,1.0,25.0,1.0,,,,,
core,weight_124,202,0.9998824342593258,0.5792079207920792,3.0,"{""volume"": 0.40419581475608823, ""citation"": 0.1946651336507757, ""institutions"": 0.15139355440182645, ""persistence"": 0.1537066225747436, ""current"": 0.09603887461656616}",0,10.0,1.0,25.0,1.0,,,,,
core,weight_125,202,0.998022493275143,2.618811881188119,12.0,"{""volume"": 0.3821907190513698, ""citation"": 0.18100180703902244, ""institutions"": 0.18881023567324573, ""persistence"": 0.13753334948848434, ""current"": 0.11046388874787773}",0,10.0,1.0,24.0,0.9230769230769232,,,,,
core,weight_126,202,0.9998241973596254,0.6683168316831684,4.0,"{""volume"": 0.4351045189345612, ""citation"": 0.2078958146056193, ""institutions"": 0.12968430325448507, ""persistence"": 0.12967090226917397, ""current"": 0.09764446093616051}",0,10.0,1.0,25.0,1.0,,,,,
core,weight_127,202,0.9943994301525292,4.400990099009901,18.0,"{""volume"": 0.4414633584532663, ""citation"": 0.15967941551366288, ""institutions"": 0.14520180647237657, ""persistence"": 0.1549183456116394, ""current"": 0.09873707394905483}",0,10.0,1.0,24.0,0.9230769230769232,,,,,
core,weight_128,202,0.9997193709401646,0.8861386138613861,5.0,"{""volume"": 0.4426008715317003, ""citation"": 0.21239616093295993, ""institutions"": 0.1333296070391309, ""persistence"": 0.1216951199152329, ""current"": 0.0899782405809759}",0,10.0,1.0,25.0,1.0,,,,,
core,weight_129,202,0.999752129196246,0.8366336633663366,4.0,"{""volume"": 0.39672585227773616, ""citation"": 0.20085370314814, ""institutions"": 0.16455709675853952, ""persistence"": 0.1626995412100167, ""current"": 0.07516380660556775}",0,10.0,1.0,25.0,1.0,,,,,
core,weight_130,202,0.9998285651271028,0.7178217821782178,3.0,"{""volume"": 0.3936966275238071, ""citation"": 0.20036004976323793, ""institutions"": 0.12436173360291476, ""persistence"": 0.16140919188440447, ""current"": 0.12017239722563566}",0,10.0,1.0,25.0,1.0,,,,,
core,weight_131,202,0.9947685065043808,4.2227722772277225,16.0,"{""volume"": 0.3654789211518209, ""citation"": 0.24551863220665623, ""institutions"": 0.16059160137271467, ""persistence"": 0.12810699893531058, ""current"": 0.10030384633349763}",0,10.0,1.0,24.0,0.9230769230769232,,,,,
core,weight_132,202,0.9987213360715484,2.0742574257425743,8.0,"{""volume"": 0.37019116383926437, ""citation"": 0.2194536358663457, ""institutions"": 0.1680916872159008, ""persistence"": 0.1396096277694537, ""current"": 0.10265388530903563}",0,10.0,1.0,25.0,1.0,,,,,
core,weight_133,202,0.9982270503853408,2.4207920792079207,12.0,"{""volume"": 0.45388725398980123, ""citation"": 0.18248312967252647, ""institutions"": 0.14463354152791266, ""persistence"": 0.13313979666492132, ""current"": 0.08585627814483826}",0,10.0,1.0,25.0,1.0,,,,,
core,weight_134,202,0.998994321538894,1.8267326732673268,8.0,"{""volume"": 0.3834431650681088, ""citation"": 0.2162415758056045, ""institutions"": 0.1384000085908581, ""persistence"": 0.14798789213170868, ""current"": 0.11392735840371992}",0,10.0,1.0,25.0,1.0,,,,,
core,weight_135,202,0.999840212507043,0.7079207920792079,3.0,"{""volume"": 0.39055891263402404, ""citation"": 0.18432081715059898, ""institutions"": 0.14198716661401675, ""persistence"": 0.1916522306181344, ""current"": 0.09148087298322582}",0,10.0,1.0,25.0,1.0,,,,,
core,weight_136,202,0.9988902230806797,1.9257425742574257,9.0,"{""volume"": 0.43235975760256373, ""citation"": 0.22482760762104487, ""institutions"": 0.134638567016268, ""persistence"": 0.11828294277968722, ""current"": 0.08989112498043626}",0,10.0,1.0,24.0,0.9230769230769232,,,,,
core,weight_137,202,0.9986936735441908,2.103960396039604,9.0,"{""volume"": 0.3597817040962837, ""citation"": 0.21600511750770232, ""institutions"": 0.16728217126340622, ""persistence"": 0.15464542666877812, ""current"": 0.1022855804638297}",0,10.0,1.0,25.0,1.0,,,,,
core,weight_138,202,0.9996553103504944,1.0544554455445545,4.0,"{""volume"": 0.4371176436935006, ""citation"": 0.19305510621814984, ""institutions"": 0.12935190720926185, ""persistence"": 0.1462533305696894, ""current"": 0.09422201230939828}",0,10.0,1.0,25.0,1.0,,,,,
core,weight_139,202,0.9987104166528544,2.103960396039604,10.0,"{""volume"": 0.44552118228725207, ""citation"": 0.18882481064215426, ""institutions"": 0.1330984760348211, ""persistence"": 0.12180521949814205, ""current"": 0.11075031153763047}",0,10.0,1.0,25.0,1.0,,,,,
core,weight_140,202,0.993942998451127,4.608910891089109,18.0,"{""volume"": 0.3532051315666319, ""citation"": 0.24956522261813655, ""institutions"": 0.15884722700774867, ""persistence"": 0.1315815073628694, ""current"": 0.10680091144461355}",0,9.0,0.8181818181818182,24.0,0.9230769230769232,,,,,
core,weight_141,202,0.997512920402764,2.945544554455445,12.0,"{""volume"": 0.38218870135595023, ""citation"": 0.17400017046755273, ""institutions"": 0.19013968519506105, ""persistence"": 0.1557337472740576, ""current"": 0.09793769570737847}",0,10.0,1.0,24.0,0.9230769230769232,,,,,
core,weight_142,202,0.9933213195468248,4.846534653465347,19.0,"{""volume"": 0.3511772312664107, ""citation"": 0.2406195482420666, ""institutions"": 0.14433229184192725, ""persistence"": 0.17387601130034766, ""current"": 0.08999491734924764}",0,9.0,0.8181818181818182,24.0,0.9230769230769232,,,,,
core,weight_143,202,0.999463856542729,1.311881188118812,6.0,"{""volume"": 0.35360628703625424, ""citation"": 0.21097758312035564, ""institutions"": 0.18666492078317945, ""persistence"": 0.13332529560781675, ""current"": 0.11542591345239388}",0,10.0,1.0,25.0,1.0,,,,,
core,weight_144,202,0.9999246560116086,0.3613861386138614,3.0,"{""volume"": 0.37270638714895393, ""citation"": 0.19472575776725476, ""institutions"": 0.14422807438582017, ""persistence"": 0.18314526581785878, ""current"": 0.10519451488011239}",0,10.0,1.0,25.0,1.0,,,,,
core,weight_145,202,0.9997040837539932,0.9851485148514852,4.0,"{""volume"": 0.41803126253803335, ""citation"": 0.19360629192225257, ""institutions"": 0.150892379812386, ""persistence"": 0.1406011673855919, ""current"": 0.09686889834173633}",0,10.0,1.0,25.0,1.0,,,,,
core,weight_146,202,0.9965672987438782,3.381188118811881,15.0,"{""volume"": 0.34167038786784215, ""citation"": 0.22446602598759102, ""institutions"": 0.15122814476923538, ""persistence"": 0.17486499450807594, ""current"": 0.10777044686725559}",0,10.0,1.0,24.0,0.9230769230769232,,,,,
core,weight_147,202,0.9934108587801144,4.876237623762377,19.0,"{""volume"": 0.3475483208762783, ""citation"": 0.2445323348342503, ""institutions"": 0.16691200882686624, ""persistence"": 0.15267755250442983, ""current"": 0.08832978295817534}",0,9.0,0.8181818181818182,24.0,0.9230769230769232,,,,,
core,weight_148,202,0.9994937029538254,1.2821782178217822,7.0,"{""volume"": 0.3624441005793439, ""citation"": 0.18590954372203275, ""institutions"": 0.18197807329134436, ""persistence"": 0.17649943634008203, ""current"": 0.09316884606719698}",0,10.0,1.0,24.0,0.9230769230769232,,,,,
core,weight_149,202,0.9967048834194204,3.3613861386138613,14.0,"{""volume"": 0.42215737949274823, ""citation"": 0.1693501821938467, ""institutions"": 0.14030737045274333, ""persistence"": 0.15969573940077816, ""current"": 0.1084893284598836}",0,10.0,1.0,24.0,0.9230769230769232,,,,,
core,weight_150,202,0.9948653253501328,4.2227722772277225,18.0,"{""volume"": 0.3731131598509503, ""citation"": 0.24309287849679123, ""institutions"": 0.14194070548330212, ""persistence"": 0.13820524573612375, ""current"": 0.10364801043283259}",0,9.0,0.8181818181818182,24.0,0.9230769230769232,,,,,
core,weight_151,202,0.9998525878482294,0.698019801980198,3.0,"{""volume"": 0.3910499642581125, ""citation"": 0.18769562896228656, ""institutions"": 0.1375971006457574, ""persistence"": 0.18103834585728779, ""current"": 0.10261896027655583}",0,10.0,1.0,25.0,1.0,,,,,
core,weight_152,202,0.9917969686971656,5.450495049504951,20.0,"{""volume"": 0.34718090388300155, ""citation"": 0.2468211616269852, ""institutions"": 0.12557045349942797, ""persistence"": 0.1740137620394625, ""current"": 0.10641371895112277}",0,9.0,0.8181818181818182,23.0,0.8518518518518519,,,,,
core,weight_153,202,0.9985648244036034,2.1633663366336635,11.0,"{""volume"": 0.38469815634224874, ""citation"": 0.21350373456069272, ""institutions"": 0.13248853686066386, ""persistence"": 0.17384698907720852, ""current"": 0.09546258315918624}",0,10.0,1.0,25.0,1.0,,,,,
core,weight_154,202,0.9957381508843932,3.866336633663366,17.0,"{""volume"": 0.42092085697800663, ""citation"": 0.16915368076856974, ""institutions"": 0.15077026597897897, ""persistence"": 0.1349580187672634, ""current"": 0.12419717750718114}",0,10.0,1.0,24.0,0.9230769230769232,,,,,
core,weight_155,202,0.9985502651786782,2.212871287128713,10.0,"{""volume"": 0.409314107600875, ""citation"": 0.22315732896453946, ""institutions"": 0.12402957519742626, ""persistence"": 0.13410982964928508, ""current"": 0.10938915858787421}",0,10.0,1.0,24.0,0.9230769230769232,,,,,
core,weight_156,202,0.9987963160799126,2.004950495049505,10.0,"{""volume"": 0.40217053357064986, ""citation"": 0.220378750736502, ""institutions"": 0.12912795704200297, ""persistence"": 0.1387727550938971, ""current"": 0.1095500035569482}",0,10.0,1.0,24.0,0.9230769230769232,,,,,
core,weight_157,202,0.9996116326757188,1.0742574257425743,6.0,"{""volume"": 0.45316032689808666, ""citation"": 0.2106333769437605, ""institutions"": 0.11963327231074891, ""persistence"": 0.13243687306349936, ""current"": 0.08413615078390443}",0,10.0,1.0,25.0,1.0,,,,,
core,weight_158,202,0.9965105177666704,3.5,14.0,"{""volume"": 0.4074153497947068, ""citation"": 0.16872703605648157, ""institutions"": 0.17595168403532727, ""persistence"": 0.1495419466735528, ""current"": 0.09836398343993166}",0,10.0,1.0,24.0,0.9230769230769232,,,,,
core,weight_159,202,0.9991850473854132,1.6386138613861383,7.0,"{""volume"": 0.41067496955845195, ""citation"": 0.20972412553966546, ""institutions"": 0.1281681311118498, ""persistence"": 0.16367622516960584, ""current"": 0.08775654862042692}",0,10.0,1.0,25.0,1.0,,,,,
core,weight_160,202,0.999532284899877,1.1732673267326732,5.0,"{""volume"": 0.36733851310570803, ""citation"": 0.20695003250415886, ""institutions"": 0.14756234396078408, ""persistence"": 0.16166107451038128, ""current"": 0.11648803591896789}",0,10.0,1.0,25.0,1.0,,,,,
core,weight_161,202,0.9972632296952983,3.0742574257425743,14.0,"{""volume"": 0.39880634608370796, ""citation"": 0.22831148010939728, ""institutions"": 0.11854366403350204, ""persistence"": 0.1509181663807091, ""current"": 0.10342034339268369}",0,10.0,1.0,24.0,0.9230769230769232,,,,,
core,weight_162,202,0.9990183442600208,1.816831683168317,8.0,"{""volume"": 0.4330167956527738, ""citation"": 0.21576167042273894, ""institutions"": 0.11932118030857213, ""persistence"": 0.1450884542883441, ""current"": 0.08681189932757102}",0,10.0,1.0,24.0,0.9230769230769232,,,,,
core,weight_163,202,0.9990176162987744,1.8267326732673268,8.0,"{""volume"": 0.4063143571331414, ""citation"": 0.21958339222871018, ""institutions"": 0.13713192536563815, ""persistence"": 0.13404000150990972, ""current"": 0.10293032376260047}",0,10.0,1.0,25.0,1.0,,,,,
core,weight_164,202,0.9994369219766176,1.3514851485148516,7.0,"{""volume"": 0.3705927390190622, ""citation"": 0.19087439730282277, ""institutions"": 0.19145580434903797, ""persistence"": 0.15319774380764667, ""current"": 0.09387931552143043}",0,10.0,1.0,24.0,0.9230769230769232,,,,,
core,weight_165,202,0.9996225520944124,1.0841584158415842,6.0,"{""volume"": 0.4222306032964971, ""citation"": 0.214056406431469, ""institutions"": 0.13991935015466714, ""persistence"": 0.1298036605407922, ""current"": 0.09398997957657468}",0,10.0,1.0,25.0,1.0,,,,,
core,weight_166,202,0.9962695625941598,3.599009900990099,15.0,"{""volume"": 0.4229619358349316, ""citation"": 0.1656579370085974, ""institutions"": 0.14387701423104265, ""persistence"": 0.16595877096189843, ""current"": 0.10154434196353002}",0,10.0,1.0,24.0,0.9230769230769232,,,,,
core,weight_167,202,0.9998249253208716,0.698019801980198,4.0,"{""volume"": 0.40126149522042504, ""citation"": 0.2027679860906636, ""institutions"": 0.14912045439984947, ""persistence"": 0.15849635080333402, ""current"": 0.08835371348572772}",0,10.0,1.0,25.0,1.0,,,,,
core,weight_168,202,0.9981986598967368,2.4603960396039604,12.0,"{""volume"": 0.4089677678416388, ""citation"": 0.17573312751189918, ""institutions"": 0.14898306415223864, ""persistence"": 0.1621706793053318, ""current"": 0.10414536118889164}",0,10.0,1.0,25.0,1.0,,,,,
core,weight_169,202,0.9984250558443224,2.272277227722772,11.0,"{""volume"": 0.34531314404634567, ""citation"": 0.21825420351255495, ""institutions"": 0.15173652983792374, ""persistence"": 0.15954771263209983, ""current"": 0.1251484099710758}",0,10.0,1.0,24.0,0.9230769230769232,,,,,
core,weight_170,202,0.9999246560116086,0.4207920792079208,3.0,"{""volume"": 0.39982666800189953, ""citation"": 0.19287747171023548, ""institutions"": 0.14752422000141044, ""persistence"": 0.16632480990833318, ""current"": 0.09344683037812135}",0,10.0,1.0,25.0,1.0,,,,,
core,weight_171,202,0.994971607692086,4.163366336633663,17.0,"{""volume"": 0.349345677455176, ""citation"": 0.24332287612309952, ""institutions"": 0.19083256158357073, ""persistence"": 0.12920566047013726, ""current"": 0.08729322436801665}",0,10.0,1.0,24.0,0.9230769230769232,,,,,
core,weight_172,202,0.9996684136529268,1.0445544554455446,4.0,"{""volume"": 0.44501191754124303, ""citation"": 0.19773661241381293, ""institutions"": 0.13128076580655604, ""persistence"": 0.12635031350014939, ""current"": 0.0996203907382385}",0,10.0,1.0,25.0,1.0,,,,,
core,weight_173,202,0.9990256238724832,1.806930693069307,8.0,"{""volume"": 0.43229889069902133, ""citation"": 0.2139709338071788, ""institutions"": 0.1183954438471843, ""persistence"": 0.15228743720500743, ""current"": 0.08304729444160815}",0,10.0,1.0,24.0,0.9230769230769232,,,,,
core,weight_174,202,0.9977611551877372,2.767326732673267,13.0,"{""volume"": 0.4273930307132788, ""citation"": 0.1765564786654864, ""institutions"": 0.12467329304706493, ""persistence"": 0.15513369271280691, ""current"": 0.11624350486136296}",0,10.0,1.0,24.0,0.9230769230769232,,,,,
core,weight_175,202,0.9990918683458924,1.7475247524752475,7.0,"{""volume"": 0.35189711236346694, ""citation"": 0.20729757249750919, ""institutions"": 0.1715848330078544, ""persistence"": 0.17140615560973488, ""current"": 0.09781432652143465}",0,10.0,1.0,25.0,1.0,,,,,
core,weight_176,202,0.9966451905972276,3.3217821782178216,15.0,"{""volume"": 0.36165182807100255, ""citation"": 0.2279804237365037, ""institutions"": 0.14653755604866023, ""persistence"": 0.1603038308216351, ""current"": 0.10352636132219849}",0,10.0,1.0,24.0,0.9230769230769232,,,,,
core,weight_177,202,0.997683991295634,2.797029702970297,13.0,"{""volume"": 0.43212895660452566, ""citation"": 0.17988592252413382, ""institutions"": 0.16004207946273033, ""persistence"": 0.12597352684188323, ""current"": 0.10196951456672687}",0,10.0,1.0,25.0,1.0,,,,,
core,weight_178,202,0.9975245677827044,2.876237623762376,13.0,"{""volume"": 0.44216281702177973, ""citation"": 0.17299905098121357, ""institutions"": 0.13929972639186874, ""persistence"": 0.1588566314214887, ""current"": 0.08668177418364935}",0,10.0,1.0,25.0,1.0,,,,,
core,weight_179,202,0.9988079634598528,1.965346534653465,11.0,"{""volume"": 0.3925368970102182, ""citation"": 0.176380781327256, ""institutions"": 0.1605200691877096, ""persistence"": 0.17896569396123796, ""current"": 0.09159655851357819}",0,10.0,1.0,25.0,1.0,,,,,
core,weight_180,202,0.998902598421866,1.9059405940594056,9.0,"{""volume"": 0.3953145640336127, ""citation"": 0.2202156161308469, ""institutions"": 0.1493410525403746, ""persistence"": 0.13456672098386221, ""current"": 0.1005620463113036}",0,10.0,1.0,25.0,1.0,,,,,
core,weight_181,202,0.9983690028283608,2.3613861386138613,11.0,"{""volume"": 0.3857254181231016, ""citation"": 0.2199382433712718, ""institutions"": 0.14796967090653732, ""persistence"": 0.15576135747338063, ""current"": 0.09060531012570862}",0,10.0,1.0,24.0,0.9230769230769232,,,,,
core,weight_182,202,0.9977378604278572,2.737623762376238,13.0,"{""volume"": 0.368028662328629, ""citation"": 0.22711454264631142, ""institutions"": 0.1396466725652327, ""persistence"": 0.1411316606493998, ""current"": 0.12407846181042692}",0,10.0,1.0,24.0,0.9230769230769232,,,,,
core,weight_183,202,0.9926392198590832,5.123762376237623,20.0,"{""volume"": 0.3459433565859029, ""citation"": 0.24869633151242962, ""institutions"": 0.13401963323657118, ""persistence"": 0.15589863092063755, ""current"": 0.11544204774445874}",0,9.0,0.8181818181818182,23.0,0.8518518518518519,,,,,
core,weight_184,202,0.999011064647558,1.816831683168317,8.0,"{""volume"": 0.3779489129717788, ""citation"": 0.2084231039781187, ""institutions"": 0.15361159044439465, ""persistence"": 0.175581955477241, ""current"": 0.08443443712846696}",0,10.0,1.0,25.0,1.0,,,,,
core,weight_185,202,0.999899905329236,0.5099009900990099,3.0,"{""volume"": 0.4101214135714073, ""citation"": 0.1950611049243058, ""institutions"": 0.15226455405577702, ""persistence"": 0.15451582727607432, ""current"": 0.08803710017243532}",0,10.0,1.0,25.0,1.0,,,,,
core,weight_186,202,0.9983631791383906,2.3316831683168315,10.0,"{""volume"": 0.3589958909469617, ""citation"": 0.22455107111633585, ""institutions"": 0.1702814670406849, ""persistence"": 0.13350849694013273, ""current"": 0.11266307395588498}",0,10.0,1.0,25.0,1.0,,,,,
core,weight_187,202,0.9998722428018784,0.6089108910891089,3.0,"{""volume"": 0.41430543378670004, ""citation"": 0.19422278827168152, ""institutions"": 0.14703572396637837, ""persistence"": 0.15325301191741947, ""current"": 0.09118304205782073}",0,10.0,1.0,25.0,1.0,,,,,
core,weight_188,202,0.9988873112356946,1.965346534653465,9.0,"{""volume"": 0.4214965995951744, ""citation"": 0.2145523150611254, ""institutions"": 0.11235321830887988, ""persistence"": 0.15396191648483934, ""current"": 0.09763595054998102}",0,10.0,1.0,24.0,0.9230769230769232,,,,,
core,weight_189,202,0.9997615926924476,0.8267326732673267,4.0,"{""volume"": 0.4486397162271012, ""citation"": 0.2076612297116821, ""institutions"": 0.1271099391703112, ""persistence"": 0.1326435229786995, ""current"": 0.08394559191220602}",0,10.0,1.0,25.0,1.0,,,,,
core,weight_190,202,0.9994245466354312,1.3613861386138617,6.0,"{""volume"": 0.3626441980499317, ""citation"": 0.2070654528806583, ""institutions"": 0.1602991097907906, ""persistence"": 0.1609612703380031, ""current"": 0.10902996894061621}",0,10.0,1.0,25.0,1.0,,,,,
core,weight_191,202,0.9998416684295356,0.6089108910891089,4.0,"{""volume"": 0.4402970272840773, ""citation"": 0.20680421150890016, ""institutions"": 0.12853589714931182, ""persistence"": 0.12557866759530537, ""current"": 0.09878419646240541}",0,10.0,1.0,25.0,1.0,,,,,
core,weight_192,202,0.9995563076210032,1.202970297029703,7.0,"{""volume"": 0.3660395673782791, ""citation"": 0.18329401215753768, ""institutions"": 0.13880967234135283, ""persistence"": 0.18377597521194167, ""current"": 0.12808077291088868}",0,10.0,1.0,25.0,1.0,,,,,
core,weight_193,202,0.9990205281437592,1.797029702970297,9.0,"{""volume"": 0.35746481285400455, ""citation"": 0.18343685840779225, ""institutions"": 0.19554415725543495, ""persistence"": 0.16194014868078066, ""current"": 0.10161402280198759}",0,10.0,1.0,24.0,0.9230769230769232,,,,,
core,weight_194,202,0.9995119019849816,1.2326732673267329,7.0,"{""volume"": 0.40307466945748716, ""citation"": 0.21052712859339706, ""institutions"": 0.13926210295868646, ""persistence"": 0.14967754992188226, ""current"": 0.09745854906854719}",0,10.0,1.0,25.0,1.0,,,,,
core,weight_195,202,0.9997754239561264,0.7772277227722773,6.0,"{""volume"": 0.3726676517233134, ""citation"": 0.19515399110461512, ""institutions"": 0.1752880073424428, ""persistence"": 0.15957557029573732, ""current"": 0.09731477953389152}",0,10.0,1.0,25.0,1.0,,,,,
core,weight_196,202,0.999404163720536,1.391089108910891,6.0,"{""volume"": 0.41955682507505493, ""citation"": 0.1851497330529518, ""institutions"": 0.11807660419760514, ""persistence"": 0.17051074976474984, ""current"": 0.10670608790963818}",0,10.0,1.0,25.0,1.0,,,,,
core,weight_197,202,0.9994762318839152,1.2821782178217822,7.0,"{""volume"": 0.376135184021524, ""citation"": 0.2001723561877681, ""institutions"": 0.1316017933732075, ""persistence"": 0.19242766053490495, ""current"": 0.09966300588259541}",0,10.0,1.0,25.0,1.0,,,,,
core,weight_198,202,0.9997164590951796,0.9356435643564356,5.0,"{""volume"": 0.35816599104069147, ""citation"": 0.18410874612186642, ""institutions"": 0.1406968022768216, ""persistence"": 0.19291563861055727, ""current"": 0.12411282195006333}",0,10.0,1.0,25.0,1.0,,,,,
core,weight_199,202,0.9990918683458924,1.7178217821782178,8.0,"{""volume"": 0.400172234274113, ""citation"": 0.21522235541838444, ""institutions"": 0.1366012083968534, ""persistence"": 0.14713630581031886, ""current"": 0.10086789610033023}",0,10.0,1.0,25.0,1.0,,,,,
core,weight_200,202,0.9993371912858804,1.4801980198019802,7.0,"{""volume"": 0.36511292951764773, ""citation"": 0.1839861526705722, ""institutions"": 0.17234226391740112, ""persistence"": 0.16693074858758364, ""current"": 0.11162790530679546}",0,10.0,1.0,25.0,1.0,,,,,
core,weight_201,202,0.9998504039644908,0.6584158415841584,4.0,"{""volume"": 0.4100439163523239, ""citation"": 0.19713695271630324, ""institutions"": 0.15654688819940155, ""persistence"": 0.13933773145681666, ""current"": 0.09693451127515486}",0,10.0,1.0,25.0,1.0,,,,,
core,weight_202,202,0.9999057290192062,0.5,3.0,"{""volume"": 0.4044734641836534, ""citation"": 0.1997881302983611, ""institutions"": 0.15363747549873494, ""persistence"": 0.13533576675351872, ""current"": 0.10676516326573199}",0,10.0,1.0,25.0,1.0,,,,,
core,weight_203,202,0.9986441721794452,2.103960396039604,11.0,"{""volume"": 0.36853348484745935, ""citation"": 0.21335125951660944, ""institutions"": 0.14434582721038097, ""persistence"": 0.17302238006564566, ""current"": 0.10074704835990456}",0,10.0,1.0,25.0,1.0,,,,,
core,weight_204,202,0.9994776878064078,1.292079207920792,7.0,"{""volume"": 0.3676014716056094, ""citation"": 0.19060483833034852, ""institutions"": 0.17805894723639235, ""persistence"": 0.14927436164493532, ""current"": 0.11446038118271444}",0,10.0,1.0,25.0,1.0,,,,,
core,weight_205,202,0.9994310982866476,1.381188118811881,5.0,"{""volume"": 0.3413925566522216, ""citation"": 0.19839185621247182, ""institutions"": 0.18317387383787284, ""persistence"": 0.17944655443905122, ""current"": 0.09759515885838264}",0,10.0,1.0,25.0,1.0,,,,,
core,weight_206,202,0.999706267637732,0.9752475247524752,4.0,"{""volume"": 0.44315033166458145, ""citation"": 0.1955046427272663, ""institutions"": 0.13154079760568774, ""persistence"": 0.13807133076698958, ""current"": 0.09173289723547479}",0,10.0,1.0,25.0,1.0,,,,,
core,weight_207,202,0.9952453211206782,4.054455445544554,18.0,"{""volume"": 0.36129255244252545, ""citation"": 0.23884711901011355, ""institutions"": 0.13221214317344113, ""persistence"": 0.15015059935923925, ""current"": 0.11749758601468066}",0,9.0,0.8181818181818182,24.0,0.9230769230769232,,,,,
core,weight_208,202,0.9972493984316196,3.014851485148515,14.0,"{""volume"": 0.37181229332619603, ""citation"": 0.2286182493999847, ""institutions"": 0.1516341891340424, ""persistence"": 0.14648351401652984, ""current"": 0.10145175412324701}",0,10.0,1.0,24.0,0.9230769230769232,,,,,
core,weight_209,202,0.9996815169553596,1.004950495049505,5.0,"{""volume"": 0.3798222769729331, ""citation"": 0.19352999261257056, ""institutions"": 0.16107581683802957, ""persistence"": 0.1454807079925703, ""current"": 0.12009120558389658}",0,10.0,1.0,25.0,1.0,,,,,
core,weight_210,202,0.9992491079750836,1.5693069306930694,7.0,"{""volume"": 0.37602129670063267, ""citation"": 0.20767573005440637, ""institutions"": 0.1260135386200939, ""persistence"": 0.1712650298921588, ""current"": 0.11902440473270819}",0,10.0,1.0,25.0,1.0,,,,,
core,weight_211,202,0.9977844499476174,2.6584158415841586,13.0,"{""volume"": 0.36652599077327475, ""citation"": 0.21916138635221238, ""institutions"": 0.1519268425916662, ""persistence"": 0.1683983103069827, ""current"": 0.09398746997586395}",0,10.0,1.0,24.0,0.9230769230769232,,,,,
core,weight_212,202,0.999592705683316,1.094059405940594,6.0,"{""volume"": 0.379728586120299, ""citation"": 0.20371218110489198, ""institutions"": 0.14138769740947335, ""persistence"": 0.17149783961628917, ""current"": 0.10367369574904646}",0,10.0,1.0,25.0,1.0,,,,,
core,weight_213,202,0.9953596110363404,3.9257425742574257,16.0,"{""volume"": 0.355817429532898, ""citation"": 0.23098140839870335, ""institutions"": 0.16414442353861322, ""persistence"": 0.16827313426254295, ""current"": 0.08078360426724247}",0,10.0,1.0,24.0,0.9230769230769232,,,,,
core,weight_214,202,0.9998140059021778,0.7772277227722773,4.0,"{""volume"": 0.37361858977340034, ""citation"": 0.18567845742623143, ""institutions"": 0.14188363326388811, ""persistence"": 0.18839897870895464, ""current"": 0.11042034082752554}",0,10.0,1.0,25.0,1.0,,,,,
core,weight_215,202,0.9975420388526144,2.905940594059406,12.0,"{""volume"": 0.35760908854360995, ""citation"": 0.21935674655504883, ""institutions"": 0.17328831226610675, ""persistence"": 0.16884379526467475, ""current"": 0.08090205737055978}",0,10.0,1.0,24.0,0.9230769230769232,,,,,
core,weight_216,202,0.9967849591565088,3.262376237623762,14.0,"{""volume"": 0.35810609855471165, ""citation"": 0.2215191031163954, ""institutions"": 0.13951986303189953, ""persistence"": 0.18343065561790375, ""current"": 0.0974242796790897}",0,10.0,1.0,24.0,0.9230769230769232,,,,,
core,weight_217,202,0.999715003172687,0.915841584158416,6.0,"{""volume"": 0.35956688158907174, ""citation"": 0.1912411975975902, ""institutions"": 0.17718146037693744, ""persistence"": 0.17110964983394084, ""current"": 0.10090081060245974}",0,10.0,1.0,25.0,1.0,,,,,
core,weight_218,202,0.994882796420043,4.212871287128713,18.0,"{""volume"": 0.3590240408176766, ""citation"": 0.23988184478461588, ""institutions"": 0.14052114031200139, ""persistence"": 0.14958337738324098, ""current"": 0.1109895967024652}",0,9.0,0.8181818181818182,24.0,0.9230769230769232,,,,,
core,weight_219,202,0.9996873406453294,1.0148514851485149,5.0,"{""volume"": 0.3821547590148698, ""citation"": 0.19396964828654942, ""institutions"": 0.14803575087265894, ""persistence"": 0.1441897038709441, ""current"": 0.1316501379549778}",0,10.0,1.0,25.0,1.0,,,,,
core,weight_220,202,0.9966801327370478,3.341584158415841,16.0,"{""volume"": 0.3678058596197214, ""citation"": 0.2320592432624045, ""institutions"": 0.13633467892307444, ""persistence"": 0.14872735703367365, ""current"": 0.1150728611611259}",0,10.0,1.0,24.0,0.9230769230769232,,,,,
core,weight_221,202,0.9998868020268034,0.5693069306930693,3.0,"{""volume"": 0.3978537869722537, ""citation"": 0.1989037696899264, ""institutions"": 0.14778539570431004, ""persistence"": 0.13748973008045037, ""current"": 0.11796731755305939}",0,10.0,1.0,25.0,1.0,,,,,
core,weight_222,202,0.9970630403525782,3.143564356435644,14.0,"{""volume"": 0.3924349200598694, ""citation"": 0.22769464347181576, ""institutions"": 0.1356414232896117, ""persistence"": 0.1564539015919571, ""current"": 0.08777511158674604}",0,10.0,1.0,24.0,0.9230769230769232,,,,,
core,weight_223,202,0.9997295623976122,0.9752475247524752,4.0,"{""volume"": 0.4201245228058667, ""citation"": 0.192178946858624, ""institutions"": 0.13183200667141187, ""persistence"": 0.15323414910443264, ""current"": 0.10263037455966485}",0,10.0,1.0,25.0,1.0,,,,,
core,weight_224,202,0.9999668777638916,0.193069306930693,2.0,"{""volume"": 0.4098889171783255, ""citation"": 0.20115786184322912, ""institutions"": 0.1528273677745875, ""persistence"": 0.1474219290557692, ""current"": 0.08870392414808866}",0,10.0,1.0,25.0,1.0,,,,,
core,weight_225,202,0.9984447107979711,2.292079207920792,12.0,"{""volume"": 0.3984487262870275, ""citation"": 0.1730931256497143, ""institutions"": 0.1568900865480126, ""persistence"": 0.18253821828744216, ""current"": 0.08902984322780347}",0,10.0,1.0,25.0,1.0,,,,,
core,weight_226,202,0.999500982566288,1.2425742574257426,7.0,"{""volume"": 0.4272235083024956, ""citation"": 0.20910975649378052, ""institutions"": 0.11819372849787078, ""persistence"": 0.15046622553604586, ""current"": 0.09500678116980721}",0,10.0,1.0,25.0,1.0,,,,,
core,weight_227,202,0.997304723486335,2.985148514851485,13.0,"{""volume"": 0.35438551857808853, ""citation"": 0.22183607361359545, ""institutions"": 0.16480216675809595, ""persistence"": 0.16673688777046966, ""current"": 0.09223935327975051}",0,10.0,1.0,24.0,0.9230769230769232,,,,,
core,weight_228,202,0.9998911697942808,0.4900990099009901,3.0,"{""volume"": 0.3931346193607637, ""citation"": 0.19772180997894007, ""institutions"": 0.1655962751059318, ""persistence"": 0.15078779173872114, ""current"": 0.09275950381564325}",0,10.0,1.0,25.0,1.0,,,,,
core,weight_229,202,0.9997208268626572,0.8960396039603961,5.0,"{""volume"": 0.41743157197483355, ""citation"": 0.21010544349644636, ""institutions"": 0.14194370933307807, ""persistence"": 0.13669299567904633, ""current"": 0.09382627951659567}",0,10.0,1.0,25.0,1.0,,,,,
core,weight_230,202,0.9999552303839514,0.2722772277227723,2.0,"{""volume"": 0.4077482492480792, ""citation"": 0.19807424916273464, ""institutions"": 0.15345665198078362, ""persistence"": 0.14932827397776197, ""current"": 0.09139257563064063}",0,10.0,1.0,25.0,1.0,,,,,
core,weight_231,202,0.9941351802201386,4.569306930693069,18.0,"{""volume"": 0.40165350661865623, ""citation"": 0.15526135207538153, ""institutions"": 0.15868546793469956, ""persistence"": 0.17265637127618416, ""current"": 0.11174330209507848}",0,10.0,1.0,24.0,0.9230769230769232,,,,,
core,weight_232,202,0.9956689945659988,3.866336633663366,17.0,"{""volume"": 0.4690022284389075, ""citation"": 0.17138150503517266, ""institutions"": 0.13366072452365893, ""persistence"": 0.1230737259856908, ""current"": 0.10288181601657008}",0,10.0,1.0,24.0,0.9230769230769232,,,,,
core,weight_233,202,0.9997732400723875,0.7970297029702971,5.0,"{""volume"": 0.42407619896168053, ""citation"": 0.21194612015576036, ""institutions"": 0.146429634625108, ""persistence"": 0.12574959920730544, ""current"": 0.0917984470501457}",0,10.0,1.0,25.0,1.0,,,,,
core,weight_234,202,0.999554851698511,1.2326732673267329,6.0,"{""volume"": 0.406790124745691, ""citation"": 0.18836905310522079, ""institutions"": 0.15649952518101207, ""persistence"": 0.1533948511221845, ""current"": 0.09494644584589167}",0,10.0,1.0,25.0,1.0,,,,,
core,weight_235,202,0.9990816768884448,1.7772277227722773,8.0,"{""volume"": 0.42212022165412527, ""citation"": 0.18325927725754124, ""institutions"": 0.12609131830883508, ""persistence"": 0.15881029004453842, ""current"": 0.10971889273496006}",0,10.0,1.0,25.0,1.0,,,,,
core,weight_236,202,0.9976585126520152,2.757425742574257,13.0,"{""volume"": 0.37503305133358134, ""citation"": 0.22062513454484226, ""institutions"": 0.144392867399282, ""persistence"": 0.1668031577010713, ""current"": 0.09314578902122309}",0,10.0,1.0,24.0,0.9230769230769232,,,,,
core,weight_237,202,0.9998445802745206,0.6287128712871287,4.0,"{""volume"": 0.39873428714820813, ""citation"": 0.20650674121898335, ""institutions"": 0.15265517676747908, ""persistence"": 0.14289843752308334, ""current"": 0.09920535734224621}",0,10.0,1.0,25.0,1.0,,,,,
core,weight_238,202,0.9988392657934416,1.9455445544554453,9.0,"{""volume"": 0.4307697948375143, ""citation"": 0.2265317768600379, ""institutions"": 0.13979616046769183, ""persistence"": 0.1143910951936574, ""current"": 0.08851117264109862}",0,10.0,1.0,25.0,1.0,,,,,
core,weight_239,202,0.9958881109011216,3.668316831683169,16.0,"{""volume"": 0.32818724500143626, ""citation"": 0.2318111471852045, ""institutions"": 0.16748951853480004, ""persistence"": 0.15545457100564453, ""current"": 0.11705751827291462}",0,10.0,1.0,24.0,0.9230769230769232,,,,,
core,weight_240,202,0.9981375111520512,2.50990099009901,12.0,"{""volume"": 0.42416764428306786, ""citation"": 0.17898679294818431, ""institutions"": 0.15524142846927214, ""persistence"": 0.1453070477003755, ""current"": 0.09629708659910025}",0,10.0,1.0,25.0,1.0,,,,,
core,weight_241,202,0.993472735486046,4.787128712871287,19.0,"{""volume"": 0.3559698701192693, ""citation"": 0.24351070831477742, ""institutions"": 0.15187243533557251, ""persistence"": 0.15953107115995588, ""current"": 0.08911591507042486}",0,9.0,0.8181818181818182,24.0,0.9230769230769232,,,,,
core,weight_242,202,0.9981571661057002,2.4405940594059405,12.0,"{""volume"": 0.36209261370516105, ""citation"": 0.22098777841740372, ""institutions"": 0.14991793470451095, ""persistence"": 0.1552449480583248, ""current"": 0.11175672511459955}",0,10.0,1.0,24.0,0.9230769230769232,,,,,
core,weight_243,202,0.999888257949296,0.5396039603960396,3.0,"{""volume"": 0.3844169619425002, ""citation"": 0.2001133241304453, ""institutions"": 0.13512564794915957, ""persistence"": 0.16059176263763525, ""current"": 0.1197523033402598}",0,10.0,1.0,25.0,1.0,,,,,
core,weight_244,202,0.9982445214552508,2.43069306930693,12.0,"{""volume"": 0.4371416756134227, ""citation"": 0.1811318037443326, ""institutions"": 0.1481866606853369, ""persistence"": 0.1378088051614247, ""current"": 0.09573105479548318}",0,10.0,1.0,25.0,1.0,,,,,
core,weight_245,202,0.9990758531984748,1.7376237623762376,8.0,"{""volume"": 0.3983749049630362, ""citation"": 0.21573929239683826, ""institutions"": 0.14585190361709158, ""persistence"": 0.14529135133785917, ""current"": 0.0947425476851748}",0,10.0,1.0,25.0,1.0,,,,,
core,weight_246,202,0.9991624805867791,1.6584158415841583,8.0,"{""volume"": 0.37510512834740856, ""citation"": 0.2097704479759545, ""institutions"": 0.1519896238854114, ""persistence"": 0.16589184021987388, ""current"": 0.09724295957135165}",0,10.0,1.0,25.0,1.0,,,,,
core,weight_247,202,0.9930301350483224,4.975247524752476,19.0,"{""volume"": 0.34442441287667497, ""citation"": 0.2406961892103687, ""institutions"": 0.14618516078889993, ""persistence"": 0.17810041442294475, ""current"": 0.09059382270111163}",0,9.0,0.8181818181818182,24.0,0.9230769230769232,,,,,
core,weight_248,202,0.9988217947235316,1.965346534653465,10.0,"{""volume"": 0.4310223931655252, ""citation"": 0.18367972093707804, ""institutions"": 0.1602398086598684, ""persistence"": 0.14244758199742683, ""current"": 0.08261049524010153}",0,10.0,1.0,25.0,1.0,,,,,
core,weight_249,202,0.9984024890456884,2.282178217821782,11.0,"{""volume"": 0.35855090017882557, ""citation"": 0.21583901783102322, ""institutions"": 0.14296951174293238, ""persistence"": 0.17018170513957703, ""current"": 0.11245886510764193}",0,10.0,1.0,24.0,0.9230769230769232,,,,,
core,weight_250,202,0.998914245801806,1.9257425742574257,9.0,"{""volume"": 0.43467235734729104, ""citation"": 0.21870539478794312, ""institutions"": 0.1213886117122429, ""persistence"": 0.13819836157076426, ""current"": 0.08703527458175858}",0,10.0,1.0,24.0,0.9230769230769232,,,,,
core,weight_251,202,0.9993852367281332,1.4207920792079207,7.0,"{""volume"": 0.4351535372215349, ""citation"": 0.19440082088332009, ""institutions"": 0.1484589985294857, ""persistence"": 0.12018791684165893, ""current"": 0.10179872652400049}",0,10.0,1.0,25.0,1.0,,,,,
core,weight_252,202,0.9976454093495828,2.8168316831683167,13.0,"{""volume"": 0.46688570491762393, ""citation"": 0.18017621705923786, ""institutions"": 0.1343942839251748, ""persistence"": 0.12895481582743665, ""current"": 0.08958897827052661}",0,10.0,1.0,25.0,1.0,,,,,
core,weight_253,202,0.999495158876318,1.2326732673267329,6.0,"{""volume"": 0.372782722212567, ""citation"": 0.21407515556646686, ""institutions"": 0.14901793689498247, ""persistence"": 0.13434384970023944, ""current"": 0.12978033562574431}",0,10.0,1.0,25.0,1.0,,,,,
core,weight_254,202,0.9975544141938008,2.8465346534653464,13.0,"{""volume"": 0.3997133022419933, ""citation"": 0.22744393822094242, ""institutions"": 0.14163432215412083, ""persistence"": 0.14412327905168995, ""current"": 0.0870851583312536}",0,10.0,1.0,24.0,0.9230769230769232,,,,,
core,weight_255,202,0.9992381885563898,1.599009900990099,6.0,"{""volume"": 0.3913530072334768, ""citation"": 0.21230177955868465, ""institutions"": 0.15972212193795665, ""persistence"": 0.15039701633742503, ""current"": 0.08622607493245686}",0,10.0,1.0,25.0,1.0,,,,,
core,weight_256,202,0.996717986721853,3.3316831683168315,14.0,"{""volume"": 0.45816473072884334, ""citation"": 0.17035174290379604, ""institutions"": 0.12211035300869584, ""persistence"": 0.15791945471171714, ""current"": 0.09145371864694761}",0,10.0,1.0,24.0,0.9230769230769232,,,,,
core,weight_257,202,0.9989477320191338,1.8564356435643563,9.0,"{""volume"": 0.37710815787819296, ""citation"": 0.2129093512317391, ""institutions"": 0.13713221821043706, ""persistence"": 0.1626816455129794, ""current"": 0.11016862716665152}",0,10.0,1.0,25.0,1.0,,,,,
core,weight_258,202,0.9997921670647902,0.7772277227722773,4.0,"{""volume"": 0.4092482837359388, ""citation"": 0.18909454789233382, ""institutions"": 0.15361194461564529, ""persistence"": 0.16956107112387953, ""current"": 0.07848415263220253}",0,10.0,1.0,25.0,1.0,,,,,
core,weight_259,202,0.999917376399146,0.3415841584158416,4.0,"{""volume"": 0.37000959310821524, ""citation"": 0.19612790426500162, ""institutions"": 0.15692304958891531, ""persistence"": 0.16791704987534883, ""current"": 0.10902240316251895}",0,10.0,1.0,25.0,1.0,,,,,
core,weight_260,202,0.9977931854825725,2.737623762376238,13.0,"{""volume"": 0.41487330531315275, ""citation"": 0.2301834029030004, ""institutions"": 0.1283285994185523, ""persistence"": 0.13152394792563846, ""current"": 0.09509074443965591}",0,10.0,1.0,24.0,0.9230769230769232,,,,,
core,weight_261,202,0.9997754239561264,0.7871287128712872,4.0,"{""volume"": 0.39621187844148903, ""citation"": 0.20714431392125016, ""institutions"": 0.156660866759479, ""persistence"": 0.1436564892761915, ""current"": 0.09632645160159027}",0,10.0,1.0,25.0,1.0,,,,,
core,weight_262,202,0.99913117825319,1.688118811881188,8.0,"{""volume"": 0.41154692291003875, ""citation"": 0.18299300903295296, ""institutions"": 0.14901756336305869, ""persistence"": 0.15855124818742622, ""current"": 0.09789125650652357}",0,10.0,1.0,25.0,1.0,,,,,
core,weight_263,202,0.9994907911088404,1.2524752475247525,6.0,"{""volume"": 0.367504404845916, ""citation"": 0.20240004635969383, ""institutions"": 0.13199080536260374, ""persistence"": 0.18280903932481465, ""current"": 0.11529570410697186}",0,10.0,1.0,25.0,1.0,,,,,
core,weight_264,202,0.9990671176635196,1.7475247524752475,8.0,"{""volume"": 0.4416993727487326, ""citation"": 0.2180860496962619, ""institutions"": 0.11906517262512707, ""persistence"": 0.1325066178454958, ""current"": 0.08864278708438261}",0,10.0,1.0,24.0,0.9230769230769232,,,,,
core,weight_265,202,0.9992891458436276,1.5495049504950495,7.0,"{""volume"": 0.3883732845201384, ""citation"": 0.18965403993331775, ""institutions"": 0.16767717804341398, ""persistence"": 0.13760566544287514, ""current"": 0.11668983206025481}",0,10.0,1.0,25.0,1.0,,,,,
core,weight_266,202,0.9943433771365676,4.420792079207921,18.0,"{""volume"": 0.45179191938475166, ""citation"": 0.16276739573384755, ""institutions"": 0.15256688815162117, ""persistence"": 0.1360312729069203, ""current"": 0.09684252382285932}",0,10.0,1.0,24.0,0.9230769230769232,,,,,
core,weight_267,202,0.9975194720539804,2.866336633663366,13.0,"{""volume"": 0.39172945528432335, ""citation"": 0.22354452012370882, ""institutions"": 0.1363593076918371, ""persistence"": 0.16084452661964496, ""current"": 0.08752219028048579}",0,10.0,1.0,24.0,0.9230769230769232,,,,,
core,weight_268,202,0.9998868020268034,0.5198019801980198,3.0,"{""volume"": 0.4147985681443632, ""citation"": 0.20598489994753322, ""institutions"": 0.13464244895132424, ""persistence"": 0.12616008422401087, ""current"": 0.11841399873276845}",0,10.0,1.0,25.0,1.0,,,,,
core,weight_269,202,0.995478996680726,3.955445544554456,17.0,"{""volume"": 0.4314300725385672, ""citation"": 0.16363270524780543, ""institutions"": 0.14023927835973032, ""persistence"": 0.15655435528324613, ""current"": 0.10814358857065094}",0,10.0,1.0,24.0,0.9230769230769232,,,,,
core,weight_270,202,0.99943255420914,1.3613861386138617,7.0,"{""volume"": 0.36783541033237305, ""citation"": 0.19232646293051495, ""institutions"": 0.18785644504375068, ""persistence"": 0.14356005640581812, ""current"": 0.10842162528754312}",0,10.0,1.0,24.0,0.9230769230769232,,,,,
core,weight_271,202,0.999706267637732,0.915841584158416,6.0,"{""volume"": 0.3486498012259381, ""citation"": 0.18927207689924352, ""institutions"": 0.17787025969894865, ""persistence"": 0.1870028940665848, ""current"": 0.09720496810928486}",0,10.0,1.0,25.0,1.0,,,,,
core,weight_272,202,0.999666957730434,1.0148514851485149,5.0,"{""volume"": 0.43818783957883367, ""citation"": 0.18989761310214096, ""institutions"": 0.11568742439319853, ""persistence"": 0.1673660742845042, ""current"": 0.0888610486413226}",0,10.0,1.0,25.0,1.0,,,,,
core,weight_273,202,0.9999100967866836,0.4405940594059406,3.0,"{""volume"": 0.3959008067880892, ""citation"": 0.20062273640236095, ""institutions"": 0.14466940450176116, ""persistence"": 0.16214608458871427, ""current"": 0.09666096771907441}",0,10.0,1.0,25.0,1.0,,,,,
core,weight_274,202,0.999737569971321,0.915841584158416,4.0,"{""volume"": 0.4049467441064423, ""citation"": 0.19881938676859212, ""institutions"": 0.16513116877865983, ""persistence"": 0.12312232578858051, ""current"": 0.10798037455772522}",0,10.0,1.0,25.0,1.0,,,,,
core,weight_275,202,0.9994718641164376,1.2722772277227723,7.0,"{""volume"": 0.42221754744069717, ""citation"": 0.18694116708545036, ""institutions"": 0.15514134333610025, ""persistence"": 0.1557642011533816, ""current"": 0.07993574098437073}",0,10.0,1.0,25.0,1.0,,,,,
core,weight_276,202,0.9993568462395296,1.4207920792079207,7.0,"{""volume"": 0.40925783499635926, ""citation"": 0.21176110119326183, ""institutions"": 0.12842243439790438, ""persistence"": 0.14801100851254592, ""current"": 0.10254762089992854}",0,10.0,1.0,25.0,1.0,,,,,
core,weight_277,202,0.9997281064751196,0.9356435643564356,4.0,"{""volume"": 0.41264002197322336, ""citation"": 0.19097256919964323, ""institutions"": 0.1462156815124659, ""persistence"": 0.15472388300272133, ""current"": 0.09544784431194597}",0,10.0,1.0,25.0,1.0,,,,,
core,weight_278,202,0.999908640864191,0.4405940594059406,3.0,"{""volume"": 0.41510334810639365, ""citation"": 0.19815377301706594, ""institutions"": 0.1323579138848559, ""persistence"": 0.15734898789792381, ""current"": 0.09703597709376088}",0,10.0,1.0,25.0,1.0,,,,,
core,weight_279,202,0.999409987410506,1.381188118811881,6.0,"{""volume"": 0.35952804547874845, ""citation"": 0.2039050549249592, ""institutions"": 0.16440324133010434, ""persistence"": 0.17060726747463312, ""current"": 0.10155639079155485}",0,10.0,1.0,25.0,1.0,,,,,
core,weight_280,202,0.9989622912440588,1.8465346534653464,8.0,"{""volume"": 0.4212457344763624, ""citation"": 0.21947156892928404, ""institutions"": 0.1409051882597962, ""persistence"": 0.13668717318057363, ""current"": 0.08169033515398391}",0,10.0,1.0,25.0,1.0,,,,,
core,weight_281,202,0.9993175363322316,1.50990099009901,7.0,"{""volume"": 0.36820026356582336, ""citation"": 0.20393792516730622, ""institutions"": 0.16643643506777295, ""persistence"": 0.17482023817233985, ""current"": 0.08660513802675761}",0,10.0,1.0,25.0,1.0,,,,,
core,weight_282,202,0.9991515611680852,1.6386138613861383,8.0,"{""volume"": 0.35282287727949246, ""citation"": 0.20639331034890618, ""institutions"": 0.14128825754517746, ""persistence"": 0.18248310115476615, ""current"": 0.11701245367165779}",0,10.0,1.0,25.0,1.0,,,,,
core,weight_283,202,0.9975420388526144,2.8564356435643563,13.0,"{""volume"": 0.436900697684778, ""citation"": 0.1747887012839255, ""institutions"": 0.14531941557527564, ""persistence"": 0.14874351451384066, ""current"": 0.09424767094218021}",0,10.0,1.0,25.0,1.0,,,,,
core,weight_284,202,0.9987140564590856,2.084158415841584,11.0,"{""volume"": 0.3730905534806966, ""citation"": 0.1758718339433363, ""institutions"": 0.1672669826160397, ""persistence"": 0.18122017523426687, ""current"": 0.1025504547256606}",0,10.0,1.0,25.0,1.0,,,,,
core,weight_285,202,0.9932710902208332,4.866336633663367,20.0,"{""volume"": 0.44258088106800053, ""citation"": 0.15254798857425445, ""institutions"": 0.16100211653371113, ""persistence"": 0.1660174957152654, ""current"": 0.07785151810876835}",0,10.0,1.0,24.0,0.9230769230769232,,,,,
core,weight_286,202,0.9996858847228368,0.995049504950495,4.0,"{""volume"": 0.42440734665847735, ""citation"": 0.19307529627907571, ""institutions"": 0.15682308203766412, ""persistence"": 0.1406507088449979, ""current"": 0.08504356617978488}",0,10.0,1.0,25.0,1.0,,,,,
core,weight_287,202,0.9999137365929148,0.4405940594059406,3.0,"{""volume"": 0.4385376090302391, ""citation"": 0.2017183539804584, ""institutions"": 0.14159731770247497, ""persistence"": 0.1322264462383432, ""current"": 0.08592027304848415}",0,10.0,1.0,25.0,1.0,,,,,
core,weight_288,202,0.9997877992973128,0.7871287128712872,4.0,"{""volume"": 0.42711043471350213, ""citation"": 0.19691230231350254, ""institutions"": 0.12308787832784969, ""persistence"": 0.1480945501069362, ""current"": 0.10479483453820944}",0,10.0,1.0,25.0,1.0,,,,,
core,weight_289,202,0.9985014917751792,2.232673267326733,11.0,"{""volume"": 0.41038844471312863, ""citation"": 0.22070166424235743, ""institutions"": 0.1367576229959979, ""persistence"": 0.14651013882407338, ""current"": 0.08564212922444278}",0,10.0,1.0,24.0,0.9230769230769232,,,,,
core,weight_290,202,0.9967485610941956,3.292079207920792,15.0,"{""volume"": 0.357515781425333, ""citation"": 0.22610058023784868, ""institutions"": 0.15400948675611703, ""persistence"": 0.16440735747985014, ""current"": 0.09796679410085131}",0,10.0,1.0,24.0,0.9230769230769232,,,,,
core,weight_291,202,0.9989375405616864,1.886138613861386,9.0,"{""volume"": 0.43145533678140574, ""citation"": 0.2206562542641516, ""institutions"": 0.12613064819043784, ""persistence"": 0.13024204097607367, ""current"": 0.09151571978793113}",0,10.0,1.0,24.0,0.9230769230769232,,,,,
core,weight_292,202,0.9945253674481316,4.361386138613861,18.0,"{""volume"": 0.4191441069749626, ""citation"": 0.16034888936087824, ""institutions"": 0.15554273392237664, ""persistence"": 0.15377158953356296, ""current"": 0.11119268020821949}",0,10.0,1.0,24.0,0.9230769230769232,,,,,
core,weight_293,202,0.9941359081813848,4.50990099009901,18.0,"{""volume"": 0.3331783069073007, ""citation"": 0.23500494089384194, ""institutions"": 0.14677720179367876, ""persistence"": 0.17949715153989584, ""current"": 0.10554239886528284}",0,9.0,0.8181818181818182,24.0,0.9230769230769232,,,,,
core,weight_294,202,0.999110795338295,1.7277227722772277,8.0,"{""volume"": 0.3796221381586139, ""citation"": 0.2055094884599274, ""institutions"": 0.129442083051179, ""persistence"": 0.18573831057890786, ""current"": 0.09968797975137181}",0,10.0,1.0,25.0,1.0,,,,,
core,weight_295,202,0.9987300716065034,2.0643564356435644,9.0,"{""volume"": 0.3774526554723957, ""citation"": 0.21500971509501415, ""institutions"": 0.16060036137537503, ""persistence"": 0.15818530292170638, ""current"": 0.0887519651355088}",0,10.0,1.0,25.0,1.0,,,,,
core,weight_296,202,0.9985415296437232,2.193069306930693,11.0,"{""volume"": 0.437146332769298, ""citation"": 0.17732432714085483, ""institutions"": 0.12414136632681678, ""persistence"": 0.17047949249438324, ""current"": 0.09090848126864727}",0,10.0,1.0,25.0,1.0,,,,,
core,weight_297,202,0.9994056196430284,1.4207920792079207,6.0,"{""volume"": 0.36603576295160667, ""citation"": 0.20053474354914858, ""institutions"": 0.17629867028282306, ""persistence"": 0.17763590662114248, ""current"": 0.07949491659527931}",0,10.0,1.0,25.0,1.0,,,,,
core,weight_298,202,0.9986609152881092,2.133663366336634,10.0,"{""volume"": 0.4078368505033958, ""citation"": 0.1793891848709711, ""institutions"": 0.1360100428286024, ""persistence"": 0.1623176669409522, ""current"": 0.1144462548560784}",0,10.0,1.0,25.0,1.0,,,,,
core,weight_299,202,0.9993794130381634,1.4108910891089108,7.0,"{""volume"": 0.3680382053132693, ""citation"": 0.20162589168462172, ""institutions"": 0.16834613572869248, ""persistence"": 0.1791367009639474, ""current"": 0.08285306630946913}",0,10.0,1.0,25.0,1.0,,,,,
core,weight_300,202,0.9997790637623576,0.8168316831683168,4.0,"{""volume"": 0.41749995362403086, ""citation"": 0.19270725922474172, ""institutions"": 0.14990259296326885, ""persistence"": 0.1504331086063812, ""current"": 0.08945708558157738}",0,10.0,1.0,25.0,1.0,,,,,
core,weight_301,202,0.999968333686384,0.193069306930693,2.0,"{""volume"": 0.4079878650862677, ""citation"": 0.2002532695009304, ""institutions"": 0.1471462625327854, ""persistence"": 0.15277151245344756, ""current"": 0.09184109042656888}",0,10.0,1.0,25.0,1.0,,,,,
core,weight_302,202,0.999642935009308,1.0247524752475248,6.0,"{""volume"": 0.40673182199985, ""citation"": 0.21401879405713928, ""institutions"": 0.1488486371597699, ""persistence"": 0.1284196732905213, ""current"": 0.10198107349271954}",0,10.0,1.0,25.0,1.0,,,,,
core,weight_303,202,0.9977793542188936,2.717821782178218,13.0,"{""volume"": 0.3424251043099909, ""citation"": 0.21442824619759157, ""institutions"": 0.12801757782897405, ""persistence"": 0.1892113396408278, ""current"": 0.12591773202261566}",0,10.0,1.0,24.0,0.9230769230769232,,,,,
core,weight_304,202,0.9968468358624404,3.193069306930693,15.0,"{""volume"": 0.3598351409657096, ""citation"": 0.22705099519456762, ""institutions"": 0.16845461199708633, ""persistence"": 0.15711868112703709, ""current"": 0.08754057071559929}",0,10.0,1.0,24.0,0.9230769230769232,,,,,
core,weight_305,202,0.9999486787327352,0.3019801980198019,3.0,"{""volume"": 0.41252274253589144, ""citation"": 0.20418713459742982, ""institutions"": 0.15905741029671563, ""persistence"": 0.1211104418013011, ""current"": 0.10312227076866219}",0,10.0,1.0,25.0,1.0,,,,,
core,weight_306,202,0.997045569282668,3.1534653465346536,14.0,"{""volume"": 0.4013887771973487, ""citation"": 0.23550843824706022, ""institutions"": 0.13941298427223042, ""persistence"": 0.12929473558525745, ""current"": 0.09439506469810315}",0,10.0,1.0,24.0,0.9230769230769232,,,,,
core,weight_307,202,0.9992483800138372,1.5495049504950495,7.0,"{""volume"": 0.41901100274904624, ""citation"": 0.2170528817389287, ""institutions"": 0.14186836295140165, ""persistence"": 0.13150198853100037, ""current"": 0.09056576402962295}",0,10.0,1.0,25.0,1.0,,,,,
core,weight_308,202,0.998037052500068,2.5693069306930694,13.0,"{""volume"": 0.4161691857113498, ""citation"": 0.17895630063209078, ""institutions"": 0.15355663467186373, ""persistence"": 0.14314654428372192, ""current"": 0.10817133470097375}",0,10.0,1.0,25.0,1.0,,,,,
core,weight_309,202,0.9988989586156346,1.886138613861386,8.0,"{""volume"": 0.36517992182671194, ""citation"": 0.2130983751661275, ""institutions"": 0.14837580795660055, ""persistence"": 0.16183756539045419, ""current"": 0.11150832966010583}",0,10.0,1.0,25.0,1.0,,,,,
core,weight_310,202,0.995609301743806,3.8168316831683167,17.0,"{""volume"": 0.32981679059744656, ""citation"": 0.23277037006669749, ""institutions"": 0.1602672813029143, ""persistence"": 0.1589535895547435, ""current"": 0.11819196847819807}",0,10.0,1.0,24.0,0.9230769230769232,,,,,
core,weight_311,202,0.995410568323578,3.9455445544554455,18.0,"{""volume"": 0.4251443491157869, ""citation"": 0.16354752364754083, ""institutions"": 0.16700183721694592, ""persistence"": 0.15310184743734329, ""current"": 0.0912044425823832}",0,10.0,1.0,24.0,0.9230769230769232,,,,,
core,weight_312,202,0.997529663511428,2.866336633663366,14.0,"{""volume"": 0.440839240793258, ""citation"": 0.17078528690250805, ""institutions"": 0.14212015350360974, ""persistence"": 0.16608293948393804, ""current"": 0.08017237931668611}",0,10.0,1.0,25.0,1.0,,,,,
core,weight_313,202,0.9988327141422252,2.0346534653465347,8.0,"{""volume"": 0.3660548108849635, ""citation"": 0.21363008146916573, ""institutions"": 0.18005973642272324, ""persistence"": 0.15274756035798362, ""current"": 0.08750781086516392}",0,10.0,1.0,25.0,1.0,,,,,
core,weight_314,202,0.9998212855146402,0.7574257425742574,4.0,"{""volume"": 0.40810415338035677, ""citation"": 0.19312661186434696, ""institutions"": 0.12985438642787053, ""persistence"": 0.1604973595822603, ""current"": 0.10841748874516532}",0,10.0,1.0,25.0,1.0,,,,,
core,weight_315,202,0.9999632379576602,0.2524752475247525,2.0,"{""volume"": 0.41279430502982994, ""citation"": 0.20471312995070207, ""institutions"": 0.15163608180335097, ""persistence"": 0.12318494812389695, ""current"": 0.10767153509222005}",0,10.0,1.0,25.0,1.0,,,,,
core,weight_316,202,0.9973389376649092,3.0544554455445545,14.0,"{""volume"": 0.42300741587589513, ""citation"": 0.17373895614089088, ""institutions"": 0.16222945735165664, ""persistence"": 0.14573660938879685, ""current"": 0.09528756124276065}",0,10.0,1.0,25.0,1.0,,,,,
core,weight_317,202,0.9983711867120992,2.351485148514852,11.0,"{""volume"": 0.40251928861234454, ""citation"": 0.18357682647392654, ""institutions"": 0.1550027651722689, ""persistence"": 0.13258576271294578, ""current"": 0.1263153570285141}",0,10.0,1.0,25.0,1.0,,,,,
core,weight_318,202,0.9980887377485522,2.5,13.0,"{""volume"": 0.44601230959348964, ""citation"": 0.17993312854488316, ""institutions"": 0.13550730640902608, ""persistence"": 0.14142647583706952, ""current"": 0.09712077961553167}",0,10.0,1.0,25.0,1.0,,,,,
core,weight_319,202,0.999130450291944,1.707920792079208,8.0,"{""volume"": 0.3996949483192939, ""citation"": 0.21503135438152926, ""institutions"": 0.15401876035921844, ""persistence"": 0.14594343709340746, ""current"": 0.08531149984655095}",0,10.0,1.0,25.0,1.0,,,,,
core,weight_320,202,0.9978594299559818,2.6881188118811883,12.0,"{""volume"": 0.4230547693314764, ""citation"": 0.178610550923203, ""institutions"": 0.17009841947338528, ""persistence"": 0.13750870605027407, ""current"": 0.09072755422166127}",0,10.0,1.0,24.0,0.9230769230769232,,,,,
core,weight_321,202,0.99880650753736,2.004950495049505,9.0,"{""volume"": 0.4452721149440289, ""citation"": 0.1841786483160815, ""institutions"": 0.13560929957361062, ""persistence"": 0.1422174636191787, ""current"": 0.09272247354710032}",0,10.0,1.0,25.0,1.0,,,,,
core,weight_322,202,0.9997943509485288,0.7475247524752475,5.0,"{""volume"": 0.4313553777817454, ""citation"": 0.20070115869681163, ""institutions"": 0.11690776617671714, ""persistence"": 0.15259913949125145, ""current"": 0.09843655785347445}",0,10.0,1.0,25.0,1.0,,,,,
core,weight_323,202,0.9998380286233044,0.6881188118811881,4.0,"{""volume"": 0.38894616165984175, ""citation"": 0.19076507418109043, ""institutions"": 0.15096359189461744, ""persistence"": 0.16419230338450605, ""current"": 0.10513286887994427}",0,10.0,1.0,25.0,1.0,,,,,
core,weight_324,202,0.999771784149895,0.8168316831683168,5.0,"{""volume"": 0.4083529844651814, ""citation"": 0.1996581849912948, ""institutions"": 0.14083657202329905, ""persistence"": 0.17367162880034034, ""current"": 0.07748062971988444}",0,10.0,1.0,25.0,1.0,,,,,
core,weight_325,202,0.99843524730177,2.282178217821782,11.0,"{""volume"": 0.40532288793463767, ""citation"": 0.17630990343178077, ""institutions"": 0.13985295754570548, ""persistence"": 0.17061029475344225, ""current"": 0.10790395633443385}",0,10.0,1.0,25.0,1.0,,,,,
core,weight_326,202,0.9989135178405598,1.896039603960396,10.0,"{""volume"": 0.34678517965645606, ""citation"": 0.1842099276586197, ""institutions"": 0.18838668962800972, ""persistence"": 0.15499868161430666, ""current"": 0.12561952144260793}",0,10.0,1.0,24.0,0.9230769230769232,,,,,
core,weight_327,202,0.9992396444788822,1.5891089108910892,7.0,"{""volume"": 0.4318580203505861, ""citation"": 0.1885306606361709, ""institutions"": 0.13705011671165543, ""persistence"": 0.14000551507997697, ""current"": 0.10255568722161046}",0,10.0,1.0,25.0,1.0,,,,,
core,weight_328,202,0.999523549364922,1.2227722772277227,5.0,"{""volume"": 0.375368218110117, ""citation"": 0.20539297731537182, ""institutions"": 0.16012066784225842, ""persistence"": 0.16371084269655584, ""current"": 0.09540729403569685}",0,10.0,1.0,25.0,1.0,,,,,
core,weight_329,202,0.9974779782629436,2.896039603960396,14.0,"{""volume"": 0.4553324493376197, ""citation"": 0.17677192096837638, ""institutions"": 0.14418532091169664, ""persistence"": 0.13747749752444435, ""current"": 0.08623281125786292}",0,10.0,1.0,25.0,1.0,,,,,
core,weight_330,202,0.9995701388846822,1.193069306930693,6.0,"{""volume"": 0.44119039356549794, ""citation"": 0.19303450321633017, ""institutions"": 0.14587698039273042, ""persistence"": 0.13544241846042482, ""current"": 0.08445570436501676}",0,10.0,1.0,25.0,1.0,,,,,
core,weight_331,202,0.9988530970571206,1.935643564356436,9.0,"{""volume"": 0.3894115375373895, ""citation"": 0.21194756033181594, ""institutions"": 0.13336428926038338, ""persistence"": 0.17087758508638687, ""current"": 0.09439902778402426}",0,10.0,1.0,25.0,1.0,,,,,
core,weight_332,202,0.9997288344363658,0.9554455445544554,5.0,"{""volume"": 0.4065410029471131, ""citation"": 0.19574433534864147, ""institutions"": 0.1335994473894012, ""persistence"": 0.14205447345104952, ""current"": 0.12206074086379481}",0,10.0,1.0,25.0,1.0,,,,,
core,weight_333,202,0.9988196108397928,2.004950495049505,9.0,"{""volume"": 0.408347077405764, ""citation"": 0.18210343435297577, ""institutions"": 0.14163818418719074, ""persistence"": 0.15328263489371038, ""current"": 0.11462866916035898}",0,10.0,1.0,25.0,1.0,,,,,
core,weight_334,202,0.9992592994325312,1.5693069306930694,7.0,"{""volume"": 0.3404955141077181, ""citation"": 0.1810130942053786, ""institutions"": 0.18715874815621866, ""persistence"": 0.18428945723567144, ""current"": 0.10704318629501322}",0,10.0,1.0,24.0,0.9230769230769232,,,,,
core,weight_335,202,0.9996189122881812,1.123762376237624,5.0,"{""volume"": 0.4141578168280985, ""citation"": 0.18848384068667637, ""institutions"": 0.13737914760890443, ""persistence"": 0.15995284299013943, ""current"": 0.10002635188618123}",0,10.0,1.0,25.0,1.0,,,,,
core,weight_336,202,0.996766032164106,3.3217821782178216,14.0,"{""volume"": 0.46092119641731666, ""citation"": 0.17514975178258674, ""institutions"": 0.12686528624581747, ""persistence"": 0.13747805512674693, ""current"": 0.09958571042753217}",0,10.0,1.0,24.0,0.9230769230769232,,,,,
core,weight_337,202,0.9984090406969048,2.311881188118812,10.0,"{""volume"": 0.36554541734414203, ""citation"": 0.22542503448155807, ""institutions"": 0.1697967101039018, ""persistence"": 0.13005481407431843, ""current"": 0.10917802399607951}",0,10.0,1.0,25.0,1.0,,,,,
core,weight_338,202,0.997711653822992,2.8069306930693068,13.0,"{""volume"": 0.39615021606429596, ""citation"": 0.1746898522650871, ""institutions"": 0.15968506367666802, ""persistence"": 0.15571090074016847, ""current"": 0.11376396725378055}",0,10.0,1.0,25.0,1.0,,,,,
core,weight_339,202,0.99993411950781,0.3613861386138614,2.0,"{""volume"": 0.39275598178721355, ""citation"": 0.1958858537722747, ""institutions"": 0.15553646952131556, ""persistence"": 0.17187227937684002, ""current"": 0.08394941554235633}",0,10.0,1.0,25.0,1.0,,,,,
core,weight_340,202,0.9962863057028236,3.599009900990099,15.0,"{""volume"": 0.4198653342383411, ""citation"": 0.16757642963102423, ""institutions"": 0.14129233348917664, ""persistence"": 0.1581728141169392, ""current"": 0.11309308852451898}",0,10.0,1.0,24.0,0.9230769230769232,,,,,
core,weight_341,202,0.9979577047242264,2.6683168316831685,12.0,"{""volume"": 0.3619050580151979, ""citation"": 0.1714031159483903, ""institutions"": 0.17590666403840005, ""persistence"": 0.1818598982616297, ""current"": 0.108925263736382}",0,10.0,1.0,24.0,0.9230769230769232,,,,,
core,weight_342,202,0.9992636672000086,1.5,8.0,"{""volume"": 0.4177299036400131, ""citation"": 0.18149432203543064, ""institutions"": 0.14489682944171992, ""persistence"": 0.17124015103145554, ""current"": 0.08463879385138078}",0,10.0,1.0,25.0,1.0,,,,,
core,weight_343,202,0.9999595981514288,0.2623762376237624,2.0,"{""volume"": 0.42297466982124743, ""citation"": 0.20317957000669654, ""institutions"": 0.15415684187905113, ""persistence"": 0.12782008970572856, ""current"": 0.09186882858727632}",0,10.0,1.0,25.0,1.0,,,,,
core,weight_344,202,0.9998984494067434,0.4702970297029702,3.0,"{""volume"": 0.39051145959926015, ""citation"": 0.19668409797508768, ""institutions"": 0.1622805283633045, ""persistence"": 0.16641231366625817, ""current"": 0.08411160039608949}",0,10.0,1.0,25.0,1.0,,,,,
core,weight_345,202,0.9998278371658568,0.7772277227722773,3.0,"{""volume"": 0.4217910953724757, ""citation"": 0.1999352056079111, ""institutions"": 0.14226348467996625, ""persistence"": 0.12679838192595214, ""current"": 0.10921183241369477}",0,10.0,1.0,25.0,1.0,,,,,
core,weight_346,202,0.9983988492394572,2.3316831683168315,11.0,"{""volume"": 0.4138683956281801, ""citation"": 0.17631701428875046, ""institutions"": 0.12706836384309028, ""persistence"": 0.17226333117018627, ""current"": 0.11048289506979292}",0,10.0,1.0,25.0,1.0,,,,,
core,weight_347,202,0.9997193709401646,0.8861386138613861,6.0,"{""volume"": 0.34916734703116403, ""citation"": 0.18972509806029172, ""institutions"": 0.1709121313000729, ""persistence"": 0.1758106193632022, ""current"": 0.11438480424526912}",0,10.0,1.0,25.0,1.0,,,,,
core,weight_348,202,0.9997237387076422,0.9554455445544554,5.0,"{""volume"": 0.39990966848894416, ""citation"": 0.18884075389077867, ""institutions"": 0.13752882058940438, ""persistence"": 0.1659869164621766, ""current"": 0.10773384056869613}",0,10.0,1.0,25.0,1.0,,,,,
core,weight_349,202,0.9971875217256878,3.0742574257425743,14.0,"{""volume"": 0.4551150935327906, ""citation"": 0.17949926307788397, ""institutions"": 0.1462243421325137, ""persistence"": 0.1186993316923762, ""current"": 0.10046196956443564}",0,10.0,1.0,24.0,0.9230769230769232,,,,,
core,weight_350,202,0.9967136189543756,3.351485148514852,14.0,"{""volume"": 0.4041729959736933, ""citation"": 0.16542183236471064, ""institutions"": 0.17602158408307222, ""persistence"": 0.17137862393743555, ""current"": 0.08300496364108834}",0,10.0,1.0,24.0,0.9230769230769232,,,,,
core,weight_351,202,0.9981295035783424,2.51980198019802,12.0,"{""volume"": 0.40155216589061193, ""citation"": 0.225351787509584, ""institutions"": 0.15190950504700315, ""persistence"": 0.13924601346037954, ""current"": 0.08194052809242132}",0,10.0,1.0,24.0,0.9230769230769232,,,,,
core,weight_352,202,0.9997382979325672,0.9653465346534652,4.0,"{""volume"": 0.40535827917123396, ""citation"": 0.1851885184295252, ""institutions"": 0.12791681722730253, ""persistence"": 0.18460847038168812, ""current"": 0.09692791479025029}",0,10.0,1.0,25.0,1.0,,,,,
core,weight_353,202,0.9995162697524592,1.2128712871287128,6.0,"{""volume"": 0.38440296038964505, ""citation"": 0.20956966598006327, ""institutions"": 0.13999576807562375, ""persistence"": 0.15291597080255506, ""current"": 0.11311563475211288}",0,10.0,1.0,25.0,1.0,,,,,
core,weight_354,202,0.9998744266856172,0.5495049504950495,3.0,"{""volume"": 0.4379131730288875, ""citation"": 0.19924644326704444, ""institutions"": 0.129401749684301, ""persistence"": 0.15068280933700426, ""current"": 0.08275582468276271}",0,10.0,1.0,25.0,1.0,,,,,
core,weight_355,202,0.9998591394994456,0.6584158415841584,3.0,"{""volume"": 0.413819097221684, ""citation"": 0.19628614079600176, ""institutions"": 0.1524660416932946, ""persistence"": 0.14333747978063943, ""current"": 0.09409124050838027}",0,10.0,1.0,25.0,1.0,,,,,
core,weight_356,202,0.9998460361970132,0.599009900990099,5.0,"{""volume"": 0.3681109354772056, ""citation"": 0.18762497002869483, ""institutions"": 0.157056732102007, ""persistence"": 0.1892216486899199, ""current"": 0.09798571370217272}",0,10.0,1.0,25.0,1.0,,,,,
core,weight_357,202,0.9997623206536936,0.7772277227722773,5.0,"{""volume"": 0.37164101586618686, ""citation"": 0.20384799920279242, ""institutions"": 0.17662174393889843, ""persistence"": 0.13819137358541783, ""current"": 0.10969786740670454}",0,10.0,1.0,25.0,1.0,,,,,
core,weight_358,202,0.9966852284657716,3.301980198019802,15.0,"{""volume"": 0.3589122493927049, ""citation"": 0.22175802798139943, ""institutions"": 0.14979571064292316, ""persistence"": 0.18187722003074344, ""current"": 0.08765679195222896}",0,10.0,1.0,24.0,0.9230769230769232,,,,,
core,weight_359,202,0.9989098780343284,1.9257425742574257,8.0,"{""volume"": 0.40383603867532336, ""citation"": 0.1850475859955973, ""institutions"": 0.14446804103768476, ""persistence"": 0.14510450881379128, ""current"": 0.12154382547760334}",0,10.0,1.0,25.0,1.0,,,,,
core,weight_360,202,0.9995417483960785,1.193069306930693,7.0,"{""volume"": 0.35788417613095336, ""citation"": 0.1942285381255483, ""institutions"": 0.18629351029575744, ""persistence"": 0.14590097891727977, ""current"": 0.11569279653046127}",0,10.0,1.0,25.0,1.0,,,,,
core,weight_361,202,0.997507096712794,2.876237623762376,13.0,"{""volume"": 0.38793941074321525, ""citation"": 0.2305388340065144, ""institutions"": 0.1492514807044078, ""persistence"": 0.13378696528719675, ""current"": 0.09848330925866584}",0,10.0,1.0,24.0,0.9230769230769232,,,,,
core,weight_362,202,0.9995956175283012,1.1435643564356437,6.0,"{""volume"": 0.40212058877178414, ""citation"": 0.19254717188791537, ""institutions"": 0.17858937530833224, ""persistence"": 0.14292337422431312, ""current"": 0.08381948980765509}",0,10.0,1.0,25.0,1.0,,,,,
core,weight_363,202,0.9989761225077378,1.8663366336633664,7.0,"{""volume"": 0.38629198651017616, ""citation"": 0.2115334709256116, ""institutions"": 0.1650243972700894, ""persistence"": 0.1612832908751195, ""current"": 0.07586685441900325}",0,10.0,1.0,25.0,1.0,,,,,
core,weight_364,202,0.9975245677827044,2.876237623762376,13.0,"{""volume"": 0.44632878543541016, ""citation"": 0.1761156235779701, ""institutions"": 0.14440617239398498, ""persistence"": 0.14297293644831655, ""current"": 0.09017648214431828}",0,10.0,1.0,25.0,1.0,,,,,
core,weight_365,202,0.9995577635434958,1.1732673267326732,6.0,"{""volume"": 0.37509720636827243, ""citation"": 0.19474754665354943, ""institutions"": 0.1771055385667998, ""persistence"": 0.1345277552558083, ""current"": 0.11852195315556988}",0,10.0,1.0,25.0,1.0,,,,,
core,weight_366,202,0.9997477614287686,0.7772277227722773,6.0,"{""volume"": 0.3467731030275223, ""citation"": 0.19704294249695437, ""institutions"": 0.1573218253745676, ""persistence"": 0.18160087668523342, ""current"": 0.1172612524157223}",0,10.0,1.0,25.0,1.0,,,,,
core,weight_367,202,0.9999581422289364,0.2425742574257425,2.0,"{""volume"": 0.3862652008411786, ""citation"": 0.19709597571167528, ""institutions"": 0.15345846685382064, ""persistence"": 0.16670889542186454, ""current"": 0.09647146117146087}",0,10.0,1.0,25.0,1.0,,,,,
core,weight_368,202,0.999407075565521,1.400990099009901,7.0,"{""volume"": 0.43759290343211754, ""citation"": 0.1907257850473596, ""institutions"": 0.1398715626460005, ""persistence"": 0.13831969284503542, ""current"": 0.09349005602948693}",0,10.0,1.0,25.0,1.0,,,,,
core,weight_369,202,0.9989579234765814,1.8663366336633664,8.0,"{""volume"": 0.36616749318428476, ""citation"": 0.17923996803515996, ""institutions"": 0.1533792837518854, ""persistence"": 0.176429688068601, ""current"": 0.12478356696006886}",0,10.0,1.0,25.0,1.0,,,,,
core,weight_370,202,0.9997273785138736,0.905940594059406,5.0,"{""volume"": 0.3717123411468104, ""citation"": 0.1869694700683294, ""institutions"": 0.1663230715870697, ""persistence"": 0.17963892241229665, ""current"": 0.09535619478549377}",0,10.0,1.0,25.0,1.0,,,,,
core,weight_371,202,0.9999268398953476,0.3811881188118812,3.0,"{""volume"": 0.40458224053285247, ""citation"": 0.1962439351977351, ""institutions"": 0.1547002583010114, ""persistence"": 0.15252338674941257, ""current"": 0.09195017921898854}",0,10.0,1.0,25.0,1.0,,,,,
core,weight_372,202,0.999546844124802,1.193069306930693,6.0,"{""volume"": 0.3889599205916152, ""citation"": 0.20733069380745509, ""institutions"": 0.14569397513437873, ""persistence"": 0.16019229578237926, ""current"": 0.09782311468417193}",0,10.0,1.0,25.0,1.0,,,,,
core,weight_373,202,0.9996028971407638,1.0742574257425743,6.0,"{""volume"": 0.34057215808111696, ""citation"": 0.20069571003657632, ""institutions"": 0.18123900890045513, ""persistence"": 0.15687753938739166, ""current"": 0.12061558359445995}",0,10.0,1.0,25.0,1.0,,,,,
core,weight_374,202,0.9980639870661796,2.599009900990099,12.0,"{""volume"": 0.3596392890922992, ""citation"": 0.17387216726219198, ""institutions"": 0.17703541878092896, ""persistence"": 0.17562225006960183, ""current"": 0.1138308747949781}",0,10.0,1.0,24.0,0.9230769230769232,,,,,
core,weight_375,202,0.9971787861907327,3.133663366336634,14.0,"{""volume"": 0.45408706797111126, ""citation"": 0.17564834071303337, ""institutions"": 0.11589134131015559, ""persistence"": 0.14656905377641358, ""current"": 0.10780419622928623}",0,10.0,1.0,24.0,0.9230769230769232,,,,,
core,weight_376,202,0.9996866126840832,0.9554455445544554,5.0,"{""volume"": 0.4134639395624637, ""citation"": 0.2092619921637948, ""institutions"": 0.13654220576041187, ""persistence"": 0.14287098718053895, ""current"": 0.09786087533279078}",0,10.0,1.0,25.0,1.0,,,,,
core,weight_377,202,0.998766469668816,2.004950495049505,11.0,"{""volume"": 0.3919925741608247, ""citation"": 0.18230479646301967, ""institutions"": 0.16816077908269753, ""persistence"": 0.15158597628906187, ""current"": 0.10595587400439618}",0,10.0,1.0,25.0,1.0,,,,,
core,weight_378,202,0.9994696802326988,1.3217821782178218,6.0,"{""volume"": 0.414919727355896, ""citation"": 0.18808515445094517, ""institutions"": 0.14373448463295768, ""persistence"": 0.15154560572925388, ""current"": 0.10171502783094727}",0,10.0,1.0,25.0,1.0,,,,,
core,weight_379,202,0.990996939287531,5.737623762376238,23.0,"{""volume"": 0.4297326731490657, ""citation"": 0.14829835099167685, ""institutions"": 0.16395087257817884, ""persistence"": 0.14837231601711193, ""current"": 0.1096457872639666}",0,10.0,1.0,23.0,0.8518518518518519,,,,,
core,weight_380,202,0.9955648961077844,3.9257425742574257,18.0,"{""volume"": 0.4201390004884526, ""citation"": 0.1663450576181907, ""institutions"": 0.16595711653465706, ""persistence"": 0.142006936704131, ""current"": 0.10555188865456876}",0,10.0,1.0,24.0,0.9230769230769232,,,,,
core,weight_381,202,0.999618184326935,1.0841584158415842,5.0,"{""volume"": 0.4254397808039606, ""citation"": 0.21085294096182733, ""institutions"": 0.12591734122648174, ""persistence"": 0.13644307721521268, ""current"": 0.10134685979251765}",0,10.0,1.0,25.0,1.0,,,,,
core,weight_382,202,0.9997433936612912,0.915841584158416,4.0,"{""volume"": 0.42601843651290733, ""citation"": 0.19433678552106012, ""institutions"": 0.12640673081917753, ""persistence"": 0.1510274757973435, ""current"": 0.10221057134951166}",0,10.0,1.0,25.0,1.0,,,,,
core,weight_383,202,0.9991610246642866,1.6287128712871286,8.0,"{""volume"": 0.4100990219243741, ""citation"": 0.18480935382928276, ""institutions"": 0.16350118959864948, ""persistence"": 0.15358324887525948, ""current"": 0.0880071857724342}",0,10.0,1.0,25.0,1.0,,,,,
core,weight_384,202,0.9979322260806072,2.6584158415841586,13.0,"{""volume"": 0.41474543019304916, ""citation"": 0.17428842717588736, ""institutions"": 0.1491627911211991, ""persistence"": 0.16171131158440682, ""current"": 0.10009203992545761}",0,10.0,1.0,25.0,1.0,,,,,
core,weight_385,202,0.9999151925154072,0.4405940594059406,3.0,"{""volume"": 0.3746456994632457, ""citation"": 0.19377748388683128, ""institutions"": 0.13678312719579822, ""persistence"": 0.1871875610124035, ""current"": 0.10760612844172124}",0,10.0,1.0,25.0,1.0,,,,,
core,weight_386,202,0.9975900842948672,2.8366336633663365,13.0,"{""volume"": 0.45214912737587726, ""citation"": 0.1760778665100475, ""institutions"": 0.13805483110840056, ""persistence"": 0.1464642533206305, ""current"": 0.08725392168504421}",0,10.0,1.0,25.0,1.0,,,,,
core,weight_387,202,0.9995897938383312,1.1336633663366336,5.0,"{""volume"": 0.4541972292720181, ""citation"": 0.19211614450073147, ""institutions"": 0.12270408552898775, ""persistence"": 0.14902841587857638, ""current"": 0.08195412481968624}",0,10.0,1.0,25.0,1.0,,,,,
core,weight_388,202,0.9984672775966053,2.2524752475247523,11.0,"{""volume"": 0.4193724420800707, ""citation"": 0.2199059467724987, ""institutions"": 0.1266074891876352, ""persistence"": 0.14854630094107077, ""current"": 0.08556782101872468}",0,10.0,1.0,24.0,0.9230769230769232,,,,,
core,weight_389,202,0.9994209068291998,1.381188118811881,6.0,"{""volume"": 0.37838242086523594, ""citation"": 0.20862369317229615, ""institutions"": 0.15306572426846446, ""persistence"": 0.15891704839695628, ""current"": 0.10101111329704714}",0,10.0,1.0,25.0,1.0,,,,,
core,weight_390,202,0.9946593123174424,4.282178217821782,18.0,"{""volume"": 0.3236568491896714, ""citation"": 0.23495404378128004, ""institutions"": 0.17384419498538764, ""persistence"": 0.16581660031793558, ""current"": 0.10172831172572519}",0,10.0,1.0,24.0,0.9230769230769232,,,,,
core,weight_391,202,0.9993422870146044,1.4702970297029705,7.0,"{""volume"": 0.3632331348682055, ""citation"": 0.18053250501687626, ""institutions"": 0.16789192607962986, ""persistence"": 0.18290445672552053, ""current"": 0.10543797730976778}",0,10.0,1.0,25.0,1.0,,,,,
core,weight_392,202,0.9975937241010984,2.8168316831683167,13.0,"{""volume"": 0.3658601044885201, ""citation"": 0.221820051701536, ""institutions"": 0.12779009158930948, ""persistence"": 0.16711872727162946, ""current"": 0.11741102494900504}",0,10.0,1.0,24.0,0.9230769230769232,,,,,
core,weight_393,202,0.9975718852637108,2.797029702970297,13.0,"{""volume"": 0.34561841249616587, ""citation"": 0.22024586836293833, ""institutions"": 0.15852753881275536, ""persistence"": 0.16833067757234552, ""current"": 0.10727750275579505}",0,10.0,1.0,24.0,0.9230769230769232,,,,,
core,weight_394,202,0.9949934465294736,4.074257425742574,17.0,"{""volume"": 0.36827009028375346, ""citation"": 0.243438061835186, ""institutions"": 0.16909090930445503, ""persistence"": 0.1300458740736707, ""current"": 0.08915506450293496}",0,10.0,1.0,24.0,0.9230769230769232,,,,,
core,weight_395,202,0.9997790637623576,0.7772277227722773,5.0,"{""volume"": 0.42359648584962706, ""citation"": 0.19993332463121596, ""institutions"": 0.12794823032885613, ""persistence"": 0.16805095705677583, ""current"": 0.0804710021335249}",0,10.0,1.0,25.0,1.0,,,,,
core,weight_396,202,0.9990125205700504,1.8267326732673268,8.0,"{""volume"": 0.3876212543592692, ""citation"": 0.1873381360903195, ""institutions"": 0.14690581902655833, ""persistence"": 0.14209456913064814, ""current"": 0.13604022139320496}",0,10.0,1.0,25.0,1.0,,,,,
core,weight_397,202,0.9991224427182352,1.707920792079208,8.0,"{""volume"": 0.3879268121711867, ""citation"": 0.17835383614086603, ""institutions"": 0.14984470974630223, ""persistence"": 0.17974535969569153, ""current"": 0.10412928224595354}",0,10.0,1.0,25.0,1.0,,,,,
core,weight_398,202,0.999276042541195,1.5594059405940597,8.0,"{""volume"": 0.45346118713281913, ""citation"": 0.19231151061053228, ""institutions"": 0.1368153959527355, ""persistence"": 0.12539587802674798, ""current"": 0.09201602827716504}",0,10.0,1.0,25.0,1.0,,,,,
core,weight_399,202,0.9944773220058786,4.371287128712871,18.0,"{""volume"": 0.3244293374562877, ""citation"": 0.23488118560567744, ""institutions"": 0.15169270353530945, ""persistence"": 0.1716336376734918, ""current"": 0.11736313572923339}",0,9.0,0.8181818181818182,24.0,0.9230769230769232,,,,,
core,weight_400,202,0.9983762824408232,2.3217821782178216,11.0,"{""volume"": 0.36558961771993415, ""citation"": 0.2199067724099593, ""institutions"": 0.15821542783997575, ""persistence"": 0.15458997004224906, ""current"": 0.10169821198788155}",0,10.0,1.0,24.0,0.9230769230769232,,,,,
core,weight_401,202,0.9992025184553232,1.5891089108910892,8.0,"{""volume"": 0.43274452731384455, ""citation"": 0.18886887323230764, ""institutions"": 0.1561537318178123, ""persistence"": 0.13542920383919094, ""current"": 0.08680366379684451}",0,10.0,1.0,25.0,1.0,,,,,
core,weight_402,202,0.9981324154233276,2.5,11.0,"{""volume"": 0.3917542874670682, ""citation"": 0.22468311767301927, ""institutions"": 0.15800332551460328, ""persistence"": 0.14063072760272388, ""current"": 0.08492854174258534}",0,10.0,1.0,24.0,0.9230769230769232,,,,,
core,weight_403,202,0.9978623418009668,2.707920792079208,12.0,"{""volume"": 0.38575061792425186, ""citation"": 0.17452179181819907, ""institutions"": 0.16917797544960558, ""persistence"": 0.16011381185660742, ""current"": 0.11043580295133618}",0,10.0,1.0,24.0,0.9230769230769232,,,,,
core,weight_404,202,0.9998278371658568,0.6782178217821783,4.0,"{""volume"": 0.36382515910853463, ""citation"": 0.18691396278370803, ""institutions"": 0.1558803566878919, ""persistence"": 0.18775260589813414, ""current"": 0.1056279155217312}",0,10.0,1.0,25.0,1.0,,,,,
core,weight_405,202,0.999896993484251,0.5198019801980198,3.0,"{""volume"": 0.4090138184968318, ""citation"": 0.19608073475081775, ""institutions"": 0.1512540681331216, ""persistence"": 0.1496616337650835, ""current"": 0.0939897448541453}",0,10.0,1.0,25.0,1.0,,,,,
core,weight_406,202,0.9956529794185812,3.8465346534653455,16.0,"{""volume"": 0.3694523312725301, ""citation"": 0.23369196918273008, ""institutions"": 0.14033531335284283, ""persistence"": 0.15972166815888134, ""current"": 0.09679871803301562}",0,10.0,1.0,24.0,0.9230769230769232,,,,,
core,weight_407,202,0.999139185826899,1.6683168316831682,8.0,"{""volume"": 0.42127095518158797, ""citation"": 0.1851171982911019, ""institutions"": 0.14338910045085398, ""persistence"": 0.15066150659528846, ""current"": 0.09956123948116775}",0,10.0,1.0,25.0,1.0,,,,,
core,weight_408,202,0.9996443909318002,1.0148514851485149,5.0,"{""volume"": 0.44442249937727796, ""citation"": 0.21077826545341488, ""institutions"": 0.12939893883514475, ""persistence"": 0.1328363618628775, ""current"": 0.082563934471285}",0,10.0,1.0,25.0,1.0,,,,,
core,weight_409,202,0.996087572282596,3.707920792079208,16.0,"{""volume"": 0.4322652658348077, ""citation"": 0.1668448191819084, ""institutions"": 0.14203297336842202, ""persistence"": 0.1544516599345692, ""current"": 0.10440528168029273}",0,10.0,1.0,24.0,0.9230769230769232,,,,,
core,weight_410,202,0.9994514812015426,1.3415841584158417,7.0,"{""volume"": 0.37196061123640467, ""citation"": 0.19030012755813236, ""institutions"": 0.18907372440902379, ""persistence"": 0.15564634186994933, ""current"": 0.09301919492648973}",0,10.0,1.0,24.0,0.9230769230769232,,,,,
core,weight_411,202,0.9992498359363298,1.599009900990099,7.0,"{""volume"": 0.4173284576733161, ""citation"": 0.21650105854074642, ""institutions"": 0.15573401888451013, ""persistence"": 0.13338551894730724, ""current"": 0.07705094595412008}",0,10.0,1.0,25.0,1.0,,,,,
core,weight_412,202,0.9996407511255688,1.0841584158415842,5.0,"{""volume"": 0.4150356841168553, ""citation"": 0.2107177398589055, ""institutions"": 0.15653909832647772, ""persistence"": 0.13742163829591147, ""current"": 0.08028583940185006}",0,10.0,1.0,25.0,1.0,,,,,
core,weight_413,202,0.999854043770722,0.5792079207920792,5.0,"{""volume"": 0.40788129436781645, ""citation"": 0.20359587291530376, ""institutions"": 0.17450238425825718, ""persistence"": 0.12429754231387208, ""current"": 0.08972290614475054}",0,10.0,1.0,25.0,1.0,,,,,
core,weight_414,202,0.9982183148503856,2.4603960396039604,11.0,"{""volume"": 0.39252628023456554, ""citation"": 0.22098260148927756, ""institutions"": 0.15225959225166963, ""persistence"": 0.15443463803809773, ""current"": 0.0797968879863896}",0,10.0,1.0,24.0,0.9230769230769232,,,,,
core,weight_415,202,0.9997710561886488,0.806930693069307,5.0,"{""volume"": 0.383636654593379, ""citation"": 0.1959774392268666, ""institutions"": 0.17080228305707035, ""persistence"": 0.14387514879520438, ""current"": 0.10570847432747976}",0,10.0,1.0,25.0,1.0,,,,,
core,weight_416,202,0.998914245801806,1.896039603960396,9.0,"{""volume"": 0.43304815216333786, ""citation"": 0.21969228956547454, ""institutions"": 0.13133194949390295, ""persistence"": 0.13546189474080758, ""current"": 0.08046571403647719}",0,10.0,1.0,24.0,0.9230769230769232,,,,,
core,weight_417,202,0.9999261119341012,0.4108910891089108,3.0,"{""volume"": 0.4205082070643379, ""citation"": 0.19483525289661022, ""institutions"": 0.14400964369728433, ""persistence"": 0.16395104444572092, ""current"": 0.07669585189604668}",0,10.0,1.0,25.0,1.0,,,,,
core,weight_418,202,0.9996400231643228,1.034653465346535,6.0,"{""volume"": 0.4040531395955457, ""citation"": 0.2110875442106114, ""institutions"": 0.1409148786662682, ""persistence"": 0.14119517067355775, ""current"": 0.10274926685401693}",0,10.0,1.0,25.0,1.0,,,,,
core,weight_419,202,0.9997382979325672,0.8960396039603961,4.0,"{""volume"": 0.39802665511446383, ""citation"": 0.21161880679611972, ""institutions"": 0.16536293027479748, ""persistence"": 0.12588021815700845, ""current"": 0.09911138965761043}",0,10.0,1.0,25.0,1.0,,,,,
core,weight_420,202,0.9921274631029656,5.341584158415841,20.0,"{""volume"": 0.4434934744080781, ""citation"": 0.15689957999822995, ""institutions"": 0.16492793949002485, ""persistence"": 0.12848738728680725, ""current"": 0.10619161881685966}",0,10.0,1.0,23.0,0.8518518518518519,,,,,
core,weight_421,202,0.9984170482706136,2.311881188118812,10.0,"{""volume"": 0.34630288516374363, ""citation"": 0.22401951527440211, ""institutions"": 0.1749402572262849, ""persistence"": 0.13282897071603003, ""current"": 0.12190837161953931}",0,10.0,1.0,25.0,1.0,,,,,
core,weight_422,202,0.9976410415821052,2.8267326732673266,13.0,"{""volume"": 0.447556556183285, ""citation"": 0.172982480578418, ""institutions"": 0.12827092053879585, ""persistence"": 0.16371866899664558, ""current"": 0.08747137370285557}",0,10.0,1.0,25.0,1.0,,,,,
core,weight_423,202,0.99976887230491,0.7871287128712872,5.0,"{""volume"": 0.3931711180111829, ""citation"": 0.20391373902138796, ""institutions"": 0.13531937505315791, ""persistence"": 0.15877989822273822, ""current"": 0.10881586969153308}",0,10.0,1.0,25.0,1.0,,,,,
core,weight_424,202,0.9954091124010856,3.9752475247524752,17.0,"{""volume"": 0.4615070320109654, ""citation"": 0.1706076792273019, ""institutions"": 0.13934716884030582, ""persistence"": 0.12114431982890975, ""current"": 0.1073938000925171}",0,10.0,1.0,24.0,0.9230769230769232,,,,,
core,weight_425,202,0.9991071555320638,1.7376237623762376,8.0,"{""volume"": 0.3883810661880454, ""citation"": 0.1841460765808994, ""institutions"": 0.14856347036095643, ""persistence"": 0.15678656989426665, ""current"": 0.1221228169758322}",0,10.0,1.0,25.0,1.0,,,,,
core,weight_426,202,0.9988865832744483,1.9554455445544556,8.0,"{""volume"": 0.4345265429529171, ""citation"": 0.19040121702382531, ""institutions"": 0.14061839092637235, ""persistence"": 0.11910424280581687, ""current"": 0.11534960629106823}",0,10.0,1.0,25.0,1.0,,,,,
core,weight_427,202,0.9995002546050415,1.2722772277227723,5.0,"{""volume"": 0.3864501787237039, ""citation"": 0.2082359430383961, ""institutions"": 0.1522103915468413, ""persistence"": 0.1574636297495005, ""current"": 0.09563985694155827}",0,10.0,1.0,25.0,1.0,,,,,
core,weight_428,202,0.9991202588344964,1.6782178217821782,7.0,"{""volume"": 0.39009158786558923, ""citation"": 0.21650144254087336, ""institutions"": 0.16581729455083097, ""persistence"": 0.13666511278057622, ""current"": 0.0909245622621302}",0,10.0,1.0,25.0,1.0,,,,,
core,weight_429,202,0.9981091206634474,2.51980198019802,12.0,"{""volume"": 0.4342148007959093, ""citation"": 0.17834585327226274, ""institutions"": 0.14808691668539592, ""persistence"": 0.14707967433318422, ""current"": 0.09227275491324789}",0,10.0,1.0,25.0,1.0,,,,,
core,weight_430,202,0.9961254262674012,3.688118811881188,16.0,"{""volume"": 0.44192768476685057, ""citation"": 0.1729545527857489, ""institutions"": 0.15005848883891695, ""persistence"": 0.12511546850528674, ""current"": 0.10994380510319686}",0,10.0,1.0,24.0,0.9230769230769232,,,,,
core,weight_431,202,0.9995817862646224,1.1534653465346534,6.0,"{""volume"": 0.4098216852630496, ""citation"": 0.21766235441578013, ""institutions"": 0.15301210219277878, ""persistence"": 0.1168063889815381, ""current"": 0.10269746914685349}",0,10.0,1.0,25.0,1.0,,,,,
core,weight_432,202,0.9998496760032444,0.6683168316831684,3.0,"{""volume"": 0.410111557344258, ""citation"": 0.19638893767675608, ""institutions"": 0.1286885490615263, ""persistence"": 0.15650989259753792, ""current"": 0.10830106331992166}",0,10.0,1.0,25.0,1.0,,,,,
core,weight_433,202,0.9971525795858676,3.0742574257425743,14.0,"{""volume"": 0.44046900626304625, ""citation"": 0.17285115040581617, ""institutions"": 0.15200221440633804, ""persistence"": 0.1464408440578049, ""current"": 0.08823678486699466}",0,10.0,1.0,24.0,0.9230769230769232,,,,,
core,weight_434,202,0.9956398761161488,3.905940594059406,18.0,"{""volume"": 0.4129996397921413, ""citation"": 0.16961950493370667, ""institutions"": 0.17695611310513626, ""persistence"": 0.12790019212202344, ""current"": 0.11252455004699234}",0,10.0,1.0,24.0,0.9230769230769232,,,,,
core,weight_435,202,0.9999639659189066,0.2128712871287128,2.0,"{""volume"": 0.42010696177317747, ""citation"": 0.2054425525010524, ""institutions"": 0.14778143116677048, ""persistence"": 0.12838988000051266, ""current"": 0.09827917455848699}",0,10.0,1.0,25.0,1.0,,,,,
core,weight_436,202,0.9994478413953112,1.3415841584158417,6.0,"{""volume"": 0.4014461551204313, ""citation"": 0.1842202601832397, ""institutions"": 0.12943168995659263, ""persistence"": 0.17205402664862696, ""current"": 0.11284786809110944}",0,10.0,1.0,25.0,1.0,,,,,
core,weight_437,202,0.9996145445207038,1.113861386138614,6.0,"{""volume"": 0.36571448251088584, ""citation"": 0.18714456576305055, ""institutions"": 0.14696620063432084, ""persistence"": 0.17025715608245104, ""current"": 0.12991759500929184}",0,10.0,1.0,25.0,1.0,,,,,
core,weight_438,202,0.998649267908169,2.0742574257425743,10.0,"{""volume"": 0.36642010993636076, ""citation"": 0.21783235536282833, ""institutions"": 0.14818651694326043, ""persistence"": 0.15347855107226407, ""current"": 0.11408246668528635}",0,10.0,1.0,25.0,1.0,,,,,
core,weight_439,202,0.9996269198618902,1.034653465346535,5.0,"{""volume"": 0.38585600315286045, ""citation"": 0.20918999952865866, ""institutions"": 0.15539233278522632, ""persistence"": 0.14395479230048827, ""current"": 0.10560687223276644}",0,10.0,1.0,25.0,1.0,,,,,
core,weight_440,202,0.9999581422289364,0.2425742574257425,2.0,"{""volume"": 0.3913632949906442, ""citation"": 0.19398097277573317, ""institutions"": 0.1530266702979243, ""persistence"": 0.1686379337450449, ""current"": 0.09299112819065337}",0,10.0,1.0,25.0,1.0,,,,,
core,weight_441,202,0.9989440922129026,1.8564356435643563,9.0,"{""volume"": 0.4274644476149948, ""citation"": 0.22386914872192643, ""institutions"": 0.13997937650407133, ""persistence"": 0.11911738832753936, ""current"": 0.0895696388314681}",0,10.0,1.0,25.0,1.0,,,,,
core,weight_442,202,0.9993430149758504,1.50990099009901,7.0,"{""volume"": 0.39268087114178335, ""citation"": 0.2096914869654704, ""institutions"": 0.15312395647345856, ""persistence"": 0.15701509238523284, ""current"": 0.08748859303405487}",0,10.0,1.0,25.0,1.0,,,,,
core,weight_443,202,0.997794641405065,2.6782178217821784,12.0,"{""volume"": 0.35337949735507, ""citation"": 0.22332207188524872, ""institutions"": 0.16238619495078924, ""persistence"": 0.15046291804025894, ""current"": 0.11044931776863326}",0,10.0,1.0,24.0,0.9230769230769232,,,,,
core,weight_444,202,0.9977051021717755,2.777227722772277,13.0,"{""volume"": 0.4333795272046739, ""citation"": 0.1776916530683695, ""institutions"": 0.16493246096712963, ""persistence"": 0.1368825872965295, ""current"": 0.08711377146329753}",0,10.0,1.0,25.0,1.0,,,,,
core,weight_445,202,0.9997543130799847,0.8762376237623762,4.0,"{""volume"": 0.3906310143447312, ""citation"": 0.19354365592598882, ""institutions"": 0.1670508677687393, ""persistence"": 0.1495541987768716, ""current"": 0.09922026318366912}",0,10.0,1.0,25.0,1.0,,,,,
core,weight_446,202,0.997569701379972,2.915841584158416,12.0,"{""volume"": 0.35185122668980096, ""citation"": 0.2201616035338559, ""institutions"": 0.1760227093543772, ""persistence"": 0.1639461040556791, ""current"": 0.08801835636628695}",0,10.0,1.0,24.0,0.9230769230769232,,,,,
core,weight_447,202,0.992672706076411,5.123762376237623,20.0,"{""volume"": 0.4467043257870583, ""citation"": 0.1530248851768357, ""institutions"": 0.15116130081727538, ""persistence"": 0.1585417959354135, ""current"": 0.09056769228341724}",0,10.0,1.0,24.0,0.9230769230769232,,,,,
core,weight_448,202,0.9997368420100748,0.915841584158416,4.0,"{""volume"": 0.37428012648631653, ""citation"": 0.1842380392983378, ""institutions"": 0.16033425415934155, ""persistence"": 0.18919348782260917, ""current"": 0.0919540922333951}",0,10.0,1.0,25.0,1.0,,,,,
core,weight_449,202,0.9990503745548558,1.7673267326732671,8.0,"{""volume"": 0.4375929711472893, ""citation"": 0.22052263107054798, ""institutions"": 0.13958493412880935, ""persistence"": 0.12604983815233284, ""current"": 0.07624962550102059}",0,10.0,1.0,25.0,1.0,,,,,
core,weight_450,202,0.999752129196246,0.905940594059406,5.0,"{""volume"": 0.4020426558897799, ""citation"": 0.19653983940929293, ""institutions"": 0.13595438310756494, ""persistence"": 0.14013961156745153, ""current"": 0.12532351002591077}",0,10.0,1.0,25.0,1.0,,,,,
core,weight_451,202,0.9999530465002128,0.3019801980198019,2.0,"{""volume"": 0.408508732593616, ""citation"": 0.2039040492098927, ""institutions"": 0.14546333488230156, ""persistence"": 0.131532305535023, ""current"": 0.1105915777791668}",0,10.0,1.0,25.0,1.0,,,,,
core,weight_452,202,0.9992432842851136,1.599009900990099,7.0,"{""volume"": 0.4227803069567333, ""citation"": 0.18493444674778883, ""institutions"": 0.1261288237772088, ""persistence"": 0.15977968495909534, ""current"": 0.10637673755917375}",0,10.0,1.0,25.0,1.0,,,,,
core,weight_453,202,0.9990307196012068,1.7772277227722773,8.0,"{""volume"": 0.4140589628314145, ""citation"": 0.21938587708571286, ""institutions"": 0.1578654853937028, ""persistence"": 0.132021820203906, ""current"": 0.07666785448526375}",0,10.0,1.0,25.0,1.0,,,,,
core,weight_454,202,0.9998023585222378,0.698019801980198,5.0,"{""volume"": 0.4396526912614388, ""citation"": 0.21195755808247435, ""institutions"": 0.13226208870593012, ""persistence"": 0.11593648803938027, ""current"": 0.10019117391077641}",0,10.0,1.0,25.0,1.0,,,,,
core,weight_455,202,0.9992148937965096,1.608910891089109,8.0,"{""volume"": 0.41379743227887705, ""citation"": 0.17913887673718532, ""institutions"": 0.1322320922214477, ""persistence"": 0.18085004432617396, ""current"": 0.0939815544363159}",0,10.0,1.0,25.0,1.0,,,,,
core,weight_456,202,0.9986449001406916,2.123762376237624,10.0,"{""volume"": 0.38038597239097655, ""citation"": 0.2195003177476392, ""institutions"": 0.16682956510174696, ""persistence"": 0.14323856320294098, ""current"": 0.09004558155669637}",0,10.0,1.0,25.0,1.0,,,,,
core,weight_457,202,0.999899905329236,0.4504950495049505,3.0,"{""volume"": 0.3953218085679482, ""citation"": 0.2045108002290479, ""institutions"": 0.1679823570411298, ""persistence"": 0.13619261154382553, ""current"": 0.09599242261804874}",0,10.0,1.0,25.0,1.0,,,,,
core,weight_458,202,0.997532575356413,2.905940594059406,13.0,"{""volume"": 0.4324579143806137, ""citation"": 0.17033744988371, ""institutions"": 0.13060726539858766, ""persistence"": 0.17403276040942406, ""current"": 0.09256460992766452}",0,10.0,1.0,25.0,1.0,,,,,
core,weight_459,202,0.9995788744196372,1.1435643564356437,6.0,"{""volume"": 0.43956722594364844, ""citation"": 0.21566561404053752, ""institutions"": 0.1319863764350178, ""persistence"": 0.12070448905854445, ""current"": 0.0920762945222518}",0,10.0,1.0,25.0,1.0,,,,,
core,weight_460,202,0.999139185826899,1.6683168316831682,8.0,"{""volume"": 0.437663730471774, ""citation"": 0.19237653402519553, ""institutions"": 0.15117181467462895, ""persistence"": 0.11460460826670846, ""current"": 0.10418331256169311}",0,10.0,1.0,25.0,1.0,,,,,
core,weight_461,202,0.9997841594910812,0.7772277227722773,4.0,"{""volume"": 0.4564868019876039, ""citation"": 0.20844491823187777, ""institutions"": 0.12561401770200678, ""persistence"": 0.12504812053966877, ""current"": 0.08440614153884285}",0,10.0,1.0,25.0,1.0,,,,,
core,weight_462,202,0.9964166107659034,3.49009900990099,14.0,"{""volume"": 0.44609653806363747, ""citation"": 0.16859498656098487, ""institutions"": 0.1577289091045152, ""persistence"": 0.14818351315556968, ""current"": 0.0793960531152928}",0,10.0,1.0,24.0,0.9230769230769232,,,,,
core,weight_463,202,0.999643662970554,1.004950495049505,6.0,"{""volume"": 0.3830422838126994, ""citation"": 0.20431252247276355, ""institutions"": 0.13485291899183094, ""persistence"": 0.1696585983966662, ""current"": 0.10813367632604001}",0,10.0,1.0,25.0,1.0,,,,,
core,weight_464,202,0.9982095793154306,2.4405940594059405,11.0,"{""volume"": 0.37139364427593385, ""citation"": 0.2166123585428147, ""institutions"": 0.14978004735557043, ""persistence"": 0.17059690978973238, ""current"": 0.09161704003594853}",0,10.0,1.0,24.0,0.9230769230769232,,,,,
core,weight_465,202,0.9994616726589902,1.301980198019802,6.0,"{""volume"": 0.34482988207619203, ""citation"": 0.20930616638401828, ""institutions"": 0.18277667490492622, ""persistence"": 0.14023250578722357, ""current"": 0.1228547708476399}",0,10.0,1.0,25.0,1.0,,,,,
core,weight_466,202,0.9979314981193612,2.628712871287129,13.0,"{""volume"": 0.4480704236357294, ""citation"": 0.17674518555853425, ""institutions"": 0.1254570197394107, ""persistence"": 0.15493082924641807, ""current"": 0.09479654181990771}",0,10.0,1.0,25.0,1.0,,,,,
core,weight_467,202,0.9979496971505176,2.6386138613861387,12.0,"{""volume"": 0.40811877892136256, ""citation"": 0.17497301892990866, ""institutions"": 0.1679033618073057, ""persistence"": 0.15722415414675428, ""current"": 0.09178068619466875}",0,10.0,1.0,24.0,0.9230769230769232,,,,,
core,weight_468,202,0.9981535262994689,2.51980198019802,12.0,"{""volume"": 0.38457033328339807, ""citation"": 0.17856644455596873, ""institutions"": 0.19045398379534484, ""persistence"": 0.15285131553842057, ""current"": 0.0935579228268678}",0,10.0,1.0,24.0,0.9230769230769232,,,,,
core,weight_469,202,0.9990773091209671,1.7475247524752475,7.0,"{""volume"": 0.3873787500415464, ""citation"": 0.22348544371923423, ""institutions"": 0.16829812178451053, ""persistence"": 0.11349457714178593, ""current"": 0.10734310731292301}",0,10.0,1.0,25.0,1.0,,,,,
core,weight_470,202,0.9981841006718116,2.49009900990099,12.0,"{""volume"": 0.41023967515078325, ""citation"": 0.17658858320729237, ""institutions"": 0.16886352639509966, ""persistence"": 0.16004121028897317, ""current"": 0.08426700495785172}",0,10.0,1.0,24.0,0.9230769230769232,,,,,
core,weight_471,202,0.9974248370919672,2.9257425742574257,14.0,"{""volume"": 0.3571809518382559, ""citation"": 0.21777721651690846, ""institutions"": 0.13538196544667536, ""persistence"": 0.18381893144056233, ""current"": 0.10584093475759805}",0,10.0,1.0,24.0,0.9230769230769232,,,,,
core,weight_472,202,0.9999217441666236,0.3217821782178218,3.0,"{""volume"": 0.36069165550129795, ""citation"": 0.18999175810272534, ""institutions"": 0.15086540103942164, ""persistence"": 0.1882180603540511, ""current"": 0.11023312500250391}",0,10.0,1.0,25.0,1.0,,,,,
core,weight_473,202,0.9998787944530946,0.4900990099009901,5.0,"{""volume"": 0.3801615449398437, ""citation"": 0.1961286072865578, ""institutions"": 0.1642326846406033, ""persistence"": 0.15943695901922092, ""current"": 0.10004020411377415}",0,10.0,1.0,25.0,1.0,,,,,
core,weight_474,202,0.9940551044830503,4.53960396039604,18.0,"{""volume"": 0.4293874323008271, ""citation"": 0.15727940601776677, ""institutions"": 0.13447891592739633, ""persistence"": 0.16504824188580552, ""current"": 0.11380600386820434}",0,10.0,1.0,24.0,0.9230769230769232,,,,,
core,weight_475,202,0.999879522414341,0.5396039603960396,3.0,"{""volume"": 0.39052848700781384, ""citation"": 0.20024601850584384, ""institutions"": 0.14167477809041135, ""persistence"": 0.1667719187767662, ""current"": 0.10077879761916479}",0,10.0,1.0,25.0,1.0,,,,,
core,weight_476,202,0.9965148855341478,3.4603960396039604,14.0,"{""volume"": 0.43569833982214634, ""citation"": 0.17280304472529728, ""institutions"": 0.12532647563594815, ""persistence"": 0.14481771665239612, ""current"": 0.12135442316421204}",0,10.0,1.0,24.0,0.9230769230769232,,,,,
core,weight_477,202,0.9984337913792772,2.292079207920792,11.0,"{""volume"": 0.41545494616372924, ""citation"": 0.22644972016779377, ""institutions"": 0.1424355096926258, ""persistence"": 0.1274351669118851, ""current"": 0.08822465706396602}",0,10.0,1.0,24.0,0.9230769230769232,,,,,
core,weight_478,202,0.9981149443534174,2.5297029702970297,12.0,"{""volume"": 0.4205234114429697, ""citation"": 0.17550418062262632, ""institutions"": 0.16782197773591023, ""persistence"": 0.16015930171861195, ""current"": 0.0759911284798818}",0,10.0,1.0,24.0,0.9230769230769232,,,,,
core,weight_479,202,0.998543713527462,2.1831683168316838,11.0,"{""volume"": 0.39866322971930257, ""citation"": 0.22119248671145222, ""institutions"": 0.1393379800134608, ""persistence"": 0.14450633059418252, ""current"": 0.0962999729616018}",0,10.0,1.0,25.0,1.0,,,,,
core,weight_480,202,0.998671834706803,2.094059405940594,9.0,"{""volume"": 0.3602796657537068, ""citation"": 0.21151417722104188, ""institutions"": 0.1614844430306491, ""persistence"": 0.17278115432482077, ""current"": 0.09394055966978132}",0,10.0,1.0,25.0,1.0,,,,,
core,weight_481,202,0.999449297317804,1.3712871287128714,5.0,"{""volume"": 0.36542943673324496, ""citation"": 0.2060947581416021, ""institutions"": 0.18340293934614052, ""persistence"": 0.15061796879823672, ""current"": 0.09445489698077583}",0,10.0,1.0,25.0,1.0,,,,,
core,weight_482,202,0.9961974944307804,3.589108910891089,16.0,"{""volume"": 0.46770959115217386, ""citation"": 0.16920242988794493, ""institutions"": 0.13656237038318667, ""persistence"": 0.14514885505841588, ""current"": 0.08137675351827865}",0,10.0,1.0,24.0,0.9230769230769232,,,,,
core,weight_483,202,0.9985196908063356,2.262376237623762,10.0,"{""volume"": 0.4283427669102651, ""citation"": 0.22450266498727514, ""institutions"": 0.1199897563086037, ""persistence"": 0.12881228045618887, ""current"": 0.09835253133766717}",0,10.0,1.0,24.0,0.9230769230769232,,,,,
core,weight_484,202,0.9977276689704094,2.8069306930693068,13.0,"{""volume"": 0.42589532123833546, ""citation"": 0.17933711368665264, ""institutions"": 0.15234481082882836, ""persistence"": 0.13196587161605952, ""current"": 0.11045688263012401}",0,10.0,1.0,25.0,1.0,,,,,
core,weight_485,202,0.996070829173932,3.688118811881188,16.0,"{""volume"": 0.46867937396079656, ""citation"": 0.17138159671046735, ""institutions"": 0.13707382827206518, ""persistence"": 0.1313305210217569, ""current"": 0.09153468003491393}",0,10.0,1.0,24.0,0.9230769230769232,,,,,
core,weight_486,202,0.99415629109628,4.55940594059406,18.0,"{""volume"": 0.40467955023433966, ""citation"": 0.15570308584734044, ""institutions"": 0.16098198960993806, ""persistence"": 0.1699541029246937, ""current"": 0.10868127138368827}",0,10.0,1.0,24.0,0.9230769230769232,,,,,
core,weight_487,202,0.998366818944622,2.3316831683168315,11.0,"{""volume"": 0.3743391408401844, ""citation"": 0.17286920483308044, ""institutions"": 0.1525338556278357, ""persistence"": 0.18242437509909476, ""current"": 0.11783342359980481}",0,10.0,1.0,25.0,1.0,,,,,
core,weight_488,202,0.9992178056414944,1.608910891089109,7.0,"{""volume"": 0.3635339055814119, ""citation"": 0.2094060970458616, ""institutions"": 0.17557133957638493, ""persistence"": 0.15578776588580082, ""current"": 0.09570089191054085}",0,10.0,1.0,25.0,1.0,,,,,
core,weight_489,202,0.999407075565521,1.4207920792079207,7.0,"{""volume"": 0.37919129554519654, ""citation"": 0.18706332375118942, ""institutions"": 0.1587729824075108, ""persistence"": 0.15585138054557152, ""current"": 0.11912101775053181}",0,10.0,1.0,25.0,1.0,,,,,
core,weight_490,202,0.9984658216741126,2.2524752475247523,11.0,"{""volume"": 0.418651493683252, ""citation"": 0.2197633935122619, ""institutions"": 0.13580146831127132, ""persistence"": 0.1503522578955948, ""current"": 0.07543138659761998}",0,10.0,1.0,24.0,0.9230769230769232,,,,,
core,weight_491,202,0.999324087983448,1.49009900990099,7.0,"{""volume"": 0.3967389917221173, ""citation"": 0.1907542747140168, ""institutions"": 0.1473587795654003, ""persistence"": 0.13698664895682716, ""current"": 0.12816130504163845}",0,10.0,1.0,25.0,1.0,,,,,
core,weight_492,202,0.9999144645541612,0.3514851485148514,4.0,"{""volume"": 0.3741036362033812, ""citation"": 0.1986701089100374, ""institutions"": 0.15977947391021724, ""persistence"": 0.15819872100355778, ""current"": 0.10924805997280633}",0,10.0,1.0,25.0,1.0,,,,,
core,weight_493,202,0.9979314981193612,2.6782178217821784,12.0,"{""volume"": 0.38381535681232815, ""citation"": 0.1791718243675084, ""institutions"": 0.17920397712350442, ""persistence"": 0.14435962291082588, ""current"": 0.11344921878583304}",0,10.0,1.0,24.0,0.9230769230769232,,,,,
core,weight_494,202,0.9997339301650898,0.8960396039603961,4.0,"{""volume"": 0.40638371336425416, ""citation"": 0.19596784662878214, ""institutions"": 0.1670090274096789, ""persistence"": 0.1346550797055496, ""current"": 0.09598433289173515}",0,10.0,1.0,25.0,1.0,,,,,
core,weight_495,202,0.9944613068584608,4.371287128712871,18.0,"{""volume"": 0.44280949045453094, ""citation"": 0.16289185775443105, ""institutions"": 0.15682051182394482, ""persistence"": 0.1382826344052391, ""current"": 0.09919550556185426}",0,10.0,1.0,24.0,0.9230769230769232,,,,,
core,weight_496,202,0.9998678750344008,0.599009900990099,4.0,"{""volume"": 0.367317552881243, ""citation"": 0.18901762756936594, ""institutions"": 0.12913492926188488, ""persistence"": 0.19022810421398323, ""current"": 0.12430178607352292}",0,10.0,1.0,25.0,1.0,,,,,
core,weight_497,202,0.9999079129029448,0.400990099009901,3.0,"{""volume"": 0.3845496688916269, ""citation"": 0.1980933701956204, ""institutions"": 0.1613961898448804, ""persistence"": 0.15187106820623786, ""current"": 0.1040897028616344}",0,10.0,1.0,25.0,1.0,,,,,
core,weight_498,202,0.99959197772207,1.123762376237624,6.0,"{""volume"": 0.38691230636099533, ""citation"": 0.20144509464805557, ""institutions"": 0.13238012022268938, ""persistence"": 0.18372586444322997, ""current"": 0.09553661432502988}",0,10.0,1.0,25.0,1.0,,,,,
core,weight_499,202,0.9976563287682764,2.8267326732673266,13.0,"{""volume"": 0.4292990658431554, ""citation"": 0.1791313853330639, ""institutions"": 0.16755395673361204, ""persistence"": 0.12920637943840643, ""current"": 0.09480921265176212}",0,10.0,1.0,25.0,1.0,,,,,
emerging,weight_000,44,0.9956307258632838,0.7272727272727273,4.0,"{""multiyear_growth"": 0.35781360361854203, ""recent_growth"": 0.27393272184554807, ""trend"": 0.1772795444877834, ""quarter_consistency"": 0.08855722795432713, ""institution_expansion"": 0.10241690209379932}",0,10.0,1.0,24.0,0.9230769230769232,,,,,
emerging,weight_001,44,0.9956307258632838,0.7272727272727273,4.0,"{""multiyear_growth"": 0.3191632646872605, ""recent_growth"": 0.28011733547902373, ""trend"": 0.21473012417240248, ""quarter_consistency"": 0.10018254324274141, ""institution_expansion"": 0.08580673241857197}",0,9.0,0.8181818181818182,25.0,1.0,,,,,
emerging,weight_002,44,0.9992952783650456,0.1818181818181818,2.0,"{""multiyear_growth"": 0.3636558685920782, ""recent_growth"": 0.25106312847256307, ""trend"": 0.1853118884569494, ""quarter_consistency"": 0.09896779002110458, ""institution_expansion"": 0.10100132445730478}",0,10.0,1.0,25.0,1.0,,,,,
emerging,weight_003,44,0.999013389711064,0.2727272727272727,2.0,"{""multiyear_growth"": 0.34424276881314064, ""recent_growth"": 0.23670624958472963, ""trend"": 0.2141708378064397, ""quarter_consistency"": 0.09557985833012796, ""institution_expansion"": 0.10930028546556192}",0,10.0,1.0,25.0,1.0,,,,,
emerging,weight_004,44,0.998872445384073,0.2727272727272727,2.0,"{""multiyear_growth"": 0.35254515922990937, ""recent_growth"": 0.2612043904925159, ""trend"": 0.19361390921877147, ""quarter_consistency"": 0.10214406350152717, ""institution_expansion"": 0.09049247755727599}",0,10.0,1.0,25.0,1.0,,,,,
emerging,weight_005,44,0.9980267794221284,0.4545454545454545,2.0,"{""multiyear_growth"": 0.3399963085482842, ""recent_growth"": 0.26294579617935115, ""trend"": 0.2166822294551223, ""quarter_consistency"": 0.08976772197358228, ""institution_expansion"": 0.09060794384365999}",0,10.0,1.0,25.0,1.0,,,,,
emerging,weight_006,44,0.9947850599013388,0.9090909090909092,4.0,"{""multiyear_growth"": 0.35737742682222173, ""recent_growth"": 0.27063409226288093, ""trend"": 0.21413144441683335, ""quarter_consistency"": 0.08041106700894161, ""institution_expansion"": 0.07744596948912226}",0,9.0,0.8181818181818182,24.0,0.9230769230769232,,,,,
emerging,weight_007,44,0.9932346723044396,0.8181818181818182,6.0,"{""multiyear_growth"": 0.2928978947848652, ""recent_growth"": 0.27462332471834333, ""trend"": 0.20924946865318236, ""quarter_consistency"": 0.11885645142208096, ""institution_expansion"": 0.10437286042152814}",0,9.0,0.8181818181818182,25.0,1.0,,,,,
emerging,weight_008,44,0.993939393939394,0.7727272727272727,6.0,"{""multiyear_growth"": 0.3915942728801472, ""recent_growth"": 0.2019548549818263, ""trend"": 0.21441061495650987, ""quarter_consistency"": 0.10665021469494237, ""institution_expansion"": 0.08539004248657435}",0,10.0,1.0,25.0,1.0,,,,,
emerging,weight_009,44,0.9909795630725864,0.9545454545454546,6.0,"{""multiyear_growth"": 0.32629178701034206, ""recent_growth"": 0.2738632190338653, ""trend"": 0.1746346596810684, ""quarter_consistency"": 0.11314177175430594, ""institution_expansion"": 0.11206856252041823}",0,9.0,0.8181818181818182,25.0,1.0,,,,,
emerging,weight_010,44,0.9961945031712474,0.6818181818181818,3.0,"{""multiyear_growth"": 0.38733905632213, ""recent_growth"": 0.234261190088321, ""trend"": 0.20656466175401042, ""quarter_consistency"": 0.08200831823775817, ""institution_expansion"": 0.08982677359778041}",0,10.0,1.0,25.0,1.0,,,,,
emerging,weight_011,44,0.9952078928823116,0.6363636363636364,5.0,"{""multiyear_growth"": 0.3325152108497321, ""recent_growth"": 0.24486057658910537, ""trend"": 0.20705160551383026, ""quarter_consistency"": 0.12157612309321056, ""institution_expansion"": 0.09399648395412169}",0,10.0,1.0,25.0,1.0,,,,,
emerging,weight_012,44,0.9981677237491192,0.3181818181818182,3.0,"{""multiyear_growth"": 0.33108751042443624, ""recent_growth"": 0.25836531976388716, ""trend"": 0.20268476798339202, ""quarter_consistency"": 0.09760828227512237, ""institution_expansion"": 0.11025411955316225}",0,9.0,0.8181818181818182,25.0,1.0,,,,,
emerging,weight_013,44,0.9930937279774488,0.7727272727272727,5.0,"{""multiyear_growth"": 0.3765707542450407, ""recent_growth"": 0.24906984228766804, ""trend"": 0.16544846899581075, ""quarter_consistency"": 0.11668610557138273, ""institution_expansion"": 0.09222482890009771}",0,10.0,1.0,25.0,1.0,,,,,
emerging,weight_014,44,0.9970401691331924,0.5454545454545454,3.0,"{""multiyear_growth"": 0.3291419806763548, ""recent_growth"": 0.25096035370808323, ""trend"": 0.2247770604382477, ""quarter_consistency"": 0.10934078435196086, ""institution_expansion"": 0.08577982082535347}",0,10.0,1.0,25.0,1.0,,,,,
emerging,weight_015,44,0.9960535588442564,0.5454545454545454,4.0,"{""multiyear_growth"": 0.3272549190215758, ""recent_growth"": 0.2744730003160696, ""trend"": 0.1957126732109984, ""quarter_consistency"": 0.10647982666095396, ""institution_expansion"": 0.0960795807904023}",0,9.0,0.8181818181818182,25.0,1.0,,,,,
emerging,weight_016,44,0.9960535588442564,0.5454545454545454,4.0,"{""multiyear_growth"": 0.3908205536837235, ""recent_growth"": 0.20308355998549094, ""trend"": 0.18761477528954992, ""quarter_consistency"": 0.11433091348632372, ""institution_expansion"": 0.1041501975549119}",0,10.0,1.0,25.0,1.0,,,,,
emerging,weight_017,44,0.991261451726568,1.0454545454545454,6.0,"{""multiyear_growth"": 0.313515584016769, ""recent_growth"": 0.24563733636520477, ""trend"": 0.1937120387124445, ""quarter_consistency"": 0.12740468953146447, ""institution_expansion"": 0.11973035137411728}",0,9.0,0.8181818181818182,24.0,0.9230769230769232,,,,,
emerging,weight_018,44,0.9980267794221284,0.3636363636363636,4.0,"{""multiyear_growth"": 0.36009699643406945, ""recent_growth"": 0.2491008429483714, ""trend"": 0.178374981920406, ""quarter_consistency"": 0.1036580546702243, ""institution_expansion"": 0.10876912402692876}",0,10.0,1.0,25.0,1.0,,,,,
emerging,weight_019,44,0.9930937279774488,0.9090909090909092,6.0,"{""multiyear_growth"": 0.30072125749341616, ""recent_growth"": 0.2214560124259585, ""trend"": 0.23616169755697233, ""quarter_consistency"": 0.12121970535859167, ""institution_expansion"": 0.12044132716506145}",0,9.0,0.8181818181818182,25.0,1.0,,,,,
emerging,weight_020,44,0.9981677237491192,0.4090909090909091,2.0,"{""multiyear_growth"": 0.3432646596549616, ""recent_growth"": 0.24077892422938213, ""trend"": 0.20570839740121938, ""quarter_consistency"": 0.09357473177328576, ""institution_expansion"": 0.11667328694115117}",0,10.0,1.0,25.0,1.0,,,,,
emerging,weight_021,44,0.9936575052854122,0.7727272727272727,6.0,"{""multiyear_growth"": 0.324154957928418, ""recent_growth"": 0.2556038765355628, ""trend"": 0.19299940286947098, ""quarter_consistency"": 0.1226739255336249, ""institution_expansion"": 0.10456783713292332}",0,9.0,0.8181818181818182,25.0,1.0,,,,,
emerging,weight_022,44,0.99830866807611,0.4090909090909091,2.0,"{""multiyear_growth"": 0.32645682378625607, ""recent_growth"": 0.23435523747344378, ""trend"": 0.24727152591113194, ""quarter_consistency"": 0.09872812923877565, ""institution_expansion"": 0.09318828359039259}",0,10.0,1.0,25.0,1.0,,,,,
emerging,weight_023,44,0.9926708949964762,0.6818181818181818,6.0,"{""multiyear_growth"": 0.38810592474133343, ""recent_growth"": 0.22595798027686315, ""trend"": 0.1633176056414683, ""quarter_consistency"": 0.1083722949423287, ""institution_expansion"": 0.11424619439800623}",0,10.0,1.0,25.0,1.0,,,,,
emerging,weight_024,44,0.993939393939394,0.8636363636363636,4.0,"{""multiyear_growth"": 0.3054160264526996, ""recent_growth"": 0.2891968323197895, ""trend"": 0.2113781551179347, ""quarter_consistency"": 0.11018227370731999, ""institution_expansion"": 0.08382671240225613}",0,9.0,0.8181818181818182,25.0,1.0,,,,,
emerging,weight_025,44,0.9954897815362932,0.7727272727272727,3.0,"{""multiyear_growth"": 0.36570454835105537, ""recent_growth"": 0.2183982500590648, ""trend"": 0.20843048585635504, ""quarter_consistency"": 0.0885221819497949, ""institution_expansion"": 0.11894453378372992}",0,10.0,1.0,25.0,1.0,,,,,
emerging,weight_026,44,0.9978858350951372,0.4545454545454545,2.0,"{""multiyear_growth"": 0.3714191748705335, ""recent_growth"": 0.26604912112881907, ""trend"": 0.1722534644339082, ""quarter_consistency"": 0.09230247849242007, ""institution_expansion"": 0.09797576107431907}",0,10.0,1.0,25.0,1.0,,,,,
emerging,weight_027,44,0.9959126145172658,0.7727272727272727,3.0,"{""multiyear_growth"": 0.3701056050696292, ""recent_growth"": 0.2883345666491538, ""trend"": 0.17496514237882257, ""quarter_consistency"": 0.08185015294038318, ""institution_expansion"": 0.08474453296201116}",0,9.0,0.8181818181818182,24.0,0.9230769230769232,,,,,
emerging,weight_028,44,0.9968992248062016,0.5909090909090909,3.0,"{""multiyear_growth"": 0.4150835382474662, ""recent_growth"": 0.2088240542153541, ""trend"": 0.17853373535317263, ""quarter_consistency"": 0.08761476030540809, ""institution_expansion"": 0.10994391187859902}",0,10.0,1.0,25.0,1.0,,,,,
emerging,weight_029,44,0.9952078928823116,0.7727272727272727,4.0,"{""multiyear_growth"": 0.41865346797252306, ""recent_growth"": 0.23813620273451166, ""trend"": 0.174125604834215, ""quarter_consistency"": 0.0824475415378976, ""institution_expansion"": 0.08663718292085265}",0,10.0,1.0,25.0,1.0,,,,,
emerging,weight_030,44,0.9980267794221284,0.4545454545454545,2.0,"{""multiyear_growth"": 0.3276014110263892, ""recent_growth"": 0.2597020329901048, ""trend"": 0.22962078589784232, ""quarter_consistency"": 0.09327249058107745, ""institution_expansion"": 0.08980327950458626}",0,10.0,1.0,25.0,1.0,,,,,
emerging,weight_031,44,0.9976039464411556,0.4545454545454545,3.0,"{""multiyear_growth"": 0.3872341142027519, ""recent_growth"": 0.2193186219327965, ""trend"": 0.19563862842293595, ""quarter_consistency"": 0.108804604332368, ""institution_expansion"": 0.08900403110914769}",0,10.0,1.0,25.0,1.0,,,,,
emerging,weight_032,44,0.9936575052854122,0.6818181818181818,5.0,"{""multiyear_growth"": 0.36670214253884126, ""recent_growth"": 0.2569613575041485, ""trend"": 0.1635834702636358, ""quarter_consistency"": 0.10627648982820183, ""institution_expansion"": 0.1064765398651727}",0,10.0,1.0,25.0,1.0,,,,,
emerging,weight_033,44,0.9956307258632838,0.6818181818181818,4.0,"{""multiyear_growth"": 0.32975791301921437, ""recent_growth"": 0.27416647452813625, ""trend"": 0.19170681800791975, ""quarter_consistency"": 0.09387497296915291, ""institution_expansion"": 0.11049382147557678}",0,9.0,0.8181818181818182,25.0,1.0,,,,,
emerging,weight_034,44,0.997322057787174,0.4090909090909091,4.0,"{""multiyear_growth"": 0.36689047125701013, ""recent_growth"": 0.25230673595291103, ""trend"": 0.17593683304869295, ""quarter_consistency"": 0.10761256676398362, ""institution_expansion"": 0.09725339297740213}",0,10.0,1.0,25.0,1.0,,,,,
emerging,weight_035,44,0.999154334038055,0.2272727272727272,2.0,"{""multiyear_growth"": 0.3585086311913674, ""recent_growth"": 0.24511083434254255, ""trend"": 0.19598861550192326, ""quarter_consistency"": 0.10647864612043484, ""institution_expansion"": 0.09391327284373181}",0,10.0,1.0,25.0,1.0,,,,,
emerging,weight_036,44,0.9978858350951372,0.4545454545454545,3.0,"{""multiyear_growth"": 0.3855628744417349, ""recent_growth"": 0.23821633035740128, ""trend"": 0.17995892592836019, ""quarter_consistency"": 0.09334194057029631, ""institution_expansion"": 0.1029199287022074}",0,10.0,1.0,25.0,1.0,,,,,
emerging,weight_037,44,0.9957716701902748,0.7727272727272727,4.0,"{""multiyear_growth"": 0.3754752637842062, ""recent_growth"": 0.2594547324776462, ""trend"": 0.20391655496689068, ""quarter_consistency"": 0.08188224538538952, ""institution_expansion"": 0.07927120338586757}",0,10.0,1.0,24.0,0.9230769230769232,,,,,
emerging,weight_038,44,0.99830866807611,0.4090909090909091,2.0,"{""multiyear_growth"": 0.36353533720757814, ""recent_growth"": 0.25554758455682397, ""trend"": 0.1995838783431707, ""quarter_consistency"": 0.10098934542954764, ""institution_expansion"": 0.08034385446287956}",0,10.0,1.0,25.0,1.0,,,,,
emerging,weight_039,44,0.9980267794221284,0.4545454545454545,2.0,"{""multiyear_growth"": 0.3670083007917351, ""recent_growth"": 0.21457572216048168, ""trend"": 0.21344652703755185, ""quarter_consistency"": 0.0942274297570585, ""institution_expansion"": 0.11074202025317295}",0,10.0,1.0,25.0,1.0,,,,,
emerging,weight_040,44,0.9967582804792108,0.6363636363636364,3.0,"{""multiyear_growth"": 0.3895040099486173, ""recent_growth"": 0.231703196477506, ""trend"": 0.19323568906528785, ""quarter_consistency"": 0.0851898891182783, ""institution_expansion"": 0.10036721539031047}",0,10.0,1.0,25.0,1.0,,,,,
emerging,weight_041,44,0.9985905567300916,0.3636363636363636,2.0,"{""multiyear_growth"": 0.34100477062430157, ""recent_growth"": 0.24557211773501816, ""trend"": 0.2292329019708806, ""quarter_consistency"": 0.09740168062174033, ""institution_expansion"": 0.08678852904805945}",0,10.0,1.0,25.0,1.0,,,,,
emerging,weight_042,44,0.9952078928823116,0.9090909090909092,3.0,"{""multiyear_growth"": 0.33077249449350166, ""recent_growth"": 0.2721196887453219, ""trend"": 0.20274351487494233, ""quarter_consistency"": 0.08282536634983104, ""institution_expansion"": 0.11153893553640315}",0,9.0,0.8181818181818182,24.0,0.9230769230769232,,,,,
emerging,weight_043,44,0.9961945031712474,0.5454545454545454,4.0,"{""multiyear_growth"": 0.394221086158082, ""recent_growth"": 0.22434427615733377, ""trend"": 0.17794036306204083, ""quarter_consistency"": 0.11181964725184909, ""institution_expansion"": 0.09167462737069423}",0,10.0,1.0,25.0,1.0,,,,,
emerging,weight_044,44,0.9992952783650456,0.1818181818181818,2.0,"{""multiyear_growth"": 0.3577705208558997, ""recent_growth"": 0.23577084285263095, ""trend"": 0.21378545158276707, ""quarter_consistency"": 0.10310914851277124, ""institution_expansion"": 0.08956403619593084}",0,10.0,1.0,25.0,1.0,,,,,
emerging,weight_045,44,0.9959126145172658,0.5454545454545454,4.0,"{""multiyear_growth"": 0.3202208570725482, ""recent_growth"": 0.2572015799081304, ""trend"": 0.20200536133250396, ""quarter_consistency"": 0.09928508555474765, ""institution_expansion"": 0.1212871161320698}",0,9.0,0.8181818181818182,25.0,1.0,,,,,
emerging,weight_046,44,0.999013389711064,0.2727272727272727,2.0,"{""multiyear_growth"": 0.3618510290814862, ""recent_growth"": 0.23033993487056856, ""trend"": 0.20630512242245072, ""quarter_consistency"": 0.0963272279828049, ""institution_expansion"": 0.10517668564268964}",0,10.0,1.0,25.0,1.0,,,,,
emerging,weight_047,44,0.9942212825933756,0.7272727272727273,5.0,"{""multiyear_growth"": 0.29504936885908356, ""recent_growth"": 0.28307417821190906, ""trend"": 0.20794223769830789, ""quarter_consistency"": 0.10827688662962691, ""institution_expansion"": 0.10565732860107255}",0,9.0,0.8181818181818182,25.0,1.0,,,,,
emerging,weight_048,44,0.9915433403805496,0.9545454545454546,6.0,"{""multiyear_growth"": 0.31588829570640137, ""recent_growth"": 0.2835040284699703, ""trend"": 0.18211881069132832, ""quarter_consistency"": 0.11633483815494365, ""institution_expansion"": 0.10215402697735634}",0,9.0,0.8181818181818182,25.0,1.0,,,,,
emerging,weight_049,44,0.9997181113460184,0.0909090909090909,1.0,"{""multiyear_growth"": 0.361461005664374, ""recent_growth"": 0.24580865862735088, ""trend"": 0.193860866772538, ""quarter_consistency"": 0.09694193081560991, ""institution_expansion"": 0.10192753812012738}",0,10.0,1.0,25.0,1.0,,,,,
emerging,weight_050,44,0.9961945031712474,0.7727272727272727,3.0,"{""multiyear_growth"": 0.3722813967348027, ""recent_growth"": 0.23648970066192287, ""trend"": 0.2062269519450772, ""quarter_consistency"": 0.07827083154523666, ""institution_expansion"": 0.10673111911296049}",0,10.0,1.0,25.0,1.0,,,,,
emerging,weight_051,44,0.9957716701902748,0.5909090909090909,5.0,"{""multiyear_growth"": 0.300492143762459, ""recent_growth"": 0.2521641294906575, ""trend"": 0.22842085884689994, ""quarter_consistency"": 0.11502344985410548, ""institution_expansion"": 0.10389941804587813}",0,9.0,0.8181818181818182,25.0,1.0,,,,,
emerging,weight_052,44,0.99830866807611,0.4090909090909091,2.0,"{""multiyear_growth"": 0.37051151027747325, ""recent_growth"": 0.27271204685053285, ""trend"": 0.18017591865731847, ""quarter_consistency"": 0.09144516350676994, ""institution_expansion"": 0.08515536070790543}",0,10.0,1.0,24.0,0.9230769230769232,,,,,
emerging,weight_053,44,0.9943622269203664,0.7727272727272727,5.0,"{""multiyear_growth"": 0.3060908370046102, ""recent_growth"": 0.30015606748242657, ""trend"": 0.19332230488620952, ""quarter_consistency"": 0.11290166217443104, ""institution_expansion"": 0.08752912845232252}",0,9.0,0.8181818181818182,24.0,0.9230769230769232,,,,,
emerging,weight_054,44,0.996476391825229,0.6363636363636364,3.0,"{""multiyear_growth"": 0.32368283738784664, ""recent_growth"": 0.23761918778527966, ""trend"": 0.23380494374057428, ""quarter_consistency"": 0.11490458918535723, ""institution_expansion"": 0.08998844190094218}",0,10.0,1.0,25.0,1.0,,,,,
emerging,weight_055,44,0.994644115574348,0.6818181818181818,5.0,"{""multiyear_growth"": 0.3342020933489119, ""recent_growth"": 0.2341715248797956, ""trend"": 0.2058542160990486, ""quarter_consistency"": 0.1165830531570558, ""institution_expansion"": 0.10918911251518812}",0,10.0,1.0,25.0,1.0,,,,,
emerging,weight_056,44,0.9933756166314304,0.7272727272727273,6.0,"{""multiyear_growth"": 0.3393438298564191, ""recent_growth"": 0.2567975234242183, ""trend"": 0.1794725708114278, ""quarter_consistency"": 0.11691749607888771, ""institution_expansion"": 0.1074685798290472}",0,9.0,0.8181818181818182,25.0,1.0,,,,,
emerging,weight_057,44,0.9949260042283298,0.7272727272727273,4.0,"{""multiyear_growth"": 0.37069205230122604, ""recent_growth"": 0.25867576610586307, ""trend"": 0.1684966609487329, ""quarter_consistency"": 0.08558558889770229, ""institution_expansion"": 0.11654993174647575}",0,10.0,1.0,25.0,1.0,,,,,
emerging,weight_058,44,0.9981677237491192,0.4545454545454545,2.0,"{""multiyear_growth"": 0.3116818088105202, ""recent_growth"": 0.2602384800744806, ""trend"": 0.22605981978938958, ""quarter_consistency"": 0.09146842968814851, ""institution_expansion"": 0.11055146163746116}",0,9.0,0.8181818181818182,25.0,1.0,,,,,
emerging,weight_059,44,0.9950669485553204,0.8636363636363636,3.0,"{""multiyear_growth"": 0.4015530641041548, ""recent_growth"": 0.24283687903947856, ""trend"": 0.17315746889373995, ""quarter_consistency"": 0.07956769415493033, ""institution_expansion"": 0.10288489380769633}",0,10.0,1.0,24.0,0.9230769230769232,,,,,
emerging,weight_060,44,0.9978858350951372,0.3636363636363636,3.0,"{""multiyear_growth"": 0.35644242472623217, ""recent_growth"": 0.22180423656394982, ""trend"": 0.2156620329203899, ""quarter_consistency"": 0.11118200765981562, ""institution_expansion"": 0.0949092981296125}",0,10.0,1.0,25.0,1.0,,,,,
emerging,weight_061,44,0.9978858350951372,0.5454545454545454,2.0,"{""multiyear_growth"": 0.342319925723723, ""recent_growth"": 0.23059423868728932, ""trend"": 0.23875798204352727, ""quarter_consistency"": 0.08617671527717444, ""institution_expansion"": 0.10215113826828592}",0,10.0,1.0,25.0,1.0,,,,,
emerging,weight_062,44,0.9961945031712474,0.7272727272727273,3.0,"{""multiyear_growth"": 0.3035637423095167, ""recent_growth"": 0.29413575110974666, ""trend"": 0.2167840859507191, ""quarter_consistency"": 0.09176623687713838, ""institution_expansion"": 0.0937501837528793}",0,9.0,0.8181818181818182,25.0,1.0,,,,,
emerging,weight_063,44,0.9957716701902748,0.6363636363636364,4.0,"{""multiyear_growth"": 0.42371797007047424, ""recent_growth"": 0.21297523585518455, ""trend"": 0.16567024287681617, ""quarter_consistency"": 0.1113948753950773, ""institution_expansion"": 0.08624167580244788}",0,10.0,1.0,25.0,1.0,,,,,
emerging,weight_064,44,0.9970401691331924,0.6363636363636364,3.0,"{""multiyear_growth"": 0.3224355300000996, ""recent_growth"": 0.22130802805024558, ""trend"": 0.2459612927940539, ""quarter_consistency"": 0.09108407129181258, ""institution_expansion"": 0.11921107786378819}",0,10.0,1.0,25.0,1.0,,,,,
emerging,weight_065,44,0.996476391825229,0.6818181818181818,4.0,"{""multiyear_growth"": 0.3225004546081596, ""recent_growth"": 0.24669626108636528, ""trend"": 0.21680065155122927, ""quarter_consistency"": 0.09067703394249724, ""institution_expansion"": 0.12332559881174857}",0,9.0,0.8181818181818182,25.0,1.0,,,,,
emerging,weight_066,44,0.992952783650458,0.8181818181818182,5.0,"{""multiyear_growth"": 0.29934983304470164, ""recent_growth"": 0.2844633872490701, ""trend"": 0.19581792938253614, ""quarter_consistency"": 0.10257077895819856, ""institution_expansion"": 0.11779807136549367}",0,9.0,0.8181818181818182,25.0,1.0,,,,,
emerging,weight_067,44,0.9961945031712474,0.7727272727272727,2.0,"{""multiyear_growth"": 0.358991344190262, ""recent_growth"": 0.2161341060882934, ""trend"": 0.22966168152814162, ""quarter_consistency"": 0.08344556418828848, ""institution_expansion"": 0.11176730400501451}",0,10.0,1.0,25.0,1.0,,,,,
emerging,weight_068,44,0.9942212825933756,0.7727272727272727,5.0,"{""multiyear_growth"": 0.2992888255681823, ""recent_growth"": 0.2805703218386957, ""trend"": 0.210963617845392, ""quarter_consistency"": 0.11532373031997235, ""institution_expansion"": 0.09385350442775775}",0,9.0,0.8181818181818182,25.0,1.0,,,,,
emerging,weight_069,44,0.9968992248062016,0.5909090909090909,3.0,"{""multiyear_growth"": 0.42303785696679047, ""recent_growth"": 0.21969217168608643, ""trend"": 0.17520490866774652, ""quarter_consistency"": 0.09559158303705269, ""institution_expansion"": 0.08647347964232385}",0,10.0,1.0,25.0,1.0,,,,,
emerging,weight_070,44,0.997322057787174,0.5,3.0,"{""multiyear_growth"": 0.3943090812883718, ""recent_growth"": 0.2272763416961044, ""trend"": 0.17756604962203446, ""quarter_consistency"": 0.09480516215414199, ""institution_expansion"": 0.10604336523934717}",0,10.0,1.0,25.0,1.0,,,,,
emerging,weight_071,44,0.9976039464411556,0.4545454545454545,3.0,"{""multiyear_growth"": 0.37127703776013055, ""recent_growth"": 0.26996630431922797, ""trend"": 0.18759060167401437, ""quarter_consistency"": 0.09788628488105973, ""institution_expansion"": 0.07327977136556739}",0,9.0,0.8181818181818182,25.0,1.0,,,,,
emerging,weight_072,44,0.9953488372093025,0.5909090909090909,4.0,"{""multiyear_growth"": 0.36199020829685613, ""recent_growth"": 0.27084381660082285, ""trend"": 0.16539313986539272, ""quarter_consistency"": 0.10138825757741883, ""institution_expansion"": 0.10038457765950949}",0,10.0,1.0,25.0,1.0,,,,,
emerging,weight_073,44,0.9987315010570824,0.3181818181818182,2.0,"{""multiyear_growth"": 0.35546384496186334, ""recent_growth"": 0.24002604462955607, ""trend"": 0.20411282744429363, ""quarter_consistency"": 0.10819606523590891, ""institution_expansion"": 0.092201217728378}",0,10.0,1.0,25.0,1.0,,,,,
emerging,weight_074,44,0.994644115574348,0.7272727272727273,4.0,"{""multiyear_growth"": 0.2932281936668968, ""recent_growth"": 0.2572767406067332, ""trend"": 0.24352379865566467, ""quarter_consistency"": 0.11873959969973007, ""institution_expansion"": 0.08723166737097528}",0,9.0,0.8181818181818182,25.0,1.0,,,,,
emerging,weight_075,44,0.9942212825933756,0.6818181818181818,6.0,"{""multiyear_growth"": 0.36323340943239446, ""recent_growth"": 0.2213551833320294, ""trend"": 0.22969532182762464, ""quarter_consistency"": 0.10836987425725046, ""institution_expansion"": 0.07734621115070096}",0,10.0,1.0,25.0,1.0,,,,,
emerging,weight_076,44,0.996476391825229,0.5454545454545454,4.0,"{""multiyear_growth"": 0.38512610664294267, ""recent_growth"": 0.22925970529023348, ""trend"": 0.1762542365263294, ""quarter_consistency"": 0.1122355827961812, ""institution_expansion"": 0.09712436874431321}",0,10.0,1.0,25.0,1.0,,,,,
emerging,weight_077,44,0.9953488372093025,0.7272727272727273,4.0,"{""multiyear_growth"": 0.3697392717710591, ""recent_growth"": 0.26798133946394787, ""trend"": 0.16734047172891148, ""quarter_consistency"": 0.08935608475648762, ""institution_expansion"": 0.10558283227959389}",0,10.0,1.0,24.0,0.9230769230769232,,,,,
emerging,weight_078,44,0.9981677237491192,0.3636363636363636,3.0,"{""multiyear_growth"": 0.3865789919932926, ""recent_growth"": 0.24559941568134913, ""trend"": 0.17590527587014246, ""quarter_consistency"": 0.09593957792274872, ""institution_expansion"": 0.09597673853246715}",0,10.0,1.0,25.0,1.0,,,,,
emerging,weight_079,44,0.9970401691331924,0.6363636363636364,3.0,"{""multiyear_growth"": 0.4087018440188586, ""recent_growth"": 0.20008785704308418, ""trend"": 0.20050087608414693, ""quarter_consistency"": 0.08954193495946282, ""institution_expansion"": 0.1011674878944474}",0,10.0,1.0,25.0,1.0,,,,,
emerging,weight_080,44,0.9932346723044396,1.0,4.0,"{""multiyear_growth"": 0.31625718823741217, ""recent_growth"": 0.311944219592516, ""trend"": 0.1902134557019892, ""quarter_consistency"": 0.09076473515473342, ""institution_expansion"": 0.0908204013133493}",0,9.0,0.8181818181818182,24.0,0.9230769230769232,,,,,
emerging,weight_081,44,0.9984496124031008,0.3636363636363636,2.0,"{""multiyear_growth"": 0.3779355599337429, ""recent_growth"": 0.21588259372403518, ""trend"": 0.21209853263986944, ""quarter_consistency"": 0.09385207891533966, ""institution_expansion"": 0.1002312347870127}",0,10.0,1.0,25.0,1.0,,,,,
emerging,weight_082,44,0.9984496124031008,0.3636363636363636,2.0,"{""multiyear_growth"": 0.3276503205785669, ""recent_growth"": 0.250267506484366, ""trend"": 0.22703853369944174, ""quarter_consistency"": 0.10556395585965743, ""institution_expansion"": 0.08947968337796798}",0,10.0,1.0,25.0,1.0,,,,,
emerging,weight_083,44,0.9992952783650456,0.2272727272727272,1.0,"{""multiyear_growth"": 0.3271115712449895, ""recent_growth"": 0.23258186677201356, ""trend"": 0.22269026722779234, ""quarter_consistency"": 0.10376754655584056, ""institution_expansion"": 0.11384874819936402}",0,10.0,1.0,25.0,1.0,,,,,
emerging,weight_084,44,0.9977448907681464,0.5454545454545454,2.0,"{""multiyear_growth"": 0.3041073700501386, ""recent_growth"": 0.23668774287874347, ""trend"": 0.24697255973454033, ""quarter_consistency"": 0.09299450023932773, ""institution_expansion"": 0.11923782709724978}",0,9.0,0.8181818181818182,25.0,1.0,,,,,
emerging,weight_085,44,0.9953488372093025,0.5454545454545454,5.0,"{""multiyear_growth"": 0.3427391530558708, ""recent_growth"": 0.2498440262978316, ""trend"": 0.18912286710530973, ""quarter_consistency"": 0.11087230736598122, ""institution_expansion"": 0.10742164617500669}",0,10.0,1.0,25.0,1.0,,,,,
emerging,weight_086,44,0.9916842847075404,1.0,6.0,"{""multiyear_growth"": 0.30766809523704225, ""recent_growth"": 0.25189837511655094, ""trend"": 0.19878069920741798, ""quarter_consistency"": 0.11764224665282229, ""institution_expansion"": 0.12401058378616629}",0,9.0,0.8181818181818182,25.0,1.0,,,,,
emerging,weight_087,44,0.9970401691331924,0.6363636363636364,3.0,"{""multiyear_growth"": 0.2988034101081574, ""recent_growth"": 0.23240764189087093, ""trend"": 0.24726085219065277, ""quarter_consistency"": 0.10813226848349022, ""institution_expansion"": 0.11339582732682864}",0,9.0,0.8181818181818182,25.0,1.0,,,,,
emerging,weight_088,44,0.994644115574348,0.5454545454545454,5.0,"{""multiyear_growth"": 0.37443675637091095, ""recent_growth"": 0.24247265842778695, ""trend"": 0.16937182119928645, ""quarter_consistency"": 0.09479713420088322, ""institution_expansion"": 0.11892162980113247}",0,10.0,1.0,25.0,1.0,,,,,
emerging,weight_089,44,0.9949260042283298,0.6363636363636364,5.0,"{""multiyear_growth"": 0.3477442105374867, ""recent_growth"": 0.26450755310199325, ""trend"": 0.17267747557223734, ""quarter_consistency"": 0.10551033550170234, ""institution_expansion"": 0.10956042528658053}",0,9.0,0.8181818181818182,25.0,1.0,,,,,
emerging,weight_090,44,0.996335447498238,0.7272727272727273,4.0,"{""multiyear_growth"": 0.31928452093787374, ""recent_growth"": 0.22037094282431804, ""trend"": 0.22703057629157394, ""quarter_consistency"": 0.11261967012867483, ""institution_expansion"": 0.12069428981755949}",0,9.0,0.8181818181818182,25.0,1.0,,,,,
emerging,weight_091,44,0.99830866807611,0.4545454545454545,2.0,"{""multiyear_growth"": 0.3212182480786803, ""recent_growth"": 0.2418075074080978, ""trend"": 0.2277070135474822, ""quarter_consistency"": 0.09270303988938648, ""institution_expansion"": 0.1165641910763533}",0,9.0,0.8181818181818182,25.0,1.0,,,,,
emerging,weight_092,44,0.9971811134601832,0.4545454545454545,3.0,"{""multiyear_growth"": 0.3524129117105155, ""recent_growth"": 0.2408137352742342, ""trend"": 0.1925899642504989, ""quarter_consistency"": 0.11108544676247153, ""institution_expansion"": 0.10309794200227988}",0,10.0,1.0,25.0,1.0,,,,,
emerging,weight_093,44,0.9970401691331924,0.5,3.0,"{""multiyear_growth"": 0.385794885245116, ""recent_growth"": 0.25935773152795566, ""trend"": 0.16029236639768912, ""quarter_consistency"": 0.10134848665184469, ""institution_expansion"": 0.09320653017739462}",0,10.0,1.0,25.0,1.0,,,,,
emerging,weight_094,44,0.9919661733615222,0.9090909090909092,6.0,"{""multiyear_growth"": 0.30891226654362386, ""recent_growth"": 0.2935302785637659, ""trend"": 0.18746669339063485, ""quarter_consistency"": 0.11917998542682795, ""institution_expansion"": 0.0909107760751475}",0,9.0,0.8181818181818182,24.0,0.9230769230769232,,,,,
emerging,weight_095,44,0.9957716701902748,0.5909090909090909,5.0,"{""multiyear_growth"": 0.38238805393896513, ""recent_growth"": 0.2027294744381304, ""trend"": 0.22093832472249572, ""quarter_consistency"": 0.09969398877921057, ""institution_expansion"": 0.09425015812119825}",0,10.0,1.0,25.0,1.0,,,,,
emerging,weight_096,44,0.9968992248062016,0.7272727272727273,2.0,"{""multiyear_growth"": 0.35725090364767353, ""recent_growth"": 0.22220498481935144, ""trend"": 0.2309442664413216, ""quarter_consistency"": 0.08289316930552174, ""institution_expansion"": 0.10670667578613174}",0,10.0,1.0,25.0,1.0,,,,,
emerging,weight_097,44,0.9937984496124032,0.8181818181818182,5.0,"{""multiyear_growth"": 0.29639311002909013, ""recent_growth"": 0.27214886831502755, ""trend"": 0.2085993434981465, ""quarter_consistency"": 0.10591330188039619, ""institution_expansion"": 0.11694537627733964}",0,9.0,0.8181818181818182,25.0,1.0,,,,,
emerging,weight_098,44,0.9967582804792108,0.5,4.0,"{""multiyear_growth"": 0.369697429764492, ""recent_growth"": 0.20732973679162192, ""trend"": 0.22681900556989013, ""quarter_consistency"": 0.10008503253655207, ""institution_expansion"": 0.09606879533744385}",0,10.0,1.0,25.0,1.0,,,,,
emerging,weight_099,44,0.9978858350951372,0.5,2.0,"{""multiyear_growth"": 0.37553476730035423, ""recent_growth"": 0.270763259114694, ""trend"": 0.1841924016340616, ""quarter_consistency"": 0.08719920807417114, ""institution_expansion"": 0.08231036387671882}",0,10.0,1.0,24.0,0.9230769230769232,,,,,
emerging,weight_100,44,0.9970401691331924,0.4545454545454545,4.0,"{""multiyear_growth"": 0.3646424497569115, ""recent_growth"": 0.25589368072672225, ""trend"": 0.17832744468283035, ""quarter_consistency"": 0.10887976671660274, ""institution_expansion"": 0.09225665811693325}",0,10.0,1.0,25.0,1.0,,,,,
emerging,weight_101,44,0.9891472868217054,1.2272727272727273,7.0,"{""multiyear_growth"": 0.33179866405112063, ""recent_growth"": 0.2880207501119877, ""trend"": 0.1691848432575669, ""quarter_consistency"": 0.08965048946787935, ""institution_expansion"": 0.1213452531114454}",0,9.0,0.8181818181818182,24.0,0.9230769230769232,,,,,
emerging,weight_102,44,0.9981677237491192,0.3636363636363636,3.0,"{""multiyear_growth"": 0.3955789573342236, ""recent_growth"": 0.24002065918232604, ""trend"": 0.1732955107447799, ""quarter_consistency"": 0.10373427890345131, ""institution_expansion"": 0.08737059383521921}",0,10.0,1.0,25.0,1.0,,,,,
emerging,weight_103,44,0.9968992248062016,0.6818181818181818,2.0,"{""multiyear_growth"": 0.33361472150167854, ""recent_growth"": 0.2617630456212073, ""trend"": 0.2163263758576372, ""quarter_consistency"": 0.07921227353526868, ""institution_expansion"": 0.1090835834842083}",0,9.0,0.8181818181818182,25.0,1.0,,,,,
emerging,weight_104,44,0.9940803382663848,0.6818181818181818,5.0,"{""multiyear_growth"": 0.31523420439972705, ""recent_growth"": 0.2829858775087594, ""trend"": 0.18813884094487904, ""quarter_consistency"": 0.1053590933393958, ""institution_expansion"": 0.10828198380723883}",0,9.0,0.8181818181818182,25.0,1.0,,,,,
emerging,weight_105,44,0.9919661733615222,0.9090909090909092,6.0,"{""multiyear_growth"": 0.29241693263113144, ""recent_growth"": 0.28344543474965667, ""trend"": 0.1981590369580299, ""quarter_consistency"": 0.10819614138652464, ""institution_expansion"": 0.11778245427465739}",0,9.0,0.8181818181818182,25.0,1.0,,,,,
emerging,weight_106,44,0.9950669485553204,0.7727272727272727,4.0,"{""multiyear_growth"": 0.3059761252664147, ""recent_growth"": 0.2791151357222117, ""trend"": 0.223387818964356, ""quarter_consistency"": 0.10384934649911609, ""institution_expansion"": 0.08767157354790153}",0,9.0,0.8181818181818182,25.0,1.0,,,,,
emerging,weight_107,44,0.996335447498238,0.5909090909090909,4.0,"{""multiyear_growth"": 0.4093209415305567, ""recent_growth"": 0.23203836969174485, ""trend"": 0.17155692814520318, ""quarter_consistency"": 0.08541553734122459, ""institution_expansion"": 0.10166822329127066}",0,10.0,1.0,25.0,1.0,,,,,
emerging,weight_108,44,0.997322057787174,0.4545454545454545,3.0,"{""multiyear_growth"": 0.3233495162718757, ""recent_growth"": 0.2452888101900271, ""trend"": 0.21521683775723838, ""quarter_consistency"": 0.10966755877090849, ""institution_expansion"": 0.1064772770099505}",0,9.0,0.8181818181818182,25.0,1.0,,,,,
emerging,weight_109,44,0.9995771670190272,0.1363636363636363,1.0,"{""multiyear_growth"": 0.33877759824250403, ""recent_growth"": 0.251173304786451, ""trend"": 0.2162336405694279, ""quarter_consistency"": 0.09958247392182643, ""institution_expansion"": 0.09423298247979064}",0,10.0,1.0,25.0,1.0,,,,,
emerging,weight_110,44,0.9984496124031008,0.3636363636363636,2.0,"{""multiyear_growth"": 0.36257559983804144, ""recent_growth"": 0.25390100377978475, ""trend"": 0.2030504203970806, ""quarter_consistency"": 0.08841323923890942, ""institution_expansion"": 0.0920597367461838}",0,10.0,1.0,25.0,1.0,,,,,
emerging,weight_111,44,0.992248062015504,0.9090909090909092,6.0,"{""multiyear_growth"": 0.36972333077393466, ""recent_growth"": 0.23148431667410146, ""trend"": 0.23633351105470504, ""quarter_consistency"": 0.08104844066339568, ""institution_expansion"": 0.08141040083386326}",0,10.0,1.0,25.0,1.0,,,,,
emerging,weight_112,44,0.9974630021141648,0.4545454545454545,4.0,"{""multiyear_growth"": 0.35714466333469996, ""recent_growth"": 0.2560164124009808, ""trend"": 0.1761784330713074, ""quarter_consistency"": 0.10463113237670378, ""institution_expansion"": 0.10602935881630814}",0,10.0,1.0,25.0,1.0,,,,,
emerging,weight_113,44,0.9974630021141648,0.4545454545454545,3.0,"{""multiyear_growth"": 0.3852248209084559, ""recent_growth"": 0.20816717892155817, ""trend"": 0.20301419782745025, ""quarter_consistency"": 0.10556123447701037, ""institution_expansion"": 0.0980325678655253}",0,10.0,1.0,25.0,1.0,,,,,
emerging,weight_114,44,0.9974630021141648,0.5909090909090909,2.0,"{""multiyear_growth"": 0.3594423155181041, ""recent_growth"": 0.2593834456964472, ""trend"": 0.18962598709434034, ""quarter_consistency"": 0.08755455025582835, ""institution_expansion"": 0.10399370143528011}",0,10.0,1.0,25.0,1.0,,,,,
emerging,weight_115,44,0.9914023960535588,1.0,6.0,"{""multiyear_growth"": 0.3177305018209674, ""recent_growth"": 0.23075537770783686, ""trend"": 0.208722168370253, ""quarter_consistency"": 0.11889464950582708, ""institution_expansion"": 0.12389730259511557}",0,9.0,0.8181818181818182,25.0,1.0,,,,,
emerging,weight_116,44,0.9956307258632838,0.6363636363636364,5.0,"{""multiyear_growth"": 0.3632697252120299, ""recent_growth"": 0.24013380781650503, ""trend"": 0.18744678382775684, ""quarter_consistency"": 0.11227980755396189, ""institution_expansion"": 0.09686987558974637}",0,10.0,1.0,25.0,1.0,,,,,
emerging,weight_117,44,0.9943622269203664,0.8636363636363636,5.0,"{""multiyear_growth"": 0.293332120090505, ""recent_growth"": 0.2544883710792193, ""trend"": 0.2274254078847205, ""quarter_consistency"": 0.11182529825801257, ""institution_expansion"": 0.11292880268754259}",0,9.0,0.8181818181818182,25.0,1.0,,,,,
emerging,weight_118,44,0.9974630021141648,0.4545454545454545,3.0,"{""multiyear_growth"": 0.3868397079999773, ""recent_growth"": 0.2231097976425848, ""trend"": 0.18735093555115576, ""quarter_consistency"": 0.09312109133036106, ""institution_expansion"": 0.10957846747592102}",0,10.0,1.0,25.0,1.0,,,,,
emerging,weight_119,44,0.9953488372093025,0.7272727272727273,4.0,"{""multiyear_growth"": 0.34403782827297974, ""recent_growth"": 0.22926528595408782, ""trend"": 0.21847717789038384, ""quarter_consistency"": 0.12357212891268102, ""institution_expansion"": 0.08464757896986748}",0,10.0,1.0,25.0,1.0,,,,,
emerging,weight_120,44,0.9978858350951372,0.5,2.0,"{""multiyear_growth"": 0.37691167914196744, ""recent_growth"": 0.2490736710206612, ""trend"": 0.18646580796757942, ""quarter_consistency"": 0.08835803956095756, ""institution_expansion"": 0.09919080230883442}",0,10.0,1.0,25.0,1.0,,,,,
emerging,weight_121,44,0.997322057787174,0.6818181818181818,2.0,"{""multiyear_growth"": 0.3346617678900175, ""recent_growth"": 0.23637219272366425, ""trend"": 0.2187875047570373, ""quarter_consistency"": 0.09028616257600766, ""institution_expansion"": 0.1198923720532734}",0,9.0,0.8181818181818182,25.0,1.0,,,,,
emerging,weight_122,44,0.9981677237491192,0.3636363636363636,3.0,"{""multiyear_growth"": 0.3591669004273237, ""recent_growth"": 0.259848245290473, ""trend"": 0.18553192984615202, ""quarter_consistency"": 0.10199740027001793, ""institution_expansion"": 0.09345552416603313}",0,10.0,1.0,25.0,1.0,,,,,
emerging,weight_123,44,0.9970401691331924,0.6818181818181818,2.0,"{""multiyear_growth"": 0.37624911913709275, ""recent_growth"": 0.2298999844539102, ""trend"": 0.20487846975443436, ""quarter_consistency"": 0.08330928414420731, ""institution_expansion"": 0.10566314251035538}",0,10.0,1.0,25.0,1.0,,,,,
emerging,weight_124,44,0.9995771670190272,0.1363636363636363,1.0,"{""multiyear_growth"": 0.35460366760346057, ""recent_growth"": 0.24397287448672578, ""trend"": 0.20239020011976439, ""quarter_consistency"": 0.10274121056721866, ""institution_expansion"": 0.09629204722283054}",0,10.0,1.0,25.0,1.0,,,,,
emerging,weight_125,44,0.9967582804792108,0.5454545454545454,4.0,"{""multiyear_growth"": 0.32961475240624505, ""recent_growth"": 0.22300334376188535, ""trend"": 0.24813196924618322, ""quarter_consistency"": 0.09037227437356792, ""institution_expansion"": 0.10887766021211844}",0,10.0,1.0,25.0,1.0,,,,,
emerging,weight_126,44,0.9970401691331924,0.6818181818181818,2.0,"{""multiyear_growth"": 0.3816360611968665, ""recent_growth"": 0.2604974744908367, ""trend"": 0.1733300681362041, ""quarter_consistency"": 0.08665607849815728, ""institution_expansion"": 0.09788031767793542}",0,10.0,1.0,24.0,0.9230769230769232,,,,,
emerging,weight_127,44,0.9974630021141648,0.4545454545454545,3.0,"{""multiyear_growth"": 0.3935620899220986, ""recent_growth"": 0.20336185255484, ""trend"": 0.19725194685309302, ""quarter_consistency"": 0.1052257751385813, ""institution_expansion"": 0.10059833553138699}",0,10.0,1.0,25.0,1.0,,,,,
emerging,weight_128,44,0.9971811134601832,0.6363636363636364,2.0,"{""multiyear_growth"": 0.38663700204795454, ""recent_growth"": 0.2650573016768638, ""trend"": 0.1774795964682657, ""quarter_consistency"": 0.0809962665245605, ""institution_expansion"": 0.08982983328235544}",0,10.0,1.0,24.0,0.9230769230769232,,,,,
emerging,weight_129,44,0.996476391825229,0.6363636363636364,3.0,"{""multiyear_growth"": 0.34670455548548573, ""recent_growth"": 0.25075572056255985, ""trend"": 0.21913732021327065, ""quarter_consistency"": 0.10833182574011792, ""institution_expansion"": 0.07507057799856583}",0,9.0,0.8181818181818182,25.0,1.0,,,,,
emerging,weight_130,44,0.9891472868217054,0.9545454545454546,6.0,"{""multiyear_growth"": 0.34848206306271656, ""recent_growth"": 0.25335636853175564, ""trend"": 0.1677398250316155, ""quarter_consistency"": 0.10885482543864237, ""institution_expansion"": 0.12156691793526994}",0,9.0,0.8181818181818182,25.0,1.0,,,,,
emerging,weight_131,44,0.9956307258632838,0.8636363636363636,2.0,"{""multiyear_growth"": 0.31153131295081726, ""recent_growth"": 0.2989687441351025, ""trend"": 0.20858971155398442, ""quarter_consistency"": 0.08319800577224705, ""institution_expansion"": 0.09771222558784881}",0,9.0,0.8181818181818182,24.0,0.9230769230769232,,,,,
emerging,weight_132,44,0.9978858350951372,0.5454545454545454,2.0,"{""multiyear_growth"": 0.3181637437045351, ""recent_growth"": 0.26944453560031845, ""trend"": 0.22014131678788582, ""quarter_consistency"": 0.09141989054449454, ""institution_expansion"": 0.10083051336276608}",0,9.0,0.8181818181818182,25.0,1.0,,,,,
emerging,weight_133,44,0.9971811134601832,0.5454545454545454,3.0,"{""multiyear_growth"": 0.40006537383314505, ""recent_growth"": 0.22977758352650912, ""trend"": 0.1942596855065854, ""quarter_consistency"": 0.08941112398726314, ""institution_expansion"": 0.08648623314649727}",0,10.0,1.0,25.0,1.0,,,,,
emerging,weight_134,44,0.9959126145172658,0.5909090909090909,4.0,"{""multiyear_growth"": 0.3345312423458636, ""recent_growth"": 0.269511213846579, ""trend"": 0.18399350102273235, ""quarter_consistency"": 0.09836997359870873, ""institution_expansion"": 0.1135940691861163}",0,9.0,0.8181818181818182,25.0,1.0,,,,,
emerging,weight_135,44,0.9926708949964762,0.9090909090909092,6.0,"{""multiyear_growth"": 0.34846252179731985, ""recent_growth"": 0.2349339980156904, ""trend"": 0.19304088446205847, ""quarter_consistency"": 0.13028190149122534, ""institution_expansion"": 0.09328069423370593}",0,10.0,1.0,25.0,1.0,,,,,
emerging,weight_136,44,0.9954897815362932,0.8636363636363636,3.0,"{""multiyear_growth"": 0.37545613735406114, ""recent_growth"": 0.2789109355069816, ""trend"": 0.17816160131661316, ""quarter_consistency"": 0.07825944289619538, ""institution_expansion"": 0.08921188292614886}",0,10.0,1.0,24.0,0.9230769230769232,,,,,
emerging,weight_137,44,0.997322057787174,0.5,3.0,"{""multiyear_growth"": 0.3106951344236868, ""recent_growth"": 0.26647801095641044, ""trend"": 0.22012821810188238, ""quarter_consistency"": 0.10174970217417982, ""institution_expansion"": 0.10094893434384039}",0,9.0,0.8181818181818182,25.0,1.0,,,,,
emerging,weight_138,44,0.99830866807611,0.3181818181818182,3.0,"{""multiyear_growth"": 0.3871272343838234, ""recent_growth"": 0.24425228844379426, ""trend"": 0.17456569767725022, ""quarter_consistency"": 0.09868743043431245, ""institution_expansion"": 0.09536734906081963}",0,10.0,1.0,25.0,1.0,,,,,
emerging,weight_139,44,0.996335447498238,0.6818181818181818,3.0,"{""multiyear_growth"": 0.3916795765561665, ""recent_growth"": 0.23715025014049398, ""trend"": 0.17830615529887947, ""quarter_consistency"": 0.08158853891898735, ""institution_expansion"": 0.11127547908547261}",0,10.0,1.0,25.0,1.0,,,,,
emerging,weight_140,44,0.9935165609584212,1.0454545454545454,4.0,"{""multiyear_growth"": 0.3008329548722369, ""recent_growth"": 0.3036577923694597, ""trend"": 0.20616205103647275, ""quarter_consistency"": 0.08538743151958396, ""institution_expansion"": 0.1039597702022467}",0,9.0,0.8181818181818182,24.0,0.9230769230769232,,,,,
emerging,weight_141,44,0.9967582804792108,0.4545454545454545,4.0,"{""multiyear_growth"": 0.3320261520142817, ""recent_growth"": 0.21594645653611774, ""trend"": 0.2517085121127398, ""quarter_consistency"": 0.10308082127063686, ""institution_expansion"": 0.09723805806622388}",0,10.0,1.0,25.0,1.0,,,,,
emerging,weight_142,44,0.9940803382663848,0.7727272727272727,5.0,"{""multiyear_growth"": 0.3053230097882026, ""recent_growth"": 0.2988588021829596, ""trend"": 0.19121738549268816, ""quarter_consistency"": 0.11517906303726862, ""institution_expansion"": 0.08942173949888088}",0,9.0,0.8181818181818182,24.0,0.9230769230769232,,,,,
emerging,weight_143,44,0.9976039464411556,0.5909090909090909,2.0,"{""multiyear_growth"": 0.30146976629798083, ""recent_growth"": 0.2569579501641989, ""trend"": 0.242503036022974, ""quarter_consistency"": 0.08660381615330666, ""institution_expansion"": 0.11246543136153968}",0,9.0,0.8181818181818182,25.0,1.0,,,,,
emerging,weight_144,44,0.993939393939394,0.7727272727272727,5.0,"{""multiyear_growth"": 0.32970503425912023, ""recent_growth"": 0.2460844125544372, ""trend"": 0.19441923583772552, ""quarter_consistency"": 0.12343977682304108, ""institution_expansion"": 0.10635154052567602}",0,9.0,0.8181818181818182,25.0,1.0,,,,,
emerging,weight_145,44,0.9994362226920366,0.1818181818181818,1.0,"{""multiyear_growth"": 0.36593175255924903, ""recent_growth"": 0.2421100185510705, ""trend"": 0.20127476375068787, ""quarter_consistency"": 0.09377367758329623, ""institution_expansion"": 0.09690978755569642}",0,10.0,1.0,25.0,1.0,,,,,
emerging,weight_146,44,0.992248062015504,0.9090909090909092,6.0,"{""multiyear_growth"": 0.2973177912376427, ""recent_growth"": 0.2790397889907525, ""trend"": 0.20052885085046293, ""quarter_consistency"": 0.1159356826607398, ""institution_expansion"": 0.10717788626040206}",0,9.0,0.8181818181818182,25.0,1.0,,,,,
emerging,weight_147,44,0.9937984496124032,0.9090909090909092,4.0,"{""multiyear_growth"": 0.29743208166525775, ""recent_growth"": 0.2989584757630139, ""trend"": 0.21766614395268255, ""quarter_consistency"": 0.09955165705375932, ""institution_expansion"": 0.0863916415652864}",0,9.0,0.8181818181818182,25.0,1.0,,,,,
emerging,weight_148,44,0.996335447498238,0.6818181818181818,3.0,"{""multiyear_growth"": 0.31619062143417853, ""recent_growth"": 0.23169229629796098, ""trend"": 0.2419121576805325, ""quarter_consistency"": 0.11731457175631581, ""institution_expansion"": 0.09289035283101214}",0,10.0,1.0,25.0,1.0,,,,,
emerging,weight_149,44,0.9967582804792108,0.4545454545454545,4.0,"{""multiyear_growth"": 0.37573573086934, ""recent_growth"": 0.2153256363976253, ""trend"": 0.19029145213866921, ""quarter_consistency"": 0.10829343480985462, ""institution_expansion"": 0.11035374578451083}",0,10.0,1.0,25.0,1.0,,,,,
emerging,weight_150,44,0.9932346723044396,1.0,4.0,"{""multiyear_growth"": 0.3215291448766396, ""recent_growth"": 0.299263654183541, ""trend"": 0.18638777392626238, ""quarter_consistency"": 0.0907412993685541, ""institution_expansion"": 0.1020781276450028}",0,9.0,0.8181818181818182,24.0,0.9230769230769232,,,,,
emerging,weight_151,44,0.993939393939394,0.7272727272727273,5.0,"{""multiyear_growth"": 0.34788720276272866, ""recent_growth"": 0.23854060788209389, ""trend"": 0.1865289171968097, ""quarter_consistency"": 0.12270929570965, ""institution_expansion"": 0.10433397644871768}",0,10.0,1.0,25.0,1.0,,,,,
emerging,weight_152,44,0.9874559548978152,1.2272727272727273,6.0,"{""multiyear_growth"": 0.30312856112131176, ""recent_growth"": 0.3078614995462846, ""trend"": 0.16706642324384058, ""quarter_consistency"": 0.11575914559896942, ""institution_expansion"": 0.10618437048959349}",0,9.0,0.8181818181818182,24.0,0.9230769230769232,,,,,
emerging,weight_153,44,0.9928118393234672,0.8636363636363636,6.0,"{""multiyear_growth"": 0.3394957473776403, ""recent_growth"": 0.2691669104265374, ""trend"": 0.17816534007816992, ""quarter_consistency"": 0.11689127476394845, ""institution_expansion"": 0.09628072735370402}",0,9.0,0.8181818181818182,25.0,1.0,,,,,
emerging,weight_154,44,0.9949260042283298,0.7727272727272727,4.0,"{""multiyear_growth"": 0.37017734350150766, ""recent_growth"": 0.2125165715405429, ""trend"": 0.20204856630113227, ""quarter_consistency"": 0.09042921701341532, ""institution_expansion"": 0.12482830164340165}",0,10.0,1.0,25.0,1.0,,,,,
emerging,weight_155,44,0.994644115574348,0.8636363636363636,4.0,"{""multiyear_growth"": 0.35769736271947666, ""recent_growth"": 0.2785942439518992, ""trend"": 0.16516383732264728, ""quarter_consistency"": 0.08929359812893281, ""institution_expansion"": 0.1092509578770441}",0,9.0,0.8181818181818182,24.0,0.9230769230769232,,,,,
emerging,weight_156,44,0.9956307258632838,0.7272727272727273,4.0,"{""multiyear_growth"": 0.35133411762209305, ""recent_growth"": 0.2750310679162478, ""trend"": 0.17189412828919362, ""quarter_consistency"": 0.0923666040786034, ""institution_expansion"": 0.10937408209386223}",0,9.0,0.8181818181818182,25.0,1.0,,,,,
emerging,weight_157,44,0.997322057787174,0.5454545454545454,2.0,"{""multiyear_growth"": 0.39981558922290983, ""recent_growth"": 0.26548316886694995, ""trend"": 0.16083868287578124, ""quarter_consistency"": 0.08902612047754879, ""institution_expansion"": 0.08483643855681015}",0,10.0,1.0,24.0,0.9230769230769232,,,,,
emerging,weight_158,44,0.9967582804792108,0.4545454545454545,4.0,"{""multiyear_growth"": 0.35646772525861664, ""recent_growth"": 0.21089654491764637, ""trend"": 0.2345886190478376, ""quarter_consistency"": 0.09968884058202779, ""institution_expansion"": 0.09835827019387165}",0,10.0,1.0,25.0,1.0,,,,,
emerging,weight_159,44,0.9961945031712474,0.5454545454545454,4.0,"{""multiyear_growth"": 0.3632415845619014, ""recent_growth"": 0.2650011021186996, ""trend"": 0.17274602516353998, ""quarter_consistency"": 0.11030205818928358, ""institution_expansion"": 0.08870922996657536}",0,10.0,1.0,25.0,1.0,,,,,
emerging,weight_160,44,0.993939393939394,0.7727272727272727,5.0,"{""multiyear_growth"": 0.321061412046817, ""recent_growth"": 0.2583979754305168, ""trend"": 0.19652955755739748, ""quarter_consistency"": 0.10765341141579506, ""institution_expansion"": 0.11635764354947364}",0,9.0,0.8181818181818182,25.0,1.0,,,,,
emerging,weight_161,44,0.9930937279774488,0.8636363636363636,5.0,"{""multiyear_growth"": 0.35020382775722814, ""recent_growth"": 0.2864102376661737, ""trend"": 0.15862362055386645, ""quarter_consistency"": 0.10097201800634974, ""institution_expansion"": 0.10379029601638204}",0,9.0,0.8181818181818182,24.0,0.9230769230769232,,,,,
emerging,weight_162,44,0.9971811134601832,0.5909090909090909,3.0,"{""multiyear_growth"": 0.3822441844573946, ""recent_growth"": 0.27208988716205007, ""trend"": 0.1605034489402023, ""quarter_consistency"": 0.09758199363457495, ""institution_expansion"": 0.08758048580577803}",0,10.0,1.0,24.0,0.9230769230769232,,,,,
emerging,weight_163,44,0.9966173361522196,0.6363636363636364,3.0,"{""multiyear_growth"": 0.3537079956506197, ""recent_growth"": 0.2730763936833502, ""trend"": 0.1819080699810489, ""quarter_consistency"": 0.08890328750913286, ""institution_expansion"": 0.10240425317584843}",0,10.0,1.0,24.0,0.9230769230769232,,,,,
emerging,weight_164,44,0.997322057787174,0.5,3.0,"{""multiyear_growth"": 0.31974515003892245, ""recent_growth"": 0.23526466186391784, ""trend"": 0.2517133680007051, ""quarter_consistency"": 0.10070710625631046, ""institution_expansion"": 0.09256971384014426}",0,10.0,1.0,25.0,1.0,,,,,
emerging,weight_165,44,0.9974630021141648,0.5909090909090909,2.0,"{""multiyear_growth"": 0.36794058235693344, ""recent_growth"": 0.26647604489354837, ""trend"": 0.18579603712184806, ""quarter_consistency"": 0.0861818101132181, ""institution_expansion"": 0.09360552551445213}",0,10.0,1.0,24.0,0.9230769230769232,,,,,
emerging,weight_166,44,0.9961945031712474,0.5454545454545454,4.0,"{""multiyear_growth"": 0.37718901179200365, ""recent_growth"": 0.21104348798273925, ""trend"": 0.19551489434785105, ""quarter_consistency"": 0.11276092899248527, ""institution_expansion"": 0.10349167688492082}",0,10.0,1.0,25.0,1.0,,,,,
emerging,weight_167,44,0.9987315010570824,0.3181818181818182,2.0,"{""multiyear_growth"": 0.35201587764841635, ""recent_growth"": 0.2541184006400934, ""trend"": 0.1993437700847317, ""quarter_consistency"": 0.10593871994612393, ""institution_expansion"": 0.08858323168063459}",0,10.0,1.0,25.0,1.0,,,,,
emerging,weight_168,44,0.9985905567300916,0.3181818181818182,3.0,"{""multiyear_growth"": 0.3620405151883967, ""recent_growth"": 0.2222407486181587, ""trend"": 0.20097205758850065, ""quarter_consistency"": 0.10938080541561905, ""institution_expansion"": 0.10536587318932499}",0,10.0,1.0,25.0,1.0,,,,,
emerging,weight_169,44,0.9918252290345312,0.9090909090909092,6.0,"{""multiyear_growth"": 0.2995145666745912, ""recent_growth"": 0.2704390588949745, ""trend"": 0.20055138723653443, ""quarter_consistency"": 0.10543774506034072, ""institution_expansion"": 0.12405724213355923}",0,9.0,0.8181818181818182,25.0,1.0,,,,,
emerging,weight_170,44,0.9977448907681464,0.4090909090909091,4.0,"{""multiyear_growth"": 0.3526788747986185, ""recent_growth"": 0.24304749725929112, ""trend"": 0.19829040485882932, ""quarter_consistency"": 0.11178033645755217, ""institution_expansion"": 0.09420288662570904}",0,10.0,1.0,25.0,1.0,,,,,
emerging,weight_171,44,0.9933756166314304,1.0909090909090908,4.0,"{""multiyear_growth"": 0.29457073428786756, ""recent_growth"": 0.2931022312944049, ""trend"": 0.24519826164572855, ""quarter_consistency"": 0.08300733134631195, ""institution_expansion"": 0.0841214414256871}",0,9.0,0.8181818181818182,24.0,0.9230769230769232,,,,,
emerging,weight_172,44,0.9967582804792108,0.6818181818181818,3.0,"{""multiyear_growth"": 0.3911647787251444, ""recent_growth"": 0.24830024671206158, ""trend"": 0.1758408953696383, ""quarter_consistency"": 0.08461845922211719, ""institution_expansion"": 0.10007561997103849}",0,10.0,1.0,25.0,1.0,,,,,
emerging,weight_173,44,0.996476391825229,0.6363636363636364,3.0,"{""multiyear_growth"": 0.3827945669305169, ""recent_growth"": 0.27066891748370464, ""trend"": 0.15975237284642174, ""quarter_consistency"": 0.10274162019106685, ""institution_expansion"": 0.08404252254828978}",0,10.0,1.0,24.0,0.9230769230769232,,,,,
emerging,weight_174,44,0.992952783650458,0.6363636363636364,6.0,"{""multiyear_growth"": 0.3813823942885979, ""recent_growth"": 0.22507062827670848, ""trend"": 0.16952639205327563, ""quarter_consistency"": 0.10547269013571157, ""institution_expansion"": 0.11854789524570633}",0,10.0,1.0,25.0,1.0,,,,,
emerging,weight_175,44,0.9959126145172658,0.5454545454545454,4.0,"{""multiyear_growth"": 0.30549751649366, ""recent_growth"": 0.25709176001479517, ""trend"": 0.22698730102618545, ""quarter_consistency"": 0.11337546553239669, ""institution_expansion"": 0.09704795693296275}",0,9.0,0.8181818181818182,25.0,1.0,,,,,
emerging,weight_176,44,0.9949260042283298,0.6818181818181818,4.0,"{""multiyear_growth"": 0.31418327111544975, ""recent_growth"": 0.28293841013516985, ""trend"": 0.19398672899586095, ""quarter_consistency"": 0.10610527643940185, ""institution_expansion"": 0.1027863133141177}",0,9.0,0.8181818181818182,25.0,1.0,,,,,
emerging,weight_177,44,0.9967582804792108,0.7272727272727273,2.0,"{""multiyear_growth"": 0.3772408277807133, ""recent_growth"": 0.2243388337867514, ""trend"": 0.2128973174979967, ""quarter_consistency"": 0.08378866992491303, ""institution_expansion"": 0.10173435100962552}",0,10.0,1.0,25.0,1.0,,,,,
emerging,weight_178,44,0.9974630021141648,0.4545454545454545,3.0,"{""multiyear_growth"": 0.39420077287832106, ""recent_growth"": 0.22033370313468326, ""trend"": 0.18924142076687864, ""quarter_consistency"": 0.1079049306381039, ""institution_expansion"": 0.08831917258201306}",0,10.0,1.0,25.0,1.0,,,,,
emerging,weight_179,44,0.996335447498238,0.5454545454545454,4.0,"{""multiyear_growth"": 0.34733227903898317, ""recent_growth"": 0.22295534226457922, ""trend"": 0.21643359975629012, ""quarter_consistency"": 0.12065217007730711, ""institution_expansion"": 0.0926266088628403}",0,10.0,1.0,25.0,1.0,,,,,
emerging,weight_180,44,0.9980267794221284,0.5,2.0,"{""multiyear_growth"": 0.3422842294626492, ""recent_growth"": 0.27239187414947713, ""trend"": 0.19703980382454506, ""quarter_consistency"": 0.08877331401157805, ""institution_expansion"": 0.09951077855175051}",0,9.0,0.8181818181818182,25.0,1.0,,,,,
emerging,weight_181,44,0.996476391825229,0.5454545454545454,3.0,"{""multiyear_growth"": 0.3361076159346618, ""recent_growth"": 0.2737806857237483, ""trend"": 0.1964732758730434, ""quarter_consistency"": 0.10340951618577669, ""institution_expansion"": 0.09022890628276983}",0,9.0,0.8181818181818182,25.0,1.0,,,,,
emerging,weight_182,44,0.9933756166314304,0.9545454545454546,5.0,"{""multiyear_growth"": 0.31874832860109725, ""recent_growth"": 0.2810044367253736, ""trend"": 0.18430093928831073, ""quarter_consistency"": 0.09313038808301437, ""institution_expansion"": 0.122815907302204}",0,9.0,0.8181818181818182,25.0,1.0,,,,,
emerging,weight_183,44,0.989429175475687,1.0909090909090908,6.0,"{""multiyear_growth"": 0.29921808781194903, ""recent_growth"": 0.3072940755197945, ""trend"": 0.17663711261673412, ""quarter_consistency"": 0.10273675342072536, ""institution_expansion"": 0.11411397063079697}",0,9.0,0.8181818181818182,24.0,0.9230769230769232,,,,,
emerging,weight_184,44,0.9947850599013388,0.6818181818181818,4.0,"{""multiyear_growth"": 0.33152126987691954, ""recent_growth"": 0.2611717000858812, ""trend"": 0.20532080862319016, ""quarter_consistency"": 0.11734345362200369, ""institution_expansion"": 0.08464276779200557}",0,10.0,1.0,25.0,1.0,,,,,
emerging,weight_185,44,0.999154334038055,0.2272727272727272,2.0,"{""multiyear_growth"": 0.36002643976677445, ""recent_growth"": 0.24462148043750198, ""trend"": 0.203681436245921, ""quarter_consistency"": 0.10334646109030983, ""institution_expansion"": 0.08832418245949267}",0,10.0,1.0,25.0,1.0,,,,,
emerging,weight_186,44,0.9968992248062016,0.6818181818181818,2.0,"{""multiyear_growth"": 0.3069027636682861, ""recent_growth"": 0.274238492290626, ""trend"": 0.2218244371954867, ""quarter_consistency"": 0.0869602773256715, ""institution_expansion"": 0.11007402951992958}",0,9.0,0.8181818181818182,25.0,1.0,,,,,
emerging,weight_187,44,0.9995771670190272,0.1363636363636363,1.0,"{""multiyear_growth"": 0.3644506329070055, ""recent_growth"": 0.2440732724426968, ""trend"": 0.19709319390063262, ""quarter_consistency"": 0.10271356095952135, ""institution_expansion"": 0.09166933979014359}",0,10.0,1.0,25.0,1.0,,,,,
emerging,weight_188,44,0.9935165609584212,0.7727272727272727,4.0,"{""multiyear_growth"": 0.37363636933924865, ""recent_growth"": 0.2717003719933867, ""trend"": 0.1517648750632775, ""quarter_consistency"": 0.10398460930414516, ""institution_expansion"": 0.09891377429994198}",0,10.0,1.0,24.0,0.9230769230769232,,,,,
emerging,weight_189,44,0.9977448907681464,0.5,2.0,"{""multiyear_growth"": 0.3949329770347693, ""recent_growth"": 0.2611458106372539, ""trend"": 0.170504512056269, ""quarter_consistency"": 0.0889636141380127, ""institution_expansion"": 0.08445308613369501}",0,10.0,1.0,24.0,0.9230769230769232,,,,,
emerging,weight_190,44,0.997322057787174,0.4545454545454545,4.0,"{""multiyear_growth"": 0.31535371266893664, ""recent_growth"": 0.2572330820698392, ""trend"": 0.2124119808026208, ""quarter_consistency"": 0.10664470410853659, ""institution_expansion"": 0.10835652035006674}",0,9.0,0.8181818181818182,25.0,1.0,,,,,
emerging,weight_191,44,0.9968992248062016,0.6818181818181818,2.0,"{""multiyear_growth"": 0.3861675208899, ""recent_growth"": 0.25911426903462526, ""trend"": 0.17178494791918222, ""quarter_consistency"": 0.08391634302579466, ""institution_expansion"": 0.09901691913049811}",0,10.0,1.0,24.0,0.9230769230769232,,,,,
emerging,weight_192,44,0.989429175475687,1.1363636363636365,6.0,"{""multiyear_growth"": 0.32513571476342307, ""recent_growth"": 0.23258777374238035, ""trend"": 0.1878828142611202, ""quarter_consistency"": 0.12437298796978402, ""institution_expansion"": 0.13002070926329234}",0,9.0,0.8181818181818182,24.0,0.9230769230769232,,,,,
emerging,weight_193,44,0.9967582804792108,0.5,4.0,"{""multiyear_growth"": 0.30895760420040375, ""recent_growth"": 0.22649267147735827, ""trend"": 0.2575378809718545, ""quarter_consistency"": 0.10664016588600002, ""institution_expansion"": 0.10037167746438343}",0,10.0,1.0,25.0,1.0,,,,,
emerging,weight_194,44,0.99830866807611,0.3636363636363636,3.0,"{""multiyear_growth"": 0.35312268760742915, ""recent_growth"": 0.26348150885589616, ""trend"": 0.18591042657115986, ""quarter_consistency"": 0.09990735657050308, ""institution_expansion"": 0.09757802039501177}",0,10.0,1.0,25.0,1.0,,,,,
emerging,weight_195,44,0.9985905567300916,0.3636363636363636,2.0,"{""multiyear_growth"": 0.3236752357368054, ""recent_growth"": 0.24214035437153927, ""trend"": 0.2319907472711759, ""quarter_consistency"": 0.10559779975936905, ""institution_expansion"": 0.09659586286111044}",0,10.0,1.0,25.0,1.0,,,,,
emerging,weight_196,44,0.991261451726568,0.8636363636363636,6.0,"{""multiyear_growth"": 0.3759990413999163, ""recent_growth"": 0.23703965021699328, ""trend"": 0.1612465701645189, ""quarter_consistency"": 0.11642557711828279, ""institution_expansion"": 0.1092891611002887}",0,10.0,1.0,25.0,1.0,,,,,
emerging,weight_197,44,0.9899929527836504,1.1363636363636365,7.0,"{""multiyear_growth"": 0.3348949213399597, ""recent_growth"": 0.254607189602118, ""trend"": 0.17854886469762402, ""quarter_consistency"": 0.13053674818660135, ""institution_expansion"": 0.10141227617369697}",0,9.0,0.8181818181818182,24.0,0.9230769230769232,,,,,
emerging,weight_198,44,0.989429175475687,1.181818181818182,6.0,"{""multiyear_growth"": 0.3185396061934558, ""recent_growth"": 0.23391360013203435, ""trend"": 0.19067510908783886, ""quarter_consistency"": 0.1307215581362148, ""institution_expansion"": 0.12615012645045623}",0,9.0,0.8181818181818182,24.0,0.9230769230769232,,,,,
emerging,weight_199,44,0.9980267794221284,0.4090909090909091,3.0,"{""multiyear_growth"": 0.35005536375957286, ""recent_growth"": 0.26895469165683533, ""trend"": 0.18208535168399953, ""quarter_consistency"": 0.09806416174270663, ""institution_expansion"": 0.10084043115688585}",0,10.0,1.0,25.0,1.0,,,,,
emerging,weight_200,44,0.9976039464411556,0.5,3.0,"{""multiyear_growth"": 0.31878483627841137, ""recent_growth"": 0.22948671029406303, ""trend"": 0.22929412091485218, ""quarter_consistency"": 0.11104716388486383, ""institution_expansion"": 0.11138716862780955}",0,10.0,1.0,25.0,1.0,,,,,
emerging,weight_201,44,0.999013389711064,0.3181818181818182,1.0,"{""multiyear_growth"": 0.35744260741687867, ""recent_growth"": 0.24549686225939085, ""trend"": 0.2079462387672192, ""quarter_consistency"": 0.09254338271449793, ""institution_expansion"": 0.09657090884201353}",0,10.0,1.0,25.0,1.0,,,,,
emerging,weight_202,44,0.9984496124031008,0.3636363636363636,2.0,"{""multiyear_growth"": 0.351982453925958, ""recent_growth"": 0.2483719932728786, ""trend"": 0.20373180181250244, ""quarter_consistency"": 0.08973136118276676, ""institution_expansion"": 0.1061823898058941}",0,10.0,1.0,25.0,1.0,,,,,
emerging,weight_203,44,0.9933756166314304,0.7727272727272727,6.0,"{""multiyear_growth"": 0.3232062050835335, ""recent_growth"": 0.2673005837358594, ""trend"": 0.19290240997230995, ""quarter_consistency"": 0.11561274315592984, ""institution_expansion"": 0.10097805805236733}",0,9.0,0.8181818181818182,25.0,1.0,,,,,
emerging,weight_204,44,0.999013389711064,0.2727272727272727,2.0,"{""multiyear_growth"": 0.3180585342351392, ""recent_growth"": 0.23559479560718327, ""trend"": 0.23476010590375457, ""quarter_consistency"": 0.09840467298157207, ""institution_expansion"": 0.11318189127235086}",0,9.0,0.8181818181818182,25.0,1.0,,,,,
emerging,weight_205,44,0.9949260042283298,0.7272727272727273,4.0,"{""multiyear_growth"": 0.29629881192832846, ""recent_growth"": 0.2459810567319344, ""trend"": 0.2422535086537932, ""quarter_consistency"": 0.11866200271325464, ""institution_expansion"": 0.09680461997268942}",0,9.0,0.8181818181818182,25.0,1.0,,,,,
emerging,weight_206,44,0.9984496124031008,0.4090909090909091,2.0,"{""multiyear_growth"": 0.3911574489312031, ""recent_growth"": 0.24652420196019215, ""trend"": 0.17692600893132227, ""quarter_consistency"": 0.09285487827764122, ""institution_expansion"": 0.0925374618996413}",0,10.0,1.0,25.0,1.0,,,,,
emerging,weight_207,44,0.9901338971106411,1.0454545454545454,6.0,"{""multiyear_growth"": 0.3134445363685985, ""recent_growth"": 0.29602177742493874, ""trend"": 0.17478482484390223, ""quarter_consistency"": 0.09924975716785557, ""institution_expansion"": 0.11649910419470498}",0,9.0,0.8181818181818182,25.0,1.0,,,,,
emerging,weight_208,44,0.9957716701902748,0.6363636363636364,4.0,"{""multiyear_growth"": 0.3213526175132653, ""recent_growth"": 0.28227404824068003, ""trend"": 0.1997036091079995, ""quarter_consistency"": 0.09646006151707572, ""institution_expansion"": 0.10020966362097934}",0,9.0,0.8181818181818182,25.0,1.0,,,,,
emerging,weight_209,44,0.9981677237491192,0.4090909090909091,2.0,"{""multiyear_growth"": 0.33032847023177647, ""recent_growth"": 0.24044503472657075, ""trend"": 0.2134649613758599, ""quarter_consistency"": 0.09639880871687366, ""institution_expansion"": 0.11936272494891913}",0,9.0,0.8181818181818182,25.0,1.0,,,,,
emerging,weight_210,44,0.9891472868217054,1.0909090909090908,6.0,"{""multiyear_growth"": 0.3323983144181337, ""recent_growth"": 0.2622612192498795, ""trend"": 0.1697439331177294, ""quarter_consistency"": 0.1153495096549288, ""institution_expansion"": 0.12024702355932845}",0,9.0,0.8181818181818182,25.0,1.0,,,,,
emerging,weight_211,44,0.9949260042283298,0.6818181818181818,5.0,"{""multiyear_growth"": 0.31959673223432117, ""recent_growth"": 0.2730005693353327, ""trend"": 0.20186580110148145, ""quarter_consistency"": 0.11187575294255352, ""institution_expansion"": 0.09366114438631112}",0,9.0,0.8181818181818182,25.0,1.0,,,,,
emerging,weight_212,44,0.993939393939394,0.6818181818181818,6.0,"{""multiyear_growth"": 0.3344615110184543, ""recent_growth"": 0.25632550042926183, ""trend"": 0.1897645830646449, ""quarter_consistency"": 0.11508857074396313, ""institution_expansion"": 0.10435983474367586}",0,9.0,0.8181818181818182,25.0,1.0,,,,,
emerging,weight_213,44,0.9937984496124032,0.9090909090909092,4.0,"{""multiyear_growth"": 0.30768132407314513, ""recent_growth"": 0.285333591546368, ""trend"": 0.21628715823332267, ""quarter_consistency"": 0.11086370536400882, ""institution_expansion"": 0.07983422078315525}",0,9.0,0.8181818181818182,25.0,1.0,,,,,
emerging,weight_214,44,0.9930937279774488,0.8181818181818182,5.0,"{""multiyear_growth"": 0.33216035545396516, ""recent_growth"": 0.2358211751120187, ""trend"": 0.19221279963506585, ""quarter_consistency"": 0.1276140676447285, ""institution_expansion"": 0.11219160215422172}",0,10.0,1.0,25.0,1.0,,,,,
emerging,weight_215,44,0.9947850599013388,0.7727272727272727,4.0,"{""multiyear_growth"": 0.3093138626533787, ""recent_growth"": 0.27104649322270924, ""trend"": 0.22839720880912612, ""quarter_consistency"": 0.11126962649382856, ""institution_expansion"": 0.07997280882095745}",0,9.0,0.8181818181818182,25.0,1.0,,,,,
emerging,weight_216,44,0.9916842847075404,0.9545454545454546,6.0,"{""multiyear_growth"": 0.3146076904690133, ""recent_growth"": 0.2780166217597294, ""trend"": 0.1867774071807076, ""quarter_consistency"": 0.12278073354306569, ""institution_expansion"": 0.097817547047484}",0,9.0,0.8181818181818182,25.0,1.0,,,,,
emerging,weight_217,44,0.997322057787174,0.5454545454545454,3.0,"{""multiyear_growth"": 0.31309051720514186, ""recent_growth"": 0.23788860802333237, ""trend"": 0.23509272552065483, ""quarter_consistency"": 0.11351818033548068, ""institution_expansion"": 0.10040996891539024}",0,10.0,1.0,25.0,1.0,,,,,
emerging,weight_218,44,0.9925299506694856,0.8636363636363636,5.0,"{""multiyear_growth"": 0.3103989890105824, ""recent_growth"": 0.2962757509161217, ""trend"": 0.185126724213344, ""quarter_consistency"": 0.09853279225546802, ""institution_expansion"": 0.10966574360448397}",0,9.0,0.8181818181818182,25.0,1.0,,,,,
emerging,weight_219,44,0.9943622269203664,0.6818181818181818,6.0,"{""multiyear_growth"": 0.3337162853335129, ""recent_growth"": 0.2419768766697718, ""trend"": 0.19698602785503636, ""quarter_consistency"": 0.09593411340063368, ""institution_expansion"": 0.1313866967410453}",0,9.0,0.8181818181818182,25.0,1.0,,,,,
emerging,weight_220,44,0.9928118393234672,0.9090909090909092,4.0,"{""multiyear_growth"": 0.31930500391426203, ""recent_growth"": 0.2877980933235235, ""trend"": 0.18035330448127185, ""quarter_consistency"": 0.09837361454793121, ""institution_expansion"": 0.11416998373301143}",0,9.0,0.8181818181818182,25.0,1.0,,,,,
emerging,weight_221,44,0.997322057787174,0.5454545454545454,3.0,"{""multiyear_growth"": 0.3469334323342011, ""recent_growth"": 0.24778078847181434, ""trend"": 0.19637439446860366, ""quarter_consistency"": 0.09134685589711757, ""institution_expansion"": 0.11756452882826317}",0,9.0,0.8181818181818182,25.0,1.0,,,,,
emerging,weight_222,44,0.9953488372093025,0.6818181818181818,3.0,"{""multiyear_growth"": 0.3430608898541248, ""recent_growth"": 0.28435334301523696, ""trend"": 0.18068686647176882, ""quarter_consistency"": 0.10420550205218261, ""institution_expansion"": 0.08769339860668673}",0,9.0,0.8181818181818182,24.0,0.9230769230769232,,,,,
emerging,weight_223,44,0.9977448907681464,0.4090909090909091,3.0,"{""multiyear_growth"": 0.3719251021896383, ""recent_growth"": 0.24304418118611287, ""trend"": 0.1778398179506249, ""quarter_consistency"": 0.10335552749520838, ""institution_expansion"": 0.10383537117841572}",0,10.0,1.0,25.0,1.0,,,,,
emerging,weight_224,44,0.998872445384073,0.2272727272727272,2.0,"{""multiyear_growth"": 0.35834635772678813, ""recent_growth"": 0.2512324823998554, ""trend"": 0.20359571602959697, ""quarter_consistency"": 0.09819731125920973, ""institution_expansion"": 0.08862813258454967}",0,10.0,1.0,25.0,1.0,,,,,
emerging,weight_225,44,0.9950669485553204,0.6818181818181818,5.0,"{""multiyear_growth"": 0.35398144978682605, ""recent_growth"": 0.2196796566401916, ""trend"": 0.21239008902288276, ""quarter_consistency"": 0.12355563466492127, ""institution_expansion"": 0.09039316988517845}",0,10.0,1.0,25.0,1.0,,,,,
emerging,weight_226,44,0.9970401691331924,0.5,4.0,"{""multiyear_growth"": 0.3783160993785424, ""recent_growth"": 0.26453061246911375, ""trend"": 0.15948681962389366, ""quarter_consistency"": 0.10151714509957166, ""institution_expansion"": 0.09614932342887852}",0,10.0,1.0,25.0,1.0,,,,,
emerging,weight_227,44,0.9954897815362932,0.6818181818181818,4.0,"{""multiyear_growth"": 0.306860408762194, ""recent_growth"": 0.27440942403386087, ""trend"": 0.21744954003417102, ""quarter_consistency"": 0.11000116159163513, ""institution_expansion"": 0.09127946557813914}",0,9.0,0.8181818181818182,25.0,1.0,,,,,
emerging,weight_228,44,0.9994362226920366,0.1363636363636363,2.0,"{""multiyear_growth"": 0.3422048447910427, ""recent_growth"": 0.24586765653550902, ""trend"": 0.21964742265248496, ""quarter_consistency"": 0.10000270175667547, ""institution_expansion"": 0.09227737426428782}",0,10.0,1.0,25.0,1.0,,,,,
emerging,weight_229,44,0.9980267794221284,0.4545454545454545,2.0,"{""multiyear_growth"": 0.3644880562822707, ""recent_growth"": 0.2620820473710775, ""trend"": 0.1888621120741846, ""quarter_consistency"": 0.09093790767829392, ""institution_expansion"": 0.09362987659417324}",0,10.0,1.0,25.0,1.0,,,,,
emerging,weight_230,44,0.9997181113460184,0.0909090909090909,1.0,"{""multiyear_growth"": 0.35680606567396506, ""recent_growth"": 0.24761109576596685, ""trend"": 0.20462397932845353, ""quarter_consistency"": 0.09955953441303265, ""institution_expansion"": 0.09139932481858207}",0,10.0,1.0,25.0,1.0,,,,,
emerging,weight_231,44,0.9952078928823116,0.7272727272727273,4.0,"{""multiyear_growth"": 0.35717893952754737, ""recent_growth"": 0.19724209395861148, ""trend"": 0.21503151811479565, ""quarter_consistency"": 0.11698160553361941, ""institution_expansion"": 0.11356584286542613}",0,10.0,1.0,25.0,1.0,,,,,
emerging,weight_232,44,0.9954897815362932,0.7727272727272727,3.0,"{""multiyear_growth"": 0.41546679317699226, ""recent_growth"": 0.21688390492853254, ""trend"": 0.1804246643880265, ""quarter_consistency"": 0.08306679387340016, ""institution_expansion"": 0.10415784363304864}",0,10.0,1.0,25.0,1.0,,,,,
emerging,weight_233,44,0.9977448907681464,0.5454545454545454,2.0,"{""multiyear_growth"": 0.368534711522653, ""recent_growth"": 0.2631248900254721, ""trend"": 0.1939073017432228, ""quarter_consistency"": 0.08326103366988555, ""institution_expansion"": 0.09117206303876654}",0,10.0,1.0,24.0,0.9230769230769232,,,,,
emerging,weight_234,44,0.9997181113460184,0.0909090909090909,1.0,"{""multiyear_growth"": 0.3569127367700512, ""recent_growth"": 0.2361038993426114, ""trend"": 0.20923549118153273, ""quarter_consistency"": 0.10254231436851191, ""institution_expansion"": 0.09520555833729272}",0,10.0,1.0,25.0,1.0,,,,,
emerging,weight_235,44,0.9945031712473572,0.5909090909090909,5.0,"{""multiyear_growth"": 0.37607050914255113, ""recent_growth"": 0.233238935152086, ""trend"": 0.17117841056312955, ""quarter_consistency"": 0.10779843289571214, ""institution_expansion"": 0.11171371224652128}",0,10.0,1.0,25.0,1.0,,,,,
emerging,weight_236,44,0.9942212825933756,0.7272727272727273,5.0,"{""multiyear_growth"": 0.3278892950735601, ""recent_growth"": 0.27555902676608457, ""trend"": 0.19236857109489905, ""quarter_consistency"": 0.11111243124060208, ""institution_expansion"": 0.09307067582485405}",0,9.0,0.8181818181818182,25.0,1.0,,,,,
emerging,weight_237,44,0.9992952783650456,0.1818181818181818,2.0,"{""multiyear_growth"": 0.3471438868738875, ""recent_growth"": 0.2568396875635625, ""trend"": 0.2025201123513567, ""quarter_consistency"": 0.09478816321469603, ""institution_expansion"": 0.09870814999649735}",0,10.0,1.0,25.0,1.0,,,,,
emerging,weight_238,44,0.9953488372093025,0.9090909090909092,3.0,"{""multiyear_growth"": 0.37272848346480814, ""recent_growth"": 0.2800131520611472, ""trend"": 0.18432034136639394, ""quarter_consistency"": 0.07541196283514325, ""institution_expansion"": 0.0875260602725076}",0,10.0,1.0,24.0,0.9230769230769232,,,,,
emerging,weight_239,44,0.994644115574348,0.7727272727272727,4.0,"{""multiyear_growth"": 0.28127367873393455, ""recent_growth"": 0.2838204415027537, ""trend"": 0.2187387433830403, ""quarter_consistency"": 0.10151064321036649, ""institution_expansion"": 0.11465649316990494}",0,9.0,0.8181818181818182,25.0,1.0,,,,,
emerging,weight_240,44,0.998872445384073,0.2272727272727272,2.0,"{""multiyear_growth"": 0.37299780113182823, ""recent_growth"": 0.22484937298840144, ""trend"": 0.20802093698310473, ""quarter_consistency"": 0.09735451583680768, ""institution_expansion"": 0.09677737305985797}",0,10.0,1.0,25.0,1.0,,,,,
emerging,weight_241,44,0.994644115574348,0.8181818181818182,4.0,"{""multiyear_growth"": 0.30722515344079887, ""recent_growth"": 0.3002365449052464, ""trend"": 0.1997345384584033, ""quarter_consistency"": 0.1049033842036677, ""institution_expansion"": 0.08790037899188376}",0,9.0,0.8181818181818182,24.0,0.9230769230769232,,,,,
emerging,weight_242,44,0.9947850599013388,0.6818181818181818,4.0,"{""multiyear_growth"": 0.31425113049995457, ""recent_growth"": 0.27398538608171696, ""trend"": 0.19826290130491295, ""quarter_consistency"": 0.10265387485373308, ""institution_expansion"": 0.11084670725968235}",0,9.0,0.8181818181818182,25.0,1.0,,,,,
emerging,weight_243,44,0.9915433403805496,0.8636363636363636,6.0,"{""multiyear_growth"": 0.3385697753663525, ""recent_growth"": 0.2517813799158497, ""trend"": 0.18134856204036412, ""quarter_consistency"": 0.10776298086955356, ""institution_expansion"": 0.12053730180788011}",0,9.0,0.8181818181818182,25.0,1.0,,,,,
emerging,weight_244,44,0.99830866807611,0.4090909090909091,2.0,"{""multiyear_growth"": 0.38476928708259484, ""recent_growth"": 0.2277586384547909, ""trend"": 0.19875496260535172, ""quarter_consistency"": 0.09241784580971205, ""institution_expansion"": 0.0962992660475505}",0,10.0,1.0,25.0,1.0,,,,,
emerging,weight_245,44,0.9985905567300916,0.3636363636363636,2.0,"{""multiyear_growth"": 0.34707699950807197, ""recent_growth"": 0.2685128482465062, ""trend"": 0.193631784003999, ""quarter_consistency"": 0.09644379971124602, ""institution_expansion"": 0.09433456853017673}",0,10.0,1.0,25.0,1.0,,,,,
emerging,weight_246,44,0.9957716701902748,0.5909090909090909,4.0,"{""multiyear_growth"": 0.3279151745580042, ""recent_growth"": 0.26197194129930107, ""trend"": 0.20246648193229316, ""quarter_consistency"": 0.11049286264407891, ""institution_expansion"": 0.09715353956632279}",0,9.0,0.8181818181818182,25.0,1.0,,,,,
emerging,weight_247,44,0.9926708949964762,0.8636363636363636,6.0,"{""multiyear_growth"": 0.29943028116924575, ""recent_growth"": 0.2989323840717941, ""trend"": 0.19365814373228168, ""quarter_consistency"": 0.11796886725357865, ""institution_expansion"": 0.09001032377309982}",0,9.0,0.8181818181818182,24.0,0.9230769230769232,,,,,
emerging,weight_248,44,0.9976039464411556,0.5,3.0,"{""multiyear_growth"": 0.37791066681920904, ""recent_growth"": 0.23006602414950295, ""trend"": 0.2140870598062047, ""quarter_consistency"": 0.09515795188904905, ""institution_expansion"": 0.08277829733603444}",0,10.0,1.0,25.0,1.0,,,,,
emerging,weight_249,44,0.9919661733615222,0.9545454545454546,6.0,"{""multiyear_growth"": 0.31371002750897425, ""recent_growth"": 0.2697798443182178, ""trend"": 0.19061264212117424, ""quarter_consistency"": 0.1134465105947492, ""institution_expansion"": 0.11245097545688462}",0,9.0,0.8181818181818182,25.0,1.0,,,,,
emerging,weight_250,44,0.9968992248062016,0.6363636363636364,2.0,"{""multiyear_growth"": 0.38234983448224286, ""recent_growth"": 0.2748275966091859, ""trend"": 0.1627074775237166, ""quarter_consistency"": 0.09261950726643707, ""institution_expansion"": 0.08749558411841765}",0,10.0,1.0,24.0,0.9230769230769232,,,,,
emerging,weight_251,44,0.996335447498238,0.7272727272727273,3.0,"{""multiyear_growth"": 0.37938229849793625, ""recent_growth"": 0.2421221934922728, ""trend"": 0.19722944627797073, ""quarter_consistency"": 0.0798354984298078, ""institution_expansion"": 0.10143056330201257}",0,10.0,1.0,25.0,1.0,,,,,
emerging,weight_252,44,0.9966173361522196,0.6363636363636364,3.0,"{""multiyear_growth"": 0.4132791496654345, ""recent_growth"": 0.2278412437130002, ""trend"": 0.1812777071821863, ""quarter_consistency"": 0.08697034077845889, ""institution_expansion"": 0.09063155866092008}",0,10.0,1.0,25.0,1.0,,,,,
emerging,weight_253,44,0.9926708949964762,0.9090909090909092,7.0,"{""multiyear_growth"": 0.3223768661297802, ""recent_growth"": 0.26446994323492456, ""trend"": 0.1963709873500767, ""quarter_consistency"": 0.08851697641149733, ""institution_expansion"": 0.12826522687372127}",0,9.0,0.8181818181818182,25.0,1.0,,,,,
emerging,weight_254,44,0.9971811134601832,0.5454545454545454,3.0,"{""multiyear_growth"": 0.34763994897475686, ""recent_growth"": 0.2825903989336147, ""trend"": 0.18770691321788951, ""quarter_consistency"": 0.09550275463667383, ""institution_expansion"": 0.08655998423706503}",0,9.0,0.8181818181818182,25.0,1.0,,,,,
emerging,weight_255,44,0.99830866807611,0.4090909090909091,2.0,"{""multiyear_growth"": 0.3399641480262196, ""recent_growth"": 0.26346324629130885, ""trend"": 0.21142687904125734, ""quarter_consistency"": 0.09954153937953111, ""institution_expansion"": 0.08560418726168302}",0,10.0,1.0,25.0,1.0,,,,,
emerging,weight_256,44,0.996335447498238,0.5,5.0,"{""multiyear_growth"": 0.4118573804075401, ""recent_growth"": 0.21876293417312237, ""trend"": 0.16726626863843097, ""quarter_consistency"": 0.10815871580177787, ""institution_expansion"": 0.09395470097912868}",0,10.0,1.0,25.0,1.0,,,,,
emerging,weight_257,44,0.992952783650458,0.8181818181818182,6.0,"{""multiyear_growth"": 0.3307726408901574, ""recent_growth"": 0.2667843501199757, ""trend"": 0.18328791793818078, ""quarter_consistency"": 0.10871836130833396, ""institution_expansion"": 0.1104367297433522}",0,9.0,0.8181818181818182,25.0,1.0,,,,,
emerging,weight_258,44,0.9967582804792108,0.6363636363636364,3.0,"{""multiyear_growth"": 0.36141684009960745, ""recent_growth"": 0.2385626689410445, ""trend"": 0.20671747347383887, ""quarter_consistency"": 0.11409020408519821, ""institution_expansion"": 0.07921281340031111}",0,10.0,1.0,25.0,1.0,,,,,
emerging,weight_259,44,0.9959126145172658,0.5909090909090909,4.0,"{""multiyear_growth"": 0.32404481388657946, ""recent_growth"": 0.24537676636064126, ""trend"": 0.2094158333114512, ""quarter_consistency"": 0.11204373423459978, ""institution_expansion"": 0.10911885220672815}",0,9.0,0.8181818181818182,25.0,1.0,,,,,
emerging,weight_260,44,0.9950669485553204,0.8636363636363636,4.0,"{""multiyear_growth"": 0.36134416429642163, ""recent_growth"": 0.2864056096564885, ""trend"": 0.1703176639812302, ""quarter_consistency"": 0.0872792645979944, ""institution_expansion"": 0.09465329746786533}",0,9.0,0.8181818181818182,24.0,0.9230769230769232,,,,,
emerging,weight_261,44,0.999154334038055,0.2272727272727272,2.0,"{""multiyear_growth"": 0.34441419344246726, ""recent_growth"": 0.25723409146645815, ""trend"": 0.2075127365593319, ""quarter_consistency"": 0.09514357934702633, ""institution_expansion"": 0.09569539918471649}",0,10.0,1.0,25.0,1.0,,,,,
emerging,weight_262,44,0.998872445384073,0.2272727272727272,3.0,"{""multiyear_growth"": 0.36332736417226963, ""recent_growth"": 0.23078905442828654, ""trend"": 0.20046884616930577, ""quarter_consistency"": 0.10664711281514598, ""institution_expansion"": 0.09876762241499214}",0,10.0,1.0,25.0,1.0,,,,,
emerging,weight_263,44,0.9925299506694856,0.9090909090909092,6.0,"{""multiyear_growth"": 0.3255634432460267, ""recent_growth"": 0.25614486379380885, ""trend"": 0.17817527861790447, ""quarter_consistency"": 0.12338757774107337, ""institution_expansion"": 0.11672883660118652}",0,9.0,0.8181818181818182,25.0,1.0,,,,,
emerging,weight_264,44,0.9970401691331924,0.5909090909090909,2.0,"{""multiyear_growth"": 0.3884960159203061, ""recent_growth"": 0.27402465070801857, ""trend"": 0.15957880789669907, ""quarter_consistency"": 0.08879694896501278, ""institution_expansion"": 0.08910357650996344}",0,10.0,1.0,24.0,0.9230769230769232,,,,,
emerging,weight_265,44,0.9978858350951372,0.5,2.0,"{""multiyear_growth"": 0.33683195647473346, ""recent_growth"": 0.23497843025283793, ""trend"": 0.22159939983193397, ""quarter_consistency"": 0.09092869176185644, ""institution_expansion"": 0.11566152167863832}",0,10.0,1.0,25.0,1.0,,,,,
emerging,weight_266,44,0.9974630021141648,0.5,3.0,"{""multiyear_growth"": 0.3994200812363765, ""recent_growth"": 0.20557050914431288, ""trend"": 0.20553340090084687, ""quarter_consistency"": 0.09162856530718809, ""institution_expansion"": 0.09784744341127562}",0,10.0,1.0,25.0,1.0,,,,,
emerging,weight_267,44,0.9957716701902748,0.6363636363636364,3.0,"{""multiyear_growth"": 0.3431894431147568, ""recent_growth"": 0.27977807619776024, ""trend"": 0.1820384640771911, ""quarter_consistency"": 0.10736300688484586, ""institution_expansion"": 0.08763100972544606}",0,9.0,0.8181818181818182,25.0,1.0,,,,,
emerging,weight_268,44,0.9957716701902748,0.7272727272727273,3.0,"{""multiyear_growth"": 0.36205307890278776, ""recent_growth"": 0.25684572485771573, ""trend"": 0.17908024601197153, ""quarter_consistency"": 0.08389916811411617, ""institution_expansion"": 0.11812178211340883}",0,10.0,1.0,25.0,1.0,,,,,
emerging,weight_269,44,0.996476391825229,0.5454545454545454,4.0,"{""multiyear_growth"": 0.3846006341666005, ""recent_growth"": 0.20838749417191071, ""trend"": 0.1905021729902826, ""quarter_consistency"": 0.10633235289491856, ""institution_expansion"": 0.11017734577628771}",0,10.0,1.0,25.0,1.0,,,,,
emerging,weight_270,44,0.9984496124031008,0.3636363636363636,2.0,"{""multiyear_growth"": 0.3165170839158689, ""recent_growth"": 0.23642022451452346, ""trend"": 0.24632041297289192, ""quarter_consistency"": 0.09411913541762497, ""institution_expansion"": 0.10662314317909076}",0,10.0,1.0,25.0,1.0,,,,,
emerging,weight_271,44,0.9950669485553204,0.6818181818181818,4.0,"{""multiyear_growth"": 0.3048574371114886, ""recent_growth"": 0.2364263513432231, ""trend"": 0.23699620681244216, ""quarter_consistency"": 0.12458231250052956, ""institution_expansion"": 0.09713769223231652}",0,10.0,1.0,25.0,1.0,,,,,
emerging,weight_272,44,0.9932346723044396,0.8181818181818182,5.0,"{""multiyear_growth"": 0.39305412738936524, ""recent_growth"": 0.24334000128127029, ""trend"": 0.1581280356444201, ""quarter_consistency"": 0.11438265091880932, ""institution_expansion"": 0.09109518476613511}",0,10.0,1.0,25.0,1.0,,,,,
emerging,weight_273,44,0.9971811134601832,0.4090909090909091,4.0,"{""multiyear_growth"": 0.3482090862152405, ""recent_growth"": 0.252078509561974, ""trend"": 0.19389253558517738, ""quarter_consistency"": 0.10865778975309096, ""institution_expansion"": 0.09716207888451714}",0,10.0,1.0,25.0,1.0,,,,,
emerging,weight_274,44,0.9976039464411556,0.5909090909090909,2.0,"{""multiyear_growth"": 0.3497503607639989, ""recent_growth"": 0.24531321802974074, ""trend"": 0.21733015916134424, ""quarter_consistency"": 0.08102102969977007, ""institution_expansion"": 0.1065852323451461}",0,10.0,1.0,25.0,1.0,,,,,
emerging,weight_275,44,0.9987315010570824,0.2727272727272727,2.0,"{""multiyear_growth"": 0.371763699029135, ""recent_growth"": 0.23514600876043804, ""trend"": 0.2081559997253621, ""quarter_consistency"": 0.10449584976927262, ""institution_expansion"": 0.08043844271579231}",0,10.0,1.0,25.0,1.0,,,,,
emerging,weight_276,44,0.9971811134601832,0.5,4.0,"{""multiyear_growth"": 0.3598084286938743, ""recent_growth"": 0.2659637678723274, ""trend"": 0.1720465277237436, ""quarter_consistency"": 0.09914459338378856, ""institution_expansion"": 0.10303668232626614}",0,10.0,1.0,25.0,1.0,,,,,
emerging,weight_277,44,0.9995771670190272,0.1363636363636363,1.0,"{""multiyear_growth"": 0.3634855318680668, ""recent_growth"": 0.2403193450926787, ""trend"": 0.19626389679240497, ""quarter_consistency"": 0.10384218673007817, ""institution_expansion"": 0.09608903951677127}",0,10.0,1.0,25.0,1.0,,,,,
emerging,weight_278,44,0.9984496124031008,0.3181818181818182,3.0,"{""multiyear_growth"": 0.36713638496949186, ""recent_growth"": 0.25036608430653373, ""trend"": 0.17838231186095402, ""quarter_consistency"": 0.10603172642412141, ""institution_expansion"": 0.09808349243889918}",0,10.0,1.0,25.0,1.0,,,,,
emerging,weight_279,44,0.9960535588442564,0.5454545454545454,4.0,"{""multiyear_growth"": 0.31334392631169844, ""recent_growth"": 0.25387413665724684, ""trend"": 0.2183381200127991, ""quarter_consistency"": 0.11328873366352293, ""institution_expansion"": 0.10115508335473256}",0,9.0,0.8181818181818182,25.0,1.0,,,,,
emerging,weight_280,44,0.9980267794221284,0.4545454545454545,2.0,"{""multiyear_growth"": 0.36726120037188786, ""recent_growth"": 0.27335042998007525, ""trend"": 0.18719627444603432, ""quarter_consistency"": 0.09079626485004313, ""institution_expansion"": 0.0813958303519594}",0,10.0,1.0,24.0,0.9230769230769232,,,,,
emerging,weight_281,44,0.9952078928823116,0.5909090909090909,4.0,"{""multiyear_growth"": 0.3214792770715068, ""recent_growth"": 0.25437173050229867, ""trend"": 0.22143587190512407, ""quarter_consistency"": 0.11629506439076939, ""institution_expansion"": 0.08641805613030107}",0,10.0,1.0,25.0,1.0,,,,,
emerging,weight_282,44,0.9918252290345312,1.0454545454545454,6.0,"{""multiyear_growth"": 0.3106573222261922, ""recent_growth"": 0.25961060774735906, ""trend"": 0.18956650792921811, ""quarter_consistency"": 0.12241882249465122, ""institution_expansion"": 0.11774673960257942}",0,9.0,0.8181818181818182,25.0,1.0,,,,,
emerging,weight_283,44,0.9984496124031008,0.3636363636363636,2.0,"{""multiyear_growth"": 0.3869535232790205, ""recent_growth"": 0.22115226035700639, ""trend"": 0.19612384243549533, ""quarter_consistency"": 0.10037251212554968, ""institution_expansion"": 0.09539786180292809}",0,10.0,1.0,25.0,1.0,,,,,
emerging,weight_284,44,0.9957716701902748,0.5909090909090909,5.0,"{""multiyear_growth"": 0.32886130995811597, ""recent_growth"": 0.22146075781547794, ""trend"": 0.2246670772889692, ""quarter_consistency"": 0.12170425531360479, ""institution_expansion"": 0.1033065996238321}",0,10.0,1.0,25.0,1.0,,,,,
emerging,weight_285,44,0.9926708949964762,0.9090909090909092,6.0,"{""multiyear_growth"": 0.394701313878964, ""recent_growth"": 0.19434992109579532, ""trend"": 0.218795402457733, ""quarter_consistency"": 0.11280555054827757, ""institution_expansion"": 0.07934781201923012}",0,10.0,1.0,25.0,1.0,,,,,
emerging,weight_286,44,0.99830866807611,0.4090909090909091,2.0,"{""multiyear_growth"": 0.3711305223641982, ""recent_growth"": 0.2411973043211302, ""trend"": 0.2089702431982042, ""quarter_consistency"": 0.09371009819294332, ""institution_expansion"": 0.084991831923524}",0,10.0,1.0,25.0,1.0,,,,,
emerging,weight_287,44,0.9987315010570824,0.3181818181818182,2.0,"{""multiyear_growth"": 0.3842060400376804, ""recent_growth"": 0.25246705801237196, ""trend"": 0.1890353621862302, ""quarter_consistency"": 0.0882625270055748, ""institution_expansion"": 0.08602901275814263}",0,10.0,1.0,25.0,1.0,,,,,
emerging,weight_288,44,0.9968992248062016,0.4090909090909091,4.0,"{""multiyear_growth"": 0.3784508605727386, ""recent_growth"": 0.2492551414312856, ""trend"": 0.1661939785952115, ""quarter_consistency"": 0.09997906708970732, ""institution_expansion"": 0.10612095231105706}",0,10.0,1.0,25.0,1.0,,,,,
emerging,weight_289,44,0.9980267794221284,0.4090909090909091,3.0,"{""multiyear_growth"": 0.35886523164343476, ""recent_growth"": 0.2757044832689442, ""trend"": 0.18222941772858325, ""quarter_consistency"": 0.09761231843736452, ""institution_expansion"": 0.08558854892167327}",0,10.0,1.0,25.0,1.0,,,,,
emerging,weight_290,44,0.9950669485553204,0.6818181818181818,5.0,"{""multiyear_growth"": 0.31022977380901245, ""recent_growth"": 0.2802798625944757, ""trend"": 0.20364156042219947, ""quarter_consistency"": 0.1086951574454139, ""institution_expansion"": 0.09715364572889841}",0,9.0,0.8181818181818182,25.0,1.0,,,,,
emerging,weight_291,44,0.9966173361522196,0.6818181818181818,2.0,"{""multiyear_growth"": 0.3775756451138477, ""recent_growth"": 0.27585847396563123, ""trend"": 0.16819746228910937, ""quarter_consistency"": 0.08684003883994369, ""institution_expansion"": 0.09152837979146802}",0,10.0,1.0,24.0,0.9230769230769232,,,,,
emerging,weight_292,44,0.9966173361522196,0.6363636363636364,3.0,"{""multiyear_growth"": 0.37109866647120565, ""recent_growth"": 0.20281213897469302, ""trend"": 0.2098487762578562, ""quarter_consistency"": 0.10372962809997682, ""institution_expansion"": 0.11251079019626832}",0,10.0,1.0,25.0,1.0,,,,,
emerging,weight_293,44,0.991261451726568,1.0,6.0,"{""multiyear_growth"": 0.2897354419745844, ""recent_growth"": 0.29194689451989647, ""trend"": 0.1944975764883932, ""quarter_consistency"": 0.1189277371909373, ""institution_expansion"": 0.10489234982618865}",0,9.0,0.8181818181818182,25.0,1.0,,,,,
emerging,weight_294,44,0.9921071176885132,1.0,6.0,"{""multiyear_growth"": 0.3371732937671413, ""recent_growth"": 0.2607566997335887, ""trend"": 0.17518939560929947, ""quarter_consistency"": 0.125690894355222, ""institution_expansion"": 0.10118971653474852}",0,9.0,0.8181818181818182,25.0,1.0,,,,,
emerging,weight_295,44,0.9980267794221284,0.3181818181818182,3.0,"{""multiyear_growth"": 0.3278528745615557, ""recent_growth"": 0.2667943047409247, ""trend"": 0.2125659570826368, ""quarter_consistency"": 0.10468472805415198, ""institution_expansion"": 0.088102135560731}",0,10.0,1.0,25.0,1.0,,,,,
emerging,weight_296,44,0.993939393939394,0.7272727272727273,5.0,"{""multiyear_growth"": 0.39261614676857476, ""recent_growth"": 0.22751581868750334, ""trend"": 0.1698980998158368, ""quarter_consistency"": 0.11665789852881274, ""institution_expansion"": 0.09331203619927247}",0,10.0,1.0,25.0,1.0,,,,,
emerging,weight_297,44,0.9943622269203664,0.8636363636363636,4.0,"{""multiyear_growth"": 0.3190264117398263, ""recent_growth"": 0.24968629586420796, ""trend"": 0.23414389570408345, ""quarter_consistency"": 0.11795994583078111, ""institution_expansion"": 0.07918345086110129}",0,9.0,0.8181818181818182,25.0,1.0,,,,,
emerging,weight_298,44,0.993939393939394,0.6818181818181818,4.0,"{""multiyear_growth"": 0.36225539959619774, ""recent_growth"": 0.227628491177499, ""trend"": 0.18408994340109647, ""quarter_consistency"": 0.10984869020963962, ""institution_expansion"": 0.11617747561556717}",0,10.0,1.0,25.0,1.0,,,,,
emerging,weight_299,44,0.994644115574348,0.7727272727272727,4.0,"{""multiyear_growth"": 0.3217744519981535, ""recent_growth"": 0.25182968145632306, ""trend"": 0.22428100349345786, ""quarter_consistency"": 0.11932842675833974, ""institution_expansion"": 0.08278643629372574}",0,10.0,1.0,25.0,1.0,,,,,
emerging,weight_300,44,0.9997181113460184,0.0909090909090909,1.0,"{""multiyear_growth"": 0.36684864470364725, ""recent_growth"": 0.24189702215191486, ""trend"": 0.20071060320359618, ""quarter_consistency"": 0.10071046595430572, ""institution_expansion"": 0.08983326398653604}",0,10.0,1.0,25.0,1.0,,,,,
emerging,weight_301,44,0.9995771670190272,0.1363636363636363,1.0,"{""multiyear_growth"": 0.3579954382971058, ""recent_growth"": 0.25102202127736417, ""trend"": 0.1967479273898483, ""quarter_consistency"": 0.10213469891133371, ""institution_expansion"": 0.09209991412434797}",0,10.0,1.0,25.0,1.0,,,,,
emerging,weight_302,44,0.9974630021141648,0.5909090909090909,2.0,"{""multiyear_growth"": 0.3525506756318692, ""recent_growth"": 0.2650130569073108, ""trend"": 0.1966024589518552, ""quarter_consistency"": 0.08480972358386561, ""institution_expansion"": 0.10102408492509934}",0,10.0,1.0,25.0,1.0,,,,,
emerging,weight_303,44,0.984214235377026,1.4545454545454546,7.0,"{""multiyear_growth"": 0.302524384335207, ""recent_growth"": 0.27063174795017875, ""trend"": 0.17234356745719911, ""quarter_consistency"": 0.12736281153757148, ""institution_expansion"": 0.12713748871984357}",0,9.0,0.8181818181818182,24.0,0.9230769230769232,,,,,
emerging,weight_304,44,0.9953488372093025,0.7272727272727273,4.0,"{""multiyear_growth"": 0.31003104527995917, ""recent_growth"": 0.27946471416688035, ""trend"": 0.22116438914945488, ""quarter_consistency"": 0.10314071168330548, ""institution_expansion"": 0.08619913972040011}",0,9.0,0.8181818181818182,25.0,1.0,,,,,
emerging,weight_305,44,0.9977448907681464,0.5454545454545454,2.0,"{""multiyear_growth"": 0.35663130847762003, ""recent_growth"": 0.25217492785327783, ""trend"": 0.209534799771769, ""quarter_consistency"": 0.07977261834505713, ""institution_expansion"": 0.10188634555227614}",0,10.0,1.0,25.0,1.0,,,,,
emerging,weight_306,44,0.9957716701902748,0.8181818181818182,3.0,"{""multiyear_growth"": 0.34702442221350777, ""recent_growth"": 0.29087289058091315, ""trend"": 0.18366598053293598, ""quarter_consistency"": 0.08516797955720672, ""institution_expansion"": 0.09326872711543638}",0,9.0,0.8181818181818182,24.0,0.9230769230769232,,,,,
emerging,weight_307,44,0.9978858350951372,0.5,2.0,"{""multiyear_growth"": 0.3646863622738525, ""recent_growth"": 0.26987435155333006, ""trend"": 0.1881526487650725, ""quarter_consistency"": 0.08720213212179542, ""institution_expansion"": 0.09008450528594962}",0,10.0,1.0,24.0,0.9230769230769232,,,,,
emerging,weight_308,44,0.999013389711064,0.2727272727272727,2.0,"{""multiyear_growth"": 0.3655414973768543, ""recent_growth"": 0.22455137527185784, ""trend"": 0.20552565217106117, ""quarter_consistency"": 0.09579620878255783, ""institution_expansion"": 0.10858526639766877}",0,10.0,1.0,25.0,1.0,,,,,
emerging,weight_309,44,0.9940803382663848,0.7272727272727273,5.0,"{""multiyear_growth"": 0.3185322876493127, ""recent_growth"": 0.2655392153641241, ""trend"": 0.19721518429835544, ""quarter_consistency"": 0.10755400669565736, ""institution_expansion"": 0.11115930599255042}",0,9.0,0.8181818181818182,25.0,1.0,,,,,
emerging,weight_310,44,0.9937984496124032,0.7727272727272727,5.0,"{""multiyear_growth"": 0.283653164853067, ""recent_growth"": 0.28598583921973114, ""trend"": 0.21003439767009505, ""quarter_consistency"": 0.1041563854088507, ""institution_expansion"": 0.11617021284825611}",0,9.0,0.8181818181818182,25.0,1.0,,,,,
emerging,weight_311,44,0.9947850599013388,0.6363636363636364,6.0,"{""multiyear_growth"": 0.37485879136690864, ""recent_growth"": 0.2060047442813063, ""trend"": 0.22437952388380764, ""quarter_consistency"": 0.10285192129082935, ""institution_expansion"": 0.09190501917714824}",0,10.0,1.0,25.0,1.0,,,,,
emerging,weight_312,44,0.9970401691331924,0.5454545454545454,3.0,"{""multiyear_growth"": 0.3937656502629052, ""recent_growth"": 0.2179264759756627, ""trend"": 0.19343895346733297, ""quarter_consistency"": 0.11302728434547944, ""institution_expansion"": 0.08184163594861958}",0,10.0,1.0,25.0,1.0,,,,,
emerging,weight_313,44,0.9978858350951372,0.5,2.0,"{""multiyear_growth"": 0.31501988709754003, ""recent_growth"": 0.2626371872810048, ""trend"": 0.23612346421827324, ""quarter_consistency"": 0.10015365961089245, ""institution_expansion"": 0.08606580179228937}",0,10.0,1.0,25.0,1.0,,,,,
emerging,weight_314,44,0.9942212825933756,0.6363636363636364,5.0,"{""multiyear_growth"": 0.36177455566929545, ""recent_growth"": 0.244574449986485, ""trend"": 0.17540998530013951, ""quarter_consistency"": 0.10840157294445105, ""institution_expansion"": 0.109839436099629}",0,10.0,1.0,25.0,1.0,,,,,
emerging,weight_315,44,0.9977448907681464,0.5454545454545454,2.0,"{""multiyear_growth"": 0.3579510122629549, ""recent_growth"": 0.2535931721804307, ""trend"": 0.20036558807033472, ""quarter_consistency"": 0.08138572389474934, ""institution_expansion"": 0.10670450359153041}",0,10.0,1.0,25.0,1.0,,,,,
emerging,weight_316,44,0.99830866807611,0.3181818181818182,3.0,"{""multiyear_growth"": 0.3715969080389844, ""recent_growth"": 0.21803352607624626, ""trend"": 0.21716233844455723, ""quarter_consistency"": 0.09754240508630092, ""institution_expansion"": 0.0956648223539112}",0,10.0,1.0,25.0,1.0,,,,,
emerging,weight_317,44,0.9954897815362932,0.7727272727272727,4.0,"{""multiyear_growth"": 0.3511328501035194, ""recent_growth"": 0.22877290290847077, ""trend"": 0.2060415909257417, ""quarter_consistency"": 0.0881215940022651, ""institution_expansion"": 0.1259310620600031}",0,10.0,1.0,25.0,1.0,,,,,
emerging,weight_318,44,0.9976039464411556,0.4545454545454545,3.0,"{""multiyear_growth"": 0.39529737853774083, ""recent_growth"": 0.22781912547504812, ""trend"": 0.18300817296581734, ""quarter_consistency"": 0.09550112697912945, ""institution_expansion"": 0.09837419604226412}",0,10.0,1.0,25.0,1.0,,,,,
emerging,weight_319,44,0.99830866807611,0.4090909090909091,2.0,"{""multiyear_growth"": 0.3474787265899317, ""recent_growth"": 0.2670565980080297, ""trend"": 0.20403462264933148, ""quarter_consistency"": 0.09666846443267577, ""institution_expansion"": 0.08476158832003138}",0,10.0,1.0,25.0,1.0,,,,,
emerging,weight_320,44,0.9974630021141648,0.5454545454545454,3.0,"{""multiyear_growth"": 0.3692004383662041, ""recent_growth"": 0.222676651812655, ""trend"": 0.22620206973547413, ""quarter_consistency"": 0.0914316370825708, ""institution_expansion"": 0.09048920300309592}",0,10.0,1.0,25.0,1.0,,,,,
emerging,weight_321,44,0.9978858350951372,0.4090909090909091,3.0,"{""multiyear_growth"": 0.3942722447251673, ""recent_growth"": 0.2329764097853369, ""trend"": 0.18297462403752726, ""quarter_consistency"": 0.09594543670349365, ""institution_expansion"": 0.09383128474847484}",0,10.0,1.0,25.0,1.0,,,,,
emerging,weight_322,44,0.9956307258632838,0.5909090909090909,4.0,"{""multiyear_growth"": 0.3834333348872638, ""recent_growth"": 0.2548628232863912, ""trend"": 0.1583538752262081, ""quarter_consistency"": 0.10334927218649095, ""institution_expansion"": 0.10000069441364609}",0,10.0,1.0,25.0,1.0,,,,,
emerging,weight_323,44,0.997322057787174,0.4545454545454545,3.0,"{""multiyear_growth"": 0.34215382000222516, ""recent_growth"": 0.23973570963990645, ""trend"": 0.20236472314026438, ""quarter_consistency"": 0.11004881905354477, ""institution_expansion"": 0.1056969281640592}",0,10.0,1.0,25.0,1.0,,,,,
emerging,weight_324,44,0.9945031712473572,0.7727272727272727,4.0,"{""multiyear_growth"": 0.3616759523187166, ""recent_growth"": 0.2526230524713049, ""trend"": 0.19007720139655995, ""quarter_consistency"": 0.11719618239106874, ""institution_expansion"": 0.07842761142234976}",0,10.0,1.0,25.0,1.0,,,,,
emerging,weight_325,44,0.9942212825933756,0.7272727272727273,4.0,"{""multiyear_growth"": 0.3607323795702196, ""recent_growth"": 0.22416234738829516, ""trend"": 0.18966462510195353, ""quarter_consistency"": 0.11568842790603917, ""institution_expansion"": 0.10975222003349261}",0,10.0,1.0,25.0,1.0,,,,,
emerging,weight_326,44,0.9961945031712474,0.7272727272727273,3.0,"{""multiyear_growth"": 0.29929666082314504, ""recent_growth"": 0.22712049942897175, ""trend"": 0.24775489328820827, ""quarter_consistency"": 0.10192249223921783, ""institution_expansion"": 0.12390545422045718}",0,9.0,0.8181818181818182,25.0,1.0,,,,,
emerging,weight_327,44,0.9981677237491192,0.4090909090909091,3.0,"{""multiyear_growth"": 0.38085969695806793, ""recent_growth"": 0.2375242619219606, ""trend"": 0.18417645997546028, ""quarter_consistency"": 0.09407405394160503, ""institution_expansion"": 0.10336552720290607}",0,10.0,1.0,25.0,1.0,,,,,
emerging,weight_328,44,0.997322057787174,0.4090909090909091,4.0,"{""multiyear_growth"": 0.3273895614499982, ""recent_growth"": 0.2559144918963759, ""trend"": 0.21280675325156817, ""quarter_consistency"": 0.10878911940541425, ""institution_expansion"": 0.09510007399664358}",0,10.0,1.0,25.0,1.0,,,,,
emerging,weight_329,44,0.997322057787174,0.5454545454545454,3.0,"{""multiyear_growth"": 0.40263861997145306, ""recent_growth"": 0.22330686202685432, ""trend"": 0.19428468133321355, ""quarter_consistency"": 0.09262306186280289, ""institution_expansion"": 0.08714677480567623}",0,10.0,1.0,25.0,1.0,,,,,
emerging,weight_330,44,0.9980267794221284,0.4545454545454545,2.0,"{""multiyear_growth"": 0.3873632724636839, ""recent_growth"": 0.24211923648520287, ""trend"": 0.19516855290958504, ""quarter_consistency"": 0.09060408551894072, ""institution_expansion"": 0.08474485262258753}",0,10.0,1.0,25.0,1.0,,,,,
emerging,weight_331,44,0.9933756166314304,0.8181818181818182,5.0,"{""multiyear_growth"": 0.34355013971080084, ""recent_growth"": 0.2671232540985638, ""trend"": 0.1792881364780521, ""quarter_consistency"": 0.11485954735676303, ""institution_expansion"": 0.09517892235582025}",0,10.0,1.0,25.0,1.0,,,,,
emerging,weight_332,44,0.993939393939394,0.6363636363636364,6.0,"{""multiyear_growth"": 0.3574031306739323, ""recent_growth"": 0.24583581890752318, ""trend"": 0.17897375231390172, ""quarter_consistency"": 0.09515017705277881, ""institution_expansion"": 0.12263712105186389}",0,10.0,1.0,25.0,1.0,,,,,
emerging,weight_333,44,0.9977448907681464,0.4090909090909091,3.0,"{""multiyear_growth"": 0.36069385778231355, ""recent_growth"": 0.22978908274889268, ""trend"": 0.1906427654428923, ""quarter_consistency"": 0.10315800636038121, ""institution_expansion"": 0.11571628766552032}",0,10.0,1.0,25.0,1.0,,,,,
emerging,weight_334,44,0.9936575052854122,0.8181818181818182,5.0,"{""multiyear_growth"": 0.2968507332495861, ""recent_growth"": 0.2254440011113751, ""trend"": 0.24863802455873618, ""quarter_consistency"": 0.12241310397051976, ""institution_expansion"": 0.10665413710978278}",0,9.0,0.8181818181818182,25.0,1.0,,,,,
emerging,weight_335,44,0.9976039464411556,0.4545454545454545,3.0,"{""multiyear_growth"": 0.3668539243629751, ""recent_growth"": 0.23850824087328518, ""trend"": 0.1854294915864717, ""quarter_consistency"": 0.10794933172066733, ""institution_expansion"": 0.10125901145660056}",0,10.0,1.0,25.0,1.0,,,,,
emerging,weight_336,44,0.9970401691331924,0.5,4.0,"{""multiyear_growth"": 0.4104333455468439, ""recent_growth"": 0.22280628803670754, ""trend"": 0.1721430305756155, ""quarter_consistency"": 0.09327172841160075, ""institution_expansion"": 0.10134560742923227}",0,10.0,1.0,25.0,1.0,,,,,
emerging,weight_337,44,0.996476391825229,0.7727272727272727,2.0,"{""multiyear_growth"": 0.312383042875157, ""recent_growth"": 0.2752011294840807, ""trend"": 0.22110881759336035, ""quarter_consistency"": 0.08467851392615432, ""institution_expansion"": 0.1066284961212476}",0,9.0,0.8181818181818182,25.0,1.0,,,,,
emerging,weight_338,44,0.9984496124031008,0.3636363636363636,3.0,"{""multiyear_growth"": 0.3482058843325084, ""recent_growth"": 0.21935414549200546, ""trend"": 0.21388049879381185, ""quarter_consistency"": 0.10427877332777437, ""institution_expansion"": 0.11428069805390002}",0,10.0,1.0,25.0,1.0,,,,,
emerging,weight_339,44,0.9953488372093025,0.6818181818181818,4.0,"{""multiyear_growth"": 0.34558581099777, ""recent_growth"": 0.2462283918115491, ""trend"": 0.2085431912964412, ""quarter_consistency"": 0.1152231169543412, ""institution_expansion"": 0.08441948893989835}",0,10.0,1.0,25.0,1.0,,,,,
emerging,weight_340,44,0.9952078928823116,0.5909090909090909,5.0,"{""multiyear_growth"": 0.3734377922178413, ""recent_growth"": 0.21292327667284955, ""trend"": 0.1914950397674865, ""quarter_consistency"": 0.10718666958592893, ""institution_expansion"": 0.11495722175589375}",0,10.0,1.0,25.0,1.0,,,,,
emerging,weight_341,44,0.9950669485553204,0.6818181818181818,4.0,"{""multiyear_growth"": 0.31805739785910025, ""recent_growth"": 0.21519467541518786, ""trend"": 0.23557208443443514, ""quarter_consistency"": 0.12177229197858669, ""institution_expansion"": 0.10940355031269006}",0,10.0,1.0,25.0,1.0,,,,,
emerging,weight_342,44,0.996476391825229,0.5454545454545454,4.0,"{""multiyear_growth"": 0.3713150039144829, ""recent_growth"": 0.2304686911320518, ""trend"": 0.19626212585154482, ""quarter_consistency"": 0.11597202023696036, ""institution_expansion"": 0.08598215886496009}",0,10.0,1.0,25.0,1.0,,,,,
emerging,weight_343,44,0.9980267794221284,0.5,2.0,"{""multiyear_growth"": 0.3676389287556985, ""recent_growth"": 0.2522836634093506, ""trend"": 0.2041740859809542, ""quarter_consistency"": 0.08464609701250368, ""institution_expansion"": 0.09125722484149312}",0,10.0,1.0,25.0,1.0,,,,,
emerging,weight_344,44,0.9971811134601832,0.5454545454545454,3.0,"{""multiyear_growth"": 0.3420464726048321, ""recent_growth"": 0.24610619255534097, ""trend"": 0.21659500148057337, ""quarter_consistency"": 0.11105483722679095, ""institution_expansion"": 0.08419749613246247}",0,10.0,1.0,25.0,1.0,,,,,
emerging,weight_345,44,0.9974630021141648,0.5909090909090909,2.0,"{""multiyear_growth"": 0.3681780772701522, ""recent_growth"": 0.24931691943150236, ""trend"": 0.18922767111558125, ""quarter_consistency"": 0.08432860535873957, ""institution_expansion"": 0.10894872682402464}",0,10.0,1.0,25.0,1.0,,,,,
emerging,weight_346,44,0.991261451726568,0.8636363636363636,6.0,"{""multiyear_growth"": 0.3705535580645199, ""recent_growth"": 0.22551991917569517, ""trend"": 0.1733631724457495, ""quarter_consistency"": 0.1175120096163897, ""institution_expansion"": 0.1130513406976458}",0,10.0,1.0,25.0,1.0,,,,,
emerging,weight_347,44,0.9952078928823116,0.7272727272727273,5.0,"{""multiyear_growth"": 0.30486519814841495, ""recent_growth"": 0.23664698360532177, ""trend"": 0.22739337141146337, ""quarter_consistency"": 0.11695533009516393, ""institution_expansion"": 0.11413911673963595}",0,9.0,0.8181818181818182,25.0,1.0,,,,,
emerging,weight_348,44,0.9953488372093025,0.5454545454545454,4.0,"{""multiyear_growth"": 0.3542658721549976, ""recent_growth"": 0.2389819489139868, ""trend"": 0.18564865841932912, ""quarter_consistency"": 0.11203196618825084, ""institution_expansion"": 0.10907155432343557}",0,10.0,1.0,25.0,1.0,,,,,
emerging,weight_349,44,0.9947850599013388,0.9090909090909092,3.0,"{""multiyear_growth"": 0.3993597156875372, ""recent_growth"": 0.22501301848870006, ""trend"": 0.19552098453193897, ""quarter_consistency"": 0.07935823084348186, ""institution_expansion"": 0.10074805044834198}",0,10.0,1.0,25.0,1.0,,,,,
emerging,weight_350,44,0.9937984496124032,0.6818181818181818,6.0,"{""multiyear_growth"": 0.3563663531798749, ""recent_growth"": 0.2083647197872577, ""trend"": 0.23649720246110417, ""quarter_consistency"": 0.11512953179568308, ""institution_expansion"": 0.08364219277607995}",0,10.0,1.0,25.0,1.0,,,,,
emerging,weight_351,44,0.997322057787174,0.5909090909090909,2.0,"{""multiyear_growth"": 0.34775364730104213, ""recent_growth"": 0.27879994783476364, ""trend"": 0.20046813645222097, ""quarter_consistency"": 0.09187834829086575, ""institution_expansion"": 0.08109992012110744}",0,9.0,0.8181818181818182,25.0,1.0,,,,,
emerging,weight_352,44,0.9933756166314304,0.8181818181818182,5.0,"{""multiyear_growth"": 0.36313868536731087, ""recent_growth"": 0.2370006224233128, ""trend"": 0.17461912107510824, ""quarter_consistency"": 0.1260044204500034, ""institution_expansion"": 0.09923715068426467}",0,10.0,1.0,25.0,1.0,,,,,
emerging,weight_353,44,0.9970401691331924,0.4545454545454545,4.0,"{""multiyear_growth"": 0.336340713409054, ""recent_growth"": 0.2619528323432251, ""trend"": 0.18665443292141892, ""quarter_consistency"": 0.10194038079551426, ""institution_expansion"": 0.11311164053078773}",0,9.0,0.8181818181818182,25.0,1.0,,,,,
emerging,weight_354,44,0.999154334038055,0.2272727272727272,2.0,"{""multiyear_growth"": 0.38783629271535275, ""recent_growth"": 0.2520884655836716, ""trend"": 0.1746349923207396, ""quarter_consistency"": 0.10167749398920098, ""institution_expansion"": 0.08376275539103507}",0,10.0,1.0,25.0,1.0,,,,,
emerging,weight_355,44,0.9995771670190272,0.1363636363636363,1.0,"{""multiyear_growth"": 0.3619516340564738, ""recent_growth"": 0.24526275881260384, ""trend"": 0.20320941313826607, ""quarter_consistency"": 0.09552135289750502, ""institution_expansion"": 0.09405484109515137}",0,10.0,1.0,25.0,1.0,,,,,
emerging,weight_356,44,0.993939393939394,0.7272727272727273,5.0,"{""multiyear_growth"": 0.32529447357009456, ""recent_growth"": 0.23685936560311102, ""trend"": 0.21148774486289934, ""quarter_consistency"": 0.1274000140747853, ""institution_expansion"": 0.09895840188910976}",0,10.0,1.0,25.0,1.0,,,,,
emerging,weight_357,44,0.9985905567300916,0.4090909090909091,2.0,"{""multiyear_growth"": 0.31965050232686776, ""recent_growth"": 0.25047256650395855, ""trend"": 0.23148699908580314, ""quarter_consistency"": 0.09055936618398508, ""institution_expansion"": 0.10783056589938547}",0,9.0,0.8181818181818182,25.0,1.0,,,,,
emerging,weight_358,44,0.9943622269203664,0.7272727272727273,5.0,"{""multiyear_growth"": 0.31408539356723647, ""recent_growth"": 0.2772303481385553, ""trend"": 0.19975125687743775, ""quarter_consistency"": 0.12126583312227723, ""institution_expansion"": 0.08766716829449321}",0,9.0,0.8181818181818182,25.0,1.0,,,,,
emerging,weight_359,44,0.996476391825229,0.5454545454545454,4.0,"{""multiyear_growth"": 0.35492878468647127, ""recent_growth"": 0.2323386881115139, ""trend"": 0.19348113051401963, ""quarter_consistency"": 0.09716676507245794, ""institution_expansion"": 0.12208463161553713}",0,10.0,1.0,25.0,1.0,,,,,
emerging,weight_360,44,0.999013389711064,0.2727272727272727,2.0,"{""multiyear_growth"": 0.3078276107887437, ""recent_growth"": 0.2386602419194041, ""trend"": 0.24417066432101042, ""quarter_consistency"": 0.09561454634345694, ""institution_expansion"": 0.1137269366273848}",0,9.0,0.8181818181818182,25.0,1.0,,,,,
emerging,weight_361,44,0.9967582804792108,0.7272727272727273,2.0,"{""multiyear_growth"": 0.33466227744893706, ""recent_growth"": 0.2841115651879516, ""trend"": 0.19619692319417995, ""quarter_consistency"": 0.08793410567503794, ""institution_expansion"": 0.09709512849389355}",0,9.0,0.8181818181818182,24.0,0.9230769230769232,,,,,
emerging,weight_362,44,0.9976039464411556,0.5454545454545454,2.0,"{""multiyear_growth"": 0.3484544649533374, ""recent_growth"": 0.23835750352332993, ""trend"": 0.23581749718454603, ""quarter_consistency"": 0.09436124724821547, ""institution_expansion"": 0.08300928709057102}",0,10.0,1.0,25.0,1.0,,,,,
emerging,weight_363,44,0.996476391825229,0.6363636363636364,3.0,"{""multiyear_growth"": 0.3360416925087879, ""recent_growth"": 0.2628805894965096, ""trend"": 0.21875415124092226, ""quarter_consistency"": 0.10689749512305681, ""institution_expansion"": 0.07542607163072357}",0,9.0,0.8181818181818182,25.0,1.0,,,,,
emerging,weight_364,44,0.9985905567300916,0.3181818181818182,2.0,"{""multiyear_growth"": 0.3949949872428272, ""recent_growth"": 0.22265709161522468, ""trend"": 0.19473908608180004, ""quarter_consistency"": 0.09640314716746892, ""institution_expansion"": 0.09120568789267923}",0,10.0,1.0,25.0,1.0,,,,,
emerging,weight_365,44,0.9980267794221284,0.5454545454545454,2.0,"{""multiyear_growth"": 0.32304383190955765, ""recent_growth"": 0.23960262893324558, ""trend"": 0.23242372116955662, ""quarter_consistency"": 0.0882734716547248, ""institution_expansion"": 0.1166563463329152}",0,9.0,0.8181818181818182,25.0,1.0,,,,,
emerging,weight_366,44,0.9926708949964762,0.9090909090909092,6.0,"{""multiyear_growth"": 0.3040890506680645, ""recent_growth"": 0.24684152590027536, ""trend"": 0.2102204873219798, ""quarter_consistency"": 0.12133162294543283, ""institution_expansion"": 0.11751731316424749}",0,9.0,0.8181818181818182,25.0,1.0,,,,,
emerging,weight_367,44,0.9968992248062016,0.4545454545454545,4.0,"{""multiyear_growth"": 0.3391439462632613, ""recent_growth"": 0.24721692634970532, ""trend"": 0.20531469022482543, ""quarter_consistency"": 0.1115213318723794, ""institution_expansion"": 0.09680310528982858}",0,10.0,1.0,25.0,1.0,,,,,
emerging,weight_368,44,0.9981677237491192,0.4545454545454545,2.0,"{""multiyear_growth"": 0.3853990293868502, ""recent_growth"": 0.23996710791429562, ""trend"": 0.1877156392351359, ""quarter_consistency"": 0.09281647058926284, ""institution_expansion"": 0.09410175287445548}",0,10.0,1.0,25.0,1.0,,,,,
emerging,weight_369,44,0.9916842847075404,1.0,6.0,"{""multiyear_growth"": 0.32319034729339413, ""recent_growth"": 0.22600362869219168, ""trend"": 0.20628895857177348, ""quarter_consistency"": 0.11864541195696891, ""institution_expansion"": 0.12587165348567164}",0,9.0,0.8181818181818182,25.0,1.0,,,,,
emerging,weight_370,44,0.9954897815362932,0.5909090909090909,4.0,"{""multiyear_growth"": 0.3266070793450145, ""recent_growth"": 0.23468820908010346, ""trend"": 0.22269055319148987, ""quarter_consistency"": 0.12025959665426073, ""institution_expansion"": 0.09575456172913137}",0,10.0,1.0,25.0,1.0,,,,,
emerging,weight_371,44,0.9997181113460184,0.0909090909090909,1.0,"{""multiyear_growth"": 0.3542879919130346, ""recent_growth"": 0.24549792269233192, ""trend"": 0.206429300089732, ""quarter_consistency"": 0.1017622605152137, ""institution_expansion"": 0.09202252478968775}",0,10.0,1.0,25.0,1.0,,,,,
emerging,weight_372,44,0.9968992248062016,0.4545454545454545,3.0,"{""multiyear_growth"": 0.34089220663114056, ""recent_growth"": 0.2595839166112799, ""trend"": 0.19457386071185978, ""quarter_consistency"": 0.1069681619227055, ""institution_expansion"": 0.09798185412301427}",0,10.0,1.0,25.0,1.0,,,,,
emerging,weight_373,44,0.9967582804792108,0.6363636363636364,3.0,"{""multiyear_growth"": 0.293387733041179, ""recent_growth"": 0.2469862972881426, ""trend"": 0.2379113559824504, ""quarter_consistency"": 0.10296610080047422, ""institution_expansion"": 0.11874851288775379}",0,9.0,0.8181818181818182,25.0,1.0,,,,,
emerging,weight_374,44,0.996335447498238,0.6363636363636364,4.0,"{""multiyear_growth"": 0.3150043635096943, ""recent_growth"": 0.21756121060201436, ""trend"": 0.23628724872004256, ""quarter_consistency"": 0.11720055390249341, ""institution_expansion"": 0.11394662326575543}",0,10.0,1.0,25.0,1.0,,,,,
emerging,weight_375,44,0.9942212825933756,0.5909090909090909,6.0,"{""multiyear_growth"": 0.4067109178979622, ""recent_growth"": 0.2247463817829399, ""trend"": 0.15817154986649032, ""quarter_consistency"": 0.10002064924003415, ""institution_expansion"": 0.11035050121257349}",0,10.0,1.0,25.0,1.0,,,,,
emerging,weight_376,44,0.998872445384073,0.2727272727272727,2.0,"{""multiyear_growth"": 0.3623161199866679, ""recent_growth"": 0.2619644347830807, ""trend"": 0.18232558531986792, ""quarter_consistency"": 0.09538822160463292, ""institution_expansion"": 0.0980056383057504}",0,10.0,1.0,25.0,1.0,,,,,
emerging,weight_377,44,0.999154334038055,0.2272727272727272,2.0,"{""multiyear_growth"": 0.3422740213103574, ""recent_growth"": 0.22740298050341398, ""trend"": 0.2237440483357468, ""quarter_consistency"": 0.10084533441998952, ""institution_expansion"": 0.10573361543049242}",0,10.0,1.0,25.0,1.0,,,,,
emerging,weight_378,44,0.999013389711064,0.2272727272727272,2.0,"{""multiyear_growth"": 0.36577885716876996, ""recent_growth"": 0.23687050878111326, ""trend"": 0.19308394989514258, ""quarter_consistency"": 0.10178846161440532, ""institution_expansion"": 0.10247822254056906}",0,10.0,1.0,25.0,1.0,,,,,
emerging,weight_379,44,0.9954897815362932,0.7727272727272727,3.0,"{""multiyear_growth"": 0.38037101156969993, ""recent_growth"": 0.1875198808979939, ""trend"": 0.22113294643054807, ""quarter_consistency"": 0.10006048425860965, ""institution_expansion"": 0.11091567684314844}",0,10.0,1.0,25.0,1.0,,,,,
emerging,weight_380,44,0.9980267794221284,0.4090909090909091,2.0,"{""multiyear_growth"": 0.3687084738036575, ""recent_growth"": 0.20854605685900268, ""trend"": 0.2219303433095919, ""quarter_consistency"": 0.09495118038071547, ""institution_expansion"": 0.10586394564703262}",0,10.0,1.0,25.0,1.0,,,,,
emerging,weight_381,44,0.9960535588442564,0.5909090909090909,4.0,"{""multiyear_growth"": 0.3737455649362626, ""recent_growth"": 0.26461811684212916, ""trend"": 0.1685598670422548, ""quarter_consistency"": 0.09132509760059745, ""institution_expansion"": 0.10175135357875598}",0,10.0,1.0,25.0,1.0,,,,,
emerging,weight_382,44,0.9976039464411556,0.3636363636363636,3.0,"{""multiyear_growth"": 0.3776281025208744, ""recent_growth"": 0.2460893884815329, ""trend"": 0.17074059690118765, ""quarter_consistency"": 0.10199821322412503, ""institution_expansion"": 0.10354369887228008}",0,10.0,1.0,25.0,1.0,,,,,
emerging,weight_383,44,0.998872445384073,0.2727272727272727,2.0,"{""multiyear_growth"": 0.3594671708251499, ""recent_growth"": 0.231417612442208, ""trend"": 0.21838464569396712, ""quarter_consistency"": 0.10256874421673613, ""institution_expansion"": 0.08816182682193893}",0,10.0,1.0,25.0,1.0,,,,,
emerging,weight_384,44,0.9980267794221284,0.4090909090909091,3.0,"{""multiyear_growth"": 0.3674788001067618, ""recent_growth"": 0.22060796619706177, ""trend"": 0.20139183774684935, ""quarter_consistency"": 0.10916709850908846, ""institution_expansion"": 0.10135429744023859}",0,10.0,1.0,25.0,1.0,,,,,
emerging,weight_385,44,0.9928118393234672,0.9090909090909092,6.0,"{""multiyear_growth"": 0.33287056505600865, ""recent_growth"": 0.24595741160612064, ""trend"": 0.18519013728752745, ""quarter_consistency"": 0.12671625087494454, ""institution_expansion"": 0.10926563517539874}",0,9.0,0.8181818181818182,25.0,1.0,,,,,
emerging,weight_386,44,0.9978858350951372,0.4090909090909091,3.0,"{""multiyear_growth"": 0.40177862961737587, ""recent_growth"": 0.22351767095368535, ""trend"": 0.18693362536999777, ""quarter_consistency"": 0.09916021641733475, ""institution_expansion"": 0.08860985764160637}",0,10.0,1.0,25.0,1.0,,,,,
emerging,weight_387,44,0.9978858350951372,0.3181818181818182,4.0,"{""multiyear_growth"": 0.40450974586565797, ""recent_growth"": 0.24442764942583625, ""trend"": 0.1665229959234127, ""quarter_consistency"": 0.1011240097786235, ""institution_expansion"": 0.08341559900646965}",0,10.0,1.0,25.0,1.0,,,,,
emerging,weight_388,44,0.9967582804792108,0.5909090909090909,3.0,"{""multiyear_growth"": 0.3687051882508972, ""recent_growth"": 0.2761965783925348, ""trend"": 0.1696170243723139, ""quarter_consistency"": 0.09950430937698185, ""institution_expansion"": 0.0859768996072722}",0,10.0,1.0,24.0,0.9230769230769232,,,,,
emerging,weight_389,44,0.99830866807611,0.3636363636363636,2.0,"{""multiyear_growth"": 0.3301247214352554, ""recent_growth"": 0.26002355136527616, ""trend"": 0.20349593144866343, ""quarter_consistency"": 0.10563753884537562, ""institution_expansion"": 0.10071825690542928}",0,9.0,0.8181818181818182,25.0,1.0,,,,,
emerging,weight_390,44,0.9950669485553204,0.6818181818181818,5.0,"{""multiyear_growth"": 0.27738647977708997, ""recent_growth"": 0.2876639046970057, ""trend"": 0.22703424214008466, ""quarter_consistency"": 0.10827524666725898, ""institution_expansion"": 0.09964012671856086}",0,9.0,0.8181818181818182,25.0,1.0,,,,,
emerging,weight_391,44,0.9949260042283298,0.6818181818181818,5.0,"{""multiyear_growth"": 0.31951449346486005, ""recent_growth"": 0.22686237396163508, ""trend"": 0.22504304682922738, ""quarter_consistency"": 0.1225829531571196, ""institution_expansion"": 0.10599713258715772}",0,10.0,1.0,25.0,1.0,,,,,
emerging,weight_392,44,0.9887244538407328,1.0909090909090908,6.0,"{""multiyear_growth"": 0.32121556311105265, ""recent_growth"": 0.2782173995801073, ""trend"": 0.170965857902005, ""quarter_consistency"": 0.1117911264642819, ""institution_expansion"": 0.11781005294255316}",0,9.0,0.8181818181818182,25.0,1.0,,,,,
emerging,weight_393,44,0.9942212825933756,0.7727272727272727,5.0,"{""multiyear_growth"": 0.2998400493598347, ""recent_growth"": 0.2729621937024702, ""trend"": 0.209569544936758, ""quarter_consistency"": 0.11126452779728055, ""institution_expansion"": 0.1063636842036566}",0,9.0,0.8181818181818182,25.0,1.0,,,,,
emerging,weight_394,44,0.9956307258632838,0.9090909090909092,2.0,"{""multiyear_growth"": 0.3135080254486908, ""recent_growth"": 0.2960551744827157, ""trend"": 0.2193477367461181, ""quarter_consistency"": 0.08434891109334991, ""institution_expansion"": 0.08674015222912569}",0,9.0,0.8181818181818182,24.0,0.9230769230769232,,,,,
emerging,weight_395,44,0.9953488372093025,0.6363636363636364,5.0,"{""multiyear_growth"": 0.3768015278543831, ""recent_growth"": 0.2540665289681634, ""trend"": 0.1734304191112115, ""quarter_consistency"": 0.11389429865300658, ""institution_expansion"": 0.08180722541323551}",0,10.0,1.0,25.0,1.0,,,,,
emerging,weight_396,44,0.9933756166314304,0.8636363636363636,6.0,"{""multiyear_growth"": 0.33917347243922796, ""recent_growth"": 0.23417603587987296, ""trend"": 0.1958772406745253, ""quarter_consistency"": 0.09473107430521571, ""institution_expansion"": 0.13604217670115798}",0,9.0,0.8181818181818182,25.0,1.0,,,,,
emerging,weight_397,44,0.9936575052854122,0.7272727272727273,5.0,"{""multiyear_growth"": 0.34420990272467844, ""recent_growth"": 0.22607783096662235, ""trend"": 0.2026029018526131, ""quarter_consistency"": 0.12151557279047516, ""institution_expansion"": 0.10559379166561093}",0,10.0,1.0,25.0,1.0,,,,,
emerging,weight_398,44,0.9976039464411556,0.5454545454545454,2.0,"{""multiyear_growth"": 0.39869156643600706, ""recent_growth"": 0.24154840144653988, ""trend"": 0.1833000501085902, ""quarter_consistency"": 0.0840003077345697, ""institution_expansion"": 0.09245967427429302}",0,10.0,1.0,25.0,1.0,,,,,
emerging,weight_399,44,0.9909795630725864,1.0454545454545454,6.0,"{""multiyear_growth"": 0.2806427635340226, ""recent_growth"": 0.2902578132481468, ""trend"": 0.19995354298106743, ""quarter_consistency"": 0.1131193298943187, ""institution_expansion"": 0.11602655034244451}",0,9.0,0.8181818181818182,25.0,1.0,,,,,
emerging,weight_400,44,0.9966173361522196,0.5454545454545454,4.0,"{""multiyear_growth"": 0.31657119896509206, ""recent_growth"": 0.27203082061769607, ""trend"": 0.20876469762414906, ""quarter_consistency"": 0.10199045943938627, ""institution_expansion"": 0.10064282335367647}",0,9.0,0.8181818181818182,25.0,1.0,,,,,
emerging,weight_401,44,0.9981677237491192,0.4545454545454545,2.0,"{""multiyear_growth"": 0.3786392206044628, ""recent_growth"": 0.2360784595046494, ""trend"": 0.20819824504370285, ""quarter_consistency"": 0.09028321718203458, ""institution_expansion"": 0.08680085766515028}",0,10.0,1.0,25.0,1.0,,,,,
emerging,weight_402,44,0.9971811134601832,0.6363636363636364,2.0,"{""multiyear_growth"": 0.33838853603786107, ""recent_growth"": 0.2772517427892924, ""trend"": 0.20796909149381673, ""quarter_consistency"": 0.09255135789198879, ""institution_expansion"": 0.08383927178704093}",0,9.0,0.8181818181818182,25.0,1.0,,,,,
emerging,weight_403,44,0.99830866807611,0.3636363636363636,3.0,"{""multiyear_growth"": 0.3380615302015357, ""recent_growth"": 0.21849461896634556, ""trend"": 0.22592465593058972, ""quarter_consistency"": 0.10691006839780556, ""institution_expansion"": 0.1106091265037236}",0,10.0,1.0,25.0,1.0,,,,,
emerging,weight_404,44,0.9942212825933756,0.6818181818181818,5.0,"{""multiyear_growth"": 0.3213593523558698, ""recent_growth"": 0.23585328016040957, ""trend"": 0.20980715270919137, ""quarter_consistency"": 0.12635280189950396, ""institution_expansion"": 0.10662741287502533}",0,10.0,1.0,25.0,1.0,,,,,
emerging,weight_405,44,0.9997181113460184,0.0909090909090909,1.0,"{""multiyear_growth"": 0.3584519153986413, ""recent_growth"": 0.2454877413695428, ""trend"": 0.20199037357350638, ""quarter_consistency"": 0.09993188840125719, ""institution_expansion"": 0.09413808125705224}",0,10.0,1.0,25.0,1.0,,,,,
emerging,weight_406,44,0.994644115574348,0.7272727272727273,4.0,"{""multiyear_growth"": 0.32141323586558923, ""recent_growth"": 0.290436432729303, ""trend"": 0.18603857234776, ""quarter_consistency"": 0.10586925844733942, ""institution_expansion"": 0.09624250061000841}",0,9.0,0.8181818181818182,25.0,1.0,,,,,
emerging,weight_407,44,0.999013389711064,0.2272727272727272,2.0,"{""multiyear_growth"": 0.37188606103561667, ""recent_growth"": 0.23345173814644055, ""trend"": 0.19288355724495188, ""quarter_consistency"": 0.10133311123582665, ""institution_expansion"": 0.10044553233716418}",0,10.0,1.0,25.0,1.0,,,,,
emerging,weight_408,44,0.9977448907681464,0.5,2.0,"{""multiyear_growth"": 0.39043300167362616, ""recent_growth"": 0.264532032288606, ""trend"": 0.1732255227481678, ""quarter_consistency"": 0.08891358936481496, ""institution_expansion"": 0.08289585392478509}",0,10.0,1.0,24.0,0.9230769230769232,,,,,
emerging,weight_409,44,0.997322057787174,0.4545454545454545,3.0,"{""multiyear_growth"": 0.3845625907001303, ""recent_growth"": 0.21204663293821543, ""trend"": 0.19254691182159528, ""quarter_consistency"": 0.10469114826238082, ""institution_expansion"": 0.10615271627767804}",0,10.0,1.0,25.0,1.0,,,,,
emerging,weight_410,44,0.9981677237491192,0.4545454545454545,2.0,"{""multiyear_growth"": 0.32153559294948103, ""recent_growth"": 0.23500285669409585, ""trend"": 0.24905425442535348, ""quarter_consistency"": 0.10251129222110945, ""institution_expansion"": 0.09189600370996018}",0,10.0,1.0,25.0,1.0,,,,,
emerging,weight_411,44,0.9970401691331924,0.6363636363636364,3.0,"{""multiyear_growth"": 0.36175871853026015, ""recent_growth"": 0.2681038128466698, ""trend"": 0.20570989430681547, ""quarter_consistency"": 0.08809482090441145, ""institution_expansion"": 0.0763327534118432}",0,9.0,0.8181818181818182,25.0,1.0,,,,,
emerging,weight_412,44,0.9976039464411556,0.5454545454545454,2.0,"{""multiyear_growth"": 0.3605700489426557, ""recent_growth"": 0.2615214225862607, ""trend"": 0.20723243121152382, ""quarter_consistency"": 0.09096200409222445, ""institution_expansion"": 0.0797140931673353}",0,10.0,1.0,25.0,1.0,,,,,
emerging,weight_413,44,0.9961945031712474,0.7272727272727273,4.0,"{""multiyear_growth"": 0.35105156157052586, ""recent_growth"": 0.25032720514926365, ""trend"": 0.2288596182506415, ""quarter_consistency"": 0.08150802123524474, ""institution_expansion"": 0.08825359379432424}",0,10.0,1.0,25.0,1.0,,,,,
emerging,weight_414,44,0.9968992248062016,0.5454545454545454,3.0,"{""multiyear_growth"": 0.3415971340509468, ""recent_growth"": 0.27472964284709894, ""trend"": 0.20191139328888524, ""quarter_consistency"": 0.10239786038174897, ""institution_expansion"": 0.07936396943132012}",0,10.0,1.0,25.0,1.0,,,,,
emerging,weight_415,44,0.999154334038055,0.2272727272727272,2.0,"{""multiyear_growth"": 0.3323533909044961, ""recent_growth"": 0.2425426160328896, ""trend"": 0.22547810384967468, ""quarter_consistency"": 0.0949656385172353, ""institution_expansion"": 0.1046602506957042}",0,10.0,1.0,25.0,1.0,,,,,
emerging,weight_416,44,0.9974630021141648,0.5,2.0,"{""multiyear_growth"": 0.3791387757924962, ""recent_growth"": 0.27477599464170865, ""trend"": 0.17521169387988336, ""quarter_consistency"": 0.09036075427638887, ""institution_expansion"": 0.08051278140952288}",0,10.0,1.0,24.0,0.9230769230769232,,,,,
emerging,weight_417,44,0.9970401691331924,0.5454545454545454,3.0,"{""multiyear_growth"": 0.3718497905062008, ""recent_growth"": 0.24612887370808834, ""trend"": 0.1940507493962927, ""quarter_consistency"": 0.11046073798319167, ""institution_expansion"": 0.07750984840622649}",0,10.0,1.0,25.0,1.0,,,,,
emerging,weight_418,44,0.99830866807611,0.3636363636363636,2.0,"{""multiyear_growth"": 0.3527803242749415, ""recent_growth"": 0.26328761880734664, ""trend"": 0.18747933484406437, ""quarter_consistency"": 0.0939261238118262, ""institution_expansion"": 0.1025265982618213}",0,10.0,1.0,25.0,1.0,,,,,
emerging,weight_419,44,0.9981677237491192,0.5,2.0,"{""multiyear_growth"": 0.342683378117803, ""recent_growth"": 0.2602777859735418, ""trend"": 0.2169450401283113, ""quarter_consistency"": 0.08257318896699212, ""institution_expansion"": 0.09752060681335187}",0,10.0,1.0,25.0,1.0,,,,,
emerging,weight_420,44,0.9954897815362932,0.7272727272727273,3.0,"{""multiyear_growth"": 0.38964065543463394, ""recent_growth"": 0.19692496287418898, ""trend"": 0.22080146370551007, ""quarter_consistency"": 0.08600787491903296, ""institution_expansion"": 0.10662504306663426}",0,10.0,1.0,25.0,1.0,,,,,
emerging,weight_421,44,0.9949260042283298,0.9090909090909092,4.0,"{""multiyear_growth"": 0.2951193674143212, ""recent_growth"": 0.27272780343709074, ""trend"": 0.22717578940734887, ""quarter_consistency"": 0.08624523239252975, ""institution_expansion"": 0.11873180734870961}",0,9.0,0.8181818181818182,25.0,1.0,,,,,
emerging,weight_422,44,0.9961945031712474,0.5454545454545454,4.0,"{""multiyear_growth"": 0.40145356686907907, ""recent_growth"": 0.22166211773253514, ""trend"": 0.17532598704829297, ""quarter_consistency"": 0.111888716162242, ""institution_expansion"": 0.08966961218785072}",0,10.0,1.0,25.0,1.0,,,,,
emerging,weight_423,44,0.9960535588442564,0.5,5.0,"{""multiyear_growth"": 0.3460972030920018, ""recent_growth"": 0.256427695998505, ""trend"": 0.18151275526794822, ""quarter_consistency"": 0.10649094705119623, ""institution_expansion"": 0.10947139859034871}",0,9.0,0.8181818181818182,25.0,1.0,,,,,
emerging,weight_424,44,0.9956307258632838,0.7727272727272727,3.0,"{""multiyear_growth"": 0.4074732162547886, ""recent_growth"": 0.21518960074778373, ""trend"": 0.18747768299849316, ""quarter_consistency"": 0.08149378483598967, ""institution_expansion"": 0.10836571516294474}",0,10.0,1.0,25.0,1.0,,,,,
emerging,weight_425,44,0.9953488372093025,0.6363636363636364,4.0,"{""multiyear_growth"": 0.34162771198169667, ""recent_growth"": 0.23139793174999065, ""trend"": 0.19913048981356885, ""quarter_consistency"": 0.10507625590388661, ""institution_expansion"": 0.12276761055085719}",0,10.0,1.0,25.0,1.0,,,,,
emerging,weight_426,44,0.9961945031712474,0.7272727272727273,3.0,"{""multiyear_growth"": 0.3800374777432541, ""recent_growth"": 0.23789307318011507, ""trend"": 0.18740575540995816, ""quarter_consistency"": 0.07936664773543863, ""institution_expansion"": 0.11529704593123404}",0,10.0,1.0,25.0,1.0,,,,,
emerging,weight_427,44,0.99830866807611,0.3636363636363636,2.0,"{""multiyear_growth"": 0.3374684181174521, ""recent_growth"": 0.2597749544121545, ""trend"": 0.20254177422371888, ""quarter_consistency"": 0.10476604987694235, ""institution_expansion"": 0.09544880336973219}",0,10.0,1.0,25.0,1.0,,,,,
emerging,weight_428,44,0.9980267794221284,0.4545454545454545,2.0,"{""multiyear_growth"": 0.33625891575331984, ""recent_growth"": 0.2666060359464245, ""trend"": 0.21780494305679185, ""quarter_consistency"": 0.08975643097921437, ""institution_expansion"": 0.08957367426424949}",0,10.0,1.0,25.0,1.0,,,,,
emerging,weight_429,44,0.9985905567300916,0.3181818181818182,2.0,"{""multiyear_growth"": 0.38352569524953034, ""recent_growth"": 0.2250374608726857, ""trend"": 0.19931373030787833, ""quarter_consistency"": 0.09897902934292727, ""institution_expansion"": 0.09314408422697827}",0,10.0,1.0,25.0,1.0,,,,,
emerging,weight_430,44,0.9960535588442564,0.7272727272727273,3.0,"{""multiyear_growth"": 0.3881180968378657, ""recent_growth"": 0.21699345901569322, ""trend"": 0.20081860056056627, ""quarter_consistency"": 0.08371906677229947, ""institution_expansion"": 0.11035077681357544}",0,10.0,1.0,25.0,1.0,,,,,
emerging,weight_431,44,0.9959126145172658,0.8181818181818182,3.0,"{""multiyear_growth"": 0.3532053157136344, ""recent_growth"": 0.2679893767562853, ""trend"": 0.2009503475251771, ""quarter_consistency"": 0.07670074498234311, ""institution_expansion"": 0.10115421502256}",0,10.0,1.0,24.0,0.9230769230769232,,,,,
emerging,weight_432,44,0.9961945031712474,0.5,4.0,"{""multiyear_growth"": 0.363000516978906, ""recent_growth"": 0.24832715680458683, ""trend"": 0.1735704634815655, ""quarter_consistency"": 0.105547443015372, ""institution_expansion"": 0.10955441971956965}",0,10.0,1.0,25.0,1.0,,,,,
emerging,weight_433,44,0.9981677237491192,0.3636363636363636,3.0,"{""multiyear_growth"": 0.3893002876663428, ""recent_growth"": 0.218244649030365, ""trend"": 0.2047151427545384, ""quarter_consistency"": 0.09861257092034378, ""institution_expansion"": 0.08912734962840997}",0,10.0,1.0,25.0,1.0,,,,,
emerging,weight_434,44,0.9953488372093025,0.8636363636363636,3.0,"{""multiyear_growth"": 0.35881564931142274, ""recent_growth"": 0.21052295358383138, ""trend"": 0.23427069019477206, ""quarter_consistency"": 0.08466298721951494, ""institution_expansion"": 0.11172771969045887}",0,10.0,1.0,25.0,1.0,,,,,
emerging,weight_435,44,0.9976039464411556,0.5454545454545454,2.0,"{""multiyear_growth"": 0.3656515727946274, ""recent_growth"": 0.2554464841317223, ""trend"": 0.19600092412889852, ""quarter_consistency"": 0.08514105909727197, ""institution_expansion"": 0.09775995984747982}",0,10.0,1.0,25.0,1.0,,,,,
emerging,weight_436,44,0.9905567300916136,0.9090909090909092,6.0,"{""multiyear_growth"": 0.35782545340870864, ""recent_growth"": 0.2345758392549657, ""trend"": 0.17579852736461624, ""quarter_consistency"": 0.1168448179967553, ""institution_expansion"": 0.11495536197495403}",0,10.0,1.0,25.0,1.0,,,,,
emerging,weight_437,44,0.9909795630725864,1.0,6.0,"{""multiyear_growth"": 0.3221559822642717, ""recent_growth"": 0.2355066756483477, ""trend"": 0.19727506353068078, ""quarter_consistency"": 0.11426944133328475, ""institution_expansion"": 0.130792837223415}",0,9.0,0.8181818181818182,25.0,1.0,,,,,
emerging,weight_438,44,0.9952078928823116,0.6818181818181818,4.0,"{""multiyear_growth"": 0.31842316267805476, ""recent_growth"": 0.27042678081135013, ""trend"": 0.19622969315641375, ""quarter_consistency"": 0.10161872214910402, ""institution_expansion"": 0.11330164120507728}",0,9.0,0.8181818181818182,25.0,1.0,,,,,
emerging,weight_439,44,0.999154334038055,0.2272727272727272,2.0,"{""multiyear_growth"": 0.33498498668455196, ""recent_growth"": 0.2594435993666643, ""trend"": 0.20557029162066795, ""quarter_consistency"": 0.09521971934839743, ""institution_expansion"": 0.10478140297971841}",0,9.0,0.8181818181818182,25.0,1.0,,,,,
emerging,weight_440,44,0.9970401691331924,0.4545454545454545,4.0,"{""multiyear_growth"": 0.34438137944019936, ""recent_growth"": 0.24384882225334073, ""trend"": 0.2051905623060765, ""quarter_consistency"": 0.11306170481234734, ""institution_expansion"": 0.09351753118803609}",0,10.0,1.0,25.0,1.0,,,,,
emerging,weight_441,44,0.9960535588442564,0.8181818181818182,3.0,"{""multiyear_growth"": 0.37051585303591184, ""recent_growth"": 0.27720624009092554, ""trend"": 0.18488493835495687, ""quarter_consistency"": 0.07866519893128697, ""institution_expansion"": 0.08872776958691882}",0,10.0,1.0,24.0,0.9230769230769232,,,,,
emerging,weight_442,44,0.9980267794221284,0.3181818181818182,3.0,"{""multiyear_growth"": 0.3428960083488085, ""recent_growth"": 0.26158054669583836, ""trend"": 0.20374948015905658, ""quarter_consistency"": 0.1044635476623237, ""institution_expansion"": 0.08731041713397275}",0,10.0,1.0,25.0,1.0,,,,,
emerging,weight_443,44,0.9961945031712474,0.5909090909090909,4.0,"{""multiyear_growth"": 0.3044477783306623, ""recent_growth"": 0.2748559031803594, ""trend"": 0.21318235210907466, ""quarter_consistency"": 0.09876467264578093, ""institution_expansion"": 0.10874929373412269}",0,9.0,0.8181818181818182,25.0,1.0,,,,,
emerging,weight_444,44,0.9971811134601832,0.5909090909090909,3.0,"{""multiyear_growth"": 0.3793586665490981, ""recent_growth"": 0.22220335207180777, ""trend"": 0.21999785244159767, ""quarter_consistency"": 0.09129153553310401, ""institution_expansion"": 0.08714859340439236}",0,10.0,1.0,25.0,1.0,,,,,
emerging,weight_445,44,0.9998590556730091,0.0454545454545454,1.0,"{""multiyear_growth"": 0.3399699510302199, ""recent_growth"": 0.24063273747603164, ""trend"": 0.22154055068897405, ""quarter_consistency"": 0.09916835511666994, ""institution_expansion"": 0.0986884056881045}",0,10.0,1.0,25.0,1.0,,,,,
emerging,weight_446,44,0.9954897815362932,0.7272727272727273,4.0,"{""multiyear_growth"": 0.3032947635905886, ""recent_growth"": 0.2711124005601171, ""trend"": 0.23120926214279958, ""quarter_consistency"": 0.10767320276154356, ""institution_expansion"": 0.08671037094495128}",0,9.0,0.8181818181818182,25.0,1.0,,,,,
emerging,weight_447,44,0.9932346723044396,0.8636363636363636,6.0,"{""multiyear_growth"": 0.39886023571295826, ""recent_growth"": 0.19519316484932236, ""trend"": 0.20567044495309064, ""quarter_consistency"": 0.10785618255929987, ""institution_expansion"": 0.09241997192532875}",0,10.0,1.0,25.0,1.0,,,,,
emerging,weight_448,44,0.993939393939394,0.6818181818181818,5.0,"{""multiyear_growth"": 0.33091854594183534, ""recent_growth"": 0.23270494002956985, ""trend"": 0.21601372161612092, ""quarter_consistency"": 0.12744746786759836, ""institution_expansion"": 0.09291532454487555}",0,10.0,1.0,25.0,1.0,,,,,
emerging,weight_449,44,0.9971811134601832,0.5909090909090909,2.0,"{""multiyear_growth"": 0.38101042566974963, ""recent_growth"": 0.2742973724571807, ""trend"": 0.18519776940332172, ""quarter_consistency"": 0.08361987275044927, ""institution_expansion"": 0.07587455971929881}",0,10.0,1.0,24.0,0.9230769230769232,,,,,
emerging,weight_450,44,0.9933756166314304,0.7727272727272727,6.0,"{""multiyear_growth"": 0.3526744582655388, ""recent_growth"": 0.24629433993715683, ""trend"": 0.18172964232761213, ""quarter_consistency"": 0.0936620096533922, ""institution_expansion"": 0.1256395498163001}",0,9.0,0.8181818181818182,25.0,1.0,,,,,
emerging,weight_451,44,0.9978858350951372,0.5,2.0,"{""multiyear_growth"": 0.35582397242301894, ""recent_growth"": 0.2537240699932403, ""trend"": 0.19307146083864563, ""quarter_consistency"": 0.08729049969076354, ""institution_expansion"": 0.11008999705433153}",0,10.0,1.0,25.0,1.0,,,,,
emerging,weight_452,44,0.9943622269203664,0.6363636363636364,5.0,"{""multiyear_growth"": 0.3766487473578328, ""recent_growth"": 0.23536482039999534, ""trend"": 0.17122485494806675, ""quarter_consistency"": 0.10845361338298816, ""institution_expansion"": 0.10830796391111698}",0,10.0,1.0,25.0,1.0,,,,,
emerging,weight_453,44,0.9967582804792108,0.6818181818181818,3.0,"{""multiyear_growth"": 0.35811039235840814, ""recent_growth"": 0.2710599544423059, ""trend"": 0.20805234124643374, ""quarter_consistency"": 0.0869963713744551, ""institution_expansion"": 0.07578094057839714}",0,9.0,0.8181818181818182,24.0,0.9230769230769232,,,,,
emerging,weight_454,44,0.9961945031712474,0.7727272727272727,3.0,"{""multiyear_growth"": 0.3833640413196212, ""recent_growth"": 0.26402953210828994, ""trend"": 0.1757388172115919, ""quarter_consistency"": 0.07702336126343454, ""institution_expansion"": 0.0998442480970624}",0,10.0,1.0,24.0,0.9230769230769232,,,,,
emerging,weight_455,44,0.9932346723044396,0.8181818181818182,5.0,"{""multiyear_growth"": 0.3706518399321336, ""recent_growth"": 0.2292293250151878, ""trend"": 0.1804869982283135, ""quarter_consistency"": 0.12342344842893697, ""institution_expansion"": 0.09620838839542818}",0,10.0,1.0,25.0,1.0,,,,,
emerging,weight_456,44,0.9980267794221284,0.5,2.0,"{""multiyear_growth"": 0.32785740782698947, ""recent_growth"": 0.27026986278322707, ""trend"": 0.21911101423284468, ""quarter_consistency"": 0.09406350379655572, ""institution_expansion"": 0.08869821136038317}",0,10.0,1.0,25.0,1.0,,,,,
emerging,weight_457,44,0.9981677237491192,0.4545454545454545,2.0,"{""multiyear_growth"": 0.34170057109407487, ""recent_growth"": 0.25253009327231857, ""trend"": 0.2212530597918035, ""quarter_consistency"": 0.08969106207305436, ""institution_expansion"": 0.09482521376874874}",0,10.0,1.0,25.0,1.0,,,,,
emerging,weight_458,44,0.993939393939394,0.6818181818181818,5.0,"{""multiyear_growth"": 0.3884809962233008, ""recent_growth"": 0.218593895909538, ""trend"": 0.1787820650334384, ""quarter_consistency"": 0.11911257844084265, ""institution_expansion"": 0.09503046439288014}",0,10.0,1.0,25.0,1.0,,,,,
emerging,weight_459,44,0.9967582804792108,0.6818181818181818,2.0,"{""multiyear_growth"": 0.3835737332036839, ""recent_growth"": 0.26884775953245954, ""trend"": 0.1755025151690249, ""quarter_consistency"": 0.08025048491423772, ""institution_expansion"": 0.09182550718059412}",0,10.0,1.0,24.0,0.9230769230769232,,,,,
emerging,weight_460,44,0.9957716701902748,0.8181818181818182,3.0,"{""multiyear_growth"": 0.3808325329153339, ""recent_growth"": 0.23913741997868992, ""trend"": 0.20044489198834897, ""quarter_consistency"": 0.07597946870860307, ""institution_expansion"": 0.1036056864090242}",0,10.0,1.0,25.0,1.0,,,,,
emerging,weight_461,44,0.997322057787174,0.5909090909090909,2.0,"{""multiyear_growth"": 0.4013367111264047, ""recent_growth"": 0.26180258684351343, ""trend"": 0.16828656731455155, ""quarter_consistency"": 0.08376421413683088, ""institution_expansion"": 0.08480992057869936}",0,10.0,1.0,24.0,0.9230769230769232,,,,,
emerging,weight_462,44,0.9956307258632838,0.5909090909090909,5.0,"{""multiyear_growth"": 0.3944491760509413, ""recent_growth"": 0.2129652852527796, ""trend"": 0.21252214152739582, ""quarter_consistency"": 0.09983039169442016, ""institution_expansion"": 0.08023300547446315}",0,10.0,1.0,25.0,1.0,,,,,
emerging,weight_463,44,0.9933756166314304,0.7272727272727273,6.0,"{""multiyear_growth"": 0.338002588310144, ""recent_growth"": 0.257555159008192, ""trend"": 0.18132777934928537, ""quarter_consistency"": 0.11406433440511328, ""institution_expansion"": 0.10905013892726531}",0,9.0,0.8181818181818182,25.0,1.0,,,,,
emerging,weight_464,44,0.9945031712473572,0.7272727272727273,4.0,"{""multiyear_growth"": 0.3247129382642469, ""recent_growth"": 0.27055173126121457, ""trend"": 0.19954909999554996, ""quarter_consistency"": 0.11364150436455667, ""institution_expansion"": 0.09154472611443197}",0,9.0,0.8181818181818182,25.0,1.0,,,,,
emerging,weight_465,44,0.9968992248062016,0.6818181818181818,3.0,"{""multiyear_growth"": 0.2948259817416, ""recent_growth"": 0.2556494384054568, ""trend"": 0.2381290150548455, ""quarter_consistency"": 0.09135035556138256, ""institution_expansion"": 0.12004520923671512}",0,9.0,0.8181818181818182,25.0,1.0,,,,,
emerging,weight_466,44,0.9967582804792108,0.4545454545454545,4.0,"{""multiyear_growth"": 0.4007364056282403, ""recent_growth"": 0.22581982855701732, ""trend"": 0.17097718827580316, ""quarter_consistency"": 0.10557256029520426, ""institution_expansion"": 0.09689401724373493}",0,10.0,1.0,25.0,1.0,,,,,
emerging,weight_467,44,0.9976039464411556,0.5,3.0,"{""multiyear_growth"": 0.35843438865968064, ""recent_growth"": 0.2195311418120434, ""trend"": 0.2247052226730125, ""quarter_consistency"": 0.10520661464678681, ""institution_expansion"": 0.09212263220847657}",0,10.0,1.0,25.0,1.0,,,,,
emerging,weight_468,44,0.996476391825229,0.5,4.0,"{""multiyear_growth"": 0.3334630135338196, ""recent_growth"": 0.22119418390636136, ""trend"": 0.25164750968127203, ""quarter_consistency"": 0.10098148681437565, ""institution_expansion"": 0.09271380606417133}",0,10.0,1.0,25.0,1.0,,,,,
emerging,weight_469,44,0.9959126145172658,0.8181818181818182,3.0,"{""multiyear_growth"": 0.3304580608195929, ""recent_growth"": 0.27235274574834695, ""trend"": 0.21877138154261505, ""quarter_consistency"": 0.07376602060566964, ""institution_expansion"": 0.1046517912837754}",0,9.0,0.8181818181818182,24.0,0.9230769230769232,,,,,
emerging,weight_470,44,0.9970401691331924,0.5454545454545454,3.0,"{""multiyear_growth"": 0.3604708244329177, ""recent_growth"": 0.2216649577235454, ""trend"": 0.22609918570921717, ""quarter_consistency"": 0.10714328931396905, ""institution_expansion"": 0.08462174282035072}",0,10.0,1.0,25.0,1.0,,,,,
emerging,weight_471,44,0.991261451726568,1.0,6.0,"{""multiyear_growth"": 0.3145302762033783, ""recent_growth"": 0.2739608901688106, ""trend"": 0.1816626580614215, ""quarter_consistency"": 0.12332896622281535, ""institution_expansion"": 0.10651720934357435}",0,9.0,0.8181818181818182,25.0,1.0,,,,,
emerging,weight_472,44,0.9935165609584212,0.8181818181818182,6.0,"{""multiyear_growth"": 0.31880581892966137, ""recent_growth"": 0.23989813185702566, ""trend"": 0.20319381279911256, ""quarter_consistency"": 0.12675121352376761, ""institution_expansion"": 0.11135102289043282}",0,9.0,0.8181818181818182,25.0,1.0,,,,,
emerging,weight_473,44,0.999154334038055,0.2272727272727272,2.0,"{""multiyear_growth"": 0.3316098680823758, ""recent_growth"": 0.2444005429314721, ""trend"": 0.21829788986495058, ""quarter_consistency"": 0.10596170852514863, ""institution_expansion"": 0.09972999059605285}",0,10.0,1.0,25.0,1.0,,,,,
emerging,weight_474,44,0.992952783650458,0.7727272727272727,6.0,"{""multiyear_growth"": 0.385167300219814, ""recent_growth"": 0.20154586889857642, ""trend"": 0.18381669934885345, ""quarter_consistency"": 0.11280066785026524, ""institution_expansion"": 0.116669463682491}",0,10.0,1.0,25.0,1.0,,,,,
emerging,weight_475,44,0.9959126145172658,0.5454545454545454,4.0,"{""multiyear_growth"": 0.3441629592609454, ""recent_growth"": 0.25210256138960285, ""trend"": 0.1902543665431774, ""quarter_consistency"": 0.11197859700833841, ""institution_expansion"": 0.10150151579793593}",0,10.0,1.0,25.0,1.0,,,,,
emerging,weight_476,44,0.9940803382663848,0.5909090909090909,6.0,"{""multiyear_growth"": 0.3881286737255792, ""recent_growth"": 0.21990908595923672, ""trend"": 0.170123117895483, ""quarter_consistency"": 0.09829064991413317, ""institution_expansion"": 0.12354847250556802}",0,10.0,1.0,25.0,1.0,,,,,
emerging,weight_477,44,0.9976039464411556,0.5909090909090909,2.0,"{""multiyear_growth"": 0.3600376698522052, ""recent_growth"": 0.28034819020429286, ""trend"": 0.1880931441313759, ""quarter_consistency"": 0.0841422243269584, ""institution_expansion"": 0.08737877148516762}",0,10.0,1.0,24.0,0.9230769230769232,,,,,
emerging,weight_478,44,0.9940803382663848,0.6363636363636364,6.0,"{""multiyear_growth"": 0.3702294001142486, ""recent_growth"": 0.22073446614846853, ""trend"": 0.22514393010033645, ""quarter_consistency"": 0.10743197976071178, ""institution_expansion"": 0.07646022387623455}",0,10.0,1.0,25.0,1.0,,,,,
emerging,weight_479,44,0.9974630021141648,0.5,3.0,"{""multiyear_growth"": 0.3475297188171401, ""recent_growth"": 0.27545971845323314, ""trend"": 0.18509128136608533, ""quarter_consistency"": 0.0959783610061108, ""institution_expansion"": 0.09594092035743049}",0,9.0,0.8181818181818182,25.0,1.0,,,,,
emerging,weight_480,44,0.9959126145172658,0.5454545454545454,4.0,"{""multiyear_growth"": 0.3139643559758199, ""recent_growth"": 0.2633189029180356, ""trend"": 0.21443810874312277, ""quarter_consistency"": 0.1147196078597989, ""institution_expansion"": 0.0935590245032228}",0,9.0,0.8181818181818182,25.0,1.0,,,,,
emerging,weight_481,44,0.9984496124031008,0.3636363636363636,2.0,"{""multiyear_growth"": 0.3144759472139113, ""recent_growth"": 0.2533686114686151, ""trend"": 0.24050321189035184, ""quarter_consistency"": 0.09875551993201744, ""institution_expansion"": 0.09289670949510437}",0,10.0,1.0,25.0,1.0,,,,,
emerging,weight_482,44,0.9967582804792108,0.5454545454545454,3.0,"{""multiyear_growth"": 0.4171829025176672, ""recent_growth"": 0.21560497658327082, ""trend"": 0.1856145237827268, ""quarter_consistency"": 0.09864260386546762, ""institution_expansion"": 0.08295499325086754}",0,10.0,1.0,25.0,1.0,,,,,
emerging,weight_483,44,0.9943622269203664,0.8636363636363636,4.0,"{""multiyear_growth"": 0.37493415534752345, ""recent_growth"": 0.2807288380532802, ""trend"": 0.16004364072902122, ""quarter_consistency"": 0.08590560964968808, ""institution_expansion"": 0.09838775622048708}",0,9.0,0.8181818181818182,24.0,0.9230769230769232,,,,,
emerging,weight_484,44,0.9967582804792108,0.6363636363636364,3.0,"{""multiyear_growth"": 0.37325922540686923, ""recent_growth"": 0.22453281292136273, ""trend"": 0.20345390544060007, ""quarter_consistency"": 0.08811908925249552, ""institution_expansion"": 0.11063496697867248}",0,10.0,1.0,25.0,1.0,,,,,
emerging,weight_485,44,0.9967582804792108,0.6818181818181818,3.0,"{""multiyear_growth"": 0.415843525051986, ""recent_growth"": 0.2172302225745359, ""trend"": 0.1853272699595727, ""quarter_consistency"": 0.08878108691551971, ""institution_expansion"": 0.0928178954983856}",0,10.0,1.0,25.0,1.0,,,,,
emerging,weight_486,44,0.9950669485553204,0.7272727272727273,4.0,"{""multiyear_growth"": 0.3593591740661497, ""recent_growth"": 0.19752253814954118, ""trend"": 0.2178338924914672, ""quarter_consistency"": 0.11498728483442715, ""institution_expansion"": 0.11029711045841491}",0,10.0,1.0,25.0,1.0,,,,,
emerging,weight_487,44,0.9925299506694856,0.8636363636363636,5.0,"{""multiyear_growth"": 0.33204213315758085, ""recent_growth"": 0.21905216522261398, ""trend"": 0.20616972314866713, ""quarter_consistency"": 0.12328536099393499, ""institution_expansion"": 0.11945061747720313}",0,10.0,1.0,25.0,1.0,,,,,
emerging,weight_488,44,0.9985905567300916,0.3181818181818182,2.0,"{""multiyear_growth"": 0.313853788334506, ""recent_growth"": 0.2582698648270277, ""trend"": 0.23097594847947392, ""quarter_consistency"": 0.10247466093780083, ""institution_expansion"": 0.0944257374211916}",0,9.0,0.8181818181818182,25.0,1.0,,,,,
emerging,weight_489,44,0.9974630021141648,0.5,4.0,"{""multiyear_growth"": 0.33167935182893393, ""recent_growth"": 0.2337494960673117, ""trend"": 0.21162519091470003, ""quarter_consistency"": 0.10386552441782405, ""institution_expansion"": 0.11908043677123024}",0,9.0,0.8181818181818182,25.0,1.0,,,,,
emerging,weight_490,44,0.9967582804792108,0.5909090909090909,3.0,"{""multiyear_growth"": 0.36714276940834356, ""recent_growth"": 0.2753211958124108, ""trend"": 0.1814752835813755, ""quarter_consistency"": 0.10045995443938265, ""institution_expansion"": 0.07560079675848738}",0,10.0,1.0,24.0,0.9230769230769232,,,,,
emerging,weight_491,44,0.9940803382663848,0.8181818181818182,6.0,"{""multiyear_growth"": 0.3466081372045369, ""recent_growth"": 0.23807297997620602, ""trend"": 0.1961736030189285, ""quarter_consistency"": 0.09118277367187058, ""institution_expansion"": 0.12796250612845803}",0,9.0,0.8181818181818182,25.0,1.0,,,,,
emerging,weight_492,44,0.9984496124031008,0.3181818181818182,2.0,"{""multiyear_growth"": 0.3262212565880439, ""recent_growth"": 0.24748838214553617, ""trend"": 0.21231075623834744, ""quarter_consistency"": 0.10510514670701054, ""institution_expansion"": 0.10887445832106184}",0,9.0,0.8181818181818182,25.0,1.0,,,,,
emerging,weight_493,44,0.9985905567300916,0.3636363636363636,2.0,"{""multiyear_growth"": 0.33303071479098606, ""recent_growth"": 0.22209235948052372, ""trend"": 0.2369410287100644, ""quarter_consistency"": 0.09543515190266884, ""institution_expansion"": 0.11250074511575707}",0,10.0,1.0,25.0,1.0,,,,,
emerging,weight_494,44,0.9984496124031008,0.4090909090909091,2.0,"{""multiyear_growth"": 0.35242148121685307, ""recent_growth"": 0.24277997268025692, ""trend"": 0.22069714154654188, ""quarter_consistency"": 0.08897121205561331, ""institution_expansion"": 0.0951301925007348}",0,10.0,1.0,25.0,1.0,,,,,
emerging,weight_495,44,0.9976039464411556,0.4545454545454545,3.0,"{""multiyear_growth"": 0.3907598061604882, ""recent_growth"": 0.20534980822406365, ""trend"": 0.21087568957768826, ""quarter_consistency"": 0.0929739533038932, ""institution_expansion"": 0.10004074273386673}",0,10.0,1.0,25.0,1.0,,,,,
emerging,weight_496,44,0.987878787878788,1.2272727272727273,6.0,"{""multiyear_growth"": 0.32763602900873373, ""recent_growth"": 0.24085420843124178, ""trend"": 0.17551910019909134, ""quarter_consistency"": 0.12927821262249384, ""institution_expansion"": 0.1267124497384394}",0,9.0,0.8181818181818182,24.0,0.9230769230769232,,,,,
emerging,weight_497,44,0.9995771670190272,0.1363636363636363,1.0,"{""multiyear_growth"": 0.3349303418228308, ""recent_growth"": 0.2464756108979055, ""trend"": 0.2142032285715374, ""quarter_consistency"": 0.10078079652205688, ""institution_expansion"": 0.10361002218566935}",0,10.0,1.0,25.0,1.0,,,,,
emerging,weight_498,44,0.992952783650458,0.9090909090909092,5.0,"{""multiyear_growth"": 0.343745009487136, ""recent_growth"": 0.25567161503489, ""trend"": 0.17921622005561982, ""quarter_consistency"": 0.1243640468696424, ""institution_expansion"": 0.0970031085527118}",0,10.0,1.0,25.0,1.0,,,,,
emerging,weight_499,44,0.997322057787174,0.5454545454545454,3.0,"{""multiyear_growth"": 0.3741762767698809, ""recent_growth"": 0.22304369460920598, ""trend"": 0.22253671731442992, ""quarter_consistency"": 0.08580269931201695, ""institution_expansion"": 0.09444061199446628}",0,10.0,1.0,25.0,1.0,,,,,
potential,weight_000,4,0.9486832980505139,0.25,1.0,"{""patents"": 0.31649530541097887, ""applicants"": 0.2261471474162525, ""policy"": 0.4573575471727685}",0,,,,,1.0,1.0,2.0,1.0,
potential,weight_001,4,0.9486832980505139,0.25,1.0,"{""patents"": 0.28811380082951377, ""applicants"": 0.22213675542966144, ""policy"": 0.48974944374082474}",0,,,,,1.0,1.0,2.0,1.0,
potential,weight_002,4,0.9486832980505139,0.25,1.0,"{""patents"": 0.3195912056861226, ""applicants"": 0.20415807529379623, ""policy"": 0.4762507190200812}",0,,,,,1.0,1.0,2.0,1.0,
potential,weight_003,4,0.9486832980505139,0.25,1.0,"{""patents"": 0.2725763027732515, ""applicants"": 0.21292404410999274, ""policy"": 0.5144996531167557}",0,,,,,1.0,1.0,2.0,1.0,
potential,weight_004,4,0.9486832980505139,0.25,1.0,"{""patents"": 0.283377499223374, ""applicants"": 0.20178770017308717, ""policy"": 0.5148348006035389}",0,,,,,1.0,1.0,2.0,1.0,
potential,weight_005,4,0.9486832980505139,0.25,1.0,"{""patents"": 0.28932010713204004, ""applicants"": 0.18567793268823765, ""policy"": 0.5250019601797223}",0,,,,,1.0,1.0,2.0,1.0,
potential,weight_006,4,0.9486832980505139,0.25,1.0,"{""patents"": 0.2755454182177414, ""applicants"": 0.2100665237502483, ""policy"": 0.5143880580320103}",0,,,,,1.0,1.0,2.0,1.0,
potential,weight_007,4,0.9486832980505139,0.25,1.0,"{""patents"": 0.307969722354508, ""applicants"": 0.1902316858509582, ""policy"": 0.5017985917945337}",0,,,,,1.0,1.0,2.0,1.0,
potential,weight_008,4,0.9486832980505139,0.25,1.0,"{""patents"": 0.2826651875287007, ""applicants"": 0.1935173466257676, ""policy"": 0.5238174658455318}",0,,,,,1.0,1.0,2.0,1.0,
potential,weight_009,4,0.9486832980505139,0.25,1.0,"{""patents"": 0.3394150488838604, ""applicants"": 0.1874850916845592, ""policy"": 0.4730998594315803}",0,,,,,1.0,1.0,2.0,1.0,
potential,weight_010,4,0.9486832980505139,0.25,1.0,"{""patents"": 0.2894871137277462, ""applicants"": 0.20460742977717708, ""policy"": 0.5059054564950767}",0,,,,,1.0,1.0,2.0,1.0,
potential,weight_011,4,0.9486832980505139,0.25,1.0,"{""patents"": 0.308171162981628, ""applicants"": 0.19787172233434444, ""policy"": 0.4939571146840276}",0,,,,,1.0,1.0,2.0,1.0,
potential,weight_012,4,0.9486832980505139,0.25,1.0,"{""patents"": 0.2908427228689992, ""applicants"": 0.1846732103703627, ""policy"": 0.5244840667606381}",0,,,,,1.0,1.0,2.0,1.0,
potential,weight_013,4,0.9486832980505139,0.25,1.0,"{""patents"": 0.317453185850719, ""applicants"": 0.2433290231148964, ""policy"": 0.4392177910343845}",0,,,,,1.0,1.0,2.0,1.0,
potential,weight_014,4,0.9486832980505139,0.25,1.0,"{""patents"": 0.3343664645241357, ""applicants"": 0.22175677720384682, ""policy"": 0.44387675827201745}",0,,,,,1.0,1.0,2.0,1.0,
potential,weight_015,4,0.9486832980505139,0.25,1.0,"{""patents"": 0.29900776258138106, ""applicants"": 0.2342323124908594, ""policy"": 0.4667599249277596}",0,,,,,1.0,1.0,2.0,1.0,
potential,weight_016,4,0.9486832980505139,0.25,1.0,"{""patents"": 0.31361860583857465, ""applicants"": 0.20709584556922114, ""policy"": 0.4792855485922042}",0,,,,,1.0,1.0,2.0,1.0,
potential,weight_017,4,0.9486832980505139,0.25,1.0,"{""patents"": 0.313141656622217, ""applicants"": 0.2300992905855483, ""policy"": 0.45675905279223483}",0,,,,,1.0,1.0,2.0,1.0,
potential,weight_018,4,0.9486832980505139,0.25,1.0,"{""patents"": 0.30064882184198416, ""applicants"": 0.19549355307822272, ""policy"": 0.5038576250797933}",0,,,,,1.0,1.0,2.0,1.0,
potential,weight_019,4,0.9486832980505139,0.25,1.0,"{""patents"": 0.3033835548975289, ""applicants"": 0.2375201507414476, ""policy"": 0.45909629436102345}",0,,,,,1.0,1.0,2.0,1.0,
potential,weight_020,4,0.9486832980505139,0.25,1.0,"{""patents"": 0.28458799928788553, ""applicants"": 0.20727397635710534, ""policy"": 0.5081380243550091}",0,,,,,1.0,1.0,2.0,1.0,
potential,weight_021,4,0.9486832980505139,0.25,1.0,"{""patents"": 0.28728777091161495, ""applicants"": 0.21633861049462513, ""policy"": 0.4963736185937599}",0,,,,,1.0,1.0,2.0,1.0,
potential,weight_022,4,0.632455532033676,0.75,1.0,"{""patents"": 0.28525903818862874, ""applicants"": 0.15790641526502897, ""policy"": 0.5568345465463422}",0,,,,,1.0,1.0,1.0,0.3333333333333333,
potential,weight_023,4,0.9486832980505139,0.25,1.0,"{""patents"": 0.2846805907320241, ""applicants"": 0.1949822108507684, ""policy"": 0.5203371984172076}",0,,,,,1.0,1.0,2.0,1.0,
potential,weight_024,4,0.9486832980505139,0.25,1.0,"{""patents"": 0.34238829143976685, ""applicants"": 0.22206894995400314, ""policy"": 0.43554275860623004}",0,,,,,1.0,1.0,2.0,1.0,
potential,weight_025,4,0.9486832980505139,0.25,1.0,"{""patents"": 0.28351964632440585, ""applicants"": 0.221938875644753, ""policy"": 0.49454147803084114}",0,,,,,1.0,1.0,2.0,1.0,
potential,weight_026,4,0.632455532033676,0.75,1.0,"{""patents"": 0.27660361416731727, ""applicants"": 0.1663912005850488, ""policy"": 0.557005185247634}",0,,,,,1.0,1.0,1.0,0.3333333333333333,
potential,weight_027,4,0.632455532033676,0.75,1.0,"{""patents"": 0.24297871880652105, ""applicants"": 0.18705928129733504, ""policy"": 0.5699619998961439}",0,,,,,1.0,1.0,1.0,0.3333333333333333,
potential,weight_028,4,0.9486832980505139,0.25,1.0,"{""patents"": 0.3361374501195764, ""applicants"": 0.1773977568894146, ""policy"": 0.4864647929910089}",0,,,,,1.0,1.0,2.0,1.0,
potential,weight_029,4,0.9486832980505139,0.25,1.0,"{""patents"": 0.25398657620979603, ""applicants"": 0.22272978731558749, ""policy"": 0.5232836364746165}",0,,,,,1.0,1.0,2.0,1.0,
potential,weight_030,4,0.9486832980505139,0.25,1.0,"{""patents"": 0.32358046222596587, ""applicants"": 0.2089174738666419, ""policy"": 0.4675020639073923}",0,,,,,1.0,1.0,2.0,1.0,
potential,weight_031,4,0.9486832980505139,0.25,1.0,"{""patents"": 0.3358326901798391, ""applicants"": 0.23492773199778988, ""policy"": 0.42923957782237104}",0,,,,,1.0,1.0,2.0,1.0,
potential,weight_032,4,0.632455532033676,0.75,1.0,"{""patents"": 0.2398424464445603, ""applicants"": 0.2131408952583082, ""policy"": 0.5470166582971314}",0,,,,,1.0,1.0,1.0,0.3333333333333333,
potential,weight_033,4,0.9486832980505139,0.25,1.0,"{""patents"": 0.3639224208949172, ""applicants"": 0.18410171167922693, ""policy"": 0.4519758674258558}",0,,,,,1.0,1.0,2.0,1.0,
potential,weight_034,4,0.9486832980505139,0.25,1.0,"{""patents"": 0.2859500932659288, ""applicants"": 0.17343452262810882, ""policy"": 0.5406153841059623}",0,,,,,1.0,1.0,2.0,1.0,
potential,weight_035,4,0.9486832980505139,0.25,1.0,"{""patents"": 0.2879755778607732, ""applicants"": 0.21193720502659874, ""policy"": 0.5000872171126279}",0,,,,,1.0,1.0,2.0,1.0,
potential,weight_036,4,0.9486832980505139,0.25,1.0,"{""patents"": 0.3383754072139925, ""applicants"": 0.19228853682597694, ""policy"": 0.46933605596003053}",0,,,,,1.0,1.0,2.0,1.0,
potential,weight_037,4,0.9486832980505139,0.25,1.0,"{""patents"": 0.27513521580375133, ""applicants"": 0.24191588155207974, ""policy"": 0.48294890264416895}",0,,,,,1.0,1.0,2.0,1.0,
potential,weight_038,4,0.9486832980505139,0.25,1.0,"{""patents"": 0.28426616878612004, ""applicants"": 0.2356151269287087, ""policy"": 0.4801187042851712}",0,,,,,1.0,1.0,2.0,1.0,
potential,weight_039,4,0.632455532033676,0.75,1.0,"{""patents"": 0.23716147071417545, ""applicants"": 0.20983026908208274, ""policy"": 0.5530082602037417}",0,,,,,1.0,1.0,1.0,0.3333333333333333,
potential,weight_040,4,0.9486832980505139,0.25,1.0,"{""patents"": 0.25625316724114955, ""applicants"": 0.22646846038893828, ""policy"": 0.5172783723699121}",0,,,,,1.0,1.0,2.0,1.0,
potential,weight_041,4,0.9486832980505139,0.25,1.0,"{""patents"": 0.3201123640302928, ""applicants"": 0.16236106573279008, ""policy"": 0.517526570236917}",0,,,,,1.0,1.0,2.0,1.0,
potential,weight_042,4,0.9486832980505139,0.25,1.0,"{""patents"": 0.2870138669852518, ""applicants"": 0.22826205386668844, ""policy"": 0.4847240791480597}",0,,,,,1.0,1.0,2.0,1.0,
potential,weight_043,4,0.9486832980505139,0.25,1.0,"{""patents"": 0.3228551227623845, ""applicants"": 0.19308023200754884, ""policy"": 0.48406464523006676}",0,,,,,1.0,1.0,2.0,1.0,
potential,weight_044,4,0.9486832980505139,0.25,1.0,"{""patents"": 0.27697521611384385, ""applicants"": 0.1978905447063112, ""policy"": 0.5251342391798449}",0,,,,,1.0,1.0,2.0,1.0,
potential,weight_045,4,0.9486832980505139,0.25,1.0,"{""patents"": 0.32196174294344543, ""applicants"": 0.23410575738499567, ""policy"": 0.4439324996715589}",0,,,,,1.0,1.0,2.0,1.0,
potential,weight_046,4,0.316227766016838,0.75,2.0,"{""patents"": 0.24487527815789592, ""applicants"": 0.16902302835075042, ""policy"": 0.5861016934913537}",0,,,,,1.0,1.0,1.0,0.3333333333333333,
potential,weight_047,4,0.9486832980505139,0.25,1.0,"{""patents"": 0.28896437358161037, ""applicants"": 0.20587462650220442, ""policy"": 0.5051609999161852}",0,,,,,1.0,1.0,2.0,1.0,
potential,weight_048,4,0.9486832980505139,0.25,1.0,"{""patents"": 0.31184560670488387, ""applicants"": 0.2300864785630982, ""policy"": 0.4580679147320181}",0,,,,,1.0,1.0,2.0,1.0,
potential,weight_049,4,0.9486832980505139,0.25,1.0,"{""patents"": 0.30396567799615803, ""applicants"": 0.19190149460629674, ""policy"": 0.5041328273975452}",0,,,,,1.0,1.0,2.0,1.0,
potential,weight_050,4,0.9486832980505139,0.25,1.0,"{""patents"": 0.26425493913301457, ""applicants"": 0.19551922886557002, ""policy"": 0.5402258320014154}",0,,,,,1.0,1.0,2.0,1.0,
potential,weight_051,4,0.632455532033676,0.75,1.0,"{""patents"": 0.265453083954925, ""applicants"": 0.17038648334034986, ""policy"": 0.5641604327047252}",0,,,,,1.0,1.0,1.0,0.3333333333333333,
potential,weight_052,4,0.9486832980505139,0.25,1.0,"{""patents"": 0.26243597933780427, ""applicants"": 0.19508381076661138, ""policy"": 0.5424802098955842}",0,,,,,1.0,1.0,2.0,1.0,
potential,weight_053,4,0.9486832980505139,0.25,1.0,"{""patents"": 0.25783289970089146, ""applicants"": 0.21496041570437893, ""policy"": 0.5272066845947297}",0,,,,,1.0,1.0,2.0,1.0,
potential,weight_054,4,0.9486832980505139,0.25,1.0,"{""patents"": 0.24777593507885096, ""applicants"": 0.2146325795358344, ""policy"": 0.5375914853853146}",0,,,,,1.0,1.0,2.0,1.0,
potential,weight_055,4,0.9486832980505139,0.25,1.0,"{""patents"": 0.28805062807457776, ""applicants"": 0.22352429038310703, ""policy"": 0.4884250815423153}",0,,,,,1.0,1.0,2.0,1.0,
potential,weight_056,4,0.9486832980505139,0.25,1.0,"{""patents"": 0.2826454452497887, ""applicants"": 0.22178843753934538, ""policy"": 0.4955661172108661}",0,,,,,1.0,1.0,2.0,1.0,
potential,weight_057,4,0.9486832980505139,0.25,1.0,"{""patents"": 0.2977750652888911, ""applicants"": 0.17303541840956158, ""policy"": 0.5291895163015473}",0,,,,,1.0,1.0,2.0,1.0,
potential,weight_058,4,0.9486832980505139,0.25,1.0,"{""patents"": 0.31658840536831734, ""applicants"": 0.20142194176042677, ""policy"": 0.4819896528712559}",0,,,,,1.0,1.0,2.0,1.0,
potential,weight_059,4,0.9486832980505139,0.25,1.0,"{""patents"": 0.30105575257820016, ""applicants"": 0.21808075507651647, ""policy"": 0.48086349234528336}",0,,,,,1.0,1.0,2.0,1.0,
potential,weight_060,4,0.9486832980505139,0.25,1.0,"{""patents"": 0.3403692220678377, ""applicants"": 0.19627427395338098, ""policy"": 0.4633565039787812}",0,,,,,1.0,1.0,2.0,1.0,
potential,weight_061,4,0.9486832980505139,0.25,1.0,"{""patents"": 0.27238523736495757, ""applicants"": 0.20022345823578147, ""policy"": 0.527391304399261}",0,,,,,1.0,1.0,2.0,1.0,
potential,weight_062,4,0.9486832980505139,0.25,1.0,"{""patents"": 0.3367087865604408, ""applicants"": 0.22052817951073206, ""policy"": 0.44276303392882715}",0,,,,,1.0,1.0,2.0,1.0,
potential,weight_063,4,0.9486832980505139,0.25,1.0,"{""patents"": 0.24213682143141838, ""applicants"": 0.21901477303474007, ""policy"": 0.5388484055338416}",0,,,,,1.0,1.0,2.0,1.0,
potential,weight_064,4,0.9486832980505139,0.25,1.0,"{""patents"": 0.33150759541108177, ""applicants"": 0.2236569095220145, ""policy"": 0.44483549506690384}",0,,,,,1.0,1.0,2.0,1.0,
potential,weight_065,4,0.9486832980505139,0.25,1.0,"{""patents"": 0.3084540529469704, ""applicants"": 0.16831853926336732, ""policy"": 0.5232274077896624}",0,,,,,1.0,1.0,2.0,1.0,
potential,weight_066,4,0.9486832980505139,0.25,1.0,"{""patents"": 0.2834882997679802, ""applicants"": 0.22211555676434389, ""policy"": 0.49439614346767585}",0,,,,,1.0,1.0,2.0,1.0,
potential,weight_067,4,0.9486832980505139,0.25,1.0,"{""patents"": 0.3098917276822336, ""applicants"": 0.21536942679497578, ""policy"": 0.4747388455227906}",0,,,,,1.0,1.0,2.0,1.0,
potential,weight_068,4,0.9486832980505139,0.25,1.0,"{""patents"": 0.2889086091309458, ""applicants"": 0.20198592739069549, ""policy"": 0.5091054634783587}",0,,,,,1.0,1.0,2.0,1.0,
potential,weight_069,4,0.9486832980505139,0.25,1.0,"{""patents"": 0.3535379329326301, ""applicants"": 0.2002922997243423, ""policy"": 0.4461697673430277}",0,,,,,1.0,1.0,2.0,1.0,
potential,weight_070,4,0.9486832980505139,0.25,1.0,"{""patents"": 0.2812485312093554, ""applicants"": 0.2159521920465714, ""policy"": 0.5027992767440731}",0,,,,,1.0,1.0,2.0,1.0,
potential,weight_071,4,0.9486832980505139,0.25,1.0,"{""patents"": 0.2560568338761712, ""applicants"": 0.22988373365987944, ""policy"": 0.5140594324639494}",0,,,,,1.0,1.0,2.0,1.0,
potential,weight_072,4,0.632455532033676,0.75,1.0,"{""patents"": 0.2675405399788217, ""applicants"": 0.17683483926678342, ""policy"": 0.5556246207543948}",0,,,,,1.0,1.0,1.0,0.3333333333333333,
potential,weight_073,4,0.9486832980505139,0.25,1.0,"{""patents"": 0.27769271248461014, ""applicants"": 0.21845066951689, ""policy"": 0.5038566179984999}",0,,,,,1.0,1.0,2.0,1.0,
potential,weight_074,4,0.9486832980505139,0.25,1.0,"{""patents"": 0.32899630431506965, ""applicants"": 0.21156742924977, ""policy"": 0.4594362664351604}",0,,,,,1.0,1.0,2.0,1.0,
potential,weight_075,4,0.9486832980505139,0.25,1.0,"{""patents"": 0.2785842246902133, ""applicants"": 0.20884174490482907, ""policy"": 0.5125740304049575}",0,,,,,1.0,1.0,2.0,1.0,
potential,weight_076,4,0.9486832980505139,0.25,1.0,"{""patents"": 0.2690016502912711, ""applicants"": 0.21907576696135966, ""policy"": 0.5119225827473693}",0,,,,,1.0,1.0,2.0,1.0,
potential,weight_077,4,0.9486832980505139,0.25,1.0,"{""patents"": 0.2866263863533872, ""applicants"": 0.2139319717448896, ""policy"": 0.499441641901723}",0,,,,,1.0,1.0,2.0,1.0,
potential,weight_078,4,0.9486832980505139,0.25,1.0,"{""patents"": 0.2983717027721687, ""applicants"": 0.1609997965965555, ""policy"": 0.5406285006312759}",0,,,,,1.0,1.0,2.0,1.0,
potential,weight_079,4,0.9486832980505139,0.25,1.0,"{""patents"": 0.2951618102270349, ""applicants"": 0.20492358658251356, ""policy"": 0.49991460319045156}",0,,,,,1.0,1.0,2.0,1.0,
potential,weight_080,4,0.9486832980505139,0.25,1.0,"{""patents"": 0.2841560445909314, ""applicants"": 0.23802324688998108, ""policy"": 0.4778207085190875}",0,,,,,1.0,1.0,2.0,1.0,
potential,weight_081,4,0.9486832980505139,0.25,1.0,"{""patents"": 0.32354639871799346, ""applicants"": 0.18940481382452143, ""policy"": 0.48704878745748503}",0,,,,,1.0,1.0,2.0,1.0,
potential,weight_082,4,0.9486832980505139,0.25,1.0,"{""patents"": 0.30298715437464635, ""applicants"": 0.19912965602329302, ""policy"": 0.4978831896020606}",0,,,,,1.0,1.0,2.0,1.0,
potential,weight_083,4,0.9486832980505139,0.25,1.0,"{""patents"": 0.2982180135306765, ""applicants"": 0.2177178256004262, ""policy"": 0.4840641608688973}",0,,,,,1.0,1.0,2.0,1.0,
potential,weight_084,4,0.9486832980505139,0.25,1.0,"{""patents"": 0.30948350629804605, ""applicants"": 0.15661406787692692, ""policy"": 0.5339024258250271}",0,,,,,1.0,1.0,2.0,1.0,
potential,weight_085,4,0.632455532033676,0.75,1.0,"{""patents"": 0.249978316370644, ""applicants"": 0.1957894566999908, ""policy"": 0.5542322269293652}",0,,,,,1.0,1.0,1.0,0.3333333333333333,
potential,weight_086,4,0.9486832980505139,0.25,1.0,"{""patents"": 0.3035671995781646, ""applicants"": 0.1828059432750094, ""policy"": 0.513626857146826}",0,,,,,1.0,1.0,2.0,1.0,
potential,weight_087,4,0.9486832980505139,0.25,1.0,"{""patents"": 0.33924465399682613, ""applicants"": 0.18677734106163507, ""policy"": 0.47397800494153874}",0,,,,,1.0,1.0,2.0,1.0,
potential,weight_088,4,0.632455532033676,0.75,1.0,"{""patents"": 0.2694432188400095, ""applicants"": 0.16483165692820917, ""policy"": 0.5657251242317813}",0,,,,,1.0,1.0,1.0,0.3333333333333333,
potential,weight_089,4,0.9486832980505139,0.25,1.0,"{""patents"": 0.30414683835802425, ""applicants"": 0.23683201732933934, ""policy"": 0.45902114431263646}",0,,,,,1.0,1.0,2.0,1.0,
potential,weight_090,4,0.632455532033676,0.75,1.0,"{""patents"": 0.2637159780405732, ""applicants"": 0.18069038984620217, ""policy"": 0.5555936321132245}",0,,,,,1.0,1.0,1.0,0.3333333333333333,
potential,weight_091,4,0.9486832980505139,0.25,1.0,"{""patents"": 0.3589085704988207, ""applicants"": 0.1873880656004246, ""policy"": 0.45370336390075483}",0,,,,,1.0,1.0,2.0,1.0,
potential,weight_092,4,0.9486832980505139,0.25,1.0,"{""patents"": 0.2626774302714785, ""applicants"": 0.1924275255186146, ""policy"": 0.5448950442099069}",0,,,,,1.0,1.0,2.0,1.0,
potential,weight_093,4,0.9486832980505139,0.25,1.0,"{""patents"": 0.30161917678392297, ""applicants"": 0.19140981578780286, ""policy"": 0.5069710074282742}",0,,,,,1.0,1.0,2.0,1.0,
potential,weight_094,4,0.9486832980505139,0.25,1.0,"{""patents"": 0.2587584442601014, ""applicants"": 0.22475775735815576, ""policy"": 0.516483798381743}",0,,,,,1.0,1.0,2.0,1.0,
potential,weight_095,4,0.9486832980505139,0.25,1.0,"{""patents"": 0.33590220364873374, ""applicants"": 0.21877218220444886, ""policy"": 0.44532561414681743}",0,,,,,1.0,1.0,2.0,1.0,
potential,weight_096,4,0.9486832980505139,0.25,1.0,"{""patents"": 0.28497627466612624, ""applicants"": 0.25871929912095776, ""policy"": 0.4563044262129159}",0,,,,,1.0,1.0,2.0,1.0,
potential,weight_097,4,0.9486832980505139,0.25,1.0,"{""patents"": 0.3136385402106047, ""applicants"": 0.227038778235014, ""policy"": 0.4593226815543812}",0,,,,,1.0,1.0,2.0,1.0,
potential,weight_098,4,0.9486832980505139,0.25,1.0,"{""patents"": 0.29911705970968544, ""applicants"": 0.22488670280581477, ""policy"": 0.4759962374844997}",0,,,,,1.0,1.0,2.0,1.0,
potential,weight_099,4,0.632455532033676,0.75,1.0,"{""patents"": 0.2782999031934995, ""applicants"": 0.17050901103384933, ""policy"": 0.5511910857726511}",0,,,,,1.0,1.0,1.0,0.3333333333333333,
potential,weight_100,4,0.9486832980505139,0.25,1.0,"{""patents"": 0.2989100242334212, ""applicants"": 0.17360319119936127, ""policy"": 0.5274867845672174}",0,,,,,1.0,1.0,2.0,1.0,
potential,weight_101,4,0.9486832980505139,0.25,1.0,"{""patents"": 0.33112112300053437, ""applicants"": 0.188438603459567, ""policy"": 0.48044027353989854}",0,,,,,1.0,1.0,2.0,1.0,
potential,weight_102,4,0.9486832980505139,0.25,1.0,"{""patents"": 0.2923989309181174, ""applicants"": 0.2522922916284993, ""policy"": 0.45530877745338316}",0,,,,,1.0,1.0,2.0,1.0,
potential,weight_103,4,0.632455532033676,0.75,1.0,"{""patents"": 0.28489345388052323, ""applicants"": 0.1628462785152568, ""policy"": 0.55226026760422}",0,,,,,1.0,1.0,1.0,0.3333333333333333,
potential,weight_104,4,0.9486832980505139,0.25,1.0,"{""patents"": 0.33267477761682257, ""applicants"": 0.18776478179168304, ""policy"": 0.4795604405914944}",0,,,,,1.0,1.0,2.0,1.0,
potential,weight_105,4,0.9486832980505139,0.25,1.0,"{""patents"": 0.38321251044566734, ""applicants"": 0.17977474449769582, ""policy"": 0.4370127450566368}",0,,,,,1.0,1.0,2.0,1.0,
potential,weight_106,4,0.9486832980505139,0.25,1.0,"{""patents"": 0.35141358723101357, ""applicants"": 0.18137576829015478, ""policy"": 0.4672106444788317}",0,,,,,1.0,1.0,2.0,1.0,
potential,weight_107,4,0.9486832980505139,0.25,1.0,"{""patents"": 0.2746463429472237, ""applicants"": 0.25436782301273314, ""policy"": 0.4709858340400431}",0,,,,,1.0,1.0,2.0,1.0,
potential,weight_108,4,0.9486832980505139,0.25,1.0,"{""patents"": 0.3582314312359386, ""applicants"": 0.174520729924422, ""policy"": 0.4672478388396394}",0,,,,,1.0,1.0,2.0,1.0,
potential,weight_109,4,0.632455532033676,0.75,1.0,"{""patents"": 0.2895351567434959, ""applicants"": 0.161464393197007, ""policy"": 0.549000450059497}",0,,,,,1.0,1.0,1.0,0.3333333333333333,
potential,weight_110,4,0.9486832980505139,0.25,1.0,"{""patents"": 0.26351574421761903, ""applicants"": 0.23371721441241747, ""policy"": 0.5027670413699635}",0,,,,,1.0,1.0,2.0,1.0,
potential,weight_111,4,0.9486832980505139,0.25,1.0,"{""patents"": 0.2827171240172129, ""applicants"": 0.21645886732711148, ""policy"": 0.5008240086556756}",0,,,,,1.0,1.0,2.0,1.0,
potential,weight_112,4,0.9486832980505139,0.25,1.0,"{""patents"": 0.28619123233981986, ""applicants"": 0.25341966633331714, ""policy"": 0.460389101326863}",0,,,,,1.0,1.0,2.0,1.0,
potential,weight_113,4,0.9486832980505139,0.25,1.0,"{""patents"": 0.32763367209030164, ""applicants"": 0.15705462576221446, ""policy"": 0.5153117021474839}",0,,,,,1.0,1.0,2.0,1.0,
potential,weight_114,4,0.9486832980505139,0.25,1.0,"{""patents"": 0.3113515872870195, ""applicants"": 0.2269347157498851, ""policy"": 0.4617136969630955}",0,,,,,1.0,1.0,2.0,1.0,
potential,weight_115,4,0.9486832980505139,0.25,1.0,"{""patents"": 0.3713796200026827, ""applicants"": 0.1800073310265579, ""policy"": 0.44861304897075943}",0,,,,,1.0,1.0,2.0,1.0,
potential,weight_116,4,0.9486832980505139,0.25,1.0,"{""patents"": 0.28437665090498815, ""applicants"": 0.17150072388871931, ""policy"": 0.5441226252062925}",0,,,,,1.0,1.0,2.0,1.0,
potential,weight_117,4,0.9486832980505139,0.25,1.0,"{""patents"": 0.2950607863597996, ""applicants"": 0.19210379840273953, ""policy"": 0.5128354152374609}",0,,,,,1.0,1.0,2.0,1.0,
potential,weight_118,4,0.9486832980505139,0.25,1.0,"{""patents"": 0.2620104932214108, ""applicants"": 0.20818042239406329, ""policy"": 0.529809084384526}",0,,,,,1.0,1.0,2.0,1.0,
potential,weight_119,4,0.9486832980505139,0.25,1.0,"{""patents"": 0.33357057404848683, ""applicants"": 0.23207974491877661, ""policy"": 0.4343496810327365}",0,,,,,1.0,1.0,2.0,1.0,
potential,weight_120,4,0.9486832980505139,0.25,1.0,"{""patents"": 0.3299294979243061, ""applicants"": 0.2303987001681997, ""policy"": 0.4396718019074941}",0,,,,,1.0,1.0,2.0,1.0,
potential,weight_121,4,0.9486832980505139,0.25,1.0,"{""patents"": 0.3200271139960775, ""applicants"": 0.21123936470030946, ""policy"": 0.4687335213036131}",0,,,,,1.0,1.0,2.0,1.0,
potential,weight_122,4,0.9486832980505139,0.25,1.0,"{""patents"": 0.2787962916701063, ""applicants"": 0.1975684883890934, ""policy"": 0.5236352199408003}",0,,,,,1.0,1.0,2.0,1.0,
potential,weight_123,4,0.9486832980505139,0.25,1.0,"{""patents"": 0.2830835520393076, ""applicants"": 0.1761084703821117, ""policy"": 0.5408079775785807}",0,,,,,1.0,1.0,2.0,1.0,
potential,weight_124,4,0.9486832980505139,0.25,1.0,"{""patents"": 0.3516002780046351, ""applicants"": 0.22858204684745326, ""policy"": 0.41981767514791146}",0,,,,,1.0,1.0,2.0,1.0,
potential,weight_125,4,0.9486832980505139,0.25,1.0,"{""patents"": 0.29298303125689457, ""applicants"": 0.1666414951160302, ""policy"": 0.540375473627075}",0,,,,,1.0,1.0,2.0,1.0,
potential,weight_126,4,0.9486832980505139,0.25,1.0,"{""patents"": 0.3303663506047408, ""applicants"": 0.15719365851499514, ""policy"": 0.5124399908802642}",0,,,,,1.0,1.0,2.0,1.0,
potential,weight_127,4,0.632455532033676,0.75,1.0,"{""patents"": 0.2717034534235926, ""applicants"": 0.17407072866743353, ""policy"": 0.5542258179089739}",0,,,,,1.0,1.0,1.0,0.3333333333333333,
potential,weight_128,4,0.9486832980505139,0.25,1.0,"{""patents"": 0.2543443026386385, ""applicants"": 0.21083098921423374, ""policy"": 0.5348247081471278}",0,,,,,1.0,1.0,2.0,1.0,
potential,weight_129,4,0.632455532033676,0.75,1.0,"{""patents"": 0.2621146608796679, ""applicants"": 0.18661785449745905, ""policy"": 0.551267484622873}",0,,,,,1.0,1.0,1.0,0.3333333333333333,
potential,weight_130,4,0.9486832980505139,0.25,1.0,"{""patents"": 0.3424501263130913, ""applicants"": 0.20305944146001292, ""policy"": 0.4544904322268958}",0,,,,,1.0,1.0,2.0,1.0,
potential,weight_131,4,0.9486832980505139,0.25,1.0,"{""patents"": 0.2742460326168592, ""applicants"": 0.1829015048563782, ""policy"": 0.5428524625267626}",0,,,,,1.0,1.0,2.0,1.0,
potential,weight_132,4,0.9486832980505139,0.25,1.0,"{""patents"": 0.27029281701308866, ""applicants"": 0.22570896026733445, ""policy"": 0.503998222719577}",0,,,,,1.0,1.0,2.0,1.0,
potential,weight_133,4,0.632455532033676,0.75,1.0,"{""patents"": 0.29082918529641694, ""applicants"": 0.15928302497860883, ""policy"": 0.5498877897249743}",0,,,,,1.0,1.0,1.0,0.3333333333333333,
potential,weight_134,4,0.9486832980505139,0.25,1.0,"{""patents"": 0.3098101624791188, ""applicants"": 0.1971107476204207, ""policy"": 0.49307908990046057}",0,,,,,1.0,1.0,2.0,1.0,
potential,weight_135,4,0.9486832980505139,0.25,1.0,"{""patents"": 0.31545978936917407, ""applicants"": 0.16818244284683895, ""policy"": 0.5163577677839869}",0,,,,,1.0,1.0,2.0,1.0,
potential,weight_136,4,0.9486832980505139,0.25,1.0,"{""patents"": 0.3088833561486532, ""applicants"": 0.21991883788291808, ""policy"": 0.4711978059684287}",0,,,,,1.0,1.0,2.0,1.0,
potential,weight_137,4,0.9486832980505139,0.25,1.0,"{""patents"": 0.2846160855005501, ""applicants"": 0.21516582937944084, ""policy"": 0.500218085120009}",0,,,,,1.0,1.0,2.0,1.0,
potential,weight_138,4,0.9486832980505139,0.25,1.0,"{""patents"": 0.2859829930322894, ""applicants"": 0.20467389292618818, ""policy"": 0.5093431140415223}",0,,,,,1.0,1.0,2.0,1.0,
potential,weight_139,4,0.9486832980505139,0.25,1.0,"{""patents"": 0.30071220761468465, ""applicants"": 0.18683150303793797, ""policy"": 0.5124562893473774}",0,,,,,1.0,1.0,2.0,1.0,
potential,weight_140,4,0.316227766016838,0.75,2.0,"{""patents"": 0.2441937963399389, ""applicants"": 0.1773863616209576, ""policy"": 0.5784198420391035}",0,,,,,1.0,1.0,1.0,0.3333333333333333,
potential,weight_141,4,0.9486832980505139,0.25,1.0,"{""patents"": 0.2669023393646303, ""applicants"": 0.22814865331539552, ""policy"": 0.5049490073199742}",0,,,,,1.0,1.0,2.0,1.0,
potential,weight_142,4,0.9486832980505139,0.25,1.0,"{""patents"": 0.2873704840364455, ""applicants"": 0.18127419557094057, ""policy"": 0.5313553203926138}",0,,,,,1.0,1.0,2.0,1.0,
potential,weight_143,4,0.9486832980505139,0.25,1.0,"{""patents"": 0.3394806404843048, ""applicants"": 0.17087245690672523, ""policy"": 0.4896469026089699}",0,,,,,1.0,1.0,2.0,1.0,
potential,weight_144,4,0.9486832980505139,0.25,1.0,"{""patents"": 0.25849056065035836, ""applicants"": 0.20397292369399866, ""policy"": 0.537536515655643}",0,,,,,1.0,1.0,2.0,1.0,
potential,weight_145,4,0.316227766016838,0.75,2.0,"{""patents"": 0.24157546424399695, ""applicants"": 0.17536965759224846, ""policy"": 0.5830548781637547}",0,,,,,1.0,1.0,1.0,0.3333333333333333,
potential,weight_146,4,0.9486832980505139,0.25,1.0,"{""patents"": 0.2946865563191407, ""applicants"": 0.20602068389360312, ""policy"": 0.4992927597872562}",0,,,,,1.0,1.0,2.0,1.0,
potential,weight_147,4,0.9486832980505139,0.25,1.0,"{""patents"": 0.31141978331533543, ""applicants"": 0.1812772630380036, ""policy"": 0.507302953646661}",0,,,,,1.0,1.0,2.0,1.0,
potential,weight_148,4,0.9486832980505139,0.25,1.0,"{""patents"": 0.3227465477112177, ""applicants"": 0.1849290529892221, ""policy"": 0.4923243992995601}",0,,,,,1.0,1.0,2.0,1.0,
potential,weight_149,4,0.9486832980505139,0.25,1.0,"{""patents"": 0.2544766024993803, ""applicants"": 0.2073222471976716, ""policy"": 0.5382011503029481}",0,,,,,1.0,1.0,2.0,1.0,
potential,weight_150,4,0.632455532033676,0.75,1.0,"{""patents"": 0.268953485086901, ""applicants"": 0.17325685165181529, ""policy"": 0.5577896632612838}",0,,,,,1.0,1.0,1.0,0.3333333333333333,
potential,weight_151,4,0.9486832980505139,0.25,1.0,"{""patents"": 0.32321890274860016, ""applicants"": 0.23092872898834962, ""policy"": 0.4458523682630502}",0,,,,,1.0,1.0,2.0,1.0,
potential,weight_152,4,0.9486832980505139,0.25,1.0,"{""patents"": 0.29567108653431196, ""applicants"": 0.2320247098912471, ""policy"": 0.4723042035744409}",0,,,,,1.0,1.0,2.0,1.0,
potential,weight_153,4,0.9486832980505139,0.25,1.0,"{""patents"": 0.34607413156350736, ""applicants"": 0.19280468633859948, ""policy"": 0.4611211820978932}",0,,,,,1.0,1.0,2.0,1.0,
potential,weight_154,4,0.9486832980505139,0.25,1.0,"{""patents"": 0.2814146400035412, ""applicants"": 0.2164257528990982, ""policy"": 0.5021596070973605}",0,,,,,1.0,1.0,2.0,1.0,
potential,weight_155,4,0.9486832980505139,0.25,1.0,"{""patents"": 0.3522013874361451, ""applicants"": 0.22098895714106426, ""policy"": 0.42680965542279065}",0,,,,,1.0,1.0,2.0,1.0,
potential,weight_156,4,0.9486832980505139,0.25,1.0,"{""patents"": 0.34769998388642215, ""applicants"": 0.21317804939780394, ""policy"": 0.43912196671577397}",0,,,,,1.0,1.0,2.0,1.0,
potential,weight_157,4,0.9486832980505139,0.25,1.0,"{""patents"": 0.3101756056439224, ""applicants"": 0.16508119549885947, ""policy"": 0.5247431988572181}",0,,,,,1.0,1.0,2.0,1.0,
potential,weight_158,4,0.9486832980505139,0.25,1.0,"{""patents"": 0.27824002558136524, ""applicants"": 0.2527538922160077, ""policy"": 0.469006082202627}",0,,,,,1.0,1.0,2.0,1.0,
potential,weight_159,4,0.9486832980505139,0.25,1.0,"{""patents"": 0.3307307275966725, ""applicants"": 0.1989808120275275, ""policy"": 0.4702884603758001}",0,,,,,1.0,1.0,2.0,1.0,
potential,weight_160,4,0.9486832980505139,0.25,1.0,"{""patents"": 0.2885174804676998, ""applicants"": 0.1674901876113689, ""policy"": 0.5439923319209312}",0,,,,,1.0,1.0,2.0,1.0,
potential,weight_161,4,0.9486832980505139,0.25,1.0,"{""patents"": 0.2792883036984743, ""applicants"": 0.23968140136106977, ""policy"": 0.48103029494045596}",0,,,,,1.0,1.0,2.0,1.0,
potential,weight_162,4,0.9486832980505139,0.25,1.0,"{""patents"": 0.30672019770846876, ""applicants"": 0.19591493029697857, ""policy"": 0.4973648719945526}",0,,,,,1.0,1.0,2.0,1.0,
potential,weight_163,4,0.9486832980505139,0.25,1.0,"{""patents"": 0.3423621303136382, ""applicants"": 0.22196256475145737, ""policy"": 0.4356753049349044}",0,,,,,1.0,1.0,2.0,1.0,
potential,weight_164,4,0.9486832980505139,0.25,1.0,"{""patents"": 0.3333147112525593, ""applicants"": 0.19610240118874367, ""policy"": 0.47058288755869687}",0,,,,,1.0,1.0,2.0,1.0,
potential,weight_165,4,0.9486832980505139,0.25,1.0,"{""patents"": 0.3222160694651641, ""applicants"": 0.21683208939361331, ""policy"": 0.4609518411412226}",0,,,,,1.0,1.0,2.0,1.0,
potential,weight_166,4,0.316227766016838,0.75,2.0,"{""patents"": 0.26008231337362053, ""applicants"": 0.1636671580279525, ""policy"": 0.576250528598427}",0,,,,,1.0,1.0,1.0,0.3333333333333333,
potential,weight_167,4,0.9486832980505139,0.25,1.0,"{""patents"": 0.2981868381868007, ""applicants"": 0.17316728553336216, ""policy"": 0.5286458762798372}",0,,,,,1.0,1.0,2.0,1.0,
potential,weight_168,4,0.9486832980505139,0.25,1.0,"{""patents"": 0.2910777720321851, ""applicants"": 0.17555376401388137, ""policy"": 0.5333684639539334}",0,,,,,1.0,1.0,2.0,1.0,
potential,weight_169,4,0.316227766016838,0.75,2.0,"{""patents"": 0.24406247770345904, ""applicants"": 0.1724372007607317, ""policy"": 0.5835003215358092}",0,,,,,1.0,1.0,1.0,0.3333333333333333,
potential,weight_170,4,0.9486832980505139,0.25,1.0,"{""patents"": 0.3516121507743682, ""applicants"": 0.19912055498561282, ""policy"": 0.4492672942400189}",0,,,,,1.0,1.0,2.0,1.0,
potential,weight_171,4,0.9486832980505139,0.25,1.0,"{""patents"": 0.3073484831274233, ""applicants"": 0.17257695828903993, ""policy"": 0.5200745585835368}",0,,,,,1.0,1.0,2.0,1.0,
potential,weight_172,4,0.9486832980505139,0.25,1.0,"{""patents"": 0.3390334620777213, ""applicants"": 0.2334868671387152, ""policy"": 0.42747967078356364}",0,,,,,1.0,1.0,2.0,1.0,
potential,weight_173,4,0.9486832980505139,0.25,1.0,"{""patents"": 0.31181657470715507, ""applicants"": 0.16614956273823694, ""policy"": 0.5220338625546079}",0,,,,,1.0,1.0,2.0,1.0,
potential,weight_174,4,0.9486832980505139,0.25,1.0,"{""patents"": 0.2728399294319897, ""applicants"": 0.20372307633638312, ""policy"": 0.5234369942316272}",0,,,,,1.0,1.0,2.0,1.0,
potential,weight_175,4,0.9486832980505139,0.25,1.0,"{""patents"": 0.25765198555500113, ""applicants"": 0.23309728741010308, ""policy"": 0.5092507270348957}",0,,,,,1.0,1.0,2.0,1.0,
potential,weight_176,4,0.9486832980505139,0.25,1.0,"{""patents"": 0.32888065396739574, ""applicants"": 0.23867992635923865, ""policy"": 0.4324394196733656}",0,,,,,1.0,1.0,2.0,1.0,
potential,weight_177,4,0.9486832980505139,0.25,1.0,"{""patents"": 0.3108265070315626, ""applicants"": 0.20730649170525645, ""policy"": 0.48186700126318094}",0,,,,,1.0,1.0,2.0,1.0,
potential,weight_178,4,0.9486832980505139,0.25,1.0,"{""patents"": 0.27442251722416755, ""applicants"": 0.24314772230957285, ""policy"": 0.48242976046625957}",0,,,,,1.0,1.0,2.0,1.0,
potential,weight_179,4,0.9486832980505139,0.25,1.0,"{""patents"": 0.274781963105381, ""applicants"": 0.18241291124430695, ""policy"": 0.542805125650312}",0,,,,,1.0,1.0,2.0,1.0,
potential,weight_180,4,0.9486832980505139,0.25,1.0,"{""patents"": 0.27402466175910245, ""applicants"": 0.19401349893003392, ""policy"": 0.5319618393108636}",0,,,,,1.0,1.0,2.0,1.0,
potential,weight_181,4,0.9486832980505139,0.25,1.0,"{""patents"": 0.33179152225236913, ""applicants"": 0.2147596987377589, ""policy"": 0.45344877900987196}",0,,,,,1.0,1.0,2.0,1.0,
potential,weight_182,4,0.9486832980505139,0.25,1.0,"{""patents"": 0.2967916751741431, ""applicants"": 0.2129218590996602, ""policy"": 0.4902864657261967}",0,,,,,1.0,1.0,2.0,1.0,
potential,weight_183,4,0.9486832980505139,0.25,1.0,"{""patents"": 0.2814199977886326, ""applicants"": 0.20822691273120697, ""policy"": 0.5103530894801604}",0,,,,,1.0,1.0,2.0,1.0,
potential,weight_184,4,0.9486832980505139,0.25,1.0,"{""patents"": 0.3234314263329896, ""applicants"": 0.1877735261868417, ""policy"": 0.48879504748016867}",0,,,,,1.0,1.0,2.0,1.0,
potential,weight_185,4,0.9486832980505139,0.25,1.0,"{""patents"": 0.28996056333129505, ""applicants"": 0.16944174952759053, ""policy"": 0.5405976871411144}",0,,,,,1.0,1.0,2.0,1.0,
potential,weight_186,4,0.316227766016838,0.75,2.0,"{""patents"": 0.24815891123748193, ""applicants"": 0.1661781215363366, ""policy"": 0.5856629672261814}",0,,,,,1.0,1.0,1.0,0.3333333333333333,
potential,weight_187,4,0.9486832980505139,0.25,1.0,"{""patents"": 0.3052193513982317, ""applicants"": 0.17503131462056487, ""policy"": 0.5197493339812034}",0,,,,,1.0,1.0,2.0,1.0,
potential,weight_188,4,0.9486832980505139,0.25,1.0,"{""patents"": 0.36072775420506403, ""applicants"": 0.2211001410355453, ""policy"": 0.4181721047593907}",0,,,,,1.0,1.0,2.0,1.0,
potential,weight_189,4,0.9486832980505139,0.25,1.0,"{""patents"": 0.3027632700167698, ""applicants"": 0.20990364141546894, ""policy"": 0.4873330885677613}",0,,,,,1.0,1.0,2.0,1.0,
potential,weight_190,4,0.9486832980505139,0.25,1.0,"{""patents"": 0.3113107672461524, ""applicants"": 0.2096737054531215, ""policy"": 0.47901552730072605}",0,,,,,1.0,1.0,2.0,1.0,
potential,weight_191,4,0.9486832980505139,0.25,1.0,"{""patents"": 0.30489937736949285, ""applicants"": 0.24143131130111364, ""policy"": 0.4536693113293934}",0,,,,,1.0,1.0,2.0,1.0,
potential,weight_192,4,0.632455532033676,0.75,1.0,"{""patents"": 0.25637068239464195, ""applicants"": 0.1932430396910089, ""policy"": 0.5503862779143491}",0,,,,,1.0,1.0,1.0,0.3333333333333333,
potential,weight_193,4,0.9486832980505139,0.25,1.0,"{""patents"": 0.3700388873594354, ""applicants"": 0.19011262441579507, ""policy"": 0.43984848822476946}",0,,,,,1.0,1.0,2.0,1.0,
potential,weight_194,4,0.9486832980505139,0.25,1.0,"{""patents"": 0.2839875684718281, ""applicants"": 0.22680975641623, ""policy"": 0.48920267511194204}",0,,,,,1.0,1.0,2.0,1.0,
potential,weight_195,4,0.632455532033676,0.75,1.0,"{""patents"": 0.2456350281523105, ""applicants"": 0.1989002805540453, ""policy"": 0.5554646912936442}",0,,,,,1.0,1.0,1.0,0.3333333333333333,
potential,weight_196,4,0.9486832980505139,0.25,1.0,"{""patents"": 0.28906780818155375, ""applicants"": 0.1946135742208409, ""policy"": 0.5163186175976053}",0,,,,,1.0,1.0,2.0,1.0,
potential,weight_197,4,0.9486832980505139,0.25,1.0,"{""patents"": 0.2907952680319838, ""applicants"": 0.20349011299703137, ""policy"": 0.5057146189709848}",0,,,,,1.0,1.0,2.0,1.0,
potential,weight_198,4,0.9486832980505139,0.25,1.0,"{""patents"": 0.3574152913734817, ""applicants"": 0.1928303012688308, ""policy"": 0.44975440735768757}",0,,,,,1.0,1.0,2.0,1.0,
potential,weight_199,4,0.9486832980505139,0.25,1.0,"{""patents"": 0.3283402965075532, ""applicants"": 0.24761524194602608, ""policy"": 0.42404446154642067}",0,,,,,1.0,1.0,2.0,1.0,
potential,weight_200,4,0.9486832980505139,0.25,1.0,"{""patents"": 0.3268287530388086, ""applicants"": 0.20157898794701828, ""policy"": 0.4715922590141731}",0,,,,,1.0,1.0,2.0,1.0,
potential,weight_201,4,0.9486832980505139,0.25,1.0,"{""patents"": 0.2790351338155749, ""applicants"": 0.20883003541083317, ""policy"": 0.5121348307735919}",0,,,,,1.0,1.0,2.0,1.0,
potential,weight_202,4,0.9486832980505139,0.25,1.0,"{""patents"": 0.29736560882530794, ""applicants"": 0.22936947731236842, ""policy"": 0.47326491386232367}",0,,,,,1.0,1.0,2.0,1.0,
potential,weight_203,4,0.9486832980505139,0.25,1.0,"{""patents"": 0.29270812961886644, ""applicants"": 0.20024331412012006, ""policy"": 0.5070485562610134}",0,,,,,1.0,1.0,2.0,1.0,
potential,weight_204,4,0.9486832980505139,0.25,1.0,"{""patents"": 0.29307771108586794, ""applicants"": 0.2148285356785336, ""policy"": 0.49209375323559845}",0,,,,,1.0,1.0,2.0,1.0,
potential,weight_205,4,0.9486832980505139,0.25,1.0,"{""patents"": 0.3166055046708671, ""applicants"": 0.1805588118076394, ""policy"": 0.5028356835214935}",0,,,,,1.0,1.0,2.0,1.0,
potential,weight_206,4,0.9486832980505139,0.25,1.0,"{""patents"": 0.25657763085550783, ""applicants"": 0.21694899956269334, ""policy"": 0.5264733695817988}",0,,,,,1.0,1.0,2.0,1.0,
potential,weight_207,4,0.9486832980505139,0.25,1.0,"{""patents"": 0.2901952451109449, ""applicants"": 0.2006120347578633, ""policy"": 0.5091927201311919}",0,,,,,1.0,1.0,2.0,1.0,
potential,weight_208,4,0.9486832980505139,0.25,1.0,"{""patents"": 0.33076170322925136, ""applicants"": 0.19870782682774546, ""policy"": 0.4705304699430032}",0,,,,,1.0,1.0,2.0,1.0,
potential,weight_209,4,0.9486832980505139,0.25,1.0,"{""patents"": 0.3391848225002809, ""applicants"": 0.16471290894367133, ""policy"": 0.49610226855604767}",0,,,,,1.0,1.0,2.0,1.0,
potential,weight_210,4,0.9486832980505139,0.25,1.0,"{""patents"": 0.337637484260719, ""applicants"": 0.21510056174902986, ""policy"": 0.44726195399025126}",0,,,,,1.0,1.0,2.0,1.0,
potential,weight_211,4,0.632455532033676,0.75,1.0,"{""patents"": 0.24918745285321448, ""applicants"": 0.18764251717319405, ""policy"": 0.5631700299735914}",0,,,,,1.0,1.0,1.0,0.3333333333333333,
potential,weight_212,4,0.9486832980505139,0.25,1.0,"{""patents"": 0.25225390505631134, ""applicants"": 0.20389588496460484, ""policy"": 0.5438502099790838}",0,,,,,1.0,1.0,2.0,1.0,
potential,weight_213,4,0.9486832980505139,0.25,1.0,"{""patents"": 0.3006789872435615, ""applicants"": 0.20571836984541828, ""policy"": 0.4936026429110201}",0,,,,,1.0,1.0,2.0,1.0,
potential,weight_214,4,0.9486832980505139,0.25,1.0,"{""patents"": 0.303431958031238, ""applicants"": 0.18463610265691877, ""policy"": 0.5119319393118432}",0,,,,,1.0,1.0,2.0,1.0,
potential,weight_215,4,0.9486832980505139,0.25,1.0,"{""patents"": 0.28420881476069615, ""applicants"": 0.19185168661361135, ""policy"": 0.5239394986256924}",0,,,,,1.0,1.0,2.0,1.0,
potential,weight_216,4,0.9486832980505139,0.25,1.0,"{""patents"": 0.35389261023959184, ""applicants"": 0.16349103087421984, ""policy"": 0.48261635888618837}",0,,,,,1.0,1.0,2.0,1.0,
potential,weight_217,4,0.9486832980505139,0.25,1.0,"{""patents"": 0.2992275551463144, ""applicants"": 0.16509149423186803, ""policy"": 0.5356809506218175}",0,,,,,1.0,1.0,2.0,1.0,
potential,weight_218,4,0.9486832980505139,0.25,1.0,"{""patents"": 0.31805526164487613, ""applicants"": 0.15645018831623222, ""policy"": 0.5254945500388915}",0,,,,,1.0,1.0,2.0,1.0,
potential,weight_219,4,0.9486832980505139,0.25,1.0,"{""patents"": 0.32328072362237614, ""applicants"": 0.17192482032224432, ""policy"": 0.5047944560553795}",0,,,,,1.0,1.0,2.0,1.0,
potential,weight_220,4,0.9486832980505139,0.25,1.0,"{""patents"": 0.2625711004185465, ""applicants"": 0.20754027752463855, ""policy"": 0.5298886220568151}",0,,,,,1.0,1.0,2.0,1.0,
potential,weight_221,4,0.9486832980505139,0.25,1.0,"{""patents"": 0.27526661770581007, ""applicants"": 0.2024014264262726, ""policy"": 0.5223319558679175}",0,,,,,1.0,1.0,2.0,1.0,
potential,weight_222,4,0.9486832980505139,0.25,1.0,"{""patents"": 0.3006745320373162, ""applicants"": 0.21183144128979778, ""policy"": 0.48749402667288605}",0,,,,,1.0,1.0,2.0,1.0,
potential,weight_223,4,0.632455532033676,0.75,1.0,"{""patents"": 0.26052908156340027, ""applicants"": 0.19359223521813904, ""policy"": 0.5458786832184607}",0,,,,,1.0,1.0,1.0,0.3333333333333333,
potential,weight_224,4,0.632455532033676,0.75,1.0,"{""patents"": 0.26519660525757593, ""applicants"": 0.18904568485769024, ""policy"": 0.5457577098847338}",0,,,,,1.0,1.0,1.0,0.3333333333333333,
potential,weight_225,4,0.9486832980505139,0.25,1.0,"{""patents"": 0.30816387996836986, ""applicants"": 0.19391361570862362, ""policy"": 0.49792250432300644}",0,,,,,1.0,1.0,2.0,1.0,
potential,weight_226,4,0.9486832980505139,0.25,1.0,"{""patents"": 0.31705206800513697, ""applicants"": 0.1513376592002086, ""policy"": 0.5316102727946543}",0,,,,,1.0,1.0,2.0,1.0,
potential,weight_227,4,0.9486832980505139,0.25,1.0,"{""patents"": 0.3701735387510714, ""applicants"": 0.1970482987966762, ""policy"": 0.4327781624522524}",0,,,,,1.0,1.0,2.0,1.0,
potential,weight_228,4,0.9486832980505139,0.25,1.0,"{""patents"": 0.27898838248008995, ""applicants"": 0.18016771406261864, ""policy"": 0.5408439034572914}",0,,,,,1.0,1.0,2.0,1.0,
potential,weight_229,4,0.9486832980505139,0.25,1.0,"{""patents"": 0.3179706779624014, ""applicants"": 0.19596713262099633, ""policy"": 0.4860621894166021}",0,,,,,1.0,1.0,2.0,1.0,
potential,weight_230,4,0.9486832980505139,0.25,1.0,"{""patents"": 0.34434388767869106, ""applicants"": 0.20277484187755837, ""policy"": 0.45288127044375054}",0,,,,,1.0,1.0,2.0,1.0,
potential,weight_231,4,0.9486832980505139,0.25,1.0,"{""patents"": 0.2828819681508276, ""applicants"": 0.18224342776599986, ""policy"": 0.5348746040831726}",0,,,,,1.0,1.0,2.0,1.0,
potential,weight_232,4,0.9486832980505139,0.25,1.0,"{""patents"": 0.3267923451439332, ""applicants"": 0.20475446335954758, ""policy"": 0.4684531914965192}",0,,,,,1.0,1.0,2.0,1.0,
potential,weight_233,4,0.9486832980505139,0.25,1.0,"{""patents"": 0.3192972575410074, ""applicants"": 0.15017052447309165, ""policy"": 0.530532217985901}",0,,,,,1.0,1.0,2.0,1.0,
potential,weight_234,4,0.9486832980505139,0.25,1.0,"{""patents"": 0.3092997431734954, ""applicants"": 0.17080615633171287, ""policy"": 0.5198941004947918}",0,,,,,1.0,1.0,2.0,1.0,
potential,weight_235,4,0.316227766016838,0.75,2.0,"{""patents"": 0.26190687157626996, ""applicants"": 0.15898547895044907, ""policy"": 0.5791076494732809}",0,,,,,1.0,1.0,1.0,0.3333333333333333,
potential,weight_236,4,0.9486832980505139,0.25,1.0,"{""patents"": 0.32039015715136854, ""applicants"": 0.2014866672636532, ""policy"": 0.47812317558497824}",0,,,,,1.0,1.0,2.0,1.0,
potential,weight_237,4,0.9486832980505139,0.25,1.0,"{""patents"": 0.3185722484971526, ""applicants"": 0.16985878728014317, ""policy"": 0.5115689642227043}",0,,,,,1.0,1.0,2.0,1.0,
potential,weight_238,4,0.9486832980505139,0.25,1.0,"{""patents"": 0.28333369656683, ""applicants"": 0.17992101786884412, ""policy"": 0.5367452855643259}",0,,,,,1.0,1.0,2.0,1.0,
potential,weight_239,4,0.9486832980505139,0.25,1.0,"{""patents"": 0.3308997365448236, ""applicants"": 0.15756327793598215, ""policy"": 0.5115369855191944}",0,,,,,1.0,1.0,2.0,1.0,
potential,weight_240,4,0.9486832980505139,0.25,1.0,"{""patents"": 0.29269650984683915, ""applicants"": 0.2038979444802769, ""policy"": 0.5034055456728839}",0,,,,,1.0,1.0,2.0,1.0,
potential,weight_241,4,0.9486832980505139,0.25,1.0,"{""patents"": 0.29292267088134294, ""applicants"": 0.16824818333767153, ""policy"": 0.5388291457809854}",0,,,,,1.0,1.0,2.0,1.0,
potential,weight_242,4,0.9486832980505139,0.25,1.0,"{""patents"": 0.3024248259411375, ""applicants"": 0.20951385984882112, ""policy"": 0.4880613142100414}",0,,,,,1.0,1.0,2.0,1.0,
potential,weight_243,4,0.9486832980505139,0.25,1.0,"{""patents"": 0.32066931993699166, ""applicants"": 0.1585430975772664, ""policy"": 0.5207875824857419}",0,,,,,1.0,1.0,2.0,1.0,
potential,weight_244,4,0.9486832980505139,0.25,1.0,"{""patents"": 0.2814956059823784, ""applicants"": 0.21699544384531688, ""policy"": 0.5015089501723047}",0,,,,,1.0,1.0,2.0,1.0,
potential,weight_245,4,0.9486832980505139,0.25,1.0,"{""patents"": 0.24554385716597404, ""applicants"": 0.2303503679550325, ""policy"": 0.5241057748789935}",0,,,,,1.0,1.0,2.0,1.0,
potential,weight_246,4,0.9486832980505139,0.25,1.0,"{""patents"": 0.3382844181176384, ""applicants"": 0.1957104285490604, ""policy"": 0.46600515333330117}",0,,,,,1.0,1.0,2.0,1.0,
potential,weight_247,4,0.9486832980505139,0.25,1.0,"{""patents"": 0.2512668708283103, ""applicants"": 0.21862513286998436, ""policy"": 0.5301079963017054}",0,,,,,1.0,1.0,2.0,1.0,
potential,weight_248,4,0.9486832980505139,0.25,1.0,"{""patents"": 0.286408822876877, ""applicants"": 0.23740705583518995, ""policy"": 0.47618412128793297}",0,,,,,1.0,1.0,2.0,1.0,
potential,weight_249,4,0.9486832980505139,0.25,1.0,"{""patents"": 0.2708665161743161, ""applicants"": 0.20553079732395718, ""policy"": 0.5236026865017266}",0,,,,,1.0,1.0,2.0,1.0,
potential,weight_250,4,0.9486832980505139,0.25,1.0,"{""patents"": 0.28094081212565347, ""applicants"": 0.24405361181089916, ""policy"": 0.47500557606344734}",0,,,,,1.0,1.0,2.0,1.0,
potential,weight_251,4,0.9486832980505139,0.25,1.0,"{""patents"": 0.2804160689233515, ""applicants"": 0.21030003226356997, ""policy"": 0.5092838988130786}",0,,,,,1.0,1.0,2.0,1.0,
potential,weight_252,4,0.632455532033676,0.75,1.0,"{""patents"": 0.26350213791383015, ""applicants"": 0.17170650349117028, ""policy"": 0.5647913585949995}",0,,,,,1.0,1.0,1.0,0.3333333333333333,
potential,weight_253,4,0.632455532033676,0.75,1.0,"{""patents"": 0.2831040847510335, ""applicants"": 0.15739876263713654, ""policy"": 0.5594971526118299}",0,,,,,1.0,1.0,1.0,0.3333333333333333,
potential,weight_254,4,0.9486832980505139,0.25,1.0,"{""patents"": 0.24737393356254542, ""applicants"": 0.22853820364100585, ""policy"": 0.5240878627964488}",0,,,,,1.0,1.0,2.0,1.0,
potential,weight_255,4,0.9486832980505139,0.25,1.0,"{""patents"": 0.3057509049429771, ""applicants"": 0.22625170400716693, ""policy"": 0.46799739104985605}",0,,,,,1.0,1.0,2.0,1.0,
potential,weight_256,4,0.9486832980505139,0.25,1.0,"{""patents"": 0.3380386534582092, ""applicants"": 0.18562324972129335, ""policy"": 0.4763380968204974}",0,,,,,1.0,1.0,2.0,1.0,
potential,weight_257,4,0.9486832980505139,0.25,1.0,"{""patents"": 0.2804837311876654, ""applicants"": 0.2222232025893586, ""policy"": 0.4972930662229759}",0,,,,,1.0,1.0,2.0,1.0,
potential,weight_258,4,0.9486832980505139,0.25,1.0,"{""patents"": 0.3256284360797921, ""applicants"": 0.180991186607679, ""policy"": 0.49338037731252904}",0,,,,,1.0,1.0,2.0,1.0,
potential,weight_259,4,0.632455532033676,0.75,1.0,"{""patents"": 0.25472843773407344, ""applicants"": 0.1836206530416519, ""policy"": 0.5616509092242746}",0,,,,,1.0,1.0,1.0,0.3333333333333333,
potential,weight_260,4,0.9486832980505139,0.25,1.0,"{""patents"": 0.3166919299843328, ""applicants"": 0.2313850007147728, ""policy"": 0.4519230693008944}",0,,,,,1.0,1.0,2.0,1.0,
potential,weight_261,4,0.632455532033676,0.75,1.0,"{""patents"": 0.25021623782681696, ""applicants"": 0.19752572992722453, ""policy"": 0.5522580322459586}",0,,,,,1.0,1.0,1.0,0.3333333333333333,
potential,weight_262,4,0.9486832980505139,0.25,1.0,"{""patents"": 0.3445785700385288, ""applicants"": 0.17396446005958888, ""policy"": 0.48145696990188236}",0,,,,,1.0,1.0,2.0,1.0,
potential,weight_263,4,0.9486832980505139,0.25,1.0,"{""patents"": 0.2983107583550462, ""applicants"": 0.2285111280152208, ""policy"": 0.473178113629733}",0,,,,,1.0,1.0,2.0,1.0,
potential,weight_264,4,0.9486832980505139,0.25,1.0,"{""patents"": 0.3373589637220574, ""applicants"": 0.1911483690891712, ""policy"": 0.47149266718877125}",0,,,,,1.0,1.0,2.0,1.0,
potential,weight_265,4,0.9486832980505139,0.25,1.0,"{""patents"": 0.32594718955651936, ""applicants"": 0.221940283254015, ""policy"": 0.45211252718946565}",0,,,,,1.0,1.0,2.0,1.0,
potential,weight_266,4,0.9486832980505139,0.25,1.0,"{""patents"": 0.33457305712255986, ""applicants"": 0.17938449352699906, ""policy"": 0.4860424493504411}",0,,,,,1.0,1.0,2.0,1.0,
potential,weight_267,4,0.9486832980505139,0.25,1.0,"{""patents"": 0.29676067695290786, ""applicants"": 0.18808920762897516, ""policy"": 0.5151501154181171}",0,,,,,1.0,1.0,2.0,1.0,
potential,weight_268,4,0.9486832980505139,0.25,1.0,"{""patents"": 0.3132326822482688, ""applicants"": 0.17780681037278517, ""policy"": 0.508960507378946}",0,,,,,1.0,1.0,2.0,1.0,
potential,weight_269,4,0.9486832980505139,0.25,1.0,"{""patents"": 0.2481515971024551, ""applicants"": 0.21061484994852736, ""policy"": 0.5412335529490175}",0,,,,,1.0,1.0,2.0,1.0,
potential,weight_270,4,0.9486832980505139,0.25,1.0,"{""patents"": 0.3461322719457784, ""applicants"": 0.22995898521566735, ""policy"": 0.42390874283855423}",0,,,,,1.0,1.0,2.0,1.0,
potential,weight_271,4,0.9486832980505139,0.25,1.0,"{""patents"": 0.29231616545035316, ""applicants"": 0.1749037968001587, ""policy"": 0.5327800377494882}",0,,,,,1.0,1.0,2.0,1.0,
potential,weight_272,4,0.9486832980505139,0.25,1.0,"{""patents"": 0.34345049303986713, ""applicants"": 0.19065610017346574, ""policy"": 0.465893406786667}",0,,,,,1.0,1.0,2.0,1.0,
potential,weight_273,4,0.9486832980505139,0.25,1.0,"{""patents"": 0.3560021772174812, ""applicants"": 0.18012624220712536, ""policy"": 0.46387158057539346}",0,,,,,1.0,1.0,2.0,1.0,
potential,weight_274,4,0.9486832980505139,0.25,1.0,"{""patents"": 0.36240943823485006, ""applicants"": 0.19332680444954675, ""policy"": 0.44426375731560314}",0,,,,,1.0,1.0,2.0,1.0,
potential,weight_275,4,0.9486832980505139,0.25,1.0,"{""patents"": 0.31758531386366606, ""applicants"": 0.2146731209290676, ""policy"": 0.46774156520726623}",0,,,,,1.0,1.0,2.0,1.0,
potential,weight_276,4,0.632455532033676,0.75,1.0,"{""patents"": 0.25504037749618375, ""applicants"": 0.1846730652448356, ""policy"": 0.5602865572589807}",0,,,,,1.0,1.0,1.0,0.3333333333333333,
potential,weight_277,4,0.632455532033676,0.75,1.0,"{""patents"": 0.2501078978942533, ""applicants"": 0.19308745202141092, ""policy"": 0.5568046500843359}",0,,,,,1.0,1.0,1.0,0.3333333333333333,
potential,weight_278,4,0.9486832980505139,0.25,1.0,"{""patents"": 0.29327427524308464, ""applicants"": 0.2003968167099277, ""policy"": 0.5063289080469877}",0,,,,,1.0,1.0,2.0,1.0,
potential,weight_279,4,0.9486832980505139,0.25,1.0,"{""patents"": 0.31349628246334443, ""applicants"": 0.22213816770174533, ""policy"": 0.4643655498349102}",0,,,,,1.0,1.0,2.0,1.0,
potential,weight_280,4,0.9486832980505139,0.25,1.0,"{""patents"": 0.3132831020997158, ""applicants"": 0.1794900027424847, ""policy"": 0.5072268951577995}",0,,,,,1.0,1.0,2.0,1.0,
potential,weight_281,4,0.9486832980505139,0.25,1.0,"{""patents"": 0.35498903137481713, ""applicants"": 0.22797253516474364, ""policy"": 0.4170384334604392}",0,,,,,1.0,1.0,2.0,1.0,
potential,weight_282,4,0.9486832980505139,0.25,1.0,"{""patents"": 0.3084073489441824, ""applicants"": 0.19058983170252133, ""policy"": 0.5010028193532963}",0,,,,,1.0,1.0,2.0,1.0,
potential,weight_283,4,0.9486832980505139,0.25,1.0,"{""patents"": 0.33564976931444485, ""applicants"": 0.19470913943939303, ""policy"": 0.4696410912461622}",0,,,,,1.0,1.0,2.0,1.0,
potential,weight_284,4,0.9486832980505139,0.25,1.0,"{""patents"": 0.29983104344633427, ""applicants"": 0.2253611477281581, ""policy"": 0.47480780882550766}",0,,,,,1.0,1.0,2.0,1.0,
potential,weight_285,4,0.632455532033676,0.75,1.0,"{""patents"": 0.22954259851509096, ""applicants"": 0.21317172404641443, ""policy"": 0.5572856774384947}",0,,,,,1.0,1.0,1.0,0.3333333333333333,
potential,weight_286,4,0.316227766016838,0.75,2.0,"{""patents"": 0.24355071189375366, ""applicants"": 0.16454640501795528, ""policy"": 0.5919028830882911}",0,,,,,1.0,1.0,1.0,0.3333333333333333,
potential,weight_287,4,0.9486832980505139,0.25,1.0,"{""patents"": 0.33221369114127575, ""applicants"": 0.19605549356030474, ""policy"": 0.4717308152984194}",0,,,,,1.0,1.0,2.0,1.0,
potential,weight_288,4,0.9486832980505139,0.25,1.0,"{""patents"": 0.29082589319947516, ""applicants"": 0.20409043915352928, ""policy"": 0.5050836676469955}",0,,,,,1.0,1.0,2.0,1.0,
potential,weight_289,4,0.9486832980505139,0.25,1.0,"{""patents"": 0.2769233779119849, ""applicants"": 0.23746381985668438, ""policy"": 0.48561280223133074}",0,,,,,1.0,1.0,2.0,1.0,
potential,weight_290,4,0.9486832980505139,0.25,1.0,"{""patents"": 0.3512130878933013, ""applicants"": 0.1934486264510402, ""policy"": 0.45533828565565854}",0,,,,,1.0,1.0,2.0,1.0,
potential,weight_291,4,0.9486832980505139,0.25,1.0,"{""patents"": 0.3189552393601913, ""applicants"": 0.238996921099286, ""policy"": 0.44204783954052274}",0,,,,,1.0,1.0,2.0,1.0,
potential,weight_292,4,0.9486832980505139,0.25,1.0,"{""patents"": 0.27985956193099537, ""applicants"": 0.2059075672224044, ""policy"": 0.5142328708466004}",0,,,,,1.0,1.0,2.0,1.0,
potential,weight_293,4,0.632455532033676,0.75,1.0,"{""patents"": 0.2637774344318594, ""applicants"": 0.17732046010102315, ""policy"": 0.5589021054671175}",0,,,,,1.0,1.0,1.0,0.3333333333333333,
potential,weight_294,4,0.9486832980505139,0.25,1.0,"{""patents"": 0.2860817410051446, ""applicants"": 0.20863820510294742, ""policy"": 0.505280053891908}",0,,,,,1.0,1.0,2.0,1.0,
potential,weight_295,4,0.9486832980505139,0.25,1.0,"{""patents"": 0.3123955551319285, ""applicants"": 0.17339133536712512, ""policy"": 0.5142131095009465}",0,,,,,1.0,1.0,2.0,1.0,
potential,weight_296,4,0.9486832980505139,0.25,1.0,"{""patents"": 0.25211915633624093, ""applicants"": 0.2040783379578426, ""policy"": 0.5438025057059165}",0,,,,,1.0,1.0,2.0,1.0,
potential,weight_297,4,0.9486832980505139,0.25,1.0,"{""patents"": 0.2662196510297811, ""applicants"": 0.19054349637310056, ""policy"": 0.5432368525971183}",0,,,,,1.0,1.0,2.0,1.0,
potential,weight_298,4,0.9486832980505139,0.25,1.0,"{""patents"": 0.3089691705691591, ""applicants"": 0.2128424456805291, ""policy"": 0.47818838375031175}",0,,,,,1.0,1.0,2.0,1.0,
potential,weight_299,4,0.9486832980505139,0.25,1.0,"{""patents"": 0.3154739611619588, ""applicants"": 0.23448372809603146, ""policy"": 0.4500423107420098}",0,,,,,1.0,1.0,2.0,1.0,
potential,weight_300,4,0.9486832980505139,0.25,1.0,"{""patents"": 0.2922468682828107, ""applicants"": 0.21706704825826578, ""policy"": 0.49068608345892356}",0,,,,,1.0,1.0,2.0,1.0,
potential,weight_301,4,0.9486832980505139,0.25,1.0,"{""patents"": 0.2777238361894075, ""applicants"": 0.20754371565597846, ""policy"": 0.514732448154614}",0,,,,,1.0,1.0,2.0,1.0,
potential,weight_302,4,0.9486832980505139,0.25,1.0,"{""patents"": 0.31527700364187655, ""applicants"": 0.18854357076969355, ""policy"": 0.4961794255884299}",0,,,,,1.0,1.0,2.0,1.0,
potential,weight_303,4,0.9486832980505139,0.25,1.0,"{""patents"": 0.2830734991234472, ""applicants"": 0.17547835842278467, ""policy"": 0.5414481424537682}",0,,,,,1.0,1.0,2.0,1.0,
potential,weight_304,4,0.632455532033676,0.75,1.0,"{""patents"": 0.2567361945532469, ""applicants"": 0.17297753356388998, ""policy"": 0.5702862718828632}",0,,,,,1.0,1.0,1.0,0.3333333333333333,
potential,weight_305,4,0.9486832980505139,0.25,1.0,"{""patents"": 0.2717157109629689, ""applicants"": 0.2604461077006874, ""policy"": 0.46783818133634364}",0,,,,,1.0,1.0,2.0,1.0,
potential,weight_306,4,0.9486832980505139,0.25,1.0,"{""patents"": 0.2984072104867104, ""applicants"": 0.22096883876956044, ""policy"": 0.48062395074372927}",0,,,,,1.0,1.0,2.0,1.0,
potential,weight_307,4,0.9486832980505139,0.25,1.0,"{""patents"": 0.2835114279679847, ""applicants"": 0.1857360363098314, ""policy"": 0.5307525357221841}",0,,,,,1.0,1.0,2.0,1.0,
potential,weight_308,4,0.9486832980505139,0.25,1.0,"{""patents"": 0.2678948335769487, ""applicants"": 0.21672164547917772, ""policy"": 0.5153835209438736}",0,,,,,1.0,1.0,2.0,1.0,
potential,weight_309,4,0.9486832980505139,0.25,1.0,"{""patents"": 0.320308897904145, ""applicants"": 0.21669650191169496, ""policy"": 0.4629946001841601}",0,,,,,1.0,1.0,2.0,1.0,
potential,weight_310,4,0.9486832980505139,0.25,1.0,"{""patents"": 0.25367080061687053, ""applicants"": 0.21156063871818287, ""policy"": 0.5347685606649466}",0,,,,,1.0,1.0,2.0,1.0,
potential,weight_311,4,0.9486832980505139,0.25,1.0,"{""patents"": 0.24728350307517336, ""applicants"": 0.20867375660383097, ""policy"": 0.5440427403209958}",0,,,,,1.0,1.0,2.0,1.0,
potential,weight_312,4,0.9486832980505139,0.25,1.0,"{""patents"": 0.29185216530177877, ""applicants"": 0.19639619839860428, ""policy"": 0.511751636299617}",0,,,,,1.0,1.0,2.0,1.0,
potential,weight_313,4,0.9486832980505139,0.25,1.0,"{""patents"": 0.28119059440119804, ""applicants"": 0.2027599549435539, ""policy"": 0.5160494506552482}",0,,,,,1.0,1.0,2.0,1.0,
potential,weight_314,4,0.9486832980505139,0.25,1.0,"{""patents"": 0.24473326708140403, ""applicants"": 0.22357824365333728, ""policy"": 0.5316884892652587}",0,,,,,1.0,1.0,2.0,1.0,
potential,weight_315,4,0.9486832980505139,0.25,1.0,"{""patents"": 0.3476602580327488, ""applicants"": 0.21456134798497117, ""policy"": 0.43777839398228}",0,,,,,1.0,1.0,2.0,1.0,
potential,weight_316,4,0.9486832980505139,0.25,1.0,"{""patents"": 0.2982128556959043, ""applicants"": 0.1887288133265428, ""policy"": 0.5130583309775528}",0,,,,,1.0,1.0,2.0,1.0,
potential,weight_317,4,0.9486832980505139,0.25,1.0,"{""patents"": 0.2927774336686406, ""applicants"": 0.20146914398753782, ""policy"": 0.5057534223438217}",0,,,,,1.0,1.0,2.0,1.0,
potential,weight_318,4,0.9486832980505139,0.25,1.0,"{""patents"": 0.2917318106661942, ""applicants"": 0.2115204184854112, ""policy"": 0.4967477708483948}",0,,,,,1.0,1.0,2.0,1.0,
potential,weight_319,4,0.9486832980505139,0.25,1.0,"{""patents"": 0.2799032200336599, ""applicants"": 0.18230898504890697, ""policy"": 0.5377877949174331}",0,,,,,1.0,1.0,2.0,1.0,
potential,weight_320,4,0.9486832980505139,0.25,1.0,"{""patents"": 0.29823241371479714, ""applicants"": 0.19911951434372224, ""policy"": 0.5026480719414806}",0,,,,,1.0,1.0,2.0,1.0,
potential,weight_321,4,0.9486832980505139,0.25,1.0,"{""patents"": 0.3407398834124869, ""applicants"": 0.23747515190005947, ""policy"": 0.42178496468745363}",0,,,,,1.0,1.0,2.0,1.0,
potential,weight_322,4,0.9486832980505139,0.25,1.0,"{""patents"": 0.25579628548373623, ""applicants"": 0.2423817692578871, ""policy"": 0.5018219452583766}",0,,,,,1.0,1.0,2.0,1.0,
potential,weight_323,4,0.9486832980505139,0.25,1.0,"{""patents"": 0.30183514507944714, ""applicants"": 0.19331632517959305, ""policy"": 0.5048485297409597}",0,,,,,1.0,1.0,2.0,1.0,
potential,weight_324,4,0.9486832980505139,0.25,1.0,"{""patents"": 0.28851041165393976, ""applicants"": 0.20672545091048547, ""policy"": 0.5047641374355748}",0,,,,,1.0,1.0,2.0,1.0,
potential,weight_325,4,0.632455532033676,0.75,1.0,"{""patents"": 0.26394187027446037, ""applicants"": 0.18429042308156668, ""policy"": 0.5517677066439731}",0,,,,,1.0,1.0,1.0,0.3333333333333333,
potential,weight_326,4,0.9486832980505139,0.25,1.0,"{""patents"": 0.3065939083275835, ""applicants"": 0.1869717184155345, ""policy"": 0.506434373256882}",0,,,,,1.0,1.0,2.0,1.0,
potential,weight_327,4,0.632455532033676,0.75,1.0,"{""patents"": 0.2767478904839068, ""applicants"": 0.1568817990996623, ""policy"": 0.5663703104164309}",0,,,,,1.0,1.0,1.0,0.3333333333333333,
potential,weight_328,4,0.9486832980505139,0.25,1.0,"{""patents"": 0.3385554415163815, ""applicants"": 0.18067764639730546, ""policy"": 0.48076691208631295}",0,,,,,1.0,1.0,2.0,1.0,
potential,weight_329,4,0.9486832980505139,0.25,1.0,"{""patents"": 0.25852713332801813, ""applicants"": 0.25201161866655847, ""policy"": 0.4894612480054234}",0,,,,,1.0,1.0,2.0,1.0,
potential,weight_330,4,0.9486832980505139,0.25,1.0,"{""patents"": 0.291437466125399, ""applicants"": 0.1997442072612834, ""policy"": 0.5088183266133176}",0,,,,,1.0,1.0,2.0,1.0,
potential,weight_331,4,0.9486832980505139,0.25,1.0,"{""patents"": 0.3205771674303954, ""applicants"": 0.2062442277314003, ""policy"": 0.47317860483820445}",0,,,,,1.0,1.0,2.0,1.0,
potential,weight_332,4,0.9486832980505139,0.25,1.0,"{""patents"": 0.32431799159312324, ""applicants"": 0.1829724404288321, ""policy"": 0.49270956797804455}",0,,,,,1.0,1.0,2.0,1.0,
potential,weight_333,4,0.9486832980505139,0.25,1.0,"{""patents"": 0.32594368971317983, ""applicants"": 0.19151619160818462, ""policy"": 0.4825401186786355}",0,,,,,1.0,1.0,2.0,1.0,
potential,weight_334,4,0.9486832980505139,0.25,1.0,"{""patents"": 0.3062777876511651, ""applicants"": 0.1977738143707718, ""policy"": 0.49594839797806317}",0,,,,,1.0,1.0,2.0,1.0,
potential,weight_335,4,0.9486832980505139,0.25,1.0,"{""patents"": 0.2995957907265875, ""applicants"": 0.19204902653962935, ""policy"": 0.5083551827337832}",0,,,,,1.0,1.0,2.0,1.0,
potential,weight_336,4,0.9486832980505139,0.25,1.0,"{""patents"": 0.29172346024713636, ""applicants"": 0.20294625691761836, ""policy"": 0.5053302828352453}",0,,,,,1.0,1.0,2.0,1.0,
potential,weight_337,4,0.9486832980505139,0.25,1.0,"{""patents"": 0.31358945328825427, ""applicants"": 0.21435637564558824, ""policy"": 0.4720541710661575}",0,,,,,1.0,1.0,2.0,1.0,
potential,weight_338,4,0.9486832980505139,0.25,1.0,"{""patents"": 0.32695354780237607, ""applicants"": 0.17281538371476482, ""policy"": 0.500231068482859}",0,,,,,1.0,1.0,2.0,1.0,
potential,weight_339,4,0.9486832980505139,0.25,1.0,"{""patents"": 0.2821669933279428, ""applicants"": 0.22548258214356257, ""policy"": 0.4923504245284946}",0,,,,,1.0,1.0,2.0,1.0,
potential,weight_340,4,0.632455532033676,0.75,1.0,"{""patents"": 0.26013568564892287, ""applicants"": 0.17984374977426215, ""policy"": 0.560020564576815}",0,,,,,1.0,1.0,1.0,0.3333333333333333,
potential,weight_341,4,0.9486832980505139,0.25,1.0,"{""patents"": 0.30237241426654243, ""applicants"": 0.2318526866549849, ""policy"": 0.4657748990784727}",0,,,,,1.0,1.0,2.0,1.0,
potential,weight_342,4,0.9486832980505139,0.25,1.0,"{""patents"": 0.26104768715421317, ""applicants"": 0.21424318529259537, ""policy"": 0.5247091275531914}",0,,,,,1.0,1.0,2.0,1.0,
potential,weight_343,4,0.9486832980505139,0.25,1.0,"{""patents"": 0.2796644263922844, ""applicants"": 0.22469408922965645, ""policy"": 0.4956414843780592}",0,,,,,1.0,1.0,2.0,1.0,
potential,weight_344,4,0.9486832980505139,0.25,1.0,"{""patents"": 0.29042794518885817, ""applicants"": 0.20323110707372952, ""policy"": 0.5063409477374123}",0,,,,,1.0,1.0,2.0,1.0,
potential,weight_345,4,0.9486832980505139,0.25,1.0,"{""patents"": 0.28507381858688213, ""applicants"": 0.2512795048938268, ""policy"": 0.46364667651929115}",0,,,,,1.0,1.0,2.0,1.0,
potential,weight_346,4,0.9486832980505139,0.25,1.0,"{""patents"": 0.3169214353650711, ""applicants"": 0.24800103210118926, ""policy"": 0.43507753253373965}",0,,,,,1.0,1.0,2.0,1.0,
potential,weight_347,4,0.9486832980505139,0.25,1.0,"{""patents"": 0.33184871332015803, ""applicants"": 0.1956472977853994, ""policy"": 0.4725039888944425}",0,,,,,1.0,1.0,2.0,1.0,
potential,weight_348,4,0.9486832980505139,0.25,1.0,"{""patents"": 0.3074761515584095, ""applicants"": 0.195206978784333, ""policy"": 0.4973168696572574}",0,,,,,1.0,1.0,2.0,1.0,
potential,weight_349,4,0.9486832980505139,0.25,1.0,"{""patents"": 0.2885158916218488, ""applicants"": 0.1737214892721849, ""policy"": 0.5377626191059662}",0,,,,,1.0,1.0,2.0,1.0,
potential,weight_350,4,0.9486832980505139,0.25,1.0,"{""patents"": 0.3099973122098229, ""applicants"": 0.2282811060365149, ""policy"": 0.46172158175366224}",0,,,,,1.0,1.0,2.0,1.0,
potential,weight_351,4,0.9486832980505139,0.25,1.0,"{""patents"": 0.33004510436383633, ""applicants"": 0.22937211470774815, ""policy"": 0.4405827809284154}",0,,,,,1.0,1.0,2.0,1.0,
potential,weight_352,4,0.9486832980505139,0.25,1.0,"{""patents"": 0.30086982837851395, ""applicants"": 0.18539439032662297, ""policy"": 0.5137357812948632}",0,,,,,1.0,1.0,2.0,1.0,
potential,weight_353,4,0.9486832980505139,0.25,1.0,"{""patents"": 0.30739089703721983, ""applicants"": 0.18808943139002166, ""policy"": 0.5045196715727586}",0,,,,,1.0,1.0,2.0,1.0,
potential,weight_354,4,0.9486832980505139,0.25,1.0,"{""patents"": 0.2745904947881657, ""applicants"": 0.222045140174424, ""policy"": 0.5033643650374102}",0,,,,,1.0,1.0,2.0,1.0,
potential,weight_355,4,0.9486832980505139,0.25,1.0,"{""patents"": 0.2553731793098943, ""applicants"": 0.22103641447689962, ""policy"": 0.5235904062132062}",0,,,,,1.0,1.0,2.0,1.0,
potential,weight_356,4,0.9486832980505139,0.25,1.0,"{""patents"": 0.3653822698439838, ""applicants"": 0.1754106311901837, ""policy"": 0.45920709896583245}",0,,,,,1.0,1.0,2.0,1.0,
potential,weight_357,4,0.316227766016838,0.75,2.0,"{""patents"": 0.2541933037132461, ""applicants"": 0.17265627415915452, ""policy"": 0.5731504221275993}",0,,,,,1.0,1.0,1.0,0.3333333333333333,
potential,weight_358,4,0.9486832980505139,0.25,1.0,"{""patents"": 0.2922842173644351, ""applicants"": 0.1740146075162363, ""policy"": 0.5337011751193286}",0,,,,,1.0,1.0,2.0,1.0,
potential,weight_359,4,0.9486832980505139,0.25,1.0,"{""patents"": 0.3550218954139813, ""applicants"": 0.23061083747223293, ""policy"": 0.41436726711378574}",0,,,,,1.0,1.0,2.0,1.0,
potential,weight_360,4,0.9486832980505139,0.25,1.0,"{""patents"": 0.2811866071842065, ""applicants"": 0.23191713399344666, ""policy"": 0.4868962588223468}",0,,,,,1.0,1.0,2.0,1.0,
potential,weight_361,4,0.9486832980505139,0.25,1.0,"{""patents"": 0.3609570507636332, ""applicants"": 0.19171266954956687, ""policy"": 0.44733027968679995}",0,,,,,1.0,1.0,2.0,1.0,
potential,weight_362,4,0.9486832980505139,0.25,1.0,"{""patents"": 0.26234098327831046, ""applicants"": 0.2160480952518522, ""policy"": 0.5216109214698375}",0,,,,,1.0,1.0,2.0,1.0,
potential,weight_363,4,0.632455532033676,0.75,1.0,"{""patents"": 0.29029470852290684, ""applicants"": 0.1634983462562184, ""policy"": 0.5462069452208748}",0,,,,,1.0,1.0,1.0,0.3333333333333333,
potential,weight_364,4,0.9486832980505139,0.25,1.0,"{""patents"": 0.2714244194765193, ""applicants"": 0.19261909052468146, ""policy"": 0.5359564899987993}",0,,,,,1.0,1.0,2.0,1.0,
potential,weight_365,4,0.9486832980505139,0.25,1.0,"{""patents"": 0.2942554647668812, ""applicants"": 0.19913966845739303, ""policy"": 0.5066048667757259}",0,,,,,1.0,1.0,2.0,1.0,
potential,weight_366,4,0.9486832980505139,0.25,1.0,"{""patents"": 0.2681325343584941, ""applicants"": 0.2448141870802945, ""policy"": 0.48705327856121133}",0,,,,,1.0,1.0,2.0,1.0,
potential,weight_367,4,0.9486832980505139,0.25,1.0,"{""patents"": 0.33939151821273567, ""applicants"": 0.17723762840040191, ""policy"": 0.4833708533868624}",0,,,,,1.0,1.0,2.0,1.0,
potential,weight_368,4,0.9486832980505139,0.25,1.0,"{""patents"": 0.3433719842349141, ""applicants"": 0.1876235829821953, ""policy"": 0.4690044327828906}",0,,,,,1.0,1.0,2.0,1.0,
potential,weight_369,4,0.632455532033676,0.75,1.0,"{""patents"": 0.27656341243006866, ""applicants"": 0.17153083696767232, ""policy"": 0.551905750602259}",0,,,,,1.0,1.0,1.0,0.3333333333333333,
potential,weight_370,4,0.9486832980505139,0.25,1.0,"{""patents"": 0.3021336526068667, ""applicants"": 0.2337346000390342, ""policy"": 0.46413174735409907}",0,,,,,1.0,1.0,2.0,1.0,
potential,weight_371,4,0.9486832980505139,0.25,1.0,"{""patents"": 0.2989522121270529, ""applicants"": 0.16772073762017067, ""policy"": 0.5333270502527763}",0,,,,,1.0,1.0,2.0,1.0,
potential,weight_372,4,0.9486832980505139,0.25,1.0,"{""patents"": 0.2957130173232832, ""applicants"": 0.1803154640093051, ""policy"": 0.5239715186674117}",0,,,,,1.0,1.0,2.0,1.0,
potential,weight_373,4,0.9486832980505139,0.25,1.0,"{""patents"": 0.31408823870363206, ""applicants"": 0.19859571467288076, ""policy"": 0.48731604662348704}",0,,,,,1.0,1.0,2.0,1.0,
potential,weight_374,4,0.9486832980505139,0.25,1.0,"{""patents"": 0.32319213343812714, ""applicants"": 0.2078406438187742, ""policy"": 0.4689672227430987}",0,,,,,1.0,1.0,2.0,1.0,
potential,weight_375,4,0.9486832980505139,0.25,1.0,"{""patents"": 0.3003694424609879, ""applicants"": 0.17398101592551846, ""policy"": 0.5256495416134936}",0,,,,,1.0,1.0,2.0,1.0,
potential,weight_376,4,0.9486832980505139,0.25,1.0,"{""patents"": 0.3190047487477338, ""applicants"": 0.15558902150130954, ""policy"": 0.5254062297509566}",0,,,,,1.0,1.0,2.0,1.0,
potential,weight_377,4,0.9486832980505139,0.25,1.0,"{""patents"": 0.322431429935968, ""applicants"": 0.16199625828836725, ""policy"": 0.5155723117756648}",0,,,,,1.0,1.0,2.0,1.0,
potential,weight_378,4,0.9486832980505139,0.25,1.0,"{""patents"": 0.28638907295457694, ""applicants"": 0.17279261613805294, ""policy"": 0.5408183109073701}",0,,,,,1.0,1.0,2.0,1.0,
potential,weight_379,4,0.9486832980505139,0.25,1.0,"{""patents"": 0.32533690550388933, ""applicants"": 0.21943749958990982, ""policy"": 0.4552255949062009}",0,,,,,1.0,1.0,2.0,1.0,
potential,weight_380,4,0.9486832980505139,0.25,1.0,"{""patents"": 0.2822727879819497, ""applicants"": 0.18928710861889872, ""policy"": 0.5284401033991516}",0,,,,,1.0,1.0,2.0,1.0,
potential,weight_381,4,0.632455532033676,0.75,1.0,"{""patents"": 0.27069881275567714, ""applicants"": 0.166524671958919, ""policy"": 0.5627765152854037}",0,,,,,1.0,1.0,1.0,0.3333333333333333,
potential,weight_382,4,0.9486832980505139,0.25,1.0,"{""patents"": 0.3282693195745539, ""applicants"": 0.1971317686131077, ""policy"": 0.47459891181233843}",0,,,,,1.0,1.0,2.0,1.0,
potential,weight_383,4,0.9486832980505139,0.25,1.0,"{""patents"": 0.2678372720584695, ""applicants"": 0.21352829392431213, ""policy"": 0.5186344340172183}",0,,,,,1.0,1.0,2.0,1.0,
potential,weight_384,4,0.9486832980505139,0.25,1.0,"{""patents"": 0.3187118418791915, ""applicants"": 0.20675844993695802, ""policy"": 0.47452970818385054}",0,,,,,1.0,1.0,2.0,1.0,
potential,weight_385,4,0.9486832980505139,0.25,1.0,"{""patents"": 0.3056869451710459, ""applicants"": 0.15755327294780666, ""policy"": 0.5367597818811474}",0,,,,,1.0,1.0,2.0,1.0,
potential,weight_386,4,0.9486832980505139,0.25,1.0,"{""patents"": 0.3075508193826885, ""applicants"": 0.19904706594866997, ""policy"": 0.4934021146686415}",0,,,,,1.0,1.0,2.0,1.0,
potential,weight_387,4,0.9486832980505139,0.25,1.0,"{""patents"": 0.3040359953730881, ""applicants"": 0.2107717200328327, ""policy"": 0.48519228459407926}",0,,,,,1.0,1.0,2.0,1.0,
potential,weight_388,4,0.9486832980505139,0.25,1.0,"{""patents"": 0.2759941053918958, ""applicants"": 0.20692294162889405, ""policy"": 0.5170829529792101}",0,,,,,1.0,1.0,2.0,1.0,
potential,weight_389,4,0.9486832980505139,0.25,1.0,"{""patents"": 0.31849228066642044, ""applicants"": 0.18234139897961008, ""policy"": 0.49916632035396946}",0,,,,,1.0,1.0,2.0,1.0,
potential,weight_390,4,0.9486832980505139,0.25,1.0,"{""patents"": 0.3005463104873428, ""applicants"": 0.18556210513111168, ""policy"": 0.5138915843815455}",0,,,,,1.0,1.0,2.0,1.0,
potential,weight_391,4,0.632455532033676,0.75,1.0,"{""patents"": 0.27613300422906034, ""applicants"": 0.17091738829887054, ""policy"": 0.5529496074720691}",0,,,,,1.0,1.0,1.0,0.3333333333333333,
potential,weight_392,4,0.9486832980505139,0.25,1.0,"{""patents"": 0.2826974993944459, ""applicants"": 0.17289747880557976, ""policy"": 0.5444050217999743}",0,,,,,1.0,1.0,2.0,1.0,
potential,weight_393,4,0.9486832980505139,0.25,1.0,"{""patents"": 0.30202142903711277, ""applicants"": 0.17708858255429802, ""policy"": 0.5208899884085892}",0,,,,,1.0,1.0,2.0,1.0,
potential,weight_394,4,0.9486832980505139,0.25,1.0,"{""patents"": 0.2956087119448477, ""applicants"": 0.22765882869637363, ""policy"": 0.4767324593587787}",0,,,,,1.0,1.0,2.0,1.0,
potential,weight_395,4,0.9486832980505139,0.25,1.0,"{""patents"": 0.2948031776737526, ""applicants"": 0.2035736428481227, ""policy"": 0.5016231794781247}",0,,,,,1.0,1.0,2.0,1.0,
potential,weight_396,4,0.9486832980505139,0.25,1.0,"{""patents"": 0.28320648623782946, ""applicants"": 0.19661237138668738, ""policy"": 0.5201811423754832}",0,,,,,1.0,1.0,2.0,1.0,
potential,weight_397,4,0.9486832980505139,0.25,1.0,"{""patents"": 0.3744342583235293, ""applicants"": 0.2053946686832597, ""policy"": 0.42017107299321105}",0,,,,,1.0,1.0,2.0,1.0,
potential,weight_398,4,0.632455532033676,0.75,1.0,"{""patents"": 0.26923171723084766, ""applicants"": 0.16125732817839836, ""policy"": 0.5695109545907541}",0,,,,,1.0,1.0,1.0,0.3333333333333333,
potential,weight_399,4,0.9486832980505139,0.25,1.0,"{""patents"": 0.29708854529369066, ""applicants"": 0.1838275125645186, ""policy"": 0.5190839421417909}",0,,,,,1.0,1.0,2.0,1.0,
potential,weight_400,4,0.9486832980505139,0.25,1.0,"{""patents"": 0.31355289213412757, ""applicants"": 0.1764139795169057, ""policy"": 0.5100331283489666}",0,,,,,1.0,1.0,2.0,1.0,
potential,weight_401,4,0.9486832980505139,0.25,1.0,"{""patents"": 0.31247985515668064, ""applicants"": 0.20708492911193746, ""policy"": 0.48043521573138187}",0,,,,,1.0,1.0,2.0,1.0,
potential,weight_402,4,0.9486832980505139,0.25,1.0,"{""patents"": 0.33220112747559216, ""applicants"": 0.18416600731888216, ""policy"": 0.4836328652055257}",0,,,,,1.0,1.0,2.0,1.0,
potential,weight_403,4,0.632455532033676,0.75,1.0,"{""patents"": 0.24436802341151906, ""applicants"": 0.18650503163827734, ""policy"": 0.5691269449502036}",0,,,,,1.0,1.0,1.0,0.3333333333333333,
potential,weight_404,4,0.9486832980505139,0.25,1.0,"{""patents"": 0.2813741360168902, ""applicants"": 0.1942481096607751, ""policy"": 0.5243777543223346}",0,,,,,1.0,1.0,2.0,1.0,
potential,weight_405,4,0.9486832980505139,0.25,1.0,"{""patents"": 0.3070930353134207, ""applicants"": 0.21314844452005507, ""policy"": 0.47975852016652426}",0,,,,,1.0,1.0,2.0,1.0,
potential,weight_406,4,0.9486832980505139,0.25,1.0,"{""patents"": 0.2993802159357158, ""applicants"": 0.22324601115253215, ""policy"": 0.4773737729117521}",0,,,,,1.0,1.0,2.0,1.0,
potential,weight_407,4,0.9486832980505139,0.25,1.0,"{""patents"": 0.29257510319225283, ""applicants"": 0.2127645376729798, ""policy"": 0.49466035913476747}",0,,,,,1.0,1.0,2.0,1.0,
potential,weight_408,4,0.632455532033676,0.75,1.0,"{""patents"": 0.23837305910356063, ""applicants"": 0.2054153015124741, ""policy"": 0.5562116393839652}",0,,,,,1.0,1.0,1.0,0.3333333333333333,
potential,weight_409,4,0.9486832980505139,0.25,1.0,"{""patents"": 0.30413110685396116, ""applicants"": 0.20197482698933505, ""policy"": 0.49389406615670395}",0,,,,,1.0,1.0,2.0,1.0,
potential,weight_410,4,0.9486832980505139,0.25,1.0,"{""patents"": 0.2819685274340876, ""applicants"": 0.21024742077173092, ""policy"": 0.5077840517941814}",0,,,,,1.0,1.0,2.0,1.0,
potential,weight_411,4,0.9486832980505139,0.25,1.0,"{""patents"": 0.33249579766415804, ""applicants"": 0.1949033500806663, ""policy"": 0.4726008522551756}",0,,,,,1.0,1.0,2.0,1.0,
potential,weight_412,4,0.9486832980505139,0.25,1.0,"{""patents"": 0.31405371975259927, ""applicants"": 0.16954519829055992, ""policy"": 0.5164010819568408}",0,,,,,1.0,1.0,2.0,1.0,
potential,weight_413,4,0.9486832980505139,0.25,1.0,"{""patents"": 0.2737581189117908, ""applicants"": 0.23197098170415162, ""policy"": 0.49427089938405755}",0,,,,,1.0,1.0,2.0,1.0,
potential,weight_414,4,0.9486832980505139,0.25,1.0,"{""patents"": 0.3470414017277782, ""applicants"": 0.20567177383514745, ""policy"": 0.4472868244370744}",0,,,,,1.0,1.0,2.0,1.0,
potential,weight_415,4,0.9486832980505139,0.25,1.0,"{""patents"": 0.2797340629631383, ""applicants"": 0.2245242367679917, ""policy"": 0.49574170026887}",0,,,,,1.0,1.0,2.0,1.0,
potential,weight_416,4,0.9486832980505139,0.25,1.0,"{""patents"": 0.29914159407967456, ""applicants"": 0.1976776772162427, ""policy"": 0.5031807287040828}",0,,,,,1.0,1.0,2.0,1.0,
potential,weight_417,4,0.9486832980505139,0.25,1.0,"{""patents"": 0.3451169541369434, ""applicants"": 0.17026768099681858, ""policy"": 0.484615364866238}",0,,,,,1.0,1.0,2.0,1.0,
potential,weight_418,4,0.9486832980505139,0.25,1.0,"{""patents"": 0.26792759998940163, ""applicants"": 0.2263882062254345, ""policy"": 0.5056841937851637}",0,,,,,1.0,1.0,2.0,1.0,
potential,weight_419,4,0.9486832980505139,0.25,1.0,"{""patents"": 0.3073169303507696, ""applicants"": 0.16586299712328237, ""policy"": 0.526820072525948}",0,,,,,1.0,1.0,2.0,1.0,
potential,weight_420,4,0.9486832980505139,0.25,1.0,"{""patents"": 0.35792354495820816, ""applicants"": 0.18416872951344793, ""policy"": 0.4579077255283438}",0,,,,,1.0,1.0,2.0,1.0,
potential,weight_421,4,0.9486832980505139,0.25,1.0,"{""patents"": 0.3000863153804372, ""applicants"": 0.20847942913490172, ""policy"": 0.49143425548466113}",0,,,,,1.0,1.0,2.0,1.0,
potential,weight_422,4,0.9486832980505139,0.25,1.0,"{""patents"": 0.3318596263028179, ""applicants"": 0.20534029211284338, ""policy"": 0.4628000815843388}",0,,,,,1.0,1.0,2.0,1.0,
potential,weight_423,4,0.9486832980505139,0.25,1.0,"{""patents"": 0.3095677765929024, ""applicants"": 0.17956211831420912, ""policy"": 0.5108701050928885}",0,,,,,1.0,1.0,2.0,1.0,
potential,weight_424,4,0.9486832980505139,0.25,1.0,"{""patents"": 0.3109907285409325, ""applicants"": 0.21097053722717835, ""policy"": 0.4780387342318892}",0,,,,,1.0,1.0,2.0,1.0,
potential,weight_425,4,0.9486832980505139,0.25,1.0,"{""patents"": 0.2827086122221185, ""applicants"": 0.20448560204202845, ""policy"": 0.5128057857358531}",0,,,,,1.0,1.0,2.0,1.0,
potential,weight_426,4,0.9486832980505139,0.25,1.0,"{""patents"": 0.2910206189383451, ""applicants"": 0.16684882656959596, ""policy"": 0.5421305544920589}",0,,,,,1.0,1.0,2.0,1.0,
potential,weight_427,4,0.632455532033676,0.75,1.0,"{""patents"": 0.2704741223461259, ""applicants"": 0.17233722804053123, ""policy"": 0.5571886496133429}",0,,,,,1.0,1.0,1.0,0.3333333333333333,
potential,weight_428,4,0.9486832980505139,0.25,1.0,"{""patents"": 0.26852812599444376, ""applicants"": 0.19133844601793995, ""policy"": 0.5401334279876163}",0,,,,,1.0,1.0,2.0,1.0,
potential,weight_429,4,0.9486832980505139,0.25,1.0,"{""patents"": 0.2632054809803229, ""applicants"": 0.20816261032694955, ""policy"": 0.5286319086927275}",0,,,,,1.0,1.0,2.0,1.0,
potential,weight_430,4,0.9486832980505139,0.25,1.0,"{""patents"": 0.30447889273346385, ""applicants"": 0.187580663873449, ""policy"": 0.5079404433930872}",0,,,,,1.0,1.0,2.0,1.0,
potential,weight_431,4,0.9486832980505139,0.25,1.0,"{""patents"": 0.37633904270617163, ""applicants"": 0.17419476459681596, ""policy"": 0.44946619269701243}",0,,,,,1.0,1.0,2.0,1.0,
potential,weight_432,4,0.9486832980505139,0.25,1.0,"{""patents"": 0.27671818530474523, ""applicants"": 0.19680336973052864, ""policy"": 0.5264784449647262}",0,,,,,1.0,1.0,2.0,1.0,
potential,weight_433,4,0.9486832980505139,0.25,1.0,"{""patents"": 0.2727547858704608, ""applicants"": 0.19269158963264418, ""policy"": 0.534553624496895}",0,,,,,1.0,1.0,2.0,1.0,
potential,weight_434,4,0.9486832980505139,0.25,1.0,"{""patents"": 0.2828252719988887, ""applicants"": 0.1932450314530001, ""policy"": 0.5239296965481113}",0,,,,,1.0,1.0,2.0,1.0,
potential,weight_435,4,0.9486832980505139,0.25,1.0,"{""patents"": 0.2894857666910888, ""applicants"": 0.20179549981209732, ""policy"": 0.508718733496814}",0,,,,,1.0,1.0,2.0,1.0,
potential,weight_436,4,0.9486832980505139,0.25,1.0,"{""patents"": 0.3062916018895639, ""applicants"": 0.20537870105307096, ""policy"": 0.48832969705736523}",0,,,,,1.0,1.0,2.0,1.0,
potential,weight_437,4,0.9486832980505139,0.25,1.0,"{""patents"": 0.2740281163359416, ""applicants"": 0.19835610068213566, ""policy"": 0.5276157829819227}",0,,,,,1.0,1.0,2.0,1.0,
potential,weight_438,4,0.9486832980505139,0.25,1.0,"{""patents"": 0.3060470076418428, ""applicants"": 0.1848712752919656, ""policy"": 0.5090817170661917}",0,,,,,1.0,1.0,2.0,1.0,
potential,weight_439,4,0.9486832980505139,0.25,1.0,"{""patents"": 0.2434793095770224, ""applicants"": 0.2248147440117343, ""policy"": 0.5317059464112432}",0,,,,,1.0,1.0,2.0,1.0,
potential,weight_440,4,0.9486832980505139,0.25,1.0,"{""patents"": 0.35009401244582616, ""applicants"": 0.23047537128096218, ""policy"": 0.41943061627321165}",0,,,,,1.0,1.0,2.0,1.0,
potential,weight_441,4,0.9486832980505139,0.25,1.0,"{""patents"": 0.3079885001636637, ""applicants"": 0.20603468331128333, ""policy"": 0.48597681652505303}",0,,,,,1.0,1.0,2.0,1.0,
potential,weight_442,4,0.9486832980505139,0.25,1.0,"{""patents"": 0.29426958995346714, ""applicants"": 0.23126223561708545, ""policy"": 0.4744681744294474}",0,,,,,1.0,1.0,2.0,1.0,
potential,weight_443,4,0.9486832980505139,0.25,1.0,"{""patents"": 0.3224100514401592, ""applicants"": 0.2418794829087465, ""policy"": 0.4357104656510942}",0,,,,,1.0,1.0,2.0,1.0,
potential,weight_444,4,0.9486832980505139,0.25,1.0,"{""patents"": 0.3143371189128204, ""applicants"": 0.18684560337500544, ""policy"": 0.4988172777121742}",0,,,,,1.0,1.0,2.0,1.0,
potential,weight_445,4,0.9486832980505139,0.25,1.0,"{""patents"": 0.3022999930337572, ""applicants"": 0.23001421334556174, ""policy"": 0.4676857936206811}",0,,,,,1.0,1.0,2.0,1.0,
potential,weight_446,4,0.9486832980505139,0.25,1.0,"{""patents"": 0.30961941938804277, ""applicants"": 0.16847679126996223, ""policy"": 0.521903789341995}",0,,,,,1.0,1.0,2.0,1.0,
potential,weight_447,4,0.9486832980505139,0.25,1.0,"{""patents"": 0.3398962766996165, ""applicants"": 0.19748790473230501, ""policy"": 0.4626158185680785}",0,,,,,1.0,1.0,2.0,1.0,
potential,weight_448,4,0.9486832980505139,0.25,1.0,"{""patents"": 0.33684472303168256, ""applicants"": 0.22895854262270152, ""policy"": 0.4341967343456159}",0,,,,,1.0,1.0,2.0,1.0,
potential,weight_449,4,0.9486832980505139,0.25,1.0,"{""patents"": 0.27232629480903714, ""applicants"": 0.20267202364967074, ""policy"": 0.5250016815412922}",0,,,,,1.0,1.0,2.0,1.0,
potential,weight_450,4,0.316227766016838,0.75,2.0,"{""patents"": 0.25208222169880357, ""applicants"": 0.1757383173928752, ""policy"": 0.5721794609083212}",0,,,,,1.0,1.0,1.0,0.3333333333333333,
potential,weight_451,4,0.9486832980505139,0.25,1.0,"{""patents"": 0.3002564513690923, ""applicants"": 0.22676427744275945, ""policy"": 0.47297927118814825}",0,,,,,1.0,1.0,2.0,1.0,
potential,weight_452,4,0.9486832980505139,0.25,1.0,"{""patents"": 0.24808220625037322, ""applicants"": 0.20723346306706594, ""policy"": 0.5446843306825608}",0,,,,,1.0,1.0,2.0,1.0,
potential,weight_453,4,0.9486832980505139,0.25,1.0,"{""patents"": 0.2771236271551058, ""applicants"": 0.22826341146209445, ""policy"": 0.49461296138279964}",0,,,,,1.0,1.0,2.0,1.0,
potential,weight_454,4,0.9486832980505139,0.25,1.0,"{""patents"": 0.2574164172682311, ""applicants"": 0.24827115214721998, ""policy"": 0.4943124305845488}",0,,,,,1.0,1.0,2.0,1.0,
potential,weight_455,4,0.9486832980505139,0.25,1.0,"{""patents"": 0.30305343963783166, ""applicants"": 0.20476310999734215, ""policy"": 0.49218345036482614}",0,,,,,1.0,1.0,2.0,1.0,
potential,weight_456,4,0.9486832980505139,0.25,1.0,"{""patents"": 0.3174906445017227, ""applicants"": 0.18926730803973524, ""policy"": 0.4932420474585422}",0,,,,,1.0,1.0,2.0,1.0,
potential,weight_457,4,0.9486832980505139,0.25,1.0,"{""patents"": 0.32108668774374916, ""applicants"": 0.2370500779656242, ""policy"": 0.4418632342906267}",0,,,,,1.0,1.0,2.0,1.0,
potential,weight_458,4,0.9486832980505139,0.25,1.0,"{""patents"": 0.30997676626606135, ""applicants"": 0.21470623994147406, ""policy"": 0.47531699379246456}",0,,,,,1.0,1.0,2.0,1.0,
potential,weight_459,4,0.9486832980505139,0.25,1.0,"{""patents"": 0.33812859301507303, ""applicants"": 0.22632406915977424, ""policy"": 0.4355473378251527}",0,,,,,1.0,1.0,2.0,1.0,
potential,weight_460,4,0.9486832980505139,0.25,1.0,"{""patents"": 0.32419740230372596, ""applicants"": 0.22366470244507408, ""policy"": 0.4521378952511999}",0,,,,,1.0,1.0,2.0,1.0,
potential,weight_461,4,0.632455532033676,0.75,1.0,"{""patents"": 0.26662711596395317, ""applicants"": 0.1847293433393176, ""policy"": 0.5486435406967292}",0,,,,,1.0,1.0,1.0,0.3333333333333333,
potential,weight_462,4,0.9486832980505139,0.25,1.0,"{""patents"": 0.28727489476795104, ""applicants"": 0.19550961199857722, ""policy"": 0.5172154932334717}",0,,,,,1.0,1.0,2.0,1.0,
potential,weight_463,4,0.9486832980505139,0.25,1.0,"{""patents"": 0.3181775744211192, ""applicants"": 0.20131756571905346, ""policy"": 0.4805048598598275}",0,,,,,1.0,1.0,2.0,1.0,
potential,weight_464,4,0.9486832980505139,0.25,1.0,"{""patents"": 0.2758334713252592, ""applicants"": 0.21860986002523422, ""policy"": 0.5055566686495065}",0,,,,,1.0,1.0,2.0,1.0,
potential,weight_465,4,0.9486832980505139,0.25,1.0,"{""patents"": 0.26395467159972585, ""applicants"": 0.199601273529107, ""policy"": 0.5364440548711671}",0,,,,,1.0,1.0,2.0,1.0,
potential,weight_466,4,0.9486832980505139,0.25,1.0,"{""patents"": 0.29777936712725295, ""applicants"": 0.1772573831424482, ""policy"": 0.5249632497302988}",0,,,,,1.0,1.0,2.0,1.0,
potential,weight_467,4,0.9486832980505139,0.25,1.0,"{""patents"": 0.3384452683205901, ""applicants"": 0.193145520623841, ""policy"": 0.4684092110555688}",0,,,,,1.0,1.0,2.0,1.0,
potential,weight_468,4,0.9486832980505139,0.25,1.0,"{""patents"": 0.2716201691844572, ""applicants"": 0.19323553527563994, ""policy"": 0.535144295539903}",0,,,,,1.0,1.0,2.0,1.0,
potential,weight_469,4,0.9486832980505139,0.25,1.0,"{""patents"": 0.33320867411678373, ""applicants"": 0.23332879705282336, ""policy"": 0.433462528830393}",0,,,,,1.0,1.0,2.0,1.0,
potential,weight_470,4,0.9486832980505139,0.25,1.0,"{""patents"": 0.2809184849189405, ""applicants"": 0.21910784806126266, ""policy"": 0.4999736670197969}",0,,,,,1.0,1.0,2.0,1.0,
potential,weight_471,4,0.9486832980505139,0.25,1.0,"{""patents"": 0.29528516506025604, ""applicants"": 0.18934378842694602, ""policy"": 0.5153710465127981}",0,,,,,1.0,1.0,2.0,1.0,
potential,weight_472,4,0.9486832980505139,0.25,1.0,"{""patents"": 0.2754735523081106, ""applicants"": 0.2035812019315196, ""policy"": 0.5209452457603697}",0,,,,,1.0,1.0,2.0,1.0,
potential,weight_473,4,0.9486832980505139,0.25,1.0,"{""patents"": 0.3340983397376109, ""applicants"": 0.19836454461162967, ""policy"": 0.46753711565075945}",0,,,,,1.0,1.0,2.0,1.0,
potential,weight_474,4,0.9486832980505139,0.25,1.0,"{""patents"": 0.30721822815567207, ""applicants"": 0.22189731358731057, ""policy"": 0.47088445825701736}",0,,,,,1.0,1.0,2.0,1.0,
potential,weight_475,4,0.9486832980505139,0.25,1.0,"{""patents"": 0.32505828208025195, ""applicants"": 0.1493873450688779, ""policy"": 0.5255543728508701}",0,,,,,1.0,1.0,2.0,1.0,
potential,weight_476,4,0.9486832980505139,0.25,1.0,"{""patents"": 0.3242833445676007, ""applicants"": 0.15206801285134167, ""policy"": 0.5236486425810575}",0,,,,,1.0,1.0,2.0,1.0,
potential,weight_477,4,0.9486832980505139,0.25,1.0,"{""patents"": 0.2993272872700556, ""applicants"": 0.21611109416809818, ""policy"": 0.4845616185618464}",0,,,,,1.0,1.0,2.0,1.0,
potential,weight_478,4,0.9486832980505139,0.25,1.0,"{""patents"": 0.25869080287101304, ""applicants"": 0.22464609425653068, ""policy"": 0.5166631028724562}",0,,,,,1.0,1.0,2.0,1.0,
potential,weight_479,4,0.9486832980505139,0.25,1.0,"{""patents"": 0.31851905867620867, ""applicants"": 0.19829303676704338, ""policy"": 0.48318790455674787}",0,,,,,1.0,1.0,2.0,1.0,
potential,weight_480,4,0.9486832980505139,0.25,1.0,"{""patents"": 0.34535814883889104, ""applicants"": 0.21229565840104722, ""policy"": 0.44234619276006176}",0,,,,,1.0,1.0,2.0,1.0,
potential,weight_481,4,0.9486832980505139,0.25,1.0,"{""patents"": 0.2894896204220504, ""applicants"": 0.204848975541315, ""policy"": 0.5056614040366347}",0,,,,,1.0,1.0,2.0,1.0,
potential,weight_482,4,0.9486832980505139,0.25,1.0,"{""patents"": 0.3304698373577483, ""applicants"": 0.18202256913071116, ""policy"": 0.48750759351154055}",0,,,,,1.0,1.0,2.0,1.0,
potential,weight_483,4,0.632455532033676,0.75,1.0,"{""patents"": 0.2506354429878087, ""applicants"": 0.18004455071889414, ""policy"": 0.5693200062932973}",0,,,,,1.0,1.0,1.0,0.3333333333333333,
potential,weight_484,4,0.9486832980505139,0.25,1.0,"{""patents"": 0.30285149299192243, ""applicants"": 0.2155322364458249, ""policy"": 0.48161627056225254}",0,,,,,1.0,1.0,2.0,1.0,
potential,weight_485,4,0.9486832980505139,0.25,1.0,"{""patents"": 0.33543808531096037, ""applicants"": 0.22873441005321787, ""policy"": 0.4358275046358217}",0,,,,,1.0,1.0,2.0,1.0,
potential,weight_486,4,0.632455532033676,0.75,1.0,"{""patents"": 0.26650842838917005, ""applicants"": 0.1872644997790364, ""policy"": 0.5462270718317935}",0,,,,,1.0,1.0,1.0,0.3333333333333333,
potential,weight_487,4,0.9486832980505139,0.25,1.0,"{""patents"": 0.25041846673627316, ""applicants"": 0.21592235168400842, ""policy"": 0.5336591815797185}",0,,,,,1.0,1.0,2.0,1.0,
potential,weight_488,4,0.9486832980505139,0.25,1.0,"{""patents"": 0.32160408160924575, ""applicants"": 0.14986497294947324, ""policy"": 0.528530945441281}",0,,,,,1.0,1.0,2.0,1.0,
potential,weight_489,4,0.9486832980505139,0.25,1.0,"{""patents"": 0.2767825091256878, ""applicants"": 0.22565571663262593, ""policy"": 0.4975617742416863}",0,,,,,1.0,1.0,2.0,1.0,
potential,weight_490,4,0.9486832980505139,0.25,1.0,"{""patents"": 0.3089038684986943, ""applicants"": 0.22296794493734182, ""policy"": 0.468128186563964}",0,,,,,1.0,1.0,2.0,1.0,
potential,weight_491,4,0.9486832980505139,0.25,1.0,"{""patents"": 0.3367531091526162, ""applicants"": 0.18073943400145087, ""policy"": 0.4825074568459331}",0,,,,,1.0,1.0,2.0,1.0,
potential,weight_492,4,0.9486832980505139,0.25,1.0,"{""patents"": 0.3031343648720571, ""applicants"": 0.20126631031422568, ""policy"": 0.49559932481371727}",0,,,,,1.0,1.0,2.0,1.0,
potential,weight_493,4,0.9486832980505139,0.25,1.0,"{""patents"": 0.29271836685044045, ""applicants"": 0.23356477836741263, ""policy"": 0.4737168547821469}",0,,,,,1.0,1.0,2.0,1.0,
potential,weight_494,4,0.9486832980505139,0.25,1.0,"{""patents"": 0.26693304300373344, ""applicants"": 0.24438058560569487, ""policy"": 0.4886863713905717}",0,,,,,1.0,1.0,2.0,1.0,
potential,weight_495,4,0.632455532033676,0.75,1.0,"{""patents"": 0.25832377349942504, ""applicants"": 0.18869883552227065, ""policy"": 0.5529773909783042}",0,,,,,1.0,1.0,1.0,0.3333333333333333,
potential,weight_496,4,0.9486832980505139,0.25,1.0,"{""patents"": 0.35207298481150395, ""applicants"": 0.15755830617474031, ""policy"": 0.4903687090137556}",0,,,,,1.0,1.0,2.0,1.0,
potential,weight_497,4,0.632455532033676,0.75,1.0,"{""patents"": 0.2713935013135457, ""applicants"": 0.18290334262710933, ""policy"": 0.5457031560593449}",0,,,,,1.0,1.0,1.0,0.3333333333333333,
potential,weight_498,4,0.9486832980505139,0.25,1.0,"{""patents"": 0.3279186999398014, ""applicants"": 0.17973943293158764, ""policy"": 0.49234186712861094}",0,,,,,1.0,1.0,2.0,1.0,
potential,weight_499,4,0.9486832980505139,0.25,1.0,"{""patents"": 0.3401596763200142, ""applicants"": 0.24130870583266545, ""policy"": 0.41853161784732035}",0,,,,,1.0,1.0,2.0,1.0,
