category_id,name,domain,status,analysis_scope,admissible_pool,direct_energy,year0_papers,year0_denominator,year0_share,year1_papers,year1_denominator,year1_share,year2_papers,year2_denominator,year2_share,year3_papers,year3_denominator,year3_share,year4_papers,year4_denominator,year4_share,recent_papers,previous_papers,share_growth_ratio,baseline_years_used,baseline_papers,baseline_annual_mean_papers,baseline_mean_share,multiyear_share_ratio,historical_peak_ratio,three_year_log_share_slope,growing_quarters,active_quarters,core_years,core_papers,core_mean_annual_share,core_active_quarters,core_active_years,core_persistence,recent_institutions,core_institutions,baseline_mean_institutions,institution_expansion,citation_cohort_percentile,pooled_baseline_share,pooled_share_ratio,share_ratio_lower95,growth_count_pvalue,growth_count_qvalue,core_score,emerging_score,core_eligible,emerging_eligible,trajectory,end_quarter
C0001,电池与充电设施热管理,电化学储能,宽泛待细分,能源电力直接相关,True,True,0,54154,9.169432778888298e-06,0,47718,1.039652340257418e-05,0,40261,1.2304360665419824e-05,0,33955,1.4564520827264783e-05,0,30484,1.6202728539486048e-05,0,0,0.8819710612701498,3,0,0.0,1.242180163175293e-05,0.7381725333182875,0.565919052247428,-0.14703914850563482,0,0,3,0,1.0623438948960767e-05,0,0,0.0,0,0,0.0,1.0,0.0,4.088006606218676e-06,2.2430083075060976,0.044503740341638134,0.5,0.6019261637239165,47.75038520801233,58.89830508474576,False,False,近期份额下降,2026Q2
C0002,功能传感材料与电化学检测,其他基础与关联学科,关联基础研究,关联基础或环境研究,False,False,0,54154,9.169432778888298e-06,0,47718,1.039652340257418e-05,0,40261,1.2304360665419824e-05,0,33955,1.4564520827264783e-05,0,30484,1.6202728539486048e-05,0,0,0.8819710612701498,3,0,0.0,1.242180163175293e-05,0.7381725333182875,0.565919052247428,-0.14703914850563482,0,0,3,0,1.0623438948960767e-05,0,0,0.0,0,0,0.0,1.0,0.0,4.088006606218676e-06,2.2430083075060976,0.044503740341638134,0.5,0.6019261637239165,47.75038520801233,58.89830508474576,False,False,近期份额下降,2026Q2
C0003,电力电子控制与频率调节,电网与电力系统,混杂待重分,质量限制观察,False,False,0,54154,9.169432778888298e-06,0,47718,1.039652340257418e-05,0,40261,1.2304360665419824e-05,0,33955,1.4564520827264783e-05,0,30484,1.6202728539486048e-05,0,0,0.8819710612701498,3,0,0.0,1.242180163175293e-05,0.7381725333182875,0.565919052247428,-0.14703914850563482,0,0,3,0,1.0623438948960767e-05,0,0,0.0,0,0,0.0,1.0,0.0,4.088006606218676e-06,2.2430083075060976,0.044503740341638134,0.5,0.6019261637239165,47.75038520801233,58.89830508474576,False,False,近期份额下降,2026Q2
C0004,风能开发与风电技术经济,风能与水能海洋能源,宽泛待细分,能源电力直接相关,True,True,0,54154,9.169432778888298e-06,0,47718,1.039652340257418e-05,0,40261,1.2304360665419824e-05,0,33955,1.4564520827264783e-05,0,30484,1.6202728539486048e-05,0,0,0.8819710612701498,3,0,0.0,1.242180163175293e-05,0.7381725333182875,0.565919052247428,-0.14703914850563482,0,0,3,0,1.0623438948960767e-05,0,0,0.0,0,0,0.0,1.0,0.0,4.088006606218676e-06,2.2430083075060976,0.044503740341638134,0.5,0.6019261637239165,47.75038520801233,58.89830508474576,False,False,近期份额下降,2026Q2
C0005,钙钛矿氧化物电催化,能源材料与电化学基础,方向候选,能源电力直接相关,True,True,0,54154,9.169432778888298e-06,0,47718,1.039652340257418e-05,0,40261,1.2304360665419824e-05,0,33955,1.4564520827264783e-05,0,30484,1.6202728539486048e-05,0,0,0.8819710612701498,3,0,0.0,1.242180163175293e-05,0.7381725333182875,0.565919052247428,-0.14703914850563482,0,0,3,0,1.0623438948960767e-05,0,0,0.0,0,0,0.0,1.0,0.0,4.088006606218676e-06,2.2430083075060976,0.044503740341638134,0.5,0.6019261637239165,47.75038520801233,58.89830508474576,False,False,近期份额下降,2026Q2
C0006,电网建设与供电服务政策,能源政策与治理,宽泛待细分,能源治理与政策研究,True,False,0,54154,9.169432778888298e-06,0,47718,1.039652340257418e-05,0,40261,1.2304360665419824e-05,0,33955,1.4564520827264783e-05,0,30484,1.6202728539486048e-05,0,0,0.8819710612701498,3,0,0.0,1.242180163175293e-05,0.7381725333182875,0.565919052247428,-0.14703914850563482,0,0,3,0,1.0623438948960767e-05,0,0,0.0,0,0,0.0,1.0,0.0,4.088006606218676e-06,2.2430083075060976,0.044503740341638134,0.5,0.6019261637239165,47.75038520801233,58.89830508474576,False,False,近期份额下降,2026Q2
C0007,层状电池正极与离子导体,电化学储能,混杂待重分,质量限制观察,False,False,0,54154,9.169432778888298e-06,0,47718,1.039652340257418e-05,0,40261,1.2304360665419824e-05,0,33955,1.4564520827264783e-05,0,30484,1.6202728539486048e-05,0,0,0.8819710612701498,3,0,0.0,1.242180163175293e-05,0.7381725333182875,0.565919052247428,-0.14703914850563482,0,0,3,0,1.0623438948960767e-05,0,0,0.0,0,0,0.0,1.0,0.0,4.088006606218676e-06,2.2430083075060976,0.044503740341638134,0.5,0.6019261637239165,47.75038520801233,58.89830508474576,False,False,近期份额下降,2026Q2
C0008,电极涂布与通用成形加工,制造与通用装置,混杂待重分,质量限制观察,False,False,0,54154,9.169432778888298e-06,0,47718,1.039652340257418e-05,0,40261,1.2304360665419824e-05,0,33955,1.4564520827264783e-05,0,30484,1.6202728539486048e-05,0,0,0.8819710612701498,3,0,0.0,1.242180163175293e-05,0.7381725333182875,0.565919052247428,-0.14703914850563482,0,0,3,0,1.0623438948960767e-05,0,0,0.0,0,0,0.0,1.0,0.0,4.088006606218676e-06,2.2430083075060976,0.044503740341638134,0.5,0.6019261637239165,47.75038520801233,58.89830508474576,False,False,近期份额下降,2026Q2
C0009,二氧化碳电还原催化,碳与环境,方向候选,能源电力直接相关,True,True,887,54154,0.01627574318252673,1086,47718,0.022591645353793693,991,40261,0.024399547199527513,855,33955,0.024919895135450044,672,30484,0.021792669885608736,887,1086,0.7204319529473151,3,2932,977.3333333333334,0.023970362562923748,0.67899445157752,0.6531224587447605,-0.20244436181077408,0,4,3,2964,0.02108897857861598,12,3,1.0,1012,1870,948.6666666666666,1.0666900666900667,0.5183323959018593,0.023976158745472532,0.678830306193235,0.629723449664764,1.0,1.0,97.98921417565487,11.217257318952234,False,False,近期份额下降,2026Q2
C0010,土壤碳过程与土壤改良,碳与环境,关联基础研究,关联基础或环境研究,True,False,0,54154,9.169432778888298e-06,0,47718,1.039652340257418e-05,0,40261,1.2304360665419824e-05,0,33955,1.4564520827264783e-05,0,30484,1.6202728539486048e-05,0,0,0.8819710612701498,3,0,0.0,1.242180163175293e-05,0.7381725333182875,0.565919052247428,-0.14703914850563482,0,0,3,0,1.0623438948960767e-05,0,0,0.0,0,0,0.0,1.0,0.0,4.088006606218676e-06,2.2430083075060976,0.044503740341638134,0.5,0.6019261637239165,47.75038520801233,58.89830508474576,False,False,近期份额下降,2026Q2
C0011,光催化与光生物制氢,氢能与燃料电池,宽泛待细分,能源电力直接相关,True,True,0,54154,9.169432778888298e-06,0,47718,1.039652340257418e-05,0,40261,1.2304360665419824e-05,0,33955,1.4564520827264783e-05,0,30484,1.6202728539486048e-05,0,0,0.8819710612701498,3,0,0.0,1.242180163175293e-05,0.7381725333182875,0.565919052247428,-0.14703914850563482,0,0,3,0,1.0623438948960767e-05,0,0,0.0,0,0,0.0,1.0,0.0,4.088006606218676e-06,2.2430083075060976,0.044503740341638134,0.5,0.6019261637239165,47.75038520801233,58.89830508474576,False,False,近期份额下降,2026Q2
C0012,聚合物介电绝缘与储能,能源材料与电化学基础,宽泛待细分,能源电力直接相关,True,True,0,54154,9.169432778888298e-06,0,47718,1.039652340257418e-05,0,40261,1.2304360665419824e-05,0,33955,1.4564520827264783e-05,0,30484,1.6202728539486048e-05,0,0,0.8819710612701498,3,0,0.0,1.242180163175293e-05,0.7381725333182875,0.565919052247428,-0.14703914850563482,0,0,3,0,1.0623438948960767e-05,0,0,0.0,0,0,0.0,1.0,0.0,4.088006606218676e-06,2.2430083075060976,0.044503740341638134,0.5,0.6019261637239165,47.75038520801233,58.89830508474576,False,False,近期份额下降,2026Q2
C0013,集成电路与电子封装,电力电子与电机,宽泛待细分,能源电力直接相关,True,True,0,54154,9.169432778888298e-06,0,47718,1.039652340257418e-05,0,40261,1.2304360665419824e-05,0,33955,1.4564520827264783e-05,0,30484,1.6202728539486048e-05,0,0,0.8819710612701498,3,0,0.0,1.242180163175293e-05,0.7381725333182875,0.565919052247428,-0.14703914850563482,0,0,3,0,1.0623438948960767e-05,0,0,0.0,0,0,0.0,1.0,0.0,4.088006606218676e-06,2.2430083075060976,0.044503740341638134,0.5,0.6019261637239165,47.75038520801233,58.89830508474576,False,False,近期份额下降,2026Q2
C0014,电池单体模组及用电器件混合,电化学储能,混杂待重分,质量限制观察,False,False,0,54154,9.169432778888298e-06,0,47718,1.039652340257418e-05,0,40261,1.2304360665419824e-05,0,33955,1.4564520827264783e-05,0,30484,1.6202728539486048e-05,0,0,0.8819710612701498,3,0,0.0,1.242180163175293e-05,0.7381725333182875,0.565919052247428,-0.14703914850563482,0,0,3,0,1.0623438948960767e-05,0,0,0.0,0,0,0.0,1.0,0.0,4.088006606218676e-06,2.2430083075060976,0.044503740341638134,0.5,0.6019261637239165,47.75038520801233,58.89830508474576,False,False,近期份额下降,2026Q2
C0015,通用机器学习与优化算法,数字技术与测量,关联基础研究,关联基础或环境研究,True,False,0,54154,9.169432778888298e-06,0,47718,1.039652340257418e-05,0,40261,1.2304360665419824e-05,0,33955,1.4564520827264783e-05,0,30484,1.6202728539486048e-05,0,0,0.8819710612701498,3,0,0.0,1.242180163175293e-05,0.7381725333182875,0.565919052247428,-0.14703914850563482,0,0,3,0,1.0623438948960767e-05,0,0,0.0,0,0,0.0,1.0,0.0,4.088006606218676e-06,2.2430083075060976,0.044503740341638134,0.5,0.6019261637239165,47.75038520801233,58.89830508474576,False,False,近期份额下降,2026Q2
C0016,生物质能源利用与可持续性,生物质与资源循环,宽泛待细分,关联基础或环境研究,True,False,0,54154,9.169432778888298e-06,0,47718,1.039652340257418e-05,0,40261,1.2304360665419824e-05,0,33955,1.4564520827264783e-05,0,30484,1.6202728539486048e-05,0,0,0.8819710612701498,3,0,0.0,1.242180163175293e-05,0.7381725333182875,0.565919052247428,-0.14703914850563482,0,0,3,0,1.0623438948960767e-05,0,0,0.0,0,0,0.0,1.0,0.0,4.088006606218676e-06,2.2430083075060976,0.044503740341638134,0.5,0.6019261637239165,47.75038520801233,58.89830508474576,False,False,近期份额下降,2026Q2
C0017,电磁场耦合与电磁换能,电力电子与电机,宽泛待细分,能源电力直接相关,True,True,0,54154,9.169432778888298e-06,0,47718,1.039652340257418e-05,0,40261,1.2304360665419824e-05,0,33955,1.4564520827264783e-05,0,30484,1.6202728539486048e-05,0,0,0.8819710612701498,3,0,0.0,1.242180163175293e-05,0.7381725333182875,0.565919052247428,-0.14703914850563482,0,0,3,0,1.0623438948960767e-05,0,0,0.0,0,0,0.0,1.0,0.0,4.088006606218676e-06,2.2430083075060976,0.044503740341638134,0.5,0.6019261637239165,47.75038520801233,58.89830508474576,False,False,近期份额下降,2026Q2
C0018,电力智能算法与多场景辨识,数字技术与测量,混杂待重分,质量限制观察,False,False,0,54154,9.169432778888298e-06,0,47718,1.039652340257418e-05,0,40261,1.2304360665419824e-05,0,33955,1.4564520827264783e-05,0,30484,1.6202728539486048e-05,0,0,0.8819710612701498,3,0,0.0,1.242180163175293e-05,0.7381725333182875,0.565919052247428,-0.14703914850563482,0,0,3,0,1.0623438948960767e-05,0,0,0.0,0,0,0.0,1.0,0.0,4.088006606218676e-06,2.2430083075060976,0.044503740341638134,0.5,0.6019261637239165,47.75038520801233,58.89830508474576,False,False,近期份额下降,2026Q2
C0019,太阳能采集光学与空间应用,太阳能,混杂待重分,质量限制观察,False,False,0,54154,9.169432778888298e-06,0,47718,1.039652340257418e-05,0,40261,1.2304360665419824e-05,0,33955,1.4564520827264783e-05,0,30484,1.6202728539486048e-05,0,0,0.8819710612701498,3,0,0.0,1.242180163175293e-05,0.7381725333182875,0.565919052247428,-0.14703914850563482,0,0,3,0,1.0623438948960767e-05,0,0,0.0,0,0,0.0,1.0,0.0,4.088006606218676e-06,2.2430083075060976,0.044503740341638134,0.5,0.6019261637239165,47.75038520801233,58.89830508474576,False,False,近期份额下降,2026Q2
C0020,纳米复合材料与多类器件,能源材料与电化学基础,混杂待重分,质量限制观察,False,False,0,54154,9.169432778888298e-06,0,47718,1.039652340257418e-05,0,40261,1.2304360665419824e-05,0,33955,1.4564520827264783e-05,0,30484,1.6202728539486048e-05,0,0,0.8819710612701498,3,0,0.0,1.242180163175293e-05,0.7381725333182875,0.565919052247428,-0.14703914850563482,0,0,3,0,1.0623438948960767e-05,0,0,0.0,0,0,0.0,1.0,0.0,4.088006606218676e-06,2.2430083075060976,0.044503740341638134,0.5,0.6019261637239165,47.75038520801233,58.89830508474576,False,False,近期份额下降,2026Q2
C0021,金属离子吸附与材料化学,碳与环境,混杂待重分,质量限制观察,False,False,0,54154,9.169432778888298e-06,0,47718,1.039652340257418e-05,0,40261,1.2304360665419824e-05,0,33955,1.4564520827264783e-05,0,30484,1.6202728539486048e-05,0,0,0.8819710612701498,3,0,0.0,1.242180163175293e-05,0.7381725333182875,0.565919052247428,-0.14703914850563482,0,0,3,0,1.0623438948960767e-05,0,0,0.0,0,0,0.0,1.0,0.0,4.088006606218676e-06,2.2430083075060976,0.044503740341638134,0.5,0.6019261637239165,47.75038520801233,58.89830508474576,False,False,近期份额下降,2026Q2
C0022,钠离子电池材料与电解液,电化学储能,宽泛待细分,能源电力直接相关,True,True,0,54154,9.169432778888298e-06,0,47718,1.039652340257418e-05,0,40261,1.2304360665419824e-05,0,33955,1.4564520827264783e-05,0,30484,1.6202728539486048e-05,0,0,0.8819710612701498,3,0,0.0,1.242180163175293e-05,0.7381725333182875,0.565919052247428,-0.14703914850563482,0,0,3,0,1.0623438948960767e-05,0,0,0.0,0,0,0.0,1.0,0.0,4.088006606218676e-06,2.2430083075060976,0.044503740341638134,0.5,0.6019261637239165,47.75038520801233,58.89830508474576,False,False,近期份额下降,2026Q2
C0023,功率半导体器件与电路结构,电力电子与电机,宽泛待细分,能源电力直接相关,True,True,0,54154,9.169432778888298e-06,0,47718,1.039652340257418e-05,0,40261,1.2304360665419824e-05,0,33955,1.4564520827264783e-05,0,30484,1.6202728539486048e-05,0,0,0.8819710612701498,3,0,0.0,1.242180163175293e-05,0.7381725333182875,0.565919052247428,-0.14703914850563482,0,0,3,0,1.0623438948960767e-05,0,0,0.0,0,0,0.0,1.0,0.0,4.088006606218676e-06,2.2430083075060976,0.044503740341638134,0.5,0.6019261637239165,47.75038520801233,58.89830508474576,False,False,近期份额下降,2026Q2
C0024,海洋资源开发与海上工程,风能与水能海洋能源,宽泛待细分,能源电力直接相关,True,True,0,54154,9.169432778888298e-06,0,47718,1.039652340257418e-05,0,40261,1.2304360665419824e-05,0,33955,1.4564520827264783e-05,0,30484,1.6202728539486048e-05,0,0,0.8819710612701498,3,0,0.0,1.242180163175293e-05,0.7381725333182875,0.565919052247428,-0.14703914850563482,0,0,3,0,1.0623438948960767e-05,0,0,0.0,0,0,0.0,1.0,0.0,4.088006606218676e-06,2.2430083075060976,0.044503740341638134,0.5,0.6019261637239165,47.75038520801233,58.89830508474576,False,False,近期份额下降,2026Q2
C0025,通用防护支撑与安装结构混杂簇024,制造与通用装置,混杂待重分,质量限制观察,False,False,0,54154,9.169432778888298e-06,0,47718,1.039652340257418e-05,0,40261,1.2304360665419824e-05,0,33955,1.4564520827264783e-05,0,30484,1.6202728539486048e-05,0,0,0.8819710612701498,3,0,0.0,1.242180163175293e-05,0.7381725333182875,0.565919052247428,-0.14703914850563482,0,0,3,0,1.0623438948960767e-05,0,0,0.0,0,0,0.0,1.0,0.0,4.088006606218676e-06,2.2430083075060976,0.044503740341638134,0.5,0.6019261637239165,47.75038520801233,58.89830508474576,False,False,近期份额下降,2026Q2
C0026,硫化镉等硫族薄膜制备,太阳能,方向候选,能源电力直接相关,True,True,0,54154,9.169432778888298e-06,0,47718,1.039652340257418e-05,0,40261,1.2304360665419824e-05,0,33955,1.4564520827264783e-05,0,30484,1.6202728539486048e-05,0,0,0.8819710612701498,3,0,0.0,1.242180163175293e-05,0.7381725333182875,0.565919052247428,-0.14703914850563482,0,0,3,0,1.0623438948960767e-05,0,0,0.0,0,0,0.0,1.0,0.0,4.088006606218676e-06,2.2430083075060976,0.044503740341638134,0.5,0.6019261637239165,47.75038520801233,58.89830508474576,False,False,近期份额下降,2026Q2
C0027,变压器与高压开关设备,电网与电力系统,宽泛待细分,能源电力直接相关,True,True,0,54154,9.169432778888298e-06,0,47718,1.039652340257418e-05,0,40261,1.2304360665419824e-05,0,33955,1.4564520827264783e-05,0,30484,1.6202728539486048e-05,0,0,0.8819710612701498,3,0,0.0,1.242180163175293e-05,0.7381725333182875,0.565919052247428,-0.14703914850563482,0,0,3,0,1.0623438948960767e-05,0,0,0.0,0,0,0.0,1.0,0.0,4.088006606218676e-06,2.2430083075060976,0.044503740341638134,0.5,0.6019261637239165,47.75038520801233,58.89830508474576,False,False,近期份额下降,2026Q2
C0028,电动汽车充电设施及并网,交通与充电,宽泛待细分,能源电力直接相关,True,True,0,54154,9.169432778888298e-06,0,47718,1.039652340257418e-05,0,40261,1.2304360665419824e-05,0,33955,1.4564520827264783e-05,0,30484,1.6202728539486048e-05,0,0,0.8819710612701498,3,0,0.0,1.242180163175293e-05,0.7381725333182875,0.565919052247428,-0.14703914850563482,0,0,3,0,1.0623438948960767e-05,0,0,0.0,0,0,0.0,1.0,0.0,4.088006606218676e-06,2.2430083075060976,0.044503740341638134,0.5,0.6019261637239165,47.75038520801233,58.89830508474576,False,False,近期份额下降,2026Q2
C0029,聚变等离子体诊断,核能与等离子体,方向候选,能源电力直接相关,True,True,0,54154,9.169432778888298e-06,0,47718,1.039652340257418e-05,0,40261,1.2304360665419824e-05,0,33955,1.4564520827264783e-05,0,30484,1.6202728539486048e-05,0,0,0.8819710612701498,3,0,0.0,1.242180163175293e-05,0.7381725333182875,0.565919052247428,-0.14703914850563482,0,0,3,0,1.0623438948960767e-05,0,0,0.0,0,0,0.0,1.0,0.0,4.088006606218676e-06,2.2430083075060976,0.044503740341638134,0.5,0.6019261637239165,47.75038520801233,58.89830508474576,False,False,近期份额下降,2026Q2
C0030,碳基电极与多孔材料制备,能源材料与电化学基础,混杂待重分,质量限制观察,False,False,0,54154,9.169432778888298e-06,0,47718,1.039652340257418e-05,0,40261,1.2304360665419824e-05,0,33955,1.4564520827264783e-05,0,30484,1.6202728539486048e-05,0,0,0.8819710612701498,3,0,0.0,1.242180163175293e-05,0.7381725333182875,0.565919052247428,-0.14703914850563482,0,0,3,0,1.0623438948960767e-05,0,0,0.0,0,0,0.0,1.0,0.0,4.088006606218676e-06,2.2430083075060976,0.044503740341638134,0.5,0.6019261637239165,47.75038520801233,58.89830508474576,False,False,近期份额下降,2026Q2
C0031,车辆驱动制动与运动控制,交通与充电,宽泛待细分,能源电力直接相关,True,True,0,54154,9.169432778888298e-06,0,47718,1.039652340257418e-05,0,40261,1.2304360665419824e-05,0,33955,1.4564520827264783e-05,0,30484,1.6202728539486048e-05,0,0,0.8819710612701498,3,0,0.0,1.242180163175293e-05,0.7381725333182875,0.565919052247428,-0.14703914850563482,0,0,3,0,1.0623438948960767e-05,0,0,0.0,0,0,0.0,1.0,0.0,4.088006606218676e-06,2.2430083075060976,0.044503740341638134,0.5,0.6019261637239165,47.75038520801233,58.89830508474576,False,False,近期份额下降,2026Q2
C0032,煤炭产业布局与清洁利用政策,能源政策与治理,政策类群,能源治理与政策研究,True,False,0,54154,9.169432778888298e-06,0,47718,1.039652340257418e-05,0,40261,1.2304360665419824e-05,0,33955,1.4564520827264783e-05,0,30484,1.6202728539486048e-05,0,0,0.8819710612701498,3,0,0.0,1.242180163175293e-05,0.7381725333182875,0.565919052247428,-0.14703914850563482,0,0,3,0,1.0623438948960767e-05,0,0,0.0,0,0,0.0,1.0,0.0,4.088006606218676e-06,2.2430083075060976,0.044503740341638134,0.5,0.6019261637239165,47.75038520801233,58.89830508474576,False,False,近期份额下降,2026Q2
C0033,石油产业与油价经济,化石能源,宽泛待细分,能源电力直接相关,True,True,0,54154,9.169432778888298e-06,0,47718,1.039652340257418e-05,0,40261,1.2304360665419824e-05,0,33955,1.4564520827264783e-05,0,30484,1.6202728539486048e-05,0,0,0.8819710612701498,3,0,0.0,1.242180163175293e-05,0.7381725333182875,0.565919052247428,-0.14703914850563482,0,0,3,0,1.0623438948960767e-05,0,0,0.0,0,0,0.0,1.0,0.0,4.088006606218676e-06,2.2430083075060976,0.044503740341638134,0.5,0.6019261637239165,47.75038520801233,58.89830508474576,False,False,近期份额下降,2026Q2
C0034,污泥资源化与水处理,生物质与资源循环,宽泛待细分,关联基础或环境研究,True,False,0,54154,9.169432778888298e-06,0,47718,1.039652340257418e-05,0,40261,1.2304360665419824e-05,0,33955,1.4564520827264783e-05,0,30484,1.6202728539486048e-05,0,0,0.8819710612701498,3,0,0.0,1.242180163175293e-05,0.7381725333182875,0.565919052247428,-0.14703914850563482,0,0,3,0,1.0623438948960767e-05,0,0,0.0,0,0,0.0,1.0,0.0,4.088006606218676e-06,2.2430083075060976,0.044503740341638134,0.5,0.6019261637239165,47.75038520801233,58.89830508474576,False,False,近期份额下降,2026Q2
C0035,太阳能集热与热利用装置,太阳能,宽泛待细分,能源电力直接相关,True,True,0,54154,9.169432778888298e-06,0,47718,1.039652340257418e-05,0,40261,1.2304360665419824e-05,0,33955,1.4564520827264783e-05,0,30484,1.6202728539486048e-05,0,0,0.8819710612701498,3,0,0.0,1.242180163175293e-05,0.7381725333182875,0.565919052247428,-0.14703914850563482,0,0,3,0,1.0623438948960767e-05,0,0,0.0,0,0,0.0,1.0,0.0,4.088006606218676e-06,2.2430083075060976,0.044503740341638134,0.5,0.6019261637239165,47.75038520801233,58.89830508474576,False,False,近期份额下降,2026Q2
C0036,风机传动支撑与轴承部件,风能与水能海洋能源,混杂待重分,质量限制观察,False,False,0,54154,9.169432778888298e-06,0,47718,1.039652340257418e-05,0,40261,1.2304360665419824e-05,0,33955,1.4564520827264783e-05,0,30484,1.6202728539486048e-05,0,0,0.8819710612701498,3,0,0.0,1.242180163175293e-05,0.7381725333182875,0.565919052247428,-0.14703914850563482,0,0,3,0,1.0623438948960767e-05,0,0,0.0,0,0,0.0,1.0,0.0,4.088006606218676e-06,2.2430083075060976,0.044503740341638134,0.5,0.6019261637239165,47.75038520801233,58.89830508474576,False,False,近期份额下降,2026Q2
C0037,光催化二氧化碳转化与氧化还原,碳与环境,宽泛待细分,能源电力直接相关,True,True,0,54154,9.169432778888298e-06,0,47718,1.039652340257418e-05,0,40261,1.2304360665419824e-05,0,33955,1.4564520827264783e-05,0,30484,1.6202728539486048e-05,0,0,0.8819710612701498,3,0,0.0,1.242180163175293e-05,0.7381725333182875,0.565919052247428,-0.14703914850563482,0,0,3,0,1.0623438948960767e-05,0,0,0.0,0,0,0.0,1.0,0.0,4.088006606218676e-06,2.2430083075060976,0.044503740341638134,0.5,0.6019261637239165,47.75038520801233,58.89830508474576,False,False,近期份额下降,2026Q2
C0038,电气计量校准与测量不确定度,数字技术与测量,宽泛待细分,关联基础或环境研究,True,False,0,54154,9.169432778888298e-06,0,47718,1.039652340257418e-05,0,40261,1.2304360665419824e-05,0,33955,1.4564520827264783e-05,0,30484,1.6202728539486048e-05,0,0,0.8819710612701498,3,0,0.0,1.242180163175293e-05,0.7381725333182875,0.565919052247428,-0.14703914850563482,0,0,3,0,1.0623438948960767e-05,0,0,0.0,0,0,0.0,1.0,0.0,4.088006606218676e-06,2.2430083075060976,0.044503740341638134,0.5,0.6019261637239165,47.75038520801233,58.89830508474576,False,False,近期份额下降,2026Q2
C0039,碳达峰与综合节能政策,能源政策与治理,政策类群,能源治理与政策研究,True,False,0,54154,9.169432778888298e-06,0,47718,1.039652340257418e-05,0,40261,1.2304360665419824e-05,0,33955,1.4564520827264783e-05,0,30484,1.6202728539486048e-05,0,0,0.8819710612701498,3,0,0.0,1.242180163175293e-05,0.7381725333182875,0.565919052247428,-0.14703914850563482,0,0,3,0,1.0623438948960767e-05,0,0,0.0,0,0,0.0,1.0,0.0,4.088006606218676e-06,2.2430083075060976,0.044503740341638134,0.5,0.6019261637239165,47.75038520801233,58.89830508474576,False,False,近期份额下降,2026Q2
C0040,碳定价与减排经济机制,碳与环境,方向候选,能源电力直接相关,True,True,0,54154,9.169432778888298e-06,0,47718,1.039652340257418e-05,0,40261,1.2304360665419824e-05,0,33955,1.4564520827264783e-05,0,30484,1.6202728539486048e-05,0,0,0.8819710612701498,3,0,0.0,1.242180163175293e-05,0.7381725333182875,0.565919052247428,-0.14703914850563482,0,0,3,0,1.0623438948960767e-05,0,0,0.0,0,0,0.0,1.0,0.0,4.088006606218676e-06,2.2430083075060976,0.044503740341638134,0.5,0.6019261637239165,47.75038520801233,58.89830508474576,False,False,近期份额下降,2026Q2
C0041,电池单体与模组构件装配,电化学储能,宽泛待细分,能源电力直接相关,True,True,0,54154,9.169432778888298e-06,0,47718,1.039652340257418e-05,0,40261,1.2304360665419824e-05,0,33955,1.4564520827264783e-05,0,30484,1.6202728539486048e-05,0,0,0.8819710612701498,3,0,0.0,1.242180163175293e-05,0.7381725333182875,0.565919052247428,-0.14703914850563482,0,0,3,0,1.0623438948960767e-05,0,0,0.0,0,0,0.0,1.0,0.0,4.088006606218676e-06,2.2430083075060976,0.044503740341638134,0.5,0.6019261637239165,47.75038520801233,58.89830508474576,False,False,近期份额下降,2026Q2
C0042,无线充电与充电器结构,交通与充电,宽泛待细分,能源电力直接相关,True,True,0,54154,9.169432778888298e-06,0,47718,1.039652340257418e-05,0,40261,1.2304360665419824e-05,0,33955,1.4564520827264783e-05,0,30484,1.6202728539486048e-05,0,0,0.8819710612701498,3,0,0.0,1.242180163175293e-05,0.7381725333182875,0.565919052247428,-0.14703914850563482,0,0,3,0,1.0623438948960767e-05,0,0,0.0,0,0,0.0,1.0,0.0,4.088006606218676e-06,2.2430083075060976,0.044503740341638134,0.5,0.6019261637239165,47.75038520801233,58.89830508474576,False,False,近期份额下降,2026Q2
C0043,气体处理气化与天然气水合物,化石能源,混杂待重分,质量限制观察,False,False,0,54154,9.169432778888298e-06,0,47718,1.039652340257418e-05,0,40261,1.2304360665419824e-05,0,33955,1.4564520827264783e-05,0,30484,1.6202728539486048e-05,0,0,0.8819710612701498,3,0,0.0,1.242180163175293e-05,0.7381725333182875,0.565919052247428,-0.14703914850563482,0,0,3,0,1.0623438948960767e-05,0,0,0.0,0,0,0.0,1.0,0.0,4.088006606218676e-06,2.2430083075060976,0.044503740341638134,0.5,0.6019261637239165,47.75038520801233,58.89830508474576,False,False,近期份额下降,2026Q2
C0044,二氧化碳及混合气体膜分离,碳与环境,方向候选,能源电力直接相关,True,True,0,54154,9.169432778888298e-06,0,47718,1.039652340257418e-05,0,40261,1.2304360665419824e-05,0,33955,1.4564520827264783e-05,0,30484,1.6202728539486048e-05,0,0,0.8819710612701498,3,0,0.0,1.242180163175293e-05,0.7381725333182875,0.565919052247428,-0.14703914850563482,0,0,3,0,1.0623438948960767e-05,0,0,0.0,0,0,0.0,1.0,0.0,4.088006606218676e-06,2.2430083075060976,0.044503740341638134,0.5,0.6019261637239165,47.75038520801233,58.89830508474576,False,False,近期份额下降,2026Q2
C0045,铜铟镓硒薄膜光伏,太阳能,方向候选,能源电力直接相关,True,True,0,54154,9.169432778888298e-06,0,47718,1.039652340257418e-05,0,40261,1.2304360665419824e-05,0,33955,1.4564520827264783e-05,0,30484,1.6202728539486048e-05,0,0,0.8819710612701498,3,0,0.0,1.242180163175293e-05,0.7381725333182875,0.565919052247428,-0.14703914850563482,0,0,3,0,1.0623438948960767e-05,0,0,0.0,0,0,0.0,1.0,0.0,4.088006606218676e-06,2.2430083075060976,0.044503740341638134,0.5,0.6019261637239165,47.75038520801233,58.89830508474576,False,False,近期份额下降,2026Q2
C0046,煤气化与燃煤清洁转化,化石能源,宽泛待细分,能源电力直接相关,True,True,0,54154,9.169432778888298e-06,0,47718,1.039652340257418e-05,0,40261,1.2304360665419824e-05,0,33955,1.4564520827264783e-05,0,30484,1.6202728539486048e-05,0,0,0.8819710612701498,3,0,0.0,1.242180163175293e-05,0.7381725333182875,0.565919052247428,-0.14703914850563482,0,0,3,0,1.0623438948960767e-05,0,0,0.0,0,0,0.0,1.0,0.0,4.088006606218676e-06,2.2430083075060976,0.044503740341638134,0.5,0.6019261637239165,47.75038520801233,58.89830508474576,False,False,近期份额下降,2026Q2
C0047,分离膜制备与膜污染控制,碳与环境,宽泛待细分,关联基础或环境研究,True,False,0,54154,9.169432778888298e-06,0,47718,1.039652340257418e-05,0,40261,1.2304360665419824e-05,0,33955,1.4564520827264783e-05,0,30484,1.6202728539486048e-05,0,0,0.8819710612701498,3,0,0.0,1.242180163175293e-05,0.7381725333182875,0.565919052247428,-0.14703914850563482,0,0,3,0,1.0623438948960767e-05,0,0,0.0,0,0,0.0,1.0,0.0,4.088006606218676e-06,2.2430083075060976,0.044503740341638134,0.5,0.6019261637239165,47.75038520801233,58.89830508474576,False,False,近期份额下降,2026Q2
C0048,配电网柔性调度与协同规划,电网与电力系统,宽泛待细分,能源电力直接相关,True,True,0,54154,9.169432778888298e-06,0,47718,1.039652340257418e-05,0,40261,1.2304360665419824e-05,0,33955,1.4564520827264783e-05,0,30484,1.6202728539486048e-05,0,0,0.8819710612701498,3,0,0.0,1.242180163175293e-05,0.7381725333182875,0.565919052247428,-0.14703914850563482,0,0,3,0,1.0623438948960767e-05,0,0,0.0,0,0,0.0,1.0,0.0,4.088006606218676e-06,2.2430083075060976,0.044503740341638134,0.5,0.6019261637239165,47.75038520801233,58.89830508474576,False,False,近期份额下降,2026Q2
C0049,电池隔膜、聚合物电解质与粘结剂,电化学储能,宽泛待细分,能源电力直接相关,True,True,0,54154,9.169432778888298e-06,0,47718,1.039652340257418e-05,0,40261,1.2304360665419824e-05,0,33955,1.4564520827264783e-05,0,30484,1.6202728539486048e-05,0,0,0.8819710612701498,3,0,0.0,1.242180163175293e-05,0.7381725333182875,0.565919052247428,-0.14703914850563482,0,0,3,0,1.0623438948960767e-05,0,0,0.0,0,0,0.0,1.0,0.0,4.088006606218676e-06,2.2430083075060976,0.044503740341638134,0.5,0.6019261637239165,47.75038520801233,58.89830508474576,False,False,近期份额下降,2026Q2
C0050,固态及凝胶聚合物电解质,电化学储能,方向候选,能源电力直接相关,True,True,0,54154,9.169432778888298e-06,0,47718,1.039652340257418e-05,0,40261,1.2304360665419824e-05,0,33955,1.4564520827264783e-05,0,30484,1.6202728539486048e-05,0,0,0.8819710612701498,3,0,0.0,1.242180163175293e-05,0.7381725333182875,0.565919052247428,-0.14703914850563482,0,0,3,0,1.0623438948960767e-05,0,0,0.0,0,0,0.0,1.0,0.0,4.088006606218676e-06,2.2430083075060976,0.044503740341638134,0.5,0.6019261637239165,47.75038520801233,58.89830508474576,False,False,近期份额下降,2026Q2
C0051,储能及通用装置温控换热,热工与能效,混杂待重分,质量限制观察,False,False,0,54154,9.169432778888298e-06,0,47718,1.039652340257418e-05,0,40261,1.2304360665419824e-05,0,33955,1.4564520827264783e-05,0,30484,1.6202728539486048e-05,0,0,0.8819710612701498,3,0,0.0,1.242180163175293e-05,0.7381725333182875,0.565919052247428,-0.14703914850563482,0,0,3,0,1.0623438948960767e-05,0,0,0.0,0,0,0.0,1.0,0.0,4.088006606218676e-06,2.2430083075060976,0.044503740341638134,0.5,0.6019261637239165,47.75038520801233,58.89830508474576,False,False,近期份额下降,2026Q2
C0052,电气故障保护与暂态检测,电网与电力系统,宽泛待细分,能源电力直接相关,True,True,0,54154,9.169432778888298e-06,0,47718,1.039652340257418e-05,0,40261,1.2304360665419824e-05,0,33955,1.4564520827264783e-05,0,30484,1.6202728539486048e-05,0,0,0.8819710612701498,3,0,0.0,1.242180163175293e-05,0.7381725333182875,0.565919052247428,-0.14703914850563482,0,0,3,0,1.0623438948960767e-05,0,0,0.0,0,0,0.0,1.0,0.0,4.088006606218676e-06,2.2430083075060976,0.044503740341638134,0.5,0.6019261637239165,47.75038520801233,58.89830508474576,False,False,近期份额下降,2026Q2
C0053,电能变换与驱动控制电路,电力电子与电机,宽泛待细分,能源电力直接相关,True,True,0,54154,9.169432778888298e-06,0,47718,1.039652340257418e-05,0,40261,1.2304360665419824e-05,0,33955,1.4564520827264783e-05,0,30484,1.6202728539486048e-05,0,0,0.8819710612701498,3,0,0.0,1.242180163175293e-05,0.7381725333182875,0.565919052247428,-0.14703914850563482,0,0,3,0,1.0623438948960767e-05,0,0,0.0,0,0,0.0,1.0,0.0,4.088006606218676e-06,2.2430083075060976,0.044503740341638134,0.5,0.6019261637239165,47.75038520801233,58.89830508474576,False,False,近期份额下降,2026Q2
C0054,电价与输配电价监管政策,能源政策与治理,政策类群,能源治理与政策研究,True,False,0,54154,9.169432778888298e-06,0,47718,1.039652340257418e-05,0,40261,1.2304360665419824e-05,0,33955,1.4564520827264783e-05,0,30484,1.6202728539486048e-05,0,0,0.8819710612701498,3,0,0.0,1.242180163175293e-05,0.7381725333182875,0.565919052247428,-0.14703914850563482,0,0,3,0,1.0623438948960767e-05,0,0,0.0,0,0,0.0,1.0,0.0,4.088006606218676e-06,2.2430083075060976,0.044503740341638134,0.5,0.6019261637239165,47.75038520801233,58.89830508474576,False,False,近期份额下降,2026Q2
C0055,含铜化合物结构与功能,能源材料与电化学基础,混杂待重分,质量限制观察,False,False,0,54154,9.169432778888298e-06,0,47718,1.039652340257418e-05,0,40261,1.2304360665419824e-05,0,33955,1.4564520827264783e-05,0,30484,1.6202728539486048e-05,0,0,0.8819710612701498,3,0,0.0,1.242180163175293e-05,0.7381725333182875,0.565919052247428,-0.14703914850563482,0,0,3,0,1.0623438948960767e-05,0,0,0.0,0,0,0.0,1.0,0.0,4.088006606218676e-06,2.2430083075060976,0.044503740341638134,0.5,0.6019261637239165,47.75038520801233,58.89830508474576,False,False,近期份额下降,2026Q2
C0056,电储能系统配置与运行,电化学储能,宽泛待细分,能源电力直接相关,True,True,0,54154,9.169432778888298e-06,0,47718,1.039652340257418e-05,0,40261,1.2304360665419824e-05,0,33955,1.4564520827264783e-05,0,30484,1.6202728539486048e-05,0,0,0.8819710612701498,3,0,0.0,1.242180163175293e-05,0.7381725333182875,0.565919052247428,-0.14703914850563482,0,0,3,0,1.0623438948960767e-05,0,0,0.0,0,0,0.0,1.0,0.0,4.088006606218676e-06,2.2430083075060976,0.044503740341638134,0.5,0.6019261637239165,47.75038520801233,58.89830508474576,False,False,近期份额下降,2026Q2
C0057,射频微波电路与功率放大,电力电子与电机,关联基础研究,关联基础或环境研究,True,False,0,54154,9.169432778888298e-06,0,47718,1.039652340257418e-05,0,40261,1.2304360665419824e-05,0,33955,1.4564520827264783e-05,0,30484,1.6202728539486048e-05,0,0,0.8819710612701498,3,0,0.0,1.242180163175293e-05,0.7381725333182875,0.565919052247428,-0.14703914850563482,0,0,3,0,1.0623438948960767e-05,0,0,0.0,0,0,0.0,1.0,0.0,4.088006606218676e-06,2.2430083075060976,0.044503740341638134,0.5,0.6019261637239165,47.75038520801233,58.89830508474576,False,False,近期份额下降,2026Q2
C0058,有价金属浸出回收,生物质与资源循环,方向候选,关联基础或环境研究,True,False,0,54154,9.169432778888298e-06,0,47718,1.039652340257418e-05,0,40261,1.2304360665419824e-05,0,33955,1.4564520827264783e-05,0,30484,1.6202728539486048e-05,0,0,0.8819710612701498,3,0,0.0,1.242180163175293e-05,0.7381725333182875,0.565919052247428,-0.14703914850563482,0,0,3,0,1.0623438948960767e-05,0,0,0.0,0,0,0.0,1.0,0.0,4.088006606218676e-06,2.2430083075060976,0.044503740341638134,0.5,0.6019261637239165,47.75038520801233,58.89830508474576,False,False,近期份额下降,2026Q2
C0059,厌氧过程微生物与生物能源,生物质与资源循环,宽泛待细分,能源电力直接相关,True,True,0,54154,9.169432778888298e-06,0,47718,1.039652340257418e-05,0,40261,1.2304360665419824e-05,0,33955,1.4564520827264783e-05,0,30484,1.6202728539486048e-05,0,0,0.8819710612701498,3,0,0.0,1.242180163175293e-05,0.7381725333182875,0.565919052247428,-0.14703914850563482,0,0,3,0,1.0623438948960767e-05,0,0,0.0,0,0,0.0,1.0,0.0,4.088006606218676e-06,2.2430083075060976,0.044503740341638134,0.5,0.6019261637239165,47.75038520801233,58.89830508474576,False,False,近期份额下降,2026Q2
C0060,超级电容器电极与器件,电化学储能,方向候选,能源电力直接相关,True,True,3047,54154,0.055887692787324174,3052,47718,0.06347077537271537,2696,40261,0.06635741706860912,2208,33955,0.06433148849402855,1984,30484,0.06430862957322013,3047,3052,0.8805263912271192,3,7956,2652.0,0.06471989364511767,0.86353190092951,0.84222224517178,-0.08585567521656201,0,4,3,8795,0.06190529507621622,12,3,1.0,2419,3804,1989.0,1.2160804020100502,0.5463985543559113,0.06505244912475779,0.8591174281562034,0.8239843845875673,0.999999999999669,1.0,98.9753466872111,48.204930662557786,True,False,近期份额下降,2026Q2
C0061,有机合成与分子功能材料,其他基础与关联学科,关联基础研究,关联基础或环境研究,False,False,0,54154,9.169432778888298e-06,0,47718,1.039652340257418e-05,0,40261,1.2304360665419824e-05,0,33955,1.4564520827264783e-05,0,30484,1.6202728539486048e-05,0,0,0.8819710612701498,3,0,0.0,1.242180163175293e-05,0.7381725333182875,0.565919052247428,-0.14703914850563482,0,0,3,0,1.0623438948960767e-05,0,0,0.0,0,0,0.0,1.0,0.0,4.088006606218676e-06,2.2430083075060976,0.044503740341638134,0.5,0.6019261637239165,47.75038520801233,58.89830508474576,False,False,近期份额下降,2026Q2
C0062,热工设备换热与工况分析,热工与能效,混杂待重分,质量限制观察,False,False,0,54154,9.169432778888298e-06,0,47718,1.039652340257418e-05,0,40261,1.2304360665419824e-05,0,33955,1.4564520827264783e-05,0,30484,1.6202728539486048e-05,0,0,0.8819710612701498,3,0,0.0,1.242180163175293e-05,0.7381725333182875,0.565919052247428,-0.14703914850563482,0,0,3,0,1.0623438948960767e-05,0,0,0.0,0,0,0.0,1.0,0.0,4.088006606218676e-06,2.2430083075060976,0.044503740341638134,0.5,0.6019261637239165,47.75038520801233,58.89830508474576,False,False,近期份额下降,2026Q2
C0063,生物质热解与炭化,生物质与资源循环,方向候选,能源电力直接相关,True,True,462,54154,0.008481725320471676,353,47718,0.007350342045619945,336,40261,0.008280834727827542,325,33955,0.009481503058549374,306,30484,0.00993227259470495,462,353,1.153922534193619,3,1014,338.0,0.008370893277332286,1.013240169175196,0.8539561555120242,0.011985055428214153,3,4,3,1151,0.008037634031306388,12,3,1.0,706,1289,529.6666666666666,1.3322864321608041,0.5192429369439333,0.008294565404017693,1.0225641618743915,0.9160776368750142,0.32376274097450686,0.6019261637239165,95.97072419106318,78.09322033898304,True,False,历史峰值以下的恢复或波动,2026Q2
C0064,锂钠电池电解液与正极配方,电化学储能,混杂待重分,质量限制观察,False,False,0,54154,9.169432778888298e-06,0,47718,1.039652340257418e-05,0,40261,1.2304360665419824e-05,0,33955,1.4564520827264783e-05,0,30484,1.6202728539486048e-05,0,0,0.8819710612701498,3,0,0.0,1.242180163175293e-05,0.7381725333182875,0.565919052247428,-0.14703914850563482,0,0,3,0,1.0623438948960767e-05,0,0,0.0,0,0,0.0,1.0,0.0,4.088006606218676e-06,2.2430083075060976,0.044503740341638134,0.5,0.6019261637239165,47.75038520801233,58.89830508474576,False,False,近期份额下降,2026Q2
C0065,电磁兼容干扰与电缆检测,电力电子与电机,混杂待重分,质量限制观察,False,False,0,54154,9.169432778888298e-06,0,47718,1.039652340257418e-05,0,40261,1.2304360665419824e-05,0,33955,1.4564520827264783e-05,0,30484,1.6202728539486048e-05,0,0,0.8819710612701498,3,0,0.0,1.242180163175293e-05,0.7381725333182875,0.565919052247428,-0.14703914850563482,0,0,3,0,1.0623438948960767e-05,0,0,0.0,0,0,0.0,1.0,0.0,4.088006606218676e-06,2.2430083075060976,0.044503740341638134,0.5,0.6019261637239165,47.75038520801233,58.89830508474576,False,False,近期份额下降,2026Q2
C0066,环境税费补贴与市场规制,碳与环境,宽泛待细分,关联基础或环境研究,True,False,0,54154,9.169432778888298e-06,0,47718,1.039652340257418e-05,0,40261,1.2304360665419824e-05,0,33955,1.4564520827264783e-05,0,30484,1.6202728539486048e-05,0,0,0.8819710612701498,3,0,0.0,1.242180163175293e-05,0.7381725333182875,0.565919052247428,-0.14703914850563482,0,0,3,0,1.0623438948960767e-05,0,0,0.0,0,0,0.0,1.0,0.0,4.088006606218676e-06,2.2430083075060976,0.044503740341638134,0.5,0.6019261637239165,47.75038520801233,58.89830508474576,False,False,近期份额下降,2026Q2
C0067,钙钛矿太阳能电池界面与器件性能,太阳能,宽泛待细分,能源电力直接相关,True,True,0,54154,9.169432778888298e-06,0,47718,1.039652340257418e-05,0,40261,1.2304360665419824e-05,0,33955,1.4564520827264783e-05,0,30484,1.6202728539486048e-05,0,0,0.8819710612701498,3,0,0.0,1.242180163175293e-05,0.7381725333182875,0.565919052247428,-0.14703914850563482,0,0,3,0,1.0623438948960767e-05,0,0,0.0,0,0,0.0,1.0,0.0,4.088006606218676e-06,2.2430083075060976,0.044503740341638134,0.5,0.6019261637239165,47.75038520801233,58.89830508474576,False,False,近期份额下降,2026Q2
C0068,水热溶剂热合成与功能材料,能源材料与电化学基础,混杂待重分,质量限制观察,False,False,0,54154,9.169432778888298e-06,0,47718,1.039652340257418e-05,0,40261,1.2304360665419824e-05,0,33955,1.4564520827264783e-05,0,30484,1.6202728539486048e-05,0,0,0.8819710612701498,3,0,0.0,1.242180163175293e-05,0.7381725333182875,0.565919052247428,-0.14703914850563482,0,0,3,0,1.0623438948960767e-05,0,0,0.0,0,0,0.0,1.0,0.0,4.088006606218676e-06,2.2430083075060976,0.044503740341638134,0.5,0.6019261637239165,47.75038520801233,58.89830508474576,False,False,近期份额下降,2026Q2
C0069,宽禁带半导体外延与结器件,电力电子与电机,宽泛待细分,能源电力直接相关,True,True,0,54154,9.169432778888298e-06,0,47718,1.039652340257418e-05,0,40261,1.2304360665419824e-05,0,33955,1.4564520827264783e-05,0,30484,1.6202728539486048e-05,0,0,0.8819710612701498,3,0,0.0,1.242180163175293e-05,0.7381725333182875,0.565919052247428,-0.14703914850563482,0,0,3,0,1.0623438948960767e-05,0,0,0.0,0,0,0.0,1.0,0.0,4.088006606218676e-06,2.2430083075060976,0.044503740341638134,0.5,0.6019261637239165,47.75038520801233,58.89830508474576,False,False,近期份额下降,2026Q2
C0070,气象水文预测与环境评估,数字技术与测量,宽泛待细分,关联基础或环境研究,True,False,0,54154,9.169432778888298e-06,0,47718,1.039652340257418e-05,0,40261,1.2304360665419824e-05,0,33955,1.4564520827264783e-05,0,30484,1.6202728539486048e-05,0,0,0.8819710612701498,3,0,0.0,1.242180163175293e-05,0.7381725333182875,0.565919052247428,-0.14703914850563482,0,0,3,0,1.0623438948960767e-05,0,0,0.0,0,0,0.0,1.0,0.0,4.088006606218676e-06,2.2430083075060976,0.044503740341638134,0.5,0.6019261637239165,47.75038520801233,58.89830508474576,False,False,近期份额下降,2026Q2
C0071,功能聚合物合成与结构,能源材料与电化学基础,关联基础研究,关联基础或环境研究,True,False,0,54154,9.169432778888298e-06,0,47718,1.039652340257418e-05,0,40261,1.2304360665419824e-05,0,33955,1.4564520827264783e-05,0,30484,1.6202728539486048e-05,0,0,0.8819710612701498,3,0,0.0,1.242180163175293e-05,0.7381725333182875,0.565919052247428,-0.14703914850563482,0,0,3,0,1.0623438948960767e-05,0,0,0.0,0,0,0.0,1.0,0.0,4.088006606218676e-06,2.2430083075060976,0.044503740341638134,0.5,0.6019261637239165,47.75038520801233,58.89830508474576,False,False,近期份额下降,2026Q2
C0072,氢能产业与制氢技术经济,氢能与燃料电池,宽泛待细分,能源电力直接相关,True,True,0,54154,9.169432778888298e-06,0,47718,1.039652340257418e-05,0,40261,1.2304360665419824e-05,0,33955,1.4564520827264783e-05,0,30484,1.6202728539486048e-05,0,0,0.8819710612701498,3,0,0.0,1.242180163175293e-05,0.7381725333182875,0.565919052247428,-0.14703914850563482,0,0,3,0,1.0623438948960767e-05,0,0,0.0,0,0,0.0,1.0,0.0,4.088006606218676e-06,2.2430083075060976,0.044503740341638134,0.5,0.6019261637239165,47.75038520801233,58.89830508474576,False,False,近期份额下降,2026Q2
C0073,电极过程与电化学沉积,能源材料与电化学基础,宽泛待细分,关联基础或环境研究,True,False,0,54154,9.169432778888298e-06,0,47718,1.039652340257418e-05,0,40261,1.2304360665419824e-05,0,33955,1.4564520827264783e-05,0,30484,1.6202728539486048e-05,0,0,0.8819710612701498,3,0,0.0,1.242180163175293e-05,0.7381725333182875,0.565919052247428,-0.14703914850563482,0,0,3,0,1.0623438948960767e-05,0,0,0.0,0,0,0.0,1.0,0.0,4.088006606218676e-06,2.2430083075060976,0.044503740341638134,0.5,0.6019261637239165,47.75038520801233,58.89830508474576,False,False,近期份额下降,2026Q2
C0074,通用防护支撑与安装结构混杂簇073,制造与通用装置,混杂待重分,质量限制观察,False,False,0,54154,9.169432778888298e-06,0,47718,1.039652340257418e-05,0,40261,1.2304360665419824e-05,0,33955,1.4564520827264783e-05,0,30484,1.6202728539486048e-05,0,0,0.8819710612701498,3,0,0.0,1.242180163175293e-05,0.7381725333182875,0.565919052247428,-0.14703914850563482,0,0,3,0,1.0623438948960767e-05,0,0,0.0,0,0,0.0,1.0,0.0,4.088006606218676e-06,2.2430083075060976,0.044503740341638134,0.5,0.6019261637239165,47.75038520801233,58.89830508474576,False,False,近期份额下降,2026Q2
C0075,铋基氧化物光催化材料,能源材料与电化学基础,方向候选,关联基础或环境研究,True,False,0,54154,9.169432778888298e-06,0,47718,1.039652340257418e-05,0,40261,1.2304360665419824e-05,0,33955,1.4564520827264783e-05,0,30484,1.6202728539486048e-05,0,0,0.8819710612701498,3,0,0.0,1.242180163175293e-05,0.7381725333182875,0.565919052247428,-0.14703914850563482,0,0,3,0,1.0623438948960767e-05,0,0,0.0,0,0,0.0,1.0,0.0,4.088006606218676e-06,2.2430083075060976,0.044503740341638134,0.5,0.6019261637239165,47.75038520801233,58.89830508474576,False,False,近期份额下降,2026Q2
C0076,通用催化剂与催化反应工程,能源材料与电化学基础,宽泛待细分,关联基础或环境研究,True,False,0,54154,9.169432778888298e-06,0,47718,1.039652340257418e-05,0,40261,1.2304360665419824e-05,0,33955,1.4564520827264783e-05,0,30484,1.6202728539486048e-05,0,0,0.8819710612701498,3,0,0.0,1.242180163175293e-05,0.7381725333182875,0.565919052247428,-0.14703914850563482,0,0,3,0,1.0623438948960767e-05,0,0,0.0,0,0,0.0,1.0,0.0,4.088006606218676e-06,2.2430083075060976,0.044503740341638134,0.5,0.6019261637239165,47.75038520801233,58.89830508474576,False,False,近期份额下降,2026Q2
C0077,机电传动与运动执行装置,电力电子与电机,宽泛待细分,能源电力直接相关,True,True,0,54154,9.169432778888298e-06,0,47718,1.039652340257418e-05,0,40261,1.2304360665419824e-05,0,33955,1.4564520827264783e-05,0,30484,1.6202728539486048e-05,0,0,0.8819710612701498,3,0,0.0,1.242180163175293e-05,0.7381725333182875,0.565919052247428,-0.14703914850563482,0,0,3,0,1.0623438948960767e-05,0,0,0.0,0,0,0.0,1.0,0.0,4.088006606218676e-06,2.2430083075060976,0.044503740341638134,0.5,0.6019261637239165,47.75038520801233,58.89830508474576,False,False,近期份额下降,2026Q2
C0078,充电连接与通用部件混合,交通与充电,混杂待重分,质量限制观察,False,False,0,54154,9.169432778888298e-06,0,47718,1.039652340257418e-05,0,40261,1.2304360665419824e-05,0,33955,1.4564520827264783e-05,0,30484,1.6202728539486048e-05,0,0,0.8819710612701498,3,0,0.0,1.242180163175293e-05,0.7381725333182875,0.565919052247428,-0.14703914850563482,0,0,3,0,1.0623438948960767e-05,0,0,0.0,0,0,0.0,1.0,0.0,4.088006606218676e-06,2.2430083075060976,0.044503740341638134,0.5,0.6019261637239165,47.75038520801233,58.89830508474576,False,False,近期份额下降,2026Q2
C0079,燃料电池系统运行控制,氢能与燃料电池,方向候选,能源电力直接相关,True,True,0,54154,9.169432778888298e-06,0,47718,1.039652340257418e-05,0,40261,1.2304360665419824e-05,0,33955,1.4564520827264783e-05,0,30484,1.6202728539486048e-05,0,0,0.8819710612701498,3,0,0.0,1.242180163175293e-05,0.7381725333182875,0.565919052247428,-0.14703914850563482,0,0,3,0,1.0623438948960767e-05,0,0,0.0,0,0,0.0,1.0,0.0,4.088006606218676e-06,2.2430083075060976,0.044503740341638134,0.5,0.6019261637239165,47.75038520801233,58.89830508474576,False,False,近期份额下降,2026Q2
C0080,污染物光催化降解,碳与环境,方向候选,关联基础或环境研究,True,False,0,54154,9.169432778888298e-06,0,47718,1.039652340257418e-05,0,40261,1.2304360665419824e-05,0,33955,1.4564520827264783e-05,0,30484,1.6202728539486048e-05,0,0,0.8819710612701498,3,0,0.0,1.242180163175293e-05,0.7381725333182875,0.565919052247428,-0.14703914850563482,0,0,3,0,1.0623438948960767e-05,0,0,0.0,0,0,0.0,1.0,0.0,4.088006606218676e-06,2.2430083075060976,0.044503740341638134,0.5,0.6019261637239165,47.75038520801233,58.89830508474576,False,False,近期份额下降,2026Q2
C0081,电力市场与售电制度政策,能源政策与治理,政策类群,能源治理与政策研究,True,False,0,54154,9.169432778888298e-06,0,47718,1.039652340257418e-05,0,40261,1.2304360665419824e-05,0,33955,1.4564520827264783e-05,0,30484,1.6202728539486048e-05,0,0,0.8819710612701498,3,0,0.0,1.242180163175293e-05,0.7381725333182875,0.565919052247428,-0.14703914850563482,0,0,3,0,1.0623438948960767e-05,0,0,0.0,0,0,0.0,1.0,0.0,4.088006606218676e-06,2.2430083075060976,0.044503740341638134,0.5,0.6019261637239165,47.75038520801233,58.89830508474576,False,False,近期份额下降,2026Q2
C0082,智能电网体系与通信,电网与电力系统,宽泛待细分,能源电力直接相关,True,True,0,54154,9.169432778888298e-06,0,47718,1.039652340257418e-05,0,40261,1.2304360665419824e-05,0,33955,1.4564520827264783e-05,0,30484,1.6202728539486048e-05,0,0,0.8819710612701498,3,0,0.0,1.242180163175293e-05,0.7381725333182875,0.565919052247428,-0.14703914850563482,0,0,3,0,1.0623438948960767e-05,0,0,0.0,0,0,0.0,1.0,0.0,4.088006606218676e-06,2.2430083075060976,0.044503740341638134,0.5,0.6019261637239165,47.75038520801233,58.89830508474576,False,False,近期份额下降,2026Q2
C0083,配电网电压无功与电能质量,电网与电力系统,宽泛待细分,能源电力直接相关,True,True,0,54154,9.169432778888298e-06,0,47718,1.039652340257418e-05,0,40261,1.2304360665419824e-05,0,33955,1.4564520827264783e-05,0,30484,1.6202728539486048e-05,0,0,0.8819710612701498,3,0,0.0,1.242180163175293e-05,0.7381725333182875,0.565919052247428,-0.14703914850563482,0,0,3,0,1.0623438948960767e-05,0,0,0.0,0,0,0.0,1.0,0.0,4.088006606218676e-06,2.2430083075060976,0.044503740341638134,0.5,0.6019261637239165,47.75038520801233,58.89830508474576,False,False,近期份额下降,2026Q2
C0084,电池单体电极及模组结构,电化学储能,宽泛待细分,能源电力直接相关,True,True,0,54154,9.169432778888298e-06,0,47718,1.039652340257418e-05,0,40261,1.2304360665419824e-05,0,33955,1.4564520827264783e-05,0,30484,1.6202728539486048e-05,0,0,0.8819710612701498,3,0,0.0,1.242180163175293e-05,0.7381725333182875,0.565919052247428,-0.14703914850563482,0,0,3,0,1.0623438948960767e-05,0,0,0.0,0,0,0.0,1.0,0.0,4.088006606218676e-06,2.2430083075060976,0.044503740341638134,0.5,0.6019261637239165,47.75038520801233,58.89830508474576,False,False,近期份额下降,2026Q2
C0085,多类功能薄膜与纳米器件,能源材料与电化学基础,混杂待重分,质量限制观察,False,False,0,54154,9.169432778888298e-06,0,47718,1.039652340257418e-05,0,40261,1.2304360665419824e-05,0,33955,1.4564520827264783e-05,0,30484,1.6202728539486048e-05,0,0,0.8819710612701498,3,0,0.0,1.242180163175293e-05,0.7381725333182875,0.565919052247428,-0.14703914850563482,0,0,3,0,1.0623438948960767e-05,0,0,0.0,0,0,0.0,1.0,0.0,4.088006606218676e-06,2.2430083075060976,0.044503740341638134,0.5,0.6019261637239165,47.75038520801233,58.89830508474576,False,False,近期份额下降,2026Q2
C0086,光伏组件性能建模与故障检测,太阳能,宽泛待细分,能源电力直接相关,True,True,0,54154,9.169432778888298e-06,0,47718,1.039652340257418e-05,0,40261,1.2304360665419824e-05,0,33955,1.4564520827264783e-05,0,30484,1.6202728539486048e-05,0,0,0.8819710612701498,3,0,0.0,1.242180163175293e-05,0.7381725333182875,0.565919052247428,-0.14703914850563482,0,0,3,0,1.0623438948960767e-05,0,0,0.0,0,0,0.0,1.0,0.0,4.088006606218676e-06,2.2430083075060976,0.044503740341638134,0.5,0.6019261637239165,47.75038520801233,58.89830508474576,False,False,近期份额下降,2026Q2
C0087,制氢储氢与加氢系统,氢能与燃料电池,宽泛待细分,能源电力直接相关,True,True,0,54154,9.169432778888298e-06,0,47718,1.039652340257418e-05,0,40261,1.2304360665419824e-05,0,33955,1.4564520827264783e-05,0,30484,1.6202728539486048e-05,0,0,0.8819710612701498,3,0,0.0,1.242180163175293e-05,0.7381725333182875,0.565919052247428,-0.14703914850563482,0,0,3,0,1.0623438948960767e-05,0,0,0.0,0,0,0.0,1.0,0.0,4.088006606218676e-06,2.2430083075060976,0.044503740341638134,0.5,0.6019261637239165,47.75038520801233,58.89830508474576,False,False,近期份额下降,2026Q2
C0088,污水厌氧处理与产能回收,生物质与资源循环,宽泛待细分,能源电力直接相关,True,True,0,54154,9.169432778888298e-06,0,47718,1.039652340257418e-05,0,40261,1.2304360665419824e-05,0,33955,1.4564520827264783e-05,0,30484,1.6202728539486048e-05,0,0,0.8819710612701498,3,0,0.0,1.242180163175293e-05,0.7381725333182875,0.565919052247428,-0.14703914850563482,0,0,3,0,1.0623438948960767e-05,0,0,0.0,0,0,0.0,1.0,0.0,4.088006606218676e-06,2.2430083075060976,0.044503740341638134,0.5,0.6019261637239165,47.75038520801233,58.89830508474576,False,False,近期份额下降,2026Q2
C0089,信号处理测量与电力扰动,数字技术与测量,宽泛待细分,关联基础或环境研究,True,False,0,54154,9.169432778888298e-06,0,47718,1.039652340257418e-05,0,40261,1.2304360665419824e-05,0,33955,1.4564520827264783e-05,0,30484,1.6202728539486048e-05,0,0,0.8819710612701498,3,0,0.0,1.242180163175293e-05,0.7381725333182875,0.565919052247428,-0.14703914850563482,0,0,3,0,1.0623438948960767e-05,0,0,0.0,0,0,0.0,1.0,0.0,4.088006606218676e-06,2.2430083075060976,0.044503740341638134,0.5,0.6019261637239165,47.75038520801233,58.89830508474576,False,False,近期份额下降,2026Q2
C0090,电动汽车充电控制,交通与充电,方向候选,能源电力直接相关,True,True,0,54154,9.169432778888298e-06,0,47718,1.039652340257418e-05,0,40261,1.2304360665419824e-05,0,33955,1.4564520827264783e-05,0,30484,1.6202728539486048e-05,0,0,0.8819710612701498,3,0,0.0,1.242180163175293e-05,0.7381725333182875,0.565919052247428,-0.14703914850563482,0,0,3,0,1.0623438948960767e-05,0,0,0.0,0,0,0.0,1.0,0.0,4.088006606218676e-06,2.2430083075060976,0.044503740341638134,0.5,0.6019261637239165,47.75038520801233,58.89830508474576,False,False,近期份额下降,2026Q2
C0091,等离子体湍流与不稳定性,核能与等离子体,方向候选,能源电力直接相关,True,True,0,54154,9.169432778888298e-06,0,47718,1.039652340257418e-05,0,40261,1.2304360665419824e-05,0,33955,1.4564520827264783e-05,0,30484,1.6202728539486048e-05,0,0,0.8819710612701498,3,0,0.0,1.242180163175293e-05,0.7381725333182875,0.565919052247428,-0.14703914850563482,0,0,3,0,1.0623438948960767e-05,0,0,0.0,0,0,0.0,1.0,0.0,4.088006606218676e-06,2.2430083075060976,0.044503740341638134,0.5,0.6019261637239165,47.75038520801233,58.89830508474576,False,False,近期份额下降,2026Q2
C0092,天然气输配与气价政策,能源政策与治理,政策类群,能源治理与政策研究,True,False,0,54154,9.169432778888298e-06,0,47718,1.039652340257418e-05,0,40261,1.2304360665419824e-05,0,33955,1.4564520827264783e-05,0,30484,1.6202728539486048e-05,0,0,0.8819710612701498,3,0,0.0,1.242180163175293e-05,0.7381725333182875,0.565919052247428,-0.14703914850563482,0,0,3,0,1.0623438948960767e-05,0,0,0.0,0,0,0.0,1.0,0.0,4.088006606218676e-06,2.2430083075060976,0.044503740341638134,0.5,0.6019261637239165,47.75038520801233,58.89830508474576,False,False,近期份额下降,2026Q2
C0093,电能变换波浪能与互感器混合,电力电子与电机,混杂待重分,质量限制观察,False,False,0,54154,9.169432778888298e-06,0,47718,1.039652340257418e-05,0,40261,1.2304360665419824e-05,0,33955,1.4564520827264783e-05,0,30484,1.6202728539486048e-05,0,0,0.8819710612701498,3,0,0.0,1.242180163175293e-05,0.7381725333182875,0.565919052247428,-0.14703914850563482,0,0,3,0,1.0623438948960767e-05,0,0,0.0,0,0,0.0,1.0,0.0,4.088006606218676e-06,2.2430083075060976,0.044503740341638134,0.5,0.6019261637239165,47.75038520801233,58.89830508474576,False,False,近期份额下降,2026Q2
C0094,晶体缺陷外延与变形,能源材料与电化学基础,关联基础研究,关联基础或环境研究,True,False,0,54154,9.169432778888298e-06,0,47718,1.039652340257418e-05,0,40261,1.2304360665419824e-05,0,33955,1.4564520827264783e-05,0,30484,1.6202728539486048e-05,0,0,0.8819710612701498,3,0,0.0,1.242180163175293e-05,0.7381725333182875,0.565919052247428,-0.14703914850563482,0,0,3,0,1.0623438948960767e-05,0,0,0.0,0,0,0.0,1.0,0.0,4.088006606218676e-06,2.2430083075060976,0.044503740341638134,0.5,0.6019261637239165,47.75038520801233,58.89830508474576,False,False,近期份额下降,2026Q2
C0095,泄漏检测与多设备状态监测,数字技术与测量,混杂待重分,质量限制观察,False,False,0,54154,9.169432778888298e-06,0,47718,1.039652340257418e-05,0,40261,1.2304360665419824e-05,0,33955,1.4564520827264783e-05,0,30484,1.6202728539486048e-05,0,0,0.8819710612701498,3,0,0.0,1.242180163175293e-05,0.7381725333182875,0.565919052247428,-0.14703914850563482,0,0,3,0,1.0623438948960767e-05,0,0,0.0,0,0,0.0,1.0,0.0,4.088006606218676e-06,2.2430083075060976,0.044503740341638134,0.5,0.6019261637239165,47.75038520801233,58.89830508474576,False,False,近期份额下降,2026Q2
C0096,电力设备通信与控制系统,数字技术与测量,宽泛待细分,能源电力直接相关,True,True,0,54154,9.169432778888298e-06,0,47718,1.039652340257418e-05,0,40261,1.2304360665419824e-05,0,33955,1.4564520827264783e-05,0,30484,1.6202728539486048e-05,0,0,0.8819710612701498,3,0,0.0,1.242180163175293e-05,0.7381725333182875,0.565919052247428,-0.14703914850563482,0,0,3,0,1.0623438948960767e-05,0,0,0.0,0,0,0.0,1.0,0.0,4.088006606218676e-06,2.2430083075060976,0.044503740341638134,0.5,0.6019261637239165,47.75038520801233,58.89830508474576,False,False,近期份额下降,2026Q2
C0097,永磁电机与磁路设计,电力电子与电机,宽泛待细分,能源电力直接相关,True,True,0,54154,9.169432778888298e-06,0,47718,1.039652340257418e-05,0,40261,1.2304360665419824e-05,0,33955,1.4564520827264783e-05,0,30484,1.6202728539486048e-05,0,0,0.8819710612701498,3,0,0.0,1.242180163175293e-05,0.7381725333182875,0.565919052247428,-0.14703914850563482,0,0,3,0,1.0623438948960767e-05,0,0,0.0,0,0,0.0,1.0,0.0,4.088006606218676e-06,2.2430083075060976,0.044503740341638134,0.5,0.6019261637239165,47.75038520801233,58.89830508474576,False,False,近期份额下降,2026Q2
C0098,建筑与工业冷却节能,热工与能效,宽泛待细分,能源电力直接相关,True,True,0,54154,9.169432778888298e-06,0,47718,1.039652340257418e-05,0,40261,1.2304360665419824e-05,0,33955,1.4564520827264783e-05,0,30484,1.6202728539486048e-05,0,0,0.8819710612701498,3,0,0.0,1.242180163175293e-05,0.7381725333182875,0.565919052247428,-0.14703914850563482,0,0,3,0,1.0623438948960767e-05,0,0,0.0,0,0,0.0,1.0,0.0,4.088006606218676e-06,2.2430083075060976,0.044503740341638134,0.5,0.6019261637239165,47.75038520801233,58.89830508474576,False,False,近期份额下降,2026Q2
C0099,无人机巡检与电网作业,数字技术与测量,方向候选,能源电力直接相关,True,True,0,54154,9.169432778888298e-06,0,47718,1.039652340257418e-05,0,40261,1.2304360665419824e-05,0,33955,1.4564520827264783e-05,0,30484,1.6202728539486048e-05,0,0,0.8819710612701498,3,0,0.0,1.242180163175293e-05,0.7381725333182875,0.565919052247428,-0.14703914850563482,0,0,3,0,1.0623438948960767e-05,0,0,0.0,0,0,0.0,1.0,0.0,4.088006606218676e-06,2.2430083075060976,0.044503740341638134,0.5,0.6019261637239165,47.75038520801233,58.89830508474576,False,False,近期份额下降,2026Q2
C0100,磁重联与磁场材料效应,核能与等离子体,混杂待重分,质量限制观察,False,False,0,54154,9.169432778888298e-06,0,47718,1.039652340257418e-05,0,40261,1.2304360665419824e-05,0,33955,1.4564520827264783e-05,0,30484,1.6202728539486048e-05,0,0,0.8819710612701498,3,0,0.0,1.242180163175293e-05,0.7381725333182875,0.565919052247428,-0.14703914850563482,0,0,3,0,1.0623438948960767e-05,0,0,0.0,0,0,0.0,1.0,0.0,4.088006606218676e-06,2.2430083075060976,0.044503740341638134,0.5,0.6019261637239165,47.75038520801233,58.89830508474576,False,False,近期份额下降,2026Q2
C0101,人类世生态危机与社会转型,其他基础与关联学科,关联基础研究,关联基础或环境研究,False,False,0,54154,9.169432778888298e-06,0,47718,1.039652340257418e-05,0,40261,1.2304360665419824e-05,0,33955,1.4564520827264783e-05,0,30484,1.6202728539486048e-05,0,0,0.8819710612701498,3,0,0.0,1.242180163175293e-05,0.7381725333182875,0.565919052247428,-0.14703914850563482,0,0,3,0,1.0623438948960767e-05,0,0,0.0,0,0,0.0,1.0,0.0,4.088006606218676e-06,2.2430083075060976,0.044503740341638134,0.5,0.6019261637239165,47.75038520801233,58.89830508474576,False,False,近期份额下降,2026Q2
C0102,电力设备与线路故障检测、定位和诊断,电网与电力系统,宽泛待细分,能源电力直接相关,True,True,0,54154,9.169432778888298e-06,0,47718,1.039652340257418e-05,0,40261,1.2304360665419824e-05,0,33955,1.4564520827264783e-05,0,30484,1.6202728539486048e-05,0,0,0.8819710612701498,3,0,0.0,1.242180163175293e-05,0.7381725333182875,0.565919052247428,-0.14703914850563482,0,0,3,0,1.0623438948960767e-05,0,0,0.0,0,0,0.0,1.0,0.0,4.088006606218676e-06,2.2430083075060976,0.044503740341638134,0.5,0.6019261637239165,47.75038520801233,58.89830508474576,False,False,近期份额下降,2026Q2
C0103,金属基复合材料与耐磨制造,能源材料与电化学基础,关联基础研究,关联基础或环境研究,True,False,0,54154,9.169432778888298e-06,0,47718,1.039652340257418e-05,0,40261,1.2304360665419824e-05,0,33955,1.4564520827264783e-05,0,30484,1.6202728539486048e-05,0,0,0.8819710612701498,3,0,0.0,1.242180163175293e-05,0.7381725333182875,0.565919052247428,-0.14703914850563482,0,0,3,0,1.0623438948960767e-05,0,0,0.0,0,0,0.0,1.0,0.0,4.088006606218676e-06,2.2430083075060976,0.044503740341638134,0.5,0.6019261637239165,47.75038520801233,58.89830508474576,False,False,近期份额下降,2026Q2
C0104,发动机燃气轮机与动力机械,化石能源,宽泛待细分,能源电力直接相关,True,True,0,54154,9.169432778888298e-06,0,47718,1.039652340257418e-05,0,40261,1.2304360665419824e-05,0,33955,1.4564520827264783e-05,0,30484,1.6202728539486048e-05,0,0,0.8819710612701498,3,0,0.0,1.242180163175293e-05,0.7381725333182875,0.565919052247428,-0.14703914850563482,0,0,3,0,1.0623438948960767e-05,0,0,0.0,0,0,0.0,1.0,0.0,4.088006606218676e-06,2.2430083075060976,0.044503740341638134,0.5,0.6019261637239165,47.75038520801233,58.89830508474576,False,False,近期份额下降,2026Q2
C0105,微电网能量管理与优化,电网与电力系统,方向候选,能源电力直接相关,True,True,0,54154,9.169432778888298e-06,0,47718,1.039652340257418e-05,0,40261,1.2304360665419824e-05,0,33955,1.4564520827264783e-05,0,30484,1.6202728539486048e-05,0,0,0.8819710612701498,3,0,0.0,1.242180163175293e-05,0.7381725333182875,0.565919052247428,-0.14703914850563482,0,0,3,0,1.0623438948960767e-05,0,0,0.0,0,0,0.0,1.0,0.0,4.088006606218676e-06,2.2430083075060976,0.044503740341638134,0.5,0.6019261637239165,47.75038520801233,58.89830508474576,False,False,近期份额下降,2026Q2
C0106,电动汽车推广与整车能耗,交通与充电,宽泛待细分,能源电力直接相关,True,True,0,54154,9.169432778888298e-06,0,47718,1.039652340257418e-05,0,40261,1.2304360665419824e-05,0,33955,1.4564520827264783e-05,0,30484,1.6202728539486048e-05,0,0,0.8819710612701498,3,0,0.0,1.242180163175293e-05,0.7381725333182875,0.565919052247428,-0.14703914850563482,0,0,3,0,1.0623438948960767e-05,0,0,0.0,0,0,0.0,1.0,0.0,4.088006606218676e-06,2.2430083075060976,0.044503740341638134,0.5,0.6019261637239165,47.75038520801233,58.89830508474576,False,False,近期份额下降,2026Q2
C0107,模板化晶体数据库记录,其他基础与关联学科,外围或非研究文本,质量限制观察,False,False,0,54154,9.169432778888298e-06,0,47718,1.039652340257418e-05,0,40261,1.2304360665419824e-05,0,33955,1.4564520827264783e-05,0,30484,1.6202728539486048e-05,0,0,0.8819710612701498,3,0,0.0,1.242180163175293e-05,0.7381725333182875,0.565919052247428,-0.14703914850563482,0,0,3,0,1.0623438948960767e-05,0,0,0.0,0,0,0.0,1.0,0.0,4.088006606218676e-06,2.2430083075060976,0.044503740341638134,0.5,0.6019261637239165,47.75038520801233,58.89830508474576,False,False,近期份额下降,2026Q2
C0108,储能充放电与变流控制,电化学储能,宽泛待细分,能源电力直接相关,True,True,0,54154,9.169432778888298e-06,0,47718,1.039652340257418e-05,0,40261,1.2304360665419824e-05,0,33955,1.4564520827264783e-05,0,30484,1.6202728539486048e-05,0,0,0.8819710612701498,3,0,0.0,1.242180163175293e-05,0.7381725333182875,0.565919052247428,-0.14703914850563482,0,0,3,0,1.0623438948960767e-05,0,0,0.0,0,0,0.0,1.0,0.0,4.088006606218676e-06,2.2430083075060976,0.044503740341638134,0.5,0.6019261637239165,47.75038520801233,58.89830508474576,False,False,近期份额下降,2026Q2
C0109,水系锌电池与锌空气电池,电化学储能,宽泛待细分,能源电力直接相关,True,True,0,54154,9.169432778888298e-06,0,47718,1.039652340257418e-05,0,40261,1.2304360665419824e-05,0,33955,1.4564520827264783e-05,0,30484,1.6202728539486048e-05,0,0,0.8819710612701498,3,0,0.0,1.242180163175293e-05,0.7381725333182875,0.565919052247428,-0.14703914850563482,0,0,3,0,1.0623438948960767e-05,0,0,0.0,0,0,0.0,1.0,0.0,4.088006606218676e-06,2.2430083075060976,0.044503740341638134,0.5,0.6019261637239165,47.75038520801233,58.89830508474576,False,False,近期份额下降,2026Q2
C0110,电气柜密封防护与开关部件,电网与电力系统,混杂待重分,质量限制观察,False,False,0,54154,9.169432778888298e-06,0,47718,1.039652340257418e-05,0,40261,1.2304360665419824e-05,0,33955,1.4564520827264783e-05,0,30484,1.6202728539486048e-05,0,0,0.8819710612701498,3,0,0.0,1.242180163175293e-05,0.7381725333182875,0.565919052247428,-0.14703914850563482,0,0,3,0,1.0623438948960767e-05,0,0,0.0,0,0,0.0,1.0,0.0,4.088006606218676e-06,2.2430083075060976,0.044503740341638134,0.5,0.6019261637239165,47.75038520801233,58.89830508474576,False,False,近期份额下降,2026Q2
C0111,机柜装配与通用机械部件,制造与通用装置,混杂待重分,质量限制观察,False,False,0,54154,9.169432778888298e-06,0,47718,1.039652340257418e-05,0,40261,1.2304360665419824e-05,0,33955,1.4564520827264783e-05,0,30484,1.6202728539486048e-05,0,0,0.8819710612701498,3,0,0.0,1.242180163175293e-05,0.7381725333182875,0.565919052247428,-0.14703914850563482,0,0,3,0,1.0623438948960767e-05,0,0,0.0,0,0,0.0,1.0,0.0,4.088006606218676e-06,2.2430083075060976,0.044503740341638134,0.5,0.6019261637239165,47.75038520801233,58.89830508474576,False,False,近期份额下降,2026Q2
C0112,电站锅炉汽轮机与设备运维,化石能源,混杂待重分,质量限制观察,False,False,0,54154,9.169432778888298e-06,0,47718,1.039652340257418e-05,0,40261,1.2304360665419824e-05,0,33955,1.4564520827264783e-05,0,30484,1.6202728539486048e-05,0,0,0.8819710612701498,3,0,0.0,1.242180163175293e-05,0.7381725333182875,0.565919052247428,-0.14703914850563482,0,0,3,0,1.0623438948960767e-05,0,0,0.0,0,0,0.0,1.0,0.0,4.088006606218676e-06,2.2430083075060976,0.044503740341638134,0.5,0.6019261637239165,47.75038520801233,58.89830508474576,False,False,近期份额下降,2026Q2
C0113,二氧化钛光催化材料与反应,能源材料与电化学基础,宽泛待细分,关联基础或环境研究,True,False,0,54154,9.169432778888298e-06,0,47718,1.039652340257418e-05,0,40261,1.2304360665419824e-05,0,33955,1.4564520827264783e-05,0,30484,1.6202728539486048e-05,0,0,0.8819710612701498,3,0,0.0,1.242180163175293e-05,0.7381725333182875,0.565919052247428,-0.14703914850563482,0,0,3,0,1.0623438948960767e-05,0,0,0.0,0,0,0.0,1.0,0.0,4.088006606218676e-06,2.2430083075060976,0.044503740341638134,0.5,0.6019261637239165,47.75038520801233,58.89830508474576,False,False,近期份额下降,2026Q2
C0114,水分离采集与流体界面技术,热工与能效,混杂待重分,质量限制观察,False,False,0,54154,9.169432778888298e-06,0,47718,1.039652340257418e-05,0,40261,1.2304360665419824e-05,0,33955,1.4564520827264783e-05,0,30484,1.6202728539486048e-05,0,0,0.8819710612701498,3,0,0.0,1.242180163175293e-05,0.7381725333182875,0.565919052247428,-0.14703914850563482,0,0,3,0,1.0623438948960767e-05,0,0,0.0,0,0,0.0,1.0,0.0,4.088006606218676e-06,2.2430083075060976,0.044503740341638134,0.5,0.6019261637239165,47.75038520801233,58.89830508474576,False,False,近期份额下降,2026Q2
C0115,二氧化碳吸收溶解与水合物,碳与环境,宽泛待细分,能源电力直接相关,True,True,0,54154,9.169432778888298e-06,0,47718,1.039652340257418e-05,0,40261,1.2304360665419824e-05,0,33955,1.4564520827264783e-05,0,30484,1.6202728539486048e-05,0,0,0.8819710612701498,3,0,0.0,1.242180163175293e-05,0.7381725333182875,0.565919052247428,-0.14703914850563482,0,0,3,0,1.0623438948960767e-05,0,0,0.0,0,0,0.0,1.0,0.0,4.088006606218676e-06,2.2430083075060976,0.044503740341638134,0.5,0.6019261637239165,47.75038520801233,58.89830508474576,False,False,近期份额下降,2026Q2
C0116,电源装置与供电电路结构,电力电子与电机,宽泛待细分,能源电力直接相关,True,True,0,54154,9.169432778888298e-06,0,47718,1.039652340257418e-05,0,40261,1.2304360665419824e-05,0,33955,1.4564520827264783e-05,0,30484,1.6202728539486048e-05,0,0,0.8819710612701498,3,0,0.0,1.242180163175293e-05,0.7381725333182875,0.565919052247428,-0.14703914850563482,0,0,3,0,1.0623438948960767e-05,0,0,0.0,0,0,0.0,1.0,0.0,4.088006606218676e-06,2.2430083075060976,0.044503740341638134,0.5,0.6019261637239165,47.75038520801233,58.89830508474576,False,False,近期份额下降,2026Q2
C0117,制冷循环工质与能效,热工与能效,宽泛待细分,能源电力直接相关,True,True,0,54154,9.169432778888298e-06,0,47718,1.039652340257418e-05,0,40261,1.2304360665419824e-05,0,33955,1.4564520827264783e-05,0,30484,1.6202728539486048e-05,0,0,0.8819710612701498,3,0,0.0,1.242180163175293e-05,0.7381725333182875,0.565919052247428,-0.14703914850563482,0,0,3,0,1.0623438948960767e-05,0,0,0.0,0,0,0.0,1.0,0.0,4.088006606218676e-06,2.2430083075060976,0.044503740341638134,0.5,0.6019261637239165,47.75038520801233,58.89830508474576,False,False,近期份额下降,2026Q2
C0118,煤矿产能及经营公告,能源政策与治理,政策类群,能源治理与政策研究,True,False,0,54154,9.169432778888298e-06,0,47718,1.039652340257418e-05,0,40261,1.2304360665419824e-05,0,33955,1.4564520827264783e-05,0,30484,1.6202728539486048e-05,0,0,0.8819710612701498,3,0,0.0,1.242180163175293e-05,0.7381725333182875,0.565919052247428,-0.14703914850563482,0,0,3,0,1.0623438948960767e-05,0,0,0.0,0,0,0.0,1.0,0.0,4.088006606218676e-06,2.2430083075060976,0.044503740341638134,0.5,0.6019261637239165,47.75038520801233,58.89830508474576,False,False,近期份额下降,2026Q2
C0119,煤矿安全生产与许可管理,能源政策与治理,政策类群,能源治理与政策研究,True,False,0,54154,9.169432778888298e-06,0,47718,1.039652340257418e-05,0,40261,1.2304360665419824e-05,0,33955,1.4564520827264783e-05,0,30484,1.6202728539486048e-05,0,0,0.8819710612701498,3,0,0.0,1.242180163175293e-05,0.7381725333182875,0.565919052247428,-0.14703914850563482,0,0,3,0,1.0623438948960767e-05,0,0,0.0,0,0,0.0,1.0,0.0,4.088006606218676e-06,2.2430083075060976,0.044503740341638134,0.5,0.6019261637239165,47.75038520801233,58.89830508474576,False,False,近期份额下降,2026Q2
C0120,电力载波与通信传输,数字技术与测量,宽泛待细分,能源电力直接相关,True,True,0,54154,9.169432778888298e-06,0,47718,1.039652340257418e-05,0,40261,1.2304360665419824e-05,0,33955,1.4564520827264783e-05,0,30484,1.6202728539486048e-05,0,0,0.8819710612701498,3,0,0.0,1.242180163175293e-05,0.7381725333182875,0.565919052247428,-0.14703914850563482,0,0,3,0,1.0623438948960767e-05,0,0,0.0,0,0,0.0,1.0,0.0,4.088006606218676e-06,2.2430083075060976,0.044503740341638134,0.5,0.6019261637239165,47.75038520801233,58.89830508474576,False,False,近期份额下降,2026Q2
C0121,波浪能装置与海洋水动力,风能与水能海洋能源,宽泛待细分,能源电力直接相关,True,True,0,54154,9.169432778888298e-06,0,47718,1.039652340257418e-05,0,40261,1.2304360665419824e-05,0,33955,1.4564520827264783e-05,0,30484,1.6202728539486048e-05,0,0,0.8819710612701498,3,0,0.0,1.242180163175293e-05,0.7381725333182875,0.565919052247428,-0.14703914850563482,0,0,3,0,1.0623438948960767e-05,0,0,0.0,0,0,0.0,1.0,0.0,4.088006606218676e-06,2.2430083075060976,0.044503740341638134,0.5,0.6019261637239165,47.75038520801233,58.89830508474576,False,False,近期份额下降,2026Q2
C0122,热电材料与热电性能优化,能源材料与电化学基础,方向候选,能源电力直接相关,True,True,67,54154,0.0012378734251499203,63,47718,0.0013203584721269207,60,40261,0.001488827640515799,47,33955,0.0013836294785901544,61,30484,0.001992935610356784,67,63,0.9375282934761436,3,170,56.666666666666664,0.0013976051970776247,0.8857103763912,0.6211306671008355,-0.09229703208479023,2,0,3,190,0.00134901984593088,0,0,0.0,152,319,112.33333333333333,1.35,0.3430643491524225,0.0013940102527205684,0.8879944912414169,0.6698859477897356,0.796500788209056,0.9092474751244931,63.93682588597843,69.23728813559322,False,False,近期份额下降,2026Q2
C0123,磁约束等离子体运行与边界,核能与等离子体,方向候选,能源电力直接相关,True,True,0,54154,9.169432778888298e-06,0,47718,1.039652340257418e-05,0,40261,1.2304360665419824e-05,0,33955,1.4564520827264783e-05,0,30484,1.6202728539486048e-05,0,0,0.8819710612701498,3,0,0.0,1.242180163175293e-05,0.7381725333182875,0.565919052247428,-0.14703914850563482,0,0,3,0,1.0623438948960767e-05,0,0,0.0,0,0,0.0,1.0,0.0,4.088006606218676e-06,2.2430083075060976,0.044503740341638134,0.5,0.6019261637239165,47.75038520801233,58.89830508474576,False,False,近期份额下降,2026Q2
C0124,电力系统碳计量与低碳调度,碳与环境,宽泛待细分,能源电力直接相关,True,True,45,54154,0.0008344183828788352,17,47718,0.0003638783190900963,18,40261,0.00045526134462053354,10,33955,0.0003058549373725604,8,30484,0.0002754463851712628,45,17,2.2931247593023896,3,45,15.0,0.0003749982003610634,2.22512636614102,1.8328338057656401,0.3029316484306781,4,0,3,80,0.0005511860155298216,0,0,0.0,57,106,29.0,1.9333333333333333,0.3715737399833802,0.0003720086011658995,2.2430083075060976,1.4871927809387675,3.7861586398742236e-05,0.000728107430745043,59.830508474576284,96.99537750385207,False,False,多年背景上持续抬升,2026Q2
C0125,重整气化与合成气制氢,氢能与燃料电池,宽泛待细分,能源电力直接相关,True,True,0,54154,9.169432778888298e-06,0,47718,1.039652340257418e-05,0,40261,1.2304360665419824e-05,0,33955,1.4564520827264783e-05,0,30484,1.6202728539486048e-05,0,0,0.8819710612701498,3,0,0.0,1.242180163175293e-05,0.7381725333182875,0.565919052247428,-0.14703914850563482,0,0,3,0,1.0623438948960767e-05,0,0,0.0,0,0,0.0,1.0,0.0,4.088006606218676e-06,2.2430083075060976,0.044503740341638134,0.5,0.6019261637239165,47.75038520801233,58.89830508474576,False,False,近期份额下降,2026Q2
C0126,氮化碳及复合光催化材料,能源材料与电化学基础,宽泛待细分,关联基础或环境研究,True,False,0,54154,9.169432778888298e-06,0,47718,1.039652340257418e-05,0,40261,1.2304360665419824e-05,0,33955,1.4564520827264783e-05,0,30484,1.6202728539486048e-05,0,0,0.8819710612701498,3,0,0.0,1.242180163175293e-05,0.7381725333182875,0.565919052247428,-0.14703914850563482,0,0,3,0,1.0623438948960767e-05,0,0,0.0,0,0,0.0,1.0,0.0,4.088006606218676e-06,2.2430083075060976,0.044503740341638134,0.5,0.6019261637239165,47.75038520801233,58.89830508474576,False,False,近期份额下降,2026Q2
C0127,质子交换及功能聚合物膜,氢能与燃料电池,宽泛待细分,能源电力直接相关,True,True,0,54154,9.169432778888298e-06,0,47718,1.039652340257418e-05,0,40261,1.2304360665419824e-05,0,33955,1.4564520827264783e-05,0,30484,1.6202728539486048e-05,0,0,0.8819710612701498,3,0,0.0,1.242180163175293e-05,0.7381725333182875,0.565919052247428,-0.14703914850563482,0,0,3,0,1.0623438948960767e-05,0,0,0.0,0,0,0.0,1.0,0.0,4.088006606218676e-06,2.2430083075060976,0.044503740341638134,0.5,0.6019261637239165,47.75038520801233,58.89830508474576,False,False,近期份额下降,2026Q2
C0128,石墨烯复合材料与多场景应用,能源材料与电化学基础,宽泛待细分,关联基础或环境研究,True,False,0,54154,9.169432778888298e-06,0,47718,1.039652340257418e-05,0,40261,1.2304360665419824e-05,0,33955,1.4564520827264783e-05,0,30484,1.6202728539486048e-05,0,0,0.8819710612701498,3,0,0.0,1.242180163175293e-05,0.7381725333182875,0.565919052247428,-0.14703914850563482,0,0,3,0,1.0623438948960767e-05,0,0,0.0,0,0,0.0,1.0,0.0,4.088006606218676e-06,2.2430083075060976,0.044503740341638134,0.5,0.6019261637239165,47.75038520801233,58.89830508474576,False,False,近期份额下降,2026Q2
C0129,生物质与污泥厌氧消化产气,生物质与资源循环,方向候选,能源电力直接相关,True,True,224,54154,0.004117075317720846,191,47718,0.003981868463185911,165,40261,0.004072743380253962,128,33955,0.0037430818526070493,146,30484,0.0047473994620694125,224,191,1.0339556305751887,3,484,161.33333333333334,0.003932564565348975,1.0469186835475384,0.8672274896214852,0.0054131076769614594,2,4,3,580,0.00405722905372024,12,3,1.0,338,814,294.0,1.1491525423728814,0.3292559053930069,0.003961278401425896,1.039329958792815,0.8872161625631863,0.30467176504530247,0.6019261637239165,87.4191063174114,73.86748844375964,False,False,历史峰值以下的恢复或波动,2026Q2
C0130,能源网络安全与隐私保护,数字技术与测量,方向候选,能源电力直接相关,True,True,0,54154,9.169432778888298e-06,0,47718,1.039652340257418e-05,0,40261,1.2304360665419824e-05,0,33955,1.4564520827264783e-05,0,30484,1.6202728539486048e-05,0,0,0.8819710612701498,3,0,0.0,1.242180163175293e-05,0.7381725333182875,0.565919052247428,-0.14703914850563482,0,0,3,0,1.0623438948960767e-05,0,0,0.0,0,0,0.0,1.0,0.0,4.088006606218676e-06,2.2430083075060976,0.044503740341638134,0.5,0.6019261637239165,47.75038520801233,58.89830508474576,False,False,近期份额下降,2026Q2
C0131,光伏电池及组件结构制造,太阳能,宽泛待细分,能源电力直接相关,True,True,0,54154,9.169432778888298e-06,0,47718,1.039652340257418e-05,0,40261,1.2304360665419824e-05,0,33955,1.4564520827264783e-05,0,30484,1.6202728539486048e-05,0,0,0.8819710612701498,3,0,0.0,1.242180163175293e-05,0.7381725333182875,0.565919052247428,-0.14703914850563482,0,0,3,0,1.0623438948960767e-05,0,0,0.0,0,0,0.0,1.0,0.0,4.088006606218676e-06,2.2430083075060976,0.044503740341638134,0.5,0.6019261637239165,47.75038520801233,58.89830508474576,False,False,近期份额下降,2026Q2
C0132,超级电容器复合电极材料,电化学储能,方向候选,能源电力直接相关,True,True,0,54154,9.169432778888298e-06,0,47718,1.039652340257418e-05,0,40261,1.2304360665419824e-05,0,33955,1.4564520827264783e-05,0,30484,1.6202728539486048e-05,0,0,0.8819710612701498,3,0,0.0,1.242180163175293e-05,0.7381725333182875,0.565919052247428,-0.14703914850563482,0,0,3,0,1.0623438948960767e-05,0,0,0.0,0,0,0.0,1.0,0.0,4.088006606218676e-06,2.2430083075060976,0.044503740341638134,0.5,0.6019261637239165,47.75038520801233,58.89830508474576,False,False,近期份额下降,2026Q2
C0133,排放交易与污染治理政策研究,碳与环境,宽泛待细分,能源电力直接相关,True,True,0,54154,9.169432778888298e-06,0,47718,1.039652340257418e-05,0,40261,1.2304360665419824e-05,0,33955,1.4564520827264783e-05,0,30484,1.6202728539486048e-05,0,0,0.8819710612701498,3,0,0.0,1.242180163175293e-05,0.7381725333182875,0.565919052247428,-0.14703914850563482,0,0,3,0,1.0623438948960767e-05,0,0,0.0,0,0,0.0,1.0,0.0,4.088006606218676e-06,2.2430083075060976,0.044503740341638134,0.5,0.6019261637239165,47.75038520801233,58.89830508474576,False,False,近期份额下降,2026Q2
C0134,功能薄膜沉积与表征,能源材料与电化学基础,关联基础研究,关联基础或环境研究,True,False,0,54154,9.169432778888298e-06,0,47718,1.039652340257418e-05,0,40261,1.2304360665419824e-05,0,33955,1.4564520827264783e-05,0,30484,1.6202728539486048e-05,0,0,0.8819710612701498,3,0,0.0,1.242180163175293e-05,0.7381725333182875,0.565919052247428,-0.14703914850563482,0,0,3,0,1.0623438948960767e-05,0,0,0.0,0,0,0.0,1.0,0.0,4.088006606218676e-06,2.2430083075060976,0.044503740341638134,0.5,0.6019261637239165,47.75038520801233,58.89830508474576,False,False,近期份额下降,2026Q2
C0135,电连接器接线与端口结构,电力电子与电机,宽泛待细分,能源电力直接相关,True,True,0,54154,9.169432778888298e-06,0,47718,1.039652340257418e-05,0,40261,1.2304360665419824e-05,0,33955,1.4564520827264783e-05,0,30484,1.6202728539486048e-05,0,0,0.8819710612701498,3,0,0.0,1.242180163175293e-05,0.7381725333182875,0.565919052247428,-0.14703914850563482,0,0,3,0,1.0623438948960767e-05,0,0,0.0,0,0,0.0,1.0,0.0,4.088006606218676e-06,2.2430083075060976,0.044503740341638134,0.5,0.6019261637239165,47.75038520801233,58.89830508474576,False,False,近期份额下降,2026Q2
C0136,电力市场机制与产消者经济,电网与电力系统,宽泛待细分,能源电力直接相关,True,True,0,54154,9.169432778888298e-06,0,47718,1.039652340257418e-05,0,40261,1.2304360665419824e-05,0,33955,1.4564520827264783e-05,0,30484,1.6202728539486048e-05,0,0,0.8819710612701498,3,0,0.0,1.242180163175293e-05,0.7381725333182875,0.565919052247428,-0.14703914850563482,0,0,3,0,1.0623438948960767e-05,0,0,0.0,0,0,0.0,1.0,0.0,4.088006606218676e-06,2.2430083075060976,0.044503740341638134,0.5,0.6019261637239165,47.75038520801233,58.89830508474576,False,False,近期份额下降,2026Q2
C0137,电解与其他路线制氢技术,氢能与燃料电池,宽泛待细分,能源电力直接相关,True,True,0,54154,9.169432778888298e-06,0,47718,1.039652340257418e-05,0,40261,1.2304360665419824e-05,0,33955,1.4564520827264783e-05,0,30484,1.6202728539486048e-05,0,0,0.8819710612701498,3,0,0.0,1.242180163175293e-05,0.7381725333182875,0.565919052247428,-0.14703914850563482,0,0,3,0,1.0623438948960767e-05,0,0,0.0,0,0,0.0,1.0,0.0,4.088006606218676e-06,2.2430083075060976,0.044503740341638134,0.5,0.6019261637239165,47.75038520801233,58.89830508474576,False,False,近期份额下降,2026Q2
C0138,光伏出力预测与系统参数建模,太阳能,宽泛待细分,能源电力直接相关,True,True,0,54154,9.169432778888298e-06,0,47718,1.039652340257418e-05,0,40261,1.2304360665419824e-05,0,33955,1.4564520827264783e-05,0,30484,1.6202728539486048e-05,0,0,0.8819710612701498,3,0,0.0,1.242180163175293e-05,0.7381725333182875,0.565919052247428,-0.14703914850563482,0,0,3,0,1.0623438948960767e-05,0,0,0.0,0,0,0.0,1.0,0.0,4.088006606218676e-06,2.2430083075060976,0.044503740341638134,0.5,0.6019261637239165,47.75038520801233,58.89830508474576,False,False,近期份额下降,2026Q2
C0139,变压器油纸绝缘诊断,电网与电力系统,方向候选,能源电力直接相关,True,True,0,54154,9.169432778888298e-06,0,47718,1.039652340257418e-05,0,40261,1.2304360665419824e-05,0,33955,1.4564520827264783e-05,0,30484,1.6202728539486048e-05,0,0,0.8819710612701498,3,0,0.0,1.242180163175293e-05,0.7381725333182875,0.565919052247428,-0.14703914850563482,0,0,3,0,1.0623438948960767e-05,0,0,0.0,0,0,0.0,1.0,0.0,4.088006606218676e-06,2.2430083075060976,0.044503740341638134,0.5,0.6019261637239165,47.75038520801233,58.89830508474576,False,False,近期份额下降,2026Q2
C0140,厌氧微生物产甲烷机制,生物质与资源循环,方向候选,能源电力直接相关,True,True,0,54154,9.169432778888298e-06,0,47718,1.039652340257418e-05,0,40261,1.2304360665419824e-05,0,33955,1.4564520827264783e-05,0,30484,1.6202728539486048e-05,0,0,0.8819710612701498,3,0,0.0,1.242180163175293e-05,0.7381725333182875,0.565919052247428,-0.14703914850563482,0,0,3,0,1.0623438948960767e-05,0,0,0.0,0,0,0.0,1.0,0.0,4.088006606218676e-06,2.2430083075060976,0.044503740341638134,0.5,0.6019261637239165,47.75038520801233,58.89830508474576,False,False,近期份额下降,2026Q2
C0141,半导体载流子与电荷输运,能源材料与电化学基础,关联基础研究,关联基础或环境研究,True,False,0,54154,9.169432778888298e-06,0,47718,1.039652340257418e-05,0,40261,1.2304360665419824e-05,0,33955,1.4564520827264783e-05,0,30484,1.6202728539486048e-05,0,0,0.8819710612701498,3,0,0.0,1.242180163175293e-05,0.7381725333182875,0.565919052247428,-0.14703914850563482,0,0,3,0,1.0623438948960767e-05,0,0,0.0,0,0,0.0,1.0,0.0,4.088006606218676e-06,2.2430083075060976,0.044503740341638134,0.5,0.6019261637239165,47.75038520801233,58.89830508474576,False,False,近期份额下降,2026Q2
C0142,电机转子定子与装配结构,电力电子与电机,宽泛待细分,能源电力直接相关,True,True,0,54154,9.169432778888298e-06,0,47718,1.039652340257418e-05,0,40261,1.2304360665419824e-05,0,33955,1.4564520827264783e-05,0,30484,1.6202728539486048e-05,0,0,0.8819710612701498,3,0,0.0,1.242180163175293e-05,0.7381725333182875,0.565919052247428,-0.14703914850563482,0,0,3,0,1.0623438948960767e-05,0,0,0.0,0,0,0.0,1.0,0.0,4.088006606218676e-06,2.2430083075060976,0.044503740341638134,0.5,0.6019261637239165,47.75038520801233,58.89830508474576,False,False,近期份额下降,2026Q2
C0143,微电网变流器协调与功率分配,电网与电力系统,方向候选,能源电力直接相关,True,True,0,54154,9.169432778888298e-06,0,47718,1.039652340257418e-05,0,40261,1.2304360665419824e-05,0,33955,1.4564520827264783e-05,0,30484,1.6202728539486048e-05,0,0,0.8819710612701498,3,0,0.0,1.242180163175293e-05,0.7381725333182875,0.565919052247428,-0.14703914850563482,0,0,3,0,1.0623438948960767e-05,0,0,0.0,0,0,0.0,1.0,0.0,4.088006606218676e-06,2.2430083075060976,0.044503740341638134,0.5,0.6019261637239165,47.75038520801233,58.89830508474576,False,False,近期份额下降,2026Q2
C0144,能源作物种植与生物质采收,生物质与资源循环,方向候选,能源电力直接相关,True,True,0,54154,9.169432778888298e-06,0,47718,1.039652340257418e-05,0,40261,1.2304360665419824e-05,0,33955,1.4564520827264783e-05,0,30484,1.6202728539486048e-05,0,0,0.8819710612701498,3,0,0.0,1.242180163175293e-05,0.7381725333182875,0.565919052247428,-0.14703914850563482,0,0,3,0,1.0623438948960767e-05,0,0,0.0,0,0,0.0,1.0,0.0,4.088006606218676e-06,2.2430083075060976,0.044503740341638134,0.5,0.6019261637239165,47.75038520801233,58.89830508474576,False,False,近期份额下降,2026Q2
C0145,陆面气象与蒸散估计,其他基础与关联学科,关联基础研究,关联基础或环境研究,False,False,0,54154,9.169432778888298e-06,0,47718,1.039652340257418e-05,0,40261,1.2304360665419824e-05,0,33955,1.4564520827264783e-05,0,30484,1.6202728539486048e-05,0,0,0.8819710612701498,3,0,0.0,1.242180163175293e-05,0.7381725333182875,0.565919052247428,-0.14703914850563482,0,0,3,0,1.0623438948960767e-05,0,0,0.0,0,0,0.0,1.0,0.0,4.088006606218676e-06,2.2430083075060976,0.044503740341638134,0.5,0.6019261637239165,47.75038520801233,58.89830508474576,False,False,近期份额下降,2026Q2
C0146,铁基催化剂与氧电催化,能源材料与电化学基础,宽泛待细分,能源电力直接相关,True,True,0,54154,9.169432778888298e-06,0,47718,1.039652340257418e-05,0,40261,1.2304360665419824e-05,0,33955,1.4564520827264783e-05,0,30484,1.6202728539486048e-05,0,0,0.8819710612701498,3,0,0.0,1.242180163175293e-05,0.7381725333182875,0.565919052247428,-0.14703914850563482,0,0,3,0,1.0623438948960767e-05,0,0,0.0,0,0,0.0,1.0,0.0,4.088006606218676e-06,2.2430083075060976,0.044503740341638134,0.5,0.6019261637239165,47.75038520801233,58.89830508474576,False,False,近期份额下降,2026Q2
C0147,节能减排财政资金安排,能源政策与治理,政策类群,能源治理与政策研究,True,False,0,54154,9.169432778888298e-06,0,47718,1.039652340257418e-05,0,40261,1.2304360665419824e-05,0,33955,1.4564520827264783e-05,0,30484,1.6202728539486048e-05,0,0,0.8819710612701498,3,0,0.0,1.242180163175293e-05,0.7381725333182875,0.565919052247428,-0.14703914850563482,0,0,3,0,1.0623438948960767e-05,0,0,0.0,0,0,0.0,1.0,0.0,4.088006606218676e-06,2.2430083075060976,0.044503740341638134,0.5,0.6019261637239165,47.75038520801233,58.89830508474576,False,False,近期份额下降,2026Q2
C0148,电极与电机铁芯制造装置,制造与通用装置,混杂待重分,质量限制观察,False,False,0,54154,9.169432778888298e-06,0,47718,1.039652340257418e-05,0,40261,1.2304360665419824e-05,0,33955,1.4564520827264783e-05,0,30484,1.6202728539486048e-05,0,0,0.8819710612701498,3,0,0.0,1.242180163175293e-05,0.7381725333182875,0.565919052247428,-0.14703914850563482,0,0,3,0,1.0623438948960767e-05,0,0,0.0,0,0,0.0,1.0,0.0,4.088006606218676e-06,2.2430083075060976,0.044503740341638134,0.5,0.6019261637239165,47.75038520801233,58.89830508474576,False,False,近期份额下降,2026Q2
C0149,临床疾病与健康研究,其他基础与关联学科,外围或非研究文本,质量限制观察,False,False,0,54154,9.169432778888298e-06,0,47718,1.039652340257418e-05,0,40261,1.2304360665419824e-05,0,33955,1.4564520827264783e-05,0,30484,1.6202728539486048e-05,0,0,0.8819710612701498,3,0,0.0,1.242180163175293e-05,0.7381725333182875,0.565919052247428,-0.14703914850563482,0,0,3,0,1.0623438948960767e-05,0,0,0.0,0,0,0.0,1.0,0.0,4.088006606218676e-06,2.2430083075060976,0.044503740341638134,0.5,0.6019261637239165,47.75038520801233,58.89830508474576,False,False,近期份额下降,2026Q2
C0150,储能技术与能量转换综述,电化学储能,宽泛待细分,能源电力直接相关,True,True,0,54154,9.169432778888298e-06,0,47718,1.039652340257418e-05,0,40261,1.2304360665419824e-05,0,33955,1.4564520827264783e-05,0,30484,1.6202728539486048e-05,0,0,0.8819710612701498,3,0,0.0,1.242180163175293e-05,0.7381725333182875,0.565919052247428,-0.14703914850563482,0,0,3,0,1.0623438948960767e-05,0,0,0.0,0,0,0.0,1.0,0.0,4.088006606218676e-06,2.2430083075060976,0.044503740341638134,0.5,0.6019261637239165,47.75038520801233,58.89830508474576,False,False,近期份额下降,2026Q2
C0151,多孔碳吸附二氧化碳,碳与环境,方向候选,能源电力直接相关,True,True,83,54154,0.0015312952740743457,83,47718,0.0017362194082298878,55,40261,0.0013657840338616005,83,33955,0.002432274978153219,55,30484,0.0017985028678829515,83,83,0.8819710612701498,3,221,73.66666666666667,0.0018447594734149024,0.8300785528639723,0.6295732545984705,0.057192657046575945,1,1,3,221,0.0015444329053886114,2,0,0.16666666666666666,182,373,142.33333333333334,1.2767441860465116,0.533030966456214,0.0018109869265548733,0.8455584364639239,0.6574058286135275,0.9040727567308839,0.9935349659755055,72.50000000000001,66.72187981510017,False,False,近期份额下降,2026Q2
C0152,镁基及多组元合金性质,能源材料与电化学基础,关联基础研究,关联基础或环境研究,True,False,0,54154,9.169432778888298e-06,0,47718,1.039652340257418e-05,0,40261,1.2304360665419824e-05,0,33955,1.4564520827264783e-05,0,30484,1.6202728539486048e-05,0,0,0.8819710612701498,3,0,0.0,1.242180163175293e-05,0.7381725333182875,0.565919052247428,-0.14703914850563482,0,0,3,0,1.0623438948960767e-05,0,0,0.0,0,0,0.0,1.0,0.0,4.088006606218676e-06,2.2430083075060976,0.044503740341638134,0.5,0.6019261637239165,47.75038520801233,58.89830508474576,False,False,近期份额下降,2026Q2
C0153,硅基材料与碳化硅陶瓷,能源材料与电化学基础,混杂待重分,质量限制观察,False,False,0,54154,9.169432778888298e-06,0,47718,1.039652340257418e-05,0,40261,1.2304360665419824e-05,0,33955,1.4564520827264783e-05,0,30484,1.6202728539486048e-05,0,0,0.8819710612701498,3,0,0.0,1.242180163175293e-05,0.7381725333182875,0.565919052247428,-0.14703914850563482,0,0,3,0,1.0623438948960767e-05,0,0,0.0,0,0,0.0,1.0,0.0,4.088006606218676e-06,2.2430083075060976,0.044503740341638134,0.5,0.6019261637239165,47.75038520801233,58.89830508474576,False,False,近期份额下降,2026Q2
C0154,无线电能传输电路与系统,电力电子与电机,方向候选,能源电力直接相关,True,True,561,54154,0.010297273010691558,447,47718,0.00930488844530389,388,40261,0.009560488237031204,350,33955,0.010209729099912614,352,30484,0.011422923620337665,561,447,1.1066519573255622,3,1185,395.0,0.009691701927415903,1.0624834613993455,0.9014568732962576,0.0371201536797634,3,4,3,1396,0.009720883231008885,12,3,1.0,552,1004,427.3333333333333,1.2910505836575876,0.2846986719159747,0.00969266366334448,1.0623780385193367,0.960885380394369,0.10515098652635779,0.6019261637239165,90.63174114021572,78.5246533127889,True,False,历史峰值以下的恢复或波动,2026Q2
C0155,电解水析氧催化,氢能与燃料电池,方向候选,能源电力直接相关,True,True,689,54154,0.012644647802086963,772,47718,0.016062628656977107,695,40261,0.017115365685598977,581,33955,0.016938537722108942,540,30484,0.017515149551184418,689,772,0.7872091220009946,3,2048,682.6666666666666,0.016705510688228342,0.7569147713034061,0.721926339545979,-0.15137130557070488,0,4,3,2156,0.015274214048221013,12,3,1.0,967,1777,858.6666666666666,1.1260178363706863,0.5263676326898528,0.016748563065677916,0.7549691130219449,0.6925506893510736,0.9999999999091805,1.0,97.78120184899846,33.04314329738058,False,False,近期份额下降,2026Q2
C0156,电力交易竞价与市场优化,电网与电力系统,方向候选,能源电力直接相关,True,True,26,54154,0.0004859799372810798,23,47718,0.0004886365999209865,20,40261,0.0005044787872822128,17,33955,0.0005097582289542675,13,30484,0.0004374736705661233,26,23,0.9945631116450625,3,60,20.0,0.0005009578720524889,0.9701014085075804,0.9533537855348266,-0.01867922508172759,2,0,3,69,0.000493031774828093,0,0,0.0,27,82,32.333333333333336,0.84,0.3447927540294177,0.0004946487993524598,0.9824747132051502,0.6223461875314291,0.5417330349065875,0.6480060226155353,58.33590138674886,65.19260400616334,False,False,近期份额下降,2026Q2
C0157,水工引水排水与杂项装置,制造与通用装置,混杂待重分,质量限制观察,False,False,0,54154,9.169432778888298e-06,0,47718,1.039652340257418e-05,0,40261,1.2304360665419824e-05,0,33955,1.4564520827264783e-05,0,30484,1.6202728539486048e-05,0,0,0.8819710612701498,3,0,0.0,1.242180163175293e-05,0.7381725333182875,0.565919052247428,-0.14703914850563482,0,0,3,0,1.0623438948960767e-05,0,0,0.0,0,0,0.0,1.0,0.0,4.088006606218676e-06,2.2430083075060976,0.044503740341638134,0.5,0.6019261637239165,47.75038520801233,58.89830508474576,False,False,近期份额下降,2026Q2
C0158,有机光伏材料、器件与载流子输运,太阳能,宽泛待细分,能源电力直接相关,True,True,0,54154,9.169432778888298e-06,0,47718,1.039652340257418e-05,0,40261,1.2304360665419824e-05,0,33955,1.4564520827264783e-05,0,30484,1.6202728539486048e-05,0,0,0.8819710612701498,3,0,0.0,1.242180163175293e-05,0.7381725333182875,0.565919052247428,-0.14703914850563482,0,0,3,0,1.0623438948960767e-05,0,0,0.0,0,0,0.0,1.0,0.0,4.088006606218676e-06,2.2430083075060976,0.044503740341638134,0.5,0.6019261637239165,47.75038520801233,58.89830508474576,False,False,近期份额下降,2026Q2
C0159,太阳辐照预测与光伏环境建模,太阳能,宽泛待细分,能源电力直接相关,True,True,0,54154,9.169432778888298e-06,0,47718,1.039652340257418e-05,0,40261,1.2304360665419824e-05,0,33955,1.4564520827264783e-05,0,30484,1.6202728539486048e-05,0,0,0.8819710612701498,3,0,0.0,1.242180163175293e-05,0.7381725333182875,0.565919052247428,-0.14703914850563482,0,0,3,0,1.0623438948960767e-05,0,0,0.0,0,0,0.0,1.0,0.0,4.088006606218676e-06,2.2430083075060976,0.044503740341638134,0.5,0.6019261637239165,47.75038520801233,58.89830508474576,False,False,近期份额下降,2026Q2
C0160,通用互联网协议与通信网络,数字技术与测量,关联基础研究,关联基础或环境研究,True,False,0,54154,9.169432778888298e-06,0,47718,1.039652340257418e-05,0,40261,1.2304360665419824e-05,0,33955,1.4564520827264783e-05,0,30484,1.6202728539486048e-05,0,0,0.8819710612701498,3,0,0.0,1.242180163175293e-05,0.7381725333182875,0.565919052247428,-0.14703914850563482,0,0,3,0,1.0623438948960767e-05,0,0,0.0,0,0,0.0,1.0,0.0,4.088006606218676e-06,2.2430083075060976,0.044503740341638134,0.5,0.6019261637239165,47.75038520801233,58.89830508474576,False,False,近期份额下降,2026Q2
C0161,车辆操稳道路与轮胎交互,交通与充电,宽泛待细分,能源电力直接相关,True,True,0,54154,9.169432778888298e-06,0,47718,1.039652340257418e-05,0,40261,1.2304360665419824e-05,0,33955,1.4564520827264783e-05,0,30484,1.6202728539486048e-05,0,0,0.8819710612701498,3,0,0.0,1.242180163175293e-05,0.7381725333182875,0.565919052247428,-0.14703914850563482,0,0,3,0,1.0623438948960767e-05,0,0,0.0,0,0,0.0,1.0,0.0,4.088006606218676e-06,2.2430083075060976,0.044503740341638134,0.5,0.6019261637239165,47.75038520801233,58.89830508474576,False,False,近期份额下降,2026Q2
C0162,电气传感与多设备测量,数字技术与测量,宽泛待细分,能源电力直接相关,True,True,0,54154,9.169432778888298e-06,0,47718,1.039652340257418e-05,0,40261,1.2304360665419824e-05,0,33955,1.4564520827264783e-05,0,30484,1.6202728539486048e-05,0,0,0.8819710612701498,3,0,0.0,1.242180163175293e-05,0.7381725333182875,0.565919052247428,-0.14703914850563482,0,0,3,0,1.0623438948960767e-05,0,0,0.0,0,0,0.0,1.0,0.0,4.088006606218676e-06,2.2430083075060976,0.044503740341638134,0.5,0.6019261637239165,47.75038520801233,58.89830508474576,False,False,近期份额下降,2026Q2
C0163,分布式电源接入与配电网运行,电网与电力系统,方向候选,能源电力直接相关,True,True,0,54154,9.169432778888298e-06,0,47718,1.039652340257418e-05,0,40261,1.2304360665419824e-05,0,33955,1.4564520827264783e-05,0,30484,1.6202728539486048e-05,0,0,0.8819710612701498,3,0,0.0,1.242180163175293e-05,0.7381725333182875,0.565919052247428,-0.14703914850563482,0,0,3,0,1.0623438948960767e-05,0,0,0.0,0,0,0.0,1.0,0.0,4.088006606218676e-06,2.2430083075060976,0.044503740341638134,0.5,0.6019261637239165,47.75038520801233,58.89830508474576,False,False,近期份额下降,2026Q2
C0164,输电线路雷电接地与电磁影响,电网与电力系统,宽泛待细分,能源电力直接相关,True,True,0,54154,9.169432778888298e-06,0,47718,1.039652340257418e-05,0,40261,1.2304360665419824e-05,0,33955,1.4564520827264783e-05,0,30484,1.6202728539486048e-05,0,0,0.8819710612701498,3,0,0.0,1.242180163175293e-05,0.7381725333182875,0.565919052247428,-0.14703914850563482,0,0,3,0,1.0623438948960767e-05,0,0,0.0,0,0,0.0,1.0,0.0,4.088006606218676e-06,2.2430083075060976,0.044503740341638134,0.5,0.6019261637239165,47.75038520801233,58.89830508474576,False,False,近期份额下降,2026Q2
C0165,天然气供能与燃气动力系统,化石能源,宽泛待细分,能源电力直接相关,True,True,0,54154,9.169432778888298e-06,0,47718,1.039652340257418e-05,0,40261,1.2304360665419824e-05,0,33955,1.4564520827264783e-05,0,30484,1.6202728539486048e-05,0,0,0.8819710612701498,3,0,0.0,1.242180163175293e-05,0.7381725333182875,0.565919052247428,-0.14703914850563482,0,0,3,0,1.0623438948960767e-05,0,0,0.0,0,0,0.0,1.0,0.0,4.088006606218676e-06,2.2430083075060976,0.044503740341638134,0.5,0.6019261637239165,47.75038520801233,58.89830508474576,False,False,近期份额下降,2026Q2
C0166,多类太阳能电池结构与性能,太阳能,宽泛待细分,能源电力直接相关,True,True,0,54154,9.169432778888298e-06,0,47718,1.039652340257418e-05,0,40261,1.2304360665419824e-05,0,33955,1.4564520827264783e-05,0,30484,1.6202728539486048e-05,0,0,0.8819710612701498,3,0,0.0,1.242180163175293e-05,0.7381725333182875,0.565919052247428,-0.14703914850563482,0,0,3,0,1.0623438948960767e-05,0,0,0.0,0,0,0.0,1.0,0.0,4.088006606218676e-06,2.2430083075060976,0.044503740341638134,0.5,0.6019261637239165,47.75038520801233,58.89830508474576,False,False,近期份额下降,2026Q2
C0167,晶硅异质结与硅基光伏制造,太阳能,方向候选,能源电力直接相关,True,True,0,54154,9.169432778888298e-06,0,47718,1.039652340257418e-05,0,40261,1.2304360665419824e-05,0,33955,1.4564520827264783e-05,0,30484,1.6202728539486048e-05,0,0,0.8819710612701498,3,0,0.0,1.242180163175293e-05,0.7381725333182875,0.565919052247428,-0.14703914850563482,0,0,3,0,1.0623438948960767e-05,0,0,0.0,0,0,0.0,1.0,0.0,4.088006606218676e-06,2.2430083075060976,0.044503740341638134,0.5,0.6019261637239165,47.75038520801233,58.89830508474576,False,False,近期份额下降,2026Q2
C0168,粒子束辐照与半导体材料缺陷,核能与等离子体,关联基础研究,关联基础或环境研究,True,False,0,54154,9.169432778888298e-06,0,47718,1.039652340257418e-05,0,40261,1.2304360665419824e-05,0,33955,1.4564520827264783e-05,0,30484,1.6202728539486048e-05,0,0,0.8819710612701498,3,0,0.0,1.242180163175293e-05,0.7381725333182875,0.565919052247428,-0.14703914850563482,0,0,3,0,1.0623438948960767e-05,0,0,0.0,0,0,0.0,1.0,0.0,4.088006606218676e-06,2.2430083075060976,0.044503740341638134,0.5,0.6019261637239165,47.75038520801233,58.89830508474576,False,False,近期份额下降,2026Q2
C0169,电池荷电状态健康状态与建模,电化学储能,宽泛待细分,能源电力直接相关,True,True,0,54154,9.169432778888298e-06,0,47718,1.039652340257418e-05,0,40261,1.2304360665419824e-05,0,33955,1.4564520827264783e-05,0,30484,1.6202728539486048e-05,0,0,0.8819710612701498,3,0,0.0,1.242180163175293e-05,0.7381725333182875,0.565919052247428,-0.14703914850563482,0,0,3,0,1.0623438948960767e-05,0,0,0.0,0,0,0.0,1.0,0.0,4.088006606218676e-06,2.2430083075060976,0.044503740341638134,0.5,0.6019261637239165,47.75038520801233,58.89830508474576,False,False,近期份额下降,2026Q2
C0170,能源转型与能源安全研究,能源政策与治理,宽泛待细分,能源治理与政策研究,True,False,0,54154,9.169432778888298e-06,0,47718,1.039652340257418e-05,0,40261,1.2304360665419824e-05,0,33955,1.4564520827264783e-05,0,30484,1.6202728539486048e-05,0,0,0.8819710612701498,3,0,0.0,1.242180163175293e-05,0.7381725333182875,0.565919052247428,-0.14703914850563482,0,0,3,0,1.0623438948960767e-05,0,0,0.0,0,0,0.0,1.0,0.0,4.088006606218676e-06,2.2430083075060976,0.044503740341638134,0.5,0.6019261637239165,47.75038520801233,58.89830508474576,False,False,近期份额下降,2026Q2
C0171,最优潮流与电网优化运行,电网与电力系统,方向候选,能源电力直接相关,True,True,0,54154,9.169432778888298e-06,0,47718,1.039652340257418e-05,0,40261,1.2304360665419824e-05,0,33955,1.4564520827264783e-05,0,30484,1.6202728539486048e-05,0,0,0.8819710612701498,3,0,0.0,1.242180163175293e-05,0.7381725333182875,0.565919052247428,-0.14703914850563482,0,0,3,0,1.0623438948960767e-05,0,0,0.0,0,0,0.0,1.0,0.0,4.088006606218676e-06,2.2430083075060976,0.044503740341638134,0.5,0.6019261637239165,47.75038520801233,58.89830508474576,False,False,近期份额下降,2026Q2
C0172,燃烧稳定与低污染排放,化石能源,方向候选,能源电力直接相关,True,True,0,54154,9.169432778888298e-06,0,47718,1.039652340257418e-05,0,40261,1.2304360665419824e-05,0,33955,1.4564520827264783e-05,0,30484,1.6202728539486048e-05,0,0,0.8819710612701498,3,0,0.0,1.242180163175293e-05,0.7381725333182875,0.565919052247428,-0.14703914850563482,0,0,3,0,1.0623438948960767e-05,0,0,0.0,0,0,0.0,1.0,0.0,4.088006606218676e-06,2.2430083075060976,0.044503740341638134,0.5,0.6019261637239165,47.75038520801233,58.89830508474576,False,False,近期份额下降,2026Q2
C0173,电池正极改性与再生工艺,电化学储能,宽泛待细分,能源电力直接相关,True,True,0,54154,9.169432778888298e-06,0,47718,1.039652340257418e-05,0,40261,1.2304360665419824e-05,0,33955,1.4564520827264783e-05,0,30484,1.6202728539486048e-05,0,0,0.8819710612701498,3,0,0.0,1.242180163175293e-05,0.7381725333182875,0.565919052247428,-0.14703914850563482,0,0,3,0,1.0623438948960767e-05,0,0,0.0,0,0,0.0,1.0,0.0,4.088006606218676e-06,2.2430083075060976,0.044503740341638134,0.5,0.6019261637239165,47.75038520801233,58.89830508474576,False,False,近期份额下降,2026Q2
C0174,电力负荷预测与短路等系统计算混合,电网与电力系统,混杂待重分,质量限制观察,False,False,0,54154,9.169432778888298e-06,0,47718,1.039652340257418e-05,0,40261,1.2304360665419824e-05,0,33955,1.4564520827264783e-05,0,30484,1.6202728539486048e-05,0,0,0.8819710612701498,3,0,0.0,1.242180163175293e-05,0.7381725333182875,0.565919052247428,-0.14703914850563482,0,0,3,0,1.0623438948960767e-05,0,0,0.0,0,0,0.0,1.0,0.0,4.088006606218676e-06,2.2430083075060976,0.044503740341638134,0.5,0.6019261637239165,47.75038520801233,58.89830508474576,False,False,近期份额下降,2026Q2
C0175,空化流动与水动力,热工与能效,关联基础研究,关联基础或环境研究,True,False,0,54154,9.169432778888298e-06,0,47718,1.039652340257418e-05,0,40261,1.2304360665419824e-05,0,33955,1.4564520827264783e-05,0,30484,1.6202728539486048e-05,0,0,0.8819710612701498,3,0,0.0,1.242180163175293e-05,0.7381725333182875,0.565919052247428,-0.14703914850563482,0,0,3,0,1.0623438948960767e-05,0,0,0.0,0,0,0.0,1.0,0.0,4.088006606218676e-06,2.2430083075060976,0.044503740341638134,0.5,0.6019261637239165,47.75038520801233,58.89830508474576,False,False,近期份额下降,2026Q2
C0176,光伏最大功率点跟踪,太阳能,方向候选,能源电力直接相关,True,True,0,54154,9.169432778888298e-06,0,47718,1.039652340257418e-05,0,40261,1.2304360665419824e-05,0,33955,1.4564520827264783e-05,0,30484,1.6202728539486048e-05,0,0,0.8819710612701498,3,0,0.0,1.242180163175293e-05,0.7381725333182875,0.565919052247428,-0.14703914850563482,0,0,3,0,1.0623438948960767e-05,0,0,0.0,0,0,0.0,1.0,0.0,4.088006606218676e-06,2.2430083075060976,0.044503740341638134,0.5,0.6019261637239165,47.75038520801233,58.89830508474576,False,False,近期份额下降,2026Q2
C0177,纳米结构输运与器件基础,能源材料与电化学基础,关联基础研究,关联基础或环境研究,True,False,0,54154,9.169432778888298e-06,0,47718,1.039652340257418e-05,0,40261,1.2304360665419824e-05,0,33955,1.4564520827264783e-05,0,30484,1.6202728539486048e-05,0,0,0.8819710612701498,3,0,0.0,1.242180163175293e-05,0.7381725333182875,0.565919052247428,-0.14703914850563482,0,0,3,0,1.0623438948960767e-05,0,0,0.0,0,0,0.0,1.0,0.0,4.088006606218676e-06,2.2430083075060976,0.044503740341638134,0.5,0.6019261637239165,47.75038520801233,58.89830508474576,False,False,近期份额下降,2026Q2
C0178,离子液体与电解质基础,能源材料与电化学基础,宽泛待细分,关联基础或环境研究,True,False,0,54154,9.169432778888298e-06,0,47718,1.039652340257418e-05,0,40261,1.2304360665419824e-05,0,33955,1.4564520827264783e-05,0,30484,1.6202728539486048e-05,0,0,0.8819710612701498,3,0,0.0,1.242180163175293e-05,0.7381725333182875,0.565919052247428,-0.14703914850563482,0,0,3,0,1.0623438948960767e-05,0,0,0.0,0,0,0.0,1.0,0.0,4.088006606218676e-06,2.2430083075060976,0.044503740341638134,0.5,0.6019261637239165,47.75038520801233,58.89830508474576,False,False,近期份额下降,2026Q2
C0179,超导与量子材料基础,能源材料与电化学基础,关联基础研究,关联基础或环境研究,True,False,0,54154,9.169432778888298e-06,0,47718,1.039652340257418e-05,0,40261,1.2304360665419824e-05,0,33955,1.4564520827264783e-05,0,30484,1.6202728539486048e-05,0,0,0.8819710612701498,3,0,0.0,1.242180163175293e-05,0.7381725333182875,0.565919052247428,-0.14703914850563482,0,0,3,0,1.0623438948960767e-05,0,0,0.0,0,0,0.0,1.0,0.0,4.088006606218676e-06,2.2430083075060976,0.044503740341638134,0.5,0.6019261637239165,47.75038520801233,58.89830508474576,False,False,近期份额下降,2026Q2
C0180,电池组结构均衡与供能电路,电化学储能,宽泛待细分,能源电力直接相关,True,True,0,54154,9.169432778888298e-06,0,47718,1.039652340257418e-05,0,40261,1.2304360665419824e-05,0,33955,1.4564520827264783e-05,0,30484,1.6202728539486048e-05,0,0,0.8819710612701498,3,0,0.0,1.242180163175293e-05,0.7381725333182875,0.565919052247428,-0.14703914850563482,0,0,3,0,1.0623438948960767e-05,0,0,0.0,0,0,0.0,1.0,0.0,4.088006606218676e-06,2.2430083075060976,0.044503740341638134,0.5,0.6019261637239165,47.75038520801233,58.89830508474576,False,False,近期份额下降,2026Q2
C0181,聚变装置与粒子束工程,核能与等离子体,宽泛待细分,能源电力直接相关,True,True,0,54154,9.169432778888298e-06,0,47718,1.039652340257418e-05,0,40261,1.2304360665419824e-05,0,33955,1.4564520827264783e-05,0,30484,1.6202728539486048e-05,0,0,0.8819710612701498,3,0,0.0,1.242180163175293e-05,0.7381725333182875,0.565919052247428,-0.14703914850563482,0,0,3,0,1.0623438948960767e-05,0,0,0.0,0,0,0.0,1.0,0.0,4.088006606218676e-06,2.2430083075060976,0.044503740341638134,0.5,0.6019261637239165,47.75038520801233,58.89830508474576,False,False,近期份额下降,2026Q2
C0182,导航定位与遥感观测,数字技术与测量,关联基础研究,关联基础或环境研究,True,False,0,54154,9.169432778888298e-06,0,47718,1.039652340257418e-05,0,40261,1.2304360665419824e-05,0,33955,1.4564520827264783e-05,0,30484,1.6202728539486048e-05,0,0,0.8819710612701498,3,0,0.0,1.242180163175293e-05,0.7381725333182875,0.565919052247428,-0.14703914850563482,0,0,3,0,1.0623438948960767e-05,0,0,0.0,0,0,0.0,1.0,0.0,4.088006606218676e-06,2.2430083075060976,0.044503740341638134,0.5,0.6019261637239165,47.75038520801233,58.89830508474576,False,False,近期份额下降,2026Q2
C0183,通用控制器与电力控制算法,数字技术与测量,宽泛待细分,能源电力直接相关,True,True,0,54154,9.169432778888298e-06,0,47718,1.039652340257418e-05,0,40261,1.2304360665419824e-05,0,33955,1.4564520827264783e-05,0,30484,1.6202728539486048e-05,0,0,0.8819710612701498,3,0,0.0,1.242180163175293e-05,0.7381725333182875,0.565919052247428,-0.14703914850563482,0,0,3,0,1.0623438948960767e-05,0,0,0.0,0,0,0.0,1.0,0.0,4.088006606218676e-06,2.2430083075060976,0.044503740341638134,0.5,0.6019261637239165,47.75038520801233,58.89830508474576,False,False,近期份额下降,2026Q2
C0184,卤化物钙钛矿结构、光电物性与发光,能源材料与电化学基础,关联基础研究,关联基础或环境研究,True,False,0,54154,9.169432778888298e-06,0,47718,1.039652340257418e-05,0,40261,1.2304360665419824e-05,0,33955,1.4564520827264783e-05,0,30484,1.6202728539486048e-05,0,0,0.8819710612701498,3,0,0.0,1.242180163175293e-05,0.7381725333182875,0.565919052247428,-0.14703914850563482,0,0,3,0,1.0623438948960767e-05,0,0,0.0,0,0,0.0,1.0,0.0,4.088006606218676e-06,2.2430083075060976,0.044503740341638134,0.5,0.6019261637239165,47.75038520801233,58.89830508474576,False,False,近期份额下降,2026Q2
C0185,风电场运行与功率优化,风能与水能海洋能源,方向候选,能源电力直接相关,True,True,0,54154,9.169432778888298e-06,0,47718,1.039652340257418e-05,0,40261,1.2304360665419824e-05,0,33955,1.4564520827264783e-05,0,30484,1.6202728539486048e-05,0,0,0.8819710612701498,3,0,0.0,1.242180163175293e-05,0.7381725333182875,0.565919052247428,-0.14703914850563482,0,0,3,0,1.0623438948960767e-05,0,0,0.0,0,0,0.0,1.0,0.0,4.088006606218676e-06,2.2430083075060976,0.044503740341638134,0.5,0.6019261637239165,47.75038520801233,58.89830508474576,False,False,近期份额下降,2026Q2
C0186,煤热解气化与煤质特性,化石能源,方向候选,能源电力直接相关,True,True,0,54154,9.169432778888298e-06,0,47718,1.039652340257418e-05,0,40261,1.2304360665419824e-05,0,33955,1.4564520827264783e-05,0,30484,1.6202728539486048e-05,0,0,0.8819710612701498,3,0,0.0,1.242180163175293e-05,0.7381725333182875,0.565919052247428,-0.14703914850563482,0,0,3,0,1.0623438948960767e-05,0,0,0.0,0,0,0.0,1.0,0.0,4.088006606218676e-06,2.2430083075060976,0.044503740341638134,0.5,0.6019261637239165,47.75038520801233,58.89830508474576,False,False,近期份额下降,2026Q2
C0187,通用反应分离与气液处理装置,制造与通用装置,混杂待重分,质量限制观察,False,False,0,54154,9.169432778888298e-06,0,47718,1.039652340257418e-05,0,40261,1.2304360665419824e-05,0,33955,1.4564520827264783e-05,0,30484,1.6202728539486048e-05,0,0,0.8819710612701498,3,0,0.0,1.242180163175293e-05,0.7381725333182875,0.565919052247428,-0.14703914850563482,0,0,3,0,1.0623438948960767e-05,0,0,0.0,0,0,0.0,1.0,0.0,4.088006606218676e-06,2.2430083075060976,0.044503740341638134,0.5,0.6019261637239165,47.75038520801233,58.89830508474576,False,False,近期份额下降,2026Q2
C0188,欧洲能源转型与能源政策研究,能源政策与治理,宽泛待细分,能源治理与政策研究,True,False,0,54154,9.169432778888298e-06,0,47718,1.039652340257418e-05,0,40261,1.2304360665419824e-05,0,33955,1.4564520827264783e-05,0,30484,1.6202728539486048e-05,0,0,0.8819710612701498,3,0,0.0,1.242180163175293e-05,0.7381725333182875,0.565919052247428,-0.14703914850563482,0,0,3,0,1.0623438948960767e-05,0,0,0.0,0,0,0.0,1.0,0.0,4.088006606218676e-06,2.2430083075060976,0.044503740341638134,0.5,0.6019261637239165,47.75038520801233,58.89830508474576,False,False,近期份额下降,2026Q2
C0189,风力机叶片与气动设计,风能与水能海洋能源,方向候选,能源电力直接相关,True,True,0,54154,9.169432778888298e-06,0,47718,1.039652340257418e-05,0,40261,1.2304360665419824e-05,0,33955,1.4564520827264783e-05,0,30484,1.6202728539486048e-05,0,0,0.8819710612701498,3,0,0.0,1.242180163175293e-05,0.7381725333182875,0.565919052247428,-0.14703914850563482,0,0,3,0,1.0623438948960767e-05,0,0,0.0,0,0,0.0,1.0,0.0,4.088006606218676e-06,2.2430083075060976,0.044503740341638134,0.5,0.6019261637239165,47.75038520801233,58.89830508474576,False,False,近期份额下降,2026Q2
C0190,充电负荷预测与园区用电调配,交通与充电,宽泛待细分,能源电力直接相关,True,True,0,54154,9.169432778888298e-06,0,47718,1.039652340257418e-05,0,40261,1.2304360665419824e-05,0,33955,1.4564520827264783e-05,0,30484,1.6202728539486048e-05,0,0,0.8819710612701498,3,0,0.0,1.242180163175293e-05,0.7381725333182875,0.565919052247428,-0.14703914850563482,0,0,3,0,1.0623438948960767e-05,0,0,0.0,0,0,0.0,1.0,0.0,4.088006606218676e-06,2.2430083075060976,0.044503740341638134,0.5,0.6019261637239165,47.75038520801233,58.89830508474576,False,False,近期份额下降,2026Q2
C0191,固态储氢材料与反应器,氢能与燃料电池,方向候选,能源电力直接相关,True,True,408,54154,0.00749142658035174,231,47718,0.004813590335391845,151,40261,0.0037282212816222068,79,33955,0.0023157588115351006,69,30484,0.002252179266988561,408,231,1.556307466647327,3,461,153.66666666666666,0.0036191901428497173,2.069917933201779,1.556307466647327,0.34891399616968277,4,4,3,790,0.005344412732455263,11,3,0.9166666666666666,472,769,252.66666666666666,1.8646517739816033,0.6388225647788416,0.0037732300975398376,1.9854147207285828,1.7379044962440282,1.663718314400258e-25,4.159295786000645e-23,93.37249614791988,95.89368258859783,True,True,多年背景上持续抬升,2026Q2
C0192,含锂化合物与锂金属界面,电化学储能,混杂待重分,质量限制观察,False,False,0,54154,9.169432778888298e-06,0,47718,1.039652340257418e-05,0,40261,1.2304360665419824e-05,0,33955,1.4564520827264783e-05,0,30484,1.6202728539486048e-05,0,0,0.8819710612701498,3,0,0.0,1.242180163175293e-05,0.7381725333182875,0.565919052247428,-0.14703914850563482,0,0,3,0,1.0623438948960767e-05,0,0,0.0,0,0,0.0,1.0,0.0,4.088006606218676e-06,2.2430083075060976,0.044503740341638134,0.5,0.6019261637239165,47.75038520801233,58.89830508474576,False,False,近期份额下降,2026Q2
C0193,多设备温控与智能散热,热工与能效,宽泛待细分,能源电力直接相关,True,True,0,54154,9.169432778888298e-06,0,47718,1.039652340257418e-05,0,40261,1.2304360665419824e-05,0,33955,1.4564520827264783e-05,0,30484,1.6202728539486048e-05,0,0,0.8819710612701498,3,0,0.0,1.242180163175293e-05,0.7381725333182875,0.565919052247428,-0.14703914850563482,0,0,3,0,1.0623438948960767e-05,0,0,0.0,0,0,0.0,1.0,0.0,4.088006606218676e-06,2.2430083075060976,0.044503740341638134,0.5,0.6019261637239165,47.75038520801233,58.89830508474576,False,False,近期份额下降,2026Q2
C0194,股票价格与通用金融预测,其他基础与关联学科,外围或非研究文本,质量限制观察,False,False,0,54154,9.169432778888298e-06,0,47718,1.039652340257418e-05,0,40261,1.2304360665419824e-05,0,33955,1.4564520827264783e-05,0,30484,1.6202728539486048e-05,0,0,0.8819710612701498,3,0,0.0,1.242180163175293e-05,0.7381725333182875,0.565919052247428,-0.14703914850563482,0,0,3,0,1.0623438948960767e-05,0,0,0.0,0,0,0.0,1.0,0.0,4.088006606218676e-06,2.2430083075060976,0.044503740341638134,0.5,0.6019261637239165,47.75038520801233,58.89830508474576,False,False,近期份额下降,2026Q2
C0195,碳捕集封存与碳移除系统,碳与环境,宽泛待细分,能源电力直接相关,True,True,0,54154,9.169432778888298e-06,0,47718,1.039652340257418e-05,0,40261,1.2304360665419824e-05,0,33955,1.4564520827264783e-05,0,30484,1.6202728539486048e-05,0,0,0.8819710612701498,3,0,0.0,1.242180163175293e-05,0.7381725333182875,0.565919052247428,-0.14703914850563482,0,0,3,0,1.0623438948960767e-05,0,0,0.0,0,0,0.0,1.0,0.0,4.088006606218676e-06,2.2430083075060976,0.044503740341638134,0.5,0.6019261637239165,47.75038520801233,58.89830508474576,False,False,近期份额下降,2026Q2
C0196,混合动力与整车能量管理,交通与充电,方向候选,能源电力直接相关,True,True,0,54154,9.169432778888298e-06,0,47718,1.039652340257418e-05,0,40261,1.2304360665419824e-05,0,33955,1.4564520827264783e-05,0,30484,1.6202728539486048e-05,0,0,0.8819710612701498,3,0,0.0,1.242180163175293e-05,0.7381725333182875,0.565919052247428,-0.14703914850563482,0,0,3,0,1.0623438948960767e-05,0,0,0.0,0,0,0.0,1.0,0.0,4.088006606218676e-06,2.2430083075060976,0.044503740341638134,0.5,0.6019261637239165,47.75038520801233,58.89830508474576,False,False,近期份额下降,2026Q2
C0197,铜基热电及功能复合材料,能源材料与电化学基础,混杂待重分,质量限制观察,False,False,0,54154,9.169432778888298e-06,0,47718,1.039652340257418e-05,0,40261,1.2304360665419824e-05,0,33955,1.4564520827264783e-05,0,30484,1.6202728539486048e-05,0,0,0.8819710612701498,3,0,0.0,1.242180163175293e-05,0.7381725333182875,0.565919052247428,-0.14703914850563482,0,0,3,0,1.0623438948960767e-05,0,0,0.0,0,0,0.0,1.0,0.0,4.088006606218676e-06,2.2430083075060976,0.044503740341638134,0.5,0.6019261637239165,47.75038520801233,58.89830508474576,False,False,近期份额下降,2026Q2
C0198,电池负极活性材料与电池器件,电化学储能,宽泛待细分,能源电力直接相关,True,True,0,54154,9.169432778888298e-06,0,47718,1.039652340257418e-05,0,40261,1.2304360665419824e-05,0,33955,1.4564520827264783e-05,0,30484,1.6202728539486048e-05,0,0,0.8819710612701498,3,0,0.0,1.242180163175293e-05,0.7381725333182875,0.565919052247428,-0.14703914850563482,0,0,3,0,1.0623438948960767e-05,0,0,0.0,0,0,0.0,1.0,0.0,4.088006606218676e-06,2.2430083075060976,0.044503740341638134,0.5,0.6019261637239165,47.75038520801233,58.89830508474576,False,False,近期份额下降,2026Q2
C0199,交直流供电与储备能源控制,电力电子与电机,宽泛待细分,能源电力直接相关,True,True,0,54154,9.169432778888298e-06,0,47718,1.039652340257418e-05,0,40261,1.2304360665419824e-05,0,33955,1.4564520827264783e-05,0,30484,1.6202728539486048e-05,0,0,0.8819710612701498,3,0,0.0,1.242180163175293e-05,0.7381725333182875,0.565919052247428,-0.14703914850563482,0,0,3,0,1.0623438948960767e-05,0,0,0.0,0,0,0.0,1.0,0.0,4.088006606218676e-06,2.2430083075060976,0.044503740341638134,0.5,0.6019261637239165,47.75038520801233,58.89830508474576,False,False,近期份额下降,2026Q2
C0200,直流输电保护与故障限流,电网与电力系统,方向候选,能源电力直接相关,True,True,0,54154,9.169432778888298e-06,0,47718,1.039652340257418e-05,0,40261,1.2304360665419824e-05,0,33955,1.4564520827264783e-05,0,30484,1.6202728539486048e-05,0,0,0.8819710612701498,3,0,0.0,1.242180163175293e-05,0.7381725333182875,0.565919052247428,-0.14703914850563482,0,0,3,0,1.0623438948960767e-05,0,0,0.0,0,0,0.0,1.0,0.0,4.088006606218676e-06,2.2430083075060976,0.044503740341638134,0.5,0.6019261637239165,47.75038520801233,58.89830508474576,False,False,近期份额下降,2026Q2
C0201,电化学电极与摩擦电材料混合,能源材料与电化学基础,混杂待重分,质量限制观察,False,False,0,54154,9.169432778888298e-06,0,47718,1.039652340257418e-05,0,40261,1.2304360665419824e-05,0,33955,1.4564520827264783e-05,0,30484,1.6202728539486048e-05,0,0,0.8819710612701498,3,0,0.0,1.242180163175293e-05,0.7381725333182875,0.565919052247428,-0.14703914850563482,0,0,3,0,1.0623438948960767e-05,0,0,0.0,0,0,0.0,1.0,0.0,4.088006606218676e-06,2.2430083075060976,0.044503740341638134,0.5,0.6019261637239165,47.75038520801233,58.89830508474576,False,False,近期份额下降,2026Q2
C0202,氧化锌复合光催化材料,能源材料与电化学基础,方向候选,关联基础或环境研究,True,False,0,54154,9.169432778888298e-06,0,47718,1.039652340257418e-05,0,40261,1.2304360665419824e-05,0,33955,1.4564520827264783e-05,0,30484,1.6202728539486048e-05,0,0,0.8819710612701498,3,0,0.0,1.242180163175293e-05,0.7381725333182875,0.565919052247428,-0.14703914850563482,0,0,3,0,1.0623438948960767e-05,0,0,0.0,0,0,0.0,1.0,0.0,4.088006606218676e-06,2.2430083075060976,0.044503740341638134,0.5,0.6019261637239165,47.75038520801233,58.89830508474576,False,False,近期份额下降,2026Q2
C0203,纳米表征与光学传感材料,能源材料与电化学基础,关联基础研究,关联基础或环境研究,True,False,0,54154,9.169432778888298e-06,0,47718,1.039652340257418e-05,0,40261,1.2304360665419824e-05,0,33955,1.4564520827264783e-05,0,30484,1.6202728539486048e-05,0,0,0.8819710612701498,3,0,0.0,1.242180163175293e-05,0.7381725333182875,0.565919052247428,-0.14703914850563482,0,0,3,0,1.0623438948960767e-05,0,0,0.0,0,0,0.0,1.0,0.0,4.088006606218676e-06,2.2430083075060976,0.044503740341638134,0.5,0.6019261637239165,47.75038520801233,58.89830508474576,False,False,近期份额下降,2026Q2
C0204,发电项目电价结算及清单政策,能源政策与治理,政策类群,能源治理与政策研究,True,False,0,54154,9.169432778888298e-06,0,47718,1.039652340257418e-05,0,40261,1.2304360665419824e-05,0,33955,1.4564520827264783e-05,0,30484,1.6202728539486048e-05,0,0,0.8819710612701498,3,0,0.0,1.242180163175293e-05,0.7381725333182875,0.565919052247428,-0.14703914850563482,0,0,3,0,1.0623438948960767e-05,0,0,0.0,0,0,0.0,1.0,0.0,4.088006606218676e-06,2.2430083075060976,0.044503740341638134,0.5,0.6019261637239165,47.75038520801233,58.89830508474576,False,False,近期份额下降,2026Q2
C0205,电池测试表征与性能评估,电化学储能,宽泛待细分,能源电力直接相关,True,True,0,54154,9.169432778888298e-06,0,47718,1.039652340257418e-05,0,40261,1.2304360665419824e-05,0,33955,1.4564520827264783e-05,0,30484,1.6202728539486048e-05,0,0,0.8819710612701498,3,0,0.0,1.242180163175293e-05,0.7381725333182875,0.565919052247428,-0.14703914850563482,0,0,3,0,1.0623438948960767e-05,0,0,0.0,0,0,0.0,1.0,0.0,4.088006606218676e-06,2.2430083075060976,0.044503740341638134,0.5,0.6019261637239165,47.75038520801233,58.89830508474576,False,False,近期份额下降,2026Q2
C0206,激子量子点与发光机理,能源材料与电化学基础,关联基础研究,关联基础或环境研究,True,False,0,54154,9.169432778888298e-06,0,47718,1.039652340257418e-05,0,40261,1.2304360665419824e-05,0,33955,1.4564520827264783e-05,0,30484,1.6202728539486048e-05,0,0,0.8819710612701498,3,0,0.0,1.242180163175293e-05,0.7381725333182875,0.565919052247428,-0.14703914850563482,0,0,3,0,1.0623438948960767e-05,0,0,0.0,0,0,0.0,1.0,0.0,4.088006606218676e-06,2.2430083075060976,0.044503740341638134,0.5,0.6019261637239165,47.75038520801233,58.89830508474576,False,False,近期份额下降,2026Q2
C0207,组件边框与通用结构材料,制造与通用装置,混杂待重分,质量限制观察,False,False,0,54154,9.169432778888298e-06,0,47718,1.039652340257418e-05,0,40261,1.2304360665419824e-05,0,33955,1.4564520827264783e-05,0,30484,1.6202728539486048e-05,0,0,0.8819710612701498,3,0,0.0,1.242180163175293e-05,0.7381725333182875,0.565919052247428,-0.14703914850563482,0,0,3,0,1.0623438948960767e-05,0,0,0.0,0,0,0.0,1.0,0.0,4.088006606218676e-06,2.2430083075060976,0.044503740341638134,0.5,0.6019261637239165,47.75038520801233,58.89830508474576,False,False,近期份额下降,2026Q2
C0208,能源企业组织投资与管理,能源政策与治理,宽泛待细分,能源治理与政策研究,True,False,0,54154,9.169432778888298e-06,0,47718,1.039652340257418e-05,0,40261,1.2304360665419824e-05,0,33955,1.4564520827264783e-05,0,30484,1.6202728539486048e-05,0,0,0.8819710612701498,3,0,0.0,1.242180163175293e-05,0.7381725333182875,0.565919052247428,-0.14703914850563482,0,0,3,0,1.0623438948960767e-05,0,0,0.0,0,0,0.0,1.0,0.0,4.088006606218676e-06,2.2430083075060976,0.044503740341638134,0.5,0.6019261637239165,47.75038520801233,58.89830508474576,False,False,近期份额下降,2026Q2
C0209,有机半导体光物理与光电响应,能源材料与电化学基础,关联基础研究,关联基础或环境研究,True,False,0,54154,9.169432778888298e-06,0,47718,1.039652340257418e-05,0,40261,1.2304360665419824e-05,0,33955,1.4564520827264783e-05,0,30484,1.6202728539486048e-05,0,0,0.8819710612701498,3,0,0.0,1.242180163175293e-05,0.7381725333182875,0.565919052247428,-0.14703914850563482,0,0,3,0,1.0623438948960767e-05,0,0,0.0,0,0,0.0,1.0,0.0,4.088006606218676e-06,2.2430083075060976,0.044503740341638134,0.5,0.6019261637239165,47.75038520801233,58.89830508474576,False,False,近期份额下降,2026Q2
C0210,地热资源开发与换热,热工与能效,方向候选,能源电力直接相关,True,True,0,54154,9.169432778888298e-06,0,47718,1.039652340257418e-05,0,40261,1.2304360665419824e-05,0,33955,1.4564520827264783e-05,0,30484,1.6202728539486048e-05,0,0,0.8819710612701498,3,0,0.0,1.242180163175293e-05,0.7381725333182875,0.565919052247428,-0.14703914850563482,0,0,3,0,1.0623438948960767e-05,0,0,0.0,0,0,0.0,1.0,0.0,4.088006606218676e-06,2.2430083075060976,0.044503740341638134,0.5,0.6019261637239165,47.75038520801233,58.89830508474576,False,False,近期份额下降,2026Q2
C0211,直流变换器拓扑与设计,电力电子与电机,方向候选,能源电力直接相关,True,True,0,54154,9.169432778888298e-06,0,47718,1.039652340257418e-05,0,40261,1.2304360665419824e-05,0,33955,1.4564520827264783e-05,0,30484,1.6202728539486048e-05,0,0,0.8819710612701498,3,0,0.0,1.242180163175293e-05,0.7381725333182875,0.565919052247428,-0.14703914850563482,0,0,3,0,1.0623438948960767e-05,0,0,0.0,0,0,0.0,1.0,0.0,4.088006606218676e-06,2.2430083075060976,0.044503740341638134,0.5,0.6019261637239165,47.75038520801233,58.89830508474576,False,False,近期份额下降,2026Q2
C0212,等离子体波与高能粒子作用,核能与等离子体,方向候选,能源电力直接相关,True,True,0,54154,9.169432778888298e-06,0,47718,1.039652340257418e-05,0,40261,1.2304360665419824e-05,0,33955,1.4564520827264783e-05,0,30484,1.6202728539486048e-05,0,0,0.8819710612701498,3,0,0.0,1.242180163175293e-05,0.7381725333182875,0.565919052247428,-0.14703914850563482,0,0,3,0,1.0623438948960767e-05,0,0,0.0,0,0,0.0,1.0,0.0,4.088006606218676e-06,2.2430083075060976,0.044503740341638134,0.5,0.6019261637239165,47.75038520801233,58.89830508474576,False,False,近期份额下降,2026Q2
C0213,电力电缆绝缘与运行诊断,电网与电力系统,方向候选,能源电力直接相关,True,True,0,54154,9.169432778888298e-06,0,47718,1.039652340257418e-05,0,40261,1.2304360665419824e-05,0,33955,1.4564520827264783e-05,0,30484,1.6202728539486048e-05,0,0,0.8819710612701498,3,0,0.0,1.242180163175293e-05,0.7381725333182875,0.565919052247428,-0.14703914850563482,0,0,3,0,1.0623438948960767e-05,0,0,0.0,0,0,0.0,1.0,0.0,4.088006606218676e-06,2.2430083075060976,0.044503740341638134,0.5,0.6019261637239165,47.75038520801233,58.89830508474576,False,False,近期份额下降,2026Q2
C0214,通信网络路由与拓扑,数字技术与测量,关联基础研究,关联基础或环境研究,True,False,0,54154,9.169432778888298e-06,0,47718,1.039652340257418e-05,0,40261,1.2304360665419824e-05,0,33955,1.4564520827264783e-05,0,30484,1.6202728539486048e-05,0,0,0.8819710612701498,3,0,0.0,1.242180163175293e-05,0.7381725333182875,0.565919052247428,-0.14703914850563482,0,0,3,0,1.0623438948960767e-05,0,0,0.0,0,0,0.0,1.0,0.0,4.088006606218676e-06,2.2430083075060976,0.044503740341638134,0.5,0.6019261637239165,47.75038520801233,58.89830508474576,False,False,近期份额下降,2026Q2
C0215,电池极耳焊接及耳机等混合部件,制造与通用装置,混杂待重分,质量限制观察,False,False,0,54154,9.169432778888298e-06,0,47718,1.039652340257418e-05,0,40261,1.2304360665419824e-05,0,33955,1.4564520827264783e-05,0,30484,1.6202728539486048e-05,0,0,0.8819710612701498,3,0,0.0,1.242180163175293e-05,0.7381725333182875,0.565919052247428,-0.14703914850563482,0,0,3,0,1.0623438948960767e-05,0,0,0.0,0,0,0.0,1.0,0.0,4.088006606218676e-06,2.2430083075060976,0.044503740341638134,0.5,0.6019261637239165,47.75038520801233,58.89830508474576,False,False,近期份额下降,2026Q2
C0216,电力可靠性与电气安全,电网与电力系统,宽泛待细分,能源电力直接相关,True,True,0,54154,9.169432778888298e-06,0,47718,1.039652340257418e-05,0,40261,1.2304360665419824e-05,0,33955,1.4564520827264783e-05,0,30484,1.6202728539486048e-05,0,0,0.8819710612701498,3,0,0.0,1.242180163175293e-05,0.7381725333182875,0.565919052247428,-0.14703914850563482,0,0,3,0,1.0623438948960767e-05,0,0,0.0,0,0,0.0,1.0,0.0,4.088006606218676e-06,2.2430083075060976,0.044503740341638134,0.5,0.6019261637239165,47.75038520801233,58.89830508474576,False,False,近期份额下降,2026Q2
C0217,离子液体萃取与金属分离,碳与环境,方向候选,关联基础或环境研究,True,False,0,54154,9.169432778888298e-06,0,47718,1.039652340257418e-05,0,40261,1.2304360665419824e-05,0,33955,1.4564520827264783e-05,0,30484,1.6202728539486048e-05,0,0,0.8819710612701498,3,0,0.0,1.242180163175293e-05,0.7381725333182875,0.565919052247428,-0.14703914850563482,0,0,3,0,1.0623438948960767e-05,0,0,0.0,0,0,0.0,1.0,0.0,4.088006606218676e-06,2.2430083075060976,0.044503740341638134,0.5,0.6019261637239165,47.75038520801233,58.89830508474576,False,False,近期份额下降,2026Q2
C0218,气候变化治理与国际政策,能源政策与治理,政策类群,能源治理与政策研究,True,False,0,54154,9.169432778888298e-06,0,47718,1.039652340257418e-05,0,40261,1.2304360665419824e-05,0,33955,1.4564520827264783e-05,0,30484,1.6202728539486048e-05,0,0,0.8819710612701498,3,0,0.0,1.242180163175293e-05,0.7381725333182875,0.565919052247428,-0.14703914850563482,0,0,3,0,1.0623438948960767e-05,0,0,0.0,0,0,0.0,1.0,0.0,4.088006606218676e-06,2.2430083075060976,0.044503740341638134,0.5,0.6019261637239165,47.75038520801233,58.89830508474576,False,False,近期份额下降,2026Q2
C0219,系统可靠性及暂态稳定混合,电网与电力系统,混杂待重分,质量限制观察,False,False,0,54154,9.169432778888298e-06,0,47718,1.039652340257418e-05,0,40261,1.2304360665419824e-05,0,33955,1.4564520827264783e-05,0,30484,1.6202728539486048e-05,0,0,0.8819710612701498,3,0,0.0,1.242180163175293e-05,0.7381725333182875,0.565919052247428,-0.14703914850563482,0,0,3,0,1.0623438948960767e-05,0,0,0.0,0,0,0.0,1.0,0.0,4.088006606218676e-06,2.2430083075060976,0.044503740341638134,0.5,0.6019261637239165,47.75038520801233,58.89830508474576,False,False,近期份额下降,2026Q2
C0220,局部放电电晕与放电物理,电网与电力系统,宽泛待细分,能源电力直接相关,True,True,0,54154,9.169432778888298e-06,0,47718,1.039652340257418e-05,0,40261,1.2304360665419824e-05,0,33955,1.4564520827264783e-05,0,30484,1.6202728539486048e-05,0,0,0.8819710612701498,3,0,0.0,1.242180163175293e-05,0.7381725333182875,0.565919052247428,-0.14703914850563482,0,0,3,0,1.0623438948960767e-05,0,0,0.0,0,0,0.0,1.0,0.0,4.088006606218676e-06,2.2430083075060976,0.044503740341638134,0.5,0.6019261637239165,47.75038520801233,58.89830508474576,False,False,近期份额下降,2026Q2
C0221,锂金属沉积与含锂电极材料,电化学储能,宽泛待细分,能源电力直接相关,True,True,0,54154,9.169432778888298e-06,0,47718,1.039652340257418e-05,0,40261,1.2304360665419824e-05,0,33955,1.4564520827264783e-05,0,30484,1.6202728539486048e-05,0,0,0.8819710612701498,3,0,0.0,1.242180163175293e-05,0.7381725333182875,0.565919052247428,-0.14703914850563482,0,0,3,0,1.0623438948960767e-05,0,0,0.0,0,0,0.0,1.0,0.0,4.088006606218676e-06,2.2430083075060976,0.044503740341638134,0.5,0.6019261637239165,47.75038520801233,58.89830508474576,False,False,近期份额下降,2026Q2
C0222,木质纤维素预处理与生化转化,生物质与资源循环,宽泛待细分,能源电力直接相关,True,True,0,54154,9.169432778888298e-06,0,47718,1.039652340257418e-05,0,40261,1.2304360665419824e-05,0,33955,1.4564520827264783e-05,0,30484,1.6202728539486048e-05,0,0,0.8819710612701498,3,0,0.0,1.242180163175293e-05,0.7381725333182875,0.565919052247428,-0.14703914850563482,0,0,3,0,1.0623438948960767e-05,0,0,0.0,0,0,0.0,1.0,0.0,4.088006606218676e-06,2.2430083075060976,0.044503740341638134,0.5,0.6019261637239165,47.75038520801233,58.89830508474576,False,False,近期份额下降,2026Q2
C0223,泵水轮机与水力机械流动,热工与能效,方向候选,能源电力直接相关,True,True,0,54154,9.169432778888298e-06,0,47718,1.039652340257418e-05,0,40261,1.2304360665419824e-05,0,33955,1.4564520827264783e-05,0,30484,1.6202728539486048e-05,0,0,0.8819710612701498,3,0,0.0,1.242180163175293e-05,0.7381725333182875,0.565919052247428,-0.14703914850563482,0,0,3,0,1.0623438948960767e-05,0,0,0.0,0,0,0.0,1.0,0.0,4.088006606218676e-06,2.2430083075060976,0.044503740341638134,0.5,0.6019261637239165,47.75038520801233,58.89830508474576,False,False,近期份额下降,2026Q2
C0224,生物炭制备与环境应用,生物质与资源循环,宽泛待细分,关联基础或环境研究,True,False,0,54154,9.169432778888298e-06,0,47718,1.039652340257418e-05,0,40261,1.2304360665419824e-05,0,33955,1.4564520827264783e-05,0,30484,1.6202728539486048e-05,0,0,0.8819710612701498,3,0,0.0,1.242180163175293e-05,0.7381725333182875,0.565919052247428,-0.14703914850563482,0,0,3,0,1.0623438948960767e-05,0,0,0.0,0,0,0.0,1.0,0.0,4.088006606218676e-06,2.2430083075060976,0.044503740341638134,0.5,0.6019261637239165,47.75038520801233,58.89830508474576,False,False,近期份额下降,2026Q2
C0225,离子导电及功能聚合物,能源材料与电化学基础,关联基础研究,关联基础或环境研究,True,False,0,54154,9.169432778888298e-06,0,47718,1.039652340257418e-05,0,40261,1.2304360665419824e-05,0,33955,1.4564520827264783e-05,0,30484,1.6202728539486048e-05,0,0,0.8819710612701498,3,0,0.0,1.242180163175293e-05,0.7381725333182875,0.565919052247428,-0.14703914850563482,0,0,3,0,1.0623438948960767e-05,0,0,0.0,0,0,0.0,1.0,0.0,4.088006606218676e-06,2.2430083075060976,0.044503740341638134,0.5,0.6019261637239165,47.75038520801233,58.89830508474576,False,False,近期份额下降,2026Q2
C0226,过硫酸盐活化与高级氧化,碳与环境,方向候选,关联基础或环境研究,True,False,362,54154,0.006647838764694016,557,47718,0.01159212359387021,648,40261,0.015958755783049512,631,33955,0.01839498980483542,492,30484,0.01595968761139376,362,557,0.5734789411846266,3,1836,612.0,0.015315289727251713,0.4340654916155447,0.36139399016935164,-0.437857913236519,0,4,3,1567,0.011399572713871245,12,3,1.0,517,1124,613.6666666666666,0.8427331887201736,0.5736180784825423,0.015015248264641196,0.4427391840299267,0.3955724495646308,1.0,1.0,97.0416024653313,2.5192604006163326,False,False,近期份额下降,2026Q2
C0227,空调通风与空气处理,热工与能效,方向候选,能源电力直接相关,True,True,0,54154,9.169432778888298e-06,0,47718,1.039652340257418e-05,0,40261,1.2304360665419824e-05,0,33955,1.4564520827264783e-05,0,30484,1.6202728539486048e-05,0,0,0.8819710612701498,3,0,0.0,1.242180163175293e-05,0.7381725333182875,0.565919052247428,-0.14703914850563482,0,0,3,0,1.0623438948960767e-05,0,0,0.0,0,0,0.0,1.0,0.0,4.088006606218676e-06,2.2430083075060976,0.044503740341638134,0.5,0.6019261637239165,47.75038520801233,58.89830508474576,False,False,近期份额下降,2026Q2
C0228,能源审计与综合节能评估,热工与能效,宽泛待细分,能源电力直接相关,True,True,0,54154,9.169432778888298e-06,0,47718,1.039652340257418e-05,0,40261,1.2304360665419824e-05,0,33955,1.4564520827264783e-05,0,30484,1.6202728539486048e-05,0,0,0.8819710612701498,3,0,0.0,1.242180163175293e-05,0.7381725333182875,0.565919052247428,-0.14703914850563482,0,0,3,0,1.0623438948960767e-05,0,0,0.0,0,0,0.0,1.0,0.0,4.088006606218676e-06,2.2430083075060976,0.044503740341638134,0.5,0.6019261637239165,47.75038520801233,58.89830508474576,False,False,近期份额下降,2026Q2
C0229,通用安装固定与机电结构,制造与通用装置,混杂待重分,质量限制观察,False,False,0,54154,9.169432778888298e-06,0,47718,1.039652340257418e-05,0,40261,1.2304360665419824e-05,0,33955,1.4564520827264783e-05,0,30484,1.6202728539486048e-05,0,0,0.8819710612701498,3,0,0.0,1.242180163175293e-05,0.7381725333182875,0.565919052247428,-0.14703914850563482,0,0,3,0,1.0623438948960767e-05,0,0,0.0,0,0,0.0,1.0,0.0,4.088006606218676e-06,2.2430083075060976,0.044503740341638134,0.5,0.6019261637239165,47.75038520801233,58.89830508474576,False,False,近期份额下降,2026Q2
C0230,高温钢材蠕变腐蚀与焊接,能源材料与电化学基础,关联基础研究,关联基础或环境研究,True,False,0,54154,9.169432778888298e-06,0,47718,1.039652340257418e-05,0,40261,1.2304360665419824e-05,0,33955,1.4564520827264783e-05,0,30484,1.6202728539486048e-05,0,0,0.8819710612701498,3,0,0.0,1.242180163175293e-05,0.7381725333182875,0.565919052247428,-0.14703914850563482,0,0,3,0,1.0623438948960767e-05,0,0,0.0,0,0,0.0,1.0,0.0,4.088006606218676e-06,2.2430083075060976,0.044503740341638134,0.5,0.6019261637239165,47.75038520801233,58.89830508474576,False,False,近期份额下降,2026Q2
C0231,专利权利要求格式与杂项器件,制造与通用装置,混杂待重分,质量限制观察,False,False,0,54154,9.169432778888298e-06,0,47718,1.039652340257418e-05,0,40261,1.2304360665419824e-05,0,33955,1.4564520827264783e-05,0,30484,1.6202728539486048e-05,0,0,0.8819710612701498,3,0,0.0,1.242180163175293e-05,0.7381725333182875,0.565919052247428,-0.14703914850563482,0,0,3,0,1.0623438948960767e-05,0,0,0.0,0,0,0.0,1.0,0.0,4.088006606218676e-06,2.2430083075060976,0.044503740341638134,0.5,0.6019261637239165,47.75038520801233,58.89830508474576,False,False,近期份额下降,2026Q2
C0232,多种掺杂氧化物及功能化合物,能源材料与电化学基础,混杂待重分,质量限制观察,False,False,0,54154,9.169432778888298e-06,0,47718,1.039652340257418e-05,0,40261,1.2304360665419824e-05,0,33955,1.4564520827264783e-05,0,30484,1.6202728539486048e-05,0,0,0.8819710612701498,3,0,0.0,1.242180163175293e-05,0.7381725333182875,0.565919052247428,-0.14703914850563482,0,0,3,0,1.0623438948960767e-05,0,0,0.0,0,0,0.0,1.0,0.0,4.088006606218676e-06,2.2430083075060976,0.044503740341638134,0.5,0.6019261637239165,47.75038520801233,58.89830508474576,False,False,近期份额下降,2026Q2
C0233,半导体光电化学水分解,氢能与燃料电池,方向候选,能源电力直接相关,True,True,260,54154,0.004777274477800803,262,47718,0.005458174786351444,255,40261,0.00628752830002953,212,33955,0.006189921351587533,206,30484,0.006691726886807739,260,262,0.8752512817557107,3,729,243.0,0.005978541479322835,0.7990702237867395,0.7139075695421548,-0.13734892273080312,1,4,3,777,0.005507659188060592,12,3,1.0,481,940,395.3333333333333,1.216148023549201,0.502012420421076,0.005964401638473048,0.8009645841060156,0.6953039414606472,0.9988603761992942,1.0,92.7426810477658,48.95608628659477,True,False,近期份额下降,2026Q2
C0234,软开关谐振与交流变换器,电力电子与电机,宽泛待细分,能源电力直接相关,True,True,0,54154,9.169432778888298e-06,0,47718,1.039652340257418e-05,0,40261,1.2304360665419824e-05,0,33955,1.4564520827264783e-05,0,30484,1.6202728539486048e-05,0,0,0.8819710612701498,3,0,0.0,1.242180163175293e-05,0.7381725333182875,0.565919052247428,-0.14703914850563482,0,0,3,0,1.0623438948960767e-05,0,0,0.0,0,0,0.0,1.0,0.0,4.088006606218676e-06,2.2430083075060976,0.044503740341638134,0.5,0.6019261637239165,47.75038520801233,58.89830508474576,False,False,近期份额下降,2026Q2
C0235,热电发电器件与热设计,热工与能效,方向候选,能源电力直接相关,True,True,0,54154,9.169432778888298e-06,0,47718,1.039652340257418e-05,0,40261,1.2304360665419824e-05,0,33955,1.4564520827264783e-05,0,30484,1.6202728539486048e-05,0,0,0.8819710612701498,3,0,0.0,1.242180163175293e-05,0.7381725333182875,0.565919052247428,-0.14703914850563482,0,0,3,0,1.0623438948960767e-05,0,0,0.0,0,0,0.0,1.0,0.0,4.088006606218676e-06,2.2430083075060976,0.044503740341638134,0.5,0.6019261637239165,47.75038520801233,58.89830508474576,False,False,近期份额下降,2026Q2
C0236,氢能供给加氢与系统集成,氢能与燃料电池,宽泛待细分,能源电力直接相关,True,True,0,54154,9.169432778888298e-06,0,47718,1.039652340257418e-05,0,40261,1.2304360665419824e-05,0,33955,1.4564520827264783e-05,0,30484,1.6202728539486048e-05,0,0,0.8819710612701498,3,0,0.0,1.242180163175293e-05,0.7381725333182875,0.565919052247428,-0.14703914850563482,0,0,3,0,1.0623438948960767e-05,0,0,0.0,0,0,0.0,1.0,0.0,4.088006606218676e-06,2.2430083075060976,0.044503740341638134,0.5,0.6019261637239165,47.75038520801233,58.89830508474576,False,False,近期份额下降,2026Q2
C0237,分布式光伏部署与技术经济,太阳能,宽泛待细分,能源电力直接相关,True,True,0,54154,9.169432778888298e-06,0,47718,1.039652340257418e-05,0,40261,1.2304360665419824e-05,0,33955,1.4564520827264783e-05,0,30484,1.6202728539486048e-05,0,0,0.8819710612701498,3,0,0.0,1.242180163175293e-05,0.7381725333182875,0.565919052247428,-0.14703914850563482,0,0,3,0,1.0623438948960767e-05,0,0,0.0,0,0,0.0,1.0,0.0,4.088006606218676e-06,2.2430083075060976,0.044503740341638134,0.5,0.6019261637239165,47.75038520801233,58.89830508474576,False,False,近期份额下降,2026Q2
C0238,农业农村经济与资源发展,其他基础与关联学科,关联基础研究,关联基础或环境研究,False,False,0,54154,9.169432778888298e-06,0,47718,1.039652340257418e-05,0,40261,1.2304360665419824e-05,0,33955,1.4564520827264783e-05,0,30484,1.6202728539486048e-05,0,0,0.8819710612701498,3,0,0.0,1.242180163175293e-05,0.7381725333182875,0.565919052247428,-0.14703914850563482,0,0,3,0,1.0623438948960767e-05,0,0,0.0,0,0,0.0,1.0,0.0,4.088006606218676e-06,2.2430083075060976,0.044503740341638134,0.5,0.6019261637239165,47.75038520801233,58.89830508474576,False,False,近期份额下降,2026Q2
C0239,高温及绝缘陶瓷制备,能源材料与电化学基础,宽泛待细分,关联基础或环境研究,True,False,0,54154,9.169432778888298e-06,0,47718,1.039652340257418e-05,0,40261,1.2304360665419824e-05,0,33955,1.4564520827264783e-05,0,30484,1.6202728539486048e-05,0,0,0.8819710612701498,3,0,0.0,1.242180163175293e-05,0.7381725333182875,0.565919052247428,-0.14703914850563482,0,0,3,0,1.0623438948960767e-05,0,0,0.0,0,0,0.0,1.0,0.0,4.088006606218676e-06,2.2430083075060976,0.044503740341638134,0.5,0.6019261637239165,47.75038520801233,58.89830508474576,False,False,近期份额下降,2026Q2
C0240,薄膜晶体管与有机电子器件,电力电子与电机,关联基础研究,关联基础或环境研究,True,False,0,54154,9.169432778888298e-06,0,47718,1.039652340257418e-05,0,40261,1.2304360665419824e-05,0,33955,1.4564520827264783e-05,0,30484,1.6202728539486048e-05,0,0,0.8819710612701498,3,0,0.0,1.242180163175293e-05,0.7381725333182875,0.565919052247428,-0.14703914850563482,0,0,3,0,1.0623438948960767e-05,0,0,0.0,0,0,0.0,1.0,0.0,4.088006606218676e-06,2.2430083075060976,0.044503740341638134,0.5,0.6019261637239165,47.75038520801233,58.89830508474576,False,False,近期份额下降,2026Q2
C0241,有机半导体供受体与分子器件材料,能源材料与电化学基础,关联基础研究,关联基础或环境研究,True,False,0,54154,9.169432778888298e-06,0,47718,1.039652340257418e-05,0,40261,1.2304360665419824e-05,0,33955,1.4564520827264783e-05,0,30484,1.6202728539486048e-05,0,0,0.8819710612701498,3,0,0.0,1.242180163175293e-05,0.7381725333182875,0.565919052247428,-0.14703914850563482,0,0,3,0,1.0623438948960767e-05,0,0,0.0,0,0,0.0,1.0,0.0,4.088006606218676e-06,2.2430083075060976,0.044503740341638134,0.5,0.6019261637239165,47.75038520801233,58.89830508474576,False,False,近期份额下降,2026Q2
C0242,文摘索引与教学资料记录,其他基础与关联学科,外围或非研究文本,质量限制观察,False,False,0,54154,9.169432778888298e-06,0,47718,1.039652340257418e-05,0,40261,1.2304360665419824e-05,0,33955,1.4564520827264783e-05,0,30484,1.6202728539486048e-05,0,0,0.8819710612701498,3,0,0.0,1.242180163175293e-05,0.7381725333182875,0.565919052247428,-0.14703914850563482,0,0,3,0,1.0623438948960767e-05,0,0,0.0,0,0,0.0,1.0,0.0,4.088006606218676e-06,2.2430083075060976,0.044503740341638134,0.5,0.6019261637239165,47.75038520801233,58.89830508474576,False,False,近期份额下降,2026Q2
C0243,生物油热解与燃料升级,生物质与资源循环,方向候选,能源电力直接相关,True,True,0,54154,9.169432778888298e-06,0,47718,1.039652340257418e-05,0,40261,1.2304360665419824e-05,0,33955,1.4564520827264783e-05,0,30484,1.6202728539486048e-05,0,0,0.8819710612701498,3,0,0.0,1.242180163175293e-05,0.7381725333182875,0.565919052247428,-0.14703914850563482,0,0,3,0,1.0623438948960767e-05,0,0,0.0,0,0,0.0,1.0,0.0,4.088006606218676e-06,2.2430083075060976,0.044503740341638134,0.5,0.6019261637239165,47.75038520801233,58.89830508474576,False,False,近期份额下降,2026Q2
C0244,电驱控制器与机电集成装置,电力电子与电机,宽泛待细分,能源电力直接相关,True,True,0,54154,9.169432778888298e-06,0,47718,1.039652340257418e-05,0,40261,1.2304360665419824e-05,0,33955,1.4564520827264783e-05,0,30484,1.6202728539486048e-05,0,0,0.8819710612701498,3,0,0.0,1.242180163175293e-05,0.7381725333182875,0.565919052247428,-0.14703914850563482,0,0,3,0,1.0623438948960767e-05,0,0,0.0,0,0,0.0,1.0,0.0,4.088006606218676e-06,2.2430083075060976,0.044503740341638134,0.5,0.6019261637239165,47.75038520801233,58.89830508474576,False,False,近期份额下降,2026Q2
C0245,碳基超级电容器电极,电化学储能,方向候选,能源电力直接相关,True,True,0,54154,9.169432778888298e-06,0,47718,1.039652340257418e-05,0,40261,1.2304360665419824e-05,0,33955,1.4564520827264783e-05,0,30484,1.6202728539486048e-05,0,0,0.8819710612701498,3,0,0.0,1.242180163175293e-05,0.7381725333182875,0.565919052247428,-0.14703914850563482,0,0,3,0,1.0623438948960767e-05,0,0,0.0,0,0,0.0,1.0,0.0,4.088006606218676e-06,2.2430083075060976,0.044503740341638134,0.5,0.6019261637239165,47.75038520801233,58.89830508474576,False,False,近期份额下降,2026Q2
C0246,虚拟电厂资源聚合与调度,电网与电力系统,方向候选,能源电力直接相关,True,True,345,54154,0.006336078050211814,196,47718,0.004085833697211653,145,40261,0.003580568953637169,103,33955,0.0030148558112438103,84,30484,0.0027382611231731423,345,196,1.5507430110373372,3,444,148.0,0.0035604194873642106,1.7795875100387206,1.5507430110373372,0.2853691297924543,4,4,3,686,0.004667493567020211,12,2,1.0,295,525,186.33333333333334,1.5800711743772242,0.41313342758763,0.0036342378729284025,1.743440652965932,1.514802434753313,1.2487082291906428e-15,1.0405901909922023e-13,89.49922958397536,94.39137134052388,False,True,多年背景上持续抬升,2026Q2
C0247,镍锰及多种无机功能材料,能源材料与电化学基础,混杂待重分,质量限制观察,False,False,0,54154,9.169432778888298e-06,0,47718,1.039652340257418e-05,0,40261,1.2304360665419824e-05,0,33955,1.4564520827264783e-05,0,30484,1.6202728539486048e-05,0,0,0.8819710612701498,3,0,0.0,1.242180163175293e-05,0.7381725333182875,0.565919052247428,-0.14703914850563482,0,0,3,0,1.0623438948960767e-05,0,0,0.0,0,0,0.0,1.0,0.0,4.088006606218676e-06,2.2430083075060976,0.044503740341638134,0.5,0.6019261637239165,47.75038520801233,58.89830508474576,False,False,近期份额下降,2026Q2
C0248,电力安全生产与应急政策,能源政策与治理,政策类群,能源治理与政策研究,True,False,0,54154,9.169432778888298e-06,0,47718,1.039652340257418e-05,0,40261,1.2304360665419824e-05,0,33955,1.4564520827264783e-05,0,30484,1.6202728539486048e-05,0,0,0.8819710612701498,3,0,0.0,1.242180163175293e-05,0.7381725333182875,0.565919052247428,-0.14703914850563482,0,0,3,0,1.0623438948960767e-05,0,0,0.0,0,0,0.0,1.0,0.0,4.088006606218676e-06,2.2430083075060976,0.044503740341638134,0.5,0.6019261637239165,47.75038520801233,58.89830508474576,False,False,近期份额下降,2026Q2
C0249,磁性材料磁路与磁场基础,能源材料与电化学基础,宽泛待细分,关联基础或环境研究,True,False,0,54154,9.169432778888298e-06,0,47718,1.039652340257418e-05,0,40261,1.2304360665419824e-05,0,33955,1.4564520827264783e-05,0,30484,1.6202728539486048e-05,0,0,0.8819710612701498,3,0,0.0,1.242180163175293e-05,0.7381725333182875,0.565919052247428,-0.14703914850563482,0,0,3,0,1.0623438948960767e-05,0,0,0.0,0,0,0.0,1.0,0.0,4.088006606218676e-06,2.2430083075060976,0.044503740341638134,0.5,0.6019261637239165,47.75038520801233,58.89830508474576,False,False,近期份额下降,2026Q2
C0250,热力循环余热与联供系统,热工与能效,宽泛待细分,能源电力直接相关,True,True,0,54154,9.169432778888298e-06,0,47718,1.039652340257418e-05,0,40261,1.2304360665419824e-05,0,33955,1.4564520827264783e-05,0,30484,1.6202728539486048e-05,0,0,0.8819710612701498,3,0,0.0,1.242180163175293e-05,0.7381725333182875,0.565919052247428,-0.14703914850563482,0,0,3,0,1.0623438948960767e-05,0,0,0.0,0,0,0.0,1.0,0.0,4.088006606218676e-06,2.2430083075060976,0.044503740341638134,0.5,0.6019261637239165,47.75038520801233,58.89830508474576,False,False,近期份额下降,2026Q2
C0251,充电站选址与充电调度,交通与充电,方向候选,能源电力直接相关,True,True,0,54154,9.169432778888298e-06,0,47718,1.039652340257418e-05,0,40261,1.2304360665419824e-05,0,33955,1.4564520827264783e-05,0,30484,1.6202728539486048e-05,0,0,0.8819710612701498,3,0,0.0,1.242180163175293e-05,0.7381725333182875,0.565919052247428,-0.14703914850563482,0,0,3,0,1.0623438948960767e-05,0,0,0.0,0,0,0.0,1.0,0.0,4.088006606218676e-06,2.2430083075060976,0.044503740341638134,0.5,0.6019261637239165,47.75038520801233,58.89830508474576,False,False,近期份额下降,2026Q2
C0252,热泵与区域供热供冷,热工与能效,宽泛待细分,能源电力直接相关,True,True,0,54154,9.169432778888298e-06,0,47718,1.039652340257418e-05,0,40261,1.2304360665419824e-05,0,33955,1.4564520827264783e-05,0,30484,1.6202728539486048e-05,0,0,0.8819710612701498,3,0,0.0,1.242180163175293e-05,0.7381725333182875,0.565919052247428,-0.14703914850563482,0,0,3,0,1.0623438948960767e-05,0,0,0.0,0,0,0.0,1.0,0.0,4.088006606218676e-06,2.2430083075060976,0.044503740341638134,0.5,0.6019261637239165,47.75038520801233,58.89830508474576,False,False,近期份额下降,2026Q2
C0253,二氧化碳加氢与多类催化反应,碳与环境,宽泛待细分,能源电力直接相关,True,True,0,54154,9.169432778888298e-06,0,47718,1.039652340257418e-05,0,40261,1.2304360665419824e-05,0,33955,1.4564520827264783e-05,0,30484,1.6202728539486048e-05,0,0,0.8819710612701498,3,0,0.0,1.242180163175293e-05,0.7381725333182875,0.565919052247428,-0.14703914850563482,0,0,3,0,1.0623438948960767e-05,0,0,0.0,0,0,0.0,1.0,0.0,4.088006606218676e-06,2.2430083075060976,0.044503740341638134,0.5,0.6019261637239165,47.75038520801233,58.89830508474576,False,False,近期份额下降,2026Q2
C0254,电催化析氢与界面调控,氢能与燃料电池,方向候选,能源电力直接相关,True,True,549,54154,0.01007720662399824,587,47718,0.01221591499802466,573,40261,0.01411310168323654,508,33955,0.014812117681328285,448,30484,0.014533847499918987,549,587,0.8249244224135274,3,1668,556.0,0.013713711454196495,0.7348270858444045,0.6803353065916609,-0.16841372986850933,0,4,3,1709,0.012135407768419815,12,3,1.0,843,1617,762.0,1.1061598951507208,0.5125252775333439,0.01364167804495172,0.738707260997663,0.6708186690411672,0.9999999996157601,1.0,96.8104776579353,13.312788906009246,True,False,近期份额下降,2026Q2
C0255,锂离子电池电极材料,电化学储能,宽泛待细分,能源电力直接相关,True,True,0,54154,9.169432778888298e-06,0,47718,1.039652340257418e-05,0,40261,1.2304360665419824e-05,0,33955,1.4564520827264783e-05,0,30484,1.6202728539486048e-05,0,0,0.8819710612701498,3,0,0.0,1.242180163175293e-05,0.7381725333182875,0.565919052247428,-0.14703914850563482,0,0,3,0,1.0623438948960767e-05,0,0,0.0,0,0,0.0,1.0,0.0,4.088006606218676e-06,2.2430083075060976,0.044503740341638134,0.5,0.6019261637239165,47.75038520801233,58.89830508474576,False,False,近期份额下降,2026Q2
C0256,磁电耦合与自旋极化基础,能源材料与电化学基础,关联基础研究,关联基础或环境研究,True,False,0,54154,9.169432778888298e-06,0,47718,1.039652340257418e-05,0,40261,1.2304360665419824e-05,0,33955,1.4564520827264783e-05,0,30484,1.6202728539486048e-05,0,0,0.8819710612701498,3,0,0.0,1.242180163175293e-05,0.7381725333182875,0.565919052247428,-0.14703914850563482,0,0,3,0,1.0623438948960767e-05,0,0,0.0,0,0,0.0,1.0,0.0,4.088006606218676e-06,2.2430083075060976,0.044503740341638134,0.5,0.6019261637239165,47.75038520801233,58.89830508474576,False,False,近期份额下降,2026Q2
C0257,固体氧化物燃料电池,氢能与燃料电池,方向候选,能源电力直接相关,True,True,535,54154,0.009820462506189367,574,47718,0.011945605389557731,539,40261,0.01327640515798799,540,33955,0.01574424701427323,475,30484,0.015408794841051234,535,574,0.8220983521499831,3,1653,551.0,0.013655419187272984,0.7191622879905551,0.6237492651942294,-0.15076009591082729,0,4,3,1648,0.01168082435124503,12,3,1.0,679,1307,604.6666666666666,1.1227297743533298,0.3928666395233566,0.01351903784676516,0.7264172655999487,0.6589654920023694,0.9999999999354792,1.0,93.89830508474576,13.382126348228041,True,False,近期份额下降,2026Q2
C0258,综合能源系统协同管理与优化调度,电网与电力系统,宽泛待细分,能源电力直接相关,True,True,0,54154,9.169432778888298e-06,0,47718,1.039652340257418e-05,0,40261,1.2304360665419824e-05,0,33955,1.4564520827264783e-05,0,30484,1.6202728539486048e-05,0,0,0.8819710612701498,3,0,0.0,1.242180163175293e-05,0.7381725333182875,0.565919052247428,-0.14703914850563482,0,0,3,0,1.0623438948960767e-05,0,0,0.0,0,0,0.0,1.0,0.0,4.088006606218676e-06,2.2430083075060976,0.044503740341638134,0.5,0.6019261637239165,47.75038520801233,58.89830508474576,False,False,近期份额下降,2026Q2
C0259,锂硫电池正极与多硫化物调控,电化学储能,方向候选,能源电力直接相关,True,True,756,54154,0.013873351794457995,844,47718,0.017559728026947788,764,40261,0.018813367457426913,684,33955,0.01993882901252549,726,30484,0.02354256456787323,756,844,0.7900664391366115,3,2292,764.0,0.01877064149896673,0.7390984370577682,0.5892880427049956,-0.15229889457598778,0,4,3,2364,0.0167488157596109,12,3,1.0,797,1393,707.6666666666666,1.1260583254938852,0.5113927925883851,0.018743510289512627,0.7401682811901256,0.6817723252228631,0.9999999999996557,1.0,97.27272727272728,32.742681047765785,False,False,近期份额下降,2026Q2
C0260,电压电流检测与校验电路,数字技术与测量,宽泛待细分,关联基础或环境研究,True,False,0,54154,9.169432778888298e-06,0,47718,1.039652340257418e-05,0,40261,1.2304360665419824e-05,0,33955,1.4564520827264783e-05,0,30484,1.6202728539486048e-05,0,0,0.8819710612701498,3,0,0.0,1.242180163175293e-05,0.7381725333182875,0.565919052247428,-0.14703914850563482,0,0,3,0,1.0623438948960767e-05,0,0,0.0,0,0,0.0,1.0,0.0,4.088006606218676e-06,2.2430083075060976,0.044503740341638134,0.5,0.6019261637239165,47.75038520801233,58.89830508474576,False,False,近期份额下降,2026Q2
C0261,保护电路与开关控制,电力电子与电机,宽泛待细分,能源电力直接相关,True,True,0,54154,9.169432778888298e-06,0,47718,1.039652340257418e-05,0,40261,1.2304360665419824e-05,0,33955,1.4564520827264783e-05,0,30484,1.6202728539486048e-05,0,0,0.8819710612701498,3,0,0.0,1.242180163175293e-05,0.7381725333182875,0.565919052247428,-0.14703914850563482,0,0,3,0,1.0623438948960767e-05,0,0,0.0,0,0,0.0,1.0,0.0,4.088006606218676e-06,2.2430083075060976,0.044503740341638134,0.5,0.6019261637239165,47.75038520801233,58.89830508474576,False,False,近期份额下降,2026Q2
C0262,电池外壳盖板与封装,电化学储能,方向候选,能源电力直接相关,True,True,0,54154,9.169432778888298e-06,0,47718,1.039652340257418e-05,0,40261,1.2304360665419824e-05,0,33955,1.4564520827264783e-05,0,30484,1.6202728539486048e-05,0,0,0.8819710612701498,3,0,0.0,1.242180163175293e-05,0.7381725333182875,0.565919052247428,-0.14703914850563482,0,0,3,0,1.0623438948960767e-05,0,0,0.0,0,0,0.0,1.0,0.0,4.088006606218676e-06,2.2430083075060976,0.044503740341638134,0.5,0.6019261637239165,47.75038520801233,58.89830508474576,False,False,近期份额下降,2026Q2
C0263,碳基氧还原及单原子催化,能源材料与电化学基础,宽泛待细分,能源电力直接相关,True,True,0,54154,9.169432778888298e-06,0,47718,1.039652340257418e-05,0,40261,1.2304360665419824e-05,0,33955,1.4564520827264783e-05,0,30484,1.6202728539486048e-05,0,0,0.8819710612701498,3,0,0.0,1.242180163175293e-05,0.7381725333182875,0.565919052247428,-0.14703914850563482,0,0,3,0,1.0623438948960767e-05,0,0,0.0,0,0,0.0,1.0,0.0,4.088006606218676e-06,2.2430083075060976,0.044503740341638134,0.5,0.6019261637239165,47.75038520801233,58.89830508474576,False,False,近期份额下降,2026Q2
C0264,绿色发展可持续性与绿色金融,能源政策与治理,宽泛待细分,能源治理与政策研究,True,False,0,54154,9.169432778888298e-06,0,47718,1.039652340257418e-05,0,40261,1.2304360665419824e-05,0,33955,1.4564520827264783e-05,0,30484,1.6202728539486048e-05,0,0,0.8819710612701498,3,0,0.0,1.242180163175293e-05,0.7381725333182875,0.565919052247428,-0.14703914850563482,0,0,3,0,1.0623438948960767e-05,0,0,0.0,0,0,0.0,1.0,0.0,4.088006606218676e-06,2.2430083075060976,0.044503740341638134,0.5,0.6019261637239165,47.75038520801233,58.89830508474576,False,False,近期份额下降,2026Q2
C0265,覆冰冻结与除冰传热,热工与能效,宽泛待细分,能源电力直接相关,True,True,0,54154,9.169432778888298e-06,0,47718,1.039652340257418e-05,0,40261,1.2304360665419824e-05,0,33955,1.4564520827264783e-05,0,30484,1.6202728539486048e-05,0,0,0.8819710612701498,3,0,0.0,1.242180163175293e-05,0.7381725333182875,0.565919052247428,-0.14703914850563482,0,0,3,0,1.0623438948960767e-05,0,0,0.0,0,0,0.0,1.0,0.0,4.088006606218676e-06,2.2430083075060976,0.044503740341638134,0.5,0.6019261637239165,47.75038520801233,58.89830508474576,False,False,近期份额下降,2026Q2
C0266,燃料电池质子交换膜,氢能与燃料电池,方向候选,能源电力直接相关,True,True,28,54154,0.000522657668396633,15,47718,0.00032229222547979956,17,40261,0.00043065262328969385,15,33955,0.00045150014564520827,14,30484,0.0004698791276450954,28,15,1.6216887255612433,3,47,15.666666666666666,0.00040148166480490056,1.3018220113504255,1.1123236544173585,0.09681245466693378,3,0,3,60,0.00042520083905537545,0,0,0.0,61,106,29.666666666666668,2.0217391304347827,0.6019539674363606,0.0003883606275907742,1.3458049845036586,0.8458534302760391,0.1084184099507603,0.6019261637239165,63.559322033898304,87.39984591679506,False,False,多年背景上持续抬升,2026Q2
C0267,通用数学方程与数值方法,其他基础与关联学科,关联基础研究,关联基础或环境研究,False,False,0,54154,9.169432778888298e-06,0,47718,1.039652340257418e-05,0,40261,1.2304360665419824e-05,0,33955,1.4564520827264783e-05,0,30484,1.6202728539486048e-05,0,0,0.8819710612701498,3,0,0.0,1.242180163175293e-05,0.7381725333182875,0.565919052247428,-0.14703914850563482,0,0,3,0,1.0623438948960767e-05,0,0,0.0,0,0,0.0,1.0,0.0,4.088006606218676e-06,2.2430083075060976,0.044503740341638134,0.5,0.6019261637239165,47.75038520801233,58.89830508474576,False,False,近期份额下降,2026Q2
C0268,液冷流体通道与杂项机电装置,热工与能效,混杂待重分,质量限制观察,False,False,0,54154,9.169432778888298e-06,0,47718,1.039652340257418e-05,0,40261,1.2304360665419824e-05,0,33955,1.4564520827264783e-05,0,30484,1.6202728539486048e-05,0,0,0.8819710612701498,3,0,0.0,1.242180163175293e-05,0.7381725333182875,0.565919052247428,-0.14703914850563482,0,0,3,0,1.0623438948960767e-05,0,0,0.0,0,0,0.0,1.0,0.0,4.088006606218676e-06,2.2430083075060976,0.044503740341638134,0.5,0.6019261637239165,47.75038520801233,58.89830508474576,False,False,近期份额下降,2026Q2
C0269,有机发光与分子光物理材料,能源材料与电化学基础,关联基础研究,关联基础或环境研究,True,False,0,54154,9.169432778888298e-06,0,47718,1.039652340257418e-05,0,40261,1.2304360665419824e-05,0,33955,1.4564520827264783e-05,0,30484,1.6202728539486048e-05,0,0,0.8819710612701498,3,0,0.0,1.242180163175293e-05,0.7381725333182875,0.565919052247428,-0.14703914850563482,0,0,3,0,1.0623438948960767e-05,0,0,0.0,0,0,0.0,1.0,0.0,4.088006606218676e-06,2.2430083075060976,0.044503740341638134,0.5,0.6019261637239165,47.75038520801233,58.89830508474576,False,False,近期份额下降,2026Q2
C0270,翼型螺旋桨与航空气动,其他基础与关联学科,关联基础研究,关联基础或环境研究,False,False,0,54154,9.169432778888298e-06,0,47718,1.039652340257418e-05,0,40261,1.2304360665419824e-05,0,33955,1.4564520827264783e-05,0,30484,1.6202728539486048e-05,0,0,0.8819710612701498,3,0,0.0,1.242180163175293e-05,0.7381725333182875,0.565919052247428,-0.14703914850563482,0,0,3,0,1.0623438948960767e-05,0,0,0.0,0,0,0.0,1.0,0.0,4.088006606218676e-06,2.2430083075060976,0.044503740341638134,0.5,0.6019261637239165,47.75038520801233,58.89830508474576,False,False,近期份额下降,2026Q2
C0271,沼气及多路线生物燃料,生物质与资源循环,宽泛待细分,能源电力直接相关,True,True,0,54154,9.169432778888298e-06,0,47718,1.039652340257418e-05,0,40261,1.2304360665419824e-05,0,33955,1.4564520827264783e-05,0,30484,1.6202728539486048e-05,0,0,0.8819710612701498,3,0,0.0,1.242180163175293e-05,0.7381725333182875,0.565919052247428,-0.14703914850563482,0,0,3,0,1.0623438948960767e-05,0,0,0.0,0,0,0.0,1.0,0.0,4.088006606218676e-06,2.2430083075060976,0.044503740341638134,0.5,0.6019261637239165,47.75038520801233,58.89830508474576,False,False,近期份额下降,2026Q2
C0272,高分子绝缘与复合材料混合,能源材料与电化学基础,混杂待重分,质量限制观察,False,False,0,54154,9.169432778888298e-06,0,47718,1.039652340257418e-05,0,40261,1.2304360665419824e-05,0,33955,1.4564520827264783e-05,0,30484,1.6202728539486048e-05,0,0,0.8819710612701498,3,0,0.0,1.242180163175293e-05,0.7381725333182875,0.565919052247428,-0.14703914850563482,0,0,3,0,1.0623438948960767e-05,0,0,0.0,0,0,0.0,1.0,0.0,4.088006606218676e-06,2.2430083075060976,0.044503740341638134,0.5,0.6019261637239165,47.75038520801233,58.89830508474576,False,False,近期份额下降,2026Q2
C0273,电机调制谐波与转矩控制,电力电子与电机,宽泛待细分,能源电力直接相关,True,True,0,54154,9.169432778888298e-06,0,47718,1.039652340257418e-05,0,40261,1.2304360665419824e-05,0,33955,1.4564520827264783e-05,0,30484,1.6202728539486048e-05,0,0,0.8819710612701498,3,0,0.0,1.242180163175293e-05,0.7381725333182875,0.565919052247428,-0.14703914850563482,0,0,3,0,1.0623438948960767e-05,0,0,0.0,0,0,0.0,1.0,0.0,4.088006606218676e-06,2.2430083075060976,0.044503740341638134,0.5,0.6019261637239165,47.75038520801233,58.89830508474576,False,False,近期份额下降,2026Q2
C0274,电缆结构材料与敷设,电网与电力系统,宽泛待细分,能源电力直接相关,True,True,0,54154,9.169432778888298e-06,0,47718,1.039652340257418e-05,0,40261,1.2304360665419824e-05,0,33955,1.4564520827264783e-05,0,30484,1.6202728539486048e-05,0,0,0.8819710612701498,3,0,0.0,1.242180163175293e-05,0.7381725333182875,0.565919052247428,-0.14703914850563482,0,0,3,0,1.0623438948960767e-05,0,0,0.0,0,0,0.0,1.0,0.0,4.088006606218676e-06,2.2430083075060976,0.044503740341638134,0.5,0.6019261637239165,47.75038520801233,58.89830508474576,False,False,近期份额下降,2026Q2
C0275,风电发电机与并网控制,风能与水能海洋能源,方向候选,能源电力直接相关,True,True,0,54154,9.169432778888298e-06,0,47718,1.039652340257418e-05,0,40261,1.2304360665419824e-05,0,33955,1.4564520827264783e-05,0,30484,1.6202728539486048e-05,0,0,0.8819710612701498,3,0,0.0,1.242180163175293e-05,0.7381725333182875,0.565919052247428,-0.14703914850563482,0,0,3,0,1.0623438948960767e-05,0,0,0.0,0,0,0.0,1.0,0.0,4.088006606218676e-06,2.2430083075060976,0.044503740341638134,0.5,0.6019261637239165,47.75038520801233,58.89830508474576,False,False,近期份额下降,2026Q2
C0276,锂离子电池负极材料,电化学储能,方向候选,能源电力直接相关,True,True,0,54154,9.169432778888298e-06,0,47718,1.039652340257418e-05,0,40261,1.2304360665419824e-05,0,33955,1.4564520827264783e-05,0,30484,1.6202728539486048e-05,0,0,0.8819710612701498,3,0,0.0,1.242180163175293e-05,0.7381725333182875,0.565919052247428,-0.14703914850563482,0,0,3,0,1.0623438948960767e-05,0,0,0.0,0,0,0.0,1.0,0.0,4.088006606218676e-06,2.2430083075060976,0.044503740341638134,0.5,0.6019261637239165,47.75038520801233,58.89830508474576,False,False,近期份额下降,2026Q2
C0277,分子生物学与医学机制,其他基础与关联学科,外围或非研究文本,质量限制观察,False,False,0,54154,9.169432778888298e-06,0,47718,1.039652340257418e-05,0,40261,1.2304360665419824e-05,0,33955,1.4564520827264783e-05,0,30484,1.6202728539486048e-05,0,0,0.8819710612701498,3,0,0.0,1.242180163175293e-05,0.7381725333182875,0.565919052247428,-0.14703914850563482,0,0,3,0,1.0623438948960767e-05,0,0,0.0,0,0,0.0,1.0,0.0,4.088006606218676e-06,2.2430083075060976,0.044503740341638134,0.5,0.6019261637239165,47.75038520801233,58.89830508474576,False,False,近期份额下降,2026Q2
C0278,整体电催化水分解,氢能与燃料电池,方向候选,能源电力直接相关,True,True,180,54154,0.0033101652331786755,206,47718,0.004293764165263136,202,40261,0.004983266069495029,195,33955,0.00569472764346053,173,30484,0.005622346803201659,180,206,0.7709238574298404,3,603,201.0,0.004990585959406231,0.6632818791428075,0.5812684013044702,-0.20454370289246349,1,3,3,588,0.004195731822645613,11,3,0.9166666666666666,333,673,292.6666666666667,1.1373439273552781,0.5945122880163256,0.004934223973705941,0.6708583256087003,0.5680896171080236,0.9999988160114838,1.0,91.31548536209553,14.164098613251156,False,False,近期份额下降,2026Q2
C0279,光伏支架与组件机械固定,太阳能,方向候选,能源电力直接相关,True,True,0,54154,9.169432778888298e-06,0,47718,1.039652340257418e-05,0,40261,1.2304360665419824e-05,0,33955,1.4564520827264783e-05,0,30484,1.6202728539486048e-05,0,0,0.8819710612701498,3,0,0.0,1.242180163175293e-05,0.7381725333182875,0.565919052247428,-0.14703914850563482,0,0,3,0,1.0623438948960767e-05,0,0,0.0,0,0,0.0,1.0,0.0,4.088006606218676e-06,2.2430083075060976,0.044503740341638134,0.5,0.6019261637239165,47.75038520801233,58.89830508474576,False,False,近期份额下降,2026Q2
C0280,航空器无人机设计与飞控,其他基础与关联学科,关联基础研究,关联基础或环境研究,False,False,0,54154,9.169432778888298e-06,0,47718,1.039652340257418e-05,0,40261,1.2304360665419824e-05,0,33955,1.4564520827264783e-05,0,30484,1.6202728539486048e-05,0,0,0.8819710612701498,3,0,0.0,1.242180163175293e-05,0.7381725333182875,0.565919052247428,-0.14703914850563482,0,0,3,0,1.0623438948960767e-05,0,0,0.0,0,0,0.0,1.0,0.0,4.088006606218676e-06,2.2430083075060976,0.044503740341638134,0.5,0.6019261637239165,47.75038520801233,58.89830508474576,False,False,近期份额下降,2026Q2
C0281,电机磁路转子与铁芯设计,电力电子与电机,宽泛待细分,能源电力直接相关,True,True,0,54154,9.169432778888298e-06,0,47718,1.039652340257418e-05,0,40261,1.2304360665419824e-05,0,33955,1.4564520827264783e-05,0,30484,1.6202728539486048e-05,0,0,0.8819710612701498,3,0,0.0,1.242180163175293e-05,0.7381725333182875,0.565919052247428,-0.14703914850563482,0,0,3,0,1.0623438948960767e-05,0,0,0.0,0,0,0.0,1.0,0.0,4.088006606218676e-06,2.2430083075060976,0.044503740341638134,0.5,0.6019261637239165,47.75038520801233,58.89830508474576,False,False,近期份额下降,2026Q2
C0282,金融投资与风险经济,其他基础与关联学科,关联基础研究,关联基础或环境研究,False,False,0,54154,9.169432778888298e-06,0,47718,1.039652340257418e-05,0,40261,1.2304360665419824e-05,0,33955,1.4564520827264783e-05,0,30484,1.6202728539486048e-05,0,0,0.8819710612701498,3,0,0.0,1.242180163175293e-05,0.7381725333182875,0.565919052247428,-0.14703914850563482,0,0,3,0,1.0623438948960767e-05,0,0,0.0,0,0,0.0,1.0,0.0,4.088006606218676e-06,2.2430083075060976,0.044503740341638134,0.5,0.6019261637239165,47.75038520801233,58.89830508474576,False,False,近期份额下降,2026Q2
C0283,油路液压与油浸电气装置,制造与通用装置,混杂待重分,质量限制观察,False,False,0,54154,9.169432778888298e-06,0,47718,1.039652340257418e-05,0,40261,1.2304360665419824e-05,0,33955,1.4564520827264783e-05,0,30484,1.6202728539486048e-05,0,0,0.8819710612701498,3,0,0.0,1.242180163175293e-05,0.7381725333182875,0.565919052247428,-0.14703914850563482,0,0,3,0,1.0623438948960767e-05,0,0,0.0,0,0,0.0,1.0,0.0,4.088006606218676e-06,2.2430083075060976,0.044503740341638134,0.5,0.6019261637239165,47.75038520801233,58.89830508474576,False,False,近期份额下降,2026Q2
C0284,能源标准化许可与专项监管,能源政策与治理,宽泛待细分,能源治理与政策研究,True,False,0,54154,9.169432778888298e-06,0,47718,1.039652340257418e-05,0,40261,1.2304360665419824e-05,0,33955,1.4564520827264783e-05,0,30484,1.6202728539486048e-05,0,0,0.8819710612701498,3,0,0.0,1.242180163175293e-05,0.7381725333182875,0.565919052247428,-0.14703914850563482,0,0,3,0,1.0623438948960767e-05,0,0,0.0,0,0,0.0,1.0,0.0,4.088006606218676e-06,2.2430083075060976,0.044503740341638134,0.5,0.6019261637239165,47.75038520801233,58.89830508474576,False,False,近期份额下降,2026Q2
C0285,热泵换热器与热管理设计,热工与能效,宽泛待细分,能源电力直接相关,True,True,0,54154,9.169432778888298e-06,0,47718,1.039652340257418e-05,0,40261,1.2304360665419824e-05,0,33955,1.4564520827264783e-05,0,30484,1.6202728539486048e-05,0,0,0.8819710612701498,3,0,0.0,1.242180163175293e-05,0.7381725333182875,0.565919052247428,-0.14703914850563482,0,0,3,0,1.0623438948960767e-05,0,0,0.0,0,0,0.0,1.0,0.0,4.088006606218676e-06,2.2430083075060976,0.044503740341638134,0.5,0.6019261637239165,47.75038520801233,58.89830508474576,False,False,近期份额下降,2026Q2
C0286,燃料电池铂基催化剂,氢能与燃料电池,方向候选,能源电力直接相关,True,True,0,54154,9.169432778888298e-06,0,47718,1.039652340257418e-05,0,40261,1.2304360665419824e-05,0,33955,1.4564520827264783e-05,0,30484,1.6202728539486048e-05,0,0,0.8819710612701498,3,0,0.0,1.242180163175293e-05,0.7381725333182875,0.565919052247428,-0.14703914850563482,0,0,3,0,1.0623438948960767e-05,0,0,0.0,0,0,0.0,1.0,0.0,4.088006606218676e-06,2.2430083075060976,0.044503740341638134,0.5,0.6019261637239165,47.75038520801233,58.89830508474576,False,False,近期份额下降,2026Q2
C0287,核裂变聚变与核电工程,核能与等离子体,宽泛待细分,能源电力直接相关,True,True,0,54154,9.169432778888298e-06,0,47718,1.039652340257418e-05,0,40261,1.2304360665419824e-05,0,33955,1.4564520827264783e-05,0,30484,1.6202728539486048e-05,0,0,0.8819710612701498,3,0,0.0,1.242180163175293e-05,0.7381725333182875,0.565919052247428,-0.14703914850563482,0,0,3,0,1.0623438948960767e-05,0,0,0.0,0,0,0.0,1.0,0.0,4.088006606218676e-06,2.2430083075060976,0.044503740341638134,0.5,0.6019261637239165,47.75038520801233,58.89830508474576,False,False,近期份额下降,2026Q2
C0288,多体系电池配方与器件,电化学储能,混杂待重分,质量限制观察,False,False,0,54154,9.169432778888298e-06,0,47718,1.039652340257418e-05,0,40261,1.2304360665419824e-05,0,33955,1.4564520827264783e-05,0,30484,1.6202728539486048e-05,0,0,0.8819710612701498,3,0,0.0,1.242180163175293e-05,0.7381725333182875,0.565919052247428,-0.14703914850563482,0,0,3,0,1.0623438948960767e-05,0,0,0.0,0,0,0.0,1.0,0.0,4.088006606218676e-06,2.2430083075060976,0.044503740341638134,0.5,0.6019261637239165,47.75038520801233,58.89830508474576,False,False,近期份额下降,2026Q2
C0289,锌基硫族及氧化物薄膜,能源材料与电化学基础,关联基础研究,关联基础或环境研究,True,False,0,54154,9.169432778888298e-06,0,47718,1.039652340257418e-05,0,40261,1.2304360665419824e-05,0,33955,1.4564520827264783e-05,0,30484,1.6202728539486048e-05,0,0,0.8819710612701498,3,0,0.0,1.242180163175293e-05,0.7381725333182875,0.565919052247428,-0.14703914850563482,0,0,3,0,1.0623438948960767e-05,0,0,0.0,0,0,0.0,1.0,0.0,4.088006606218676e-06,2.2430083075060976,0.044503740341638134,0.5,0.6019261637239165,47.75038520801233,58.89830508474576,False,False,近期份额下降,2026Q2
C0290,铁氧化物磁性纳米材料,能源材料与电化学基础,关联基础研究,关联基础或环境研究,True,False,0,54154,9.169432778888298e-06,0,47718,1.039652340257418e-05,0,40261,1.2304360665419824e-05,0,33955,1.4564520827264783e-05,0,30484,1.6202728539486048e-05,0,0,0.8819710612701498,3,0,0.0,1.242180163175293e-05,0.7381725333182875,0.565919052247428,-0.14703914850563482,0,0,3,0,1.0623438948960767e-05,0,0,0.0,0,0,0.0,1.0,0.0,4.088006606218676e-06,2.2430083075060976,0.044503740341638134,0.5,0.6019261637239165,47.75038520801233,58.89830508474576,False,False,近期份额下降,2026Q2
C0291,瓶装液化石油气价格政策,能源政策与治理,政策类群,能源治理与政策研究,True,False,0,54154,9.169432778888298e-06,0,47718,1.039652340257418e-05,0,40261,1.2304360665419824e-05,0,33955,1.4564520827264783e-05,0,30484,1.6202728539486048e-05,0,0,0.8819710612701498,3,0,0.0,1.242180163175293e-05,0.7381725333182875,0.565919052247428,-0.14703914850563482,0,0,3,0,1.0623438948960767e-05,0,0,0.0,0,0,0.0,1.0,0.0,4.088006606218676e-06,2.2430083075060976,0.044503740341638134,0.5,0.6019261637239165,47.75038520801233,58.89830508474576,False,False,近期份额下降,2026Q2
C0292,仿真软件硬件在环与教学平台,数字技术与测量,宽泛待细分,关联基础或环境研究,True,False,0,54154,9.169432778888298e-06,0,47718,1.039652340257418e-05,0,40261,1.2304360665419824e-05,0,33955,1.4564520827264783e-05,0,30484,1.6202728539486048e-05,0,0,0.8819710612701498,3,0,0.0,1.242180163175293e-05,0.7381725333182875,0.565919052247428,-0.14703914850563482,0,0,3,0,1.0623438948960767e-05,0,0,0.0,0,0,0.0,1.0,0.0,4.088006606218676e-06,2.2430083075060976,0.044503740341638134,0.5,0.6019261637239165,47.75038520801233,58.89830508474576,False,False,近期份额下降,2026Q2
C0293,电池系统管理与全寿命利用,电化学储能,宽泛待细分,能源电力直接相关,True,True,0,54154,9.169432778888298e-06,0,47718,1.039652340257418e-05,0,40261,1.2304360665419824e-05,0,33955,1.4564520827264783e-05,0,30484,1.6202728539486048e-05,0,0,0.8819710612701498,3,0,0.0,1.242180163175293e-05,0.7381725333182875,0.565919052247428,-0.14703914850563482,0,0,3,0,1.0623438948960767e-05,0,0,0.0,0,0,0.0,1.0,0.0,4.088006606218676e-06,2.2430083075060976,0.044503740341638134,0.5,0.6019261637239165,47.75038520801233,58.89830508474576,False,False,近期份额下降,2026Q2
C0294,电池管理与均衡控制,电化学储能,方向候选,能源电力直接相关,True,True,0,54154,9.169432778888298e-06,0,47718,1.039652340257418e-05,0,40261,1.2304360665419824e-05,0,33955,1.4564520827264783e-05,0,30484,1.6202728539486048e-05,0,0,0.8819710612701498,3,0,0.0,1.242180163175293e-05,0.7381725333182875,0.565919052247428,-0.14703914850563482,0,0,3,0,1.0623438948960767e-05,0,0,0.0,0,0,0.0,1.0,0.0,4.088006606218676e-06,2.2430083075060976,0.044503740341638134,0.5,0.6019261637239165,47.75038520801233,58.89830508474576,False,False,近期份额下降,2026Q2
C0295,光学薄膜与发光表征,能源材料与电化学基础,关联基础研究,关联基础或环境研究,True,False,0,54154,9.169432778888298e-06,0,47718,1.039652340257418e-05,0,40261,1.2304360665419824e-05,0,33955,1.4564520827264783e-05,0,30484,1.6202728539486048e-05,0,0,0.8819710612701498,3,0,0.0,1.242180163175293e-05,0.7381725333182875,0.565919052247428,-0.14703914850563482,0,0,3,0,1.0623438948960767e-05,0,0,0.0,0,0,0.0,1.0,0.0,4.088006606218676e-06,2.2430083075060976,0.044503740341638134,0.5,0.6019261637239165,47.75038520801233,58.89830508474576,False,False,近期份额下降,2026Q2
C0296,供水管网水力状态与节能调度,热工与能效,方向候选,能源电力直接相关,True,True,0,54154,9.169432778888298e-06,0,47718,1.039652340257418e-05,0,40261,1.2304360665419824e-05,0,33955,1.4564520827264783e-05,0,30484,1.6202728539486048e-05,0,0,0.8819710612701498,3,0,0.0,1.242180163175293e-05,0.7381725333182875,0.565919052247428,-0.14703914850563482,0,0,3,0,1.0623438948960767e-05,0,0,0.0,0,0,0.0,1.0,0.0,4.088006606218676e-06,2.2430083075060976,0.044503740341638134,0.5,0.6019261637239165,47.75038520801233,58.89830508474576,False,False,近期份额下降,2026Q2
C0297,废旧锂电池回收、分离与材料再生,电化学储能,方向候选,能源电力直接相关,True,True,0,54154,9.169432778888298e-06,0,47718,1.039652340257418e-05,0,40261,1.2304360665419824e-05,0,33955,1.4564520827264783e-05,0,30484,1.6202728539486048e-05,0,0,0.8819710612701498,3,0,0.0,1.242180163175293e-05,0.7381725333182875,0.565919052247428,-0.14703914850563482,0,0,3,0,1.0623438948960767e-05,0,0,0.0,0,0,0.0,1.0,0.0,4.088006606218676e-06,2.2430083075060976,0.044503740341638134,0.5,0.6019261637239165,47.75038520801233,58.89830508474576,False,False,近期份额下降,2026Q2
C0298,场效应晶体管结构与建模,电力电子与电机,宽泛待细分,能源电力直接相关,True,True,41,54154,0.0007610629206477287,32,47718,0.0006757740211673217,46,40261,0.0011443055418840437,39,33955,0.0011505971453539179,55,30484,0.0017985028678829515,41,32,1.1262092013141913,3,117,39.0,0.0009902255694684279,0.7685753065902771,0.42316469672555423,-0.20391859118396383,3,0,3,119,0.000860380827899698,0,0,0.0,82,204,69.66666666666667,1.1745283018867925,0.2396244368820301,0.0009606815524613888,0.7922114447787493,0.5560748997022474,0.9047791756816936,0.9935349659755055,58.92141756548537,58.85593220338983,False,False,历史峰值以下的恢复或波动,2026Q2
C0299,温度测量监测与温控装置,数字技术与测量,宽泛待细分,关联基础或环境研究,True,False,0,54154,9.169432778888298e-06,0,47718,1.039652340257418e-05,0,40261,1.2304360665419824e-05,0,33955,1.4564520827264783e-05,0,30484,1.6202728539486048e-05,0,0,0.8819710612701498,3,0,0.0,1.242180163175293e-05,0.7381725333182875,0.565919052247428,-0.14703914850563482,0,0,3,0,1.0623438948960767e-05,0,0,0.0,0,0,0.0,1.0,0.0,4.088006606218676e-06,2.2430083075060976,0.044503740341638134,0.5,0.6019261637239165,47.75038520801233,58.89830508474576,False,False,近期份额下降,2026Q2
C0300,出版商模板干扰的多能源文本,其他基础与关联学科,混杂待重分,质量限制观察,False,False,0,54154,9.169432778888298e-06,0,47718,1.039652340257418e-05,0,40261,1.2304360665419824e-05,0,33955,1.4564520827264783e-05,0,30484,1.6202728539486048e-05,0,0,0.8819710612701498,3,0,0.0,1.242180163175293e-05,0.7381725333182875,0.565919052247428,-0.14703914850563482,0,0,3,0,1.0623438948960767e-05,0,0,0.0,0,0,0.0,1.0,0.0,4.088006606218676e-06,2.2430083075060976,0.044503740341638134,0.5,0.6019261637239165,47.75038520801233,58.89830508474576,False,False,近期份额下降,2026Q2
C0301,半导体离子注入与辐照缺陷,能源材料与电化学基础,关联基础研究,关联基础或环境研究,True,False,0,54154,9.169432778888298e-06,0,47718,1.039652340257418e-05,0,40261,1.2304360665419824e-05,0,33955,1.4564520827264783e-05,0,30484,1.6202728539486048e-05,0,0,0.8819710612701498,3,0,0.0,1.242180163175293e-05,0.7381725333182875,0.565919052247428,-0.14703914850563482,0,0,3,0,1.0623438948960767e-05,0,0,0.0,0,0,0.0,1.0,0.0,4.088006606218676e-06,2.2430083075060976,0.044503740341638134,0.5,0.6019261637239165,47.75038520801233,58.89830508474576,False,False,近期份额下降,2026Q2
C0302,制冷循环与余热驱动制冷,热工与能效,宽泛待细分,能源电力直接相关,True,True,0,54154,9.169432778888298e-06,0,47718,1.039652340257418e-05,0,40261,1.2304360665419824e-05,0,33955,1.4564520827264783e-05,0,30484,1.6202728539486048e-05,0,0,0.8819710612701498,3,0,0.0,1.242180163175293e-05,0.7381725333182875,0.565919052247428,-0.14703914850563482,0,0,3,0,1.0623438948960767e-05,0,0,0.0,0,0,0.0,1.0,0.0,4.088006606218676e-06,2.2430083075060976,0.044503740341638134,0.5,0.6019261637239165,47.75038520801233,58.89830508474576,False,False,近期份额下降,2026Q2
C0303,照明灯具与光学部件,电力电子与电机,宽泛待细分,能源电力直接相关,True,True,0,54154,9.169432778888298e-06,0,47718,1.039652340257418e-05,0,40261,1.2304360665419824e-05,0,33955,1.4564520827264783e-05,0,30484,1.6202728539486048e-05,0,0,0.8819710612701498,3,0,0.0,1.242180163175293e-05,0.7381725333182875,0.565919052247428,-0.14703914850563482,0,0,3,0,1.0623438948960767e-05,0,0,0.0,0,0,0.0,1.0,0.0,4.088006606218676e-06,2.2430083075060976,0.044503740341638134,0.5,0.6019261637239165,47.75038520801233,58.89830508474576,False,False,近期份额下降,2026Q2
C0304,二氧化钛纳米结构制备与基础应用,能源材料与电化学基础,关联基础研究,关联基础或环境研究,True,False,0,54154,9.169432778888298e-06,0,47718,1.039652340257418e-05,0,40261,1.2304360665419824e-05,0,33955,1.4564520827264783e-05,0,30484,1.6202728539486048e-05,0,0,0.8819710612701498,3,0,0.0,1.242180163175293e-05,0.7381725333182875,0.565919052247428,-0.14703914850563482,0,0,3,0,1.0623438948960767e-05,0,0,0.0,0,0,0.0,1.0,0.0,4.088006606218676e-06,2.2430083075060976,0.044503740341638134,0.5,0.6019261637239165,47.75038520801233,58.89830508474576,False,False,近期份额下降,2026Q2
C0305,电气设备防护监测及杂项装置,电网与电力系统,混杂待重分,质量限制观察,False,False,0,54154,9.169432778888298e-06,0,47718,1.039652340257418e-05,0,40261,1.2304360665419824e-05,0,33955,1.4564520827264783e-05,0,30484,1.6202728539486048e-05,0,0,0.8819710612701498,3,0,0.0,1.242180163175293e-05,0.7381725333182875,0.565919052247428,-0.14703914850563482,0,0,3,0,1.0623438948960767e-05,0,0,0.0,0,0,0.0,1.0,0.0,4.088006606218676e-06,2.2430083075060976,0.044503740341638134,0.5,0.6019261637239165,47.75038520801233,58.89830508474576,False,False,近期份额下降,2026Q2
C0306,电能质量谐波检测与信号分析,电网与电力系统,方向候选,能源电力直接相关,True,True,0,54154,9.169432778888298e-06,0,47718,1.039652340257418e-05,0,40261,1.2304360665419824e-05,0,33955,1.4564520827264783e-05,0,30484,1.6202728539486048e-05,0,0,0.8819710612701498,3,0,0.0,1.242180163175293e-05,0.7381725333182875,0.565919052247428,-0.14703914850563482,0,0,3,0,1.0623438948960767e-05,0,0,0.0,0,0,0.0,1.0,0.0,4.088006606218676e-06,2.2430083075060976,0.044503740341638134,0.5,0.6019261637239165,47.75038520801233,58.89830508474576,False,False,近期份额下降,2026Q2
C0307,对流換热与换热器热工分析,热工与能效,宽泛待细分,能源电力直接相关,True,True,0,54154,9.169432778888298e-06,0,47718,1.039652340257418e-05,0,40261,1.2304360665419824e-05,0,33955,1.4564520827264783e-05,0,30484,1.6202728539486048e-05,0,0,0.8819710612701498,3,0,0.0,1.242180163175293e-05,0.7381725333182875,0.565919052247428,-0.14703914850563482,0,0,3,0,1.0623438948960767e-05,0,0,0.0,0,0,0.0,1.0,0.0,4.088006606218676e-06,2.2430083075060976,0.044503740341638134,0.5,0.6019261637239165,47.75038520801233,58.89830508474576,False,False,近期份额下降,2026Q2
C0308,变电站自动化与电网监控,电网与电力系统,宽泛待细分,能源电力直接相关,True,True,0,54154,9.169432778888298e-06,0,47718,1.039652340257418e-05,0,40261,1.2304360665419824e-05,0,33955,1.4564520827264783e-05,0,30484,1.6202728539486048e-05,0,0,0.8819710612701498,3,0,0.0,1.242180163175293e-05,0.7381725333182875,0.565919052247428,-0.14703914850563482,0,0,3,0,1.0623438948960767e-05,0,0,0.0,0,0,0.0,1.0,0.0,4.088006606218676e-06,2.2430083075060976,0.044503740341638134,0.5,0.6019261637239165,47.75038520801233,58.89830508474576,False,False,近期份额下降,2026Q2
C0309,电动车辆及充电系统装置,交通与充电,宽泛待细分,能源电力直接相关,True,True,0,54154,9.169432778888298e-06,0,47718,1.039652340257418e-05,0,40261,1.2304360665419824e-05,0,33955,1.4564520827264783e-05,0,30484,1.6202728539486048e-05,0,0,0.8819710612701498,3,0,0.0,1.242180163175293e-05,0.7381725333182875,0.565919052247428,-0.14703914850563482,0,0,3,0,1.0623438948960767e-05,0,0,0.0,0,0,0.0,1.0,0.0,4.088006606218676e-06,2.2430083075060976,0.044503740341638134,0.5,0.6019261637239165,47.75038520801233,58.89830508474576,False,False,近期份额下降,2026Q2
C0310,复合氧化物合成与电化学性质,能源材料与电化学基础,混杂待重分,质量限制观察,False,False,0,54154,9.169432778888298e-06,0,47718,1.039652340257418e-05,0,40261,1.2304360665419824e-05,0,33955,1.4564520827264783e-05,0,30484,1.6202728539486048e-05,0,0,0.8819710612701498,3,0,0.0,1.242180163175293e-05,0.7381725333182875,0.565919052247428,-0.14703914850563482,0,0,3,0,1.0623438948960767e-05,0,0,0.0,0,0,0.0,1.0,0.0,4.088006606218676e-06,2.2430083075060976,0.044503740341638134,0.5,0.6019261637239165,47.75038520801233,58.89830508474576,False,False,近期份额下降,2026Q2
C0311,变换器与电机变压器保护混合,电力电子与电机,混杂待重分,质量限制观察,False,False,0,54154,9.169432778888298e-06,0,47718,1.039652340257418e-05,0,40261,1.2304360665419824e-05,0,33955,1.4564520827264783e-05,0,30484,1.6202728539486048e-05,0,0,0.8819710612701498,3,0,0.0,1.242180163175293e-05,0.7381725333182875,0.565919052247428,-0.14703914850563482,0,0,3,0,1.0623438948960767e-05,0,0,0.0,0,0,0.0,1.0,0.0,4.088006606218676e-06,2.2430083075060976,0.044503740341638134,0.5,0.6019261637239165,47.75038520801233,58.89830508474576,False,False,近期份额下降,2026Q2
C0312,书目碎片封面与其他非研究文本,其他基础与关联学科,外围或非研究文本,质量限制观察,False,False,0,54154,9.169432778888298e-06,0,47718,1.039652340257418e-05,0,40261,1.2304360665419824e-05,0,33955,1.4564520827264783e-05,0,30484,1.6202728539486048e-05,0,0,0.8819710612701498,3,0,0.0,1.242180163175293e-05,0.7381725333182875,0.565919052247428,-0.14703914850563482,0,0,3,0,1.0623438948960767e-05,0,0,0.0,0,0,0.0,1.0,0.0,4.088006606218676e-06,2.2430083075060976,0.044503740341638134,0.5,0.6019261637239165,47.75038520801233,58.89830508474576,False,False,近期份额下降,2026Q2
C0313,电力系统频率控制及通用控制方法,电网与电力系统,混杂待重分,质量限制观察,False,False,0,54154,9.169432778888298e-06,0,47718,1.039652340257418e-05,0,40261,1.2304360665419824e-05,0,33955,1.4564520827264783e-05,0,30484,1.6202728539486048e-05,0,0,0.8819710612701498,3,0,0.0,1.242180163175293e-05,0.7381725333182875,0.565919052247428,-0.14703914850563482,0,0,3,0,1.0623438948960767e-05,0,0,0.0,0,0,0.0,1.0,0.0,4.088006606218676e-06,2.2430083075060976,0.044503740341638134,0.5,0.6019261637239165,47.75038520801233,58.89830508474576,False,False,近期份额下降,2026Q2
C0314,多体系电催化剂与电池材料制备,能源材料与电化学基础,混杂待重分,质量限制观察,False,False,0,54154,9.169432778888298e-06,0,47718,1.039652340257418e-05,0,40261,1.2304360665419824e-05,0,33955,1.4564520827264783e-05,0,30484,1.6202728539486048e-05,0,0,0.8819710612701498,3,0,0.0,1.242180163175293e-05,0.7381725333182875,0.565919052247428,-0.14703914850563482,0,0,3,0,1.0623438948960767e-05,0,0,0.0,0,0,0.0,1.0,0.0,4.088006606218676e-06,2.2430083075060976,0.044503740341638134,0.5,0.6019261637239165,47.75038520801233,58.89830508474576,False,False,近期份额下降,2026Q2
C0315,中国能源转型与区域低碳经济,能源政策与治理,宽泛待细分,能源治理与政策研究,True,False,0,54154,9.169432778888298e-06,0,47718,1.039652340257418e-05,0,40261,1.2304360665419824e-05,0,33955,1.4564520827264783e-05,0,30484,1.6202728539486048e-05,0,0,0.8819710612701498,3,0,0.0,1.242180163175293e-05,0.7381725333182875,0.565919052247428,-0.14703914850563482,0,0,3,0,1.0623438948960767e-05,0,0,0.0,0,0,0.0,1.0,0.0,4.088006606218676e-06,2.2430083075060976,0.044503740341638134,0.5,0.6019261637239165,47.75038520801233,58.89830508474576,False,False,近期份额下降,2026Q2
C0316,多种燃料燃烧与排放评估,化石能源,宽泛待细分,能源电力直接相关,True,True,0,54154,9.169432778888298e-06,0,47718,1.039652340257418e-05,0,40261,1.2304360665419824e-05,0,33955,1.4564520827264783e-05,0,30484,1.6202728539486048e-05,0,0,0.8819710612701498,3,0,0.0,1.242180163175293e-05,0.7381725333182875,0.565919052247428,-0.14703914850563482,0,0,3,0,1.0623438948960767e-05,0,0,0.0,0,0,0.0,1.0,0.0,4.088006606218676e-06,2.2430083075060976,0.044503740341638134,0.5,0.6019261637239165,47.75038520801233,58.89830508474576,False,False,近期份额下降,2026Q2
C0317,溶剂萃取与化学分离,能源材料与电化学基础,关联基础研究,关联基础或环境研究,True,False,0,54154,9.169432778888298e-06,0,47718,1.039652340257418e-05,0,40261,1.2304360665419824e-05,0,33955,1.4564520827264783e-05,0,30484,1.6202728539486048e-05,0,0,0.8819710612701498,3,0,0.0,1.242180163175293e-05,0.7381725333182875,0.565919052247428,-0.14703914850563482,0,0,3,0,1.0623438948960767e-05,0,0,0.0,0,0,0.0,1.0,0.0,4.088006606218676e-06,2.2430083075060976,0.044503740341638134,0.5,0.6019261637239165,47.75038520801233,58.89830508474576,False,False,近期份额下降,2026Q2
C0318,时钟同步与时延建模,数字技术与测量,关联基础研究,关联基础或环境研究,True,False,0,54154,9.169432778888298e-06,0,47718,1.039652340257418e-05,0,40261,1.2304360665419824e-05,0,33955,1.4564520827264783e-05,0,30484,1.6202728539486048e-05,0,0,0.8819710612701498,3,0,0.0,1.242180163175293e-05,0.7381725333182875,0.565919052247428,-0.14703914850563482,0,0,3,0,1.0623438948960767e-05,0,0,0.0,0,0,0.0,1.0,0.0,4.088006606218676e-06,2.2430083075060976,0.044503740341638134,0.5,0.6019261637239165,47.75038520801233,58.89830508474576,False,False,近期份额下降,2026Q2
C0319,等离子体动力学与磁约束,核能与等离子体,宽泛待细分,能源电力直接相关,True,True,0,54154,9.169432778888298e-06,0,47718,1.039652340257418e-05,0,40261,1.2304360665419824e-05,0,33955,1.4564520827264783e-05,0,30484,1.6202728539486048e-05,0,0,0.8819710612701498,3,0,0.0,1.242180163175293e-05,0.7381725333182875,0.565919052247428,-0.14703914850563482,0,0,3,0,1.0623438948960767e-05,0,0,0.0,0,0,0.0,1.0,0.0,4.088006606218676e-06,2.2430083075060976,0.044503740341638134,0.5,0.6019261637239165,47.75038520801233,58.89830508474576,False,False,近期份额下降,2026Q2
C0320,二氧化碳捕集材料与工艺,碳与环境,宽泛待细分,能源电力直接相关,True,True,0,54154,9.169432778888298e-06,0,47718,1.039652340257418e-05,0,40261,1.2304360665419824e-05,0,33955,1.4564520827264783e-05,0,30484,1.6202728539486048e-05,0,0,0.8819710612701498,3,0,0.0,1.242180163175293e-05,0.7381725333182875,0.565919052247428,-0.14703914850563482,0,0,3,0,1.0623438948960767e-05,0,0,0.0,0,0,0.0,1.0,0.0,4.088006606218676e-06,2.2430083075060976,0.044503740341638134,0.5,0.6019261637239165,47.75038520801233,58.89830508474576,False,False,近期份额下降,2026Q2
C0321,海上风电平台与波浪能装置,风能与水能海洋能源,混杂待重分,质量限制观察,False,False,0,54154,9.169432778888298e-06,0,47718,1.039652340257418e-05,0,40261,1.2304360665419824e-05,0,33955,1.4564520827264783e-05,0,30484,1.6202728539486048e-05,0,0,0.8819710612701498,3,0,0.0,1.242180163175293e-05,0.7381725333182875,0.565919052247428,-0.14703914850563482,0,0,3,0,1.0623438948960767e-05,0,0,0.0,0,0,0.0,1.0,0.0,4.088006606218676e-06,2.2430083075060976,0.044503740341638134,0.5,0.6019261637239165,47.75038520801233,58.89830508474576,False,False,近期份额下降,2026Q2
C0322,硫化物固态电解质与锂硫材料混合,电化学储能,混杂待重分,质量限制观察,False,False,0,54154,9.169432778888298e-06,0,47718,1.039652340257418e-05,0,40261,1.2304360665419824e-05,0,33955,1.4564520827264783e-05,0,30484,1.6202728539486048e-05,0,0,0.8819710612701498,3,0,0.0,1.242180163175293e-05,0.7381725333182875,0.565919052247428,-0.14703914850563482,0,0,3,0,1.0623438948960767e-05,0,0,0.0,0,0,0.0,1.0,0.0,4.088006606218676e-06,2.2430083075060976,0.044503740341638134,0.5,0.6019261637239165,47.75038520801233,58.89830508474576,False,False,近期份额下降,2026Q2
C0323,林业经营与森林资源利用,生物质与资源循环,宽泛待细分,关联基础或环境研究,True,False,0,54154,9.169432778888298e-06,0,47718,1.039652340257418e-05,0,40261,1.2304360665419824e-05,0,33955,1.4564520827264783e-05,0,30484,1.6202728539486048e-05,0,0,0.8819710612701498,3,0,0.0,1.242180163175293e-05,0.7381725333182875,0.565919052247428,-0.14703914850563482,0,0,3,0,1.0623438948960767e-05,0,0,0.0,0,0,0.0,1.0,0.0,4.088006606218676e-06,2.2430083075060976,0.044503740341638134,0.5,0.6019261637239165,47.75038520801233,58.89830508474576,False,False,近期份额下降,2026Q2
C0324,多体系纳米结构与复合材料,能源材料与电化学基础,关联基础研究,关联基础或环境研究,True,False,0,54154,9.169432778888298e-06,0,47718,1.039652340257418e-05,0,40261,1.2304360665419824e-05,0,33955,1.4564520827264783e-05,0,30484,1.6202728539486048e-05,0,0,0.8819710612701498,3,0,0.0,1.242180163175293e-05,0.7381725333182875,0.565919052247428,-0.14703914850563482,0,0,3,0,1.0623438948960767e-05,0,0,0.0,0,0,0.0,1.0,0.0,4.088006606218676e-06,2.2430083075060976,0.044503740341638134,0.5,0.6019261637239165,47.75038520801233,58.89830508474576,False,False,近期份额下降,2026Q2
C0325,锅炉气化与工业余热回收装置,热工与能效,混杂待重分,质量限制观察,False,False,0,54154,9.169432778888298e-06,0,47718,1.039652340257418e-05,0,40261,1.2304360665419824e-05,0,33955,1.4564520827264783e-05,0,30484,1.6202728539486048e-05,0,0,0.8819710612701498,3,0,0.0,1.242180163175293e-05,0.7381725333182875,0.565919052247428,-0.14703914850563482,0,0,3,0,1.0623438948960767e-05,0,0,0.0,0,0,0.0,1.0,0.0,4.088006606218676e-06,2.2430083075060976,0.044503740341638134,0.5,0.6019261637239165,47.75038520801233,58.89830508474576,False,False,近期份额下降,2026Q2
C0326,心血管及其他临床医学研究,其他基础与关联学科,外围或非研究文本,质量限制观察,False,False,0,54154,9.169432778888298e-06,0,47718,1.039652340257418e-05,0,40261,1.2304360665419824e-05,0,33955,1.4564520827264783e-05,0,30484,1.6202728539486048e-05,0,0,0.8819710612701498,3,0,0.0,1.242180163175293e-05,0.7381725333182875,0.565919052247428,-0.14703914850563482,0,0,3,0,1.0623438948960767e-05,0,0,0.0,0,0,0.0,1.0,0.0,4.088006606218676e-06,2.2430083075060976,0.044503740341638134,0.5,0.6019261637239165,47.75038520801233,58.89830508474576,False,False,近期份额下降,2026Q2
C0327,风速与风电出力预测,风能与水能海洋能源,方向候选,能源电力直接相关,True,True,0,54154,9.169432778888298e-06,0,47718,1.039652340257418e-05,0,40261,1.2304360665419824e-05,0,33955,1.4564520827264783e-05,0,30484,1.6202728539486048e-05,0,0,0.8819710612701498,3,0,0.0,1.242180163175293e-05,0.7381725333182875,0.565919052247428,-0.14703914850563482,0,0,3,0,1.0623438948960767e-05,0,0,0.0,0,0,0.0,1.0,0.0,4.088006606218676e-06,2.2430083075060976,0.044503740341638134,0.5,0.6019261637239165,47.75038520801233,58.89830508474576,False,False,近期份额下降,2026Q2
C0328,太阳能集热器与光热利用,太阳能,宽泛待细分,能源电力直接相关,True,True,0,54154,9.169432778888298e-06,0,47718,1.039652340257418e-05,0,40261,1.2304360665419824e-05,0,33955,1.4564520827264783e-05,0,30484,1.6202728539486048e-05,0,0,0.8819710612701498,3,0,0.0,1.242180163175293e-05,0.7381725333182875,0.565919052247428,-0.14703914850563482,0,0,3,0,1.0623438948960767e-05,0,0,0.0,0,0,0.0,1.0,0.0,4.088006606218676e-06,2.2430083075060976,0.044503740341638134,0.5,0.6019261637239165,47.75038520801233,58.89830508474576,False,False,近期份额下降,2026Q2
C0329,电机驱动与机械传动装置,电力电子与电机,宽泛待细分,能源电力直接相关,True,True,0,54154,9.169432778888298e-06,0,47718,1.039652340257418e-05,0,40261,1.2304360665419824e-05,0,33955,1.4564520827264783e-05,0,30484,1.6202728539486048e-05,0,0,0.8819710612701498,3,0,0.0,1.242180163175293e-05,0.7381725333182875,0.565919052247428,-0.14703914850563482,0,0,3,0,1.0623438948960767e-05,0,0,0.0,0,0,0.0,1.0,0.0,4.088006606218676e-06,2.2430083075060976,0.044503740341638134,0.5,0.6019261637239165,47.75038520801233,58.89830508474576,False,False,近期份额下降,2026Q2
C0330,太阳能界面蒸发与海水淡化,太阳能,方向候选,能源电力直接相关,True,True,179,54154,0.003291826367620899,172,47718,0.003586800573888092,146,40261,0.0036051776749680088,115,33955,0.0033644043110981647,91,30484,0.002965099322725947,179,172,0.9177611912927066,3,433,144.33333333333334,0.0035187941866514218,0.935498410253283,0.9130829779839101,-0.04546425877002891,1,4,3,497,0.0034946015388256668,11,2,0.9166666666666666,270,529,219.0,1.231818181818182,0.581840587624336,0.0035443017275915917,0.9287658389788801,0.7804671037199689,0.7906019371979409,0.9038894099061825,90.10593220338983,67.60015408320493,False,False,近期份额下降,2026Q2
C0331,能效标识与多类财税结算政策混合,能源政策与治理,混杂待重分,质量限制观察,False,False,0,54154,9.169432778888298e-06,0,47718,1.039652340257418e-05,0,40261,1.2304360665419824e-05,0,33955,1.4564520827264783e-05,0,30484,1.6202728539486048e-05,0,0,0.8819710612701498,3,0,0.0,1.242180163175293e-05,0.7381725333182875,0.565919052247428,-0.14703914850563482,0,0,3,0,1.0623438948960767e-05,0,0,0.0,0,0,0.0,1.0,0.0,4.088006606218676e-06,2.2430083075060976,0.044503740341638134,0.5,0.6019261637239165,47.75038520801233,58.89830508474576,False,False,近期份额下降,2026Q2
C0332,可编程芯片与实时硬件实现,数字技术与测量,宽泛待细分,关联基础或环境研究,True,False,0,54154,9.169432778888298e-06,0,47718,1.039652340257418e-05,0,40261,1.2304360665419824e-05,0,33955,1.4564520827264783e-05,0,30484,1.6202728539486048e-05,0,0,0.8819710612701498,3,0,0.0,1.242180163175293e-05,0.7381725333182875,0.565919052247428,-0.14703914850563482,0,0,3,0,1.0623438948960767e-05,0,0,0.0,0,0,0.0,1.0,0.0,4.088006606218676e-06,2.2430083075060976,0.044503740341638134,0.5,0.6019261637239165,47.75038520801233,58.89830508474576,False,False,近期份额下降,2026Q2
C0333,网格数值计算与跨领域仿真混合,其他基础与关联学科,混杂待重分,质量限制观察,False,False,0,54154,9.169432778888298e-06,0,47718,1.039652340257418e-05,0,40261,1.2304360665419824e-05,0,33955,1.4564520827264783e-05,0,30484,1.6202728539486048e-05,0,0,0.8819710612701498,3,0,0.0,1.242180163175293e-05,0.7381725333182875,0.565919052247428,-0.14703914850563482,0,0,3,0,1.0623438948960767e-05,0,0,0.0,0,0,0.0,1.0,0.0,4.088006606218676e-06,2.2430083075060976,0.044503740341638134,0.5,0.6019261637239165,47.75038520801233,58.89830508474576,False,False,近期份额下降,2026Q2
C0334,钴基氧化物电催化与储能材料,能源材料与电化学基础,宽泛待细分,关联基础或环境研究,True,False,0,54154,9.169432778888298e-06,0,47718,1.039652340257418e-05,0,40261,1.2304360665419824e-05,0,33955,1.4564520827264783e-05,0,30484,1.6202728539486048e-05,0,0,0.8819710612701498,3,0,0.0,1.242180163175293e-05,0.7381725333182875,0.565919052247428,-0.14703914850563482,0,0,3,0,1.0623438948960767e-05,0,0,0.0,0,0,0.0,1.0,0.0,4.088006606218676e-06,2.2430083075060976,0.044503740341638134,0.5,0.6019261637239165,47.75038520801233,58.89830508474576,False,False,近期份额下降,2026Q2
C0335,供电连接与电源电路装置,电力电子与电机,宽泛待细分,能源电力直接相关,True,True,0,54154,9.169432778888298e-06,0,47718,1.039652340257418e-05,0,40261,1.2304360665419824e-05,0,33955,1.4564520827264783e-05,0,30484,1.6202728539486048e-05,0,0,0.8819710612701498,3,0,0.0,1.242180163175293e-05,0.7381725333182875,0.565919052247428,-0.14703914850563482,0,0,3,0,1.0623438948960767e-05,0,0,0.0,0,0,0.0,1.0,0.0,4.088006606218676e-06,2.2430083075060976,0.044503740341638134,0.5,0.6019261637239165,47.75038520801233,58.89830508474576,False,False,近期份额下降,2026Q2
C0336,硅碳负极材料与制备,电化学储能,方向候选,能源电力直接相关,True,True,228,54154,0.004190430779951952,183,47718,0.0038155240887447236,115,40261,0.0028423073137119797,100,33955,0.0029274686862802214,87,30484,0.0028354774944100588,228,183,1.0982582425080614,3,398,132.66666666666666,0.0031951000295789744,1.31151786834797,1.0982582425080614,0.1940936916805711,3,4,3,526,0.0036160873941362185,11,2,0.9166666666666666,345,655,235.33333333333334,1.464033850493653,0.50425195787287,0.0032581412651562845,1.2861415263868088,1.093085815530339,0.0010405562228988073,0.015200853211377572,89.48959938366717,84.04083204930663,False,False,平稳或增长证据不足,2026Q2
C0337,光伏跟踪与太阳能装置控制,太阳能,宽泛待细分,能源电力直接相关,True,True,0,54154,9.169432778888298e-06,0,47718,1.039652340257418e-05,0,40261,1.2304360665419824e-05,0,33955,1.4564520827264783e-05,0,30484,1.6202728539486048e-05,0,0,0.8819710612701498,3,0,0.0,1.242180163175293e-05,0.7381725333182875,0.565919052247428,-0.14703914850563482,0,0,3,0,1.0623438948960767e-05,0,0,0.0,0,0,0.0,1.0,0.0,4.088006606218676e-06,2.2430083075060976,0.044503740341638134,0.5,0.6019261637239165,47.75038520801233,58.89830508474576,False,False,近期份额下降,2026Q2
C0338,相变储热材料与传热增强,热工与能效,方向候选,能源电力直接相关,True,True,0,54154,9.169432778888298e-06,0,47718,1.039652340257418e-05,0,40261,1.2304360665419824e-05,0,33955,1.4564520827264783e-05,0,30484,1.6202728539486048e-05,0,0,0.8819710612701498,3,0,0.0,1.242180163175293e-05,0.7381725333182875,0.565919052247428,-0.14703914850563482,0,0,3,0,1.0623438948960767e-05,0,0,0.0,0,0,0.0,1.0,0.0,4.088006606218676e-06,2.2430083075060976,0.044503740341638134,0.5,0.6019261637239165,47.75038520801233,58.89830508474576,False,False,近期份额下降,2026Q2
C0339,关键矿产供给与采矿资源,其他基础与关联学科,关联基础研究,关联基础或环境研究,False,False,0,54154,9.169432778888298e-06,0,47718,1.039652340257418e-05,0,40261,1.2304360665419824e-05,0,33955,1.4564520827264783e-05,0,30484,1.6202728539486048e-05,0,0,0.8819710612701498,3,0,0.0,1.242180163175293e-05,0.7381725333182875,0.565919052247428,-0.14703914850563482,0,0,3,0,1.0623438948960767e-05,0,0,0.0,0,0,0.0,1.0,0.0,4.088006606218676e-06,2.2430083075060976,0.044503740341638134,0.5,0.6019261637239165,47.75038520801233,58.89830508474576,False,False,近期份额下降,2026Q2
C0340,甲醇电氧化与贵金属催化剂,氢能与燃料电池,方向候选,能源电力直接相关,True,True,0,54154,9.169432778888298e-06,0,47718,1.039652340257418e-05,0,40261,1.2304360665419824e-05,0,33955,1.4564520827264783e-05,0,30484,1.6202728539486048e-05,0,0,0.8819710612701498,3,0,0.0,1.242180163175293e-05,0.7381725333182875,0.565919052247428,-0.14703914850563482,0,0,3,0,1.0623438948960767e-05,0,0,0.0,0,0,0.0,1.0,0.0,4.088006606218676e-06,2.2430083075060976,0.044503740341638134,0.5,0.6019261637239165,47.75038520801233,58.89830508474576,False,False,近期份额下降,2026Q2
C0341,层状二维材料电子及声子性质,能源材料与电化学基础,关联基础研究,关联基础或环境研究,True,False,0,54154,9.169432778888298e-06,0,47718,1.039652340257418e-05,0,40261,1.2304360665419824e-05,0,33955,1.4564520827264783e-05,0,30484,1.6202728539486048e-05,0,0,0.8819710612701498,3,0,0.0,1.242180163175293e-05,0.7381725333182875,0.565919052247428,-0.14703914850563482,0,0,3,0,1.0623438948960767e-05,0,0,0.0,0,0,0.0,1.0,0.0,4.088006606218676e-06,2.2430083075060976,0.044503740341638134,0.5,0.6019261637239165,47.75038520801233,58.89830508474576,False,False,近期份额下降,2026Q2
C0342,生物质热解气化与水热转化,生物质与资源循环,宽泛待细分,能源电力直接相关,True,True,0,54154,9.169432778888298e-06,0,47718,1.039652340257418e-05,0,40261,1.2304360665419824e-05,0,33955,1.4564520827264783e-05,0,30484,1.6202728539486048e-05,0,0,0.8819710612701498,3,0,0.0,1.242180163175293e-05,0.7381725333182875,0.565919052247428,-0.14703914850563482,0,0,3,0,1.0623438948960767e-05,0,0,0.0,0,0,0.0,1.0,0.0,4.088006606218676e-06,2.2430083075060976,0.044503740341638134,0.5,0.6019261637239165,47.75038520801233,58.89830508474576,False,False,近期份额下降,2026Q2
C0343,锂电池热行为与安全机制,电化学储能,宽泛待细分,能源电力直接相关,True,True,0,54154,9.169432778888298e-06,0,47718,1.039652340257418e-05,0,40261,1.2304360665419824e-05,0,33955,1.4564520827264783e-05,0,30484,1.6202728539486048e-05,0,0,0.8819710612701498,3,0,0.0,1.242180163175293e-05,0.7381725333182875,0.565919052247428,-0.14703914850563482,0,0,3,0,1.0623438948960767e-05,0,0,0.0,0,0,0.0,1.0,0.0,4.088006606218676e-06,2.2430083075060976,0.044503740341638134,0.5,0.6019261637239165,47.75038520801233,58.89830508474576,False,False,近期份额下降,2026Q2
C0344,电池热管理排气与壳体安全装置,电化学储能,宽泛待细分,能源电力直接相关,True,True,0,54154,9.169432778888298e-06,0,47718,1.039652340257418e-05,0,40261,1.2304360665419824e-05,0,33955,1.4564520827264783e-05,0,30484,1.6202728539486048e-05,0,0,0.8819710612701498,3,0,0.0,1.242180163175293e-05,0.7381725333182875,0.565919052247428,-0.14703914850563482,0,0,3,0,1.0623438948960767e-05,0,0,0.0,0,0,0.0,1.0,0.0,4.088006606218676e-06,2.2430083075060976,0.044503740341638134,0.5,0.6019261637239165,47.75038520801233,58.89830508474576,False,False,近期份额下降,2026Q2
C0345,共轭高分子与光电复合材料,能源材料与电化学基础,关联基础研究,关联基础或环境研究,True,False,0,54154,9.169432778888298e-06,0,47718,1.039652340257418e-05,0,40261,1.2304360665419824e-05,0,33955,1.4564520827264783e-05,0,30484,1.6202728539486048e-05,0,0,0.8819710612701498,3,0,0.0,1.242180163175293e-05,0.7381725333182875,0.565919052247428,-0.14703914850563482,0,0,3,0,1.0623438948960767e-05,0,0,0.0,0,0,0.0,1.0,0.0,4.088006606218676e-06,2.2430083075060976,0.044503740341638134,0.5,0.6019261637239165,47.75038520801233,58.89830508474576,False,False,近期份额下降,2026Q2
C0346,离子交换膜传输及电化学应用,能源材料与电化学基础,宽泛待细分,关联基础或环境研究,True,False,0,54154,9.169432778888298e-06,0,47718,1.039652340257418e-05,0,40261,1.2304360665419824e-05,0,33955,1.4564520827264783e-05,0,30484,1.6202728539486048e-05,0,0,0.8819710612701498,3,0,0.0,1.242180163175293e-05,0.7381725333182875,0.565919052247428,-0.14703914850563482,0,0,3,0,1.0623438948960767e-05,0,0,0.0,0,0,0.0,1.0,0.0,4.088006606218676e-06,2.2430083075060976,0.044503740341638134,0.5,0.6019261637239165,47.75038520801233,58.89830508474576,False,False,近期份额下降,2026Q2
C0347,欧洲能源转型与一般区域政治混合,能源政策与治理,混杂待重分,质量限制观察,False,False,0,54154,9.169432778888298e-06,0,47718,1.039652340257418e-05,0,40261,1.2304360665419824e-05,0,33955,1.4564520827264783e-05,0,30484,1.6202728539486048e-05,0,0,0.8819710612701498,3,0,0.0,1.242180163175293e-05,0.7381725333182875,0.565919052247428,-0.14703914850563482,0,0,3,0,1.0623438948960767e-05,0,0,0.0,0,0,0.0,1.0,0.0,4.088006606218676e-06,2.2430083075060976,0.044503740341638134,0.5,0.6019261637239165,47.75038520801233,58.89830508474576,False,False,近期份额下降,2026Q2
C0348,智能电网信息安全与韧性,电网与电力系统,宽泛待细分,能源电力直接相关,True,True,0,54154,9.169432778888298e-06,0,47718,1.039652340257418e-05,0,40261,1.2304360665419824e-05,0,33955,1.4564520827264783e-05,0,30484,1.6202728539486048e-05,0,0,0.8819710612701498,3,0,0.0,1.242180163175293e-05,0.7381725333182875,0.565919052247428,-0.14703914850563482,0,0,3,0,1.0623438948960767e-05,0,0,0.0,0,0,0.0,1.0,0.0,4.088006606218676e-06,2.2430083075060976,0.044503740341638134,0.5,0.6019261637239165,47.75038520801233,58.89830508474576,False,False,近期份额下降,2026Q2
C0349,二硫化钼等二维材料与器件,能源材料与电化学基础,关联基础研究,关联基础或环境研究,True,False,0,54154,9.169432778888298e-06,0,47718,1.039652340257418e-05,0,40261,1.2304360665419824e-05,0,33955,1.4564520827264783e-05,0,30484,1.6202728539486048e-05,0,0,0.8819710612701498,3,0,0.0,1.242180163175293e-05,0.7381725333182875,0.565919052247428,-0.14703914850563482,0,0,3,0,1.0623438948960767e-05,0,0,0.0,0,0,0.0,1.0,0.0,4.088006606218676e-06,2.2430083075060976,0.044503740341638134,0.5,0.6019261637239165,47.75038520801233,58.89830508474576,False,False,近期份额下降,2026Q2
C0350,能源地缘政治与一般国际关系混合,能源政策与治理,混杂待重分,质量限制观察,False,False,0,54154,9.169432778888298e-06,0,47718,1.039652340257418e-05,0,40261,1.2304360665419824e-05,0,33955,1.4564520827264783e-05,0,30484,1.6202728539486048e-05,0,0,0.8819710612701498,3,0,0.0,1.242180163175293e-05,0.7381725333182875,0.565919052247428,-0.14703914850563482,0,0,3,0,1.0623438948960767e-05,0,0,0.0,0,0,0.0,1.0,0.0,4.088006606218676e-06,2.2430083075060976,0.044503740341638134,0.5,0.6019261637239165,47.75038520801233,58.89830508474576,False,False,近期份额下降,2026Q2
C0351,输配电线路视觉巡检与无人机检测,电网与电力系统,方向候选,能源电力直接相关,True,True,0,54154,9.169432778888298e-06,0,47718,1.039652340257418e-05,0,40261,1.2304360665419824e-05,0,33955,1.4564520827264783e-05,0,30484,1.6202728539486048e-05,0,0,0.8819710612701498,3,0,0.0,1.242180163175293e-05,0.7381725333182875,0.565919052247428,-0.14703914850563482,0,0,3,0,1.0623438948960767e-05,0,0,0.0,0,0,0.0,1.0,0.0,4.088006606218676e-06,2.2430083075060976,0.044503740341638134,0.5,0.6019261637239165,47.75038520801233,58.89830508474576,False,False,近期份额下降,2026Q2
C0352,机械摩擦传动与力学测量,制造与通用装置,宽泛待细分,关联基础或环境研究,False,False,0,54154,9.169432778888298e-06,0,47718,1.039652340257418e-05,0,40261,1.2304360665419824e-05,0,33955,1.4564520827264783e-05,0,30484,1.6202728539486048e-05,0,0,0.8819710612701498,3,0,0.0,1.242180163175293e-05,0.7381725333182875,0.565919052247428,-0.14703914850563482,0,0,3,0,1.0623438948960767e-05,0,0,0.0,0,0,0.0,1.0,0.0,4.088006606218676e-06,2.2430083075060976,0.044503740341638134,0.5,0.6019261637239165,47.75038520801233,58.89830508474576,False,False,近期份额下降,2026Q2
C0353,能源发展规划与综合指导政策,能源政策与治理,政策类群,能源治理与政策研究,True,False,0,54154,9.169432778888298e-06,0,47718,1.039652340257418e-05,0,40261,1.2304360665419824e-05,0,33955,1.4564520827264783e-05,0,30484,1.6202728539486048e-05,0,0,0.8819710612701498,3,0,0.0,1.242180163175293e-05,0.7381725333182875,0.565919052247428,-0.14703914850563482,0,0,3,0,1.0623438948960767e-05,0,0,0.0,0,0,0.0,1.0,0.0,4.088006606218676e-06,2.2430083075060976,0.044503740341638134,0.5,0.6019261637239165,47.75038520801233,58.89830508474576,False,False,近期份额下降,2026Q2
C0354,可再生能源发展与多技术评价,能源政策与治理,宽泛待细分,能源治理与政策研究,True,False,0,54154,9.169432778888298e-06,0,47718,1.039652340257418e-05,0,40261,1.2304360665419824e-05,0,33955,1.4564520827264783e-05,0,30484,1.6202728539486048e-05,0,0,0.8819710612701498,3,0,0.0,1.242180163175293e-05,0.7381725333182875,0.565919052247428,-0.14703914850563482,0,0,3,0,1.0623438948960767e-05,0,0,0.0,0,0,0.0,1.0,0.0,4.088006606218676e-06,2.2430083075060976,0.044503740341638134,0.5,0.6019261637239165,47.75038520801233,58.89830508474576,False,False,近期份额下降,2026Q2
C0355,染料敏化太阳能电池材料与器件,太阳能,方向候选,能源电力直接相关,True,True,297,54154,0.005455812503438537,313,47718,0.006518620173414011,296,40261,0.007296485874593956,294,33955,0.008578502767258958,347,30484,0.011260896334942804,297,313,0.8369581841399348,3,903,301.0,0.007464536271755642,0.7308977148496517,0.48449185048520815,-0.1453556452316822,0,4,3,906,0.006423639517148835,12,3,1.0,498,1054,492.3333333333333,1.0114864864864865,0.3292918074070767,0.007387027937437147,0.7385666535507073,0.6478742752069369,0.9999969421344241,1.0,89.6764252696456,24.63790446841294,True,False,近期份额下降,2026Q2
C0356,电力知识处理与智能决策系统,数字技术与测量,宽泛待细分,能源电力直接相关,True,True,0,54154,9.169432778888298e-06,0,47718,1.039652340257418e-05,0,40261,1.2304360665419824e-05,0,33955,1.4564520827264783e-05,0,30484,1.6202728539486048e-05,0,0,0.8819710612701498,3,0,0.0,1.242180163175293e-05,0.7381725333182875,0.565919052247428,-0.14703914850563482,0,0,3,0,1.0623438948960767e-05,0,0,0.0,0,0,0.0,1.0,0.0,4.088006606218676e-06,2.2430083075060976,0.044503740341638134,0.5,0.6019261637239165,47.75038520801233,58.89830508474576,False,False,近期份额下降,2026Q2
C0357,水泥混凝土性能与碳化,能源材料与电化学基础,关联基础研究,关联基础或环境研究,True,False,0,54154,9.169432778888298e-06,0,47718,1.039652340257418e-05,0,40261,1.2304360665419824e-05,0,33955,1.4564520827264783e-05,0,30484,1.6202728539486048e-05,0,0,0.8819710612701498,3,0,0.0,1.242180163175293e-05,0.7381725333182875,0.565919052247428,-0.14703914850563482,0,0,3,0,1.0623438948960767e-05,0,0,0.0,0,0,0.0,1.0,0.0,4.088006606218676e-06,2.2430083075060976,0.044503740341638134,0.5,0.6019261637239165,47.75038520801233,58.89830508474576,False,False,近期份额下降,2026Q2
C0358,非贵金属氧还原电催化材料,能源材料与电化学基础,方向候选,能源电力直接相关,True,True,148,54154,0.0027233215353298246,159,47718,0.003316490965421163,162,40261,0.003998917216261443,164,33955,0.004791727352170113,179,30484,0.005816779545675492,148,159,0.8211454708377257,3,485,161.66666666666666,0.004035711844617574,0.6748057443600481,0.4681837284609641,-0.19208567026915313,1,4,3,469,0.0033462432390041438,11,2,0.9166666666666666,301,644,288.6666666666667,1.0425776754890679,0.5062401181168051,0.003969454414638334,0.6860694823164892,0.5708805712424342,0.999971765930844,1.0,88.73459167950692,14.557010785824342,False,False,近期份额下降,2026Q2
C0359,充电基础设施与公用事业接入政策混合,能源政策与治理,混杂待重分,质量限制观察,False,False,0,54154,9.169432778888298e-06,0,47718,1.039652340257418e-05,0,40261,1.2304360665419824e-05,0,33955,1.4564520827264783e-05,0,30484,1.6202728539486048e-05,0,0,0.8819710612701498,3,0,0.0,1.242180163175293e-05,0.7381725333182875,0.565919052247428,-0.14703914850563482,0,0,3,0,1.0623438948960767e-05,0,0,0.0,0,0,0.0,1.0,0.0,4.088006606218676e-06,2.2430083075060976,0.044503740341638134,0.5,0.6019261637239165,47.75038520801233,58.89830508474576,False,False,近期份额下降,2026Q2
C0360,多孔碳材料及储能环境应用,能源材料与电化学基础,宽泛待细分,关联基础或环境研究,True,False,0,54154,9.169432778888298e-06,0,47718,1.039652340257418e-05,0,40261,1.2304360665419824e-05,0,33955,1.4564520827264783e-05,0,30484,1.6202728539486048e-05,0,0,0.8819710612701498,3,0,0.0,1.242180163175293e-05,0.7381725333182875,0.565919052247428,-0.14703914850563482,0,0,3,0,1.0623438948960767e-05,0,0,0.0,0,0,0.0,1.0,0.0,4.088006606218676e-06,2.2430083075060976,0.044503740341638134,0.5,0.6019261637239165,47.75038520801233,58.89830508474576,False,False,近期份额下降,2026Q2
C0361,机械装配传动与电气部件混合,制造与通用装置,混杂待重分,质量限制观察,False,False,0,54154,9.169432778888298e-06,0,47718,1.039652340257418e-05,0,40261,1.2304360665419824e-05,0,33955,1.4564520827264783e-05,0,30484,1.6202728539486048e-05,0,0,0.8819710612701498,3,0,0.0,1.242180163175293e-05,0.7381725333182875,0.565919052247428,-0.14703914850563482,0,0,3,0,1.0623438948960767e-05,0,0,0.0,0,0,0.0,1.0,0.0,4.088006606218676e-06,2.2430083075060976,0.044503740341638134,0.5,0.6019261637239165,47.75038520801233,58.89830508474576,False,False,近期份额下降,2026Q2
C0362,荧光粉组分调控与发光性质,能源材料与电化学基础,关联基础研究,关联基础或环境研究,True,False,0,54154,9.169432778888298e-06,0,47718,1.039652340257418e-05,0,40261,1.2304360665419824e-05,0,33955,1.4564520827264783e-05,0,30484,1.6202728539486048e-05,0,0,0.8819710612701498,3,0,0.0,1.242180163175293e-05,0.7381725333182875,0.565919052247428,-0.14703914850563482,0,0,3,0,1.0623438948960767e-05,0,0,0.0,0,0,0.0,1.0,0.0,4.088006606218676e-06,2.2430083075060976,0.044503740341638134,0.5,0.6019261637239165,47.75038520801233,58.89830508474576,False,False,近期份额下降,2026Q2
C0363,镉基硫族半导体与量子点,能源材料与电化学基础,关联基础研究,关联基础或环境研究,True,False,0,54154,9.169432778888298e-06,0,47718,1.039652340257418e-05,0,40261,1.2304360665419824e-05,0,33955,1.4564520827264783e-05,0,30484,1.6202728539486048e-05,0,0,0.8819710612701498,3,0,0.0,1.242180163175293e-05,0.7381725333182875,0.565919052247428,-0.14703914850563482,0,0,3,0,1.0623438948960767e-05,0,0,0.0,0,0,0.0,1.0,0.0,4.088006606218676e-06,2.2430083075060976,0.044503740341638134,0.5,0.6019261637239165,47.75038520801233,58.89830508474576,False,False,近期份额下降,2026Q2
C0364,有机场效应晶体管,能源材料与电化学基础,关联基础研究,关联基础或环境研究,True,False,0,54154,9.169432778888298e-06,0,47718,1.039652340257418e-05,0,40261,1.2304360665419824e-05,0,33955,1.4564520827264783e-05,0,30484,1.6202728539486048e-05,0,0,0.8819710612701498,3,0,0.0,1.242180163175293e-05,0.7381725333182875,0.565919052247428,-0.14703914850563482,0,0,3,0,1.0623438948960767e-05,0,0,0.0,0,0,0.0,1.0,0.0,4.088006606218676e-06,2.2430083075060976,0.044503740341638134,0.5,0.6019261637239165,47.75038520801233,58.89830508474576,False,False,近期份额下降,2026Q2
C0365,电力通信与无线传输装置,数字技术与测量,宽泛待细分,能源电力直接相关,True,True,0,54154,9.169432778888298e-06,0,47718,1.039652340257418e-05,0,40261,1.2304360665419824e-05,0,33955,1.4564520827264783e-05,0,30484,1.6202728539486048e-05,0,0,0.8819710612701498,3,0,0.0,1.242180163175293e-05,0.7381725333182875,0.565919052247428,-0.14703914850563482,0,0,3,0,1.0623438948960767e-05,0,0,0.0,0,0,0.0,1.0,0.0,4.088006606218676e-06,2.2430083075060976,0.044503740341638134,0.5,0.6019261637239165,47.75038520801233,58.89830508474576,False,False,近期份额下降,2026Q2
C0366,功能纤维复合材料与织物,能源材料与电化学基础,关联基础研究,关联基础或环境研究,True,False,0,54154,9.169432778888298e-06,0,47718,1.039652340257418e-05,0,40261,1.2304360665419824e-05,0,33955,1.4564520827264783e-05,0,30484,1.6202728539486048e-05,0,0,0.8819710612701498,3,0,0.0,1.242180163175293e-05,0.7381725333182875,0.565919052247428,-0.14703914850563482,0,0,3,0,1.0623438948960767e-05,0,0,0.0,0,0,0.0,1.0,0.0,4.088006606218676e-06,2.2430083075060976,0.044503740341638134,0.5,0.6019261637239165,47.75038520801233,58.89830508474576,False,False,近期份额下降,2026Q2
C0367,铁化合物反应与材料应用,能源材料与电化学基础,关联基础研究,关联基础或环境研究,True,False,0,54154,9.169432778888298e-06,0,47718,1.039652340257418e-05,0,40261,1.2304360665419824e-05,0,33955,1.4564520827264783e-05,0,30484,1.6202728539486048e-05,0,0,0.8819710612701498,3,0,0.0,1.242180163175293e-05,0.7381725333182875,0.565919052247428,-0.14703914850563482,0,0,3,0,1.0623438948960767e-05,0,0,0.0,0,0,0.0,1.0,0.0,4.088006606218676e-06,2.2430083075060976,0.044503740341638134,0.5,0.6019261637239165,47.75038520801233,58.89830508474576,False,False,近期份额下降,2026Q2
C0368,铀钍及稀土分离提取,能源材料与电化学基础,宽泛待细分,关联基础或环境研究,True,False,0,54154,9.169432778888298e-06,0,47718,1.039652340257418e-05,0,40261,1.2304360665419824e-05,0,33955,1.4564520827264783e-05,0,30484,1.6202728539486048e-05,0,0,0.8819710612701498,3,0,0.0,1.242180163175293e-05,0.7381725333182875,0.565919052247428,-0.14703914850563482,0,0,3,0,1.0623438948960767e-05,0,0,0.0,0,0,0.0,1.0,0.0,4.088006606218676e-06,2.2430083075060976,0.044503740341638134,0.5,0.6019261637239165,47.75038520801233,58.89830508474576,False,False,近期份额下降,2026Q2
C0369,多体系二次电池材料与电解液综述,电化学储能,宽泛待细分,能源电力直接相关,True,True,0,54154,9.169432778888298e-06,0,47718,1.039652340257418e-05,0,40261,1.2304360665419824e-05,0,33955,1.4564520827264783e-05,0,30484,1.6202728539486048e-05,0,0,0.8819710612701498,3,0,0.0,1.242180163175293e-05,0.7381725333182875,0.565919052247428,-0.14703914850563482,0,0,3,0,1.0623438948960767e-05,0,0,0.0,0,0,0.0,1.0,0.0,4.088006606218676e-06,2.2430083075060976,0.044503740341638134,0.5,0.6019261637239165,47.75038520801233,58.89830508474576,False,False,近期份额下降,2026Q2
C0370,电池状态测量与诊断装置,电化学储能,方向候选,能源电力直接相关,True,True,0,54154,9.169432778888298e-06,0,47718,1.039652340257418e-05,0,40261,1.2304360665419824e-05,0,33955,1.4564520827264783e-05,0,30484,1.6202728539486048e-05,0,0,0.8819710612701498,3,0,0.0,1.242180163175293e-05,0.7381725333182875,0.565919052247428,-0.14703914850563482,0,0,3,0,1.0623438948960767e-05,0,0,0.0,0,0,0.0,1.0,0.0,4.088006606218676e-06,2.2430083075060976,0.044503740341638134,0.5,0.6019261637239165,47.75038520801233,58.89830508474576,False,False,近期份额下降,2026Q2
C0371,太阳辐射测量估算与大气影响,太阳能,宽泛待细分,能源电力直接相关,True,True,0,54154,9.169432778888298e-06,0,47718,1.039652340257418e-05,0,40261,1.2304360665419824e-05,0,33955,1.4564520827264783e-05,0,30484,1.6202728539486048e-05,0,0,0.8819710612701498,3,0,0.0,1.242180163175293e-05,0.7381725333182875,0.565919052247428,-0.14703914850563482,0,0,3,0,1.0623438948960767e-05,0,0,0.0,0,0,0.0,1.0,0.0,4.088006606218676e-06,2.2430083075060976,0.044503740341638134,0.5,0.6019261637239165,47.75038520801233,58.89830508474576,False,False,近期份额下降,2026Q2
C0372,电力节能与新能源应用泛论,电网与电力系统,宽泛待细分,能源电力直接相关,True,True,0,54154,9.169432778888298e-06,0,47718,1.039652340257418e-05,0,40261,1.2304360665419824e-05,0,33955,1.4564520827264783e-05,0,30484,1.6202728539486048e-05,0,0,0.8819710612701498,3,0,0.0,1.242180163175293e-05,0.7381725333182875,0.565919052247428,-0.14703914850563482,0,0,3,0,1.0623438948960767e-05,0,0,0.0,0,0,0.0,1.0,0.0,4.088006606218676e-06,2.2430083075060976,0.044503740341638134,0.5,0.6019261637239165,47.75038520801233,58.89830508474576,False,False,近期份额下降,2026Q2
C0373,电源变流电路与电压控制装置,电力电子与电机,宽泛待细分,能源电力直接相关,True,True,0,54154,9.169432778888298e-06,0,47718,1.039652340257418e-05,0,40261,1.2304360665419824e-05,0,33955,1.4564520827264783e-05,0,30484,1.6202728539486048e-05,0,0,0.8819710612701498,3,0,0.0,1.242180163175293e-05,0.7381725333182875,0.565919052247428,-0.14703914850563482,0,0,3,0,1.0623438948960767e-05,0,0,0.0,0,0,0.0,1.0,0.0,4.088006606218676e-06,2.2430083075060976,0.044503740341638134,0.5,0.6019261637239165,47.75038520801233,58.89830508474576,False,False,近期份额下降,2026Q2
C0374,电池包与模组结构装置,电化学储能,方向候选,能源电力直接相关,True,True,0,54154,9.169432778888298e-06,0,47718,1.039652340257418e-05,0,40261,1.2304360665419824e-05,0,33955,1.4564520827264783e-05,0,30484,1.6202728539486048e-05,0,0,0.8819710612701498,3,0,0.0,1.242180163175293e-05,0.7381725333182875,0.565919052247428,-0.14703914850563482,0,0,3,0,1.0623438948960767e-05,0,0,0.0,0,0,0.0,1.0,0.0,4.088006606218676e-06,2.2430083075060976,0.044503740341638134,0.5,0.6019261637239165,47.75038520801233,58.89830508474576,False,False,近期份额下降,2026Q2
C0375,永磁同步电机设计与控制,电力电子与电机,宽泛待细分,能源电力直接相关,True,True,0,54154,9.169432778888298e-06,0,47718,1.039652340257418e-05,0,40261,1.2304360665419824e-05,0,33955,1.4564520827264783e-05,0,30484,1.6202728539486048e-05,0,0,0.8819710612701498,3,0,0.0,1.242180163175293e-05,0.7381725333182875,0.565919052247428,-0.14703914850563482,0,0,3,0,1.0623438948960767e-05,0,0,0.0,0,0,0.0,1.0,0.0,4.088006606218676e-06,2.2430083075060976,0.044503740341638134,0.5,0.6019261637239165,47.75038520801233,58.89830508474576,False,False,近期份额下降,2026Q2
C0376,电气设备散热冷却结构,热工与能效,宽泛待细分,能源电力直接相关,True,True,0,54154,9.169432778888298e-06,0,47718,1.039652340257418e-05,0,40261,1.2304360665419824e-05,0,33955,1.4564520827264783e-05,0,30484,1.6202728539486048e-05,0,0,0.8819710612701498,3,0,0.0,1.242180163175293e-05,0.7381725333182875,0.565919052247428,-0.14703914850563482,0,0,3,0,1.0623438948960767e-05,0,0,0.0,0,0,0.0,1.0,0.0,4.088006606218676e-06,2.2430083075060976,0.044503740341638134,0.5,0.6019261637239165,47.75038520801233,58.89830508474576,False,False,近期份额下降,2026Q2
C0377,换热器热泵与储热装置混合,热工与能效,混杂待重分,质量限制观察,False,False,0,54154,9.169432778888298e-06,0,47718,1.039652340257418e-05,0,40261,1.2304360665419824e-05,0,33955,1.4564520827264783e-05,0,30484,1.6202728539486048e-05,0,0,0.8819710612701498,3,0,0.0,1.242180163175293e-05,0.7381725333182875,0.565919052247428,-0.14703914850563482,0,0,3,0,1.0623438948960767e-05,0,0,0.0,0,0,0.0,1.0,0.0,4.088006606218676e-06,2.2430083075060976,0.044503740341638134,0.5,0.6019261637239165,47.75038520801233,58.89830508474576,False,False,近期份额下降,2026Q2
C0378,纳米流体传热性质与强化,热工与能效,方向候选,能源电力直接相关,True,True,0,54154,9.169432778888298e-06,0,47718,1.039652340257418e-05,0,40261,1.2304360665419824e-05,0,33955,1.4564520827264783e-05,0,30484,1.6202728539486048e-05,0,0,0.8819710612701498,3,0,0.0,1.242180163175293e-05,0.7381725333182875,0.565919052247428,-0.14703914850563482,0,0,3,0,1.0623438948960767e-05,0,0,0.0,0,0,0.0,1.0,0.0,4.088006606218676e-06,2.2430083075060976,0.044503740341638134,0.5,0.6019261637239165,47.75038520801233,58.89830508474576,False,False,近期份额下降,2026Q2
C0379,锅炉蒸汽系统与汽轮机运行,热工与能效,宽泛待细分,能源电力直接相关,True,True,0,54154,9.169432778888298e-06,0,47718,1.039652340257418e-05,0,40261,1.2304360665419824e-05,0,33955,1.4564520827264783e-05,0,30484,1.6202728539486048e-05,0,0,0.8819710612701498,3,0,0.0,1.242180163175293e-05,0.7381725333182875,0.565919052247428,-0.14703914850563482,0,0,3,0,1.0623438948960767e-05,0,0,0.0,0,0,0.0,1.0,0.0,4.088006606218676e-06,2.2430083075060976,0.044503740341638134,0.5,0.6019261637239165,47.75038520801233,58.89830508474576,False,False,近期份额下降,2026Q2
C0380,天然气管网供给与市场治理,化石能源,宽泛待细分,能源电力直接相关,True,True,0,54154,9.169432778888298e-06,0,47718,1.039652340257418e-05,0,40261,1.2304360665419824e-05,0,33955,1.4564520827264783e-05,0,30484,1.6202728539486048e-05,0,0,0.8819710612701498,3,0,0.0,1.242180163175293e-05,0.7381725333182875,0.565919052247428,-0.14703914850563482,0,0,3,0,1.0623438948960767e-05,0,0,0.0,0,0,0.0,1.0,0.0,4.088006606218676e-06,2.2430083075060976,0.044503740341638134,0.5,0.6019261637239165,47.75038520801233,58.89830508474576,False,False,近期份额下降,2026Q2
C0381,光伏发电功率预测方法与装置,太阳能,方向候选,能源电力直接相关,True,True,384,54154,0.007051293806965101,228,47718,0.0047512111949764,141,40261,0.0034821340683138103,111,33955,0.0032478881444800464,69,30484,0.002252179266988561,384,228,1.48410447727953,3,480,160.0,0.003827077802590086,1.8424746427138046,1.48410447727953,0.3527828874255685,4,4,3,753,0.005094879690085104,10,2,0.8333333333333334,456,740,220.66666666666666,2.0616541353383457,0.4608025296115581,0.003928574348576147,1.7948734531448378,1.5696018998151497,1.1480302580943745e-18,1.4350378226179682e-16,88.94838212634824,95.66255778120184,False,True,多年背景上持续抬升,2026Q2
C0382,碳纳米管、纳米纤维与功能复合材料,能源材料与电化学基础,关联基础研究,关联基础或环境研究,True,False,0,54154,9.169432778888298e-06,0,47718,1.039652340257418e-05,0,40261,1.2304360665419824e-05,0,33955,1.4564520827264783e-05,0,30484,1.6202728539486048e-05,0,0,0.8819710612701498,3,0,0.0,1.242180163175293e-05,0.7381725333182875,0.565919052247428,-0.14703914850563482,0,0,3,0,1.0623438948960767e-05,0,0,0.0,0,0,0.0,1.0,0.0,4.088006606218676e-06,2.2430083075060976,0.044503740341638134,0.5,0.6019261637239165,47.75038520801233,58.89830508474576,False,False,近期份额下降,2026Q2
C0383,交通运输车辆与燃料效率,交通与充电,宽泛待细分,能源电力直接相关,True,True,0,54154,9.169432778888298e-06,0,47718,1.039652340257418e-05,0,40261,1.2304360665419824e-05,0,33955,1.4564520827264783e-05,0,30484,1.6202728539486048e-05,0,0,0.8819710612701498,3,0,0.0,1.242180163175293e-05,0.7381725333182875,0.565919052247428,-0.14703914850563482,0,0,3,0,1.0623438948960767e-05,0,0,0.0,0,0,0.0,1.0,0.0,4.088006606218676e-06,2.2430083075060976,0.044503740341638134,0.5,0.6019261637239165,47.75038520801233,58.89830508474576,False,False,近期份额下降,2026Q2
C0384,电缆桥架支撑与线束安装,电网与电力系统,宽泛待细分,能源电力直接相关,True,True,0,54154,9.169432778888298e-06,0,47718,1.039652340257418e-05,0,40261,1.2304360665419824e-05,0,33955,1.4564520827264783e-05,0,30484,1.6202728539486048e-05,0,0,0.8819710612701498,3,0,0.0,1.242180163175293e-05,0.7381725333182875,0.565919052247428,-0.14703914850563482,0,0,3,0,1.0623438948960767e-05,0,0,0.0,0,0,0.0,1.0,0.0,4.088006606218676e-06,2.2430083075060976,0.044503740341638134,0.5,0.6019261637239165,47.75038520801233,58.89830508474576,False,False,近期份额下降,2026Q2
C0385,辐照材料损伤与稳定性,核能与等离子体,宽泛待细分,能源电力直接相关,True,True,0,54154,9.169432778888298e-06,0,47718,1.039652340257418e-05,0,40261,1.2304360665419824e-05,0,33955,1.4564520827264783e-05,0,30484,1.6202728539486048e-05,0,0,0.8819710612701498,3,0,0.0,1.242180163175293e-05,0.7381725333182875,0.565919052247428,-0.14703914850563482,0,0,3,0,1.0623438948960767e-05,0,0,0.0,0,0,0.0,1.0,0.0,4.088006606218676e-06,2.2430083075060976,0.044503740341638134,0.5,0.6019261637239165,47.75038520801233,58.89830508474576,False,False,近期份额下降,2026Q2
C0386,感应电机运行控制与性能,电力电子与电机,方向候选,能源电力直接相关,True,True,183,54154,0.0033651818298520053,147,47718,0.003066974403759383,160,40261,0.003949699773599763,169,33955,0.004937372560442761,160,30484,0.005201075861175022,183,147,1.0972317948682881,3,476,158.66666666666666,0.003984682245933969,0.8445295313787915,0.6470164865258755,-0.08007878604335739,2,4,3,490,0.003460618669070384,12,2,1.0,214,496,213.33333333333334,1.0031104199066874,0.2085496490978855,0.003895870295726398,0.8637817931319389,0.7285340294819824,0.9518828444829748,1.0,83.62095531587059,68.86748844375963,False,False,历史峰值以下的恢复或波动,2026Q2
C0387,有机发光二极管与发光材料,能源材料与电化学基础,关联基础研究,关联基础或环境研究,True,False,246,54154,0.004520530359991931,271,47718,0.00564531220759778,314,40261,0.0077394428585490695,304,33955,0.008869793183804252,356,30484,0.011552545448653553,246,271,0.8007582563649795,3,889,296.3333333333333,0.0074181827499837,0.6093851435517498,0.3913016728723451,-0.2688501898345099,0,4,3,831,0.005968428475379594,12,3,1.0,300,670,320.6666666666667,0.9357512953367875,0.4239660693137215,0.007272563752463024,0.6215869002813413,0.53979868326351,0.9999999999853685,1.0,90.7164869029276,5.292758089368259,False,False,近期份额下降,2026Q2
C0388,风电机组变桨偏航与运行控制,风能与水能海洋能源,方向候选,能源电力直接相关,True,True,0,54154,9.169432778888298e-06,0,47718,1.039652340257418e-05,0,40261,1.2304360665419824e-05,0,33955,1.4564520827264783e-05,0,30484,1.6202728539486048e-05,0,0,0.8819710612701498,3,0,0.0,1.242180163175293e-05,0.7381725333182875,0.565919052247428,-0.14703914850563482,0,0,3,0,1.0623438948960767e-05,0,0,0.0,0,0,0.0,1.0,0.0,4.088006606218676e-06,2.2430083075060976,0.044503740341638134,0.5,0.6019261637239165,47.75038520801233,58.89830508474576,False,False,近期份额下降,2026Q2
C0389,计算流体力学与多相流,热工与能效,关联基础研究,关联基础或环境研究,True,False,0,54154,9.169432778888298e-06,0,47718,1.039652340257418e-05,0,40261,1.2304360665419824e-05,0,33955,1.4564520827264783e-05,0,30484,1.6202728539486048e-05,0,0,0.8819710612701498,3,0,0.0,1.242180163175293e-05,0.7381725333182875,0.565919052247428,-0.14703914850563482,0,0,3,0,1.0623438948960767e-05,0,0,0.0,0,0,0.0,1.0,0.0,4.088006606218676e-06,2.2430083075060976,0.044503740341638134,0.5,0.6019261637239165,47.75038520801233,58.89830508474576,False,False,近期份额下降,2026Q2
C0390,开关谐振及功率调节电路,电力电子与电机,宽泛待细分,能源电力直接相关,True,True,0,54154,9.169432778888298e-06,0,47718,1.039652340257418e-05,0,40261,1.2304360665419824e-05,0,33955,1.4564520827264783e-05,0,30484,1.6202728539486048e-05,0,0,0.8819710612701498,3,0,0.0,1.242180163175293e-05,0.7381725333182875,0.565919052247428,-0.14703914850563482,0,0,3,0,1.0623438948960767e-05,0,0,0.0,0,0,0.0,1.0,0.0,4.088006606218676e-06,2.2430083075060976,0.044503740341638134,0.5,0.6019261637239165,47.75038520801233,58.89830508474576,False,False,近期份额下降,2026Q2
C0391,水力发电与水轮机系统,风能与水能海洋能源,宽泛待细分,能源电力直接相关,True,True,0,54154,9.169432778888298e-06,0,47718,1.039652340257418e-05,0,40261,1.2304360665419824e-05,0,33955,1.4564520827264783e-05,0,30484,1.6202728539486048e-05,0,0,0.8819710612701498,3,0,0.0,1.242180163175293e-05,0.7381725333182875,0.565919052247428,-0.14703914850563482,0,0,3,0,1.0623438948960767e-05,0,0,0.0,0,0,0.0,1.0,0.0,4.088006606218676e-06,2.2430083075060976,0.044503740341638134,0.5,0.6019261637239165,47.75038520801233,58.89830508474576,False,False,近期份额下降,2026Q2
C0392,电网电压无功与多目标运行优化,电网与电力系统,宽泛待细分,能源电力直接相关,True,True,0,54154,9.169432778888298e-06,0,47718,1.039652340257418e-05,0,40261,1.2304360665419824e-05,0,33955,1.4564520827264783e-05,0,30484,1.6202728539486048e-05,0,0,0.8819710612701498,3,0,0.0,1.242180163175293e-05,0.7381725333182875,0.565919052247428,-0.14703914850563482,0,0,3,0,1.0623438948960767e-05,0,0,0.0,0,0,0.0,1.0,0.0,4.088006606218676e-06,2.2430083075060976,0.044503740341638134,0.5,0.6019261637239165,47.75038520801233,58.89830508474576,False,False,近期份额下降,2026Q2
C0393,配位化学与分子晶体结构,能源材料与电化学基础,关联基础研究,关联基础或环境研究,True,False,0,54154,9.169432778888298e-06,0,47718,1.039652340257418e-05,0,40261,1.2304360665419824e-05,0,33955,1.4564520827264783e-05,0,30484,1.6202728539486048e-05,0,0,0.8819710612701498,3,0,0.0,1.242180163175293e-05,0.7381725333182875,0.565919052247428,-0.14703914850563482,0,0,3,0,1.0623438948960767e-05,0,0,0.0,0,0,0.0,1.0,0.0,4.088006606218676e-06,2.2430083075060976,0.044503740341638134,0.5,0.6019261637239165,47.75038520801233,58.89830508474576,False,False,近期份额下降,2026Q2
C0394,电力负荷需求与电价预测,电网与电力系统,宽泛待细分,能源电力直接相关,True,True,0,54154,9.169432778888298e-06,0,47718,1.039652340257418e-05,0,40261,1.2304360665419824e-05,0,33955,1.4564520827264783e-05,0,30484,1.6202728539486048e-05,0,0,0.8819710612701498,3,0,0.0,1.242180163175293e-05,0.7381725333182875,0.565919052247428,-0.14703914850563482,0,0,3,0,1.0623438948960767e-05,0,0,0.0,0,0,0.0,1.0,0.0,4.088006606218676e-06,2.2430083075060976,0.044503740341638134,0.5,0.6019261637239165,47.75038520801233,58.89830508474576,False,False,近期份额下降,2026Q2
C0395,纳米材料热传导与热管理,热工与能效,关联基础研究,关联基础或环境研究,True,False,0,54154,9.169432778888298e-06,0,47718,1.039652340257418e-05,0,40261,1.2304360665419824e-05,0,33955,1.4564520827264783e-05,0,30484,1.6202728539486048e-05,0,0,0.8819710612701498,3,0,0.0,1.242180163175293e-05,0.7381725333182875,0.565919052247428,-0.14703914850563482,0,0,3,0,1.0623438948960767e-05,0,0,0.0,0,0,0.0,1.0,0.0,4.088006606218676e-06,2.2430083075060976,0.044503740341638134,0.5,0.6019261637239165,47.75038520801233,58.89830508474576,False,False,近期份额下降,2026Q2
C0396,转写词与文本质量干扰的跨学科混杂,其他基础与关联学科,混杂待重分,质量限制观察,False,False,0,54154,9.169432778888298e-06,0,47718,1.039652340257418e-05,0,40261,1.2304360665419824e-05,0,33955,1.4564520827264783e-05,0,30484,1.6202728539486048e-05,0,0,0.8819710612701498,3,0,0.0,1.242180163175293e-05,0.7381725333182875,0.565919052247428,-0.14703914850563482,0,0,3,0,1.0623438948960767e-05,0,0,0.0,0,0,0.0,1.0,0.0,4.088006606218676e-06,2.2430083075060976,0.044503740341638134,0.5,0.6019261637239165,47.75038520801233,58.89830508474576,False,False,近期份额下降,2026Q2
C0397,风机发电装置与机舱结构,风能与水能海洋能源,宽泛待细分,能源电力直接相关,True,True,0,54154,9.169432778888298e-06,0,47718,1.039652340257418e-05,0,40261,1.2304360665419824e-05,0,33955,1.4564520827264783e-05,0,30484,1.6202728539486048e-05,0,0,0.8819710612701498,3,0,0.0,1.242180163175293e-05,0.7381725333182875,0.565919052247428,-0.14703914850563482,0,0,3,0,1.0623438948960767e-05,0,0,0.0,0,0,0.0,1.0,0.0,4.088006606218676e-06,2.2430083075060976,0.044503740341638134,0.5,0.6019261637239165,47.75038520801233,58.89830508474576,False,False,近期份额下降,2026Q2
C0398,锌锆系及其他无机纳米材料,能源材料与电化学基础,混杂待重分,质量限制观察,False,False,0,54154,9.169432778888298e-06,0,47718,1.039652340257418e-05,0,40261,1.2304360665419824e-05,0,33955,1.4564520827264783e-05,0,30484,1.6202728539486048e-05,0,0,0.8819710612701498,3,0,0.0,1.242180163175293e-05,0.7381725333182875,0.565919052247428,-0.14703914850563482,0,0,3,0,1.0623438948960767e-05,0,0,0.0,0,0,0.0,1.0,0.0,4.088006606218676e-06,2.2430083075060976,0.044503740341638134,0.5,0.6019261637239165,47.75038520801233,58.89830508474576,False,False,近期份额下降,2026Q2
C0399,可见光催化材料与反应,能源材料与电化学基础,宽泛待细分,关联基础或环境研究,True,False,0,54154,9.169432778888298e-06,0,47718,1.039652340257418e-05,0,40261,1.2304360665419824e-05,0,33955,1.4564520827264783e-05,0,30484,1.6202728539486048e-05,0,0,0.8819710612701498,3,0,0.0,1.242180163175293e-05,0.7381725333182875,0.565919052247428,-0.14703914850563482,0,0,3,0,1.0623438948960767e-05,0,0,0.0,0,0,0.0,1.0,0.0,4.088006606218676e-06,2.2430083075060976,0.044503740341638134,0.5,0.6019261637239165,47.75038520801233,58.89830508474576,False,False,近期份额下降,2026Q2
C0400,分类算法与跨领域技术文本混合,数字技术与测量,混杂待重分,质量限制观察,False,False,0,54154,9.169432778888298e-06,0,47718,1.039652340257418e-05,0,40261,1.2304360665419824e-05,0,33955,1.4564520827264783e-05,0,30484,1.6202728539486048e-05,0,0,0.8819710612701498,3,0,0.0,1.242180163175293e-05,0.7381725333182875,0.565919052247428,-0.14703914850563482,0,0,3,0,1.0623438948960767e-05,0,0,0.0,0,0,0.0,1.0,0.0,4.088006606218676e-06,2.2430083075060976,0.044503740341638134,0.5,0.6019261637239165,47.75038520801233,58.89830508474576,False,False,近期份额下降,2026Q2
C0401,期刊会议索引与出版信息,其他基础与关联学科,外围或非研究文本,质量限制观察,False,False,0,54154,9.169432778888298e-06,0,47718,1.039652340257418e-05,0,40261,1.2304360665419824e-05,0,33955,1.4564520827264783e-05,0,30484,1.6202728539486048e-05,0,0,0.8819710612701498,3,0,0.0,1.242180163175293e-05,0.7381725333182875,0.565919052247428,-0.14703914850563482,0,0,3,0,1.0623438948960767e-05,0,0,0.0,0,0,0.0,1.0,0.0,4.088006606218676e-06,2.2430083075060976,0.044503740341638134,0.5,0.6019261637239165,47.75038520801233,58.89830508474576,False,False,近期份额下降,2026Q2
C0402,晶格声子热输运与热膨胀,能源材料与电化学基础,关联基础研究,关联基础或环境研究,True,False,0,54154,9.169432778888298e-06,0,47718,1.039652340257418e-05,0,40261,1.2304360665419824e-05,0,33955,1.4564520827264783e-05,0,30484,1.6202728539486048e-05,0,0,0.8819710612701498,3,0,0.0,1.242180163175293e-05,0.7381725333182875,0.565919052247428,-0.14703914850563482,0,0,3,0,1.0623438948960767e-05,0,0,0.0,0,0,0.0,1.0,0.0,4.088006606218676e-06,2.2430083075060976,0.044503740341638134,0.5,0.6019261637239165,47.75038520801233,58.89830508474576,False,False,近期份额下降,2026Q2
C0403,汽车技术产品与零部件资讯,交通与充电,外围或非研究文本,质量限制观察,False,False,0,54154,9.169432778888298e-06,0,47718,1.039652340257418e-05,0,40261,1.2304360665419824e-05,0,33955,1.4564520827264783e-05,0,30484,1.6202728539486048e-05,0,0,0.8819710612701498,3,0,0.0,1.242180163175293e-05,0.7381725333182875,0.565919052247428,-0.14703914850563482,0,0,3,0,1.0623438948960767e-05,0,0,0.0,0,0,0.0,1.0,0.0,4.088006606218676e-06,2.2430083075060976,0.044503740341638134,0.5,0.6019261637239165,47.75038520801233,58.89830508474576,False,False,近期份额下降,2026Q2
C0404,空调系统与能效控制装置,热工与能效,方向候选,能源电力直接相关,True,True,0,54154,9.169432778888298e-06,0,47718,1.039652340257418e-05,0,40261,1.2304360665419824e-05,0,33955,1.4564520827264783e-05,0,30484,1.6202728539486048e-05,0,0,0.8819710612701498,3,0,0.0,1.242180163175293e-05,0.7381725333182875,0.565919052247428,-0.14703914850563482,0,0,3,0,1.0623438948960767e-05,0,0,0.0,0,0,0.0,1.0,0.0,4.088006606218676e-06,2.2430083075060976,0.044503740341638134,0.5,0.6019261637239165,47.75038520801233,58.89830508474576,False,False,近期份额下降,2026Q2
C0405,群智能与多目标优化算法,数字技术与测量,关联基础研究,关联基础或环境研究,True,False,0,54154,9.169432778888298e-06,0,47718,1.039652340257418e-05,0,40261,1.2304360665419824e-05,0,33955,1.4564520827264783e-05,0,30484,1.6202728539486048e-05,0,0,0.8819710612701498,3,0,0.0,1.242180163175293e-05,0.7381725333182875,0.565919052247428,-0.14703914850563482,0,0,3,0,1.0623438948960767e-05,0,0,0.0,0,0,0.0,1.0,0.0,4.088006606218676e-06,2.2430083075060976,0.044503740341638134,0.5,0.6019261637239165,47.75038520801233,58.89830508474576,False,False,近期份额下降,2026Q2
C0406,结构基础抗震与工程力学,制造与通用装置,关联基础研究,关联基础或环境研究,False,False,0,54154,9.169432778888298e-06,0,47718,1.039652340257418e-05,0,40261,1.2304360665419824e-05,0,33955,1.4564520827264783e-05,0,30484,1.6202728539486048e-05,0,0,0.8819710612701498,3,0,0.0,1.242180163175293e-05,0.7381725333182875,0.565919052247428,-0.14703914850563482,0,0,3,0,1.0623438948960767e-05,0,0,0.0,0,0,0.0,1.0,0.0,4.088006606218676e-06,2.2430083075060976,0.044503740341638134,0.5,0.6019261637239165,47.75038520801233,58.89830508474576,False,False,近期份额下降,2026Q2
C0407,水系锌电池负极及界面稳定,电化学储能,方向候选,能源电力直接相关,True,True,120,54154,0.00220983329971208,138,47718,0.0028798369825130477,124,40261,0.003063785805689536,89,33955,0.0026070492280803963,67,30484,0.0021873683528306166,120,138,0.7673466634155455,3,351,117.0,0.0028502240054276602,0.7753191663195281,0.7212753892939765,-0.16336712999266068,0,2,3,382,0.002717818695971555,10,0,0.8333333333333334,219,444,191.66666666666666,1.1418685121107266,0.6266674320617363,0.002873868644171729,0.7689402590454759,0.6252229643897739,0.9935163675262714,1.0,87.37673343605547,32.78890600924499,False,False,近期份额下降,2026Q2
C0408,配电网重构与优化运行,电网与电力系统,方向候选,能源电力直接相关,True,True,99,54154,0.0018247171229987713,96,47718,0.0020065290166968166,83,40261,0.0020548282311251107,52,33955,0.0015292746868628023,63,30484,0.002057746524514728,99,96,0.9093898507396881,3,231,77.0,0.0018635439782282435,0.9791650448376397,0.8867550503719541,-0.059383642351765964,1,2,3,278,0.0019620247902735664,5,0,0.4166666666666667,149,337,109.0,1.3636363636363635,0.3548744276067915,0.0018927470586792468,0.9640575662931177,0.7621907921076663,0.61679217793896,0.7366148621882485,73.50731895223421,68.67103235747304,False,False,近期份额下降,2026Q2
C0409,氢氦在材料中的扩散与相互作用,能源材料与电化学基础,关联基础研究,关联基础或环境研究,True,False,0,54154,9.169432778888298e-06,0,47718,1.039652340257418e-05,0,40261,1.2304360665419824e-05,0,33955,1.4564520827264783e-05,0,30484,1.6202728539486048e-05,0,0,0.8819710612701498,3,0,0.0,1.242180163175293e-05,0.7381725333182875,0.565919052247428,-0.14703914850563482,0,0,3,0,1.0623438948960767e-05,0,0,0.0,0,0,0.0,1.0,0.0,4.088006606218676e-06,2.2430083075060976,0.044503740341638134,0.5,0.6019261637239165,47.75038520801233,58.89830508474576,False,False,近期份额下降,2026Q2
C0410,沸石硅基及多孔材料合成,能源材料与电化学基础,关联基础研究,关联基础或环境研究,True,False,0,54154,9.169432778888298e-06,0,47718,1.039652340257418e-05,0,40261,1.2304360665419824e-05,0,33955,1.4564520827264783e-05,0,30484,1.6202728539486048e-05,0,0,0.8819710612701498,3,0,0.0,1.242180163175293e-05,0.7381725333182875,0.565919052247428,-0.14703914850563482,0,0,3,0,1.0623438948960767e-05,0,0,0.0,0,0,0.0,1.0,0.0,4.088006606218676e-06,2.2430083075060976,0.044503740341638134,0.5,0.6019261637239165,47.75038520801233,58.89830508474576,False,False,近期份额下降,2026Q2
C0411,清洗清扫与净化装置混合,制造与通用装置,混杂待重分,质量限制观察,False,False,0,54154,9.169432778888298e-06,0,47718,1.039652340257418e-05,0,40261,1.2304360665419824e-05,0,33955,1.4564520827264783e-05,0,30484,1.6202728539486048e-05,0,0,0.8819710612701498,3,0,0.0,1.242180163175293e-05,0.7381725333182875,0.565919052247428,-0.14703914850563482,0,0,3,0,1.0623438948960767e-05,0,0,0.0,0,0,0.0,1.0,0.0,4.088006606218676e-06,2.2430083075060976,0.044503740341638134,0.5,0.6019261637239165,47.75038520801233,58.89830508474576,False,False,近期份额下降,2026Q2
C0412,质子交换膜燃料电池运行与建模,氢能与燃料电池,方向候选,能源电力直接相关,True,True,110,54154,0.0020264446441343137,93,47718,0.0019441498762813715,87,40261,0.0021532631164484692,62,33955,0.001820565103408098,66,30484,0.0021549628957516446,110,93,1.0423294360465407,3,242,80.66666666666667,0.001972659365379313,1.0272653655765138,0.940361733433696,-0.030350784708515377,2,2,3,290,0.0020412858789547184,4,0,0.3333333333333333,160,366,134.0,1.1925925925925926,0.3914806270356865,0.001982683204016058,1.0220718267192732,0.8161731072903863,0.4200056730142563,0.6019261637239165,73.68258859784285,73.26656394453005,False,False,历史峰值以下的恢复或波动,2026Q2
C0413,二次电池正极活性材料,电化学储能,方向候选,能源电力直接相关,True,True,0,54154,9.169432778888298e-06,0,47718,1.039652340257418e-05,0,40261,1.2304360665419824e-05,0,33955,1.4564520827264783e-05,0,30484,1.6202728539486048e-05,0,0,0.8819710612701498,3,0,0.0,1.242180163175293e-05,0.7381725333182875,0.565919052247428,-0.14703914850563482,0,0,3,0,1.0623438948960767e-05,0,0,0.0,0,0,0.0,1.0,0.0,4.088006606218676e-06,2.2430083075060976,0.044503740341638134,0.5,0.6019261637239165,47.75038520801233,58.89830508474576,False,False,近期份额下降,2026Q2
C0414,多孔介质两相流与界面润湿,热工与能效,关联基础研究,关联基础或环境研究,True,False,0,54154,9.169432778888298e-06,0,47718,1.039652340257418e-05,0,40261,1.2304360665419824e-05,0,33955,1.4564520827264783e-05,0,30484,1.6202728539486048e-05,0,0,0.8819710612701498,3,0,0.0,1.242180163175293e-05,0.7381725333182875,0.565919052247428,-0.14703914850563482,0,0,3,0,1.0623438948960767e-05,0,0,0.0,0,0,0.0,1.0,0.0,4.088006606218676e-06,2.2430083075060976,0.044503740341638134,0.5,0.6019261637239165,47.75038520801233,58.89830508474576,False,False,近期份额下降,2026Q2
C0415,林木育种栽培与植物生产,生物质与资源循环,关联基础研究,关联基础或环境研究,True,False,0,54154,9.169432778888298e-06,0,47718,1.039652340257418e-05,0,40261,1.2304360665419824e-05,0,33955,1.4564520827264783e-05,0,30484,1.6202728539486048e-05,0,0,0.8819710612701498,3,0,0.0,1.242180163175293e-05,0.7381725333182875,0.565919052247428,-0.14703914850563482,0,0,3,0,1.0623438948960767e-05,0,0,0.0,0,0,0.0,1.0,0.0,4.088006606218676e-06,2.2430083075060976,0.044503740341638134,0.5,0.6019261637239165,47.75038520801233,58.89830508474576,False,False,近期份额下降,2026Q2
C0416,晶体生长结构与性质,能源材料与电化学基础,关联基础研究,关联基础或环境研究,True,False,0,54154,9.169432778888298e-06,0,47718,1.039652340257418e-05,0,40261,1.2304360665419824e-05,0,33955,1.4564520827264783e-05,0,30484,1.6202728539486048e-05,0,0,0.8819710612701498,3,0,0.0,1.242180163175293e-05,0.7381725333182875,0.565919052247428,-0.14703914850563482,0,0,3,0,1.0623438948960767e-05,0,0,0.0,0,0,0.0,1.0,0.0,4.088006606218676e-06,2.2430083075060976,0.044503740341638134,0.5,0.6019261637239165,47.75038520801233,58.89830508474576,False,False,近期份额下降,2026Q2
C0417,固体氧化物电解池与可逆电化学单元,氢能与燃料电池,方向候选,能源电力直接相关,True,True,128,54154,0.0023565442241742928,79,47718,0.0016530472210092946,70,40261,0.0017349148538241953,48,33955,0.001412758520244684,31,30484,0.001020771897987621,128,79,1.425575866329739,3,197,65.66666666666667,0.0016002401983593914,1.4726190646818422,1.3583054055822208,0.15311894875289145,4,3,3,277,0.0019148354330025942,4,0,0.3333333333333333,217,355,106.33333333333333,2.031055900621118,0.4778986431121086,0.001614762609456377,1.4593750253900433,1.1686704672242005,0.0003694344452579712,0.006023387694423443,75.43913713405239,91.3482280431433,False,True,多年背景上持续抬升,2026Q2
C0418,通用信息管理与软件系统,数字技术与测量,外围或非研究文本,质量限制观察,False,False,0,54154,9.169432778888298e-06,0,47718,1.039652340257418e-05,0,40261,1.2304360665419824e-05,0,33955,1.4564520827264783e-05,0,30484,1.6202728539486048e-05,0,0,0.8819710612701498,3,0,0.0,1.242180163175293e-05,0.7381725333182875,0.565919052247428,-0.14703914850563482,0,0,3,0,1.0623438948960767e-05,0,0,0.0,0,0,0.0,1.0,0.0,4.088006606218676e-06,2.2430083075060976,0.044503740341638134,0.5,0.6019261637239165,47.75038520801233,58.89830508474576,False,False,近期份额下降,2026Q2
C0419,聚合物气凝胶与复合材料,能源材料与电化学基础,关联基础研究,关联基础或环境研究,True,False,0,54154,9.169432778888298e-06,0,47718,1.039652340257418e-05,0,40261,1.2304360665419824e-05,0,33955,1.4564520827264783e-05,0,30484,1.6202728539486048e-05,0,0,0.8819710612701498,3,0,0.0,1.242180163175293e-05,0.7381725333182875,0.565919052247428,-0.14703914850563482,0,0,3,0,1.0623438948960767e-05,0,0,0.0,0,0,0.0,1.0,0.0,4.088006606218676e-06,2.2430083075060976,0.044503740341638134,0.5,0.6019261637239165,47.75038520801233,58.89830508474576,False,False,近期份额下降,2026Q2
C0420,碳化硅功率半导体器件,电力电子与电机,方向候选,能源电力直接相关,True,True,434,54154,0.00796823708485393,321,47718,0.006684964547855197,209,40261,0.0051555271188109065,213,33955,0.0062190503932420624,188,30484,0.006108428659386241,434,321,1.1919640003790983,3,743,247.66666666666666,0.006019847353302722,1.3236609862677409,1.1919640003790983,0.217696954165993,2,4,3,964,0.006602909583840012,12,3,1.0,375,610,249.66666666666666,1.5,0.3064285923019194,0.006078865823447171,1.310809831353597,1.1644959168655473,2.501308911528565e-06,6.309306796747376e-05,88.61325115562404,83.35130970724191,True,False,多年背景上持续抬升,2026Q2
C0421,柴油机及多燃料内燃机性能,化石能源,宽泛待细分,能源电力直接相关,True,True,0,54154,9.169432778888298e-06,0,47718,1.039652340257418e-05,0,40261,1.2304360665419824e-05,0,33955,1.4564520827264783e-05,0,30484,1.6202728539486048e-05,0,0,0.8819710612701498,3,0,0.0,1.242180163175293e-05,0.7381725333182875,0.565919052247428,-0.14703914850563482,0,0,3,0,1.0623438948960767e-05,0,0,0.0,0,0,0.0,1.0,0.0,4.088006606218676e-06,2.2430083075060976,0.044503740341638134,0.5,0.6019261637239165,47.75038520801233,58.89830508474576,False,False,近期份额下降,2026Q2
C0422,配电网规划运行与配置方法,电网与电力系统,宽泛待细分,能源电力直接相关,True,True,0,54154,9.169432778888298e-06,0,47718,1.039652340257418e-05,0,40261,1.2304360665419824e-05,0,33955,1.4564520827264783e-05,0,30484,1.6202728539486048e-05,0,0,0.8819710612701498,3,0,0.0,1.242180163175293e-05,0.7381725333182875,0.565919052247428,-0.14703914850563482,0,0,3,0,1.0623438948960767e-05,0,0,0.0,0,0,0.0,1.0,0.0,4.088006606218676e-06,2.2430083075060976,0.044503740341638134,0.5,0.6019261637239165,47.75038520801233,58.89830508474576,False,False,近期份额下降,2026Q2
C0423,气候变化适应与社会经济政策,碳与环境,宽泛待细分,关联基础或环境研究,True,False,0,54154,9.169432778888298e-06,0,47718,1.039652340257418e-05,0,40261,1.2304360665419824e-05,0,33955,1.4564520827264783e-05,0,30484,1.6202728539486048e-05,0,0,0.8819710612701498,3,0,0.0,1.242180163175293e-05,0.7381725333182875,0.565919052247428,-0.14703914850563482,0,0,3,0,1.0623438948960767e-05,0,0,0.0,0,0,0.0,1.0,0.0,4.088006606218676e-06,2.2430083075060976,0.044503740341638134,0.5,0.6019261637239165,47.75038520801233,58.89830508474576,False,False,近期份额下降,2026Q2
C0424,硅系半导体加工与材料性质,能源材料与电化学基础,关联基础研究,关联基础或环境研究,True,False,0,54154,9.169432778888298e-06,0,47718,1.039652340257418e-05,0,40261,1.2304360665419824e-05,0,33955,1.4564520827264783e-05,0,30484,1.6202728539486048e-05,0,0,0.8819710612701498,3,0,0.0,1.242180163175293e-05,0.7381725333182875,0.565919052247428,-0.14703914850563482,0,0,3,0,1.0623438948960767e-05,0,0,0.0,0,0,0.0,1.0,0.0,4.088006606218676e-06,2.2430083075060976,0.044503740341638134,0.5,0.6019261637239165,47.75038520801233,58.89830508474576,False,False,近期份额下降,2026Q2
C0425,巡检机器人与自主移动装置,电网与电力系统,宽泛待细分,能源电力直接相关,True,True,0,54154,9.169432778888298e-06,0,47718,1.039652340257418e-05,0,40261,1.2304360665419824e-05,0,33955,1.4564520827264783e-05,0,30484,1.6202728539486048e-05,0,0,0.8819710612701498,3,0,0.0,1.242180163175293e-05,0.7381725333182875,0.565919052247428,-0.14703914850563482,0,0,3,0,1.0623438948960767e-05,0,0,0.0,0,0,0.0,1.0,0.0,4.088006606218676e-06,2.2430083075060976,0.044503740341638134,0.5,0.6019261637239165,47.75038520801233,58.89830508474576,False,False,近期份额下降,2026Q2
C0426,太阳能光热及光伏光热系统,太阳能,宽泛待细分,能源电力直接相关,True,True,0,54154,9.169432778888298e-06,0,47718,1.039652340257418e-05,0,40261,1.2304360665419824e-05,0,33955,1.4564520827264783e-05,0,30484,1.6202728539486048e-05,0,0,0.8819710612701498,3,0,0.0,1.242180163175293e-05,0.7381725333182875,0.565919052247428,-0.14703914850563482,0,0,3,0,1.0623438948960767e-05,0,0,0.0,0,0,0.0,1.0,0.0,4.088006606218676e-06,2.2430083075060976,0.044503740341638134,0.5,0.6019261637239165,47.75038520801233,58.89830508474576,False,False,近期份额下降,2026Q2
C0427,通用电气工程应用与技术资料,电网与电力系统,宽泛待细分,能源电力直接相关,True,True,0,54154,9.169432778888298e-06,0,47718,1.039652340257418e-05,0,40261,1.2304360665419824e-05,0,33955,1.4564520827264783e-05,0,30484,1.6202728539486048e-05,0,0,0.8819710612701498,3,0,0.0,1.242180163175293e-05,0.7381725333182875,0.565919052247428,-0.14703914850563482,0,0,3,0,1.0623438948960767e-05,0,0,0.0,0,0,0.0,1.0,0.0,4.088006606218676e-06,2.2430083075060976,0.044503740341638134,0.5,0.6019261637239165,47.75038520801233,58.89830508474576,False,False,近期份额下降,2026Q2
C0428,固废电子废物回收与处置,生物质与资源循环,宽泛待细分,关联基础或环境研究,True,False,0,54154,9.169432778888298e-06,0,47718,1.039652340257418e-05,0,40261,1.2304360665419824e-05,0,33955,1.4564520827264783e-05,0,30484,1.6202728539486048e-05,0,0,0.8819710612701498,3,0,0.0,1.242180163175293e-05,0.7381725333182875,0.565919052247428,-0.14703914850563482,0,0,3,0,1.0623438948960767e-05,0,0,0.0,0,0,0.0,1.0,0.0,4.088006606218676e-06,2.2430083075060976,0.044503740341638134,0.5,0.6019261637239165,47.75038520801233,58.89830508474576,False,False,近期份额下降,2026Q2
C0429,磁性材料与铁氧体磁学,能源材料与电化学基础,关联基础研究,关联基础或环境研究,True,False,0,54154,9.169432778888298e-06,0,47718,1.039652340257418e-05,0,40261,1.2304360665419824e-05,0,33955,1.4564520827264783e-05,0,30484,1.6202728539486048e-05,0,0,0.8819710612701498,3,0,0.0,1.242180163175293e-05,0.7381725333182875,0.565919052247428,-0.14703914850563482,0,0,3,0,1.0623438948960767e-05,0,0,0.0,0,0,0.0,1.0,0.0,4.088006606218676e-06,2.2430083075060976,0.044503740341638134,0.5,0.6019261637239165,47.75038520801233,58.89830508474576,False,False,近期份额下降,2026Q2
C0430,电力系统电磁暂态与实时仿真,电网与电力系统,方向候选,能源电力直接相关,True,True,0,54154,9.169432778888298e-06,0,47718,1.039652340257418e-05,0,40261,1.2304360665419824e-05,0,33955,1.4564520827264783e-05,0,30484,1.6202728539486048e-05,0,0,0.8819710612701498,3,0,0.0,1.242180163175293e-05,0.7381725333182875,0.565919052247428,-0.14703914850563482,0,0,3,0,1.0623438948960767e-05,0,0,0.0,0,0,0.0,1.0,0.0,4.088006606218676e-06,2.2430083075060976,0.044503740341638134,0.5,0.6019261637239165,47.75038520801233,58.89830508474576,False,False,近期份额下降,2026Q2
C0431,电池负极储能材料与储氢材料混合,能源材料与电化学基础,混杂待重分,质量限制观察,False,False,0,54154,9.169432778888298e-06,0,47718,1.039652340257418e-05,0,40261,1.2304360665419824e-05,0,33955,1.4564520827264783e-05,0,30484,1.6202728539486048e-05,0,0,0.8819710612701498,3,0,0.0,1.242180163175293e-05,0.7381725333182875,0.565919052247428,-0.14703914850563482,0,0,3,0,1.0623438948960767e-05,0,0,0.0,0,0,0.0,1.0,0.0,4.088006606218676e-06,2.2430083075060976,0.044503740341638134,0.5,0.6019261637239165,47.75038520801233,58.89830508474576,False,False,近期份额下降,2026Q2
C0432,电机驱动控制方法与装置,电力电子与电机,宽泛待细分,能源电力直接相关,True,True,0,54154,9.169432778888298e-06,0,47718,1.039652340257418e-05,0,40261,1.2304360665419824e-05,0,33955,1.4564520827264783e-05,0,30484,1.6202728539486048e-05,0,0,0.8819710612701498,3,0,0.0,1.242180163175293e-05,0.7381725333182875,0.565919052247428,-0.14703914850563482,0,0,3,0,1.0623438948960767e-05,0,0,0.0,0,0,0.0,1.0,0.0,4.088006606218676e-06,2.2430083075060976,0.044503740341638134,0.5,0.6019261637239165,47.75038520801233,58.89830508474576,False,False,近期份额下降,2026Q2
C0433,风电功率预测与状态监测混合,风能与水能海洋能源,混杂待重分,质量限制观察,False,False,0,54154,9.169432778888298e-06,0,47718,1.039652340257418e-05,0,40261,1.2304360665419824e-05,0,33955,1.4564520827264783e-05,0,30484,1.6202728539486048e-05,0,0,0.8819710612701498,3,0,0.0,1.242180163175293e-05,0.7381725333182875,0.565919052247428,-0.14703914850563482,0,0,3,0,1.0623438948960767e-05,0,0,0.0,0,0,0.0,1.0,0.0,4.088006606218676e-06,2.2430083075060976,0.044503740341638134,0.5,0.6019261637239165,47.75038520801233,58.89830508474576,False,False,近期份额下降,2026Q2
C0434,风电光伏项目建设与扶持政策,能源政策与治理,政策类群,能源治理与政策研究,True,False,0,54154,9.169432778888298e-06,0,47718,1.039652340257418e-05,0,40261,1.2304360665419824e-05,0,33955,1.4564520827264783e-05,0,30484,1.6202728539486048e-05,0,0,0.8819710612701498,3,0,0.0,1.242180163175293e-05,0.7381725333182875,0.565919052247428,-0.14703914850563482,0,0,3,0,1.0623438948960767e-05,0,0,0.0,0,0,0.0,1.0,0.0,4.088006606218676e-06,2.2430083075060976,0.044503740341638134,0.5,0.6019261637239165,47.75038520801233,58.89830508474576,False,False,近期份额下降,2026Q2
C0435,智能电表物联网与用能监测,电网与电力系统,宽泛待细分,能源电力直接相关,True,True,112,54154,0.002063122375249867,55,47718,0.001154014097685734,33,40261,0.0008243921645831282,30,33955,0.0008884357704631517,26,30484,0.0008587446125927606,112,55,1.7877791782503034,3,118,39.333333333333336,0.0009556140109106713,2.158949483467466,1.7877791782503034,0.4586647429010928,4,2,3,200,0.0013471762125062431,3,0,0.25,99,238,70.33333333333333,1.4018691588785048,0.2835802595685318,0.0009688575656738261,2.129438266619713,1.6451870895512732,1.8157640226898409e-09,6.809115085086904e-08,66.08436055469954,95.63174114021571,False,False,多年背景上持续抬升,2026Q2
C0436,钠离子电池电极材料,电化学储能,方向候选,能源电力直接相关,True,True,0,54154,9.169432778888298e-06,0,47718,1.039652340257418e-05,0,40261,1.2304360665419824e-05,0,33955,1.4564520827264783e-05,0,30484,1.6202728539486048e-05,0,0,0.8819710612701498,3,0,0.0,1.242180163175293e-05,0.7381725333182875,0.565919052247428,-0.14703914850563482,0,0,3,0,1.0623438948960767e-05,0,0,0.0,0,0,0.0,1.0,0.0,4.088006606218676e-06,2.2430083075060976,0.044503740341638134,0.5,0.6019261637239165,47.75038520801233,58.89830508474576,False,False,近期份额下降,2026Q2
C0437,矿物岩石与黏土性质,其他基础与关联学科,关联基础研究,关联基础或环境研究,False,False,0,54154,9.169432778888298e-06,0,47718,1.039652340257418e-05,0,40261,1.2304360665419824e-05,0,33955,1.4564520827264783e-05,0,30484,1.6202728539486048e-05,0,0,0.8819710612701498,3,0,0.0,1.242180163175293e-05,0.7381725333182875,0.565919052247428,-0.14703914850563482,0,0,3,0,1.0623438948960767e-05,0,0,0.0,0,0,0.0,1.0,0.0,4.088006606218676e-06,2.2430083075060976,0.044503740341638134,0.5,0.6019261637239165,47.75038520801233,58.89830508474576,False,False,近期份额下降,2026Q2
C0438,电力设备数据诊断与异常检测,电网与电力系统,宽泛待细分,能源电力直接相关,True,True,0,54154,9.169432778888298e-06,0,47718,1.039652340257418e-05,0,40261,1.2304360665419824e-05,0,33955,1.4564520827264783e-05,0,30484,1.6202728539486048e-05,0,0,0.8819710612701498,3,0,0.0,1.242180163175293e-05,0.7381725333182875,0.565919052247428,-0.14703914850563482,0,0,3,0,1.0623438948960767e-05,0,0,0.0,0,0,0.0,1.0,0.0,4.088006606218676e-06,2.2430083075060976,0.044503740341638134,0.5,0.6019261637239165,47.75038520801233,58.89830508474576,False,False,近期份额下降,2026Q2
C0439,电气化铁路牵引与供电,交通与充电,方向候选,能源电力直接相关,True,True,0,54154,9.169432778888298e-06,0,47718,1.039652340257418e-05,0,40261,1.2304360665419824e-05,0,33955,1.4564520827264783e-05,0,30484,1.6202728539486048e-05,0,0,0.8819710612701498,3,0,0.0,1.242180163175293e-05,0.7381725333182875,0.565919052247428,-0.14703914850563482,0,0,3,0,1.0623438948960767e-05,0,0,0.0,0,0,0.0,1.0,0.0,4.088006606218676e-06,2.2430083075060976,0.044503740341638134,0.5,0.6019261637239165,47.75038520801233,58.89830508474576,False,False,近期份额下降,2026Q2
C0440,铜基硫族薄膜与光伏吸收材料,太阳能,方向候选,能源电力直接相关,True,True,0,54154,9.169432778888298e-06,0,47718,1.039652340257418e-05,0,40261,1.2304360665419824e-05,0,33955,1.4564520827264783e-05,0,30484,1.6202728539486048e-05,0,0,0.8819710612701498,3,0,0.0,1.242180163175293e-05,0.7381725333182875,0.565919052247428,-0.14703914850563482,0,0,3,0,1.0623438948960767e-05,0,0,0.0,0,0,0.0,1.0,0.0,4.088006606218676e-06,2.2430083075060976,0.044503740341638134,0.5,0.6019261637239165,47.75038520801233,58.89830508474576,False,False,近期份额下降,2026Q2
C0441,二次电池电解液添加剂与配方,电化学储能,方向候选,能源电力直接相关,True,True,54,54154,0.0009994681728988245,56,47718,0.0011748071444908823,46,40261,0.0011443055418840437,34,33955,0.00100495193708127,25,30484,0.0008263391555137885,54,56,0.8507508467119144,3,136,45.333333333333336,0.0011080215411520655,0.9020295506706733,0.8507508467119144,-0.06766495396769079,2,0,3,156,0.0011061936197579168,0,0,0.0,121,280,97.0,1.2448979591836735,0.5478674591683281,0.0011160258034976984,0.8955600934731306,0.6541865412156506,0.7571611447659956,0.8696337803591067,67.13405238828967,54.25269645608629,False,False,近期份额下降,2026Q2
C0442,能源专项监管与企业整改公告,能源政策与治理,政策类群,能源治理与政策研究,True,False,0,54154,9.169432778888298e-06,0,47718,1.039652340257418e-05,0,40261,1.2304360665419824e-05,0,33955,1.4564520827264783e-05,0,30484,1.6202728539486048e-05,0,0,0.8819710612701498,3,0,0.0,1.242180163175293e-05,0.7381725333182875,0.565919052247428,-0.14703914850563482,0,0,3,0,1.0623438948960767e-05,0,0,0.0,0,0,0.0,1.0,0.0,4.088006606218676e-06,2.2430083075060976,0.044503740341638134,0.5,0.6019261637239165,47.75038520801233,58.89830508474576,False,False,近期份额下降,2026Q2
C0443,建筑能效与居民供热用能,热工与能效,宽泛待细分,能源电力直接相关,True,True,0,54154,9.169432778888298e-06,0,47718,1.039652340257418e-05,0,40261,1.2304360665419824e-05,0,33955,1.4564520827264783e-05,0,30484,1.6202728539486048e-05,0,0,0.8819710612701498,3,0,0.0,1.242180163175293e-05,0.7381725333182875,0.565919052247428,-0.14703914850563482,0,0,3,0,1.0623438948960767e-05,0,0,0.0,0,0,0.0,1.0,0.0,4.088006606218676e-06,2.2430083075060976,0.044503740341638134,0.5,0.6019261637239165,47.75038520801233,58.89830508474576,False,False,近期份额下降,2026Q2
C0444,通用计算硬件接口与电子系统,数字技术与测量,关联基础研究,关联基础或环境研究,True,False,0,54154,9.169432778888298e-06,0,47718,1.039652340257418e-05,0,40261,1.2304360665419824e-05,0,33955,1.4564520827264783e-05,0,30484,1.6202728539486048e-05,0,0,0.8819710612701498,3,0,0.0,1.242180163175293e-05,0.7381725333182875,0.565919052247428,-0.14703914850563482,0,0,3,0,1.0623438948960767e-05,0,0,0.0,0,0,0.0,1.0,0.0,4.088006606218676e-06,2.2430083075060976,0.044503740341638134,0.5,0.6019261637239165,47.75038520801233,58.89830508474576,False,False,近期份额下降,2026Q2
C0445,雷电电磁场与天体物理混合,其他基础与关联学科,混杂待重分,质量限制观察,False,False,0,54154,9.169432778888298e-06,0,47718,1.039652340257418e-05,0,40261,1.2304360665419824e-05,0,33955,1.4564520827264783e-05,0,30484,1.6202728539486048e-05,0,0,0.8819710612701498,3,0,0.0,1.242180163175293e-05,0.7381725333182875,0.565919052247428,-0.14703914850563482,0,0,3,0,1.0623438948960767e-05,0,0,0.0,0,0,0.0,1.0,0.0,4.088006606218676e-06,2.2430083075060976,0.044503740341638134,0.5,0.6019261637239165,47.75038520801233,58.89830508474576,False,False,近期份额下降,2026Q2
C0446,电力扰动孤岛及异常识别算法,电网与电力系统,宽泛待细分,能源电力直接相关,True,True,0,54154,9.169432778888298e-06,0,47718,1.039652340257418e-05,0,40261,1.2304360665419824e-05,0,33955,1.4564520827264783e-05,0,30484,1.6202728539486048e-05,0,0,0.8819710612701498,3,0,0.0,1.242180163175293e-05,0.7381725333182875,0.565919052247428,-0.14703914850563482,0,0,3,0,1.0623438948960767e-05,0,0,0.0,0,0,0.0,1.0,0.0,4.088006606218676e-06,2.2430083075060976,0.044503740341638134,0.5,0.6019261637239165,47.75038520801233,58.89830508474576,False,False,近期份额下降,2026Q2
C0447,电力安全风险与故障预警系统,电网与电力系统,宽泛待细分,能源电力直接相关,True,True,0,54154,9.169432778888298e-06,0,47718,1.039652340257418e-05,0,40261,1.2304360665419824e-05,0,33955,1.4564520827264783e-05,0,30484,1.6202728539486048e-05,0,0,0.8819710612701498,3,0,0.0,1.242180163175293e-05,0.7381725333182875,0.565919052247428,-0.14703914850563482,0,0,3,0,1.0623438948960767e-05,0,0,0.0,0,0,0.0,1.0,0.0,4.088006606218676e-06,2.2430083075060976,0.044503740341638134,0.5,0.6019261637239165,47.75038520801233,58.89830508474576,False,False,近期份额下降,2026Q2
C0448,水资源调度灌溉与水能利用,风能与水能海洋能源,宽泛待细分,能源电力直接相关,True,True,0,54154,9.169432778888298e-06,0,47718,1.039652340257418e-05,0,40261,1.2304360665419824e-05,0,33955,1.4564520827264783e-05,0,30484,1.6202728539486048e-05,0,0,0.8819710612701498,3,0,0.0,1.242180163175293e-05,0.7381725333182875,0.565919052247428,-0.14703914850563482,0,0,3,0,1.0623438948960767e-05,0,0,0.0,0,0,0.0,1.0,0.0,4.088006606218676e-06,2.2430083075060976,0.044503740341638134,0.5,0.6019261637239165,47.75038520801233,58.89830508474576,False,False,近期份额下降,2026Q2
C0449,电池单体壳体与组件结构,电化学储能,宽泛待细分,能源电力直接相关,True,True,0,54154,9.169432778888298e-06,0,47718,1.039652340257418e-05,0,40261,1.2304360665419824e-05,0,33955,1.4564520827264783e-05,0,30484,1.6202728539486048e-05,0,0,0.8819710612701498,3,0,0.0,1.242180163175293e-05,0.7381725333182875,0.565919052247428,-0.14703914850563482,0,0,3,0,1.0623438948960767e-05,0,0,0.0,0,0,0.0,1.0,0.0,4.088006606218676e-06,2.2430083075060976,0.044503740341638134,0.5,0.6019261637239165,47.75038520801233,58.89830508474576,False,False,近期份额下降,2026Q2
C0450,液压泵阀与流体传动,制造与通用装置,宽泛待细分,关联基础或环境研究,False,False,0,54154,9.169432778888298e-06,0,47718,1.039652340257418e-05,0,40261,1.2304360665419824e-05,0,33955,1.4564520827264783e-05,0,30484,1.6202728539486048e-05,0,0,0.8819710612701498,3,0,0.0,1.242180163175293e-05,0.7381725333182875,0.565919052247428,-0.14703914850563482,0,0,3,0,1.0623438948960767e-05,0,0,0.0,0,0,0.0,1.0,0.0,4.088006606218676e-06,2.2430083075060976,0.044503740341638134,0.5,0.6019261637239165,47.75038520801233,58.89830508474576,False,False,近期份额下降,2026Q2
C0451,电力系统暂态电压与稳定性分析,电网与电力系统,宽泛待细分,能源电力直接相关,True,True,0,54154,9.169432778888298e-06,0,47718,1.039652340257418e-05,0,40261,1.2304360665419824e-05,0,33955,1.4564520827264783e-05,0,30484,1.6202728539486048e-05,0,0,0.8819710612701498,3,0,0.0,1.242180163175293e-05,0.7381725333182875,0.565919052247428,-0.14703914850563482,0,0,3,0,1.0623438948960767e-05,0,0,0.0,0,0,0.0,1.0,0.0,4.088006606218676e-06,2.2430083075060976,0.044503740341638134,0.5,0.6019261637239165,47.75038520801233,58.89830508474576,False,False,近期份额下降,2026Q2
C0452,风光储及混合能源系统配置,电网与电力系统,宽泛待细分,能源电力直接相关,True,True,0,54154,9.169432778888298e-06,0,47718,1.039652340257418e-05,0,40261,1.2304360665419824e-05,0,33955,1.4564520827264783e-05,0,30484,1.6202728539486048e-05,0,0,0.8819710612701498,3,0,0.0,1.242180163175293e-05,0.7381725333182875,0.565919052247428,-0.14703914850563482,0,0,3,0,1.0623438948960767e-05,0,0,0.0,0,0,0.0,1.0,0.0,4.088006606218676e-06,2.2430083075060976,0.044503740341638134,0.5,0.6019261637239165,47.75038520801233,58.89830508474576,False,False,近期份额下降,2026Q2
C0453,电机制造与通用装配装置混合,制造与通用装置,混杂待重分,质量限制观察,False,False,0,54154,9.169432778888298e-06,0,47718,1.039652340257418e-05,0,40261,1.2304360665419824e-05,0,33955,1.4564520827264783e-05,0,30484,1.6202728539486048e-05,0,0,0.8819710612701498,3,0,0.0,1.242180163175293e-05,0.7381725333182875,0.565919052247428,-0.14703914850563482,0,0,3,0,1.0623438948960767e-05,0,0,0.0,0,0,0.0,1.0,0.0,4.088006606218676e-06,2.2430083075060976,0.044503740341638134,0.5,0.6019261637239165,47.75038520801233,58.89830508474576,False,False,近期份额下降,2026Q2
C0454,木材加工与木质资源利用,生物质与资源循环,宽泛待细分,关联基础或环境研究,True,False,0,54154,9.169432778888298e-06,0,47718,1.039652340257418e-05,0,40261,1.2304360665419824e-05,0,33955,1.4564520827264783e-05,0,30484,1.6202728539486048e-05,0,0,0.8819710612701498,3,0,0.0,1.242180163175293e-05,0.7381725333182875,0.565919052247428,-0.14703914850563482,0,0,3,0,1.0623438948960767e-05,0,0,0.0,0,0,0.0,1.0,0.0,4.088006606218676e-06,2.2430083075060976,0.044503740341638134,0.5,0.6019261637239165,47.75038520801233,58.89830508474576,False,False,近期份额下降,2026Q2
C0455,污染物吸附氧化与分离,碳与环境,宽泛待细分,关联基础或环境研究,True,False,0,54154,9.169432778888298e-06,0,47718,1.039652340257418e-05,0,40261,1.2304360665419824e-05,0,33955,1.4564520827264783e-05,0,30484,1.6202728539486048e-05,0,0,0.8819710612701498,3,0,0.0,1.242180163175293e-05,0.7381725333182875,0.565919052247428,-0.14703914850563482,0,0,3,0,1.0623438948960767e-05,0,0,0.0,0,0,0.0,1.0,0.0,4.088006606218676e-06,2.2430083075060976,0.044503740341638134,0.5,0.6019261637239165,47.75038520801233,58.89830508474576,False,False,近期份额下降,2026Q2
C0456,电极组件与活性材料加工,电化学储能,宽泛待细分,能源电力直接相关,True,True,0,54154,9.169432778888298e-06,0,47718,1.039652340257418e-05,0,40261,1.2304360665419824e-05,0,33955,1.4564520827264783e-05,0,30484,1.6202728539486048e-05,0,0,0.8819710612701498,3,0,0.0,1.242180163175293e-05,0.7381725333182875,0.565919052247428,-0.14703914850563482,0,0,3,0,1.0623438948960767e-05,0,0,0.0,0,0,0.0,1.0,0.0,4.088006606218676e-06,2.2430083075060976,0.044503740341638134,0.5,0.6019261637239165,47.75038520801233,58.89830508474576,False,False,近期份额下降,2026Q2
C0457,电网状态估计相量测量与系统分析,电网与电力系统,宽泛待细分,能源电力直接相关,True,True,0,54154,9.169432778888298e-06,0,47718,1.039652340257418e-05,0,40261,1.2304360665419824e-05,0,33955,1.4564520827264783e-05,0,30484,1.6202728539486048e-05,0,0,0.8819710612701498,3,0,0.0,1.242180163175293e-05,0.7381725333182875,0.565919052247428,-0.14703914850563482,0,0,3,0,1.0623438948960767e-05,0,0,0.0,0,0,0.0,1.0,0.0,4.088006606218676e-06,2.2430083075060976,0.044503740341638134,0.5,0.6019261637239165,47.75038520801233,58.89830508474576,False,False,近期份额下降,2026Q2
C0458,气固流动分离与杂项工艺混合,热工与能效,混杂待重分,质量限制观察,False,False,0,54154,9.169432778888298e-06,0,47718,1.039652340257418e-05,0,40261,1.2304360665419824e-05,0,33955,1.4564520827264783e-05,0,30484,1.6202728539486048e-05,0,0,0.8819710612701498,3,0,0.0,1.242180163175293e-05,0.7381725333182875,0.565919052247428,-0.14703914850563482,0,0,3,0,1.0623438948960767e-05,0,0,0.0,0,0,0.0,1.0,0.0,4.088006606218676e-06,2.2430083075060976,0.044503740341638134,0.5,0.6019261637239165,47.75038520801233,58.89830508474576,False,False,近期份额下降,2026Q2
C0459,钛合金陶瓷与MAX相材料,能源材料与电化学基础,关联基础研究,关联基础或环境研究,True,False,0,54154,9.169432778888298e-06,0,47718,1.039652340257418e-05,0,40261,1.2304360665419824e-05,0,33955,1.4564520827264783e-05,0,30484,1.6202728539486048e-05,0,0,0.8819710612701498,3,0,0.0,1.242180163175293e-05,0.7381725333182875,0.565919052247428,-0.14703914850563482,0,0,3,0,1.0623438948960767e-05,0,0,0.0,0,0,0.0,1.0,0.0,4.088006606218676e-06,2.2430083075060976,0.044503740341638134,0.5,0.6019261637239165,47.75038520801233,58.89830508474576,False,False,近期份额下降,2026Q2
C0460,电场空间电荷与界面建模,能源材料与电化学基础,关联基础研究,关联基础或环境研究,True,False,0,54154,9.169432778888298e-06,0,47718,1.039652340257418e-05,0,40261,1.2304360665419824e-05,0,33955,1.4564520827264783e-05,0,30484,1.6202728539486048e-05,0,0,0.8819710612701498,3,0,0.0,1.242180163175293e-05,0.7381725333182875,0.565919052247428,-0.14703914850563482,0,0,3,0,1.0623438948960767e-05,0,0,0.0,0,0,0.0,1.0,0.0,4.088006606218676e-06,2.2430083075060976,0.044503740341638134,0.5,0.6019261637239165,47.75038520801233,58.89830508474576,False,False,近期份额下降,2026Q2
C0461,电催化制氨与氮循环反应,氢能与燃料电池,宽泛待细分,能源电力直接相关,True,True,0,54154,9.169432778888298e-06,0,47718,1.039652340257418e-05,0,40261,1.2304360665419824e-05,0,33955,1.4564520827264783e-05,0,30484,1.6202728539486048e-05,0,0,0.8819710612701498,3,0,0.0,1.242180163175293e-05,0.7381725333182875,0.565919052247428,-0.14703914850563482,0,0,3,0,1.0623438948960767e-05,0,0,0.0,0,0,0.0,1.0,0.0,4.088006606218676e-06,2.2430083075060976,0.044503740341638134,0.5,0.6019261637239165,47.75038520801233,58.89830508474576,False,False,近期份额下降,2026Q2
C0462,超导电力装置与故障限流,电网与电力系统,方向候选,能源电力直接相关,True,True,0,54154,9.169432778888298e-06,0,47718,1.039652340257418e-05,0,40261,1.2304360665419824e-05,0,33955,1.4564520827264783e-05,0,30484,1.6202728539486048e-05,0,0,0.8819710612701498,3,0,0.0,1.242180163175293e-05,0.7381725333182875,0.565919052247428,-0.14703914850563482,0,0,3,0,1.0623438948960767e-05,0,0,0.0,0,0,0.0,1.0,0.0,4.088006606218676e-06,2.2430083075060976,0.044503740341638134,0.5,0.6019261637239165,47.75038520801233,58.89830508474576,False,False,近期份额下降,2026Q2
C0463,区域供热预测与热系统建模,热工与能效,宽泛待细分,能源电力直接相关,True,True,0,54154,9.169432778888298e-06,0,47718,1.039652340257418e-05,0,40261,1.2304360665419824e-05,0,33955,1.4564520827264783e-05,0,30484,1.6202728539486048e-05,0,0,0.8819710612701498,3,0,0.0,1.242180163175293e-05,0.7381725333182875,0.565919052247428,-0.14703914850563482,0,0,3,0,1.0623438948960767e-05,0,0,0.0,0,0,0.0,1.0,0.0,4.088006606218676e-06,2.2430083075060976,0.044503740341638134,0.5,0.6019261637239165,47.75038520801233,58.89830508474576,False,False,近期份额下降,2026Q2
C0464,潜热及热化学储热系统,热工与能效,宽泛待细分,能源电力直接相关,True,True,0,54154,9.169432778888298e-06,0,47718,1.039652340257418e-05,0,40261,1.2304360665419824e-05,0,33955,1.4564520827264783e-05,0,30484,1.6202728539486048e-05,0,0,0.8819710612701498,3,0,0.0,1.242180163175293e-05,0.7381725333182875,0.565919052247428,-0.14703914850563482,0,0,3,0,1.0623438948960767e-05,0,0,0.0,0,0,0.0,1.0,0.0,4.088006606218676e-06,2.2430083075060976,0.044503740341638134,0.5,0.6019261637239165,47.75038520801233,58.89830508474576,False,False,近期份额下降,2026Q2
C0465,功率因数校正与变流器电流控制,电力电子与电机,宽泛待细分,能源电力直接相关,True,True,0,54154,9.169432778888298e-06,0,47718,1.039652340257418e-05,0,40261,1.2304360665419824e-05,0,33955,1.4564520827264783e-05,0,30484,1.6202728539486048e-05,0,0,0.8819710612701498,3,0,0.0,1.242180163175293e-05,0.7381725333182875,0.565919052247428,-0.14703914850563482,0,0,3,0,1.0623438948960767e-05,0,0,0.0,0,0,0.0,1.0,0.0,4.088006606218676e-06,2.2430083075060976,0.044503740341638134,0.5,0.6019261637239165,47.75038520801233,58.89830508474576,False,False,近期份额下降,2026Q2
C0466,新能源汽车产业与推广政策,能源政策与治理,政策类群,能源治理与政策研究,True,False,0,54154,9.169432778888298e-06,0,47718,1.039652340257418e-05,0,40261,1.2304360665419824e-05,0,33955,1.4564520827264783e-05,0,30484,1.6202728539486048e-05,0,0,0.8819710612701498,3,0,0.0,1.242180163175293e-05,0.7381725333182875,0.565919052247428,-0.14703914850563482,0,0,3,0,1.0623438948960767e-05,0,0,0.0,0,0,0.0,1.0,0.0,4.088006606218676e-06,2.2430083075060976,0.044503740341638134,0.5,0.6019261637239165,47.75038520801233,58.89830508474576,False,False,近期份额下降,2026Q2
C0467,燃料电池电堆与系统装置,氢能与燃料电池,宽泛待细分,能源电力直接相关,True,True,0,54154,9.169432778888298e-06,0,47718,1.039652340257418e-05,0,40261,1.2304360665419824e-05,0,33955,1.4564520827264783e-05,0,30484,1.6202728539486048e-05,0,0,0.8819710612701498,3,0,0.0,1.242180163175293e-05,0.7381725333182875,0.565919052247428,-0.14703914850563482,0,0,3,0,1.0623438948960767e-05,0,0,0.0,0,0,0.0,1.0,0.0,4.088006606218676e-06,2.2430083075060976,0.044503740341638134,0.5,0.6019261637239165,47.75038520801233,58.89830508474576,False,False,近期份额下降,2026Q2
C0468,网络攻击检测与信息安全,数字技术与测量,宽泛待细分,关联基础或环境研究,True,False,0,54154,9.169432778888298e-06,0,47718,1.039652340257418e-05,0,40261,1.2304360665419824e-05,0,33955,1.4564520827264783e-05,0,30484,1.6202728539486048e-05,0,0,0.8819710612701498,3,0,0.0,1.242180163175293e-05,0.7381725333182875,0.565919052247428,-0.14703914850563482,0,0,3,0,1.0623438948960767e-05,0,0,0.0,0,0,0.0,1.0,0.0,4.088006606218676e-06,2.2430083075060976,0.044503740341638134,0.5,0.6019261637239165,47.75038520801233,58.89830508474576,False,False,近期份额下降,2026Q2
C0469,燃料电池技术与固体氧化物电池,氢能与燃料电池,宽泛待细分,能源电力直接相关,True,True,0,54154,9.169432778888298e-06,0,47718,1.039652340257418e-05,0,40261,1.2304360665419824e-05,0,33955,1.4564520827264783e-05,0,30484,1.6202728539486048e-05,0,0,0.8819710612701498,3,0,0.0,1.242180163175293e-05,0.7381725333182875,0.565919052247428,-0.14703914850563482,0,0,3,0,1.0623438948960767e-05,0,0,0.0,0,0,0.0,1.0,0.0,4.088006606218676e-06,2.2430083075060976,0.044503740341638134,0.5,0.6019261637239165,47.75038520801233,58.89830508474576,False,False,近期份额下降,2026Q2
C0470,电力储能系统集成与运行装置,电化学储能,宽泛待细分,能源电力直接相关,True,True,0,54154,9.169432778888298e-06,0,47718,1.039652340257418e-05,0,40261,1.2304360665419824e-05,0,33955,1.4564520827264783e-05,0,30484,1.6202728539486048e-05,0,0,0.8819710612701498,3,0,0.0,1.242180163175293e-05,0.7381725333182875,0.565919052247428,-0.14703914850563482,0,0,3,0,1.0623438948960767e-05,0,0,0.0,0,0,0.0,1.0,0.0,4.088006606218676e-06,2.2430083075060976,0.044503740341638134,0.5,0.6019261637239165,47.75038520801233,58.89830508474576,False,False,近期份额下降,2026Q2
C0471,风力机叶片塔架与气动结构,风能与水能海洋能源,方向候选,能源电力直接相关,True,True,0,54154,9.169432778888298e-06,0,47718,1.039652340257418e-05,0,40261,1.2304360665419824e-05,0,33955,1.4564520827264783e-05,0,30484,1.6202728539486048e-05,0,0,0.8819710612701498,3,0,0.0,1.242180163175293e-05,0.7381725333182875,0.565919052247428,-0.14703914850563482,0,0,3,0,1.0623438948960767e-05,0,0,0.0,0,0,0.0,1.0,0.0,4.088006606218676e-06,2.2430083075060976,0.044503740341638134,0.5,0.6019261637239165,47.75038520801233,58.89830508474576,False,False,近期份额下降,2026Q2
C0472,多电平逆变器拓扑与调制,电力电子与电机,方向候选,能源电力直接相关,True,True,176,54154,0.003236809770947569,194,47718,0.0040442476036013555,194,40261,0.004786396298848312,208,33955,0.006073405184969414,200,30484,0.006497294144333906,176,194,0.8003490607412928,3,596,198.66666666666666,0.004968016362473027,0.651529611576464,0.49817811831257375,-0.19559479184820905,0,4,3,564,0.004022484557799078,12,3,1.0,225,509,238.66666666666666,0.9429763560500696,0.2446484275254931,0.00487699188121888,0.6636898009636651,0.5610833251807021,0.9999992096928207,1.0,84.52234206471496,5.8474576271186445,False,False,近期份额下降,2026Q2
C0473,二氧化碳地质封存与驱油,碳与环境,方向候选,能源电力直接相关,True,True,113,54154,0.0020814612408076435,103,47718,0.002152080344332855,69,40261,0.0017103061324933557,40,33955,0.0011797261870084474,46,30484,0.0015068537541722026,113,103,0.9671856565619518,3,212,70.66666666666667,0.0016807042212782194,1.2384458933676254,0.9671856565619518,0.09819889366972134,0,2,3,285,0.001981282572544618,5,0,0.4166666666666667,183,326,111.66666666666667,1.6331360946745561,0.4026672263039267,0.0017374028076429372,1.1980303195385509,0.9539048402808207,0.05820245511802422,0.519664777839502,74.8555469953775,73.28197226502311,False,False,近期份额下降,2026Q2
C0474,焦炭钙基反应与无机工艺材料混合,能源材料与电化学基础,混杂待重分,质量限制观察,False,False,0,54154,9.169432778888298e-06,0,47718,1.039652340257418e-05,0,40261,1.2304360665419824e-05,0,33955,1.4564520827264783e-05,0,30484,1.6202728539486048e-05,0,0,0.8819710612701498,3,0,0.0,1.242180163175293e-05,0.7381725333182875,0.565919052247428,-0.14703914850563482,0,0,3,0,1.0623438948960767e-05,0,0,0.0,0,0,0.0,1.0,0.0,4.088006606218676e-06,2.2430083075060976,0.044503740341638134,0.5,0.6019261637239165,47.75038520801233,58.89830508474576,False,False,近期份额下降,2026Q2
C0475,钢铁合金腐蚀与耐蚀性能,能源材料与电化学基础,关联基础研究,关联基础或环境研究,True,False,0,54154,9.169432778888298e-06,0,47718,1.039652340257418e-05,0,40261,1.2304360665419824e-05,0,33955,1.4564520827264783e-05,0,30484,1.6202728539486048e-05,0,0,0.8819710612701498,3,0,0.0,1.242180163175293e-05,0.7381725333182875,0.565919052247428,-0.14703914850563482,0,0,3,0,1.0623438948960767e-05,0,0,0.0,0,0,0.0,1.0,0.0,4.088006606218676e-06,2.2430083075060976,0.044503740341638134,0.5,0.6019261637239165,47.75038520801233,58.89830508474576,False,False,近期份额下降,2026Q2
C0476,工业废水处理与电化学净化,碳与环境,方向候选,关联基础或环境研究,True,False,0,54154,9.169432778888298e-06,0,47718,1.039652340257418e-05,0,40261,1.2304360665419824e-05,0,33955,1.4564520827264783e-05,0,30484,1.6202728539486048e-05,0,0,0.8819710612701498,3,0,0.0,1.242180163175293e-05,0.7381725333182875,0.565919052247428,-0.14703914850563482,0,0,3,0,1.0623438948960767e-05,0,0,0.0,0,0,0.0,1.0,0.0,4.088006606218676e-06,2.2430083075060976,0.044503740341638134,0.5,0.6019261637239165,47.75038520801233,58.89830508474576,False,False,近期份额下降,2026Q2
C0477,节能审查与碳排放评价政策,能源政策与治理,政策类群,能源治理与政策研究,True,False,0,54154,9.169432778888298e-06,0,47718,1.039652340257418e-05,0,40261,1.2304360665419824e-05,0,33955,1.4564520827264783e-05,0,30484,1.6202728539486048e-05,0,0,0.8819710612701498,3,0,0.0,1.242180163175293e-05,0.7381725333182875,0.565919052247428,-0.14703914850563482,0,0,3,0,1.0623438948960767e-05,0,0,0.0,0,0,0.0,1.0,0.0,4.088006606218676e-06,2.2430083075060976,0.044503740341638134,0.5,0.6019261637239165,47.75038520801233,58.89830508474576,False,False,近期份额下降,2026Q2
C0478,抗菌生物医用纳米材料,其他基础与关联学科,外围或非研究文本,质量限制观察,False,False,0,54154,9.169432778888298e-06,0,47718,1.039652340257418e-05,0,40261,1.2304360665419824e-05,0,33955,1.4564520827264783e-05,0,30484,1.6202728539486048e-05,0,0,0.8819710612701498,3,0,0.0,1.242180163175293e-05,0.7381725333182875,0.565919052247428,-0.14703914850563482,0,0,3,0,1.0623438948960767e-05,0,0,0.0,0,0,0.0,1.0,0.0,4.088006606218676e-06,2.2430083075060976,0.044503740341638134,0.5,0.6019261637239165,47.75038520801233,58.89830508474576,False,False,近期份额下降,2026Q2
C0479,电机绕组线圈与电磁部件,电力电子与电机,宽泛待细分,能源电力直接相关,True,True,0,54154,9.169432778888298e-06,0,47718,1.039652340257418e-05,0,40261,1.2304360665419824e-05,0,33955,1.4564520827264783e-05,0,30484,1.6202728539486048e-05,0,0,0.8819710612701498,3,0,0.0,1.242180163175293e-05,0.7381725333182875,0.565919052247428,-0.14703914850563482,0,0,3,0,1.0623438948960767e-05,0,0,0.0,0,0,0.0,1.0,0.0,4.088006606218676e-06,2.2430083075060976,0.044503740341638134,0.5,0.6019261637239165,47.75038520801233,58.89830508474576,False,False,近期份额下降,2026Q2
C0480,燃气轮机与航空发动机装置,化石能源,宽泛待细分,能源电力直接相关,True,True,0,54154,9.169432778888298e-06,0,47718,1.039652340257418e-05,0,40261,1.2304360665419824e-05,0,33955,1.4564520827264783e-05,0,30484,1.6202728539486048e-05,0,0,0.8819710612701498,3,0,0.0,1.242180163175293e-05,0.7381725333182875,0.565919052247428,-0.14703914850563482,0,0,3,0,1.0623438948960767e-05,0,0,0.0,0,0,0.0,1.0,0.0,4.088006606218676e-06,2.2430083075060976,0.044503740341638134,0.5,0.6019261637239165,47.75038520801233,58.89830508474576,False,False,近期份额下降,2026Q2
C0481,微生物燃料电池与生物产电,生物质与资源循环,方向候选,能源电力直接相关,True,True,369,54154,0.006776210823598452,302,47718,0.0062898966585573785,336,40261,0.008280834727827542,252,33955,0.007355083017768715,266,30484,0.008636054311546064,369,302,1.077316717815935,3,890,296.6666666666667,0.007308604801384545,0.9271551832047019,0.7846419880128505,-0.10026285285389758,3,4,3,1007,0.0071156474033277906,12,3,1.0,571,1155,459.6666666666667,1.2416787264833573,0.398979190974698,0.007280739765675461,0.930703615523305,0.824397704180452,0.8675779795267977,0.9611277468908394,92.442218798151,73.37827426810478,True,False,历史峰值以下的恢复或波动,2026Q2
C0482,半导体光电探测器,能源材料与电化学基础,关联基础研究,关联基础或环境研究,True,False,0,54154,9.169432778888298e-06,0,47718,1.039652340257418e-05,0,40261,1.2304360665419824e-05,0,33955,1.4564520827264783e-05,0,30484,1.6202728539486048e-05,0,0,0.8819710612701498,3,0,0.0,1.242180163175293e-05,0.7381725333182875,0.565919052247428,-0.14703914850563482,0,0,3,0,1.0623438948960767e-05,0,0,0.0,0,0,0.0,1.0,0.0,4.088006606218676e-06,2.2430083075060976,0.044503740341638134,0.5,0.6019261637239165,47.75038520801233,58.89830508474576,False,False,近期份额下降,2026Q2
C0483,电催化氧化还原与催化材料综述,能源材料与电化学基础,宽泛待细分,关联基础或环境研究,True,False,0,54154,9.169432778888298e-06,0,47718,1.039652340257418e-05,0,40261,1.2304360665419824e-05,0,33955,1.4564520827264783e-05,0,30484,1.6202728539486048e-05,0,0,0.8819710612701498,3,0,0.0,1.242180163175293e-05,0.7381725333182875,0.565919052247428,-0.14703914850563482,0,0,3,0,1.0623438948960767e-05,0,0,0.0,0,0,0.0,1.0,0.0,4.088006606218676e-06,2.2430083075060976,0.044503740341638134,0.5,0.6019261637239165,47.75038520801233,58.89830508474576,False,False,近期份额下降,2026Q2
C0484,配电系统供电设备与可靠性,电网与电力系统,宽泛待细分,能源电力直接相关,True,True,0,54154,9.169432778888298e-06,0,47718,1.039652340257418e-05,0,40261,1.2304360665419824e-05,0,33955,1.4564520827264783e-05,0,30484,1.6202728539486048e-05,0,0,0.8819710612701498,3,0,0.0,1.242180163175293e-05,0.7381725333182875,0.565919052247428,-0.14703914850563482,0,0,3,0,1.0623438948960767e-05,0,0,0.0,0,0,0.0,1.0,0.0,4.088006606218676e-06,2.2430083075060976,0.044503740341638134,0.5,0.6019261637239165,47.75038520801233,58.89830508474576,False,False,近期份额下降,2026Q2
C0485,锂钠储能负极纳米材料,电化学储能,宽泛待细分,能源电力直接相关,True,True,0,54154,9.169432778888298e-06,0,47718,1.039652340257418e-05,0,40261,1.2304360665419824e-05,0,33955,1.4564520827264783e-05,0,30484,1.6202728539486048e-05,0,0,0.8819710612701498,3,0,0.0,1.242180163175293e-05,0.7381725333182875,0.565919052247428,-0.14703914850563482,0,0,3,0,1.0623438948960767e-05,0,0,0.0,0,0,0.0,1.0,0.0,4.088006606218676e-06,2.2430083075060976,0.044503740341638134,0.5,0.6019261637239165,47.75038520801233,58.89830508474576,False,False,近期份额下降,2026Q2
C0486,能源发展可及性与能源贫困,能源政策与治理,宽泛待细分,能源治理与政策研究,True,False,0,54154,9.169432778888298e-06,0,47718,1.039652340257418e-05,0,40261,1.2304360665419824e-05,0,33955,1.4564520827264783e-05,0,30484,1.6202728539486048e-05,0,0,0.8819710612701498,3,0,0.0,1.242180163175293e-05,0.7381725333182875,0.565919052247428,-0.14703914850563482,0,0,3,0,1.0623438948960767e-05,0,0,0.0,0,0,0.0,1.0,0.0,4.088006606218676e-06,2.2430083075060976,0.044503740341638134,0.5,0.6019261637239165,47.75038520801233,58.89830508474576,False,False,近期份额下降,2026Q2
C0487,电池冷却与散热,电化学储能,方向候选,能源电力直接相关,True,True,987,54154,0.01810962973830439,805,47718,0.016748799201547003,627,40261,0.01544197263510188,433,33955,0.012627439557238567,325,30484,0.010547976279205418,987,805,1.081249438863157,3,1865,621.6666666666666,0.014939403797962483,1.2122056531315044,1.081249438863157,0.07967726437903488,3,4,3,2419,0.016766800524984422,12,3,1.0,969,1556,619.6666666666666,1.5628356605800215,0.5475252265268284,0.015252352647801878,1.1873335318479075,1.0991937590771357,3.4647116284168417e-06,7.874344610038276e-05,98.43605546995379,81.42912172573189,True,False,平稳或增长证据不足,2026Q2
C0488,电池低温预热,电化学储能,方向候选,能源电力直接相关,True,True,42,54154,0.0007794017862055053,27,47718,0.0005718087871415798,22,40261,0.0005536962299438922,20,33955,0.0005971453539178561,15,30484,0.0005022845847240675,42,27,1.3630461855993226,3,69,23.0,0.0005742167903344428,1.357330191880241,1.3052128448992684,0.17095523485436415,3,0,3,91,0.0006349689344303257,0,0,0.0,80,145,42.0,1.8837209302325582,0.5041116470893943,0.000568232918264396,1.3716237851655992,0.936443493789489,0.052853704891191705,0.4834180325413875,63.151001540832056,87.60785824345146,False,False,多年背景上持续抬升,2026Q2
C0489,海上风电开发与技术经济,风能与水能海洋能源,方向候选,能源电力直接相关,True,True,53,54154,0.0009811293073410479,39,47718,0.0008213253488033601,20,40261,0.0005044787872822128,24,33955,0.0007136615205359743,23,30484,0.0007615282413558443,53,39,1.1945683994418486,3,83,27.666666666666668,0.0006798218855405156,1.443215242417457,1.1945683994418486,0.33258923537316454,3,0,3,112,0.0007689778144755402,0,0,0.0,90,169,53.0,1.6851851851851851,0.4466165150167176,0.0006826971032385189,1.4371370593003139,1.0196039819435494,0.01889031036769433,0.20834901140839335,62.68875192604008,88.3628659476117,False,False,多年背景上持续抬升,2026Q2
C0490,风能资源评估与选址,风能与水能海洋能源,方向候选,能源电力直接相关,True,True,165,54154,0.0030350822498120267,126,47718,0.0026303204208512673,133,40261,0.003285264297667093,86,33955,0.0025196621031168074,115,30484,0.0037428302926212774,165,126,1.1538830880648996,3,345,115.0,0.002811748940545056,1.0794286097334413,0.8109056549519422,-0.03960429001722776,3,3,3,424,0.002983555656110129,8,1,0.6666666666666666,270,622,209.33333333333334,1.2884310618066561,0.3103785982661141,0.0028248125648971047,1.0744366856505332,0.8927132403182599,0.21662629371411923,0.6019261637239165,79.78428351309708,78.1779661016949,False,False,历史峰值以下的恢复或波动,2026Q2
C0491,电池电极涂布与辊压,能源专用装置与材料,方向候选,能源电力直接相关,True,True,7,54154,0.00013754149168332446,3,47718,7.277566381801925e-05,1,40261,3.691308199625948e-05,5,33955,0.0001602097290999126,3,30484,0.00011341909977640234,7,3,1.8899379884360352,3,9,3.0,8.996615830473045e-05,1.5288136592144836,0.8585089835433689,0.6576798077114159,2,0,3,11,8.241007916586771e-05,0,0,0.0,4,10,3.3333333333333335,1.1538461538461537,0.479892862022047,7.767212551815484e-05,1.7707960322416558,0.6797983431729373,0.1299702360460907,0.6019261637239165,56.271186440677965,87.98921417565485,False,False,历史峰值以下的恢复或波动,2026Q2
C0492,光生物制氢,氢能与燃料电池,方向候选,能源电力直接相关,True,True,0,54154,9.169432778888298e-06,3,47718,7.277566381801925e-05,2,40261,6.152180332709912e-05,3,33955,0.00010195164579085348,0,30484,1.6202728539486048e-05,0,3,0.1259958658957357,3,8,2.6666666666666665,7.874970431199061e-05,0.11643767883319073,0.08993903637121008,-0.9517581047226846,0,0,3,5,4.782229997466888e-05,0,0,0.0,0,10,4.666666666666667,0.1764705882352941,0.6187689540276183,6.949611230571749e-05,0.1319416651474175,0.007615159592505085,0.9702840158681518,1.0,57.67334360554699,0.23112480739599386,False,False,近期份额下降,2026Q2
C0493,光催化制氢,氢能与燃料电池,方向候选,能源电力直接相关,True,True,1410,54154,0.02586696986924389,1498,47718,0.031158380637514815,1292,40261,0.03180677232011025,1170,33955,0.03409554325662686,1034,30484,0.03352344534819664,1410,1498,0.8301769649126102,3,3960,1320.0,0.032353565404750644,0.7995090972398889,0.7586613204708609,-0.10335618647590117,0,4,3,4200,0.029610707608956316,12,3,1.0,1507,2464,1236.0,1.2190784155214227,0.5663393082453525,0.03238110032785813,0.7988292432110468,0.7517265383383794,0.9999999999997953,1.0,99.10631741140217,46.17873651771957,True,False,近期份额下降,2026Q2
C0494,聚合物介电储能,能源材料与电化学基础,方向候选,能源电力直接相关,True,True,3,54154,6.418602945221809e-05,0,47718,1.039652340257418e-05,0,40261,1.2304360665419824e-05,0,33955,1.4564520827264783e-05,0,30484,1.6202728539486048e-05,3,0,6.173797428891049,3,0,0.0,1.242180163175293e-05,5.167207733228013,3.9614333657319962,0.8259159260220219,2,0,3,3,2.8962304506737366e-05,0,0,0.0,11,11,0.0,12.0,0.603721353291282,4.088006606218676e-06,15.701058152542682,0.8109788046367573,0.0046743659043539535,0.060444386694232154,57.6271186440678,94.96918335901387,False,False,多年背景上持续抬升,2026Q2
C0495,聚合物电气绝缘,能源材料与电化学基础,方向候选,能源电力直接相关,True,True,5,54154,0.00010086376056777128,3,47718,7.277566381801925e-05,3,40261,8.613052465793877e-05,2,33955,7.282260413632391e-05,2,30484,8.101364269743025e-05,5,3,1.3859545248530927,3,8,2.6666666666666665,7.724293087076066e-05,1.3057992418300635,1.1710570784091296,0.07895341336589468,2,0,3,11,8.658998301457644e-05,0,0,0.0,15,25,4.666666666666667,2.8235294117647056,0.344422480103762,6.949611230571749e-05,1.4513583166215926,0.4965460294044128,0.27351217867202926,0.6019261637239165,53.35130970724191,84.08320493066257,False,False,多年背景上持续抬升,2026Q2
C0496,集成电路与功率模块封装,电力电子与电机,方向候选,能源电力直接相关,True,True,9,54154,0.00017421922279887766,4,47718,9.356871062316762e-05,3,40261,8.613052465793877e-05,6,33955,0.00018933877075444217,3,30484,0.00011341909977640234,9,4,1.8619389071258716,3,13,4.333333333333333,0.0001230126686785162,1.4162705733519667,0.9201455259516108,0.35222526654992947,3,0,3,16,0.00011797281935999468,0,0,0.0,9,21,7.333333333333333,1.2000000000000002,0.2835498588212995,0.00011037617836790424,1.5784132534302169,0.6882485963822085,0.15098196688453203,0.6019261637239165,52.29583975346688,89.04083204930662,False,False,历史峰值以下的恢复或波动,2026Q2
C0497,藻类生物燃料,生物质与资源循环,方向候选,能源电力直接相关,True,True,25,54154,0.0004676410717233032,6,47718,0.00013515480423346432,12,40261,0.00030760901663549564,6,33955,0.00018933877075444217,9,30484,0.00030785184225023493,25,6,3.4600403172905883,3,24,8.0,0.00021070086387446737,2.2194549330462983,1.5190458770852016,0.20943575542242865,4,0,3,43,0.0003034682975307544,0,0,0.0,52,81,13.666666666666666,3.6136363636363638,0.3313173728177745,0.0002003123237047151,2.334559666996143,1.340899516635429,0.0010539258226555117,0.015200853211377572,56.964560862865945,97.03389830508475,False,False,多年背景上持续抬升,2026Q2
C0498,生物能源生命周期与可持续性,生物质与资源循环,方向候选,能源电力直接相关,True,True,301,54154,0.005529167965669644,228,47718,0.0047512111949764,173,40261,0.004269613150900679,137,33955,0.004005243227497815,136,30484,0.004423344891279692,301,228,1.1637386213258214,3,538,179.33333333333334,0.004342022524458298,1.2734084023111907,1.1637386213258214,0.12925705988452885,4,4,3,702,0.004849997437182241,12,3,1.0,551,1187,399.3333333333333,1.3788509575353873,0.4752735495354319,0.004402783114897514,1.2558347348432468,1.0907002577439753,0.0006349673177893925,0.009921364340459258,92.37288135593221,85.83204930662558,False,True,多年背景上持续抬升,2026Q2
C0499,电磁能量采集,电力电子与电机,方向候选,能源电力直接相关,True,True,43,54154,0.0007977406517632819,39,47718,0.0008213253488033601,34,40261,0.0008490008859139679,30,33955,0.0008884357704631517,33,30484,0.0010855828121455653,43,39,0.9712845864620637,3,103,34.333333333333336,0.0008529206683934933,0.935304631866707,0.7348501126197945,-0.031138341476972364,2,0,3,116,0.0008226889621602033,0,0,0.0,79,178,65.66666666666667,1.2,0.3620017793278461,0.0008462173674872659,0.9427136364880699,0.661561014535952,0.6334562905249875,0.7553135419614319,61.409861325115564,70.79352850539293,False,False,近期份额下降,2026Q2
C0500,压电能量采集,电力电子与电机,方向候选,能源电力直接相关,True,True,65,54154,0.001201195694034367,77,47718,0.0016114611273989978,67,40261,0.0016610886898316764,38,33955,0.0011214681036993883,48,30484,0.0015716646683301468,65,77,0.7454078001702557,3,182,60.666666666666664,0.0014646726403100207,0.8201120584734315,0.7231376033004524,-0.1620778761242736,0,0,3,209,0.001491248503755014,1,0,0.08333333333333333,131,324,106.66666666666667,1.2260061919504643,0.3566681222575662,0.0014921224112698166,0.8050248994062981,0.6070194845131505,0.9348020119258833,1.0,66.2731124807396,33.80585516178737,False,False,近期份额下降,2026Q2
C0501,钠电池电解液与界面,电化学储能,方向候选,能源电力直接相关,True,True,364,54154,0.006684516495809569,269,47718,0.0056037261139874825,199,40261,0.0049094399055025105,128,33955,0.0037430818526070493,110,30484,0.003580803007226417,364,269,1.1928699511427445,3,596,198.66666666666666,0.004752082624032348,1.406649889041169,1.1928699511427445,0.1543170090537629,4,4,3,832,0.005732560838433188,12,3,1.0,570,897,315.6666666666667,1.803157894736842,0.5329963269922363,0.00487699188121888,1.3706228467493256,1.2031696635988842,7.096063780654035e-07,2.046941475188664e-05,93.8366718027735,88.8597842835131,True,True,多年背景上持续抬升,2026Q2
C0502,潮汐与潮流能开发,风能与水能海洋能源,方向候选,能源电力直接相关,True,True,39,54154,0.0007243851895321756,29,47718,0.0006133948807518766,21,40261,0.0005290875086130524,16,33955,0.00048062918729973784,24,30484,0.0007939336984348164,39,29,1.1809443023786752,3,66,22.0,0.0005410371922215556,1.3388824279487586,0.9124001046438125,0.1570847198810954,2,0,3,89,0.0006222891929657015,0,0,0.0,60,119,33.666666666666664,1.7596153846153848,0.2546600043368739,0.0005437048786270838,1.332313205210389,0.8986925106141493,0.07793949216375616,0.6019261637239165,57.303543913713405,83.2126348228043,False,False,历史峰值以下的恢复或波动,2026Q2
C0503,充电设施散热,交通与充电,方向候选,能源电力直接相关,True,True,0,54154,9.169432778888298e-06,0,47718,1.039652340257418e-05,0,40261,1.2304360665419824e-05,0,33955,1.4564520827264783e-05,0,30484,1.6202728539486048e-05,0,0,0.8819710612701498,3,0,0.0,1.242180163175293e-05,0.7381725333182875,0.565919052247428,-0.14703914850563482,0,0,3,0,1.0623438948960767e-05,0,0,0.0,0,0,0.0,1.0,0.0,4.088006606218676e-06,2.2430083075060976,0.044503740341638134,0.5,0.6019261637239165,47.75038520801233,58.89830508474576,False,False,近期份额下降,2026Q2
C0504,电动汽车充电并网影响,交通与充电,方向候选,能源电力直接相关,True,True,102,54154,0.0018797337196721012,109,47718,0.002276838625163745,69,40261,0.0017103061324933557,50,33955,0.0014710166035537431,41,30484,0.0013448264687773422,102,109,0.8255893495907796,3,228,76.0,0.0018193871204036146,1.0331686415671115,0.8255893495907796,0.047228874498224105,0,1,3,280,0.001955626159109734,4,0,0.3333333333333333,137,368,127.0,1.078125,0.4303813214184145,0.0018682190190419349,1.0061634639797594,0.7970320869757527,0.47562711459631346,0.6019261637239165,74.08320493066257,51.96456086286595,False,False,近期份额下降,2026Q2
C0505,石油产业投资与经营,能源政策与治理,方向候选,能源治理与政策研究,True,False,1,54154,2.7508298336664893e-05,3,47718,7.277566381801925e-05,1,40261,3.691308199625948e-05,1,33955,4.369356248179435e-05,2,30484,8.101364269743025e-05,1,3,0.3779875976872071,3,5,1.6666666666666667,5.112743609869103e-05,0.5380339879270646,0.3395514313484568,-0.14703914850563482,0,0,3,5,4.5732348050314544e-05,0,0,0.0,1,2,0.6666666666666666,1.2000000000000002,0.0938018911439114,4.496807266840543e-05,0.611729538410754,0.1005716896610751,0.7726974572023761,0.8847680807660795,49.098613251155626,21.926040061633284,False,False,近期份额下降,2026Q2
C0506,石油价格与市场经济,能源政策与治理,方向候选,能源治理与政策研究,True,False,265,54154,0.0048689688055896865,161,47718,0.00335807705903146,146,40261,0.0036051776749680088,124,33955,0.003626565685988931,125,30484,0.004066884863410999,265,161,1.4499276580013918,3,431,143.66666666666666,0.0035299401399961332,1.379334666449902,1.1972231742764312,0.1502555576068012,3,4,3,572,0.003944074513196384,11,2,0.9166666666666666,358,744,239.33333333333334,1.49375866851595,0.2445248479317061,0.003527949701166717,1.3801128751862548,1.1844583694909552,1.3735972782596571e-05,0.0002943422739127837,84.40485362095532,87.02234206471495,False,False,多年背景上持续抬升,2026Q2
C0507,污水污泥营养元素回收,生物质与资源循环,关联基础研究,关联基础或环境研究,True,False,4,54154,8.252489500999468e-05,1,47718,3.118957020772254e-05,4,40261,0.00011073924598877842,1,33955,4.369356248179435e-05,1,30484,4.860818561845815e-05,4,1,2.6459131838104493,3,6,2.0,6.187412622609843e-05,1.333754511674797,0.7452181408058097,-0.14703914850563393,3,0,3,9,7.481790373549854e-05,0,0,0.0,12,22,4.333333333333333,2.4375,0.2413300662083842,5.3144085880842786e-05,1.552851905196529,0.4667948848366487,0.2631681438240815,0.6019261637239165,50.90138674884438,85.62788906009244,False,False,历史峰值以下的恢复或波动,2026Q2
C0508,污泥脱水与调理,生物质与资源循环,关联基础研究,关联基础或环境研究,True,False,18,54154,0.000339269012818867,5,47718,0.00011436175742831597,8,40261,0.000209174131312137,14,33955,0.0004223711039906787,12,30484,0.00040506821348715126,18,5,2.966629933363231,3,27,9.0,0.0002486356642437105,1.3645227198231644,0.803248635177359,0.2418131357883695,4,0,3,31,0.00022093496718643998,0,0,0.0,47,68,20.666666666666668,2.215384615384615,0.3579334265849147,0.00022484036334202717,1.508932861413193,0.8369757434778022,0.08943856073949907,0.6019261637239165,56.34052388289676,93.6748844375963,False,False,历史峰值以下的恢复或波动,2026Q2
C0509,太阳能热水与供热装置,太阳能,方向候选,能源电力直接相关,True,True,139,54154,0.002558271745309835,114,47718,0.002380803859189487,129,40261,0.0031868294123437346,134,33955,0.003917856102534227,116,30484,0.0037752357497002494,139,114,1.0745411619841565,3,377,125.66666666666667,0.003161829791355816,0.80911115212588,0.6529774648065921,-0.10984728844472036,2,3,3,382,0.002708635005614352,10,0,0.8333333333333334,215,489,208.0,1.0334928229665072,0.2581897135321742,0.0030864449876951,0.828873268601591,0.6825694965788394,0.9700225319922845,1.0,80.37365177195686,67.4653312788906,False,False,历史峰值以下的恢复或波动,2026Q2
C0510,光催化二氧化碳还原,碳与环境,方向候选,能源电力直接相关,True,True,602,54154,0.011049166498560399,680,47718,0.014149668350903458,684,40261,0.01684466975095974,546,33955,0.015919021264200407,442,30484,0.014339414757445153,602,680,0.7808781255183913,3,1910,636.6666666666666,0.015637786455354533,0.706568447529673,0.6559443825208187,-0.21083963818748108,1,4,3,1966,0.014014501533474532,12,3,1.0,803,1507,719.3333333333334,1.1161499305876907,0.5721579412925006,0.01562027324236156,0.7073606413359977,0.6454583695044618,0.9999999999999443,1.0,98.24345146379045,14.572419106317414,False,False,近期份额下降,2026Q2
C0511,电池装配工装与制造设备,电化学储能,方向候选,能源电力直接相关,True,True,2,54154,4.584716389444149e-05,1,47718,3.118957020772254e-05,0,40261,1.2304360665419824e-05,0,33955,1.4564520827264783e-05,1,30484,4.860818561845815e-05,2,1,1.469951768783583,3,1,0.3333333333333333,1.935281723346905e-05,2.369017561699117,0.94319842041238,0.657679807711415,1,0,3,3,2.9780364922527952e-05,0,0,0.0,4,5,0.3333333333333333,3.75,0.621873331619639,1.2264019818656027e-05,3.7383471791768295,0.49379456304415326,0.08884173030952303,0.6019261637239165,57.557781201849004,90.09630200308168,False,False,历史峰值以下的恢复或波动,2026Q2
C0512,无线充电器与装置,交通与充电,方向候选,能源电力直接相关,True,True,104,54154,0.0019164114507876542,92,47718,0.0019233568294762231,78,40261,0.0019317846244709125,64,33955,0.001878823186717157,41,30484,0.0013448264687773422,104,92,0.9963889286781692,3,234,78.0,0.0019113215468880976,1.0026630285771871,0.9920419836204728,-0.003994925197382759,2,2,3,274,0.00192385096824493,4,0,0.3333333333333333,132,284,95.0,1.3854166666666667,0.3124899268387533,0.0019172750983165589,0.999549544283101,0.7937553615670553,0.49756762825439327,0.6019261637239165,70.33127889060094,73.59013867488444,False,False,近期份额下降,2026Q2
C0513,天然气水合物生成与分解,化石能源,方向候选,能源电力直接相关,True,True,78,54154,0.0014396009462854628,49,47718,0.0010292558168548437,38,40261,0.0009474357712373266,33,33955,0.0009758228954267405,41,30484,0.0013448264687773422,78,49,1.398681379994076,3,120,40.0,0.0009841714945063036,1.4627541585195163,1.0704733879860986,0.2091810432416774,2,1,3,165,0.0011387641781258776,1,0,0.08333333333333333,135,236,82.0,1.6385542168674698,0.3676504903054987,0.000985209592098701,1.4612128808234743,1.0996386507918434,0.004194694685850837,0.05617894668550228,64.5550847457627,86.07858243451464,False,False,多年背景上持续抬升,2026Q2
C0514,煤气化工艺与反应,化石能源,方向候选,能源电力直接相关,True,True,88,54154,0.0016229896018632288,77,47718,0.0016114611273989978,42,40261,0.0010458706565606851,40,33955,0.0011797261870084474,46,30484,0.0015068537541722026,88,77,1.0071540506117194,3,159,53.0,0.0012790193236560433,1.268932823644881,1.0071540506117194,0.2197100895361217,2,2,3,207,0.001426773795274304,3,0,0.25,136,237,72.66666666666667,1.8597285067873301,0.4276440526244254,0.0013040741073837576,1.2445531988356717,0.9598119500613255,0.04836261998568714,0.45339956236581697,69.54352850539291,81.00154083204932,False,False,平稳或增长证据不足,2026Q2
C0515,膜法海水淡化,碳与环境,关联基础研究,关联基础或环境研究,True,False,176,54154,0.003236809770947569,141,47718,0.0029422161229284926,125,40261,0.003088394527020376,111,33955,0.0032478881444800464,123,30484,0.004002073949253054,176,141,1.1001264474500456,3,377,125.66666666666667,0.0030928329314763047,1.0465517674769906,0.8087830989608992,0.023468410395121708,3,4,3,442,0.0030891401402988127,11,1,0.9166666666666666,344,666,246.66666666666666,1.3930013458950203,0.4779738297756586,0.0030864449876951,1.0487177914564934,0.8770821675971903,0.2920632020332081,0.6019261637239165,88.22611710323575,78.63251155624036,False,False,历史峰值以下的恢复或波动,2026Q2
C0516,分离膜污染与清洗,碳与环境,关联基础研究,关联基础或环境研究,True,False,182,54154,0.0033468429642942287,227,47718,0.004730418148171251,185,40261,0.004564917806870755,165,33955,0.004820856393824643,162,30484,0.005265886775332966,182,227,0.7075152469529773,3,577,192.33333333333334,0.004705397449622216,0.7112774213287631,0.6355706279086498,-0.15519150301810614,0,4,3,594,0.004214059639778746,12,3,1.0,313,700,304.6666666666667,1.0272628135223554,0.5097241521993938,0.00472164763018257,0.7088294651426197,0.6001477279704511,0.9999747629148696,1.0,91.24036979969183,11.679506933744221,False,False,近期份额下降,2026Q2
C0517,配电网需求响应与柔性调度,电网与电力系统,方向候选,能源电力直接相关,True,True,118,54154,0.0021731555685965266,98,47718,0.0020481151103071134,60,40261,0.001488827640515799,56,33955,0.0016457908534809205,48,30484,0.0015716646683301468,118,98,1.06105147980216,3,214,71.33333333333333,0.0017275778681012776,1.257920472774387,1.06105147980216,0.1890956492635607,3,2,3,276,0.0019033661064731464,3,0,0.25,129,277,98.66666666666667,1.3043478260869565,0.318180583963688,0.001753754834067812,1.2391444496012707,0.9901309016441426,0.02922095425062028,0.29220954250620274,69.34322033898304,82.01463790446842,False,False,平稳或增长证据不足,2026Q2
C0518,电池电极粘结剂,电化学储能,方向候选,能源电力直接相关,True,True,188,54154,0.0034568761576408884,160,47718,0.0033372840122263114,112,40261,0.0027684811497194605,90,33955,0.0026361782697349257,87,30484,0.0028354774944100588,188,160,1.035835171647497,3,362,120.66666666666667,0.0029139811438935654,1.186306975556446,1.035835171647497,0.111033244116161,2,4,3,460,0.0031875471065288866,9,2,0.75,299,581,221.33333333333334,1.3493253373313343,0.4938047869128903,0.0029638047895085397,1.1663643199031708,0.9781303199946783,0.040512535733985486,0.3895436128267835,85.903312788906,77.93528505392912,False,False,平稳或增长证据不足,2026Q2
C0519,电池隔膜制备与改性,电化学储能,方向候选,能源电力直接相关,True,True,75,54154,0.001384584349612133,70,47718,0.0014659097997629592,48,40261,0.001193522984545723,45,33955,0.0013253713952810953,42,30484,0.0013772319258563142,75,70,0.9445222003673236,3,163,54.333333333333336,0.001328268059863259,1.0423982864984886,0.9445222003673236,0.07424528065013636,2,0,3,193,0.0013480057113069387,0,0,0.0,138,308,98.33333333333333,1.3993288590604027,0.4612809831389504,0.0013367781602335069,1.0357622459737639,0.7885291209271379,0.39982683944568137,0.6019261637239165,66.54083204930663,74.72265023112482,False,False,近期份额下降,2026Q2
C0520,凝胶聚合物锂电解质,电化学储能,方向候选,能源电力直接相关,True,True,128,54154,0.0023565442241742928,108,47718,0.002256045578358597,98,40261,0.0024239590510877055,79,33955,0.0023157588115351006,75,30484,0.0024466120094623935,128,108,1.0445463721033572,3,285,95.0,0.002331921146993801,1.0105591379932528,0.9631867313085364,-0.01410297042701858,2,3,3,334,0.002345516284540198,5,0,0.4166666666666667,223,404,157.66666666666666,1.411764705882353,0.5256016883746573,0.002334251772150864,1.0095501489125518,0.8197915457640303,0.45807526635602536,0.6019261637239165,79.11594761171033,74.34514637904469,False,False,历史峰值以下的恢复或波动,2026Q2
C0521,固态聚合物锂电解质,电化学储能,方向候选,能源电力直接相关,True,True,214,54154,0.0039336866621430796,241,47718,0.005021520803443328,193,40261,0.004761787577517472,173,33955,0.00505388872706088,148,30484,0.0048122103762273565,214,241,0.7833656010039219,3,607,202.33333333333334,0.00494573236934056,0.7953699004274221,0.7783484905554577,-0.09552303555651687,1,4,3,648,0.004572331681034627,12,3,1.0,377,743,325.3333333333333,1.1583248212461696,0.5483605366059264,0.004966928026555691,0.791975772773758,0.6778057254960366,0.9982369197466856,1.0,92.88906009244992,47.823574730354395,False,False,近期份额下降,2026Q2
C0522,销售电价与用户电费政策,能源政策与治理,方向候选,能源治理与政策研究,True,False,1,54154,2.7508298336664893e-05,0,47718,1.039652340257418e-05,0,40261,1.2304360665419824e-05,0,33955,1.4564520827264783e-05,0,30484,1.6202728539486048e-05,1,0,2.6459131838104493,3,0,0.0,1.242180163175293e-05,2.2145175999548625,1.697757156742284,0.40226699582841974,1,0,3,1,1.6736394134886302e-05,0,0,0.0,4,4,0.0,5.0,0.0,4.088006606218676e-06,6.729024922518292,0.2741071065139047,0.06673693399602781,0.5501637404432503,48.35130970724191,90.72804314329737,False,False,多年背景上持续抬升,2026Q2
C0523,输配电价监管政策,能源政策与治理,方向候选,能源治理与政策研究,True,False,0,54154,9.169432778888298e-06,0,47718,1.039652340257418e-05,0,40261,1.2304360665419824e-05,0,33955,1.4564520827264783e-05,0,30484,1.6202728539486048e-05,0,0,0.8819710612701498,3,0,0.0,1.242180163175293e-05,0.7381725333182875,0.565919052247428,-0.14703914850563482,0,0,3,0,1.0623438948960767e-05,0,0,0.0,0,0,0.0,1.0,0.0,4.088006606218676e-06,2.2430083075060976,0.044503740341638134,0.5,0.6019261637239165,47.75038520801233,58.89830508474576,False,False,近期份额下降,2026Q2
C0524,储能运行调度与收益,电化学储能,方向候选,能源电力直接相关,True,True,117,54154,0.00215481670303875,86,47718,0.001798598548645333,77,40261,0.0019071759031400728,43,33955,0.0012671133119720361,53,30484,0.0017336919537250073,117,86,1.1980531757137873,3,206,68.66666666666667,0.001657629254585814,1.2999388717817764,1.1298468586410664,0.061041050106821704,2,2,3,280,0.0019535303849413854,4,0,0.3333333333333333,147,311,98.66666666666667,1.4849498327759196,0.39597445832542,0.001688346728368313,1.2762880200095228,1.017618991255623,0.016509420205647118,0.18480694260052744,73.11248073959939,80.86286594761171,False,False,多年背景上持续抬升,2026Q2
C0525,储能容量配置与选址,电化学储能,方向候选,能源电力直接相关,True,True,68,54154,0.0012562122907076969,63,47718,0.0013203584721269207,53,40261,0.0013165665911999212,49,33955,0.0014418875618992136,34,30484,0.0011179882692245375,68,63,0.9514176015276421,3,165,55.0,0.0013596042084086854,0.9239544000661774,0.8712276351514189,-0.02346310282252473,1,1,3,184,0.0012977124513448464,2,0,0.16666666666666666,98,268,92.0,1.064516129032258,0.4136869964753197,0.0013531301866583816,0.9283750396626448,0.7005348928466428,0.6982786840323154,0.8225486602212212,67.47688751926042,67.36132511556241,False,False,近期份额下降,2026Q2
C0526,厌氧发酵生物制氢,生物质与资源循环,方向候选,能源电力直接相关,True,True,77,54154,0.0014212620807276862,62,47718,0.0012995654253217723,44,40261,0.0010950880992223644,45,33955,0.0013253713952810953,45,30484,0.0014744482970932306,77,62,1.093644115974986,3,151,50.333333333333336,0.0012400083066084107,1.1461714192988182,0.9639280560258388,0.1303552250879192,2,1,3,183,0.001271971868423941,1,0,0.08333333333333333,173,319,105.66666666666667,1.6312499999999999,0.533092574672584,0.0012386660016842587,1.1474134906384328,0.8726540284551096,0.16154206276539246,0.6019261637239165,69.25462249614792,79.05238828967643,False,False,历史峰值以下的恢复或波动,2026Q2
C0527,碳税与环境税费,能源政策与治理,方向候选,能源治理与政策研究,True,False,314,54154,0.005767573217920739,272,47718,0.005666105254402928,239,40261,0.005893788758736096,173,33955,0.00505388872706088,135,30484,0.00439093943420072,314,272,1.0179078853925214,3,684,228.0,0.005537927580066634,1.0414677935985832,0.9785849907449986,-0.010823818860871803,2,4,3,825,0.005775822410353255,12,3,1.0,457,1064,386.0,1.1834625322997416,0.3243810084271832,0.005596481043913367,1.0305713845298285,0.9017614988348732,0.31322473348287705,0.6019261637239165,89.16024653312789,73.47457627118644,False,False,历史峰值以下的恢复或波动,2026Q2
C0528,可再生能源补贴机制,能源政策与治理,方向候选,能源治理与政策研究,True,False,15,54154,0.0002842524161455372,6,47718,0.00013515480423346432,7,40261,0.00018456540998129737,4,33955,0.00013108068744538303,6,30484,0.00021063547101331863,15,6,2.1031617614903575,3,17,5.666666666666667,0.00015026696722004825,1.8916493851192397,1.3494992784361743,0.2159293531858335,4,0,3,28,0.0002013242101200996,0,0,0.0,24,47,11.0,2.0833333333333335,0.3158365936639026,0.00014308023121765366,1.986664500933972,1.0028199652997916,0.024058543977938787,0.24717682169115193,54.30662557781202,95.57781201849,False,False,多年背景上持续抬升,2026Q2
C0529,钙钛矿吸收层结晶与成膜,太阳能,方向候选,能源电力直接相关,True,True,99,54154,0.0018247171229987713,80,47718,0.001673840267814443,63,40261,0.0015626538045083178,45,33955,0.0013253713952810953,33,30484,0.0010855828121455653,99,80,1.0901381440544087,3,188,62.666666666666664,0.001520621822534619,1.1999808867383457,1.0901381440544087,0.07751972062731616,2,1,3,242,0.001687070398440511,2,0,0.16666666666666666,202,355,134.66666666666666,1.4963144963144963,0.5243234197709089,0.0015411784905444408,1.1839752074103804,0.9286729189975634,0.08465762312422886,0.6019261637239165,72.87750385208012,78.78274268104776,False,False,平稳或增长证据不足,2026Q2
C0530,钙钛矿电池界面、钝化与传输层,太阳能,方向候选,能源电力直接相关,True,True,1063,54154,0.01950338352069541,1096,47718,0.022799575821845174,827,40261,0.02036371690126981,789,33955,0.022997378386251092,664,30484,0.02153342622897696,1063,1096,0.8554274725588731,3,2712,904.0,0.022053557036455358,0.8843645262510526,0.8480698622741905,-0.02158338481109756,1,4,3,2986,0.020888892081270132,12,3,1.0,1313,2076,1003.0,1.3087649402390438,0.4960343213740683,0.022177435838736315,0.8794246396434046,0.8192227999006256,0.9997608652514768,1.0,97.49614791987675,52.51540832049307,True,False,近期份额下降,2026Q2
C0531,钙钛矿电池稳定性与衰减,太阳能,方向候选,能源电力直接相关,True,True,45,54154,0.0008344183828788352,27,47718,0.0005718087871415798,24,40261,0.0006029136726055715,27,33955,0.000801048645499563,31,30484,0.001020771897987621,45,27,1.4592612104651572,3,78,26.0,0.0006585903684155715,1.2669762919343452,0.8174386310240627,0.16248045569747704,3,0,3,96,0.0006697136142086621,0,0,0.0,102,233,76.66666666666667,1.3261802575107295,0.5360968147715524,0.000641817037176332,1.3000876177264644,0.9023393094994389,0.0804658062774572,0.6019261637239165,64.79969183359015,85.40446841294298,False,False,历史峰值以下的恢复或波动,2026Q2
C0532,钙钛矿叠层太阳能电池,太阳能,方向候选,能源电力直接相关,True,True,400,54154,0.007344715655889527,332,47718,0.006913688062711829,225,40261,0.005549266660104341,166,33955,0.004849985435479173,145,30484,0.0047149940049904405,400,332,1.0623440903419399,3,723,241.0,0.005770980052765114,1.2726981533007329,1.0623440903419399,0.1401576552772057,3,4,3,957,0.0066025567929018985,12,3,1.0,622,984,378.0,1.6437994722955145,0.5923637759870314,0.0059153455591984235,1.2416376325586622,1.0989535819818192,0.00019696275821237024,0.0035171921109351826,95.5084745762712,82.80816640986133,True,False,平稳或增长证据不足,2026Q2
C0533,氮化镓功率与结器件,电力电子与电机,方向候选,能源电力直接相关,True,True,423,54154,0.007766509563718388,224,47718,0.004668039007755806,173,40261,0.004269613150900679,155,33955,0.004529565977279348,151,30484,0.004909426747464273,423,224,1.6637627815051603,3,552,184.0,0.004489072711978611,1.7300921731551122,1.581958538790665,0.29914880884696293,4,4,3,820,0.0055680539074582916,12,3,1.0,460,688,245.0,1.8739837398373984,0.3195217520486847,0.0045172472998716365,1.7193013904594252,1.514872571852775,5.1691259793580124e-18,5.53834926359787e-16,88.52080123266565,94.90755007704159,True,True,多年背景上持续抬升,2026Q2
C0534,氢能技术经济与生命周期,氢能与燃料电池,方向候选,能源电力直接相关,True,True,417,54154,0.007656476370371729,291,47718,0.006061173143700746,188,40261,0.004638743970863274,124,33955,0.003626565685988931,77,30484,0.0025114229236203375,417,291,1.2632004050781735,3,603,201.0,0.004775494266850984,1.6032845905645905,1.2632004050781735,0.2505541201957877,3,4,3,896,0.006118797828311917,12,3,1.0,618,1096,341.6666666666667,1.8064202334630348,0.5584627812423809,0.004934223973705941,1.5517083154661073,1.3696959664424568,1.0327055928855228e-12,5.957916882031862e-11,95.03081664098613,89.44144838212634,True,True,多年背景上持续抬升,2026Q2
C0535,燃料电池供气与空压控制,氢能与燃料电池,方向候选,能源电力直接相关,True,True,18,54154,0.000339269012818867,18,47718,0.0003846713658952446,21,40261,0.0005290875086130524,9,33955,0.00027672589571803085,11,30484,0.00037266275640817915,18,18,0.8819710612701499,3,48,16.0,0.0003968282567421093,0.8549517506747286,0.6412342141817433,-0.2221802500303034,2,0,3,57,0.00041767596244238805,0,0,0.0,40,87,29.333333333333332,1.3516483516483517,0.3327471242613137,0.00039653664080321156,0.8555804884301609,0.5007890200466284,0.7300504869665203,0.8503415851941486,57.56548536209552,55.54699537750385,False,False,近期份额下降,2026Q2
C0536,燃料电池水管理,氢能与燃料电池,方向候选,能源电力直接相关,True,True,18,54154,0.000339269012818867,25,47718,0.0005302226935312832,10,40261,0.0002583915739738163,19,33955,0.0005680163122633265,12,30484,0.00040506821348715126,18,25,0.6398613581763831,3,54,18.0,0.000452210193256142,0.7502462745829735,0.5972874466703438,0.13615858895476585,1,0,3,53,0.0003759610934413222,0,0,0.0,29,84,35.666666666666664,0.8181818181818182,0.4610185431162046,0.00044559272007783565,0.7613881410800515,0.4493272449080036,0.8550205287854935,0.952903256016633,60.100154083204934,43.31664098613251,False,False,近期份额下降,2026Q2
C0537,其他材料光催化污染物降解,碳与环境,关联基础研究,关联基础或环境研究,True,False,3113,54154,0.05709805791413743,3160,47718,0.06571642442767138,2828,40261,0.06960576828427995,2398,33955,0.06986600640838916,2077,30484,0.06732233708156453,3113,3160,0.8688552125501066,3,8386,2795.3333333333335,0.06839606637344683,0.8348149380752168,0.8172509185709144,-0.0990386687409861,0,4,3,9101,0.06414008354202959,12,3,1.0,2824,4390,2330.3333333333335,1.211752931083786,0.5138363281182647,0.06856813480610585,0.8327200101854451,0.7991626426632181,1.0,1.0,98.27426810477658,47.141756548536215,False,False,近期份额下降,2026Q2
C0538,智能电网通信架构,电网与电力系统,方向候选,能源电力直接相关,True,True,48,54154,0.0008894349795521649,38,47718,0.0008005323019982118,31,40261,0.000775174721921449,38,33955,0.0011214681036993883,22,30484,0.0007291227842768722,48,38,1.111054453807851,3,107,35.666666666666664,0.0008990583758730163,0.9892961385165822,0.7930987752733979,0.06874897755029075,2,0,3,117,0.0008217140011572752,0,0,0.0,70,188,72.33333333333333,0.9681818181818183,0.288601502355617,0.0008789214203370153,1.0119618875725185,0.7209805615460735,0.47699154709735053,0.6019261637239165,59.54545454545455,68.43605546995377,False,False,历史峰值以下的恢复或波动,2026Q2
C0539,配电网谐波与电能质量治理,电网与电力系统,方向候选,能源电力直接相关,True,True,116,54154,0.0021364778374809734,76,47718,0.0015906680805938495,60,40261,0.001488827640515799,63,33955,0.0018496941450626275,68,30484,0.0022197738099095886,116,76,1.3431324004963718,3,199,66.33333333333333,0.0016430632887240919,1.300301608673905,0.9624754684208082,0.18058480547884503,3,2,3,252,0.0017386578528635406,3,0,0.25,119,295,108.0,1.1009174311926606,0.2162670331900445,0.0016311146358812516,1.3098269063882726,1.0422203917793216,0.009715358354318455,0.11565902802760065,67.45570107858244,84.28736517719568,False,False,历史峰值以下的恢复或波动,2026Q2
C0540,配电网电压无功优化,电网与电力系统,方向候选,能源电力直接相关,True,True,124,54154,0.0022831887619431863,91,47718,0.0019025637826710748,80,40261,0.001981002067132592,69,33955,0.002024468394989805,77,30484,0.0025114229236203375,124,91,1.2000589850069252,3,240,80.0,0.0019693447482644903,1.1593646891714997,0.9091215742555457,0.07098511723448775,3,2,3,295,0.0020555848705822843,4,0,0.3333333333333333,140,284,115.33333333333333,1.2120343839541547,0.3501654266718927,0.001966331177591183,1.1611415146965038,0.9351971421569989,0.08523469508349907,0.6019261637239165,72.36517719568567,81.02080123266563,False,False,历史峰值以下的恢复或波动,2026Q2
C0541,光伏组件退化与寿命,太阳能,方向候选,能源电力直接相关,True,True,50,54154,0.0009261127106677181,30,47718,0.0006341879275570249,25,40261,0.0006275223939364111,30,33955,0.0008884357704631517,33,30484,0.0010855828121455653,50,30,1.4603127407915597,3,85,28.333333333333332,0.0007167153639855293,1.2921624918402288,0.8531018548804512,0.19460829355283238,3,0,3,105,0.000729274344053718,0,0,0.0,79,166,52.0,1.509433962264151,0.3629701572133673,0.0006990491296633935,1.3248177722696834,0.9355890930034643,0.05676130657621602,0.5129033726766508,60.78582434514639,86.83744221879813,False,False,历史峰值以下的恢复或波动,2026Q2
C0542,光伏组件故障与缺陷检测,太阳能,方向候选,能源电力直接相关,True,True,315,54154,0.005785912083478516,191,47718,0.003981868463185911,146,40261,0.0036051776749680088,115,33955,0.0033644043110981647,91,30484,0.002965099322725947,315,191,1.4530645944163563,3,452,150.66666666666666,0.0036504834830840284,1.5849714456427066,1.4530645944163563,0.23652747825643816,4,4,3,652,0.004457652740544145,11,2,0.9166666666666666,457,751,231.66666666666666,1.9684813753581663,0.3930421131835885,0.0036996459786279015,1.5639096597086712,1.3544998966129462,2.7518348892745607e-10,1.146597870531067e-08,88.43412942989214,93.18952234206472,False,True,多年背景上持续抬升,2026Q2
C0543,加氢站与氢气加注,氢能与燃料电池,方向候选,能源电力直接相关,True,True,93,54154,0.0017146839296521116,86,47718,0.001798598548645333,64,40261,0.0015872625258391575,39,33955,0.0011505971453539179,36,30484,0.0011827991833824815,93,86,0.9533444419509712,3,189,63.0,0.001512152739946136,1.1339356695628446,0.9533444419509712,0.03860895774082307,2,2,3,243,0.001700181668045534,4,0,0.3333333333333333,171,331,96.33333333333333,1.767123287671233,0.4808001379688718,0.001549354503756878,1.1067085844423226,0.8638838350121529,0.20890193634077991,0.6019261637239165,74.32973805855163,76.24036979969185,False,False,近期份额下降,2026Q2
C0544,厌氧污水处理反应器,生物质与资源循环,方向候选,能源电力直接相关,True,True,20,54154,0.0003759467439344202,13,47718,0.0002807061318695028,8,40261,0.000209174131312137,14,33955,0.0004223711039906787,17,30484,0.0005670954988820118,20,13,1.3392893893361535,3,35,11.666666666666666,0.00030408378905743953,1.2363261622716961,0.6629337469184156,0.2931402128184115,2,0,3,41,0.00028860900237202006,0,0,0.0,39,77,24.666666666666668,1.5584415584415583,0.325311042496713,0.00029024846904152595,1.2952583184190143,0.7520222209141185,0.18362001295154895,0.6019261637239165,56.34052388289676,84.21417565485363,False,False,历史峰值以下的恢复或波动,2026Q2
C0545,电动汽车有序充放电调度,交通与充电,方向候选,能源电力直接相关,True,True,137,54154,0.002521594014194282,104,47718,0.0021728733911380036,85,40261,0.00210404567378679,74,33955,0.0021701136032624526,60,30484,0.001960530153277812,137,104,1.160488238513355,3,263,87.66666666666667,0.0021490108893957487,1.1733742377188674,1.160488238513355,0.09051462207632088,4,4,3,326,0.0022661710263730253,6,0,0.5,191,426,146.0,1.3061224489795917,0.4503350954326267,0.002154379481477242,1.170450255339994,0.9523615732068653,0.06464698891228655,0.5501637404432503,78.57858243451463,83.75963020030817,False,False,平稳或增长证据不足,2026Q2
C0546,永磁电机磁路与结构设计,电力电子与电机,方向候选,能源电力直接相关,True,True,4,54154,8.252489500999468e-05,18,47718,0.0003846713658952446,9,40261,0.00023378285264297668,12,33955,0.00036411302068161956,10,30484,0.00034025729932920704,4,18,0.21453350139003644,3,39,13.0,0.0003275224130732803,0.2519671684011758,0.21453350139003644,-0.520646349420745,1,0,3,31,0.000233659704516072,0,0,0.0,6,51,22.333333333333332,0.3,0.2552218509632589,0.00032295252189127536,0.25553259199436557,0.09636914590042824,0.9988504186146847,1.0,53.25115562403698,3.332049306625578,False,False,近期份额下降,2026Q2
C0547,建筑冷却与被动降温,热工与能效,方向候选,能源电力直接相关,True,True,24,54154,0.0004493022061655266,7,47718,0.00015594785103861269,7,40261,0.00018456540998129737,8,33955,0.00024759685406350134,4,30484,0.00014582455685537444,24,7,2.8811054668158227,3,22,7.333333333333333,0.00019603670502780382,2.2919289839206503,1.8146523220779442,0.44484589999857427,3,0,3,38,0.00026327182239514556,0,0,0.0,48,64,10.0,4.454545454545454,0.3820844860717523,0.00018396029727984041,2.442386823728862,1.3780460704366166,0.0008204940428662265,0.012307410642993398,57.48073959938367,96.13636363636363,False,False,多年背景上持续抬升,2026Q2
C0548,输配电线路故障检测与定位,电网与电力系统,方向候选,能源电力直接相关,True,True,89,54154,0.0016413284674210054,85,47718,0.0017778055018401846,75,40261,0.0018579584604783935,70,33955,0.0020535974366443343,51,30484,0.001668881039567063,89,85,0.9232328653061803,3,230,76.66666666666667,0.0018964537996543041,0.8654724242268362,0.79924547924203,-0.06198616399271906,1,2,3,249,0.0017590308099131944,3,0,0.25,124,281,108.33333333333333,1.1432926829268293,0.2614229888924597,0.0018845710454668094,0.8709294729795911,0.6822879891122843,0.8655699171546865,0.960321653647951,67.63289676425269,65.7588597842835,False,False,近期份额下降,2026Q2
C0549,开关设备故障检测,电网与电力系统,方向候选,能源电力直接相关,True,True,31,54154,0.0005776742650699628,33,47718,0.00069656706797247,22,40261,0.0005536962299438922,23,33955,0.0006845324788814448,13,30484,0.0004374736705661233,31,33,0.8293160725376035,3,78,26.0,0.0006449319255992691,0.89571355074908,0.8293160725376035,0.0211969698049721,2,0,3,86,0.0006093125209954416,0,0,0.0,42,88,29.666666666666668,1.4021739130434783,0.3445747339196533,0.000641817037176332,0.9000606584260137,0.595302649050592,0.6997147269615189,0.8225486602212212,58.86748844375963,55.94761171032358,False,False,近期份额下降,2026Q2
C0550,变压器故障诊断,电网与电力系统,方向候选,能源电力直接相关,True,True,185,54154,0.0034018595609675586,161,47718,0.00335807705903146,128,40261,0.0031622206910128948,104,33955,0.0030439848528983396,101,30484,0.003289153893515668,185,161,1.0130379682081287,3,393,131.0,0.003188094200980898,1.0670511429432952,1.0130379682081287,0.03652384035047307,2,4,3,474,0.0033073857703373043,11,2,0.9166666666666666,222,451,159.66666666666666,1.3879668049792533,0.3745351023668705,0.003217261199094098,1.0573774867658987,0.8880113481552979,0.25660631949222146,0.6019261637239165,85.36787365177196,75.33127889060093,False,False,平稳或增长证据不足,2026Q2
C0551,燃气轮机热力性能,化石能源,方向候选,能源电力直接相关,True,True,104,54154,0.0019164114507876542,104,47718,0.0021728733911380036,94,40261,0.002325524165764347,77,33955,0.0022575007282260415,63,30484,0.002057746524514728,104,104,0.8819710612701498,3,275,91.66666666666667,0.002251966095042797,0.8509948062744852,0.824077203324943,-0.0967455300530502,2,3,3,302,0.0021382696692300016,6,0,0.5,165,398,147.33333333333334,1.1191011235955055,0.2882139459867958,0.0022524916400264903,0.8507962545712784,0.6792526458457355,0.9191339082376218,1.0,74.08705701078581,66.5331278890601,False,False,近期份额下降,2026Q2
C0552,微电网能量管理与经济调度,电网与电力系统,方向候选,能源电力直接相关,True,True,465,54154,0.008536741917145006,419,47718,0.008722683134759737,281,40261,0.0069273550546313616,311,33955,0.00907369647538596,245,30484,0.007955539712887651,465,419,0.9786830250804643,3,1011,337.0,0.008241244888259018,1.0358558728556861,0.9408229535010851,0.10445067606305392,1,4,3,1165,0.008062260035512034,12,3,1.0,656,1214,491.3333333333333,1.3344617467840216,0.4653690855982829,0.008270037364380381,1.0322494979180312,0.924932402416723,0.2652877305073913,0.6019261637239165,94.61479198767334,72.72342064714947,True,False,近期份额下降,2026Q2
C0553,电动汽车推广与购买行为,能源政策与治理,方向候选,能源治理与政策研究,True,False,530,54154,0.009728768178400484,401,47718,0.008348408292267066,258,40261,0.00636135446402205,148,33955,0.00432566268569764,119,30484,0.003872452120937166,530,401,1.1653440797106214,3,807,269.0,0.006345141813995585,1.5332625280244452,1.1653440797106214,0.2124229835471425,3,4,3,1189,0.008146176978229867,12,3,1.0,581,1158,354.3333333333333,1.6378986866791745,0.2976625689777285,0.0066021306690431615,1.473580070751684,1.3206915619641348,7.828114483308019e-13,4.892571552067512e-11,90.808936825886,87.32280431432973,False,False,多年背景上持续抬升,2026Q2
C0554,电动汽车整车能耗与续航,交通与充电,方向候选,能源电力直接相关,True,True,68,54154,0.0012562122907076969,66,47718,0.0013827376125423658,53,40261,0.0013165665911999212,33,33955,0.0009758228954267405,35,30484,0.0011503937263035095,68,66,0.9084965067218838,3,152,50.666666666666664,0.0012250423663896757,1.025443956203639,0.9084965067218838,-0.02346310282252473,1,0,3,187,0.0013185054981499945,0,0,0.0,110,264,82.66666666666667,1.3266932270916334,0.4243791203560788,0.001246842014896696,1.0075152069781488,0.7576025751319926,0.48010171267297097,0.6019261637239165,65.07704160246533,69.69568567026194,False,False,近期份额下降,2026Q2
C0555,锌空气电池,电化学储能,方向候选,能源电力直接相关,True,True,376,54154,0.006904582882502889,327,47718,0.0068097228286860875,243,40261,0.005992223644059455,214,33955,0.006248179434896592,166,30484,0.005395508603648854,376,327,1.0139300902846151,3,784,261.3333333333333,0.006350041969214046,1.087328700499515,1.0139300902846151,0.07086140385301753,2,4,3,946,0.006568843118416143,12,3,1.0,488,816,363.0,1.3434065934065933,0.5310500325964727,0.006414082365157102,1.0764724382103834,0.9519964577489989,0.10951800165778952,0.6019261637239165,94.34514637904469,75.92449922958399,True,False,平稳或增长证据不足,2026Q2
C0556,水系锌离子电池,电化学储能,方向候选,能源电力直接相关,True,True,1435,54154,0.026325441508188302,1307,47718,0.02718690869773148,989,40261,0.024350329756865834,658,33955,0.01918147392950772,498,30484,0.016154120353867592,1435,1307,0.968313161340956,3,2954,984.6666666666666,0.023572904128035015,1.1167670035564146,0.968313161340956,0.03899521875361467,2,4,3,3731,0.025954226654261874,12,3,1.0,1098,1628,741.0,1.4811320754716981,0.602562635971973,0.024156031036146153,1.0898082333474373,1.023208305385732,0.00238232590062228,0.032486262281212916,99.34514637904468,75.73959938366718,True,False,近期份额下降,2026Q2
C0557,TiO₂光催化污染物降解,能源材料与电化学基础,关联基础研究,关联基础或环境研究,True,False,631,54154,0.01158099359973592,580,47718,0.012070363670388622,558,40261,0.013743970863273945,561,33955,0.01635595688901835,523,30484,0.016964256780841895,631,580,0.9594568909424627,3,1699,566.3333333333334,0.014056763807560305,0.8238733863840827,0.6826702607340033,-0.08561748686498927,2,4,3,1769,0.012465109377799495,12,3,1.0,1056,2075,960.6666666666666,1.0991334488734836,0.4802451105482325,0.01389513445453728,0.8334567497441016,0.7606990610099191,0.999944904497774,1.0,96.65639445300462,67.02619414483821,False,False,近期份额下降,2026Q2
C0558,油水分离界面与膜材料,热工与能效,关联基础研究,关联基础或环境研究,True,False,86,54154,0.0015863118707476755,78,47718,0.0016322541742041462,49,40261,0.0012181317058765626,53,33955,0.0015584037285173318,35,30484,0.0011503937263035095,86,78,0.9718534624187001,3,180,60.0,0.001469596536199347,1.0794199847872372,0.9718534624187001,0.13204672367596038,2,1,3,213,0.0014788992502761283,2,0,0.16666666666666666,143,303,104.33333333333333,1.3670886075949367,0.4799761363511248,0.0014757703848449419,1.0749042581677422,0.8318708269713254,0.28851551446835777,0.6019261637239165,70.48151001540832,76.2788906009245,False,False,近期份额下降,2026Q2
C0559,大气集水与雾水采集,热工与能效,关联基础研究,关联基础或环境研究,True,False,21,54154,0.0003942856094921968,13,47718,0.0002807061318695028,10,40261,0.0002583915739738163,3,33955,0.00010195164579085348,3,30484,0.00011341909977640234,21,13,1.4046205790598683,3,26,8.666666666666666,0.00021368311721139087,1.8451884015813043,1.4046205790598683,0.21129969047943487,3,0,3,44,0.0003111277717785053,0,0,0.0,38,72,16.666666666666668,2.2075471698113205,0.5813515121312344,0.0002166643501295898,1.8197991928823056,1.0302773205811684,0.019261142970048314,0.2093602496744382,62.16486902927581,91.49075500770417,False,False,多年背景上持续抬升,2026Q2
C0560,二氧化碳水合物形成与分离,碳与环境,方向候选,能源电力直接相关,True,True,225,54154,0.004135414183278623,222,47718,0.00462645291414551,177,40261,0.004368048036224038,147,33955,0.004296533644043111,114,30484,0.0037104248355423054,225,222,0.893862805916489,3,546,182.0,0.00443034486480422,0.9334294077491346,0.893862805916489,-0.027364373492003047,1,4,3,624,0.004376638377882724,12,3,1.0,283,486,215.0,1.3148148148148149,0.4383562972566981,0.004468191220597013,0.9255230985226441,0.7925288310702246,0.8282780775681584,0.9309373270877478,89.02927580893683,67.93143297380585,False,False,近期份额下降,2026Q2
C0561,蒸汽压缩制冷循环,热工与能效,方向候选,能源电力直接相关,True,True,51,54154,0.0009444515762254947,38,47718,0.0008005323019982118,24,40261,0.0006029136726055715,21,33955,0.0006262743955723856,26,30484,0.0008587446125927606,51,38,1.1797794715691616,3,83,27.666666666666668,0.0006765734567253896,1.395933533657429,1.0998049505940581,0.2244151965538701,2,0,3,113,0.0007826325169430926,0,0,0.0,85,150,40.0,2.097560975609756,0.2771326649649488,0.0006826971032385189,1.3834123094199284,0.9775323132419821,0.03337846175254724,0.3251148872001354,58.74422187981509,84.9537750385208,False,False,多年背景上持续抬升,2026Q2
C0562,制冷工质及其热物性,热工与能效,方向候选,能源电力直接相关,True,True,5,54154,0.00010086376056777128,6,47718,0.00013515480423346432,1,40261,3.691308199625948e-05,4,33955,0.00013108068744538303,4,30484,0.00014582455685537444,5,6,0.7462832056901268,3,11,3.6666666666666665,0.00010104952455836894,0.9981616539868987,0.6916788416357453,0.502602343559496,1,0,3,12,9.097721559916503e-05,0,0,0.0,5,13,5.0,1.0,0.3160144085775493,9.402415194302954e-05,1.072743103589873,0.38832474860337773,0.48285090520647317,0.6019261637239165,52.40369799691834,56.57550077041602,False,False,近期份额下降,2026Q2
C0563,电力线载波通信,数字技术与测量,方向候选,能源电力直接相关,True,True,12,54154,0.00022923581947220745,13,47718,0.0002807061318695028,9,40261,0.00023378285264297668,14,33955,0.0004223711039906787,17,30484,0.0005670954988820118,12,13,0.8166398715464351,3,36,12.0,0.0003122866961677194,0.7340556683499962,0.40422789446244856,-0.009820725654754447,2,0,3,34,0.00024790826799489567,0,0,0.0,18,53,19.333333333333332,0.9344262295081968,0.1892960408047554,0.0002984244822539633,0.7681535299678417,0.4041021959193388,0.8061970806401013,0.9175232328984462,53.08936825885979,25.677966101694917,False,False,近期份额下降,2026Q2
C0564,波浪能转换装置,风能与水能海洋能源,方向候选,能源电力直接相关,True,True,307,54154,0.0056392011590163035,295,47718,0.00614434533092134,268,40261,0.0066074416773304456,231,33955,0.006743373143023594,211,30484,0.006853754172202599,307,295,0.9177871449765519,3,794,264.6666666666667,0.006498386717091793,0.8677847909827073,0.8227901114235656,-0.07922706185680806,2,4,3,870,0.006130329389089363,12,3,1.0,352,633,277.0,1.2697841726618706,0.3350353409263737,0.0064958424972814755,0.8681246753406231,0.7610495953084659,0.9807848536812982,1.0,88.9753466872111,68.45916795069338,True,False,近期份额下降,2026Q2
C0565,二氧化碳干重整制合成气,氢能与燃料电池,方向候选,能源电力直接相关,True,True,156,54154,0.002870032459792037,40,47718,0.0008421183956085085,44,40261,0.0010950880992223644,41,33955,0.001208855228662977,29,30484,0.000955960983829677,156,40,3.4081103972537887,3,125,41.666666666666664,0.0010486872411646167,2.736785904446335,2.3741738396303766,0.4817442618983723,4,3,3,240,0.0016024129848743035,4,1,0.3333333333333333,247,316,71.66666666666667,3.4128440366972477,0.5169448877741223,0.0010260896581608875,2.797058168324337,2.2115911803040826,1.1082064813986589e-19,1.6623097220979882e-17,75.14637904468414,99.19106317411402,False,False,多年背景上持续抬升,2026Q2
C0566,蒸汽重整制氢与合成气,氢能与燃料电池,方向候选,能源电力直接相关,True,True,113,54154,0.0020814612408076435,49,47718,0.0010292558168548437,61,40261,0.0015134363618466385,56,33955,0.0016457908534809205,36,30484,0.0011827991833824815,113,49,2.022297281902263,3,166,55.333333333333336,0.0013961610107274677,1.490846130793397,1.2647179539279008,0.1593436825488581,4,3,3,223,0.0015413844731697087,3,0,0.25,220,338,91.0,2.402173913043478,0.4502852199082163,0.001361306199870819,1.5290176750867392,1.2044796915786955,0.00020693435126081303,0.0036093200801304596,71.84707241910631,93.01232665639445,False,True,多年背景上持续抬升,2026Q2
C0567,石墨烯结构复合材料,能源材料与电化学基础,关联基础研究,关联基础或环境研究,True,False,2,54154,4.584716389444149e-05,5,47718,0.00011436175742831597,7,40261,0.00018456540998129737,6,33955,0.00018933877075444217,6,30484,0.00021063547101331863,2,5,0.4008959369409772,3,18,6.0,0.00016275531272135185,0.2816938085021836,0.21766117394131848,-0.6963452928396894,1,0,3,14,0.00011492477710135161,0,0,0.0,4,30,11.0,0.4166666666666667,0.3609553091772291,0.000151256244430091,0.30310923074406726,0.08091312014233801,0.9778568923402224,1.0,54.06009244992297,3.6093990755007703,False,False,近期份额下降,2026Q2
C0568,石墨烯分离膜,能源材料与电化学基础,关联基础研究,关联基础或环境研究,True,False,0,54154,9.169432778888298e-06,0,47718,1.039652340257418e-05,0,40261,1.2304360665419824e-05,1,33955,4.369356248179435e-05,0,30484,1.6202728539486048e-05,0,0,0.8819710612701498,3,1,0.3333333333333333,2.2131482183262785e-05,0.4143162533335792,0.20985775153282352,-0.14703914850563482,0,0,3,0,1.0623438948960767e-05,0,0,0.0,0,0,0.6666666666666666,0.6000000000000001,0.0,1.2264019818656027e-05,0.7476694358353658,0.030456345168211635,0.7474316351357654,0.86169617545672,47.75038520801233,31.15562403697997,False,False,近期份额下降,2026Q2
C0569,餐厨垃圾或污泥厌氧消化,生物质与资源循环,方向候选,能源电力直接相关,True,True,272,54154,0.004997340864494122,195,47718,0.0040650406504065045,229,40261,0.005647701545427699,210,33955,0.006131663268278474,207,30484,0.006724132343886711,272,195,1.229345852665554,3,634,211.33333333333334,0.005281468488037559,0.9462029122796091,0.7431948999393934,-0.06117135620428504,3,4,3,696,0.004903361020109442,12,3,1.0,441,812,332.0,1.3273273273273274,0.4719365118274243,0.005187680383291499,0.96330932040254,0.8358225346862529,0.6838865438998186,0.8102921136253776,91.63328197226502,76.84514637904468,False,False,历史峰值以下的恢复或波动,2026Q2
C0570,畜禽粪便与农业残余厌氧消化,生物质与资源循环,方向候选,能源电力直接相关,True,True,96,54154,0.0017697005263254415,64,47718,0.001341151518932069,63,40261,0.0015626538045083178,87,33955,0.002548791144771337,82,30484,0.0026734502090151983,96,64,1.3195380994196815,3,214,71.33333333333333,0.0018175321560705748,0.9736832002749579,0.6619538005075976,0.06221240271751283,3,2,3,223,0.0015578352832552763,2,0,0.16666666666666666,214,375,126.66666666666667,1.6840731070496082,0.4403196706052257,0.001753754834067812,1.009092315498081,0.7935836566922793,0.46746487222436145,0.6019261637239165,70.45839753466872,80.55084745762713,False,False,历史峰值以下的恢复或波动,2026Q2
C0571,光伏电池与组件制造工艺,太阳能,方向候选,能源电力直接相关,True,True,40,54154,0.0007427240550899522,32,47718,0.0006757740211673217,27,40261,0.0006767398365980904,17,33955,0.0005097582289542675,24,30484,0.0007939336984348164,40,32,1.0990716301981867,3,76,25.333333333333332,0.0006207573622398931,1.196480461238452,0.9354988414702382,0.0465188362143496,3,0,3,99,0.0006984126376184547,0,0,0.0,79,172,47.666666666666664,1.6438356164383563,0.2807475098516814,0.0006254650107514574,1.1874749863267575,0.8113521584457846,0.1919990953291107,0.6019261637239165,58.47457627118645,81.32896764252695,False,False,历史峰值以下的恢复或波动,2026Q2
C0572,碳排放交易机制,能源政策与治理,方向候选,能源治理与政策研究,True,False,257,54154,0.004722257881127474,245,47718,0.005104692990663922,228,40261,0.00562309282409686,173,33955,0.00505388872706088,108,30484,0.0035159920930684725,257,245,0.925081663043029,3,646,215.33333333333334,0.0052605581806072195,0.8976723988218279,0.8397972483916675,-0.08729739362086875,1,4,3,730,0.005150014565296085,12,3,1.0,359,771,310.0,1.157556270096463,0.3579233799800255,0.005285792541840748,0.8933869128891263,0.7732376473562462,0.9328225869282463,1.0,89.1602465331279,65.79738058551618,False,False,近期份额下降,2026Q2
C0573,电连接器与接线端子,电力电子与电机,关联基础研究,关联基础或环境研究,True,False,1,54154,2.7508298336664893e-05,1,47718,3.118957020772254e-05,0,40261,1.2304360665419824e-05,0,33955,1.4564520827264783e-05,0,30484,1.6202728539486048e-05,1,1,0.8819710612701498,3,1,0.3333333333333333,1.935281723346905e-05,1.42141053701947,0.8819710612701498,0.40226699582841974,0,0,3,2,2.366740973660242e-05,0,0,0.0,1,1,0.0,2.0,0.0,1.2264019818656027e-05,2.2430083075060976,0.23330816657854186,0.27765937364853943,0.6019261637239165,48.49768875192604,77.40369799691832,False,False,近期份额下降,2026Q2
C0574,电力市场机制与制度设计,能源政策与治理,方向候选,能源治理与政策研究,True,False,53,54154,0.0009811293073410479,32,47718,0.0006757740211673217,29,40261,0.0007259572792597697,24,33955,0.0007136615205359743,23,30484,0.0007615282413558443,53,32,1.4518600547062466,3,85,28.333333333333332,0.0007051309403210219,1.391414347659136,1.2883689061803147,0.15060654677245866,3,0,3,114,0.0007942868692560464,0,0,0.0,70,151,50.333333333333336,1.383116883116883,0.3136750478350044,0.0006990491296633935,1.4035198181470905,0.9973194518440157,0.02567001023249899,0.26016902262667896,59.55315870570108,86.80662557781203,False,False,多年背景上持续抬升,2026Q2
C0575,产消者能源交易,电网与电力系统,方向候选,能源电力直接相关,True,True,131,54154,0.002411560820847622,136,47718,0.002838250888902751,139,40261,0.003432916625652131,139,33955,0.004063501310806875,126,30484,0.004099290320489971,131,136,0.8496644289891919,3,414,138.0,0.003444889608453919,0.7000400868955394,0.5882873942334922,-0.1765680233274347,1,3,3,406,0.002894242778467502,8,0,0.6666666666666666,201,510,232.66666666666666,0.8644793152639088,0.4495797461529838,0.003388957476555282,0.7115937091364338,0.5848407154154407,0.9996672512370832,1.0,82.47303543913713,9.341294298921415,False,False,近期份额下降,2026Q2
C0576,碱性水电解制氢,氢能与燃料电池,方向候选,能源电力直接相关,True,True,409,54154,0.007509765445909516,280,47718,0.005832449628844115,210,40261,0.005180135840141746,109,33955,0.0031896300611709873,75,30484,0.0024466120094623935,409,280,1.2875834209986678,3,599,199.66666666666666,0.004734071843385616,1.586322661410824,1.2875834209986678,0.18568647657970994,4,4,3,899,0.006174116971631793,12,3,1.0,608,976,308.0,1.970873786407767,0.564209343364675,0.0049015199208561925,1.5321299448269339,1.3512144649227764,6.156519663381894e-12,3.298135533954586e-10,94.94607087827428,91.49460708782742,True,True,多年背景上持续抬升,2026Q2
C0577,质子交换膜水电解制氢,氢能与燃料电池,方向候选,能源电力直接相关,True,True,427,54154,0.007839865025949494,355,47718,0.007391928139230242,188,40261,0.004638743970863274,98,33955,0.0028692106029711622,71,30484,0.002316990181146505,427,355,1.0605981116539775,3,641,213.66666666666666,0.00496662757102156,1.5785087393490533,1.0605981116539775,0.2623889922387401,2,4,3,970,0.006623512378681004,12,3,1.0,528,855,291.3333333333333,1.8095781071835806,0.5856334233307967,0.005244912475778561,1.4947561207464641,1.3225901602770949,2.792747864874862e-11,1.396373932437431e-09,95.57781201849,84.67642526964562,True,False,平稳或增长证据不足,2026Q2
C0578,光伏电池与组件模型参数辨识,太阳能,方向候选,能源电力直接相关,True,True,77,54154,0.0014212620807276862,76,47718,0.0015906680805938495,61,40261,0.0015134363618466385,51,33955,0.0015001456452082727,71,30484,0.002316990181146505,77,76,0.8935000947508054,3,188,62.666666666666664,0.0015347500292162534,0.9260544412261573,0.6134087629255338,-0.031418767732219965,1,1,3,214,0.0015084555077227247,2,0,0.16666666666666666,124,311,129.0,0.9615384615384616,0.4305869540325364,0.0015411784905444408,0.9221917444653717,0.7078800617398435,0.7254795211049544,0.8482962400199862,69.30277349768875,60.65100154083205,False,False,近期份额下降,2026Q2
C0579,电机转子结构与制造,电力电子与电机,方向候选,能源电力直接相关,True,True,2,54154,4.584716389444149e-05,2,47718,5.1982617012870895e-05,4,40261,0.00011073924598877842,1,33955,4.369356248179435e-05,3,30484,0.00011341909977640234,2,2,0.8819710612701499,3,7,2.3333333333333335,6.880514182781455e-05,0.6663333971343945,0.4042278944624486,-0.44093248095669413,1,0,3,8,6.95230089653636e-05,0,0,0.0,6,13,2.6666666666666665,1.9090909090909092,0.1481013835940266,6.132009909328013e-05,0.7476694358353659,0.1786769331917794,0.710433814668801,0.8338425054798134,49.938366718027744,31.729583975346685,False,False,近期份额下降,2026Q2
C0580,电机定子结构与制造,电力电子与电机,方向候选,能源电力直接相关,True,True,0,54154,9.169432778888298e-06,2,47718,5.1982617012870895e-05,2,40261,6.152180332709912e-05,1,33955,4.369356248179435e-05,0,30484,1.6202728539486048e-05,0,2,0.17639421225402996,3,5,1.6666666666666667,5.2399327607254785e-05,0.17499142064599266,0.14904362816116196,-0.9517581047226846,0,0,3,4,4.089128437295277e-05,0,0,0.0,0,6,2.3333333333333335,0.3,0.2372250682309011,4.496807266840543e-05,0.20390984613691795,0.011274754345682524,0.9319139323006368,1.0,49.907550077041606,0.5007704160246533,False,False,近期份额下降,2026Q2
C0581,微电网下垂控制与功率分配,电网与电力系统,方向候选,能源电力直接相关,True,True,76,54154,0.0014029232151699096,93,47718,0.0019441498762813715,81,40261,0.0020056107884634314,78,33955,0.002286629769880571,79,30484,0.002576233837778282,76,93,0.721612686493759,3,252,84.0,0.002078796811541791,0.6748726991405172,0.5445636163135628,-0.1786952882127979,1,1,3,250,0.001784227959971571,2,0,0.16666666666666666,113,345,145.33333333333334,0.7790432801822323,0.3162401687756515,0.002064443336140431,0.6795648931652138,0.5261873880284093,0.9985532824024282,1.0,67.88520801232666,7.692604006163327,False,False,近期份额下降,2026Q2
C0582,微电网孤岛切换与动态控制,电网与电力系统,方向候选,能源电力直接相关,True,True,190,54154,0.0034935538887564416,165,47718,0.0034412492462520534,168,40261,0.004146569544246481,165,33955,0.004820856393824643,137,30484,0.004455750348358664,190,165,1.0151993182595984,3,498,166.0,0.004136225061441059,0.8446237419052068,0.724674954688874,-0.08568092611846456,3,4,3,523,0.0036937908930849924,12,3,1.0,262,557,244.0,1.073469387755102,0.3746786745408898,0.00407574258640002,0.8571576380740453,0.7253629539559884,0.9630239432157172,1.0,87.54237288135593,70.59707241910633,False,False,历史峰值以下的恢复或波动,2026Q2
C0583,碳化硅陶瓷结构材料,能源材料与电化学基础,关联基础研究,关联基础或环境研究,True,False,118,54154,0.0021731555685965266,57,47718,0.0011956001912960307,59,40261,0.0014642189191849593,52,33955,0.0015292746868628023,79,30484,0.002576233837778282,118,57,1.8176273175741346,3,168,56.0,0.0013963645991145973,1.5562952326165205,0.8435397193876757,0.19742917550616657,4,3,3,234,0.0016109915596925057,3,0,0.25,163,279,99.0,1.64,0.4016321581070979,0.0013776582262956937,1.5774272073559203,1.2470881909231952,5.838866250126602e-05,0.0010947874218987378,70.66063174114021,92.68104776579354,False,False,历史峰值以下的恢复或波动,2026Q2
C0584,聚合物有机太阳能电池,太阳能,方向候选,能源电力直接相关,True,True,88,54154,0.0016229896018632288,150,47718,0.003129353544174828,145,40261,0.003580568953637169,205,33955,0.005986018060005826,240,30484,0.00779351242749279,88,150,0.5186341456638422,3,500,166.66666666666666,0.004231980185939274,0.3835059547905259,0.20824879885196412,-0.3956259158044664,0,1,3,383,0.0027776373665584085,9,1,0.75,156,418,255.0,0.61328125,0.4485980599113858,0.004092094612824894,0.3966158545740053,0.3163824431805535,1.0,1.0,82.52118644067798,1.856702619414484,False,False,近期份额下降,2026Q2
C0585,有机光伏印刷与规模制造,太阳能,方向候选,能源电力直接相关,True,True,13,54154,0.00024757468502998404,4,47718,9.356871062316762e-05,5,40261,0.00013534796731961806,7,33955,0.00021846781240897174,15,30484,0.0005022845847240675,13,4,2.6459131838104493,3,16,5.333333333333333,0.00014912816345058583,1.6601470795422142,0.49289723905421146,0.3019316480973453,3,0,3,22,0.00015883045432425657,0,0,0.0,37,51,12.0,2.923076923076923,0.4654773368379392,0.0001349042180052163,1.8351886152322618,0.893910998752599,0.05024788947876638,0.46525823591450355,57.473035439137135,93.8482280431433,False,False,历史峰值以下的恢复或波动,2026Q2
C0586,小分子有机太阳能电池,太阳能,方向候选,能源电力直接相关,True,True,40,54154,0.0007427240550899522,73,47718,0.0015282889401784044,64,40261,0.0015872625258391575,69,33955,0.002024468394989805,73,30484,0.0023818010953044495,40,73,0.48598405416926627,3,206,68.66666666666667,0.0017133399536691223,0.43349485518002806,0.31183294715674603,-0.3797207733502508,0,0,3,177,0.0012860918403691714,2,0,0.16666666666666666,105,303,159.66666666666666,0.6597510373443983,0.4659740772685965,0.001688346728368313,0.43991204093945263,0.3141089681161302,0.9999995878452299,1.0,68.10862865947612,2.0570107858243447,False,False,近期份额下降,2026Q2
C0587,太阳辐照度预测估算,太阳能,方向候选,能源电力直接相关,True,True,288,54154,0.005290762713418548,292,47718,0.006081966190505895,235,40261,0.005795353873412738,191,33955,0.0055782114768424115,195,30484,0.006335266858939046,288,292,0.8699099185519256,3,718,239.33333333333334,0.005818510513587015,0.9092984709856409,0.835128626973826,-0.045547062259793325,1,4,3,815,0.005722694259112394,12,3,1.0,488,1077,398.6666666666667,1.2235195996663886,0.3415296276699407,0.005874465493136237,0.9006372953590942,0.7856347448281273,0.9285679374988036,1.0,89.53775038520801,52.3382126348228,True,False,近期份额下降,2026Q2
C0588,电网接地与地网安全,电网与电力系统,方向候选,能源电力直接相关,True,True,8,54154,0.00015588035724110107,11,47718,0.00023912003825920613,4,40261,0.00011073924598877842,2,33955,7.282260413632391e-05,6,30484,0.00021063547101331863,8,11,0.6518916539822847,3,17,5.666666666666667,0.00014089396279476948,1.1063664769523252,0.6518916539822847,0.1709552348543637,0,0,3,23,0.00016857988049636188,0,0,0.0,12,31,7.0,1.625,0.1071296797775079,0.00014308023121765366,1.089461177931533,0.48010459939829647,0.4462988486279512,0.6019261637239165,51.37134052388289,55.22342064714946,False,False,近期份额下降,2026Q2
C0589,输电线路雷击与防雷,电网与电力系统,方向候选,能源电力直接相关,True,True,28,54154,0.000522657668396633,24,47718,0.0005094296467261348,24,40261,0.0006029136726055715,29,33955,0.0008593067288086222,21,30484,0.0006967173271979001,28,24,1.025966336579562,3,77,25.666666666666668,0.0006572166827134429,0.7952592838008042,0.6082317883408953,-0.0714236636436727,2,0,3,76,0.0005450003292427798,0,0,0.0,32,67,26.333333333333332,1.2073170731707317,0.1833194579615552,0.0006336410239638948,0.824848216308694,0.5369072759744814,0.8180190322954524,0.9267587223891077,55.54699537750385,68.25885978428352,False,False,历史峰值以下的恢复或波动,2026Q2
C0590,非钙钛矿多结太阳能电池,太阳能,方向候选,能源电力直接相关,True,True,100,54154,0.001843055988556548,93,47718,0.0019441498762813715,86,40261,0.00212865439511763,80,33955,0.00234488785318963,80,30484,0.002608639294857254,100,93,0.9480009802957226,3,259,86.33333333333333,0.0021392307081962107,0.8615508282931317,0.7065200590169753,-0.07203249172498616,2,3,3,279,0.0019719534199851827,6,0,0.5,172,389,156.0,1.1019108280254777,0.3477782112962063,0.002121675428627493,0.8686795179358875,0.6900020627898631,0.8832524172656735,0.9756101810740135,75.16563944530046,68.0431432973806,False,False,近期份额下降,2026Q2
C0591,电池等效电路与参数辨识,电化学储能,方向候选,能源电力直接相关,True,True,38,54154,0.000706046323974399,36,47718,0.000758946208387915,33,40261,0.0008243921645831282,27,33955,0.000801048645499563,24,30484,0.0007939336984348164,38,36,0.9302982427096101,3,96,32.0,0.0007947956728235353,0.8883368998048874,0.8564447289857814,-0.07748274727427518,2,0,3,107,0.0007631282323151473,0,0,0.0,64,161,55.0,1.1607142857142858,0.4968351400464192,0.0007889852750002044,0.8948789620620182,0.6158906847786827,0.7261415814571082,0.8482962400199862,63.52850539291218,68.65947611710324,False,False,近期份额下降,2026Q2
C0592,电池荷电状态估计,电化学储能,方向候选,能源电力直接相关,True,True,597,54154,0.010957472170771516,537,47718,0.011176262657767243,434,40261,0.010692489418249828,327,33955,0.009539761141858432,274,30484,0.008895297968177842,597,537,0.9804236448537944,3,1298,432.6666666666667,0.010469504405958502,1.0466084874595685,0.9804236448537944,0.012240021044474858,2,4,3,1568,0.01094207474892953,12,3,1.0,627,1158,457.0,1.3711790393013101,0.473857726332306,0.0106165531563499,1.032112024439656,0.9368011822102124,0.23843686248908652,0.6019261637239165,95.52388289676426,74.30662557781203,True,False,近期份额下降,2026Q2
C0593,电池健康状态与寿命预测,电化学储能,方向候选,能源电力直接相关,True,True,1050,54154,0.019264978268444314,717,47718,0.014919011082693947,504,40261,0.012415099911408604,335,33955,0.009772793475094669,246,30484,0.007987945169966622,1050,717,1.291303971936296,3,1556,518.6666666666666,0.012368968156399074,1.5575250922185935,1.291303971936296,0.2196876917400612,4,4,3,2271,0.01553302975418229,12,3,1.0,954,1476,530.0,1.7984934086629,0.5422415781124065,0.012725964565158737,1.5138324619564123,1.399873589536951,1.0842403645115227e-26,4.0659013669182105e-24,98.18952234206473,91.33281972265023,True,True,多年背景上持续抬升,2026Q2
C0594,能源安全与转型战略,能源政策与治理,方向候选,能源治理与政策研究,True,False,67,54154,0.0012378734251499203,39,47718,0.0008213253488033601,27,40261,0.0006767398365980904,20,33955,0.0005971453539178561,17,30484,0.0005670954988820118,67,39,1.5071657376135472,3,86,28.666666666666668,0.0006984035131064355,1.7724329874057643,1.5071657376135472,0.30193164809734485,3,1,3,133,0.0009119795368504568,1,0,0.08333333333333333,101,210,51.666666666666664,1.9367088607594938,0.2965969929125471,0.0007072251428758309,1.7503244018111168,1.2731403850005272,0.00023621741312225154,0.004026433178220197,61.68913713405239,92.56163328197226,False,False,多年背景上持续抬升,2026Q2
C0595,电网短路电流计算,电网与电力系统,方向候选,能源电力直接相关,True,True,1,54154,2.7508298336664893e-05,0,47718,1.039652340257418e-05,0,40261,1.2304360665419824e-05,0,33955,1.4564520827264783e-05,0,30484,1.6202728539486048e-05,1,0,2.6459131838104493,3,0,0.0,1.242180163175293e-05,2.2145175999548625,1.697757156742284,0.40226699582841974,1,0,3,1,1.6736394134886302e-05,0,0,0.0,0,0,0.0,1.0,0.0,4.088006606218676e-06,6.729024922518292,0.2741071065139047,0.06673693399602781,0.5501637404432503,48.12018489984592,87.153312788906,False,False,多年背景上持续抬升,2026Q2
C0596,聚变加热与中性束注入,核能与等离子体,方向候选,能源电力直接相关,True,True,15,54154,0.0002842524161455372,2,47718,5.1982617012870895e-05,12,40261,0.00030760901663549564,3,33955,0.00010195164579085348,6,30484,0.00021063547101331863,15,2,5.468220579874929,3,17,5.666666666666667,0.00015384775981307336,1.8476214180232906,0.924070494599204,-0.039483458697161744,4,0,3,29,0.00021461468326463458,0,0,0.0,35,66,16.0,2.1176470588235294,0.2310891484494973,0.00014308023121765366,1.986664500933972,1.0028199652997916,0.024058543977938787,0.24717682169115193,53.359013867488436,92.81972265023111,False,False,历史峰值以下的恢复或波动,2026Q2
C0597,电动汽车充电负荷预测,交通与充电,方向候选,能源电力直接相关,True,True,114,54154,0.00209980010636542,67,47718,0.0014035306593475141,34,40261,0.0008490008859139679,21,33955,0.0006262743955723856,18,30484,0.0005995009559609839,114,67,1.4960842446730689,3,122,40.666666666666664,0.000959601980277956,2.188199013258807,1.4960842446730689,0.45276860097285576,3,3,3,215,0.0014507772172089673,4,0,0.3333333333333333,185,286,63.666666666666664,2.876288659793815,0.4913128722275898,0.0010015616185235754,2.096526132322026,1.6249957490188152,2.5083377872707253e-09,8.958349240252591e-08,73.22804314329738,94.40292758089367,False,False,多年背景上持续抬升,2026Q2
C0598,锂资源提取与分离,电化学储能,方向候选,能源电力直接相关,True,True,554,54154,0.010168900951787123,449,47718,0.009346474538914186,261,40261,0.006435180628014569,127,33955,0.0037139528109525195,94,30484,0.0030623156939628632,554,449,1.0879932224122317,3,837,279.0,0.006498535992627091,1.564798742874432,1.0879932224122317,0.2287771131370877,2,4,3,1264,0.008650185372905293,12,3,1.0,665,1077,339.0,1.9588235294117646,0.5303474434027714,0.006847411065416282,1.485072365984634,1.3339645890812326,9.038243537887074e-14,6.1624387758320955e-12,96.31741140215718,84.86902927580894,True,False,平稳或增长证据不足,2026Q2
C0599,电气设备温度监测与控制,热工与能效,方向候选,能源电力直接相关,True,True,0,54154,9.169432778888298e-06,0,47718,1.039652340257418e-05,1,40261,3.691308199625948e-05,1,33955,4.369356248179435e-05,0,30484,1.6202728539486048e-05,0,0,0.8819710612701498,3,2,0.6666666666666666,3.0334389293542668e-05,0.30227846983028633,0.20985775153282352,-0.6963452928396894,0,0,3,1,1.8826346059240653e-05,0,0,0.0,0,3,1.3333333333333333,0.4285714285714286,0.7206287732087937,2.0440033031093378e-05,0.44860166150121955,0.021535793878595597,0.8270255170023244,0.9309373270877478,56.987673343605536,18.089368258859785,False,False,近期份额下降,2026Q2
C0600,直接空气捕碳,碳与环境,方向候选,能源电力直接相关,True,True,164,54154,0.00301674338425425,98,47718,0.0020481151103071134,86,40261,0.00212865439511763,49,33955,0.0014418875618992136,30,30484,0.000988366440908649,164,98,1.4729364424257831,3,233,77.66666666666667,0.0018728856891079854,1.610746134587135,1.4172067533243433,0.17434392962816192,4,4,3,348,0.0023978376298929975,7,1,0.5833333333333334,272,435,115.66666666666667,2.34,0.5005331067739874,0.0019090990851041215,1.5801921481145742,1.2943821092515035,2.52372271869895e-06,6.309306796747376e-05,81.43104776579352,93.21263482280429,False,True,多年背景上持续抬升,2026Q2
C0601,铜基热电材料,能源材料与电化学基础,方向候选,能源电力直接相关,True,True,41,54154,0.0007610629206477287,49,47718,0.0010292558168548437,59,40261,0.0014642189191849593,63,33955,0.0018496941450626275,39,30484,0.001280015554619398,41,49,0.7394302836911357,3,171,57.0,0.0014477229603674768,0.5256965189351887,0.4114533868635673,-0.3271805911631005,1,0,3,149,0.0010848458855625106,0,0,0.0,82,250,122.33333333333333,0.672972972972973,0.401672711880149,0.0014021862659330058,0.5427687741195513,0.3866860368649593,0.9998430550386856,1.0,63.29738058551618,6.167180277349769,False,False,近期份额下降,2026Q2
C0602,摩擦纳米发电机,能源材料与电化学基础,方向候选,能源电力直接相关,True,True,191,54154,0.0035118927543142183,403,47718,0.008389994385877363,303,40261,0.007468746923909833,268,33955,0.007821147684241189,195,30484,0.006335266858939046,191,403,0.4185810612967378,3,974,324.6666666666667,0.007893296331342795,0.44492093124252197,0.4185810612967378,-0.3772860494450607,1,4,3,897,0.006456878021367137,12,3,1.0,350,936,439.0,0.7977272727272727,0.6023314163029121,0.007967524875520198,0.4407758757182327,0.3775143135674111,1.0,1.0,94.87673343605547,5.0885978428351315,False,False,近期份额下降,2026Q2
C0603,ZnO光催化污染物降解,能源材料与电化学基础,关联基础研究,关联基础或环境研究,True,False,372,54154,0.006831227420271782,302,47718,0.0062898966585573785,295,40261,0.007271877153263116,232,33955,0.006772502184678124,233,30484,0.007566674227939985,372,302,1.0860635382582837,3,829,276.3333333333333,0.006778091998832873,1.0078392889102212,0.9028044837780168,-0.031255048018903775,3,4,3,969,0.006797667077364092,12,3,1.0,726,1413,556.3333333333334,1.3044258373205742,0.5250927661531023,0.006782002959716783,1.0072581007185308,0.8913529839917168,0.4340917774325587,0.6019261637239165,95.21571648690293,76.20570107858242,False,False,历史峰值以下的恢复或波动,2026Q2
C0604,电池老化实验与循环寿命,电化学储能,方向候选,能源电力直接相关,True,True,199,54154,0.0036586036787764308,157,47718,0.0032749048718108665,123,40261,0.003039177084358697,101,33955,0.002956597727934751,73,30484,0.0023818010953044495,199,157,1.117163344275523,3,381,127.0,0.0030902265613681045,1.1839273289906274,1.117163344275523,0.09274739162530876,2,4,3,479,0.0033242285449819977,11,2,0.9166666666666666,304,582,216.66666666666666,1.4012251148545176,0.4572798225397068,0.0031191490405448495,1.1729492984206198,0.9883418698586048,0.03150927609905354,0.31094680360908095,87.67141756548537,78.86748844375964,False,False,平稳或增长证据不足,2026Q2
C0605,电池阻抗表征,电化学储能,方向候选,能源电力直接相关,True,True,91,54154,0.0016780061985365586,45,47718,0.0009460836296342504,40,40261,0.0009966532138990058,31,33955,0.0009175648121176813,32,30484,0.0010531773550665933,91,45,1.7736341122245871,3,116,38.666666666666664,0.0009534338852169792,1.759960731996308,1.593279793250451,0.26047935057885674,4,1,3,176,0.001206914347356605,1,0,0.08333333333333333,139,230,64.66666666666667,2.131979695431472,0.5605411093662442,0.0009525055392489515,1.761676052676463,1.3397429566084285,1.8933356853491242e-05,0.0003837842605437414,68.90793528505392,95.03852080123266,False,False,多年背景上持续抬升,2026Q2
C0606,地热资源勘探与储层建模,热工与能效,方向候选,能源电力直接相关,True,True,244,54154,0.004483852628876378,105,47718,0.0021936664379431517,101,40261,0.0024977852150802242,81,33955,0.0023740168948441598,92,30484,0.002997504779804919,244,105,2.043999284175845,3,287,95.66666666666667,0.002355156182622512,1.903845130085395,1.495861711075634,0.2925391067109082,3,3,3,450,0.0030584347606332513,7,1,0.5833333333333334,406,610,172.0,2.352601156069364,0.2969060646454053,0.0023506037985757387,1.9075322823834466,1.608495008295678,1.480229468962376e-14,1.110172101721782e-12,78.865562403698,93.99460708782742,False,True,多年背景上持续抬升,2026Q2
C0607,地热供热与发电利用,热工与能效,方向候选,能源电力直接相关,True,True,38,54154,0.000706046323974399,43,47718,0.0009044975360239536,33,40261,0.0008243921645831282,38,33955,0.0011214681036993883,33,30484,0.0010855828121455653,38,43,0.7805950772161097,3,114,38.0,0.0009501192681021566,0.7431133623726122,0.6295732545984706,-0.07748274727427518,1,0,3,114,0.0008116453415271603,0,0,0.0,71,236,86.33333333333333,0.8244274809160306,0.2960869808972195,0.0009361535128240767,0.7541992999037971,0.5234852555217695,0.9379629125002832,1.0,59.60708782742682,40.88983050847458,False,False,近期份额下降,2026Q2
C0608,隔离型DC-DC变换器,电力电子与电机,方向候选,能源电力直接相关,True,True,53,54154,0.0009811293073410479,36,47718,0.000758946208387915,46,40261,0.0011443055418840437,51,33955,0.0015001456452082727,34,30484,0.0011179882692245375,53,36,1.2927521035055622,3,133,44.333333333333336,0.0011344657984934104,0.8648381543489492,0.6540227013789937,-0.07692447785130963,2,1,3,135,0.0009614603525376688,1,0,0.08333333333333333,72,176,69.0,1.042857142857143,0.3165035459806254,0.0010914977638603865,0.8988834790380241,0.6545888523094642,0.7479522802964329,0.86169617545672,61.95107858243452,71.61787365177196,False,False,历史峰值以下的恢复或波动,2026Q2
C0609,非隔离DC-DC变换器,电力电子与电机,方向候选,能源电力直接相关,True,True,48,54154,0.0008894349795521649,40,47718,0.0008421183956085085,44,40261,0.0010950880992223644,41,33955,0.001208855228662977,39,30484,0.001280015554619398,48,40,1.056187567200056,3,125,41.666666666666664,0.0010486872411646167,0.8481413186303338,0.6948626337721584,-0.10400184412001279,3,0,3,132,0.0009422138247943459,0,0,0.0,68,157,63.0,1.078125,0.3073157398427526,0.0010260896581608875,0.8668199435382131,0.622312496913713,0.8045096066715524,0.9169942325283651,59.96147919876734,70.85901386748844,False,False,历史峰值以下的恢复或波动,2026Q2
C0610,电池极耳焊接,能源专用装置与材料,方向候选,能源电力直接相关,True,True,0,54154,9.169432778888298e-06,0,47718,1.039652340257418e-05,0,40261,1.2304360665419824e-05,0,33955,1.4564520827264783e-05,0,30484,1.6202728539486048e-05,0,0,0.8819710612701498,3,0,0.0,1.242180163175293e-05,0.7381725333182875,0.565919052247428,-0.14703914850563482,0,0,3,0,1.0623438948960767e-05,0,0,0.0,0,0,0.0,1.0,0.0,4.088006606218676e-06,2.2430083075060976,0.044503740341638134,0.5,0.6019261637239165,47.75038520801233,58.89830508474576,False,False,近期份额下降,2026Q2
C0611,电气安全与触电风险,电网与电力系统,方向候选,能源电力直接相关,True,True,40,54154,0.0007427240550899522,26,47718,0.0005510157403364315,16,40261,0.0004060439019588542,12,33955,0.00036411302068161956,9,30484,0.00030785184225023493,40,26,1.3479180370355122,3,54,18.0,0.0004403908876589684,1.6865109517549912,1.3479180370355122,0.30193164809734485,3,0,3,82,0.0005665945657950792,0,0,0.0,13,37,8.666666666666666,1.4482758620689655,0.0711561105829438,0.00044559272007783565,1.666822687229302,1.109929024688408,0.006575992866019754,0.08359312965279349,55.0693374422188,90.23497688751925,False,False,多年背景上持续抬升,2026Q2
C0612,国际气候协定与治理,能源政策与治理,方向候选,能源治理与政策研究,True,False,38,54154,0.000706046323974399,27,47718,0.0005718087871415798,16,40261,0.0004060439019588542,11,33955,0.00033498397902709,19,30484,0.000631906413039956,38,27,1.2347594857782098,3,54,18.0,0.00043761222270917465,1.6134063157637588,1.1173273595654347,0.27660978168796735,3,0,3,81,0.0005612996710249444,0,0,0.0,63,141,36.333333333333336,1.7142857142857142,0.2189507743769889,0.00044559272007783565,1.5845104557611882,1.0487906878115787,0.014137316844232457,0.1606513277753688,56.64869029275808,89.54930662557781,False,False,多年背景上持续抬升,2026Q2
C0613,电力系统可靠性评估,电网与电力系统,方向候选,能源电力直接相关,True,True,22,54154,0.0004126244750499734,17,47718,0.0003638783190900963,12,40261,0.00030760901663549564,20,33955,0.0005971453539178561,18,30484,0.0005995009559609839,22,17,1.1339627930616212,3,49,16.333333333333332,0.0004228775632144827,0.9757540029161846,0.688279928409034,0.14685418394542538,2,0,3,51,0.0003613706035918551,0,0,0.0,33,71,25.666666666666668,1.275,0.3464107769275267,0.00040471265401564887,1.01954923068459,0.6194133154129898,0.4831038080321883,0.6019261637239165,57.4884437596302,76.40986132511557,False,False,历史峰值以下的恢复或波动,2026Q2
C0614,电晕放电与电晕损耗,电网与电力系统,方向候选,能源电力直接相关,True,True,46,54154,0.0008527572484366117,35,47718,0.0007381531615827668,37,40261,0.0009228270499064869,50,33955,0.0014710166035537431,34,30484,0.0011179882692245375,46,35,1.155257868987661,3,122,40.666666666666664,0.0010439989383476656,0.8168181184037105,0.5797060661154233,-0.039483458697161744,3,0,3,118,0.000837912486641955,0,0,0.0,50,125,59.0,0.85,0.2103816529822303,0.0010015616185235754,0.8514276432574167,0.6074759614220582,0.8283911336556735,0.9309373270877478,58.05855161787365,66.63713405238828,False,False,历史峰值以下的恢复或波动,2026Q2
C0615,电气绝缘局部放电,电网与电力系统,方向候选,能源电力直接相关,True,True,128,54154,0.0023565442241742928,97,47718,0.0020273220635019648,80,40261,0.001981002067132592,89,33955,0.0026070492280803963,83,30484,0.0027058556660941703,128,97,1.1623926294688642,3,266,88.66666666666667,0.002205124452904984,1.0686672224190483,0.8709053678298743,0.0867967114497441,3,3,3,305,0.002121622784936283,5,0,0.4166666666666667,133,287,124.33333333333333,1.069148936170213,0.3307556448292696,0.002178907521114554,1.0815255816680434,0.8762283764694414,0.22770986928952353,0.6019261637239165,73.34553158705701,79.1949152542373,False,False,历史峰值以下的恢复或波动,2026Q2
C0616,锂金属负极界面稳定与枝晶抑制,电化学储能,方向候选,能源电力直接相关,True,True,425,54154,0.007803187294833942,380,47718,0.00791175430935895,359,40261,0.008846835318436854,278,33955,0.008112438100786485,287,30484,0.009316568910204479,425,380,0.9862777570839653,3,1017,339.0,0.008290342576194097,0.941238220630468,0.8375601973261934,-0.06276376307947062,3,4,3,1164,0.008187258974209915,12,3,1.0,586,944,422.0,1.387706855791962,0.5575638998741645,0.008319093443655005,0.9379852922298227,0.8376326679270528,0.855071855065592,0.952903256016633,96.26348228043145,73.97149460708783,True,False,近期份额下降,2026Q2
C0617,木质纤维素生物乙醇,生物质与资源循环,方向候选,能源电力直接相关,True,True,10,54154,0.00019255808835665425,3,47718,7.277566381801925e-05,3,40261,8.613052465793877e-05,2,33955,7.282260413632391e-05,5,30484,0.00017823001393434655,10,3,2.6459131838104497,3,8,2.6666666666666665,7.724293087076066e-05,2.492889461675576,1.0803909179269078,0.4022669958284206,4,0,3,16,0.0001171547589442041,0,0,0.0,19,35,7.333333333333333,2.4000000000000004,0.3177971958297372,6.949611230571749e-05,2.7707749680957674,1.1216415261883526,0.011295185283439221,0.13236545254030338,53.32819722650232,98.36671802773498,False,False,多年背景上持续抬升,2026Q2
C0618,木质纤维素预处理,生物质与资源循环,方向候选,能源电力直接相关,True,True,16,54154,0.00030259128170331384,11,47718,0.00023912003825920613,10,40261,0.0002583915739738163,12,33955,0.00036411302068161956,13,30484,0.0004374736705661233,16,11,1.2654367400832585,3,33,11.0,0.0002872082109715473,1.0535606927104548,0.6916788416357453,0.07895341336589379,2,0,3,37,0.0002667009646454454,0,0,0.0,31,67,24.0,1.28,0.441476414360605,0.00027389644261665127,1.1047652857865855,0.6127137329261435,0.38663009300442663,0.6019261637239165,58.41294298921418,77.98921417565485,False,False,历史峰值以下的恢复或波动,2026Q2
C0619,生物炭土壤改良,生物质与资源循环,关联基础研究,关联基础或环境研究,True,False,160,54154,0.0029433879220231436,43,47718,0.0009044975360239536,45,40261,0.001119696820553204,41,33955,0.001208855228662977,35,30484,0.0011503937263035095,160,43,3.2541690881346907,3,129,43.0,0.0010776831950800449,2.731218168252613,2.4348555991097474,0.48325165980094864,4,3,3,248,0.0016558607595334339,3,1,0.25,361,545,125.66666666666667,2.857894736842105,0.4389662879699824,0.001058793711010637,2.7799446591098738,2.205411553772552,5.780944068617331e-20,1.0839270128657496e-17,73.34167950693374,99.0677966101695,False,False,多年背景上持续抬升,2026Q2
C0620,生物炭水污染物去除,生物质与资源循环,关联基础研究,关联基础或环境研究,True,False,0,54154,9.169432778888298e-06,2,47718,5.1982617012870895e-05,4,40261,0.00011073924598877842,0,33955,1.4564520827264783e-05,0,30484,1.6202728539486048e-05,0,2,0.17639421225402996,3,6,2.0,5.90954612763047e-05,0.15516306296377,0.08280201564508997,-1.245651437173744,0,0,3,6,5.729709859351254e-05,0,0,0.0,0,11,3.6666666666666665,0.2142857142857143,0.3060744361253925,5.3144085880842786e-05,0.1725391005773921,0.009719462210798798,0.9487060541853065,1.0,51.2788906009245,0.3235747303543914,False,False,近期份额下降,2026Q2
C0621,工业能源审计与节能评估,热工与能效,方向候选,能源电力直接相关,True,True,21,54154,0.0003942856094921968,14,47718,0.0003014991786746512,6,40261,0.00015995668865045773,12,33955,0.00036411302068161956,10,30484,0.00034025729932920704,21,14,1.3077501942971188,3,32,10.666666666666666,0.0002751896293355762,1.4327778646461662,1.0828659979093693,0.451086230610378,3,0,3,41,0.0002852471589391019,0,0,0.0,15,35,12.0,1.2307692307692308,0.1100192302622944,0.0002657204294042139,1.4838362649655723,0.8605030481126146,0.08085933341651541,0.6019261637239165,53.26656394453004,87.90832049306626,False,False,多年背景上持续抬升,2026Q2
C0622,谐振与软开关变换器,电力电子与电机,方向候选,能源电力直接相关,True,True,354,54154,0.006501127840231803,337,47718,0.007017653296737571,228,40261,0.00562309282409686,264,33955,0.00770463151762307,246,30484,0.007987945169966622,354,337,0.9263962702822759,3,829,276.3333333333333,0.0067817925461525,0.958614967354033,0.8138673591144553,0.0725469193133268,1,4,3,919,0.006380624653688744,12,3,1.0,321,594,266.0,1.205992509363296,0.2755774731645753,0.006782002959716783,0.9585852260529374,0.8464816147959919,0.7326083034341057,0.8518701202722158,87.43451463790448,69.7342064714946,True,False,近期份额下降,2026Q2
C0623,氢能供应链与基础设施规划,氢能与燃料电池,方向候选,能源电力直接相关,True,True,175,54154,0.0032184709053897924,121,47718,0.0025263551868255256,79,40261,0.001956393345801752,51,33955,0.0015001456452082727,31,30484,0.001020771897987621,175,121,1.2739581996124385,3,251,83.66666666666667,0.001994298059278517,1.6138364525883098,1.2739581996124385,0.24890186211718257,2,4,3,375,0.00256707314600569,7,1,0.5833333333333334,270,476,129.0,2.0846153846153848,0.4734568517354434,0.002056267322927994,1.5652006281006763,1.2907633667653253,1.8828500002944629e-06,5.230138889706841e-05,81.25385208012327,87.5346687211094,False,False,多年背景上持续抬升,2026Q2
C0624,农光互补与农光协同,太阳能,方向候选,能源电力直接相关,True,True,197,54154,0.0036219259476608775,134,47718,0.002796664795292454,85,40261,0.00210404567378679,40,33955,0.0011797261870084474,24,30484,0.0007939336984348164,197,134,1.29508761785022,3,259,86.33333333333333,0.002026812218695897,1.7870061736608818,1.29508761785022,0.2715719556935965,3,4,3,416,0.0028408788055800404,7,1,0.5833333333333334,335,561,148.66666666666666,2.244988864142539,0.5180098501141768,0.002121675428627493,1.7071065153466445,1.4186685588277699,4.021848409170422e-09,1.371084684944462e-07,83.43412942989215,91.19799691833589,False,True,多年背景上持续抬升,2026Q2
C0625,光伏技术经济与投资,太阳能,方向候选,能源电力直接相关,True,True,78,54154,0.0014396009462854628,56,47718,0.0011748071444908823,43,40261,0.0010704793778915248,47,33955,0.0013836294785901544,33,30484,0.0010855828121455653,78,56,1.2253934214107391,3,146,48.666666666666664,0.001209638666990854,1.1901082410557133,1.0404526418101039,0.14812969484122762,3,1,3,177,0.0012282958228892898,1,0,0.08333333333333333,132,316,102.66666666666667,1.282958199356913,0.37086845334723,0.001197785935622072,1.201884997537397,0.9136915125681906,0.09341508521867531,0.6019261637239165,65.51040061633282,82.76964560862866,False,False,平稳或增长证据不足,2026Q2
C0626,屋顶与分布式光伏部署,太阳能,方向候选,能源电力直接相关,True,True,108,54154,0.001989766913018761,70,47718,0.0014659097997629592,62,40261,0.0015380450831774782,36,33955,0.0010632100203903292,44,30484,0.0014420428400142584,108,70,1.3573597184086705,3,168,56.0,0.0013557216344435889,1.4676810212853135,1.2936986924388858,0.12875265961344473,4,2,3,240,0.0016645739319863994,3,0,0.25,164,346,98.33333333333333,1.6610738255033557,0.3849299920846232,0.0013776582262956937,1.444310987325885,1.134707274453976,0.0012725284617541815,0.018007478232370495,71.06124807395993,89.96147919876734,False,True,多年背景上持续抬升,2026Q2
C0627,永磁材料与磁性设计,能源材料与电化学基础,方向候选,能源电力直接相关,True,True,17,54154,0.00032093014726109045,43,47718,0.0009044975360239536,32,40261,0.0007997834432522886,16,33955,0.00048062918729973784,21,30484,0.0006967173271979001,17,43,0.35481594418914075,3,91,30.333333333333332,0.00072830338885866,0.4406544747293117,0.35481594418914075,-0.45655875270874624,1,0,3,92,0.0006750703755124442,0,0,0.0,39,144,56.666666666666664,0.6936416184971098,0.3546605372099138,0.0007481052089380176,0.42899065990553786,0.25725295073513127,0.9996401672687887,1.0,59.368258859784284,4.348998459167951,False,False,近期份额下降,2026Q2
C0628,软磁材料与磁损耗,能源材料与电化学基础,方向候选,能源电力直接相关,True,True,6,54154,0.00011920262612554787,5,47718,0.00011436175742831597,1,40261,3.691308199625948e-05,4,33955,0.00013108068744538303,3,30484,0.00011341909977640234,6,5,1.0423294360465407,3,10,3.3333333333333335,9.411850895665282e-05,1.2665163042526288,0.9093835899755686,0.5861293858910788,2,0,3,12,9.015915518337444e-05,0,0,0.0,6,19,7.333333333333333,0.8400000000000001,0.2663850598935097,8.58481387305922e-05,1.3885289522656794,0.5220673885903849,0.27935261995812,0.6019261637239165,51.56394453004622,74.45300462249615,False,False,历史峰值以下的恢复或波动,2026Q2
C0629,超临界二氧化碳布雷顿循环,热工与能效,方向候选,能源电力直接相关,True,True,33,54154,0.000614351996185516,50,47718,0.001050048863659992,51,40261,0.001267349148538242,29,33955,0.0008593067288086222,47,30484,0.0015392592112511746,33,50,0.5850699119316836,3,130,43.333333333333336,0.0010589015803356186,0.5801785620064872,0.39912185790081767,-0.36205733292496944,0,0,3,134,0.0009772500027945832,0,0,0.0,74,185,65.33333333333333,1.1306532663316584,0.4264995982338206,0.0010669697242230744,0.575791404608845,0.3939107483712888,0.9981849572711575,1.0,63.09707241910631,9.838212634822805,False,False,近期份额下降,2026Q2
C0630,有机朗肯循环发电,热工与能效,方向候选,能源电力直接相关,True,True,141,54154,0.0025949494764253883,175,47718,0.0036491797143035367,154,40261,0.003802047445614726,170,33955,0.004966501602097291,196,30484,0.006367672316018018,141,175,0.7111048727619727,3,499,166.33333333333334,0.004139242920671852,0.6269140338359738,0.40751931752168474,-0.19098633813288846,0,4,3,470,0.003348725545447884,12,2,1.0,229,570,238.66666666666666,0.9596662030598053,0.3337464994114948,0.004083918599612457,0.6354067577820077,0.5272161285891545,0.9999991682781942,1.0,85.88597842835132,4.984591679506934,False,False,近期份额下降,2026Q2
C0631,电动汽车充电站选址规划,交通与充电,方向候选,能源电力直接相关,True,True,136,54154,0.0025032551486365053,122,47718,0.0025471482336306738,71,40261,0.001759523575155035,63,33955,0.0018496941450626275,57,30484,0.0018633137820408957,136,122,0.9827677539867384,3,256,85.33333333333333,0.002052121984616112,1.2198374011887927,0.9827677539867384,0.17627443395689202,2,3,3,329,0.0022699756524740713,5,0,0.4166666666666667,217,483,150.0,1.4437086092715232,0.4052599084989166,0.0020971473889901805,1.1936476958073385,0.9698236155438107,0.045297770148645965,0.4300421216643604,76.60439137134053,78.75192604006163,False,False,近期份额下降,2026Q2
C0632,电动汽车路径与补能规划,交通与充电,方向候选,能源电力直接相关,True,True,88,54154,0.0016229896018632288,51,47718,0.0010708419104651405,55,40261,0.0013657840338616005,40,33955,0.0011797261870084474,47,30484,0.0015392592112511746,88,51,1.5156201732506458,3,146,48.666666666666664,0.0012054507104450626,1.3463757479258585,1.054396549976787,0.08627061712511308,4,1,3,194,0.0013532051820633233,1,0,0.08333333333333333,146,269,83.0,1.75,0.4102123535129514,0.001197785935622072,1.3549913666504412,1.0407267714628208,0.011509385448110126,0.1328006013243476,66.8046995377504,89.6070878274268,False,False,多年背景上持续抬升,2026Q2
C0633,区域供热供冷系统,热工与能效,方向候选,能源电力直接相关,True,True,418,54154,0.007674815235929506,309,47718,0.006435447986193417,269,40261,0.006632050398661286,193,33955,0.005636469560151471,229,30484,0.007437052399624096,418,309,1.1925844560308811,3,771,257.0,0.006234655981668725,1.2309925773763892,1.0319700364511923,0.07301510128460453,2,4,3,996,0.006914104540261402,12,3,1.0,390,713,291.3333333333333,1.3375142531356898,0.360895928166878,0.006307794193395416,1.216719347623204,1.080222726672957,0.0004832152649331861,0.007710881887231694,90.83975346687212,79.71494607087828,True,False,平稳或增长证据不足,2026Q2
C0634,二氧化碳催化加氢与甲烷化,碳与环境,方向候选,能源电力直接相关,True,True,476,54154,0.008738469438280548,308,47718,0.006414654939388268,272,40261,0.006705876562653804,212,33955,0.006189921351587533,187,30484,0.006076023202307269,476,308,1.362266485235742,3,792,264.0,0.006436817617876535,1.3575760503158878,1.3031062168585994,0.13237540598984454,3,4,3,1056,0.007286333646774207,12,3,1.0,679,1111,393.3333333333333,1.724429416737109,0.4421770303254136,0.006479490470856601,1.348635278897988,1.2037875917471483,7.406292897879375e-08,2.3144665305873047e-06,93.62095531587057,86.86825885978428,True,True,多年背景上持续抬升,2026Q2
C0635,综合能源系统规划配置,电网与电力系统,方向候选,能源电力直接相关,True,True,56,54154,0.0010361459040143777,64,47718,0.001341151518932069,60,40261,0.001488827640515799,46,33955,0.0013545004369356249,36,30484,0.0011827991833824815,56,64,0.772579301732767,3,170,56.666666666666664,0.0013948265321278308,0.7428492935488689,0.6959475199260868,-0.18124051194783464,1,1,3,180,0.0012887083544874153,1,0,0.08333333333333333,95,218,84.33333333333333,1.125,0.4739391965122581,0.0013940102527205684,0.7432842778539268,0.5501582793943233,0.9742783543002776,1.0,66.91255778120185,34.68798151001541,False,False,近期份额下降,2026Q2
C0636,综合能源系统优化调度,电网与电力系统,方向候选,能源电力直接相关,True,True,251,54154,0.004612224687780814,197,47718,0.004106626744016801,184,40261,0.004540309085539916,103,33955,0.0030148558112438103,90,30484,0.0029326938656469748,251,197,1.1231175792883175,3,484,161.33333333333334,0.0038872638802668422,1.1864964226365324,1.01583936267025,0.007857614523971712,4,4,3,632,0.0044197201724458434,12,3,1.0,238,433,168.0,1.4142011834319526,0.4511553375633893,0.003961278401425896,1.1643273257745792,0.9998157613571301,0.022798466100572148,0.24082886725956493,89.55315870570108,82.91217257318951,False,False,平稳或增长证据不足,2026Q2
C0637,电流检测与测量电路,数字技术与测量,方向候选,能源电力直接相关,True,True,20,54154,0.0003759467439344202,25,47718,0.0005302226935312832,13,40261,0.0003322177379663353,13,33955,0.00039324206233614913,10,30484,0.00034025729932920704,20,25,0.7090355590603165,3,51,17.0,0.00041856083127792253,0.8981890225767285,0.7090355590603165,0.06182845184435459,0,0,3,58,0.0004127957251440129,0,0,0.0,45,93,25.0,1.7692307692307692,0.3153021430020603,0.0004210646804405236,0.8928479670655339,0.535160882404342,0.6815657497856668,0.8088201144608387,56.833590138674886,51.1633281972265,False,False,近期份额下降,2026Q2
C0638,电压检测与测量电路,数字技术与测量,方向候选,能源电力直接相关,True,True,18,54154,0.000339269012818867,21,47718,0.0004470505063106897,18,40261,0.00045526134462053354,18,33955,0.0005388872706087969,8,30484,0.0002754463851712628,18,21,0.758905331790594,3,57,19.0,0.0004803997071800067,0.7062223555680525,0.6295732545984706,-0.14703914850563482,1,0,3,57,0.0004138602879166968,0,0,0.0,22,77,28.0,0.7931034482758621,0.2295143790706155,0.0004701207597151477,0.7216635424150053,0.42737653392418606,0.897555792670967,0.9899512419165076,55.26194144838213,19.81895223420647,False,False,近期份额下降,2026Q2
C0639,漏电与剩余电流保护,电力电子与电机,方向候选,能源电力直接相关,True,True,1,54154,2.7508298336664893e-05,0,47718,1.039652340257418e-05,1,40261,3.691308199625948e-05,1,33955,4.369356248179435e-05,1,30484,4.860818561845815e-05,1,0,2.6459131838104493,3,2,0.6666666666666666,3.0334389293542668e-05,0.906835409490859,0.5659190522474279,-0.14703914850563482,1,0,3,2,2.493930124516618e-05,0,0,0.0,0,1,0.3333333333333333,0.75,0.1812051486501879,2.0440033031093378e-05,1.3458049845036586,0.1777660426958952,0.46143744129096853,0.6019261637239165,48.990755007704166,65.57395993836673,False,False,历史峰值以下的恢复或波动,2026Q2
C0640,浪涌与过压保护电路,电力电子与电机,方向候选,能源电力直接相关,True,True,0,54154,9.169432778888298e-06,0,47718,1.039652340257418e-05,0,40261,1.2304360665419824e-05,0,33955,1.4564520827264783e-05,0,30484,1.6202728539486048e-05,0,0,0.8819710612701498,3,0,0.0,1.242180163175293e-05,0.7381725333182875,0.565919052247428,-0.14703914850563482,0,0,3,0,1.0623438948960767e-05,0,0,0.0,0,0,0.0,1.0,0.0,4.088006606218676e-06,2.2430083075060976,0.044503740341638134,0.5,0.6019261637239165,47.75038520801233,58.89830508474576,False,False,近期份额下降,2026Q2
C0641,电池盖板、端子与密封结构,电化学储能,方向候选,能源电力直接相关,True,True,0,54154,9.169432778888298e-06,1,47718,3.118957020772254e-05,0,40261,1.2304360665419824e-05,1,33955,4.369356248179435e-05,0,30484,1.6202728539486048e-05,0,1,0.29399035375671656,3,2,0.6666666666666666,2.90624977849789e-05,0.3155073884815078,0.20985775153282352,-0.14703914850563482,0,0,3,1,1.7554454550676885e-05,0,0,0.0,0,3,1.0,0.5,0.3276748462618393,2.0440033031093378e-05,0.44860166150121955,0.021535793878595597,0.8270255170023244,0.9309373270877478,50.85516178736518,13.875192604006164,False,False,近期份额下降,2026Q2
C0642,绿色金融与能源投资,能源政策与治理,方向候选,能源治理与政策研究,True,False,175,54154,0.0032184709053897924,238,47718,0.004959141663027884,190,40261,0.004687961413524953,141,33955,0.0041217593941159335,65,30484,0.0021225574386726726,175,238,0.6489975733874687,3,569,189.66666666666666,0.004589620823556257,0.7012498481074887,0.6489975733874687,-0.18804572433605227,1,3,3,603,0.004288524660647543,11,3,0.9166666666666666,265,756,310.6666666666667,0.8534759358288769,0.4874374620960175,0.004656239524483072,0.6912167830857244,0.583610980275602,0.9999908190449781,1.0,89.76694915254238,7.57704160246533,False,False,近期份额下降,2026Q2
C0643,电力设施覆冰与除冰,热工与能效,方向候选,能源电力直接相关,True,True,7,54154,0.00013754149168332446,4,47718,9.356871062316762e-05,8,40261,0.000209174131312137,4,33955,0.00013108068744538303,5,30484,0.00017823001393434655,7,4,1.4699517687835828,3,16,5.333333333333333,0.0001446078431268959,0.951134383234175,0.6575454183580673,-0.2096207199826372,2,0,3,19,0.00014676144453954303,0,0,0.0,9,28,8.666666666666666,1.0344827586206897,0.372850949173365,0.0001349042180052163,1.0195492306845897,0.43007528985112764,0.513230655111711,0.6158767861340532,54.9768875192604,61.571648690292754,False,False,历史峰值以下的恢复或波动,2026Q2
C0644,沼气提纯与生物甲烷升级,生物质与资源循环,方向候选,能源电力直接相关,True,True,99,54154,0.0018247171229987713,78,47718,0.0016322541742041462,71,40261,0.001759523575155035,59,33955,0.0017331779784445092,74,30484,0.0024142065523834215,99,78,1.1179123642850943,3,208,69.33333333333333,0.0017083185759345634,1.068136323460939,0.7558247744781085,0.018190948726658274,3,3,3,248,0.0017388316241193174,5,0,0.4166666666666667,160,389,138.0,1.158273381294964,0.4085205430809876,0.0017046987547931877,1.0704044441096245,0.8430058940575836,0.2851547714100558,0.6019261637239165,74.5473805855162,77.95454545454544,False,False,历史峰值以下的恢复或波动,2026Q2
C0645,电机驱动PWM与谐波控制,电力电子与电机,方向候选,能源电力直接相关,True,True,42,54154,0.0007794017862055053,40,47718,0.0008421183956085085,38,40261,0.0009474357712373266,35,33955,0.0010340809787357996,21,30484,0.0006967173271979001,42,40,0.9255251877526264,3,113,37.666666666666664,0.0009412117151938781,0.8280833882788614,0.7537144597305633,-0.0976162311873181,2,0,3,120,0.0008563186510171135,0,0,0.0,45,147,57.333333333333336,0.7885714285714286,0.1986029567142896,0.0009279774996116394,0.8398929785815784,0.5904006534280601,0.8381991790354834,0.9382826630994217,58.02773497688752,60.07704160246533,False,False,近期份额下降,2026Q2
C0646,电机转矩脉动抑制,电力电子与电机,方向候选,能源电力直接相关,True,True,24,54154,0.0004493022061655266,27,47718,0.0005718087871415798,31,40261,0.000775174721921449,25,33955,0.0007427905621905039,28,30484,0.0009235555267507049,24,27,0.7857560364043154,3,83,27.666666666666668,0.0006965913570845108,0.6450011209527784,0.48649181684428017,-0.2726963626460872,1,0,3,82,0.0005987619050761852,0,0,0.0,39,120,44.0,0.8888888888888888,0.2746069696224311,0.0006826971032385189,0.6581281860347232,0.4194979067111392,0.9690088244561254,1.0,57.21879815100155,7.6540832049306635,False,False,近期份额下降,2026Q2
C0647,电缆绝缘护套与导体结构,电网与电力系统,方向候选,能源电力直接相关,True,True,147,54154,0.002704982669772048,128,47718,0.002671906514461564,63,40261,0.0015626538045083178,96,33955,0.002810952519662103,77,30484,0.0025114229236203375,147,128,1.012379233753674,3,287,95.66666666666667,0.002348504279543995,1.1517895425326923,0.962301088634968,0.27435498643498013,2,3,3,338,0.00231318099624731,6,0,0.5,158,297,117.66666666666667,1.3398876404494382,0.2651192707169363,0.0023506037985757387,1.1507607838509544,0.9435666568150642,0.07943566397513507,0.6019261637239165,73.54006163328197,79.01386748844376,False,False,历史峰值以下的恢复或波动,2026Q2
C0648,锂电石墨负极,电化学储能,方向候选,能源电力直接相关,True,True,16,54154,0.00030259128170331384,12,47718,0.0002599130850643545,19,40261,0.0004798700659513732,11,33955,0.00033498397902709,13,30484,0.0004374736705661233,16,12,1.1642018008765977,3,42,14.0,0.0003582557100142725,0.8446237512620774,0.6305691960664543,-0.23056619083721763,2,0,3,47,0.0003474581442396805,0,0,0.0,37,82,28.333333333333332,1.2954545454545454,0.4070523049058761,0.0003474805615285874,0.8708149899729556,0.49319749081934144,0.6994645540875105,0.8225486602212212,58.75192604006164,58.43605546995377,False,False,历史峰值以下的恢复或波动,2026Q2
C0649,能源电力标准化政策,能源政策与治理,方向候选,能源治理与政策研究,True,False,1,54154,2.7508298336664893e-05,0,47718,1.039652340257418e-05,0,40261,1.2304360665419824e-05,0,33955,1.4564520827264783e-05,0,30484,1.6202728539486048e-05,1,0,2.6459131838104493,3,0,0.0,1.242180163175293e-05,2.2145175999548625,1.697757156742284,0.40226699582841974,1,0,3,1,1.6736394134886302e-05,0,0,0.0,0,0,0.0,1.0,0.0,4.088006606218676e-06,6.729024922518292,0.2741071065139047,0.06673693399602781,0.5501637404432503,48.12018489984592,87.153312788906,False,False,多年背景上持续抬升,2026Q2
C0650,空气源热泵,热工与能效,方向候选,能源电力直接相关,True,True,98,54154,0.0018063782574409947,48,47718,0.0010084627700496953,42,40261,0.0010458706565606851,30,33955,0.0008884357704631517,41,30484,0.0013448264687773422,98,48,1.7912195780435003,3,120,40.0,0.0009809230656911774,1.8415085959551636,1.343205461358353,0.27323708761820154,4,1,3,188,0.0012869038946837917,1,0,0.08333333333333333,119,193,57.333333333333336,2.057142857142857,0.3312161873876666,0.000985209592098701,1.8334964173390091,1.4049320408018267,2.7318548477144548e-06,6.609326244470455e-05,64.04661016949153,95.53158705701077,False,False,多年背景上持续抬升,2026Q2
C0651,地源热泵与地埋换热器,热工与能效,方向候选,能源电力直接相关,True,True,233,54154,0.004282125107740835,255,47718,0.005312623458715406,204,40261,0.0050324835121567085,168,33955,0.004908243518788232,168,30484,0.005460319517806798,233,255,0.8060283475795693,3,627,209.0,0.005084450163220115,0.8422002321346096,0.7842261050431717,-0.08073209769258671,0,4,3,692,0.004875744026204316,12,3,1.0,341,656,276.6666666666667,1.2316926770708283,0.3814105731972019,0.005130448290804438,0.8346493064584443,0.7182115150774288,0.9901533097970012,1.0,89.17565485362096,46.94915254237288,False,False,近期份额下降,2026Q2
C0652,核裂变反应堆工程,核能与等离子体,方向候选,能源电力直接相关,True,True,2,54154,4.584716389444149e-05,2,47718,5.1982617012870895e-05,6,40261,0.00015995668865045773,1,33955,4.369356248179435e-05,2,30484,8.101364269743025e-05,2,2,0.8819710612701499,3,9,3.0,8.521095604837432e-05,0.538043064185479,0.28662236184838835,-0.6247948710193532,1,0,3,10,8.592882318592338e-05,0,0,0.0,7,21,5.0,1.3333333333333333,0.2450340864388124,7.767212551815484e-05,0.590265344080552,0.14655013832603475,0.8168931325167276,0.9267587223891077,51.06317411402157,29.487673343605547,False,False,近期份额下降,2026Q2
C0653,核聚变装置工程,核能与等离子体,方向候选,能源电力直接相关,True,True,84,54154,0.0015496341396321223,69,47718,0.0014451167529578109,51,40261,0.001267349148538242,61,33955,0.0017914360617535684,43,30484,0.0014096373829352864,84,69,1.0723245277313331,3,181,60.333333333333336,0.0015013006544165406,1.0321944076114227,0.865023414854809,0.10054571484108443,2,1,3,204,0.0014207000137093917,1,0,0.08333333333333333,149,255,109.33333333333333,1.3595166163141994,0.2515966992661544,0.0014839463980573793,1.044265575670883,0.8066936891502997,0.36944874800760147,0.6019261637239165,63.191448382126346,76.30970724191063,False,False,历史峰值以下的恢复或波动,2026Q2
C0654,能源电力教学实验平台,数字技术与测量,方向候选,能源电力直接相关,True,True,14,54154,0.00026591355058776066,9,47718,0.0001975339446489094,4,40261,0.00011073924598877842,8,33955,0.00024759685406350134,5,30484,0.00017823001393434655,14,9,1.346166356675492,3,21,7.0,0.00018529001490039638,1.4351207793399114,1.0739779049032732,0.43799647781949336,3,0,3,27,0.00019139558040848282,0,0,0.0,16,37,9.666666666666666,1.59375,0.1383422794448081,0.00017578428406740305,1.5127265329692288,0.7771420543048829,0.11791834248947503,0.6019261637239165,52.06471494607088,89.4568567026194,False,False,多年背景上持续抬升,2026Q2
C0655,电力系统硬件在环仿真,数字技术与测量,方向候选,能源电力直接相关,True,True,0,54154,9.169432778888298e-06,0,47718,1.039652340257418e-05,1,40261,3.691308199625948e-05,0,33955,1.4564520827264783e-05,0,30484,1.6202728539486048e-05,0,0,0.8819710612701498,3,1,0.3333333333333333,2.062470874203281e-05,0.4445848372249324,0.2484060469352699,-0.6963452928396894,0,0,3,1,1.8826346059240653e-05,0,0,0.0,0,1,0.3333333333333333,0.75,0.2197878228782288,1.2264019818656027e-05,0.7476694358353658,0.030456345168211635,0.7474316351357654,0.86169617545672,48.99075500770416,18.898305084745765,False,False,近期份额下降,2026Q2
C0656,动力电池梯次利用,电化学储能,方向候选,能源电力直接相关,True,True,105,54154,0.0019347503163454308,69,47718,0.0014451167529578109,41,40261,0.0010212619352298455,43,33955,0.0012671133119720361,17,30484,0.0005670954988820118,105,69,1.33881938077699,3,153,51.0,0.001244497333386564,1.554644003198086,1.33881938077699,0.3194696143340998,4,2,3,215,0.0014670430015110293,3,0,0.25,151,281,79.0,1.9,0.4759862490352615,0.0012550180281091334,1.541611572911357,1.203167245319226,0.000266482962596552,0.004441382709942533,71.45416024653312,92.71186440677967,False,True,多年背景上持续抬升,2026Q2
C0657,电池单体均衡控制,电化学储能,方向候选,能源电力直接相关,True,True,69,54154,0.0012745511562654735,67,47718,0.0014035306593475141,61,40261,0.0015134363618466385,39,33955,0.0011505971453539179,40,30484,0.00131242101169837,69,67,0.9081035371596359,3,167,55.666666666666664,0.0013558547221826903,0.9400351936036834,0.8421570859512809,-0.08589435962649761,2,1,3,197,0.0013971727258198753,3,0,0.25,86,230,75.66666666666667,1.134782608695652,0.3586771664820032,0.0013694822130832563,0.930681058935366,0.7036327696772199,0.6932998889801778,0.8188581365907611,67.64830508474576,68.6517719568567,False,False,近期份额下降,2026Q2
C0658,废旧电池材料直接再生,电化学储能,方向候选,能源电力直接相关,True,True,2,54154,4.584716389444149e-05,1,47718,3.118957020772254e-05,1,40261,3.691308199625948e-05,0,33955,1.4564520827264783e-05,0,30484,1.6202728539486048e-05,2,1,1.469951768783583,3,2,0.6666666666666666,2.7555724343748935e-05,1.6637981757442715,1.2420302346763497,0.10837366337736043,2,0,3,4,3.798327203280784e-05,0,0,0.0,6,10,1.3333333333333333,3.0000000000000004,0.7318876555938639,2.0440033031093378e-05,2.243008307506098,0.3885787857229126,0.20210653043442345,0.6019261637239165,57.88906009244992,87.78120184899846,False,False,多年背景上持续抬升,2026Q2
C0659,废旧电池拆解与物理分离,电化学储能,方向候选,能源电力直接相关,True,True,1,54154,2.7508298336664893e-05,0,47718,1.039652340257418e-05,0,40261,1.2304360665419824e-05,0,33955,1.4564520827264783e-05,0,30484,1.6202728539486048e-05,1,0,2.6459131838104493,3,0,0.0,1.242180163175293e-05,2.2145175999548625,1.697757156742284,0.40226699582841974,1,0,3,1,1.6736394134886302e-05,0,0,0.0,7,7,0.0,8.0,0.0,4.088006606218676e-06,6.729024922518292,0.2741071065139047,0.06673693399602781,0.5501637404432503,48.42064714946071,90.74345146379045,False,False,多年背景上持续抬升,2026Q2
C0660,废旧电池湿法回收,电化学储能,方向候选,能源电力直接相关,True,True,15,54154,0.0002842524161455372,26,47718,0.0005510157403364315,6,40261,0.00015995668865045773,2,33955,7.282260413632391e-05,4,30484,0.00014582455685537444,15,26,0.5158698660259367,3,34,11.333333333333334,0.00026126501104107105,1.0879850118960344,0.5158698660259367,0.2874797750061697,1,0,3,47,0.0003317416150441421,0,0,0.0,22,63,18.0,1.2105263157894737,0.5761866774525556,0.00028207245582908863,1.0077283700389714,0.5534239851325873,0.5085752289362916,0.6112683040099659,61.718027734976886,57.091679506933744,False,False,近期份额下降,2026Q2
C0661,温度传感与测量装置,数字技术与测量,关联基础研究,关联基础或环境研究,True,False,21,54154,0.0003942856094921968,25,47718,0.0005302226935312832,16,40261,0.0004060439019588542,15,33955,0.00045150014564520827,15,30484,0.0005022845847240675,21,25,0.7436226595022831,3,56,18.666666666666668,0.0004625889137117819,0.8523455660198943,0.7436226595022831,-0.014692871392093743,1,0,3,62,0.00044351740166077803,0,0,0.0,44,117,33.333333333333336,1.3106796116504853,0.3647362858837086,0.00046194474650271034,0.8535341347147097,0.519426176280081,0.7460462091690556,0.86169617545672,58.85208012326657,50.72033898305085,False,False,近期份额下降,2026Q2
C0662,吸收式制冷循环,热工与能效,方向候选,能源电力直接相关,True,True,59,54154,0.0010911625006877076,46,47718,0.0009668766764393986,65,40261,0.001611871247169997,54,33955,0.0015875327701718614,63,30484,0.002057746524514728,59,46,1.1285436160338478,3,165,55.0,0.001388760231260419,0.7857097835364886,0.5302706080113696,-0.19507606355044516,2,1,3,170,0.0012233034747657012,2,0,0.16666666666666666,96,252,91.66666666666667,1.0467625899280575,0.2957688769938804,0.0013531301866583816,0.8063987570792316,0.5996264481792231,0.9240254010868059,1.0,63.78659476117103,56.0939907550077,False,False,历史峰值以下的恢复或波动,2026Q2
C0663,吸附式制冷循环,热工与能效,方向候选,能源电力直接相关,True,True,9,54154,0.00017421922279887766,10,47718,0.00021832699145405777,13,40261,0.0003322177379663353,6,33955,0.00018933877075444217,14,30484,0.0004698791276450954,9,10,0.7979738173396593,3,29,9.666666666666666,0.00024662783339161177,0.7064053574287417,0.3707745514724528,-0.32273809192457925,2,0,3,32,0.00024158798407309022,0,0,0.0,23,50,14.0,1.6,0.2736956743810694,0.00024119238976690185,0.722324709196879,0.34768937723479487,0.8275382624002421,0.9309373270877478,53.6979969183359,18.875192604006163,False,False,近期份额下降,2026Q2
C0664,LED照明灯具与配光,电力电子与电机,方向候选,能源电力直接相关,True,True,24,54154,0.0004493022061655266,10,47718,0.00021832699145405777,14,40261,0.0003568264592971749,15,33955,0.00045150014564520827,14,30484,0.0004698791276450954,24,10,2.057932476297016,3,39,13.0,0.0003422178654654803,1.3129127713843682,0.9562080537973783,0.11522308555644223,2,0,3,48,0.00034148521897225313,0,0,0.0,28,64,20.333333333333332,1.359375,0.2357758305409981,0.00032295252189127536,1.3912330008582126,0.8404238133394262,0.10331053085578845,0.6019261637239165,54.9537750385208,84.40677966101696,False,False,历史峰值以下的恢复或波动,2026Q2
C0665,换热器结构与传热强化,热工与能效,方向候选,能源电力直接相关,True,True,213,54154,0.003915347796585303,129,47718,0.0026926995612667126,101,40261,0.0024977852150802242,78,33955,0.002286629769880571,86,30484,0.0028030720373310863,213,129,1.454060398310247,3,308,102.66666666666667,0.002492371515409169,1.570932652848316,1.396805984448854,0.22474986858778445,3,4,3,443,0.003035277524310747,8,1,0.6666666666666666,319,601,171.0,1.8604651162790697,0.3474701792139575,0.0025223000760369227,1.5522926212400385,1.3037506895902575,2.6185825985667777e-07,7.855747795700333e-06,81.2557781201849,90.34283513097071,False,True,多年背景上持续抬升,2026Q2
C0666,功率半导体器件,电力电子与电机,方向候选,能源电力直接相关,True,True,14,54154,0.00026591355058776066,18,47718,0.0003846713658952446,3,40261,8.613052465793877e-05,17,33955,0.0005097582289542675,16,30484,0.0005346900418030396,14,18,0.6912746155901175,3,38,12.666666666666666,0.0003268533731691503,0.8135560848262912,0.497322803490164,0.5636536919599466,1,0,3,35,0.000245571813713648,0,0,0.0,33,63,17.666666666666668,1.8214285714285714,0.2438922625472417,0.00031477650867883805,0.8447693625672316,0.461805279572829,0.7253160017384342,0.8482962400199862,53.75192604006164,55.71263482280432,False,False,近期份额下降,2026Q2
C0667,电网频率控制,电网与电力系统,方向候选,能源电力直接相关,True,True,236,54154,0.004337141704414165,210,47718,0.004376936352483729,181,40261,0.0044664829215473965,155,33955,0.004529565977279348,154,30484,0.005006643118701189,236,210,0.9909081044674131,3,546,182.0,0.004457661750436825,0.9729633936422275,0.8662773841845742,-0.014692871392093299,1,4,3,627,0.00439352032614843,12,3,1.0,305,613,262.3333333333333,1.1620253164556962,0.3768167580374379,0.004468191220597013,0.9706705667432609,0.8333320574308246,0.6365152973803044,0.7577563064051244,88.54391371340523,69.31818181818183,False,False,近期份额下降,2026Q2
C0668,中国区域低碳经济与碳效率,能源政策与治理,方向候选,能源治理与政策研究,True,False,6,54154,0.00011920262612554787,8,47718,0.00017674089784376105,17,40261,0.00043065262328969385,5,33955,0.0001602097290999126,0,30484,1.6202728539486048e-05,6,8,0.6744484586183498,3,30,10.0,0.00025586775007778917,0.46587593039493164,0.2767953094421579,-0.6422385005195732,2,0,3,31,0.00024219871575300092,0,0,0.0,11,64,23.333333333333332,0.4931506849315069,0.3305376348689007,0.0002493684029793392,0.4780181638947421,0.20497914176005383,0.9665083363805895,1.0,55.2773497688752,7.650231124807397,False,False,近期份额下降,2026Q2
C0669,磁约束等离子体MHD稳定性,核能与等离子体,方向候选,能源电力直接相关,True,True,9,54154,0.00017421922279887766,4,47718,9.356871062316762e-05,5,40261,0.00013534796731961806,2,33955,7.282260413632391e-05,1,30484,4.860818561845815e-05,9,4,1.8619389071258716,3,11,3.6666666666666665,0.00010057976069303654,1.7321499037026384,1.2871949704827623,0.12623270467840086,2,0,3,18,0.00013437863358055444,0,0,0.0,9,20,6.0,1.4285714285714286,0.1767285970218274,9.402415194302954e-05,1.8529199062006896,0.7846186871123858,0.08369189378447606,0.6019261637239165,51.20184899845916,87.29583975346686,False,False,多年背景上持续抬升,2026Q2
C0670,二氧化碳溶剂吸收捕集,碳与环境,方向候选,能源电力直接相关,True,True,96,54154,0.0017697005263254415,100,47718,0.00208970120391741,93,40261,0.002300915444433507,78,33955,0.002286629769880571,83,30484,0.0027058556660941703,96,100,0.8468677354484523,3,271,90.33333333333333,0.0022257488060771625,0.7951034373211697,0.6540262100823568,-0.131248362480485,0,1,3,289,0.002053439058225453,4,0,0.3333333333333333,168,346,129.33333333333334,1.2966751918158568,0.4410456966218984,0.002219787587176741,0.7972386802001415,0.6319837169872962,0.9719264992891719,1.0,74.40677966101697,46.178736517719564,False,False,近期份额下降,2026Q2
C0671,二氧化碳固体吸附捕集,碳与环境,方向候选,能源电力直接相关,True,True,527,54154,0.009673751581727154,482,47718,0.010032645083484082,370,40261,0.00911753125307609,281,33955,0.008199825225750072,279,30484,0.0090573252535727,527,482,0.9642274296787648,3,1133,377.6666666666667,0.009116667187436749,1.0611061457917534,0.9642274296787648,0.02960856180140592,2,4,3,1379,0.009607975972762441,12,3,1.0,735,1420,560.6666666666666,1.310385756676558,0.4591704519675414,0.009267510976297738,1.0438349203435962,0.9413850197695196,0.18918268861459586,0.6019261637239165,94.97688751926042,74.08320493066256,True,False,近期份额下降,2026Q2
C0672,漂浮式海上风电平台,风能与水能海洋能源,方向候选,能源电力直接相关,True,True,556,54154,0.010205578682902675,348,47718,0.007246376811594203,258,40261,0.00636135446402205,205,33955,0.005986018060005826,133,30484,0.004326128520042776,556,348,1.4083698582405693,3,811,270.3333333333333,0.006531249778540693,1.5625766934277248,1.4083698582405693,0.23634658987792356,4,4,3,1162,0.007937769986172976,12,3,1.0,528,767,293.3333333333333,1.797281993204983,0.4695715153209824,0.006634834721892911,1.5381812977537193,1.3808860787469313,7.430213996348325e-16,6.965825621576555e-14,94.01386748844376,92.41140215716487,True,True,多年背景上持续抬升,2026Q2
C0673,硫化物固态电解质,电化学储能,方向候选,能源电力直接相关,True,True,36,54154,0.0006693685928588457,37,47718,0.0007797392551930634,25,40261,0.0006275223939364111,19,33955,0.0005680163122633265,15,30484,0.0005022845847240675,36,37,0.8584518329696125,3,81,27.0,0.0006584259871309337,1.0166193405816104,0.8584518329696125,0.032277755706398015,1,0,3,98,0.0006922100806627734,0,0,0.0,76,174,63.666666666666664,1.1907216494845363,0.5169334737126576,0.0006663450768136441,1.004537462870829,0.6798802025827346,0.49856981108672804,0.6019261637239165,63.82126348228043,54.757318952234215,False,False,近期份额下降,2026Q2
C0674,森林资源经营与碳汇,生物质与资源循环,关联基础研究,关联基础或环境研究,True,False,116,54154,0.0021364778374809734,80,47718,0.001673840267814443,39,40261,0.0009720444925681662,47,33955,0.0013836294785901544,44,30484,0.0014420428400142584,116,80,1.2763929023350615,3,166,55.333333333333336,0.001343171412990921,1.5906218795436906,1.2763929023350615,0.39375615204370495,3,2,3,235,0.0015941208659545276,3,0,0.25,177,343,103.0,1.7115384615384615,0.20990809678417,0.001361306199870819,1.5694322391859483,1.238585248278994,7.823855148362311e-05,0.0014311930149443252,67.3093220338983,90.057781201849,False,False,多年背景上持续抬升,2026Q2
C0675,风电出力预测,风能与水能海洋能源,方向候选,能源电力直接相关,True,True,546,54154,0.01002219002732491,396,47718,0.008244443058241324,285,40261,0.00702578993995472,198,33955,0.005782114768424119,140,30484,0.00455296671959558,546,396,1.2156297225325017,3,879,293.0,0.007017449255540054,1.4281813323285109,1.2156297225325017,0.17760699075462982,4,4,3,1227,0.00843080767517365,12,3,1.0,576,1018,371.3333333333333,1.549686660698299,0.4486324675827169,0.00719080362033865,1.3937510404230613,1.252623450965552,2.634733473575036e-10,1.146597870531067e-08,94.19876733436055,88.96764252696455,True,True,多年背景上持续抬升,2026Q2
C0676,风速预测,风能与水能海洋能源,方向候选,能源电力直接相关,True,True,287,54154,0.005272423847860771,291,47718,0.006061173143700746,251,40261,0.006189093414706172,198,33955,0.005782114768424119,198,30484,0.006432483230175962,287,291,0.8698685424191015,3,740,246.66666666666666,0.0060107937756103446,0.8771593311443132,0.8196560580409851,-0.08014921315682866,0,4,3,829,0.00584089680208923,12,3,1.0,420,864,345.3333333333333,1.2155919153031762,0.4051436151353159,0.006054337783809859,0.8708506258041905,0.7599649592846031,0.9747696135316731,1.0,90.90138674884439,48.52080123266564,True,False,近期份额下降,2026Q2
C0677,太阳能集热器传热设计,太阳能,方向候选,能源电力直接相关,True,True,89,54154,0.0016413284674210054,79,47718,0.0016530472210092946,76,40261,0.0018825671818092332,71,33955,0.002082726478298864,75,30484,0.0024466120094623935,89,79,0.9929108174047598,3,226,75.33333333333333,0.0018727802937057974,0.8764127179986486,0.670857684452249,-0.06856520628147456,2,1,3,244,0.001725647623413178,2,0,0.16666666666666666,160,391,146.66666666666666,1.090293453724605,0.3581645923601247,0.0018518669926170601,0.886310125924043,0.6939192760705382,0.8320622077776114,0.932805165669968,69.41833590138677,68.99075500770417,False,False,近期份额下降,2026Q2
C0678,聚光太阳能热发电,太阳能,方向候选,能源电力直接相关,True,True,163,54154,0.0029984045186964734,194,47718,0.0040442476036013555,168,40261,0.004146569544246481,132,33955,0.0038595980192251676,161,30484,0.005233481318253994,163,194,0.7413998381371183,3,494,164.66666666666666,0.004016805055691001,0.746465033061124,0.5729273377241763,-0.16210052823318843,1,4,3,525,0.00372974055551477,12,3,1.0,227,629,252.66666666666666,0.8988173455978975,0.4091707452159194,0.0040430385335502705,0.7416215536445844,0.6214285041301332,0.9995298485422507,1.0,88.32049306625579,28.463020030816644,False,False,近期份额下降,2026Q2
C0679,FPGA实时控制与硬件实现,数字技术与测量,关联基础研究,关联基础或环境研究,True,False,28,54154,0.000522657668396633,24,47718,0.0005094296467261348,17,40261,0.00043065262328969385,15,33955,0.00045150014564520827,21,30484,0.0006967173271979001,28,24,1.025966336579562,3,56,18.666666666666668,0.00046386080522034566,1.1267554027298283,0.7501717669326372,0.09681245466693378,2,0,3,69,0.00048757997947082056,0,0,0.0,44,101,27.666666666666668,1.569767441860465,0.2463971317611672,0.00046194474650271034,1.1314289692729873,0.7212019027536744,0.30418406671244613,0.6019261637239165,56.4175654853621,77.65793528505392,False,False,历史峰值以下的恢复或波动,2026Q2
C0680,生物质气化制合成气,生物质与资源循环,方向候选,能源电力直接相关,True,True,362,54154,0.006647838764694016,321,47718,0.006684964547855197,297,40261,0.007321094595924796,243,33955,0.007092921642877949,244,30484,0.007923134255808678,362,321,0.9944463754601224,3,861,287.0,0.0070329935955526475,0.9452360043236515,0.8390415396306448,-0.048234023851112084,2,4,3,980,0.006884632636158003,12,3,1.0,537,1070,447.3333333333333,1.2,0.4766027934508778,0.007043635382514778,0.9438079065246203,0.8348205942081532,0.810035835554141,0.9204952676751602,93.7904468412943,70.94761171032357,True,False,近期份额下降,2026Q2
C0681,生物质水热炭化,生物质与资源循环,方向候选,能源电力直接相关,True,True,48,54154,0.0008894349795521649,39,47718,0.0008213253488033601,38,40261,0.0009474357712373266,43,33955,0.0012671133119720361,28,30484,0.0009235555267507049,48,39,1.0829264929519562,3,120,40.0,0.001011958144004241,0.8789246717583978,0.7019379965063407,-0.03158637018078503,3,0,3,125,0.0008860653665309506,0,0,0.0,75,177,76.33333333333333,0.9827586206896552,0.5414854398149344,0.000985209592098701,0.902787576050172,0.6468972682917298,0.730159974486709,0.8503415851941486,65.73189522342065,67.33050847457626,False,False,历史峰值以下的恢复或波动,2026Q2
C0682,生物质水热液化,生物质与资源循环,方向候选,能源电力直接相关,True,True,5,54154,0.00010086376056777128,7,47718,0.00015594785103861269,6,40261,0.00015995668865045773,11,33955,0.00033498397902709,12,30484,0.00040506821348715126,5,7,0.6467787782647766,3,24,8.0,0.00021696283957205347,0.46488956711075113,0.2490043829888683,-0.23056619083721763,0,0,3,18,0.00013892276675228055,0,0,0.0,11,27,15.0,0.75,0.5407724889110787,0.0002003123237047151,0.5035324771952464,0.19970447529137555,0.9425992492289537,1.0,58.513097072419114,3.3590138674884438,False,False,近期份额下降,2026Q2
C0683,电池火灾抑制与灭火,电化学储能,方向候选,能源电力直接相关,True,True,16,54154,0.00030259128170331384,16,47718,0.0003430852722849479,8,40261,0.000209174131312137,6,33955,0.00018933877075444217,4,30484,0.00014582455685537444,16,16,0.8819710612701498,3,30,10.0,0.00024719939145050903,1.2240777775696694,0.8819710612701498,0.18460796019949743,3,0,3,40,0.0002849502284334663,0,0,0.0,31,64,16.0,1.8823529411764706,0.5348354763394038,0.0002493684029793392,1.213430723732807,0.6666237875002273,0.2768671223941974,0.6019261637239165,60.83975346687212,81.06702619414483,False,False,近期份额下降,2026Q2
C0684,电池热失控与传播,电化学储能,方向候选,能源电力直接相关,True,True,466,54154,0.008555080782702782,327,47718,0.0068097228286860875,261,40261,0.006435180628014569,133,33955,0.003888727060879697,103,30484,0.003353964807673612,466,327,1.2563038170458776,3,721,240.33333333333334,0.005711210172526783,1.497945360837211,1.2563038170458776,0.14237271988557598,4,4,3,1054,0.0072666614131344795,12,3,1.0,446,704,233.0,1.9102564102564104,0.5937745830191198,0.005898993532773549,1.4502610886369987,1.2908472007254566,9.392442808731607e-11,4.40270756659294e-09,95.82434514637906,90.00770416024653,True,True,多年背景上持续抬升,2026Q2
C0685,智能电网网络攻击与安全,电网与电力系统,方向候选,能源电力直接相关,True,True,56,54154,0.0010361459040143777,56,47718,0.0011748071444908823,40,40261,0.0009966532138990058,53,33955,0.0015584037285173318,32,30484,0.0010531773550665933,56,56,0.8819710612701498,3,149,49.666666666666664,0.0012432880289690734,0.8333916838832136,0.664876427753525,0.019430183514316468,2,0,3,152,0.0010692020874680885,0,0,0.0,85,230,95.33333333333333,0.8927335640138409,0.4701625490200821,0.001222313975259384,0.8476921028367528,0.6241748267199646,0.8570032077793294,0.9536385843241796,64.89984591679507,61.93374422187981,False,False,近期份额下降,2026Q2
C0686,电网灾害韧性与恢复,电网与电力系统,方向候选,能源电力直接相关,True,True,182,54154,0.0033468429642942287,117,47718,0.002443182999604932,80,40261,0.001981002067132592,70,33955,0.0020535974366443343,83,30484,0.0027058556660941703,182,117,1.369869946228105,3,267,89.0,0.0021592608344606196,1.5499947532416878,1.2368889465288095,0.2622073457933798,4,4,3,379,0.002590342677010584,7,1,0.5833333333333334,282,497,155.66666666666666,1.8063829787234045,0.391594424983956,0.0021870835343269913,1.5302766957751883,1.267784006976209,3.450754830921361e-06,7.874344610038276e-05,79.87480739599384,92.2804314329738,False,True,多年背景上持续抬升,2026Q2
C0687,染料敏化电池对电极,太阳能,方向候选,能源电力直接相关,True,True,43,54154,0.0007977406517632819,67,47718,0.0014035306593475141,85,40261,0.00210404567378679,67,33955,0.001966210311680746,75,30484,0.0024466120094623935,43,67,0.5683813505963188,3,219,73.0,0.0018245955482716833,0.4372150598081465,0.3260593214935512,-0.48491686742967266,1,0,3,195,0.0014351056616325288,2,0,0.16666666666666666,112,328,137.66666666666666,0.8149038461538463,0.432430320975084,0.0017946349001299986,0.44451417483606037,0.32108020072350885,0.9999997600330457,1.0,68.50924499229585,4.803543913713405,False,False,近期份额下降,2026Q2
C0688,染料敏化电池光阳极,太阳能,方向候选,能源电力直接相关,True,True,74,54154,0.0013662454840543564,74,47718,0.0015490819869835527,69,40261,0.0017103061324933557,70,33955,0.0020535974366443343,67,30484,0.0021873683528306166,74,74,0.8819710612701498,3,213,71.0,0.0017709951853737476,0.7714563513994118,0.6246069539619761,-0.11230296209825053,2,1,3,217,0.0015418778678437548,3,0,0.25,148,367,138.66666666666666,1.0668257756563246,0.3311479498000557,0.0017455788208553746,0.7826890815419404,0.6012410851610128,0.9660749173270925,1.0,68.85015408320494,64.82280431432974,False,False,近期份额下降,2026Q2
C0689,染料敏化电池敏化剂,太阳能,方向候选,能源电力直接相关,True,True,114,54154,0.00209980010636542,108,47718,0.002256045578358597,116,40261,0.002866916035042819,122,33955,0.003568307602679872,114,30484,0.0037104248355423054,114,108,0.9307436545201119,3,346,115.33333333333333,0.0028970897386937627,0.7247963631641512,0.5659190522474279,-0.15569737351136448,2,2,3,338,0.0024075872399222788,7,0,0.5833333333333334,206,503,214.0,0.9627906976744186,0.3740986178102191,0.0028329885781095423,0.7411961073865748,0.6000351681570051,0.9972726911823208,1.0,78.61902927580894,27.90446841294299,False,False,近期份额下降,2026Q2
C0690,电力知识图谱,数字技术与测量,方向候选,能源电力直接相关,True,True,12,54154,0.00022923581947220745,6,47718,0.00013515480423346432,1,40261,3.691308199625948e-05,3,33955,0.00010195164579085348,1,30484,4.860818561845815e-05,12,6,1.6960981947502882,3,10,3.3333333333333335,9.13398440068591e-05,2.509702331602331,1.6960981947502882,0.9130926195944111,3,0,3,19,0.00013376790190064374,0,0,0.0,10,18,5.0,1.8333333333333333,0.1483436638661913,8.58481387305922e-05,2.6702479851263066,1.1754921802017098,0.007796315895965192,0.09745394869956489,51.124807395993834,95.06548536209553,False,False,多年背景上持续抬升,2026Q2
C0691,充电基础设施建设政策,能源政策与治理,方向候选,能源治理与政策研究,True,False,0,54154,9.169432778888298e-06,0,47718,1.039652340257418e-05,0,40261,1.2304360665419824e-05,0,33955,1.4564520827264783e-05,0,30484,1.6202728539486048e-05,0,0,0.8819710612701498,3,0,0.0,1.242180163175293e-05,0.7381725333182875,0.565919052247428,-0.14703914850563482,0,0,3,0,1.0623438948960767e-05,0,0,0.0,0,0,0.0,1.0,0.0,4.088006606218676e-06,2.2430083075060976,0.044503740341638134,0.5,0.6019261637239165,47.75038520801233,58.89830508474576,False,False,近期份额下降,2026Q2
C0692,公用事业接入与收费政策,能源政策与治理,方向候选,能源治理与政策研究,True,False,0,54154,9.169432778888298e-06,0,47718,1.039652340257418e-05,0,40261,1.2304360665419824e-05,0,33955,1.4564520827264783e-05,0,30484,1.6202728539486048e-05,0,0,0.8819710612701498,3,0,0.0,1.242180163175293e-05,0.7381725333182875,0.565919052247428,-0.14703914850563482,0,0,3,0,1.0623438948960767e-05,0,0,0.0,0,0,0.0,1.0,0.0,4.088006606218676e-06,2.2430083075060976,0.044503740341638134,0.5,0.6019261637239165,47.75038520801233,58.89830508474576,False,False,近期份额下降,2026Q2
C0693,活性炭制备与孔结构,能源材料与电化学基础,关联基础研究,关联基础或环境研究,True,False,112,54154,0.002063122375249867,73,47718,0.0015282889401784044,93,40261,0.002300915444433507,76,33955,0.0022283716865715117,75,30484,0.0024466120094623935,112,73,1.3499557060257394,3,242,80.66666666666667,0.002019192023727808,1.0217564010781677,0.8432568659315979,-0.05454325583071773,4,2,3,278,0.001964108919953926,4,0,0.3333333333333333,226,475,160.0,1.4099378881987579,0.4459570526794993,0.001982683204016058,1.0405708643069524,0.8320912342377924,0.3590590529830576,0.6019261637239165,75.07704160246533,81.79506933744221,False,False,历史峰值以下的恢复或波动,2026Q2
C0694,稀土元素提取分离,能源材料与电化学基础,关联基础研究,关联基础或环境研究,True,False,167,54154,0.00307175998092758,113,47718,0.0023600108123843387,98,40261,0.0024239590510877055,74,33955,0.0021701136032624526,72,30484,0.002349395638225477,167,113,1.301587249011014,3,285,95.0,0.0023180278222448324,1.3251609628881915,1.2672491226900826,0.11842425303790449,4,4,3,378,0.0026185766147998747,10,1,0.8333333333333334,248,470,146.66666666666666,1.6862302483069977,0.3526208894830182,0.002334251772150864,1.3159505832128593,1.0874070755056535,0.002139767936768344,0.02971899912178256,82.39984591679507,88.31278890600925,False,False,多年背景上持续抬升,2026Q2
C0695,铀钍提取与分离,能源材料与电化学基础,方向候选,能源电力直接相关,True,True,141,54154,0.0025949494764253883,113,47718,0.0023600108123843387,96,40261,0.0023747416084260262,64,33955,0.001878823186717157,56,30484,0.0018309083249619235,141,113,1.0995498252839313,3,273,91.0,0.002204525202509174,1.177101297581827,1.0927291909225085,0.044339205863541675,4,3,3,350,0.002443233965745251,7,0,0.5833333333333334,190,379,137.66666666666666,1.3774038461538463,0.4473706382893225,0.0022361396136016155,1.1604595082709792,0.9472900798241,0.0723509673352821,0.5898176684941475,79.87480739599384,82.75808936825885,False,False,平稳或增长证据不足,2026Q2
C0696,镁铝钙多价离子电池,电化学储能,方向候选,能源电力直接相关,True,True,77,54154,0.0014212620807276862,51,47718,0.0010708419104651405,63,40261,0.0015626538045083178,44,33955,0.0012962423536265657,37,30484,0.0012152046404614537,77,51,1.327238004824012,3,158,52.666666666666664,0.0013099126895333415,1.0850052007924385,0.9095182033456733,-0.047420133275306586,2,1,3,191,0.0013515859319003815,2,0,0.16666666666666666,171,335,110.0,1.5495495495495495,0.5139639349660557,0.0012958980941713202,1.096739077802666,0.8358285536167769,0.2518060230198931,0.6019261637239165,70.73574730354392,77.95069337442217,False,False,历史峰值以下的恢复或波动,2026Q2
C0697,钾离子电池,电化学储能,方向候选,能源电力直接相关,True,True,55,54154,0.001017807038456601,80,47718,0.001673840267814443,82,40261,0.0020302195097942712,61,33955,0.0017914360617535684,63,30484,0.002057746524514728,55,80,0.6080670049750723,3,223,74.33333333333333,0.001831831946454094,0.5556224960629091,0.4946221637753111,-0.34524678479975757,0,0,3,217,0.0015739556053551054,1,0,0.08333333333333333,103,295,134.33333333333334,0.7684729064039408,0.5319658571650872,0.001827338952979748,0.5569886401189639,0.4151314491746468,0.9999635426946694,1.0,70.25616332819722,3.3281972265023105,False,False,近期份额下降,2026Q2
C0698,太阳辐射测量与仪器,太阳能,方向候选,能源电力直接相关,True,True,6,54154,0.00011920262612554787,9,47718,0.0001975339446489094,11,40261,0.000283000295304656,4,33955,0.00013108068744538303,6,30484,0.00021063547101331863,6,9,0.6034538840269447,3,24,8.0,0.00020387164246631615,0.584694490530936,0.42121025349893587,-0.4323115777394415,1,0,3,26,0.00019991228869303777,0,0,0.0,22,59,16.333333333333332,1.326923076923077,0.234616946586893,0.0002003123237047151,0.5950838366852912,0.2506203143246636,0.8991087926317891,0.9902079214006488,52.71186440677966,13.17026194144838,False,False,近期份额下降,2026Q2
C0699,电池模组与电池包装配结构,电化学储能,方向候选,能源电力直接相关,True,True,12,54154,0.00022923581947220745,7,47718,0.00015594785103861269,5,40261,0.00013534796731961806,10,33955,0.0003058549373725604,10,30484,0.00034025729932920704,12,7,1.469951768783583,3,22,7.333333333333333,0.0001990502519102637,1.1516479746810473,0.6737131574374142,0.26345112752928124,2,0,3,24,0.0001735105459434794,0,0,0.0,14,34,13.0,1.0714285714285714,0.3286159481236705,0.00018396029727984041,1.2461157263922764,0.624133048297685,0.28307586940202245,0.6019261637239165,54.10631741140215,81.90292758089367,False,False,历史峰值以下的恢复或波动,2026Q2
C0700,永磁同步电机控制,电力电子与电机,方向候选,能源电力直接相关,True,True,421,54154,0.007729831832602835,314,47718,0.006539413220219159,316,40261,0.007788660301210749,322,33955,0.009394115933585785,279,30484,0.0090573252535727,421,314,1.1820375272666714,3,952,317.3333333333333,0.007907396485005231,0.9775444860088764,0.822837602521722,-0.003790880576794997,3,4,3,1051,0.007352635118010914,12,3,1.0,450,834,341.6666666666667,1.316147859922179,0.323610183954253,0.007787652584846577,0.9925753297782889,0.8850474566323691,0.5292890956162581,0.6341323030546224,90.42372881355931,77.846687211094,True,False,历史峰值以下的恢复或波动,2026Q2
C0701,电气设备风冷散热,热工与能效,方向候选,能源电力直接相关,True,True,3,54154,6.418602945221809e-05,0,47718,1.039652340257418e-05,0,40261,1.2304360665419824e-05,0,33955,1.4564520827264783e-05,1,30484,4.860818561845815e-05,3,0,6.173797428891049,3,0,0.0,1.242180163175293e-05,5.167207733228013,1.320477788577332,0.8259159260220219,2,0,3,3,2.8962304506737366e-05,0,0,0.0,3,3,0.0,4.0,0.0,4.088006606218676e-06,15.701058152542682,0.8109788046367573,0.0046743659043539535,0.060444386694232154,49.00616332819723,94.9075500770416,False,False,多年背景上持续抬升,2026Q2
C0702,电气设备液冷散热,热工与能效,方向候选,能源电力直接相关,True,True,0,54154,9.169432778888298e-06,0,47718,1.039652340257418e-05,0,40261,1.2304360665419824e-05,0,33955,1.4564520827264783e-05,0,30484,1.6202728539486048e-05,0,0,0.8819710612701498,3,0,0.0,1.242180163175293e-05,0.7381725333182875,0.565919052247428,-0.14703914850563482,0,0,3,0,1.0623438948960767e-05,0,0,0.0,0,0,0.0,1.0,0.0,4.088006606218676e-06,2.2430083075060976,0.044503740341638134,0.5,0.6019261637239165,47.75038520801233,58.89830508474576,False,False,近期份额下降,2026Q2
C0703,电站锅炉运行与燃烧,热工与能效,方向候选,能源电力直接相关,True,True,1,54154,2.7508298336664893e-05,3,47718,7.277566381801925e-05,7,40261,0.00018456540998129737,3,33955,0.00010195164579085348,1,30484,4.860818561845815e-05,1,3,0.3779875976872071,3,13,4.333333333333333,0.00011976423986339003,0.22968707828014806,0.14904362816116196,-0.9517581047226846,1,0,3,11,9.494979071199385e-05,0,0,0.0,3,15,7.0,0.5,0.4094559222745133,0.00011037617836790424,0.2492231452784553,0.04612934266788225,0.9722201396611408,1.0,54.738058551617875,3.339753466872111,False,False,近期份额下降,2026Q2
C0704,汽轮机运行与热力性能,热工与能效,方向候选,能源电力直接相关,True,True,17,54154,0.00032093014726109045,13,47718,0.0002807061318695028,8,40261,0.000209174131312137,8,33955,0.00024759685406350134,15,30484,0.0005022845847240675,17,13,1.1432958201650092,3,29,9.666666666666666,0.0002458257057483804,1.3055190720761507,0.6389408654406445,0.21402821021096408,2,0,3,38,0.00027027013681424345,0,0,0.0,17,47,12.333333333333334,1.3499999999999999,0.1299294510846601,0.00024119238976690185,1.3305981485205667,0.736561330891498,0.18095880767121064,0.6019261637239165,53.07395993836672,82.00308166409862,False,False,历史峰值以下的恢复或波动,2026Q2
C0705,天然气管网优化运行,化石能源,方向候选,能源电力直接相关,True,True,17,54154,0.00032093014726109045,10,47718,0.00021832699145405777,13,40261,0.0003322177379663353,6,33955,0.00018933877075444217,9,30484,0.00030785184225023493,17,10,1.4699517687835832,3,29,9.666666666666666,0.00024662783339161177,1.301273026842419,0.9660235158593831,-0.017283550763092848,3,0,3,40,0.0002904916255604945,0,0,0.0,17,38,15.333333333333334,1.1020408163265305,0.3685042950541047,0.00024119238976690185,1.3305981485205667,0.736561330891498,0.18095880767121064,0.6019261637239165,56.97226502311248,82.68489984591679,False,False,历史峰值以下的恢复或波动,2026Q2
C0706,轨道交通能耗与牵引优化,交通与充电,方向候选,能源电力直接相关,True,True,2,54154,4.584716389444149e-05,0,47718,1.039652340257418e-05,0,40261,1.2304360665419824e-05,2,33955,7.282260413632391e-05,2,30484,8.101364269743025e-05,2,0,4.4098553063507495,3,2,0.6666666666666666,3.184116273477264e-05,1.4398709078664824,0.565919052247428,0.657679807711415,2,0,3,2,2.284934932081183e-05,0,0,0.0,2,2,1.0,1.5,0.1913918357933579,2.0440033031093378e-05,2.243008307506098,0.3885787857229126,0.20210653043442345,0.6019261637239165,49.067796610169495,89.83050847457628,False,False,历史峰值以下的恢复或波动,2026Q2
C0707,船舶燃料与能效,交通与充电,方向候选,能源电力直接相关,True,True,25,54154,0.0004676410717233032,26,47718,0.0005510157403364315,21,40261,0.0005290875086130524,19,33955,0.0005680163122633265,16,30484,0.0005346900418030396,25,26,0.8486891344297669,3,66,22.0,0.0005493731870709368,0.8512266028427775,0.8232881021672308,-0.06172638999025226,1,0,3,72,0.0005159147735575957,0,0,0.0,37,100,37.0,1.0,0.4691951211064426,0.0005437048786270838,0.8601009299459473,0.5448551638929394,0.7512707388918637,0.8641918008725427,61.21725731895224,49.610939907550076,False,False,近期份额下降,2026Q2
C0708,电缆桥架与线束支撑,电网与电力系统,方向候选,能源电力直接相关,True,True,0,54154,9.169432778888298e-06,0,47718,1.039652340257418e-05,0,40261,1.2304360665419824e-05,1,33955,4.369356248179435e-05,0,30484,1.6202728539486048e-05,0,0,0.8819710612701498,3,1,0.3333333333333333,2.2131482183262785e-05,0.4143162533335792,0.20985775153282352,-0.14703914850563482,0,0,3,0,1.0623438948960767e-05,0,0,0.0,0,0,0.3333333333333333,0.75,0.0,1.2264019818656027e-05,0.7476694358353658,0.030456345168211635,0.7474316351357654,0.86169617545672,47.75038520801233,31.309707241910633,False,False,近期份额下降,2026Q2
C0709,核结构材料辐照损伤,核能与等离子体,方向候选,能源电力直接相关,True,True,7,54154,0.00013754149168332446,8,47718,0.00017674089784376105,8,40261,0.000209174131312137,9,33955,0.00027672589571803085,5,30484,0.00017823001393434655,7,8,0.7782097599442498,3,25,8.333333333333334,0.00022088030829130962,0.6226969382074877,0.49703151678826624,-0.2096207199826372,2,0,3,23,0.0001744855069464075,0,0,0.0,22,58,21.0,1.0454545454545454,0.3294616428062144,0.00020848833691715246,0.6597083257370875,0.29225684197334706,0.8618123844009438,0.9575693160010487,54.44530046224961,16.024653312788907,False,False,近期份额下降,2026Q2
C0710,水电站运行调度,风能与水能海洋能源,方向候选,能源电力直接相关,True,True,40,54154,0.0007427240550899522,32,47718,0.0006757740211673217,24,40261,0.0006029136726055715,15,33955,0.00045150014564520827,12,30484,0.00040506821348715126,40,32,1.0990716301981867,3,71,23.666666666666668,0.0005767292798060337,1.2878209605375786,1.0990716301981867,0.10427527977527173,3,0,3,96,0.0006738039162876151,0,0,0.0,56,104,37.0,1.5,0.3172779636879608,0.0005845849446892706,1.2705151951607967,0.8641212701894128,0.11385019052063206,0.6019261637239165,58.60554699537751,82.72342064714945,False,False,平稳或增长证据不足,2026Q2
C0711,水轮机性能与设计,风能与水能海洋能源,方向候选,能源电力直接相关,True,True,22,54154,0.0004126244750499734,24,47718,0.0005094296467261348,19,40261,0.0004798700659513732,21,33955,0.0006262743955723856,27,30484,0.0008911500696717327,22,24,0.8099734236154437,3,64,21.333333333333332,0.0005385247027499645,0.7662127158567019,0.463024679111532,-0.07548872668529771,3,0,3,65,0.00046730806257582716,0,0,0.0,33,106,36.666666666666664,0.9026548672566372,0.1858761232963014,0.0005273528522022091,0.7824447584323597,0.4842155409049153,0.8507624027551826,0.9509266796816497,55.62403697996918,46.79121725731895,False,False,近期份额下降,2026Q2
C0712,电力负荷预测,电网与电力系统,方向候选,能源电力直接相关,True,True,436,54154,0.008004914815969485,337,47718,0.007017653296737571,230,40261,0.00567231026675854,199,33955,0.005811243810078648,198,30484,0.006432483230175962,436,337,1.1406825725760605,3,766,255.33333333333334,0.006167069124524919,1.298009581915647,1.1406825725760605,0.1722296079158423,3,4,3,1003,0.006898292793155198,12,3,1.0,526,992,346.3333333333333,1.517274472168906,0.3778765863780854,0.00626691412733323,1.277329584117954,1.1356938843946682,1.5876510124519464e-05,0.0003307606275941555,91.81818181818183,84.20261941448382,True,False,平稳或增长证据不足,2026Q2
C0713,电价预测,电网与电力系统,方向候选,能源电力直接相关,True,True,171,54154,0.0031451154431586864,98,47718,0.0020481151103071134,72,40261,0.0017841322964858746,50,33955,0.0014710166035537431,52,30484,0.0017012864966460353,171,98,1.5356145889119868,3,220,73.33333333333333,0.0017677546701155768,1.7791583279783143,1.5356145889119868,0.28345920386704826,3,3,3,341,0.002325787616650558,5,1,0.4166666666666667,210,384,117.66666666666667,1.7780898876404494,0.3877033738060367,0.001802810913342436,1.744562016949187,1.4289622340615695,1.2882937026993089e-08,4.200957726193399e-07,76.14984591679507,92.16872110939907,False,True,多年背景上持续抬升,2026Q2
C0714,层状及富镍锂电正极材料,电化学储能,方向候选,能源电力直接相关,True,True,588,54154,0.010792422380751527,507,47718,0.010552471253612791,461,40261,0.011356924894182498,419,33955,0.012219632974075153,365,30484,0.011844194562364302,588,507,1.022738856270903,3,1387,462.3333333333333,0.01137634304062348,0.948672375842848,0.8832034811232418,-0.025491712126922028,1,4,3,1556,0.010900606176182272,12,3,1.0,795,1216,564.0,1.4088495575221238,0.5355594427589636,0.011344218332256824,0.9513588388953792,0.863913755157758,0.8291548459928206,0.9309373270877478,96.9953775038521,70.46610169491525,True,False,历史峰值以下的恢复或波动,2026Q2
C0715,锂电磷酸盐正极材料,电化学储能,方向候选,能源电力直接相关,True,True,166,54154,0.0030534211153698033,129,47718,0.0026926995612667126,108,40261,0.002670046264396102,87,33955,0.002548791144771337,63,30484,0.002057746524514728,166,129,1.1339627930616212,3,324,108.0,0.002637178990144717,1.1578361297358297,1.1339627930616212,0.06708341971435772,4,4,3,403,0.0028053889803442062,10,1,0.8333333333333334,277,538,176.66666666666666,1.5647279549718576,0.489055376409443,0.0026531162874359206,1.1508809959931132,0.9547386502522868,0.06675320050711438,0.5501637404432503,86.16718027734977,83.8366718027735,False,False,平稳或增长证据不足,2026Q2
C0716,柴油机燃烧与排放,化石能源,方向候选,能源电力直接相关,True,True,43,54154,0.0007977406517632819,27,47718,0.0005718087871415798,36,40261,0.0008982183285756472,43,33955,0.0012671133119720361,31,30484,0.001020771897987621,43,27,1.3951178605546006,3,106,35.333333333333336,0.0009123801425630877,0.8743511772650413,0.6295732545984706,-0.059314809752538,4,0,3,106,0.0007559225891601696,0,0,0.0,98,190,66.33333333333333,1.4702970297029705,0.3644603396497115,0.0008707454071245779,0.9161583227841807,0.6438772000302954,0.6919659858151279,0.8185717497813028,61.047765793528505,79.76117103235747,False,False,历史峰值以下的恢复或波动,2026Q2
C0717,双燃料发动机,化石能源,方向候选,能源电力直接相关,True,True,18,54154,0.000339269012818867,6,47718,0.00013515480423346432,8,40261,0.000209174131312137,5,33955,0.0001602097290999126,2,30484,8.101364269743025e-05,18,6,2.5102253282304265,3,19,6.333333333333333,0.000168179554881838,2.017302359119903,1.621945365283233,0.2418131357883695,4,0,3,32,0.00022786598278815611,0,0,0.0,30,57,15.0,1.9375,0.3441861970131325,0.00015943225764252834,2.127982240454503,1.1264216770648674,0.009162766807186962,0.11083992105468099,55.70107858243452,95.97072419106316,False,False,多年背景上持续抬升,2026Q2
C0718,配电网规划与容量配置,电网与电力系统,方向候选,能源电力直接相关,True,True,170,54154,0.0031267765776009098,127,47718,0.002651113467656416,119,40261,0.0029407421990353382,90,33955,0.0026361782697349257,109,30484,0.003548397550147445,170,127,1.1794201250710632,3,336,112.0,0.0027426779788088927,1.1400450952535177,0.8811798941386892,0.030670314170368584,3,4,3,416,0.002906210748097554,11,1,0.9166666666666666,217,411,152.0,1.4248366013071896,0.3192291439562447,0.0027512284459851686,1.136501980474858,0.9452612148603075,0.0826055842973481,0.6019261637239165,83.07973805855163,80.79738058551618,False,False,历史峰值以下的恢复或波动,2026Q2
C0719,气候变化适应与风险,能源政策与治理,方向候选,能源治理与政策研究,True,False,62,54154,0.0011461790973610372,80,47718,0.001673840267814443,64,40261,0.0015872625258391575,45,33955,0.0013253713952810953,49,30484,0.0016040701254091188,62,80,0.6847601407376939,3,189,63.0,0.0015288247296448988,0.7497125570615678,0.6847601407376939,-0.16278848203532004,1,0,3,206,0.0014690939636715459,2,0,0.16666666666666666,107,417,141.33333333333334,0.7587822014051522,0.307657905811622,0.001549354503756878,0.7397784655363119,0.5558243737467231,0.9812125791870125,1.0,66.62942989214177,27.831278890600924,False,False,近期份额下降,2026Q2
C0720,气候变化减缓政策,能源政策与治理,方向候选,能源治理与政策研究,True,False,70,54154,0.0012928900218232501,87,47718,0.0018193915954504813,99,40261,0.002448567772418545,58,33955,0.0017040489367899797,46,30484,0.0015068537541722026,70,87,0.7106166836519494,3,244,81.33333333333333,0.0019906694348863353,0.6494749952781952,0.5280188836865286,-0.3193116156787963,1,0,3,256,0.0018536164632307589,2,0,0.16666666666666666,129,410,151.0,0.8552631578947368,0.2886866220396599,0.0019990352304409325,0.6467569966428626,0.49621655945951554,0.9994266112061299,1.0,67.81587057010788,6.937596302003082,False,False,近期份额下降,2026Q2
C0721,光伏清扫机器人,电网与电力系统,方向候选,能源电力直接相关,True,True,13,54154,0.00024757468502998404,11,47718,0.00023912003825920613,3,40261,8.613052465793877e-05,6,33955,0.00018933877075444217,4,30484,0.00014582455685537444,13,11,1.0353573327953933,3,20,6.666666666666667,0.00017152977789052903,1.4433335603570079,1.0353573327953933,0.5279242099688739,2,0,3,27,0.00019094174931570966,0,0,0.0,13,27,5.0,2.3333333333333335,0.140380112355268,0.0001676082708549657,1.4771030317723082,0.7431114114769706,0.14104610920242183,0.6019261637239165,51.79506933744222,85.30816640986133,False,False,平稳或增长证据不足,2026Q2
C0722,变电站巡检机器人,电网与电力系统,方向候选,能源电力直接相关,True,True,5,54154,0.00010086376056777128,12,47718,0.0002599130850643545,10,40261,0.0002583915739738163,6,33955,0.00018933877075444217,7,30484,0.00024304092809229074,5,12,0.3880672669588659,3,28,9.333333333333334,0.00023588114326420436,0.4276041703545433,0.3880672669588659,-0.47035273096816077,0,0,3,27,0.00020638947320198068,0,0,0.0,10,35,16.0,0.6470588235294118,0.3346151916401813,0.0002330163765544645,0.43286125232573813,0.17374406989723917,0.9739565212901224,1.0,54.63790446841295,1.6563944530046226,False,False,近期份额下降,2026Q2
C0723,光伏光热联合系统,太阳能,方向候选,能源电力直接相关,True,True,408,54154,0.00749142658035174,325,47718,0.00676813673507579,311,40261,0.007665616694556551,280,33955,0.008170696184095542,230,30484,0.007469457856703068,408,325,1.1068669079227533,3,916,305.3333333333333,0.007534816537909294,0.9942414049049171,0.9168651497450098,-0.011492860469359378,3,4,3,1044,0.007308393336661361,12,3,1.0,541,998,446.6666666666667,1.2107222635889798,0.4738376597832482,0.007493316109198832,0.9997478380973714,0.8897159259797849,0.48050420572748265,0.6019261637239165,94.07550077041603,76.48305084745762,True,False,历史峰值以下的恢复或波动,2026Q2
C0724,电子废物回收,生物质与资源循环,方向候选,能源电力直接相关,True,True,75,54154,0.001384584349612133,73,47718,0.0015282889401784044,62,40261,0.0015380450831774782,45,33955,0.0013253713952810953,30,30484,0.000988366440908649,75,73,0.9059702738217185,3,180,60.0,0.0014639018062123262,0.9458177753018709,0.9002235140934182,-0.05255609874932299,2,1,3,210,0.0014836394576560052,1,0,0.08333333333333333,130,358,110.33333333333333,1.1766467065868265,0.4768410796996533,0.0014757703848449419,0.938211231117509,0.7171888990309405,0.6789551332980841,0.8069989698471681,69.50885978428352,69.6995377503852,False,False,近期份额下降,2026Q2
C0725,废塑料回收与转化,生物质与资源循环,方向候选,能源电力直接相关,True,True,181,54154,0.003328504098736452,110,47718,0.002297631671968894,91,40261,0.002251698001771828,101,33955,0.002956597727934751,70,30484,0.002284584724067533,181,110,1.448667399280834,3,302,100.66666666666667,0.002501975800558491,1.330350236798239,1.1257886276810087,0.19541919220608062,3,3,3,382,0.0026259445908257246,6,1,0.5,333,558,184.0,1.8054054054054054,0.4613855140561211,0.002473243996762299,1.3458049845036584,1.1195949241291951,0.0006757473562138561,0.01034307177878351,80.40446841294299,87.86979969183358,False,True,多年背景上持续抬升,2026Q2
C0726,风机状态监测与预测性维护,风能与水能海洋能源,方向候选,能源电力直接相关,True,True,96,54154,0.0017697005263254415,45,47718,0.0009460836296342504,30,40261,0.0007505660005906093,41,33955,0.001208855228662977,30,30484,0.000988366440908649,96,45,1.8705540090674606,3,116,38.666666666666664,0.0009685016196292789,1.8272561351036707,1.463947447439817,0.42886901386015275,4,1,3,171,0.0011554500521834337,1,0,0.08333333333333333,139,213,56.0,2.456140350877193,0.3806934506950566,0.0009525055392489515,1.8579425036423898,1.4186188977843754,2.2493376040830755e-06,6.0250114395082376e-05,64.96340523882897,96.76425269645608,False,False,多年背景上持续抬升,2026Q2
C0727,钠离子电池负极材料,电化学储能,方向候选,能源电力直接相关,True,True,699,54154,0.012828036457664728,645,47718,0.013421911712723266,473,40261,0.011652229550152575,438,33955,0.012773084765511214,365,30484,0.011844194562364302,699,645,0.9557533034213319,3,1556,518.6666666666666,0.012615742009462352,1.0168277417248344,0.9557533034213319,0.048067792234066875,2,4,3,1817,0.01263405924018019,12,3,1.0,913,1457,609.0,1.498360655737705,0.510139607986539,0.012725964565158737,1.0080207588181918,0.9219814224288561,0.4003115006797795,0.6019261637239165,96.98767334360554,74.36825885978429,True,False,近期份额下降,2026Q2
C0728,钠离子电池正极材料,电化学储能,方向候选,能源电力直接相关,True,True,843,54154,0.01546883309798456,722,47718,0.015022976316719689,528,40261,0.013005709223348755,328,33955,0.009568890183512962,281,30484,0.009122136167730647,843,722,1.0296783255105486,3,1578,526.0,0.012532525241193804,1.2342949884624412,1.0296783255105486,0.08671939983223087,2,4,3,2093,0.014499172879351001,12,3,1.0,930,1371,563.6666666666666,1.6487603305785126,0.5684866606878441,0.012905836855832358,1.1985920224145667,1.1024698023847013,6.3329364935962164e-06,0.00013969712853521067,98.22033898305087,78.89830508474577,True,False,平稳或增长证据不足,2026Q2
C0729,建筑暖通空调能耗,热工与能效,方向候选,能源电力直接相关,True,True,74,54154,0.0013662454840543564,28,47718,0.0005926018339467282,17,40261,0.00043065262328969385,18,33955,0.0005388872706087969,18,30484,0.0005995009559609839,74,28,2.3055033005131986,3,63,21.0,0.0005207139092817397,2.6237929498348196,2.2789713185099125,0.5772599737223882,3,1,3,119,0.0007964999804302594,1,0,0.08333333333333333,109,172,39.666666666666664,2.7049180327868854,0.4030668602046615,0.0005191768389897719,2.631560927704004,1.8829118740611213,1.794991577611902e-09,6.809115085086904e-08,63.71533127889061,96.03620955315868,False,False,多年背景上持续抬升,2026Q2
C0730,建筑节能改造,热工与能效,方向候选,能源电力直接相关,True,True,0,54154,9.169432778888298e-06,2,47718,5.1982617012870895e-05,0,40261,1.2304360665419824e-05,1,33955,4.369356248179435e-05,0,30484,1.6202728539486048e-05,0,2,0.17639421225402996,3,3,1.0,3.5993513386695026e-05,0.25475236830527836,0.17639421225402996,-0.14703914850563482,0,0,3,2,2.4485470152393004e-05,0,0,0.0,0,3,1.6666666666666667,0.37499999999999994,0.8021322152099097,2.8616046243530728e-05,0.32042975821515685,0.016550587849729743,0.8758105799304163,0.9688170131973632,57.234206471494595,13.559322033898304,False,False,近期份额下降,2026Q2
C0731,天体等离子体与磁重联,其他基础与关联学科,关联基础研究,关联基础或环境研究,False,False,10,54154,0.00019255808835665425,5,47718,0.00011436175742831597,4,40261,0.00011073924598877842,9,33955,0.00027672589571803085,6,30484,0.00021063547101331863,10,5,1.6837629351521042,3,18,6.0,0.00016727563304504175,1.1511424877095207,0.6958441235035727,0.27660978168796735,2,0,3,19,0.00013921969725791622,0,0,0.0,16,28,11.333333333333334,1.3783783783783783,0.1347911656150968,0.000151256244430091,1.2730587691250823,0.5969696382895716,0.28473799052291265,0.6019261637239165,51.2788906009245,83.84437596302003,False,False,历史峰值以下的恢复或波动,2026Q2
C0732,电力设备风险预警,电网与电力系统,方向候选,能源电力直接相关,True,True,0,54154,9.169432778888298e-06,0,47718,1.039652340257418e-05,0,40261,1.2304360665419824e-05,0,33955,1.4564520827264783e-05,0,30484,1.6202728539486048e-05,0,0,0.8819710612701498,3,0,0.0,1.242180163175293e-05,0.7381725333182875,0.565919052247428,-0.14703914850563482,0,0,3,0,1.0623438948960767e-05,0,0,0.0,0,0,0.0,1.0,0.0,4.088006606218676e-06,2.2430083075060976,0.044503740341638134,0.5,0.6019261637239165,47.75038520801233,58.89830508474576,False,False,近期份额下降,2026Q2
C0733,灌溉水资源优化调度,风能与水能海洋能源,关联基础研究,关联基础或环境研究,True,False,7,54154,0.00013754149168332446,7,47718,0.00015594785103861269,2,40261,6.152180332709912e-05,6,33955,0.00018933877075444217,2,30484,8.101364269743025e-05,7,7,0.8819710612701498,3,15,5.0,0.00013560280837338466,1.0142967784605286,0.7264306783828506,0.4022669958284206,1,0,3,16,0.00011833704868301209,0,0,0.0,9,23,10.333333333333334,0.8823529411764706,0.3136187783021031,0.00012672820479277895,1.0853266004061761,0.45387548479025575,0.45692809465487083,0.6019261637239165,52.88135593220339,66.5677966101695,False,False,近期份额下降,2026Q2
C0734,液压泵性能与控制,制造与通用装置,关联基础研究,关联基础或环境研究,False,False,1,54154,2.7508298336664893e-05,1,47718,3.118957020772254e-05,1,40261,3.691308199625948e-05,0,33955,1.4564520827264783e-05,1,30484,4.860818561845815e-05,1,1,0.8819710612701498,3,2,0.6666666666666666,2.7555724343748935e-05,0.9982789054465628,0.5659190522474279,-0.14703914850563482,1,0,3,3,3.187031684688231e-05,0,0,0.0,1,1,0.0,2.0,0.27960242290023,2.0440033031093378e-05,1.3458049845036586,0.1777660426958952,0.46143744129096853,0.6019261637239165,50.28505392912172,68.76348228043143,False,False,近期份额下降,2026Q2
C0735,液压阀设计与控制,制造与通用装置,关联基础研究,关联基础或环境研究,False,False,0,54154,9.169432778888298e-06,0,47718,1.039652340257418e-05,1,40261,3.691308199625948e-05,0,33955,1.4564520827264783e-05,1,30484,4.860818561845815e-05,0,0,0.8819710612701498,3,1,0.3333333333333333,2.062470874203281e-05,0.4445848372249324,0.18863968408247597,-0.6963452928396894,0,0,3,1,1.8826346059240653e-05,0,0,0.0,0,0,0.0,1.0,0.1867410866841325,1.2264019818656027e-05,0.7476694358353658,0.030456345168211635,0.7474316351357654,0.86169617545672,48.613251155624035,24.96918335901387,False,False,近期份额下降,2026Q2
C0736,电力系统暂态稳定,电网与电力系统,方向候选,能源电力直接相关,True,True,67,54154,0.0012378734251499203,77,47718,0.0016114611273989978,41,40261,0.0010212619352298455,49,33955,0.0014418875618992136,51,30484,0.001668881039567063,67,77,0.7681683436869047,3,167,55.666666666666664,0.0013582035415093524,0.9114049458112066,0.7417385636252697,0.0961779368152813,0,1,3,185,0.001290198829259588,1,0,0.08333333333333333,74,170,70.0,1.056338028169014,0.2798967887668297,0.0013694822130832563,0.9038988701890245,0.6813965578758254,0.7591884679583251,0.8706289770164278,62.1590909090909,49.91525423728813,False,False,近期份额下降,2026Q2
C0737,电力系统电压稳定,电网与电力系统,方向候选,能源电力直接相关,True,True,61,54154,0.0011278402318032606,47,47718,0.000987669723244547,30,40261,0.0007505660005906093,39,33955,0.0011505971453539179,40,30484,0.00131242101169837,61,47,1.1419204266971412,3,116,38.666666666666664,0.0009629442897296914,1.1712414143084615,0.8593585608201684,0.20361609709391848,2,0,3,138,0.0009553586518794723,0,0,0.0,93,163,55.333333333333336,1.6686390532544377,0.2652064601243593,0.0009525055392489515,1.1840773468809012,0.8693842920241086,0.14232659550876858,0.6019261637239165,59.57627118644068,81.08628659476118,False,False,历史峰值以下的恢复或波动,2026Q2
C0738,木材加工与干燥,生物质与资源循环,关联基础研究,关联基础或环境研究,True,False,25,54154,0.0004676410717233032,8,47718,0.00017674089784376105,8,40261,0.000209174131312137,14,33955,0.0004223711039906787,6,30484,0.00021063547101331863,25,8,2.6459131838104493,3,30,10.0,0.0002694287110488589,1.7356764611418862,1.1071805511904138,0.4022669958284206,3,0,3,41,0.0002845187002930671,0,0,0.0,39,62,14.333333333333334,2.608695652173913,0.1370175186440833,0.0002493684029793392,1.8753020275870653,1.1083109034928955,0.009067464967318134,0.11083992105468099,53.6286594761171,94.54160246533128,False,False,多年背景上持续抬升,2026Q2
C0739,水污染物吸附去除,碳与环境,关联基础研究,关联基础或环境研究,True,False,122,54154,0.002246511030827633,125,47718,0.002609527374046119,99,40261,0.002448567772418545,104,33955,0.0030439848528983396,98,30484,0.0031919375222787517,122,125,0.860888087693971,3,328,109.33333333333333,0.0027006933331210014,0.8318275175032547,0.7038079583787811,-0.043062455595517246,1,4,3,346,0.002434868725764099,9,0,0.75,240,618,227.0,1.0570175438596492,0.4496274031615124,0.00268582034028567,0.8364338437427609,0.6797002991607247,0.9531984860209541,1.0,83.2916024653313,49.88058551617874,False,False,近期份额下降,2026Q2
C0740,水污染物电化学氧化,碳与环境,关联基础研究,关联基础或环境研究,True,False,9,54154,0.00017421922279887766,15,47718,0.00032229222547979956,17,40261,0.00043065262328969385,13,33955,0.00039324206233614913,13,30484,0.0004374736705661233,9,15,0.5405629085204144,3,45,15.0,0.0003820623037018808,0.45599689137303395,0.3982393330630049,-0.4524936896671212,2,0,3,41,0.0003090546905227904,0,0,0.0,27,93,35.0,0.7777777777777778,0.4788812952466132,0.0003720086011658995,0.46832041585292145,0.2327589643359038,0.9875704444266062,1.0,60.100154083204934,7.550077041602465,False,False,近期份额下降,2026Q2
C0741,电网状态估计与相量测量,电网与电力系统,方向候选,能源电力直接相关,True,True,55,54154,0.001017807038456601,43,47718,0.0009044975360239536,39,40261,0.0009720444925681662,30,33955,0.0008884357704631517,34,30484,0.0011179882692245375,55,43,1.1252734229998462,3,112,37.333333333333336,0.0009216592663517572,1.1043203010212546,0.9103915188328189,0.02300202591702183,3,0,3,137,0.0009647830223495736,0,0,0.0,70,174,62.0,1.126984126984127,0.2898408750703705,0.000919801486399202,1.1065507650363415,0.8023122478417807,0.2706605151495374,0.6019261637239165,60.231124807395986,78.36286594761171,False,False,历史峰值以下的恢复或波动,2026Q2
C0742,氮气电还原制氨,氢能与燃料电池,方向候选,能源电力直接相关,True,True,62,54154,0.0011461790973610372,90,47718,0.0018817707358659264,98,40261,0.0024239590510877055,118,33955,0.0034517914360617536,100,30484,0.003256748436436696,62,90,0.6090960367887774,3,306,102.0,0.002585840407671795,0.44325206380119136,0.3320534043240878,-0.3744841442234783,0,1,3,250,0.001817302961438223,5,0,0.4166666666666667,132,405,200.0,0.6616915422885572,0.5185681658952803,0.002505948049612048,0.45738342322718145,0.34844966638082775,0.9999999964123277,1.0,76.7815870570108,2.6964560862865947,False,False,近期份额下降,2026Q2
C0743,硝酸盐电还原制氨,氢能与燃料电池,方向候选,能源电力直接相关,True,True,198,54154,0.003640264813218654,198,47718,0.004127419790821949,133,40261,0.003285264297667093,81,33955,0.0023740168948441598,34,30484,0.0011179882692245375,198,198,0.8819710612701498,3,412,137.33333333333334,0.003262233661111067,1.1158810776230037,0.8819710612701498,0.05130466263783573,1,4,3,529,0.0036843163005692322,11,2,0.9166666666666666,375,648,230.66666666666666,1.623021582733813,0.6892558671027244,0.003372605450130407,1.0793627855514192,0.9112482996108818,0.1803208910938343,0.6019261637239165,91.2384437596302,72.55392912172573,False,False,近期份额下降,2026Q2
C0744,潜热储热系统,热工与能效,方向候选,能源电力直接相关,True,True,633,54154,0.011617671330851474,594,47718,0.0123614663256607,544,40261,0.01339944876464219,508,33955,0.014812117681328285,461,30484,0.014955118441945624,633,594,0.9398295497302606,3,1646,548.6666666666666,0.01352434425721039,0.8590191960440233,0.7768357954469027,-0.07134311981154529,1,4,3,1771,0.012459528807051456,12,3,1.0,839,1463,648.6666666666666,1.29297075423294,0.5164185684741206,0.013461805754278099,0.8630098771971534,0.7874417992350315,0.9990371360783818,1.0,97.01078582434516,66.32126348228043,True,False,近期份额下降,2026Q2
C0745,热化学储热系统,热工与能效,方向候选,能源电力直接相关,True,True,121,54154,0.0022281721652698564,89,47718,0.001860977689060778,88,40261,0.002177871837779309,53,33955,0.0015584037285173318,67,30484,0.0021873683528306166,121,89,1.1973126697689744,3,230,76.66666666666667,0.0018657510851191397,1.1942494275047273,1.0186542940453704,0.011416706877725336,3,2,3,298,0.0020890072307033145,5,0,0.4166666666666667,146,285,100.33333333333333,1.4506578947368423,0.4485192859598532,0.0018845710454668094,1.18232325102816,0.9490859189486274,0.06534998041393511,0.5501637404432503,75.73382126348228,81.5909090909091,False,False,平稳或增长证据不足,2026Q2
C0746,功率因数校正电路与控制,电力电子与电机,方向候选,能源电力直接相关,True,True,128,54154,0.0023565442241742928,133,47718,0.002775871748487306,104,40261,0.0025716113790727434,112,33955,0.003277017186134576,104,30484,0.0033863702647525845,128,133,0.8489384372525413,3,349,116.33333333333333,0.002874833437898209,0.8197150461339988,0.6958908919980334,-0.0436682320404298,1,3,3,365,0.0025680091172447807,9,0,0.75,136,335,131.33333333333334,1.035264483627204,0.2154278092090389,0.002857516617746854,0.8246825966081075,0.6737049096777978,0.9683826337012156,1.0,77.37480739599386,49.29506933744222,False,False,近期份额下降,2026Q2
C0747,网络入侵检测,数字技术与测量,关联基础研究,关联基础或环境研究,True,False,611,54154,0.011214216288580388,297,47718,0.006185931424531637,141,40261,0.0034821340683138103,104,33955,0.0030439848528983396,89,30484,0.0029002884085680028,611,297,1.8128581645939381,3,542,180.66666666666666,0.004237350115247929,2.6465163329852057,1.8128581645939381,0.584768470516333,4,4,3,1049,0.006960760593808612,10,2,0.8333333333333334,744,1123,269.6666666666667,2.7524630541871917,0.3874527942326652,0.004435487167747263,2.528294156755721,2.2522822148964963,7.226343823588926e-61,5.419757867691694e-58,90.09630200308166,98.2126348228043,False,False,多年背景上持续抬升,2026Q2
C0748,储能系统集成与安全装置,电化学储能,方向候选,能源电力直接相关,True,True,26,54154,0.0004859799372810798,17,47718,0.0003638783190900963,11,40261,0.000283000295304656,7,33955,0.00021846781240897174,7,30484,0.00024304092809229074,26,17,1.3355561784947982,3,35,11.666666666666666,0.0002884488089345747,1.6848047980371748,1.3355561784947982,0.2703597003058511,3,0,3,54,0.00037761951722527736,0,0,0.0,55,104,24.333333333333332,2.210526315789474,0.5429434258748674,0.00029024846904152595,1.6743583140538476,1.01233538383014,0.022261998861135637,0.2385214163693104,62.5808936825886,90.88212634822804,False,False,多年背景上持续抬升,2026Q2
C0749,电机绕组与线圈制造,电力电子与电机,方向候选,能源电力直接相关,True,True,0,54154,9.169432778888298e-06,0,47718,1.039652340257418e-05,0,40261,1.2304360665419824e-05,0,33955,1.4564520827264783e-05,0,30484,1.6202728539486048e-05,0,0,0.8819710612701498,3,0,0.0,1.242180163175293e-05,0.7381725333182875,0.565919052247428,-0.14703914850563482,0,0,3,0,1.0623438948960767e-05,0,0,0.0,0,0,0.0,1.0,0.0,4.088006606218676e-06,2.2430083075060976,0.044503740341638134,0.5,0.6019261637239165,47.75038520801233,58.89830508474576,False,False,近期份额下降,2026Q2
C0750,能源贫困与能源可及性,能源政策与治理,方向候选,能源治理与政策研究,True,False,210,54154,0.0038603311999119735,140,47718,0.0029214230761233444,103,40261,0.002547002657741904,87,33955,0.002548791144771337,73,30484,0.0023818010953044495,210,140,1.321387248379833,3,330,110.0,0.0026724056262121955,1.4445154440808132,1.321387248379833,0.2079178717028718,3,4,3,453,0.0031095856445924074,10,1,0.8333333333333334,342,671,197.33333333333334,1.7294117647058822,0.4112416494749134,0.0027021723667105444,1.4286028705901168,1.2018445296562956,2.041707929649404e-05,0.0004029686703255403,85.78967642526963,88.11633281972264,False,False,多年背景上持续抬升,2026Q2
