category_id,name,domain,status,analysis_scope,admissible_pool,direct_energy,year0_papers,year0_denominator,year0_share,year1_papers,year1_denominator,year1_share,year2_papers,year2_denominator,year2_share,year3_papers,year3_denominator,year3_share,year4_papers,year4_denominator,year4_share,recent_papers,previous_papers,share_growth_ratio,baseline_years_used,baseline_papers,baseline_annual_mean_papers,baseline_mean_share,multiyear_share_ratio,historical_peak_ratio,three_year_log_share_slope,growing_quarters,active_quarters,core_years,core_papers,core_mean_annual_share,core_active_quarters,core_active_years,core_persistence,recent_institutions,core_institutions,baseline_mean_institutions,institution_expansion,citation_cohort_percentile,pooled_baseline_share,pooled_share_ratio,share_ratio_lower95,growth_count_pvalue,growth_count_qvalue,core_score,emerging_score,core_eligible,emerging_eligible,trajectory,end_quarter
C0001,电池与充电设施热管理,电化学储能,宽泛待细分,能源电力直接相关,True,True,0,201658,2.4748432186820964e-06,0,165986,3.005512109208288e-06,0,146407,3.406412230382472e-06,0,128994,3.864913541884068e-06,0,120863,4.124119500486646e-06,0,0,0.8234347854063445,3,0,0.0,3.4256126271582758e-06,0.7224527370846096,0.60009008429316,-0.15974127876817157,0,0,3,0,2.962255852757619e-06,0,0,0.0,0,0,0.0,1.0,0.0,1.1318311670084796e-06,2.186583379942881,0.043384208007912116,0.5,0.6983240223463687,28.397534668721107,40.69337442218798,False,False,近期份额下降,2026Q2
C0002,功能传感材料与电化学检测,其他基础与关联学科,关联基础研究,关联基础或环境研究,False,False,1566,201658,0.007753683804131008,1118,165986,0.00672333058829894,934,146407,0.00636658445858484,774,128994,0.005986751076378421,628,120863,0.005184018212111714,1566,1118,1.1532504169325335,3,2826,942.0,0.006358888707754067,1.2193457316961878,1.1532504169325335,0.09855246298014242,4,4,3,3618,0.006947866283671597,12,3,1.0,1943,2991,1239.3333333333333,1.5673206127385113,0.6143460237142624,0.006398241587098935,1.2118460515409597,1.1392927240145583,3.6981185299415736e-10,7.496186209341028e-09,96.97226502311248,81.17873651771956,False,False,平稳或增长证据不足,2026Q2
C0003,电力电子控制与频率调节,电网与电力系统,混杂待重分,质量限制观察,False,False,0,201658,2.4748432186820964e-06,0,165986,3.005512109208288e-06,0,146407,3.406412230382472e-06,0,128994,3.864913541884068e-06,0,120863,4.124119500486646e-06,0,0,0.8234347854063445,3,0,0.0,3.4256126271582758e-06,0.7224527370846096,0.60009008429316,-0.15974127876817157,0,0,3,0,2.962255852757619e-06,0,0,0.0,0,0,0.0,1.0,0.0,1.1318311670084796e-06,2.186583379942881,0.043384208007912116,0.5,0.6983240223463687,28.397534668721107,40.69337442218798,False,False,近期份额下降,2026Q2
C0004,风能开发与风电技术经济,风能与水能海洋能源,宽泛待细分,能源电力直接相关,True,True,0,201658,2.4748432186820964e-06,0,165986,3.005512109208288e-06,0,146407,3.406412230382472e-06,0,128994,3.864913541884068e-06,0,120863,4.124119500486646e-06,0,0,0.8234347854063445,3,0,0.0,3.4256126271582758e-06,0.7224527370846096,0.60009008429316,-0.15974127876817157,0,0,3,0,2.962255852757619e-06,0,0,0.0,0,0,0.0,1.0,0.0,1.1318311670084796e-06,2.186583379942881,0.043384208007912116,0.5,0.6983240223463687,28.397534668721107,40.69337442218798,False,False,近期份额下降,2026Q2
C0005,钙钛矿氧化物电催化,能源材料与电化学基础,方向候选,能源电力直接相关,True,True,584,201658,0.0028930917226393706,503,165986,0.003026550693972746,451,146407,0.003075990244035372,416,128994,0.0032194729803894286,350,120863,0.002891007769841139,584,503,0.9559039365839292,3,1370,456.6666666666667,0.003107337972799182,0.9310515135349722,0.898622768466105,-0.030650574740630265,2,4,3,1538,0.002998544220215829,12,3,1.0,843,1565,705.3333333333334,1.1949032562529494,0.5435781580892173,0.0031023492287702427,0.9325486943280654,0.8464863719206457,0.9199944380057653,1.0,84.76887519260401,59.60708782742681,True,False,近期份额下降,2026Q2
C0006,电网建设与供电服务政策,能源政策与治理,宽泛待细分,能源治理与政策研究,True,False,0,201658,2.4748432186820964e-06,0,165986,3.005512109208288e-06,0,146407,3.406412230382472e-06,0,128994,3.864913541884068e-06,0,120863,4.124119500486646e-06,0,0,0.8234347854063445,3,0,0.0,3.4256126271582758e-06,0.7224527370846096,0.60009008429316,-0.15974127876817157,0,0,3,0,2.962255852757619e-06,0,0,0.0,0,0,0.0,1.0,0.0,1.1318311670084796e-06,2.186583379942881,0.043384208007912116,0.5,0.6983240223463687,28.397534668721107,40.69337442218798,False,False,近期份额下降,2026Q2
C0007,层状电池正极与离子导体,电化学储能,混杂待重分,质量限制观察,False,False,0,201658,2.4748432186820964e-06,0,165986,3.005512109208288e-06,0,146407,3.406412230382472e-06,0,128994,3.864913541884068e-06,0,120863,4.124119500486646e-06,0,0,0.8234347854063445,3,0,0.0,3.4256126271582758e-06,0.7224527370846096,0.60009008429316,-0.15974127876817157,0,0,3,0,2.962255852757619e-06,0,0,0.0,0,0,0.0,1.0,0.0,1.1318311670084796e-06,2.186583379942881,0.043384208007912116,0.5,0.6983240223463687,28.397534668721107,40.69337442218798,False,False,近期份额下降,2026Q2
C0008,电极涂布与通用成形加工,制造与通用装置,混杂待重分,质量限制观察,False,False,0,201658,2.4748432186820964e-06,0,165986,3.005512109208288e-06,0,146407,3.406412230382472e-06,0,128994,3.864913541884068e-06,0,120863,4.124119500486646e-06,0,0,0.8234347854063445,3,0,0.0,3.4256126271582758e-06,0.7224527370846096,0.60009008429316,-0.15974127876817157,0,0,3,0,2.962255852757619e-06,0,0,0.0,0,0,0.0,1.0,0.0,1.1318311670084796e-06,2.186583379942881,0.043384208007912116,0.5,0.6983240223463687,28.397534668721107,40.69337442218798,False,False,近期份额下降,2026Q2
C0009,二氧化碳电还原催化,碳与环境,方向候选,能源电力直接相关,True,True,2719,201658,0.013460672266411922,2270,165986,0.013648030487914836,1925,146407,0.0131180934992029,1581,128994,0.012224721532979307,1314,120863,0.010842310166779393,2719,2270,0.9862721422209002,3,5776,1925.3333333333333,0.012996948506699016,1.0356794334819353,0.9862721422209002,0.012889904035854105,3,4,3,6914,0.013408932084509885,12,3,1.0,2192,3121,1442.0,1.5197505197505197,0.6074840651328811,0.013076045472448965,1.0294146112273286,0.9835459061036312,0.09778085684982596,0.45268915208252763,98.62095531587059,68.99460708782743,True,False,近期份额下降,2026Q2
C0010,土壤碳过程与土壤改良,碳与环境,关联基础研究,关联基础或环境研究,True,False,1024,201658,0.005070953755079616,452,165986,0.0027199884588335007,386,146407,0.002633156654085651,363,128994,0.0028097921449497174,357,120863,0.002948745442847952,1024,452,1.8643291439752485,3,1201,400.3333333333333,0.0027209790859562895,1.8636503974808856,1.7196987170862725,0.3276727710575673,4,4,3,1862,0.003474699622666256,12,3,1.0,1548,2253,690.3333333333334,2.2405978784956604,0.3218287229470388,0.002719790294321377,1.8644649794019816,1.7153635883398546,1.0020429276922538e-50,1.5030643915383807e-48,81.3713405238829,95.8397534668721,False,False,多年背景上持续抬升,2026Q2
C0011,光催化与光生物制氢,氢能与燃料电池,宽泛待细分,能源电力直接相关,True,True,0,201658,2.4748432186820964e-06,0,165986,3.005512109208288e-06,0,146407,3.406412230382472e-06,0,128994,3.864913541884068e-06,0,120863,4.124119500486646e-06,0,0,0.8234347854063445,3,0,0.0,3.4256126271582758e-06,0.7224527370846096,0.60009008429316,-0.15974127876817157,0,0,3,0,2.962255852757619e-06,0,0,0.0,0,0,0.0,1.0,0.0,1.1318311670084796e-06,2.186583379942881,0.043384208007912116,0.5,0.6983240223463687,28.397534668721107,40.69337442218798,False,False,近期份额下降,2026Q2
C0012,聚合物介电绝缘与储能,能源材料与电化学基础,宽泛待细分,能源电力直接相关,True,True,0,201658,2.4748432186820964e-06,0,165986,3.005512109208288e-06,0,146407,3.406412230382472e-06,0,128994,3.864913541884068e-06,0,120863,4.124119500486646e-06,0,0,0.8234347854063445,3,0,0.0,3.4256126271582758e-06,0.7224527370846096,0.60009008429316,-0.15974127876817157,0,0,3,0,2.962255852757619e-06,0,0,0.0,0,0,0.0,1.0,0.0,1.1318311670084796e-06,2.186583379942881,0.043384208007912116,0.5,0.6983240223463687,28.397534668721107,40.69337442218798,False,False,近期份额下降,2026Q2
C0013,集成电路与电子封装,电力电子与电机,宽泛待细分,能源电力直接相关,True,True,0,201658,2.4748432186820964e-06,0,165986,3.005512109208288e-06,0,146407,3.406412230382472e-06,0,128994,3.864913541884068e-06,0,120863,4.124119500486646e-06,0,0,0.8234347854063445,3,0,0.0,3.4256126271582758e-06,0.7224527370846096,0.60009008429316,-0.15974127876817157,0,0,3,0,2.962255852757619e-06,0,0,0.0,0,0,0.0,1.0,0.0,1.1318311670084796e-06,2.186583379942881,0.043384208007912116,0.5,0.6983240223463687,28.397534668721107,40.69337442218798,False,False,近期份额下降,2026Q2
C0014,电池单体模组及用电器件混合,电化学储能,混杂待重分,质量限制观察,False,False,0,201658,2.4748432186820964e-06,0,165986,3.005512109208288e-06,0,146407,3.406412230382472e-06,0,128994,3.864913541884068e-06,0,120863,4.124119500486646e-06,0,0,0.8234347854063445,3,0,0.0,3.4256126271582758e-06,0.7224527370846096,0.60009008429316,-0.15974127876817157,0,0,3,0,2.962255852757619e-06,0,0,0.0,0,0,0.0,1.0,0.0,1.1318311670084796e-06,2.186583379942881,0.043384208007912116,0.5,0.6983240223463687,28.397534668721107,40.69337442218798,False,False,近期份额下降,2026Q2
C0015,通用机器学习与优化算法,数字技术与测量,关联基础研究,关联基础或环境研究,True,False,1560,201658,0.007723985685506823,1137,165986,0.006837540048448856,965,146407,0.006577782016868553,719,128994,0.005561610586771174,687,120863,0.005670664313169139,1560,1137,1.1296439407706378,3,2821,940.3333333333334,0.006325644217362861,1.2210591396060093,1.1296439407706378,0.0803164511529606,3,4,3,3662,0.007046435916941411,12,3,1.0,1468,2644,1073.6666666666667,1.3669354838709677,0.4088782981055818,0.006386923275428851,1.2093437407056054,1.1368313168834898,5.945474382924865e-10,1.1712974571973163e-08,90.46224961479199,76.96070878274267,False,False,平稳或增长证据不足,2026Q2
C0016,生物质能源利用与可持续性,生物质与资源循环,宽泛待细分,关联基础或环境研究,True,False,0,201658,2.4748432186820964e-06,0,165986,3.005512109208288e-06,0,146407,3.406412230382472e-06,0,128994,3.864913541884068e-06,0,120863,4.124119500486646e-06,0,0,0.8234347854063445,3,0,0.0,3.4256126271582758e-06,0.7224527370846096,0.60009008429316,-0.15974127876817157,0,0,3,0,2.962255852757619e-06,0,0,0.0,0,0,0.0,1.0,0.0,1.1318311670084796e-06,2.186583379942881,0.043384208007912116,0.5,0.6983240223463687,28.397534668721107,40.69337442218798,False,False,近期份额下降,2026Q2
C0017,电磁场耦合与电磁换能,电力电子与电机,宽泛待细分,能源电力直接相关,True,True,0,201658,2.4748432186820964e-06,0,165986,3.005512109208288e-06,0,146407,3.406412230382472e-06,0,128994,3.864913541884068e-06,0,120863,4.124119500486646e-06,0,0,0.8234347854063445,3,0,0.0,3.4256126271582758e-06,0.7224527370846096,0.60009008429316,-0.15974127876817157,0,0,3,0,2.962255852757619e-06,0,0,0.0,0,0,0.0,1.0,0.0,1.1318311670084796e-06,2.186583379942881,0.043384208007912116,0.5,0.6983240223463687,28.397534668721107,40.69337442218798,False,False,近期份额下降,2026Q2
C0018,电力智能算法与多场景辨识,数字技术与测量,混杂待重分,质量限制观察,False,False,0,201658,2.4748432186820964e-06,0,165986,3.005512109208288e-06,0,146407,3.406412230382472e-06,0,128994,3.864913541884068e-06,0,120863,4.124119500486646e-06,0,0,0.8234347854063445,3,0,0.0,3.4256126271582758e-06,0.7224527370846096,0.60009008429316,-0.15974127876817157,0,0,3,0,2.962255852757619e-06,0,0,0.0,0,0,0.0,1.0,0.0,1.1318311670084796e-06,2.186583379942881,0.043384208007912116,0.5,0.6983240223463687,28.397534668721107,40.69337442218798,False,False,近期份额下降,2026Q2
C0019,太阳能采集光学与空间应用,太阳能,混杂待重分,质量限制观察,False,False,0,201658,2.4748432186820964e-06,0,165986,3.005512109208288e-06,0,146407,3.406412230382472e-06,0,128994,3.864913541884068e-06,0,120863,4.124119500486646e-06,0,0,0.8234347854063445,3,0,0.0,3.4256126271582758e-06,0.7224527370846096,0.60009008429316,-0.15974127876817157,0,0,3,0,2.962255852757619e-06,0,0,0.0,0,0,0.0,1.0,0.0,1.1318311670084796e-06,2.186583379942881,0.043384208007912116,0.5,0.6983240223463687,28.397534668721107,40.69337442218798,False,False,近期份额下降,2026Q2
C0020,纳米复合材料与多类器件,能源材料与电化学基础,混杂待重分,质量限制观察,False,False,0,201658,2.4748432186820964e-06,0,165986,3.005512109208288e-06,0,146407,3.406412230382472e-06,0,128994,3.864913541884068e-06,0,120863,4.124119500486646e-06,0,0,0.8234347854063445,3,0,0.0,3.4256126271582758e-06,0.7224527370846096,0.60009008429316,-0.15974127876817157,0,0,3,0,2.962255852757619e-06,0,0,0.0,0,0,0.0,1.0,0.0,1.1318311670084796e-06,2.186583379942881,0.043384208007912116,0.5,0.6983240223463687,28.397534668721107,40.69337442218798,False,False,近期份额下降,2026Q2
C0021,金属离子吸附与材料化学,碳与环境,混杂待重分,质量限制观察,False,False,0,201658,2.4748432186820964e-06,0,165986,3.005512109208288e-06,0,146407,3.406412230382472e-06,0,128994,3.864913541884068e-06,0,120863,4.124119500486646e-06,0,0,0.8234347854063445,3,0,0.0,3.4256126271582758e-06,0.7224527370846096,0.60009008429316,-0.15974127876817157,0,0,3,0,2.962255852757619e-06,0,0,0.0,0,0,0.0,1.0,0.0,1.1318311670084796e-06,2.186583379942881,0.043384208007912116,0.5,0.6983240223463687,28.397534668721107,40.69337442218798,False,False,近期份额下降,2026Q2
C0022,钠离子电池材料与电解液,电化学储能,宽泛待细分,能源电力直接相关,True,True,0,201658,2.4748432186820964e-06,0,165986,3.005512109208288e-06,0,146407,3.406412230382472e-06,0,128994,3.864913541884068e-06,0,120863,4.124119500486646e-06,0,0,0.8234347854063445,3,0,0.0,3.4256126271582758e-06,0.7224527370846096,0.60009008429316,-0.15974127876817157,0,0,3,0,2.962255852757619e-06,0,0,0.0,0,0,0.0,1.0,0.0,1.1318311670084796e-06,2.186583379942881,0.043384208007912116,0.5,0.6983240223463687,28.397534668721107,40.69337442218798,False,False,近期份额下降,2026Q2
C0023,功率半导体器件与电路结构,电力电子与电机,宽泛待细分,能源电力直接相关,True,True,0,201658,2.4748432186820964e-06,0,165986,3.005512109208288e-06,0,146407,3.406412230382472e-06,0,128994,3.864913541884068e-06,0,120863,4.124119500486646e-06,0,0,0.8234347854063445,3,0,0.0,3.4256126271582758e-06,0.7224527370846096,0.60009008429316,-0.15974127876817157,0,0,3,0,2.962255852757619e-06,0,0,0.0,0,0,0.0,1.0,0.0,1.1318311670084796e-06,2.186583379942881,0.043384208007912116,0.5,0.6983240223463687,28.397534668721107,40.69337442218798,False,False,近期份额下降,2026Q2
C0024,海洋资源开发与海上工程,风能与水能海洋能源,宽泛待细分,能源电力直接相关,True,True,0,201658,2.4748432186820964e-06,0,165986,3.005512109208288e-06,0,146407,3.406412230382472e-06,0,128994,3.864913541884068e-06,0,120863,4.124119500486646e-06,0,0,0.8234347854063445,3,0,0.0,3.4256126271582758e-06,0.7224527370846096,0.60009008429316,-0.15974127876817157,0,0,3,0,2.962255852757619e-06,0,0,0.0,0,0,0.0,1.0,0.0,1.1318311670084796e-06,2.186583379942881,0.043384208007912116,0.5,0.6983240223463687,28.397534668721107,40.69337442218798,False,False,近期份额下降,2026Q2
C0025,通用防护支撑与安装结构混杂簇024,制造与通用装置,混杂待重分,质量限制观察,False,False,0,201658,2.4748432186820964e-06,0,165986,3.005512109208288e-06,0,146407,3.406412230382472e-06,0,128994,3.864913541884068e-06,0,120863,4.124119500486646e-06,0,0,0.8234347854063445,3,0,0.0,3.4256126271582758e-06,0.7224527370846096,0.60009008429316,-0.15974127876817157,0,0,3,0,2.962255852757619e-06,0,0,0.0,0,0,0.0,1.0,0.0,1.1318311670084796e-06,2.186583379942881,0.043384208007912116,0.5,0.6983240223463687,28.397534668721107,40.69337442218798,False,False,近期份额下降,2026Q2
C0026,硫化镉等硫族薄膜制备,太阳能,方向候选,能源电力直接相关,True,True,239,201658,0.0011854499017487242,238,165986,0.0014336292760923535,245,146407,0.0016725484051177937,248,128994,0.0019208620303163817,253,120863,0.0020909285867467295,239,238,0.8268873421585723,3,731,243.66666666666666,0.0016756799038421765,0.7074441240421867,0.5669490145491591,-0.1721130439599743,1,4,3,722,0.001430542527652957,12,3,1.0,414,993,419.0,0.9880952380952381,0.2789490022153222,0.0016558689973334058,0.7159080239184141,0.6187088113496731,0.9999968331038941,1.0,70.08474576271186,21.290446841294298,False,False,近期份额下降,2026Q2
C0027,变压器与高压开关设备,电网与电力系统,宽泛待细分,能源电力直接相关,True,True,0,201658,2.4748432186820964e-06,0,165986,3.005512109208288e-06,0,146407,3.406412230382472e-06,0,128994,3.864913541884068e-06,0,120863,4.124119500486646e-06,0,0,0.8234347854063445,3,0,0.0,3.4256126271582758e-06,0.7224527370846096,0.60009008429316,-0.15974127876817157,0,0,3,0,2.962255852757619e-06,0,0,0.0,0,0,0.0,1.0,0.0,1.1318311670084796e-06,2.186583379942881,0.043384208007912116,0.5,0.6983240223463687,28.397534668721107,40.69337442218798,False,False,近期份额下降,2026Q2
C0028,电动汽车充电设施及并网,交通与充电,宽泛待细分,能源电力直接相关,True,True,0,201658,2.4748432186820964e-06,0,165986,3.005512109208288e-06,0,146407,3.406412230382472e-06,0,128994,3.864913541884068e-06,0,120863,4.124119500486646e-06,0,0,0.8234347854063445,3,0,0.0,3.4256126271582758e-06,0.7224527370846096,0.60009008429316,-0.15974127876817157,0,0,3,0,2.962255852757619e-06,0,0,0.0,0,0,0.0,1.0,0.0,1.1318311670084796e-06,2.186583379942881,0.043384208007912116,0.5,0.6983240223463687,28.397534668721107,40.69337442218798,False,False,近期份额下降,2026Q2
C0029,聚变等离子体诊断,核能与等离子体,方向候选,能源电力直接相关,True,True,507,201658,0.002511965866962328,502,165986,0.0030205396697543293,414,146407,0.002823915738987069,397,128994,0.003072606265797834,349,120863,0.0028827595308401656,507,502,0.8316281663556614,3,1313,437.6666666666667,0.0029723538915130774,0.845109956164611,0.817535879856728,-0.05852941059787531,0,4,3,1423,0.0027854737585679087,12,3,1.0,715,1393,609.6666666666666,1.1724890829694323,0.2491349088788514,0.002973320475731276,0.8448352229318705,0.7625740523002729,0.9993709554654591,1.0,74.96147919876735,47.573189522342055,True,False,近期份额下降,2026Q2
C0030,碳基电极与多孔材料制备,能源材料与电化学基础,混杂待重分,质量限制观察,False,False,0,201658,2.4748432186820964e-06,0,165986,3.005512109208288e-06,0,146407,3.406412230382472e-06,0,128994,3.864913541884068e-06,0,120863,4.124119500486646e-06,0,0,0.8234347854063445,3,0,0.0,3.4256126271582758e-06,0.7224527370846096,0.60009008429316,-0.15974127876817157,0,0,3,0,2.962255852757619e-06,0,0,0.0,0,0,0.0,1.0,0.0,1.1318311670084796e-06,2.186583379942881,0.043384208007912116,0.5,0.6983240223463687,28.397534668721107,40.69337442218798,False,False,近期份额下降,2026Q2
C0031,车辆驱动制动与运动控制,交通与充电,宽泛待细分,能源电力直接相关,True,True,0,201658,2.4748432186820964e-06,0,165986,3.005512109208288e-06,0,146407,3.406412230382472e-06,0,128994,3.864913541884068e-06,0,120863,4.124119500486646e-06,0,0,0.8234347854063445,3,0,0.0,3.4256126271582758e-06,0.7224527370846096,0.60009008429316,-0.15974127876817157,0,0,3,0,2.962255852757619e-06,0,0,0.0,0,0,0.0,1.0,0.0,1.1318311670084796e-06,2.186583379942881,0.043384208007912116,0.5,0.6983240223463687,28.397534668721107,40.69337442218798,False,False,近期份额下降,2026Q2
C0032,煤炭产业布局与清洁利用政策,能源政策与治理,政策类群,能源治理与政策研究,True,False,67,201658,0.00033410383452208304,45,165986,0.00027350160193795423,47,146407,0.00032360916188633483,53,128994,0.0004135457489815953,48,120863,0.00040003959154720465,67,45,1.2215790772511703,3,145,48.333333333333336,0.0003368855042686281,0.9917429817807566,0.8079005414633151,0.015957664650772863,3,1,3,159,0.00031040486611545737,1,0,0.08333333333333333,101,232,81.66666666666667,1.2338709677419355,0.2814031934427277,0.0003293628695994676,1.014394351519893,0.7600643074930999,0.4694867403100221,0.6983240223463687,45.07126348228043,70.39676425269646,False,False,历史峰值以下的恢复或波动,2026Q2
C0033,石油产业与油价经济,化石能源,宽泛待细分,能源电力直接相关,True,True,0,201658,2.4748432186820964e-06,0,165986,3.005512109208288e-06,0,146407,3.406412230382472e-06,0,128994,3.864913541884068e-06,0,120863,4.124119500486646e-06,0,0,0.8234347854063445,3,0,0.0,3.4256126271582758e-06,0.7224527370846096,0.60009008429316,-0.15974127876817157,0,0,3,0,2.962255852757619e-06,0,0,0.0,0,0,0.0,1.0,0.0,1.1318311670084796e-06,2.186583379942881,0.043384208007912116,0.5,0.6983240223463687,28.397534668721107,40.69337442218798,False,False,近期份额下降,2026Q2
C0034,污泥资源化与水处理,生物质与资源循环,宽泛待细分,关联基础或环境研究,True,False,0,201658,2.4748432186820964e-06,0,165986,3.005512109208288e-06,0,146407,3.406412230382472e-06,0,128994,3.864913541884068e-06,0,120863,4.124119500486646e-06,0,0,0.8234347854063445,3,0,0.0,3.4256126271582758e-06,0.7224527370846096,0.60009008429316,-0.15974127876817157,0,0,3,0,2.962255852757619e-06,0,0,0.0,0,0,0.0,1.0,0.0,1.1318311670084796e-06,2.186583379942881,0.043384208007912116,0.5,0.6983240223463687,28.397534668721107,40.69337442218798,False,False,近期份额下降,2026Q2
C0035,太阳能集热与热利用装置,太阳能,宽泛待细分,能源电力直接相关,True,True,0,201658,2.4748432186820964e-06,0,165986,3.005512109208288e-06,0,146407,3.406412230382472e-06,0,128994,3.864913541884068e-06,0,120863,4.124119500486646e-06,0,0,0.8234347854063445,3,0,0.0,3.4256126271582758e-06,0.7224527370846096,0.60009008429316,-0.15974127876817157,0,0,3,0,2.962255852757619e-06,0,0,0.0,0,0,0.0,1.0,0.0,1.1318311670084796e-06,2.186583379942881,0.043384208007912116,0.5,0.6983240223463687,28.397534668721107,40.69337442218798,False,False,近期份额下降,2026Q2
C0036,风机传动支撑与轴承部件,风能与水能海洋能源,混杂待重分,质量限制观察,False,False,0,201658,2.4748432186820964e-06,0,165986,3.005512109208288e-06,0,146407,3.406412230382472e-06,0,128994,3.864913541884068e-06,0,120863,4.124119500486646e-06,0,0,0.8234347854063445,3,0,0.0,3.4256126271582758e-06,0.7224527370846096,0.60009008429316,-0.15974127876817157,0,0,3,0,2.962255852757619e-06,0,0,0.0,0,0,0.0,1.0,0.0,1.1318311670084796e-06,2.186583379942881,0.043384208007912116,0.5,0.6983240223463687,28.397534668721107,40.69337442218798,False,False,近期份额下降,2026Q2
C0037,光催化二氧化碳转化与氧化还原,碳与环境,宽泛待细分,能源电力直接相关,True,True,0,201658,2.4748432186820964e-06,0,165986,3.005512109208288e-06,0,146407,3.406412230382472e-06,0,128994,3.864913541884068e-06,0,120863,4.124119500486646e-06,0,0,0.8234347854063445,3,0,0.0,3.4256126271582758e-06,0.7224527370846096,0.60009008429316,-0.15974127876817157,0,0,3,0,2.962255852757619e-06,0,0,0.0,0,0,0.0,1.0,0.0,1.1318311670084796e-06,2.186583379942881,0.043384208007912116,0.5,0.6983240223463687,28.397534668721107,40.69337442218798,False,False,近期份额下降,2026Q2
C0038,电气计量校准与测量不确定度,数字技术与测量,宽泛待细分,关联基础或环境研究,True,False,0,201658,2.4748432186820964e-06,0,165986,3.005512109208288e-06,0,146407,3.406412230382472e-06,0,128994,3.864913541884068e-06,0,120863,4.124119500486646e-06,0,0,0.8234347854063445,3,0,0.0,3.4256126271582758e-06,0.7224527370846096,0.60009008429316,-0.15974127876817157,0,0,3,0,2.962255852757619e-06,0,0,0.0,0,0,0.0,1.0,0.0,1.1318311670084796e-06,2.186583379942881,0.043384208007912116,0.5,0.6983240223463687,28.397534668721107,40.69337442218798,False,False,近期份额下降,2026Q2
C0039,碳达峰与综合节能政策,能源政策与治理,政策类群,能源治理与政策研究,True,False,108,201658,0.000537040978454015,58,165986,0.0003516449167773697,48,146407,0.00033042198634709977,27,128994,0.00021257024480362375,25,120863,0.00021033009452481896,108,58,1.5272252002835622,3,133,44.333333333333336,0.0002982123826426977,1.8008674679933363,1.5272252002835622,0.24285190875036688,3,2,3,214,0.0004063692938594948,2,0,0.16666666666666666,145,283,72.0,2.0,0.322953413614965,0.0003021989215912641,1.7771108368824162,1.3793968015509679,3.3591240015166527e-06,4.1300704936680157e-05,49.895993836671806,91.32896764252696,False,False,多年背景上持续抬升,2026Q2
C0040,碳定价与减排经济机制,碳与环境,方向候选,能源电力直接相关,True,True,2155,201658,0.010669049115738518,2213,165986,0.013305402107465092,1691,146407,0.011523892575383903,1202,128994,0.009295117068231183,921,120863,0.007600752239396889,2155,2213,0.8018584503923087,3,5106,1702.0,0.011374803917026726,0.9379545523214007,0.8018584503923087,-0.03853777578495876,1,4,3,6059,0.011832781266195837,12,3,1.0,2075,3798,1673.6666666666667,1.2396496815286624,0.3890292278671006,0.011559391708657604,0.9229766915630822,0.8776605392557142,0.9990469858587859,1.0,91.37904468412944,45.165639445300464,True,False,近期份额下降,2026Q2
C0041,电池单体与模组构件装配,电化学储能,宽泛待细分,能源电力直接相关,True,True,0,201658,2.4748432186820964e-06,0,165986,3.005512109208288e-06,0,146407,3.406412230382472e-06,0,128994,3.864913541884068e-06,0,120863,4.124119500486646e-06,0,0,0.8234347854063445,3,0,0.0,3.4256126271582758e-06,0.7224527370846096,0.60009008429316,-0.15974127876817157,0,0,3,0,2.962255852757619e-06,0,0,0.0,0,0,0.0,1.0,0.0,1.1318311670084796e-06,2.186583379942881,0.043384208007912116,0.5,0.6983240223463687,28.397534668721107,40.69337442218798,False,False,近期份额下降,2026Q2
C0042,无线充电与充电器结构,交通与充电,宽泛待细分,能源电力直接相关,True,True,0,201658,2.4748432186820964e-06,0,165986,3.005512109208288e-06,0,146407,3.406412230382472e-06,0,128994,3.864913541884068e-06,0,120863,4.124119500486646e-06,0,0,0.8234347854063445,3,0,0.0,3.4256126271582758e-06,0.7224527370846096,0.60009008429316,-0.15974127876817157,0,0,3,0,2.962255852757619e-06,0,0,0.0,0,0,0.0,1.0,0.0,1.1318311670084796e-06,2.186583379942881,0.043384208007912116,0.5,0.6983240223463687,28.397534668721107,40.69337442218798,False,False,近期份额下降,2026Q2
C0043,气体处理气化与天然气水合物,化石能源,混杂待重分,质量限制观察,False,False,0,201658,2.4748432186820964e-06,0,165986,3.005512109208288e-06,0,146407,3.406412230382472e-06,0,128994,3.864913541884068e-06,0,120863,4.124119500486646e-06,0,0,0.8234347854063445,3,0,0.0,3.4256126271582758e-06,0.7224527370846096,0.60009008429316,-0.15974127876817157,0,0,3,0,2.962255852757619e-06,0,0,0.0,0,0,0.0,1.0,0.0,1.1318311670084796e-06,2.186583379942881,0.043384208007912116,0.5,0.6983240223463687,28.397534668721107,40.69337442218798,False,False,近期份额下降,2026Q2
C0044,二氧化碳及混合气体膜分离,碳与环境,方向候选,能源电力直接相关,True,True,603,201658,0.0029871357649492902,447,165986,0.0026899333377414176,368,146407,0.002510525813791882,318,128994,0.0024619499261801514,272,120863,0.002247645127765222,603,447,1.1104869117155953,3,1133,377.6666666666667,0.002554136359237817,1.1695286957352133,1.1104869117155953,0.0869113856859256,3,4,3,1418,0.0027291983054941967,12,3,1.0,732,1292,512.3333333333334,1.4279220779220778,0.4840682505389167,0.0025658612556082234,1.1641844462245508,1.0546985555744661,0.0012020643399995377,0.009694067258060789,82.32665639445301,76.68335901386747,True,False,平稳或增长证据不足,2026Q2
C0045,铜铟镓硒薄膜光伏,太阳能,方向候选,能源电力直接相关,True,True,681,201658,0.0033732113070636975,745,165986,0.004481218554829558,717,146407,0.004888201550598847,655,128994,0.005066901653410013,743,120863,0.006132565697223643,681,745,0.7527442069140493,3,2117,705.6666666666666,0.004812107252946139,0.700984232011558,0.5500489474724796,-0.185479627016766,0,4,3,2143,0.004247543804164033,12,3,1.0,1022,2012,983.0,1.0396341463414633,0.4351426862485719,0.004793304992280911,0.7037339189757135,0.6455353939676353,0.9999999999999994,1.0,85.65485362095532,11.841294298921417,False,False,近期份额下降,2026Q2
C0046,煤气化与燃煤清洁转化,化石能源,宽泛待细分,能源电力直接相关,True,True,0,201658,2.4748432186820964e-06,0,165986,3.005512109208288e-06,0,146407,3.406412230382472e-06,0,128994,3.864913541884068e-06,0,120863,4.124119500486646e-06,0,0,0.8234347854063445,3,0,0.0,3.4256126271582758e-06,0.7224527370846096,0.60009008429316,-0.15974127876817157,0,0,3,0,2.962255852757619e-06,0,0,0.0,0,0,0.0,1.0,0.0,1.1318311670084796e-06,2.186583379942881,0.043384208007912116,0.5,0.6983240223463687,28.397534668721107,40.69337442218798,False,False,近期份额下降,2026Q2
C0047,分离膜制备与膜污染控制,碳与环境,宽泛待细分,关联基础或环境研究,True,False,0,201658,2.4748432186820964e-06,0,165986,3.005512109208288e-06,0,146407,3.406412230382472e-06,0,128994,3.864913541884068e-06,0,120863,4.124119500486646e-06,0,0,0.8234347854063445,3,0,0.0,3.4256126271582758e-06,0.7224527370846096,0.60009008429316,-0.15974127876817157,0,0,3,0,2.962255852757619e-06,0,0,0.0,0,0,0.0,1.0,0.0,1.1318311670084796e-06,2.186583379942881,0.043384208007912116,0.5,0.6983240223463687,28.397534668721107,40.69337442218798,False,False,近期份额下降,2026Q2
C0048,配电网柔性调度与协同规划,电网与电力系统,宽泛待细分,能源电力直接相关,True,True,0,201658,2.4748432186820964e-06,0,165986,3.005512109208288e-06,0,146407,3.406412230382472e-06,0,128994,3.864913541884068e-06,0,120863,4.124119500486646e-06,0,0,0.8234347854063445,3,0,0.0,3.4256126271582758e-06,0.7224527370846096,0.60009008429316,-0.15974127876817157,0,0,3,0,2.962255852757619e-06,0,0,0.0,0,0,0.0,1.0,0.0,1.1318311670084796e-06,2.186583379942881,0.043384208007912116,0.5,0.6983240223463687,28.397534668721107,40.69337442218798,False,False,近期份额下降,2026Q2
C0049,电池隔膜、聚合物电解质与粘结剂,电化学储能,宽泛待细分,能源电力直接相关,True,True,0,201658,2.4748432186820964e-06,0,165986,3.005512109208288e-06,0,146407,3.406412230382472e-06,0,128994,3.864913541884068e-06,0,120863,4.124119500486646e-06,0,0,0.8234347854063445,3,0,0.0,3.4256126271582758e-06,0.7224527370846096,0.60009008429316,-0.15974127876817157,0,0,3,0,2.962255852757619e-06,0,0,0.0,0,0,0.0,1.0,0.0,1.1318311670084796e-06,2.186583379942881,0.043384208007912116,0.5,0.6983240223463687,28.397534668721107,40.69337442218798,False,False,近期份额下降,2026Q2
C0050,固态及凝胶聚合物电解质,电化学储能,方向候选,能源电力直接相关,True,True,928,201658,0.004595783857092653,929,165986,0.005587247011018207,747,146407,0.005092586284421796,613,128994,0.0047422489158917515,569,120863,0.00469737211105429,928,929,0.8225488953736318,3,2289,763.0,0.005140694070443918,0.894000653241711,0.8225488953736318,-0.05132324100421215,1,4,3,2604,0.005091872384177552,12,3,1.0,1193,2062,929.6666666666666,1.2829512893982808,0.5317872012333854,0.005182654913731828,0.886762467035145,0.8216534651904133,0.9989649636496457,1.0,90.9322033898305,43.79429892141757,True,False,近期份额下降,2026Q2
C0051,储能及通用装置温控换热,热工与能效,混杂待重分,质量限制观察,False,False,0,201658,2.4748432186820964e-06,0,165986,3.005512109208288e-06,0,146407,3.406412230382472e-06,0,128994,3.864913541884068e-06,0,120863,4.124119500486646e-06,0,0,0.8234347854063445,3,0,0.0,3.4256126271582758e-06,0.7224527370846096,0.60009008429316,-0.15974127876817157,0,0,3,0,2.962255852757619e-06,0,0,0.0,0,0,0.0,1.0,0.0,1.1318311670084796e-06,2.186583379942881,0.043384208007912116,0.5,0.6983240223463687,28.397534668721107,40.69337442218798,False,False,近期份额下降,2026Q2
C0052,电气故障保护与暂态检测,电网与电力系统,宽泛待细分,能源电力直接相关,True,True,0,201658,2.4748432186820964e-06,0,165986,3.005512109208288e-06,0,146407,3.406412230382472e-06,0,128994,3.864913541884068e-06,0,120863,4.124119500486646e-06,0,0,0.8234347854063445,3,0,0.0,3.4256126271582758e-06,0.7224527370846096,0.60009008429316,-0.15974127876817157,0,0,3,0,2.962255852757619e-06,0,0,0.0,0,0,0.0,1.0,0.0,1.1318311670084796e-06,2.186583379942881,0.043384208007912116,0.5,0.6983240223463687,28.397534668721107,40.69337442218798,False,False,近期份额下降,2026Q2
C0053,电能变换与驱动控制电路,电力电子与电机,宽泛待细分,能源电力直接相关,True,True,0,201658,2.4748432186820964e-06,0,165986,3.005512109208288e-06,0,146407,3.406412230382472e-06,0,128994,3.864913541884068e-06,0,120863,4.124119500486646e-06,0,0,0.8234347854063445,3,0,0.0,3.4256126271582758e-06,0.7224527370846096,0.60009008429316,-0.15974127876817157,0,0,3,0,2.962255852757619e-06,0,0,0.0,0,0,0.0,1.0,0.0,1.1318311670084796e-06,2.186583379942881,0.043384208007912116,0.5,0.6983240223463687,28.397534668721107,40.69337442218798,False,False,近期份额下降,2026Q2
C0054,电价与输配电价监管政策,能源政策与治理,政策类群,能源治理与政策研究,True,False,10,201658,5.197170759232403e-05,10,165986,6.311575429337405e-05,9,146407,6.472183237726697e-05,6,128994,5.024387604449288e-05,9,120863,7.835827050924628e-05,10,10,0.8234347854063445,3,25,8.333333333333334,5.9360487571711305e-05,0.8755269661412206,0.6632574615871769,-0.10969954948968041,2,0,3,29,5.9936431420988354e-05,0,0,0.0,7,34,11.666666666666666,0.6315789473684211,0.181690708256166,5.7723389517432465e-05,0.9003578623294215,0.43882499433496946,0.6389200065245195,0.8665280377818981,34.34514637904469,46.71032357473035,False,False,近期份额下降,2026Q2
C0055,含铜化合物结构与功能,能源材料与电化学基础,混杂待重分,质量限制观察,False,False,0,201658,2.4748432186820964e-06,0,165986,3.005512109208288e-06,0,146407,3.406412230382472e-06,0,128994,3.864913541884068e-06,0,120863,4.124119500486646e-06,0,0,0.8234347854063445,3,0,0.0,3.4256126271582758e-06,0.7224527370846096,0.60009008429316,-0.15974127876817157,0,0,3,0,2.962255852757619e-06,0,0,0.0,0,0,0.0,1.0,0.0,1.1318311670084796e-06,2.186583379942881,0.043384208007912116,0.5,0.6983240223463687,28.397534668721107,40.69337442218798,False,False,近期份额下降,2026Q2
C0056,电储能系统配置与运行,电化学储能,宽泛待细分,能源电力直接相关,True,True,0,201658,2.4748432186820964e-06,0,165986,3.005512109208288e-06,0,146407,3.406412230382472e-06,0,128994,3.864913541884068e-06,0,120863,4.124119500486646e-06,0,0,0.8234347854063445,3,0,0.0,3.4256126271582758e-06,0.7224527370846096,0.60009008429316,-0.15974127876817157,0,0,3,0,2.962255852757619e-06,0,0,0.0,0,0,0.0,1.0,0.0,1.1318311670084796e-06,2.186583379942881,0.043384208007912116,0.5,0.6983240223463687,28.397534668721107,40.69337442218798,False,False,近期份额下降,2026Q2
C0057,射频微波电路与功率放大,电力电子与电机,关联基础研究,关联基础或环境研究,True,False,867,201658,0.004293852984413438,712,165986,0.004282854755621811,665,146407,0.00453393467863907,673,128994,0.00520603854091784,699,120863,0.005769643181180818,867,712,1.0025679667929879,3,2050,683.3333333333334,0.0046742759917262405,0.9186134905199917,0.7442146506423393,-0.027202841775247677,2,4,3,2244,0.004370214139558106,12,3,1.0,918,1659,710.3333333333334,1.2919400187441423,0.2884098408231582,0.004641639615901775,0.9250724613998776,0.8544755325653562,0.9719724760367827,1.0,80.71648690292758,61.07087827426811,False,False,历史峰值以下的恢复或波动,2026Q2
C0058,有价金属浸出回收,生物质与资源循环,方向候选,关联基础或环境研究,True,False,1394,201658,0.006902337736904367,1322,165986,0.007949579528855923,1052,146407,0.007170497744955103,843,128994,0.006520109145158423,813,120863,0.006709942427291773,1394,1322,0.8682645052923609,3,3217,1072.3333333333333,0.007213395472989816,0.9568777648126755,0.8682645052923609,-0.019057458012667894,1,4,3,3768,0.007340805003571798,12,3,1.0,1370,2536,1096.3333333333333,1.2493924665856624,0.4281927597718278,0.0072833335596995665,0.9476893623404342,0.889969639686863,0.9511999037455369,1.0,91.2788906009245,56.2904468412943,False,False,近期份额下降,2026Q2
C0059,厌氧过程微生物与生物能源,生物质与资源循环,宽泛待细分,能源电力直接相关,True,True,0,201658,2.4748432186820964e-06,0,165986,3.005512109208288e-06,0,146407,3.406412230382472e-06,0,128994,3.864913541884068e-06,0,120863,4.124119500486646e-06,0,0,0.8234347854063445,3,0,0.0,3.4256126271582758e-06,0.7224527370846096,0.60009008429316,-0.15974127876817157,0,0,3,0,2.962255852757619e-06,0,0,0.0,0,0,0.0,1.0,0.0,1.1318311670084796e-06,2.186583379942881,0.043384208007912116,0.5,0.6983240223463687,28.397534668721107,40.69337442218798,False,False,近期份额下降,2026Q2
C0060,超级电容器电极与器件,电化学储能,方向候选,能源电力直接相关,True,True,3183,201658,0.015757326773348908,3188,165986,0.019166150720421254,2819,146407,0.019208758567126758,2313,128994,0.017882954958297583,2090,120863,0.01724294363153467,3183,3188,0.8221435280981959,3,8320,2773.3333333333335,0.018752621415281865,0.8402732836331867,0.8203198930468876,-0.09903045066325,0,4,3,9190,0.01804407868696564,12,3,1.0,2492,3899,2037.3333333333333,1.2230580539656584,0.6117341431208765,0.01883480245018811,0.8366069575203606,0.8031231099256715,1.0,1.0,99.10631741140217,37.43451463790447,True,False,近期份额下降,2026Q2
C0061,有机合成与分子功能材料,其他基础与关联学科,关联基础研究,关联基础或环境研究,False,False,1014,201658,0.005021456890705974,908,165986,0.005461015502431459,875,146407,0.005964627815399709,856,128994,0.006620596897247409,779,120863,0.006429502301258681,1014,908,0.9195097300987745,3,2639,879.6666666666666,0.006015413405026191,0.8347650531400361,0.7584598441257924,-0.08606327499819022,1,4,3,2797,0.005482366736179047,12,3,1.0,1490,2622,1170.0,1.273270708795901,0.4473674159140193,0.005974936730637764,0.8404200943178831,0.7817221669269427,0.9999987341648763,1.0,90.03081664098613,51.5215716486903,False,False,近期份额下降,2026Q2
C0062,热工设备换热与工况分析,热工与能效,混杂待重分,质量限制观察,False,False,0,201658,2.4748432186820964e-06,0,165986,3.005512109208288e-06,0,146407,3.406412230382472e-06,0,128994,3.864913541884068e-06,0,120863,4.124119500486646e-06,0,0,0.8234347854063445,3,0,0.0,3.4256126271582758e-06,0.7224527370846096,0.60009008429316,-0.15974127876817157,0,0,3,0,2.962255852757619e-06,0,0,0.0,0,0,0.0,1.0,0.0,1.1318311670084796e-06,2.186583379942881,0.043384208007912116,0.5,0.6983240223463687,28.397534668721107,40.69337442218798,False,False,近期份额下降,2026Q2
C0063,生物质热解与炭化,生物质与资源循环,方向候选,能源电力直接相关,True,True,1501,201658,0.007431954185702336,1028,165986,0.006182338408641449,1043,146407,0.007109182324808219,946,128994,0.0073162813347865405,932,120863,0.007691482868407595,1501,1028,1.2021267188017757,3,3017,1005.6666666666666,0.006869267356078735,1.0819136598498629,0.9662576531540802,0.022200801684892912,4,4,3,3572,0.006907824973050668,12,3,1.0,1736,2916,1277.3333333333333,1.358800521512386,0.433811143990862,0.006830601092896175,1.088038092786822,1.022730609943424,0.0033815028054822284,0.02511016934764031,91.47919876733437,76.1633281972265,True,False,历史峰值以下的恢复或波动,2026Q2
C0064,锂钠电池电解液与正极配方,电化学储能,混杂待重分,质量限制观察,False,False,0,201658,2.4748432186820964e-06,0,165986,3.005512109208288e-06,0,146407,3.406412230382472e-06,0,128994,3.864913541884068e-06,0,120863,4.124119500486646e-06,0,0,0.8234347854063445,3,0,0.0,3.4256126271582758e-06,0.7224527370846096,0.60009008429316,-0.15974127876817157,0,0,3,0,2.962255852757619e-06,0,0,0.0,0,0,0.0,1.0,0.0,1.1318311670084796e-06,2.186583379942881,0.043384208007912116,0.5,0.6983240223463687,28.397534668721107,40.69337442218798,False,False,近期份额下降,2026Q2
C0065,电磁兼容干扰与电缆检测,电力电子与电机,混杂待重分,质量限制观察,False,False,0,201658,2.4748432186820964e-06,0,165986,3.005512109208288e-06,0,146407,3.406412230382472e-06,0,128994,3.864913541884068e-06,0,120863,4.124119500486646e-06,0,0,0.8234347854063445,3,0,0.0,3.4256126271582758e-06,0.7224527370846096,0.60009008429316,-0.15974127876817157,0,0,3,0,2.962255852757619e-06,0,0,0.0,0,0,0.0,1.0,0.0,1.1318311670084796e-06,2.186583379942881,0.043384208007912116,0.5,0.6983240223463687,28.397534668721107,40.69337442218798,False,False,近期份额下降,2026Q2
C0066,环境税费补贴与市场规制,碳与环境,宽泛待细分,关联基础或环境研究,True,False,0,201658,2.4748432186820964e-06,0,165986,3.005512109208288e-06,0,146407,3.406412230382472e-06,0,128994,3.864913541884068e-06,0,120863,4.124119500486646e-06,0,0,0.8234347854063445,3,0,0.0,3.4256126271582758e-06,0.7224527370846096,0.60009008429316,-0.15974127876817157,0,0,3,0,2.962255852757619e-06,0,0,0.0,0,0,0.0,1.0,0.0,1.1318311670084796e-06,2.186583379942881,0.043384208007912116,0.5,0.6983240223463687,28.397534668721107,40.69337442218798,False,False,近期份额下降,2026Q2
C0067,钙钛矿太阳能电池界面与器件性能,太阳能,宽泛待细分,能源电力直接相关,True,True,0,201658,2.4748432186820964e-06,0,165986,3.005512109208288e-06,0,146407,3.406412230382472e-06,0,128994,3.864913541884068e-06,0,120863,4.124119500486646e-06,0,0,0.8234347854063445,3,0,0.0,3.4256126271582758e-06,0.7224527370846096,0.60009008429316,-0.15974127876817157,0,0,3,0,2.962255852757619e-06,0,0,0.0,0,0,0.0,1.0,0.0,1.1318311670084796e-06,2.186583379942881,0.043384208007912116,0.5,0.6983240223463687,28.397534668721107,40.69337442218798,False,False,近期份额下降,2026Q2
C0068,水热溶剂热合成与功能材料,能源材料与电化学基础,混杂待重分,质量限制观察,False,False,0,201658,2.4748432186820964e-06,0,165986,3.005512109208288e-06,0,146407,3.406412230382472e-06,0,128994,3.864913541884068e-06,0,120863,4.124119500486646e-06,0,0,0.8234347854063445,3,0,0.0,3.4256126271582758e-06,0.7224527370846096,0.60009008429316,-0.15974127876817157,0,0,3,0,2.962255852757619e-06,0,0,0.0,0,0,0.0,1.0,0.0,1.1318311670084796e-06,2.186583379942881,0.043384208007912116,0.5,0.6983240223463687,28.397534668721107,40.69337442218798,False,False,近期份额下降,2026Q2
C0069,宽禁带半导体外延与结器件,电力电子与电机,宽泛待细分,能源电力直接相关,True,True,0,201658,2.4748432186820964e-06,0,165986,3.005512109208288e-06,0,146407,3.406412230382472e-06,0,128994,3.864913541884068e-06,0,120863,4.124119500486646e-06,0,0,0.8234347854063445,3,0,0.0,3.4256126271582758e-06,0.7224527370846096,0.60009008429316,-0.15974127876817157,0,0,3,0,2.962255852757619e-06,0,0,0.0,0,0,0.0,1.0,0.0,1.1318311670084796e-06,2.186583379942881,0.043384208007912116,0.5,0.6983240223463687,28.397534668721107,40.69337442218798,False,False,近期份额下降,2026Q2
C0070,气象水文预测与环境评估,数字技术与测量,宽泛待细分,关联基础或环境研究,True,False,0,201658,2.4748432186820964e-06,0,165986,3.005512109208288e-06,0,146407,3.406412230382472e-06,0,128994,3.864913541884068e-06,0,120863,4.124119500486646e-06,0,0,0.8234347854063445,3,0,0.0,3.4256126271582758e-06,0.7224527370846096,0.60009008429316,-0.15974127876817157,0,0,3,0,2.962255852757619e-06,0,0,0.0,0,0,0.0,1.0,0.0,1.1318311670084796e-06,2.186583379942881,0.043384208007912116,0.5,0.6983240223463687,28.397534668721107,40.69337442218798,False,False,近期份额下降,2026Q2
C0071,功能聚合物合成与结构,能源材料与电化学基础,关联基础研究,关联基础或环境研究,True,False,628,201658,0.0031108779258833953,534,165986,0.00321289244474366,593,146407,0.0040434113174639946,628,128994,0.004858196322148274,636,120863,0.0052500041241195,628,534,0.9682483865816417,3,1755,585.0,0.004038166694785309,0.7703688730583189,0.5925477108849192,-0.13109187177788195,1,4,3,1755,0.003455727229363683,12,3,1.0,912,1738,818.6666666666666,1.1138674257828387,0.4088154521206769,0.003973859227366772,0.7828354624289949,0.7146655099743221,0.9999999345208158,1.0,81.96456086286594,48.61710323574731,False,False,近期份额下降,2026Q2
C0072,氢能产业与制氢技术经济,氢能与燃料电池,宽泛待细分,能源电力直接相关,True,True,0,201658,2.4748432186820964e-06,0,165986,3.005512109208288e-06,0,146407,3.406412230382472e-06,0,128994,3.864913541884068e-06,0,120863,4.124119500486646e-06,0,0,0.8234347854063445,3,0,0.0,3.4256126271582758e-06,0.7224527370846096,0.60009008429316,-0.15974127876817157,0,0,3,0,2.962255852757619e-06,0,0,0.0,0,0,0.0,1.0,0.0,1.1318311670084796e-06,2.186583379942881,0.043384208007912116,0.5,0.6983240223463687,28.397534668721107,40.69337442218798,False,False,近期份额下降,2026Q2
C0073,电极过程与电化学沉积,能源材料与电化学基础,宽泛待细分,关联基础或环境研究,True,False,0,201658,2.4748432186820964e-06,0,165986,3.005512109208288e-06,0,146407,3.406412230382472e-06,0,128994,3.864913541884068e-06,0,120863,4.124119500486646e-06,0,0,0.8234347854063445,3,0,0.0,3.4256126271582758e-06,0.7224527370846096,0.60009008429316,-0.15974127876817157,0,0,3,0,2.962255852757619e-06,0,0,0.0,0,0,0.0,1.0,0.0,1.1318311670084796e-06,2.186583379942881,0.043384208007912116,0.5,0.6983240223463687,28.397534668721107,40.69337442218798,False,False,近期份额下降,2026Q2
C0074,通用防护支撑与安装结构混杂簇073,制造与通用装置,混杂待重分,质量限制观察,False,False,0,201658,2.4748432186820964e-06,0,165986,3.005512109208288e-06,0,146407,3.406412230382472e-06,0,128994,3.864913541884068e-06,0,120863,4.124119500486646e-06,0,0,0.8234347854063445,3,0,0.0,3.4256126271582758e-06,0.7224527370846096,0.60009008429316,-0.15974127876817157,0,0,3,0,2.962255852757619e-06,0,0,0.0,0,0,0.0,1.0,0.0,1.1318311670084796e-06,2.186583379942881,0.043384208007912116,0.5,0.6983240223463687,28.397534668721107,40.69337442218798,False,False,近期份额下降,2026Q2
C0075,铋基氧化物光催化材料,能源材料与电化学基础,方向候选,关联基础或环境研究,True,False,670,201658,0.003318764756252691,639,165986,0.0038440499876774004,649,146407,0.004424929487266831,583,128994,0.004510354103378708,520,120863,0.004293208400006599,670,639,0.8633510924393338,3,1871,623.6666666666666,0.00425977785944098,0.7790933860312189,0.7358102446472226,-0.14383084546263225,0,4,3,1958,0.0038625814103989743,12,3,1.0,1054,1870,845.0,1.2470449172576832,0.5487519392994891,0.004236444058112739,0.7833845344652426,0.7172376509280262,0.9999999725746596,1.0,88.09707241910633,44.622496147919875,False,False,近期份额下降,2026Q2
C0076,通用催化剂与催化反应工程,能源材料与电化学基础,宽泛待细分,关联基础或环境研究,True,False,0,201658,2.4748432186820964e-06,0,165986,3.005512109208288e-06,0,146407,3.406412230382472e-06,0,128994,3.864913541884068e-06,0,120863,4.124119500486646e-06,0,0,0.8234347854063445,3,0,0.0,3.4256126271582758e-06,0.7224527370846096,0.60009008429316,-0.15974127876817157,0,0,3,0,2.962255852757619e-06,0,0,0.0,0,0,0.0,1.0,0.0,1.1318311670084796e-06,2.186583379942881,0.043384208007912116,0.5,0.6983240223463687,28.397534668721107,40.69337442218798,False,False,近期份额下降,2026Q2
C0077,机电传动与运动执行装置,电力电子与电机,宽泛待细分,能源电力直接相关,True,True,0,201658,2.4748432186820964e-06,0,165986,3.005512109208288e-06,0,146407,3.406412230382472e-06,0,128994,3.864913541884068e-06,0,120863,4.124119500486646e-06,0,0,0.8234347854063445,3,0,0.0,3.4256126271582758e-06,0.7224527370846096,0.60009008429316,-0.15974127876817157,0,0,3,0,2.962255852757619e-06,0,0,0.0,0,0,0.0,1.0,0.0,1.1318311670084796e-06,2.186583379942881,0.043384208007912116,0.5,0.6983240223463687,28.397534668721107,40.69337442218798,False,False,近期份额下降,2026Q2
C0078,充电连接与通用部件混合,交通与充电,混杂待重分,质量限制观察,False,False,0,201658,2.4748432186820964e-06,0,165986,3.005512109208288e-06,0,146407,3.406412230382472e-06,0,128994,3.864913541884068e-06,0,120863,4.124119500486646e-06,0,0,0.8234347854063445,3,0,0.0,3.4256126271582758e-06,0.7224527370846096,0.60009008429316,-0.15974127876817157,0,0,3,0,2.962255852757619e-06,0,0,0.0,0,0,0.0,1.0,0.0,1.1318311670084796e-06,2.186583379942881,0.043384208007912116,0.5,0.6983240223463687,28.397534668721107,40.69337442218798,False,False,近期份额下降,2026Q2
C0079,燃料电池系统运行控制,氢能与燃料电池,方向候选,能源电力直接相关,True,True,27,201658,0.0001361163770275153,22,165986,0.00013524804491437295,12,146407,8.51603057595618e-05,31,128994,0.00024348955313869628,19,120863,0.0001608406605189792,27,22,1.006420293274421,3,65,21.666666666666668,0.00015463263460421033,0.8802564696379372,0.559023478719766,0.23448740141396307,3,0,3,61,0.00011884157590048336,0,0,0.0,23,72,28.0,0.8275862068965517,0.1691734246533364,0.00014826988287811084,0.9180311900523545,0.5880853218251447,0.6612916423584104,0.8936373545383924,37.557781201849,62.36902927580894,False,False,历史峰值以下的恢复或波动,2026Q2
C0080,污染物光催化降解,碳与环境,方向候选,关联基础或环境研究,True,False,1179,201658,0.005838155152871066,1092,165986,0.006567043958620109,1136,146407,0.007742774999659359,932,128994,0.007208063755613787,944,120863,0.007790461736419275,1179,1092,0.889008081818566,3,3160,1053.3333333333333,0.007172627571297752,0.8139492947094089,0.7493978342231681,-0.1411726509906055,0,4,3,3407,0.006715991370383512,12,3,1.0,1634,3007,1425.3333333333333,1.146295863519514,0.54839139947271,0.0071543048066606,0.816033885980898,0.7632451669637137,0.9999999987823592,1.0,94.89984591679507,45.24653312788906,False,False,近期份额下降,2026Q2
C0081,电力市场与售电制度政策,能源政策与治理,政策类群,能源治理与政策研究,True,False,17,201658,8.661951265387338e-05,19,165986,0.00011721497225912323,17,146407,0.00011922442806338652,14,128994,0.00011208249271463797,13,120863,0.00011135122651313945,17,19,0.7389799356210784,3,50,16.666666666666668,0.00011617396434571591,0.7456017631980517,0.726524874649191,-0.15974127876817157,1,0,3,53,0.00010768630432546104,0,0,0.0,6,25,9.333333333333334,0.6774193548387096,0.0749542642333412,0.00011431494786785645,0.7577269138415923,0.43994071216425784,0.8545765484109304,1.0,35.64714946070878,29.44915254237288,False,False,近期份额下降,2026Q2
C0082,智能电网体系与通信,电网与电力系统,宽泛待细分,能源电力直接相关,True,True,0,201658,2.4748432186820964e-06,0,165986,3.005512109208288e-06,0,146407,3.406412230382472e-06,0,128994,3.864913541884068e-06,0,120863,4.124119500486646e-06,0,0,0.8234347854063445,3,0,0.0,3.4256126271582758e-06,0.7224527370846096,0.60009008429316,-0.15974127876817157,0,0,3,0,2.962255852757619e-06,0,0,0.0,0,0,0.0,1.0,0.0,1.1318311670084796e-06,2.186583379942881,0.043384208007912116,0.5,0.6983240223463687,28.397534668721107,40.69337442218798,False,False,近期份额下降,2026Q2
C0083,配电网电压无功与电能质量,电网与电力系统,宽泛待细分,能源电力直接相关,True,True,0,201658,2.4748432186820964e-06,0,165986,3.005512109208288e-06,0,146407,3.406412230382472e-06,0,128994,3.864913541884068e-06,0,120863,4.124119500486646e-06,0,0,0.8234347854063445,3,0,0.0,3.4256126271582758e-06,0.7224527370846096,0.60009008429316,-0.15974127876817157,0,0,3,0,2.962255852757619e-06,0,0,0.0,0,0,0.0,1.0,0.0,1.1318311670084796e-06,2.186583379942881,0.043384208007912116,0.5,0.6983240223463687,28.397534668721107,40.69337442218798,False,False,近期份额下降,2026Q2
C0084,电池单体电极及模组结构,电化学储能,宽泛待细分,能源电力直接相关,True,True,0,201658,2.4748432186820964e-06,0,165986,3.005512109208288e-06,0,146407,3.406412230382472e-06,0,128994,3.864913541884068e-06,0,120863,4.124119500486646e-06,0,0,0.8234347854063445,3,0,0.0,3.4256126271582758e-06,0.7224527370846096,0.60009008429316,-0.15974127876817157,0,0,3,0,2.962255852757619e-06,0,0,0.0,0,0,0.0,1.0,0.0,1.1318311670084796e-06,2.186583379942881,0.043384208007912116,0.5,0.6983240223463687,28.397534668721107,40.69337442218798,False,False,近期份额下降,2026Q2
C0085,多类功能薄膜与纳米器件,能源材料与电化学基础,混杂待重分,质量限制观察,False,False,0,201658,2.4748432186820964e-06,0,165986,3.005512109208288e-06,0,146407,3.406412230382472e-06,0,128994,3.864913541884068e-06,0,120863,4.124119500486646e-06,0,0,0.8234347854063445,3,0,0.0,3.4256126271582758e-06,0.7224527370846096,0.60009008429316,-0.15974127876817157,0,0,3,0,2.962255852757619e-06,0,0,0.0,0,0,0.0,1.0,0.0,1.1318311670084796e-06,2.186583379942881,0.043384208007912116,0.5,0.6983240223463687,28.397534668721107,40.69337442218798,False,False,近期份额下降,2026Q2
C0086,光伏组件性能建模与故障检测,太阳能,宽泛待细分,能源电力直接相关,True,True,0,201658,2.4748432186820964e-06,0,165986,3.005512109208288e-06,0,146407,3.406412230382472e-06,0,128994,3.864913541884068e-06,0,120863,4.124119500486646e-06,0,0,0.8234347854063445,3,0,0.0,3.4256126271582758e-06,0.7224527370846096,0.60009008429316,-0.15974127876817157,0,0,3,0,2.962255852757619e-06,0,0,0.0,0,0,0.0,1.0,0.0,1.1318311670084796e-06,2.186583379942881,0.043384208007912116,0.5,0.6983240223463687,28.397534668721107,40.69337442218798,False,False,近期份额下降,2026Q2
C0087,制氢储氢与加氢系统,氢能与燃料电池,宽泛待细分,能源电力直接相关,True,True,0,201658,2.4748432186820964e-06,0,165986,3.005512109208288e-06,0,146407,3.406412230382472e-06,0,128994,3.864913541884068e-06,0,120863,4.124119500486646e-06,0,0,0.8234347854063445,3,0,0.0,3.4256126271582758e-06,0.7224527370846096,0.60009008429316,-0.15974127876817157,0,0,3,0,2.962255852757619e-06,0,0,0.0,0,0,0.0,1.0,0.0,1.1318311670084796e-06,2.186583379942881,0.043384208007912116,0.5,0.6983240223463687,28.397534668721107,40.69337442218798,False,False,近期份额下降,2026Q2
C0088,污水厌氧处理与产能回收,生物质与资源循环,宽泛待细分,能源电力直接相关,True,True,0,201658,2.4748432186820964e-06,0,165986,3.005512109208288e-06,0,146407,3.406412230382472e-06,0,128994,3.864913541884068e-06,0,120863,4.124119500486646e-06,0,0,0.8234347854063445,3,0,0.0,3.4256126271582758e-06,0.7224527370846096,0.60009008429316,-0.15974127876817157,0,0,3,0,2.962255852757619e-06,0,0,0.0,0,0,0.0,1.0,0.0,1.1318311670084796e-06,2.186583379942881,0.043384208007912116,0.5,0.6983240223463687,28.397534668721107,40.69337442218798,False,False,近期份额下降,2026Q2
C0089,信号处理测量与电力扰动,数字技术与测量,宽泛待细分,关联基础或环境研究,True,False,0,201658,2.4748432186820964e-06,0,165986,3.005512109208288e-06,0,146407,3.406412230382472e-06,0,128994,3.864913541884068e-06,0,120863,4.124119500486646e-06,0,0,0.8234347854063445,3,0,0.0,3.4256126271582758e-06,0.7224527370846096,0.60009008429316,-0.15974127876817157,0,0,3,0,2.962255852757619e-06,0,0,0.0,0,0,0.0,1.0,0.0,1.1318311670084796e-06,2.186583379942881,0.043384208007912116,0.5,0.6983240223463687,28.397534668721107,40.69337442218798,False,False,近期份额下降,2026Q2
C0090,电动汽车充电控制,交通与充电,方向候选,能源电力直接相关,True,True,16,201658,8.166982621650918e-05,21,165986,0.00012923702069595638,23,146407,0.00016010137482797617,28,128994,0.0002203000718873919,19,120863,0.0001608406605189792,16,21,0.6319383236839389,3,72,24.0,0.00016987948913710815,0.4807515411739567,0.3707208332562658,-0.33656129888996045,2,0,3,60,0.0001236694072468139,0,0,0.0,22,80,33.333333333333336,0.6699029126213591,0.1897621012351822,0.00016411551921622955,0.4976362175042418,0.29156285367302226,0.9961469673080344,1.0,37.5808936825886,8.736517719568567,False,False,近期份额下降,2026Q2
C0091,等离子体湍流与不稳定性,核能与等离子体,方向候选,能源电力直接相关,True,True,802,201658,0.003972123365984765,456,165986,0.002744032555707167,389,146407,0.002653595127467946,305,128994,0.0023614621740911655,345,120863,0.0028497665748362724,802,456,1.4475496501393024,3,1150,383.3333333333333,0.0025863632857554258,1.5357948312449023,1.3938416574392503,0.20169271607851247,4,4,3,1647,0.0031232503497199593,12,3,1.0,723,1184,443.3333333333333,1.6294073518379595,0.2563465697551549,0.0026043435152865117,1.525191796961462,1.393718324575502,8.786178406498268e-21,3.6609076693742783e-19,76.04006163328198,90.37750385208012,True,True,多年背景上持续抬升,2026Q2
C0092,天然气输配与气价政策,能源政策与治理,政策类群,能源治理与政策研究,True,False,15,201658,7.672013977914499e-05,6,165986,3.907165741970774e-05,8,146407,5.7909007916502026e-05,9,128994,7.343335729579729e-05,34,120863,0.00028456424553357856,15,6,1.963575257507437,3,23,7.666666666666667,5.6804674210669024e-05,1.35059554244808,0.26960569004475304,0.14064565144629348,3,0,3,29,5.790026837178492e-05,0,0,0.0,17,33,7.333333333333333,2.16,0.1443277150454472,5.3196064849398546e-05,1.4422145697495594,0.7594501710419822,0.14049725441840383,0.5821709437226678,33.99075500770416,86.9915254237288,False,False,历史峰值以下的恢复或波动,2026Q2
C0093,电能变换波浪能与互感器混合,电力电子与电机,混杂待重分,质量限制观察,False,False,0,201658,2.4748432186820964e-06,0,165986,3.005512109208288e-06,0,146407,3.406412230382472e-06,0,128994,3.864913541884068e-06,0,120863,4.124119500486646e-06,0,0,0.8234347854063445,3,0,0.0,3.4256126271582758e-06,0.7224527370846096,0.60009008429316,-0.15974127876817157,0,0,3,0,2.962255852757619e-06,0,0,0.0,0,0,0.0,1.0,0.0,1.1318311670084796e-06,2.186583379942881,0.043384208007912116,0.5,0.6983240223463687,28.397534668721107,40.69337442218798,False,False,近期份额下降,2026Q2
C0094,晶体缺陷外延与变形,能源材料与电化学基础,关联基础研究,关联基础或环境研究,True,False,760,201658,0.003764236535615469,477,165986,0.0028702640642939152,529,146407,0.003607390551975038,502,128994,0.0038842381095934883,499,120863,0.00411999538098616,760,477,1.3114600090084292,3,1508,502.6666666666667,0.0034539642419541476,1.089830777601154,0.9136506688787751,0.02128019456077146,4,4,3,1766,0.003413963717294807,12,3,1.0,1110,1951,796.3333333333334,1.3933946488294313,0.3927159831621901,0.0034147346308645832,1.1023511172996756,1.0103314933555771,0.01353018735140569,0.0838647976326799,81.99537750385208,78.28197226502311,False,False,历史峰值以下的恢复或波动,2026Q2
C0095,泄漏检测与多设备状态监测,数字技术与测量,混杂待重分,质量限制观察,False,False,0,201658,2.4748432186820964e-06,0,165986,3.005512109208288e-06,0,146407,3.406412230382472e-06,0,128994,3.864913541884068e-06,0,120863,4.124119500486646e-06,0,0,0.8234347854063445,3,0,0.0,3.4256126271582758e-06,0.7224527370846096,0.60009008429316,-0.15974127876817157,0,0,3,0,2.962255852757619e-06,0,0,0.0,0,0,0.0,1.0,0.0,1.1318311670084796e-06,2.186583379942881,0.043384208007912116,0.5,0.6983240223463687,28.397534668721107,40.69337442218798,False,False,近期份额下降,2026Q2
C0096,电力设备通信与控制系统,数字技术与测量,宽泛待细分,能源电力直接相关,True,True,0,201658,2.4748432186820964e-06,0,165986,3.005512109208288e-06,0,146407,3.406412230382472e-06,0,128994,3.864913541884068e-06,0,120863,4.124119500486646e-06,0,0,0.8234347854063445,3,0,0.0,3.4256126271582758e-06,0.7224527370846096,0.60009008429316,-0.15974127876817157,0,0,3,0,2.962255852757619e-06,0,0,0.0,0,0,0.0,1.0,0.0,1.1318311670084796e-06,2.186583379942881,0.043384208007912116,0.5,0.6983240223463687,28.397534668721107,40.69337442218798,False,False,近期份额下降,2026Q2
C0097,永磁电机与磁路设计,电力电子与电机,宽泛待细分,能源电力直接相关,True,True,0,201658,2.4748432186820964e-06,0,165986,3.005512109208288e-06,0,146407,3.406412230382472e-06,0,128994,3.864913541884068e-06,0,120863,4.124119500486646e-06,0,0,0.8234347854063445,3,0,0.0,3.4256126271582758e-06,0.7224527370846096,0.60009008429316,-0.15974127876817157,0,0,3,0,2.962255852757619e-06,0,0,0.0,0,0,0.0,1.0,0.0,1.1318311670084796e-06,2.186583379942881,0.043384208007912116,0.5,0.6983240223463687,28.397534668721107,40.69337442218798,False,False,近期份额下降,2026Q2
C0098,建筑与工业冷却节能,热工与能效,宽泛待细分,能源电力直接相关,True,True,0,201658,2.4748432186820964e-06,0,165986,3.005512109208288e-06,0,146407,3.406412230382472e-06,0,128994,3.864913541884068e-06,0,120863,4.124119500486646e-06,0,0,0.8234347854063445,3,0,0.0,3.4256126271582758e-06,0.7224527370846096,0.60009008429316,-0.15974127876817157,0,0,3,0,2.962255852757619e-06,0,0,0.0,0,0,0.0,1.0,0.0,1.1318311670084796e-06,2.186583379942881,0.043384208007912116,0.5,0.6983240223463687,28.397534668721107,40.69337442218798,False,False,近期份额下降,2026Q2
C0099,无人机巡检与电网作业,数字技术与测量,方向候选,能源电力直接相关,True,True,29,201658,0.0001460157499022437,13,165986,8.114882694862377e-05,13,146407,9.197313022032674e-05,9,128994,7.343335729579729e-05,10,120863,8.660650951021957e-05,29,13,1.7993574940360864,3,35,11.666666666666666,8.218510482158261e-05,1.7766692665201609,1.5875913927519358,0.23110901018252328,3,0,3,55,0.00010637923569039807,0,0,0.0,26,54,13.333333333333334,1.8837209302325582,0.2049903817489251,8.036001285760205e-05,1.8170199917835208,1.1150473234227944,0.008064585864773509,0.05467106611871533,37.18798151001541,91.42141756548536,False,False,多年背景上持续抬升,2026Q2
C0100,磁重联与磁场材料效应,核能与等离子体,混杂待重分,质量限制观察,False,False,0,201658,2.4748432186820964e-06,0,165986,3.005512109208288e-06,0,146407,3.406412230382472e-06,0,128994,3.864913541884068e-06,0,120863,4.124119500486646e-06,0,0,0.8234347854063445,3,0,0.0,3.4256126271582758e-06,0.7224527370846096,0.60009008429316,-0.15974127876817157,0,0,3,0,2.962255852757619e-06,0,0,0.0,0,0,0.0,1.0,0.0,1.1318311670084796e-06,2.186583379942881,0.043384208007912116,0.5,0.6983240223463687,28.397534668721107,40.69337442218798,False,False,近期份额下降,2026Q2
C0101,人类世生态危机与社会转型,其他基础与关联学科,关联基础研究,关联基础或环境研究,False,False,645,201658,0.0031950225953185866,374,165986,0.0022511285697970076,414,146407,0.002823915738987069,332,128994,0.0025701675053529053,366,120863,0.0030229795938567115,645,374,1.4192981414680785,3,1120,373.3333333333333,0.002548403938045661,1.2537347583008405,1.0569117309992764,0.0617348390875021,4,4,3,1433,0.002756688968034221,12,3,1.0,368,1050,404.3333333333333,0.9103618421052632,0.1230518774699943,0.002536433645266003,1.2596515589050687,1.14337640712566,1.2963693999605185e-06,1.7362090178042656e-05,73.38983050847459,76.50231124807395,False,False,多年背景上持续抬升,2026Q2
C0102,电力设备与线路故障检测、定位和诊断,电网与电力系统,宽泛待细分,能源电力直接相关,True,True,0,201658,2.4748432186820964e-06,0,165986,3.005512109208288e-06,0,146407,3.406412230382472e-06,0,128994,3.864913541884068e-06,0,120863,4.124119500486646e-06,0,0,0.8234347854063445,3,0,0.0,3.4256126271582758e-06,0.7224527370846096,0.60009008429316,-0.15974127876817157,0,0,3,0,2.962255852757619e-06,0,0,0.0,0,0,0.0,1.0,0.0,1.1318311670084796e-06,2.186583379942881,0.043384208007912116,0.5,0.6983240223463687,28.397534668721107,40.69337442218798,False,False,近期份额下降,2026Q2
C0103,金属基复合材料与耐磨制造,能源材料与电化学基础,关联基础研究,关联基础或环境研究,True,False,785,201658,0.0038879786965495735,536,165986,0.003224914493180493,629,146407,0.004288672998051532,692,128994,0.005352905255509435,732,120863,0.006041835068212937,785,536,1.2056067547748064,3,1857,619.0,0.004288830915580487,0.9065357840117466,0.6435095716208562,-0.049043976662535016,3,4,3,1950,0.0038005220625938665,12,3,1.0,996,1859,815.0,1.2218137254901962,0.4401514128422075,0.004204752785436502,0.9246628505761144,0.8506576607467851,0.9663005163273543,1.0,84.61479198767334,65.6895223420647,False,False,历史峰值以下的恢复或波动,2026Q2
C0104,发动机燃气轮机与动力机械,化石能源,宽泛待细分,能源电力直接相关,True,True,0,201658,2.4748432186820964e-06,0,165986,3.005512109208288e-06,0,146407,3.406412230382472e-06,0,128994,3.864913541884068e-06,0,120863,4.124119500486646e-06,0,0,0.8234347854063445,3,0,0.0,3.4256126271582758e-06,0.7224527370846096,0.60009008429316,-0.15974127876817157,0,0,3,0,2.962255852757619e-06,0,0,0.0,0,0,0.0,1.0,0.0,1.1318311670084796e-06,2.186583379942881,0.043384208007912116,0.5,0.6983240223463687,28.397534668721107,40.69337442218798,False,False,近期份额下降,2026Q2
C0105,微电网能量管理与优化,电网与电力系统,方向候选,能源电力直接相关,True,True,810,201658,0.0040117208574836785,732,165986,0.004403075239990142,654,146407,0.004458993609570656,590,128994,0.004564462892965085,559,120863,0.004614889721044557,810,732,0.9111179434427881,3,1976,658.6666666666666,0.004475510580841961,0.8963716619633081,0.8692993982477323,-0.05285140085528317,1,4,3,2196,0.004291263235681492,12,3,1.0,880,1823,809.0,1.0876543209876544,0.3815373395637135,0.0044741286031845205,0.8966485350081986,0.826261845168102,0.9954231516479624,1.0,83.4591679506934,52.80816640986132,True,False,近期份额下降,2026Q2
C0106,电动汽车推广与整车能耗,交通与充电,宽泛待细分,能源电力直接相关,True,True,0,201658,2.4748432186820964e-06,0,165986,3.005512109208288e-06,0,146407,3.406412230382472e-06,0,128994,3.864913541884068e-06,0,120863,4.124119500486646e-06,0,0,0.8234347854063445,3,0,0.0,3.4256126271582758e-06,0.7224527370846096,0.60009008429316,-0.15974127876817157,0,0,3,0,2.962255852757619e-06,0,0,0.0,0,0,0.0,1.0,0.0,1.1318311670084796e-06,2.186583379942881,0.043384208007912116,0.5,0.6983240223463687,28.397534668721107,40.69337442218798,False,False,近期份额下降,2026Q2
C0107,模板化晶体数据库记录,其他基础与关联学科,外围或非研究文本,质量限制观察,False,False,0,201658,2.4748432186820964e-06,0,165986,3.005512109208288e-06,0,146407,3.406412230382472e-06,0,128994,3.864913541884068e-06,0,120863,4.124119500486646e-06,0,0,0.8234347854063445,3,0,0.0,3.4256126271582758e-06,0.7224527370846096,0.60009008429316,-0.15974127876817157,0,0,3,0,2.962255852757619e-06,0,0,0.0,0,0,0.0,1.0,0.0,1.1318311670084796e-06,2.186583379942881,0.043384208007912116,0.5,0.6983240223463687,28.397534668721107,40.69337442218798,False,False,近期份额下降,2026Q2
C0108,储能充放电与变流控制,电化学储能,宽泛待细分,能源电力直接相关,True,True,0,201658,2.4748432186820964e-06,0,165986,3.005512109208288e-06,0,146407,3.406412230382472e-06,0,128994,3.864913541884068e-06,0,120863,4.124119500486646e-06,0,0,0.8234347854063445,3,0,0.0,3.4256126271582758e-06,0.7224527370846096,0.60009008429316,-0.15974127876817157,0,0,3,0,2.962255852757619e-06,0,0,0.0,0,0,0.0,1.0,0.0,1.1318311670084796e-06,2.186583379942881,0.043384208007912116,0.5,0.6983240223463687,28.397534668721107,40.69337442218798,False,False,近期份额下降,2026Q2
C0109,水系锌电池与锌空气电池,电化学储能,宽泛待细分,能源电力直接相关,True,True,0,201658,2.4748432186820964e-06,0,165986,3.005512109208288e-06,0,146407,3.406412230382472e-06,0,128994,3.864913541884068e-06,0,120863,4.124119500486646e-06,0,0,0.8234347854063445,3,0,0.0,3.4256126271582758e-06,0.7224527370846096,0.60009008429316,-0.15974127876817157,0,0,3,0,2.962255852757619e-06,0,0,0.0,0,0,0.0,1.0,0.0,1.1318311670084796e-06,2.186583379942881,0.043384208007912116,0.5,0.6983240223463687,28.397534668721107,40.69337442218798,False,False,近期份额下降,2026Q2
C0110,电气柜密封防护与开关部件,电网与电力系统,混杂待重分,质量限制观察,False,False,0,201658,2.4748432186820964e-06,0,165986,3.005512109208288e-06,0,146407,3.406412230382472e-06,0,128994,3.864913541884068e-06,0,120863,4.124119500486646e-06,0,0,0.8234347854063445,3,0,0.0,3.4256126271582758e-06,0.7224527370846096,0.60009008429316,-0.15974127876817157,0,0,3,0,2.962255852757619e-06,0,0,0.0,0,0,0.0,1.0,0.0,1.1318311670084796e-06,2.186583379942881,0.043384208007912116,0.5,0.6983240223463687,28.397534668721107,40.69337442218798,False,False,近期份额下降,2026Q2
C0111,机柜装配与通用机械部件,制造与通用装置,混杂待重分,质量限制观察,False,False,0,201658,2.4748432186820964e-06,0,165986,3.005512109208288e-06,0,146407,3.406412230382472e-06,0,128994,3.864913541884068e-06,0,120863,4.124119500486646e-06,0,0,0.8234347854063445,3,0,0.0,3.4256126271582758e-06,0.7224527370846096,0.60009008429316,-0.15974127876817157,0,0,3,0,2.962255852757619e-06,0,0,0.0,0,0,0.0,1.0,0.0,1.1318311670084796e-06,2.186583379942881,0.043384208007912116,0.5,0.6983240223463687,28.397534668721107,40.69337442218798,False,False,近期份额下降,2026Q2
C0112,电站锅炉汽轮机与设备运维,化石能源,混杂待重分,质量限制观察,False,False,0,201658,2.4748432186820964e-06,0,165986,3.005512109208288e-06,0,146407,3.406412230382472e-06,0,128994,3.864913541884068e-06,0,120863,4.124119500486646e-06,0,0,0.8234347854063445,3,0,0.0,3.4256126271582758e-06,0.7224527370846096,0.60009008429316,-0.15974127876817157,0,0,3,0,2.962255852757619e-06,0,0,0.0,0,0,0.0,1.0,0.0,1.1318311670084796e-06,2.186583379942881,0.043384208007912116,0.5,0.6983240223463687,28.397534668721107,40.69337442218798,False,False,近期份额下降,2026Q2
C0113,二氧化钛光催化材料与反应,能源材料与电化学基础,宽泛待细分,关联基础或环境研究,True,False,0,201658,2.4748432186820964e-06,0,165986,3.005512109208288e-06,0,146407,3.406412230382472e-06,0,128994,3.864913541884068e-06,0,120863,4.124119500486646e-06,0,0,0.8234347854063445,3,0,0.0,3.4256126271582758e-06,0.7224527370846096,0.60009008429316,-0.15974127876817157,0,0,3,0,2.962255852757619e-06,0,0,0.0,0,0,0.0,1.0,0.0,1.1318311670084796e-06,2.186583379942881,0.043384208007912116,0.5,0.6983240223463687,28.397534668721107,40.69337442218798,False,False,近期份额下降,2026Q2
C0114,水分离采集与流体界面技术,热工与能效,混杂待重分,质量限制观察,False,False,0,201658,2.4748432186820964e-06,0,165986,3.005512109208288e-06,0,146407,3.406412230382472e-06,0,128994,3.864913541884068e-06,0,120863,4.124119500486646e-06,0,0,0.8234347854063445,3,0,0.0,3.4256126271582758e-06,0.7224527370846096,0.60009008429316,-0.15974127876817157,0,0,3,0,2.962255852757619e-06,0,0,0.0,0,0,0.0,1.0,0.0,1.1318311670084796e-06,2.186583379942881,0.043384208007912116,0.5,0.6983240223463687,28.397534668721107,40.69337442218798,False,False,近期份额下降,2026Q2
C0115,二氧化碳吸收溶解与水合物,碳与环境,宽泛待细分,能源电力直接相关,True,True,0,201658,2.4748432186820964e-06,0,165986,3.005512109208288e-06,0,146407,3.406412230382472e-06,0,128994,3.864913541884068e-06,0,120863,4.124119500486646e-06,0,0,0.8234347854063445,3,0,0.0,3.4256126271582758e-06,0.7224527370846096,0.60009008429316,-0.15974127876817157,0,0,3,0,2.962255852757619e-06,0,0,0.0,0,0,0.0,1.0,0.0,1.1318311670084796e-06,2.186583379942881,0.043384208007912116,0.5,0.6983240223463687,28.397534668721107,40.69337442218798,False,False,近期份额下降,2026Q2
C0116,电源装置与供电电路结构,电力电子与电机,宽泛待细分,能源电力直接相关,True,True,0,201658,2.4748432186820964e-06,0,165986,3.005512109208288e-06,0,146407,3.406412230382472e-06,0,128994,3.864913541884068e-06,0,120863,4.124119500486646e-06,0,0,0.8234347854063445,3,0,0.0,3.4256126271582758e-06,0.7224527370846096,0.60009008429316,-0.15974127876817157,0,0,3,0,2.962255852757619e-06,0,0,0.0,0,0,0.0,1.0,0.0,1.1318311670084796e-06,2.186583379942881,0.043384208007912116,0.5,0.6983240223463687,28.397534668721107,40.69337442218798,False,False,近期份额下降,2026Q2
C0117,制冷循环工质与能效,热工与能效,宽泛待细分,能源电力直接相关,True,True,0,201658,2.4748432186820964e-06,0,165986,3.005512109208288e-06,0,146407,3.406412230382472e-06,0,128994,3.864913541884068e-06,0,120863,4.124119500486646e-06,0,0,0.8234347854063445,3,0,0.0,3.4256126271582758e-06,0.7224527370846096,0.60009008429316,-0.15974127876817157,0,0,3,0,2.962255852757619e-06,0,0,0.0,0,0,0.0,1.0,0.0,1.1318311670084796e-06,2.186583379942881,0.043384208007912116,0.5,0.6983240223463687,28.397534668721107,40.69337442218798,False,False,近期份额下降,2026Q2
C0118,煤矿产能及经营公告,能源政策与治理,政策类群,能源治理与政策研究,True,False,0,201658,2.4748432186820964e-06,1,165986,9.016536327624864e-06,1,146407,1.0219236691147416e-05,1,128994,1.1594740625652205e-05,1,120863,1.2372358501459938e-05,0,1,0.2744782618021148,3,3,1.0,1.0276837881474827e-05,0.2408175790282032,0.20003002809772003,-0.7090474231022261,0,0,3,2,7.236872079151459e-06,0,0,0.0,0,0,0.0,1.0,0.0,7.922818169059357e-06,0.3123690542775544,0.016134242659466957,0.8791478843663556,1.0,29.13713405238829,5.130970724191063,False,False,近期份额下降,2026Q2
C0119,煤矿安全生产与许可管理,能源政策与治理,政策类群,能源治理与政策研究,True,False,8,201658,4.207233471759564e-05,3,165986,2.1038584764458018e-05,1,146407,1.0219236691147416e-05,5,128994,4.251404896072475e-05,1,120863,1.2372358501459938e-05,8,3,1.9997701931296936,3,9,3.0,2.459062347211006e-05,1.7109096385991518,0.9896101581964782,0.7075592489258815,3,0,3,12,2.4443385391067024e-05,0,0,0.0,9,16,4.0,2.0,0.0,2.1504792173161113e-05,1.956416708369946,0.7754843841838005,0.08148327262644545,0.3892513023556311,31.56394453004623,93.63251155624037,False,False,历史峰值以下的恢复或波动,2026Q2
C0120,电力载波与通信传输,数字技术与测量,宽泛待细分,能源电力直接相关,True,True,0,201658,2.4748432186820964e-06,0,165986,3.005512109208288e-06,0,146407,3.406412230382472e-06,0,128994,3.864913541884068e-06,0,120863,4.124119500486646e-06,0,0,0.8234347854063445,3,0,0.0,3.4256126271582758e-06,0.7224527370846096,0.60009008429316,-0.15974127876817157,0,0,3,0,2.962255852757619e-06,0,0,0.0,0,0,0.0,1.0,0.0,1.1318311670084796e-06,2.186583379942881,0.043384208007912116,0.5,0.6983240223463687,28.397534668721107,40.69337442218798,False,False,近期份额下降,2026Q2
C0121,波浪能装置与海洋水动力,风能与水能海洋能源,宽泛待细分,能源电力直接相关,True,True,0,201658,2.4748432186820964e-06,0,165986,3.005512109208288e-06,0,146407,3.406412230382472e-06,0,128994,3.864913541884068e-06,0,120863,4.124119500486646e-06,0,0,0.8234347854063445,3,0,0.0,3.4256126271582758e-06,0.7224527370846096,0.60009008429316,-0.15974127876817157,0,0,3,0,2.962255852757619e-06,0,0,0.0,0,0,0.0,1.0,0.0,1.1318311670084796e-06,2.186583379942881,0.043384208007912116,0.5,0.6983240223463687,28.397534668721107,40.69337442218798,False,False,近期份额下降,2026Q2
C0122,热电材料与热电性能优化,能源材料与电化学基础,方向候选,能源电力直接相关,True,True,2296,201658,0.011366954903406869,1998,165986,0.012013031900505526,1789,146407,0.012191549372538867,1630,128994,0.012603483060083945,1559,120863,0.01286312872201785,2296,1998,0.9462186563350864,3,5417,1805.6666666666667,0.012269354777709447,0.9264509103655534,0.8836850776397832,-0.03501629198828793,1,4,3,6083,0.011857178725483752,12,3,1.0,2121,3328,1635.3333333333333,1.2968017926257893,0.4680374271618348,0.012263390694536877,0.9269014733804939,0.882750321998461,0.9987839459699572,1.0,94.43759630200309,57.291987673343606,True,False,近期份额下降,2026Q2
C0123,磁约束等离子体运行与边界,核能与等离子体,方向候选,能源电力直接相关,True,True,746,201658,0.00369494092549237,497,165986,0.0029904845486622466,395,146407,0.0026944720742325353,361,128994,0.002794332490782181,381,120863,0.003146703178871311,746,497,1.2355659644338415,3,1253,417.6666666666667,0.0028264297045589876,1.3072820879049238,1.174226075818726,0.1578811361175969,2,4,3,1638,0.0031266325161290504,12,3,1.0,569,985,428.0,1.3286713286713288,0.2961367235204105,0.0028375007356902585,1.302181486340136,1.1893740941061606,4.428259802254386e-09,7.72370895742044e-08,76.09399075500771,78.6517719568567,True,False,多年背景上持续抬升,2026Q2
C0124,电力系统碳计量与低碳调度,碳与环境,宽泛待细分,能源电力直接相关,True,True,45,201658,0.00022521073290007079,17,165986,0.00010519292382229007,18,146407,0.00012603725252415145,10,128994,8.116318437956543e-05,8,120863,7.011003150827298e-05,45,17,2.140930442056496,3,45,15.0,0.00010413112024200232,2.1627610687052785,1.786858475488551,0.29022951816814135,4,0,3,80,0.00015214696974883744,0,0,0.0,57,106,29.0,1.9333333333333333,0.4338727444149628,0.00010299663619777166,2.1865833799428804,1.4497810849338113,6.899241338995477e-05,0.0006899241338995478,45.35439137134053,95.87057010785824,False,False,多年背景上持续抬升,2026Q2
C0125,重整气化与合成气制氢,氢能与燃料电池,宽泛待细分,能源电力直接相关,True,True,0,201658,2.4748432186820964e-06,0,165986,3.005512109208288e-06,0,146407,3.406412230382472e-06,0,128994,3.864913541884068e-06,0,120863,4.124119500486646e-06,0,0,0.8234347854063445,3,0,0.0,3.4256126271582758e-06,0.7224527370846096,0.60009008429316,-0.15974127876817157,0,0,3,0,2.962255852757619e-06,0,0,0.0,0,0,0.0,1.0,0.0,1.1318311670084796e-06,2.186583379942881,0.043384208007912116,0.5,0.6983240223463687,28.397534668721107,40.69337442218798,False,False,近期份额下降,2026Q2
C0126,氮化碳及复合光催化材料,能源材料与电化学基础,宽泛待细分,关联基础或环境研究,True,False,0,201658,2.4748432186820964e-06,0,165986,3.005512109208288e-06,0,146407,3.406412230382472e-06,0,128994,3.864913541884068e-06,0,120863,4.124119500486646e-06,0,0,0.8234347854063445,3,0,0.0,3.4256126271582758e-06,0.7224527370846096,0.60009008429316,-0.15974127876817157,0,0,3,0,2.962255852757619e-06,0,0,0.0,0,0,0.0,1.0,0.0,1.1318311670084796e-06,2.186583379942881,0.043384208007912116,0.5,0.6983240223463687,28.397534668721107,40.69337442218798,False,False,近期份额下降,2026Q2
C0127,质子交换及功能聚合物膜,氢能与燃料电池,宽泛待细分,能源电力直接相关,True,True,0,201658,2.4748432186820964e-06,0,165986,3.005512109208288e-06,0,146407,3.406412230382472e-06,0,128994,3.864913541884068e-06,0,120863,4.124119500486646e-06,0,0,0.8234347854063445,3,0,0.0,3.4256126271582758e-06,0.7224527370846096,0.60009008429316,-0.15974127876817157,0,0,3,0,2.962255852757619e-06,0,0,0.0,0,0,0.0,1.0,0.0,1.1318311670084796e-06,2.186583379942881,0.043384208007912116,0.5,0.6983240223463687,28.397534668721107,40.69337442218798,False,False,近期份额下降,2026Q2
C0128,石墨烯复合材料与多场景应用,能源材料与电化学基础,宽泛待细分,关联基础或环境研究,True,False,0,201658,2.4748432186820964e-06,0,165986,3.005512109208288e-06,0,146407,3.406412230382472e-06,0,128994,3.864913541884068e-06,0,120863,4.124119500486646e-06,0,0,0.8234347854063445,3,0,0.0,3.4256126271582758e-06,0.7224527370846096,0.60009008429316,-0.15974127876817157,0,0,3,0,2.962255852757619e-06,0,0,0.0,0,0,0.0,1.0,0.0,1.1318311670084796e-06,2.186583379942881,0.043384208007912116,0.5,0.6983240223463687,28.397534668721107,40.69337442218798,False,False,近期份额下降,2026Q2
C0129,生物质与污泥厌氧消化产气,生物质与资源循环,方向候选,能源电力直接相关,True,True,1191,201658,0.005897551390119436,925,165986,0.005563202914144541,878,146407,0.005985066288782003,730,128994,0.005646638684692624,797,120863,0.0065779706032762005,1191,925,1.0600999965550075,3,2533,844.3333333333334,0.005731635962539723,1.028947307307039,0.896560922175925,-0.007365084312349168,2,4,3,2994,0.005815273531015327,12,3,1.0,1516,2651,1112.3333333333333,1.3625748502994013,0.4193860627689458,0.005734988523231966,1.028345805092537,0.9599253692890918,0.20600904256818947,0.6983240223463687,89.46841294298922,66.37904468412944,True,False,历史峰值以下的恢复或波动,2026Q2
C0130,能源网络安全与隐私保护,数字技术与测量,方向候选,能源电力直接相关,True,True,2208,201658,0.01093138249691882,997,165986,0.005995996657870535,632,146407,0.004309111471433827,517,128994,0.00400018551585001,494,120863,0.004078754185981293,2208,997,1.8231135073382574,3,2146,715.3333333333334,0.004768431215051458,2.2924483973710537,1.8231135073382574,0.4654530264492811,4,4,3,3837,0.00707883020874106,12,3,1.0,1628,2584,817.3333333333334,1.990631364562118,0.249009855909615,0.004858951199967403,2.249741157514024,2.119983678650953,3.5040224925526114e-168,2.6280168694144588e-165,86.04006163328197,96.71032357473034,True,True,多年背景上持续抬升,2026Q2
C0131,光伏电池及组件结构制造,太阳能,宽泛待细分,能源电力直接相关,True,True,0,201658,2.4748432186820964e-06,0,165986,3.005512109208288e-06,0,146407,3.406412230382472e-06,0,128994,3.864913541884068e-06,0,120863,4.124119500486646e-06,0,0,0.8234347854063445,3,0,0.0,3.4256126271582758e-06,0.7224527370846096,0.60009008429316,-0.15974127876817157,0,0,3,0,2.962255852757619e-06,0,0,0.0,0,0,0.0,1.0,0.0,1.1318311670084796e-06,2.186583379942881,0.043384208007912116,0.5,0.6983240223463687,28.397534668721107,40.69337442218798,False,False,近期份额下降,2026Q2
C0132,超级电容器复合电极材料,电化学储能,方向候选,能源电力直接相关,True,True,864,201658,0.0042790039251013445,771,165986,0.004637505184508389,683,146407,0.004656565518932839,656,128994,0.0050746314804937815,645,120863,0.00532423827512826,864,771,0.9226952326426244,3,2110,703.3333333333334,0.004789567394645003,0.8934009217378387,0.8036837767179502,-0.04227895428850115,1,4,3,2318,0.004524358209514191,12,3,1.0,1380,2292,987.3333333333334,1.397301854974705,0.5533148489942222,0.004777459355942793,0.8956651655819096,0.8275102391219955,0.9967286133022386,1.0,91.2557781201849,56.3828967642527,True,False,近期份额下降,2026Q2
C0133,排放交易与污染治理政策研究,碳与环境,宽泛待细分,能源电力直接相关,True,True,0,201658,2.4748432186820964e-06,0,165986,3.005512109208288e-06,0,146407,3.406412230382472e-06,0,128994,3.864913541884068e-06,0,120863,4.124119500486646e-06,0,0,0.8234347854063445,3,0,0.0,3.4256126271582758e-06,0.7224527370846096,0.60009008429316,-0.15974127876817157,0,0,3,0,2.962255852757619e-06,0,0,0.0,0,0,0.0,1.0,0.0,1.1318311670084796e-06,2.186583379942881,0.043384208007912116,0.5,0.6983240223463687,28.397534668721107,40.69337442218798,False,False,近期份额下降,2026Q2
C0134,功能薄膜沉积与表征,能源材料与电化学基础,关联基础研究,关联基础或环境研究,True,False,619,201658,0.0030663307479471174,582,165986,0.0035014216072276555,538,146407,0.0036687059721219224,547,128994,0.004232080328363055,532,120863,0.004392187268018278,619,582,0.8757387975265758,3,1667,555.6666666666666,0.003800735969237544,0.8067728915571702,0.6981329713044369,-0.08967867653179473,0,4,3,1739,0.003412152775765565,12,3,1.0,1125,2081,923.6666666666666,1.2177361211247297,0.3369015794787056,0.0037746569419732797,0.8123468688903235,0.7407811269438255,0.9999950786461912,1.0,80.22342064714947,46.355932203389834,False,False,近期份额下降,2026Q2
C0135,电连接器接线与端口结构,电力电子与电机,宽泛待细分,能源电力直接相关,True,True,0,201658,2.4748432186820964e-06,0,165986,3.005512109208288e-06,0,146407,3.406412230382472e-06,0,128994,3.864913541884068e-06,0,120863,4.124119500486646e-06,0,0,0.8234347854063445,3,0,0.0,3.4256126271582758e-06,0.7224527370846096,0.60009008429316,-0.15974127876817157,0,0,3,0,2.962255852757619e-06,0,0,0.0,0,0,0.0,1.0,0.0,1.1318311670084796e-06,2.186583379942881,0.043384208007912116,0.5,0.6983240223463687,28.397534668721107,40.69337442218798,False,False,近期份额下降,2026Q2
C0136,电力市场机制与产消者经济,电网与电力系统,宽泛待细分,能源电力直接相关,True,True,0,201658,2.4748432186820964e-06,0,165986,3.005512109208288e-06,0,146407,3.406412230382472e-06,0,128994,3.864913541884068e-06,0,120863,4.124119500486646e-06,0,0,0.8234347854063445,3,0,0.0,3.4256126271582758e-06,0.7224527370846096,0.60009008429316,-0.15974127876817157,0,0,3,0,2.962255852757619e-06,0,0,0.0,0,0,0.0,1.0,0.0,1.1318311670084796e-06,2.186583379942881,0.043384208007912116,0.5,0.6983240223463687,28.397534668721107,40.69337442218798,False,False,近期份额下降,2026Q2
C0137,电解与其他路线制氢技术,氢能与燃料电池,宽泛待细分,能源电力直接相关,True,True,0,201658,2.4748432186820964e-06,0,165986,3.005512109208288e-06,0,146407,3.406412230382472e-06,0,128994,3.864913541884068e-06,0,120863,4.124119500486646e-06,0,0,0.8234347854063445,3,0,0.0,3.4256126271582758e-06,0.7224527370846096,0.60009008429316,-0.15974127876817157,0,0,3,0,2.962255852757619e-06,0,0,0.0,0,0,0.0,1.0,0.0,1.1318311670084796e-06,2.186583379942881,0.043384208007912116,0.5,0.6983240223463687,28.397534668721107,40.69337442218798,False,False,近期份额下降,2026Q2
C0138,光伏出力预测与系统参数建模,太阳能,宽泛待细分,能源电力直接相关,True,True,0,201658,2.4748432186820964e-06,0,165986,3.005512109208288e-06,0,146407,3.406412230382472e-06,0,128994,3.864913541884068e-06,0,120863,4.124119500486646e-06,0,0,0.8234347854063445,3,0,0.0,3.4256126271582758e-06,0.7224527370846096,0.60009008429316,-0.15974127876817157,0,0,3,0,2.962255852757619e-06,0,0,0.0,0,0,0.0,1.0,0.0,1.1318311670084796e-06,2.186583379942881,0.043384208007912116,0.5,0.6983240223463687,28.397534668721107,40.69337442218798,False,False,近期份额下降,2026Q2
C0139,变压器油纸绝缘诊断,电网与电力系统,方向候选,能源电力直接相关,True,True,346,201658,0.001715066350546693,262,165986,0.0015778938573343512,246,146407,0.0016793612295785587,275,128994,0.0021295673615781214,246,120863,0.0020331909137399165,346,262,1.0869339167363747,3,783,261.0,0.0017956074828303437,0.9551454685649354,0.8053590515567155,0.010519133805435121,2,4,3,854,0.001657440479153201,12,3,1.0,394,746,281.6666666666667,1.3974056603773584,0.2815614123372091,0.0017735794387022876,0.9670084762606359,0.8521441530661059,0.6974280640315017,0.937403311870298,70.89368258859784,65.73189522342065,True,False,历史峰值以下的恢复或波动,2026Q2
C0140,厌氧微生物产甲烷机制,生物质与资源循环,方向候选,能源电力直接相关,True,True,993,201658,0.0049175134755213255,634,165986,0.0038139948665853176,551,146407,0.0037572726901118664,498,128994,0.003853318801258416,455,120863,0.0037570728649433346,993,634,1.2893340572122982,3,1683,561.0,0.0038081954526518664,1.2912975546192034,1.2761761300194951,0.13455483288098558,3,4,3,2178,0.004162927010739503,12,3,1.0,1451,2412,949.6666666666666,1.5273492286115007,0.4295765709099425,0.003810875539317551,1.2903894196455312,1.1930711050088547,6.72400693169956e-11,1.4408586282213342e-09,86.84129429892143,82.50770416024652,True,True,多年背景上持续抬升,2026Q2
C0141,半导体载流子与电荷输运,能源材料与电化学基础,关联基础研究,关联基础或环境研究,True,False,1227,201658,0.006075740101864547,877,165986,0.005274673751660545,807,146407,0.005501355752067692,757,128994,0.005855344015954363,798,120863,0.006586218842277174,1227,877,1.1518703123490461,3,2441,813.6666666666666,0.005543791173227533,1.0959539982685385,0.9224928972696981,0.0496546235177604,4,4,3,2911,0.005617256535197595,12,3,1.0,1583,2449,1062.0,1.4901222953904045,0.4554364621805121,0.0055267315885024065,1.0993369235633363,1.026472589527099,0.0030889971682063278,0.02316747876154746,90.59322033898304,77.5346687211094,False,False,历史峰值以下的恢复或波动,2026Q2
C0142,电机转子定子与装配结构,电力电子与电机,宽泛待细分,能源电力直接相关,True,True,0,201658,2.4748432186820964e-06,0,165986,3.005512109208288e-06,0,146407,3.406412230382472e-06,0,128994,3.864913541884068e-06,0,120863,4.124119500486646e-06,0,0,0.8234347854063445,3,0,0.0,3.4256126271582758e-06,0.7224527370846096,0.60009008429316,-0.15974127876817157,0,0,3,0,2.962255852757619e-06,0,0,0.0,0,0,0.0,1.0,0.0,1.1318311670084796e-06,2.186583379942881,0.043384208007912116,0.5,0.6983240223463687,28.397534668721107,40.69337442218798,False,False,近期份额下降,2026Q2
C0143,微电网变流器协调与功率分配,电网与电力系统,方向候选,能源电力直接相关,True,True,1183,201658,0.0058579538986205226,1001,165986,0.006020040754744201,731,146407,0.004983581093049557,725,128994,0.0056079895492737826,685,120863,0.005654167835167192,1183,1001,0.9730754553453906,3,2457,819.0,0.005537203799022513,1.0579263670328753,0.9730754553453906,0.08082582547875816,2,4,3,2915,0.00562052524880476,12,3,1.0,1050,1864,849.0,1.2364705882352942,0.3590807355047621,0.005562950185846678,1.0530300834841908,0.9824788623780905,0.06852769095649747,0.3452438411950924,85.59322033898306,66.84129429892141,True,False,近期份额下降,2026Q2
C0144,能源作物种植与生物质采收,生物质与资源循环,方向候选,能源电力直接相关,True,True,589,201658,0.002917840154826192,403,165986,0.0024254482721310883,384,146407,0.002619531005164121,341,128994,0.0026397359491068186,361,120863,0.002981738398851845,589,403,1.2030106716159608,3,1128,376.0,0.002561571742134009,1.139081957702805,0.9785701374573108,0.05392418674769184,3,4,3,1376,0.002654273144040467,12,3,1.0,846,1685,622.3333333333334,1.3588235294117645,0.2456099403495009,0.0025545429439381385,1.1422161297973665,1.0339296790218035,0.004231701067524266,0.030813357287798052,75.46224961479199,75.55855161787365,True,False,历史峰值以下的恢复或波动,2026Q2
C0145,陆面气象与蒸散估计,其他基础与关联学科,关联基础研究,关联基础或环境研究,False,False,1005,201658,0.004976909712769696,817,165986,0.004914012298555551,575,146407,0.003920780477170226,449,128994,0.003474557274153777,460,120863,0.003798314059948201,1005,817,1.0127996045578953,3,1841,613.6666666666666,0.004103116683293185,1.2129583672417525,1.0127996045578953,0.1192592117572131,2,4,3,2397,0.004603900829498491,12,3,1.0,1470,2620,894.6666666666666,1.6423520655005583,0.2316058250304432,0.004168534188092231,1.1939232085433433,1.1056015329905473,2.6156594253778304e-06,3.3249907949718176e-05,82.2342064714946,73.7673343605547,False,False,平稳或增长证据不足,2026Q2
C0146,铁基催化剂与氧电催化,能源材料与电化学基础,宽泛待细分,能源电力直接相关,True,True,0,201658,2.4748432186820964e-06,0,165986,3.005512109208288e-06,0,146407,3.406412230382472e-06,0,128994,3.864913541884068e-06,0,120863,4.124119500486646e-06,0,0,0.8234347854063445,3,0,0.0,3.4256126271582758e-06,0.7224527370846096,0.60009008429316,-0.15974127876817157,0,0,3,0,2.962255852757619e-06,0,0,0.0,0,0,0.0,1.0,0.0,1.1318311670084796e-06,2.186583379942881,0.043384208007912116,0.5,0.6983240223463687,28.397534668721107,40.69337442218798,False,False,近期份额下降,2026Q2
C0147,节能减排财政资金安排,能源政策与治理,政策类群,能源治理与政策研究,True,False,7,201658,3.7122648280231446e-05,3,165986,2.1038584764458018e-05,0,146407,3.406412230382472e-06,1,128994,1.1594740625652205e-05,2,120863,2.062059750243323e-05,7,3,1.7645031115850238,3,4,1.3333333333333333,1.2013245873497564e-05,3.090143053021812,1.7645031115850238,1.1942838217829337,2,0,3,10,2.0522548425023976e-05,0,0,0.0,2,4,0.6666666666666666,1.8000000000000003,0.2731794654982448,1.0186480503076317e-05,3.6443056332381345,1.1325227343421305,0.01051810841406729,0.06859635922217798,32.6040061633282,92.31895223420648,False,False,多年背景上持续抬升,2026Q2
C0148,电极与电机铁芯制造装置,制造与通用装置,混杂待重分,质量限制观察,False,False,0,201658,2.4748432186820964e-06,0,165986,3.005512109208288e-06,0,146407,3.406412230382472e-06,0,128994,3.864913541884068e-06,0,120863,4.124119500486646e-06,0,0,0.8234347854063445,3,0,0.0,3.4256126271582758e-06,0.7224527370846096,0.60009008429316,-0.15974127876817157,0,0,3,0,2.962255852757619e-06,0,0,0.0,0,0,0.0,1.0,0.0,1.1318311670084796e-06,2.186583379942881,0.043384208007912116,0.5,0.6983240223463687,28.397534668721107,40.69337442218798,False,False,近期份额下降,2026Q2
C0149,临床疾病与健康研究,其他基础与关联学科,外围或非研究文本,质量限制观察,False,False,0,201658,2.4748432186820964e-06,0,165986,3.005512109208288e-06,0,146407,3.406412230382472e-06,0,128994,3.864913541884068e-06,0,120863,4.124119500486646e-06,0,0,0.8234347854063445,3,0,0.0,3.4256126271582758e-06,0.7224527370846096,0.60009008429316,-0.15974127876817157,0,0,3,0,2.962255852757619e-06,0,0,0.0,0,0,0.0,1.0,0.0,1.1318311670084796e-06,2.186583379942881,0.043384208007912116,0.5,0.6983240223463687,28.397534668721107,40.69337442218798,False,False,近期份额下降,2026Q2
C0150,储能技术与能量转换综述,电化学储能,宽泛待细分,能源电力直接相关,True,True,0,201658,2.4748432186820964e-06,0,165986,3.005512109208288e-06,0,146407,3.406412230382472e-06,0,128994,3.864913541884068e-06,0,120863,4.124119500486646e-06,0,0,0.8234347854063445,3,0,0.0,3.4256126271582758e-06,0.7224527370846096,0.60009008429316,-0.15974127876817157,0,0,3,0,2.962255852757619e-06,0,0,0.0,0,0,0.0,1.0,0.0,1.1318311670084796e-06,2.186583379942881,0.043384208007912116,0.5,0.6983240223463687,28.397534668721107,40.69337442218798,False,False,近期份额下降,2026Q2
C0151,多孔碳吸附二氧化碳,碳与环境,方向候选,能源电力直接相关,True,True,1002,201658,0.004962060653457603,834,165986,0.005016199710268633,756,146407,0.00515390170456868,667,128994,0.005159659578415231,601,120863,0.004961315759085435,1002,834,0.9892071568242783,3,2257,752.3333333333334,0.005109920331084181,0.9710641912111364,0.9617031081305717,-0.018966465792014997,2,4,3,2592,0.005044054022764972,12,3,1.0,1356,2431,1005.0,1.348906560636183,0.4889914925075377,0.005110217719043286,0.9710076803511573,0.9013966232908603,0.775686573003709,1.0,90.36209553158706,62.989214175654865,True,False,近期份额下降,2026Q2
C0152,镁基及多组元合金性质,能源材料与电化学基础,关联基础研究,关联基础或环境研究,True,False,569,201658,0.0028188464260789077,615,165986,0.0036997854064354024,673,146407,0.00458843727432519,671,128994,0.005190578886750304,624,120863,0.005151025256107821,569,615,0.7618945739868613,3,1959,653.0,0.004492933855836965,0.6273954873421567,0.5430697591889831,-0.24360588524976245,0,4,3,1857,0.0037023563689465,12,3,1.0,799,1779,852.0,0.9378663540445487,0.4634862739564142,0.004435646343506232,0.635498461279648,0.5788847253525374,1.0,1.0,84.37596302003084,6.486902927580893,False,False,近期份额下降,2026Q2
C0153,硅基材料与碳化硅陶瓷,能源材料与电化学基础,混杂待重分,质量限制观察,False,False,0,201658,2.4748432186820964e-06,0,165986,3.005512109208288e-06,0,146407,3.406412230382472e-06,0,128994,3.864913541884068e-06,0,120863,4.124119500486646e-06,0,0,0.8234347854063445,3,0,0.0,3.4256126271582758e-06,0.7224527370846096,0.60009008429316,-0.15974127876817157,0,0,3,0,2.962255852757619e-06,0,0,0.0,0,0,0.0,1.0,0.0,1.1318311670084796e-06,2.186583379942881,0.043384208007912116,0.5,0.6983240223463687,28.397534668721107,40.69337442218798,False,False,近期份额下降,2026Q2
C0154,无线电能传输电路与系统,电力电子与电机,方向候选,能源电力直接相关,True,True,1000,201658,0.004952161280582875,785,165986,0.00472165952356622,711,146407,0.004847324603834258,626,128994,0.004842736667980737,637,120863,0.0052582523631204735,1000,785,1.0488179539134916,3,2122,707.3333333333334,0.004803906931793739,1.0308612033692708,0.9417884381730299,0.010698589478769005,2,4,3,2496,0.004840381802661117,12,3,1.0,857,1564,690.6666666666666,1.2404819277108434,0.3233417772681838,0.004804623303950996,1.030707501358234,0.9560753972771737,0.20898921560147232,0.6983240223463687,82.557781201849,65.56240369799693,True,False,历史峰值以下的恢复或波动,2026Q2
C0155,电解水析氧催化,氢能与燃料电池,方向候选,能源电力直接相关,True,True,2869,201658,0.014203125232016552,2573,165986,0.015469370826095058,2147,146407,0.014630540529492718,1715,128994,0.013260518362204238,1464,120863,0.012079546016925386,2869,2573,0.9181449841552383,3,6435,2145.0,0.014453476572597337,0.9826788150710098,0.9181449841552383,-0.014824566923168359,2,4,3,7589,0.014767678862534777,12,3,1.0,2286,3490,1680.3333333333333,1.3602299762093577,0.5911750281251947,0.014567798950566141,0.9749671367797523,0.933001748768181,0.8636048724101448,1.0,98.32819722650233,61.610169491525426,True,False,近期份额下降,2026Q2
C0156,电力交易竞价与市场优化,电网与电力系统,方向候选,能源电力直接相关,True,True,1136,201658,0.005625318636064405,795,165986,0.004781769765750386,728,146407,0.004963142619667261,627,128994,0.004850466495064505,671,120863,0.005538692489153565,1136,795,1.1764093445811572,3,2150,716.6666666666666,0.00486512629349405,1.1562533625461957,1.0156401798945291,0.06261923006049752,4,4,3,2659,0.005123410340494018,12,3,1.0,1094,2096,834.6666666666666,1.3103310729956124,0.3246458741734157,0.004868005849303471,1.155569407721499,1.0754232517466102,3.481265009556968e-05,0.00036773926157291915,84.73805855161788,78.09707241910631,True,False,平稳或增长证据不足,2026Q2
C0157,水工引水排水与杂项装置,制造与通用装置,混杂待重分,质量限制观察,False,False,0,201658,2.4748432186820964e-06,0,165986,3.005512109208288e-06,0,146407,3.406412230382472e-06,0,128994,3.864913541884068e-06,0,120863,4.124119500486646e-06,0,0,0.8234347854063445,3,0,0.0,3.4256126271582758e-06,0.7224527370846096,0.60009008429316,-0.15974127876817157,0,0,3,0,2.962255852757619e-06,0,0,0.0,0,0,0.0,1.0,0.0,1.1318311670084796e-06,2.186583379942881,0.043384208007912116,0.5,0.6983240223463687,28.397534668721107,40.69337442218798,False,False,近期份额下降,2026Q2
C0158,有机光伏材料、器件与载流子输运,太阳能,宽泛待细分,能源电力直接相关,True,True,0,201658,2.4748432186820964e-06,0,165986,3.005512109208288e-06,0,146407,3.406412230382472e-06,0,128994,3.864913541884068e-06,0,120863,4.124119500486646e-06,0,0,0.8234347854063445,3,0,0.0,3.4256126271582758e-06,0.7224527370846096,0.60009008429316,-0.15974127876817157,0,0,3,0,2.962255852757619e-06,0,0,0.0,0,0,0.0,1.0,0.0,1.1318311670084796e-06,2.186583379942881,0.043384208007912116,0.5,0.6983240223463687,28.397534668721107,40.69337442218798,False,False,近期份额下降,2026Q2
C0159,太阳辐照预测与光伏环境建模,太阳能,宽泛待细分,能源电力直接相关,True,True,0,201658,2.4748432186820964e-06,0,165986,3.005512109208288e-06,0,146407,3.406412230382472e-06,0,128994,3.864913541884068e-06,0,120863,4.124119500486646e-06,0,0,0.8234347854063445,3,0,0.0,3.4256126271582758e-06,0.7224527370846096,0.60009008429316,-0.15974127876817157,0,0,3,0,2.962255852757619e-06,0,0,0.0,0,0,0.0,1.0,0.0,1.1318311670084796e-06,2.186583379942881,0.043384208007912116,0.5,0.6983240223463687,28.397534668721107,40.69337442218798,False,False,近期份额下降,2026Q2
C0160,通用互联网协议与通信网络,数字技术与测量,关联基础研究,关联基础或环境研究,True,False,218,201658,0.0010815064865640762,182,165986,0.0010970119198610252,114,146407,0.000780068400757586,122,128994,0.0009469038177615966,128,120863,0.001059898711625068,218,182,0.9858657567741713,3,418,139.33333333333334,0.000941328046126736,1.1489156102531204,0.9858657567741713,0.16336431700250387,2,3,3,514,0.0009861956023942292,9,2,0.75,210,488,176.33333333333334,1.1898496240601504,0.1566691004396036,0.0009473426867860975,1.1416211912007632,0.9693408383272427,0.05633594380737522,0.2996592755711448,62.4826656394453,69.85362095531588,False,False,近期份额下降,2026Q2
C0161,车辆操稳道路与轮胎交互,交通与充电,宽泛待细分,能源电力直接相关,True,True,0,201658,2.4748432186820964e-06,0,165986,3.005512109208288e-06,0,146407,3.406412230382472e-06,0,128994,3.864913541884068e-06,0,120863,4.124119500486646e-06,0,0,0.8234347854063445,3,0,0.0,3.4256126271582758e-06,0.7224527370846096,0.60009008429316,-0.15974127876817157,0,0,3,0,2.962255852757619e-06,0,0,0.0,0,0,0.0,1.0,0.0,1.1318311670084796e-06,2.186583379942881,0.043384208007912116,0.5,0.6983240223463687,28.397534668721107,40.69337442218798,False,False,近期份额下降,2026Q2
C0162,电气传感与多设备测量,数字技术与测量,宽泛待细分,能源电力直接相关,True,True,0,201658,2.4748432186820964e-06,0,165986,3.005512109208288e-06,0,146407,3.406412230382472e-06,0,128994,3.864913541884068e-06,0,120863,4.124119500486646e-06,0,0,0.8234347854063445,3,0,0.0,3.4256126271582758e-06,0.7224527370846096,0.60009008429316,-0.15974127876817157,0,0,3,0,2.962255852757619e-06,0,0,0.0,0,0,0.0,1.0,0.0,1.1318311670084796e-06,2.186583379942881,0.043384208007912116,0.5,0.6983240223463687,28.397534668721107,40.69337442218798,False,False,近期份额下降,2026Q2
C0163,分布式电源接入与配电网运行,电网与电力系统,方向候选,能源电力直接相关,True,True,136,201658,0.0006756321987002123,122,165986,0.0007363504667560305,113,146407,0.0007732555762968212,121,128994,0.0009391739906778286,116,120863,0.0009609198436133885,136,122,0.9175416180242125,3,356,118.66666666666667,0.0008162600112435601,0.8277168909339276,0.7031098412533592,-0.06748038991639316,2,4,3,371,0.0007284127472510214,8,0,0.6666666666666666,175,423,169.33333333333334,1.0332681017612524,0.2774586150456171,0.000806995622077046,0.8372191623063203,0.6873239381152393,0.9622985420442934,1.0,60.74730354391371,52.31124807395994,False,False,近期份额下降,2026Q2
C0164,输电线路雷电接地与电磁影响,电网与电力系统,宽泛待细分,能源电力直接相关,True,True,0,201658,2.4748432186820964e-06,0,165986,3.005512109208288e-06,0,146407,3.406412230382472e-06,0,128994,3.864913541884068e-06,0,120863,4.124119500486646e-06,0,0,0.8234347854063445,3,0,0.0,3.4256126271582758e-06,0.7224527370846096,0.60009008429316,-0.15974127876817157,0,0,3,0,2.962255852757619e-06,0,0,0.0,0,0,0.0,1.0,0.0,1.1318311670084796e-06,2.186583379942881,0.043384208007912116,0.5,0.6983240223463687,28.397534668721107,40.69337442218798,False,False,近期份额下降,2026Q2
C0165,天然气供能与燃气动力系统,化石能源,宽泛待细分,能源电力直接相关,True,True,0,201658,2.4748432186820964e-06,0,165986,3.005512109208288e-06,0,146407,3.406412230382472e-06,0,128994,3.864913541884068e-06,0,120863,4.124119500486646e-06,0,0,0.8234347854063445,3,0,0.0,3.4256126271582758e-06,0.7224527370846096,0.60009008429316,-0.15974127876817157,0,0,3,0,2.962255852757619e-06,0,0,0.0,0,0,0.0,1.0,0.0,1.1318311670084796e-06,2.186583379942881,0.043384208007912116,0.5,0.6983240223463687,28.397534668721107,40.69337442218798,False,False,近期份额下降,2026Q2
C0166,多类太阳能电池结构与性能,太阳能,宽泛待细分,能源电力直接相关,True,True,0,201658,2.4748432186820964e-06,0,165986,3.005512109208288e-06,0,146407,3.406412230382472e-06,0,128994,3.864913541884068e-06,0,120863,4.124119500486646e-06,0,0,0.8234347854063445,3,0,0.0,3.4256126271582758e-06,0.7224527370846096,0.60009008429316,-0.15974127876817157,0,0,3,0,2.962255852757619e-06,0,0,0.0,0,0,0.0,1.0,0.0,1.1318311670084796e-06,2.186583379942881,0.043384208007912116,0.5,0.6983240223463687,28.397534668721107,40.69337442218798,False,False,近期份额下降,2026Q2
C0167,晶硅异质结与硅基光伏制造,太阳能,方向候选,能源电力直接相关,True,True,376,201658,0.0018635569436676186,402,165986,0.0024194372479126717,361,146407,0.002462836042566527,373,128994,0.002887090415787399,383,120863,0.0031631996568732574,376,402,0.7702439669701583,3,1136,378.6666666666667,0.0025897879020888664,0.7195789825740225,0.5891366798862445,-0.13941327594760722,0,4,3,1139,0.002248610078048939,12,3,1.0,593,1251,526.3333333333334,1.1264222503160555,0.3714692441283246,0.0025726522426102742,0.7243718808169771,0.6446812243689001,0.9999999744606892,1.0,76.59476117103236,20.61633281972265,False,False,近期份额下降,2026Q2
C0168,粒子束辐照与半导体材料缺陷,核能与等离子体,关联基础研究,关联基础或环境研究,True,False,345,201658,0.0017101166641093288,266,165986,0.0016019379542080174,223,146407,0.0015226662669809649,208,128994,0.0016116689469656564,215,120863,0.0017774955047097445,345,266,1.0675299000296137,3,697,232.33333333333334,0.0015787577227182128,1.083203989757814,0.962093383402723,0.058049335808878944,3,4,3,834,0.0016115736284327703,12,3,1.0,590,1096,438.0,1.34624145785877,0.3343107391842909,0.0015789044779768292,1.0831033086312047,0.9520726548307359,0.11156500865216817,0.4980580743400365,73.04314329738058,72.46147919876732,False,False,历史峰值以下的恢复或波动,2026Q2
C0169,电池荷电状态健康状态与建模,电化学储能,宽泛待细分,能源电力直接相关,True,True,0,201658,2.4748432186820964e-06,0,165986,3.005512109208288e-06,0,146407,3.406412230382472e-06,0,128994,3.864913541884068e-06,0,120863,4.124119500486646e-06,0,0,0.8234347854063445,3,0,0.0,3.4256126271582758e-06,0.7224527370846096,0.60009008429316,-0.15974127876817157,0,0,3,0,2.962255852757619e-06,0,0,0.0,0,0,0.0,1.0,0.0,1.1318311670084796e-06,2.186583379942881,0.043384208007912116,0.5,0.6983240223463687,28.397534668721107,40.69337442218798,False,False,近期份额下降,2026Q2
C0170,能源转型与能源安全研究,能源政策与治理,宽泛待细分,能源治理与政策研究,True,False,0,201658,2.4748432186820964e-06,0,165986,3.005512109208288e-06,0,146407,3.406412230382472e-06,0,128994,3.864913541884068e-06,0,120863,4.124119500486646e-06,0,0,0.8234347854063445,3,0,0.0,3.4256126271582758e-06,0.7224527370846096,0.60009008429316,-0.15974127876817157,0,0,3,0,2.962255852757619e-06,0,0,0.0,0,0,0.0,1.0,0.0,1.1318311670084796e-06,2.186583379942881,0.043384208007912116,0.5,0.6983240223463687,28.397534668721107,40.69337442218798,False,False,近期份额下降,2026Q2
C0171,最优潮流与电网优化运行,电网与电力系统,方向候选,能源电力直接相关,True,True,680,201658,0.0033682616206263333,548,165986,0.003297046783801492,540,146407,0.0036823316210434524,507,128994,0.003922887245012329,469,120863,0.0038725482109569606,680,548,1.021599583352812,3,1595,531.6666666666666,0.0036340885499524245,0.9268518293728503,0.8586180051208042,-0.04457468626204264,2,4,3,1768,0.0034492133418237594,12,3,1.0,722,1440,629.6666666666666,1.1464059196617338,0.3117281579574523,0.0036116732539240586,0.9326041930749798,0.8525588075910843,0.9349434194954436,1.0,78.23574730354392,60.10015408320493,True,False,历史峰值以下的恢复或波动,2026Q2
C0172,燃烧稳定与低污染排放,化石能源,方向候选,能源电力直接相关,True,True,716,201658,0.003546450332371444,620,165986,0.0037298405275274856,607,146407,0.0041387908599147035,616,128994,0.004765438397143056,537,120863,0.004433428463023145,716,620,0.9508316256948361,3,1843,614.3333333333334,0.004211356594861749,0.842115896027054,0.7442023244907727,-0.07722824274141038,1,4,3,1943,0.0038050272399378776,12,3,1.0,850,1669,710.0,1.1969057665260197,0.3643322906981459,0.004173061512760264,0.8498437709406422,0.7795878104520078,0.9998891331755956,1.0,81.20184899845917,52.49229583975347,True,False,近期份额下降,2026Q2
C0173,电池正极改性与再生工艺,电化学储能,宽泛待细分,能源电力直接相关,True,True,0,201658,2.4748432186820964e-06,0,165986,3.005512109208288e-06,0,146407,3.406412230382472e-06,0,128994,3.864913541884068e-06,0,120863,4.124119500486646e-06,0,0,0.8234347854063445,3,0,0.0,3.4256126271582758e-06,0.7224527370846096,0.60009008429316,-0.15974127876817157,0,0,3,0,2.962255852757619e-06,0,0,0.0,0,0,0.0,1.0,0.0,1.1318311670084796e-06,2.186583379942881,0.043384208007912116,0.5,0.6983240223463687,28.397534668721107,40.69337442218798,False,False,近期份额下降,2026Q2
C0174,电力负荷预测与短路等系统计算混合,电网与电力系统,混杂待重分,质量限制观察,False,False,0,201658,2.4748432186820964e-06,0,165986,3.005512109208288e-06,0,146407,3.406412230382472e-06,0,128994,3.864913541884068e-06,0,120863,4.124119500486646e-06,0,0,0.8234347854063445,3,0,0.0,3.4256126271582758e-06,0.7224527370846096,0.60009008429316,-0.15974127876817157,0,0,3,0,2.962255852757619e-06,0,0,0.0,0,0,0.0,1.0,0.0,1.1318311670084796e-06,2.186583379942881,0.043384208007912116,0.5,0.6983240223463687,28.397534668721107,40.69337442218798,False,False,近期份额下降,2026Q2
C0175,空化流动与水动力,热工与能效,关联基础研究,关联基础或环境研究,True,False,936,201658,0.004635381348591567,616,165986,0.003705796430653819,585,146407,0.003988908721777875,493,128994,0.003814669665839575,486,120863,0.004012768273973507,936,616,1.2508461906456476,3,1694,564.6666666666666,0.00383645827275709,1.208244953817868,1.1551579937112937,0.07510039065501406,3,4,3,2137,0.00411002883367442,12,3,1.0,921,1602,614.0,1.4991869918699188,0.3982739145588629,0.0038357758249917377,1.2084599205172664,1.1157642576929672,1.4019655123507152e-06,1.8128864383845455e-05,83.62095531587059,79.29506933744221,False,False,平稳或增长证据不足,2026Q2
C0176,光伏最大功率点跟踪,太阳能,方向候选,能源电力直接相关,True,True,1321,201658,0.006541010626976781,1108,165986,0.006663220346114774,1016,146407,0.0069252360643675655,986,128994,0.007625474418137266,936,120863,0.0077244758244114885,1321,1108,0.9816590608159534,3,3110,1036.6666666666667,0.007071310276206535,0.9250068758806836,0.8467902257270806,-0.028540228280200086,1,4,3,3445,0.006709822345819707,12,3,1.0,1192,2219,1055.0,1.1297348484848484,0.316137005928514,0.007041121689959752,0.9289728135651879,0.8710686355017756,0.9870426994504757,1.0,86.15562403697997,56.860554699537744,True,False,近期份额下降,2026Q2
C0177,纳米结构输运与器件基础,能源材料与电化学基础,关联基础研究,关联基础或环境研究,True,False,519,201658,0.0025713621042106984,501,165986,0.0030145286455359127,533,146407,0.0036346418498180975,500,128994,0.003868778455425952,508,120863,0.004194229531994919,519,501,0.852989772719035,3,1534,511.3333333333333,0.003505982983593321,0.7334211592707962,0.6130713840517141,-0.17303740886943464,0,4,3,1553,0.0030735108665215696,12,3,1.0,989,1907,865.3333333333334,1.1427472104655636,0.3930230601989161,0.003473589851549024,0.7402607141611773,0.6701571884366614,0.9999999986347972,1.0,80.33127889060093,35.48536209553159,False,False,近期份额下降,2026Q2
C0178,离子液体与电解质基础,能源材料与电化学基础,宽泛待细分,关联基础或环境研究,True,False,0,201658,2.4748432186820964e-06,0,165986,3.005512109208288e-06,0,146407,3.406412230382472e-06,0,128994,3.864913541884068e-06,0,120863,4.124119500486646e-06,0,0,0.8234347854063445,3,0,0.0,3.4256126271582758e-06,0.7224527370846096,0.60009008429316,-0.15974127876817157,0,0,3,0,2.962255852757619e-06,0,0,0.0,0,0,0.0,1.0,0.0,1.1318311670084796e-06,2.186583379942881,0.043384208007912116,0.5,0.6983240223463687,28.397534668721107,40.69337442218798,False,False,近期份额下降,2026Q2
C0179,超导与量子材料基础,能源材料与电化学基础,关联基础研究,关联基础或环境研究,True,False,551,201658,0.0027297520702063522,366,165986,0.002203040376049675,272,146407,0.0018564946655584473,246,128994,0.0019054023761488456,244,120863,0.00201669443573797,551,366,1.2390839949566137,3,884,294.6666666666667,0.001988312472585656,1.37289893205594,1.2390839949566137,0.19276033352695743,4,4,3,1189,0.002263095703938158,12,3,1.0,740,1214,472.0,1.5665961945031712,0.3550817928426503,0.0020022093344380008,1.363369964995476,1.225827207466078,4.400892265746675e-09,7.72370895742044e-08,76.6718027734977,86.47919876733435,False,False,多年背景上持续抬升,2026Q2
C0180,电池组结构均衡与供能电路,电化学储能,宽泛待细分,能源电力直接相关,True,True,0,201658,2.4748432186820964e-06,0,165986,3.005512109208288e-06,0,146407,3.406412230382472e-06,0,128994,3.864913541884068e-06,0,120863,4.124119500486646e-06,0,0,0.8234347854063445,3,0,0.0,3.4256126271582758e-06,0.7224527370846096,0.60009008429316,-0.15974127876817157,0,0,3,0,2.962255852757619e-06,0,0,0.0,0,0,0.0,1.0,0.0,1.1318311670084796e-06,2.186583379942881,0.043384208007912116,0.5,0.6983240223463687,28.397534668721107,40.69337442218798,False,False,近期份额下降,2026Q2
C0181,聚变装置与粒子束工程,核能与等离子体,宽泛待细分,能源电力直接相关,True,True,0,201658,2.4748432186820964e-06,0,165986,3.005512109208288e-06,0,146407,3.406412230382472e-06,0,128994,3.864913541884068e-06,0,120863,4.124119500486646e-06,0,0,0.8234347854063445,3,0,0.0,3.4256126271582758e-06,0.7224527370846096,0.60009008429316,-0.15974127876817157,0,0,3,0,2.962255852757619e-06,0,0,0.0,0,0,0.0,1.0,0.0,1.1318311670084796e-06,2.186583379942881,0.043384208007912116,0.5,0.6983240223463687,28.397534668721107,40.69337442218798,False,False,近期份额下降,2026Q2
C0182,导航定位与遥感观测,数字技术与测量,关联基础研究,关联基础或环境研究,True,False,512,201658,0.002536714299149149,329,165986,0.0019806324799682617,217,146407,0.0014817893202163754,171,128994,0.0013256653448662354,177,120863,0.0014640624226727593,512,329,1.2807597193346025,3,717,239.0,0.0015960290483502907,1.589391058872758,1.2807597193346025,0.26880965147374036,4,4,3,1058,0.0019997120331112623,12,3,1.0,591,1199,371.0,1.5913978494623655,0.2387463091452504,0.0016241777246571683,1.5618452713877717,1.3944643501877163,3.342778428445014e-15,9.285495634569483e-14,72.81972265023113,90.56240369799691,False,False,多年背景上持续抬升,2026Q2
C0183,通用控制器与电力控制算法,数字技术与测量,宽泛待细分,能源电力直接相关,True,True,0,201658,2.4748432186820964e-06,0,165986,3.005512109208288e-06,0,146407,3.406412230382472e-06,0,128994,3.864913541884068e-06,0,120863,4.124119500486646e-06,0,0,0.8234347854063445,3,0,0.0,3.4256126271582758e-06,0.7224527370846096,0.60009008429316,-0.15974127876817157,0,0,3,0,2.962255852757619e-06,0,0,0.0,0,0,0.0,1.0,0.0,1.1318311670084796e-06,2.186583379942881,0.043384208007912116,0.5,0.6983240223463687,28.397534668721107,40.69337442218798,False,False,近期份额下降,2026Q2
C0184,卤化物钙钛矿结构、光电物性与发光,能源材料与电化学基础,关联基础研究,关联基础或环境研究,True,False,3893,201658,0.019271604143877484,3788,165986,0.0227727652514712,3458,146407,0.02356215339755556,2904,128994,0.022451282764804553,2678,120863,0.022092908164106962,3893,3788,0.846256654871216,3,10150,3383.3333333333335,0.022928733804610437,0.8405001474613661,0.8179050453799696,-0.10050451527997106,0,4,3,11139,0.02186884093096808,12,3,1.0,2911,4282,2278.6666666666665,1.277379733879222,0.5316638488907071,0.022977304521439146,0.8387234510425698,0.8083000286366938,1.0,1.0,96.89522342064714,46.94144838212635,False,False,近期份额下降,2026Q2
C0185,风电场运行与功率优化,风能与水能海洋能源,方向候选,能源电力直接相关,True,True,898,201658,0.004447293263971727,665,165986,0.004000336617356231,638,146407,0.004349988418198417,572,128994,0.004425326005457258,594,120863,0.004903578086078622,898,665,1.111729759109843,3,1875,625.0,0.004258550347003969,1.0443209312062132,0.9069485966987456,0.011061236607337932,4,4,3,2201,0.004265872766508792,12,3,1.0,911,1792,764.3333333333334,1.1916376306620209,0.3068325765509356,0.004245498707448807,1.0475314139582395,0.9674549200257595,0.12209411120669195,0.5323871128198777,81.2095531587057,71.88751926040061,True,False,历史峰值以下的恢复或波动,2026Q2
C0186,煤热解气化与煤质特性,化石能源,方向候选,能源电力直接相关,True,True,1150,201658,0.005694614246187504,537,165986,0.0032309255173989097,557,146407,0.0037981496368764563,556,128994,0.0043016487721169675,566,120863,0.00467262739405137,1150,537,1.762533433693022,3,1650,550.0,0.0037769079754641113,1.5077450346106838,1.2187178146147937,0.2025034243024013,4,4,3,2244,0.00424122980015429,12,3,1.0,835,1301,490.3333333333333,1.7014925373134329,0.4329286534509005,0.0037361746822949914,1.5241830830804508,1.413659473940517,6.241858150713824e-29,4.255812375486698e-27,85.12326656394453,90.85516178736516,True,True,多年背景上持续抬升,2026Q2
C0187,通用反应分离与气液处理装置,制造与通用装置,混杂待重分,质量限制观察,False,False,0,201658,2.4748432186820964e-06,0,165986,3.005512109208288e-06,0,146407,3.406412230382472e-06,0,128994,3.864913541884068e-06,0,120863,4.124119500486646e-06,0,0,0.8234347854063445,3,0,0.0,3.4256126271582758e-06,0.7224527370846096,0.60009008429316,-0.15974127876817157,0,0,3,0,2.962255852757619e-06,0,0,0.0,0,0,0.0,1.0,0.0,1.1318311670084796e-06,2.186583379942881,0.043384208007912116,0.5,0.6983240223463687,28.397534668721107,40.69337442218798,False,False,近期份额下降,2026Q2
C0188,欧洲能源转型与能源政策研究,能源政策与治理,宽泛待细分,能源治理与政策研究,True,False,0,201658,2.4748432186820964e-06,0,165986,3.005512109208288e-06,0,146407,3.406412230382472e-06,0,128994,3.864913541884068e-06,0,120863,4.124119500486646e-06,0,0,0.8234347854063445,3,0,0.0,3.4256126271582758e-06,0.7224527370846096,0.60009008429316,-0.15974127876817157,0,0,3,0,2.962255852757619e-06,0,0,0.0,0,0,0.0,1.0,0.0,1.1318311670084796e-06,2.186583379942881,0.043384208007912116,0.5,0.6983240223463687,28.397534668721107,40.69337442218798,False,False,近期份额下降,2026Q2
C0189,风力机叶片与气动设计,风能与水能海洋能源,方向候选,能源电力直接相关,True,True,1989,201658,0.009847401167136062,1320,165986,0.007937557480419088,1095,146407,0.0074634491967679965,1085,128994,0.008390727299430311,1024,120863,0.008450320856497138,1989,1320,1.2406084858507556,3,3500,1166.6666666666667,0.007930577992205798,1.2417003119840857,1.1653286702793968,0.13859495664755928,4,4,3,4404,0.008416135948107716,12,3,1.0,1593,2556,1100.3333333333333,1.4473365617433416,0.3648082174620783,0.007923950000226367,1.2427389328371263,1.1761978040173164,2.6369218319198515e-15,7.606505284384188e-14,89.45300462249615,83.39753466872111,True,False,平稳或增长证据不足,2026Q2
C0190,充电负荷预测与园区用电调配,交通与充电,宽泛待细分,能源电力直接相关,True,True,0,201658,2.4748432186820964e-06,0,165986,3.005512109208288e-06,0,146407,3.406412230382472e-06,0,128994,3.864913541884068e-06,0,120863,4.124119500486646e-06,0,0,0.8234347854063445,3,0,0.0,3.4256126271582758e-06,0.7224527370846096,0.60009008429316,-0.15974127876817157,0,0,3,0,2.962255852757619e-06,0,0,0.0,0,0,0.0,1.0,0.0,1.1318311670084796e-06,2.186583379942881,0.043384208007912116,0.5,0.6983240223463687,28.397534668721107,40.69337442218798,False,False,近期份额下降,2026Q2
C0191,固态储氢材料与反应器,氢能与燃料电池,方向候选,能源电力直接相关,True,True,1736,201658,0.008595130498482921,1184,165986,0.007120058186714434,932,146407,0.00635295880966331,690,128994,0.005337445601341898,572,120863,0.00472211682805721,1736,1184,1.2071713844306604,3,2806,935.3333333333334,0.0062701541992398815,1.3708004979406874,1.2071713844306604,0.15113758156490764,4,4,3,3852,0.007356049164953555,12,3,1.0,1668,2588,1097.6666666666667,1.5191140776699028,0.5578648459949617,0.006352968340418597,1.3529314232213832,1.2743439113883162,7.468827203705092e-24,4.0011574305562995e-22,95.92449922958399,85.14637904468414,True,True,多年背景上持续抬升,2026Q2
C0192,含锂化合物与锂金属界面,电化学储能,混杂待重分,质量限制观察,False,False,0,201658,2.4748432186820964e-06,0,165986,3.005512109208288e-06,0,146407,3.406412230382472e-06,0,128994,3.864913541884068e-06,0,120863,4.124119500486646e-06,0,0,0.8234347854063445,3,0,0.0,3.4256126271582758e-06,0.7224527370846096,0.60009008429316,-0.15974127876817157,0,0,3,0,2.962255852757619e-06,0,0,0.0,0,0,0.0,1.0,0.0,1.1318311670084796e-06,2.186583379942881,0.043384208007912116,0.5,0.6983240223463687,28.397534668721107,40.69337442218798,False,False,近期份额下降,2026Q2
C0193,多设备温控与智能散热,热工与能效,宽泛待细分,能源电力直接相关,True,True,0,201658,2.4748432186820964e-06,0,165986,3.005512109208288e-06,0,146407,3.406412230382472e-06,0,128994,3.864913541884068e-06,0,120863,4.124119500486646e-06,0,0,0.8234347854063445,3,0,0.0,3.4256126271582758e-06,0.7224527370846096,0.60009008429316,-0.15974127876817157,0,0,3,0,2.962255852757619e-06,0,0,0.0,0,0,0.0,1.0,0.0,1.1318311670084796e-06,2.186583379942881,0.043384208007912116,0.5,0.6983240223463687,28.397534668721107,40.69337442218798,False,False,近期份额下降,2026Q2
C0194,股票价格与通用金融预测,其他基础与关联学科,外围或非研究文本,质量限制观察,False,False,0,201658,2.4748432186820964e-06,0,165986,3.005512109208288e-06,0,146407,3.406412230382472e-06,0,128994,3.864913541884068e-06,0,120863,4.124119500486646e-06,0,0,0.8234347854063445,3,0,0.0,3.4256126271582758e-06,0.7224527370846096,0.60009008429316,-0.15974127876817157,0,0,3,0,2.962255852757619e-06,0,0,0.0,0,0,0.0,1.0,0.0,1.1318311670084796e-06,2.186583379942881,0.043384208007912116,0.5,0.6983240223463687,28.397534668721107,40.69337442218798,False,False,近期份额下降,2026Q2
C0195,碳捕集封存与碳移除系统,碳与环境,宽泛待细分,能源电力直接相关,True,True,0,201658,2.4748432186820964e-06,0,165986,3.005512109208288e-06,0,146407,3.406412230382472e-06,0,128994,3.864913541884068e-06,0,120863,4.124119500486646e-06,0,0,0.8234347854063445,3,0,0.0,3.4256126271582758e-06,0.7224527370846096,0.60009008429316,-0.15974127876817157,0,0,3,0,2.962255852757619e-06,0,0,0.0,0,0,0.0,1.0,0.0,1.1318311670084796e-06,2.186583379942881,0.043384208007912116,0.5,0.6983240223463687,28.397534668721107,40.69337442218798,False,False,近期份额下降,2026Q2
C0196,混合动力与整车能量管理,交通与充电,方向候选,能源电力直接相关,True,True,1350,201658,0.006684551533660343,1145,165986,0.006885628242196188,948,146407,0.006461964001035549,826,128994,0.006388702084734364,864,120863,0.007130602616341411,1350,1145,0.9707976234755725,3,2919,973.0,0.0065787647759887,1.0160800334521376,0.937445527863404,0.01693291316062906,0,4,3,3443,0.006677381258964027,12,3,1.0,1210,2168,907.6666666666666,1.3327219369038885,0.3866057610596028,0.006608762184162513,1.011468009800603,0.9482865538433718,0.35484237197483115,0.6983240223463687,88.28967642526965,59.422187981510014,True,False,近期份额下降,2026Q2
C0197,铜基热电及功能复合材料,能源材料与电化学基础,混杂待重分,质量限制观察,False,False,0,201658,2.4748432186820964e-06,0,165986,3.005512109208288e-06,0,146407,3.406412230382472e-06,0,128994,3.864913541884068e-06,0,120863,4.124119500486646e-06,0,0,0.8234347854063445,3,0,0.0,3.4256126271582758e-06,0.7224527370846096,0.60009008429316,-0.15974127876817157,0,0,3,0,2.962255852757619e-06,0,0,0.0,0,0,0.0,1.0,0.0,1.1318311670084796e-06,2.186583379942881,0.043384208007912116,0.5,0.6983240223463687,28.397534668721107,40.69337442218798,False,False,近期份额下降,2026Q2
C0198,电池负极活性材料与电池器件,电化学储能,宽泛待细分,能源电力直接相关,True,True,0,201658,2.4748432186820964e-06,0,165986,3.005512109208288e-06,0,146407,3.406412230382472e-06,0,128994,3.864913541884068e-06,0,120863,4.124119500486646e-06,0,0,0.8234347854063445,3,0,0.0,3.4256126271582758e-06,0.7224527370846096,0.60009008429316,-0.15974127876817157,0,0,3,0,2.962255852757619e-06,0,0,0.0,0,0,0.0,1.0,0.0,1.1318311670084796e-06,2.186583379942881,0.043384208007912116,0.5,0.6983240223463687,28.397534668721107,40.69337442218798,False,False,近期份额下降,2026Q2
C0199,交直流供电与储备能源控制,电力电子与电机,宽泛待细分,能源电力直接相关,True,True,0,201658,2.4748432186820964e-06,0,165986,3.005512109208288e-06,0,146407,3.406412230382472e-06,0,128994,3.864913541884068e-06,0,120863,4.124119500486646e-06,0,0,0.8234347854063445,3,0,0.0,3.4256126271582758e-06,0.7224527370846096,0.60009008429316,-0.15974127876817157,0,0,3,0,2.962255852757619e-06,0,0,0.0,0,0,0.0,1.0,0.0,1.1318311670084796e-06,2.186583379942881,0.043384208007912116,0.5,0.6983240223463687,28.397534668721107,40.69337442218798,False,False,近期份额下降,2026Q2
C0200,直流输电保护与故障限流,电网与电力系统,方向候选,能源电力直接相关,True,True,775,201658,0.003838481832175932,625,165986,0.0037598956486195683,543,146407,0.003702770094425747,547,128994,0.004232080328363055,620,120863,0.005118032300103928,775,625,1.0209011608035494,3,1715,571.6666666666666,0.0038982486904694563,0.9846682797740318,0.7499917169530147,0.01799785925949271,2,4,3,1943,0.0037670491917404154,12,3,1.0,635,1230,526.3333333333334,1.2060682680151706,0.3177490949596269,0.0038833127340060936,0.9884555005221242,0.9080793347055859,0.6001089264989353,0.8168451812598938,78.9984591679507,63.70570107858244,True,False,历史峰值以下的恢复或波动,2026Q2
C0201,电化学电极与摩擦电材料混合,能源材料与电化学基础,混杂待重分,质量限制观察,False,False,0,201658,2.4748432186820964e-06,0,165986,3.005512109208288e-06,0,146407,3.406412230382472e-06,0,128994,3.864913541884068e-06,0,120863,4.124119500486646e-06,0,0,0.8234347854063445,3,0,0.0,3.4256126271582758e-06,0.7224527370846096,0.60009008429316,-0.15974127876817157,0,0,3,0,2.962255852757619e-06,0,0,0.0,0,0,0.0,1.0,0.0,1.1318311670084796e-06,2.186583379942881,0.043384208007912116,0.5,0.6983240223463687,28.397534668721107,40.69337442218798,False,False,近期份额下降,2026Q2
C0202,氧化锌复合光催化材料,能源材料与电化学基础,方向候选,关联基础或环境研究,True,False,928,201658,0.004595783857092653,896,165986,0.00538888321181046,914,146407,0.006230327969369541,812,128994,0.00628048450556161,765,120863,0.006314026955245055,928,896,0.852826768822968,3,2622,874.0,0.0059665652289138706,0.7702561994665816,0.7278689004130621,-0.15214482228725146,0,4,3,2738,0.005404998346090885,12,3,1.0,1429,2716,1300.0,1.0991544965411222,0.5631905011873949,0.005936454470959476,0.7741630765593763,0.7183336199840958,0.9999999999909708,1.0,93.63636363636363,42.70416024653313,False,False,近期份额下降,2026Q2
C0203,纳米表征与光学传感材料,能源材料与电化学基础,关联基础研究,关联基础或环境研究,True,False,437,201658,0.0021654878163468345,390,165986,0.0023473049572916727,428,146407,0.0029192952814377786,389,128994,0.003010767649127689,410,120863,0.0033859021098995366,437,390,0.9225421731505141,3,1207,402.3333333333333,0.002759122629285713,0.7848465281542923,0.6395600776571437,-0.14934829488825452,2,4,3,1255,0.0024773626850254286,12,3,1.0,863,1906,799.6666666666666,1.0791007493755205,0.3588309378495037,0.0027333722683254786,0.7922403550517684,0.7101617466677381,0.9999855059491264,1.0,78.12018489984591,49.83050847457628,False,False,近期份额下降,2026Q2
C0204,发电项目电价结算及清单政策,能源政策与治理,政策类群,能源治理与政策研究,True,False,7,201658,3.7122648280231446e-05,1,165986,9.016536327624864e-06,0,146407,3.406412230382472e-06,0,128994,3.864913541884068e-06,1,120863,1.2372358501459938e-05,7,1,4.117173927031723,3,1,0.3333333333333333,5.429287366630467e-06,6.837480828219738,3.0004504214658003,1.1942838217829337,3,0,3,8,1.6515198946079595e-05,0,0,0.0,3,11,2.6666666666666665,1.090909090909091,0.0,3.395493501025439e-06,10.932916899714403,1.8940186530223015,0.0003102259870844688,0.0027372881213335483,31.00924499229584,92.08397534668721,False,False,多年背景上持续抬升,2026Q2
C0205,电池测试表征与性能评估,电化学储能,宽泛待细分,能源电力直接相关,True,True,0,201658,2.4748432186820964e-06,0,165986,3.005512109208288e-06,0,146407,3.406412230382472e-06,0,128994,3.864913541884068e-06,0,120863,4.124119500486646e-06,0,0,0.8234347854063445,3,0,0.0,3.4256126271582758e-06,0.7224527370846096,0.60009008429316,-0.15974127876817157,0,0,3,0,2.962255852757619e-06,0,0,0.0,0,0,0.0,1.0,0.0,1.1318311670084796e-06,2.186583379942881,0.043384208007912116,0.5,0.6983240223463687,28.397534668721107,40.69337442218798,False,False,近期份额下降,2026Q2
C0206,激子量子点与发光机理,能源材料与电化学基础,关联基础研究,关联基础或环境研究,True,False,1172,201658,0.005803507347809516,1188,165986,0.0071441022835881,1062,146407,0.007238625989562753,940,128994,0.007269902372283932,971,120863,0.008013164189445553,1172,1188,0.8123494201842145,3,3190,1063.3333333333333,0.007217543548478262,0.8040834542706875,0.7242466534572621,-0.11048447900724012,0,4,3,3422,0.00672874520698679,12,3,1.0,1522,2713,1342.3333333333333,1.1337468982630274,0.4579725752890408,0.007222214676681109,0.803563395387252,0.7515363665560421,0.9999999999298239,1.0,91.91833590138675,34.85362095531587,False,False,近期份额下降,2026Q2
C0207,组件边框与通用结构材料,制造与通用装置,混杂待重分,质量限制观察,False,False,0,201658,2.4748432186820964e-06,0,165986,3.005512109208288e-06,0,146407,3.406412230382472e-06,0,128994,3.864913541884068e-06,0,120863,4.124119500486646e-06,0,0,0.8234347854063445,3,0,0.0,3.4256126271582758e-06,0.7224527370846096,0.60009008429316,-0.15974127876817157,0,0,3,0,2.962255852757619e-06,0,0,0.0,0,0,0.0,1.0,0.0,1.1318311670084796e-06,2.186583379942881,0.043384208007912116,0.5,0.6983240223463687,28.397534668721107,40.69337442218798,False,False,近期份额下降,2026Q2
C0208,能源企业组织投资与管理,能源政策与治理,宽泛待细分,能源治理与政策研究,True,False,0,201658,2.4748432186820964e-06,0,165986,3.005512109208288e-06,0,146407,3.406412230382472e-06,0,128994,3.864913541884068e-06,0,120863,4.124119500486646e-06,0,0,0.8234347854063445,3,0,0.0,3.4256126271582758e-06,0.7224527370846096,0.60009008429316,-0.15974127876817157,0,0,3,0,2.962255852757619e-06,0,0,0.0,0,0,0.0,1.0,0.0,1.1318311670084796e-06,2.186583379942881,0.043384208007912116,0.5,0.6983240223463687,28.397534668721107,40.69337442218798,False,False,近期份额下降,2026Q2
C0209,有机半导体光物理与光电响应,能源材料与电化学基础,关联基础研究,关联基础或环境研究,True,False,720,201658,0.003566249078120901,634,165986,0.0038139948665853176,606,146407,0.004131978035453938,557,128994,0.004309378599200736,565,120863,0.004664379155050397,720,634,0.9350429675102776,3,1797,599.0,0.0040851171670799975,0.8729857510231516,0.7645710092541499,-0.07362093524043578,0,4,3,1960,0.0038374073267200526,12,3,1.0,1196,2019,923.6666666666666,1.2945205479452055,0.454223680685444,0.0040689330453954845,0.8764580390814161,0.8038922174243731,0.9985787888009484,1.0,85.56240369799693,51.725731895223426,False,False,近期份额下降,2026Q2
C0210,地热资源开发与换热,热工与能效,方向候选,能源电力直接相关,True,True,1114,201658,0.005516425534442393,644,165986,0.003874105108769483,504,146407,0.003437069940455914,447,128994,0.003459097619986241,400,120863,0.0033034197198898037,1114,644,1.4239225265094972,3,1595,531.6666666666666,0.003590090889737213,1.5365698818968296,1.4239225265094972,0.23655537774795832,4,4,3,2262,0.004275866861222597,12,3,1.0,1201,1892,656.0,1.8295281582952816,0.3231865492083958,0.0036116732539240586,1.5273877636768038,1.4148774635152321,2.5245791386203493e-28,1.5778619616377182e-26,82.54237288135593,91.39445300462249,True,True,多年背景上持续抬升,2026Q2
C0211,直流变换器拓扑与设计,电力电子与电机,方向候选,能源电力直接相关,True,True,961,201658,0.004759123509525671,876,165986,0.005268662727442129,823,146407,0.005610360943439931,890,128994,0.006883411018095525,749,120863,0.006182055131229483,961,876,0.9032887007053054,3,2589,863.0,0.005920811562992528,0.8037958071951018,0.6913902855742017,-0.08227577106260231,1,4,3,2660,0.005212715726802577,12,3,1.0,884,1839,880.6666666666666,1.003780718336484,0.3195663269152834,0.005861753613936916,0.8118941571017879,0.75396807795035,0.9999999834155834,1.0,83.63636363636364,47.985362095531585,True,False,近期份额下降,2026Q2
C0212,等离子体波与高能粒子作用,核能与等离子体,方向候选,能源电力直接相关,True,True,819,201658,0.004056268035419956,588,165986,0.003537487752538155,526,146407,0.003586952078592743,465,128994,0.0035982345074940672,503,120863,0.004152988336990053,819,588,1.146652177808835,3,1579,526.3333333333334,0.0035742247795416556,1.1348665194862524,0.9767106734423925,0.06148025453675521,2,4,3,1933,0.003726902622183618,12,3,1.0,774,1395,611.6666666666666,1.2649619151251361,0.2809202286509756,0.003575454656579787,1.1344761505939795,1.0426770704981907,0.0015679379608094068,0.012378457585337422,78.32819722650231,71.74114021571648,True,False,历史峰值以下的恢复或波动,2026Q2
C0213,电力电缆绝缘与运行诊断,电网与电力系统,方向候选,能源电力直接相关,True,True,364,201658,0.0018041607064192484,253,165986,0.001523794639368602,232,146407,0.0015839816871278496,199,128994,0.0015421005032117431,185,120863,0.0015300483346805456,364,253,1.1839920287203651,3,684,228.0,0.0015499589432360651,1.1640054817532461,1.1390035131596994,0.06507688444247917,3,4,3,849,0.0016373123443052331,12,3,1.0,393,761,258.3333333333333,1.519280205655527,0.247778243210592,0.0015494768676346086,1.1643676289104163,1.0254064046703724,0.009250575392049947,0.061945817357477326,70.38520801232666,77.67719568567027,True,False,平稳或增长证据不足,2026Q2
C0214,通信网络路由与拓扑,数字技术与测量,关联基础研究,关联基础或环境研究,True,False,506,201658,0.002507016180524964,436,165986,0.0026238120713388356,341,146407,0.002326579553351228,226,128994,0.0017508058344734827,300,120863,0.0024785958197924745,506,436,0.9554861828369152,3,1003,334.3333333333333,0.002233732486387849,1.1223439672398015,0.9554861828369152,0.03734704357077501,2,4,3,1283,0.0024858026017383424,12,3,1.0,546,1238,447.6666666666667,1.2191679049034174,0.269126723470117,0.0022715851521860186,1.1036417358655397,0.9918183200223564,0.03430821642036394,0.1920235993677086,74.51463790446842,66.47149460708783,False,False,近期份额下降,2026Q2
C0215,电池极耳焊接及耳机等混合部件,制造与通用装置,混杂待重分,质量限制观察,False,False,0,201658,2.4748432186820964e-06,0,165986,3.005512109208288e-06,0,146407,3.406412230382472e-06,0,128994,3.864913541884068e-06,0,120863,4.124119500486646e-06,0,0,0.8234347854063445,3,0,0.0,3.4256126271582758e-06,0.7224527370846096,0.60009008429316,-0.15974127876817157,0,0,3,0,2.962255852757619e-06,0,0,0.0,0,0,0.0,1.0,0.0,1.1318311670084796e-06,2.186583379942881,0.043384208007912116,0.5,0.6983240223463687,28.397534668721107,40.69337442218798,False,False,近期份额下降,2026Q2
C0216,电力可靠性与电气安全,电网与电力系统,宽泛待细分,能源电力直接相关,True,True,0,201658,2.4748432186820964e-06,0,165986,3.005512109208288e-06,0,146407,3.406412230382472e-06,0,128994,3.864913541884068e-06,0,120863,4.124119500486646e-06,0,0,0.8234347854063445,3,0,0.0,3.4256126271582758e-06,0.7224527370846096,0.60009008429316,-0.15974127876817157,0,0,3,0,2.962255852757619e-06,0,0,0.0,0,0,0.0,1.0,0.0,1.1318311670084796e-06,2.186583379942881,0.043384208007912116,0.5,0.6983240223463687,28.397534668721107,40.69337442218798,False,False,近期份额下降,2026Q2
C0217,离子液体萃取与金属分离,碳与环境,方向候选,关联基础或环境研究,True,False,539,201658,0.0026703558329579822,455,165986,0.0027380215314887504,427,146407,0.0029124824569770136,374,128994,0.002894820242871167,387,120863,0.0031961926128771505,539,455,0.9752866448446167,3,1256,418.6666666666667,0.0028484414104456434,0.9374796417315814,0.8354802592933158,-0.04339703060748423,2,4,3,1421,0.0027736199404745816,12,3,1.0,784,1535,609.6666666666666,1.2854803493449782,0.401998521945865,0.0028442917226923093,0.9388473804052401,0.8487516433780788,0.8883992098063201,1.0,79.58397534668721,60.577812018489986,False,False,近期份额下降,2026Q2
C0218,气候变化治理与国际政策,能源政策与治理,政策类群,能源治理与政策研究,True,False,1007,201658,0.004986809085644425,1365,165986,0.008208053570247835,1158,146407,0.007892657137796187,741,128994,0.005731666782614073,800,120863,0.00660271532027912,1007,1365,0.6075507479288847,3,3264,1088.0,0.007277459163552699,0.685240407891203,0.6075507479288847,-0.2295683037939682,1,4,3,3530,0.007029173264562816,12,3,1.0,1211,2956,1280.0,0.9461358313817331,0.249658455107261,0.007389725689398364,0.674830067481223,0.6288058290752647,1.0,1.0,85.53929121725731,8.393682588597844,False,False,近期份额下降,2026Q2
C0219,系统可靠性及暂态稳定混合,电网与电力系统,混杂待重分,质量限制观察,False,False,0,201658,2.4748432186820964e-06,0,165986,3.005512109208288e-06,0,146407,3.406412230382472e-06,0,128994,3.864913541884068e-06,0,120863,4.124119500486646e-06,0,0,0.8234347854063445,3,0,0.0,3.4256126271582758e-06,0.7224527370846096,0.60009008429316,-0.15974127876817157,0,0,3,0,2.962255852757619e-06,0,0,0.0,0,0,0.0,1.0,0.0,1.1318311670084796e-06,2.186583379942881,0.043384208007912116,0.5,0.6983240223463687,28.397534668721107,40.69337442218798,False,False,近期份额下降,2026Q2
C0220,局部放电电晕与放电物理,电网与电力系统,宽泛待细分,能源电力直接相关,True,True,0,201658,2.4748432186820964e-06,0,165986,3.005512109208288e-06,0,146407,3.406412230382472e-06,0,128994,3.864913541884068e-06,0,120863,4.124119500486646e-06,0,0,0.8234347854063445,3,0,0.0,3.4256126271582758e-06,0.7224527370846096,0.60009008429316,-0.15974127876817157,0,0,3,0,2.962255852757619e-06,0,0,0.0,0,0,0.0,1.0,0.0,1.1318311670084796e-06,2.186583379942881,0.043384208007912116,0.5,0.6983240223463687,28.397534668721107,40.69337442218798,False,False,近期份额下降,2026Q2
C0221,锂金属沉积与含锂电极材料,电化学储能,宽泛待细分,能源电力直接相关,True,True,0,201658,2.4748432186820964e-06,0,165986,3.005512109208288e-06,0,146407,3.406412230382472e-06,0,128994,3.864913541884068e-06,0,120863,4.124119500486646e-06,0,0,0.8234347854063445,3,0,0.0,3.4256126271582758e-06,0.7224527370846096,0.60009008429316,-0.15974127876817157,0,0,3,0,2.962255852757619e-06,0,0,0.0,0,0,0.0,1.0,0.0,1.1318311670084796e-06,2.186583379942881,0.043384208007912116,0.5,0.6983240223463687,28.397534668721107,40.69337442218798,False,False,近期份额下降,2026Q2
C0222,木质纤维素预处理与生化转化,生物质与资源循环,宽泛待细分,能源电力直接相关,True,True,0,201658,2.4748432186820964e-06,0,165986,3.005512109208288e-06,0,146407,3.406412230382472e-06,0,128994,3.864913541884068e-06,0,120863,4.124119500486646e-06,0,0,0.8234347854063445,3,0,0.0,3.4256126271582758e-06,0.7224527370846096,0.60009008429316,-0.15974127876817157,0,0,3,0,2.962255852757619e-06,0,0,0.0,0,0,0.0,1.0,0.0,1.1318311670084796e-06,2.186583379942881,0.043384208007912116,0.5,0.6983240223463687,28.397534668721107,40.69337442218798,False,False,近期份额下降,2026Q2
C0223,泵水轮机与水力机械流动,热工与能效,方向候选,能源电力直接相关,True,True,1015,201658,0.005026406577143338,841,165986,0.005058276879797549,720,146407,0.004908640023981142,717,128994,0.005546150932603637,696,120863,0.005744898464177898,1015,841,0.9936993756151431,3,2278,759.3333333333334,0.005171022612127442,0.9720333779541128,0.8749339276377659,0.011854204022259562,2,4,3,2576,0.004997774493640676,12,3,1.0,1002,1761,692.6666666666666,1.4459394521864488,0.3122154242676519,0.005157754628057642,0.974533869796794,0.9050649277128938,0.7472229402327166,0.9857124727616805,82.75808936825885,64.66101694915255,True,False,近期份额下降,2026Q2
C0224,生物炭制备与环境应用,生物质与资源循环,宽泛待细分,关联基础或环境研究,True,False,0,201658,2.4748432186820964e-06,0,165986,3.005512109208288e-06,0,146407,3.406412230382472e-06,0,128994,3.864913541884068e-06,0,120863,4.124119500486646e-06,0,0,0.8234347854063445,3,0,0.0,3.4256126271582758e-06,0.7224527370846096,0.60009008429316,-0.15974127876817157,0,0,3,0,2.962255852757619e-06,0,0,0.0,0,0,0.0,1.0,0.0,1.1318311670084796e-06,2.186583379942881,0.043384208007912116,0.5,0.6983240223463687,28.397534668721107,40.69337442218798,False,False,近期份额下降,2026Q2
C0225,离子导电及功能聚合物,能源材料与电化学基础,关联基础研究,关联基础或环境研究,True,False,758,201658,0.0037543371627407405,676,165986,0.004066457883758813,656,146407,0.004472619258492186,661,128994,0.005113280615912622,616,120863,0.0050850393441000345,758,676,0.9232450624252955,3,1993,664.3333333333334,0.004550785919387873,0.8249865472128685,0.7342325690198139,-0.08753122624530363,1,4,3,2090,0.00409780476833058,12,3,1.0,1187,2312,1011.0,1.173913043478261,0.441902873958518,0.004512610862862808,0.8319656351575997,0.7652282659544983,0.999991917205979,1.0,86.39445300462249,50.41217257318953,False,False,近期份额下降,2026Q2
C0226,过硫酸盐活化与高级氧化,碳与环境,方向候选,关联基础或环境研究,True,False,1356,201658,0.006714249652284528,1478,165986,0.008887299306928907,1626,146407,0.011081058985434182,1485,128994,0.011482658132937567,1254,120863,0.010347415826720996,1356,1478,0.7554881883014585,3,4589,1529.6666666666667,0.010483672141766884,0.6404482667418604,0.5847295612698734,-0.25050258567538153,0,4,3,4460,0.008894202648215872,12,3,1.0,1356,2546,1314.6666666666667,1.031416265518115,0.6004161129285963,0.010389078281970835,0.6462796284764174,0.6082948471020487,1.0,1.0,97.22650231124807,10.07704160246533,False,False,近期份额下降,2026Q2
C0227,空调通风与空气处理,热工与能效,方向候选,能源电力直接相关,True,True,841,201658,0.004165161137041969,457,165986,0.0027500435799255834,422,146407,0.0028784183346731887,351,128994,0.0027170342199445,343,120863,0.002833270096834326,841,457,1.514580047911342,3,1230,410.0,0.002781832044847757,1.4972726857310745,1.447031200040933,0.18475700464864442,3,4,3,1720,0.0032645410172135805,12,3,1.0,894,1529,507.6666666666667,1.7595019659239841,0.3050464449508879,0.0027854365020078685,1.4953351598715434,1.3698125347832864,5.1226773644002005e-20,1.921004011650075e-18,77.97380585516179,87.3151001540832,True,True,多年背景上持续抬升,2026Q2
C0228,能源审计与综合节能评估,热工与能效,宽泛待细分,能源电力直接相关,True,True,0,201658,2.4748432186820964e-06,0,165986,3.005512109208288e-06,0,146407,3.406412230382472e-06,0,128994,3.864913541884068e-06,0,120863,4.124119500486646e-06,0,0,0.8234347854063445,3,0,0.0,3.4256126271582758e-06,0.7224527370846096,0.60009008429316,-0.15974127876817157,0,0,3,0,2.962255852757619e-06,0,0,0.0,0,0,0.0,1.0,0.0,1.1318311670084796e-06,2.186583379942881,0.043384208007912116,0.5,0.6983240223463687,28.397534668721107,40.69337442218798,False,False,近期份额下降,2026Q2
C0229,通用安装固定与机电结构,制造与通用装置,混杂待重分,质量限制观察,False,False,0,201658,2.4748432186820964e-06,0,165986,3.005512109208288e-06,0,146407,3.406412230382472e-06,0,128994,3.864913541884068e-06,0,120863,4.124119500486646e-06,0,0,0.8234347854063445,3,0,0.0,3.4256126271582758e-06,0.7224527370846096,0.60009008429316,-0.15974127876817157,0,0,3,0,2.962255852757619e-06,0,0,0.0,0,0,0.0,1.0,0.0,1.1318311670084796e-06,2.186583379942881,0.043384208007912116,0.5,0.6983240223463687,28.397534668721107,40.69337442218798,False,False,近期份额下降,2026Q2
C0230,高温钢材蠕变腐蚀与焊接,能源材料与电化学基础,关联基础研究,关联基础或环境研究,True,False,776,201658,0.003843431518613296,477,165986,0.0028702640642939152,459,146407,0.003130492839721492,416,128994,0.0032194729803894286,364,120863,0.003006483115854765,776,477,1.3390515410848722,3,1352,450.6666666666667,0.0030734099614682787,1.2505430667561024,1.193807664181233,0.10258757162832843,3,4,3,1712,0.0032813961408762345,12,3,1.0,959,1612,598.6666666666666,1.6008893829905504,0.3004155918516777,0.0030616033067579376,1.255365615176079,1.1493297258320385,1.832982943701447e-07,2.5938437882567646e-06,77.86594761171033,81.86825885978428,False,False,多年背景上持续抬升,2026Q2
C0231,专利权利要求格式与杂项器件,制造与通用装置,混杂待重分,质量限制观察,False,False,0,201658,2.4748432186820964e-06,0,165986,3.005512109208288e-06,0,146407,3.406412230382472e-06,0,128994,3.864913541884068e-06,0,120863,4.124119500486646e-06,0,0,0.8234347854063445,3,0,0.0,3.4256126271582758e-06,0.7224527370846096,0.60009008429316,-0.15974127876817157,0,0,3,0,2.962255852757619e-06,0,0,0.0,0,0,0.0,1.0,0.0,1.1318311670084796e-06,2.186583379942881,0.043384208007912116,0.5,0.6983240223463687,28.397534668721107,40.69337442218798,False,False,近期份额下降,2026Q2
C0232,多种掺杂氧化物及功能化合物,能源材料与电化学基础,混杂待重分,质量限制观察,False,False,0,201658,2.4748432186820964e-06,0,165986,3.005512109208288e-06,0,146407,3.406412230382472e-06,0,128994,3.864913541884068e-06,0,120863,4.124119500486646e-06,0,0,0.8234347854063445,3,0,0.0,3.4256126271582758e-06,0.7224527370846096,0.60009008429316,-0.15974127876817157,0,0,3,0,2.962255852757619e-06,0,0,0.0,0,0,0.0,1.0,0.0,1.1318311670084796e-06,2.186583379942881,0.043384208007912116,0.5,0.6983240223463687,28.397534668721107,40.69337442218798,False,False,近期份额下降,2026Q2
C0233,半导体光电化学水分解,氢能与燃料电池,方向候选,能源电力直接相关,True,True,1175,201658,0.005818356407121609,1058,165986,0.006362669135193946,936,146407,0.00638021010750637,781,128994,0.006040859865964798,723,120863,0.005967600917204177,1175,1058,0.9144521400521096,3,2775,925.0,0.006261246369555038,0.9292648881240392,0.9119380567540033,-0.04609160572018123,0,4,3,3169,0.006187078549940641,12,3,1.0,1407,2282,1060.6666666666667,1.3262166405023548,0.5659521584846005,0.006282794808064071,0.9260777384697735,0.8650189249476045,0.9858030162153654,1.0,94.28351309707243,53.821263482280436,True,False,近期份额下降,2026Q2
C0234,软开关谐振与交流变换器,电力电子与电机,宽泛待细分,能源电力直接相关,True,True,0,201658,2.4748432186820964e-06,0,165986,3.005512109208288e-06,0,146407,3.406412230382472e-06,0,128994,3.864913541884068e-06,0,120863,4.124119500486646e-06,0,0,0.8234347854063445,3,0,0.0,3.4256126271582758e-06,0.7224527370846096,0.60009008429316,-0.15974127876817157,0,0,3,0,2.962255852757619e-06,0,0,0.0,0,0,0.0,1.0,0.0,1.1318311670084796e-06,2.186583379942881,0.043384208007912116,0.5,0.6983240223463687,28.397534668721107,40.69337442218798,False,False,近期份额下降,2026Q2
C0235,热电发电器件与热设计,热工与能效,方向候选,能源电力直接相关,True,True,1150,201658,0.005694614246187504,806,165986,0.004847891032152969,703,146407,0.004792822008148138,736,128994,0.005693017647195232,642,120863,0.00529949355812534,1150,806,1.1746580540731548,3,2245,748.3333333333334,0.005111243562498779,1.1141347847261514,1.0002804486286914,0.0862007376923164,4,4,3,2659,0.00511177576216287,12,3,1.0,1189,2205,910.3333333333334,1.3057790782735919,0.3044401943495302,0.005083053771035082,1.1203135954683965,1.0434642730499295,0.0007754959718616505,0.006462466432180421,84.05238828967644,77.71186440677967,True,False,平稳或增长证据不足,2026Q2
C0236,氢能供给加氢与系统集成,氢能与燃料电池,宽泛待细分,能源电力直接相关,True,True,0,201658,2.4748432186820964e-06,0,165986,3.005512109208288e-06,0,146407,3.406412230382472e-06,0,128994,3.864913541884068e-06,0,120863,4.124119500486646e-06,0,0,0.8234347854063445,3,0,0.0,3.4256126271582758e-06,0.7224527370846096,0.60009008429316,-0.15974127876817157,0,0,3,0,2.962255852757619e-06,0,0,0.0,0,0,0.0,1.0,0.0,1.1318311670084796e-06,2.186583379942881,0.043384208007912116,0.5,0.6983240223463687,28.397534668721107,40.69337442218798,False,False,近期份额下降,2026Q2
C0237,分布式光伏部署与技术经济,太阳能,宽泛待细分,能源电力直接相关,True,True,0,201658,2.4748432186820964e-06,0,165986,3.005512109208288e-06,0,146407,3.406412230382472e-06,0,128994,3.864913541884068e-06,0,120863,4.124119500486646e-06,0,0,0.8234347854063445,3,0,0.0,3.4256126271582758e-06,0.7224527370846096,0.60009008429316,-0.15974127876817157,0,0,3,0,2.962255852757619e-06,0,0,0.0,0,0,0.0,1.0,0.0,1.1318311670084796e-06,2.186583379942881,0.043384208007912116,0.5,0.6983240223463687,28.397534668721107,40.69337442218798,False,False,近期份额下降,2026Q2
C0238,农业农村经济与资源发展,其他基础与关联学科,关联基础研究,关联基础或环境研究,False,False,431,201658,0.002135789697722649,300,165986,0.001806312777634181,255,146407,0.0017406766497254432,209,128994,0.0016193987740494246,182,120863,0.0015053036176776258,431,300,1.1824030279628541,3,764,254.66666666666666,0.0017221294004696828,1.240202796108206,1.1824030279628541,0.1022812716716901,3,4,3,986,0.0018942597083607578,12,3,1.0,458,1043,322.6666666666667,1.4181256436663232,0.1955886515996752,0.0017305698543559655,1.234153994042319,1.0967697498733464,0.0002236662694862898,0.0019970202632704445,71.38674884437597,79.11787365177196,False,False,平稳或增长证据不足,2026Q2
C0239,高温及绝缘陶瓷制备,能源材料与电化学基础,宽泛待细分,关联基础或环境研究,True,False,0,201658,2.4748432186820964e-06,0,165986,3.005512109208288e-06,0,146407,3.406412230382472e-06,0,128994,3.864913541884068e-06,0,120863,4.124119500486646e-06,0,0,0.8234347854063445,3,0,0.0,3.4256126271582758e-06,0.7224527370846096,0.60009008429316,-0.15974127876817157,0,0,3,0,2.962255852757619e-06,0,0,0.0,0,0,0.0,1.0,0.0,1.1318311670084796e-06,2.186583379942881,0.043384208007912116,0.5,0.6983240223463687,28.397534668721107,40.69337442218798,False,False,近期份额下降,2026Q2
C0240,薄膜晶体管与有机电子器件,电力电子与电机,关联基础研究,关联基础或环境研究,True,False,281,201658,0.0013933367321180203,247,165986,0.0014877284940581026,232,146407,0.0015839816871278496,223,128994,0.0017276163532221785,289,120863,0.0023878651907817683,281,247,0.9365530993611554,3,702,234.0,0.0015997755114693767,0.870957657576753,0.5835072840363542,-0.06412016749200466,1,4,3,760,0.0014883489711013242,12,3,1.0,484,961,414.0,1.1686746987951808,0.4258510456093091,0.001590222789646914,0.8761896390803144,0.7630505161982831,0.969669482476843,1.0,74.99229583975347,53.23189522342064,False,False,近期份额下降,2026Q2
C0241,有机半导体供受体与分子器件材料,能源材料与电化学基础,关联基础研究,关联基础或环境研究,True,False,1263,201658,0.006253928813609658,972,165986,0.00584572105241012,805,146407,0.005487730103146162,778,128994,0.006017670384713494,755,120863,0.006231544565235322,1263,972,1.0698301813479858,3,2555,851.6666666666666,0.0057837071800899255,1.0813010788544832,1.0035920867033854,0.0653475833374384,3,4,3,3040,0.005862459989721979,12,3,1.0,1536,2279,997.6666666666666,1.5390520694259013,0.5103836451969961,0.0057847890945803395,1.0810988458453648,1.0106269912076051,0.010782969680098333,0.06971747637994612,92.07241910631743,73.90215716486902,False,False,平稳或增长证据不足,2026Q2
C0242,文摘索引与教学资料记录,其他基础与关联学科,外围或非研究文本,质量限制观察,False,False,0,201658,2.4748432186820964e-06,0,165986,3.005512109208288e-06,0,146407,3.406412230382472e-06,0,128994,3.864913541884068e-06,0,120863,4.124119500486646e-06,0,0,0.8234347854063445,3,0,0.0,3.4256126271582758e-06,0.7224527370846096,0.60009008429316,-0.15974127876817157,0,0,3,0,2.962255852757619e-06,0,0,0.0,0,0,0.0,1.0,0.0,1.1318311670084796e-06,2.186583379942881,0.043384208007912116,0.5,0.6983240223463687,28.397534668721107,40.69337442218798,False,False,近期份额下降,2026Q2
C0243,生物油热解与燃料升级,生物质与资源循环,方向候选,能源电力直接相关,True,True,1062,201658,0.005259041839699455,789,165986,0.0047457036204398865,802,146407,0.005467291629763868,822,128994,0.006357782776399292,720,120863,0.005942856200201257,1062,789,1.1081690430579367,3,2413,804.3333333333334,0.005523592675534349,0.9521052960681425,0.827181743173348,-0.019417255870971317,3,4,3,2653,0.005157345696634404,12,3,1.0,1268,2309,1019.3333333333334,1.2437112054884025,0.3956250403386732,0.005463349043149932,0.9626040361256725,0.8955878072796432,0.8455594721558959,1.0,87.4191063174114,66.76810477657934,True,False,历史峰值以下的恢复或波动,2026Q2
C0244,电驱控制器与机电集成装置,电力电子与电机,宽泛待细分,能源电力直接相关,True,True,0,201658,2.4748432186820964e-06,0,165986,3.005512109208288e-06,0,146407,3.406412230382472e-06,0,128994,3.864913541884068e-06,0,120863,4.124119500486646e-06,0,0,0.8234347854063445,3,0,0.0,3.4256126271582758e-06,0.7224527370846096,0.60009008429316,-0.15974127876817157,0,0,3,0,2.962255852757619e-06,0,0,0.0,0,0,0.0,1.0,0.0,1.1318311670084796e-06,2.186583379942881,0.043384208007912116,0.5,0.6983240223463687,28.397534668721107,40.69337442218798,False,False,近期份额下降,2026Q2
C0245,碳基超级电容器电极,电化学储能,方向候选,能源电力直接相关,True,True,240,201658,0.0011903995881860883,224,165986,0.0013494749370345214,169,146407,0.001154773746099658,196,128994,0.0015189110219604389,173,120863,0.0014310694666688662,240,224,0.8821205607582442,3,589,196.33333333333334,0.0013410532350315394,0.8876602040023356,0.7837191059747891,0.015192302594484008,2,4,3,633,0.0012315494237734226,12,3,1.0,437,916,358.0,1.2200557103064067,0.5805815312604362,0.0013344289459029976,0.8920666715458232,0.76783424610896,0.9326926102728681,1.0,79.22187981510017,57.64252696456086,False,False,近期份额下降,2026Q2
C0246,虚拟电厂资源聚合与调度,电网与电力系统,方向候选,能源电力直接相关,True,True,391,201658,0.0019378022402280815,240,165986,0.0014456513245291866,172,146407,0.001175212219481953,134,128994,0.0010396617427668143,110,120863,0.0009114304096075488,391,240,1.3404354199026356,3,546,182.0,0.0012201750955926512,1.5881345613654503,1.3404354199026356,0.2500528607115502,4,4,3,803,0.0015195552614130738,12,3,1.0,345,626,228.66666666666666,1.5065312046444121,0.4494166660449422,0.0012370914655402683,1.5664179199407828,1.375771677116049,3.791756462617815e-12,9.1736043450431e-11,75.67796610169492,90.33127889060091,True,True,多年背景上持续抬升,2026Q2
C0247,镍锰及多种无机功能材料,能源材料与电化学基础,混杂待重分,质量限制观察,False,False,0,201658,2.4748432186820964e-06,0,165986,3.005512109208288e-06,0,146407,3.406412230382472e-06,0,128994,3.864913541884068e-06,0,120863,4.124119500486646e-06,0,0,0.8234347854063445,3,0,0.0,3.4256126271582758e-06,0.7224527370846096,0.60009008429316,-0.15974127876817157,0,0,3,0,2.962255852757619e-06,0,0,0.0,0,0,0.0,1.0,0.0,1.1318311670084796e-06,2.186583379942881,0.043384208007912116,0.5,0.6983240223463687,28.397534668721107,40.69337442218798,False,False,近期份额下降,2026Q2
C0248,电力安全生产与应急政策,能源政策与治理,政策类群,能源治理与政策研究,True,False,56,201658,0.0002796572837110769,23,165986,0.00014125906913278952,19,146407,0.0001328500769849164,11,128994,8.889301146333357e-05,16,120863,0.0001360959435160593,56,23,1.979747462785467,3,53,17.666666666666668,0.00012100071919367984,2.311203483538337,1.979747462785467,0.37217180752317525,4,0,3,98,0.0001845888099429276,0,0,0.0,21,53,16.666666666666668,1.2452830188679245,0.074306866320985,0.00012110593486990733,2.3091955320892104,1.588837785016961,3.3247008259815897e-06,4.1300704936680157e-05,38.38212634822805,93.38212634822803,False,False,多年背景上持续抬升,2026Q2
C0249,磁性材料磁路与磁场基础,能源材料与电化学基础,宽泛待细分,关联基础或环境研究,True,False,0,201658,2.4748432186820964e-06,0,165986,3.005512109208288e-06,0,146407,3.406412230382472e-06,0,128994,3.864913541884068e-06,0,120863,4.124119500486646e-06,0,0,0.8234347854063445,3,0,0.0,3.4256126271582758e-06,0.7224527370846096,0.60009008429316,-0.15974127876817157,0,0,3,0,2.962255852757619e-06,0,0,0.0,0,0,0.0,1.0,0.0,1.1318311670084796e-06,2.186583379942881,0.043384208007912116,0.5,0.6983240223463687,28.397534668721107,40.69337442218798,False,False,近期份额下降,2026Q2
C0250,热力循环余热与联供系统,热工与能效,宽泛待细分,能源电力直接相关,True,True,0,201658,2.4748432186820964e-06,0,165986,3.005512109208288e-06,0,146407,3.406412230382472e-06,0,128994,3.864913541884068e-06,0,120863,4.124119500486646e-06,0,0,0.8234347854063445,3,0,0.0,3.4256126271582758e-06,0.7224527370846096,0.60009008429316,-0.15974127876817157,0,0,3,0,2.962255852757619e-06,0,0,0.0,0,0,0.0,1.0,0.0,1.1318311670084796e-06,2.186583379942881,0.043384208007912116,0.5,0.6983240223463687,28.397534668721107,40.69337442218798,False,False,近期份额下降,2026Q2
C0251,充电站选址与充电调度,交通与充电,方向候选,能源电力直接相关,True,True,1387,201658,0.006867689931842818,937,165986,0.00563533520476554,704,146407,0.004799634832608903,584,128994,0.004518083930462475,475,120863,0.003922037644962801,1387,937,1.21868348240139,3,2225,741.6666666666666,0.0049843513226123055,1.3778502933142867,1.21868348240139,0.17914397837275597,4,4,3,3028,0.00576755332307242,12,3,1.0,1194,1974,788.0,1.514575411913815,0.4110186685435165,0.005037780524354743,1.3632372229479879,1.2748368467123412,2.9786280537364135e-20,1.175774231738058e-18,88.11248073959939,85.81664098613251,True,True,多年背景上持续抬升,2026Q2
C0252,热泵与区域供热供冷,热工与能效,宽泛待细分,能源电力直接相关,True,True,0,201658,2.4748432186820964e-06,0,165986,3.005512109208288e-06,0,146407,3.406412230382472e-06,0,128994,3.864913541884068e-06,0,120863,4.124119500486646e-06,0,0,0.8234347854063445,3,0,0.0,3.4256126271582758e-06,0.7224527370846096,0.60009008429316,-0.15974127876817157,0,0,3,0,2.962255852757619e-06,0,0,0.0,0,0,0.0,1.0,0.0,1.1318311670084796e-06,2.186583379942881,0.043384208007912116,0.5,0.6983240223463687,28.397534668721107,40.69337442218798,False,False,近期份额下降,2026Q2
C0253,二氧化碳加氢与多类催化反应,碳与环境,宽泛待细分,能源电力直接相关,True,True,0,201658,2.4748432186820964e-06,0,165986,3.005512109208288e-06,0,146407,3.406412230382472e-06,0,128994,3.864913541884068e-06,0,120863,4.124119500486646e-06,0,0,0.8234347854063445,3,0,0.0,3.4256126271582758e-06,0.7224527370846096,0.60009008429316,-0.15974127876817157,0,0,3,0,2.962255852757619e-06,0,0,0.0,0,0,0.0,1.0,0.0,1.1318311670084796e-06,2.186583379942881,0.043384208007912116,0.5,0.6983240223463687,28.397534668721107,40.69337442218798,False,False,近期份额下降,2026Q2
C0254,电催化析氢与界面调控,氢能与燃料电池,方向候选,能源电力直接相关,True,True,2621,201658,0.012975602995550232,2169,165986,0.013040917041854762,1812,146407,0.012348244335136462,1608,128994,0.012433426864241048,1403,120863,0.011576403437866015,2621,2169,0.9949916063345158,3,5589,1863.0,0.012607529413744092,1.0291947430560728,0.9949916063345158,0.02477850387370717,3,4,3,6602,0.01278825479084715,12,3,1.0,2265,3327,1633.6666666666667,1.3862153344208807,0.5831333587184713,0.012652740615987795,1.0255171894660098,0.9790229081333438,0.1335423678575009,0.562678516253515,97.88135593220339,68.57087827426811,True,False,近期份额下降,2026Q2
C0255,锂离子电池电极材料,电化学储能,宽泛待细分,能源电力直接相关,True,True,0,201658,2.4748432186820964e-06,0,165986,3.005512109208288e-06,0,146407,3.406412230382472e-06,0,128994,3.864913541884068e-06,0,120863,4.124119500486646e-06,0,0,0.8234347854063445,3,0,0.0,3.4256126271582758e-06,0.7224527370846096,0.60009008429316,-0.15974127876817157,0,0,3,0,2.962255852757619e-06,0,0,0.0,0,0,0.0,1.0,0.0,1.1318311670084796e-06,2.186583379942881,0.043384208007912116,0.5,0.6983240223463687,28.397534668721107,40.69337442218798,False,False,近期份额下降,2026Q2
C0256,磁电耦合与自旋极化基础,能源材料与电化学基础,关联基础研究,关联基础或环境研究,True,False,984,201658,0.004872966297585048,1019,165986,0.006128239190675699,890,146407,0.006066820182311182,818,128994,0.00632686346806422,742,120863,0.00612431745822267,984,1019,0.7951658128813597,3,2727,909.0,0.006173974280350367,0.7892754450069579,0.7702025375104216,-0.10956588109343945,1,4,3,2893,0.005689341890190644,12,3,1.0,1489,2396,1154.3333333333333,1.2896710905943451,0.4254911201811383,0.0061741390160312565,0.7892543859042221,0.7337843270930599,0.9999999999107572,1.0,88.75963020030817,37.90061633281972,False,False,近期份额下降,2026Q2
C0257,固体氧化物燃料电池,氢能与燃料电池,方向候选,能源电力直接相关,True,True,801,201658,0.003967173679547401,866,165986,0.005208552485257963,813,146407,0.005542232698832282,816,128994,0.006311403813896683,657,120863,0.005423217143139939,801,866,0.7616652977532431,3,2495,831.6666666666666,0.005687396332662309,0.6975377567348713,0.6285723107769354,-0.16717175607291423,0,4,3,2480,0.0049059862878792155,12,3,1.0,964,1842,874.0,1.1028571428571428,0.4607141460632851,0.005648969354539322,0.7022827405426645,0.6485632668757817,1.0,1.0,87.55778120184901,12.673343605546997,False,False,近期份额下降,2026Q2
C0258,综合能源系统协同管理与优化调度,电网与电力系统,宽泛待细分,能源电力直接相关,True,True,0,201658,2.4748432186820964e-06,0,165986,3.005512109208288e-06,0,146407,3.406412230382472e-06,0,128994,3.864913541884068e-06,0,120863,4.124119500486646e-06,0,0,0.8234347854063445,3,0,0.0,3.4256126271582758e-06,0.7224527370846096,0.60009008429316,-0.15974127876817157,0,0,3,0,2.962255852757619e-06,0,0,0.0,0,0,0.0,1.0,0.0,1.1318311670084796e-06,2.186583379942881,0.043384208007912116,0.5,0.6983240223463687,28.397534668721107,40.69337442218798,False,False,近期份额下降,2026Q2
C0259,锂硫电池正极与多硫化物调控,电化学储能,方向候选,能源电力直接相关,True,True,1156,201658,0.005724312364811689,1164,165986,0.006999837702346102,1024,146407,0.006979738660053685,910,128994,0.007038007559770888,891,120863,0.00735330506936769,1156,1164,0.8177778697487655,3,3098,1032.6666666666667,0.007005861307390226,0.8170747483643906,0.7784679556758717,-0.09914452177190158,0,4,3,3344,0.006567962909070493,12,3,1.0,1074,1766,889.0,1.2078651685393258,0.571801462317829,0.007013957741951548,0.8161315729882013,0.7628307385452163,0.999999998219895,1.0,93.36671802773499,36.26348228043143,True,False,近期份额下降,2026Q2
C0260,电压电流检测与校验电路,数字技术与测量,宽泛待细分,关联基础或环境研究,True,False,0,201658,2.4748432186820964e-06,0,165986,3.005512109208288e-06,0,146407,3.406412230382472e-06,0,128994,3.864913541884068e-06,0,120863,4.124119500486646e-06,0,0,0.8234347854063445,3,0,0.0,3.4256126271582758e-06,0.7224527370846096,0.60009008429316,-0.15974127876817157,0,0,3,0,2.962255852757619e-06,0,0,0.0,0,0,0.0,1.0,0.0,1.1318311670084796e-06,2.186583379942881,0.043384208007912116,0.5,0.6983240223463687,28.397534668721107,40.69337442218798,False,False,近期份额下降,2026Q2
C0261,保护电路与开关控制,电力电子与电机,宽泛待细分,能源电力直接相关,True,True,0,201658,2.4748432186820964e-06,0,165986,3.005512109208288e-06,0,146407,3.406412230382472e-06,0,128994,3.864913541884068e-06,0,120863,4.124119500486646e-06,0,0,0.8234347854063445,3,0,0.0,3.4256126271582758e-06,0.7224527370846096,0.60009008429316,-0.15974127876817157,0,0,3,0,2.962255852757619e-06,0,0,0.0,0,0,0.0,1.0,0.0,1.1318311670084796e-06,2.186583379942881,0.043384208007912116,0.5,0.6983240223463687,28.397534668721107,40.69337442218798,False,False,近期份额下降,2026Q2
C0262,电池外壳盖板与封装,电化学储能,方向候选,能源电力直接相关,True,True,2,201658,1.2374216093410483e-05,2,165986,1.502756054604144e-05,0,146407,3.406412230382472e-06,1,128994,1.1594740625652205e-05,0,120863,4.124119500486646e-06,2,2,0.8234347854063445,3,3,1.0,1.0009571134025372e-05,1.2362383890101958,0.8234347854063445,0.6449776774488782,1,0,3,4,1.02693962899448e-05,0,0,0.0,1,3,1.6666666666666667,0.7499999999999999,0.2110223841535764,7.922818169059357e-06,1.561845271387772,0.30815073786642944,0.3385514002328516,0.6983240223463687,30.87827426810478,63.07010785824345,False,False,近期份额下降,2026Q2
C0263,碳基氧还原及单原子催化,能源材料与电化学基础,宽泛待细分,能源电力直接相关,True,True,0,201658,2.4748432186820964e-06,0,165986,3.005512109208288e-06,0,146407,3.406412230382472e-06,0,128994,3.864913541884068e-06,0,120863,4.124119500486646e-06,0,0,0.8234347854063445,3,0,0.0,3.4256126271582758e-06,0.7224527370846096,0.60009008429316,-0.15974127876817157,0,0,3,0,2.962255852757619e-06,0,0,0.0,0,0,0.0,1.0,0.0,1.1318311670084796e-06,2.186583379942881,0.043384208007912116,0.5,0.6983240223463687,28.397534668721107,40.69337442218798,False,False,近期份额下降,2026Q2
C0264,绿色发展可持续性与绿色金融,能源政策与治理,宽泛待细分,能源治理与政策研究,True,False,0,201658,2.4748432186820964e-06,0,165986,3.005512109208288e-06,0,146407,3.406412230382472e-06,0,128994,3.864913541884068e-06,0,120863,4.124119500486646e-06,0,0,0.8234347854063445,3,0,0.0,3.4256126271582758e-06,0.7224527370846096,0.60009008429316,-0.15974127876817157,0,0,3,0,2.962255852757619e-06,0,0,0.0,0,0,0.0,1.0,0.0,1.1318311670084796e-06,2.186583379942881,0.043384208007912116,0.5,0.6983240223463687,28.397534668721107,40.69337442218798,False,False,近期份额下降,2026Q2
C0265,覆冰冻结与除冰传热,热工与能效,宽泛待细分,能源电力直接相关,True,True,0,201658,2.4748432186820964e-06,0,165986,3.005512109208288e-06,0,146407,3.406412230382472e-06,0,128994,3.864913541884068e-06,0,120863,4.124119500486646e-06,0,0,0.8234347854063445,3,0,0.0,3.4256126271582758e-06,0.7224527370846096,0.60009008429316,-0.15974127876817157,0,0,3,0,2.962255852757619e-06,0,0,0.0,0,0,0.0,1.0,0.0,1.1318311670084796e-06,2.186583379942881,0.043384208007912116,0.5,0.6983240223463687,28.397534668721107,40.69337442218798,False,False,近期份额下降,2026Q2
C0266,燃料电池质子交换膜,氢能与燃料电池,方向候选,能源电力直接相关,True,True,272,201658,0.0013487895541817426,271,165986,0.0016319930753001003,242,146407,0.001652109931735499,271,128994,0.002098648053243049,239,120863,0.0019754532407331034,272,271,0.8264676943765337,3,784,261.3333333333333,0.001794250353426216,0.7517287381920574,0.6426944966296053,-0.10142282690529125,1,4,3,785,0.0015442975204057808,12,3,1.0,478,859,354.3333333333333,1.3480300187617262,0.5122629470717546,0.0017758431010363046,0.759520676908139,0.661736235521535,0.9999570211770011,1.0,77.91987673343606,47.261171032357474,True,False,近期份额下降,2026Q2
C0267,通用数学方程与数值方法,其他基础与关联学科,关联基础研究,关联基础或环境研究,False,False,1345,201658,0.006659803101473522,730,165986,0.004391053191553309,620,146407,0.004227357577904648,498,128994,0.003853318801258416,506,120863,0.004177733053992973,1345,730,1.5166755698346839,3,1848,616.0,0.004157243190238791,1.6019758279021885,1.5166755698346839,0.22725640399297742,2,4,3,2695,0.00509273795697716,12,3,1.0,821,1798,733.6666666666666,1.118874773139746,0.2072504760000949,0.00418437982443035,1.5915866582164706,1.483632462526241,9.466405499704939e-40,1.1833006874631175e-37,81.68721109399075,82.96610169491525,False,False,多年背景上持续抬升,2026Q2
C0268,液冷流体通道与杂项机电装置,热工与能效,混杂待重分,质量限制观察,False,False,0,201658,2.4748432186820964e-06,0,165986,3.005512109208288e-06,0,146407,3.406412230382472e-06,0,128994,3.864913541884068e-06,0,120863,4.124119500486646e-06,0,0,0.8234347854063445,3,0,0.0,3.4256126271582758e-06,0.7224527370846096,0.60009008429316,-0.15974127876817157,0,0,3,0,2.962255852757619e-06,0,0,0.0,0,0,0.0,1.0,0.0,1.1318311670084796e-06,2.186583379942881,0.043384208007912116,0.5,0.6983240223463687,28.397534668721107,40.69337442218798,False,False,近期份额下降,2026Q2
C0269,有机发光与分子光物理材料,能源材料与电化学基础,关联基础研究,关联基础或环境研究,True,False,554,201658,0.002744601129518445,562,165986,0.003381201122859324,567,146407,0.0038662778814841058,573,128994,0.004433055832541026,599,120863,0.0049448192810834886,554,562,0.8117237129027877,3,1702,567.3333333333334,0.0038935116122948183,0.7049166415355288,0.5550457910601455,-0.1713282500507396,1,4,3,1683,0.0033306933779539585,12,3,1.0,909,1847,886.3333333333334,1.0255447032306535,0.4287678952582229,0.0038538851236638734,0.7121647484160513,0.6470823263587303,0.9999999999984915,1.0,82.28043143297381,15.512326656394453,False,False,近期份额下降,2026Q2
C0270,翼型螺旋桨与航空气动,其他基础与关联学科,关联基础研究,关联基础或环境研究,False,False,1274,201658,0.0063083753644206635,905,165986,0.005442982429776209,708,146407,0.0048268861304519625,671,128994,0.005190578886750304,716,120863,0.005909863244197364,1274,905,1.1589924174493496,3,2284,761.3333333333334,0.005153482482326158,1.2240995067035165,1.0674316991369608,0.1338383035745454,3,4,3,2887,0.005526081308216278,12,3,1.0,1072,1848,712.3333333333334,1.5042056074766355,0.3030174090516316,0.005171336602061744,1.2198732841922526,1.1390802254257912,4.93545864165456e-09,8.412713593729363e-08,83.7442218798151,79.22573189522342,False,False,平稳或增长证据不足,2026Q2
C0271,沼气及多路线生物燃料,生物质与资源循环,宽泛待细分,能源电力直接相关,True,True,0,201658,2.4748432186820964e-06,0,165986,3.005512109208288e-06,0,146407,3.406412230382472e-06,0,128994,3.864913541884068e-06,0,120863,4.124119500486646e-06,0,0,0.8234347854063445,3,0,0.0,3.4256126271582758e-06,0.7224527370846096,0.60009008429316,-0.15974127876817157,0,0,3,0,2.962255852757619e-06,0,0,0.0,0,0,0.0,1.0,0.0,1.1318311670084796e-06,2.186583379942881,0.043384208007912116,0.5,0.6983240223463687,28.397534668721107,40.69337442218798,False,False,近期份额下降,2026Q2
C0272,高分子绝缘与复合材料混合,能源材料与电化学基础,混杂待重分,质量限制观察,False,False,0,201658,2.4748432186820964e-06,0,165986,3.005512109208288e-06,0,146407,3.406412230382472e-06,0,128994,3.864913541884068e-06,0,120863,4.124119500486646e-06,0,0,0.8234347854063445,3,0,0.0,3.4256126271582758e-06,0.7224527370846096,0.60009008429316,-0.15974127876817157,0,0,3,0,2.962255852757619e-06,0,0,0.0,0,0,0.0,1.0,0.0,1.1318311670084796e-06,2.186583379942881,0.043384208007912116,0.5,0.6983240223463687,28.397534668721107,40.69337442218798,False,False,近期份额下降,2026Q2
C0273,电机调制谐波与转矩控制,电力电子与电机,宽泛待细分,能源电力直接相关,True,True,0,201658,2.4748432186820964e-06,0,165986,3.005512109208288e-06,0,146407,3.406412230382472e-06,0,128994,3.864913541884068e-06,0,120863,4.124119500486646e-06,0,0,0.8234347854063445,3,0,0.0,3.4256126271582758e-06,0.7224527370846096,0.60009008429316,-0.15974127876817157,0,0,3,0,2.962255852757619e-06,0,0,0.0,0,0,0.0,1.0,0.0,1.1318311670084796e-06,2.186583379942881,0.043384208007912116,0.5,0.6983240223463687,28.397534668721107,40.69337442218798,False,False,近期份额下降,2026Q2
C0274,电缆结构材料与敷设,电网与电力系统,宽泛待细分,能源电力直接相关,True,True,0,201658,2.4748432186820964e-06,0,165986,3.005512109208288e-06,0,146407,3.406412230382472e-06,0,128994,3.864913541884068e-06,0,120863,4.124119500486646e-06,0,0,0.8234347854063445,3,0,0.0,3.4256126271582758e-06,0.7224527370846096,0.60009008429316,-0.15974127876817157,0,0,3,0,2.962255852757619e-06,0,0,0.0,0,0,0.0,1.0,0.0,1.1318311670084796e-06,2.186583379942881,0.043384208007912116,0.5,0.6983240223463687,28.397534668721107,40.69337442218798,False,False,近期份额下降,2026Q2
C0275,风电发电机与并网控制,风能与水能海洋能源,方向候选,能源电力直接相关,True,True,875,201658,0.004333450475912351,781,165986,0.004697615426692554,719,146407,0.004901827199520377,719,128994,0.005561610586771174,732,120863,0.006041835068212937,875,781,0.9224787647130578,3,2219,739.6666666666666,0.005053684404328036,0.8574833980929107,0.7172407765169442,-0.06162196606892989,2,4,3,2375,0.004644297700708427,12,3,1.0,899,1611,764.6666666666666,1.1754462342185459,0.3289844168737387,0.0050241985503506415,0.8625157689299355,0.7976190492273347,0.9998925030383794,1.0,82.38828967642527,55.015408320493066,True,False,近期份额下降,2026Q2
C0276,锂离子电池负极材料,电化学储能,方向候选,能源电力直接相关,True,True,1792,201658,0.008872312938975316,1778,165986,0.010690606572453881,1540,146407,0.010495156081808395,1354,128994,0.010470050784963941,1236,120863,0.010198947524703475,1792,1778,0.8299167010631838,3,4672,1557.3333333333333,0.010551937813075405,0.8408230882465223,0.8299167010631838,-0.08398915154964515,1,4,3,5110,0.010019358531079197,12,3,1.0,1573,2600,1268.6666666666667,1.2396954581254922,0.528895752621308,0.010576962255694242,0.8388337524981517,0.7943766712867246,0.999999999881052,1.0,95.54699537750385,49.78813559322034,True,False,近期份额下降,2026Q2
C0277,分子生物学与医学机制,其他基础与关联学科,外围或非研究文本,质量限制观察,False,False,0,201658,2.4748432186820964e-06,0,165986,3.005512109208288e-06,0,146407,3.406412230382472e-06,0,128994,3.864913541884068e-06,0,120863,4.124119500486646e-06,0,0,0.8234347854063445,3,0,0.0,3.4256126271582758e-06,0.7224527370846096,0.60009008429316,-0.15974127876817157,0,0,3,0,2.962255852757619e-06,0,0,0.0,0,0,0.0,1.0,0.0,1.1318311670084796e-06,2.186583379942881,0.043384208007912116,0.5,0.6983240223463687,28.397534668721107,40.69337442218798,False,False,近期份额下降,2026Q2
C0278,整体电催化水分解,氢能与燃料电池,方向候选,能源电力直接相关,True,True,1692,201658,0.008377344295238896,1527,165986,0.00918183949363132,1320,146407,0.008996334700440109,1105,128994,0.008545323841105675,981,120863,0.008095646579455286,1692,1527,0.9123819144355076,3,3952,1317.3333333333333,0.00890783267839237,0.9404469748920775,0.9123819144355076,-0.03564314224355014,1,4,3,4539,0.008851839496436776,12,3,1.0,1650,2422,1182.6666666666667,1.3948183610250633,0.6281677696316637,0.008947125375202031,0.936316855294959,0.8844958601360476,0.9876568134452348,1.0,97.63482280431434,57.654083204930664,True,False,近期份额下降,2026Q2
C0279,光伏支架与组件机械固定,太阳能,方向候选,能源电力直接相关,True,True,2,201658,1.2374216093410483e-05,2,165986,1.502756054604144e-05,0,146407,3.406412230382472e-06,1,128994,1.1594740625652205e-05,0,120863,4.124119500486646e-06,2,2,0.8234347854063445,3,3,1.0,1.0009571134025372e-05,1.2362383890101958,0.8234347854063445,0.6449776774488782,1,0,3,4,1.02693962899448e-05,0,0,0.0,8,10,1.0,4.5,0.305546717184958,7.922818169059357e-06,1.561845271387772,0.30815073786642944,0.3385514002328516,0.6983240223463687,32.6271186440678,72.66949152542372,False,False,近期份额下降,2026Q2
C0280,航空器无人机设计与飞控,其他基础与关联学科,关联基础研究,关联基础或环境研究,False,False,1062,201658,0.005259041839699455,786,165986,0.004727670547784637,532,146407,0.0036278290253573325,404,128994,0.003126715055384211,429,120863,0.003542618650918029,1062,786,1.1123960069856846,3,1722,574.0,0.003827404876175394,1.3740489992150116,1.1123960069856846,0.1856572228393243,3,4,3,2380,0.004538180470947142,12,3,1.0,869,1642,568.3333333333334,1.528103044496487,0.2495038630276502,0.0038991583703442126,1.3487633330562034,1.2494829578508482,5.171194564834296e-15,1.3851414012949006e-13,80.83204930662558,81.85285053929121,False,False,平稳或增长证据不足,2026Q2
C0281,电机磁路转子与铁芯设计,电力电子与电机,宽泛待细分,能源电力直接相关,True,True,0,201658,2.4748432186820964e-06,0,165986,3.005512109208288e-06,0,146407,3.406412230382472e-06,0,128994,3.864913541884068e-06,0,120863,4.124119500486646e-06,0,0,0.8234347854063445,3,0,0.0,3.4256126271582758e-06,0.7224527370846096,0.60009008429316,-0.15974127876817157,0,0,3,0,2.962255852757619e-06,0,0,0.0,0,0,0.0,1.0,0.0,1.1318311670084796e-06,2.186583379942881,0.043384208007912116,0.5,0.6983240223463687,28.397534668721107,40.69337442218798,False,False,近期份额下降,2026Q2
C0282,金融投资与风险经济,其他基础与关联学科,关联基础研究,关联基础或环境研究,False,False,1197,201658,0.005927249508743621,922,165986,0.005545169841489291,712,146407,0.004854137428295022,546,128994,0.004224350501279286,424,120863,0.0035013774559131627,1197,922,1.068903149619618,3,2180,726.6666666666666,0.004874552590354533,1.215957649215253,1.068903149619618,0.09986442980296095,3,4,3,2831,0.005442185592842645,12,3,1.0,1110,2343,921.0,1.204989154013015,0.2502030237225034,0.00493591571932398,1.200840906893648,1.119100408837112,1.4402886645004024e-07,2.0773394199525033e-06,83.86748844375964,74.55701078582435,False,False,平稳或增长证据不足,2026Q2
C0283,油路液压与油浸电气装置,制造与通用装置,混杂待重分,质量限制观察,False,False,0,201658,2.4748432186820964e-06,0,165986,3.005512109208288e-06,0,146407,3.406412230382472e-06,0,128994,3.864913541884068e-06,0,120863,4.124119500486646e-06,0,0,0.8234347854063445,3,0,0.0,3.4256126271582758e-06,0.7224527370846096,0.60009008429316,-0.15974127876817157,0,0,3,0,2.962255852757619e-06,0,0,0.0,0,0,0.0,1.0,0.0,1.1318311670084796e-06,2.186583379942881,0.043384208007912116,0.5,0.6983240223463687,28.397534668721107,40.69337442218798,False,False,近期份额下降,2026Q2
C0284,能源标准化许可与专项监管,能源政策与治理,宽泛待细分,能源治理与政策研究,True,False,0,201658,2.4748432186820964e-06,0,165986,3.005512109208288e-06,0,146407,3.406412230382472e-06,0,128994,3.864913541884068e-06,0,120863,4.124119500486646e-06,0,0,0.8234347854063445,3,0,0.0,3.4256126271582758e-06,0.7224527370846096,0.60009008429316,-0.15974127876817157,0,0,3,0,2.962255852757619e-06,0,0,0.0,0,0,0.0,1.0,0.0,1.1318311670084796e-06,2.186583379942881,0.043384208007912116,0.5,0.6983240223463687,28.397534668721107,40.69337442218798,False,False,近期份额下降,2026Q2
C0285,热泵换热器与热管理设计,热工与能效,宽泛待细分,能源电力直接相关,True,True,0,201658,2.4748432186820964e-06,0,165986,3.005512109208288e-06,0,146407,3.406412230382472e-06,0,128994,3.864913541884068e-06,0,120863,4.124119500486646e-06,0,0,0.8234347854063445,3,0,0.0,3.4256126271582758e-06,0.7224527370846096,0.60009008429316,-0.15974127876817157,0,0,3,0,2.962255852757619e-06,0,0,0.0,0,0,0.0,1.0,0.0,1.1318311670084796e-06,2.186583379942881,0.043384208007912116,0.5,0.6983240223463687,28.397534668721107,40.69337442218798,False,False,近期份额下降,2026Q2
C0286,燃料电池铂基催化剂,氢能与燃料电池,方向候选,能源电力直接相关,True,True,1129,201658,0.005590670831002856,993,165986,0.005971952560996868,930,146407,0.00633933316074178,894,128994,0.006914330326430598,812,120863,0.0067016941882908,1129,993,0.9361545949838612,3,2817,939.0,0.006408538682723082,0.8723784169509449,0.8085628784080586,-0.06283714885529568,1,4,3,3052,0.005967318850913834,12,3,1.0,1449,2316,1104.3333333333333,1.3118214716525936,0.5530047224825859,0.006377868626092783,0.8765735324385036,0.8181079535627005,0.9999053729229185,1.0,93.62865947611712,54.59553158705701,True,False,近期份额下降,2026Q2
C0287,核裂变聚变与核电工程,核能与等离子体,宽泛待细分,能源电力直接相关,True,True,0,201658,2.4748432186820964e-06,0,165986,3.005512109208288e-06,0,146407,3.406412230382472e-06,0,128994,3.864913541884068e-06,0,120863,4.124119500486646e-06,0,0,0.8234347854063445,3,0,0.0,3.4256126271582758e-06,0.7224527370846096,0.60009008429316,-0.15974127876817157,0,0,3,0,2.962255852757619e-06,0,0,0.0,0,0,0.0,1.0,0.0,1.1318311670084796e-06,2.186583379942881,0.043384208007912116,0.5,0.6983240223463687,28.397534668721107,40.69337442218798,False,False,近期份额下降,2026Q2
C0288,多体系电池配方与器件,电化学储能,混杂待重分,质量限制观察,False,False,0,201658,2.4748432186820964e-06,0,165986,3.005512109208288e-06,0,146407,3.406412230382472e-06,0,128994,3.864913541884068e-06,0,120863,4.124119500486646e-06,0,0,0.8234347854063445,3,0,0.0,3.4256126271582758e-06,0.7224527370846096,0.60009008429316,-0.15974127876817157,0,0,3,0,2.962255852757619e-06,0,0,0.0,0,0,0.0,1.0,0.0,1.1318311670084796e-06,2.186583379942881,0.043384208007912116,0.5,0.6983240223463687,28.397534668721107,40.69337442218798,False,False,近期份额下降,2026Q2
C0289,锌基硫族及氧化物薄膜,能源材料与电化学基础,关联基础研究,关联基础或环境研究,True,False,543,201658,0.002690154578707439,600,165986,0.003609620043159154,549,146407,0.003743647041190337,521,128994,0.004031104824185083,528,120863,0.004359194312014385,543,600,0.7452736151013293,3,1670,556.6666666666666,0.0037947906361781914,0.7089072459124508,0.6171219693724361,-0.16523081240937776,1,4,3,1692,0.0033478072210189765,12,3,1.0,971,2088,942.0,1.0307529162248144,0.4100220365463349,0.0037814479289753305,0.711408600418411,0.6457799886648729,0.9999999999978975,1.0,82.20338983050848,14.711093990755009,False,False,近期份额下降,2026Q2
C0290,铁氧化物磁性纳米材料,能源材料与电化学基础,关联基础研究,关联基础或环境研究,True,False,605,201658,0.002997035137824019,704,165986,0.0042347665618744776,722,146407,0.004922265672902672,675,128994,0.005221498195085376,666,120863,0.005497451294148699,605,704,0.7077214514741542,3,2101,700.3333333333334,0.0047928434766208415,0.6253146284545591,0.5451681110870344,-0.24807270726489206,0,4,3,2031,0.004051355790867056,12,3,1.0,1129,2530,1231.6666666666667,0.9167117360735532,0.4731665482622266,0.0047570863949366405,0.6300148639331021,0.575558763492413,1.0,1.0,87.32665639445301,5.662557781201849,False,False,近期份额下降,2026Q2
C0291,瓶装液化石油气价格政策,能源政策与治理,政策类群,能源治理与政策研究,True,False,1,201658,7.424529656046289e-06,1,165986,9.016536327624864e-06,2,146407,1.703206115191236e-05,1,128994,1.1594740625652205e-05,3,120863,2.8868836503406523e-05,1,1,0.8234347854063445,3,4,1.3333333333333333,1.2547779368396475e-05,0.5917006856803776,0.2571814646970686,-0.4151540906511668,0,0,3,4,1.1157709045194503e-05,0,0,0.0,1,1,0.0,2.0,0.0,1.0186480503076317e-05,0.7288611266476269,0.11484432250759506,0.707982081358977,0.9498865134512214,29.799691833590135,24.183359013867488,False,False,近期份额下降,2026Q2
C0292,仿真软件硬件在环与教学平台,数字技术与测量,宽泛待细分,关联基础或环境研究,True,False,0,201658,2.4748432186820964e-06,0,165986,3.005512109208288e-06,0,146407,3.406412230382472e-06,0,128994,3.864913541884068e-06,0,120863,4.124119500486646e-06,0,0,0.8234347854063445,3,0,0.0,3.4256126271582758e-06,0.7224527370846096,0.60009008429316,-0.15974127876817157,0,0,3,0,2.962255852757619e-06,0,0,0.0,0,0,0.0,1.0,0.0,1.1318311670084796e-06,2.186583379942881,0.043384208007912116,0.5,0.6983240223463687,28.397534668721107,40.69337442218798,False,False,近期份额下降,2026Q2
C0293,电池系统管理与全寿命利用,电化学储能,宽泛待细分,能源电力直接相关,True,True,0,201658,2.4748432186820964e-06,0,165986,3.005512109208288e-06,0,146407,3.406412230382472e-06,0,128994,3.864913541884068e-06,0,120863,4.124119500486646e-06,0,0,0.8234347854063445,3,0,0.0,3.4256126271582758e-06,0.7224527370846096,0.60009008429316,-0.15974127876817157,0,0,3,0,2.962255852757619e-06,0,0,0.0,0,0,0.0,1.0,0.0,1.1318311670084796e-06,2.186583379942881,0.043384208007912116,0.5,0.6983240223463687,28.397534668721107,40.69337442218798,False,False,近期份额下降,2026Q2
C0294,电池管理与均衡控制,电化学储能,方向候选,能源电力直接相关,True,True,112,201658,0.0005568397242034717,59,165986,0.00035765594099578625,58,146407,0.0003985502309547492,71,128994,0.0005526826364894217,55,120863,0.0004577772645540177,112,59,1.5569145102220798,3,188,62.666666666666664,0.0004362962694799857,1.2762880711016844,1.0075216542724326,0.1672219549351599,4,2,3,229,0.000437681965384669,2,0,0.16666666666666666,151,304,92.0,1.6344086021505377,0.2438851677258785,0.0004267003499621968,1.3049900808677668,1.0332244228231366,0.01285531849427204,0.08102091487986579,48.99460708782743,87.2804314329738,False,False,多年背景上持续抬升,2026Q2
C0295,光学薄膜与发光表征,能源材料与电化学基础,关联基础研究,关联基础或环境研究,True,False,566,201658,0.002803997366766815,515,165986,0.003098682984593745,494,146407,0.0033689416958482647,469,128994,0.00362915381582914,501,120863,0.004136491858988106,566,515,0.9048997205289896,3,1478,492.6666666666667,0.0033655928320903833,0.833136242753774,0.6778684601237789,-0.09177631406552456,1,4,3,1575,0.003090540682402941,12,3,1.0,917,1731,743.0,1.2338709677419355,0.3763606241274066,0.0033468247608440744,0.8378082412834913,0.7604732387464327,0.9998288896512215,1.0,79.3220338983051,50.597072419106325,False,False,近期份额下降,2026Q2
C0296,供水管网水力状态与节能调度,热工与能效,方向候选,能源电力直接相关,True,True,512,201658,0.002536714299149149,356,165986,0.0021429301338655093,303,146407,0.0020676922238421604,251,128994,0.0019440515115676862,226,120863,0.0018682261337204507,512,356,1.1837596844901868,3,910,303.3333333333333,0.0020515579564251187,1.2364819093726336,1.1837596844901868,0.10221827148833329,3,4,3,1171,0.0022491122189522727,12,3,1.0,636,1238,422.3333333333333,1.504724409448819,0.3090707734791635,0.0020610645551224415,1.2307786734988757,1.1045202386241486,7.835915698335469e-05,0.0007732811544410003,75.05392912172573,79.4337442218798,True,False,平稳或增长证据不足,2026Q2
C0297,废旧锂电池回收、分离与材料再生,电化学储能,方向候选,能源电力直接相关,True,True,982,201658,0.00486306692471032,897,165986,0.005394894236028877,670,146407,0.004567998800942895,487,128994,0.0037682907033369665,379,120863,0.0031302067008693642,982,897,0.9014202525478925,3,2054,684.6666666666666,0.00457706124676958,1.0624867491433718,0.9014202525478925,0.03129704174267012,2,4,3,2549,0.004941986653894031,12,3,1.0,1142,2025,816.6666666666666,1.3978801467590707,0.554090977895071,0.004650694265237843,1.045664721729803,0.9691143268498336,0.12040475263812411,0.5280910203426497,91.42526964560864,64.99229583975347,True,False,近期份额下降,2026Q2
C0298,场效应晶体管结构与建模,电力电子与电机,宽泛待细分,能源电力直接相关,True,True,41,201658,0.000205411987150614,32,165986,0.00019535828709853873,46,146407,0.0003167963374255699,39,128994,0.00030532816980884136,55,120863,0.0004577772645540177,41,32,1.0514628798265628,3,117,39.0,0.00027249426477765,0.7538213228752765,0.4487160089759665,-0.21662072144650057,2,0,3,119,0.00023918887055824085,0,0,0.0,82,204,69.66666666666667,1.1745283018867925,0.3085915826348764,0.0002659803242469927,0.7722826405755706,0.5420863264854552,0.9286797598001233,1.0,43.08166409861326,45.27734976887519,False,False,历史峰值以下的恢复或波动,2026Q2
C0299,温度测量监测与温控装置,数字技术与测量,宽泛待细分,关联基础或环境研究,True,False,0,201658,2.4748432186820964e-06,0,165986,3.005512109208288e-06,0,146407,3.406412230382472e-06,0,128994,3.864913541884068e-06,0,120863,4.124119500486646e-06,0,0,0.8234347854063445,3,0,0.0,3.4256126271582758e-06,0.7224527370846096,0.60009008429316,-0.15974127876817157,0,0,3,0,2.962255852757619e-06,0,0,0.0,0,0,0.0,1.0,0.0,1.1318311670084796e-06,2.186583379942881,0.043384208007912116,0.5,0.6983240223463687,28.397534668721107,40.69337442218798,False,False,近期份额下降,2026Q2
C0300,出版商模板干扰的多能源文本,其他基础与关联学科,混杂待重分,质量限制观察,False,False,0,201658,2.4748432186820964e-06,0,165986,3.005512109208288e-06,0,146407,3.406412230382472e-06,0,128994,3.864913541884068e-06,0,120863,4.124119500486646e-06,0,0,0.8234347854063445,3,0,0.0,3.4256126271582758e-06,0.7224527370846096,0.60009008429316,-0.15974127876817157,0,0,3,0,2.962255852757619e-06,0,0,0.0,0,0,0.0,1.0,0.0,1.1318311670084796e-06,2.186583379942881,0.043384208007912116,0.5,0.6983240223463687,28.397534668721107,40.69337442218798,False,False,近期份额下降,2026Q2
C0301,半导体离子注入与辐照缺陷,能源材料与电化学基础,关联基础研究,关联基础或环境研究,True,False,458,201658,0.0022694312315314825,324,165986,0.001950577358876179,310,146407,0.002115381995067515,287,128994,0.0022223252865833393,297,120863,0.0024538511027895546,458,324,1.1634664071149736,3,921,307.0,0.0020960948801756777,1.0826948975426518,0.924844718145929,0.03514691639332135,3,4,3,1092,0.002111796861825059,12,3,1.0,768,1319,505.3333333333333,1.5187623436471362,0.3153330342341003,0.002085964840796628,1.0879527723318618,0.972662813757389,0.0688485560254455,0.3452438411950924,75.0693374422188,74.69568567026194,False,False,历史峰值以下的恢复或波动,2026Q2
C0302,制冷循环与余热驱动制冷,热工与能效,宽泛待细分,能源电力直接相关,True,True,0,201658,2.4748432186820964e-06,0,165986,3.005512109208288e-06,0,146407,3.406412230382472e-06,0,128994,3.864913541884068e-06,0,120863,4.124119500486646e-06,0,0,0.8234347854063445,3,0,0.0,3.4256126271582758e-06,0.7224527370846096,0.60009008429316,-0.15974127876817157,0,0,3,0,2.962255852757619e-06,0,0,0.0,0,0,0.0,1.0,0.0,1.1318311670084796e-06,2.186583379942881,0.043384208007912116,0.5,0.6983240223463687,28.397534668721107,40.69337442218798,False,False,近期份额下降,2026Q2
C0303,照明灯具与光学部件,电力电子与电机,宽泛待细分,能源电力直接相关,True,True,0,201658,2.4748432186820964e-06,0,165986,3.005512109208288e-06,0,146407,3.406412230382472e-06,0,128994,3.864913541884068e-06,0,120863,4.124119500486646e-06,0,0,0.8234347854063445,3,0,0.0,3.4256126271582758e-06,0.7224527370846096,0.60009008429316,-0.15974127876817157,0,0,3,0,2.962255852757619e-06,0,0,0.0,0,0,0.0,1.0,0.0,1.1318311670084796e-06,2.186583379942881,0.043384208007912116,0.5,0.6983240223463687,28.397534668721107,40.69337442218798,False,False,近期份额下降,2026Q2
C0304,二氧化钛纳米结构制备与基础应用,能源材料与电化学基础,关联基础研究,关联基础或环境研究,True,False,1673,201658,0.008283300252928977,1442,165986,0.008670902435065912,1426,146407,0.009718494093281193,1433,128994,0.011080707124581623,1304,120863,0.01075982777676966,1673,1442,0.9552985188059047,3,4301,1433.6666666666667,0.009823367884309576,0.8432240704493537,0.74754256743716,-0.0798946037692585,1,4,3,4541,0.008890898927092028,12,3,1.0,2164,3785,1861.0,1.1627282491944146,0.4489329623205505,0.00973714352977395,0.8506909883376521,0.8039852899564977,0.9999999902072244,1.0,93.4206471494607,52.34591679506935,False,False,近期份额下降,2026Q2
C0305,电气设备防护监测及杂项装置,电网与电力系统,混杂待重分,质量限制观察,False,False,0,201658,2.4748432186820964e-06,0,165986,3.005512109208288e-06,0,146407,3.406412230382472e-06,0,128994,3.864913541884068e-06,0,120863,4.124119500486646e-06,0,0,0.8234347854063445,3,0,0.0,3.4256126271582758e-06,0.7224527370846096,0.60009008429316,-0.15974127876817157,0,0,3,0,2.962255852757619e-06,0,0,0.0,0,0,0.0,1.0,0.0,1.1318311670084796e-06,2.186583379942881,0.043384208007912116,0.5,0.6983240223463687,28.397534668721107,40.69337442218798,False,False,近期份额下降,2026Q2
C0306,电能质量谐波检测与信号分析,电网与电力系统,方向候选,能源电力直接相关,True,True,569,201658,0.0028188464260789077,448,165986,0.0026959443619598345,511,146407,0.0034847597116812686,530,128994,0.0041006732679389965,568,120863,0.004689123872053317,569,448,1.0455877598415009,3,1489,496.3333333333333,0.0034271257805266997,0.8225103502462322,0.6011456517237548,-0.10603568002039365,2,4,3,1528,0.002999850166573337,12,3,1.0,539,1257,552.6666666666666,0.9753160746538231,0.225174445240875,0.003371725046518261,0.8360249982393222,0.759070073798131,0.9998610364564968,1.0,74.78428351309707,50.585516178736526,True,False,历史峰值以下的恢复或波动,2026Q2
C0307,对流換热与换热器热工分析,热工与能效,宽泛待细分,能源电力直接相关,True,True,0,201658,2.4748432186820964e-06,0,165986,3.005512109208288e-06,0,146407,3.406412230382472e-06,0,128994,3.864913541884068e-06,0,120863,4.124119500486646e-06,0,0,0.8234347854063445,3,0,0.0,3.4256126271582758e-06,0.7224527370846096,0.60009008429316,-0.15974127876817157,0,0,3,0,2.962255852757619e-06,0,0,0.0,0,0,0.0,1.0,0.0,1.1318311670084796e-06,2.186583379942881,0.043384208007912116,0.5,0.6983240223463687,28.397534668721107,40.69337442218798,False,False,近期份额下降,2026Q2
C0308,变电站自动化与电网监控,电网与电力系统,宽泛待细分,能源电力直接相关,True,True,0,201658,2.4748432186820964e-06,0,165986,3.005512109208288e-06,0,146407,3.406412230382472e-06,0,128994,3.864913541884068e-06,0,120863,4.124119500486646e-06,0,0,0.8234347854063445,3,0,0.0,3.4256126271582758e-06,0.7224527370846096,0.60009008429316,-0.15974127876817157,0,0,3,0,2.962255852757619e-06,0,0,0.0,0,0,0.0,1.0,0.0,1.1318311670084796e-06,2.186583379942881,0.043384208007912116,0.5,0.6983240223463687,28.397534668721107,40.69337442218798,False,False,近期份额下降,2026Q2
C0309,电动车辆及充电系统装置,交通与充电,宽泛待细分,能源电力直接相关,True,True,0,201658,2.4748432186820964e-06,0,165986,3.005512109208288e-06,0,146407,3.406412230382472e-06,0,128994,3.864913541884068e-06,0,120863,4.124119500486646e-06,0,0,0.8234347854063445,3,0,0.0,3.4256126271582758e-06,0.7224527370846096,0.60009008429316,-0.15974127876817157,0,0,3,0,2.962255852757619e-06,0,0,0.0,0,0,0.0,1.0,0.0,1.1318311670084796e-06,2.186583379942881,0.043384208007912116,0.5,0.6983240223463687,28.397534668721107,40.69337442218798,False,False,近期份额下降,2026Q2
C0310,复合氧化物合成与电化学性质,能源材料与电化学基础,混杂待重分,质量限制观察,False,False,0,201658,2.4748432186820964e-06,0,165986,3.005512109208288e-06,0,146407,3.406412230382472e-06,0,128994,3.864913541884068e-06,0,120863,4.124119500486646e-06,0,0,0.8234347854063445,3,0,0.0,3.4256126271582758e-06,0.7224527370846096,0.60009008429316,-0.15974127876817157,0,0,3,0,2.962255852757619e-06,0,0,0.0,0,0,0.0,1.0,0.0,1.1318311670084796e-06,2.186583379942881,0.043384208007912116,0.5,0.6983240223463687,28.397534668721107,40.69337442218798,False,False,近期份额下降,2026Q2
C0311,变换器与电机变压器保护混合,电力电子与电机,混杂待重分,质量限制观察,False,False,0,201658,2.4748432186820964e-06,0,165986,3.005512109208288e-06,0,146407,3.406412230382472e-06,0,128994,3.864913541884068e-06,0,120863,4.124119500486646e-06,0,0,0.8234347854063445,3,0,0.0,3.4256126271582758e-06,0.7224527370846096,0.60009008429316,-0.15974127876817157,0,0,3,0,2.962255852757619e-06,0,0,0.0,0,0,0.0,1.0,0.0,1.1318311670084796e-06,2.186583379942881,0.043384208007912116,0.5,0.6983240223463687,28.397534668721107,40.69337442218798,False,False,近期份额下降,2026Q2
C0312,书目碎片封面与其他非研究文本,其他基础与关联学科,外围或非研究文本,质量限制观察,False,False,0,201658,2.4748432186820964e-06,0,165986,3.005512109208288e-06,0,146407,3.406412230382472e-06,0,128994,3.864913541884068e-06,0,120863,4.124119500486646e-06,0,0,0.8234347854063445,3,0,0.0,3.4256126271582758e-06,0.7224527370846096,0.60009008429316,-0.15974127876817157,0,0,3,0,2.962255852757619e-06,0,0,0.0,0,0,0.0,1.0,0.0,1.1318311670084796e-06,2.186583379942881,0.043384208007912116,0.5,0.6983240223463687,28.397534668721107,40.69337442218798,False,False,近期份额下降,2026Q2
C0313,电力系统频率控制及通用控制方法,电网与电力系统,混杂待重分,质量限制观察,False,False,0,201658,2.4748432186820964e-06,0,165986,3.005512109208288e-06,0,146407,3.406412230382472e-06,0,128994,3.864913541884068e-06,0,120863,4.124119500486646e-06,0,0,0.8234347854063445,3,0,0.0,3.4256126271582758e-06,0.7224527370846096,0.60009008429316,-0.15974127876817157,0,0,3,0,2.962255852757619e-06,0,0,0.0,0,0,0.0,1.0,0.0,1.1318311670084796e-06,2.186583379942881,0.043384208007912116,0.5,0.6983240223463687,28.397534668721107,40.69337442218798,False,False,近期份额下降,2026Q2
C0314,多体系电催化剂与电池材料制备,能源材料与电化学基础,混杂待重分,质量限制观察,False,False,0,201658,2.4748432186820964e-06,0,165986,3.005512109208288e-06,0,146407,3.406412230382472e-06,0,128994,3.864913541884068e-06,0,120863,4.124119500486646e-06,0,0,0.8234347854063445,3,0,0.0,3.4256126271582758e-06,0.7224527370846096,0.60009008429316,-0.15974127876817157,0,0,3,0,2.962255852757619e-06,0,0,0.0,0,0,0.0,1.0,0.0,1.1318311670084796e-06,2.186583379942881,0.043384208007912116,0.5,0.6983240223463687,28.397534668721107,40.69337442218798,False,False,近期份额下降,2026Q2
C0315,中国能源转型与区域低碳经济,能源政策与治理,宽泛待细分,能源治理与政策研究,True,False,0,201658,2.4748432186820964e-06,0,165986,3.005512109208288e-06,0,146407,3.406412230382472e-06,0,128994,3.864913541884068e-06,0,120863,4.124119500486646e-06,0,0,0.8234347854063445,3,0,0.0,3.4256126271582758e-06,0.7224527370846096,0.60009008429316,-0.15974127876817157,0,0,3,0,2.962255852757619e-06,0,0,0.0,0,0,0.0,1.0,0.0,1.1318311670084796e-06,2.186583379942881,0.043384208007912116,0.5,0.6983240223463687,28.397534668721107,40.69337442218798,False,False,近期份额下降,2026Q2
C0316,多种燃料燃烧与排放评估,化石能源,宽泛待细分,能源电力直接相关,True,True,0,201658,2.4748432186820964e-06,0,165986,3.005512109208288e-06,0,146407,3.406412230382472e-06,0,128994,3.864913541884068e-06,0,120863,4.124119500486646e-06,0,0,0.8234347854063445,3,0,0.0,3.4256126271582758e-06,0.7224527370846096,0.60009008429316,-0.15974127876817157,0,0,3,0,2.962255852757619e-06,0,0,0.0,0,0,0.0,1.0,0.0,1.1318311670084796e-06,2.186583379942881,0.043384208007912116,0.5,0.6983240223463687,28.397534668721107,40.69337442218798,False,False,近期份额下降,2026Q2
C0317,溶剂萃取与化学分离,能源材料与电化学基础,关联基础研究,关联基础或环境研究,True,False,1008,201658,0.004991758772081789,804,165986,0.004835868983716136,712,146407,0.004854137428295022,634,128994,0.004904575284650882,609,120863,0.0050273016710932214,1008,804,1.032236148020259,3,2150,716.6666666666666,0.004864860565554014,1.0260846543940616,0.9929300246261722,0.013978443857558975,2,4,3,2524,0.004893921728030983,12,3,1.0,1179,2118,889.0,1.3258426966292134,0.4868980614756251,0.004868005849303471,1.0254216873621926,0.951515033995175,0.2486177207656986,0.6983240223463687,89.43759630200309,65.86286594761171,False,False,历史峰值以下的恢复或波动,2026Q2
C0318,时钟同步与时延建模,数字技术与测量,关联基础研究,关联基础或环境研究,True,False,568,201658,0.0028138967396415435,444,165986,0.002671900265086168,324,146407,0.0022107615375182243,262,128994,0.002029079609489136,252,120863,0.002082680347745756,568,444,1.053144376835786,3,1030,343.3333333333333,0.002303913804031176,1.2213550414594705,1.053144376835786,0.1206166097550514,1,4,3,1336,0.002565519514081979,12,3,1.0,592,1092,406.0,1.457002457002457,0.2781951586096952,0.0023327040352044766,1.2062810786002207,1.0888741071028887,0.00015311601523516305,0.001405573466247305,74.66101694915255,71.88366718027736,False,False,平稳或增长证据不足,2026Q2
C0319,等离子体动力学与磁约束,核能与等离子体,宽泛待细分,能源电力直接相关,True,True,0,201658,2.4748432186820964e-06,0,165986,3.005512109208288e-06,0,146407,3.406412230382472e-06,0,128994,3.864913541884068e-06,0,120863,4.124119500486646e-06,0,0,0.8234347854063445,3,0,0.0,3.4256126271582758e-06,0.7224527370846096,0.60009008429316,-0.15974127876817157,0,0,3,0,2.962255852757619e-06,0,0,0.0,0,0,0.0,1.0,0.0,1.1318311670084796e-06,2.186583379942881,0.043384208007912116,0.5,0.6983240223463687,28.397534668721107,40.69337442218798,False,False,近期份额下降,2026Q2
C0320,二氧化碳捕集材料与工艺,碳与环境,宽泛待细分,能源电力直接相关,True,True,0,201658,2.4748432186820964e-06,0,165986,3.005512109208288e-06,0,146407,3.406412230382472e-06,0,128994,3.864913541884068e-06,0,120863,4.124119500486646e-06,0,0,0.8234347854063445,3,0,0.0,3.4256126271582758e-06,0.7224527370846096,0.60009008429316,-0.15974127876817157,0,0,3,0,2.962255852757619e-06,0,0,0.0,0,0,0.0,1.0,0.0,1.1318311670084796e-06,2.186583379942881,0.043384208007912116,0.5,0.6983240223463687,28.397534668721107,40.69337442218798,False,False,近期份额下降,2026Q2
C0321,海上风电平台与波浪能装置,风能与水能海洋能源,混杂待重分,质量限制观察,False,False,0,201658,2.4748432186820964e-06,0,165986,3.005512109208288e-06,0,146407,3.406412230382472e-06,0,128994,3.864913541884068e-06,0,120863,4.124119500486646e-06,0,0,0.8234347854063445,3,0,0.0,3.4256126271582758e-06,0.7224527370846096,0.60009008429316,-0.15974127876817157,0,0,3,0,2.962255852757619e-06,0,0,0.0,0,0,0.0,1.0,0.0,1.1318311670084796e-06,2.186583379942881,0.043384208007912116,0.5,0.6983240223463687,28.397534668721107,40.69337442218798,False,False,近期份额下降,2026Q2
C0322,硫化物固态电解质与锂硫材料混合,电化学储能,混杂待重分,质量限制观察,False,False,0,201658,2.4748432186820964e-06,0,165986,3.005512109208288e-06,0,146407,3.406412230382472e-06,0,128994,3.864913541884068e-06,0,120863,4.124119500486646e-06,0,0,0.8234347854063445,3,0,0.0,3.4256126271582758e-06,0.7224527370846096,0.60009008429316,-0.15974127876817157,0,0,3,0,2.962255852757619e-06,0,0,0.0,0,0,0.0,1.0,0.0,1.1318311670084796e-06,2.186583379942881,0.043384208007912116,0.5,0.6983240223463687,28.397534668721107,40.69337442218798,False,False,近期份额下降,2026Q2
C0323,林业经营与森林资源利用,生物质与资源循环,宽泛待细分,关联基础或环境研究,True,False,0,201658,2.4748432186820964e-06,0,165986,3.005512109208288e-06,0,146407,3.406412230382472e-06,0,128994,3.864913541884068e-06,0,120863,4.124119500486646e-06,0,0,0.8234347854063445,3,0,0.0,3.4256126271582758e-06,0.7224527370846096,0.60009008429316,-0.15974127876817157,0,0,3,0,2.962255852757619e-06,0,0,0.0,0,0,0.0,1.0,0.0,1.1318311670084796e-06,2.186583379942881,0.043384208007912116,0.5,0.6983240223463687,28.397534668721107,40.69337442218798,False,False,近期份额下降,2026Q2
C0324,多体系纳米结构与复合材料,能源材料与电化学基础,关联基础研究,关联基础或环境研究,True,False,543,201658,0.002690154578707439,565,165986,0.003399234195514574,558,146407,0.0038049624613372213,579,128994,0.004479434795043635,616,120863,0.0050850393441000345,543,565,0.7914001872119332,3,1702,567.3333333333334,0.003894543817298477,0.6907495986458088,0.529033188667206,-0.17335373474216764,0,4,3,1666,0.0032981170785197447,12,3,1.0,974,2016,945.3333333333334,1.0302923564635436,0.4775673115963748,0.0038538851236638734,0.6980370437585642,0.6337836478128003,0.9999999999998916,1.0,84.2295839753467,12.164869029275808,False,False,近期份额下降,2026Q2
C0325,锅炉气化与工业余热回收装置,热工与能效,混杂待重分,质量限制观察,False,False,0,201658,2.4748432186820964e-06,0,165986,3.005512109208288e-06,0,146407,3.406412230382472e-06,0,128994,3.864913541884068e-06,0,120863,4.124119500486646e-06,0,0,0.8234347854063445,3,0,0.0,3.4256126271582758e-06,0.7224527370846096,0.60009008429316,-0.15974127876817157,0,0,3,0,2.962255852757619e-06,0,0,0.0,0,0,0.0,1.0,0.0,1.1318311670084796e-06,2.186583379942881,0.043384208007912116,0.5,0.6983240223463687,28.397534668721107,40.69337442218798,False,False,近期份额下降,2026Q2
C0326,心血管及其他临床医学研究,其他基础与关联学科,外围或非研究文本,质量限制观察,False,False,0,201658,2.4748432186820964e-06,0,165986,3.005512109208288e-06,0,146407,3.406412230382472e-06,0,128994,3.864913541884068e-06,0,120863,4.124119500486646e-06,0,0,0.8234347854063445,3,0,0.0,3.4256126271582758e-06,0.7224527370846096,0.60009008429316,-0.15974127876817157,0,0,3,0,2.962255852757619e-06,0,0,0.0,0,0,0.0,1.0,0.0,1.1318311670084796e-06,2.186583379942881,0.043384208007912116,0.5,0.6983240223463687,28.397534668721107,40.69337442218798,False,False,近期份额下降,2026Q2
C0327,风速与风电出力预测,风能与水能海洋能源,方向候选,能源电力直接相关,True,True,789,201658,0.00390777744229903,476,165986,0.0028642530400754987,380,146407,0.0025922797073210614,330,128994,0.002554707851185369,312,120863,0.002577574687804154,789,476,1.3643268899859577,3,1186,395.3333333333333,0.0026704135328606427,1.4633604099934585,1.3643268899859577,0.20521554942880638,4,4,3,1645,0.00312143672989853,12,3,1.0,965,1607,547.3333333333334,1.7617021276595743,0.3918988348271601,0.0026858353593111222,1.454957925381293,1.3297046630641378,8.588034269003096e-17,2.8004459572836185e-15,80.57781201849001,89.46070878274269,True,True,多年背景上持续抬升,2026Q2
C0328,太阳能集热器与光热利用,太阳能,宽泛待细分,能源电力直接相关,True,True,0,201658,2.4748432186820964e-06,0,165986,3.005512109208288e-06,0,146407,3.406412230382472e-06,0,128994,3.864913541884068e-06,0,120863,4.124119500486646e-06,0,0,0.8234347854063445,3,0,0.0,3.4256126271582758e-06,0.7224527370846096,0.60009008429316,-0.15974127876817157,0,0,3,0,2.962255852757619e-06,0,0,0.0,0,0,0.0,1.0,0.0,1.1318311670084796e-06,2.186583379942881,0.043384208007912116,0.5,0.6983240223463687,28.397534668721107,40.69337442218798,False,False,近期份额下降,2026Q2
C0329,电机驱动与机械传动装置,电力电子与电机,宽泛待细分,能源电力直接相关,True,True,0,201658,2.4748432186820964e-06,0,165986,3.005512109208288e-06,0,146407,3.406412230382472e-06,0,128994,3.864913541884068e-06,0,120863,4.124119500486646e-06,0,0,0.8234347854063445,3,0,0.0,3.4256126271582758e-06,0.7224527370846096,0.60009008429316,-0.15974127876817157,0,0,3,0,2.962255852757619e-06,0,0,0.0,0,0,0.0,1.0,0.0,1.1318311670084796e-06,2.186583379942881,0.043384208007912116,0.5,0.6983240223463687,28.397534668721107,40.69337442218798,False,False,近期份额下降,2026Q2
C0330,太阳能界面蒸发与海水淡化,太阳能,方向候选,能源电力直接相关,True,True,1606,201658,0.007951671261625576,1305,165986,0.00784739211714284,1093,146407,0.0074498235478464665,868,128994,0.006713354822252627,763,120863,0.006297530477243109,1606,1305,1.0132883820415874,3,3266,1088.6666666666667,0.0073368568290806445,1.0837980686917632,1.0132883820415874,0.03259589045137368,2,4,3,4004,0.007749628975538294,12,3,1.0,1542,2542,1133.3333333333333,1.3602703496914488,0.5670200265934989,0.007394253014066398,1.0753853359492538,1.0130360286395779,0.007710119783922854,0.05305128291690037,96.20184899845918,68.23574730354392,True,False,平稳或增长证据不足,2026Q2
C0331,能效标识与多类财税结算政策混合,能源政策与治理,混杂待重分,质量限制观察,False,False,0,201658,2.4748432186820964e-06,0,165986,3.005512109208288e-06,0,146407,3.406412230382472e-06,0,128994,3.864913541884068e-06,0,120863,4.124119500486646e-06,0,0,0.8234347854063445,3,0,0.0,3.4256126271582758e-06,0.7224527370846096,0.60009008429316,-0.15974127876817157,0,0,3,0,2.962255852757619e-06,0,0,0.0,0,0,0.0,1.0,0.0,1.1318311670084796e-06,2.186583379942881,0.043384208007912116,0.5,0.6983240223463687,28.397534668721107,40.69337442218798,False,False,近期份额下降,2026Q2
C0332,可编程芯片与实时硬件实现,数字技术与测量,宽泛待细分,关联基础或环境研究,True,False,0,201658,2.4748432186820964e-06,0,165986,3.005512109208288e-06,0,146407,3.406412230382472e-06,0,128994,3.864913541884068e-06,0,120863,4.124119500486646e-06,0,0,0.8234347854063445,3,0,0.0,3.4256126271582758e-06,0.7224527370846096,0.60009008429316,-0.15974127876817157,0,0,3,0,2.962255852757619e-06,0,0,0.0,0,0,0.0,1.0,0.0,1.1318311670084796e-06,2.186583379942881,0.043384208007912116,0.5,0.6983240223463687,28.397534668721107,40.69337442218798,False,False,近期份额下降,2026Q2
C0333,网格数值计算与跨领域仿真混合,其他基础与关联学科,混杂待重分,质量限制观察,False,False,0,201658,2.4748432186820964e-06,0,165986,3.005512109208288e-06,0,146407,3.406412230382472e-06,0,128994,3.864913541884068e-06,0,120863,4.124119500486646e-06,0,0,0.8234347854063445,3,0,0.0,3.4256126271582758e-06,0.7224527370846096,0.60009008429316,-0.15974127876817157,0,0,3,0,2.962255852757619e-06,0,0,0.0,0,0,0.0,1.0,0.0,1.1318311670084796e-06,2.186583379942881,0.043384208007912116,0.5,0.6983240223463687,28.397534668721107,40.69337442218798,False,False,近期份额下降,2026Q2
C0334,钴基氧化物电催化与储能材料,能源材料与电化学基础,宽泛待细分,关联基础或环境研究,True,False,0,201658,2.4748432186820964e-06,0,165986,3.005512109208288e-06,0,146407,3.406412230382472e-06,0,128994,3.864913541884068e-06,0,120863,4.124119500486646e-06,0,0,0.8234347854063445,3,0,0.0,3.4256126271582758e-06,0.7224527370846096,0.60009008429316,-0.15974127876817157,0,0,3,0,2.962255852757619e-06,0,0,0.0,0,0,0.0,1.0,0.0,1.1318311670084796e-06,2.186583379942881,0.043384208007912116,0.5,0.6983240223463687,28.397534668721107,40.69337442218798,False,False,近期份额下降,2026Q2
C0335,供电连接与电源电路装置,电力电子与电机,宽泛待细分,能源电力直接相关,True,True,0,201658,2.4748432186820964e-06,0,165986,3.005512109208288e-06,0,146407,3.406412230382472e-06,0,128994,3.864913541884068e-06,0,120863,4.124119500486646e-06,0,0,0.8234347854063445,3,0,0.0,3.4256126271582758e-06,0.7224527370846096,0.60009008429316,-0.15974127876817157,0,0,3,0,2.962255852757619e-06,0,0,0.0,0,0,0.0,1.0,0.0,1.1318311670084796e-06,2.186583379942881,0.043384208007912116,0.5,0.6983240223463687,28.397534668721107,40.69337442218798,False,False,近期份额下降,2026Q2
C0336,硅碳负极材料与制备,电化学储能,方向候选,能源电力直接相关,True,True,237,201658,0.0011755505288739958,193,165986,0.0011631331862636074,120,146407,0.0008209453475221758,105,128994,0.0008154967573375384,89,120863,0.0007382173905871096,237,193,1.0106757702015856,3,418,139.33333333333334,0.0009331917637077739,1.2597094987243327,1.0106757702015856,0.17951765650382168,2,4,3,550,0.0010532096875532596,11,2,0.9166666666666666,361,688,245.0,1.4715447154471544,0.5638596147461544,0.0009473426867860975,1.2408925991312645,1.0582320668468348,0.003883444435350303,0.028554738495222817,76.71610169491525,75.13867488443759,False,False,平稳或增长证据不足,2026Q2
C0337,光伏跟踪与太阳能装置控制,太阳能,宽泛待细分,能源电力直接相关,True,True,0,201658,2.4748432186820964e-06,0,165986,3.005512109208288e-06,0,146407,3.406412230382472e-06,0,128994,3.864913541884068e-06,0,120863,4.124119500486646e-06,0,0,0.8234347854063445,3,0,0.0,3.4256126271582758e-06,0.7224527370846096,0.60009008429316,-0.15974127876817157,0,0,3,0,2.962255852757619e-06,0,0,0.0,0,0,0.0,1.0,0.0,1.1318311670084796e-06,2.186583379942881,0.043384208007912116,0.5,0.6983240223463687,28.397534668721107,40.69337442218798,False,False,近期份额下降,2026Q2
C0338,相变储热材料与传热增强,热工与能效,方向候选,能源电力直接相关,True,True,1374,201658,0.006803344008157083,1032,165986,0.006206382505515115,915,146407,0.006237140793830307,749,128994,0.005793505399284218,662,120863,0.005464458338144806,1374,1032,1.0961850968920295,3,2696,898.6666666666666,0.00607900956620988,1.1191533643857725,1.0907792902297246,0.043446192977195874,4,4,3,3321,0.0064156224358341675,12,3,1.0,1621,2634,1053.0,1.5388994307400379,0.4946036838622571,0.006103965483676731,1.114577732516777,1.0444781780579975,0.00046690623702058556,0.004025053767418841,92.70416024653314,76.84129429892141,True,False,平稳或增长证据不足,2026Q2
C0339,关键矿产供给与采矿资源,其他基础与关联学科,关联基础研究,关联基础或环境研究,False,False,1234,201658,0.006110387906926096,721,165986,0.00433695397358756,514,146407,0.0035051981850635636,435,128994,0.003366339694981023,387,120863,0.0031961926128771505,1234,721,1.4089123251339324,3,1670,556.6666666666666,0.0037361639512107155,1.63547103037221,1.4089123251339324,0.27787159798739314,4,4,3,2469,0.00465084668852574,12,3,1.0,1232,2126,683.6666666666666,1.8008763388510225,0.3114830730415964,0.0037814479289753305,1.6158857722475224,1.5012830605477938,1.0223767030424788e-38,9.584781591023239e-37,83.42835130970725,92.38058551617874,False,False,多年背景上持续抬升,2026Q2
C0340,甲醇电氧化与贵金属催化剂,氢能与燃料电池,方向候选,能源电力直接相关,True,True,704,201658,0.0034870540951230738,676,165986,0.004066457883758813,710,146407,0.004840511779373492,796,128994,0.00615680727222132,706,120863,0.005827380854187631,704,676,0.8575163434128156,3,2182,727.3333333333334,0.005021258978451209,0.6944581249618486,0.566373761747617,-0.16398158686738196,0,4,3,2090,0.004131341252751793,12,3,1.0,1210,2298,1107.0,1.0929602888086642,0.4940013217244337,0.004940443043992014,0.7058180944649527,0.648347882522356,0.9999999999999997,1.0,87.88906009244994,23.112480739599388,True,False,近期份额下降,2026Q2
C0341,层状二维材料电子及声子性质,能源材料与电化学基础,关联基础研究,关联基础或环境研究,True,False,1269,201658,0.006283626932233843,1135,165986,0.006825518000012022,1144,146407,0.007797277595345479,962,128994,0.007439958568126831,954,120863,0.007872944126429008,1269,1135,0.9206080669954684,3,3241,1080.3333333333333,0.00735425138782811,0.8544210145758359,0.79812924254601,-0.10791364789211588,1,4,3,3548,0.006968807509197115,12,3,1.0,1630,2745,1360.6666666666667,1.197796817625459,0.4088473333128594,0.007337661455715974,0.8563527998881649,0.802545582152052,0.9999985710565286,1.0,90.28505392912174,51.11325115562404,False,False,近期份额下降,2026Q2
C0342,生物质热解气化与水热转化,生物质与资源循环,宽泛待细分,能源电力直接相关,True,True,0,201658,2.4748432186820964e-06,0,165986,3.005512109208288e-06,0,146407,3.406412230382472e-06,0,128994,3.864913541884068e-06,0,120863,4.124119500486646e-06,0,0,0.8234347854063445,3,0,0.0,3.4256126271582758e-06,0.7224527370846096,0.60009008429316,-0.15974127876817157,0,0,3,0,2.962255852757619e-06,0,0,0.0,0,0,0.0,1.0,0.0,1.1318311670084796e-06,2.186583379942881,0.043384208007912116,0.5,0.6983240223463687,28.397534668721107,40.69337442218798,False,False,近期份额下降,2026Q2
C0343,锂电池热行为与安全机制,电化学储能,宽泛待细分,能源电力直接相关,True,True,0,201658,2.4748432186820964e-06,0,165986,3.005512109208288e-06,0,146407,3.406412230382472e-06,0,128994,3.864913541884068e-06,0,120863,4.124119500486646e-06,0,0,0.8234347854063445,3,0,0.0,3.4256126271582758e-06,0.7224527370846096,0.60009008429316,-0.15974127876817157,0,0,3,0,2.962255852757619e-06,0,0,0.0,0,0,0.0,1.0,0.0,1.1318311670084796e-06,2.186583379942881,0.043384208007912116,0.5,0.6983240223463687,28.397534668721107,40.69337442218798,False,False,近期份额下降,2026Q2
C0344,电池热管理排气与壳体安全装置,电化学储能,宽泛待细分,能源电力直接相关,True,True,0,201658,2.4748432186820964e-06,0,165986,3.005512109208288e-06,0,146407,3.406412230382472e-06,0,128994,3.864913541884068e-06,0,120863,4.124119500486646e-06,0,0,0.8234347854063445,3,0,0.0,3.4256126271582758e-06,0.7224527370846096,0.60009008429316,-0.15974127876817157,0,0,3,0,2.962255852757619e-06,0,0,0.0,0,0,0.0,1.0,0.0,1.1318311670084796e-06,2.186583379942881,0.043384208007912116,0.5,0.6983240223463687,28.397534668721107,40.69337442218798,False,False,近期份额下降,2026Q2
C0345,共轭高分子与光电复合材料,能源材料与电化学基础,关联基础研究,关联基础或环境研究,True,False,324,201658,0.0016061732489246806,313,165986,0.0018844560924735966,326,146407,0.0022243871864397542,324,128994,0.00250832888868276,305,120863,0.002519837014797341,324,313,0.8523272340170934,3,963,321.0,0.00220572405586537,0.7281841283154215,0.6374115625307051,-0.16281348505434234,0,4,3,963,0.001905005509279344,12,3,1.0,600,1272,554.3333333333334,1.082232893157263,0.4520785161030583,0.0021810386588253404,0.7364258503284533,0.64937379644903,0.9999991547791666,1.0,78.6517719568567,35.100154083204934,False,False,近期份额下降,2026Q2
C0346,离子交换膜传输及电化学应用,能源材料与电化学基础,宽泛待细分,关联基础或环境研究,True,False,0,201658,2.4748432186820964e-06,0,165986,3.005512109208288e-06,0,146407,3.406412230382472e-06,0,128994,3.864913541884068e-06,0,120863,4.124119500486646e-06,0,0,0.8234347854063445,3,0,0.0,3.4256126271582758e-06,0.7224527370846096,0.60009008429316,-0.15974127876817157,0,0,3,0,2.962255852757619e-06,0,0,0.0,0,0,0.0,1.0,0.0,1.1318311670084796e-06,2.186583379942881,0.043384208007912116,0.5,0.6983240223463687,28.397534668721107,40.69337442218798,False,False,近期份额下降,2026Q2
C0347,欧洲能源转型与一般区域政治混合,能源政策与治理,混杂待重分,质量限制观察,False,False,0,201658,2.4748432186820964e-06,0,165986,3.005512109208288e-06,0,146407,3.406412230382472e-06,0,128994,3.864913541884068e-06,0,120863,4.124119500486646e-06,0,0,0.8234347854063445,3,0,0.0,3.4256126271582758e-06,0.7224527370846096,0.60009008429316,-0.15974127876817157,0,0,3,0,2.962255852757619e-06,0,0,0.0,0,0,0.0,1.0,0.0,1.1318311670084796e-06,2.186583379942881,0.043384208007912116,0.5,0.6983240223463687,28.397534668721107,40.69337442218798,False,False,近期份额下降,2026Q2
C0348,智能电网信息安全与韧性,电网与电力系统,宽泛待细分,能源电力直接相关,True,True,0,201658,2.4748432186820964e-06,0,165986,3.005512109208288e-06,0,146407,3.406412230382472e-06,0,128994,3.864913541884068e-06,0,120863,4.124119500486646e-06,0,0,0.8234347854063445,3,0,0.0,3.4256126271582758e-06,0.7224527370846096,0.60009008429316,-0.15974127876817157,0,0,3,0,2.962255852757619e-06,0,0,0.0,0,0,0.0,1.0,0.0,1.1318311670084796e-06,2.186583379942881,0.043384208007912116,0.5,0.6983240223463687,28.397534668721107,40.69337442218798,False,False,近期份额下降,2026Q2
C0349,二硫化钼等二维材料与器件,能源材料与电化学基础,关联基础研究,关联基础或环境研究,True,False,786,201658,0.0038929283829869377,938,165986,0.005641346228983957,865,146407,0.005896499570792059,839,128994,0.0064891898368233504,787,120863,0.006495488213266468,786,938,0.6900708137688757,3,2642,880.6666666666666,0.006009011878866456,0.6478483420341153,0.599328065138502,-0.2075986048271372,1,4,3,2589,0.005143591394254318,12,3,1.0,1243,2388,1193.6666666666667,1.0412946428571428,0.5074865101445311,0.005981727717639815,0.6508033408987988,0.6009998584160989,1.0,1.0,90.42372881355932,12.361325115562405,False,False,近期份额下降,2026Q2
C0350,能源地缘政治与一般国际关系混合,能源政策与治理,混杂待重分,质量限制观察,False,False,0,201658,2.4748432186820964e-06,0,165986,3.005512109208288e-06,0,146407,3.406412230382472e-06,0,128994,3.864913541884068e-06,0,120863,4.124119500486646e-06,0,0,0.8234347854063445,3,0,0.0,3.4256126271582758e-06,0.7224527370846096,0.60009008429316,-0.15974127876817157,0,0,3,0,2.962255852757619e-06,0,0,0.0,0,0,0.0,1.0,0.0,1.1318311670084796e-06,2.186583379942881,0.043384208007912116,0.5,0.6983240223463687,28.397534668721107,40.69337442218798,False,False,近期份额下降,2026Q2
C0351,输配电线路视觉巡检与无人机检测,电网与电力系统,方向候选,能源电力直接相关,True,True,184,201658,0.0009132171476936936,101,165986,0.0006101189581692825,81,146407,0.0005552451935523429,67,128994,0.0005217633281543491,56,120863,0.000466025503554991,184,101,1.496785398103158,3,249,83.0,0.0005623758266253249,1.6238556219133364,1.496785398103158,0.2487819428487108,3,3,3,366,0.0006928604331384396,5,1,0.4166666666666667,224,430,117.33333333333333,1.9014084507042255,0.2884251929480767,0.0005647837523372314,1.6169323991962383,1.3367191318062335,2.9340541103333764e-07,4.075075153240801e-06,57.29006163328197,89.9653312788906,False,True,多年背景上持续抬升,2026Q2
C0352,机械摩擦传动与力学测量,制造与通用装置,宽泛待细分,关联基础或环境研究,False,False,0,201658,2.4748432186820964e-06,0,165986,3.005512109208288e-06,0,146407,3.406412230382472e-06,0,128994,3.864913541884068e-06,0,120863,4.124119500486646e-06,0,0,0.8234347854063445,3,0,0.0,3.4256126271582758e-06,0.7224527370846096,0.60009008429316,-0.15974127876817157,0,0,3,0,2.962255852757619e-06,0,0,0.0,0,0,0.0,1.0,0.0,1.1318311670084796e-06,2.186583379942881,0.043384208007912116,0.5,0.6983240223463687,28.397534668721107,40.69337442218798,False,False,近期份额下降,2026Q2
C0353,能源发展规划与综合指导政策,能源政策与治理,政策类群,能源治理与政策研究,True,False,90,201658,0.0004479466225814595,68,165986,0.0004117551589615355,53,146407,0.0003644861086509245,41,128994,0.00032078782397637764,46,120863,0.00038354311354525807,90,68,1.0878955923981632,3,162,54.0,0.0003656763638629459,1.224981067546789,1.0878955923981632,0.10309281963378814,2,2,3,211,0.00040806263006463984,2,0,0.16666666666666666,113,230,57.666666666666664,1.9431818181818183,0.1597114436613419,0.00036784512927775587,1.2177587439066506,0.9417021996699999,0.06808773952506195,0.3452438411950924,46.77580893682588,76.3713405238829,False,False,平稳或增长证据不足,2026Q2
C0354,可再生能源发展与多技术评价,能源政策与治理,宽泛待细分,能源治理与政策研究,True,False,0,201658,2.4748432186820964e-06,0,165986,3.005512109208288e-06,0,146407,3.406412230382472e-06,0,128994,3.864913541884068e-06,0,120863,4.124119500486646e-06,0,0,0.8234347854063445,3,0,0.0,3.4256126271582758e-06,0.7224527370846096,0.60009008429316,-0.15974127876817157,0,0,3,0,2.962255852757619e-06,0,0,0.0,0,0,0.0,1.0,0.0,1.1318311670084796e-06,2.186583379942881,0.043384208007912116,0.5,0.6983240223463687,28.397534668721107,40.69337442218798,False,False,近期份额下降,2026Q2
C0355,染料敏化太阳能电池材料与器件,太阳能,方向候选,能源电力直接相关,True,True,517,201658,0.0025614627313359697,557,165986,0.003351146001767241,550,146407,0.003750459865651102,538,128994,0.004162511884609141,583,120863,0.004812847457067916,517,557,0.7643542626866068,3,1645,548.3333333333334,0.003754705917342494,0.6822006270863743,0.5322135709026741,-0.1906499942797768,0,4,3,1624,0.0032210228662514374,12,3,1.0,848,1809,860.6666666666666,0.9852998065764024,0.4082086451508261,0.0037248563706249065,0.6876675169373689,0.6229852955907091,0.9999999999999616,1.0,80.87827426810479,7.896764252696456,False,False,近期份额下降,2026Q2
C0356,电力知识处理与智能决策系统,数字技术与测量,宽泛待细分,能源电力直接相关,True,True,0,201658,2.4748432186820964e-06,0,165986,3.005512109208288e-06,0,146407,3.406412230382472e-06,0,128994,3.864913541884068e-06,0,120863,4.124119500486646e-06,0,0,0.8234347854063445,3,0,0.0,3.4256126271582758e-06,0.7224527370846096,0.60009008429316,-0.15974127876817157,0,0,3,0,2.962255852757619e-06,0,0,0.0,0,0,0.0,1.0,0.0,1.1318311670084796e-06,2.186583379942881,0.043384208007912116,0.5,0.6983240223463687,28.397534668721107,40.69337442218798,False,False,近期份额下降,2026Q2
C0357,水泥混凝土性能与碳化,能源材料与电化学基础,关联基础研究,关联基础或环境研究,True,False,1018,201658,0.005041255636455431,525,165986,0.0031587932267779107,500,146407,0.0034098186426128546,344,128994,0.002662925430358123,331,120863,0.0027342912288226464,1018,525,1.595943537462154,3,1369,456.3333333333333,0.0030771790999162964,1.6382717653946628,1.4784527169434585,0.19549803968762092,4,4,3,2043,0.003869955835282065,12,3,1.0,1212,1966,651.0,1.8604294478527608,0.4652778414264161,0.003100085566436226,1.6261666100560963,1.499493196422221,5.325674964248665e-33,4.438062470207221e-31,86.59476117103236,91.95685670261942,False,False,多年背景上持续抬升,2026Q2
C0358,非贵金属氧还原电催化材料,能源材料与电化学基础,方向候选,能源电力直接相关,True,True,852,201658,0.0042196076878529745,891,165986,0.005358828090718378,849,146407,0.00578749437941982,833,128994,0.006442810874320742,790,120863,0.0065202329302693875,852,891,0.7874123999539077,3,2573,857.6666666666666,0.00586304444815298,0.7196956675268369,0.6471559732573294,-0.15797864474532908,1,4,3,2592,0.005121976719330391,12,3,1.0,1215,2150,1033.0,1.1760154738878144,0.5607559178246867,0.0058255350165926445,0.7243296411118344,0.6703454637817896,0.9999999999999999,1.0,92.1648690292758,23.46302003081664,False,False,近期份额下降,2026Q2
C0359,充电基础设施与公用事业接入政策混合,能源政策与治理,混杂待重分,质量限制观察,False,False,0,201658,2.4748432186820964e-06,0,165986,3.005512109208288e-06,0,146407,3.406412230382472e-06,0,128994,3.864913541884068e-06,0,120863,4.124119500486646e-06,0,0,0.8234347854063445,3,0,0.0,3.4256126271582758e-06,0.7224527370846096,0.60009008429316,-0.15974127876817157,0,0,3,0,2.962255852757619e-06,0,0,0.0,0,0,0.0,1.0,0.0,1.1318311670084796e-06,2.186583379942881,0.043384208007912116,0.5,0.6983240223463687,28.397534668721107,40.69337442218798,False,False,近期份额下降,2026Q2
C0360,多孔碳材料及储能环境应用,能源材料与电化学基础,宽泛待细分,关联基础或环境研究,True,False,0,201658,2.4748432186820964e-06,0,165986,3.005512109208288e-06,0,146407,3.406412230382472e-06,0,128994,3.864913541884068e-06,0,120863,4.124119500486646e-06,0,0,0.8234347854063445,3,0,0.0,3.4256126271582758e-06,0.7224527370846096,0.60009008429316,-0.15974127876817157,0,0,3,0,2.962255852757619e-06,0,0,0.0,0,0,0.0,1.0,0.0,1.1318311670084796e-06,2.186583379942881,0.043384208007912116,0.5,0.6983240223463687,28.397534668721107,40.69337442218798,False,False,近期份额下降,2026Q2
C0361,机械装配传动与电气部件混合,制造与通用装置,混杂待重分,质量限制观察,False,False,0,201658,2.4748432186820964e-06,0,165986,3.005512109208288e-06,0,146407,3.406412230382472e-06,0,128994,3.864913541884068e-06,0,120863,4.124119500486646e-06,0,0,0.8234347854063445,3,0,0.0,3.4256126271582758e-06,0.7224527370846096,0.60009008429316,-0.15974127876817157,0,0,3,0,2.962255852757619e-06,0,0,0.0,0,0,0.0,1.0,0.0,1.1318311670084796e-06,2.186583379942881,0.043384208007912116,0.5,0.6983240223463687,28.397534668721107,40.69337442218798,False,False,近期份额下降,2026Q2
C0362,荧光粉组分调控与发光性质,能源材料与电化学基础,关联基础研究,关联基础或环境研究,True,False,1245,201658,0.006164834457737103,1341,165986,0.008063788989005836,1618,146407,0.011026556389748062,1429,128994,0.011049787816246551,1324,120863,0.010924792556789126,1245,1341,0.7645084049374598,3,4388,1462.6666666666667,0.01004671106500015,0.6136171746009111,0.5579142839895006,-0.2907226481002039,0,4,3,4204,0.008418393278830334,12,3,1.0,1596,2894,1428.3333333333333,1.117304104477612,0.5048625043889939,0.009934082152833427,0.6205741368847801,0.5827267803007791,1.0,1.0,94.19876733436057,10.608628659476116,False,False,近期份额下降,2026Q2
C0363,镉基硫族半导体与量子点,能源材料与电化学基础,关联基础研究,关联基础或环境研究,True,False,175,201658,0.0008686699697574158,283,165986,0.0017041253659210993,267,146407,0.0018224305432546226,278,128994,0.002152756842829426,255,120863,0.002107425064748676,175,283,0.5097453433467847,3,828,276.0,0.0018931042506683826,0.45886008097584785,0.40351513579011533,-0.370481540483242,0,4,3,725,0.0014650752929777123,12,3,1.0,374,1117,532.6666666666666,0.702685821361649,0.3934377968580625,0.0018754442437330509,0.463180909088685,0.3935660198335055,1.0,1.0,73.75192604006163,3.1510015408320493,False,False,近期份额下降,2026Q2
C0364,有机场效应晶体管,能源材料与电化学基础,关联基础研究,关联基础或环境研究,True,False,441,201658,0.002185286562096291,353,165986,0.0021248970612102597,343,146407,0.002340205202272758,346,128994,0.002678385084525659,371,120863,0.003064220788861578,441,353,1.0284199653660568,3,1042,347.3333333333333,0.002381162449336226,0.9177393851080857,0.7131622401492064,-0.034245824577366246,2,4,3,1137,0.002216796275193103,12,3,1.0,666,1162,517.6666666666666,1.2859897172236505,0.462787689822208,0.00235986798321268,0.9260206832084239,0.8284886295345054,0.9112612669306422,1.0,79.99229583975347,61.49460708782743,False,False,历史峰值以下的恢复或波动,2026Q2
C0365,电力通信与无线传输装置,数字技术与测量,宽泛待细分,能源电力直接相关,True,True,0,201658,2.4748432186820964e-06,0,165986,3.005512109208288e-06,0,146407,3.406412230382472e-06,0,128994,3.864913541884068e-06,0,120863,4.124119500486646e-06,0,0,0.8234347854063445,3,0,0.0,3.4256126271582758e-06,0.7224527370846096,0.60009008429316,-0.15974127876817157,0,0,3,0,2.962255852757619e-06,0,0,0.0,0,0,0.0,1.0,0.0,1.1318311670084796e-06,2.186583379942881,0.043384208007912116,0.5,0.6983240223463687,28.397534668721107,40.69337442218798,False,False,近期份额下降,2026Q2
C0366,功能纤维复合材料与织物,能源材料与电化学基础,关联基础研究,关联基础或环境研究,True,False,855,201658,0.004234456747165067,669,165986,0.004024380714229898,683,146407,0.004656565518932839,515,128994,0.003984725861682474,499,120863,0.00411999538098616,855,669,1.0522008348246867,3,1867,622.3333333333334,0.004221890698281737,1.0029764031760566,0.9093519096742982,-0.04751156018404945,2,4,3,2207,0.004305134326775935,12,3,1.0,1037,1893,760.6666666666666,1.362800875273523,0.5122905591852824,0.004227389408776672,1.00167179734465,0.9238121188626897,0.47714314378789,0.6983240223463687,88.52850539291218,64.50693374422188,False,False,历史峰值以下的恢复或波动,2026Q2
C0367,铁化合物反应与材料应用,能源材料与电化学基础,关联基础研究,关联基础或环境研究,True,False,971,201658,0.004808620373899314,727,165986,0.004373020118898059,633,146407,0.004315924295894592,612,128994,0.004734519088807983,617,120863,0.005093287583101008,971,727,1.0996108508897096,3,1972,657.3333333333334,0.004474487834533545,1.0746750358302408,0.9441093390944211,0.05404935575997882,4,4,3,2331,0.004499188262897322,12,3,1.0,1416,2428,1010.6666666666666,1.400658978583196,0.4220097144682074,0.0044650739538484524,1.0769408129858091,0.9973044081352337,0.027770198419663064,0.16197535554755915,87.10323574730356,75.50847457627118,False,False,历史峰值以下的恢复或波动,2026Q2
C0368,铀钍及稀土分离提取,能源材料与电化学基础,宽泛待细分,关联基础或环境研究,True,False,0,201658,2.4748432186820964e-06,0,165986,3.005512109208288e-06,0,146407,3.406412230382472e-06,0,128994,3.864913541884068e-06,0,120863,4.124119500486646e-06,0,0,0.8234347854063445,3,0,0.0,3.4256126271582758e-06,0.7224527370846096,0.60009008429316,-0.15974127876817157,0,0,3,0,2.962255852757619e-06,0,0,0.0,0,0,0.0,1.0,0.0,1.1318311670084796e-06,2.186583379942881,0.043384208007912116,0.5,0.6983240223463687,28.397534668721107,40.69337442218798,False,False,近期份额下降,2026Q2
C0369,多体系二次电池材料与电解液综述,电化学储能,宽泛待细分,能源电力直接相关,True,True,0,201658,2.4748432186820964e-06,0,165986,3.005512109208288e-06,0,146407,3.406412230382472e-06,0,128994,3.864913541884068e-06,0,120863,4.124119500486646e-06,0,0,0.8234347854063445,3,0,0.0,3.4256126271582758e-06,0.7224527370846096,0.60009008429316,-0.15974127876817157,0,0,3,0,2.962255852757619e-06,0,0,0.0,0,0,0.0,1.0,0.0,1.1318311670084796e-06,2.186583379942881,0.043384208007912116,0.5,0.6983240223463687,28.397534668721107,40.69337442218798,False,False,近期份额下降,2026Q2
C0370,电池状态测量与诊断装置,电化学储能,方向候选,能源电力直接相关,True,True,132,201658,0.0006558334529507556,80,165986,0.00048388744958253435,82,146407,0.0005620580180131079,60,128994,0.00046765453856797225,37,120863,0.0003093089625364985,132,80,1.355342969768207,3,222,74.0,0.0005045333353878715,1.299881310016054,1.1668429804971854,0.0771508972746493,4,2,3,294,0.0005672596401821326,4,0,0.3333333333333333,171,378,123.66666666666667,1.3796791443850267,0.3900412447187492,0.0005036648693187735,1.3021226869322773,1.050133311366317,0.008091317785569868,0.05467106611871533,57.604006163328194,83.66718027734977,False,False,多年背景上持续抬升,2026Q2
C0371,太阳辐射测量估算与大气影响,太阳能,宽泛待细分,能源电力直接相关,True,True,0,201658,2.4748432186820964e-06,0,165986,3.005512109208288e-06,0,146407,3.406412230382472e-06,0,128994,3.864913541884068e-06,0,120863,4.124119500486646e-06,0,0,0.8234347854063445,3,0,0.0,3.4256126271582758e-06,0.7224527370846096,0.60009008429316,-0.15974127876817157,0,0,3,0,2.962255852757619e-06,0,0,0.0,0,0,0.0,1.0,0.0,1.1318311670084796e-06,2.186583379942881,0.043384208007912116,0.5,0.6983240223463687,28.397534668721107,40.69337442218798,False,False,近期份额下降,2026Q2
C0372,电力节能与新能源应用泛论,电网与电力系统,宽泛待细分,能源电力直接相关,True,True,0,201658,2.4748432186820964e-06,0,165986,3.005512109208288e-06,0,146407,3.406412230382472e-06,0,128994,3.864913541884068e-06,0,120863,4.124119500486646e-06,0,0,0.8234347854063445,3,0,0.0,3.4256126271582758e-06,0.7224527370846096,0.60009008429316,-0.15974127876817157,0,0,3,0,2.962255852757619e-06,0,0,0.0,0,0,0.0,1.0,0.0,1.1318311670084796e-06,2.186583379942881,0.043384208007912116,0.5,0.6983240223463687,28.397534668721107,40.69337442218798,False,False,近期份额下降,2026Q2
C0373,电源变流电路与电压控制装置,电力电子与电机,宽泛待细分,能源电力直接相关,True,True,0,201658,2.4748432186820964e-06,0,165986,3.005512109208288e-06,0,146407,3.406412230382472e-06,0,128994,3.864913541884068e-06,0,120863,4.124119500486646e-06,0,0,0.8234347854063445,3,0,0.0,3.4256126271582758e-06,0.7224527370846096,0.60009008429316,-0.15974127876817157,0,0,3,0,2.962255852757619e-06,0,0,0.0,0,0,0.0,1.0,0.0,1.1318311670084796e-06,2.186583379942881,0.043384208007912116,0.5,0.6983240223463687,28.397534668721107,40.69337442218798,False,False,近期份额下降,2026Q2
C0374,电池包与模组结构装置,电化学储能,方向候选,能源电力直接相关,True,True,4,201658,2.227358896813887e-05,3,165986,2.1038584764458018e-05,4,146407,3.0657710073442246e-05,3,128994,2.7054394793188476e-05,4,120863,3.711707550437982e-05,4,3,1.0587018669510142,3,10,3.3333333333333335,2.625022987702958e-05,0.8485102443856885,0.60009008429316,-0.15974127876817246,1,0,3,11,2.465662793534638e-05,0,0,0.0,12,22,5.0,2.1666666666666665,0.5932995502486278,2.3768454507178072e-05,0.9371071628326632,0.3105865948419971,0.5889639811455166,0.8045956026578096,43.42064714946071,50.774268104776574,False,False,历史峰值以下的恢复或波动,2026Q2
C0375,永磁同步电机设计与控制,电力电子与电机,宽泛待细分,能源电力直接相关,True,True,0,201658,2.4748432186820964e-06,0,165986,3.005512109208288e-06,0,146407,3.406412230382472e-06,0,128994,3.864913541884068e-06,0,120863,4.124119500486646e-06,0,0,0.8234347854063445,3,0,0.0,3.4256126271582758e-06,0.7224527370846096,0.60009008429316,-0.15974127876817157,0,0,3,0,2.962255852757619e-06,0,0,0.0,0,0,0.0,1.0,0.0,1.1318311670084796e-06,2.186583379942881,0.043384208007912116,0.5,0.6983240223463687,28.397534668721107,40.69337442218798,False,False,近期份额下降,2026Q2
C0376,电气设备散热冷却结构,热工与能效,宽泛待细分,能源电力直接相关,True,True,0,201658,2.4748432186820964e-06,0,165986,3.005512109208288e-06,0,146407,3.406412230382472e-06,0,128994,3.864913541884068e-06,0,120863,4.124119500486646e-06,0,0,0.8234347854063445,3,0,0.0,3.4256126271582758e-06,0.7224527370846096,0.60009008429316,-0.15974127876817157,0,0,3,0,2.962255852757619e-06,0,0,0.0,0,0,0.0,1.0,0.0,1.1318311670084796e-06,2.186583379942881,0.043384208007912116,0.5,0.6983240223463687,28.397534668721107,40.69337442218798,False,False,近期份额下降,2026Q2
C0377,换热器热泵与储热装置混合,热工与能效,混杂待重分,质量限制观察,False,False,0,201658,2.4748432186820964e-06,0,165986,3.005512109208288e-06,0,146407,3.406412230382472e-06,0,128994,3.864913541884068e-06,0,120863,4.124119500486646e-06,0,0,0.8234347854063445,3,0,0.0,3.4256126271582758e-06,0.7224527370846096,0.60009008429316,-0.15974127876817157,0,0,3,0,2.962255852757619e-06,0,0,0.0,0,0,0.0,1.0,0.0,1.1318311670084796e-06,2.186583379942881,0.043384208007912116,0.5,0.6983240223463687,28.397534668721107,40.69337442218798,False,False,近期份额下降,2026Q2
C0378,纳米流体传热性质与强化,热工与能效,方向候选,能源电力直接相关,True,True,1058,201658,0.005239243093949998,771,165986,0.004637505184508389,677,146407,0.004615688572168249,553,128994,0.004278459290865663,542,120863,0.004474669658028011,1058,771,1.1297546602107784,3,2001,667.0,0.004510551015847433,1.1615527849130556,1.1297546602107784,0.06335799014236043,3,4,3,2506,0.004830812283542212,12,3,1.0,1197,1929,854.3333333333334,1.4006235385814496,0.4546599536875283,0.0045307201615349445,1.15638196735925,1.0733739320310596,5.7716177225736576e-05,0.0005929744235520881,88.0431432973806,76.12095531587056,True,False,平稳或增长证据不足,2026Q2
C0379,锅炉蒸汽系统与汽轮机运行,热工与能效,宽泛待细分,能源电力直接相关,True,True,0,201658,2.4748432186820964e-06,0,165986,3.005512109208288e-06,0,146407,3.406412230382472e-06,0,128994,3.864913541884068e-06,0,120863,4.124119500486646e-06,0,0,0.8234347854063445,3,0,0.0,3.4256126271582758e-06,0.7224527370846096,0.60009008429316,-0.15974127876817157,0,0,3,0,2.962255852757619e-06,0,0,0.0,0,0,0.0,1.0,0.0,1.1318311670084796e-06,2.186583379942881,0.043384208007912116,0.5,0.6983240223463687,28.397534668721107,40.69337442218798,False,False,近期份额下降,2026Q2
C0380,天然气管网供给与市场治理,化石能源,宽泛待细分,能源电力直接相关,True,True,0,201658,2.4748432186820964e-06,0,165986,3.005512109208288e-06,0,146407,3.406412230382472e-06,0,128994,3.864913541884068e-06,0,120863,4.124119500486646e-06,0,0,0.8234347854063445,3,0,0.0,3.4256126271582758e-06,0.7224527370846096,0.60009008429316,-0.15974127876817157,0,0,3,0,2.962255852757619e-06,0,0,0.0,0,0,0.0,1.0,0.0,1.1318311670084796e-06,2.186583379942881,0.043384208007912116,0.5,0.6983240223463687,28.397534668721107,40.69337442218798,False,False,近期份额下降,2026Q2
C0381,光伏发电功率预测方法与装置,太阳能,方向候选,能源电力直接相关,True,True,517,201658,0.0025614627313359697,295,165986,0.0017762576565420983,211,146407,0.0014409123734517857,149,128994,0.0011556091490233364,100,120863,0.0008289480195978159,517,295,1.4420558424628873,3,655,218.33333333333334,0.0014575930596724069,1.75732363318995,1.4420558424628873,0.2876509845584243,4,4,3,1023,0.0019262109204432846,12,3,1.0,600,1018,317.3333333333333,1.887958115183246,0.483605384500106,0.0014838306599481168,1.726250036797011,1.538326972855875,2.2847817306606505e-21,1.0079919399973458e-19,79.76887519260401,93.6055469953775,True,True,多年背景上持续抬升,2026Q2
C0382,碳纳米管、纳米纤维与功能复合材料,能源材料与电化学基础,关联基础研究,关联基础或环境研究,True,False,1263,201658,0.006253928813609658,1176,165986,0.007071969992967102,1243,146407,0.008471747216961208,1169,128994,0.009040032774466834,1224,120863,0.010099968656691796,1263,1176,0.8843262655001413,3,3588,1196.0,0.008194583328131715,0.7631783781049783,0.6192027942053147,-0.1517634469757767,0,4,3,3682,0.007265882007845989,12,3,1.0,1750,3144,1509.6666666666667,1.159090909090909,0.5053275530470505,0.00812315228561986,0.7698893968393004,0.7220757034484486,0.9999999999999994,1.0,93.94453004622497,43.82126348228043,False,False,近期份额下降,2026Q2
C0383,交通运输车辆与燃料效率,交通与充电,宽泛待细分,能源电力直接相关,True,True,0,201658,2.4748432186820964e-06,0,165986,3.005512109208288e-06,0,146407,3.406412230382472e-06,0,128994,3.864913541884068e-06,0,120863,4.124119500486646e-06,0,0,0.8234347854063445,3,0,0.0,3.4256126271582758e-06,0.7224527370846096,0.60009008429316,-0.15974127876817157,0,0,3,0,2.962255852757619e-06,0,0,0.0,0,0,0.0,1.0,0.0,1.1318311670084796e-06,2.186583379942881,0.043384208007912116,0.5,0.6983240223463687,28.397534668721107,40.69337442218798,False,False,近期份额下降,2026Q2
C0384,电缆桥架支撑与线束安装,电网与电力系统,宽泛待细分,能源电力直接相关,True,True,0,201658,2.4748432186820964e-06,0,165986,3.005512109208288e-06,0,146407,3.406412230382472e-06,0,128994,3.864913541884068e-06,0,120863,4.124119500486646e-06,0,0,0.8234347854063445,3,0,0.0,3.4256126271582758e-06,0.7224527370846096,0.60009008429316,-0.15974127876817157,0,0,3,0,2.962255852757619e-06,0,0,0.0,0,0,0.0,1.0,0.0,1.1318311670084796e-06,2.186583379942881,0.043384208007912116,0.5,0.6983240223463687,28.397534668721107,40.69337442218798,False,False,近期份额下降,2026Q2
C0385,辐照材料损伤与稳定性,核能与等离子体,宽泛待细分,能源电力直接相关,True,True,0,201658,2.4748432186820964e-06,0,165986,3.005512109208288e-06,0,146407,3.406412230382472e-06,0,128994,3.864913541884068e-06,0,120863,4.124119500486646e-06,0,0,0.8234347854063445,3,0,0.0,3.4256126271582758e-06,0.7224527370846096,0.60009008429316,-0.15974127876817157,0,0,3,0,2.962255852757619e-06,0,0,0.0,0,0,0.0,1.0,0.0,1.1318311670084796e-06,2.186583379942881,0.043384208007912116,0.5,0.6983240223463687,28.397534668721107,40.69337442218798,False,False,近期份额下降,2026Q2
C0386,感应电机运行控制与性能,电力电子与电机,方向候选,能源电力直接相关,True,True,618,201658,0.003061381061509753,558,165986,0.0033571570259856576,538,146407,0.0036687059721219224,511,128994,0.003953806553347402,548,120863,0.004524159092033851,618,558,0.911896893059667,3,1607,535.6666666666666,0.003659889850484994,0.8364680869026895,0.6766740512950218,-0.09048643115012212,1,4,3,1714,0.0033624146865391114,12,3,1.0,642,1392,583.3333333333334,1.1003993154592127,0.2052622941411011,0.0036388372019322624,0.841307508861382,0.7667922561653009,0.9998692509758972,1.0,75.95531587057012,49.71109399075501,True,False,近期份额下降,2026Q2
C0387,有机发光二极管与发光材料,能源材料与电化学基础,关联基础研究,关联基础或环境研究,True,False,546,201658,0.0027050036380195314,564,165986,0.0033932231712961573,577,146407,0.003934406126091755,605,128994,0.004680410299221606,693,120863,0.0057201537471749785,546,564,0.7971782289186311,3,1746,582.0,0.004002679865536506,0.6757981474636273,0.4728900231668521,-0.18732834615784943,1,4,3,1687,0.003344210978469148,12,3,1.0,702,1343,621.6666666666666,1.1290149892933619,0.5165516770017615,0.003953486266360619,0.6842071669847033,0.6215353288633256,0.9999999999999967,1.0,84.13713405238829,15.065485362095533,False,False,近期份额下降,2026Q2
C0388,风电机组变桨偏航与运行控制,风能与水能海洋能源,方向候选,能源电力直接相关,True,True,63,201658,0.00031430508877262626,55,165986,0.00033361184412211996,35,146407,0.0002418552683571555,42,128994,0.0003285176510601458,33,120863,0.00027631600653260527,63,55,0.9421280878072591,3,132,44.0,0.0003013282545131404,1.0430654413090226,0.9421280878072591,0.13101232594046675,1,0,3,153,0.0002965907337506339,0,0,0.0,84,197,67.66666666666667,1.2378640776699028,0.2489179799880967,0.0002999352592572471,1.0479097707650786,0.7769706368620024,0.38769769348106187,0.6983240223463687,42.812018489984595,63.84052388289676,False,False,近期份额下降,2026Q2
C0389,计算流体力学与多相流,热工与能效,关联基础研究,关联基础或环境研究,True,False,818,201658,0.004051318348982592,550,165986,0.003309068832238325,508,146407,0.003464321238298974,427,128994,0.0033045010783108782,456,120863,0.003765321103944308,818,550,1.2243076691282342,3,1485,495.0,0.003359297049616059,1.2060018179832075,1.0759556056822595,0.0782628118931159,2,4,3,1876,0.0036082361398399637,12,3,1.0,1019,1881,711.3333333333334,1.4319138979878334,0.289580345873321,0.0033626703971821933,1.2047919868618295,1.1062620074071001,8.175655851145862e-06,9.290518012665753e-05,79.21417565485362,76.13251155624037,False,False,平稳或增长证据不足,2026Q2
C0390,开关谐振及功率调节电路,电力电子与电机,宽泛待细分,能源电力直接相关,True,True,0,201658,2.4748432186820964e-06,0,165986,3.005512109208288e-06,0,146407,3.406412230382472e-06,0,128994,3.864913541884068e-06,0,120863,4.124119500486646e-06,0,0,0.8234347854063445,3,0,0.0,3.4256126271582758e-06,0.7224527370846096,0.60009008429316,-0.15974127876817157,0,0,3,0,2.962255852757619e-06,0,0,0.0,0,0,0.0,1.0,0.0,1.1318311670084796e-06,2.186583379942881,0.043384208007912116,0.5,0.6983240223463687,28.397534668721107,40.69337442218798,False,False,近期份额下降,2026Q2
C0391,水力发电与水轮机系统,风能与水能海洋能源,宽泛待细分,能源电力直接相关,True,True,0,201658,2.4748432186820964e-06,0,165986,3.005512109208288e-06,0,146407,3.406412230382472e-06,0,128994,3.864913541884068e-06,0,120863,4.124119500486646e-06,0,0,0.8234347854063445,3,0,0.0,3.4256126271582758e-06,0.7224527370846096,0.60009008429316,-0.15974127876817157,0,0,3,0,2.962255852757619e-06,0,0,0.0,0,0,0.0,1.0,0.0,1.1318311670084796e-06,2.186583379942881,0.043384208007912116,0.5,0.6983240223463687,28.397534668721107,40.69337442218798,False,False,近期份额下降,2026Q2
C0392,电网电压无功与多目标运行优化,电网与电力系统,宽泛待细分,能源电力直接相关,True,True,0,201658,2.4748432186820964e-06,0,165986,3.005512109208288e-06,0,146407,3.406412230382472e-06,0,128994,3.864913541884068e-06,0,120863,4.124119500486646e-06,0,0,0.8234347854063445,3,0,0.0,3.4256126271582758e-06,0.7224527370846096,0.60009008429316,-0.15974127876817157,0,0,3,0,2.962255852757619e-06,0,0,0.0,0,0,0.0,1.0,0.0,1.1318311670084796e-06,2.186583379942881,0.043384208007912116,0.5,0.6983240223463687,28.397534668721107,40.69337442218798,False,False,近期份额下降,2026Q2
C0393,配位化学与分子晶体结构,能源材料与电化学基础,关联基础研究,关联基础或环境研究,True,False,1236,201658,0.006120287279800824,920,165986,0.005533147793052458,921,146407,0.006278017740594896,1009,128994,0.007803260441063933,886,120863,0.007312063874362823,1236,920,1.10611310391629,3,2850,950.0,0.00653814199157043,0.9360896853711128,0.7843243636459166,-0.012722623842375214,3,4,3,3077,0.005977150937816059,12,3,1.0,1567,2684,1287.6666666666667,1.2167615106052767,0.4278903467490331,0.006452569483115343,0.9485038938078834,0.8872649579474364,0.9375472861946249,1.0,90.20030816640987,66.28274268104775,False,False,历史峰值以下的恢复或波动,2026Q2
C0394,电力负荷需求与电价预测,电网与电力系统,宽泛待细分,能源电力直接相关,True,True,0,201658,2.4748432186820964e-06,0,165986,3.005512109208288e-06,0,146407,3.406412230382472e-06,0,128994,3.864913541884068e-06,0,120863,4.124119500486646e-06,0,0,0.8234347854063445,3,0,0.0,3.4256126271582758e-06,0.7224527370846096,0.60009008429316,-0.15974127876817157,0,0,3,0,2.962255852757619e-06,0,0,0.0,0,0,0.0,1.0,0.0,1.1318311670084796e-06,2.186583379942881,0.043384208007912116,0.5,0.6983240223463687,28.397534668721107,40.69337442218798,False,False,近期份额下降,2026Q2
C0395,纳米材料热传导与热管理,热工与能效,关联基础研究,关联基础或环境研究,True,False,755,201658,0.0037394881034286476,620,165986,0.0037298405275274856,610,146407,0.004159229333296998,521,128994,0.004031104824185083,520,120863,0.004293208400006599,755,620,1.0025865920620358,3,1751,583.6666666666666,0.003973391561669855,0.9411325426626447,0.8710241281142793,-0.0531905346871544,2,4,3,1985,0.003876185988084377,12,3,1.0,1119,2065,891.3333333333334,1.2551363466567051,0.4687583475388028,0.003964804578030705,0.943170849869738,0.8660436263218182,0.908583416947661,1.0,86.36363636363637,60.70878274268105,False,False,历史峰值以下的恢复或波动,2026Q2
C0396,转写词与文本质量干扰的跨学科混杂,其他基础与关联学科,混杂待重分,质量限制观察,False,False,0,201658,2.4748432186820964e-06,0,165986,3.005512109208288e-06,0,146407,3.406412230382472e-06,0,128994,3.864913541884068e-06,0,120863,4.124119500486646e-06,0,0,0.8234347854063445,3,0,0.0,3.4256126271582758e-06,0.7224527370846096,0.60009008429316,-0.15974127876817157,0,0,3,0,2.962255852757619e-06,0,0,0.0,0,0,0.0,1.0,0.0,1.1318311670084796e-06,2.186583379942881,0.043384208007912116,0.5,0.6983240223463687,28.397534668721107,40.69337442218798,False,False,近期份额下降,2026Q2
C0397,风机发电装置与机舱结构,风能与水能海洋能源,宽泛待细分,能源电力直接相关,True,True,0,201658,2.4748432186820964e-06,0,165986,3.005512109208288e-06,0,146407,3.406412230382472e-06,0,128994,3.864913541884068e-06,0,120863,4.124119500486646e-06,0,0,0.8234347854063445,3,0,0.0,3.4256126271582758e-06,0.7224527370846096,0.60009008429316,-0.15974127876817157,0,0,3,0,2.962255852757619e-06,0,0,0.0,0,0,0.0,1.0,0.0,1.1318311670084796e-06,2.186583379942881,0.043384208007912116,0.5,0.6983240223463687,28.397534668721107,40.69337442218798,False,False,近期份额下降,2026Q2
C0398,锌锆系及其他无机纳米材料,能源材料与电化学基础,混杂待重分,质量限制观察,False,False,0,201658,2.4748432186820964e-06,0,165986,3.005512109208288e-06,0,146407,3.406412230382472e-06,0,128994,3.864913541884068e-06,0,120863,4.124119500486646e-06,0,0,0.8234347854063445,3,0,0.0,3.4256126271582758e-06,0.7224527370846096,0.60009008429316,-0.15974127876817157,0,0,3,0,2.962255852757619e-06,0,0,0.0,0,0,0.0,1.0,0.0,1.1318311670084796e-06,2.186583379942881,0.043384208007912116,0.5,0.6983240223463687,28.397534668721107,40.69337442218798,False,False,近期份额下降,2026Q2
C0399,可见光催化材料与反应,能源材料与电化学基础,宽泛待细分,关联基础或环境研究,True,False,0,201658,2.4748432186820964e-06,0,165986,3.005512109208288e-06,0,146407,3.406412230382472e-06,0,128994,3.864913541884068e-06,0,120863,4.124119500486646e-06,0,0,0.8234347854063445,3,0,0.0,3.4256126271582758e-06,0.7224527370846096,0.60009008429316,-0.15974127876817157,0,0,3,0,2.962255852757619e-06,0,0,0.0,0,0,0.0,1.0,0.0,1.1318311670084796e-06,2.186583379942881,0.043384208007912116,0.5,0.6983240223463687,28.397534668721107,40.69337442218798,False,False,近期份额下降,2026Q2
C0400,分类算法与跨领域技术文本混合,数字技术与测量,混杂待重分,质量限制观察,False,False,0,201658,2.4748432186820964e-06,0,165986,3.005512109208288e-06,0,146407,3.406412230382472e-06,0,128994,3.864913541884068e-06,0,120863,4.124119500486646e-06,0,0,0.8234347854063445,3,0,0.0,3.4256126271582758e-06,0.7224527370846096,0.60009008429316,-0.15974127876817157,0,0,3,0,2.962255852757619e-06,0,0,0.0,0,0,0.0,1.0,0.0,1.1318311670084796e-06,2.186583379942881,0.043384208007912116,0.5,0.6983240223463687,28.397534668721107,40.69337442218798,False,False,近期份额下降,2026Q2
C0401,期刊会议索引与出版信息,其他基础与关联学科,外围或非研究文本,质量限制观察,False,False,0,201658,2.4748432186820964e-06,0,165986,3.005512109208288e-06,0,146407,3.406412230382472e-06,0,128994,3.864913541884068e-06,0,120863,4.124119500486646e-06,0,0,0.8234347854063445,3,0,0.0,3.4256126271582758e-06,0.7224527370846096,0.60009008429316,-0.15974127876817157,0,0,3,0,2.962255852757619e-06,0,0,0.0,0,0,0.0,1.0,0.0,1.1318311670084796e-06,2.186583379942881,0.043384208007912116,0.5,0.6983240223463687,28.397534668721107,40.69337442218798,False,False,近期份额下降,2026Q2
C0402,晶格声子热输运与热膨胀,能源材料与电化学基础,关联基础研究,关联基础或环境研究,True,False,1300,201658,0.006437067211792133,889,165986,0.0053468060422815445,934,146407,0.00636658445858484,856,128994,0.006620596897247409,874,120863,0.007213085006351144,1300,889,1.2039088683765609,3,2679,893.0,0.006111329132704597,1.0533006931903501,0.8924152711529498,0.005504950228372607,3,4,3,3123,0.006050152570886172,12,3,1.0,1608,2787,1215.6666666666667,1.3224657534246576,0.3756999819701766,0.006065483223998442,1.0612620584496049,0.9932424848100693,0.036816687042414406,0.20303320060155003,88.38212634822806,72.00693374422187,False,False,历史峰值以下的恢复或波动,2026Q2
C0403,汽车技术产品与零部件资讯,交通与充电,外围或非研究文本,质量限制观察,False,False,0,201658,2.4748432186820964e-06,0,165986,3.005512109208288e-06,0,146407,3.406412230382472e-06,0,128994,3.864913541884068e-06,0,120863,4.124119500486646e-06,0,0,0.8234347854063445,3,0,0.0,3.4256126271582758e-06,0.7224527370846096,0.60009008429316,-0.15974127876817157,0,0,3,0,2.962255852757619e-06,0,0,0.0,0,0,0.0,1.0,0.0,1.1318311670084796e-06,2.186583379942881,0.043384208007912116,0.5,0.6983240223463687,28.397534668721107,40.69337442218798,False,False,近期份额下降,2026Q2
C0404,空调系统与能效控制装置,热工与能效,方向候选,能源电力直接相关,True,True,46,201658,0.00023016041933743498,33,165986,0.0002013693113169553,12,146407,8.51603057595618e-05,16,128994,0.00012754214688217425,25,120863,0.00021033009452481896,46,33,1.142976642429702,3,61,20.333333333333332,0.00013802392131956377,1.667540069409777,1.0942819184169388,0.49712055537435607,3,0,3,91,0.00017223001213798405,0,0,0.0,52,103,25.333333333333332,2.0126582278481013,0.1544776685549205,0.000139215233542043,1.653270360444617,1.129597701553261,0.0047522830337162585,0.03427127187776148,39.067796610169495,88.55546995377503,False,False,平稳或增长证据不足,2026Q2
C0405,群智能与多目标优化算法,数字技术与测量,关联基础研究,关联基础或环境研究,True,False,1135,201658,0.005620368949627041,803,165986,0.004829857959497719,686,146407,0.004677003992315134,654,128994,0.005059171826326245,647,120863,0.005340734753130206,1135,803,1.1636716849146287,3,2143,714.3333333333334,0.0048553445927130325,1.1575633494813462,1.0523587501388159,0.09186978940062218,4,4,3,2624,0.0050424103004799645,12,3,1.0,1364,2323,935.0,1.4583333333333333,0.3413299229944558,0.004852160212965352,1.158323036120896,1.0779198612537286,2.6801636374063664e-05,0.00028716038972211066,85.19260400616334,80.02311248073958,False,False,平稳或增长证据不足,2026Q2
C0406,结构基础抗震与工程力学,制造与通用装置,关联基础研究,关联基础或环境研究,False,False,724,201658,0.003586047823870358,290,165986,0.0017462025354500154,246,146407,0.0016793612295785587,193,128994,0.0014957215407091344,205,120863,0.0016950131147000116,724,290,2.0536265130013653,3,729,243.0,0.0016404284352459029,2.1860434425673705,2.0536265130013653,0.3793186053708246,4,4,3,1260,0.0023372038629663108,12,3,1.0,750,1131,286.0,2.6167247386759582,0.2101806337996169,0.001651341672665372,2.171596516475143,1.9594414667244222,2.046500230636668e-52,3.8371879324437523e-50,73.9291217257319,96.79506933744221,False,False,多年背景上持续抬升,2026Q2
C0407,水系锌电池负极及界面稳定,电化学储能,方向候选,能源电力直接相关,True,True,1469,201658,0.007273564219706681,1309,165986,0.007871436214016507,1046,146407,0.007129620798190513,731,128994,0.005654368511776392,503,120863,0.004152988336990053,1469,1309,0.9240453739248745,3,3086,1028.6666666666667,0.0068851418413278034,1.0564145790065482,0.9240453739248745,0.009994193218286984,2,4,3,3824,0.007424873743971234,12,3,1.0,1291,2005,894.0,1.4435754189944134,0.6423008972598364,0.006986793793943345,1.0410446385310426,0.9783428354307809,0.09682027704400048,0.45268915208252763,96.47919876733437,64.9768875192604,True,False,近期份额下降,2026Q2
C0408,配电网重构与优化运行,电网与电力系统,方向候选,能源电力直接相关,True,True,814,201658,0.004031519603233135,678,165986,0.0040784799321956465,575,146407,0.003920780477170226,528,128994,0.00408521361377146,497,120863,0.004103498902984213,814,678,0.9884858256646539,3,1781,593.6666666666666,0.004028158007712444,1.0008345242451402,0.9824590425261885,0.013926321171909617,2,4,3,2067,0.004010260004199669,12,3,1.0,717,1406,610.6666666666666,1.173841961852861,0.3425807355979735,0.004032714448051213,0.9997037120199137,0.9201677609116551,0.49641971114685257,0.6983240223463687,80.97072419106318,62.8813559322034,True,False,近期份额下降,2026Q2
C0409,氢氦在材料中的扩散与相互作用,能源材料与电化学基础,关联基础研究,关联基础或环境研究,True,False,946,201658,0.004684878212965209,732,165986,0.004403075239990142,616,146407,0.004200106280061588,580,128994,0.004487164622127403,561,120863,0.004631386199046504,946,732,1.0640013984806895,3,1928,642.6666666666666,0.0043634487140597105,1.073664094611632,1.0115498927577489,0.05461504525431771,3,4,3,2294,0.004429353244338979,12,3,1.0,1266,2177,939.0,1.347872340425532,0.3532952015879539,0.004365472811151706,1.0731662790334129,0.9928524704832449,0.03578001128502763,0.1987778404723757,84.15254237288137,71.82973805855161,False,False,平稳或增长证据不足,2026Q2
C0410,沸石硅基及多孔材料合成,能源材料与电化学基础,关联基础研究,关联基础或环境研究,True,False,744,201658,0.0036850415526176418,645,165986,0.0038801161329878996,645,146407,0.004397678189423771,584,128994,0.004518083930462475,604,120863,0.004986060476088355,744,645,0.949724551099959,3,1874,624.6666666666666,0.004265292750958049,0.8639598188869747,0.7390687638647769,-0.0883974578494886,1,4,3,2034,0.003987611958343104,12,3,1.0,1009,2002,913.0,1.1050328227571116,0.46805906255689,0.00424323504511479,0.8684509609855827,0.7977562450683114,0.9994235579235571,1.0,86.2557781201849,52.268875192604,False,False,近期份额下降,2026Q2
C0411,清洗清扫与净化装置混合,制造与通用装置,混杂待重分,质量限制观察,False,False,0,201658,2.4748432186820964e-06,0,165986,3.005512109208288e-06,0,146407,3.406412230382472e-06,0,128994,3.864913541884068e-06,0,120863,4.124119500486646e-06,0,0,0.8234347854063445,3,0,0.0,3.4256126271582758e-06,0.7224527370846096,0.60009008429316,-0.15974127876817157,0,0,3,0,2.962255852757619e-06,0,0,0.0,0,0,0.0,1.0,0.0,1.1318311670084796e-06,2.186583379942881,0.043384208007912116,0.5,0.6983240223463687,28.397534668721107,40.69337442218798,False,False,近期份额下降,2026Q2
C0412,质子交换膜燃料电池运行与建模,氢能与燃料电池,方向候选,能源电力直接相关,True,True,434,201658,0.002150638757034742,348,165986,0.002094841940118177,302,146407,0.0020608793993813954,248,128994,0.0019208620303163817,240,120863,0.0019837014797340767,434,348,1.0266353350331612,3,898,299.3333333333333,0.0020255277899386514,1.0617670948369857,1.0266353350331612,0.021316054849104038,2,4,3,1084,0.0021021200321781047,12,3,1.0,555,1054,404.3333333333333,1.3717105263157896,0.4358046258160455,0.002033900607114238,1.0573961920814487,0.942970766935845,0.16781352077010941,0.6766674224601186,78.54391371340523,67.84283513097074,True,False,平稳或增长证据不足,2026Q2
C0413,二次电池正极活性材料,电化学储能,方向候选,能源电力直接相关,True,True,3,201658,1.7323902530774674e-05,5,165986,3.306063320129117e-05,10,146407,7.15346568380319e-05,9,128994,7.343335729579729e-05,8,120863,7.011003150827298e-05,3,5,0.5240039543494919,3,24,8.0,5.934288244504012e-05,0.2919289022878026,0.23591325752671463,-0.7090474231022261,1,0,3,18,4.063973085669925e-05,0,0,0.0,9,29,15.666666666666666,0.6000000000000001,0.3275606580147204,5.5459727183415506e-05,0.31236905427755435,0.10191971087627351,0.9883306173885369,1.0,35.58551617873652,4.179506933744222,False,False,近期份额下降,2026Q2
C0414,多孔介质两相流与界面润湿,热工与能效,关联基础研究,关联基础或环境研究,True,False,1152,201658,0.0057045136190622325,604,165986,0.0036336641400328204,604,146407,0.004118352386532409,500,128994,0.003868778455425952,520,120863,0.004293208400006599,1152,604,1.569906683508374,3,1708,569.3333333333334,0.003873598327330394,1.4726652422409705,1.3287297255482553,0.16290227363980625,4,4,3,2360,0.004485510048542488,12,3,1.0,1233,2031,786.3333333333334,1.56731583403895,0.3776317610684236,0.003867467097667975,1.4749999095020017,1.368816502499239,3.3570154347762086e-25,1.936739673909351e-23,84.91525423728814,88.95223420647149,False,False,多年背景上持续抬升,2026Q2
C0415,林木育种栽培与植物生产,生物质与资源循环,关联基础研究,关联基础或环境研究,True,False,311,201658,0.0015418273252389462,308,165986,0.0018544009713815136,248,146407,0.0016929868785000885,233,128994,0.0018049146240598597,236,120863,0.0019507085237301836,311,308,0.8314422549564873,3,789,263.0,0.001784100824647154,0.8642041435880605,0.7903934936884539,-0.046763032422759476,1,4,3,867,0.001696405058373516,12,3,1.0,420,1057,383.6666666666667,1.0944540727902945,0.2210197454579704,0.0017871614127063895,0.8627241581408579,0.7566888604762597,0.9864040653032934,1.0,70.61633281972266,50.612480739599384,False,False,近期份额下降,2026Q2
C0416,晶体生长结构与性质,能源材料与电化学基础,关联基础研究,关联基础或环境研究,True,False,696,201658,0.0034474566036241604,586,165986,0.0035254657041013217,624,146407,0.004254608875747708,599,128994,0.0046340313367189976,514,120863,0.004243718966000759,696,586,0.9778726820724961,3,1809,603.0,0.004138035305522676,0.8331143523650318,0.7439433083473795,-0.10518304694105751,1,4,3,1906,0.0037425103944910636,12,3,1.0,1009,2050,945.0,1.0676532769556026,0.3813685301218763,0.004096096993403688,0.841644279707221,0.7712082158396237,0.9999443615829214,1.0,82.20338983050848,50.84360554699538,False,False,近期份额下降,2026Q2
C0417,固体氧化物电解池与可逆电化学单元,氢能与燃料电池,方向候选,能源电力直接相关,True,True,763,201658,0.0037790855949275614,634,165986,0.0038139948665853176,538,146407,0.0036687059721219224,454,128994,0.003513206409572618,396,120863,0.00327042676388591,763,634,0.9908470585622443,3,1626,542.0,0.0036653024160932858,1.0310433262845342,0.9908470585622443,0.01482153526295038,3,4,3,1935,0.0037539288112116,12,3,1.0,980,1883,760.0,1.2890932982917214,0.4439257750456661,0.0036818467862785842,1.0264103354358374,0.9418421862832438,0.27084630051120806,0.6983240223463687,84.70724191063174,67.30739599383668,True,False,近期份额下降,2026Q2
C0418,通用信息管理与软件系统,数字技术与测量,外围或非研究文本,质量限制观察,False,False,0,201658,2.4748432186820964e-06,0,165986,3.005512109208288e-06,0,146407,3.406412230382472e-06,0,128994,3.864913541884068e-06,0,120863,4.124119500486646e-06,0,0,0.8234347854063445,3,0,0.0,3.4256126271582758e-06,0.7224527370846096,0.60009008429316,-0.15974127876817157,0,0,3,0,2.962255852757619e-06,0,0,0.0,0,0,0.0,1.0,0.0,1.1318311670084796e-06,2.186583379942881,0.043384208007912116,0.5,0.6983240223463687,28.397534668721107,40.69337442218798,False,False,近期份额下降,2026Q2
C0419,聚合物气凝胶与复合材料,能源材料与电化学基础,关联基础研究,关联基础或环境研究,True,False,889,201658,0.0044027460860354495,848,165986,0.0051003540493264644,833,146407,0.005678489188047581,696,128994,0.005383824563844506,623,120863,0.0051427770171068475,889,848,0.8632236200576824,3,2377,792.3333333333334,0.005387555933739518,0.8172065664252866,0.7753375836838096,-0.1272283763106512,0,4,3,2570,0.005060529774469831,12,3,1.0,1085,2154,967.0,1.121900826446281,0.558497737979245,0.005381857199125321,0.8180718891521314,0.757416700419147,0.9999998411028654,1.0,92.0724191063174,44.676425269645605,False,False,近期份额下降,2026Q2
C0420,碳化硅功率半导体器件,电力电子与电机,方向候选,能源电力直接相关,True,True,791,201658,0.0039176768151737585,564,165986,0.0033932231712961573,412,146407,0.0028102900900655392,402,128994,0.0031112554012166747,393,120863,0.0032456820468829903,791,564,1.154559136668063,3,1378,459.3333333333333,0.0031049228875261238,1.2617629993043737,1.154559136668063,0.16610555800499371,4,4,3,1767,0.003373730025511818,12,3,1.0,765,1262,489.3333333333333,1.5622025832766826,0.3415937144852877,0.0031204585274423784,1.2554811354550526,1.1503999729143772,1.3978779695599967e-07,2.0557028964117596e-06,79.02927580893683,83.43605546995376,True,True,多年背景上持续抬升,2026Q2
C0421,柴油机及多燃料内燃机性能,化石能源,宽泛待细分,能源电力直接相关,True,True,0,201658,2.4748432186820964e-06,0,165986,3.005512109208288e-06,0,146407,3.406412230382472e-06,0,128994,3.864913541884068e-06,0,120863,4.124119500486646e-06,0,0,0.8234347854063445,3,0,0.0,3.4256126271582758e-06,0.7224527370846096,0.60009008429316,-0.15974127876817157,0,0,3,0,2.962255852757619e-06,0,0,0.0,0,0,0.0,1.0,0.0,1.1318311670084796e-06,2.186583379942881,0.043384208007912116,0.5,0.6983240223463687,28.397534668721107,40.69337442218798,False,False,近期份额下降,2026Q2
C0422,配电网规划运行与配置方法,电网与电力系统,宽泛待细分,能源电力直接相关,True,True,0,201658,2.4748432186820964e-06,0,165986,3.005512109208288e-06,0,146407,3.406412230382472e-06,0,128994,3.864913541884068e-06,0,120863,4.124119500486646e-06,0,0,0.8234347854063445,3,0,0.0,3.4256126271582758e-06,0.7224527370846096,0.60009008429316,-0.15974127876817157,0,0,3,0,2.962255852757619e-06,0,0,0.0,0,0,0.0,1.0,0.0,1.1318311670084796e-06,2.186583379942881,0.043384208007912116,0.5,0.6983240223463687,28.397534668721107,40.69337442218798,False,False,近期份额下降,2026Q2
C0423,气候变化适应与社会经济政策,碳与环境,宽泛待细分,关联基础或环境研究,True,False,0,201658,2.4748432186820964e-06,0,165986,3.005512109208288e-06,0,146407,3.406412230382472e-06,0,128994,3.864913541884068e-06,0,120863,4.124119500486646e-06,0,0,0.8234347854063445,3,0,0.0,3.4256126271582758e-06,0.7224527370846096,0.60009008429316,-0.15974127876817157,0,0,3,0,2.962255852757619e-06,0,0,0.0,0,0,0.0,1.0,0.0,1.1318311670084796e-06,2.186583379942881,0.043384208007912116,0.5,0.6983240223463687,28.397534668721107,40.69337442218798,False,False,近期份额下降,2026Q2
C0424,硅系半导体加工与材料性质,能源材料与电化学基础,关联基础研究,关联基础或环境研究,True,False,661,201658,0.0032742175783164137,470,165986,0.002828186894764999,477,146407,0.003253123680015261,442,128994,0.0034204484845674,486,120863,0.004012768273973507,661,470,1.1577090553587608,3,1389,463.0,0.003167253019782553,1.0337720282736378,0.8159498268446563,0.0032316330489408074,4,4,3,1608,0.0031185093843655583,12,3,1.0,892,1734,684.6666666666666,1.302382109868741,0.3015236789824234,0.003145358813116565,1.0409679063204142,0.9489160855628268,0.19376420242499898,0.6983240223463687,77.43451463790447,73.03543913713405,False,False,历史峰值以下的恢复或波动,2026Q2
C0425,巡检机器人与自主移动装置,电网与电力系统,宽泛待细分,能源电力直接相关,True,True,0,201658,2.4748432186820964e-06,0,165986,3.005512109208288e-06,0,146407,3.406412230382472e-06,0,128994,3.864913541884068e-06,0,120863,4.124119500486646e-06,0,0,0.8234347854063445,3,0,0.0,3.4256126271582758e-06,0.7224527370846096,0.60009008429316,-0.15974127876817157,0,0,3,0,2.962255852757619e-06,0,0,0.0,0,0,0.0,1.0,0.0,1.1318311670084796e-06,2.186583379942881,0.043384208007912116,0.5,0.6983240223463687,28.397534668721107,40.69337442218798,False,False,近期份额下降,2026Q2
C0426,太阳能光热及光伏光热系统,太阳能,宽泛待细分,能源电力直接相关,True,True,0,201658,2.4748432186820964e-06,0,165986,3.005512109208288e-06,0,146407,3.406412230382472e-06,0,128994,3.864913541884068e-06,0,120863,4.124119500486646e-06,0,0,0.8234347854063445,3,0,0.0,3.4256126271582758e-06,0.7224527370846096,0.60009008429316,-0.15974127876817157,0,0,3,0,2.962255852757619e-06,0,0,0.0,0,0,0.0,1.0,0.0,1.1318311670084796e-06,2.186583379942881,0.043384208007912116,0.5,0.6983240223463687,28.397534668721107,40.69337442218798,False,False,近期份额下降,2026Q2
C0427,通用电气工程应用与技术资料,电网与电力系统,宽泛待细分,能源电力直接相关,True,True,0,201658,2.4748432186820964e-06,0,165986,3.005512109208288e-06,0,146407,3.406412230382472e-06,0,128994,3.864913541884068e-06,0,120863,4.124119500486646e-06,0,0,0.8234347854063445,3,0,0.0,3.4256126271582758e-06,0.7224527370846096,0.60009008429316,-0.15974127876817157,0,0,3,0,2.962255852757619e-06,0,0,0.0,0,0,0.0,1.0,0.0,1.1318311670084796e-06,2.186583379942881,0.043384208007912116,0.5,0.6983240223463687,28.397534668721107,40.69337442218798,False,False,近期份额下降,2026Q2
C0428,固废电子废物回收与处置,生物质与资源循环,宽泛待细分,关联基础或环境研究,True,False,0,201658,2.4748432186820964e-06,0,165986,3.005512109208288e-06,0,146407,3.406412230382472e-06,0,128994,3.864913541884068e-06,0,120863,4.124119500486646e-06,0,0,0.8234347854063445,3,0,0.0,3.4256126271582758e-06,0.7224527370846096,0.60009008429316,-0.15974127876817157,0,0,3,0,2.962255852757619e-06,0,0,0.0,0,0,0.0,1.0,0.0,1.1318311670084796e-06,2.186583379942881,0.043384208007912116,0.5,0.6983240223463687,28.397534668721107,40.69337442218798,False,False,近期份额下降,2026Q2
C0429,磁性材料与铁氧体磁学,能源材料与电化学基础,关联基础研究,关联基础或环境研究,True,False,579,201658,0.00286834329045255,719,165986,0.004324931925150727,681,146407,0.004642939870011309,723,128994,0.005592529895106247,665,120863,0.005489203055147726,579,719,0.663211199642775,3,2123,707.6666666666666,0.004853467230089428,0.5909884943015674,0.5128883250069881,-0.24080657294656183,0,4,3,1979,0.003945405028538195,12,3,1.0,1121,2394,1199.6666666666667,0.9344808439755691,0.3852285378376955,0.004806886966285014,0.5967153608085233,0.5443433791332756,1.0,1.0,83.43605546995377,5.12326656394453,False,False,近期份额下降,2026Q2
C0430,电力系统电磁暂态与实时仿真,电网与电力系统,方向候选,能源电力直接相关,True,True,336,201658,0.001665569486173051,251,165986,0.0015117725909317688,285,146407,0.0019450613835483915,290,128994,0.0022455147678346436,273,120863,0.0022558933667661952,336,251,1.1017328242116697,3,826,275.3333333333333,0.0019007829141049345,0.876254449581559,0.7383192444776906,-0.07756321877381289,2,4,3,872,0.001707467820217737,12,3,1.0,319,752,322.0,0.9907120743034056,0.1883369218075911,0.0018709169190650168,0.8902423561412939,0.7842661236778217,0.9638675032129091,1.0,69.9537750385208,55.05392912172573,True,False,历史峰值以下的恢复或波动,2026Q2
C0431,电池负极储能材料与储氢材料混合,能源材料与电化学基础,混杂待重分,质量限制观察,False,False,0,201658,2.4748432186820964e-06,0,165986,3.005512109208288e-06,0,146407,3.406412230382472e-06,0,128994,3.864913541884068e-06,0,120863,4.124119500486646e-06,0,0,0.8234347854063445,3,0,0.0,3.4256126271582758e-06,0.7224527370846096,0.60009008429316,-0.15974127876817157,0,0,3,0,2.962255852757619e-06,0,0,0.0,0,0,0.0,1.0,0.0,1.1318311670084796e-06,2.186583379942881,0.043384208007912116,0.5,0.6983240223463687,28.397534668721107,40.69337442218798,False,False,近期份额下降,2026Q2
C0432,电机驱动控制方法与装置,电力电子与电机,宽泛待细分,能源电力直接相关,True,True,0,201658,2.4748432186820964e-06,0,165986,3.005512109208288e-06,0,146407,3.406412230382472e-06,0,128994,3.864913541884068e-06,0,120863,4.124119500486646e-06,0,0,0.8234347854063445,3,0,0.0,3.4256126271582758e-06,0.7224527370846096,0.60009008429316,-0.15974127876817157,0,0,3,0,2.962255852757619e-06,0,0,0.0,0,0,0.0,1.0,0.0,1.1318311670084796e-06,2.186583379942881,0.043384208007912116,0.5,0.6983240223463687,28.397534668721107,40.69337442218798,False,False,近期份额下降,2026Q2
C0433,风电功率预测与状态监测混合,风能与水能海洋能源,混杂待重分,质量限制观察,False,False,0,201658,2.4748432186820964e-06,0,165986,3.005512109208288e-06,0,146407,3.406412230382472e-06,0,128994,3.864913541884068e-06,0,120863,4.124119500486646e-06,0,0,0.8234347854063445,3,0,0.0,3.4256126271582758e-06,0.7224527370846096,0.60009008429316,-0.15974127876817157,0,0,3,0,2.962255852757619e-06,0,0,0.0,0,0,0.0,1.0,0.0,1.1318311670084796e-06,2.186583379942881,0.043384208007912116,0.5,0.6983240223463687,28.397534668721107,40.69337442218798,False,False,近期份额下降,2026Q2
C0434,风电光伏项目建设与扶持政策,能源政策与治理,政策类群,能源治理与政策研究,True,False,69,201658,0.00034400320739681143,8,165986,5.1093705856540894e-05,0,146407,3.406412230382472e-06,8,128994,6.570353021202915e-05,11,120863,9.485474851119286e-05,69,8,6.732790304204817,3,16,5.333333333333333,4.0067882766317504e-05,8.585509980726828,3.626631378989098,2.307495687797174,1,1,3,77,0.0001328344418279116,1,0,0.08333333333333333,7,11,3.0,2.0,0.0172751693233813,3.735042851127983e-05,9.210154236729103,5.384680589660452,2.0808846857880034e-23,1.0404423428940016e-21,38.12981510015408,91.89907550077042,False,False,多年背景上持续抬升,2026Q2
C0435,智能电表物联网与用能监测,电网与电力系统,宽泛待细分,能源电力直接相关,True,True,112,201658,0.0005568397242034717,55,165986,0.00033361184412211996,33,146407,0.0002282296194356256,30,128994,0.00023575972605492814,26,120863,0.00021857833352579225,112,55,1.6691245650128603,3,118,39.333333333333336,0.00026586706320422455,2.094429138729899,1.6691245650128603,0.44596261263855475,3,2,3,200,0.00037289372925373906,3,0,0.25,99,238,70.33333333333333,1.4018691588785048,0.3271399919018596,0.0002682439865810097,2.0758702974141268,1.6038009020613642,7.2350580000783566e-09,1.166978487856138e-07,50.44491525423729,91.36748844375963,False,False,多年背景上持续抬升,2026Q2
C0436,钠离子电池电极材料,电化学储能,方向候选,能源电力直接相关,True,True,2163,201658,0.010708646607237431,1583,165986,0.009518456849862649,1057,146407,0.007204561867258928,797,128994,0.006164537099305089,686,120863,0.0056624160741681655,2163,1583,1.1250402009640834,3,3437,1145.6666666666667,0.007629185272142222,1.4036422272165527,1.1250402009640834,0.19816854560408137,3,4,3,4803,0.009143888441453002,12,3,1.0,1754,2439,1008.0,1.7393458870168483,0.5828559838467897,0.007781339273183298,1.3761958232745954,1.3041279628686344,2.7998280623268474e-32,2.0998710467451355e-30,96.93374422187982,83.37827426810478,True,False,平稳或增长证据不足,2026Q2
C0437,矿物岩石与黏土性质,其他基础与关联学科,关联基础研究,关联基础或环境研究,False,False,1526,201658,0.007555696346636441,620,165986,0.0037298405275274856,581,146407,0.003961657423934815,457,128994,0.0035363958908239223,471,120863,0.003889044688958907,1526,620,2.0257424656289844,3,1658,552.6666666666666,0.0037426312807620743,2.018819322510966,1.907205883322425,0.3228196413399349,4,4,3,2727,0.005082398099366247,12,3,1.0,1820,2512,779.0,2.3346153846153848,0.3193223526817669,0.003754283980967127,2.0125532285093803,1.8773946624285776,4.950318578588263e-91,1.8563694669705986e-88,85.28505392912173,96.16332819722649,False,False,多年背景上持续抬升,2026Q2
C0438,电力设备数据诊断与异常检测,电网与电力系统,宽泛待细分,能源电力直接相关,True,True,0,201658,2.4748432186820964e-06,0,165986,3.005512109208288e-06,0,146407,3.406412230382472e-06,0,128994,3.864913541884068e-06,0,120863,4.124119500486646e-06,0,0,0.8234347854063445,3,0,0.0,3.4256126271582758e-06,0.7224527370846096,0.60009008429316,-0.15974127876817157,0,0,3,0,2.962255852757619e-06,0,0,0.0,0,0,0.0,1.0,0.0,1.1318311670084796e-06,2.186583379942881,0.043384208007912116,0.5,0.6983240223463687,28.397534668721107,40.69337442218798,False,False,近期份额下降,2026Q2
C0439,电气化铁路牵引与供电,交通与充电,方向候选,能源电力直接相关,True,True,358,201658,0.0017744625877950631,264,165986,0.0015899159057711843,242,146407,0.001652109931735499,236,128994,0.0018281041053111642,231,120863,0.0019094673287253171,358,264,1.1160732346622855,3,742,247.33333333333334,0.001690043314272616,1.0499509526232353,0.9292971715727769,0.03572219606289684,4,4,3,864,0.0016721628084339156,12,3,1.0,288,639,232.33333333333334,1.2385714285714284,0.1884126124020855,0.0016807692830075923,1.0557442985986838,0.930709509930005,0.19814667214275977,0.6983240223463687,69.53775038520801,73.59013867488444,True,False,历史峰值以下的恢复或波动,2026Q2
C0440,铜基硫族薄膜与光伏吸收材料,太阳能,方向候选,能源电力直接相关,True,True,301,201658,0.001492330460865304,312,165986,0.00187844506825518,346,146407,0.002360643675655053,342,128994,0.0026474657761905865,371,120863,0.003064220788861578,301,312,0.7944498809600411,3,1000,333.3333333333333,0.00229551817336694,0.6501061408180602,0.4870179284371137,-0.22929767999953077,0,4,3,959,0.0019104730682585121,12,3,1.0,534,1243,565.6666666666666,0.9441176470588236,0.3451796533018186,0.0022647941651839677,0.6589254263396087,0.579312438029082,0.9999999999222765,1.0,74.72265023112482,7.550077041602465,False,False,近期份额下降,2026Q2
C0441,二次电池电解液添加剂与配方,电化学储能,方向候选,能源电力直接相关,True,True,62,201658,0.00030935540233526204,70,165986,0.0004237772073983686,66,146407,0.0004530528266408688,67,128994,0.0005217633281543491,42,120863,0.0003505501575413649,62,70,0.7299953771332841,3,203,67.66666666666667,0.0004661977873978622,0.6635711509099295,0.5929036895512669,-0.19075897422789811,1,0,3,198,0.0003953951454581665,0,0,0.0,137,329,123.0,1.1129032258064515,0.5433411417669162,0.0004606552849724512,0.6715550921200493,0.5058029782162414,0.9974032402414431,1.0,54.22187981510016,13.740369799691832,False,False,近期份额下降,2026Q2
C0442,能源专项监管与企业整改公告,能源政策与治理,政策类群,能源治理与政策研究,True,False,11,201658,5.692139402968822e-05,6,165986,3.907165741970774e-05,6,146407,4.428335899497213e-05,9,128994,7.343335729579729e-05,7,120863,6.186179250729969e-05,11,6,1.4568461587958403,3,21,7.0,5.226279123682572e-05,1.0891380403268611,0.7751435604449195,0.12553115046563512,2,0,3,23,4.675880348145603e-05,0,0,0.0,1,3,0.6666666666666666,1.2000000000000002,0.0235344952902018,4.866874018136463e-05,1.1695678543880523,0.5715414801539478,0.35657253043879633,0.6983240223463687,32.26502311248075,74.96918335901387,False,False,历史峰值以下的恢复或波动,2026Q2
C0443,建筑能效与居民供热用能,热工与能效,宽泛待细分,能源电力直接相关,True,True,0,201658,2.4748432186820964e-06,0,165986,3.005512109208288e-06,0,146407,3.406412230382472e-06,0,128994,3.864913541884068e-06,0,120863,4.124119500486646e-06,0,0,0.8234347854063445,3,0,0.0,3.4256126271582758e-06,0.7224527370846096,0.60009008429316,-0.15974127876817157,0,0,3,0,2.962255852757619e-06,0,0,0.0,0,0,0.0,1.0,0.0,1.1318311670084796e-06,2.186583379942881,0.043384208007912116,0.5,0.6983240223463687,28.397534668721107,40.69337442218798,False,False,近期份额下降,2026Q2
C0444,通用计算硬件接口与电子系统,数字技术与测量,关联基础研究,关联基础或环境研究,True,False,405,201658,0.0020070978503511803,221,165986,0.0013314418643792715,183,146407,0.0012501532885503671,123,128994,0.0009546336448453648,147,120863,0.0012166152526435607,405,221,1.5074618757664682,3,527,175.66666666666666,0.0011787429325916677,1.7027443345414024,1.5074618757664682,0.23671182426224968,3,4,3,809,0.0015295643344269397,12,3,1.0,349,789,253.66666666666666,1.37434554973822,0.2322963184655688,0.001194081881193946,1.680871204866044,1.4767825332959035,8.29845626848274e-16,2.489536880544822e-14,69.7457627118644,88.37057010785823,False,False,多年背景上持续抬升,2026Q2
C0445,雷电电磁场与天体物理混合,其他基础与关联学科,混杂待重分,质量限制观察,False,False,0,201658,2.4748432186820964e-06,0,165986,3.005512109208288e-06,0,146407,3.406412230382472e-06,0,128994,3.864913541884068e-06,0,120863,4.124119500486646e-06,0,0,0.8234347854063445,3,0,0.0,3.4256126271582758e-06,0.7224527370846096,0.60009008429316,-0.15974127876817157,0,0,3,0,2.962255852757619e-06,0,0,0.0,0,0,0.0,1.0,0.0,1.1318311670084796e-06,2.186583379942881,0.043384208007912116,0.5,0.6983240223463687,28.397534668721107,40.69337442218798,False,False,近期份额下降,2026Q2
C0446,电力扰动孤岛及异常识别算法,电网与电力系统,宽泛待细分,能源电力直接相关,True,True,0,201658,2.4748432186820964e-06,0,165986,3.005512109208288e-06,0,146407,3.406412230382472e-06,0,128994,3.864913541884068e-06,0,120863,4.124119500486646e-06,0,0,0.8234347854063445,3,0,0.0,3.4256126271582758e-06,0.7224527370846096,0.60009008429316,-0.15974127876817157,0,0,3,0,2.962255852757619e-06,0,0,0.0,0,0,0.0,1.0,0.0,1.1318311670084796e-06,2.186583379942881,0.043384208007912116,0.5,0.6983240223463687,28.397534668721107,40.69337442218798,False,False,近期份额下降,2026Q2
C0447,电力安全风险与故障预警系统,电网与电力系统,宽泛待细分,能源电力直接相关,True,True,0,201658,2.4748432186820964e-06,0,165986,3.005512109208288e-06,0,146407,3.406412230382472e-06,0,128994,3.864913541884068e-06,0,120863,4.124119500486646e-06,0,0,0.8234347854063445,3,0,0.0,3.4256126271582758e-06,0.7224527370846096,0.60009008429316,-0.15974127876817157,0,0,3,0,2.962255852757619e-06,0,0,0.0,0,0,0.0,1.0,0.0,1.1318311670084796e-06,2.186583379942881,0.043384208007912116,0.5,0.6983240223463687,28.397534668721107,40.69337442218798,False,False,近期份额下降,2026Q2
C0448,水资源调度灌溉与水能利用,风能与水能海洋能源,宽泛待细分,能源电力直接相关,True,True,0,201658,2.4748432186820964e-06,0,165986,3.005512109208288e-06,0,146407,3.406412230382472e-06,0,128994,3.864913541884068e-06,0,120863,4.124119500486646e-06,0,0,0.8234347854063445,3,0,0.0,3.4256126271582758e-06,0.7224527370846096,0.60009008429316,-0.15974127876817157,0,0,3,0,2.962255852757619e-06,0,0,0.0,0,0,0.0,1.0,0.0,1.1318311670084796e-06,2.186583379942881,0.043384208007912116,0.5,0.6983240223463687,28.397534668721107,40.69337442218798,False,False,近期份额下降,2026Q2
C0449,电池单体壳体与组件结构,电化学储能,宽泛待细分,能源电力直接相关,True,True,0,201658,2.4748432186820964e-06,0,165986,3.005512109208288e-06,0,146407,3.406412230382472e-06,0,128994,3.864913541884068e-06,0,120863,4.124119500486646e-06,0,0,0.8234347854063445,3,0,0.0,3.4256126271582758e-06,0.7224527370846096,0.60009008429316,-0.15974127876817157,0,0,3,0,2.962255852757619e-06,0,0,0.0,0,0,0.0,1.0,0.0,1.1318311670084796e-06,2.186583379942881,0.043384208007912116,0.5,0.6983240223463687,28.397534668721107,40.69337442218798,False,False,近期份额下降,2026Q2
C0450,液压泵阀与流体传动,制造与通用装置,宽泛待细分,关联基础或环境研究,False,False,0,201658,2.4748432186820964e-06,0,165986,3.005512109208288e-06,0,146407,3.406412230382472e-06,0,128994,3.864913541884068e-06,0,120863,4.124119500486646e-06,0,0,0.8234347854063445,3,0,0.0,3.4256126271582758e-06,0.7224527370846096,0.60009008429316,-0.15974127876817157,0,0,3,0,2.962255852757619e-06,0,0,0.0,0,0,0.0,1.0,0.0,1.1318311670084796e-06,2.186583379942881,0.043384208007912116,0.5,0.6983240223463687,28.397534668721107,40.69337442218798,False,False,近期份额下降,2026Q2
C0451,电力系统暂态电压与稳定性分析,电网与电力系统,宽泛待细分,能源电力直接相关,True,True,0,201658,2.4748432186820964e-06,0,165986,3.005512109208288e-06,0,146407,3.406412230382472e-06,0,128994,3.864913541884068e-06,0,120863,4.124119500486646e-06,0,0,0.8234347854063445,3,0,0.0,3.4256126271582758e-06,0.7224527370846096,0.60009008429316,-0.15974127876817157,0,0,3,0,2.962255852757619e-06,0,0,0.0,0,0,0.0,1.0,0.0,1.1318311670084796e-06,2.186583379942881,0.043384208007912116,0.5,0.6983240223463687,28.397534668721107,40.69337442218798,False,False,近期份额下降,2026Q2
C0452,风光储及混合能源系统配置,电网与电力系统,宽泛待细分,能源电力直接相关,True,True,0,201658,2.4748432186820964e-06,0,165986,3.005512109208288e-06,0,146407,3.406412230382472e-06,0,128994,3.864913541884068e-06,0,120863,4.124119500486646e-06,0,0,0.8234347854063445,3,0,0.0,3.4256126271582758e-06,0.7224527370846096,0.60009008429316,-0.15974127876817157,0,0,3,0,2.962255852757619e-06,0,0,0.0,0,0,0.0,1.0,0.0,1.1318311670084796e-06,2.186583379942881,0.043384208007912116,0.5,0.6983240223463687,28.397534668721107,40.69337442218798,False,False,近期份额下降,2026Q2
C0453,电机制造与通用装配装置混合,制造与通用装置,混杂待重分,质量限制观察,False,False,0,201658,2.4748432186820964e-06,0,165986,3.005512109208288e-06,0,146407,3.406412230382472e-06,0,128994,3.864913541884068e-06,0,120863,4.124119500486646e-06,0,0,0.8234347854063445,3,0,0.0,3.4256126271582758e-06,0.7224527370846096,0.60009008429316,-0.15974127876817157,0,0,3,0,2.962255852757619e-06,0,0,0.0,0,0,0.0,1.0,0.0,1.1318311670084796e-06,2.186583379942881,0.043384208007912116,0.5,0.6983240223463687,28.397534668721107,40.69337442218798,False,False,近期份额下降,2026Q2
C0454,木材加工与木质资源利用,生物质与资源循环,宽泛待细分,关联基础或环境研究,True,False,0,201658,2.4748432186820964e-06,0,165986,3.005512109208288e-06,0,146407,3.406412230382472e-06,0,128994,3.864913541884068e-06,0,120863,4.124119500486646e-06,0,0,0.8234347854063445,3,0,0.0,3.4256126271582758e-06,0.7224527370846096,0.60009008429316,-0.15974127876817157,0,0,3,0,2.962255852757619e-06,0,0,0.0,0,0,0.0,1.0,0.0,1.1318311670084796e-06,2.186583379942881,0.043384208007912116,0.5,0.6983240223463687,28.397534668721107,40.69337442218798,False,False,近期份额下降,2026Q2
C0455,污染物吸附氧化与分离,碳与环境,宽泛待细分,关联基础或环境研究,True,False,0,201658,2.4748432186820964e-06,0,165986,3.005512109208288e-06,0,146407,3.406412230382472e-06,0,128994,3.864913541884068e-06,0,120863,4.124119500486646e-06,0,0,0.8234347854063445,3,0,0.0,3.4256126271582758e-06,0.7224527370846096,0.60009008429316,-0.15974127876817157,0,0,3,0,2.962255852757619e-06,0,0,0.0,0,0,0.0,1.0,0.0,1.1318311670084796e-06,2.186583379942881,0.043384208007912116,0.5,0.6983240223463687,28.397534668721107,40.69337442218798,False,False,近期份额下降,2026Q2
C0456,电极组件与活性材料加工,电化学储能,宽泛待细分,能源电力直接相关,True,True,0,201658,2.4748432186820964e-06,0,165986,3.005512109208288e-06,0,146407,3.406412230382472e-06,0,128994,3.864913541884068e-06,0,120863,4.124119500486646e-06,0,0,0.8234347854063445,3,0,0.0,3.4256126271582758e-06,0.7224527370846096,0.60009008429316,-0.15974127876817157,0,0,3,0,2.962255852757619e-06,0,0,0.0,0,0,0.0,1.0,0.0,1.1318311670084796e-06,2.186583379942881,0.043384208007912116,0.5,0.6983240223463687,28.397534668721107,40.69337442218798,False,False,近期份额下降,2026Q2
C0457,电网状态估计相量测量与系统分析,电网与电力系统,宽泛待细分,能源电力直接相关,True,True,0,201658,2.4748432186820964e-06,0,165986,3.005512109208288e-06,0,146407,3.406412230382472e-06,0,128994,3.864913541884068e-06,0,120863,4.124119500486646e-06,0,0,0.8234347854063445,3,0,0.0,3.4256126271582758e-06,0.7224527370846096,0.60009008429316,-0.15974127876817157,0,0,3,0,2.962255852757619e-06,0,0,0.0,0,0,0.0,1.0,0.0,1.1318311670084796e-06,2.186583379942881,0.043384208007912116,0.5,0.6983240223463687,28.397534668721107,40.69337442218798,False,False,近期份额下降,2026Q2
C0458,气固流动分离与杂项工艺混合,热工与能效,混杂待重分,质量限制观察,False,False,0,201658,2.4748432186820964e-06,0,165986,3.005512109208288e-06,0,146407,3.406412230382472e-06,0,128994,3.864913541884068e-06,0,120863,4.124119500486646e-06,0,0,0.8234347854063445,3,0,0.0,3.4256126271582758e-06,0.7224527370846096,0.60009008429316,-0.15974127876817157,0,0,3,0,2.962255852757619e-06,0,0,0.0,0,0,0.0,1.0,0.0,1.1318311670084796e-06,2.186583379942881,0.043384208007912116,0.5,0.6983240223463687,28.397534668721107,40.69337442218798,False,False,近期份额下降,2026Q2
C0459,钛合金陶瓷与MAX相材料,能源材料与电化学基础,关联基础研究,关联基础或环境研究,True,False,934,201658,0.004625481975716838,815,165986,0.004901990250118718,745,146407,0.005078960635500266,735,128994,0.005685287820111464,655,120863,0.005406720665137993,934,815,0.943592651087957,3,2295,765.0,0.005222079568576815,0.8857547869530894,0.813588005053041,-0.046763032422759476,0,4,3,2494,0.004868810953778607,12,3,1.0,1200,2117,909.6666666666666,1.3188140556368961,0.4365253295120543,0.00519623688773593,0.890159951451371,0.8249691127783261,0.9986016067208493,1.0,87.65793528505394,53.22804314329738,False,False,近期份额下降,2026Q2
C0460,电场空间电荷与界面建模,能源材料与电化学基础,关联基础研究,关联基础或环境研究,True,False,809,201658,0.004006771171046314,584,165986,0.0035134436556644886,536,146407,0.0036550803232003925,500,128994,0.003868778455425952,454,120863,0.0037488246259423613,809,584,1.1404113922779058,3,1620,540.0,0.003679100811430278,1.0890626205724034,1.0356682909632182,0.04593382675529645,3,4,3,1929,0.003725098383303732,12,3,1.0,963,1735,687.3333333333334,1.4004842615012105,0.3489711531254687,0.0036682648122744826,1.0922796951951632,1.0039166277739422,0.01917301888638736,0.11690865174626439,80.84745762711864,74.05624036979968,False,False,平稳或增长证据不足,2026Q2
C0461,电催化制氨与氮循环反应,氢能与燃料电池,宽泛待细分,能源电力直接相关,True,True,0,201658,2.4748432186820964e-06,0,165986,3.005512109208288e-06,0,146407,3.406412230382472e-06,0,128994,3.864913541884068e-06,0,120863,4.124119500486646e-06,0,0,0.8234347854063445,3,0,0.0,3.4256126271582758e-06,0.7224527370846096,0.60009008429316,-0.15974127876817157,0,0,3,0,2.962255852757619e-06,0,0,0.0,0,0,0.0,1.0,0.0,1.1318311670084796e-06,2.186583379942881,0.043384208007912116,0.5,0.6983240223463687,28.397534668721107,40.69337442218798,False,False,近期份额下降,2026Q2
C0462,超导电力装置与故障限流,电网与电力系统,方向候选,能源电力直接相关,True,True,286,201658,0.0014180851643048414,272,165986,0.0016380040995185169,242,146407,0.001652109931735499,222,128994,0.0017198865261384103,235,120863,0.0019424602847292103,286,272,0.8657396918125421,3,736,245.33333333333334,0.0016700001857974753,0.8491526985236011,0.7300458987260737,-0.07637286587954373,1,4,3,800,0.0015693997318529523,12,3,1.0,301,608,277.0,1.0863309352517985,0.2613751815216809,0.0016671873090034906,0.85058538812442,0.7420764631853901,0.990037059981375,1.0,69.47611710323575,49.834360554699536,True,False,近期份额下降,2026Q2
C0463,区域供热预测与热系统建模,热工与能效,宽泛待细分,能源电力直接相关,True,True,0,201658,2.4748432186820964e-06,0,165986,3.005512109208288e-06,0,146407,3.406412230382472e-06,0,128994,3.864913541884068e-06,0,120863,4.124119500486646e-06,0,0,0.8234347854063445,3,0,0.0,3.4256126271582758e-06,0.7224527370846096,0.60009008429316,-0.15974127876817157,0,0,3,0,2.962255852757619e-06,0,0,0.0,0,0,0.0,1.0,0.0,1.1318311670084796e-06,2.186583379942881,0.043384208007912116,0.5,0.6983240223463687,28.397534668721107,40.69337442218798,False,False,近期份额下降,2026Q2
C0464,潜热及热化学储热系统,热工与能效,宽泛待细分,能源电力直接相关,True,True,0,201658,2.4748432186820964e-06,0,165986,3.005512109208288e-06,0,146407,3.406412230382472e-06,0,128994,3.864913541884068e-06,0,120863,4.124119500486646e-06,0,0,0.8234347854063445,3,0,0.0,3.4256126271582758e-06,0.7224527370846096,0.60009008429316,-0.15974127876817157,0,0,3,0,2.962255852757619e-06,0,0,0.0,0,0,0.0,1.0,0.0,1.1318311670084796e-06,2.186583379942881,0.043384208007912116,0.5,0.6983240223463687,28.397534668721107,40.69337442218798,False,False,近期份额下降,2026Q2
C0465,功率因数校正与变流器电流控制,电力电子与电机,宽泛待细分,能源电力直接相关,True,True,0,201658,2.4748432186820964e-06,0,165986,3.005512109208288e-06,0,146407,3.406412230382472e-06,0,128994,3.864913541884068e-06,0,120863,4.124119500486646e-06,0,0,0.8234347854063445,3,0,0.0,3.4256126271582758e-06,0.7224527370846096,0.60009008429316,-0.15974127876817157,0,0,3,0,2.962255852757619e-06,0,0,0.0,0,0,0.0,1.0,0.0,1.1318311670084796e-06,2.186583379942881,0.043384208007912116,0.5,0.6983240223463687,28.397534668721107,40.69337442218798,False,False,近期份额下降,2026Q2
C0466,新能源汽车产业与推广政策,能源政策与治理,政策类群,能源治理与政策研究,True,False,34,201658,0.00017076418208906465,10,165986,6.311575429337405e-05,7,146407,5.109618345573708e-05,10,128994,8.116318437956543e-05,7,120863,6.186179250729969e-05,34,10,2.705571437763703,3,27,9.0,6.512504070955885e-05,2.6220971262133954,2.10396109263621,0.6032868729793526,3,0,3,51,9.499203994605859e-05,0,0,0.0,13,37,10.333333333333334,1.2352941176470587,0.1034596762410005,6.225071418546638e-05,2.7431682402919777,1.6620792265571254,2.0305550013144685e-05,0.000220712500142877,36.10169491525424,92.40755007704159,False,False,多年背景上持续抬升,2026Q2
C0467,燃料电池电堆与系统装置,氢能与燃料电池,宽泛待细分,能源电力直接相关,True,True,0,201658,2.4748432186820964e-06,0,165986,3.005512109208288e-06,0,146407,3.406412230382472e-06,0,128994,3.864913541884068e-06,0,120863,4.124119500486646e-06,0,0,0.8234347854063445,3,0,0.0,3.4256126271582758e-06,0.7224527370846096,0.60009008429316,-0.15974127876817157,0,0,3,0,2.962255852757619e-06,0,0,0.0,0,0,0.0,1.0,0.0,1.1318311670084796e-06,2.186583379942881,0.043384208007912116,0.5,0.6983240223463687,28.397534668721107,40.69337442218798,False,False,近期份额下降,2026Q2
C0468,网络攻击检测与信息安全,数字技术与测量,宽泛待细分,关联基础或环境研究,True,False,0,201658,2.4748432186820964e-06,0,165986,3.005512109208288e-06,0,146407,3.406412230382472e-06,0,128994,3.864913541884068e-06,0,120863,4.124119500486646e-06,0,0,0.8234347854063445,3,0,0.0,3.4256126271582758e-06,0.7224527370846096,0.60009008429316,-0.15974127876817157,0,0,3,0,2.962255852757619e-06,0,0,0.0,0,0,0.0,1.0,0.0,1.1318311670084796e-06,2.186583379942881,0.043384208007912116,0.5,0.6983240223463687,28.397534668721107,40.69337442218798,False,False,近期份额下降,2026Q2
C0469,燃料电池技术与固体氧化物电池,氢能与燃料电池,宽泛待细分,能源电力直接相关,True,True,0,201658,2.4748432186820964e-06,0,165986,3.005512109208288e-06,0,146407,3.406412230382472e-06,0,128994,3.864913541884068e-06,0,120863,4.124119500486646e-06,0,0,0.8234347854063445,3,0,0.0,3.4256126271582758e-06,0.7224527370846096,0.60009008429316,-0.15974127876817157,0,0,3,0,2.962255852757619e-06,0,0,0.0,0,0,0.0,1.0,0.0,1.1318311670084796e-06,2.186583379942881,0.043384208007912116,0.5,0.6983240223463687,28.397534668721107,40.69337442218798,False,False,近期份额下降,2026Q2
C0470,电力储能系统集成与运行装置,电化学储能,宽泛待细分,能源电力直接相关,True,True,0,201658,2.4748432186820964e-06,0,165986,3.005512109208288e-06,0,146407,3.406412230382472e-06,0,128994,3.864913541884068e-06,0,120863,4.124119500486646e-06,0,0,0.8234347854063445,3,0,0.0,3.4256126271582758e-06,0.7224527370846096,0.60009008429316,-0.15974127876817157,0,0,3,0,2.962255852757619e-06,0,0,0.0,0,0,0.0,1.0,0.0,1.1318311670084796e-06,2.186583379942881,0.043384208007912116,0.5,0.6983240223463687,28.397534668721107,40.69337442218798,False,False,近期份额下降,2026Q2
C0471,风力机叶片塔架与气动结构,风能与水能海洋能源,方向候选,能源电力直接相关,True,True,35,201658,0.00017571386852642884,17,165986,0.00010519292382229007,23,146407,0.00016010137482797617,40,128994,0.0003130579968926095,27,120863,0.00022682657252676554,35,17,1.670396278967156,3,80,26.666666666666668,0.00019278409851429196,0.9114541597599782,0.561282159441866,0.046524858897456944,3,0,3,75,0.0001470027223922317,0,0,0.0,28,83,27.0,1.0357142857142858,0.1724996508224975,0.00018222481788836522,0.9642696892915809,0.6496825855965045,0.5846640636143672,0.8001789191802471,38.26656394453005,69.84206471494606,False,False,历史峰值以下的恢复或波动,2026Q2
C0472,多电平逆变器拓扑与调制,电力电子与电机,方向候选,能源电力直接相关,True,True,770,201658,0.0038137333999891106,716,165986,0.004306898852495477,765,146407,0.0052152171247155646,721,128994,0.00557707024093871,750,120863,0.006190303370230456,770,716,0.8854940713964946,3,2202,734.0,0.005033062072716584,0.7577362140361318,0.6160818253802529,-0.15648605893695589,0,4,3,2251,0.004445283125733384,12,3,1.0,760,1488,713.0,1.0658263305322129,0.2995503228679743,0.004985716290672353,0.7649318929607217,0.704684299308129,0.9999999999320317,1.0,80.5315870570108,43.07395993836671,True,False,近期份额下降,2026Q2
C0473,二氧化碳地质封存与驱油,碳与环境,方向候选,能源电力直接相关,True,True,1773,201658,0.008778268896665397,1173,165986,0.007053936920311852,842,146407,0.0057398046081944655,599,128994,0.0046340313367189976,520,120863,0.004293208400006599,1773,1173,1.2444495883409903,3,2614,871.3333333333334,0.005809257621741772,1.5110827352210687,1.2444495883409903,0.21242702722540807,3,4,3,3788,0.007190670141723904,12,3,1.0,1488,2151,784.0,1.8968152866242038,0.4524750905009565,0.00591834517228734,1.4832303019042643,1.3964420387797534,8.901615602719238e-39,9.537445288627756e-37,91.6486902927581,86.81432973805853,True,True,多年背景上持续抬升,2026Q2
C0474,焦炭钙基反应与无机工艺材料混合,能源材料与电化学基础,混杂待重分,质量限制观察,False,False,0,201658,2.4748432186820964e-06,0,165986,3.005512109208288e-06,0,146407,3.406412230382472e-06,0,128994,3.864913541884068e-06,0,120863,4.124119500486646e-06,0,0,0.8234347854063445,3,0,0.0,3.4256126271582758e-06,0.7224527370846096,0.60009008429316,-0.15974127876817157,0,0,3,0,2.962255852757619e-06,0,0,0.0,0,0,0.0,1.0,0.0,1.1318311670084796e-06,2.186583379942881,0.043384208007912116,0.5,0.6983240223463687,28.397534668721107,40.69337442218798,False,False,近期份额下降,2026Q2
C0475,钢铁合金腐蚀与耐蚀性能,能源材料与电化学基础,关联基础研究,关联基础或环境研究,True,False,1127,201658,0.0055807714581281274,801,165986,0.004817835911060886,774,146407,0.005276532544862449,759,128994,0.0058708036701219,671,120863,0.005538692489153565,1127,801,1.1583564822777959,3,2334,778.0,0.005321724042015079,1.0486773485561947,0.9505975283299245,0.028028926991783276,3,4,3,2702,0.005225046638017154,12,3,1.0,1237,2049,884.3333333333334,1.3983433734939759,0.4354977554486778,0.005284519718762592,1.0560602959458547,0.983598498338774,0.06306710137615992,0.32847448633416626,88.63636363636364,72.81587057010785,False,False,历史峰值以下的恢复或波动,2026Q2
C0476,工业废水处理与电化学净化,碳与环境,方向候选,关联基础或环境研究,True,False,915,201658,0.004531437933406919,1107,165986,0.0066572093218963575,982,146407,0.006693600032701558,772,128994,0.005971291422210885,679,120863,0.005604678401161352,915,1107,0.6806813056790144,3,2861,953.6666666666666,0.006440700258936266,0.7035629281334267,0.6769806847240044,-0.19505626858259717,0,4,3,3004,0.005960749096001611,12,3,1.0,1270,2744,1307.3333333333333,0.9714649681528663,0.525733452131921,0.006477469768789529,0.6995691365849056,0.6493957098060191,1.0,1.0,92.81972265023113,7.280431432973806,False,False,近期份额下降,2026Q2
C0477,节能审查与碳排放评价政策,能源政策与治理,政策类群,能源治理与政策研究,True,False,22,201658,0.00011136794484069434,10,165986,6.311575429337405e-05,14,146407,9.878595468109169e-05,14,128994,0.00011208249271463797,14,120863,0.00011959946551411274,22,10,1.7645031115850238,3,38,12.666666666666666,9.132806722970123e-05,1.219427370126977,0.9311742687307655,0.05994205112375095,3,0,3,46,9.108988460505336e-05,0,0,0.0,31,63,14.0,2.1333333333333333,0.1175561739643296,8.715099985965294e-05,1.2778734038627224,0.7596346459030702,0.18779807265011822,0.6983240223463687,36.10169491525424,82.92372881355932,False,False,历史峰值以下的恢复或波动,2026Q2
C0478,抗菌生物医用纳米材料,其他基础与关联学科,外围或非研究文本,质量限制观察,False,False,0,201658,2.4748432186820964e-06,0,165986,3.005512109208288e-06,0,146407,3.406412230382472e-06,0,128994,3.864913541884068e-06,0,120863,4.124119500486646e-06,0,0,0.8234347854063445,3,0,0.0,3.4256126271582758e-06,0.7224527370846096,0.60009008429316,-0.15974127876817157,0,0,3,0,2.962255852757619e-06,0,0,0.0,0,0,0.0,1.0,0.0,1.1318311670084796e-06,2.186583379942881,0.043384208007912116,0.5,0.6983240223463687,28.397534668721107,40.69337442218798,False,False,近期份额下降,2026Q2
C0479,电机绕组线圈与电磁部件,电力电子与电机,宽泛待细分,能源电力直接相关,True,True,0,201658,2.4748432186820964e-06,0,165986,3.005512109208288e-06,0,146407,3.406412230382472e-06,0,128994,3.864913541884068e-06,0,120863,4.124119500486646e-06,0,0,0.8234347854063445,3,0,0.0,3.4256126271582758e-06,0.7224527370846096,0.60009008429316,-0.15974127876817157,0,0,3,0,2.962255852757619e-06,0,0,0.0,0,0,0.0,1.0,0.0,1.1318311670084796e-06,2.186583379942881,0.043384208007912116,0.5,0.6983240223463687,28.397534668721107,40.69337442218798,False,False,近期份额下降,2026Q2
C0480,燃气轮机与航空发动机装置,化石能源,宽泛待细分,能源电力直接相关,True,True,0,201658,2.4748432186820964e-06,0,165986,3.005512109208288e-06,0,146407,3.406412230382472e-06,0,128994,3.864913541884068e-06,0,120863,4.124119500486646e-06,0,0,0.8234347854063445,3,0,0.0,3.4256126271582758e-06,0.7224527370846096,0.60009008429316,-0.15974127876817157,0,0,3,0,2.962255852757619e-06,0,0,0.0,0,0,0.0,1.0,0.0,1.1318311670084796e-06,2.186583379942881,0.043384208007912116,0.5,0.6983240223463687,28.397534668721107,40.69337442218798,False,False,近期份额下降,2026Q2
C0481,微生物燃料电池与生物产电,生物质与资源循环,方向候选,能源电力直接相关,True,True,825,201658,0.004085966154044141,661,165986,0.003976292520482565,638,146407,0.004349988418198417,578,128994,0.004471704967959867,527,120863,0.004350946073013412,825,661,1.0275818826197087,3,1877,625.6666666666666,0.004265995302213616,0.9577990280307955,0.9137378658297951,-0.03130748482437751,2,4,3,2124,0.004137415697575041,12,3,1.0,1184,2138,916.3333333333334,1.2917877906976745,0.4946326818967595,0.004250026032116841,0.9613979121932612,0.8858398174063437,0.8234049569944824,1.0,88.08936825885979,62.842835130970734,True,False,历史峰值以下的恢复或波动,2026Q2
C0482,半导体光电探测器,能源材料与电化学基础,关联基础研究,关联基础或环境研究,True,False,1636,201658,0.008100161854746503,1473,165986,0.008857244185836825,1311,146407,0.008935019280293223,1155,128994,0.00893181519529408,951,120863,0.007848199409426087,1636,1473,0.9145239404937108,3,3939,1313.0,0.008908026220474709,0.9093105087778743,0.9065634444250105,-0.04904713145101791,1,4,3,4420,0.008630808440292183,12,3,1.0,1765,2722,1214.6666666666667,1.4527008500137097,0.5511944046616669,0.008917697764859811,0.9083243308228264,0.8574471345994633,0.999435543721477,1.0,96.21725731895225,56.483050847457626,False,False,近期份额下降,2026Q2
C0483,电催化氧化还原与催化材料综述,能源材料与电化学基础,宽泛待细分,关联基础或环境研究,True,False,0,201658,2.4748432186820964e-06,0,165986,3.005512109208288e-06,0,146407,3.406412230382472e-06,0,128994,3.864913541884068e-06,0,120863,4.124119500486646e-06,0,0,0.8234347854063445,3,0,0.0,3.4256126271582758e-06,0.7224527370846096,0.60009008429316,-0.15974127876817157,0,0,3,0,2.962255852757619e-06,0,0,0.0,0,0,0.0,1.0,0.0,1.1318311670084796e-06,2.186583379942881,0.043384208007912116,0.5,0.6983240223463687,28.397534668721107,40.69337442218798,False,False,近期份额下降,2026Q2
C0484,配电系统供电设备与可靠性,电网与电力系统,宽泛待细分,能源电力直接相关,True,True,0,201658,2.4748432186820964e-06,0,165986,3.005512109208288e-06,0,146407,3.406412230382472e-06,0,128994,3.864913541884068e-06,0,120863,4.124119500486646e-06,0,0,0.8234347854063445,3,0,0.0,3.4256126271582758e-06,0.7224527370846096,0.60009008429316,-0.15974127876817157,0,0,3,0,2.962255852757619e-06,0,0,0.0,0,0,0.0,1.0,0.0,1.1318311670084796e-06,2.186583379942881,0.043384208007912116,0.5,0.6983240223463687,28.397534668721107,40.69337442218798,False,False,近期份额下降,2026Q2
C0485,锂钠储能负极纳米材料,电化学储能,宽泛待细分,能源电力直接相关,True,True,0,201658,2.4748432186820964e-06,0,165986,3.005512109208288e-06,0,146407,3.406412230382472e-06,0,128994,3.864913541884068e-06,0,120863,4.124119500486646e-06,0,0,0.8234347854063445,3,0,0.0,3.4256126271582758e-06,0.7224527370846096,0.60009008429316,-0.15974127876817157,0,0,3,0,2.962255852757619e-06,0,0,0.0,0,0,0.0,1.0,0.0,1.1318311670084796e-06,2.186583379942881,0.043384208007912116,0.5,0.6983240223463687,28.397534668721107,40.69337442218798,False,False,近期份额下降,2026Q2
C0486,能源发展可及性与能源贫困,能源政策与治理,宽泛待细分,能源治理与政策研究,True,False,0,201658,2.4748432186820964e-06,0,165986,3.005512109208288e-06,0,146407,3.406412230382472e-06,0,128994,3.864913541884068e-06,0,120863,4.124119500486646e-06,0,0,0.8234347854063445,3,0,0.0,3.4256126271582758e-06,0.7224527370846096,0.60009008429316,-0.15974127876817157,0,0,3,0,2.962255852757619e-06,0,0,0.0,0,0,0.0,1.0,0.0,1.1318311670084796e-06,2.186583379942881,0.043384208007912116,0.5,0.6983240223463687,28.397534668721107,40.69337442218798,False,False,近期份额下降,2026Q2
C0487,电池冷却与散热,电化学储能,方向候选,能源电力直接相关,True,True,987,201658,0.0048878153568971405,805,165986,0.004841880007934552,627,146407,0.004275047349130002,433,128994,0.003350880040813487,325,120863,0.0026848017948168067,987,805,1.0094870894956738,3,1865,621.6666666666666,0.004155935799292681,1.1761046351411448,1.0094870894956738,0.06697513411649725,2,4,3,2419,0.004668247571320565,12,3,1.0,969,1556,619.6666666666666,1.5628356605800215,0.6025688120509898,0.0042228620841086376,1.1574650697901874,1.071542533699898,8.972555029021478e-05,0.0008627456758674498,91.37904468412943,72.17257318952235,True,False,平稳或增长证据不足,2026Q2
C0488,电池低温预热,电化学储能,方向候选,能源电力直接相关,True,True,42,201658,0.0002103616735879782,27,165986,0.00016530316600645584,22,146407,0.00015328855036721124,20,128994,0.00015846145521724678,15,120863,0.00012784770451508602,42,27,1.2725810319916233,3,69,23.0,0.00015901772386363796,1.322881930874379,1.2725810319916233,0.15825310459182695,2,0,3,91,0.00017631779665388178,0,0,0.0,80,145,42.0,1.8837209302325582,0.5733225327909173,0.00015732453221417868,1.337119333058596,0.9128864003416868,0.07062277338475499,0.34846763183267265,50.36979969183359,81.73343605546995,False,False,多年背景上持续抬升,2026Q2
C0489,海上风电开发与技术经济,风能与水能海洋能源,方向候选,能源电力直接相关,True,True,53,201658,0.0002648082243989843,39,165986,0.00023743545662745474,20,146407,0.00013966290144568134,24,128994,0.00018938076355231933,23,120863,0.00019383361652287236,53,39,1.115285089094669,3,83,27.666666666666668,0.0001888263738751518,1.402390031458583,1.115285089094669,0.31988710511062735,2,0,3,112,0.00021396886082404015,0,0,0.0,90,169,53.0,1.6851851851851851,0.5176124522574993,0.0001890158048904161,1.400984560801726,0.9939549102785861,0.027859761154180172,0.16197535554755915,49.55315870570109,81.94915254237289,False,False,平稳或增长证据不足,2026Q2
C0490,风能资源评估与选址,风能与水能海洋能源,方向候选,能源电力直接相关,True,True,165,201658,0.0008191731053837739,126,165986,0.0007603945636296969,133,146407,0.00090951206551212,86,128994,0.0006686300427459437,115,120863,0.0009526716046124152,165,126,1.077300055215415,3,345,115.0,0.0007795122239625869,1.050879101317455,0.8598693415629263,-0.052306420279764954,2,3,3,424,0.0008296932448418636,8,1,0.6666666666666666,270,622,209.33333333333334,1.2884310618066561,0.3682942676901374,0.0007820953364028595,1.0474082471216983,0.8702562214337921,0.3143425933683561,0.6983240223463687,64.64560862865947,65.43913713405239,False,False,历史峰值以下的恢复或波动,2026Q2
C0491,电池电极涂布与辊压,能源专用装置与材料,方向候选,能源电力直接相关,True,True,7,201658,3.7122648280231446e-05,3,165986,2.1038584764458018e-05,1,146407,1.0219236691147416e-05,5,128994,4.251404896072475e-05,3,120863,2.8868836503406523e-05,7,3,1.7645031115850238,3,9,3.0,2.459062347211006e-05,1.5096261517051337,0.8731854337027749,0.6449776774488791,2,0,3,11,2.2793489911945627e-05,0,0,0.0,4,10,3.3333333333333335,1.1538461538461537,0.5583290243042877,2.1504792173161113e-05,1.726250036797011,0.6626973934605506,0.14270796037460987,0.5880822542909747,42.195685670261945,85.07704160246533,False,False,历史峰值以下的恢复或波动,2026Q2
C0492,光生物制氢,氢能与燃料电池,方向候选,能源电力直接相关,True,True,0,201658,2.4748432186820964e-06,3,165986,2.1038584764458018e-05,2,146407,1.703206115191236e-05,3,128994,2.7054394793188476e-05,0,120863,4.124119500486646e-06,0,3,0.11763354077233491,3,8,2.6666666666666665,2.1708346903186284e-05,0.11400422287884328,0.09147656924505261,-0.9644602349852214,0,0,3,5,1.3515163045017492e-05,0,0,0.0,0,10,4.666666666666667,0.1764705882352941,0.7111518434705595,1.9241129839144154e-05,0.12862255176134593,0.007423593280890673,0.9720499768861092,1.0,43.24345146379045,0.23112480739599386,False,False,近期份额下降,2026Q2
C0493,光催化制氢,氢能与燃料电池,方向候选,能源电力直接相关,True,True,1410,201658,0.006981532719902194,1498,165986,0.00900751979129724,1292,146407,0.00880557561553869,1170,128994,0.009047762601550604,1034,120863,0.00853280324650687,1410,1498,0.7750782547985644,3,3960,1320.0,0.008953619336128845,0.7797441970456502,0.7716308470235171,-0.11605831673843836,0,4,3,4200,0.008264876042246043,12,3,1.0,1507,2464,1236.0,1.2190784155214227,0.6360796405297742,0.008965234673874167,0.7787339622293733,0.7328161690226939,0.9999999999999997,1.0,97.50385208012327,34.252696456086284,False,False,近期份额下降,2026Q2
C0494,聚合物介电储能,能源材料与电化学基础,方向候选,能源电力直接相关,True,True,3,201658,1.7323902530774674e-05,0,165986,3.005512109208288e-06,0,146407,3.406412230382472e-06,0,128994,3.864913541884068e-06,0,120863,4.124119500486646e-06,3,0,5.764043497844411,3,0,0.0,3.4256126271582758e-06,5.0571691595922665,4.20063059005212,0.8132137957594852,2,0,3,3,7.911942290121811e-06,0,0,0.0,11,11,0.0,12.0,0.6917480204078211,1.1318311670084796e-06,15.306083659600164,0.7905778903138804,0.005196096378740282,0.03656737042172102,43.120184899845924,94.73035439137134,False,False,多年背景上持续抬升,2026Q2
C0495,聚合物电气绝缘,能源材料与电化学基础,方向候选,能源电力直接相关,True,True,5,201658,2.722327540550306e-05,3,165986,2.1038584764458018e-05,3,146407,2.3844885612677303e-05,2,128994,1.932456770942034e-05,2,120863,2.062059750243323e-05,5,3,1.293968948495684,3,8,2.6666666666666665,2.1402679362185224e-05,1.2719564193257882,1.1416819458773,0.06625128310335704,2,0,3,11,2.4035581927546128e-05,0,0,0.0,15,25,4.666666666666667,2.8235294117647056,0.4100909757789745,1.9241129839144154e-05,1.4148480693748051,0.4840549594216633,0.2905081478453103,0.6983240223463687,37.54237288135593,80.3004622496148,False,False,多年背景上持续抬升,2026Q2
C0496,集成电路与功率模块封装,电力电子与电机,方向候选,能源电力直接相关,True,True,9,201658,4.7022021154959835e-05,4,165986,2.7049608982874594e-05,3,146407,2.3844885612677303e-05,6,128994,5.024387604449288e-05,3,120863,2.8868836503406523e-05,9,4,1.7383623247467272,3,13,4.333333333333333,3.371279021334826e-05,1.3947828363474322,0.9358756699686153,0.33952313628739184,3,0,3,16,3.263883858350391e-05,0,0,0.0,9,21,7.333333333333333,1.2000000000000002,0.3433043977045598,3.0559441509228954e-05,1.5387068229227678,0.6709350728137067,0.16717012374360768,0.6766674224601186,35.932203389830505,85.7357473035439,False,False,历史峰值以下的恢复或波动,2026Q2
C0497,藻类生物燃料,生物质与资源循环,方向候选,能源电力直接相关,True,True,25,201658,0.00012621700415278692,6,165986,3.907165741970774e-05,12,146407,8.51603057595618e-05,6,128994,5.024387604449288e-05,9,120863,7.835827050924628e-05,25,6,3.2303980042864286,3,24,8.0,5.8158613074587476e-05,2.1702203247335983,1.4821107442843495,0.196733625159891,4,0,3,43,8.34829891106855e-05,0,0,0.0,52,81,13.666666666666666,3.6136363636363638,0.3881857606295325,5.5459727183415506e-05,2.2758316811650388,1.3071679616329281,0.0015063941967902855,0.012019102633965046,41.2557781201849,96.0246533127889,False,False,多年背景上持续抬升,2026Q2
C0498,生物能源生命周期与可持续性,生物质与资源循环,方向候选,能源电力直接相关,True,True,301,201658,0.001492330460865304,228,165986,0.0013735190339081876,173,146407,0.0011820250439427177,137,128994,0.0010628512240181188,136,120863,0.0011258846236328543,301,228,1.0865014783370366,3,538,179.33333333333334,0.0012061317672896748,1.2372864237037324,1.0865014783370366,0.11655492962199121,3,4,3,702,0.001349291512905403,12,3,1.0,551,1187,399.3333333333333,1.3788509575353873,0.5335663469808427,0.0012189821668681326,1.2242430623078524,1.0632626941690047,0.0023909503784469814,0.018298089630971796,78.88289676425269,77.25346687211093,False,False,平稳或增长证据不足,2026Q2
C0499,电磁能量采集,电力电子与电机,方向候选,能源电力直接相关,True,True,43,201658,0.0002153113600253424,39,165986,0.00023743545662745474,34,146407,0.00023504244389639057,30,128994,0.00023575972605492814,33,120863,0.00027631600653260527,43,39,0.9068205864601516,3,103,34.333333333333336,0.00023607920885959115,0.9120301659152014,0.7792214527388795,-0.04384047173950911,2,0,3,116,0.0002292630868497292,0,0,0.0,79,178,65.66666666666667,1.2,0.430691110284878,0.00023428905157075528,0.9189988118600513,0.6449188415226281,0.6903759519411288,0.9295905995616635,47.14946070878274,56.97226502311249,False,False,近期份额下降,2026Q2
C0500,压电能量采集,电力电子与电机,方向候选,能源电力直接相关,True,True,65,201658,0.00032420446164735465,77,165986,0.00046585437692728466,67,146407,0.0004598656511016337,38,128994,0.00029759834272507325,48,120863,0.00040003959154720465,65,77,0.6959352057305234,3,182,60.666666666666664,0.00040777279025133056,0.79506153769488,0.6959352057305234,-0.1747800063868108,0,0,3,209,0.00041664149655875764,1,0,0.08333333333333333,131,324,106.66666666666667,1.2260061919504643,0.4253533260653542,0.0004131183759580951,0.7847737610205955,0.5917493536230879,0.9562725937485901,1.0,52.159090909090914,25.99383667180277,False,False,近期份额下降,2026Q2
C0501,钠电池电解液与界面,电化学储能,方向候选,能源电力直接相关,True,True,364,201658,0.0018041607064192484,269,165986,0.0016199710268632673,199,146407,0.0013591584799226063,128,128994,0.0009932827802642055,110,120863,0.0009114304096075488,364,269,1.1136993665328851,3,596,198.66666666666666,0.001324137429016693,1.3625177167290117,1.1136993665328851,0.1416148787912257,3,4,3,832,0.001594430071068374,12,3,1.0,570,897,315.6666666666667,1.803157894736842,0.595244169843824,0.0013502745822411163,1.3361435741645935,1.1729028291481862,5.878642338090711e-06,7.111260892851667e-05,80.93990755007705,81.73728813559322,True,False,平稳或增长证据不足,2026Q2
C0502,潮汐与潮流能开发,风能与水能海洋能源,方向候选,能源电力直接相关,True,True,39,201658,0.00019551261427588562,29,165986,0.000177325214443289,21,146407,0.0001464757259064463,16,128994,0.00012754214688217425,24,120863,0.00020208185552384565,39,29,1.1025652211373087,3,66,22.0,0.00015044769574396985,1.2995387753136927,0.9674921767175437,0.14438258961855777,2,0,3,89,0.0001731045182085403,0,0,0.0,60,119,33.666666666666664,1.7596153846153848,0.3096694877475842,0.0001505335452121278,1.2987976467329891,0.876085077711063,0.10074081733426415,0.46353136810244244,41.19414483821264,78.17411402157165,False,False,历史峰值以下的恢复或波动,2026Q2
C0503,充电设施散热,交通与充电,方向候选,能源电力直接相关,True,True,0,201658,2.4748432186820964e-06,0,165986,3.005512109208288e-06,0,146407,3.406412230382472e-06,0,128994,3.864913541884068e-06,0,120863,4.124119500486646e-06,0,0,0.8234347854063445,3,0,0.0,3.4256126271582758e-06,0.7224527370846096,0.60009008429316,-0.15974127876817157,0,0,3,0,2.962255852757619e-06,0,0,0.0,0,0,0.0,1.0,0.0,1.1318311670084796e-06,2.186583379942881,0.043384208007912116,0.5,0.6983240223463687,28.397534668721107,40.69337442218798,False,False,近期份额下降,2026Q2
C0504,电动汽车充电并网影响,交通与充电,方向候选,能源电力直接相关,True,True,102,201658,0.0005073428598298298,109,165986,0.0006582071519166151,69,146407,0.0004734913000231636,50,128994,0.00039035626773029086,41,120863,0.00034230191854039163,102,109,0.7707951187593636,3,228,76.0,0.0005073515732233564,0.9999828257287716,0.7707951187593636,0.03452674423568647,0,1,3,280,0.0005463471039232028,4,0,0.3333333333333333,137,368,127.0,1.078125,0.4905002553901752,0.0005172468433228753,0.9808525008496509,0.7769820151045657,0.5700653844634961,0.7816252986245376,60.639445300462256,44.16024653312788,False,False,近期份额下降,2026Q2
C0505,石油产业投资与经营,能源政策与治理,方向候选,能源治理与政策研究,True,False,1,201658,7.424529656046289e-06,3,165986,2.1038584764458018e-05,1,146407,1.0219236691147416e-05,1,128994,1.1594740625652205e-05,2,120863,2.062059750243323e-05,1,3,0.35290062231700475,3,5,1.6666666666666667,1.4284187360419213e-05,0.5197726317017725,0.35290062231700475,-0.15974127876817157,0,0,3,5,1.2894117037217241e-05,0,0,0.0,1,2,0.6666666666666666,1.2000000000000002,0.1204335952142348,1.2450142837093276e-05,0.5963409218026038,0.09804171672916652,0.7810495187284413,1.0,30.215716486902927,16.54853620955316,False,False,近期份额下降,2026Q2
C0506,石油价格与市场经济,能源政策与治理,方向候选,能源治理与政策研究,True,False,265,201658,0.0013141417491201932,161,165986,0.000970780411274277,146,146407,0.0009980787835020643,124,128994,0.000962363471929133,125,120863,0.0010351539946221481,265,161,1.353696195203619,3,431,143.66666666666666,0.000977074222235158,1.344976378676697,1.2695132858950915,0.13755342734426446,3,4,3,572,0.0010943336479655116,11,2,0.9166666666666666,358,744,239.33333333333334,1.49375866851595,0.2918221862565618,0.000976770297128318,1.3453948722475895,1.1546622347746813,6.663811386475105e-05,0.0006753862891697741,67.86402157164869,83.26271186440678,False,False,多年背景上持续抬升,2026Q2
C0507,污水污泥营养元素回收,生物质与资源循环,关联基础研究,关联基础或环境研究,True,False,4,201658,2.227358896813887e-05,1,165986,9.016536327624864e-06,4,146407,3.0657710073442246e-05,1,128994,1.1594740625652205e-05,1,120863,1.2372358501459938e-05,4,1,2.4703043562190334,3,6,2.0,1.7089662342239772e-05,1.303336983615306,0.726524874649191,-0.15974127876817246,3,0,3,9,2.0649278456401995e-05,0,0,0.0,12,22,4.333333333333333,2.4375,0.3143711691102245,1.4713805171110235e-05,1.5137884938066097,0.45505223213418367,0.2779611938041121,0.6983240223463687,33.95993836671803,73.37057010785824,False,False,历史峰值以下的恢复或波动,2026Q2
C0508,污泥脱水与调理,生物质与资源循环,关联基础研究,关联基础或环境研究,True,False,18,201658,9.156919909123757e-05,5,165986,3.306063320129117e-05,8,146407,5.7909007916502026e-05,14,128994,0.00011208249271463797,12,120863,0.00010310298751216616,18,5,2.769735187275886,3,27,9.0,6.768404461081039e-05,1.3528919499088605,0.8169803942920216,0.22911100552583274,4,0,3,31,6.084628006967692e-05,0,0,0.0,47,68,20.666666666666668,2.215384615384615,0.4280355975669829,6.225071418546638e-05,1.4709742737797562,0.8159208523568624,0.10577797130311306,0.4775512849491621,41.494607087827426,91.80277349768875,False,False,历史峰值以下的恢复或波动,2026Q2
C0509,太阳能热水与供热装置,太阳能,方向候选,能源电力直接相关,True,True,139,201658,0.0006904812580123049,114,165986,0.0006882622730086979,129,146407,0.0008822607676690602,134,128994,0.0010396617427668143,116,120863,0.0009609198436133885,139,114,1.0032240398618784,3,377,125.66666666666667,0.0008700615944815241,0.7936004328794304,0.6641402964148244,-0.12254941870725755,2,3,3,382,0.0007536680995633543,10,0,0.8333333333333334,215,489,208.0,1.0334928229665072,0.3138869318435974,0.0008545325310914022,0.8080222026543891,0.6653988359653955,0.9848388635067901,1.0,64.60323574730356,51.91833590138675,False,False,历史峰值以下的恢复或波动,2026Q2
C0510,光催化二氧化碳还原,碳与环境,方向候选,能源电力直接相关,True,True,602,201658,0.002982186078511926,680,165986,0.00409050198063248,684,146407,0.0046633783433936045,546,128994,0.004224350501279286,442,120863,0.003649845757930682,602,680,0.7290513713553601,3,1910,636.6666666666666,0.0043260769417684565,0.6893511416125758,0.6394904849907049,-0.22354176845001827,1,4,3,1966,0.003912022134179336,12,3,1.0,803,1507,719.3333333333334,1.1161499305876907,0.6387649055289565,0.004324726889139401,0.6895663367786367,0.6292212732696933,0.9999999999999994,1.0,89.46070878274269,13.771186440677969,False,False,近期份额下降,2026Q2
C0511,电池装配工装与制造设备,电化学储能,方向候选,能源电力直接相关,True,True,2,201658,1.2374216093410483e-05,1,165986,9.016536327624864e-06,0,146407,3.406412230382472e-06,0,128994,3.864913541884068e-06,1,120863,1.2372358501459938e-05,2,1,1.3723913090105742,3,1,0.3333333333333333,5.429287366630467e-06,2.279160276073246,1.0001501404886002,0.6449776774488782,1,0,3,3,8.265721550472606e-06,0,0,0.0,4,5,0.3333333333333333,3.75,0.6603176288481204,3.395493501025439e-06,3.6443056332381345,0.48137270871680327,0.09373731645120542,0.4447458278300056,42.812018489984595,88.86363636363637,False,False,多年背景上持续抬升,2026Q2
C0512,无线充电器与装置,交通与充电,方向候选,能源电力直接相关,True,True,104,201658,0.0005172422327045582,92,165986,0.0005560197402035333,78,146407,0.0005348067201700481,64,128994,0.0004985738469030447,41,120863,0.00034230191854039163,104,92,0.9302587575671677,3,234,78.0,0.000529800102425542,0.9762969662265238,0.9302587575671677,-0.01669705545991995,2,2,3,274,0.0005360228976927133,4,0,0.3333333333333333,132,284,95.0,1.3854166666666667,0.3723368619224994,0.0005308288173269769,0.9744049603583413,0.7737877187235326,0.5925481197284783,0.8080201632661068,55.5084745762712,62.118644067796616,False,False,近期份额下降,2026Q2
C0513,天然气水合物生成与分解,化石能源,方向候选,能源电力直接相关,True,True,78,201658,0.00038855038533308915,49,165986,0.0002975456988116205,38,146407,0.00026229374173945033,33,128994,0.0002589492073062326,41,120863,0.00034230191854039163,78,49,1.3058511243312736,3,120,40.0,0.0002729295492857678,1.4236288681452438,1.135110159446098,0.19647891297914022,2,1,3,165,0.0003161299419613866,1,0,0.08333333333333333,135,236,82.0,1.6385542168674698,0.4438777633811841,0.0002727713112490436,1.424454732991835,1.0719762337562013,0.007404377204927636,0.051419286145330804,50.91872110939908,83.13559322033899,False,False,多年背景上持续抬升,2026Q2
C0514,煤气化工艺与反应,化石能源,方向候选,能源电力直接相关,True,True,88,201658,0.0004380472497067311,77,165986,0.00046585437692728466,42,146407,0.0002895450395825101,40,128994,0.0003130579968926095,46,120863,0.00038354311354525807,88,77,0.9403094001091805,3,159,53.0,0.0003561524711341348,1.22994303061217,0.9403094001091805,0.2070079592735845,2,2,3,207,0.0003978155554055086,3,0,0.25,136,237,72.66666666666667,1.8597285067873301,0.4923076517833367,0.00036105414227570503,1.2132453236673664,0.935667001700998,0.07409862635587897,0.36322856056803415,56.107473035439135,74.58397534668721,False,False,近期份额下降,2026Q2
C0515,膜法海水淡化,碳与环境,关联基础研究,关联基础或环境研究,True,False,176,201658,0.0008736196561947801,141,165986,0.0008505599269059455,125,146407,0.0008550094698260005,111,128994,0.0008618757198401471,123,120863,0.0010186575166202015,176,141,1.0271112340934263,3,377,125.66666666666667,0.0008558150388573643,1.0208042819172558,0.8576186224918442,0.01076628013258496,3,4,3,442,0.0008597296843089087,11,1,0.9166666666666666,344,666,246.66666666666666,1.3930013458950203,0.5504474852521908,0.0008545325310914022,1.0223363352580621,0.8550183626580611,0.40649403241132465,0.6983240223463687,75.3062403697997,68.67103235747302,False,False,历史峰值以下的恢复或波动,2026Q2
C0516,分离膜污染与清洗,碳与环境,关联基础研究,关联基础或环境研究,True,False,182,201658,0.0009033177748189652,227,165986,0.001367508009689771,185,146407,0.0012637789374718971,165,128994,0.0012792863823636266,162,120863,0.00134033883765816,182,227,0.6605575751061885,3,577,192.33333333333334,0.0013035244431750983,0.6929810787580494,0.6605575751061885,-0.16789363328064333,0,4,3,594,0.0011782015739935446,12,3,1.0,313,700,304.6666666666667,1.0272628135223554,0.5868720257730645,0.001307264997894794,0.6909982109776204,0.5850504624076619,0.9999942123219248,1.0,78.32819722650231,10.778120184899844,False,False,近期份额下降,2026Q2
C0517,配电网需求响应与柔性调度,电网与电力系统,方向候选,能源电力直接相关,True,True,118,201658,0.0005865378428276569,98,165986,0.0005920858855140328,60,146407,0.0004121758798762791,56,128994,0.0004367352302328997,48,120863,0.00040003959154720465,118,98,0.9906296656918967,3,214,71.33333333333333,0.00048033233187440386,1.2211083949706374,0.9906296656918967,0.17639351900102307,1,2,3,276,0.0005302665360726563,3,0,0.25,129,277,98.66666666666667,1.3043478260869565,0.384629700551777,0.0004855555706466378,1.207972636471941,0.9652232522982109,0.050197822540170196,0.2708515604685442,54.67449922958397,70.07318952234208,False,False,近期份额下降,2026Q2
C0518,电池电极粘结剂,电化学储能,方向候选,能源电力直接相关,True,True,188,201658,0.0009330158934431503,160,165986,0.0009647693870558604,112,146407,0.0007664427518360562,90,128994,0.0006995493510810163,87,120863,0.0007217209125851631,188,160,0.9670869598074513,3,362,120.66666666666667,0.0008102538299909777,1.1515106240886757,0.9670869598074513,0.09833111385362336,2,4,3,460,0.0008880760107783555,9,2,0.75,299,581,221.33333333333334,1.3493253373313343,0.5611015373110154,0.0008205775960811477,1.137023357570298,0.9535245562672802,0.07678147002519539,0.37272934675756947,73.04506933744223,70.0231124807396,False,False,近期份额下降,2026Q2
C0519,电池隔膜制备与改性,电化学储能,方向候选,能源电力直接相关,True,True,75,201658,0.0003737013260209966,70,165986,0.0004237772073983686,48,146407,0.00033042198634709977,45,128994,0.0003517071323114502,42,120863,0.0003505501575413649,75,70,0.8818344155770073,3,163,54.333333333333336,0.0003686354420189728,1.0137422597628662,0.8818344155770073,0.061543150387599166,2,0,3,193,0.000375966839922155,0,0,0.0,138,308,98.33333333333333,1.3993288590604027,0.5245179683650704,0.00037010879161177284,1.0097066983834098,0.7686929489518006,0.47974238340089437,0.6983240223463687,53.513097072419114,63.87519260400617,False,False,近期份额下降,2026Q2
C0520,凝胶聚合物锂电解质,电化学储能,方向候选,能源电力直接相关,True,True,128,201658,0.0006360347072012988,108,165986,0.0006521961276981985,98,146407,0.000671063209385347,79,128994,0.0006145212531595668,75,120863,0.0006227420445734836,128,108,0.9752199993061313,3,285,95.0,0.0006459268634143707,0.9846853308425941,0.9478014862174724,-0.026805100689556216,2,3,3,334,0.0006530980147616147,5,0,0.4166666666666667,223,404,157.66666666666666,1.411764705882353,0.5978762201686657,0.0006462755963618419,0.9841539906222772,0.7991689388695851,0.5638982925455092,0.7745855666833917,66.41178736517719,63.50539291217257,False,False,近期份额下降,2026Q2
C0521,固态聚合物锂电解质,电化学储能,方向候选,能源电力直接相关,True,True,214,201658,0.0010617077408146193,241,165986,0.0014516623487476031,193,146407,0.0013182815331580166,173,128994,0.0013411249990337717,148,120863,0.001224863491644534,214,241,0.7313737534975606,3,607,202.33333333333334,0.0013703562936464638,0.7747676613280311,0.7313737534975606,-0.10822516581905406,1,4,3,648,0.0012772172075734129,12,3,1.0,377,743,325.3333333333333,1.1583248212461696,0.6160594406102347,0.0013751748679153028,0.7720528971156343,0.6607549019056544,0.9994653468035534,1.0,79.73805855161788,35.597072419106325,False,False,近期份额下降,2026Q2
C0522,销售电价与用户电费政策,能源政策与治理,方向候选,能源治理与政策研究,True,False,1,201658,7.424529656046289e-06,0,165986,3.005512109208288e-06,0,146407,3.406412230382472e-06,0,128994,3.864913541884068e-06,0,120863,4.124119500486646e-06,1,0,2.4703043562190334,3,0,0.0,3.4256126271582758e-06,2.1673582112538288,1.80027025287948,0.389564865565883,1,0,3,1,4.612151331879016e-06,0,0,0.0,4,4,0.0,5.0,0.0,1.1318311670084796e-06,6.559750139828642,0.2672116912905851,0.06950909336061192,0.3452438411950924,29.106317411402156,90.13482280431433,False,False,多年背景上持续抬升,2026Q2
C0523,输配电价监管政策,能源政策与治理,方向候选,能源治理与政策研究,True,False,0,201658,2.4748432186820964e-06,0,165986,3.005512109208288e-06,0,146407,3.406412230382472e-06,0,128994,3.864913541884068e-06,0,120863,4.124119500486646e-06,0,0,0.8234347854063445,3,0,0.0,3.4256126271582758e-06,0.7224527370846096,0.60009008429316,-0.15974127876817157,0,0,3,0,2.962255852757619e-06,0,0,0.0,0,0,0.0,1.0,0.0,1.1318311670084796e-06,2.186583379942881,0.043384208007912116,0.5,0.6983240223463687,28.397534668721107,40.69337442218798,False,False,近期份额下降,2026Q2
C0524,储能运行调度与收益,电化学储能,方向候选,能源电力直接相关,True,True,117,201658,0.0005815881563902927,86,165986,0.0005199535948930338,77,146407,0.0005279938957092831,43,128994,0.0003362474781439139,53,120863,0.00044128078655207115,117,86,1.1185385813323179,3,206,68.66666666666667,0.0004613983229154103,1.2604903995217105,1.1015054551132897,0.04833891984428451,2,2,3,280,0.0005431785489975366,4,0,0.3333333333333333,147,311,98.66666666666667,1.4849498327759196,0.4608755529877169,0.0004674462719745021,1.2441818263597506,0.9920198538487743,0.029764227609871647,0.1678433887774717,59.514637904468415,74.91525423728814,False,False,平稳或增长证据不足,2026Q2
C0525,储能容量配置与选址,电化学储能,方向候选,能源电力直接相关,True,True,68,201658,0.0003390535209594472,63,165986,0.0003817000378694526,53,146407,0.0003644861086509245,49,128994,0.00038262644064652275,34,120863,0.00028456424553357856,68,63,0.8882721700840094,3,165,55.0,0.0003762708623889666,0.9010889623681615,0.8861215142020752,-0.036165233085062365,1,1,3,184,0.0003617465558266081,2,0,0.16666666666666666,98,268,92.0,1.064516129032258,0.4755282761128759,0.00037463611627980677,0.9050209155654823,0.6829122962418503,0.7629475363536427,0.9934212712938054,53.73266563944531,52.94684129429893,False,False,近期份额下降,2026Q2
C0526,厌氧发酵生物制氢,生物质与资源循环,方向候选,能源电力直接相关,True,True,77,201658,0.00038360069889572493,62,165986,0.000375689013651036,44,146407,0.00030317068850404,45,128994,0.0003517071323114502,45,120863,0.0003752948745442848,77,62,1.021059133903867,3,151,50.333333333333336,0.00034352227815550874,1.1166690584244237,1.021059133903867,0.11765309482538155,1,1,3,183,0.00035415346701693365,1,0,0.08333333333333333,173,319,105.66666666666667,1.6312499999999999,0.6064171522964107,0.00034294484360356935,1.1185492537661599,0.8507016174102854,0.21617970405763537,0.6983240223463687,56.758474576271176,69.71109399075502,False,False,平稳或增长证据不足,2026Q2
C0527,碳税与环境税费,能源政策与治理,方向候选,能源治理与政策研究,True,False,314,201658,0.0015566763845510387,272,165986,0.0016380040995185169,239,146407,0.001631671458353204,173,128994,0.0013411249990337717,135,120863,0.001117636384631881,314,272,0.9503495046249371,3,684,228.0,0.0015369335189684974,1.012845621062251,0.9503495046249371,-0.023525949123408996,2,4,3,825,0.0016087839808075863,12,3,1.0,457,1064,386.0,1.1834625322997416,0.3778815475366833,0.0015494768676346086,1.004646417811594,0.8790768627232804,0.47200361023572357,0.6983240223463687,73.98305084745763,61.54083204930663,False,False,近期份额下降,2026Q2
C0528,可再生能源补贴机制,能源政策与治理,方向候选,能源治理与政策研究,True,False,15,201658,7.672013977914499e-05,6,165986,3.907165741970774e-05,7,146407,5.109618345573708e-05,4,128994,3.478422187695661e-05,6,120863,5.36135535063264e-05,15,6,1.963575257507437,3,17,5.666666666666667,4.165068758413381e-05,1.8419897540507915,1.4309840471606123,0.20322722292329587,4,0,3,28,5.562932688486327e-05,0,0,0.0,24,47,11.0,2.0833333333333335,0.3806043214336458,3.961409084529679e-05,1.936688136520837,0.9775931109401206,0.02926166372171317,0.16625945296427935,38.46687211093991,94.42989214175654,False,False,多年背景上持续抬升,2026Q2
C0529,钙钛矿吸收层结晶与成膜,太阳能,方向候选,能源电力直接相关,True,True,99,201658,0.0004924938005177372,80,165986,0.00048388744958253435,63,146407,0.0004326143532585739,45,128994,0.0003517071323114502,33,120863,0.00027631600653260527,99,80,1.0177858527693326,3,188,62.666666666666664,0.0004227363117175195,1.1650141870160209,1.0177858527693326,0.06481759036477897,2,1,3,242,0.0004696652011196151,2,0,0.16666666666666666,202,355,134.66666666666666,1.4963144963144963,0.5870534052430894,0.0004267003499621968,1.1541912270786028,0.9053113014730076,0.12611436114503777,0.5435963842458524,60.196456086286595,71.81818181818181,False,False,平稳或增长证据不足,2026Q2
C0530,钙钛矿电池界面、钝化与传输层,太阳能,方向候选,能源电力直接相关,True,True,1063,201658,0.005263991526136819,1096,165986,0.0065910880554937755,827,146407,0.005637612241282991,789,128994,0.0061026984826349434,664,120863,0.005480954816146752,1063,1096,0.7986528903599155,3,2712,904.0,0.006110466259803903,0.8614713349723578,0.7986528903599155,-0.034285515073634976,1,4,3,2986,0.0058308972743045286,12,3,1.0,1313,2076,1003.0,1.3087649402390438,0.5657936191352408,0.006140184081021002,0.8573019076753008,0.7986145003290901,0.9999893796690097,1.0,93.34360554699538,43.28582434514638,False,False,近期份额下降,2026Q2
C0531,钙钛矿电池稳定性与衰减,太阳能,方向候选,能源电力直接相关,True,True,45,201658,0.00022521073290007079,27,165986,0.00016530316600645584,24,146407,0.00016691419928874113,27,128994,0.00021257024480362375,31,120863,0.0002598195285306587,45,27,1.3624102813086791,3,78,26.0,0.00018159587003294025,1.2401754118043493,0.8667967884234534,0.14977832543493985,3,0,3,96,0.00018580936606508926,0,0,0.0,102,233,76.66666666666667,1.3261802575107295,0.6099649011055025,0.00017769749322033132,1.267382723406383,0.8796401380315637,0.10578835178232987,0.4775512849491621,52.18027734976888,81.1517719568567,False,False,历史峰值以下的恢复或波动,2026Q2
C0532,钙钛矿叠层太阳能电池,太阳能,方向候选,能源电力直接相关,True,True,400,201658,0.0019823494181643595,332,165986,0.0019986655526235114,225,146407,0.0015362919159024949,166,128994,0.0012870162094473947,145,120863,0.0012001187746416141,400,332,0.9918364858804242,3,723,241.0,0.001607324559324467,1.2333224218246932,0.9918364858804242,0.1274555250146685,2,4,3,957,0.0018391022955634552,12,3,1.0,622,984,378.0,1.6437994722955145,0.6490729433756477,0.00163775969866127,1.210403101129404,1.0713083984793088,0.0010386496599550498,0.008560299395233928,83.03543913713406,73.95993836671802,True,False,近期份额下降,2026Q2
C0533,氮化镓功率与结器件,电力电子与电机,方向候选,能源电力直接相关,True,True,423,201658,0.0020961922062237358,224,165986,0.0013494749370345214,173,146407,0.0011820250439427177,155,128994,0.0012019881115259451,151,120863,0.0012496082086474538,423,224,1.5533391163455985,3,552,184.0,0.0012444960308343946,1.6843703429237185,1.5533391163455985,0.28644667858442574,4,4,3,820,0.0015425640624003249,12,3,1.0,460,688,245.0,1.8739837398373984,0.3904920651968739,0.00125067343954437,1.6760507898747692,1.476764565365124,2.770389600156613e-16,8.657467500489417e-15,73.75963020030818,93.35130970724191,True,True,多年背景上持续抬升,2026Q2
C0534,氢能技术经济与生命周期,氢能与燃料电池,方向候选,能源电力直接相关,True,True,417,201658,0.0020664940875995508,291,165986,0.001752213559668432,188,146407,0.0012842174108541919,124,128994,0.000962363471929133,77,120863,0.0006392385225754302,417,291,1.1793619996814713,3,603,201.0,0.0013329314808172522,1.5503378210652912,1.1793619996814713,0.23785198993325052,3,4,3,896,0.001700975019374058,12,3,1.0,618,1096,341.6666666666667,1.8064202334630348,0.616186609377874,0.001366120218579235,1.512673672122871,1.3352400103804503,2.686148611811146e-11,6.104883208661696e-10,82.61171032357474,86.49075500770415,True,True,多年背景上持续抬升,2026Q2
C0535,燃料电池供气与空压控制,氢能与燃料电池,方向候选,能源电力直接相关,True,True,18,201658,9.156919909123757e-05,18,165986,0.00011120394804070666,21,146407,0.0001464757259064463,9,128994,7.343335729579729e-05,11,120863,9.485474851119286e-05,18,18,0.8234347854063445,3,48,16.0,0.00011037101041431677,0.8296490060886467,0.6251493107446526,-0.2348823802928406,2,0,3,57,0.00011641629101279685,0,0,0.0,40,87,29.333333333333332,1.3516483516483517,0.3981064784158035,0.00010978762319982253,0.8340575779163566,0.4881912137496009,0.7629145725940649,0.9934212712938054,42.42681047765793,43.335901386748844,False,False,近期份额下降,2026Q2
C0536,燃料电池水管理,氢能与燃料电池,方向候选,能源电力直接相关,True,True,18,201658,9.156919909123757e-05,25,165986,0.0001532811175696227,10,146407,7.15346568380319e-05,19,128994,0.00015073162813347867,12,120863,0.00010310298751216616,18,25,0.5973938639222499,3,54,18.0,0.0001251824675137111,0.731485813548196,0.5973938639222499,0.1234564586922291,1,0,3,53,0.00010546165783296404,0,0,0.0,29,84,35.666666666666664,0.8181818181818182,0.5323315637672514,0.0001233695972039243,0.7422347253017118,0.43802400668045405,0.8776298741886732,1.0,46.718027734976886,35.28890600924499,False,False,近期份额下降,2026Q2
C0537,其他材料光催化污染物降解,碳与环境,关联基础研究,关联基础或环境研究,True,False,3113,201658,0.015410848722733414,3160,165986,0.018997842042305587,2828,146407,0.019270073987273643,2398,128994,0.018539990260417874,2077,120863,0.017135716524522015,3113,3160,0.8111894334322587,3,8386,2795.3333333333335,0.018935968763332367,0.8138399949505093,0.7997296083508064,-0.11174079900352374,0,4,3,9101,0.017892921584104216,12,3,1.0,2824,4390,2330.3333333333335,1.211752931083786,0.5870312861975262,0.01898420416423323,0.811772175931814,0.7790589747130812,1.0,1.0,98.39753466872112,35.55469953775038,False,False,近期份额下降,2026Q2
C0538,智能电网通信架构,电网与电力系统,方向候选,能源电力直接相关,True,True,48,201658,0.00024005979221216337,38,165986,0.00023142443240903817,31,146407,0.00021460397051409574,38,128994,0.00029759834272507325,22,120863,0.00018558537752189907,48,38,1.0373139504469535,3,107,35.666666666666664,0.0002478755818827357,0.9684689003603841,0.806657019706373,0.056046847287754,2,0,3,117,0.0002286960650450991,0,0,0.0,70,188,72.33333333333333,0.9681818181818183,0.3447110811278101,0.00024334370090682312,0.9865050597881835,0.7028436354261002,0.5419050122419496,0.7512546380433682,44.22187981510016,59.86902927580894,False,False,历史峰值以下的恢复或波动,2026Q2
C0539,配电网谐波与电能质量治理,电网与电力系统,方向候选,能源电力直接相关,True,True,116,201658,0.0005766384699529284,76,165986,0.00045984335270886806,60,146407,0.0004121758798762791,63,128994,0.0004908440198192767,68,120863,0.0005650043715666705,116,76,1.2539889215665245,3,199,66.33333333333333,0.00045428775080147464,1.269324275056057,1.0205911652577102,0.16788267521630784,3,2,3,252,0.00048288590084602517,3,0,0.25,119,295,108.0,1.1009174311926606,0.2692171985336292,0.0004516006356363834,1.2768770113450905,1.0160023836184684,0.01825012070278524,0.11219336497613877,51.27696456086287,79.38751926040061,False,False,多年背景上持续抬升,2026Q2
C0540,配电网电压无功优化,电网与电力系统,方向候选,能源电力直接相关,True,True,124,201658,0.000616235961451842,91,165986,0.0005500087159851167,80,146407,0.000548432369091578,69,128994,0.0005372229823218855,77,120863,0.0006392385225754302,124,91,1.1204112653889604,3,240,80.0,0.0005452213557995267,1.1302491270690922,0.9640156837999796,0.05828298697195056,3,2,3,295,0.0005715590155095123,4,0,0.3333333333333333,140,284,115.33333333333333,1.2120343839541547,0.4198070510220414,0.0005444107913310787,1.1319319368103478,0.9116714018256101,0.1328309243585475,0.562678516253515,57.927580893682595,73.28582434514638,False,False,历史峰值以下的恢复或波动,2026Q2
C0541,光伏组件退化与寿命,太阳能,方向候选,能源电力直接相关,True,True,50,201658,0.00024995916508689176,30,165986,0.00018333623866170556,25,146407,0.00017372702374950606,30,128994,0.00023575972605492814,33,120863,0.00027631600653260527,50,30,1.363392021738374,3,85,28.333333333333332,0.00019760766282204655,1.2649264786456675,0.9046134106508832,0.18190616329029474,3,0,3,105,0.00020234080916603446,0,0,0.0,79,166,52.0,1.509433962264151,0.4309944463017548,0.00019354312955845003,1.2914907682703565,0.9120534927896818,0.07752770412557444,0.37272934675756947,46.54083204930662,83.50154083204929,False,False,历史峰值以下的恢复或波动,2026Q2
C0542,光伏组件故障与缺陷检测,太阳能,方向候选,能源电力直接相关,True,True,315,201658,0.0015616260709884029,191,165986,0.0011511111378267743,146,146407,0.0009980787835020643,115,128994,0.0008927950281752197,91,120863,0.0007547138685890562,315,191,1.3566249336590166,3,452,150.66666666666666,0.0010139949831680195,1.540072778377485,1.3566249336590166,0.2238253479939014,4,4,3,652,0.001236938664105747,11,2,0.9166666666666666,457,751,231.66666666666666,1.9684813753581663,0.4530386441544569,0.001024307206142674,1.5245680803800639,1.320426211600274,3.332142617960165e-09,6.095382837732008e-08,74.19684129429892,91.03235747303543,False,True,多年背景上持续抬升,2026Q2
C0543,加氢站与氢气加注,氢能与燃料电池,方向候选,能源电力直接相关,True,True,93,201658,0.00046279568189355204,86,165986,0.0005199535948930338,64,146407,0.00043942717771933886,39,128994,0.00030532816980884136,36,120863,0.0003010607235355252,93,86,0.8900711264218869,3,189,63.0,0.000421569647473738,1.0977917520079106,0.8900711264218869,0.025906827478285432,1,2,3,243,0.0004740588181686416,4,0,0.3333333333333333,171,331,96.33333333333333,1.767123287671233,0.5439647210617861,0.0004289640122962138,1.0788683167528197,0.8421520462129435,0.27891202709170415,0.6983240223463687,61.30970724191064,64.46456086286595,False,False,近期份额下降,2026Q2
C0544,厌氧污水处理反应器,生物质与资源循环,方向候选,能源电力直接相关,True,True,20,201658,0.00010146857196596596,13,165986,8.114882694862377e-05,8,146407,5.7909007916502026e-05,14,128994,0.00011208249271463797,17,120863,0.0001443441825170326,20,13,1.2504009704318566,3,35,11.666666666666666,8.371344252658793e-05,1.212094126146334,0.7029626701719875,0.2804380825558743,2,0,3,41,8.017546894369724e-05,0,0,0.0,39,77,24.666666666666668,1.5584415584415583,0.3817259531692796,8.036001285760205e-05,1.2626749095444805,0.7331044134325279,0.2118917645747519,0.6983240223463687,40.56240369799692,80.55469953775038,False,False,历史峰值以下的恢复或波动,2026Q2
C0545,电动汽车有序充放电调度,交通与充电,方向候选,能源电力直接相关,True,True,137,201658,0.0006805818851375765,104,165986,0.0006281520308245321,85,146407,0.0005824964913954027,74,128994,0.0005758721177407262,60,120863,0.0004990184595588842,137,104,1.0834668229030848,3,263,87.66666666666667,0.0005955068799868871,1.1428614983466905,1.0834668229030848,0.07781249181378413,2,4,3,326,0.0006304101357858371,6,0,0.5,191,426,146.0,1.3061224489795917,0.5088619449100117,0.0005964750250134688,1.1410065075603266,0.9284040458975097,0.10633475278201343,0.4775512849491621,64.81895223420646,71.43297380585516,False,False,平稳或增长证据不足,2026Q2
C0546,永磁电机磁路与结构设计,电力电子与电机,方向候选,能源电力直接相关,True,True,4,201658,2.227358896813887e-05,18,165986,0.00011120394804070666,9,146407,6.472183237726697e-05,12,128994,9.662283854710171e-05,10,120863,8.660650951021957e-05,4,18,0.20029494780154325,3,39,13.0,9.08495396550251e-05,0.24517008069293902,0.20029494780154325,-0.5333484796832826,1,0,3,31,6.60664564620375e-05,0,0,0.0,6,51,22.333333333333332,0.3,0.3191210050292093,8.94146621936699e-05,0.24910443568969526,0.09394489180446071,0.9990885528364768,1.0,36.73343605546996,3.447611710323575,False,False,近期份额下降,2026Q2
C0547,建筑冷却与被动降温,热工与能效,方向候选,能源电力直接相关,True,True,24,201658,0.00012126731771542273,7,165986,4.508268163812432e-05,7,146407,5.109618345573708e-05,8,128994,6.570353021202915e-05,4,120863,3.711707550437982e-05,24,7,2.689886965660725,3,22,7.333333333333333,5.396079843529685e-05,2.2473225236063095,1.8456743088854735,0.43214376973603663,3,0,3,38,7.248206093642805e-05,0,0,0.0,48,64,10.0,4.454545454545454,0.4367842447075312,5.093240251538159e-05,2.3809463470489143,1.343380059863693,0.0011718964497217917,0.009553503666210258,42.496147919876734,95.40446841294299,False,False,多年背景上持续抬升,2026Q2
C0548,输配电线路故障检测与定位,电网与电力系统,方向候选,能源电力直接相关,True,True,89,201658,0.00044299693614409527,85,165986,0.0005139425706746172,75,146407,0.0005143682467877533,70,128994,0.0005449528094056536,51,120863,0.00042478430855012457,89,85,0.8619580502206764,3,230,76.66666666666667,0.000524421208956008,0.8447349736788712,0.8129088032911412,-0.07468829425525625,1,2,3,249,0.0004904359178688219,3,0,0.25,124,281,108.33333333333333,1.1432926829268293,0.3165413592533724,0.0005217741679909092,0.8490204447066716,0.6651244100768958,0.908630560320123,1.0,52.04738058551618,49.895993836671806,False,False,近期份额下降,2026Q2
C0549,开关设备故障检测,电网与电力系统,方向候选,能源电力直接相关,True,True,31,201658,0.0001559151227769721,33,165986,0.0002013693113169553,22,146407,0.00015328855036721124,23,128994,0.0001816509364685512,13,120863,0.00011135122651313945,31,33,0.7742744997104434,3,78,26.0,0.00017876959938423924,0.8721568058216387,0.7742744997104434,0.008494839542434462,2,0,3,86,0.00017019099482037955,0,0,0.0,42,88,29.666666666666668,1.4021739130434783,0.413427198104263,0.00017769749322033132,0.8774188085121113,0.5803272658839475,0.7444171923790879,0.9857124727616805,44.237288135593225,47.57318952234206,False,False,近期份额下降,2026Q2
C0550,变压器故障诊断,电网与电力系统,方向候选,能源电力直接相关,True,True,185,201658,0.0009181668341310578,161,165986,0.000970780411274277,128,146407,0.0008754479432082953,104,128994,0.0008077669302537702,101,120863,0.0008371962585987892,185,161,0.9458028030518695,3,393,131.0,0.0008846650949121141,1.0378694032483242,0.9458028030518695,0.023821710087935877,1,4,3,474,0.0009214650628712101,11,2,0.9166666666666666,222,451,159.66666666666666,1.3879668049792533,0.4342502227815889,0.0008907511284356735,1.030778188003569,0.8656726096730102,0.36864244370841576,0.6983240223463687,71.03813559322035,62.692604006163336,False,False,近期份额下降,2026Q2
C0551,燃气轮机热力性能,化石能源,方向候选,能源电力直接相关,True,True,104,201658,0.0005172422327045582,104,165986,0.0006281520308245321,94,146407,0.0006438119115422872,77,128994,0.0005990615989920306,63,120863,0.000523763176561804,104,104,0.8234347854063446,3,275,91.66666666666667,0.00062367518045295,0.8293455454310467,0.8034058137655076,-0.10944766031558739,1,3,3,302,0.0005964020583571259,6,0,0.5,165,398,147.33333333333334,1.1191011235955055,0.3452125624263643,0.0006236389730216723,0.8293936958404031,0.662165423649228,0.9500173523522536,1.0,58.88674884437596,47.207241910631744,False,False,近期份额下降,2026Q2
C0552,微电网能量管理与经济调度,电网与电力系统,方向候选,能源电力直接相关,True,True,465,201658,0.0023040790365930317,419,165986,0.002521624659625754,281,146407,0.0019178100857053318,311,128994,0.0024078411365937745,245,120863,0.002024942674738943,465,419,0.9137279919109733,3,1011,337.0,0.0022824252939749536,1.009487163796878,0.9137279919109733,0.09174854580051628,1,4,3,1165,0.002247837927308039,12,3,1.0,656,1214,491.3333333333333,1.3344617467840216,0.5292420599552803,0.0022896944508581543,1.0062823167211181,0.9016648810113908,0.4524195528936309,0.6983240223463687,82.17257318952235,62.20724191063174,True,False,近期份额下降,2026Q2
C0553,电动汽车推广与购买行为,能源政策与治理,方向候选,能源治理与政策研究,True,False,530,201658,0.0026258086550217043,401,165986,0.002413426223694255,258,146407,0.001761115123107738,148,128994,0.0011478793219395682,119,120863,0.0009856645606163084,530,401,1.088000382710002,3,807,269.0,0.0017741402229138536,1.4800457264359115,1.088000382710002,0.19972085328460532,3,4,3,1189,0.0022667833339412324,12,3,1.0,581,1158,354.3333333333333,1.6378986866791745,0.3480648280807761,0.0018279073347186947,1.4365108149346106,1.287468356562799,3.217294713003534e-11,7.096973631625442e-10,76.37904468412943,82.9468412942989,False,False,平稳或增长证据不足,2026Q2
C0554,电动汽车整车能耗与续航,交通与充电,方向候选,能源电力直接相关,True,True,68,201658,0.0003390535209594472,66,165986,0.0003997331105247023,53,146407,0.0003644861086509245,33,128994,0.0002589492073062326,35,120863,0.0002928124845345519,68,66,0.848199741358415,3,152,50.666666666666664,0.0003410561421606198,0.9941281772892702,0.848199741358415,-0.036165233085062365,1,0,3,187,0.0003677575800450246,0,0,0.0,110,264,82.66666666666667,1.3266932270916334,0.4871792185435622,0.0003452085059375863,0.9821702395153267,0.738544388730954,0.5573020745738269,0.7683392572249451,51.579352850539294,56.87596302003082,False,False,近期份额下降,2026Q2
C0555,锌空气电池,电化学储能,方向候选,能源电力直接相关,True,True,376,201658,0.0018635569436676186,327,165986,0.0019686104315314286,243,146407,0.0016589227561962638,214,128994,0.0016580479094682652,166,120863,0.0013733317936620532,376,327,0.9466357151312632,3,784,261.3333333333333,0.0017618603657319858,1.0577211338160626,0.9466357151312632,0.05815927359048034,1,4,3,946,0.0018303633771317703,12,3,1.0,488,816,363.0,1.3434065934065933,0.6005831870834899,0.0017758431010363046,1.0493927884620708,0.9280481152532676,0.2193506276208434,0.6983240223463687,81.91833590138675,63.79429892141757,True,False,近期份额下降,2026Q2
C0556,水系锌离子电池,电化学储能,方向候选,能源电力直接相关,True,True,1435,201658,0.007105274880836299,1307,165986,0.007859414165579674,989,146407,0.006741289803926912,658,128994,0.005090091134661317,498,120863,0.004111747141985186,1435,1307,0.9040463743409617,3,2954,984.6666666666666,0.006563598368055968,1.082527370263328,0.9040463743409617,0.026293088491077476,2,4,3,3731,0.007235326283447628,12,3,1.0,1098,1628,741.0,1.4811320754716981,0.6629695300302592,0.006687990365853106,1.0623931094628551,0.9974685636646393,0.02783790180477865,0.16197535554755915,95.65485362095532,65.81664098613251,True,False,近期份额下降,2026Q2
C0557,TiO₂光催化污染物降解,能源材料与电化学基础,关联基础研究,关联基础或环境研究,True,False,631,201658,0.003125726985195488,580,165986,0.0034893995587908224,558,146407,0.0038049624613372213,561,128994,0.0043402979075358086,523,120863,0.004317953117009519,631,580,0.8957778931681422,3,1699,566.3333333333334,0.0038782199758879508,0.8059694923519202,0.7201641573423955,-0.09831961712752646,2,4,3,1769,0.00347336300177451,12,3,1.0,1056,2075,960.6666666666666,1.0991334488734836,0.555246180714849,0.0038470941366618226,0.8124903821323501,0.7415629796716313,0.9999958878125671,1.0,87.94298921417565,50.49306625577812,False,False,近期份额下降,2026Q2
C0558,油水分离界面与膜材料,热工与能效,关联基础研究,关联基础或环境研究,True,False,86,201658,0.0004281478768320027,78,165986,0.0004718654011457012,49,146407,0.0003372348108078647,53,128994,0.0004135457489815953,35,120863,0.0002928124845345519,86,78,0.9073517062120867,3,180,60.0,0.0004075486536450537,1.0505442062014256,0.9073517062120867,0.11934459341342274,1,1,3,213,0.0004124160295951895,2,0,0.16666666666666666,143,303,104.33333333333333,1.3670886075949367,0.5469939620748243,0.00040859105129006115,1.0478640574241507,0.810944354698916,0.3664023233139794,0.6983240223463687,57.630970724191066,64.00231124807397,False,False,近期份额下降,2026Q2
C0559,大气集水与雾水采集,热工与能效,关联基础研究,关联基础或环境研究,True,False,21,201658,0.00010641825840333014,13,165986,8.114882694862377e-05,10,146407,7.15346568380319e-05,3,128994,2.7054394793188476e-05,3,120863,2.8868836503406523e-05,21,13,1.3113961397212153,3,26,8.666666666666666,5.991262619328138e-05,1.776224231266696,1.3113961397212153,0.19859756021689812,3,0,3,44,8.636724739666194e-05,0,0,0.0,38,72,16.666666666666668,2.2075471698113205,0.6351707473897333,5.9987051851449424e-05,1.7740204780668654,1.0043597513107927,0.024507913039747815,0.14588043476040366,48.6055469953775,89.37981510015408,False,False,多年背景上持续抬升,2026Q2
C0560,二氧化碳水合物形成与分离,碳与环境,方向候选,能源电力直接相关,True,True,225,201658,0.0011161542916256256,222,165986,0.001337452888597688,177,146407,0.0012092763417857776,147,128994,0.0011401494948558,114,120863,0.000944423365611442,225,222,0.8345372768949695,3,546,182.0,0.0012289595750797553,0.9082107452990803,0.8345372768949695,-0.04006650375454068,1,4,3,624,0.0012209611740030305,12,3,1.0,283,486,215.0,1.3148148148148149,0.5105286635581469,0.0012370914655402683,0.9022407176159554,0.7725920427243006,0.9038259648683731,1.0,75.59322033898306,54.0100154083205,False,False,近期份额下降,2026Q2
C0561,蒸汽压缩制冷循环,热工与能效,方向候选,能源电力直接相关,True,True,51,201658,0.0002549088515242559,38,165986,0.00023142443240903817,24,146407,0.00016691419928874113,21,128994,0.00016619128230101492,26,120863,0.00021857833352579225,51,38,1.1014776999591362,3,83,27.666666666666668,0.00018817663799959808,1.3546253893897306,1.1014776999591362,0.2117130662913329,2,0,3,113,0.00021774916107401173,0,0,0.0,85,150,40.0,2.097560975609756,0.3336816397875696,0.0001890158048904161,1.3486113061923155,0.9529415929219536,0.04728118168524066,0.25696294394152536,43.23574730354392,80.66255778120185,False,False,平稳或增长证据不足,2026Q2
C0562,制冷工质及其热物性,热工与能效,方向候选,能源电力直接相关,True,True,5,201658,2.722327540550306e-05,6,165986,3.907165741970774e-05,1,146407,1.0219236691147416e-05,4,128994,3.478422187695661e-05,4,120863,3.711707550437982e-05,5,6,0.6967525107284454,3,11,3.6666666666666665,2.8025038662603924e-05,0.9713911810522952,0.6967525107284454,0.4899002132969592,1,0,3,12,2.5504723172119405e-05,0,0,0.0,5,13,5.0,1.0,0.3758350958945156,2.603211684119503e-05,1.0457572686683343,0.37855608402125135,0.5037785503611352,0.7022935181614338,36.06317411402158,50.219568567026194,False,False,近期份额下降,2026Q2
C0563,电力线载波通信,数字技术与测量,方向候选,能源电力直接相关,True,True,12,201658,6.187108046705242e-05,13,165986,8.114882694862377e-05,9,146407,6.472183237726697e-05,14,128994,0.00011208249271463797,17,120863,0.0001443441825170326,12,13,0.7624396161169857,3,36,12.0,8.598438401350957e-05,0.7195618271491186,0.42863577449511436,-0.022522855917291196,2,0,3,34,6.924724659764772e-05,0,0,0.0,18,53,19.333333333333332,0.9344262295081968,0.246928347992063,8.262367519161902e-05,0.7488299246379729,0.39393663520492606,0.8288796989050216,1.0,35.77812018489985,24.29121725731895,False,False,近期份额下降,2026Q2
C0564,波浪能转换装置,风能与水能海洋能源,方向候选,能源电力直接相关,True,True,307,201658,0.0015220285794894893,295,165986,0.0017762576565420983,268,146407,0.0018292433677153874,231,128994,0.0017894549698923236,211,120863,0.0017445025487058514,307,295,0.8568737614634548,3,794,264.6666666666667,0.001798318664716603,0.846361998766968,0.8320536273915315,-0.0919291921193448,1,4,3,870,0.001709176534582325,12,3,1.0,352,633,277.0,1.2697841726618706,0.4040674827277529,0.0017984797243764741,0.8462862043202465,0.7419046959589664,0.9935802828648717,1.0,74.61479198767334,50.29661016949153,True,False,近期份额下降,2026Q2
C0565,二氧化碳干重整制合成气,氢能与燃料电池,方向候选,能源电力直接相关,True,True,156,201658,0.0007746259274474962,40,165986,0.00024344648084587134,44,146407,0.00030317068850404,41,128994,0.00032078782397637764,29,120863,0.00024332305052871212,156,40,3.1819146645948866,3,125,41.666666666666664,0.0002891349977754297,2.6791150618478428,2.414761002601329,0.4690421316358351,4,3,3,240,0.00044041436559913585,4,1,0.3333333333333333,247,316,71.66666666666667,3.4128440366972477,0.5694356408642701,0.0002840896229191284,2.7266956092514807,2.1559565793396063,1.2766437721388925e-18,4.3521946777462246e-17,62.24191063174115,98.69029275808937,False,False,多年背景上持续抬升,2026Q2
C0566,蒸汽重整制氢与合成气,氢能与燃料电池,方向候选,能源电力直接相关,True,True,113,201658,0.0005617894106408359,49,165986,0.0002975456988116205,61,146407,0.00041898870433704406,56,128994,0.0004367352302328997,36,120863,0.0003010607235355252,113,49,1.8880777402751536,3,166,55.333333333333336,0.0003844232111271881,1.4613826490694535,1.2863386595609612,0.14664155228632092,4,3,3,223,0.00042610793792983347,3,0,0.25,220,338,91.0,2.402173913043478,0.5270028326476276,0.00037689977861382374,1.4905538355766785,1.1741799021747685,0.0004974087367199338,0.0042392790061358,59.03505392912173,90.73189522342065,False,True,多年背景上持续抬升,2026Q2
C0567,石墨烯结构复合材料,能源材料与电化学基础,关联基础研究,关联基础或环境研究,True,False,2,201658,1.2374216093410483e-05,5,165986,3.306063320129117e-05,7,146407,5.109618345573708e-05,6,128994,5.024387604449288e-05,6,120863,5.36135535063264e-05,2,5,0.37428853882106566,3,18,6.0,4.4800230900507046e-05,0.27620875706849163,0.23080387857429233,-0.709047423102227,1,0,3,14,3.217701091681291e-05,0,0,0.0,4,30,11.0,0.4166666666666667,0.4530169892439498,4.187775317931375e-05,0.2954842405328217,0.078877676525091,0.9802500735529733,1.0,39.59938366718028,3.6402157164869027,False,False,近期份额下降,2026Q2
C0568,石墨烯分离膜,能源材料与电化学基础,关联基础研究,关联基础或环境研究,True,False,0,201658,2.4748432186820964e-06,0,165986,3.005512109208288e-06,0,146407,3.406412230382472e-06,1,128994,1.1594740625652205e-05,0,120863,4.124119500486646e-06,0,0,0.8234347854063445,3,1,0.3333333333333333,6.002221655080988e-06,0.4123211971998897,0.21344532823845608,-0.15974127876817157,0,0,3,0,2.962255852757619e-06,0,0,0.0,0,0,0.6666666666666666,0.6000000000000001,0.0,3.395493501025439e-06,0.7288611266476269,0.029690187921176114,0.7504557625958929,0.9857124727616805,28.397534668721107,22.272727272727273,False,False,近期份额下降,2026Q2
C0569,餐厨垃圾或污泥厌氧消化,生物质与资源循环,方向候选,能源电力直接相关,True,True,272,201658,0.0013487895541817426,195,165986,0.0011751552347004407,229,146407,0.0015635432137455546,210,128994,0.0016271286011331927,207,120863,0.0017115095927019582,272,195,1.1477543684052627,3,634,211.33333333333334,0.0014552756831930627,0.9268275212448573,0.7880701106982463,-0.07387348646682224,3,4,3,696,0.0013624960008759126,12,3,1.0,441,812,332.0,1.3273273273273274,0.5465788779081914,0.0014362937509337606,0.9390763924892592,0.8147966535882855,0.8074451439743313,1.0,78.59784283513098,65.81278890600925,False,False,历史峰值以下的恢复或波动,2026Q2
C0570,畜禽粪便与农业残余厌氧消化,生物质与资源循环,方向候选,能源电力直接相关,True,True,96,201658,0.0004776447412056446,64,165986,0.00038771106208786914,63,146407,0.0004326143532585739,87,128994,0.0006763598698297119,82,120863,0.0006804797175802966,96,64,1.2319605704141434,3,214,71.33333333333333,0.0004988950950587183,0.9574051658083096,0.7019235531429083,0.04951027245497519,3,2,3,223,0.00043265671885069583,2,0,0.16666666666666666,214,375,126.66666666666667,1.6840731070496082,0.5170477092856496,0.0004855555706466378,0.9837076744265173,0.7736203332420861,0.5591606774454988,0.7694871707965579,57.56163328197227,73.07781201848998,False,False,历史峰值以下的恢复或波动,2026Q2
C0571,光伏电池与组件制造工艺,太阳能,方向候选,能源电力直接相关,True,True,40,201658,0.0002004623007132498,32,165986,0.00019535828709853873,27,146407,0.00018735267267103596,17,128994,0.0001352719739659424,24,120863,0.00020208185552384565,40,32,1.0261264248909832,3,76,25.333333333333332,0.000172660977911839,1.1610168269497825,0.991985649545836,0.03381670595181241,2,0,3,99,0.00019439108682760818,0,0,0.0,79,172,47.666666666666664,1.6438356164383563,0.3310910003953561,0.0001731701685522974,1.1576029658521132,0.7909418520660171,0.23421978241592223,0.6983240223463687,42.82742681047766,71.50231124807395,False,False,历史峰值以下的恢复或波动,2026Q2
C0572,碳排放交易机制,能源政策与治理,方向候选,能源治理与政策研究,True,False,257,201658,0.0012745442576212796,245,165986,0.0014757064456212695,228,146407,0.0015567303892847896,173,128994,0.0013411249990337717,108,120863,0.0008949339316056022,257,245,0.8636841435524794,3,646,215.33333333333334,0.0014578539446466103,0.8742605953782526,0.8187315327009482,-0.09999952388340594,1,4,3,730,0.0014356603641757797,12,3,1.0,359,771,310.0,1.157556270096463,0.416282333148056,0.0014634576989419642,0.8709129471543569,0.7537861463987046,0.9698836685317174,1.0,74.12942989214176,50.3120184899846,False,False,近期份额下降,2026Q2
C0573,电连接器与接线端子,电力电子与电机,关联基础研究,关联基础或环境研究,True,False,1,201658,7.424529656046289e-06,1,165986,9.016536327624864e-06,0,146407,3.406412230382472e-06,0,128994,3.864913541884068e-06,0,120863,4.124119500486646e-06,1,1,0.8234347854063445,3,1,0.3333333333333333,5.429287366630467e-06,1.3674961656439477,0.8234347854063445,0.389564865565883,0,0,3,2,6.615826071351209e-06,0,0,0.0,1,1,0.0,2.0,0.0,3.395493501025439e-06,2.186583379942881,0.22743908604279564,0.28495512626428826,0.6983240223463687,29.183359013867488,70.79352850539291,False,False,近期份额下降,2026Q2
C0574,电力市场机制与制度设计,能源政策与治理,方向候选,能源治理与政策研究,True,False,53,201658,0.0002648082243989843,32,165986,0.00019535828709853873,29,146407,0.00020097832159256585,24,128994,0.00018938076355231933,23,120863,0.00019383361652287236,53,32,1.3555003390535207,3,85,28.333333333333332,0.00019523912408114132,1.3563276604792085,1.3175959591095496,0.13790441650992147,3,0,3,114,0.00022038161103002962,0,0,0.0,70,151,50.333333333333336,1.383116883116883,0.3683324847335403,0.00019354312955845003,1.3682129921280013,0.9722309679363237,0.0371937986733555,0.20361568616800457,44.38366718027736,82.95454545454545,False,False,多年背景上持续抬升,2026Q2
C0575,产消者能源交易,电网与电力系统,方向候选,能源电力直接相关,True,True,131,201658,0.0006508837665133914,136,165986,0.0008205048058138626,139,146407,0.0009503890122767096,139,128994,0.001078310878185655,126,120863,0.0010434022336231214,131,136,0.7932723390544638,3,414,138.0,0.0009497348987587423,0.6853320514641139,0.6036142078141286,-0.18927015358997235,1,3,3,406,0.0008072591948679878,8,0,0.6666666666666666,201,510,232.66666666666666,0.8644793152639088,0.5171641722799262,0.0009382880374500296,0.6936929178829646,0.5701285117678194,0.9998862845587975,1.0,69.21417565485363,10.666409861325114,False,False,近期份额下降,2026Q2
C0576,碱性水电解制氢,氢能与燃料电池,方向候选,能源电力直接相关,True,True,409,201658,0.002026896596100637,280,165986,0.0016860922932658495,210,146407,0.0014340995489910207,109,128994,0.0008464160656726109,75,120863,0.0006227420445734836,409,280,1.2021267188017757,3,599,199.66666666666666,0.0013222026359764937,1.53296971352935,1.2021267188017757,0.1729843463171723,3,4,3,899,0.001715696146119169,12,3,1.0,608,976,308.0,1.970873786407767,0.6225971009850721,0.001357065569243167,1.4935878133221179,1.3172234279522497,1.3839362396079068e-10,2.883200499183139e-09,82.53466872110941,85.72033898305085,True,True,多年背景上持续抬升,2026Q2
C0577,质子交换膜水电解制氢,氢能与燃料电池,方向候选,能源电力直接相关,True,True,427,201658,0.0021159909519731924,355,165986,0.0021369191096470928,188,146407,0.0012842174108541919,98,128994,0.0007613879677511614,71,120863,0.0005897490885695904,427,355,0.9902063875139585,3,641,213.66666666666666,0.0013941748294174817,1.517737164181412,0.9902063875139585,0.24968686197620293,2,4,3,970,0.0018457091574914924,12,3,1.0,528,855,291.3333333333333,1.8095781071835806,0.642323086911277,0.0014521393872718794,1.457154162004024,1.2893191938969333,6.090746777426045e-10,1.1712974571973163e-08,82.9969183359014,79.93836671802774,True,False,近期份额下降,2026Q2
C0578,光伏电池与组件模型参数辨识,太阳能,方向候选,能源电力直接相关,True,True,77,201658,0.00038360069889572493,76,165986,0.00045984335270886806,61,146407,0.00041898870433704406,51,128994,0.000398086094814059,71,120863,0.0005897490885695904,77,76,0.834198638810349,3,188,62.666666666666664,0.00042563938395332373,0.9012340336856403,0.6504472941639147,-0.04412089799475716,1,1,3,214,0.00042081091864721237,2,0,0.16666666666666666,124,311,129.0,0.9615384615384616,0.4972927128439148,0.0004267003499621968,0.8989931668200172,0.690072690686668,0.790544070512333,1.0,56.12095531587057,47.90061633281973,False,False,近期份额下降,2026Q2
C0579,电机转子结构与制造,电力电子与电机,方向候选,能源电力直接相关,True,True,2,201658,1.2374216093410483e-05,2,165986,1.502756054604144e-05,4,146407,3.0657710073442246e-05,1,128994,1.1594740625652205e-05,3,120863,2.8868836503406523e-05,2,2,0.8234347854063445,3,7,2.3333333333333335,1.9093337081711964e-05,0.6480907994476666,0.4036249303606617,-0.45363461121923176,1,0,3,8,1.935316223763139e-05,0,0,0.0,6,13,2.6666666666666665,1.9090909090909092,0.2093304540491952,1.6977467505127195e-05,0.7288611266476269,0.17418215134954299,0.7226917113669448,0.9644462340306204,31.687211093990758,26.945300462249612,False,False,近期份额下降,2026Q2
C0580,电机定子结构与制造,电力电子与电机,方向候选,能源电力直接相关,True,True,0,201658,2.4748432186820964e-06,2,165986,1.502756054604144e-05,2,146407,1.703206115191236e-05,1,128994,1.1594740625652205e-05,0,120863,4.124119500486646e-06,0,2,0.1646869570812689,3,5,1.6666666666666667,1.4551454107868667e-05,0.17007532033130837,0.14530497492983818,-0.9644602349852214,0,0,3,4,1.1511488305545298e-05,0,0,0.0,0,6,2.3333333333333335,0.3,0.321067851056294,1.2450142837093276e-05,0.1987803072675346,0.010991127577507274,0.9346590332440756,1.0,32.95839753466872,0.5007704160246533,False,False,近期份额下降,2026Q2
C0581,微电网下垂控制与功率分配,电网与电力系统,方向候选,能源电力直接相关,True,True,76,201658,0.00037865101245836076,93,165986,0.0005620307644219498,81,146407,0.0005552451935523429,78,128994,0.0006067914260757986,79,120863,0.0006557350005773768,76,93,0.6737193698779183,3,252,84.0,0.0005746891280166972,0.6588797212244449,0.5774451754519087,-0.1913974184753351,1,1,3,250,0.0004986423234775512,2,0,0.16666666666666666,113,345,145.33333333333334,0.7790432801822323,0.3858007332703305,0.0005715747393392822,0.6624698161015065,0.5129506625313055,0.9993068532602598,1.0,53.45531587057011,8.563174114021573,False,False,近期份额下降,2026Q2
C0582,微电网孤岛切换与动态控制,电网与电力系统,方向候选,能源电力直接相关,True,True,190,201658,0.0009429152663178788,165,165986,0.0009948245081479433,168,146407,0.001147960921638893,165,128994,0.0012792863823636266,137,120863,0.0011341328626338276,190,165,0.947820704652016,3,498,166.0,0.0011406906040501543,0.8266178953082884,0.7370634748536414,-0.0983830563810022,1,4,3,523,0.0010285668987015716,12,3,1.0,262,557,244.0,1.073469387755102,0.4459772038135688,0.0011284356735074541,0.8355950529169885,0.707115784742641,0.9828942038278212,1.0,73.42064714946072,49.996147919876734,False,False,近期份额下降,2026Q2
C0583,碳化硅陶瓷结构材料,能源材料与电化学基础,关联基础研究,关联基础或环境研究,True,False,118,201658,0.0005865378428276569,57,165986,0.0003456338925589531,59,146407,0.00040536305541551414,52,128994,0.00040581592189782714,79,120863,0.0006557350005773768,118,57,1.6969916881852491,3,168,56.0,0.00038560428995743144,1.5210874414607976,0.8944738992294272,0.18472704524362937,4,3,3,234,0.0004458449302673747,3,0,0.25,163,279,99.0,1.64,0.4783128750850846,0.00038142710328185767,1.5377455817402454,1.2157165457080144,0.00015367603230970534,0.001405573466247305,57.532742681047765,90.53929121725731,False,False,历史峰值以下的恢复或波动,2026Q2
C0584,聚合物有机太阳能电池,太阳能,方向候选,能源电力直接相关,True,True,88,201658,0.0004380472497067311,150,165986,0.0009046591448716947,145,146407,0.0009912659590412994,205,128994,0.001588479465714352,240,120863,0.0019837014797340767,88,150,0.48421248178379733,3,500,166.66666666666666,0.0011614681898757821,0.37714958836158896,0.22082317031162024,-0.4083280460670031,0,1,3,383,0.0007779907845399084,9,1,0.75,156,418,255.0,0.61328125,0.5153825016756753,0.0011329629981754882,0.38663861963025964,0.30842355315816866,1.0,1.0,69.23151001540833,2.0801232665639446,False,False,近期份额下降,2026Q2
C0585,有机光伏印刷与规模制造,太阳能,方向候选,能源电力直接相关,True,True,13,201658,6.68207669044166e-05,4,165986,2.7049608982874594e-05,5,146407,3.747053453420719e-05,7,128994,5.797370312826102e-05,15,120863,0.00012784770451508602,13,4,2.470304356219033,3,16,5.333333333333333,4.083128221511427e-05,1.6365091488525911,0.5226591056746878,0.28922951783480766,3,0,3,22,4.37803034738328e-05,0,0,0.0,37,51,12.0,2.923076923076923,0.5384855739076178,3.735042851127983e-05,1.7890227654078112,0.8714238491581068,0.05899751068035537,0.3116065704948347,43.62095531587057,92.73882896764252,False,False,历史峰值以下的恢复或波动,2026Q2
C0586,小分子有机太阳能电池,太阳能,方向候选,能源电力直接相关,True,True,40,201658,0.0002004623007132498,73,165986,0.0004418102800536183,64,146407,0.00043942717771933886,69,128994,0.0005372229823218855,73,120863,0.000606245566571537,40,73,0.45372937155043475,3,206,68.66666666666667,0.00047282014669828085,0.4239715716707185,0.3306618831819453,-0.3924229036127884,0,0,3,177,0.000360566586162069,2,0,0.16666666666666666,105,303,159.66666666666666,0.6597510373443983,0.5369384583383645,0.0004674462719745021,0.4288456507878289,0.3062072694404728,0.9999998350848325,1.0,55.304314329738055,2.2958397534668724,False,False,近期份额下降,2026Q2
C0587,太阳辐照度预测估算,太阳能,方向候选,能源电力直接相关,True,True,288,201658,0.0014279845371795697,292,165986,0.0017582245838868484,235,146407,0.0016044201605101443,191,128994,0.001480261886541598,195,120863,0.0016125307246902785,288,292,0.812174138768309,3,718,239.33333333333334,0.0016143022103128634,0.8845831518144399,0.812174138768309,-0.05824919252233096,0,4,3,815,0.0015968764271921873,12,3,1.0,488,1077,398.6666666666667,1.2235195996663886,0.3998651236059717,0.0016264413869911854,0.8779809396151997,0.7658713835335089,0.9691811145169542,1.0,74.83821263482281,40.26964560862866,True,False,近期份额下降,2026Q2
C0588,电网接地与地网安全,电网与电力系统,方向候选,能源电力直接相关,True,True,8,201658,4.207233471759564e-05,11,165986,6.912677851179063e-05,4,146407,3.0657710073442246e-05,2,128994,1.932456770942034e-05,6,120863,5.36135535063264e-05,8,11,0.6086257109525155,3,17,5.666666666666667,3.9703018764884404e-05,1.0596759648615635,0.6086257109525155,0.15825310459182607,0,0,3,23,4.7285607767609506e-05,0,0,0.0,12,31,7.0,1.625,0.1434978465537709,3.961409084529679e-05,1.0620547845436847,0.4680271286403142,0.47249927179813006,0.6983240223463687,33.228043143297384,50.739599383667176,False,False,近期份额下降,2026Q2
C0589,输电线路雷击与防雷,电网与电力系统,方向候选,能源电力直接相关,True,True,28,201658,0.0001410660634648795,24,165986,0.00014727009335120612,24,146407,0.00016691419928874113,29,128994,0.00022802989897116003,21,120863,0.00017733713852092578,28,24,0.9578731177175844,3,77,25.666666666666668,0.0001807380638703691,0.780500025528969,0.6186296801487456,-0.08412579390621033,2,0,3,76,0.00015175011870160893,0,0,0.0,32,67,26.333333333333332,1.2073170731707317,0.2400386183110199,0.00017543383088631435,0.8040984042370594,0.5234008818814929,0.8500449918412976,1.0,38.63636363636363,53.09707241910632,False,False,近期份额下降,2026Q2
C0590,非钙钛矿多结太阳能电池,太阳能,方向候选,能源电力直接相关,True,True,100,201658,0.0004974434869551014,93,165986,0.0005620307644219498,86,146407,0.0005893093158561676,80,128994,0.000622251080243335,80,120863,0.00066398323957835,100,93,0.8850823094474614,3,259,86.33333333333333,0.0005911970535071508,0.8414173988251865,0.7491807884653737,-0.0847346219875229,2,3,3,279,0.0005495945224110729,6,0,0.5,172,389,156.0,1.1019108280254777,0.4180939307377602,0.0005874203756774009,0.8468270893420405,0.6726444291684894,0.9238812800433702,1.0,60.73574730354391,52.18027734976888,False,False,近期份额下降,2026Q2
C0591,电池等效电路与参数辨识,电化学储能,方向候选,能源电力直接相关,True,True,38,201658,0.00019056292783852142,36,165986,0.00021940238397220502,33,146407,0.0002282296194356256,27,128994,0.00021257024480362375,24,120863,0.00020208185552384565,38,36,0.8685544996751853,3,96,32.0,0.0002200674160704848,0.8659297738902271,0.8349614231042941,-0.09018487753681281,2,0,3,107,0.00021273164374878404,0,0,0.0,64,161,55.0,1.1607142857142858,0.5650309101902073,0.00021844341523263657,0.8723674624642581,0.6003973907239069,0.7730712118229257,1.0,50.68567026194144,53.11248073959938,False,False,近期份额下降,2026Q2
C0592,电池荷电状态估计,电化学储能,方向候选,能源电力直接相关,True,True,597,201658,0.0029574376463251052,537,165986,0.0032309255173989097,434,146407,0.002960172228202368,327,128994,0.0025315183699340647,274,120863,0.0022641416057671685,597,537,0.9153530870330993,3,1298,432.6666666666667,0.0029075387051784476,1.0171619181054359,0.9153530870330993,-0.0004621092180623343,0,4,3,1568,0.0030495117973087945,12,3,1.0,627,1158,457.0,1.3711790393013101,0.5353963578188992,0.0029393655407210216,1.0061483015139554,0.9132350907827049,0.44614615154689835,0.6983240223463687,83.89830508474577,57.71186440677967,True,False,近期份额下降,2026Q2
C0593,电池健康状态与寿命预测,电化学储能,方向候选,能源电力直接相关,True,True,1050,201658,0.005199645602451085,717,165986,0.0043129098767138935,504,146407,0.003437069940455914,335,128994,0.0025933569866042096,246,120863,0.0020331909137399165,1050,717,1.2056003373789057,3,1556,518.6666666666666,0.003447778934591339,1.5081145575440997,1.2056003373789057,0.206985561477524,4,4,3,2271,0.004316541806540297,12,3,1.0,954,1476,530.0,1.7984934086629,0.6013706009729944,0.003523390422897397,1.4757506203854778,1.364658487736857,3.509757740630259e-23,1.645198940920434e-21,90.84745762711864,88.13559322033898,True,True,多年背景上持续抬升,2026Q2
C0594,能源安全与转型战略,能源政策与治理,方向候选,能源治理与政策研究,True,False,67,201658,0.00033410383452208304,39,165986,0.00023743545662745474,27,146407,0.00018735267267103596,20,128994,0.00015846145521724678,17,120863,0.0001443441825170326,67,39,1.407135392782994,3,86,28.666666666666668,0.00019441652817191247,1.7184950151288183,1.407135392782994,0.28922951783480766,3,1,3,133,0.0002529639879401912,1,0,0.08333333333333333,101,210,51.666666666666664,1.9367088607594938,0.3394814290250128,0.000195806791892467,1.706293388972768,1.2411133729912256,0.0004589231008163696,0.004002236344328804,45.988058551617875,90.9899845916795,False,False,多年背景上持续抬升,2026Q2
C0595,电网短路电流计算,电网与电力系统,方向候选,能源电力直接相关,True,True,1,201658,7.424529656046289e-06,0,165986,3.005512109208288e-06,0,146407,3.406412230382472e-06,0,128994,3.864913541884068e-06,0,120863,4.124119500486646e-06,1,0,2.4703043562190334,3,0,0.0,3.4256126271582758e-06,2.1673582112538288,1.80027025287948,0.389564865565883,1,0,3,1,4.612151331879016e-06,0,0,0.0,0,0,0.0,1.0,0.0,1.1318311670084796e-06,6.559750139828642,0.2672116912905851,0.06950909336061192,0.3452438411950924,28.78274268104777,84.47996918335902,False,False,多年背景上持续抬升,2026Q2
C0596,聚变加热与中性束注入,核能与等离子体,方向候选,能源电力直接相关,True,True,15,201658,7.672013977914499e-05,2,165986,1.502756054604144e-05,12,146407,8.51603057595618e-05,3,128994,2.7054394793188476e-05,6,120863,5.36135535063264e-05,15,2,5.105295669519336,3,17,5.666666666666667,4.241408703293057e-05,1.808836288744798,0.9008908445649968,-0.05218558895969938,4,0,3,29,5.8969335361582746e-05,0,0,0.0,35,66,16.0,2.1176470588235294,0.3010905503240437,3.961409084529679e-05,1.936688136520837,0.9775931109401206,0.02926166372171317,0.16625945296427935,36.72573189522342,89.2064714946071,False,False,历史峰值以下的恢复或波动,2026Q2
C0597,电动汽车充电负荷预测,交通与充电,方向候选,能源电力直接相关,True,True,114,201658,0.0005667390970782001,67,165986,0.0004057441347431189,34,146407,0.00023504244389639057,21,128994,0.00016619128230101492,18,120863,0.00015259242151800592,114,67,1.3967893767263178,3,122,40.666666666666664,0.0002689926203135081,2.1068945921924236,1.3967893767263178,0.44006647071031857,3,3,3,215,0.00040250855857256986,4,0,0.3333333333333333,185,286,63.666666666666664,2.876288659793815,0.5438813358489741,0.0002772986359170775,2.0437860979874274,1.584117493186197,1.0008069762151213e-08,1.563760900336127e-07,59.94607087827427,92.97765793528505,False,False,多年背景上持续抬升,2026Q2
C0598,锂资源提取与分离,电化学储能,方向候选,能源电力直接相关,True,True,554,201658,0.002744601129518445,449,165986,0.002701955386178251,261,146407,0.0017815535964900329,127,128994,0.0009855529531804374,94,120863,0.0007794585855919761,554,449,1.0157832892276264,3,837,279.0,0.001823020645282907,1.5055238878507171,1.0157832892276264,0.21607498287455051,2,4,3,1264,0.0024093700373955763,12,3,1.0,665,1077,339.0,1.9588235294117646,0.5879368796448184,0.0018958172047392034,1.4477140109591968,1.3004074885306365,4.7377651790874374e-12,1.1104137138486181e-10,84.36055469953776,80.03852080123266,True,False,平稳或增长证据不足,2026Q2
C0599,电气设备温度监测与控制,热工与能效,方向候选,能源电力直接相关,True,True,0,201658,2.4748432186820964e-06,0,165986,3.005512109208288e-06,1,146407,1.0219236691147416e-05,1,128994,1.1594740625652205e-05,0,120863,4.124119500486646e-06,0,0,0.8234347854063445,3,2,0.6666666666666666,8.273163142002635e-06,0.29914111159217704,0.21344532823845608,-0.7090474231022261,0,0,3,1,5.233197339679267e-06,0,0,0.0,0,3,1.3333333333333333,0.4285714285714286,0.7993632613318984,5.659155835042398e-06,0.43731667598857615,0.020994041266467645,0.8304392713460131,1.0,42.20338983050848,13.289676425269645,False,False,近期份额下降,2026Q2
C0600,直接空气捕碳,碳与环境,方向候选,能源电力直接相关,True,True,164,201658,0.0008142234189464098,98,165986,0.0005920858855140328,86,146407,0.0005893093158561676,49,128994,0.00038262644064652275,30,120863,0.0002515712895296854,164,98,1.3751778903486667,3,233,77.66666666666667,0.0005213405473389077,1.5617880157269022,1.3751778903486667,0.16164179936562517,4,4,3,348,0.0006652062067722034,7,1,0.5833333333333334,272,435,115.66666666666667,2.34,0.5576208096273504,0.00052856515499296,1.5404409678826718,1.2618207422207923,9.582787730196455e-06,0.0001072700119051842,68.38790446841294,90.8859784283513,False,True,多年背景上持续抬升,2026Q2
C0601,铜基热电材料,能源材料与电化学基础,方向候选,能源电力直接相关,True,True,41,201658,0.000205411987150614,49,165986,0.0002975456988116205,59,146407,0.00040536305541551414,63,128994,0.0004908440198192767,39,120863,0.00032580544053844505,41,49,0.6903544160477434,3,171,57.0,0.00039791759134880377,0.5162174068614007,0.41848729709744537,-0.3398827214256368,1,0,3,149,0.00030277358045924956,0,0,0.0,82,250,122.33333333333333,0.672972972972973,0.4825076816849143,0.0003882180902839085,0.5291149286742248,0.3769585955769367,0.9999193225584064,1.0,50.06163328197226,6.6987673343605545,False,False,近期份额下降,2026Q2
C0602,摩擦纳米发电机,能源材料与电化学基础,方向候选,能源电力直接相关,True,True,191,201658,0.000947864952755243,403,165986,0.0024254482721310883,303,146407,0.0020676922238421604,268,128994,0.0020754585719917444,195,120863,0.0016125307246902785,191,403,0.390799904350223,3,974,324.6666666666667,0.0021895330226549977,0.43290735647634804,0.390799904350223,-0.3899881797075979,1,4,3,897,0.0018136684829094972,12,3,1.0,350,936,439.0,0.7977272727272727,0.6678930805872333,0.002205938944499527,0.4296877550118642,0.36801759537611617,1.0,1.0,82.28043143297381,5.2272727272727275,False,False,近期份额下降,2026Q2
C0603,ZnO光催化污染物降解,能源材料与电化学基础,关联基础研究,关联基础或环境研究,True,False,372,201658,0.001843758197918162,302,165986,0.0018183348260710143,295,146407,0.002013189628156041,232,128994,0.0017971847969760917,233,120863,0.0019259638067272637,372,302,1.0139816778970687,3,829,276.3333333333333,0.001876236417067716,0.9826896979218042,0.9158393089909429,-0.04395717828144097,2,4,3,969,0.0018917608840484056,12,3,1.0,726,1413,556.3333333333334,1.3044258373205742,0.595910302972616,0.0018777079060670679,0.9819196009990633,0.8689301836005269,0.6134598732068901,0.8335052625093616,83.27426810477658,62.642526964560865,False,False,历史峰值以下的恢复或波动,2026Q2
C0604,电池老化实验与循环寿命,电化学储能,方向候选,能源电力直接相关,True,True,199,201658,0.0009874624442541564,157,165986,0.0009467363144006107,123,146407,0.0008413838209044706,101,128994,0.0007845774490024658,73,120863,0.000606245566571537,199,157,1.0430173948480363,3,381,127.0,0.000857565861435849,1.1514712614618514,1.0430173948480363,0.08004526136277113,3,4,3,479,0.0009251941931864126,11,2,0.9166666666666666,304,582,216.66666666666666,1.4012251148545176,0.5189664247077248,0.00086358718042747,1.1434426849242585,0.9634792252451876,0.06273131873356178,0.32847448633416626,74.32010785824346,74.37211093990754,False,False,平稳或增长证据不足,2026Q2
C0605,电池阻抗表征,电化学储能,方向候选,能源电力直接相关,True,True,91,201658,0.00045289630901882365,45,165986,0.00027350160193795423,40,146407,0.00027591939066098025,31,128994,0.00024348955313869628,32,120863,0.000268067767531632,91,45,1.655918304718253,3,116,38.666666666666664,0.0002643035152458769,1.7135462939170605,1.6414080501333572,0.24777722031631955,4,1,3,176,0.00033410576720591936,1,0,0.08333333333333333,139,230,64.66666666666667,2.131979695431472,0.6199947819713455,0.00026371666191297576,1.7173594786675843,1.3060404959322967,4.645122943777236e-05,0.0004838669733101288,56.172958397534664,93.71340523882895,False,False,多年背景上持续抬升,2026Q2
C0606,地热资源勘探与储层建模,热工与能效,方向候选,能源电力直接相关,True,True,244,201658,0.0012101983339355452,105,165986,0.0006341630550429488,101,146407,0.0006915016827676418,81,128994,0.0006299809073271031,92,120863,0.0007629621075900295,244,105,1.9083393841881633,3,287,95.66666666666667,0.0006518818817125646,1.8564687374900228,1.5861840606451636,0.2798369764483706,3,3,3,450,0.0008452876905820452,7,1,0.5833333333333334,406,610,172.0,2.352601156069364,0.3630700695790059,0.0006508029210298759,1.8595465613775106,1.5680318437032155,2.0831257694825326e-13,5.2078144237063315e-12,63.788520801232664,93.11633281972263,False,True,多年背景上持续抬升,2026Q2
C0607,地热供热与发电利用,热工与能效,方向候选,能源电力直接相关,True,True,38,201658,0.00019056292783852142,43,165986,0.00026147955350112103,33,146407,0.0002282296194356256,38,128994,0.00029759834272507325,33,120863,0.00027631600653260527,38,43,0.7287871089228567,3,114,38.0,0.0002624358385539399,0.7261314951820269,0.6403359847153682,-0.09018487753681281,1,0,3,114,0.00022675736692508936,0,0,0.0,71,236,86.33333333333333,0.8244274809160306,0.3606385604010332,0.0002591893372449418,0.7352267260069948,0.5103165046418097,0.9545075068214275,1.0,44.58397534668722,30.42758089368259,False,False,近期份额下降,2026Q2
C0608,隔离型DC-DC变换器,电力电子与电机,方向候选,能源电力直接相关,True,True,53,201658,0.0002648082243989843,36,165986,0.00021940238397220502,46,146407,0.0003167963374255699,51,128994,0.000398086094814059,34,120863,0.00028456424553357856,53,36,1.2069523566914913,3,133,44.333333333333336,0.0003114282720706113,0.8503024553241054,0.6652034015975185,-0.08962660811384726,2,1,3,135,0.0002670023152655864,1,0,0.08333333333333333,72,176,69.0,1.042857142857143,0.3862511877476336,0.0003021989215912641,0.8762712421493941,0.6381220704203158,0.8002098003413085,1.0,47.243836671802775,59.0215716486903,False,False,历史峰值以下的恢复或波动,2026Q2
C0609,非隔离DC-DC变换器,电力电子与电机,方向候选,能源电力直接相关,True,True,48,201658,0.00024005979221216337,40,165986,0.00024344648084587134,44,146407,0.00030317068850404,41,128994,0.00032078782397637764,39,120863,0.00032580544053844505,48,40,0.9860885701779681,3,125,41.666666666666664,0.0002891349977754297,0.8302688849815999,0.7368194705878041,-0.11670397438254998,3,0,3,132,0.0002622256538540249,0,0,0.0,68,157,63.0,1.078125,0.3702289380764413,0.0002840896229191284,0.8450142942408743,0.6066576562951856,0.8472587573926238,1.0,44.94607087827427,55.64329738058551,False,False,近期份额下降,2026Q2
C0610,电池极耳焊接,能源专用装置与材料,方向候选,能源电力直接相关,True,True,0,201658,2.4748432186820964e-06,0,165986,3.005512109208288e-06,0,146407,3.406412230382472e-06,0,128994,3.864913541884068e-06,0,120863,4.124119500486646e-06,0,0,0.8234347854063445,3,0,0.0,3.4256126271582758e-06,0.7224527370846096,0.60009008429316,-0.15974127876817157,0,0,3,0,2.962255852757619e-06,0,0,0.0,0,0,0.0,1.0,0.0,1.1318311670084796e-06,2.186583379942881,0.043384208007912116,0.5,0.6983240223463687,28.397534668721107,40.69337442218798,False,False,近期份额下降,2026Q2
C0611,电气安全与触电风险,电网与电力系统,方向候选,能源电力直接相关,True,True,40,201658,0.0002004623007132498,26,165986,0.00015929214178803927,16,146407,0.00011241160360262157,12,128994,9.662283854710171e-05,9,120863,7.835827050924628e-05,40,26,1.2584569361870548,3,54,18.0,0.0001227755279792542,1.6327545400344166,1.2584569361870548,0.28922951783480766,3,0,3,82,0.0001573886820346369,0,0,0.0,13,37,8.666666666666666,1.4482758620689655,0.0904861254085613,0.0001233695972039243,1.6248922364713148,1.0820077438760383,0.00966092359012835,0.06355870782979178,37.51926040061634,87.75423728813558,False,False,多年背景上持续抬升,2026Q2
C0612,国际气候协定与治理,能源政策与治理,方向候选,能源治理与政策研究,True,False,38,201658,0.00019056292783852142,27,165986,0.00016530316600645584,16,146407,0.00011241160360262157,11,128994,8.889301146333357e-05,19,120863,0.0001608406605189792,38,27,1.1528086995688822,3,54,18.0,0.00012220259369080365,1.559401663115946,1.1528086995688822,0.2639076514254306,2,0,3,81,0.00015609256581586628,0,0,0.0,63,141,36.333333333333336,1.7142857142857142,0.2613616055317246,0.0001233695972039243,1.5446506445468053,1.0224073978385948,0.019889377722094845,0.11933626633256907,39.92295839753467,83.80585516178736,False,False,多年背景上持续抬升,2026Q2
C0613,电力系统可靠性评估,电网与电力系统,方向候选,能源电力直接相关,True,True,22,201658,0.00011136794484069434,17,165986,0.00010519292382229007,12,146407,8.51603057595618e-05,20,128994,0.00015846145521724678,18,120863,0.00015259242151800592,22,17,1.0587018669510144,3,49,16.333333333333332,0.00011627156159969955,0.9578261726982956,0.7028077881022335,0.13415205368288774,2,0,3,51,0.0001005737248075154,0,0,0.0,33,71,25.666666666666668,1.275,0.4184963091583322,0.0001120512855338395,0.9939015363376729,0.6038314063594606,0.5270743688935848,0.7334058936367136,42.59630200308167,67.34206471494608,False,False,历史峰值以下的恢复或波动,2026Q2
C0614,电晕放电与电晕损耗,电网与电力系统,方向候选,能源电力直接相关,True,True,46,201658,0.00023016041933743498,35,165986,0.00021339135975378845,37,146407,0.0002554809172786854,50,128994,0.00039035626773029086,34,120863,0.00028456424553357856,46,35,1.0785835921519724,3,122,40.666666666666664,0.00028640951492092155,0.8036060512898215,0.5896163027577154,-0.05218558895969849,2,0,3,118,0.0002330108987899696,0,0,0.0,50,125,59.0,0.85,0.2726837716618788,0.0002772986359170775,0.8300092013660731,0.5921943474374243,0.8668726403027516,1.0,41.71802773497689,51.972265023112485,False,False,历史峰值以下的恢复或波动,2026Q2
C0615,电气绝缘局部放电,电网与电力系统,方向候选,能源电力直接相关,True,True,128,201658,0.0006360347072012988,97,165986,0.0005860748612956161,80,146407,0.000548432369091578,89,128994,0.0006918195239972481,83,120863,0.0006887279565812699,128,97,1.0852448197406694,3,266,88.66666666666667,0.000608775584794814,1.0447769639376592,0.919365073027093,0.07409458118720647,3,3,3,305,0.0005901806458628309,5,0,0.4166666666666667,133,287,124.33333333333333,1.069148936170213,0.4011397670198574,0.0006032660120155196,1.0543188154696441,0.8541860494278198,0.3147231865815079,0.6983240223463687,58.8308936825886,69.81124807395993,False,False,历史峰值以下的恢复或波动,2026Q2
C0616,锂金属负极界面稳定与枝晶抑制,电化学储能,方向候选,能源电力直接相关,True,True,425,201658,0.002106091579098464,380,165986,0.0022871947151075073,359,146407,0.0024492103936449975,278,128994,0.002152756842829426,287,120863,0.0023713687127798217,425,380,0.9208186627868583,3,1017,339.0,0.002296387317193977,0.9171325600560969,0.8599063537224777,-0.07546589334200826,1,4,3,1164,0.0022808322292836563,12,3,1.0,586,944,422.0,1.387706855791962,0.6213472275610218,0.002303276424862256,0.9143894134306593,0.8165612512701443,0.9389624559950249,1.0,84.26040061633283,55.72804314329739,True,False,近期份额下降,2026Q2
C0617,木质纤维素生物乙醇,生物质与资源循环,方向候选,能源电力直接相关,True,True,10,201658,5.197170759232403e-05,3,165986,2.1038584764458018e-05,3,146407,2.3844885612677303e-05,2,128994,1.932456770942034e-05,5,120863,4.5365314505353106e-05,10,3,2.4703043562190334,3,8,2.6666666666666665,2.1402679362185224e-05,2.4282804368946866,1.1456265245596693,0.389564865565883,4,0,3,16,3.228505932315312e-05,0,0,0.0,19,35,7.333333333333333,2.4000000000000004,0.3851198241909908,1.9241129839144154e-05,2.7010735869882647,1.0934256066773629,0.01346236511221043,0.0838647976326799,37.4653312788906,97.68104776579352,False,False,多年背景上持续抬升,2026Q2
C0618,木质纤维素预处理,生物质与资源循环,方向候选,能源电力直接相关,True,True,16,201658,8.166982621650918e-05,11,165986,6.912677851179063e-05,10,146407,7.15346568380319e-05,12,128994,9.662283854710171e-05,13,120863,0.00011135122651313945,16,11,1.1814499094960595,3,33,11.0,7.909475796564141e-05,1.032556749866867,0.7334434363583067,0.06625128310335704,2,0,3,37,7.411042052211056e-05,0,0,0.0,31,67,24.0,1.28,0.5082629207298375,7.583268818956813e-05,1.0769739035539563,0.5973003580038788,0.4226489068898148,0.6983240223463687,44.29121725731896,70.06933744221881,False,False,历史峰值以下的恢复或波动,2026Q2
C0619,生物炭土壤改良,生物质与资源循环,关联基础研究,关联基础或环境研究,True,False,160,201658,0.000794424673196953,43,165986,0.00026147955350112103,45,146407,0.00030998351296480497,41,128994,0.00032078782397637764,35,120863,0.0002928124845345519,160,43,3.0381904151199612,3,129,43.0,0.0002974169634807679,2.671080572875002,2.4764801336582316,0.47054952953841145,4,3,3,248,0.00045529591322095967,3,1,0.25,361,545,125.66666666666667,2.857894736842105,0.5020264698421925,0.00029314427225519626,2.710012606029593,2.1499324069712378,7.013796790819e-19,2.5049274252925e-17,59.92873651771957,98.56702619414483,False,False,多年背景上持续抬升,2026Q2
C0620,生物炭水污染物去除,生物质与资源循环,关联基础研究,关联基础或环境研究,True,False,0,201658,2.4748432186820964e-06,2,165986,1.502756054604144e-05,4,146407,3.0657710073442246e-05,0,128994,3.864913541884068e-06,0,120863,4.124119500486646e-06,0,2,0.1646869570812689,3,6,2.0,1.6516728053789252e-05,0.14983858852809048,0.08072498607213233,-1.2583535674362816,0,0,3,6,1.6053371279388595e-05,0,0,0.0,0,11,3.6666666666666665,0.2142857142857143,0.3642279824977167,1.4713805171110235e-05,0.16819872153406773,0.009474960240225394,0.9511063740955782,1.0,34.61479198767334,0.3235747303543914,False,False,近期份额下降,2026Q2
C0621,工业能源审计与节能评估,热工与能效,方向候选,能源电力直接相关,True,True,21,201658,0.00010641825840333014,14,165986,8.715985116704036e-05,6,146407,4.428335899497213e-05,12,128994,9.662283854710171e-05,10,120863,8.660650951021957e-05,21,14,1.2209550266369935,3,32,10.666666666666666,7.602201623637139e-05,1.3998347277774015,1.1013778937104333,0.43838410034784125,3,0,3,41,7.928715618844754e-05,0,0,0.0,15,35,12.0,1.2307692307692308,0.1355998038843309,7.356902585555118e-05,1.4465090051929825,0.8388563061031449,0.09738440080762645,0.45268915208252763,35.246533127889066,83.83281972265021,False,False,多年背景上持续抬升,2026Q2
C0622,谐振与软开关变换器,电力电子与电机,方向候选,能源电力直接相关,True,True,354,201658,0.0017546638420456065,337,165986,0.0020287206737155945,228,146407,0.0015567303892847896,264,128994,0.002044539263656672,246,120863,0.0020331909137399165,354,337,0.8649115005231085,3,829,276.3333333333333,0.001876663442219019,0.9349912203601319,0.8582196846185182,0.05984478905079005,1,4,3,919,0.0017800383016819967,12,3,1.0,321,594,266.0,1.205992509363296,0.3416271357031966,0.0018777079060670679,0.934471137058169,0.8251875947789356,0.8566738633909108,1.0,72.55778120184901,57.26887519260401,True,False,近期份额下降,2026Q2
C0623,氢能供应链与基础设施规划,氢能与燃料电池,方向候选,能源电力直接相关,True,True,175,201658,0.0008686699697574158,121,165986,0.000730339442537614,79,146407,0.000541619544630813,51,128994,0.000398086094814059,31,120863,0.0002598195285306587,175,121,1.1894058011424977,3,251,83.66666666666667,0.000556681693994162,1.5604428511466837,1.1894058011424977,0.23619973185464538,2,4,3,375,0.0007135429856419476,7,1,0.5833333333333334,270,476,129.0,2.0846153846153848,0.5299171126238563,0.0005693110770052653,1.5258265732802208,1.2582930325149964,7.6091535365284985e-06,8.779792542148266e-05,67.92565485362096,84.68412942989214,False,False,多年背景上持续抬升,2026Q2
C0624,农光互补与农光协同,太阳能,方向候选,能源电力直接相关,True,True,197,201658,0.000977563071379428,134,165986,0.0008084827573770295,85,146407,0.0005824964913954027,40,128994,0.0003130579968926095,24,120863,0.00020208185552384565,197,134,1.2091328633290188,3,259,86.33333333333333,0.0005680124152216806,1.72102412761156,1.2091328633290188,0.2588698254310593,3,4,3,416,0.0007895141067172868,7,1,0.5833333333333334,335,561,148.66666666666666,2.244988864142539,0.5717585910959857,0.0005874203756774009,1.6641626880104776,1.3829806523674177,2.4858016442089747e-08,3.804798435013737e-07,70.29853620955316,89.0793528505393,False,True,多年背景上持续抬升,2026Q2
C0625,光伏技术经济与投资,太阳能,方向候选,能源电力直接相关,True,True,78,201658,0.00038855038533308915,56,165986,0.00033962286834053656,43,146407,0.00029635786404327505,47,128994,0.00036716678647898647,33,120863,0.00027631600653260527,78,56,1.1440642593698769,3,146,48.666666666666664,0.00033438250628759934,1.1619937587252263,1.058239469476977,0.13542756457869043,3,1,3,177,0.0003415103725723002,1,0,0.08333333333333333,132,316,102.66666666666667,1.282958199356913,0.4292710606129142,0.0003316265319334845,1.1716504800376528,0.8907067660386032,0.1320282144311944,0.5626202319511124,51.219183359013876,76.56009244992296,False,False,平稳或增长证据不足,2026Q2
C0626,屋顶与分布式光伏部署,太阳能,方向候选,能源电力直接相关,True,True,108,201658,0.000537040978454015,70,165986,0.0004237772073983686,62,146407,0.000425801528797809,36,128994,0.00028213868855753697,44,120863,0.0003670466355433115,108,70,1.2672719747033814,3,168,56.0,0.0003772391415845715,1.423608844506975,1.2612471823909956,0.11605052935090798,4,2,3,240,0.0004622065715500642,3,0,0.25,164,346,98.33333333333333,1.6610738255033557,0.4484181438089049,0.00038142710328185767,1.4079780220997185,1.1061626740830086,0.0026923195866711356,0.02039636050508436,57.27850539291217,86.37134052388289,False,True,多年背景上持续抬升,2026Q2
C0627,永磁材料与磁性设计,能源材料与电化学基础,方向候选,能源电力直接相关,True,True,17,201658,8.661951265387338e-05,43,165986,0.00026147955350112103,32,146407,0.00022141679497486068,16,128994,0.00012754214688217425,21,120863,0.00017733713852092578,17,43,0.3312668676922076,3,91,30.333333333333332,0.00020347949845271867,0.4256915970038163,0.3312668676922076,-0.4692608829712839,1,0,3,92,0.00018983862037661836,0,0,0.0,39,144,56.666666666666664,0.6936416184971098,0.422167340205047,0.00020712510356255177,0.4181990070929007,0.25078151723126135,0.999766389213787,1.0,44.876733436055474,4.510785824345147,False,False,近期份额下降,2026Q2
C0628,软磁材料与磁损耗,能源材料与电化学基础,方向候选,能源电力直接相关,True,True,6,201658,3.217296184286725e-05,5,165986,3.306063320129117e-05,1,146407,1.0219236691147416e-05,4,128994,3.478422187695661e-05,3,120863,2.8868836503406523e-05,6,5,0.9731502009347707,3,10,3.3333333333333335,2.6021363923131732e-05,1.2364056679698887,0.9249297556999764,0.573427255628542,2,0,3,12,2.515094391176861e-05,0,0,0.0,6,19,7.333333333333333,0.8400000000000001,0.3221046783093718,2.3768454507178072e-05,1.3535992352027355,0.5089343054512133,0.2982708770646505,0.6983240223463687,34.66101694915255,69.33744221879815,False,False,近期份额下降,2026Q2
C0629,超临界二氧化碳布雷顿循环,热工与能效,方向候选,能源电力直接相关,True,True,33,201658,0.00016581449565170048,50,165986,0.00030355672303003707,51,146407,0.0003508604597293946,29,128994,0.00022802989897116003,47,120863,0.00039179135254623136,33,50,0.5462389170517336,3,130,43.333333333333336,0.00029414902724353057,0.5637091416060338,0.4232214278699129,-0.3747594631875062,0,0,3,134,0.0002734105594703774,0,0,0.0,74,185,65.33333333333333,1.1306532663316584,0.4970666072128323,0.0002954079345892132,0.5613068446596667,0.38400156285073445,0.9988891334800605,1.0,49.60708782742682,8.382126348228045,False,False,近期份额下降,2026Q2
C0630,有机朗肯循环发电,热工与能效,方向候选,能源电力直接相关,True,True,141,201658,0.0007003806308870333,175,165986,0.0010549347503321092,154,146407,0.0010525813791881838,170,128994,0.0013179355177824672,196,120863,0.0016207789636912518,141,175,0.6639089580341752,3,499,166.33333333333334,0.0011418172157675868,0.6133911988848428,0.4321259385622501,-0.20368846839542565,0,4,3,470,0.0009359655868024421,12,2,1.0,229,570,238.66666666666666,0.9596662030598053,0.4013191514502285,0.0011306993358414712,0.619422519042878,0.513953524181381,0.9999998201826815,1.0,71.1633281972265,5.731895223420647,False,False,近期份额下降,2026Q2
C0631,电动汽车充电站选址规划,交通与充电,方向候选,能源电力直接相关,True,True,136,201658,0.0006756321987002123,122,165986,0.0007363504667560305,71,146407,0.0004871169489446935,63,128994,0.0004908440198192767,57,120863,0.0004742737425559643,136,122,0.9175416180242125,3,256,85.33333333333333,0.0005714371451733336,1.1823386078538407,0.9175416180242125,0.16357230369435483,1,3,3,329,0.0006330332048003121,5,0,0.4166666666666667,217,483,150.0,1.4437086092715232,0.4636214596912016,0.0005806293886753501,1.1636203951742814,0.9454268145720834,0.07733838048123252,0.37272934675756947,62.690677966101696,68.6864406779661,False,False,近期份额下降,2026Q2
C0632,电动汽车路径与补能规划,交通与充电,方向候选,能源电力直接相关,True,True,88,201658,0.0004380472497067311,51,165986,0.00030956774724845367,55,146407,0.0003781117575724544,40,128994,0.0003130579968926095,47,120863,0.00039179135254623136,88,51,1.415028708902165,3,146,48.666666666666664,0.00033357916723783916,1.3131732815748864,1.1180625781040983,0.07356848686257589,4,1,3,194,0.00037524225150921306,1,0,0.08333333333333333,146,269,83.0,1.75,0.4796562072059279,0.0003316265319334845,1.32090531825901,1.0145463366885146,0.019696167505895052,0.11913004539855879,53.09129429892142,85.80123266563943,False,False,多年背景上持续抬升,2026Q2
C0633,区域供热供冷系统,热工与能效,方向候选,能源电力直接相关,True,True,418,201658,0.002071443774036915,309,165986,0.0018604119955999304,269,146407,0.0018360561921761524,193,128994,0.0014957215407091344,229,120863,0.0018929708507233706,418,309,1.1134328196851542,3,771,257.0,0.0017307299094950722,1.1968613719983863,1.094281918416939,0.060312971022067785,2,4,3,996,0.0019226373206043326,12,3,1.0,390,713,291.3333333333333,1.3375142531356898,0.4258070663037496,0.0017464154906940842,1.1861116584654512,1.053048734984789,0.0023739297217695832,0.018298089630971796,76.69491525423729,73.020030816641,True,False,平稳或增长证据不足,2026Q2
C0634,二氧化碳催化加氢与甲烷化,碳与环境,方向候选,能源电力直接相关,True,True,476,201658,0.002358525587404038,308,165986,0.0018544009713815136,272,146407,0.0018564946655584473,212,128994,0.0016425882553007289,187,120863,0.0015465448126824922,476,308,1.2718530802143377,3,792,264.0,0.0017844946307468967,1.3216770433301228,1.2704187257627138,0.11967327572730735,3,4,3,1056,0.0020231404081146663,12,3,1.0,679,1111,393.3333333333333,1.724429416737109,0.5098963460940665,0.0017939523997084403,1.3147091237132904,1.1735052127481362,1.0294166368992327e-06,1.4037499594080447e-05,80.80123266563945,83.07781201848996,True,True,多年背景上持续抬升,2026Q2
C0635,综合能源系统规划配置,电网与电力系统,方向候选,能源电力直接相关,True,True,56,201658,0.0002796572837110769,64,165986,0.00038771106208786914,60,146407,0.0004121758798762791,46,128994,0.0003594369593952183,36,120863,0.0003010607235355252,56,64,0.7213033391543949,3,170,56.666666666666664,0.0003864413004531222,0.723673384245329,0.6784901721930462,-0.19394264221037183,1,1,3,180,0.0003598480752250751,1,0,0.08333333333333333,95,218,84.33333333333333,1.125,0.5387784923407448,0.00038595442794989155,0.7245862813300455,0.5363185441783429,0.9835299530468538,1.0,53.73844375963021,26.182588597842837,False,False,近期份额下降,2026Q2
C0636,综合能源系统优化调度,电网与电力系统,方向候选,能源电力直接相关,True,True,251,201658,0.0012448461389970946,197,165986,0.0011871772831372738,184,146407,0.0012569661130111321,103,128994,0.0008000371031700021,90,120863,0.0007464656295880829,251,197,1.0485764482516235,3,484,161.33333333333334,0.0010813934997728027,1.1511500108504746,0.9903577559581114,-0.00484451573856548,3,4,3,632,0.0012296631783818336,12,3,1.0,238,433,168.0,1.4142011834319526,0.5167478485597393,0.0010967444008312167,1.1350376058939826,0.9746644804981379,0.051431193474006105,0.27552425075360415,75.84745762711866,72.09167950693373,False,False,历史峰值以下的恢复或波动,2026Q2
C0637,电流检测与测量电路,数字技术与测量,方向候选,能源电力直接相关,True,True,20,201658,0.00010146857196596596,25,165986,0.0001532811175696227,13,146407,9.197313022032674e-05,13,128994,0.00010435266563086983,10,120863,8.660650951021957e-05,20,25,0.6619769843462769,3,51,17.0,0.00011653563780693976,0.8707085135112501,0.6619769843462769,0.0491263215818174,0,0,3,58,0.00011557427325197179,0,0,0.0,45,93,25.0,1.7692307692307692,0.3776167219928438,0.00011657861020187341,0.8703875590063894,0.5216984204405224,0.7188872023087991,0.9610791474716566,41.51001540832049,43.590138674884436,False,False,近期份额下降,2026Q2
C0638,电压检测与测量电路,数字技术与测量,方向候选,能源电力直接相关,True,True,18,201658,9.156919909123757e-05,21,165986,0.00012923702069595638,18,146407,0.00012603725252415145,18,128994,0.00014300180104971053,8,120863,7.011003150827298e-05,18,21,0.7085369083729012,3,57,19.0,0.0001327586914232728,0.6897416516353622,0.6403359847153682,-0.15974127876817157,1,0,3,57,0.00011561449077044847,0,0,0.0,22,77,28.0,0.7931034482758621,0.2925131837011724,0.00013016058420597517,0.7035094352859703,0.4166254859284241,0.9152607623381803,1.0,38.86748844375963,16.79121725731895,False,False,近期份额下降,2026Q2
C0639,漏电与剩余电流保护,电力电子与电机,方向候选,能源电力直接相关,True,True,1,201658,7.424529656046289e-06,0,165986,3.005512109208288e-06,1,146407,1.0219236691147416e-05,1,128994,1.1594740625652205e-05,1,120863,1.2372358501459938e-05,1,0,2.4703043562190334,3,2,0.6666666666666666,8.273163142002635e-06,0.8974233347765311,0.60009008429316,-0.15974127876817157,1,0,3,2,6.883092818800665e-06,0,0,0.0,0,1,0.3333333333333333,0.75,0.2349975657877879,5.659155835042398e-06,1.3119500279657283,0.17329417513804915,0.47063469644605294,0.6983240223463687,30.32357473035439,56.536979969183356,False,False,历史峰值以下的恢复或波动,2026Q2
C0640,浪涌与过压保护电路,电力电子与电机,方向候选,能源电力直接相关,True,True,0,201658,2.4748432186820964e-06,0,165986,3.005512109208288e-06,0,146407,3.406412230382472e-06,0,128994,3.864913541884068e-06,0,120863,4.124119500486646e-06,0,0,0.8234347854063445,3,0,0.0,3.4256126271582758e-06,0.7224527370846096,0.60009008429316,-0.15974127876817157,0,0,3,0,2.962255852757619e-06,0,0,0.0,0,0,0.0,1.0,0.0,1.1318311670084796e-06,2.186583379942881,0.043384208007912116,0.5,0.6983240223463687,28.397534668721107,40.69337442218798,False,False,近期份额下降,2026Q2
C0641,电池盖板、端子与密封结构,电化学储能,方向候选,能源电力直接相关,True,True,0,201658,2.4748432186820964e-06,1,165986,9.016536327624864e-06,0,146407,3.406412230382472e-06,1,128994,1.1594740625652205e-05,0,120863,4.124119500486646e-06,0,1,0.2744782618021148,3,2,0.6666666666666666,8.00589639455318e-06,0.3091275600775772,0.21344532823845608,-0.15974127876817157,0,0,3,1,4.96593059222981e-06,0,0,0.0,0,3,1.0,0.5,0.3689222189314393,5.659155835042398e-06,0.43731667598857615,0.020994041266467645,0.8304392713460131,1.0,33.35901386748844,9.984591679506934,False,False,近期份额下降,2026Q2
C0642,绿色金融与能源投资,能源政策与治理,方向候选,能源治理与政策研究,True,False,175,201658,0.0008686699697574158,238,165986,0.0014336292760923535,190,146407,0.0012978430597757218,141,128994,0.0010937705323531912,65,120863,0.0005402596545637506,175,238,0.6059237100159893,3,569,189.66666666666666,0.0012750809560737554,0.6812665232113848,0.6059237100159893,-0.20074785459858946,1,3,3,603,0.001200047435208497,11,3,0.9166666666666666,265,756,310.6666666666667,0.8534759358288769,0.5448839046107327,0.0012891556992226585,0.6738285920631704,0.5689297117413084,0.9999979954374575,1.0,76.18451463790447,8.324345146379045,False,False,近期份额下降,2026Q2
C0643,电力设施覆冰与除冰,热工与能效,方向候选,能源电力直接相关,True,True,7,201658,3.7122648280231446e-05,4,165986,2.7049608982874594e-05,8,146407,5.7909007916502026e-05,4,128994,3.478422187695661e-05,5,120863,4.5365314505353106e-05,7,4,1.372391309010574,3,16,5.333333333333333,3.991427959211108e-05,0.930059333641803,0.6410513599845802,-0.22232285024517395,2,0,3,19,4.069375505986935e-05,0,0,0.0,9,28,8.666666666666666,1.0344827586206897,0.4472297491311078,3.735042851127983e-05,0.9939015363376729,0.41925635217917545,0.5380909105305248,0.7473484868479512,40.12326656394453,54.345146379044685,False,False,历史峰值以下的恢复或波动,2026Q2
C0644,沼气提纯与生物甲烷升级,生物质与资源循环,方向候选,能源电力直接相关,True,True,99,201658,0.0004924938005177372,78,165986,0.0004718654011457012,71,146407,0.0004871169489446935,59,128994,0.0004599247114842041,74,120863,0.0006144938055725103,99,78,1.0437167025214176,3,208,69.33333333333333,0.00047296902052486626,1.0412813083850687,0.8014625958009317,0.005488818464121081,3,3,3,248,0.0004838253835360439,5,0,0.4166666666666667,160,389,138.0,1.158273381294964,0.4804299888396566,0.00047197359664253604,1.0434774403084728,0.8217993089779003,0.3686909980230606,0.6983240223463687,61.19607087827428,67.27657935285053,False,False,历史峰值以下的恢复或波动,2026Q2
C0645,电机驱动PWM与谐波控制,电力电子与电机,方向候选,能源电力直接相关,True,True,42,201658,0.0002103616735879782,40,165986,0.00024344648084587134,38,146407,0.00026229374173945033,35,128994,0.0002744088614737688,21,120863,0.00017733713852092578,42,40,0.8640982315992504,3,113,37.666666666666664,0.0002600496946863635,0.8089287466447049,0.7665994183212156,-0.1103183614498553,1,0,3,120,0.00023870063205776661,0,0,0.0,45,147,57.333333333333336,0.7885714285714286,0.2571809301452137,0.00025692567491092486,0.8187647017407264,0.5755485844493261,0.8737099912043629,1.0,41.579352850539294,42.60785824345146,False,False,近期份额下降,2026Q2
C0646,电机转矩脉动抑制,电力电子与电机,方向候选,能源电力直接相关,True,True,24,201658,0.00012126731771542273,27,165986,0.00016530316600645584,31,146407,0.00021460397051409574,25,128994,0.00019711059063608747,28,120863,0.00023507481152773883,24,27,0.7336055360892887,3,83,27.666666666666668,0.00019233924238554634,0.6304866142310206,0.5158669145678042,-0.28539849290862396,1,0,3,82,0.00016705815141199144,0,0,0.0,39,120,44.0,0.8888888888888888,0.3340242727732189,0.0001890158048904161,0.6415723689652764,0.4089450527962043,0.9767670501668819,1.0,41.633281972265024,8.493836671802773,False,False,近期份额下降,2026Q2
C0647,电缆绝缘护套与导体结构,电网与电力系统,方向候选,能源电力直接相关,True,True,147,201658,0.0007300787495112185,128,165986,0.00077241661206653,63,146407,0.0004326143532585739,96,128994,0.0007459283135836251,77,120863,0.0006392385225754302,147,128,0.9451877886959986,3,287,95.66666666666667,0.000650319759636243,1.1226458041496212,0.9451877886959986,0.2616528561724425,2,3,3,338,0.0006450365716121075,6,0,0.5,158,297,117.66666666666667,1.3398876404494382,0.3278235791313741,0.0006508029210298759,1.121812342753304,0.9198303736797366,0.12967537021676862,0.555751586643294,58.25500770416024,71.47149460708782,False,False,近期份额下降,2026Q2
C0648,锂电石墨负极,电化学储能,方向候选,能源电力直接相关,True,True,16,201658,8.166982621650918e-05,12,165986,7.51378027302072e-05,19,146407,0.0001328500769849164,11,128994,8.889301146333357e-05,13,120863,0.00011135122651313945,16,12,1.0869339167363747,3,42,14.0,9.896029705948572e-05,0.8252787091717892,0.6147518170108539,-0.24326832109975527,2,0,3,47,9.655256864387761e-05,0,0,0.0,37,82,28.333333333333332,1.2954545454545454,0.4875855033589842,9.620564919572077e-05,0.848908841624883,0.48079065639045643,0.7321961115957488,0.9753944648255979,44.930662557781204,48.567026194144844,False,False,历史峰值以下的恢复或波动,2026Q2
C0649,能源电力标准化政策,能源政策与治理,方向候选,能源治理与政策研究,True,False,1,201658,7.424529656046289e-06,0,165986,3.005512109208288e-06,0,146407,3.406412230382472e-06,0,128994,3.864913541884068e-06,0,120863,4.124119500486646e-06,1,0,2.4703043562190334,3,0,0.0,3.4256126271582758e-06,2.1673582112538288,1.80027025287948,0.389564865565883,1,0,3,1,4.612151331879016e-06,0,0,0.0,0,0,0.0,1.0,0.0,1.1318311670084796e-06,6.559750139828642,0.2672116912905851,0.06950909336061192,0.3452438411950924,28.78274268104777,84.47996918335902,False,False,多年背景上持续抬升,2026Q2
C0650,空气源热泵,热工与能效,方向候选,能源电力直接相关,True,True,98,201658,0.000487544114080373,48,165986,0.0002915346745932039,42,146407,0.0002895450395825101,30,128994,0.00023575972605492814,41,120863,0.00034230191854039163,98,48,1.672336626031442,3,120,40.0,0.000272279813410214,1.7905995599675395,1.4243102000693075,0.26053495735566434,4,1,3,188,0.00035620794275202894,1,0,0.08333333333333333,119,193,57.333333333333336,2.057142857142857,0.3912087801963215,0.0002727713112490436,1.7873731363018566,1.369589689028896,7.559492897007159e-06,8.779792542148266e-05,49.07742681047766,94.42989214175654,False,False,多年背景上持续抬升,2026Q2
C0651,地源热泵与地埋换热器,热工与能效,方向候选,能源电力直接相关,True,True,233,201658,0.001155751783124539,255,165986,0.0015358166878054352,204,146407,0.001393222602226431,168,128994,0.0013024758636149309,168,120863,0.0013898282716639997,233,255,0.7525323772695947,3,627,209.0,0.0014105050512155989,0.8193886169556721,0.7525323772695947,-0.0934342279551239,0,4,3,692,0.0013615970243854685,12,3,1.0,341,656,276.6666666666667,1.2316926770708283,0.4510569803503668,0.001420448114595642,0.8136529389906973,0.7001442468565766,0.9965204253019568,1.0,74.94607087827426,35.577812018489986,False,False,近期份额下降,2026Q2
C0652,核裂变反应堆工程,核能与等离子体,方向候选,能源电力直接相关,True,True,2,201658,1.2374216093410483e-05,2,165986,1.502756054604144e-05,6,146407,4.428335899497213e-05,1,128994,1.1594740625652205e-05,2,120863,2.062059750243323e-05,2,2,0.8234347854063445,3,9,3.0,2.3635220055555256e-05,0.5235498575568384,0.27943264409584273,-0.6374970012818899,1,0,3,10,2.3895045211474688e-05,0,0,0.0,7,21,5.0,1.3333333333333333,0.3151126807387804,2.1504792173161113e-05,0.5754166789323371,0.14286353542235672,0.8269169197439822,1.0,33.97534668721109,23.624807395993834,False,False,近期份额下降,2026Q2
C0653,核聚变装置工程,核能与等离子体,方向候选,能源电力直接相关,True,True,84,201658,0.0004182485039572743,69,165986,0.000417766183179952,51,146407,0.0003508604597293946,61,128994,0.00047538436565174036,43,120863,0.0003587983965423382,84,69,1.001154523263829,3,181,60.333333333333336,0.00041467033618702897,1.0086289455936184,0.8798112310316849,0.08784358457854724,2,1,3,204,0.00039562504895554034,1,0,0.08333333333333333,149,255,109.33333333333333,1.3595166163141994,0.3102802247303396,0.0004108547136240781,1.0179961190367681,0.7864005708307251,0.4527532852440772,0.6983240223463687,47.382511556240374,67.11864406779662,False,False,历史峰值以下的恢复或波动,2026Q2
C0654,能源电力教学实验平台,数字技术与测量,方向候选,能源电力直接相关,True,True,14,201658,7.17704533417808e-05,9,165986,5.7104730074957474e-05,4,146407,3.0657710073442246e-05,8,128994,6.570353021202915e-05,5,120863,4.5365314505353106e-05,14,9,1.2568215145675783,3,21,7.0,5.115532345347629e-05,1.4029909009773565,1.0923378562791577,0.42529434755695483,3,0,3,27,5.3177631163393505e-05,0,0,0.0,16,37,9.666666666666666,1.59375,0.1800131596179604,4.866874018136463e-05,1.4746725120545008,0.7575923344158657,0.13528103707596195,0.5668199877484439,34.14483821263482,86.82973805855161,False,False,多年背景上持续抬升,2026Q2
C0655,电力系统硬件在环仿真,数字技术与测量,方向候选,能源电力直接相关,True,True,0,201658,2.4748432186820964e-06,0,165986,3.005512109208288e-06,1,146407,1.0219236691147416e-05,0,128994,3.864913541884068e-06,0,120863,4.124119500486646e-06,0,0,0.8234347854063445,3,1,0.3333333333333333,5.696554114079924e-06,0.4344456612051019,0.24217495821639698,-0.7090474231022261,0,0,3,1,5.233197339679267e-06,0,0,0.0,0,1,0.3333333333333333,0.75,0.3323566986176666,3.395493501025439e-06,0.7288611266476269,0.029690187921176114,0.7504557625958929,0.9857124727616805,32.28043143297381,14.137134052388289,False,False,近期份额下降,2026Q2
C0656,动力电池梯次利用,电化学储能,方向候选,能源电力直接相关,True,True,105,201658,0.0005221919191419224,69,165986,0.000417766183179952,41,146407,0.0002827322151217452,43,128994,0.0003362474781439139,17,120863,0.0001443441825170326,105,69,1.2499621562643073,3,153,51.0,0.0003455819588152037,1.5110508688943425,1.2499621562643073,0.3067674840715622,4,2,3,215,0.0004075634391478732,3,0,0.25,151,281,79.0,1.9,0.5292030286237245,0.0003474721682716033,1.5028309223711656,1.1729004717025668,0.0006115231418195049,0.005153284902973356,57.99499229583975,90.43143297380585,False,True,多年背景上持续抬升,2026Q2
C0657,电池单体均衡控制,电化学储能,方向候选,能源电力直接相关,True,True,69,201658,0.00034400320739681143,67,165986,0.0004057441347431189,61,146407,0.00041898870433704406,39,128994,0.00030532816980884136,40,120863,0.00033405367953941834,69,67,0.8478328531220881,3,167,55.666666666666664,0.00037668700296300143,0.9132335458640705,0.8210321754165655,-0.09859648988903436,1,1,3,197,0.0003895786821589915,3,0,0.25,86,230,75.66666666666667,1.134782608695652,0.4247417747861323,0.0003791634409478407,0.9072689248121206,0.685932243144491,0.7589551194589108,0.9933967532184695,53.18759630200308,50.95146379044685,False,False,近期份额下降,2026Q2
C0658,废旧电池材料直接再生,电化学储能,方向候选,能源电力直接相关,True,True,2,201658,1.2374216093410483e-05,1,165986,9.016536327624864e-06,1,146407,1.0219236691147416e-05,0,128994,3.864913541884068e-06,0,120863,4.124119500486646e-06,2,1,1.3723913090105742,3,2,0.6666666666666666,7.700228853552115e-06,1.6069932892581833,1.210874791081985,0.09567153311482368,2,0,3,4,1.0536663037394252e-05,0,0,0.0,6,10,1.3333333333333333,3.0000000000000004,0.795148287055781,5.659155835042398e-06,2.186583379942881,0.3788037306044604,0.21083298577581416,0.6983240223463687,43.32049306625578,85.09244992295841,False,False,多年背景上持续抬升,2026Q2
C0659,废旧电池拆解与物理分离,电化学储能,方向候选,能源电力直接相关,True,True,1,201658,7.424529656046289e-06,0,165986,3.005512109208288e-06,0,146407,3.406412230382472e-06,0,128994,3.864913541884068e-06,0,120863,4.124119500486646e-06,1,0,2.4703043562190334,3,0,0.0,3.4256126271582758e-06,2.1673582112538288,1.80027025287948,0.389564865565883,1,0,3,1,4.612151331879016e-06,0,0,0.0,7,7,0.0,8.0,0.0,1.1318311670084796e-06,6.559750139828642,0.2672116912905851,0.06950909336061192,0.3452438411950924,29.17565485362096,90.1502311248074,False,False,多年背景上持续抬升,2026Q2
C0660,废旧电池湿法回收,电化学储能,方向候选,能源电力直接相关,True,True,15,201658,7.672013977914499e-05,26,165986,0.00015929214178803927,6,146407,4.428335899497213e-05,2,128994,1.932456770942034e-05,4,120863,3.711707550437982e-05,15,26,0.4816316669357864,3,34,11.333333333333334,7.430002283081058e-05,1.032572223481617,0.4816316669357864,0.274777644743633,1,0,3,47,9.343188018738547e-05,0,0,0.0,22,63,18.0,1.2105263157894737,0.6359142326872345,7.80963505235851e-05,0.9823780402641927,0.5395020980988415,0.5449060958632235,0.7540213503642391,48.289676425269654,51.1055469953775,False,False,近期份额下降,2026Q2
C0661,温度传感与测量装置,数字技术与测量,关联基础研究,关联基础或环境研究,True,False,21,201658,0.00010641825840333014,25,165986,0.0001532811175696227,16,146407,0.00011241160360262157,15,128994,0.00011981231979840611,15,120863,0.00012784770451508602,21,25,0.6942685445582903,3,56,18.666666666666668,0.00012850168032355012,0.8281468237254419,0.6942685445582903,-0.02739500165463049,1,0,3,62,0.00012403699319185813,0,0,0.0,44,117,33.333333333333336,1.3106796116504853,0.4258981251963067,0.0001278969218719582,0.832062702102158,0.5063595352547389,0.7802568692817815,1.0,44.0215716486903,40.68181818181819,False,False,近期份额下降,2026Q2
C0662,吸收式制冷循环,热工与能效,方向候选,能源电力直接相关,True,True,59,201658,0.0002945063430231695,46,165986,0.0002795126261563708,65,146407,0.00044624000218010385,54,128994,0.0004212755760653634,63,120863,0.000523763176561804,59,46,1.0536423598210216,3,165,55.0,0.00038234273480061264,0.7702679198984941,0.562289134101465,-0.2077781938129828,2,1,3,170,0.00034008632378654805,2,0,0.16666666666666666,96,252,91.66666666666667,1.0467625899280575,0.3562159403816446,0.00037463611627980677,0.7861130580459299,0.5845422958868401,0.9473685389514277,1.0,48.748073959938374,44.79969183359013,False,False,历史峰值以下的恢复或波动,2026Q2
C0663,吸附式制冷循环,热工与能效,方向候选,能源电力直接相关,True,True,9,201658,4.7022021154959835e-05,10,165986,6.311575429337405e-05,13,146407,9.197313022032674e-05,6,128994,5.024387604449288e-05,14,120863,0.00011959946551411274,9,10,0.7450124248914545,3,29,9.666666666666666,6.84442535193979e-05,0.6870119657544844,0.39316246901965657,-0.335440222187116,2,0,3,32,6.737030188955354e-05,0,0,0.0,23,50,14.0,1.6,0.343298724409088,6.67780388535003e-05,0.7041539698121142,0.33894293262318925,0.846104223594772,1.0,37.873651771956865,19.352850539291218,False,False,近期份额下降,2026Q2
C0664,LED照明灯具与配光,电力电子与电机,方向候选,能源电力直接相关,True,True,24,201658,0.00012126731771542273,10,165986,6.311575429337405e-05,14,146407,9.878595468109169e-05,15,128994,0.00011981231979840611,14,120863,0.00011959946551411274,24,10,1.9213478326148037,3,39,13.0,9.390467625762396e-05,1.2913874212475893,1.0121439758404207,0.10252095529390459,2,0,3,48,9.438967556329616e-05,0,0,0.0,28,64,20.333333333333332,1.359375,0.2922945103568592,8.94146621936699e-05,1.3562352609772297,0.819282182864234,0.12459239357939128,0.5401404345927368,38.24345146379044,80.73189522342065,False,False,多年背景上持续抬升,2026Q2
C0665,换热器结构与传热强化,热工与能效,方向候选,能源电力直接相关,True,True,213,201658,0.0010567580543772552,129,165986,0.0007784276362849465,101,146407,0.0006915016827676418,78,128994,0.0006067914260757986,86,120863,0.0007134726735841898,213,129,1.35755464621046,3,308,102.66666666666667,0.0006922402483761289,1.5265770183924143,1.35755464621046,0.21204773832524682,3,4,3,443,0.0008422291244766146,8,1,0.6666666666666666,319,601,171.0,1.8604651162790697,0.4076894243318086,0.000698339830044232,1.5132432791500972,1.2709536473437142,1.3861750294383077e-06,1.8128864383845455e-05,66.36363636363637,87.98536209553158,False,True,多年背景上持续抬升,2026Q2
C0666,功率半导体器件,电力电子与电机,方向候选,能源电力直接相关,True,True,14,201658,7.17704533417808e-05,18,165986,0.00011120394804070666,3,146407,2.3844885612677303e-05,17,128994,0.0001352719739659424,16,120863,0.0001360959435160593,14,18,0.6453948318049727,3,38,12.666666666666666,9.010693587310878e-05,0.7965030954204241,0.5273518922576255,0.5509515616974081,1,0,3,35,6.893976233172158e-05,0,0,0.0,33,63,17.666666666666668,1.8214285714285714,0.2989125645967112,8.715099985965294e-05,0.8235184158226433,0.450188144959012,0.7547840409074398,0.9896643893017131,36.88751926040062,48.74807395993837,False,False,近期份额下降,2026Q2
C0667,电网频率控制,电网与电力系统,方向候选,能源电力直接相关,True,True,236,201658,0.0011706008424366317,210,165986,0.0012653205979766893,181,146407,0.0012365276396288374,155,128994,0.0012019881115259451,154,120863,0.0012743529256503737,236,210,0.9251416947676981,3,546,182.0,0.0012346121163771572,0.9481527249802472,0.9185844979633161,-0.02739500165463049,1,4,3,627,0.0012241496933473861,12,3,1.0,305,613,262.3333333333333,1.1620253164556962,0.4406489039154866,0.0012370914655402683,0.9462524599386849,0.8123688265683758,0.7618178048420599,0.9934212712938054,74.03697996918336,56.583204930662546,False,False,近期份额下降,2026Q2
C0668,中国区域低碳经济与碳效率,能源政策与治理,方向候选,能源治理与政策研究,True,False,6,201658,3.217296184286725e-05,8,165986,5.1093705856540894e-05,17,146407,0.00011922442806338652,5,128994,4.251404896072475e-05,0,120863,4.124119500486646e-06,6,8,0.6296854241342634,3,30,10.0,7.094406096021739e-05,0.45349760652845306,0.2698520962982709,-0.65494063078211,2,0,3,31,6.749703192093156e-05,0,0,0.0,11,64,23.333333333333332,0.4931506849315069,0.3982976261363531,6.904170118751726e-05,0.4659931793320893,0.19982270378027606,0.9712977379782073,1.0,39.93836671802774,7.827426810477658,False,False,近期份额下降,2026Q2
C0669,磁约束等离子体MHD稳定性,核能与等离子体,方向候选,能源电力直接相关,True,True,9,201658,4.7022021154959835e-05,4,165986,2.7049608982874594e-05,5,146407,3.747053453420719e-05,2,128994,1.932456770942034e-05,1,120863,1.2372358501459938e-05,9,4,1.7383623247467272,3,11,3.6666666666666665,2.794823707550071e-05,1.6824682368312638,1.2549066016667845,0.11353057441586323,2,0,3,18,3.7180721557347204e-05,0,0,0.0,9,20,6.0,1.4285714285714286,0.2206915546194996,2.603211684119503e-05,1.806308009518032,0.7648808856798592,0.09428611549996119,0.4447458278300056,33.23574730354392,84.53775038520801,False,False,多年背景上持续抬升,2026Q2
C0670,二氧化碳溶剂吸收捕集,碳与环境,方向候选,能源电力直接相关,True,True,96,201658,0.0004776447412056446,100,165986,0.0006041079339508659,93,146407,0.0006369990870815223,78,128994,0.0006067914260757986,83,120863,0.0006887279565812699,96,100,0.790661261609077,3,271,90.33333333333333,0.0006159661490360622,0.7754399197961129,0.6935172830453885,-0.14395049274302263,0,1,3,289,0.0005729172540793443,4,0,0.3333333333333333,168,346,129.33333333333334,1.2966751918158568,0.5100627407278521,0.0006145843236856044,0.7771834112872485,0.616085587973325,0.9841631350347648,1.0,61.20955315870571,34.56086286594761,False,False,近期份额下降,2026Q2
C0671,二氧化碳固体吸附捕集,碳与环境,方向候选,能源电力直接相关,True,True,527,201658,0.002610959595709612,482,165986,0.002900319185385998,370,146407,0.002524151462713412,281,128994,0.0021759463240807304,279,120863,0.002305382800772035,527,482,0.9002318120245528,3,1133,377.6666666666667,0.0025334723240600467,1.0305854028534982,0.9002318120245528,0.016906431538868283,2,4,3,1379,0.0026784767479363404,12,3,1.0,735,1420,560.6666666666666,1.310385756676558,0.5304238710089152,0.0025658612556082234,1.0175762972385263,0.9177036177114722,0.3667758231729665,0.6983240223463687,83.59013867488444,62.496147919876734,True,False,近期份额下降,2026Q2
C0672,漂浮式海上风电平台,风能与水能海洋能源,方向候选,能源电力直接相关,True,True,556,201658,0.0027545005023931735,348,165986,0.002094841940118177,258,146407,0.001761115123107738,205,128994,0.001588479465714352,133,120863,0.0011011399066299344,556,348,1.314896579852599,3,811,270.3333333333333,0.0018148121763134223,1.5177881977784708,1.314896579852599,0.22364445961538593,4,4,3,1162,0.0022034858552063626,12,3,1.0,528,767,293.3333333333333,1.797281993204983,0.5384072450273066,0.0018369619840547626,1.4994869389257093,1.34614862516479,5.445395133312465e-14,1.4082918448221892e-12,81.7180277349769,89.96147919876732,True,True,多年背景上持续抬升,2026Q2
C0673,硫化物固态电解质,电化学储能,方向候选,能源电力直接相关,True,True,36,201658,0.00018066355496379303,37,165986,0.0002254134081906216,25,146407,0.00017372702374950606,19,128994,0.00015073162813347867,15,120863,0.00012784770451508602,36,37,0.8014765244621753,3,81,27.0,0.0001832906866912021,0.9856668564298899,0.8014765244621753,0.019575625443860822,1,0,3,98,0.00019326799563464025,0,0,0.0,76,174,63.666666666666664,1.1907216494845363,0.5879811086966978,0.0001844884802223822,0.9792674032873023,0.6627771936219478,0.5547657470686785,0.7662510318628156,51.13251155624037,47.30739599383668,False,False,近期份额下降,2026Q2
C0674,森林资源经营与碳汇,生物质与资源循环,关联基础研究,关联基础或环境研究,True,False,116,201658,0.0005766384699529284,80,165986,0.00048388744958253435,39,146407,0.00026910656620021526,47,128994,0.00036716678647898647,44,120863,0.0003670466355433115,116,80,1.19167891304148,3,166,55.333333333333336,0.00037338693408724534,1.5443456032079352,1.19167891304148,0.3810540217811682,2,2,3,235,0.00044321082857855937,3,0,0.25,177,343,103.0,1.7115384615384615,0.2529630004150908,0.00037689977861382374,1.5299517343143878,1.2074275023709033,0.00020097704484629884,0.0018160576341533028,51.076656394453,84.7457627118644,False,False,多年背景上持续抬升,2026Q2
C0675,风电出力预测,风能与水能海洋能源,方向候选,能源电力直接相关,True,True,546,201658,0.0027050036380195314,396,165986,0.0023833711026021724,285,146407,0.0019450613835483915,198,128994,0.001534370676127975,140,120863,0.0011588775796367475,546,396,1.1349485755978999,3,879,293.0,0.0019542677207595133,1.3841520326438435,1.1349485755978999,0.1649048604920922,4,4,3,1227,0.0023444787080566984,12,3,1.0,576,1018,371.3333333333333,1.549686660698299,0.5089196159180261,0.001990891022767916,1.3586899569514317,1.2211125612161942,7.313065190565132e-09,1.166978487856138e-07,81.5562403697997,84.57627118644066,True,False,平稳或增长证据不足,2026Q2
C0676,风速预测,风能与水能海洋能源,方向候选,能源电力直接相关,True,True,287,201658,0.0014230348507422055,291,165986,0.001752213559668432,251,146407,0.0017134253518823834,198,128994,0.001534370676127975,198,120863,0.0016372754416931984,287,291,0.8121355087626897,3,740,246.66666666666666,0.0016666698625595968,0.853819273216336,0.8121355087626897,-0.0928513434193663,0,4,3,829,0.0016295579207643402,12,3,1.0,420,864,345.3333333333333,1.2155919153031762,0.4659016492986287,0.0016762419583395585,0.8489435810041569,0.7408473449473231,0.9908701295970662,1.0,77.12634822804316,37.97380585516179,True,False,近期份额下降,2026Q2
C0677,太阳能集热器传热设计,太阳能,方向候选,能源电力直接相关,True,True,89,201658,0.00044299693614409527,79,165986,0.0004778764253641178,76,146407,0.0005211810712485182,71,128994,0.0005526826364894217,75,120863,0.0006227420445734836,89,79,0.9270114879731802,3,226,75.33333333333333,0.0005172467110340193,0.8564519149063461,0.7113650668110969,-0.08126733654401175,1,1,3,244,0.00048068481091891047,2,0,0.16666666666666666,160,391,146.66666666666666,1.090293453724605,0.4199165530782101,0.0005127195186548413,0.8640141832445377,0.6764631013626815,0.8826668988142745,1.0,54.988443759630215,51.53697996918336,False,False,近期份额下降,2026Q2
C0678,聚光太阳能热发电,太阳能,方向候选,能源电力直接相关,True,True,163,201658,0.0008092737325090455,194,165986,0.001169144210482024,168,146407,0.001147960921638893,132,128994,0.001024202088599278,161,120863,0.0013320905986571867,163,194,0.692193251485539,3,494,164.66666666666666,0.0011137690735733982,0.7266081916896697,0.6075215404453973,-0.17480265849572607,0,4,3,525,0.0010421262882099873,12,3,1.0,227,629,252.66666666666666,0.8988173455978975,0.474857875857116,0.0011193810241713865,0.7229653844704973,0.6057959011594167,0.9998530256351988,1.0,74.40677966101696,19.40677966101695,False,False,近期份额下降,2026Q2
C0679,FPGA实时控制与硬件实现,数字技术与测量,关联基础研究,关联基础或环境研究,True,False,28,201658,0.0001410660634648795,24,165986,0.00014727009335120612,17,146407,0.00011922442806338652,15,128994,0.00011981231979840611,21,120863,0.00017733713852092578,28,24,0.9578731177175844,3,56,18.666666666666668,0.00012876894707099958,1.0954975300613403,0.7954682512723285,0.08411032440439659,2,0,3,69,0.0001358535282931574,0,0,0.0,44,101,27.666666666666668,1.569767441860465,0.3030913128465066,0.0001278969218719582,1.1029668376703026,0.7030594085929746,0.34831510272629457,0.6983240223463687,40.046224961479204,69.90755007704162,False,False,近期份额下降,2026Q2
C0680,生物质气化制合成气,生物质与资源循环,方向候选,能源电力直接相关,True,True,362,201658,0.00179426133354452,321,165986,0.0019325442862209291,297,146407,0.002026815277077571,243,128994,0.0018822128948975411,244,120863,0.00201669443573797,362,321,0.9284451312902019,3,861,287.0,0.0019471908193986803,0.9214614796194515,0.885261401883468,-0.06093615411364883,3,4,3,980,0.0019178736322810067,12,3,1.0,537,1070,447.3333333333333,1.2,0.5436716570097996,0.0019501451007556106,0.9200655545319724,0.8138199178402398,0.9079571432505826,1.0,81.12480739599384,59.926810477657945,True,False,近期份额下降,2026Q2
C0681,生物质水热炭化,生物质与资源循环,方向候选,能源电力直接相关,True,True,48,201658,0.00024005979221216337,39,165986,0.00023743545662745474,38,146407,0.00026229374173945033,43,128994,0.0003362474781439139,28,120863,0.00023507481152773883,48,39,1.0110528377774104,3,120,40.0,0.00027865889217027303,0.8614826189198947,0.7139378220389738,-0.04428850044332222,2,0,3,125,0.0002465963301930228,0,0,0.0,75,177,76.33333333333333,0.9827586206896552,0.6212602307796309,0.0002727713112490436,0.8800771280268025,0.6306239752405829,0.782040508364445,1.0,53.151001540832056,53.49768875192604,False,False,历史峰值以下的恢复或波动,2026Q2
C0682,生物质水热液化,生物质与资源循环,方向候选,能源电力直接相关,True,True,5,201658,2.722327540550306e-05,7,165986,4.508268163812432e-05,6,146407,4.428335899497213e-05,11,128994,8.889301146333357e-05,12,120863,0.00010310298751216616,5,7,0.6038521759646526,3,24,8.0,5.941968403214335e-05,0.45815247672432097,0.26403963708899036,-0.24326832109975438,0,0,3,18,3.886310534619984e-05,0,0,0.0,11,27,15.0,0.75,0.6087410227231663,5.5459727183415506e-05,0.4908656567218711,0.19468072637584216,0.9493704232230897,1.0,44.645608628659474,3.8520801232665636,False,False,近期份额下降,2026Q2
C0683,电池火灾抑制与灭火,电化学储能,方向候选,能源电力直接相关,True,True,16,201658,8.166982621650918e-05,16,165986,9.91818996038735e-05,8,146407,5.7909007916502026e-05,6,128994,5.024387604449288e-05,4,120863,3.711707550437982e-05,16,16,0.8234347854063445,3,30,10.0,6.91115945216228e-05,1.1817094769960388,0.8234347854063445,0.17190582993696069,2,0,3,40,7.958691124562824e-05,0,0,0.0,31,64,16.0,1.8823529411764706,0.5946127192221196,6.904170118751726e-05,1.182905762919919,0.6498542557977613,0.30840635353748763,0.6983240223463687,47.24191063174115,70.52388289676426,False,False,近期份额下降,2026Q2
C0684,电池热失控与传播,电化学储能,方向候选,能源电力直接相关,True,True,466,201658,0.002309028723030396,327,165986,0.0019686104315314286,261,146407,0.0017815535964900329,133,128994,0.0010319319156830461,103,120863,0.0008536927366007358,466,327,1.1729231370749913,3,721,240.33333333333334,0.0015940319812348357,1.4485460456330868,1.1729231370749913,0.1296705896230388,3,4,3,1054,0.002019730917017286,12,3,1.0,446,704,233.0,1.9102564102564104,0.6498606947593909,0.0016332323739932362,1.4137784431647313,1.258374757555106,2.1661881221046856e-09,4.061602728946285e-08,83.43605546995379,83.4784283513097,True,True,多年背景上持续抬升,2026Q2
C0685,智能电网网络攻击与安全,电网与电力系统,方向候选,能源电力直接相关,True,True,56,201658,0.0002796572837110769,56,165986,0.00033962286834053656,40,146407,0.00027591939066098025,53,128994,0.0004135457489815953,32,120863,0.000268067767531632,56,56,0.8234347854063445,3,149,49.666666666666664,0.0003430293359943707,0.8152576306641781,0.6762426754470712,0.00672805325177972,1,0,3,152,0.0002983998475708646,0,0,0.0,85,230,95.33333333333333,0.8927335640138409,0.5339344838899678,0.0003384175189355354,0.8263676318847677,0.6084731374901035,0.8939508456101093,1.0,51.81047765793528,45.55084745762712,False,False,近期份额下降,2026Q2
C0686,电网灾害韧性与恢复,电网与电力系统,方向候选,能源电力直接相关,True,True,182,201658,0.0009033177748189652,117,165986,0.0007062953456639477,80,146407,0.000548432369091578,70,128994,0.0005449528094056536,83,120863,0.0006887279565812699,182,117,1.2789519007375139,3,267,89.0,0.0005998935080537265,1.5057968834329576,1.2789519007375139,0.2495052155308426,4,4,3,379,0.0007193484965248303,7,1,0.5833333333333334,282,497,155.66666666666666,1.8063829787234045,0.4537802346852974,0.0006055296743495367,1.491781184447012,1.2358917395601445,1.3844398547057662e-05,0.0001526955722101948,66.0073189522342,89.75346687211095,False,True,多年背景上持续抬升,2026Q2
C0687,染料敏化电池对电极,太阳能,方向候选,能源电力直接相关,True,True,43,201658,0.0002153113600253424,67,165986,0.0004057441347431189,85,146407,0.0005824964913954027,67,128994,0.0005217633281543491,75,120863,0.0006227420445734836,43,67,0.530657972817422,3,219,73.0,0.000503334651430957,0.4277697937410473,0.3457472671093041,-0.4976189976922094,1,0,3,195,0.0004011839953879546,2,0,0.16666666666666666,112,328,137.66666666666666,0.8149038461538463,0.518901635178497,0.0004968738823167226,0.4333320137927804,0.31300313430909565,0.9999999085751433,1.0,55.77426810477658,5.1810477657935285,False,False,近期份额下降,2026Q2
C0688,染料敏化电池光阳极,太阳能,方向候选,能源电力直接相关,True,True,74,201658,0.0003687516395836324,74,165986,0.0004478213042720349,69,146407,0.0004734913000231636,70,128994,0.0005449528094056536,67,120863,0.0005567561325656972,74,74,0.8234347854063445,3,213,71.0,0.0004887551379002841,0.7544711267237157,0.6623216485902286,-0.12500509236078772,2,1,3,217,0.00043002141462627694,3,0,0.25,148,367,138.66666666666666,1.0668257756563246,0.4020588635121941,0.0004832919083126208,0.7629998211041902,0.586116315197071,0.979147850764025,1.0,54.55893682588597,47.03389830508474,False,False,近期份额下降,2026Q2
C0689,染料敏化电池敏化剂,太阳能,方向候选,能源电力直接相关,True,True,114,201658,0.0005667390970782001,108,165986,0.0006521961276981985,116,146407,0.0007936940496791159,122,128994,0.0009469038177615966,114,120863,0.000944423365611442,114,108,0.8689703495762805,3,346,115.33333333333333,0.000797597998379637,0.710557321143685,0.5985181244890585,-0.16839950377390212,1,2,3,338,0.0006708764248185049,7,0,0.5833333333333334,206,503,214.0,0.9627906976744186,0.443978467414362,0.0007843589987368764,0.7225506407026259,0.5849407341393774,0.9988233888013521,1.0,64.76694915254238,22.291987673343602,False,False,近期份额下降,2026Q2
C0690,电力知识图谱,数字技术与测量,方向候选,能源电力直接相关,True,True,12,201658,6.187108046705242e-05,6,165986,3.907165741970774e-05,1,146407,1.0219236691147416e-05,3,128994,2.7054394793188476e-05,1,120863,1.2372358501459938e-05,12,6,1.5835284334737396,3,10,3.3333333333333335,2.5448429634681213e-05,2.4312337285729524,1.5835284334737396,0.9003904893318744,3,0,3,19,3.705399152596919e-05,0,0,0.0,10,18,5.0,1.8333333333333333,0.1787225904572341,2.3768454507178072e-05,2.6030754523129533,1.145921598186008,0.009538629851033995,0.06330949016173006,32.88135593220339,94.01771956856702,False,False,多年背景上持续抬升,2026Q2
C0691,充电基础设施建设政策,能源政策与治理,方向候选,能源治理与政策研究,True,False,0,201658,2.4748432186820964e-06,0,165986,3.005512109208288e-06,0,146407,3.406412230382472e-06,0,128994,3.864913541884068e-06,0,120863,4.124119500486646e-06,0,0,0.8234347854063445,3,0,0.0,3.4256126271582758e-06,0.7224527370846096,0.60009008429316,-0.15974127876817157,0,0,3,0,2.962255852757619e-06,0,0,0.0,0,0,0.0,1.0,0.0,1.1318311670084796e-06,2.186583379942881,0.043384208007912116,0.5,0.6983240223463687,28.397534668721107,40.69337442218798,False,False,近期份额下降,2026Q2
C0692,公用事业接入与收费政策,能源政策与治理,方向候选,能源治理与政策研究,True,False,0,201658,2.4748432186820964e-06,0,165986,3.005512109208288e-06,0,146407,3.406412230382472e-06,0,128994,3.864913541884068e-06,0,120863,4.124119500486646e-06,0,0,0.8234347854063445,3,0,0.0,3.4256126271582758e-06,0.7224527370846096,0.60009008429316,-0.15974127876817157,0,0,3,0,2.962255852757619e-06,0,0,0.0,0,0,0.0,1.0,0.0,1.1318311670084796e-06,2.186583379942881,0.043384208007912116,0.5,0.6983240223463687,28.397534668721107,40.69337442218798,False,False,近期份额下降,2026Q2
C0693,活性炭制备与孔结构,能源材料与电化学基础,关联基础研究,关联基础或环境研究,True,False,112,201658,0.0005568397242034717,73,165986,0.0004418102800536183,93,146407,0.0006369990870815223,76,128994,0.0005913317719082624,75,120863,0.0006227420445734836,112,73,1.2603593654178742,3,242,80.66666666666667,0.0005567137130144677,1.0002263482757083,0.8741609454335184,-0.06724538609325537,4,2,3,278,0.0005452163637795375,4,0,0.3333333333333333,226,475,160.0,1.4099378881987579,0.5121784105271461,0.0005489381159991127,1.014394351519893,0.8111592174188009,0.4550168004787767,0.6983240223463687,61.79506933744222,72.84283513097071,False,False,历史峰值以下的恢复或波动,2026Q2
C0694,稀土元素提取分离,能源材料与电化学基础,关联基础研究,关联基础或环境研究,True,False,167,201658,0.0008290724782585023,113,165986,0.0006822512487902814,98,146407,0.000671063209385347,74,128994,0.0005758721177407262,72,120863,0.0005979973275705637,167,113,1.2152011150269841,3,285,95.0,0.0006430621919721182,1.289257071257657,1.2152011150269841,0.1057221227753673,4,4,3,378,0.0007274623121447103,10,1,0.8333333333333334,248,470,146.66666666666666,1.6862302483069977,0.4123401522291314,0.0006462755963618419,1.282846641472618,1.060052354944963,0.005216944846832199,0.03656737042172102,67.8235747303544,84.03697996918336,False,False,多年背景上持续抬升,2026Q2
C0695,铀钍提取与分离,能源材料与电化学基础,方向候选,能源电力直接相关,True,True,141,201658,0.0007003806308870333,113,165986,0.0006822512487902814,96,146407,0.000657437560463817,64,128994,0.0004985738469030447,56,120863,0.000466025503554991,141,113,1.0265728822466762,3,273,91.0,0.0006127542187190477,1.1430041760482157,1.0265728822466762,0.03163707560100404,3,3,3,350,0.0006800231467137106,7,0,0.5833333333333334,190,379,137.66666666666666,1.3774038461538463,0.5080562805690809,0.0006191116483536383,1.1312670868808687,0.9234601305739973,0.11827544571993598,0.5218034369997175,66.24614791987675,72.19953775038522,False,False,平稳或增长证据不足,2026Q2
C0696,镁铝钙多价离子电池,电化学储能,方向候选,能源电力直接相关,True,True,77,201658,0.00038360069889572493,51,165986,0.00030956774724845367,63,146407,0.0004326143532585739,44,128994,0.0003439773052276821,37,120863,0.0003093089625364985,77,51,1.2391494343493532,3,158,52.666666666666664,0.0003620531352449032,1.059514920748432,0.8867035871702724,-0.06012226353784422,2,1,3,191,0.0003752609331342508,2,0,0.16666666666666666,171,335,110.0,1.5495495495495495,0.584905738114122,0.00035879047994168806,1.0691496021802729,0.8148025211071016,0.32108063313539226,0.6983240223463687,58.05469953775037,70.0231124807396,False,False,历史峰值以下的恢复或波动,2026Q2
C0697,钾离子电池,电化学储能,方向候选,能源电力直接相关,True,True,55,201658,0.0002747075972737127,80,165986,0.00048388744958253435,82,146407,0.0005620580180131079,61,128994,0.00047538436565174036,63,120863,0.000523763176561804,55,80,0.5677096967708338,3,223,74.33333333333333,0.0005071099444157942,0.5417121085846267,0.48875309749127394,-0.3579489150622952,0,0,3,217,0.00044021768828978494,1,0,0.08333333333333333,103,295,134.33333333333334,0.7684729064039408,0.6042730497628046,0.0005059285316527904,0.5429770809254133,0.4046884374967557,0.999984149943424,1.0,57.88328197226503,3.751926040061633,False,False,近期份额下降,2026Q2
C0698,太阳辐射测量与仪器,太阳能,方向候选,能源电力直接相关,True,True,6,201658,3.217296184286725e-05,9,165986,5.7104730074957474e-05,11,146407,7.834748129879685e-05,4,128994,3.478422187695661e-05,6,120863,5.36135535063264e-05,6,9,0.5634027479096041,3,24,8.0,5.6745477750236974e-05,0.5669696179927376,0.410644494366934,-0.44501370800197826,1,0,3,26,5.587505773887386e-05,0,0,0.0,22,59,16.333333333333332,1.326923076923077,0.2889115865509793,5.5459727183415506e-05,0.5801139579440295,0.24431573086221411,0.9100592011380382,1.0,35.654853620955315,12.42295839753467,False,False,近期份额下降,2026Q2
C0699,电池模组与电池包装配结构,电化学储能,方向候选,能源电力直接相关,True,True,12,201658,6.187108046705242e-05,7,165986,4.508268163812432e-05,5,146407,3.747053453420719e-05,10,128994,8.116318437956543e-05,10,120863,8.660650951021957e-05,12,7,1.3723913090105744,3,22,7.333333333333333,5.457213351729898e-05,1.1337486090302795,0.7143929574918573,0.2507489972667436,2,0,3,24,4.814143221312798e-05,0,0,0.0,14,34,13.0,1.0714285714285714,0.3850971839538561,5.093240251538159e-05,1.2147685444127116,0.6084324100422867,0.31048800408515614,0.6983240223463687,38.10477657935285,76.57164869029276,False,False,历史峰值以下的恢复或波动,2026Q2
C0700,永磁同步电机控制,电力电子与电机,方向候选,能源电力直接相关,True,True,421,201658,0.0020862928333490074,314,165986,0.001890467116692013,316,146407,0.002156258941832105,322,128994,0.002492869234515224,279,120863,0.002305382800772035,421,314,1.1035858888673267,3,952,317.3333333333333,0.002179865097679781,0.957074286647201,0.836904240488458,-0.016493010839331745,3,4,3,1051,0.0020443396306243753,12,3,1.0,450,834,341.6666666666667,1.316147859922179,0.3938604070271901,0.002156138373151154,0.9676061886046449,0.8627832775549338,0.711345042986312,0.9526942539995249,76.33281972265024,67.51540832049307,True,False,历史峰值以下的恢复或波动,2026Q2
C0701,电气设备风冷散热,热工与能效,方向候选,能源电力直接相关,True,True,3,201658,1.7323902530774674e-05,0,165986,3.005512109208288e-06,0,146407,3.406412230382472e-06,0,128994,3.864913541884068e-06,1,120863,1.2372358501459938e-05,3,0,5.764043497844411,3,0,0.0,3.4256126271582758e-06,5.0571691595922665,1.4002101966840401,0.8132137957594852,2,0,3,3,7.911942290121811e-06,0,0,0.0,3,3,0.0,4.0,0.0,1.1318311670084796e-06,15.306083659600164,0.7905778903138804,0.005196096378740282,0.03656737042172102,29.84591679506934,94.653312788906,False,False,多年背景上持续抬升,2026Q2
C0702,电气设备液冷散热,热工与能效,方向候选,能源电力直接相关,True,True,0,201658,2.4748432186820964e-06,0,165986,3.005512109208288e-06,0,146407,3.406412230382472e-06,0,128994,3.864913541884068e-06,0,120863,4.124119500486646e-06,0,0,0.8234347854063445,3,0,0.0,3.4256126271582758e-06,0.7224527370846096,0.60009008429316,-0.15974127876817157,0,0,3,0,2.962255852757619e-06,0,0,0.0,0,0,0.0,1.0,0.0,1.1318311670084796e-06,2.186583379942881,0.043384208007912116,0.5,0.6983240223463687,28.397534668721107,40.69337442218798,False,False,近期份额下降,2026Q2
C0703,电站锅炉运行与燃烧,热工与能效,方向候选,能源电力直接相关,True,True,1,201658,7.424529656046289e-06,3,165986,2.1038584764458018e-05,7,146407,5.109618345573708e-05,3,128994,2.7054394793188476e-05,1,120863,1.2372358501459938e-05,1,3,0.35290062231700475,3,13,4.333333333333333,3.306305433779452e-05,0.2245566782848394,0.14530497492983818,-0.9644602349852223,1,0,3,11,2.651976595874713e-05,0,0,0.0,3,15,7.0,0.5,0.470646087196896,3.0559441509228954e-05,0.24295370888254228,0.04496891681931817,0.9745930614801624,1.0,39.59938366718028,3.3166409861325117,False,False,近期份额下降,2026Q2
C0704,汽轮机运行与热力性能,热工与能效,方向候选,能源电力直接相关,True,True,17,201658,8.661951265387338e-05,13,165986,8.114882694862377e-05,8,146407,5.7909007916502026e-05,8,128994,6.570353021202915e-05,15,120863,0.00012784770451508602,17,13,1.06741546256378,3,29,9.666666666666666,6.825378835905165e-05,1.2690799256183134,0.6775210629116323,0.20132607994842733,2,0,3,38,7.522578250633306e-05,0,0,0.0,17,47,12.333333333333334,1.3499999999999999,0.1527405058389485,6.67780388535003e-05,1.2971257338644209,0.7180324562536555,0.20662792719070677,0.6983240223463687,35.20030816640987,76.43297380585517,False,False,历史峰值以下的恢复或波动,2026Q2
C0705,天然气管网优化运行,化石能源,方向候选,能源电力直接相关,True,True,17,201658,8.661951265387338e-05,10,165986,6.311575429337405e-05,13,146407,9.197313022032674e-05,6,128994,5.024387604449288e-05,9,120863,7.835827050924628e-05,17,10,1.3723913090105742,3,29,9.666666666666666,6.84442535193979e-05,1.265548357968787,0.9417915041748772,-0.029985681025629596,3,0,3,40,8.056946572252472e-05,0,0,0.0,17,38,15.333333333333334,1.1020408163265305,0.4278929067948924,6.67780388535003e-05,1.2971257338644209,0.7180324562536555,0.20662792719070677,0.6983240223463687,41.71802773497689,75.87442218798151,False,False,历史峰值以下的恢复或波动,2026Q2
C0706,轨道交通能耗与牵引优化,交通与充电,方向候选,能源电力直接相关,True,True,2,201658,1.2374216093410483e-05,0,165986,3.005512109208288e-06,0,146407,3.406412230382472e-06,2,128994,1.932456770942034e-05,2,120863,2.062059750243323e-05,2,0,4.117173927031723,3,2,0.6666666666666666,8.5788306830037e-06,1.4424129057502169,0.60009008429316,0.6449776774488782,2,0,3,2,6.262046811000415e-06,0,0,0.0,2,2,1.0,1.5,0.2314496778125422,5.659155835042398e-06,2.186583379942881,0.3788037306044604,0.21083298577581416,0.6983240223463687,30.308166409861325,88.33590138674884,False,False,历史峰值以下的恢复或波动,2026Q2
C0707,船舶燃料与能效,交通与充电,方向候选,能源电力直接相关,True,True,25,201658,0.00012621700415278692,26,165986,0.00015929214178803927,21,146407,0.0001464757259064463,19,128994,0.00015073162813347867,16,120863,0.0001360959435160593,25,26,0.7923617746362938,3,66,22.0,0.0001521664986093214,0.8294664417352581,0.7923617746362938,-0.07442852025278945,1,0,3,72,0.00014399495728242416,0,0,0.0,37,100,37.0,1.0,0.5199991605575673,0.0001505335452121278,0.8384643035871195,0.5311488334026675,0.7879508146375954,1.0,47.38828967642527,38.18567026194145,False,False,近期份额下降,2026Q2
C0708,电缆桥架与线束支撑,电网与电力系统,方向候选,能源电力直接相关,True,True,0,201658,2.4748432186820964e-06,0,165986,3.005512109208288e-06,0,146407,3.406412230382472e-06,1,128994,1.1594740625652205e-05,0,120863,4.124119500486646e-06,0,0,0.8234347854063445,3,1,0.3333333333333333,6.002221655080988e-06,0.4123211971998897,0.21344532823845608,-0.15974127876817157,0,0,3,0,2.962255852757619e-06,0,0,0.0,0,0,0.3333333333333333,0.75,0.0,3.395493501025439e-06,0.7288611266476269,0.029690187921176114,0.7504557625958929,0.9857124727616805,28.397534668721107,22.503852080123266,False,False,近期份额下降,2026Q2
C0709,核结构材料辐照损伤,核能与等离子体,方向候选,能源电力直接相关,True,True,7,201658,3.7122648280231446e-05,8,165986,5.1093705856540894e-05,8,146407,5.7909007916502026e-05,9,128994,7.343335729579729e-05,5,120863,4.5365314505353106e-05,7,8,0.726560104770304,3,25,8.333333333333334,6.081202368961341e-05,0.6104491517944983,0.5055284089858171,-0.22232285024517395,2,0,3,23,4.8708454017758124e-05,0,0,0.0,22,58,21.0,1.0454545454545454,0.395470281620776,5.7723389517432465e-05,0.6431127588067296,0.28490485353754147,0.8762588571713872,1.0,38.898305084745765,14.75346687211094,False,False,近期份额下降,2026Q2
C0710,水电站运行调度,风能与水能海洋能源,方向候选,能源电力直接相关,True,True,40,201658,0.0002004623007132498,32,165986,0.00019535828709853873,24,146407,0.00016691419928874113,15,128994,0.00011981231979840611,12,120863,0.00010310298751216616,40,32,1.0261264248909832,3,71,23.666666666666668,0.00016069493539522866,1.2474711802224099,1.0261264248909832,0.0915731495127341,2,0,3,96,0.00018757826236684322,0,0,0.0,56,104,37.0,1.5,0.3838400086253873,0.00016185185688221258,1.238554222205408,0.8423835084909352,0.14412375434250074,0.5906711243545112,43.69029275808936,74.01386748844376,False,False,平稳或增长证据不足,2026Q2
C0711,水轮机性能与设计,风能与水能海洋能源,方向候选,能源电力直接相关,True,True,22,201658,0.00011136794484069434,24,165986,0.00014727009335120612,19,146407,0.0001328500769849164,21,128994,0.00016619128230101492,27,120863,0.00022682657252676554,22,24,0.7562156192507244,3,64,21.333333333333332,0.00014877048421237915,0.7485889787231562,0.4909827962398582,-0.08819085694783535,2,0,3,65,0.00013049603839227226,0,0,0.0,33,106,36.666666666666664,0.9026548672566372,0.2408934157822261,0.00014600622054409388,0.7627616441661211,0.4720346556495585,0.8759724714873875,1.0,38.71340523882897,34.02157164869029,False,False,近期份额下降,2026Q2
C0712,电力负荷预测,电网与电力系统,方向候选,能源电力直接相关,True,True,436,201658,0.0021605381299094704,337,165986,0.0020287206737155945,230,146407,0.0015703560382063196,199,128994,0.0015421005032117431,198,120863,0.0016372754416931984,436,337,1.0649756557922057,3,766,255.33333333333334,0.0017137257383778859,1.2607257284672118,1.0649756557922057,0.1595274776533051,2,4,3,1003,0.001919871613943795,12,3,1.0,526,992,346.3333333333333,1.517274472168906,0.4349745981627214,0.0017350971790239993,1.245197188969429,1.1071244649473515,0.0001190287989435926,0.0011158949900961807,77.79661016949153,76.3713405238829,True,False,平稳或增长证据不足,2026Q2
C0713,电价预测,电网与电力系统,方向候选,能源电力直接相关,True,True,171,201658,0.0008488712240079591,98,165986,0.0005920858855140328,72,146407,0.0004939297734054584,50,128994,0.00039035626773029086,52,120863,0.00043303254755109786,171,98,1.4336960984486098,3,220,73.33333333333333,0.0004921239755499273,1.7249133677329622,1.4336960984486098,0.27075707360451107,3,3,3,341,0.0006449622943091501,5,1,0.4166666666666667,210,384,117.66666666666667,1.7780898876404494,0.4433926057181007,0.0004991375446507395,1.700675962177796,1.3930153807763292,6.621342941887863e-08,9.932014412831793e-07,61.79699537750385,90.56625577812018,False,True,多年背景上持续抬升,2026Q2
C0714,层状及富镍锂电正极材料,电化学储能,方向候选,能源电力直接相关,True,True,588,201658,0.0029128904683888277,507,165986,0.0030505947908464125,461,146407,0.0031441184886430214,419,128994,0.003242662461640733,365,120863,0.003014731354855738,588,507,0.9548598447519877,3,1387,462.3333333333333,0.0031457919137100557,0.9259641286805423,0.8983020905959339,-0.03819384238945922,1,4,3,1556,0.0030358679159594205,12,3,1.0,795,1216,564.0,1.4088495575221238,0.6021797890493522,0.003140831488448531,0.9274265362856832,0.8421812136898924,0.9361406641453055,1.0,85.87827426810478,58.42449922958397,True,False,近期份额下降,2026Q2
C0715,锂电磷酸盐正极材料,电化学储能,方向候选,能源电力直接相关,True,True,166,201658,0.0008241227918211381,129,165986,0.0007784276362849465,108,146407,0.0007391914539929965,87,128994,0.0006763598698297119,63,120863,0.000523763176561804,166,129,1.0587018669510144,3,324,108.0,0.000731326320035885,1.1268879147966393,1.0587018669510144,0.05438128945182008,3,4,3,403,0.0007805806273663605,10,1,0.8333333333333334,277,538,176.66666666666666,1.5647279549718576,0.55722029640166,0.0007345584273885033,1.1219295308489665,0.930721325393519,0.11474304208212843,0.509214683796428,73.21648690292758,74.23343605546995,False,False,平稳或增长证据不足,2026Q2
C0716,柴油机燃烧与排放,化石能源,方向候选,能源电力直接相关,True,True,43,201658,0.0002153113600253424,27,165986,0.00016530316600645584,36,146407,0.00024866809281792046,43,128994,0.0003362474781439139,31,120863,0.0002598195285306587,43,27,1.3025241150973086,3,106,35.333333333333336,0.0002500729123227634,0.8609943317149238,0.6403359847153683,-0.07201694001507519,3,0,3,106,0.00020976087294990626,0,0,0.0,98,190,66.33333333333333,1.4702970297029705,0.4227899197397609,0.00024108003857280618,0.8931115213851202,0.6276798795612905,0.7447406723090091,0.9857124727616805,46.294298921417564,66.84514637904468,False,False,历史峰值以下的恢复或波动,2026Q2
C0717,双燃料发动机,化石能源,方向候选,能源电力直接相关,True,True,18,201658,9.156919909123757e-05,6,165986,3.907165741970774e-05,8,146407,5.7909007916502026e-05,5,128994,4.251404896072475e-05,2,120863,2.062059750243323e-05,18,6,2.3436220815411346,3,19,6.333333333333333,4.649823809897818e-05,1.969304705617434,1.581260021295298,0.22911100552583274,4,0,3,32,6.284995480914912e-05,0,0,0.0,30,57,15.0,1.9375,0.4102056850959171,4.414141551333071e-05,2.0744508989201687,1.098085508482108,0.011703036206865502,0.07501946286452245,40.58551617873652,94.92295839753466,False,False,多年背景上持续抬升,2026Q2
C0718,配电网规划与容量配置,电网与电力系统,方向候选,能源电力直接相关,True,True,170,201658,0.0008439215375705949,127,165986,0.0007664055878481135,119,146407,0.0008141325230614108,90,128994,0.0006995493510810163,109,120863,0.0009031821706065755,170,127,1.1011422032296607,3,336,112.0,0.0007600291539968468,1.1103804809757287,0.9343868435797605,0.017968183907831392,3,4,3,416,0.0008081532161600397,11,1,0.9166666666666666,217,411,152.0,1.4248366013071896,0.3819143097493108,0.0007617223753967068,1.1079122326307909,0.9214823035658977,0.13895950973172522,0.5789979572155217,68.11055469953774,73.08551617873651,False,False,历史峰值以下的恢复或波动,2026Q2
C0719,气候变化适应与风险,能源政策与治理,方向候选,能源治理与政策研究,True,False,62,201658,0.00030935540233526204,80,165986,0.00048388744958253435,64,146407,0.00043942717771933886,45,128994,0.0003517071323114502,49,120863,0.00040828783054817794,62,80,0.6393127215887767,3,189,63.0,0.0004250072532044411,0.7278826420085892,0.6393127215887767,-0.17549061229785723,1,0,3,206,0.00041089000987904503,2,0,0.16666666666666666,107,417,141.33333333333334,0.7587822014051522,0.3592977633661361,0.0004289640122962138,0.7211686609310292,0.5418421027397111,0.9885236288246539,1.0,51.50616332819723,21.213405238828965,False,False,近期份额下降,2026Q2
C0720,气候变化减缓政策,能源政策与治理,方向候选,能源治理与政策研究,True,False,70,201658,0.0003489528938341756,87,165986,0.0005259646191114504,99,146407,0.0006778760338461119,58,128994,0.00045219488440043597,46,120863,0.00038354311354525807,70,87,0.6634531699559689,3,244,81.33333333333333,0.0005520118457859995,0.6321474738233342,0.514773906158472,-0.3320137459413339,1,0,3,256,0.0005175978489305793,2,0,0.16666666666666666,129,410,151.0,0.8552631578947368,0.3404109381069582,0.0005534654406671466,0.6304872322534686,0.4837337775948764,0.9997336915033922,1.0,52.44607087827428,7.708012326656395,False,False,近期份额下降,2026Q2
C0721,光伏清扫机器人,电网与电力系统,方向候选,能源电力直接相关,True,True,13,201658,6.68207669044166e-05,11,165986,6.912677851179063e-05,3,146407,2.3844885612677303e-05,6,128994,5.024387604449288e-05,4,120863,3.711707550437982e-05,13,11,0.9666408350422304,3,20,6.666666666666667,4.77385133896536e-05,1.399724502499877,0.9666408350422304,0.5152220797063363,2,0,3,27,5.3264143676294844e-05,0,0,0.0,13,27,5.0,2.3333333333333335,0.1739048076322914,4.640507784734767e-05,1.4399451526453115,0.7244177635650695,0.1599209940141018,0.6518518777748715,33.8135593220339,80.22342064714945,False,False,近期份额下降,2026Q2
C0722,变电站巡检机器人,电网与电力系统,方向候选,能源电力直接相关,True,True,5,201658,2.722327540550306e-05,12,165986,7.51378027302072e-05,10,146407,7.15346568380319e-05,6,128994,5.024387604449288e-05,7,120863,6.186179250729969e-05,5,12,0.3623113055787916,3,28,9.333333333333334,6.563877853757733e-05,0.4147437842695092,0.3623113055787916,-0.4830548612306975,0,0,3,27,5.796524499124739e-05,0,0,0.0,10,35,16.0,0.6470588235294118,0.4078584057797932,6.451437651948334e-05,0.42197223121704713,0.1693733787474635,0.9776210421883712,1.0,39.175654853620955,1.8952234206471492,False,False,近期份额下降,2026Q2
C0723,光伏光热联合系统,太阳能,方向候选,能源电力直接相关,True,True,408,201658,0.002021946909663273,325,165986,0.0019565883830945955,311,146407,0.00212219481952828,280,128994,0.002168216496996962,230,120863,0.0019012190897243438,408,325,1.03340433130105,3,916,305.3333333333333,0.0020823332332066125,0.9710006436143989,0.932539214817212,-0.024194990731897015,3,4,3,1044,0.0020335767040953827,12,3,1.0,541,998,446.6666666666667,1.2107222635889798,0.5414066654370795,0.0020746465291265432,0.9745982659101655,0.8673343072816947,0.6653836620131142,0.8975499037946684,81.52542372881358,65.23497688751925,True,False,历史峰值以下的恢复或波动,2026Q2
C0724,电子废物回收,生物质与资源循环,方向候选,能源电力直接相关,True,True,75,201658,0.0003737013260209966,73,165986,0.0004418102800536183,62,146407,0.000425801528797809,45,128994,0.0003517071323114502,30,120863,0.0002515712895296854,75,73,0.8458411741248846,3,180,60.0,0.0004064396470542925,0.919450965793889,0.8458411741248846,-0.06525822901185974,1,1,3,210,0.00041377104495747465,1,0,0.08333333333333333,130,358,110.33333333333333,1.1766467065868265,0.5400860559888152,0.00040859105129006115,0.9146096686187674,0.6991473556529947,0.7487752612130842,0.9857124727616805,56.47342064714945,52.415254237288146,False,False,近期份额下降,2026Q2
C0725,废塑料回收与转化,生物质与资源循环,方向候选,能源电力直接相关,True,True,181,201658,0.0008983680883816011,110,165986,0.0006642181761350316,91,146407,0.0006233734381599923,101,128994,0.0007845774490024658,70,120863,0.000581500849568617,181,110,1.3525195796493352,3,302,100.66666666666667,0.0006907230210991632,1.3006198735811751,1.1450342977915207,0.18271706194354342,3,3,3,382,0.0007286532342255417,6,1,0.5,333,558,184.0,1.8054054054054054,0.522669043425978,0.0006847578560401302,1.3119500279657283,1.0914304887667714,0.0018815012077305884,0.014699228185395222,67.05315870570108,84.71879815100152,False,True,多年背景上持续抬升,2026Q2
C0726,风机状态监测与预测性维护,风能与水能海洋能源,方向候选,能源电力直接相关,True,True,96,201658,0.0004776447412056446,45,165986,0.00027350160193795423,30,146407,0.00020779114605333078,41,128994,0.00032078782397637764,30,120863,0.0002515712895296854,96,45,1.7464056437738953,3,116,38.666666666666664,0.0002673601906558875,1.7865215462103292,1.488974036747784,0.41616688359761556,4,1,3,171,0.0003196458297323099,1,0,0.08333333333333333,139,213,56.0,2.456140350877193,0.4416840457793652,0.00026371666191297576,1.8112042589226436,1.382932240593037,6.206661347347225e-06,7.388882556365744e-05,50.880200308166415,95.73959938366718,False,False,多年背景上持续抬升,2026Q2
C0727,钠离子电池负极材料,电化学储能,方向候选,能源电力直接相关,True,True,699,201658,0.003462305662936253,645,165986,0.0038801161329878996,473,146407,0.003225872382172201,438,128994,0.003389529176232328,365,120863,0.003014731354855738,699,645,0.8923201121483161,3,1556,518.6666666666666,0.0034985058971308096,0.9896526588037925,0.8923201121483161,0.03536566197152968,2,4,3,1817,0.003522764726032118,12,3,1.0,913,1457,609.0,1.498360655737705,0.574773013540253,0.003523390422897397,0.982663073735975,0.8987881356268905,0.6447719776460712,0.8728862513259087,87.45762711864408,63.35901386748844,True,False,近期份额下降,2026Q2
C0728,钠离子电池正极材料,电化学储能,方向候选,能源电力直接相关,True,True,843,201658,0.004175060509916697,722,165986,0.004342964997805976,528,146407,0.003600577727514273,328,128994,0.0025392481970178326,281,120863,0.0023218792787739815,843,722,0.9613387425470611,3,1578,526.0,0.003494263640779361,1.1948327141639177,0.9613387425470611,0.07401726956969368,2,4,3,2093,0.004039534411745649,12,3,1.0,930,1371,563.6666666666666,1.6487603305785126,0.6293230688314297,0.0035731909942457703,1.168440342718923,1.0747361651386778,0.00011807072510519632,0.0011158949900961807,89.92295839753469,71.64869029275809,True,False,近期份额下降,2026Q2
C0729,建筑暖通空调能耗,热工与能效,方向候选,能源电力直接相关,True,True,74,201658,0.0003687516395836324,28,165986,0.00017131419022487241,17,146407,0.00011922442806338652,18,128994,0.00014300180104971053,18,120863,0.00015259242151800592,74,28,2.1524874215007954,3,63,21.0,0.00014451347311265648,2.5516765436546494,2.1524874215007954,0.5645578434598515,3,1,3,119,0.00021976341929063044,1,0,0.08333333333333333,109,172,39.666666666666664,2.7049180327868854,0.4639985679947261,0.0001437425582100769,2.565361603240073,1.8355455019677667,5.4541811007286975e-09,9.09030183454783e-08,49.82473035439138,95.52773497688752,False,False,多年背景上持续抬升,2026Q2
C0730,建筑节能改造,热工与能效,方向候选,能源电力直接相关,True,True,0,201658,2.4748432186820964e-06,2,165986,1.502756054604144e-05,0,146407,3.406412230382472e-06,1,128994,1.1594740625652205e-05,0,120863,4.124119500486646e-06,0,2,0.1646869570812689,3,3,1.0,1.0009571134025372e-05,0.24724767780203913,0.1646869570812689,-0.15974127876817157,0,0,3,2,6.969605331702003e-06,0,0,0.0,0,3,1.6666666666666667,0.37499999999999994,0.8605484395514048,7.922818169059357e-06,0.3123690542775544,0.016134242659466957,0.8791478843663556,1.0,42.48073959938367,9.57627118644068,False,False,近期份额下降,2026Q2
C0731,天体等离子体与磁重联,其他基础与关联学科,关联基础研究,关联基础或环境研究,False,False,10,201658,5.197170759232403e-05,5,165986,3.306063320129117e-05,4,146407,3.0657710073442246e-05,9,128994,7.343335729579729e-05,6,120863,5.36135535063264e-05,10,5,1.5720118630484758,3,18,6.0,4.571723352351023e-05,1.1368077984333285,0.707739772580144,0.2639076514254297,2,0,3,19,3.856335028901915e-05,0,0,0.0,16,28,11.333333333333334,1.3783783783783783,0.187470656478586,4.187775317931375e-05,1.241033810237851,0.5819523204824072,0.3097207794823082,0.6983240223463687,33.25115562403698,79.92295839753469,False,False,历史峰值以下的恢复或波动,2026Q2
C0732,电力设备风险预警,电网与电力系统,方向候选,能源电力直接相关,True,True,0,201658,2.4748432186820964e-06,0,165986,3.005512109208288e-06,0,146407,3.406412230382472e-06,0,128994,3.864913541884068e-06,0,120863,4.124119500486646e-06,0,0,0.8234347854063445,3,0,0.0,3.4256126271582758e-06,0.7224527370846096,0.60009008429316,-0.15974127876817157,0,0,3,0,2.962255852757619e-06,0,0,0.0,0,0,0.0,1.0,0.0,1.1318311670084796e-06,2.186583379942881,0.043384208007912116,0.5,0.6983240223463687,28.397534668721107,40.69337442218798,False,False,近期份额下降,2026Q2
C0733,灌溉水资源优化调度,风能与水能海洋能源,关联基础研究,关联基础或环境研究,True,False,7,201658,3.7122648280231446e-05,7,165986,4.508268163812432e-05,2,146407,1.703206115191236e-05,6,128994,5.024387604449288e-05,2,120863,2.062059750243323e-05,7,7,0.8234347854063444,3,15,5.0,3.745287294484319e-05,0.9911829283404223,0.7388492131331172,0.3895648655658839,1,0,3,16,3.307913035675604e-05,0,0,0.0,9,23,10.333333333333334,0.8823529411764706,0.3880062907691627,3.508676617726287e-05,1.0580242161013937,0.44245783142432393,0.48152137789595956,0.6983240223463687,37.29583975346687,48.64791987673344,False,False,近期份额下降,2026Q2
C0734,液压泵性能与控制,制造与通用装置,关联基础研究,关联基础或环境研究,False,False,1,201658,7.424529656046289e-06,1,165986,9.016536327624864e-06,1,146407,1.0219236691147416e-05,0,128994,3.864913541884068e-06,1,120863,1.2372358501459938e-05,1,1,0.8234347854063445,3,2,0.6666666666666666,7.700228853552115e-06,0.9641959735549098,0.60009008429316,-0.15974127876817157,1,0,3,3,8.886767558272857e-06,0,0,0.0,1,1,0.0,2.0,0.3408530826874396,5.659155835042398e-06,1.3119500279657283,0.17329417513804915,0.47063469644605294,0.6983240223463687,33.09707241910632,55.23497688751926,False,False,近期份额下降,2026Q2
C0735,液压阀设计与控制,制造与通用装置,关联基础研究,关联基础或环境研究,False,False,0,201658,2.4748432186820964e-06,0,165986,3.005512109208288e-06,1,146407,1.0219236691147416e-05,0,128994,3.864913541884068e-06,1,120863,1.2372358501459938e-05,0,0,0.8234347854063445,3,1,0.3333333333333333,5.696554114079924e-06,0.4344456612051019,0.20003002809772003,-0.7090474231022261,0,0,3,1,5.233197339679267e-06,0,0,0.0,0,0,0.0,1.0,0.2529018371896379,3.395493501025439e-06,0.7288611266476269,0.029690187921176114,0.7504557625958929,0.9857124727616805,30.246533127889062,18.035439137134052,False,False,近期份额下降,2026Q2
C0736,电力系统暂态稳定,电网与电力系统,方向候选,能源电力直接相关,True,True,67,201658,0.00033410383452208304,77,165986,0.00046585437692728466,41,146407,0.0002827322151217452,49,128994,0.00038262644064652275,51,120863,0.00042478430855012457,67,77,0.7171851356764936,3,167,55.666666666666664,0.0003770710108985176,0.8860501732179076,0.7171851356764936,0.08347580655274367,0,1,3,185,0.00036089680885703765,1,0,0.08333333333333333,74,170,70.0,1.056338028169014,0.3422205574955366,0.0003791634409478407,0.8811604665441459,0.6642554036093407,0.815782124389821,1.0,46.98959938366718,41.5331278890601,False,False,近期份额下降,2026Q2
C0737,电力系统电压稳定,电网与电力系统,方向候选,能源电力直接相关,True,True,61,201658,0.00030440571589789787,47,165986,0.0002855236503747874,30,146407,0.00020779114605333078,39,128994,0.00030532816980884136,40,120863,0.00033405367953941834,61,47,1.0661313537366355,3,116,38.666666666666664,0.0002662143220789865,1.1434610787303168,0.9112479057785022,0.19091396683138218,2,0,3,138,0.00026590683744200533,0,0,0.0,93,163,55.333333333333336,1.6686390532544377,0.3215109023896818,0.00026371666191297576,1.154290797137229,0.8475141341928162,0.1867215862649022,0.6983240223463687,43.82126348228043,75.31587057010786,False,False,历史峰值以下的恢复或波动,2026Q2
C0738,木材加工与干燥,生物质与资源循环,关联基础研究,关联基础或环境研究,True,False,25,201658,0.00012621700415278692,8,165986,5.1093705856540894e-05,8,146407,5.7909007916502026e-05,14,128994,0.00011208249271463797,6,120863,5.36135535063264e-05,25,8,2.4703043562190334,3,30,10.0,7.369506882922696e-05,1.7126926693734237,1.1261081110511648,0.3895648655658839,3,0,3,41,7.840657264194328e-05,0,0,0.0,39,62,14.333333333333334,2.608695652173913,0.1852366780721787,6.904170118751726e-05,1.8281270881489657,1.080430328000671,0.012126624313570412,0.07707600199303229,36.0939907550077,93.79429892141755,False,False,多年背景上持续抬升,2026Q2
C0739,水污染物吸附去除,碳与环境,关联基础研究,关联基础或环境研究,True,False,122,201658,0.0006063365885771137,125,165986,0.0007543835394112803,99,146407,0.0006778760338461119,104,128994,0.0008077669302537702,98,120863,0.0008124515415958692,122,125,0.8037510853567905,3,328,109.33333333333333,0.0007466755011703874,0.8120483230355121,0.7463049271666204,-0.05576458585805444,0,4,3,346,0.0006795320539448353,9,0,0.75,240,618,227.0,1.0570175438596492,0.5180074237454014,0.0007436130767245711,0.8153925846057927,0.6626018158352294,0.9740108941594092,1.0,69.9711093990755,36.016949152542374,False,False,近期份额下降,2026Q2
C0740,水污染物电化学氧化,碳与环境,关联基础研究,关联基础或环境研究,True,False,9,201658,4.7022021154959835e-05,15,165986,9.317087538545693e-05,17,146407,0.00011922442806338652,13,128994,0.00010435266563086983,13,120863,0.00011135122651313945,9,15,0.5046858362167917,3,45,15.0,0.00010558265635990444,0.4453574363072825,0.39439921766670366,-0.46519581992965797,1,0,3,41,8.647244153460109e-05,0,0,0.0,27,93,35.0,0.7777777777777778,0.5453257519615841,0.00010299663619777166,0.456539387021041,0.22690369948539363,0.9900257406118025,1.0,46.39445300462249,5.296610169491525,False,False,近期份额下降,2026Q2
C0741,电网状态估计与相量测量,电网与电力系统,方向候选,能源电力直接相关,True,True,55,201658,0.0002747075972737127,43,165986,0.00026147955350112103,39,146407,0.00026910656620021526,30,128994,0.00023575972605492814,34,120863,0.00028456424553357856,55,43,1.0505892089667155,3,112,37.333333333333336,0.0002554486152520881,1.0753927830167291,0.9653623095150836,0.010299895654484637,2,0,3,137,0.000268431238991683,0,0,0.0,70,174,62.0,1.126984126984127,0.3509226170053799,0.00025466201257690795,1.0787144674384876,0.7821293486897535,0.3304939658737297,0.6983240223463687,44.984591679506934,65.87057010785824,False,False,历史峰值以下的恢复或波动,2026Q2
C0742,氮气电还原制氨,氢能与燃料电池,方向候选,能源电力直接相关,True,True,62,201658,0.00030935540233526204,90,165986,0.0005439976917667001,98,146407,0.000671063209385347,118,128994,0.0009159845094265241,100,120863,0.0008289480195978159,62,90,0.568670431910459,3,306,102.0,0.000710348470192857,0.43549809046716637,0.3377299497443925,-0.3871862744860155,0,1,3,250,0.0005081387678291031,5,0,0.4166666666666667,132,405,200.0,0.6616915422885572,0.5932031786132955,0.0006938125053761981,0.445877524458173,0.3396840959996703,0.9999999990258499,1.0,64.2469183359014,3.027734976887519,False,False,近期份额下降,2026Q2
C0743,硝酸盐电还原制氨,氢能与燃料电池,方向候选,能源电力直接相关,True,True,198,201658,0.0009825127578167922,198,165986,0.0011931883073556904,133,146407,0.00090951206551212,81,128994,0.0006299809073271031,34,120863,0.00028456424553357856,198,198,0.8234347854063444,3,412,137.33333333333334,0.0009108937600649712,1.0786249735059252,0.8234347854063444,0.03860253237529854,0,4,3,529,0.0010284043768948674,11,2,0.9166666666666666,375,648,230.66666666666666,1.623021582733813,0.7438482692411451,0.0009337607127819957,1.0522104264694832,0.8883250143401209,0.2791383223756834,0.6983240223463687,78.12596302003081,51.15562403697997,False,False,近期份额下降,2026Q2
C0744,潜热储热系统,热工与能效,方向候选,能源电力直接相关,True,True,633,201658,0.003135626358070216,594,165986,0.0035735538978486545,544,146407,0.003709582918886512,508,128994,0.003930617072096097,461,120863,0.0038065622989491743,633,594,0.8774532153993595,3,1646,548.6666666666666,0.0037379179629437546,0.8388697636372922,0.7977440438882709,-0.08404525007408248,0,4,3,1771,0.003472921058268461,12,3,1.0,839,1463,648.6666666666666,1.29297075423294,0.584979249743323,0.003727120032958924,0.8413000736069327,0.7676329798323572,0.9998899951889461,1.0,87.35747303543914,48.38212634822804,True,False,近期份额下降,2026Q2
C0745,热化学储热系统,热工与能效,方向候选,能源电力直接相关,True,True,121,201658,0.0006013869021397495,89,165986,0.0005379866675482835,88,146407,0.0006029349647776976,53,128994,0.0004135457489815953,67,120863,0.0005567561325656972,121,89,1.1178472226466019,3,230,76.66666666666667,0.0005181557937691922,1.1606295044297659,0.9974324550268554,-0.0012854233848118568,3,2,3,298,0.0005807695114885768,5,0,0.4166666666666667,146,285,100.33333333333333,1.4506578947368423,0.5217402437499862,0.0005217741679909092,1.152580827171627,0.9252107937211654,0.10429797226774579,0.47697243415127644,62.775423728813564,74.12557781201849,False,False,历史峰值以下的恢复或波动,2026Q2
C0746,功率因数校正电路与控制,电力电子与电机,方向候选,能源电力直接相关,True,True,128,201658,0.0006360347072012988,133,165986,0.0008024717331586129,104,146407,0.0007119401561499366,112,128994,0.0008696055469239153,104,120863,0.0008619409756017091,128,133,0.7925945312712753,3,349,116.33333333333333,0.0007946724787441548,0.8003733918235646,0.7314059914304428,-0.056370362302967436,1,3,3,365,0.0007168155321699495,9,0,0.75,136,335,131.33333333333334,1.035264483627204,0.271295888246365,0.0007911499857389273,0.8039369508516742,0.6567572458638284,0.9834604956471724,1.0,61.10362095531586,37.67719568567026,False,False,近期份额下降,2026Q2
C0747,网络入侵检测,数字技术与测量,关联基础研究,关联基础或环境研究,True,False,611,201658,0.003026733256448204,297,165986,0.0017882797049789314,141,146407,0.0009640146611982395,104,128994,0.0008077669302537702,89,120863,0.0007382173905871096,611,297,1.6925390631125368,3,542,180.66666666666666,0.0011866870988103137,2.5505739967027425,1.6925390631125368,0.5720663402537958,4,4,3,1049,0.001926342540875125,10,2,0.8333333333333334,744,1123,269.6666666666667,2.7524630541871917,0.4377253652163554,0.0012280368162042004,2.4646926024609614,2.195623993702141,7.438957330652278e-57,1.8597393326630697e-54,76.60631741140216,97.24961479198767,False,False,多年背景上持续抬升,2026Q2
C0748,储能系统集成与安全装置,电化学储能,方向候选,能源电力直接相关,True,True,26,201658,0.00013116669059015112,17,165986,0.00010519292382229007,11,146407,7.834748129879685e-05,7,128994,5.797370312826102e-05,7,120863,6.186179250729969e-05,26,17,1.2469155321867504,3,35,11.666666666666666,8.050470274978266e-05,1.6293047003456607,1.2469155321867504,0.2576575700433139,2,0,3,54,0.00010490236523707934,0,0,0.0,55,104,24.333333333333332,2.210526315789474,0.6028278338641286,8.036001285760205e-05,1.6322382977038405,0.9868691604054897,0.028971736145129268,0.16625945296427935,49.16024653312789,86.35593220338984,False,False,多年背景上持续抬升,2026Q2
C0749,电机绕组与线圈制造,电力电子与电机,方向候选,能源电力直接相关,True,True,0,201658,2.4748432186820964e-06,0,165986,3.005512109208288e-06,0,146407,3.406412230382472e-06,0,128994,3.864913541884068e-06,0,120863,4.124119500486646e-06,0,0,0.8234347854063445,3,0,0.0,3.4256126271582758e-06,0.7224527370846096,0.60009008429316,-0.15974127876817157,0,0,3,0,2.962255852757619e-06,0,0,0.0,0,0,0.0,1.0,0.0,1.1318311670084796e-06,2.186583379942881,0.043384208007912116,0.5,0.6983240223463687,28.397534668721107,40.69337442218798,False,False,近期份额下降,2026Q2
C0750,能源贫困与能源可及性,能源政策与治理,方向候选,能源治理与政策研究,True,False,210,201658,0.0010419089950651627,140,165986,0.000844548902687529,103,146407,0.0007051273316891717,87,128994,0.0006763598698297119,73,120863,0.000606245566571537,210,140,1.2336869916586157,3,330,110.0,0.0007420120347354708,1.4041672456655045,1.2336869916586157,0.1952157414403346,2,4,3,453,0.0008638617431472878,10,1,0.8333333333333334,342,671,197.33333333333334,1.7294117647058822,0.4765156774393704,0.000748140401392605,1.3926650574220163,1.1716110301631506,8.077341535239234e-05,0.0007867540456401852,71.95300462249615,82.33436055469954,False,False,多年背景上持续抬升,2026Q2
