category_id,topic_id,name,patent_records,patent_first_half_2026,patent_mean_cosine,policy_records,policy_first_half_2026,policy_mean_cosine,papers_first_half_2026,patent_paper_share_ratio_2026H1,policy_task_support_verified,applicant_diversity_verified,interpretation
F0001,0,Porosity / Porous medium / Composite material,25,25,0.6900160074234009,0,0,0.0,941,0.024274497506477304,False,False,Full source association counts; policy task support and applicant diversity unverified
F0002,1,Acceleration / Classical mechanics / Vibration,222,219,0.7025021722724846,0,0,0.0,296,0.6634989186013914,False,False,Full source association counts; policy task support and applicant diversity unverified
F0003,2,Nanosheet / Phosphorene / Anisotropy,2,2,0.7410558760166168,0,0,0.0,397,0.005636808336995531,False,False,Full source association counts; policy task support and applicant diversity unverified
F0004,3,Radiation / Optics / Tilt (camera),73,72,0.6764646246008676,0,0,0.0,208,0.3116465616533141,False,False,Full source association counts; policy task support and applicant diversity unverified
F0005,4,Risk analysis (engineering) / Interdependence / Critical infrastructure,120,120,0.7304142609238624,136,2,0.6187896987094599,104,1.03347779265709,False,False,Full source association counts; policy task support and applicant diversity unverified
F0006,5,DC motor / Electric motor / Commutation,749,737,0.6982134864709088,0,0,0.0,115,5.722824568112022,False,False,Full source association counts; policy task support and applicant diversity unverified
F0007,6,MXenes / Carbide / Nitride,136,135,0.7284084155279047,0,0,0.0,585,0.2074162548529466,False,False,Full source association counts; policy task support and applicant diversity unverified
F0008,7,Solar cell / Optoelectronics / CZTS,490,484,0.6853098553054187,0,0,0.0,199,2.1766132764141317,False,False,Full source association counts; policy task support and applicant diversity unverified
F0009,8,Electromagnetic coil / Inductance / Wireless power transfer,1124,1103,0.6755139370087627,0,0,0.0,497,1.987969169809159,False,False,Full source association counts; policy task support and applicant diversity unverified
F0010,9,Simple (philosophy) / Applied mathematics / Mathematical analysis,119,118,0.6670227431449569,0,0,0.0,151,0.7010292031782265,False,False,Full source association counts; policy task support and applicant diversity unverified
F0011,10,Metallurgy / Vanadium / Slag (welding),239,234,0.6882783276765416,0,0,0.0,96,2.177940075119657,False,False,Full source association counts; policy task support and applicant diversity unverified
F0012,11,History / Ancient history / Archaeology,1,1,0.6306626796722412,0,0,0.0,11,0.11690250333682038,False,False,Full source association counts; policy task support and applicant diversity unverified
F0013,12,Fabrication / Nanotechnology / Optoelectronics,8004,7879,0.6824416777510931,0,0,0.0,858,8.226000903116658,False,False,Full source association counts; policy task support and applicant diversity unverified
F0014,13,Dielectric spectroscopy / Cyclic voltammetry / Electrical impedance,182,182,0.6856463685795501,0,0,0.0,562,0.29078415274447617,False,False,Full source association counts; policy task support and applicant diversity unverified
F0015,14,Astrobiology / Earth (classical element) / Astronomy,5,5,0.6154732227325439,0,0,0.0,13,0.3651399178298217,False,False,Full source association counts; policy task support and applicant diversity unverified
F0016,15,Carbon dioxide / Methane / Hydrate,574,562,0.7143920153275599,0,0,0.0,756,0.6664138078519998,False,False,Full source association counts; policy task support and applicant diversity unverified
F0017,16,Position (finance) / Rotor (electric) / Finance,491,483,0.6733571184142787,0,0,0.0,339,1.276400872221022,False,False,Full source association counts; policy task support and applicant diversity unverified
F0018,17,Tube (container) / Heat exchanger / Shell and tube heat exchanger,1466,1441,0.6946299522911868,0,0,0.0,224,5.754779579629712,False,False,Full source association counts; policy task support and applicant diversity unverified
F0019,18,Membrane / Chemical engineering / Permeation,35,34,0.6979552286011832,0,0,0.0,1422,0.021736880233805964,False,False,Full source association counts; policy task support and applicant diversity unverified
F0020,19,Zirconium / Zirconium alloy / Cubic zirconia,17,17,0.6693653779871324,0,0,0.0,136,0.11490416994644737,False,False,Full source association counts; policy task support and applicant diversity unverified
F0021,20,Phase (matter) / Phase change / Phase-change material,3,3,0.699667235215505,0,0,0.0,471,0.006652987994778395,False,False,Full source association counts; policy task support and applicant diversity unverified
F0022,21,Business / Environmental economics / Economics,1,1,0.5567487478256226,298,29,0.6289107540509845,25,0.05272073679895821,False,False,Full source association counts; policy task support and applicant diversity unverified
F0023,22,Architectural engineering / Efficient energy use / Air conditioning,592,585,0.7172632043224734,45,1,0.6655315452151829,230,2.2765980638977465,False,False,Full source association counts; policy task support and applicant diversity unverified
F0024,23,Biology / Biomass (ecology) / Bacteria,18,18,0.662114335430993,0,0,0.0,208,0.07952360538739739,False,False,Full source association counts; policy task support and applicant diversity unverified
F0025,24,Grid / Smart grid / Power grid,222,218,0.735506747488503,1,0,0.6777118444442749,740,0.2644580375958545,False,False,Full source association counts; policy task support and applicant diversity unverified
F0026,25,Maximum power point tracking / Maximum power principle / Grid-connected photovoltaic power system,390,387,0.7191816290219625,0,0,0.0,538,0.6449356613985836,False,False,Full source association counts; policy task support and applicant diversity unverified
F0027,26,Dehydrogenation / Formic acid / Ammonia borane,16,16,0.700730711221695,0,0,0.0,477,0.030969982559388015,False,False,Full source association counts; policy task support and applicant diversity unverified
F0028,27,Roof / Civil engineering / Thermal comfort,1265,1248,0.6728786373798084,8,0,0.6357498168945312,304,3.6747825227897812,False,False,Full source association counts; policy task support and applicant diversity unverified
F0029,28,Overpotential / Tafel equation / Oxygen evolution,5,5,0.7257825136184692,0,0,0.0,1969,0.0025028631077443986,False,False,Full source association counts; policy task support and applicant diversity unverified
F0030,29,Forestry / Agroforestry / Thinning,8,8,0.6727399975061417,3,0,0.6280296444892883,39,0.19286446753036612,False,False,Full source association counts; policy task support and applicant diversity unverified
F0031,30,Ceramic / Sintering / Yttria-stabilized zirconia,52,51,0.6730726281037698,0,0,0.0,491,0.09391048843842913,False,False,Full source association counts; policy task support and applicant diversity unverified
F0032,31,Value (mathematics) / Statistics / Structural equation modeling,10,10,0.7216842830181122,0,0,0.0,352,0.02669688374074905,False,False,Full source association counts; policy task support and applicant diversity unverified
F0033,32,Relay / Protective relay / Overcurrent,2242,2218,0.7009550237315345,0,0,0.0,342,5.805361249647619,False,False,Full source association counts; policy task support and applicant diversity unverified
F0034,33,Phosphorus / Black phosphorus / Phosphate,130,125,0.6710242555691646,0,0,0.0,193,0.5812903977290819,False,False,Full source association counts; policy task support and applicant diversity unverified
F0035,34,Condensed matter physics / Ferromagnetism / Magnetization,72,71,0.6575958074794875,0,0,0.0,99,0.6440407595892835,False,False,Full source association counts; policy task support and applicant diversity unverified
F0036,35,Ammonia / Noise (video) / Ammonia production,6,6,0.6713152726491293,0,0,0.0,810,0.007187713036748775,False,False,Full source association counts; policy task support and applicant diversity unverified
F0037,36,Computer security / Cyber-physical system / Risk analysis (engineering),1224,1211,0.7168226523531808,24,0,0.6593502213557562,64,16.83426255415417,False,False,Full source association counts; policy task support and applicant diversity unverified
F0038,37,Polymer / Copolymer / Polymer chemistry,348,340,0.6816292405128479,0,0,0.0,373,0.8170655554505211,False,False,Full source association counts; policy task support and applicant diversity unverified
F0039,38,Nanorod / Plasmon / Absorption (acoustics),0,0,0.0,0,0,0.0,345,0.0012970369400612004,False,False,Full source association counts; policy task support and applicant diversity unverified
F0040,39,Investment (military) / Finance / Payback period,0,0,0.0,3,0,0.6176628271738688,1007,0.0004447903352765705,False,False,Full source association counts; policy task support and applicant diversity unverified
F0041,40,Dissipation / Thermal management of electronic devices and systems / Computer cooling,177,174,0.704743100088195,0,0,0.0,574,0.2722298793979278,False,False,Full source association counts; policy task support and applicant diversity unverified
F0042,41,Silicon / Optoelectronics / Crystalline silicon,267,261,0.6836248397380672,0,0,0.0,473,0.4949736756911694,False,False,Full source association counts; policy task support and applicant diversity unverified
F0043,42,Yield (engineering) / Quantum yield / Syngas,12,12,0.6965546210606893,0,0,0.0,777,0.014409204591355137,False,False,Full source association counts; policy task support and applicant diversity unverified
F0044,43,Tandem / Terminal (telecommunication) / Telecommunications,14,14,0.6932954490184784,0,0,0.0,683,0.019013403980897143,False,False,Full source association counts; policy task support and applicant diversity unverified
F0045,44,China / Panel data / Beijing,0,0,0.0,0,0,0.0,487,0.0009192333595715791,False,False,Full source association counts; policy task support and applicant diversity unverified
F0046,45,Nanofluid / Viscosity / Slurry,4,4,0.6863612979650497,0,0,0.0,885,0.0045546429871488455,False,False,Full source association counts; policy task support and applicant diversity unverified
F0047,46,Econometrics / Autoregressive integrated moving average / Statistics,18,18,0.7369445496135287,0,0,0.0,193,0.08568822596006385,False,False,Full source association counts; policy task support and applicant diversity unverified
F0048,47,Circuit breaker / Electrical engineering / Switchgear,4384,4320,0.6879847519045329,3,0,0.6944450934727987,227,17.02091884298146,False,False,Full source association counts; policy task support and applicant diversity unverified
F0049,48,Fossil fuel / Waste management / Natural resource economics,7,7,0.7071943623679025,12,0,0.6845663438240687,556,0.012078875007847567,False,False,Full source association counts; policy task support and applicant diversity unverified
F0050,49,Pulse-width modulation / Modulation (music) / Space vector modulation,289,286,0.724712718110596,0,0,0.0,288,0.890039336496797,False,False,Full source association counts; policy task support and applicant diversity unverified
F0051,50,Harmonic / Acoustics / Harmonic analysis,60,58,0.6973019212484359,0,0,0.0,298,0.1756474798879864,False,False,Full source association counts; policy task support and applicant diversity unverified
F0052,51,Index (typography) / Statistics / World Wide Web,12,12,0.7258251508076986,1,0,0.6668649315834045,342,0.032709946189134656,False,False,Full source association counts; policy task support and applicant diversity unverified
F0053,52,Distributed generation / Distributed computing / Islanding,645,637,0.7430535166762596,2,1,0.6804007589817047,195,2.9225625834205093,False,False,Full source association counts; policy task support and applicant diversity unverified
F0054,53,Algorithm / Genetic algorithm / Optimization algorithm,131,127,0.7135883287619088,0,0,0.0,12,9.141775760939353,False,False,Full source association counts; policy task support and applicant diversity unverified
F0055,54,Data science / Risk analysis (engineering) / Management science,3,3,0.7146552006403605,0,0,0.0,9,0.33019829889873825,False,False,Full source association counts; policy task support and applicant diversity unverified
F0056,55,Converters / Electronic engineering / Voltage,1549,1520,0.7187075001182212,0,0,0.0,1069,1.2741953858325117,False,False,Full source association counts; policy task support and applicant diversity unverified
F0057,56,Eutectic system / Salt (chemistry) / Molten salt,7,7,0.6783994010516575,0,0,0.0,599,0.011212500320045324,False,False,Full source association counts; policy task support and applicant diversity unverified
F0058,57,Energy conservation / Audit / Environmental economics,49,49,0.7230151174019794,402,17,0.6756260675280842,201,0.22017121596190242,False,False,Full source association counts; policy task support and applicant diversity unverified
F0059,58,Monolayer / Exciton / Semiconductor,6,6,0.6630090971787771,0,0,0.0,548,0.010621041779917744,False,False,Full source association counts; policy task support and applicant diversity unverified
F0060,59,Coolant / Blanket / Stack (abstract data type),682,667,0.6877117924326676,0,0,0.0,332,1.7992437919584308,False,False,Full source association counts; policy task support and applicant diversity unverified
F0061,60,Foundation (evidence) / Pile / Hydrate,451,447,0.6622032556195481,0,0,0.0,246,1.6270710150023309,False,False,Full source association counts; policy task support and applicant diversity unverified
F0062,61,Systems engineering / Deliverable / Risk analysis (engineering),156,153,0.6984746391192461,0,0,0.0,10,13.102358350179186,False,False,Full source association counts; policy task support and applicant diversity unverified
F0063,62,Materials science / Nanotechnology / Chemical engineering,1061,1045,0.6744237416314135,0,0,0.0,2,374.8128061985135,False,False,Full source association counts; policy task support and applicant diversity unverified
F0064,63,Subsidy / Incentive / Environmental economics,0,0,0.0,29,1,0.6433734236092403,646,0.0006931574057094273,False,False,Full source association counts; policy task support and applicant diversity unverified
F0065,64,Magnesium / Magnesium alloy / Calcium,256,250,0.6895230601076037,0,0,0.0,224,1.0000501454715525,False,False,Full source association counts; policy task support and applicant diversity unverified
F0066,65,Nanotechnology / Nanoscopic scale / Nanopore,22,21,0.6879928193309091,0,0,0.0,62,0.30831086880030756,False,False,Full source association counts; policy task support and applicant diversity unverified
F0067,66,Reinforcement learning / Reinforcement / Artificial intelligence,364,355,0.7443090891772575,0,0,0.0,1432,0.22242078383560485,False,False,Full source association counts; policy task support and applicant diversity unverified
F0068,67,Sociology / Law / Legislation,0,0,0.0,4,0,0.5906422138214111,112,0.0039833445581435095,False,False,Full source association counts; policy task support and applicant diversity unverified
F0069,68,Mechanics / Flow (mathematics) / Physics,83,83,0.6873116062348148,0,0,0.0,199,0.3751232375244169,False,False,Full source association counts; policy task support and applicant diversity unverified
F0070,69,Engineering physics / Solid-state / Energy density,303,300,0.6593847005280724,0,0,0.0,9,28.34988251973453,False,False,Full source association counts; policy task support and applicant diversity unverified
F0071,70,Computation / Computational science / Parallel computing,916,911,0.722640834065504,0,0,0.0,365,2.2351140275465307,False,False,Full source association counts; policy task support and applicant diversity unverified
F0072,71,Phase change / Phase-change material / Encapsulation (networking),36,34,0.715416646665997,0,0,0.0,640,0.04827589716251208,False,False,Full source association counts; policy task support and applicant diversity unverified
F0073,72,Process (computing) / Identification (biology) / Product (mathematics),13134,12919,0.685350474890861,119,4,0.6572319088863725,1917,6.03866206219577,False,False,Full source association counts; policy task support and applicant diversity unverified
F0074,73,Characterization (materials science) / Nanotechnology / In situ,41,41,0.671374070935133,0,0,0.0,716,0.05191134656198886,False,False,Full source association counts; policy task support and applicant diversity unverified
F0075,74,Coating / Corrosion / Metallurgy,305,300,0.6906630449607724,0,0,0.0,664,0.4053030608539925,False,False,Full source association counts; policy task support and applicant diversity unverified
F0076,75,Electrical conductor / Conductor / Conductivity,2678,2638,0.6756838764424997,0,0,0.0,607,3.892612820985796,False,False,Full source association counts; policy task support and applicant diversity unverified
F0077,76,Adsorption / Desorption / Activated carbon,48,47,0.7074769934018453,0,0,0.0,1705,0.024961591888102465,False,False,Full source association counts; policy task support and applicant diversity unverified
F0078,77,Hydrogen storage / Hydride / Desorption,169,168,0.685211315310213,0,0,0.0,744,0.20284560182755645,False,False,Full source association counts; policy task support and applicant diversity unverified
F0079,78,Loop (graph theory) / Phase-locked loop / CMOS,72,71,0.6949191706048118,0,0,0.0,81,0.7862828905415179,False,False,Full source association counts; policy task support and applicant diversity unverified
F0080,79,Hydrogen peroxide / Photosynthesis / Artificial photosynthesis,15,15,0.6733549396197002,0,0,0.0,426,0.032571897178254365,False,False,Full source association counts; policy task support and applicant diversity unverified
F0081,80,Automotive industry / Manufacturing engineering / Automotive electronics,974,958,0.6785760797269536,36,0,0.6609307825565338,472,1.8181122661812161,False,False,Full source association counts; policy task support and applicant diversity unverified
F0082,81,Statistical physics / Chaotic / CHAOS (operating system),4,4,0.6680275350809097,0,0,0.0,32,0.12409650354216316,False,False,Full source association counts; policy task support and applicant diversity unverified
F0083,82,Stage (stratigraphy) / Single stage / Operations management,17,17,0.7237898987882277,0,0,0.0,75,0.20774065162503397,False,False,Full source association counts; policy task support and applicant diversity unverified
F0084,83,Ternary operation / Ternary numeral system / Phase diagram,77,75,0.6852104958001669,0,0,0.0,914,0.0739935108599922,False,False,Full source association counts; policy task support and applicant diversity unverified
F0085,84,Sizing / Irrigation / Agricultural engineering,328,327,0.7315036478202518,0,0,0.0,732,0.4007135865231397,False,False,Full source association counts; policy task support and applicant diversity unverified
F0086,85,NIST / Josephson effect / Natural language processing,1,1,0.5681203603744507,6,0,0.6422202587127686,107,0.012505849194171482,False,False,Full source association counts; policy task support and applicant diversity unverified
F0087,86,Thermoelectric effect / Thermoelectric materials / Seebeck coefficient,5,5,0.730855393409729,0,0,0.0,1710,0.0028818409182710275,False,False,Full source association counts; policy task support and applicant diversity unverified
F0088,87,PID controller / Controller (irrigation) / Control engineering,166,165,0.7297894846962159,0,0,0.0,283,0.52320914632758,False,False,Full source association counts; policy task support and applicant diversity unverified
F0089,88,Nitrate / Nitrite / Electrosynthesis,39,39,0.6944900567714984,0,0,0.0,315,0.1122091117606987,False,False,Full source association counts; policy task support and applicant diversity unverified
F0090,89,Climatology / Precipitation / Circulation (fluid dynamics),3,3,0.7324207425117493,0,0,0.0,100,0.0312127745227663,False,False,Full source association counts; policy task support and applicant diversity unverified
F0091,90,Diffusion / Thermal diffusivity / Thermodynamics,3,3,0.6572418610254923,0,0,0.0,436,0.007186446367784681,False,False,Full source association counts; policy task support and applicant diversity unverified
F0092,91,Regulator / Voltage regulator / Voltage regulation,373,368,0.6956410812308897,130,11,0.6235174408325782,38,8.578417030573343,False,False,Full source association counts; policy task support and applicant diversity unverified
F0093,92,Density functional theory / Computational chemistry / Electronic structure,1,1,0.6605499982833862,0,0,0.0,991,0.0013559039721365955,False,False,Full source association counts; policy task support and applicant diversity unverified
F0094,93,Base (topology) / Base station / Common emitter,353,345,0.6636188808649187,0,0,0.0,131,2.3547927573283727,False,False,Full source association counts; policy task support and applicant diversity unverified
F0095,94,Graphene / Oxide / Nanotechnology,1,1,0.7047184705734253,0,0,0.0,817,0.0016445000469399807,False,False,Full source association counts; policy task support and applicant diversity unverified
F0096,95,Finite element method / Coupling (piping) / Structural engineering,27,26,0.696737285013552,0,0,0.0,620,0.03827669931979157,False,False,Full source association counts; policy task support and applicant diversity unverified
F0097,96,Mixing (physics) / Fluidized bed / Fluidization,21,21,0.6704100852920896,0,0,0.0,314,0.06127004546905953,False,False,Full source association counts; policy task support and applicant diversity unverified
F0098,97,Benchmark (surveying) / Benchmarking / VVER,336,335,0.7367782670827139,0,0,0.0,1283,0.23427559200066855,False,False,Full source association counts; policy task support and applicant diversity unverified
F0099,98,Population / Sample (material) / Estimation,1,1,0.6951466798782349,0,0,0.0,455,0.0029514353202490327,False,False,Full source association counts; policy task support and applicant diversity unverified
F0100,99,Turkish / Foreign policy / Diplomacy,0,0,0.0,0,0,0.0,54,0.008222500234699904,False,False,Full source association counts; policy task support and applicant diversity unverified
F0101,100,Response surface methodology / Central composite design / Chromatography,1,1,0.7121011018753052,0,0,0.0,264,0.005082717536383495,False,False,Full source association counts; policy task support and applicant diversity unverified
F0102,101,Crystallite / Crystallinity / Polycrystalline silicon,2,2,0.6381210088729858,0,0,0.0,529,0.0042315983266397045,False,False,Full source association counts; policy task support and applicant diversity unverified
F0103,102,Mechanism (biology) / Reaction mechanism / Clean Development Mechanism,22,22,0.6524866331707347,0,0,0.0,869,0.023192273519955738,False,False,Full source association counts; policy task support and applicant diversity unverified
F0104,103,Mathematical optimization / Scheduling (production processes) / Economic dispatch,613,610,0.7448771170068527,0,0,0.0,163,3.346557595522861,False,False,Full source association counts; policy task support and applicant diversity unverified
F0105,104,Boron / Boron nitride / Nitride,19,19,0.6770430552332025,0,0,0.0,141,0.12351183214738265,False,False,Full source association counts; policy task support and applicant diversity unverified
F0106,105,Photodetector / Responsivity / Photodetection,17,17,0.668252285789041,0,0,0.0,814,0.01925649993577663,False,False,Full source association counts; policy task support and applicant diversity unverified
F0107,106,Set (abstract data type) / Code (set theory) / Programming language,458,456,0.711052379363489,1,0,0.7122067809104919,486,0.8409851550427856,False,False,Full source association counts; policy task support and applicant diversity unverified
F0108,107,Natural resource economics / Nexus (standard) / Environmental economics,0,0,0.0,0,0,0.0,37,0.011950033674430528,False,False,Full source association counts; policy task support and applicant diversity unverified
F0109,108,Wind power / Turbine / Wind speed,1357,1347,0.7150016799514225,19,0,0.6493944431606092,1620,0.7452639791558995,False,False,Full source association counts; policy task support and applicant diversity unverified
F0110,109,Probabilistic logic / Probabilistic forecasting / Electric power system,1169,1165,0.7421686906300619,0,0,0.0,1190,0.8774315989635938,False,False,Full source association counts; policy task support and applicant diversity unverified
F0111,110,Voltage / Inverter / Electrical engineering,2618,2583,0.7059078291229295,0,0,0.0,245,9.431643176545194,False,False,Full source association counts; policy task support and applicant diversity unverified
F0112,111,Hydrothermal circulation / Hydrothermal synthesis / Chemical engineering,21,21,0.6850643498556954,0,0,0.0,579,0.03325181932703921,False,False,Full source association counts; policy task support and applicant diversity unverified
F0113,112,Wafer / Transformation (genetics) / Epitaxy,15,15,0.6897502342859904,0,0,0.0,264,0.05252141454262945,False,False,Full source association counts; policy task support and applicant diversity unverified
F0114,113,Unit (ring theory) / Power system simulation / Power unit,367,357,0.6877800773534852,3,0,0.5959362188975016,161,1.9839645690134273,False,False,Full source association counts; policy task support and applicant diversity unverified
F0115,114,Cover (algebra) / Action (physics) / Content (measure theory),1704,1681,0.6614002046031011,0,0,0.0,106,14.150691284193613,False,False,Full source association counts; policy task support and applicant diversity unverified
F0116,115,Mass transfer / Moisture / Desiccant,27,27,0.6949312399934839,0,0,0.0,347,0.07092645885903011,False,False,Full source association counts; policy task support and applicant diversity unverified
F0117,116,Thermal runaway / Exothermic reaction / Overcharge,135,134,0.6790259405418678,0,0,0.0,646,0.18645934213583595,False,False,Full source association counts; policy task support and applicant diversity unverified
F0118,117,Biogas / Anaerobic digestion / Methane,55,52,0.6998693086884239,0,0,0.0,1336,0.0352063281654098,False,False,Full source association counts; policy task support and applicant diversity unverified
F0119,118,Natural (archaeology) / Natural resource / Telmatology,0,0,0.0,1,1,0.5957311391830444,306,0.0014620758981766552,False,False,Full source association counts; policy task support and applicant diversity unverified
F0120,119,Commercialization / Nanotechnology / Marketing,52,51,0.6892943118627255,3,0,0.6689713001251221,274,0.16814938093802517,False,False,Full source association counts; policy task support and applicant diversity unverified
F0121,120,Energy (signal processing) / Energy consumption / Efficient energy use,31,31,0.7274490614091197,2,0,0.6621203422546387,1682,0.016779764966325182,False,False,Full source association counts; policy task support and applicant diversity unverified
F0122,121,Cloud computing / Enhanced Data Rates for GSM Evolution / Cloud cover,416,408,0.7243871988298801,0,0,0.0,608,0.6016748672150621,False,False,Full source association counts; policy task support and applicant diversity unverified
F0123,122,Metal-organic framework / Zeolitic imidazolate framework / Imidazolate,99,98,0.7183355887730917,0,0,0.0,138,0.6374070308292817,False,False,Full source association counts; policy task support and applicant diversity unverified
F0124,123,Microwave / Attenuation / Microwave heating,47,45,0.6552158556085952,0,0,0.0,324,0.12566869002771702,False,False,Full source association counts; policy task support and applicant diversity unverified
F0125,124,Analytical Chemistry (journal) / Chromatography / Electrical resistivity and conductivity,93,91,0.6809461873064759,0,0,0.0,119,0.6862519338140544,False,False,Full source association counts; policy task support and applicant diversity unverified
F0126,125,Selection (genetic algorithm) / Site selection / Feature selection,152,151,0.7217546830836096,0,0,0.0,452,0.300071287570645,False,False,Full source association counts; policy task support and applicant diversity unverified
F0127,126,Seawater / Oceanography / Uranium,263,260,0.6978702012576984,0,0,0.0,559,0.4172900498913073,False,False,Full source association counts; policy task support and applicant diversity unverified
F0128,127,Organic solar cell / Energy conversion efficiency / Acceptor,14,14,0.6974457928112575,0,0,0.0,448,0.028975834160408467,False,False,Full source association counts; policy task support and applicant diversity unverified
F0129,128,Combustion / Coal / Oxygen,39,39,0.6829899962131794,0,0,0.0,901,0.03927007738269599,False,False,Full source association counts; policy task support and applicant diversity unverified
F0130,129,Work (physics) / Mechanical engineering / Work function,3,3,0.6920617620150248,0,0,0.0,1747,0.0017950694360732552,False,False,Full source association counts; policy task support and applicant diversity unverified
F0131,130,Cobalt / Cobalt oxide / Inorganic chemistry,27,27,0.6905580361684164,0,0,0.0,506,0.04866129210960111,False,False,Full source association counts; policy task support and applicant diversity unverified
F0132,131,Humanities / Philosophy / Physics,26,26,0.6813950905433068,4,0,0.605023592710495,1,15.833794618620447,False,False,Full source association counts; policy task support and applicant diversity unverified
F0133,132,Evaporation / Maple / Evaporator,23,21,0.6748657278392626,0,0,0.0,383,0.05024623024776851,False,False,Full source association counts; policy task support and applicant diversity unverified
F0134,133,Induction motor / Stator / Vector control,664,658,0.7031927778419241,0,0,0.0,300,1.9640009587219223,False,False,Full source association counts; policy task support and applicant diversity unverified
F0135,134,Fault (geology) / Fault detection and isolation / Fault indicator,4969,4942,0.7290402342433971,0,0,0.0,1272,3.4811222850219767,False,False,Full source association counts; policy task support and applicant diversity unverified
F0136,135,Center (category theory) / Data center / Research center,72,69,0.6846251272492938,1,0,0.5847684741020203,86,0.7201104107279668,False,False,Full source association counts; policy task support and applicant diversity unverified
F0137,136,Database / Table (database) / Operating system,580,572,0.6900407450980154,0,0,0.0,14,35.38652213074902,False,False,Full source association counts; policy task support and applicant diversity unverified
F0138,137,Kinetic energy / Thermogravimetric analysis / Activation energy,1,1,0.7179126739501953,0,0,0.0,568,0.002364782389399181,False,False,Full source association counts; policy task support and applicant diversity unverified
F0139,138,Battery (electricity) / Lithium-ion battery / State of charge,16493,16126,0.6806755104297968,2,0,0.6375467777252197,1962,7.3647981420651165,False,False,Full source association counts; policy task support and applicant diversity unverified
F0140,139,Nanoporous / Anodizing / Nanotechnology,52,51,0.703738156419534,0,0,0.0,221,0.20838377005637884,False,False,Full source association counts; policy task support and applicant diversity unverified
F0141,140,Nuclear power / Nuclear power plant / Nuclear engineering,60,59,0.6606047411759695,25,1,0.6421978259086609,294,0.18107648649285646,False,False,Full source association counts; policy task support and applicant diversity unverified
F0142,141,Perovskite (structure) / Halide / Energy conversion efficiency,2,2,0.7393970489501953,0,0,0.0,2976,0.0007527738330104901,False,False,Full source association counts; policy task support and applicant diversity unverified
F0143,142,Reduction (mathematics) / Oxygen / Oxygen reduction reaction,3,3,0.7154349088668823,0,0,0.0,982,0.003192757088588309,False,False,Full source association counts; policy task support and applicant diversity unverified
F0144,143,Particle swarm optimization / Mathematical optimization / Multi-swarm optimization,40,39,0.7339123502373696,0,0,0.0,763,0.04636800885461747,False,False,Full source association counts; policy task support and applicant diversity unverified
F0145,144,Political science / Humanities / Gynecology,0,0,0.0,26,2,0.6015334610755627,4,0.09958361395358772,False,False,Full source association counts; policy task support and applicant diversity unverified
F0146,145,Substrate (aquarium) / Deposition (geology) / Chemical vapor deposition,2,2,0.6833036541938782,0,0,0.0,234,0.009554930976357031,False,False,Full source association counts; policy task support and applicant diversity unverified
F0147,146,Field (mathematics) / Magnetic field / Electromagnetic field,23,23,0.7035993259886036,0,0,0.0,908,0.023183196864263955,False,False,Full source association counts; policy task support and applicant diversity unverified
F0148,147,Nanomaterials / Nanotechnology / Nanostructure,541,523,0.6836718854093288,0,0,0.0,506,0.9263340516136793,False,False,Full source association counts; policy task support and applicant diversity unverified
F0149,148,Core (optical fiber) / Shell (structure) / Composite material,560,550,0.6686556744788374,0,0,0.0,183,2.6887575767468688,False,False,Full source association counts; policy task support and applicant diversity unverified
F0150,149,Microsphere / Morphology (biology) / Chemical engineering,3,3,0.6587084929148356,0,0,0.0,114,0.027396365410812345,False,False,Full source association counts; policy task support and applicant diversity unverified
F0151,150,Mesoporous material / Mesoporous silica / Specific surface area,4,4,0.6945592015981674,0,0,0.0,399,0.01009546023809838,False,False,Full source association counts; policy task support and applicant diversity unverified
F0152,151,Environmental resource management / Ecology / Ecosystem,1,0,0.6494101285934448,0,0,0.0,114,0.003913766487258907,False,False,Full source association counts; policy task support and applicant diversity unverified
F0153,152,Nap / Social psychology / Biology,269,267,0.6518046109206614,0,0,0.0,5,43.59046374422953,False,False,Full source association counts; policy task support and applicant diversity unverified
F0154,153,Electrification / Rural electrification / Electricity,4,4,0.6901119202375412,35,5,0.6801811354500907,943,0.004274654335050665,False,False,Full source association counts; policy task support and applicant diversity unverified
F0155,154,Nano- / Composite material / Nanotechnology,402,396,0.7007900021265988,0,0,0.0,44,7.985710705469164,False,False,Full source association counts; policy task support and applicant diversity unverified
F0156,155,Scanning electron microscope / Fourier transform infrared spectroscopy / Transmission electron microscopy,55,53,0.6818709080869502,0,0,0.0,167,0.2862657320516567,False,False,Full source association counts; policy task support and applicant diversity unverified
F0157,156,Kinetics / Activation energy / Reaction rate constant,0,0,0.0,0,0,0.0,583,0.0007679970227783115,False,False,Full source association counts; policy task support and applicant diversity unverified
F0158,157,Biochemical engineering / Nanotechnology / Microbial fuel cell,78,75,0.6851406746949905,1,0,0.6858085989952087,5,12.303102851175066,False,False,Full source association counts; policy task support and applicant diversity unverified
F0159,158,Faraday efficiency / Electrosynthesis / Formate,108,105,0.7025397762104317,0,0,0.0,1810,0.05222570640647972,False,False,Full source association counts; policy task support and applicant diversity unverified
F0160,159,Crystallography / Crystal structure / Crystal (programming language),86,86,0.6468060085939806,0,0,0.0,75,1.0268323637465966,False,False,Full source association counts; policy task support and applicant diversity unverified
F0161,160,Dipole / Polar / Work function,25,24,0.6555235123634339,0,0,0.0,204,0.10737499695240142,False,False,Full source association counts; policy task support and applicant diversity unverified
F0162,161,Nanowire / Nanotechnology / Nanostructure,40,39,0.6906784608960151,0,0,0.0,189,0.1868178087625353,False,False,Full source association counts; policy task support and applicant diversity unverified
F0163,162,Filter (signal processing) / Active filter / Low-pass filter,438,430,0.7006629406045016,0,0,0.0,259,1.4868466753879601,False,False,Full source association counts; policy task support and applicant diversity unverified
F0164,163,Upgrade / ASDEX Upgrade / Operating system,127,126,0.6804330940321675,20,2,0.6510327488183976,121,0.9331353455650998,False,False,Full source association counts; policy task support and applicant diversity unverified
F0165,164,Compatibility (geochemistry) / Solid-state / Electromagnetic compatibility,2363,2300,0.6756659177365668,1,0,0.5997322797775269,176,11.681750340521571,False,False,Full source association counts; policy task support and applicant diversity unverified
F0166,165,Presentation (obstetrics) / Session (web analytics) / Event (particle physics),9,9,0.6840143402417501,20,6,0.6563295692205429,231,0.03677926130899244,False,False,Full source association counts; policy task support and applicant diversity unverified
F0167,166,Electron / Atomic physics / Electron transfer,5,5,0.659916877746582,0,0,0.0,170,0.028911371792977085,False,False,Full source association counts; policy task support and applicant diversity unverified
F0168,167,Convergence (economics) / Economic dispatch / Population,361,358,0.7363992714815853,0,0,0.0,621,0.5169855678539836,False,False,Full source association counts; policy task support and applicant diversity unverified
F0169,168,Thermal / Thermal energy storage / Phase-change material,409,406,0.7010915611658819,0,0,0.0,1931,0.18862368710805114,False,False,Full source association counts; policy task support and applicant diversity unverified
F0170,169,Scaling / Statistical physics / Scaling law,0,0,0.0,0,0,0.0,528,0.0008479210270409552,False,False,Full source association counts; policy task support and applicant diversity unverified
F0171,170,Polarization (electrochemistry) / Ferroelectricity / Piezoelectricity,122,119,0.6635421177402872,0,0,0.0,519,0.20616395920516573,False,False,Full source association counts; policy task support and applicant diversity unverified
F0172,171,Simulation / Robot / Computer simulation,1039,1022,0.6907249017330863,0,0,0.0,99,9.210233240280314,False,False,Full source association counts; policy task support and applicant diversity unverified
F0173,172,Remote sensing / Satellite / Global Positioning System,230,228,0.7000000616778498,0,0,0.0,60,3.3850198693479867,False,False,Full source association counts; policy task support and applicant diversity unverified
F0174,173,Dissolution / Precipitation / Calcite,5,5,0.6579522132873535,0,0,0.0,898,0.005486242504955584,False,False,Full source association counts; policy task support and applicant diversity unverified
F0175,174,Citation / Library science / Information retrieval,1,1,0.6161339282989502,6,0,0.5788099070390066,14,0.09271577850851272,False,False,Full source association counts; policy task support and applicant diversity unverified
F0176,175,Component (thermodynamics) / Principal component analysis / Electronic component,968,950,0.6679822449718625,0,0,0.0,722,1.179083772409642,False,False,Full source association counts; policy task support and applicant diversity unverified
F0177,176,Fusion / Fusion power / Nuclear fusion,11,10,0.6648207577792081,0,0,0.0,743,0.012657231363300658,False,False,Full source association counts; policy task support and applicant diversity unverified
F0178,177,Power (physics) / Electrical engineering / Engineering,1093,1077,0.6942693374076243,5,0,0.6086689472198487,344,2.8032281460520085,False,False,Full source association counts; policy task support and applicant diversity unverified
F0179,178,Perspective (graphical) / Artificial intelligence / Subject (documents),0,0,0.0,0,0,0.0,525,0.0008527616799070309,False,False,Full source association counts; policy task support and applicant diversity unverified
F0180,179,Band gap / Semiconductor / Electronic band structure,1,1,0.6511704921722412,0,0,0.0,431,0.0031155939475629997,False,False,Full source association counts; policy task support and applicant diversity unverified
F0181,180,Geology / Geochemistry / Petroleum engineering,13,13,0.6197077907048739,5,0,0.5850794911384583,4,2.6887575767468688,False,False,Full source association counts; policy task support and applicant diversity unverified
F0182,181,Heat transfer / Heat transfer coefficient / Nusselt number,327,319,0.6994295472034257,0,0,0.0,996,0.2873584364511204,False,False,Full source association counts; policy task support and applicant diversity unverified
F0183,182,Fiber / Composite material / Hollow fiber membrane,1418,1403,0.6870164972938839,0,0,0.0,100,12.516322583629288,False,False,Full source association counts; policy task support and applicant diversity unverified
F0184,183,Offshore wind power / Submarine pipeline / Marine engineering,413,405,0.7012233846701375,15,0,0.6554408470789591,1018,0.3568290614861251,False,False,Full source association counts; policy task support and applicant diversity unverified
F0185,184,Absorption (acoustics) / Laser / Optics,27,27,0.6834082228166086,0,0,0.0,324,0.07595360386290588,False,False,Full source association counts; policy task support and applicant diversity unverified
F0186,185,Sorption / Sorbent / Ion exchange,35,32,0.7058468903814044,0,0,0.0,329,0.08840123545197089,False,False,Full source association counts; policy task support and applicant diversity unverified
F0187,186,Interconnection / Telecommunications / Chip,1301,1282,0.6819022401399928,0,0,0.0,182,6.29832254279061,False,False,Full source association counts; policy task support and applicant diversity unverified
F0188,187,Group (periodic table) / Platinum group / Impurity,17,14,0.6545202311347512,0,0,0.0,96,0.13467006861081035,False,False,Full source association counts; policy task support and applicant diversity unverified
F0189,188,Combustor / NOx / Gas turbines,401,391,0.6672173236076374,0,0,0.0,190,1.8419047966691149,False,False,Full source association counts; policy task support and applicant diversity unverified
F0190,189,Renewable energy / Environmental economics / Natural resource economics,43,42,0.7245675477870676,217,7,0.670406308042289,1979,0.019242602847813744,False,False,Full source association counts; policy task support and applicant diversity unverified
F0191,190,Wake / Vortex / Wake turbulence,3,3,0.7160736918449402,0,0,0.0,545,0.00575047449961139,False,False,Full source association counts; policy task support and applicant diversity unverified
F0192,191,Medicine / Gynecology / Internal medicine,48,47,0.6495307783285776,0,0,0.0,92,0.4602377834071217,False,False,Full source association counts; policy task support and applicant diversity unverified
F0193,192,Desalination / Solar desalination / Environmental engineering,19,18,0.6938961712937606,0,0,0.0,790,0.020974916790983372,False,False,Full source association counts; policy task support and applicant diversity unverified
F0194,193,Architecture / Preprint / Computer architecture,170,168,0.6970397570553948,0,0,0.0,512,0.2946703425572991,False,False,Full source association counts; policy task support and applicant diversity unverified
F0195,194,Nanofiber / Electrospinning / Carbon nanofiber,201,195,0.7093842856919588,0,0,0.0,409,0.42788124237200875,False,False,Full source association counts; policy task support and applicant diversity unverified
F0196,195,Variation (astronomy) / Seasonality / Atmospheric sciences,0,0,0.0,0,0,0.0,103,0.004329722345808162,False,False,Full source association counts; policy task support and applicant diversity unverified
F0197,196,Phthalocyanine / Copper phthalocyanine / Tetra,0,0,0.0,0,0,0.0,107,0.004168616398057161,False,False,Full source association counts; policy task support and applicant diversity unverified
F0198,197,Water splitting / Photocurrent / Oxygen evolution,9,9,0.6991611917813619,0,0,0.0,682,0.012475309879900002,False,False,Full source association counts; policy task support and applicant diversity unverified
F0199,198,Greenhouse gas / Emissions trading / Natural resource economics,32,32,0.7190827783197165,125,4,0.6671891069412231,1173,0.024821650687195915,False,False,Full source association counts; policy task support and applicant diversity unverified
F0200,199,Business administration / Agricultural science / Business management,0,0,0.0,1414,70,0.6447277006283508,9,0.04717118555696261,False,False,Full source association counts; policy task support and applicant diversity unverified
F0201,200,Government (linguistics) / Public policy / Economic growth,0,0,0.0,60,3,0.6561918089787165,962,0.0004655857275752153,False,False,Full source association counts; policy task support and applicant diversity unverified
F0202,201,Energy management / Energy management system / Operations management,1535,1511,0.7457087216625773,7,0,0.6910920654024396,870,1.5562156144946935,False,False,Full source association counts; policy task support and applicant diversity unverified
F0203,202,AC power / Compensation (psychology) / Power factor,1992,1976,0.7270355822750364,0,0,0.0,454,3.8975646134508146,False,False,Full source association counts; policy task support and applicant diversity unverified
F0204,203,Scale (ratio) / Cartography / Atomic units,0,0,0.0,0,0,0.0,245,0.0018253615592307322,False,False,Full source association counts; policy task support and applicant diversity unverified
F0205,204,Beam (structure) / Proton / Optics,22,21,0.6655000096017664,0,0,0.0,163,0.11785583669736528,False,False,Full source association counts; policy task support and applicant diversity unverified
F0206,205,Electric field / Space charge / Breakdown voltage,327,319,0.6680204310548414,0,0,0.0,556,0.5145600753343064,False,False,Full source association counts; policy task support and applicant diversity unverified
F0207,206,Physics / Electrical engineering / Plasma,21,20,0.6498262286186218,1,0,0.6122910976409912,2,7.349270709774774,False,False,Full source association counts; policy task support and applicant diversity unverified
F0208,207,Electrolysis / Electrolysis of water / Alkaline water electrolysis,383,379,0.6971424993895986,0,0,0.0,1581,0.21506660351468787,False,False,Full source association counts; policy task support and applicant diversity unverified
F0209,208,Transport engineering / Public transport / Environmental economics,282,276,0.6925269933879799,90,5,0.6577021492852105,51,4.811918899485496,False,False,Full source association counts; policy task support and applicant diversity unverified
F0210,209,Resilience (materials science) / Risk analysis (engineering) / Vulnerability (computing),51,51,0.7406525156077217,23,0,0.6413231958513674,1391,0.03317068276499311,False,False,Full source association counts; policy task support and applicant diversity unverified
F0211,210,Monte Carlo method / Statistical physics / Kinetic Monte Carlo,18,18,0.7165192464987437,0,0,0.0,520,0.03185527708601797,False,False,Full source association counts; policy task support and applicant diversity unverified
F0212,211,Drone / Overhead (engineering) / Real-time computing,1637,1616,0.7021667002247978,0,0,0.0,216,6.691880866530121,False,False,Full source association counts; policy task support and applicant diversity unverified
F0213,212,Corporate governance / Finance / Climate governance,0,0,0.0,1,0,0.674694299697876,1134,0.00039499890946773444,False,False,Full source association counts; policy task support and applicant diversity unverified
F0214,213,Spinel / Metallurgy / Octahedron,27,27,0.6935661523430435,0,0,0.0,581,0.04238511513931722,False,False,Full source association counts; policy task support and applicant diversity unverified
F0215,214,Redundancy (engineering) / Fault tolerance / Observability,420,415,0.7363015494176319,0,0,0.0,267,1.3921230817923038,False,False,Full source association counts; policy task support and applicant diversity unverified
F0216,215,Ion / Ionic liquid / Ionic bonding,12,12,0.6866378684838613,0,0,0.0,302,0.037035228329846674,False,False,Full source association counts; policy task support and applicant diversity unverified
F0217,216,Geopolitics / Politics / Economy,0,0,0.0,0,0,0.0,698,0.0006415551364225408,False,False,Full source association counts; policy task support and applicant diversity unverified
F0218,217,Synchronization (alternating current) / Channel (broadcasting) / Real-time computing,569,563,0.7205790848011292,0,0,0.0,198,2.544273542396071,False,False,Full source association counts; policy task support and applicant diversity unverified
F0219,218,Ferrite (magnet) / Coercivity / Austenite,43,43,0.6693210587945095,0,0,0.0,66,0.5862704490651067,False,False,Full source association counts; policy task support and applicant diversity unverified
F0220,219,Computer network / Scheme (mathematics) / Protocol (science),2200,2165,0.7127606065164913,1,0,0.5622751116752625,55,34.969997191863925,False,False,Full source association counts; policy task support and applicant diversity unverified
F0221,220,Extraction (chemistry) / Chromatography / Solvent,235,230,0.6693348960673555,0,0,0.0,871,0.23704670929055394,False,False,Full source association counts; policy task support and applicant diversity unverified
F0222,221,Truck / Automotive engineering / Fuel efficiency,93,93,0.6641082238125545,27,0,0.6540729204813639,274,0.3052809149069,False,False,Full source association counts; policy task support and applicant diversity unverified
F0223,222,Philosophy / Epistemology / Traditional medicine,2,2,0.636025071144104,1,0,0.4701575040817261,0,4.481262627911448,False,False,Full source association counts; policy task support and applicant diversity unverified
F0224,223,Geothermal gradient / Geothermal energy / Petroleum engineering,98,93,0.6873071029478189,13,3,0.6436670468403742,987,0.08486036571336109,False,False,Full source association counts; policy task support and applicant diversity unverified
F0225,224,Iridium / Phosphorescence / Phosphorescent organic light-emitting diode,6,6,0.6780061821142832,0,0,0.0,103,0.05628639049550611,False,False,Full source association counts; policy task support and applicant diversity unverified
F0226,225,Aqueous solution / Inorganic chemistry / Nuclear chemistry,775,759,0.6883501124382019,0,0,0.0,851,0.7994172556426882,False,False,Full source association counts; policy task support and applicant diversity unverified
F0227,226,Environmental chemistry / Pollutant / Contamination,17,16,0.6397887538461124,0,0,0.0,68,0.21588564484828873,False,False,Full source association counts; policy task support and applicant diversity unverified
F0228,227,Durability / Development (topology) / Composite material,151,148,0.6924338084182992,0,0,0.0,581,0.228879621752313,False,False,Full source association counts; policy task support and applicant diversity unverified
F0229,228,Term (time) / Wind power forecasting / Econometrics,237,237,0.7380376292180412,0,0,0.0,278,0.7643087067353457,False,False,Full source association counts; policy task support and applicant diversity unverified
F0230,229,Electrolyte / Ionic conductivity / Conductivity,2543,2495,0.6954871877131386,0,0,0.0,2152,1.0390700012035323,False,False,Full source association counts; policy task support and applicant diversity unverified
F0231,230,Calibration / Range (aeronautics) / Statistics,268,265,0.7002410434964877,0,0,0.0,641,0.37093537886531236,False,False,Full source association counts; policy task support and applicant diversity unverified
F0232,231,Electronic engineering / Amplifier / CMOS,456,451,0.6974403072606054,0,0,0.0,49,8.174909400008158,False,False,Full source association counts; policy task support and applicant diversity unverified
F0233,232,Test (biology) / Reliability engineering / Test method,2493,2451,0.7029737490417964,2,0,0.5734501481056213,184,11.908742907669282,False,False,Full source association counts; policy task support and applicant diversity unverified
F0234,233,Organic Rankine cycle / Waste heat / Degree Rankine,91,88,0.7111892765694923,0,0,0.0,471,0.16822555358225372,False,False,Full source association counts; policy task support and applicant diversity unverified
F0235,234,Tin / Tin oxide / Antimony,231,228,0.6802815905897133,0,0,0.0,192,1.063863387509367,False,False,Full source association counts; policy task support and applicant diversity unverified
F0236,235,Engineering management / Engineering ethics / Process management,4,4,0.714611679315567,32,0,0.6081016715615988,50,0.0798640864380258,False,False,Full source association counts; policy task support and applicant diversity unverified
F0237,236,Constant (computer programming) / Constant current / Entropy (arrow of time),390,387,0.7189920180883163,0,0,0.0,234,1.4810143013353398,False,False,Full source association counts; policy task support and applicant diversity unverified
F0238,237,Dual (grammatical number) / Dual role / Dual purpose,525,514,0.6788111354055859,0,0,0.0,451,1.0213110175240043,False,False,Full source association counts; policy task support and applicant diversity unverified
F0239,238,Industrial organization / Competition (biology) / Economic system,1,1,0.7142359614372253,5,0,0.6464184165000916,43,0.03090525950283757,False,False,Full source association counts; policy task support and applicant diversity unverified
F0240,239,Molybdenum / Molybdenum disulfide / Tungsten,4,4,0.7143132984638214,0,0,0.0,178,0.022594601485267804,False,False,Full source association counts; policy task support and applicant diversity unverified
F0241,240,Topology (electrical circuits) / Network topology / Graph,478,475,0.7124051446695208,0,0,0.0,584,0.7291156131982526,False,False,Full source association counts; policy task support and applicant diversity unverified
F0242,241,Impeller / Centrifugal pump / Specific speed,48,45,0.6652080255250136,0,0,0.0,293,0.13894204399998017,False,False,Full source association counts; policy task support and applicant diversity unverified
F0243,242,Modular design / High-voltage direct current / Capacitor,868,859,0.7098272765561733,0,0,0.0,1046,0.736100378153825,False,False,Full source association counts; policy task support and applicant diversity unverified
F0244,243,Engineering / Mechanical engineering / Manufacturing engineering,26926,26570,0.6703363621867111,0,0,0.0,10,2267.9883553318314,False,False,Full source association counts; policy task support and applicant diversity unverified
F0245,244,Photodegradation / Rhodamine B / Methyl orange,0,0,0.0,0,0,0.0,489,0.000915477554220929,False,False,Full source association counts; policy task support and applicant diversity unverified
F0246,245,Solar energy / Optics / Solar power,2681,2631,0.6868387025845936,6,1,0.6358907322088877,873,2.7000440996792157,False,False,Full source association counts; policy task support and applicant diversity unverified
F0247,246,Chemical physics / Molecular dynamics / Dynamics (music),0,0,0.0,0,0,0.0,113,0.003948249011375725,False,False,Full source association counts; policy task support and applicant diversity unverified
F0248,247,Energy transition / Transition (genetics) / Transition metal,0,0,0.0,2,0,0.6984706521034241,410,0.0010916595926702675,False,False,Full source association counts; policy task support and applicant diversity unverified
F0249,248,Energy security / Energy supply / Energy policy,0,0,0.0,56,2,0.6862093657255173,518,0.0008642743737534134,False,False,Full source association counts; policy task support and applicant diversity unverified
F0250,249,Plan (archaeology) / Scheme (mathematics) / Operations management,151,150,0.712805105360928,438,23,0.639919799348535,157,0.8564190800008544,False,False,Full source association counts; policy task support and applicant diversity unverified
F0251,250,Series (stratigraphy) / Time series / Autoregressive integrated moving average,205,205,0.7320062169214574,0,0,0.0,387,0.47530295227654323,False,False,Full source association counts; policy task support and applicant diversity unverified
F0252,251,Software deployment / Carbon capture and storage (timeline) / Environmental economics,7,7,0.7338607396398272,36,6,0.6952870024575127,2005,0.0033517297142194825,False,False,Full source association counts; policy task support and applicant diversity unverified
F0253,252,Artificial neural network / Artificial intelligence / Machine learning,367,363,0.736348886255997,0,0,0.0,1806,0.18034198342051605,False,False,Full source association counts; policy task support and applicant diversity unverified
F0254,253,Theology / Philosophy / Traditional medicine,0,0,0.0,81,3,0.5725194392380891,0,0.8962525255822895,False,False,Full source association counts; policy task support and applicant diversity unverified
F0255,254,Mathematics / Statistics / Mathematical optimization,26,25,0.6506704665147341,0,0,0.0,4,5.078764311632974,False,False,Full source association counts; policy task support and applicant diversity unverified
F0256,255,Inductor / Inductance / Ripple,611,605,0.7020226396047152,0,0,0.0,417,1.2998345011738355,False,False,Full source association counts; policy task support and applicant diversity unverified
F0257,256,Gas compressor / Turbine / Impeller,1887,1864,0.7021623207389456,0,0,0.0,485,3.441941985475136,False,False,Full source association counts; policy task support and applicant diversity unverified
F0258,257,Char / Particle (ecology) / Particle size,4,4,0.6512449830770493,0,0,0.0,267,0.015077145290169356,False,False,Full source association counts; policy task support and applicant diversity unverified
F0259,258,Fuel cells / Proton exchange membrane fuel cell / Stack (abstract data type),118,117,0.698882618192899,0,0,0.0,704,0.149481436133313,False,False,Full source association counts; policy task support and applicant diversity unverified
F0260,259,Irradiation / Tungsten / Radiochemistry,5,4,0.6441202282905578,0,0,0.0,465,0.008664095306380888,False,False,Full source association counts; policy task support and applicant diversity unverified
F0261,260,Environmental science / Waste management / Engineering,54,51,0.6562890112400055,4,0,0.6335498839616776,0,92.31401013497583,False,False,Full source association counts; policy task support and applicant diversity unverified
F0262,261,Inorganic chemistry / Alkali metal / Intercalation (chemistry),198,194,0.685467746221658,0,0,0.0,61,2.8344896947277287,False,False,Full source association counts; policy task support and applicant diversity unverified
F0263,262,Agricultural science / Polish / Profitability index,1,1,0.6387698650360107,251,8,0.6363387325132985,14,0.09271577850851272,False,False,Full source association counts; policy task support and applicant diversity unverified
F0264,263,Joint (building) / Structural engineering / Entrepreneurship,26,26,0.6723382289593036,0,0,0.0,336,0.07058155104882816,False,False,Full source association counts; policy task support and applicant diversity unverified
F0265,264,Layer (electronics) / Passivation / Atomic layer deposition,400,393,0.6816531410813331,0,0,0.0,184,1.9115196141822814,False,False,Full source association counts; policy task support and applicant diversity unverified
F0266,265,Photovoltaics / Nanotechnology / Building-integrated photovoltaics,1581,1560,0.6743940140234376,0,0,0.0,573,2.438713280158959,False,False,Full source association counts; policy task support and applicant diversity unverified
F0267,266,Harmonics / Voltage sag / Power quality,85,85,0.7098928030799417,0,0,0.0,320,0.23909388747983074,False,False,Full source association counts; policy task support and applicant diversity unverified
F0268,267,Spring (device) / Vibration / Structural engineering,461,457,0.6803660882786401,0,0,0.0,122,3.3472288200318157,False,False,Full source association counts; policy task support and applicant diversity unverified
F0269,268,Flexibility (engineering) / Demand response / Scheduling (production processes),984,977,0.7475108747802129,3,1,0.6791922251383463,1352,0.6477536737572555,False,False,Full source association counts; policy task support and applicant diversity unverified
F0270,269,Transformer / Electrical engineering / Distribution transformer,1435,1418,0.70225112425741,0,0,0.0,1103,1.1520926212401248,False,False,Full source association counts; policy task support and applicant diversity unverified
F0271,270,Photovoltaic system / Electrical engineering / Harmonics,1453,1436,0.6777380413214913,4,0,0.5923335552215576,2520,0.5107981563177778,False,False,Full source association counts; policy task support and applicant diversity unverified
F0272,271,Project commissioning / Publishing / Bridge (graph theory),0,0,0.0,52,0,0.5846081364613313,66,0.006738740793851801,False,False,Full source association counts; policy task support and applicant diversity unverified
F0273,272,Natural gas / Liquefied natural gas / Waste management,14,14,0.6991872148854392,208,5,0.601335822389676,526,0.024683117988496102,False,False,Full source association counts; policy task support and applicant diversity unverified
F0274,273,Chalcogenide / Semiconductor / Chalcogenide glass,0,0,0.0,0,0,0.0,240,0.0018633108639964438,False,False,Full source association counts; policy task support and applicant diversity unverified
F0275,274,In situ / Bridging (networking) / Sustainable energy,0,0,0.0,0,0,0.0,540,0.0008290957683462438,False,False,Full source association counts; policy task support and applicant diversity unverified
F0276,275,Psychology / Mathematics education / Perception,0,0,0.0,3,1,0.623479982217153,27,0.016295500465132538,False,False,Full source association counts; policy task support and applicant diversity unverified
F0277,276,Mains electricity / Backup / Switched-mode power supply,6456,6379,0.7014016013827908,219,11,0.651787375750607,212,26.906555232716315,False,False,Full source association counts; policy task support and applicant diversity unverified
F0278,277,Tower / Structural engineering / Cooling tower,621,616,0.6844262921291849,0,0,0.0,179,3.0782154987269164,False,False,Full source association counts; policy task support and applicant diversity unverified
F0279,278,Grain boundary / Grain size / Boundary (topology),2,2,0.6812695860862732,0,0,0.0,380,0.005888649970974307,False,False,Full source association counts; policy task support and applicant diversity unverified
F0280,279,Indium / Copper indium gallium selenide solar cells / Indium tin oxide,4,3,0.6899193525314331,0,0,0.0,182,0.017188404600208294,False,False,Full source association counts; policy task support and applicant diversity unverified
F0281,280,Nuclear chemistry / Methylene blue / Methylene,65,64,0.6834067078737113,0,0,0.0,29,1.959602979662972,False,False,Full source association counts; policy task support and applicant diversity unverified
F0282,281,Polyaniline / Polymerization / Polymer,239,236,0.6918438810184909,0,0,0.0,157,1.3458014114299142,False,False,Full source association counts; policy task support and applicant diversity unverified
F0283,282,Rare earth / Earth (classical element) / Separation (statistics),21,19,0.6592001829828534,0,0,0.0,445,0.03922990852717092,False,False,Full source association counts; policy task support and applicant diversity unverified
F0284,283,Photothermal therapy / Photothermal effect / Evaporation,46,46,0.6915996683680493,0,0,0.0,828,0.05030264627589193,False,False,Full source association counts; policy task support and applicant diversity unverified
F0285,284,Cadmium telluride photovoltaics / Optoelectronics / Cadmium,10,10,0.7179719567298889,0,0,0.0,109,0.08594202300104146,False,False,Full source association counts; policy task support and applicant diversity unverified
F0286,285,Cathode / Ion / Electrode,36,36,0.7197253157695135,0,0,0.0,2151,0.015204841823729288,False,False,Full source association counts; policy task support and applicant diversity unverified
F0287,286,Nickel / Hydroxide / Metallurgy,153,151,0.7005912439495909,0,0,0.0,453,0.2994096088769942,False,False,Full source association counts; policy task support and applicant diversity unverified
F0288,287,Detector / SIGNAL (programming language) / Optics,1440,1417,0.6975439377542999,0,0,0.0,256,4.952974483481074,False,False,Full source association counts; policy task support and applicant diversity unverified
F0289,288,Carbon footprint / Life-cycle assessment / Footprint,54,54,0.7222738564014435,33,0,0.6773202509591074,533,0.09155719333502302,False,False,Full source association counts; policy task support and applicant diversity unverified
F0290,289,Service (business) / Marketing / Telecommunications,291,286,0.6972661016323313,46,5,0.6301274338494176,304,0.8432720807202821,False,False,Full source association counts; policy task support and applicant diversity unverified
F0291,290,Computational fluid dynamics / Solver / Fluent,7,7,0.7350282328469413,0,0,0.0,666,0.0100853622533641,False,False,Full source association counts; policy task support and applicant diversity unverified
F0292,291,Element (criminal law) / Law / Rare-earth element,267,261,0.6495101293374537,0,0,0.0,79,2.9480507602486634,False,False,Full source association counts; policy task support and applicant diversity unverified
F0293,292,Separator (oil production) / Polyethylene / Polypropylene,6417,6253,0.6810541993568151,0,0,0.0,487,11.496851628161739,False,False,Full source association counts; policy task support and applicant diversity unverified
F0294,293,Stellarator / Wendelstein 7-X / Magnetic confinement fusion,11,11,0.6526422554796393,0,0,0.0,155,0.06628234112023364,False,False,Full source association counts; policy task support and applicant diversity unverified
F0295,294,Nanocrystalline material / Nanocrystal / Chemical engineering,47,47,0.6971897901372707,0,0,0.0,173,0.24537172890581413,False,False,Full source association counts; policy task support and applicant diversity unverified
F0296,295,Software / Operating system / Software engineering,302,296,0.7020353019632251,0,0,0.0,244,1.0868665596529605,False,False,Full source association counts; policy task support and applicant diversity unverified
F0297,296,Selectivity / Fischer–Tropsch process / Syngas,6,5,0.7081328729788462,0,0,0.0,1142,0.004314563580483669,False,False,Full source association counts; policy task support and applicant diversity unverified
F0298,297,Electromagnetic interference / EMI / Electromagnetic shielding,463,459,0.7022476063691256,0,0,0.0,378,1.088052933963176,False,False,Full source association counts; policy task support and applicant diversity unverified
F0299,298,Dispersion (optics) / Zeta potential / Colloid,169,166,0.6766060442614132,0,0,0.0,259,0.5750521984949951,False,False,Full source association counts; policy task support and applicant diversity unverified
F0300,299,Bimetallic strip / Selenide / Selenium,10,9,0.698454761505127,0,0,0.0,989,0.00860474885601996,False,False,Full source association counts; policy task support and applicant diversity unverified
F0301,300,Phonon / Thermal conductivity / Scattering,0,0,0.0,0,0,0.0,535,0.0008368370920469557,False,False,Full source association counts; policy task support and applicant diversity unverified
F0302,301,Sulfide / Chalcopyrite / Bioleaching,14,14,0.6588682617459979,0,0,0.0,194,0.0668157409817131,False,False,Full source association counts; policy task support and applicant diversity unverified
F0303,302,Function (biology) / Basis (linear algebra) / Transfer function,272,271,0.702083881944418,0,0,0.0,286,0.8493283095832168,False,False,Full source association counts; policy task support and applicant diversity unverified
F0304,303,Hydrogen / Hydrogen production / Hydrogen storage,305,297,0.6871966270149731,0,0,0.0,1211,0.22008677371913427,False,False,Full source association counts; policy task support and applicant diversity unverified
F0305,304,Energy consumption / Consumption (sociology) / Power consumption,48,48,0.7303794100880623,15,0,0.6653952876726786,937,0.04636613065679044,False,False,Full source association counts; policy task support and applicant diversity unverified
F0306,305,Stress (linguistics) / Composite material / Structural engineering,9,9,0.6779035793410407,0,0,0.0,551,0.01543862011429148,False,False,Full source association counts; policy task support and applicant diversity unverified
F0307,306,Resource (disambiguation) / Natural resource / Scarcity,2,2,0.6729018986225128,3,0,0.6005694270133972,730,0.0030672571032932566,False,False,Full source association counts; policy task support and applicant diversity unverified
F0308,307,Microgrid / Voltage droop / Distributed generation,168,166,0.7439901811026391,0,0,0.0,1478,0.10093070376019697,False,False,Full source association counts; policy task support and applicant diversity unverified
F0309,308,Focus (optics) / Dense plasma focus / Optics,3,2,0.6398530999819437,0,0,0.0,373,0.005999012888770345,False,False,Full source association counts; policy task support and applicant diversity unverified
F0310,309,Window (computing) / Sliding window protocol / Window function,254,246,0.6745873867996096,0,0,0.0,150,1.4679484887444145,False,False,Full source association counts; policy task support and applicant diversity unverified
F0311,310,Line (geometry) / Electric power transmission / Transmission line,3533,3490,0.6971855524441287,5,0,0.5990647435188293,404,7.733917034721833,False,False,Full source association counts; policy task support and applicant diversity unverified
F0312,311,Aerodynamics / Airfoil / Lift (data mining),306,298,0.6803146039738375,0,0,0.0,654,0.4087568814152993,False,False,Full source association counts; policy task support and applicant diversity unverified
F0313,312,Anatase / Rutile / Titanium dioxide,16,15,0.7105880416929722,0,0,0.0,213,0.06506751356686412,False,False,Full source association counts; policy task support and applicant diversity unverified
F0314,313,Operations research / Penetration (warfare) / Operations management,328,328,0.7320210979115672,2,0,0.6750068068504333,35,8.293491680388229,False,False,Full source association counts; policy task support and applicant diversity unverified
F0315,314,SCADA / Nacelle / Supervisory control,744,741,0.7227319688886724,3,0,0.6054788629213969,313,2.1198444903325924,False,False,Full source association counts; policy task support and applicant diversity unverified
F0316,315,Automotive engineering / Electric vehicle / Powertrain,7331,7171,0.7032487050050473,11,1,0.6635381850329313,182,35.21904102582679,False,False,Full source association counts; policy task support and applicant diversity unverified
F0317,316,Actuator / Control system / Control engineering,1913,1896,0.6918878415711438,0,0,0.0,165,10.27034993816805,False,False,Full source association counts; policy task support and applicant diversity unverified
F0318,317,Control (management) / Control system / Artificial intelligence,3432,3363,0.7059126750398905,0,0,0.0,519,5.80278223252364,False,False,Full source association counts; policy task support and applicant diversity unverified
F0319,318,Electricity / Electricity market / Electricity generation,247,247,0.7274051940875498,863,26,0.6340679671369311,1399,0.15850125050490652,False,False,Full source association counts; policy task support and applicant diversity unverified
F0320,319,Oxide / Solid oxide fuel cell / Yttria-stabilized zirconia,129,122,0.6966099531151527,0,0,0.0,364,0.3012096965262839,False,False,Full source association counts; policy task support and applicant diversity unverified
F0321,320,Metre / Electricity meter / Smart grid,1064,1040,0.7177964230453161,0,0,0.0,138,6.733218432262615,False,False,Full source association counts; policy task support and applicant diversity unverified
F0322,321,Resistor / Electrical impedance / Metrology,3675,3622,0.7045247827419618,0,0,0.0,178,18.18865419564058,False,False,Full source association counts; policy task support and applicant diversity unverified
F0323,322,Key (lock) / Computer security / Feature (linguistics),72,72,0.701147106786569,6,1,0.6685808201630911,1889,0.03438915485827784,False,False,Full source association counts; policy task support and applicant diversity unverified
F0324,323,Sewage sludge / Sewage / Sewage treatment,10,9,0.6738222658634185,0,0,0.0,241,0.03525631053015218,False,False,Full source association counts; policy task support and applicant diversity unverified
F0325,324,Electronic circuit / Equivalent circuit / Spice,5660,5580,0.689198903586755,0,0,0.0,155,32.16422648882294,False,False,Full source association counts; policy task support and applicant diversity unverified
F0326,325,Welding / Friction stir welding / Arc welding,226,225,0.6637059916964675,0,0,0.0,343,0.5883695619179222,False,False,Full source association counts; policy task support and applicant diversity unverified
F0327,326,Photocatalysis / Catalysis / Chemical engineering,12,10,0.7070009062687556,0,0,0.0,1761,0.00534240790156914,False,False,Full source association counts; policy task support and applicant diversity unverified
F0328,327,Environmental planning / Environmental resource management / Sustainable development,2,2,0.7013852000236511,55,1,0.6502255829897794,23,0.09534601335981804,False,False,Full source association counts; policy task support and applicant diversity unverified
F0329,328,Bioenergy / Productivity / Logging,3,3,0.7005989154179891,0,0,0.0,340,0.009212581026543359,False,False,Full source association counts; policy task support and applicant diversity unverified
F0330,329,Fuzzy logic / Fuzzy control system / Adaptive neuro fuzzy inference system,2,2,0.7173757553100586,0,0,0.0,649,0.0034497787743737085,False,False,Full source association counts; policy task support and applicant diversity unverified
F0331,330,Heteroatom / Ring (chemistry) / Thiophene,20,20,0.6763170003890991,0,0,0.0,373,0.04919190568791683,False,False,Full source association counts; policy task support and applicant diversity unverified
F0332,331,Animal science / Manure / NAK,1,1,0.6976133584976196,1,0,0.6365969181060791,30,0.04407799306142408,False,False,Full source association counts; policy task support and applicant diversity unverified
F0333,332,Diesel fuel / Diesel engine / Biodiesel,71,69,0.682580054645807,3,0,0.6437921126683553,372,0.1672202698737426,False,False,Full source association counts; policy task support and applicant diversity unverified
F0334,333,Brake / Regenerative brake / Dynamic braking,439,435,0.684776831053384,0,0,0.0,129,3.014038416147391,False,False,Full source association counts; policy task support and applicant diversity unverified
F0335,334,Biochar / Soil water / Thermal conductivity,2,2,0.7129946947097778,0,0,0.0,1194,0.0018757901330730211,False,False,Full source association counts; policy task support and applicant diversity unverified
F0336,335,Nanocomposite / Carbon nanotube / Composite material,33,31,0.7111427531097875,0,0,0.0,959,0.029423610792956873,False,False,Full source association counts; policy task support and applicant diversity unverified
F0337,336,Nitrogen / Nitrogen fixation / Nitrogenase,12,12,0.6887870828310648,0,0,0.0,337,0.03319453798452924,False,False,Full source association counts; policy task support and applicant diversity unverified
F0338,337,Amorphous solid / Crystallization / Nucleation,6,6,0.6529243985811869,0,0,0.0,390,0.014918415918783309,False,False,Full source association counts; policy task support and applicant diversity unverified
F0339,338,Thermal stability / Ether / Polymer chemistry,198,195,0.6934954966559554,0,0,0.0,360,0.48603985784004883,False,False,Full source association counts; policy task support and applicant diversity unverified
F0340,339,Ultimate tensile strength / Strain (injury) / Elongation,47,46,0.6760040103121007,0,0,0.0,429,0.09703316051123739,False,False,Full source association counts; policy task support and applicant diversity unverified
F0341,340,Lithium (medication) / Lithium metal / Lithium-ion battery,2960,2901,0.6736458781603221,0,0,0.0,605,4.294759212183341,False,False,Full source association counts; policy task support and applicant diversity unverified
F0342,341,Hydrogen production / Fermentation / Biohydrogen,58,58,0.6901138363213375,0,0,0.0,416,0.12588420827506347,False,False,Full source association counts; policy task support and applicant diversity unverified
F0343,342,Electronics / Power electronics / Triboelectric effect,2605,2572,0.6757745408508462,0,0,0.0,436,5.282038080321741,False,False,Full source association counts; policy task support and applicant diversity unverified
F0344,343,Generator (circuit theory) / Permanent magnet synchronous generator / Induction generator,999,989,0.6915826693669453,0,0,0.0,336,2.6354884816156776,False,False,Full source association counts; policy task support and applicant diversity unverified
F0345,344,Non-blocking I/O / Nickel oxide / Yttria-stabilized zirconia,100,96,0.7075507295131683,0,0,0.0,263,0.3282291032967398,False,False,Full source association counts; policy task support and applicant diversity unverified
F0346,345,Pyrolysis / Biomass (ecology) / Biochar,6,5,0.6730818450450897,0,0,0.0,1178,0.004182765286977168,False,False,Full source association counts; policy task support and applicant diversity unverified
F0347,346,Wireless / Telecommunications / Wireless power transfer,3228,3167,0.7086489105128592,1,0,0.6955665946006775,625,4.538576938100563,False,False,Full source association counts; policy task support and applicant diversity unverified
F0348,347,Cascade / Refrigeration / Scheduling (production processes),4,4,0.7000101059675217,0,0,0.0,409,0.009848928852552633,False,False,Full source association counts; policy task support and applicant diversity unverified
F0349,348,Smart grid / IEC 61850 / Interoperability,480,477,0.7231666274368763,5,0,0.6694597482681275,298,1.4337037888292907,False,False,Full source association counts; policy task support and applicant diversity unverified
F0350,349,Hydropower / Hydroelectricity / Small hydro,385,378,0.6958039958755692,81,2,0.6252159115708904,498,0.6805046758934736,False,False,Full source association counts; policy task support and applicant diversity unverified
F0351,350,Anode / Electrochemistry / Electrode,423,414,0.6805313731198052,0,0,0.0,1278,0.29057228928733597,False,False,Full source association counts; policy task support and applicant diversity unverified
F0352,351,Substitution (logic) / Transition metal / Type (biology),21,21,0.6827248675482613,0,0,0.0,196,0.09806325343521234,False,False,Full source association counts; policy task support and applicant diversity unverified
F0353,352,MATLAB / Control engineering / Simulation,67,67,0.7222103574382726,0,0,0.0,113,0.5330136165357229,False,False,Full source association counts; policy task support and applicant diversity unverified
F0354,353,Sequence (biology) / Zero (linguistics) / Net (polyhedron),21,21,0.6922927725882757,10,0,0.6465187668800354,141,0.13617971236762702,False,False,Full source association counts; policy task support and applicant diversity unverified
F0355,354,Stacking / Period (music) / van der Waals force,48,47,0.6581621853013834,0,0,0.0,597,0.07125020077850838,False,False,Full source association counts; policy task support and applicant diversity unverified
F0356,355,Range (aeronautics) / Extension (predicate logic) / Driving range,12,12,0.7055659492810568,0,0,0.0,470,0.023811172305586863,False,False,Full source association counts; policy task support and applicant diversity unverified
F0357,356,Turbulence / Atmospheric sciences / Meteorology,2,2,0.7203660011291504,0,0,0.0,198,0.01128781518365604,False,False,Full source association counts; policy task support and applicant diversity unverified
F0358,357,Transmittance / Transparency (behavior) / Refractive index,141,138,0.6754335169251083,0,0,0.0,273,0.45386096816507165,False,False,Full source association counts; policy task support and applicant diversity unverified
F0359,358,Distribution (mathematics) / Automation / Process automation system,414,409,0.7165805436850746,0,0,0.0,492,0.7452089527430408,False,False,Full source association counts; policy task support and applicant diversity unverified
F0360,359,Sustainability / Sustainable development / Environmental economics,2,2,0.7515072226524353,82,3,0.6923971379675516,2189,0.0010233529636701183,False,False,Full source association counts; policy task support and applicant diversity unverified
F0361,360,Schottky barrier / Schottky diode / Ohmic contact,9,9,0.6856249504619174,0,0,0.0,306,0.027779442065356447,False,False,Full source association counts; policy task support and applicant diversity unverified
F0362,361,Control reconfiguration / Heuristic / Shading,567,561,0.7401302782736547,0,0,0.0,288,1.7443528357520126,False,False,Full source association counts; policy task support and applicant diversity unverified
F0363,362,Marine engineering / Aerospace engineering / Propulsion,1274,1250,0.6937781719248186,0,0,0.0,223,5.014603057005159,False,False,Full source association counts; policy task support and applicant diversity unverified
F0364,363,Zinc / Wurtzite crystal structure / Metallurgy,196,194,0.6887245968896516,0,0,0.0,611,0.2850713266161166,False,False,Full source association counts; policy task support and applicant diversity unverified
F0365,364,Aeronautics / Engineering / Aerospace engineering,374,370,0.6696875351954271,0,0,0.0,7,44.274874763765105,False,False,Full source association counts; policy task support and applicant diversity unverified
F0366,365,Plasma / Tokamak / Atomic physics,9,9,0.664650128947364,0,0,0.0,872,0.009758623487715473,False,False,Full source association counts; policy task support and applicant diversity unverified
F0367,366,Covalent bond / Carbon nanotube / Covalent organic framework,101,100,0.7111295626895262,0,0,0.0,744,0.1209850622176227,False,False,Full source association counts; policy task support and applicant diversity unverified
F0368,367,Supply chain / Dependency (UML) / Supply chain management,1,1,0.6744314432144165,1,0,0.646818220615387,720,0.0018658969998243363,False,False,Full source association counts; policy task support and applicant diversity unverified
F0369,368,Context (archaeology) / Work (physics) / Subject (documents),0,0,0.0,0,0,0.0,1853,0.00024177300393371718,False,False,Full source association counts; policy task support and applicant diversity unverified
F0370,369,Catalysis / Electrocatalyst / Oxygen evolution,95,94,0.7049385773508172,0,0,0.0,1736,0.04877389212066016,False,False,Full source association counts; policy task support and applicant diversity unverified
F0371,370,Dye-sensitized solar cell / Energy conversion efficiency / Auxiliary electrode,7,6,0.6803694537707737,0,0,0.0,112,0.05178347925586562,False,False,Full source association counts; policy task support and applicant diversity unverified
F0372,371,Aluminium / Metallurgy / Anodizing,45,45,0.689655425813463,0,0,0.0,276,0.1474845928173388,False,False,Full source association counts; policy task support and applicant diversity unverified
F0373,372,Thin film / Annealing (glass) / Sputtering,2,2,0.6595907509326935,0,0,0.0,415,0.0053926144740209965,False,False,Full source association counts; policy task support and applicant diversity unverified
F0374,373,Surface (topology) / Geometry / Morphology (biology),68,65,0.662833406644709,0,0,0.0,378,0.1550978610981241,False,False,Full source association counts; policy task support and applicant diversity unverified
F0375,374,Nucleation / Deformation (meteorology) / Dislocation,2,2,0.6534059643745422,0,0,0.0,494,0.004531104780496913,False,False,Full source association counts; policy task support and applicant diversity unverified
F0376,375,Aquifer / Groundwater / Hydrology (agriculture),14,14,0.6995512076786586,0,0,0.0,384,0.03379885987241404,False,False,Full source association counts; policy task support and applicant diversity unverified
F0377,376,Supercapacitor / Capacitance / Electrode,311,301,0.7101029793932507,0,0,0.0,2516,0.10737935086948551,False,False,Full source association counts; policy task support and applicant diversity unverified
F0378,377,Nuclear engineering / Nuclear physics / Fusion power,274,270,0.6718247663365663,0,0,0.0,8,28.521918608236387,False,False,Full source association counts; policy task support and applicant diversity unverified
F0379,378,Control theory (sociology) / Controller (irrigation) / Control engineering,3473,3443,0.7284200978903821,0,0,0.0,1327,2.3248554213503683,False,False,Full source association counts; policy task support and applicant diversity unverified
F0380,379,Reliability (semiconductor) / Reliability engineering / Engineering,680,673,0.7279015204485725,8,0,0.6679091453552246,491,1.228130368219068,False,False,Full source association counts; policy task support and applicant diversity unverified
F0381,380,Doping / Dopant / Optoelectronics,0,0,0.0,0,0,0.0,286,0.0015641405333024251,False,False,Full source association counts; policy task support and applicant diversity unverified
F0382,381,Graphite / Intercalation (chemistry) / Exfoliation joint,19,19,0.7157729550411827,0,0,0.0,504,0.034642069868889284,False,False,Full source association counts; policy task support and applicant diversity unverified
F0383,382,Radical / Mineralization (soil science) / Hydroxyl radical,1,1,0.6558236479759216,0,0,0.0,373,0.0035994077332622072,False,False,Full source association counts; policy task support and applicant diversity unverified
F0384,383,State (computer science) / Estimation / State of charge,38,38,0.7240137787241685,0,0,0.0,644,0.05353874667946958,False,False,Full source association counts; policy task support and applicant diversity unverified
F0385,384,Charge (physics) / Charge carrier / Chemical physics,540,535,0.663014281127188,0,0,0.0,559,0.8578073770318427,False,False,Full source association counts; policy task support and applicant diversity unverified
F0386,385,Heterojunction / Optoelectronics / van der Waals force,3,3,0.6900533239046732,0,0,0.0,1830,0.0017136759571363088,False,False,Full source association counts; policy task support and applicant diversity unverified
F0387,386,Cellulose / Lignin / Hemicellulose,16,15,0.6677946783602238,0,0,0.0,331,0.0419062266863514,False,False,Full source association counts; policy task support and applicant diversity unverified
F0388,387,Power station / Thermal power station / Combined cycle,387,380,0.6977327507595683,49,2,0.6338168966526888,255,1.3347322347712764,False,False,Full source association counts; policy task support and applicant diversity unverified
F0389,388,Limiting / Current limiting / Fault current limiter,46,45,0.6888883476671965,0,0,0.0,522,0.07804687064879269,False,False,Full source association counts; policy task support and applicant diversity unverified
F0390,389,Magnetic field / Flux (metallurgy) / Magnetohydrodynamics,16,16,0.6402410082519054,0,0,0.0,267,0.05528286606395431,False,False,Full source association counts; policy task support and applicant diversity unverified
F0391,390,Self-healing hydrogels / Chitosan / Polymer chemistry,244,240,0.6906276000816314,0,0,0.0,244,0.8815899075768534,False,False,Full source association counts; policy task support and applicant diversity unverified
F0392,391,Metal / Transition metal / Lithium metal,831,818,0.6813638934016084,0,0,0.0,271,2.701962033845687,False,False,Full source association counts; policy task support and applicant diversity unverified
F0393,392,Surface modification / Biocompatibility / Drug delivery,294,290,0.6984468966114278,0,0,0.0,388,0.6701708074173878,False,False,Full source association counts; policy task support and applicant diversity unverified
F0394,393,Photochemistry / Electron transfer / Conjugated system,28,28,0.6857031200613294,0,0,0.0,51,0.4959844073610728,False,False,Full source association counts; policy task support and applicant diversity unverified
F0395,394,Art / Humanities / Gynecology,4,4,0.615498274564743,2,0,0.54665607213974,3,1.152324675748658,False,False,Full source association counts; policy task support and applicant diversity unverified
F0396,395,Scope (computer science) / Risk analysis (engineering) / Environmental economics,5,5,0.7303460955619812,16,1,0.69245345890522,407,0.01209665985448489,False,False,Full source association counts; policy task support and applicant diversity unverified
F0397,396,Bismuth / Tellurium / Bismuth telluride,0,0,0.0,0,0,0.0,349,0.0012821924543380393,False,False,Full source association counts; policy task support and applicant diversity unverified
F0398,397,Transient (computer programming) / Transient response / Transient analysis,36,36,0.726467682255639,0,0,0.0,1012,0.032309350304941795,False,False,Full source association counts; policy task support and applicant diversity unverified
F0399,398,Climate change / Global warming / Natural resource economics,0,0,0.0,0,0,0.0,993,0.000451058140705732,False,False,Full source association counts; policy task support and applicant diversity unverified
F0400,399,Thyristor / Insulated-gate bipolar transistor / Integrated gate-commutated thyristor,647,641,0.7112431845856597,0,0,0.0,164,3.4951124325899015,False,False,Full source association counts; policy task support and applicant diversity unverified
F0401,400,Measure (data warehouse) / Instrumentation (computer programming) / Data mining,1171,1154,0.7075941968330657,1,0,0.6692376732826233,468,2.20858813401228,False,False,Full source association counts; policy task support and applicant diversity unverified
F0402,401,Partial discharge / High voltage / Voltage,256,252,0.7146130634937435,0,0,0.0,255,0.8857290125617538,False,False,Full source association counts; policy task support and applicant diversity unverified
F0403,402,Coke / Zeolite / Coal,5,5,0.673328697681427,0,0,0.0,304,0.016188469263391108,False,False,Full source association counts; policy task support and applicant diversity unverified
F0404,403,Mineralogy / Carbonate / Geochemistry,14,14,0.6499029014791761,0,0,0.0,129,0.10035259938952278,False,False,Full source association counts; policy task support and applicant diversity unverified
F0405,404,Carbon fibers / Carbon nanotube / Chemical engineering,178,172,0.6980259793528011,0,0,0.0,805,0.19193489840216632,False,False,Full source association counts; policy task support and applicant diversity unverified
F0406,405,Carbonization / Pulp and paper industry / Briquette,406,403,0.6942276584691015,0,0,0.0,395,0.9143815273639794,False,False,Full source association counts; policy task support and applicant diversity unverified
F0407,406,Instability / Magnetohydrodynamics / Two-stream instability,0,0,0.0,0,0,0.0,438,0.0010219527087597371,False,False,Full source association counts; policy task support and applicant diversity unverified
F0408,407,Quantum dot / Nanocrystal / Colloid,10,10,0.679010558128357,0,0,0.0,699,0.013453397453343873,False,False,Full source association counts; policy task support and applicant diversity unverified
F0409,408,Current (fluid) / Electrical engineering / Current density,108,108,0.6921483372096662,0,0,0.0,642,0.15135159381428548,False,False,Full source association counts; policy task support and applicant diversity unverified
F0410,409,Mode (computer interface) / Decomposition / Sliding mode control,185,184,0.7143846605275128,0,0,0.0,378,0.43687870797868544,False,False,Full source association counts; policy task support and applicant diversity unverified
F0411,410,Supercritical fluid / Supercritical carbon dioxide / Supercritical water oxidation,7,7,0.6948071207318988,0,0,0.0,577,0.011639643189380385,False,False,Full source association counts; policy task support and applicant diversity unverified
F0412,411,Hematite / Magnetite / Goethite,1,1,0.6775350570678711,0,0,0.0,196,0.006841622332689233,False,False,Full source association counts; policy task support and applicant diversity unverified
F0413,412,Methanol / Direct methanol fuel cell / Methanol fuel,18,18,0.6942827271090614,0,0,0.0,611,0.027114753431352993,False,False,Full source association counts; policy task support and applicant diversity unverified
F0414,413,Distillation / Membrane distillation / Chromatography,24,24,0.7031318917870522,0,0,0.0,276,0.07941478074779781,False,False,Full source association counts; policy task support and applicant diversity unverified
F0415,414,Artificial intelligence / Machine learning / Data mining,457,447,0.725542353983781,0,0,0.0,391,1.0244521205570232,False,False,Full source association counts; policy task support and applicant diversity unverified
F0416,415,Chemistry / Organic chemistry / Nuclear chemistry,2769,2708,0.6720088447375864,0,0,0.0,0,4854.999931079263,False,False,Full source association counts; policy task support and applicant diversity unverified
F0417,416,European union / International trade / International economics,0,0,0.0,0,0,0.0,298,0.0015012605118631317,False,False,Full source association counts; policy task support and applicant diversity unverified
F0418,417,Process engineering / Exergy / Exergy efficiency,21,21,0.7198387895311628,0,0,0.0,344,0.05593448272864796,False,False,Full source association counts; policy task support and applicant diversity unverified
F0419,418,Diode / OLED / Optoelectronics,26,25,0.6528888253065256,0,0,0.0,367,0.06218895075468948,False,False,Full source association counts; policy task support and applicant diversity unverified
F0420,419,"PEDOT:PSS / Conductive polymer / Poly(3,4-ethylenedioxythiophene)",18,18,0.7099829713503519,0,0,0.0,36,0.4542649787197905,False,False,Full source association counts; policy task support and applicant diversity unverified
F0421,420,Copper / Leaching (pedology) / Metallurgy,637,624,0.6718628225932878,0,0,0.0,582,0.9608750252809267,False,False,Full source association counts; policy task support and applicant diversity unverified
F0422,421,Stability (learning theory) / Margin (machine learning) / Electronic stability control,354,352,0.7347274279527072,0,0,0.0,1170,0.2699094534538719,False,False,Full source association counts; policy task support and applicant diversity unverified
F0423,422,Overheating (electricity) / Electrical engineering / Thermal comfort,6613,6524,0.7023792274867499,0,0,0.0,285,20.481960081126612,False,False,Full source association counts; policy task support and applicant diversity unverified
F0424,423,Dopant / Profiling (computer programming) / Dopant Activation,1,1,0.7327861189842224,0,0,0.0,518,0.00259282312126024,False,False,Full source association counts; policy task support and applicant diversity unverified
F0425,424,Molecule / Perylene / Diimide,56,54,0.6790629784975734,0,0,0.0,199,0.24484091550994874,False,False,Full source association counts; policy task support and applicant diversity unverified
F0426,425,Electron paramagnetic resonance / Nuclear magnetic resonance / Resonance (particle physics),7,7,0.6574275408472333,0,0,0.0,181,0.037035228329846674,False,False,Full source association counts; policy task support and applicant diversity unverified
F0427,426,Thermodynamics / Enthalpy / Atmospheric temperature range,13,12,0.6783786599452679,0,0,0.0,22,0.4979180697679386,False,False,Full source association counts; policy task support and applicant diversity unverified
F0428,427,Transistor / Optoelectronics / Semiconductor,89,89,0.6775144439065055,0,0,0.0,321,0.24950109188060626,False,False,Full source association counts; policy task support and applicant diversity unverified
F0429,428,Visible spectrum / Photochromism / Photochemistry,19,18,0.6997918549336886,0,0,0.0,196,0.08438000876983387,False,False,Full source association counts; policy task support and applicant diversity unverified
F0430,429,Interface (matter) / Embedded system / Computer hardware,3179,3132,0.6918044187580875,0,0,0.0,163,17.171321323464966,False,False,Full source association counts; policy task support and applicant diversity unverified
F0431,430,Agriculture / Agricultural economics / Biofuel,13,13,0.6906319764944223,0,0,0.0,452,0.026739025625106983,False,False,Full source association counts; policy task support and applicant diversity unverified
F0432,431,Heat pump / Heat exchanger / Coefficient of performance,2476,2444,0.7099507300119986,0,0,0.0,659,3.322045942055962,False,False,Full source association counts; policy task support and applicant diversity unverified
F0433,432,Order (exchange) / Finance / Model order reduction,1,1,0.6642314195632935,0,0,0.0,325,0.004130195970425297,False,False,Full source association counts; policy task support and applicant diversity unverified
F0434,433,Volatility (finance) / Stock (firearms) / Monetary economics,0,0,0.0,0,0,0.0,590,0.0007588929090451224,False,False,Full source association counts; policy task support and applicant diversity unverified
F0435,434,Waveform / Time domain / Frequency domain,846,837,0.7227766678688374,0,0,0.0,173,4.326291009655144,False,False,Full source association counts; policy task support and applicant diversity unverified
F0436,435,Evapotranspiration / Mean squared error / Balance (ability),3,3,0.7278548081715902,0,0,0.0,223,0.014035274449834512,False,False,Full source association counts; policy task support and applicant diversity unverified
F0437,436,Insulator (electricity) / Arc flash / Composite material,137,136,0.6750992118877216,0,0,0.0,182,0.6703477794081234,False,False,Full source association counts; policy task support and applicant diversity unverified
F0438,437,Meteorology / Irradiance / Solar irradiance,144,141,0.723775926977396,0,0,0.0,353,0.35875454701525883,False,False,Full source association counts; policy task support and applicant diversity unverified
F0439,438,Husk / Activated carbon / Point of delivery,1,1,0.7072975635528564,0,0,0.0,247,0.005431833488377512,False,False,Full source association counts; policy task support and applicant diversity unverified
F0440,439,Variable (mathematics) / Variable renewable energy / Continuously variable transmission,148,147,0.7266372683885935,0,0,0.0,341,0.38710760621782636,False,False,Full source association counts; policy task support and applicant diversity unverified
F0441,440,Property (philosophy) / Epistemology / Property rights,3,3,0.6680688460667928,0,0,0.0,144,0.021708538681923968,False,False,Full source association counts; policy task support and applicant diversity unverified
F0442,441,Production (economics) / Hydrogen production / Life-cycle assessment,44,44,0.6878545920957219,4,0,0.6810276657342911,1164,0.0342492377745057,False,False,Full source association counts; policy task support and applicant diversity unverified
F0443,442,Nanoparticle / Nanotechnology / Magnetic nanoparticles,51,50,0.6880221144825804,0,0,0.0,468,0.09660779624739727,False,False,Full source association counts; policy task support and applicant diversity unverified
F0444,443,Power factor / Rectifier (neural networks) / Total harmonic distortion,819,805,0.7154255138212071,0,0,0.0,147,4.894450232925656,False,False,Full source association counts; policy task support and applicant diversity unverified
F0445,444,Vacancy defect / Oxygen / Void (composites),0,0,0.0,0,0,0.0,374,0.0011965988325531236,False,False,Full source association counts; policy task support and applicant diversity unverified
F0446,445,Wastewater / Sewage treatment / Environmental engineering,519,510,0.7017945074162272,0,0,0.0,1073,0.4262104464925559,False,False,Full source association counts; policy task support and applicant diversity unverified
F0447,446,Economics / Econometrics / Microeconomics,0,0,0.0,0,0,0.0,14,0.03090525950283757,False,False,Full source association counts; policy task support and applicant diversity unverified
F0448,447,Calcination / Carbonation / Chemical engineering,606,599,0.6887722064559609,0,0,0.0,598,0.8977500235364789,False,False,Full source association counts; policy task support and applicant diversity unverified
F0449,448,Manganese / Manganese oxide / Inorganic chemistry,23,23,0.6986817173335863,0,0,0.0,350,0.06009111084503225,False,False,Full source association counts; policy task support and applicant diversity unverified
F0450,449,Boiler (water heating) / Waste management / Engineering,1256,1241,0.6910671141401977,5,0,0.5704525709152222,200,5.549613518755174,False,False,Full source association counts; policy task support and applicant diversity unverified
F0451,450,Degradation (telecommunications) / Pollutant / Tetracycline,1,1,0.6696194410324097,0,0,0.0,1633,0.0008230050739965927,False,False,Full source association counts; policy task support and applicant diversity unverified
F0452,451,Electric power / Metering mode / Electric energy,1171,1158,0.7136499211383008,27,0,0.6229027377234565,164,6.311906084419954,False,False,Full source association counts; policy task support and applicant diversity unverified
F0453,452,Platinum / Platinum nanoparticles / Rhenium,101,100,0.6919079523275394,0,0,0.0,271,0.33176198460780887,False,False,Full source association counts; policy task support and applicant diversity unverified
F0454,453,Wetting / Contact angle / Superhydrophilicity,79,79,0.689371974407872,0,0,0.0,405,0.1757141203052824,False,False,Full source association counts; policy task support and applicant diversity unverified
F0455,454,Microstructure / Alloy / Metallurgy,3,3,0.6783025860786438,0,0,0.0,504,0.006217807412364744,False,False,Full source association counts; policy task support and applicant diversity unverified
F0456,455,Carbonation / Mineral / Carbon sequestration,50,49,0.6895209443569184,0,0,0.0,606,0.07314839244241275,False,False,Full source association counts; policy task support and applicant diversity unverified
F0457,456,Cluster (spacecraft) / Atom (system on chip) / Nanoclusters,5,5,0.6531678080558777,0,0,0.0,177,0.027771205018042776,False,False,Full source association counts; policy task support and applicant diversity unverified
F0458,457,Solubility / Solvent / Amine gas treating,24,24,0.6807458673914274,0,0,0.0,225,0.09737555155993832,False,False,Full source association counts; policy task support and applicant diversity unverified
F0459,458,Quality (philosophy) / Power quality / Risk analysis (engineering),103,102,0.7301072837079613,9,0,0.6423637270927429,530,0.17316848986274208,False,False,Full source association counts; policy task support and applicant diversity unverified
F0460,459,Boost converter / Forward converter / Flyback converter,1096,1074,0.7265677698989854,0,0,0.0,110,8.715143336997015,False,False,Full source association counts; policy task support and applicant diversity unverified
F0461,460,Lead (geology) / Halide / Lead–acid battery,3,3,0.6432096759478251,0,0,0.0,278,0.011263496730836674,False,False,Full source association counts; policy task support and applicant diversity unverified
F0462,461,Nonlinear system / Linearization / Discretization,74,73,0.7153415438291189,0,0,0.0,843,0.07809669310053145,False,False,Full source association counts; policy task support and applicant diversity unverified
F0463,462,Dielectric / Epoxy / Conductivity,27,26,0.6766690655990883,0,0,0.0,751,0.03160438047628832,False,False,Full source association counts; policy task support and applicant diversity unverified
F0464,463,Transmission (telecommunications) / Power transmission / Transmission system,571,563,0.7013010578898748,0,0,0.0,427,1.1813761360599302,False,False,Full source association counts; policy task support and applicant diversity unverified
F0465,464,Diffraction / Reflection (computer programming) / Breakwater,206,203,0.681484841895335,0,0,0.0,200,0.9096627878104535,False,False,Full source association counts; policy task support and applicant diversity unverified
F0466,465,Ligand (biochemistry) / Reactivity (psychology) / Stereochemistry,16,16,0.6750748045742512,0,0,0.0,180,0.08192890123051401,False,False,Full source association counts; policy task support and applicant diversity unverified
F0467,466,Cavitation / Bubble / Jet (fluid),1,1,0.600986659526825,0,0,0.0,516,0.002602863094624268,False,False,Full source association counts; policy task support and applicant diversity unverified
F0468,467,Volume (thermodynamics) / Microporous material / Activated carbon,48,46,0.6755688041448593,0,0,0.0,275,0.15127311230336285,False,False,Full source association counts; policy task support and applicant diversity unverified
F0469,468,Scalability / Blockchain / Distributed computing,410,403,0.7228924553568771,0,0,0.0,1618,0.22344015698020012,False,False,Full source association counts; policy task support and applicant diversity unverified
F0470,469,Sensitivity (control systems) / Electronic engineering / Parametric statistics,285,281,0.7258295506761785,0,0,0.0,772,0.3265955805196304,False,False,Full source association counts; policy task support and applicant diversity unverified
F0471,470,Electricity generation / Electricity system / Microbial fuel cell,322,308,0.7060471053079048,0,0,0.0,270,1.0221586105069735,False,False,Full source association counts; policy task support and applicant diversity unverified
F0472,471,The Internet / World Wide Web / Internet of Things,236,231,0.6950113397028487,2,0,0.5949539542198181,243,0.8520840232948667,False,False,Full source association counts; policy task support and applicant diversity unverified
F0473,472,Humidity / Relative humidity / Evaporative cooler,174,174,0.7005524385249478,0,0,0.0,456,0.34259817242959373,False,False,Full source association counts; policy task support and applicant diversity unverified
F0474,473,Superconductivity / High-temperature superconductivity / Superconducting magnet,68,67,0.6885897604858174,0,0,0.0,388,0.15571955077684568,False,False,Full source association counts; policy task support and applicant diversity unverified
F0475,474,Computer science / Engineering / Artificial intelligence,673,657,0.6446977781151237,4,0,0.6368374079465866,11,51.242263962639605,False,False,Full source association counts; policy task support and applicant diversity unverified
F0476,475,Torque / Magnet / Rotor (electric),687,674,0.6795801312121762,0,0,0.0,374,1.6142118251141637,False,False,Full source association counts; policy task support and applicant diversity unverified
F0477,476,Aerogel / Thermal insulation / Chemical engineering,22,22,0.6824145804752003,0,0,0.0,499,0.04037173538658961,False,False,Full source association counts; policy task support and applicant diversity unverified
F0478,477,Trapping / Trap (plumbing) / Recombination,1,1,0.6725695133209229,0,0,0.0,207,0.006478933919871973,False,False,Full source association counts; policy task support and applicant diversity unverified
F0479,478,Redox / Electrochromism / Flow battery,683,669,0.6814116518808144,0,0,0.0,1113,0.5388783707924049,False,False,Full source association counts; policy task support and applicant diversity unverified
F0480,479,Forensic engineering / Damages / Construction engineering,7752,7651,0.6649128986893547,92,2,0.5868348408004512,7,914.3568265990518,False,False,Full source association counts; policy task support and applicant diversity unverified
F0481,480,Geography / Meteorology / Forestry,1,1,0.5419087409973145,12,4,0.5926850984493891,1,0.8962525255822895,False,False,Full source association counts; policy task support and applicant diversity unverified
F0482,481,Energy storage / Thermal energy storage / Electrochemical energy storage,2857,2802,0.7044623686293434,13,1,0.6791055477582492,1066,2.355131460801094,False,False,Full source association counts; policy task support and applicant diversity unverified
F0483,482,Robustness (evolution) / Robust control / Sliding mode control,669,661,0.7390804542910714,0,0,0.0,2921,0.2029337825338643,False,False,Full source association counts; policy task support and applicant diversity unverified
F0484,483,Sulfur / Polysulfide / Lithium–sulfur battery,127,123,0.68844391558114,0,0,0.0,517,0.21388828388292322,False,False,Full source association counts; policy task support and applicant diversity unverified
F0485,484,Model predictive control / Horizon / Time horizon,173,170,0.7506979841717406,0,0,0.0,832,0.18355682355769412,False,False,Full source association counts; policy task support and applicant diversity unverified
F0486,485,Solar chimney / Chimney (locomotive) / Ventilation (architecture),61,61,0.6723861283943301,0,0,0.0,201,0.27354605619509087,False,False,Full source association counts; policy task support and applicant diversity unverified
F0487,486,X-ray photoelectron spectroscopy / Raman spectroscopy / Spectroscopy,1,1,0.6600483655929565,0,0,0.0,382,0.003514715786597214,False,False,Full source association counts; policy task support and applicant diversity unverified
F0488,487,Die (integrated circuit) / Silicon carbide / Operating system,73,72,0.6705683943343489,0,0,0.0,159,0.40738751162831344,False,False,Full source association counts; policy task support and applicant diversity unverified
F0489,488,Traction (geology) / Automotive engineering / Traction motor,3403,3345,0.6842270528713185,0,0,0.0,215,13.913748604805335,False,False,Full source association counts; policy task support and applicant diversity unverified
F0490,489,Gasoline / Petroleum / Waste management,79,76,0.6768177732636657,241,6,0.6104736496304081,193,0.35433239383485865,False,False,Full source association counts; policy task support and applicant diversity unverified
F0491,490,Tracking (education) / Point (geometry) / Trajectory,1077,1057,0.69180090563543,0,0,0.0,364,2.6002388087881236,False,False,Full source association counts; policy task support and applicant diversity unverified
F0492,491,Space (punctuation) / Space charge / Aerospace engineering,53,53,0.6726092291328142,0,0,0.0,218,0.21944855889543474,False,False,Full source association counts; policy task support and applicant diversity unverified
F0493,492,Pipeline (software) / Petroleum engineering / Pipeline transport,127,125,0.6761491575579005,71,0,0.6102434833284834,400,0.2808481696893317,False,False,Full source association counts; policy task support and applicant diversity unverified
F0494,493,Combinatorial chemistry / Organic chemistry / Amine gas treating,1080,1063,0.6858422038731752,0,0,0.0,20,46.49583224179341,False,False,Full source association counts; policy task support and applicant diversity unverified
F0495,494,Electric power system / Phasor / Phasor measurement unit,1429,1415,0.7381831387108735,0,0,0.0,507,2.4997939900723765,False,False,Full source association counts; policy task support and applicant diversity unverified
F0496,495,Photoluminescence / Luminescence / Phosphor,2,2,0.7079793214797974,0,0,0.0,685,0.003268608773093689,False,False,Full source association counts; policy task support and applicant diversity unverified
F0497,496,Raw material / Pellets / Pellet,87,85,0.6805866956710815,0,0,0.0,589,0.1299908243210954,False,False,Full source association counts; policy task support and applicant diversity unverified
F0498,497,Rational design / Nanostructure / Sustainable energy,19,18,0.6956338505995902,0,0,0.0,534,0.031020901259630224,False,False,Full source association counts; policy task support and applicant diversity unverified
F0499,498,Leakage (economics) / Carbon leakage / Petroleum engineering,261,257,0.6819856148569977,0,0,0.0,469,0.4915548995472621,False,False,Full source association counts; policy task support and applicant diversity unverified
F0500,499,Composite number / Composite material / Tribology,1402,1386,0.695138348109712,0,0,0.0,571,2.174372925144085,False,False,Full source association counts; policy task support and applicant diversity unverified
