category_id,name,domain,status,analysis_scope,admissible_pool,direct_energy,year0_papers,year0_denominator,year0_share,year1_papers,year1_denominator,year1_share,year2_papers,year2_denominator,year2_share,year3_papers,year3_denominator,year3_share,year4_papers,year4_denominator,year4_share,recent_papers,previous_papers,share_growth_ratio,baseline_years_used,baseline_papers,baseline_annual_mean_papers,baseline_mean_share,multiyear_share_ratio,historical_peak_ratio,three_year_log_share_slope,growing_quarters,active_quarters,core_years,core_papers,core_mean_annual_share,core_active_quarters,core_active_years,core_persistence,recent_institutions,core_institutions,baseline_mean_institutions,institution_expansion,citation_cohort_percentile,pooled_baseline_share,pooled_share_ratio,share_ratio_lower95,growth_count_pvalue,growth_count_qvalue,core_score,emerging_score,core_eligible,emerging_eligible,trajectory,end_quarter,core_numeric_candidate,core_failed_gates,core_rank,core_scope_approved,emerging_numeric_candidate,emerging_failed_gates,emerging_rank,emerging_scope_approved,review_status
F0001,Porosity / Porous medium / Composite material,待主题范围审阅,全量NMF关键词主题,待主题范围审阅,True,False,1468,415258,0.0035342279811700376,1062,336992,0.003150556573617758,778,294811,0.00263843747564063,611,259802,0.0023514527863658036,622,242777,0.002561443790196151,1468,1062,1.1217789297183491,3,2451,817.0,0.0027134822785413967,1.3024695274847433,1.1217789297183491,0.14615400298419567,2,4,3,3308,0.0031077406768094755,12,3,1.0,1760,2754,1062.3333333333333,1.656112852664577,0.49856912561031896,0.002748765214076279,1.2857511303880906,1.205225436720217,9.819741825789272e-15,4.7210297239371504e-14,84.43,67.75999999999999,False,False,平稳或增长证据不足,2026Q2,True,,62,False,False,recent_growth | quarters,162,False,full-corpus numeric candidates; new taxonomy scope review pending
F0002,Acceleration / Classical mechanics / Vibration,待主题范围审阅,全量NMF关键词主题,待主题范围审阅,True,False,476,415258,0.0011467889908256881,202,336992,0.0006004590175600903,191,294811,0.0006490183385808358,190,259802,0.0007325457985326012,188,242777,0.0007756339830553807,476,202,1.9098538905878357,3,583,194.33333333333334,0.0006606743848911758,1.7357854596021363,1.4785182391161513,0.28463008053866323,4,4,3,869,0.0007987554489888715,12,3,1.0,554,1004,322.0,1.7182662538699691,0.28122751271902885,0.0006542543350656777,1.7528183297563737,1.5530255161484696,1.6209087855880584e-20,9.209709009023058e-20,33.17,88.94,False,False,多年背景上持续抬升,2026Q2,True,,410,False,True,,54,False,full-corpus numeric candidates; new taxonomy scope review pending
F0003,Nanosheet / Phosphorene / Anisotropy,待主题范围审阅,全量NMF关键词主题,待主题范围审阅,True,False,718,415258,0.0017292085832282412,601,336992,0.0017835856743821945,801,294811,0.002716387458864438,876,259802,0.0033704797502038053,865,242777,0.0035613326914293473,718,601,0.9695124871572045,3,2278,759.3333333333334,0.0026234842944834794,0.6591267143715429,0.4855509813474405,-0.22581950996337863,2,4,3,2120,0.0020763939054916246,12,3,1.0,1062,1853,896.0,1.185061315496098,0.5916676599692999,0.002554787493482685,0.6768502615734137,0.6224036136289341,1.0,1.0,75.52000000000001,32.09,False,False,近期份额下降,2026Q2,True,,121,False,False,multiyear | recent_growth | quarters | trend | peak | lower95 | qvalue,346,False,full-corpus numeric candidates; new taxonomy scope review pending
F0004,Radiation / Optics / Tilt (camera),待主题范围审阅,全量NMF关键词主题,待主题范围审阅,True,False,390,415258,0.0009398134331950287,409,336992,0.0012142615688437383,327,294811,0.0011099399785129177,290,259802,0.0011170842754526019,272,242777,0.0011212745908890781,390,409,0.7739793939867103,3,1026,342.0,0.0011470952742697526,0.8192984961892719,0.7739793939867103,-0.08318991959589805,1,4,3,1126,0.0010880049935172282,12,3,1.0,606,1440,571.6666666666666,1.059953434225844,0.30625377405017956,0.001150971850805344,0.8165390252919166,0.7267199213606232,0.9996900859444455,1.0,42.559999999999995,30.95,False,False,近期份额下降,2026Q2,False,current_share,354,False,False,multiyear | recent_growth | quarters | trend | peak | lower95 | qvalue,352,False,full-corpus numeric candidates; new taxonomy scope review pending
F0005,Risk analysis (engineering) / Interdependence / Critical infrastructure,待主题范围审阅,全量NMF关键词主题,待主题范围审阅,True,False,164,415258,0.00039590092128190073,149,336992,0.00044330184259374576,125,294811,0.0004253357780255608,100,259802,0.0003864611693046006,115,242777,0.00047525583577133403,164,149,0.8930730334110418,3,374,124.66666666666667,0.00041836626330796906,0.9463022141210964,0.8330269540811818,-0.03585747088132063,2,4,3,438,0.0004215128473004024,8,1,0.6666666666666666,226,643,246.66666666666666,0.9165545087483177,0.38190985564259794,0.00041991130845260723,0.9428203368487839,0.7848890277817345,0.7401206926120203,1.0,22.139999999999997,39.949999999999996,False,False,近期份额下降,2026Q2,False,annual_volume | active_years | persistence | current_volume,472,False,False,multiyear | recent_growth | quarters | trend | peak | lower95 | qvalue,306,False,full-corpus numeric candidates; new taxonomy scope review pending
F0006,DC motor / Electric motor / Commutation,待主题范围审阅,全量NMF关键词主题,待主题范围审阅,True,False,187,415258,0.00045125484948544916,160,336992,0.0004759193694735531,134,294811,0.0004558379453740074,105,259802,0.00040568809315060065,121,242777,0.0004999444506165982,187,160,0.948175002804809,3,399,133.0,0.00044581513599938706,1.0122017245418728,0.9026099778263394,-0.00505255351382905,1,4,3,481,0.00046100405477766986,11,2,0.9166666666666666,190,501,160.66666666666666,1.1814432989690722,0.2224039115701369,0.0004479427709661324,1.0073939769407891,0.846927772641074,0.47179025588381357,0.9287209761492393,19.299999999999997,43.46,False,False,近期份额下降,2026Q2,False,annual_volume | active_years | current_volume,478,False,False,multiyear | recent_growth | quarters | trend | peak | lower95 | qvalue,291,False,full-corpus numeric candidates; new taxonomy scope review pending
F0007,MXenes / Carbide / Nitride,待主题范围审阅,全量NMF关键词主题,待主题范围审阅,True,False,1028,415258,0.0024752832677108504,734,336992,0.002177961226656229,880,294811,0.0029841287055896917,888,259802,0.0034166243674342055,708,242777,0.0029153139363116034,1028,734,1.1365139275280363,3,2502,834.0,0.0028595714332267084,0.8656133709231276,0.7244821208044367,-0.09347648611973947,3,4,3,2642,0.002545791066652257,12,3,1.0,1581,2494,1166.0,1.3556126820908312,0.6911392046152042,0.0028059493976038707,0.8821553481415626,0.8203832940634138,0.9996510960691516,1.0,85.32000000000002,46.669999999999995,False,False,历史峰值以下的恢复或波动,2026Q2,True,,60,False,False,multiyear | recent_growth | trend | peak | lower95 | qvalue,272,False,full-corpus numeric candidates; new taxonomy scope review pending
F0008,Solar cell / Optoelectronics / CZTS,待主题范围审阅,全量NMF关键词主题,待主题范围审阅,True,False,376,415258,0.0009061197377667818,564,336992,0.0016738721748773878,554,294811,0.0018792724216348483,535,259802,0.0020592035439066033,549,242777,0.0022610656429121042,376,564,0.5413315015127459,3,1653,551.0,0.0018707827134729464,0.4843532769685737,0.40074897454094216,-0.3647342564733518,0,4,3,1494,0.0014864214447596726,12,3,1.0,631,1589,796.3333333333334,0.7926421404682273,0.4413210481441934,0.0018540009306445555,0.48873747730631584,0.43698656390133794,1.0,1.0,57.489999999999995,13.639999999999999,False,False,近期份额下降,2026Q2,False,current_share,249,False,False,multiyear | recent_growth | quarters | trend | peak | lower95 | qvalue,431,False,full-corpus numeric candidates; new taxonomy scope review pending
F0009,Electromagnetic coil / Inductance / Wireless power transfer,待主题范围审阅,全量NMF关键词主题,待主题范围审阅,True,False,789,415258,0.0019000837529000645,366,336992,0.0010867566910408549,528,294811,0.0017911550492948915,614,259802,0.0023629889406734036,554,242777,0.0022816394886164913,789,366,1.748398485663093,3,1508,502.6666666666667,0.0017469668936697165,1.087647258677414,0.804101839071062,0.029518637494587274,4,4,3,1683,0.001592665164411937,12,3,1.0,805,1354,545.6666666666666,1.4743902439024392,0.30103982185594313,0.0016914184480661095,1.1233670503431799,1.030696299139593,0.0040023928215345865,0.01026254569624253,51.74000000000001,68.33,False,False,历史峰值以下的恢复或波动,2026Q2,True,,289,False,False,multiyear | peak | lower95,157,False,full-corpus numeric candidates; new taxonomy scope review pending
F0010,Simple (philosophy) / Applied mathematics / Mathematical analysis,待主题范围审阅,全量NMF关键词主题,待主题范围审阅,True,False,234,415258,0.0005643693984231351,281,336992,0.0008347121651514342,143,294811,0.000486340112722454,85,259802,0.0003287803977666005,109,242777,0.00045056722092606994,234,281,0.6761245636341561,3,509,169.66666666666666,0.0005499442252134963,1.026230247629273,0.6761245636341561,0.07440039964521405,0,4,3,658,0.0006284738920990078,10,2,0.8333333333333334,310,915,295.0,1.0506756756756757,0.3212809681250904,0.0005712812060256431,0.9879012165469385,0.8463349686653401,0.5654058362410462,1.0,26.729999999999997,39.97,False,False,近期份额下降,2026Q2,False,annual_volume | active_years | current_volume | current_share,451,False,False,multiyear | recent_growth | quarters | peak | lower95 | qvalue,304,False,full-corpus numeric candidates; new taxonomy scope review pending
F0011,Metallurgy / Vanadium / Slag (welding),待主题范围审阅,全量NMF关键词主题,待主题范围审阅,True,False,221,415258,0.0005330823955254772,413,336992,0.001226122487709123,304,294811,0.0010319899952891097,260,259802,0.0010017227323766017,255,242777,0.0010513235154941633,221,413,0.43477091470810875,3,977,325.6666666666667,0.0010866117384582782,0.49059141978516885,0.43477091470810875,-0.3302841255304956,0,4,3,938,0.0009303982928412366,12,3,1.0,328,1074,461.6666666666667,0.7110951008645533,0.5067382904147676,0.0010960301842788346,0.48637565203209665,0.42036634307568865,1.0,1.0,46.970000000000006,12.889999999999999,False,False,近期份额下降,2026Q2,False,current_volume | current_share,328,False,False,multiyear | recent_growth | quarters | trend | peak | lower95 | qvalue,435,False,full-corpus numeric candidates; new taxonomy scope review pending
F0012,History / Ancient history / Archaeology,待主题范围审阅,全量NMF关键词主题,待主题范围审阅,True,False,34,415258,8.303089230532264e-05,156,336992,0.0004640584506081686,163,294811,0.0005541227068301131,140,259802,0.0005402765600726008,126,242777,0.0005205182963209849,34,156,0.17892334941106466,3,459,153.0,0.0005194859058369609,0.15983281042350675,0.1498420679785982,-0.9490867098481117,0,0,3,353,0.00036707068324786816,7,2,0.5833333333333334,26,312,160.0,0.16770186335403728,0.10926515716895725,0.0005152182809985928,0.1611567278715202,0.11402120203432085,1.0,1.0,10.870000000000001,2.76,False,False,近期份额下降,2026Q2,False,annual_volume | active_years | persistence | current_volume | current_share,487,False,False,volume | multiyear | recent_growth | quarters | trend | peak | lower95 | qvalue,488,False,full-corpus numeric candidates; new taxonomy scope review pending
F0013,Fabrication / Nanotechnology / Optoelectronics,待主题范围审阅,全量NMF关键词主题,待主题范围审阅,True,False,1415,415258,0.0034066732770488173,1083,336992,0.0032128263976610267,717,294811,0.00243170056361227,555,259802,0.0021361112392906034,537,242777,0.002211688413221576,1415,1083,1.0603353108430986,3,2355,785.0,0.0025935460668546333,1.3135194784414674,1.0603353108430986,0.16857270176097394,3,4,3,3215,0.0030170667461073713,12,3,1.0,1852,2892,1067.0,1.7350187265917603,0.46765412569081916,0.0026411243980243426,1.2898571834015593,1.2075771016786956,1.4334404973693836e-14,6.761511780044263e-14,82.39000000000001,70.03999999999999,False,False,平稳或增长证据不足,2026Q2,True,,76,False,False,recent_growth,147,False,full-corpus numeric candidates; new taxonomy scope review pending
F0014,Dielectric spectroscopy / Cyclic voltammetry / Electrical impedance,待主题范围审阅,全量NMF关键词主题,待主题范围审阅,True,False,971,415258,0.0023381017934672736,322,336992,0.0009562865835216254,744,294811,0.00252320706565761,786,259802,0.003024395120975805,752,242777,0.003096363778510207,971,322,2.4449802326588848,3,1852,617.3333333333334,0.0021679629233850133,1.0784786807223663,0.7551121123733835,-0.03809566835139977,4,4,3,2037,0.0019391984808821696,12,3,1.0,1454,2297,936.0,1.5528281750266808,0.5053386894148232,0.002077131372252216,1.125639824568289,1.041551242782548,0.0013766824931075662,0.0037409850356183868,74.50000000000001,68.47,False,False,历史峰值以下的恢复或波动,2026Q2,True,,130,False,False,multiyear | trend | peak | lower95,156,False,full-corpus numeric candidates; new taxonomy scope review pending
F0015,Astrobiology / Earth (classical element) / Astronomy,待主题范围审阅,全量NMF关键词主题,待主题范围审阅,True,False,84,415258,0.00020336551883477574,371,336992,0.0011015828396225855,234,294811,0.0007947509159123029,147,259802,0.0005671942534570009,163,242777,0.0006727647545334469,84,371,0.18461209771972395,3,752,250.66666666666666,0.0008211760029972964,0.24765156080120534,0.18461209771972395,-0.6815119034597177,0,1,3,689,0.0006998997581232213,9,2,0.75,155,1020,405.6666666666667,0.3836065573770492,0.30401903402834207,0.0008437470216571079,0.2410266508975268,0.19248814630089725,1.0,1.0,24.95,6.25,False,False,近期份额下降,2026Q2,False,annual_volume | active_years | current_volume | current_share,454,False,False,volume | multiyear | recent_growth | quarters | trend | peak | lower95 | qvalue,465,False,full-corpus numeric candidates; new taxonomy scope review pending
F0016,Carbon dioxide / Methane / Hydrate,待主题范围审阅,全量NMF关键词主题,待主题范围审阅,True,False,1214,415258,0.002922928078400416,1094,336992,0.0032454439245408343,852,294811,0.002889233073838969,664,259802,0.002555258179133404,530,242777,0.0021828850292354347,1214,1094,0.9006250443270105,3,2610,870.0,0.002896645059171069,1.0090736071187363,0.9006250443270105,0.005797392944162372,1,4,3,3160,0.003019201692260073,12,3,1.0,1694,2936,1110.3333333333333,1.5251949610077986,0.46028961794144774,0.0029270453156622993,0.9985933811000969,0.9328729155786181,0.5150199460616796,0.9942470001190725,81.97000000000001,46.160000000000004,False,False,近期份额下降,2026Q2,True,,78,False,False,multiyear | recent_growth | quarters | peak | lower95 | qvalue,276,False,full-corpus numeric candidates; new taxonomy scope review pending
F0017,Position (finance) / Rotor (electric) / Finance,待主题范围审阅,全量NMF关键词主题,待主题范围审阅,True,False,517,415258,0.0012454633845798396,208,336992,0.0006182503958581671,185,294811,0.0006286835603485381,213,259802,0.0008209896482242014,190,242777,0.0007838635213371353,517,208,2.014496703800836,3,606,202.0,0.0006893078681436355,1.8068318122263394,1.517026904387618,0.34181744484790233,4,4,3,910,0.000830799113595515,12,3,1.0,562,972,287.6666666666667,1.9503464203233256,0.23654487219230674,0.0006800432805781209,1.8314472330658742,1.6287525629342314,4.835989757481138e-25,3.2675606469467153e-24,32.38999999999999,91.41,False,False,多年背景上持续抬升,2026Q2,True,,414,False,True,,38,False,full-corpus numeric candidates; new taxonomy scope review pending
F0018,Tube (container) / Heat exchanger / Shell and tube heat exchanger,待主题范围审阅,全量NMF关键词主题,待主题范围审阅,True,False,378,415258,0.00091093312282796,489,336992,0.0014514799461514283,370,294811,0.0012556725558443846,289,259802,0.0011132388906834017,264,242777,0.0010883564377620594,378,489,0.6275891893947843,3,1148,382.6666666666667,0.0012734637975597384,0.7153192140785831,0.6275891893947843,-0.16047856262743387,0,4,3,1237,0.0012060285416079244,12,3,1.0,488,1230,520.3333333333334,0.9379795396419437,0.4083325165514784,0.0012877653878713468,0.7073750633519637,0.6297957306824872,0.9999999979516199,1.0,48.660000000000004,22.150000000000002,False,False,近期份额下降,2026Q2,False,current_share,314,False,False,multiyear | recent_growth | quarters | trend | peak | lower95 | qvalue,387,False,full-corpus numeric candidates; new taxonomy scope review pending
F0019,Membrane / Chemical engineering / Permeation,待主题范围审阅,全量NMF关键词主题,待主题范围审阅,True,False,2586,415258,0.006224910230368609,2361,336992,0.007002389975151375,2239,294811,0.007589955975205127,2087,259802,0.008027240705705013,1925,242777,0.00792298798075934,2586,2361,0.8889693736650309,3,6687,2229.0,0.007539862218687171,0.8255999976949818,0.7754732240612299,-0.09913338480000755,1,4,3,7186,0.006939085393575037,12,3,1.0,2120,3490,1765.6666666666667,1.200566037735849,0.5387490619138369,0.007498416222367986,0.8301633365989377,0.7933294694619843,0.9999999999999997,1.0,94.77,33.75,False,False,近期份额下降,2026Q2,True,,13,False,False,multiyear | recent_growth | quarters | trend | peak | lower95 | qvalue,337,False,full-corpus numeric candidates; new taxonomy scope review pending
F0020,Zirconium / Zirconium alloy / Cubic zirconia,待主题范围审阅,全量NMF关键词主题,待主题范围审阅,True,False,240,415258,0.0005788095536066694,314,336992,0.0009325647457908565,350,294811,0.0011878899617367255,294,259802,0.0011324658145294019,301,242777,0.0012406028959745213,240,314,0.6206642018359949,3,958,319.3333333333333,0.0010843068406856612,0.5338060518373741,0.46655505600122077,-0.35948018516252933,0,4,3,904,0.0008997547537114171,12,3,1.0,428,1216,552.3333333333334,0.775301204819277,0.4499419390585219,0.0010747262727685554,0.5385646264286658,0.46757146903076174,1.0,1.0,43.900000000000006,15.22,False,False,近期份额下降,2026Q2,False,current_volume | current_share,351,False,False,multiyear | recent_growth | quarters | trend | peak | lower95 | qvalue,422,False,full-corpus numeric candidates; new taxonomy scope review pending
F0021,Phase (matter) / Phase change / Phase-change material,待主题范围审阅,全量NMF关键词主题,待主题范围审阅,True,False,778,415258,0.0018736101350635848,816,336992,0.0024211100633966115,471,294811,0.001597974656088063,307,259802,0.001182455816529002,278,242777,0.0011459632057343424,778,816,0.7738640896131211,3,1594,531.3333333333334,0.0017338468453378922,1.080608786238242,0.7738640896131211,0.07956506790215556,0,4,3,2065,0.001964231618182753,12,3,1.0,1162,2137,759.3333333333334,1.529592284085927,0.37271782286338523,0.001787846679112636,1.0479702521211247,0.9619032970530961,0.1418013720926709,0.306929376823963,65.67,46.83,False,False,近期份额下降,2026Q2,False,current_share,200,False,False,multiyear | recent_growth | quarters | peak | lower95 | qvalue,271,False,full-corpus numeric candidates; new taxonomy scope review pending
F0022,Business / Environmental economics / Economics,待主题范围审阅,全量NMF关键词主题,待主题范围审阅,True,False,327,415258,0.0007881918037679178,1844,336992,0.005469366211800429,1351,294811,0.004580408796825064,574,259802,0.0022091735499054034,641,242777,0.0026396244038728207,327,1844,0.14411026309910552,3,3769,1256.3333333333333,0.004086316186176966,0.19288566225838885,0.14411026309910552,-0.8799010320187128,0,1,3,3522,0.003612655604131137,9,3,0.75,533,3053,1314.3333333333333,0.40598073998986317,0.2536382137768883,0.004226583917789327,0.18648436162606083,0.16657322668140995,1.0,1.0,64.56,3.4999999999999996,False,False,近期份额下降,2026Q2,False,current_share,206,False,False,multiyear | recent_growth | quarters | trend | peak | lower95 | qvalue,483,False,full-corpus numeric candidates; new taxonomy scope review pending
F0023,Architectural engineering / Efficient energy use / Air conditioning,待主题范围审阅,全量NMF关键词主题,待主题范围审阅,True,False,415,415258,0.0009999807464597553,564,336992,0.0016738721748773878,442,294811,0.0014996898946319575,301,259802,0.0011593835079138019,349,242777,0.0014381118147366342,415,564,0.5974056809523132,3,1307,435.6666666666667,0.0014443151924743824,0.6923563164537521,0.5974056809523132,-0.20263880177435567,0,4,3,1421,0.0013911809386563667,12,3,1.0,611,1570,607.6666666666666,1.005476451259584,0.43409831794555775,0.001466045489457367,0.6820939415937782,0.6108105802238698,0.9999999999961801,1.0,56.60999999999999,21.049999999999997,False,False,近期份额下降,2026Q2,False,current_share,254,False,False,multiyear | recent_growth | quarters | trend | peak | lower95 | qvalue,396,False,full-corpus numeric candidates; new taxonomy scope review pending
F0024,Biology / Biomass (ecology) / Bacteria,待主题范围审阅,全量NMF关键词主题,待主题范围审阅,True,False,593,415258,0.0014283720169046084,1123,336992,0.003331435586314872,1044,294811,0.003539945977272496,958,259802,0.0036858013012782058,981,242777,0.00403864591177112,593,1123,0.4287557060302127,3,3125,1041.6666666666667,0.003519060954955191,0.4058957873103384,0.35367597162738285,-0.4537880601715636,0,4,3,2760,0.0027665845268306584,12,3,1.0,1266,3594,1788.0,0.7082168809390721,0.4454996234151057,0.003504493443440918,0.4075830187606653,0.37333798947884334,1.0,1.0,77.79,11.49,False,False,近期份额下降,2026Q2,False,current_share,103,False,False,multiyear | recent_growth | quarters | trend | peak | lower95 | qvalue,439,False,full-corpus numeric candidates; new taxonomy scope review pending
F0025,Grid / Smart grid / Power grid,待主题范围审阅,全量NMF关键词主题,待主题范围审阅,True,False,1240,415258,0.0029855020841957317,1294,336992,0.003838489867810059,806,294811,0.002733333107391353,518,259802,0.001993832002830203,521,242777,0.0021458521069675387,1240,1294,0.7777803737955481,3,2618,872.6666666666666,0.002855218326010539,1.0456300511237024,0.7777803737955481,0.04412307608518118,1,4,3,3340,0.003185775019799048,12,3,1.0,1081,2341,915.6666666666666,1.1803636363636365,0.34234325590432557,0.0029360153836666273,1.016855054917084,0.9504286635964536,0.312508644693686,0.6430219026619053,74.12,44.2,False,False,近期份额下降,2026Q2,False,current_share,131,False,False,multiyear | recent_growth | quarters | peak | lower95 | qvalue,286,False,full-corpus numeric candidates; new taxonomy scope review pending
F0026,Maximum power point tracking / Maximum power principle / Grid-connected photovoltaic power system,待主题范围审阅,全量NMF关键词主题,待主题范围审阅,True,False,871,415258,0.0020974325404083676,455,336992,0.0013506621357956602,656,294811,0.0022249636515839096,887,259802,0.0034127789826650053,831,242777,0.0034214305406395176,871,455,1.5528920851644317,3,1998,666.0,0.002329468256681525,0.9003911233357148,0.6130279470809673,-0.029513291089502403,3,4,3,1982,0.001891019442595979,12,3,1.0,856,1552,776.0,1.102960102960103,0.3520048831732929,0.002240835113331203,0.9360048528025542,0.8644190330849375,0.9485497125314765,1.0,60.30000000000001,51.449999999999996,False,False,历史峰值以下的恢复或波动,2026Q2,True,,232,False,False,multiyear | trend | peak | lower95 | qvalue,247,False,full-corpus numeric candidates; new taxonomy scope review pending
F0027,Dehydrogenation / Formic acid / Ammonia borane,待主题范围审阅,全量NMF关键词主题,待主题范围审阅,True,False,787,415258,0.0018952703678388864,425,336992,0.0012617052443052764,528,294811,0.0017911550492948915,573,259802,0.0022053281651362036,515,242777,0.0021211634921222745,787,425,1.5021498693083941,3,1526,508.6666666666667,0.001752729486245457,1.081325089075079,0.8594051433256112,0.028250405996633088,3,4,3,1740,0.0016493768871463515,12,3,1.0,885,1402,646.3333333333334,1.368692070030896,0.5640750594675948,0.0017116011010758474,1.1073084532649526,1.0160667676249757,0.010007703399860072,0.024528684803578605,67.54,61.75999999999999,False,False,历史峰值以下的恢复或波动,2026Q2,True,,185,False,False,multiyear | peak | lower95,195,False,full-corpus numeric candidates; new taxonomy scope review pending
F0028,Roof / Civil engineering / Thermal comfort,待主题范围审阅,全量NMF关键词主题,待主题范围审阅,True,False,434,415258,0.0010457079045409475,136,336992,0.0004047538562812461,187,294811,0.000635461819759304,198,259802,0.0007633088766862013,195,242777,0.0008044373670415221,434,136,2.5835650193640896,3,521,173.66666666666666,0.0006011748509089171,1.7394405354115199,1.2999245775799122,0.2490486729493755,3,4,3,757,0.0006953078601938325,11,2,0.9166666666666666,560,954,278.6666666666667,2.00595947556615,0.35816034481440706,0.0005847363080321353,1.7883409840927453,1.5745637233935754,5.616214037408348e-20,3.1201189096713043e-19,33.39,88.55,False,False,多年背景上持续抬升,2026Q2,False,active_years,408,False,True,,55,False,full-corpus numeric candidates; new taxonomy scope review pending
F0029,Overpotential / Tafel equation / Oxygen evolution,待主题范围审阅,全量NMF关键词主题,待主题范围审阅,True,False,3543,415258,0.008528114982142341,1004,336992,0.002978573250069683,2519,294811,0.008538912292712354,2901,259802,0.011157383907833818,2647,242777,0.010893851300472787,3543,1004,2.8631543581957666,3,6424,2141.3333333333335,0.007558289816871951,1.1283127782564653,0.7643471850201896,-0.0006326416332860241,4,4,3,7066,0.0066818668416414595,12,3,1.0,2659,3466,1572.3333333333333,1.690677966101695,0.5983851229747065,0.007203525236725701,1.1838807669699678,1.1363081886839146,2.3452196903594946e-16,1.2343261528207865e-15,96.91000000000001,73.29,False,False,历史峰值以下的恢复或波动,2026Q2,True,,7,False,False,multiyear | trend | peak,132,False,full-corpus numeric candidates; new taxonomy scope review pending
F0030,Forestry / Agroforestry / Thinning,待主题范围审阅,全量NMF关键词主题,待主题范围审阅,True,False,89,415258,0.00021539898148772107,326,336992,0.00096814750238701,335,294811,0.0011370530161559813,282,259802,0.0010863211972990017,284,242777,0.0011706518205796064,89,326,0.22248570693685152,3,943,314.3333333333333,0.001063840571947331,0.20247299000210073,0.1839991854974214,-0.8318515422635788,0,2,3,750,0.0007735331666769042,10,2,0.8333333333333334,157,858,406.3333333333333,0.3878887070376432,0.20823624659223022,0.0010579073952604403,0.2036085412132819,0.16392630440621672,1.0,1.0,23.810000000000002,4.91,False,False,近期份额下降,2026Q2,False,active_years | current_volume | current_share,461,False,False,volume | multiyear | recent_growth | quarters | trend | peak | lower95 | qvalue,476,False,full-corpus numeric candidates; new taxonomy scope review pending
F0031,Ceramic / Sintering / Yttria-stabilized zirconia,待主题范围审阅,全量NMF关键词主题,待主题范围审阅,True,False,812,415258,0.0019554376811036127,541,336992,0.0016056718914014268,673,294811,0.00228257885657542,649,259802,0.002497577407595404,607,242777,0.002499722253082991,812,541,1.2178314209616705,3,1863,621.0,0.0021286093851907504,0.9186456165739308,0.7822619807828274,-0.07734591752137776,4,4,3,2026,0.00194789614302682,12,3,1.0,978,1713,774.0,1.2632258064516129,0.45273037067257316,0.002089465215758167,0.9358555798661994,0.8618334318696731,0.9428354629775245,1.0,67.72,50.62,False,False,历史峰值以下的恢复或波动,2026Q2,True,,183,False,False,multiyear | trend | peak | lower95 | qvalue,254,False,full-corpus numeric candidates; new taxonomy scope review pending
F0032,Value (mathematics) / Statistics / Structural equation modeling,待主题范围审阅,全量NMF关键词主题,待主题范围审阅,True,False,582,415258,0.0014018983990681287,419,336992,0.0012439138660071997,325,294811,0.0011031617191021518,219,259802,0.0008440619568394013,214,242777,0.0008826179807181918,582,419,1.1270060069094967,3,963,321.0,0.0010637125139829175,1.3179297795594442,1.1270060069094967,0.11982348519750063,4,4,3,1326,0.0012496579947258266,12,3,1.0,653,1464,481.3333333333333,1.355908776779544,0.32819106275287535,0.0010803325652712604,1.2976544854186882,1.170801792603123,3.190464454113479e-07,1.1001601565908548e-06,48.22,70.03999999999999,False,False,平稳或增长证据不足,2026Q2,True,,318,False,False,recent_growth,147,False,full-corpus numeric candidates; new taxonomy scope review pending
F0033,Relay / Protective relay / Overcurrent,待主题范围审阅,全量NMF关键词主题,待主题范围审阅,True,False,502,415258,0.0012093629966210037,237,336992,0.0007042420576322048,274,294811,0.0009303161041276211,308,259802,0.001186301201298202,315,242777,0.0012982096639468043,502,237,1.7172547187640443,3,819,273.0,0.000940286454352676,1.2861644353406845,0.9315621584146202,0.13116231279370805,4,4,3,1013,0.0009479737194602765,12,3,1.0,489,874,326.0,1.4984709480122325,0.2509410370515888,0.0009188713411933554,1.316139640453234,1.177802241729429,5.786115124715135e-07,1.968066368950726e-06,34.93999999999999,77.21000000000001,False,False,历史峰值以下的恢复或波动,2026Q2,True,,399,False,False,peak,116,False,full-corpus numeric candidates; new taxonomy scope review pending
F0034,Phosphorus / Black phosphorus / Phosphate,待主题范围审阅,全量NMF关键词主题,待主题范围审阅,True,False,355,415258,0.0008555791946244116,400,336992,0.0011875745013966233,267,294811,0.0009065921961899404,180,259802,0.0006940919508406011,190,242777,0.0007838635213371353,355,400,0.7204425437041843,3,847,282.3333333333333,0.0009294195494757217,0.9205521823884996,0.7204425437041843,-0.028957035244497664,0,4,3,1022,0.0009832486307369919,12,3,1.0,632,1282,488.0,1.294478527607362,0.4988719764200332,0.0009502665792085036,0.9003570296421883,0.795475832082037,0.9524926795292987,1.0,50.470000000000006,33.98,False,False,近期份额下降,2026Q2,False,current_share,298,False,False,multiyear | recent_growth | quarters | trend | peak | lower95 | qvalue,335,False,full-corpus numeric candidates; new taxonomy scope review pending
F0035,Condensed matter physics / Ferromagnetism / Magnetization,待主题范围审阅,全量NMF关键词主题,待主题范围审阅,True,False,281,415258,0.000677483947360821,853,336992,0.002530823562901418,1010,294811,0.003424715567289476,980,259802,0.0037703997662006062,932,242777,0.00383702222386813,281,853,0.26769307718319624,3,2843,947.6666666666666,0.0032419796321304997,0.2089723021842693,0.17656503085818578,-0.8101939213300806,0,4,3,2144,0.0022110076925172385,12,3,1.0,574,2029,1247.6666666666667,0.4604911906033102,0.4307615029579806,0.003188298546288354,0.21249074938402848,0.18799822669959426,1.0,1.0,66.36999999999999,5.91,False,False,近期份额下降,2026Q2,False,current_share,192,False,False,multiyear | recent_growth | quarters | trend | peak | lower95 | qvalue,467,False,full-corpus numeric candidates; new taxonomy scope review pending
F0036,Ammonia / Noise (video) / Ammonia production,待主题范围审阅,全量NMF关键词主题,待主题范围审阅,True,False,1357,415258,0.0032670851102746517,1133,336992,0.003361087883478333,795,294811,0.0026960526806321405,591,259802,0.0022745450909818035,475,242777,0.0019565727264871805,1357,1133,0.9720320394876437,3,2519,839.6666666666666,0.0027772285516974257,1.1763832358261723,0.9720320394876437,0.09605472531700965,0,4,3,3285,0.0031080752247950416,12,3,1.0,1492,2385,958.3333333333334,1.5562890896455872,0.5788870722588827,0.0028250107921130676,1.1564858864949392,1.0826331655180468,7.379002432570519e-06,2.32044101653161e-05,86.86,54.55,False,False,近期份额下降,2026Q2,True,,51,False,False,multiyear | recent_growth | quarters | peak,232,False,full-corpus numeric candidates; new taxonomy scope review pending
F0037,Computer security / Cyber-physical system / Risk analysis (engineering),待主题范围审阅,全量NMF关键词主题,待主题范围审阅,True,False,271,415258,0.0006534170220549304,1259,336992,0.003734706827737945,890,294811,0.003018020002643521,568,259802,0.0021861012412902033,565,242777,0.002326901949166142,271,1259,0.17495804950523924,3,2717,905.6666666666666,0.002979609357223889,0.21929620420568183,0.17495804950523924,-0.7650703583759779,0,2,3,2420,0.002468714617478799,10,3,0.8333333333333334,425,2074,1052.3333333333333,0.4044303797468355,0.4254280565253116,0.003047019975220187,0.2144446138748114,0.18929354763443218,1.0,1.0,66.14999999999999,5.339999999999999,False,False,近期份额下降,2026Q2,False,current_share,196,False,False,multiyear | recent_growth | quarters | trend | peak | lower95 | qvalue,473,False,full-corpus numeric candidates; new taxonomy scope review pending
F0038,Polymer / Copolymer / Polymer chemistry,待主题范围审阅,全量NMF关键词主题,待主题范围审阅,True,False,661,415258,0.0015920271089846646,806,336992,0.00239145776623315,702,294811,0.0023808636180315257,724,259802,0.0027859812652854046,739,242777,0.003042871779678801,661,806,0.6657140809525186,3,2232,744.0,0.002519434216516693,0.6318986614327091,0.5231988806155728,-0.20122758552456022,0,4,3,2169,0.0021214494977497803,12,3,1.0,966,1882,914.0,1.0568306010928963,0.4733675648585083,0.0025032096024577987,0.6359943280105343,0.5831384425749468,1.0,1.0,70.74000000000001,21.48,False,False,近期份额下降,2026Q2,False,current_share,160,False,False,multiyear | recent_growth | quarters | trend | peak | lower95 | qvalue,391,False,full-corpus numeric candidates; new taxonomy scope review pending
F0039,Nanorod / Plasmon / Absorption (acoustics),待主题范围审阅,全量NMF关键词主题,待主题范围审阅,True,False,633,415258,0.0015246397181281708,644,336992,0.0019110905521850779,749,294811,0.0025401527141845244,765,259802,0.0029436420408226046,794,242777,0.0032691840824270553,633,644,0.797785178930924,3,2158,719.3333333333334,0.002464961769064069,0.6185246916454479,0.46636704440218374,-0.25523303558884436,0,4,3,2026,0.001991960994832591,12,3,1.0,982,2001,1011.3333333333334,0.9710240368784985,0.5521283367772416,0.0024202364734177643,0.6299548555993513,0.5765618889718854,1.0,1.0,73.88,21.22,False,False,近期份额下降,2026Q2,False,current_share,134,False,False,multiyear | recent_growth | quarters | trend | peak | lower95 | qvalue,395,False,full-corpus numeric candidates; new taxonomy scope review pending
F0040,Investment (military) / Finance / Payback period,待主题范围审阅,全量NMF关键词主题,待主题范围审阅,True,False,1485,415258,0.0035751417541900516,625,336992,0.0018547511875745015,572,294811,0.0019402767563317415,637,259802,0.002451432790365004,535,242777,0.0022034588749398217,1485,625,1.9275586818010573,3,1834,611.3333333333334,0.0020821535780904156,1.7170403719541596,1.4583886485656963,0.3055871030390187,4,4,3,2682,0.002456723232698765,12,3,1.0,1445,2360,845.0,1.7092198581560283,0.3079929361706161,0.002056948719242478,1.7380801576359597,1.6231513187212487,2.235379658890039e-58,3.1933995127000556e-57,70.02,89.02,False,False,多年背景上持续抬升,2026Q2,True,,165,False,True,,53,False,full-corpus numeric candidates; new taxonomy scope review pending
F0041,Dissipation / Thermal management of electronic devices and systems / Computer cooling,待主题范围审阅,全量NMF关键词主题,待主题范围审阅,True,False,814,415258,0.001960251066164791,369,336992,0.0010956523801898934,218,294811,0.0007405248406261757,158,259802,0.000609493485918201,154,242777,0.0006357318322655507,814,369,1.7891176997443747,3,745,248.33333333333334,0.0008152235689114234,2.404556419758981,1.7891176997443747,0.4867343300551128,3,4,3,1401,0.0012654760956602867,12,3,1.0,902,1314,347.3333333333333,2.5923444976076557,0.4231286606196633,0.0008358982121533209,2.3450834535404423,2.12330811816811,1.1322444131087301e-67,1.9521455398426382e-66,54.42,91.41,False,False,多年背景上持续抬升,2026Q2,True,,271,False,True,,38,False,full-corpus numeric candidates; new taxonomy scope review pending
F0042,Silicon / Optoelectronics / Crystalline silicon,待主题范围审阅,全量NMF关键词主题,待主题范围审阅,True,False,817,415258,0.001967471143756558,781,336992,0.002317327023324497,641,294811,0.0021741267060031654,553,259802,0.0021284204697522035,559,242777,0.002302213334320878,817,781,0.849026108077734,3,1975,658.3333333333334,0.0022066247330266215,0.8916201809529983,0.849026108077734,-0.04993901734025652,0,4,3,2239,0.00215297495769474,12,3,1.0,1061,2080,879.6666666666666,1.2059046177138533,0.4005785673740218,0.00221504616781876,0.888230309751964,0.8187030124599061,0.9978478368922923,1.0,69.10000000000001,33.58,False,False,近期份额下降,2026Q2,True,,170,False,False,multiyear | recent_growth | quarters | trend | peak | lower95 | qvalue,339,False,full-corpus numeric candidates; new taxonomy scope review pending
F0043,Yield (engineering) / Quantum yield / Syngas,待主题范围审阅,全量NMF关键词主题,待主题范围审阅,True,False,1293,415258,0.003113056788316952,443,336992,0.0013150793791995067,500,294811,0.0016962594175441688,527,259802,0.0020284404657530033,477,242777,0.001964802264768935,1293,443,2.367200670587566,3,1470,490.0,0.001679926420832226,1.8530911531082184,1.5347045382282465,0.30358982473728924,4,4,3,2236,0.002041465195020209,12,3,1.0,1659,2379,746.3333333333334,2.221231043710972,0.38297522294720754,0.001648810625045551,1.8880620618459132,1.7521360975044475,6.095600866497231e-65,1.0159334777495385e-63,70.17,92.59,False,False,多年背景上持续抬升,2026Q2,True,,163,False,True,,33,False,full-corpus numeric candidates; new taxonomy scope review pending
F0044,Tandem / Terminal (telecommunication) / Telecommunications,待主题范围审阅,全量NMF关键词主题,待主题范围审阅,True,False,1167,415258,0.00280981352946273,752,336992,0.0022313353615504594,553,294811,0.0018758832919294655,420,259802,0.0016169842954486026,341,242777,0.0014051936616096153,1167,752,1.2592520057183654,3,1725,575.0,0.0019080676496428424,1.472596388282501,1.2592520057183654,0.20201924199906518,4,4,3,2472,0.002305677394314218,12,3,1.0,1296,1901,737.3333333333334,1.7566591422121896,0.6058601758915534,0.001934731542683508,1.4523015040967737,1.3483400608516172,1.7371558832215285e-23,1.0994657488743852e-22,80.25000000000001,78.4,False,False,多年背景上持续抬升,2026Q2,True,,89,False,True,,110,False,full-corpus numeric candidates; new taxonomy scope review pending
F0045,China / Panel data / Beijing,待主题范围审阅,全量NMF关键词主题,待主题范围审阅,True,False,981,415258,0.0023621687187731642,1714,336992,0.0050838863486754315,1177,294811,0.003990700228088429,936,259802,0.0036012028363558058,693,242777,0.002853592399198443,981,1714,0.46463838031875154,3,3827,1275.6666666666667,0.004225263137706555,0.5590583690972992,0.46463838031875154,-0.26219328278514364,0,4,3,3872,0.0038122517651790083,12,3,1.0,1026,2184,1032.0,0.9941916747337851,0.45082613964724155,0.004291616910820705,0.5504146264353861,0.5131384005870597,1.0,1.0,81.7,15.869999999999997,False,False,近期份额下降,2026Q2,False,current_share,79,False,False,multiyear | recent_growth | quarters | trend | peak | lower95 | qvalue,418,False,full-corpus numeric candidates; new taxonomy scope review pending
F0046,Nanofluid / Viscosity / Slurry,待主题范围审阅,全量NMF关键词主题,待主题范围审阅,True,False,1522,415258,0.003664189377821847,1141,336992,0.003384809721209102,1076,294811,0.0036483981278447506,971,259802,0.003735791303277806,936,242777,0.0038534813004316394,1522,1141,1.0825392502456377,3,3188,1062.6666666666667,0.003589666384110553,1.0207604233198846,0.9508776849160812,0.002159464691702251,3,4,3,3739,0.003565799075625233,12,3,1.0,1496,2376,1128.0,1.3259521700620018,0.49394450466705114,0.0035751327289750014,1.0249100258922075,0.9642034913141183,0.2130183415568886,0.4458404444946544,86.00000000000001,53.53,False,False,历史峰值以下的恢复或波动,2026Q2,True,,57,False,False,multiyear | recent_growth | peak | lower95 | qvalue,237,False,full-corpus numeric candidates; new taxonomy scope review pending
F0047,Econometrics / Autoregressive integrated moving average / Statistics,待主题范围审阅,全量NMF关键词主题,待主题范围审阅,True,False,408,415258,0.000983133898745632,463,336992,0.001374383973526429,526,294811,0.0017843767898841256,441,259802,0.0016977373756018026,352,242777,0.0014504561221592664,408,463,0.7153269520620807,3,1430,476.6666666666667,0.001618832713004119,0.6073103729916597,0.5509676567859163,-0.29803958533510144,0,4,3,1397,0.0013806315540520623,12,3,1.0,506,1566,672.3333333333334,0.752970297029703,0.30520543056571214,0.001603960285023911,0.6129415471973334,0.5491197840756544,1.0,1.0,48.31999999999999,18.800000000000004,False,False,近期份额下降,2026Q2,False,current_share,317,False,False,multiyear | recent_growth | quarters | trend | peak | lower95 | qvalue,409,False,full-corpus numeric candidates; new taxonomy scope review pending
F0048,Circuit breaker / Electrical engineering / Switchgear,待主题范围审阅,全量NMF关键词主题,待主题范围审阅,True,False,375,415258,0.0009037130452361928,269,336992,0.0007991294085552807,244,294811,0.0008286422129661325,298,259802,0.0011478473536062018,302,242777,0.0012447176651153987,375,269,1.1308719658684385,3,811,270.3333333333333,0.0009252063250425384,0.976769203555372,0.7260385793210454,0.043361704446516214,3,4,3,888,0.0008438282222525354,12,3,1.0,351,673,271.6666666666667,1.2909535452322738,0.2780961307814766,0.0009099012731890274,0.9931990116563459,0.8788386127345131,0.5460353646848701,1.0,31.25,54.480000000000004,False,False,历史峰值以下的恢复或波动,2026Q2,True,,420,False,False,multiyear | recent_growth | peak | lower95 | qvalue,233,False,full-corpus numeric candidates; new taxonomy scope review pending
F0049,Fossil fuel / Waste management / Natural resource economics,待主题范围审阅,全量NMF关键词主题,待主题范围审阅,True,False,925,415258,0.002227393937060177,493,336992,0.0014633408650168128,679,294811,0.002302913634807718,799,259802,0.003074385122975405,701,242777,0.002886510552325462,925,493,1.522129252526947,3,1971,657.0,0.0022802132075999786,0.976835819403311,0.7245006230398664,-0.01667142748693795,3,4,3,2097,0.0019978828122949027,12,3,1.0,1193,2303,966.0,1.234746639089969,0.4005665664087262,0.0022105611338165956,1.0076147196230303,0.9319158014554713,0.42409810089543354,0.8516026122398265,69.22,55.24,False,False,历史峰值以下的恢复或波动,2026Q2,True,,169,False,False,multiyear | trend | peak | lower95 | qvalue,227,False,full-corpus numeric candidates; new taxonomy scope review pending
F0050,Pulse-width modulation / Modulation (music) / Space vector modulation,待主题范围审阅,全量NMF关键词主题,待主题范围审阅,True,False,475,415258,0.0011443822982950991,388,336992,0.0011519917448004698,386,294811,0.001309898631130512,383,259802,0.0014747050589882023,356,242777,0.0014669151987227757,475,388,0.9933945303517009,3,1157,385.6666666666667,0.0013121984783063948,0.8721106732055582,0.7760075761049208,-0.06754236971913086,1,4,3,1249,0.0012020908914086937,12,3,1.0,556,1208,498.6666666666667,1.1147431621080721,0.3301676590153695,0.001297856714376216,0.8817477966703893,0.7924622582548346,0.9897722454698079,1.0,44.56,37.16,False,False,近期份额下降,2026Q2,True,,347,False,False,multiyear | recent_growth | quarters | trend | peak | lower95 | qvalue,319,False,full-corpus numeric candidates; new taxonomy scope review pending
F0051,Harmonic / Acoustics / Harmonic analysis,待主题范围审阅,全量NMF关键词主题,待主题范围审阅,True,False,450,415258,0.0010842149850303724,354,336992,0.0010511739344447014,284,294811,0.0009642074011814506,272,259802,0.0010478673496070016,263,242777,0.001084241668621182,450,354,1.0314325246307838,3,910,303.3333333333333,0.0010210828950777179,1.0618285648080015,0.9999753896279936,0.05865253504288859,3,4,3,1088,0.0010331987735521747,12,3,1.0,476,1030,376.6666666666667,1.263018534863195,0.31006427785478125,0.0010209058647425871,1.0620126913500965,0.9486312529305735,0.14904099562543577,0.3184636658663157,39.51,55.65,False,False,历史峰值以下的恢复或波动,2026Q2,True,,375,False,False,multiyear | recent_growth | peak | lower95 | qvalue,225,False,full-corpus numeric candidates; new taxonomy scope review pending
F0052,Index (typography) / Statistics / World Wide Web,待主题范围审阅,全量NMF关键词主题,待主题范围审阅,True,False,527,415258,0.0012695303098857302,389,336992,0.0011549569745168157,338,294811,0.00114722040527213,291,259802,0.0011209296602218018,263,242777,0.001084241668621182,527,389,1.0992013883606764,3,1018,339.3333333333333,0.0011410356800035826,1.1126122803466971,1.0992013883606764,0.0506525098008308,2,4,3,1254,0.0011905692298915587,12,3,1.0,702,1494,498.6666666666667,1.4069379586390927,0.31714326766224077,0.0011420017828010158,1.111671040277995,1.0007243221218667,0.024289401146407857,0.0572863234585091,46.589999999999996,57.47,False,False,平稳或增长证据不足,2026Q2,True,,333,False,False,multiyear | recent_growth | quarters | lower95 | qvalue,215,False,full-corpus numeric candidates; new taxonomy scope review pending
F0053,Distributed generation / Distributed computing / Islanding,待主题范围审阅,全量NMF关键词主题,待主题范围审阅,True,False,332,415258,0.0008002252664208631,310,336992,0.0009207038269254719,355,294811,0.0012048356102636404,365,259802,0.0014054881331426023,359,242777,0.0014792595061454076,332,310,0.8691451507191779,3,1030,343.3333333333333,0.0011770091901105715,0.6798802194107658,0.5409634097982284,-0.20460257127180803,0,4,3,997,0.0009752549012033251,12,3,1.0,389,970,454.0,0.8571428571428571,0.4451251732572631,0.0011554568848075079,0.6925617709692178,0.6120284282545313,0.9999999977941862,1.0,44.68000000000001,24.130000000000003,False,False,近期份额下降,2026Q2,True,,346,False,False,multiyear | recent_growth | quarters | trend | peak | lower95 | qvalue,379,False,full-corpus numeric candidates; new taxonomy scope review pending
F0054,Algorithm / Genetic algorithm / Optimization algorithm,待主题范围审阅,全量NMF关键词主题,待主题范围审阅,True,False,135,415258,0.0003261068378948179,834,336992,0.0024744841982908415,701,294811,0.0023774744883261426,573,259802,0.0022053281651362036,533,242777,0.002195229336658067,135,834,0.13178780374514582,3,2108,702.6666666666666,0.0023524289505843956,0.13862558434073247,0.13178780374514582,-0.9932845063094953,0,1,3,1670,0.001726021841503934,9,2,0.75,287,1940,1007.0,0.2857142857142857,0.4006346014657819,0.0023641735483907137,0.1379369285798828,0.11594223004952647,1.0,1.0,54.1,1.69,False,False,近期份额下降,2026Q2,False,active_years | current_volume | current_share,273,False,False,multiyear | recent_growth | quarters | trend | peak | lower95 | qvalue,493,False,full-corpus numeric candidates; new taxonomy scope review pending
F0055,Data science / Risk analysis (engineering) / Management science,待主题范围审阅,全量NMF关键词主题,待主题范围审阅,True,False,78,415258,0.00018892536365124136,434,336992,0.0012883923117523914,320,294811,0.001086216070575237,162,259802,0.000624875024995001,163,242777,0.0006727647545334469,78,434,0.14663651896080998,3,916,305.3333333333333,0.0009998278024408763,0.18895790174069824,0.14663651896080998,-0.8745517024842964,0,1,3,832,0.0008545112486596232,9,2,0.75,150,1244,545.6666666666666,0.276219512195122,0.4469483383512348,0.0010276334157458332,0.18384509568922844,0.14599842835778112,1.0,1.0,38.24,3.09,False,False,近期份额下降,2026Q2,False,active_years | current_volume | current_share,385,False,False,volume | multiyear | recent_growth | quarters | trend | peak | lower95 | qvalue,486,False,full-corpus numeric candidates; new taxonomy scope review pending
F0056,Converters / Electronic engineering / Voltage,待主题范围审阅,全量NMF关键词主题,待主题范围审阅,True,False,1651,415258,0.003974652714267836,1102,336992,0.003269165762271603,1013,294811,0.0034348829564056246,1013,259802,0.0038972974635842063,928,242777,0.0038205631473046207,1651,1102,1.2158002999230055,3,3128,1042.6666666666667,0.0035337820607538113,1.1247588690910895,1.0198484337945528,0.07297726277128014,4,4,3,3766,0.0035595671443150213,12,3,1.0,1305,2162,970.6666666666666,1.344082332761578,0.34830267041679097,0.0035078572189425413,1.1330714068989423,1.0674963316250472,1.8700268196430502e-05,5.7362785878621176e-05,76.68000000000002,64.61,False,False,平稳或增长证据不足,2026Q2,True,,111,False,False,multiyear | peak,181,False,full-corpus numeric candidates; new taxonomy scope review pending
F0057,Eutectic system / Salt (chemistry) / Molten salt,待主题范围审阅,全量NMF关键词主题,待主题范围审阅,True,False,1054,415258,0.0025378572735061658,896,336992,0.0026583284407043013,639,294811,0.0021673484465923997,503,259802,0.0019361512312922032,447,242777,0.0018413591905426146,1054,896,0.9546816091821153,3,2038,679.3333333333334,0.002253942706196301,1.1259635245072364,0.9546816091821153,0.07890781275185077,2,4,3,2589,0.0024545113869342892,12,3,1.0,1241,2052,809.0,1.5333333333333334,0.5393385660812746,0.002285685453352843,1.1103265629937904,1.0307704163960334,0.0028427634349989747,0.007403029778643163,80.33000000000001,57.10000000000001,False,False,近期份额下降,2026Q2,True,,88,False,False,multiyear | recent_growth | quarters | peak | lower95,218,False,full-corpus numeric candidates; new taxonomy scope review pending
F0058,Energy conservation / Audit / Environmental economics,待主题范围审阅,全量NMF关键词主题,待主题范围审阅,True,False,301,415258,0.0007256177979726022,156,336992,0.0004640584506081686,126,294811,0.00042872490773094375,164,259802,0.0006325657945334011,129,242777,0.000532862603743617,301,156,1.563634488331478,3,446,148.66666666666666,0.0005084497176241711,1.4271181059224314,1.1471024899597029,0.2631039773017174,4,4,3,583,0.0005394670521039048,11,2,0.9166666666666666,326,663,211.33333333333334,1.5400313971742543,0.2630472637104744,0.0005006419204915597,1.449374829139653,1.2523622267747678,2.8316164301101003e-07,9.900756748636715e-07,22.619999999999997,80.86,False,False,多年背景上持续抬升,2026Q2,False,annual_volume | active_years,468,False,True,,97,False,full-corpus numeric candidates; new taxonomy scope review pending
F0059,Monolayer / Exciton / Semiconductor,待主题范围审阅,全量NMF关键词主题,待主题范围审阅,True,False,1119,415258,0.002694292287994455,1437,336992,0.004262517717247555,1306,294811,0.00442789796008283,1228,259802,0.0047240551889622074,1195,242777,0.004919206507918873,1119,1437,0.632089405069792,3,3971,1323.6666666666667,0.004471490288764198,0.6025490639585145,0.5477087175863057,-0.24839470115904394,0,4,3,3862,0.0037949026551082807,12,3,1.0,1460,2594,1389.6666666666667,1.0505752636625119,0.49729203161569224,0.004453078134898611,0.6050404251565642,0.5662137427559865,1.0,1.0,86.24000000000001,19.3,False,False,近期份额下降,2026Q2,False,current_share,54,False,False,multiyear | recent_growth | quarters | trend | peak | lower95 | qvalue,405,False,full-corpus numeric candidates; new taxonomy scope review pending
F0060,Coolant / Blanket / Stack (abstract data type),待主题范围审阅,全量NMF关键词主题,待主题范围审阅,True,False,531,415258,0.0012791570800080865,193,336992,0.0005737719501129752,257,294811,0.0008727008991361109,289,259802,0.0011132388906834017,253,242777,0.0010430939772124086,531,193,2.2293823874733185,3,739,246.33333333333334,0.0008532372466441626,1.4991810132985803,1.1490409567193884,0.19118186214099087,4,4,3,981,0.0009085433097523908,12,3,1.0,617,948,316.6666666666667,1.9454354669464846,0.39915508413798184,0.0008291706611500749,1.5426945741590425,1.3799860802669646,7.64134946001589e-15,3.7093929417552864e-14,42.07,86.6,False,False,多年背景上持续抬升,2026Q2,True,,359,False,True,,67,False,full-corpus numeric candidates; new taxonomy scope review pending
F0061,Foundation (evidence) / Pile / Hydrate,待主题范围审阅,全量NMF关键词主题,待主题范围审阅,True,False,391,415258,0.0009422201257256178,193,336992,0.0005737719501129752,148,294811,0.0005032857612493688,161,259802,0.000621029640225801,153,242777,0.0006316170631246734,391,193,1.6421509025320868,3,502,167.33333333333334,0.0005660291171960483,1.664614234675975,1.4917585048515942,0.3135404018959367,4,4,3,732,0.0006730926123626539,12,2,1.0,553,794,231.33333333333334,2.3845050215208032,0.38404242501755215,0.0005634323965218561,1.672286030306509,1.4653069922008544,6.255033300335058e-15,3.096551138779732e-14,34.44,88.32,False,False,多年背景上持续抬升,2026Q2,False,annual_volume | active_years,403,False,True,,59,False,full-corpus numeric candidates; new taxonomy scope review pending
F0062,Systems engineering / Deliverable / Risk analysis (engineering),待主题范围审阅,全量NMF关键词主题,待主题范围审阅,True,False,76,415258,0.00018411197859006324,360,336992,0.0010689653127427781,205,294811,0.0006964661544561971,125,259802,0.0004825957885346008,141,242777,0.0005822398334341452,76,360,0.17223381937217783,3,690,230.0,0.0007493424185778586,0.24569806009311554,0.17223381937217783,-0.6652375232500147,0,1,3,641,0.0006498478152630129,9,2,0.75,140,969,393.0,0.35786802030456855,0.4274414283250606,0.0007742289946235655,0.23780041805277458,0.18777656811270363,1.0,1.0,30.820000000000004,5.89,False,False,近期份额下降,2026Q2,False,annual_volume | active_years | current_volume | current_share,424,False,False,volume | multiyear | recent_growth | quarters | trend | peak | lower95 | qvalue,468,False,full-corpus numeric candidates; new taxonomy scope review pending
F0063,Materials science / Nanotechnology / Chemical engineering,待主题范围审阅,全量NMF关键词主题,待主题范围审阅,True,False,354,415258,0.0008531725020938225,1789,336992,0.005306278577401392,1028,294811,0.003485719901986369,629,259802,0.002420669712211404,525,242777,0.002162311183531048,354,1789,0.1607854713334031,3,3446,1148.6666666666667,0.0037375560638663887,0.22827015501975945,0.1607854713334031,-0.7037340582585299,0,1,3,3171,0.0032150569938271946,9,3,0.75,727,2955,1366.6666666666667,0.5322934438215939,0.42987391289637106,0.0038644174221145813,0.2207764868286337,0.19791324407803504,1.0,1.0,72.22000000000001,5.85,False,False,近期份额下降,2026Q2,False,current_share,142,False,False,multiyear | recent_growth | quarters | trend | peak | lower95 | qvalue,469,False,full-corpus numeric candidates; new taxonomy scope review pending
F0064,Subsidy / Incentive / Environmental economics,待主题范围审阅,全量NMF关键词主题,待主题范围审阅,True,False,988,415258,0.002379015566487288,606,336992,0.001798411822963925,671,294811,0.0022758005971646542,615,259802,0.002366834325442604,559,242777,0.002302213334320878,988,606,1.3228424858587073,3,1892,630.6666666666666,0.002147015581857061,1.108056963624623,1.0051466386614982,0.022177436625574476,3,4,3,2265,0.0021510759955386226,12,3,1.0,1100,2044,853.0,1.2892271662763466,0.39645620193938896,0.002121981712273856,1.121129156168835,1.0381284400398028,0.001751547659750145,0.00470846145094125,69.55,60.309999999999995,False,False,平稳或增长证据不足,2026Q2,True,,167,False,False,multiyear | peak | lower95,202,False,full-corpus numeric candidates; new taxonomy scope review pending
F0065,Magnesium / Magnesium alloy / Calcium,待主题范围审阅,全量NMF关键词主题,待主题范围审阅,True,False,457,415258,0.001101061832744496,651,336992,0.0019318471601995006,465,294811,0.0015776398778557653,365,259802,0.0014054881331426023,329,242777,0.0013558164319190872,457,651,0.5699528696829153,3,1481,493.6666666666667,0.0016383250570659563,0.6720655513359269,0.5699528696829153,-0.17982748269888793,0,4,3,1573,0.0015368496235999207,12,3,1.0,702,1719,755.6666666666666,0.9290748898678415,0.5122291134767594,0.001661144468551502,0.6628332776526106,0.596864638111939,0.9999999999999956,1.0,63.849999999999994,20.43,False,False,近期份额下降,2026Q2,False,current_share,211,False,False,multiyear | recent_growth | quarters | trend | peak | lower95 | qvalue,398,False,full-corpus numeric candidates; new taxonomy scope review pending
F0066,Nanotechnology / Nanoscopic scale / Nanopore,待主题范围审阅,全量NMF关键词主题,待主题范围审阅,True,False,138,415258,0.0003333269154865851,221,336992,0.0006567983821706667,160,294811,0.0005439553177139642,137,259802,0.0005287404057650008,131,242777,0.0005410921420253717,138,221,0.5075026439391735,3,518,172.66666666666666,0.0005764980352165439,0.5781926305462273,0.5075026439391735,-0.24487168516945346,1,2,3,519,0.0005113602051237386,10,2,0.8333333333333334,380,949,361.0,1.0524861878453038,0.5065893125124443,0.0005813725325305122,0.5733447950073064,0.475332207692587,0.9999999982760592,1.0,34.7,19.72,False,False,近期份额下降,2026Q2,False,annual_volume | active_years | current_volume | current_share,400,False,False,multiyear | recent_growth | quarters | trend | peak | lower95 | qvalue,402,False,full-corpus numeric candidates; new taxonomy scope review pending
F0067,Reinforcement learning / Reinforcement / Artificial intelligence,待主题范围审阅,全量NMF关键词主题,待主题范围审阅,True,False,2273,415258,0.005471615468294232,1489,336992,0.004416709662497554,1161,294811,0.003936474152802302,816,259802,0.003139756664051805,621,242777,0.0025573290210552735,2273,1489,1.2388442724125435,3,3466,1155.3333333333333,0.003830980159783887,1.4282547129147485,1.2388442724125435,0.1646442338291858,4,4,3,4923,0.004608266427864696,12,3,1.0,1750,2713,1025.0,1.706627680311891,0.47849901689056734,0.0038868425921254014,1.4077275677125496,1.3352001753307179,1.2119270915460988e-37,1.2366602974960191e-36,88.64000000000001,76.69,False,False,多年背景上持续抬升,2026Q2,True,,41,False,True,,121,False,full-corpus numeric candidates; new taxonomy scope review pending
F0068,Sociology / Law / Legislation,待主题范围审阅,全量NMF关键词主题,待主题范围审阅,True,False,171,415258,0.0004127477689960241,149,336992,0.00044330184259374576,181,294811,0.0006151270415270063,172,259802,0.000663328872687001,169,242777,0.000697453369378711,171,149,0.931076141215767,3,502,167.33333333333334,0.000573919252269251,0.7191739384313001,0.591792637497326,-0.19949607024757032,1,3,3,501,0.000490392217705592,11,2,0.9166666666666666,157,495,205.33333333333334,0.7657512116316639,0.2805742274895921,0.0005634323965218561,0.7325595254088539,0.6159770687665322,0.9998060674278011,1.0,20.97,28.7,False,False,近期份额下降,2026Q2,False,annual_volume | active_years | current_volume,474,False,False,multiyear | recent_growth | quarters | trend | peak | lower95 | qvalue,362,False,full-corpus numeric candidates; new taxonomy scope review pending
F0069,Mechanics / Flow (mathematics) / Physics,待主题范围审阅,全量NMF关键词主题,待主题范围审阅,True,False,465,415258,0.0011203153729892083,1138,336992,0.0033759140320600636,1053,294811,0.0035704481446209428,958,259802,0.0036858013012782058,885,242777,0.0036436280742468945,465,1138,0.33185542118368605,3,3149,1049.6666666666667,0.0035440544926530707,0.31611121536411335,0.3039543592870001,-0.5795404449616761,0,4,3,2656,0.0026888925165567384,12,3,1.0,731,2204,1107.0,0.6606498194945848,0.3668292820065713,0.0035314036474539024,0.317243647238384,0.2878224869636926,1.0,1.0,68.94000000000001,9.04,False,False,近期份额下降,2026Q2,False,current_share,173,False,False,multiyear | recent_growth | quarters | trend | peak | lower95 | qvalue,450,False,full-corpus numeric candidates; new taxonomy scope review pending
F0070,Engineering physics / Solid-state / Energy density,待主题范围审阅,全量NMF关键词主题,待主题范围审阅,True,False,94,415258,0.00022743244414066637,586,336992,0.0017391072286370025,289,294811,0.0009811530497083655,195,259802,0.0007517727223786012,142,242777,0.0005863546025750225,94,586,0.13077540038684843,3,1070,356.6666666666667,0.0011573443335746564,0.19651234083308833,0.13077540038684843,-0.7309376079547918,0,1,3,969,0.0009825642408286782,9,2,0.75,202,1355,569.6666666666666,0.3557242990654206,0.4318807907278334,0.0012003072248291482,0.1894785263606483,0.15353699521996678,1.0,1.0,41.18,3.81,False,False,近期份额下降,2026Q2,False,active_years | current_volume | current_share,362,False,False,volume | multiyear | recent_growth | quarters | trend | peak | lower95 | qvalue,482,False,full-corpus numeric candidates; new taxonomy scope review pending
F0071,Computation / Computational science / Parallel computing,待主题范围审阅,全量NMF关键词主题,待主题范围审阅,True,False,608,415258,0.0014644724048634443,169,336992,0.0005026064369206682,229,294811,0.0007778052673853881,256,259802,0.0009863411932998017,259,242777,0.0010677825920576726,608,169,2.9137557685012254,3,654,218.0,0.0007555842992019527,1.9381985655475085,1.3715080352090492,0.3163870647653759,4,4,3,1006,0.0009149613697231668,12,3,1.0,648,1057,346.0,1.8703170028818443,0.2925821114831351,0.0007338636886040892,1.9955646090748467,1.7870237671223101,2.8752426476601734e-36,2.764656391980936e-35,37.230000000000004,93.22999999999999,False,False,多年背景上持续抬升,2026Q2,True,,387,False,True,,31,False,full-corpus numeric candidates; new taxonomy scope review pending
F0072,Phase change / Phase-change material / Encapsulation (networking),待主题范围审阅,全量NMF关键词主题,待主题范围审阅,True,False,1107,415258,0.002665411977627386,1546,336992,0.004585727756329283,895,294811,0.003034965651170436,576,259802,0.0022168643194438037,497,242777,0.002047097647586482,1107,1546,0.5812407799282348,3,3017,1005.6666666666666,0.003279185908981174,0.812827345447918,0.5812407799282348,-0.06492073648885288,0,4,3,3548,0.003428701795042368,12,3,1.0,1318,2507,1109.6666666666667,1.1875750300120047,0.5747094364962876,0.0033833975253824895,0.787791549066072,0.7353691717274933,0.9999999999952426,1.0,88.4,27.499999999999996,False,False,近期份额下降,2026Q2,False,current_share,46,False,False,multiyear | recent_growth | quarters | trend | peak | lower95 | qvalue,367,False,full-corpus numeric candidates; new taxonomy scope review pending
F0073,Process (computing) / Identification (biology) / Product (mathematics),待主题范围审阅,全量NMF关键词主题,待主题范围审阅,True,False,2727,415258,0.006564253877181667,1052,336992,0.003120904276454297,562,294811,0.001906385459277912,738,259802,0.0028398166520542047,411,242777,0.00169322750147103,2727,1052,2.1033179154855106,3,2352,784.0,0.002622368795928804,2.503177237073821,2.1033179154855106,0.6182149151162104,4,4,3,4341,0.003863847870971292,12,3,1.0,1392,2104,500.0,2.780439121756487,0.1351234165538849,0.0026377606225227194,2.4885707297062085,2.355043383497265,5.656699215422616e-248,4.71391601285218e-246,71.65,96.00999999999999,False,False,多年背景上持续抬升,2026Q2,True,,149,False,True,,19,False,full-corpus numeric candidates; new taxonomy scope review pending
F0074,Characterization (materials science) / Nanotechnology / In situ,待主题范围审阅,全量NMF关键词主题,待主题范围审阅,True,False,1232,415258,0.002966248543951019,1515,336992,0.004493805635122553,819,294811,0.0027773917935613314,374,259802,0.0014400965960654022,388,242777,0.001598587811230851,1232,1515,0.660074953123807,3,2708,902.6666666666666,0.0029037646749164284,1.021518227552785,0.660074953123807,0.03289287716836542,0,4,3,3566,0.003412481990878301,12,3,1.0,1886,3729,1393.3333333333333,1.3533349270858237,0.4265976275536683,0.003036928648715318,0.976726451971732,0.9131153715802595,0.7528147196994437,1.0,83.14,40.22,False,False,近期份额下降,2026Q2,False,current_share,72,False,False,multiyear | recent_growth | quarters | peak | lower95 | qvalue,303,False,full-corpus numeric candidates; new taxonomy scope review pending
F0075,Coating / Corrosion / Metallurgy,待主题范围审阅,全量NMF关键词主题,待主题范围审阅,True,False,1121,415258,0.002699105673055633,693,336992,0.002056386808286038,860,294811,0.0029163461114820326,857,259802,0.0032974174395890054,733,242777,0.003018183164833537,1121,693,1.312547650169615,3,2410,803.3333333333334,0.0027567167864523587,0.9791015480154326,0.8185514034862548,-0.03870550754378055,3,4,3,2674,0.0025572795309412345,12,3,1.0,1351,2315,1007.0,1.3412698412698412,0.49998897674703807,0.002702793615554098,0.9986355071740435,0.9303345016636515,0.5141675551332151,0.9942470001190725,80.44000000000001,53.900000000000006,False,False,历史峰值以下的恢复或波动,2026Q2,True,,86,False,False,multiyear | trend | peak | lower95 | qvalue,234,False,full-corpus numeric candidates; new taxonomy scope review pending
F0076,Electrical conductor / Conductor / Conductivity,待主题范围审阅,全量NMF关键词主题,待主题范围审阅,True,False,937,415258,0.0022562742474272457,551,336992,0.0016353241885648882,475,294811,0.0016115311749095949,452,259802,0.0017400366080630029,420,242777,0.001730260423738926,937,551,1.379710679511984,3,1478,492.6666666666667,0.0016622973238458287,1.3573229139340814,1.2966820565567958,0.16826506123144558,4,4,3,1963,0.001834376536967243,12,3,1.0,1176,1873,661.6666666666666,1.7761569416498995,0.4092236611156719,0.0016577806930498792,1.3610209461881815,1.2540846292084036,5.83682101281205e-14,2.6291986544198425e-13,65.14,78.19999999999999,False,False,多年背景上持续抬升,2026Q2,True,,204,False,True,,111,False,full-corpus numeric candidates; new taxonomy scope review pending
F0077,Adsorption / Desorption / Activated carbon,待主题范围审阅,全量NMF关键词主题,待主题范围审阅,True,False,2861,415258,0.0068867506762806015,1581,336992,0.004689510796401397,1972,294811,0.006685058343867878,1904,259802,0.0073235352929414115,1682,242777,0.006923099079526143,2861,1581,1.4685435166425689,3,5457,1819.0,0.006232701477736896,1.1049383162148803,0.9403587749373185,0.014862217866448812,4,4,3,6414,0.006087106605516626,12,3,1.0,2734,4172,1933.3333333333333,1.4139238325004309,0.525498802849515,0.006119268266702547,1.1254206183040285,1.0756438609062797,1.3112258763652325e-07,4.649737150231321e-07,94.69000000000001,64.89,False,False,历史峰值以下的恢复或波动,2026Q2,True,,14,False,False,multiyear | peak,180,False,full-corpus numeric candidates; new taxonomy scope review pending
F0078,Hydrogen storage / Hydride / Desorption,待主题范围审阅,全量NMF关键词主题,待主题范围审阅,True,False,1382,415258,0.003327252423539378,1218,336992,0.003613132409367754,866,294811,0.00293668088971433,677,259802,0.002605248181133004,499,242777,0.002055327185868237,1382,1218,0.9208775230359187,3,2761,920.3333333333334,0.003051687160071696,1.0902993160875665,0.9208775230359187,0.06243343542229951,1,4,3,3466,0.0032923552408738207,12,3,1.0,1510,2495,1075.0,1.404275092936803,0.624336094249666,0.0030963553492439917,1.0745705993828398,1.0073737222408452,0.014230081280147275,0.034206926154200186,88.93,50.940000000000005,False,False,近期份额下降,2026Q2,True,,37,False,False,multiyear | recent_growth | quarters | peak | lower95,253,False,full-corpus numeric candidates; new taxonomy scope review pending
F0079,Loop (graph theory) / Phase-locked loop / CMOS,待主题范围审阅,全量NMF关键词主题,待主题范围审阅,True,False,158,415258,0.00038146076609836636,371,336992,0.0011015828396225855,207,294811,0.0007032444138669631,149,259802,0.000574885022995401,164,242777,0.0006768795236743243,158,371,0.3462842306340384,3,727,242.33333333333334,0.0007932374254949831,0.48089103443440456,0.3462842306340384,-0.3058482498748236,0,3,3,736,0.0007287626731959716,11,3,0.9166666666666666,233,804,316.6666666666667,0.7366211962224554,0.3145938095803484,0.0008157155591435827,0.46763943855485707,0.39381852014753954,1.0,1.0,28.03,12.4,False,False,近期份额下降,2026Q2,False,annual_volume | current_volume | current_share,444,False,False,multiyear | recent_growth | quarters | trend | peak | lower95 | qvalue,436,False,full-corpus numeric candidates; new taxonomy scope review pending
F0080,Hydrogen peroxide / Photosynthesis / Artificial photosynthesis,待主题范围审阅,全量NMF关键词主题,待主题范围审阅,True,False,763,415258,0.001837509747104749,603,336992,0.0017895161338148866,627,294811,0.0021266788901278043,497,259802,0.001913078922677003,432,242777,0.0017796376534294544,763,603,1.0268193241642083,3,1727,575.6666666666666,0.001943091315539898,0.9456630948886658,0.864027830263704,-0.07307514987174057,2,4,3,1993,0.0019179015903491466,12,3,1.0,1039,1759,763.6666666666666,1.3600697471665215,0.6065070224412791,0.00193697405968459,0.9486496413916676,0.8711909305350398,0.887817247571794,1.0,74.02,44.59,False,False,历史峰值以下的恢复或波动,2026Q2,True,,132,False,False,multiyear | recent_growth | quarters | trend | peak | lower95 | qvalue,282,False,full-corpus numeric candidates; new taxonomy scope review pending
F0081,Automotive industry / Manufacturing engineering / Automotive electronics,待主题范围审阅,全量NMF关键词主题,待主题范围审阅,True,False,754,415258,0.0018158495143294473,456,336992,0.0013536273655120061,433,294811,0.0014691877272835108,365,259802,0.0014054881331426023,312,242777,0.0012858653565241721,754,456,1.3414692703428073,3,1254,418.0,0.00140943440864604,1.2883533303786916,1.2359547255999102,0.10592186429553863,3,4,3,1643,0.0015462215357083212,12,3,1.0,839,1534,516.6666666666666,1.6226658081133292,0.2816663466662158,0.0014066187889286935,1.2909322188938137,1.1794709536636934,1.3341416380869897e-08,4.978140440623096e-08,51.94000000000001,71.28,False,False,多年背景上持续抬升,2026Q2,True,,288,False,True,,142,False,full-corpus numeric candidates; new taxonomy scope review pending
F0082,Statistical physics / Chaotic / CHAOS (operating system),待主题范围审阅,全量NMF关键词主题,待主题范围审阅,True,False,91,415258,0.00022021236654889918,310,336992,0.0009207038269254719,172,294811,0.0005846248741785597,116,259802,0.0004479873256118007,107,242777,0.00044233768264431527,91,310,0.23917828959640533,3,598,199.33333333333334,0.0006511053422386107,0.3382131158558332,0.23917828959640533,-0.4881890087930847,0,1,3,573,0.0005751803558843102,8,2,0.6666666666666666,193,802,321.3333333333333,0.6018614270941055,0.3452006272718501,0.0006710732125737928,0.3281495407994461,0.2633441324073927,1.0,1.0,22.91,8.959999999999999,False,False,近期份额下降,2026Q2,False,annual_volume | active_years | persistence | current_volume | current_share,467,False,False,volume | multiyear | recent_growth | quarters | trend | peak | lower95 | qvalue,452,False,full-corpus numeric candidates; new taxonomy scope review pending
F0083,Stage (stratigraphy) / Single stage / Operations management,待主题范围审阅,全量NMF关键词主题,待主题范围审阅,True,False,228,415258,0.0005499292432396007,759,336992,0.0022520919695648823,344,294811,0.0011675551835044278,131,259802,0.0005056680971498008,116,242777,0.0004793706049122114,228,759,0.24418596161765557,3,1234,411.3333333333333,0.0013084384167397038,0.4202943265835045,0.24418596161765557,-0.3764388167578421,0,3,3,1331,0.0013231921321029702,10,3,0.8333333333333334,405,1426,523.0,0.7748091603053435,0.4202915643915582,0.0013841936189178735,0.39729213870348645,0.3449912475755962,1.0,1.0,48.730000000000004,10.549999999999999,False,False,近期份额下降,2026Q2,False,current_volume | current_share,313,False,False,multiyear | recent_growth | quarters | trend | peak | lower95 | qvalue,443,False,full-corpus numeric candidates; new taxonomy scope review pending
F0084,Ternary operation / Ternary numeral system / Phase diagram,待主题范围审阅,全量NMF关键词主题,待主题范围审阅,True,False,1555,415258,0.0037436102313312862,1080,336992,0.0032039307085119885,970,294811,0.0032891503790741577,796,259802,0.0030628489686678048,778,242777,0.003203347776173018,1555,1080,1.1684429445947484,3,2846,948.6666666666666,0.0031853100187513167,1.1752734299937406,1.1381693750302324,0.06471058016619846,3,4,3,3605,0.0034122304396391446,12,3,1.0,1907,2954,1291.6666666666667,1.4760185662712737,0.527813516262036,0.003191662321789977,1.1729343062933302,1.1026410720988284,1.910649390270147e-07,6.727638698134321e-07,88.56,64.16,False,False,平稳或增长证据不足,2026Q2,True,,43,False,False,multiyear,185,False,full-corpus numeric candidates; new taxonomy scope review pending
F0085,Sizing / Irrigation / Agricultural engineering,待主题范围审阅,全量NMF关键词主题,待主题范围审阅,True,False,1093,415258,0.0026317182821991394,561,336992,0.0016649764857283493,526,294811,0.0017843767898841256,504,259802,0.001939996616061403,539,242777,0.002219917951503331,1093,561,1.580633903696175,3,1591,530.3333333333334,0.0017964499638912928,1.4649549584440251,1.1855025004040967,0.19428387757328114,4,4,3,2180,0.002027023852603872,12,3,1.0,1249,1979,715.3333333333334,1.7449976733364354,0.42023650594542544,0.001784482903611013,1.4747792073959871,1.365501314617909,1.0711597089097872e-23,6.866408390447355e-23,69.36,81.4,False,False,多年背景上持续抬升,2026Q2,True,,168,False,True,,92,False,full-corpus numeric candidates; new taxonomy scope review pending
F0086,NIST / Josephson effect / Natural language processing,待主题范围审阅,全量NMF关键词主题,待主题范围审阅,True,False,135,415258,0.0003261068378948179,24,336992,7.264812805048008e-05,17,294811,5.930976984420171e-05,14,259802,5.575807915340009e-05,9,242777,3.909030683833484e-05,135,24,4.488853968380579,3,55,18.333333333333332,6.257199234936064e-05,5.211706158788311,4.488853968380579,0.8522255029970287,4,2,3,176,0.00015268824526316657,2,0,0.16666666666666666,134,190,26.0,5.0,0.1738613327061956,6.22298467800259e-05,5.240360611003294,3.834463198028049,1.4702629884257414e-31,1.2252191570214511e-30,4.569999999999999,99.86,False,False,多年背景上持续抬升,2026Q2,False,annual_volume | active_years | persistence | current_volume,496,False,False,baseline,1,False,full-corpus numeric candidates; new taxonomy scope review pending
F0087,Thermoelectric effect / Thermoelectric materials / Seebeck coefficient,待主题范围审阅,全量NMF关键词主题,待主题范围审阅,True,False,2962,415258,0.007129826621870097,2137,336992,0.006338178518689843,2279,294811,0.0077255211634204455,2132,259802,0.008200283020319013,2087,242777,0.00858958058158147,2962,2137,1.1249015156082878,3,6548,2182.6666666666665,0.007421327567476433,0.9607211859393159,0.8300552691895684,-0.04012118380316965,4,4,3,7378,0.007064508767993462,12,3,1.0,2388,3575,1801.0,1.325749167591565,0.4908156422226695,0.007342561290792786,0.9710271851336879,0.9297879317542023,0.9069610043018331,1.0,92.72,53.2,False,False,历史峰值以下的恢复或波动,2026Q2,True,,20,False,False,multiyear | recent_growth | trend | peak | lower95 | qvalue,242,False,full-corpus numeric candidates; new taxonomy scope review pending
F0088,PID controller / Controller (irrigation) / Control engineering,待主题范围审阅,全量NMF关键词主题,待主题范围审阅,True,False,484,415258,0.0011660425310704005,401,336992,0.0011905397311129692,524,294811,0.0017775985304733597,638,259802,0.002455278175134204,581,242777,0.0023927382554201795,484,401,0.9794234502197859,3,1563,521.0,0.0018078054789068445,0.6450044236924708,0.4749125955989347,-0.21082387495088062,2,4,3,1409,0.00137806026421891,12,3,1.0,647,1347,658.3333333333334,0.9828109201213346,0.3673502440276119,0.0017530876655958648,0.6651364640535926,0.6006907569794482,0.9999999999999987,1.0,50.75000000000001,31.070000000000004,False,False,近期份额下降,2026Q2,True,,295,False,False,multiyear | recent_growth | quarters | trend | peak | lower95 | qvalue,349,False,full-corpus numeric candidates; new taxonomy scope review pending
F0089,Nitrate / Nitrite / Electrosynthesis,待主题范围审阅,全量NMF关键词主题,待主题范围审阅,True,False,557,415258,0.001341731085803402,632,336992,0.0018755077955889242,369,294811,0.0012522834261390018,279,259802,0.0010747850429914016,198,242777,0.0008167816744641542,557,632,0.7153961657525865,3,1280,426.6666666666667,0.0014008587549064425,0.9577918409718691,0.7153961657525865,0.034496004774893674,0,4,3,1558,0.0014898407691771092,12,3,1.0,852,1474,573.0,1.4860627177700347,0.6467290290202802,0.0014357715099427599,0.9345018176721539,0.8460351164057369,0.909779043686127,1.0,66.08999999999999,39.790000000000006,False,False,近期份额下降,2026Q2,False,current_share,197,False,False,multiyear | recent_growth | quarters | peak | lower95 | qvalue,307,False,full-corpus numeric candidates; new taxonomy scope review pending
F0090,Climatology / Precipitation / Circulation (fluid dynamics),待主题范围审阅,全量NMF关键词主题,待主题范围审阅,True,False,211,415258,0.0005090154702195866,392,336992,0.0011638526636658542,292,294811,0.0009913204388245142,157,259802,0.0006056481011490009,190,242777,0.0007838635213371353,211,392,0.437353873140876,3,841,280.3333333333333,0.0009202737345464564,0.5531131131004706,0.437353873140876,-0.33327971079090446,0,4,3,895,0.000888062857569985,12,3,1.0,472,1366,510.0,0.9256360078277887,0.3477116577742481,0.0009435390282052575,0.5394747381968977,0.46397715020174474,0.9999999999999999,1.0,38.9,14.29,False,False,近期份额下降,2026Q2,False,current_volume | current_share,380,False,False,multiyear | recent_growth | quarters | trend | peak | lower95 | qvalue,427,False,full-corpus numeric candidates; new taxonomy scope review pending
F0091,Diffusion / Thermal diffusivity / Thermodynamics,待主题范围审阅,全量NMF关键词主题,待主题范围审阅,True,False,777,415258,0.0018712034425329958,644,336992,0.0019110905521850779,515,294811,0.0017470963631249132,436,259802,0.0016785104517558027,461,242777,0.0018989659585148975,777,644,0.9791286134471878,3,1595,531.6666666666666,0.0017788991223552646,1.0518884511312367,0.9791286134471878,0.03431329360007229,3,4,3,1936,0.0018431301192809956,12,3,1.0,1034,1979,810.0,1.2762022194821208,0.4410970756894011,0.001788967937613177,1.0459681267566687,0.9600385125302634,0.1519461698304594,0.3232897230435306,66.84,53.480000000000004,False,False,近期份额下降,2026Q2,True,,189,False,False,multiyear | recent_growth | peak | lower95 | qvalue,239,False,full-corpus numeric candidates; new taxonomy scope review pending
F0092,Regulator / Voltage regulator / Voltage regulation,待主题范围审阅,全量NMF关键词主题,待主题范围审阅,True,False,68,415258,0.00016485843834535075,127,336992,0.00037806678883413097,75,294811,0.00025587929275641306,62,259802,0.00024033654807500038,59,242777,0.0002448287638822024,68,127,0.4360563879565708,3,264,88.0,0.0002914275432218481,0.5656927156670737,0.4360563879565708,-0.21980933219151488,0,0,3,270,0.00026626817331196494,5,0,0.4166666666666667,107,399,151.33333333333334,0.7089715536105032,0.3260086295619925,0.0002965728733930964,0.5558783460510125,0.426167314193956,0.9999950662511367,1.0,13.130000000000003,15.389999999999999,False,False,近期份额下降,2026Q2,False,annual_volume | active_years | persistence | current_volume | current_share,485,False,False,volume | multiyear | recent_growth | quarters | trend | peak | lower95 | qvalue,421,False,full-corpus numeric candidates; new taxonomy scope review pending
F0093,Density functional theory / Computational chemistry / Electronic structure,待主题范围审阅,全量NMF关键词主题,待主题范围审阅,True,False,1638,415258,0.003943365711370178,685,336992,0.002032664970555269,1215,294811,0.004119487156892981,1261,259802,0.004850952886345808,1215,242777,0.005001501890736421,1638,685,1.9399978690501845,3,3161,1053.6666666666667,0.0036677016712646864,1.0751598861666516,0.7884363132350145,-0.02184703950676914,4,4,3,3538,0.003365172612939476,12,3,1.0,2023,3103,1430.0,1.4143955276030749,0.4759462920687072,0.0035448587494603945,1.1124182908473983,1.0479889483890035,0.0002213449797601325,0.000625268304407154,85.75,66.28,False,False,历史峰值以下的恢复或波动,2026Q2,True,,58,False,False,multiyear | trend | peak | lower95,171,False,full-corpus numeric candidates; new taxonomy scope review pending
F0094,Base (topology) / Base station / Common emitter,待主题范围审阅,全量NMF关键词主题,待主题范围审阅,True,False,217,415258,0.000523455625403121,204,336992,0.0006063894769927827,180,294811,0.0006117379118216233,113,259802,0.0004364511713042007,96,242777,0.00039707522209466437,217,204,0.8632333595217572,3,497,165.66666666666666,0.0005515261867062021,0.9491038467806528,0.8556860957732426,-0.07792584032021299,2,4,3,601,0.0005805276714058423,11,3,0.9166666666666666,247,719,256.0,0.9649805447470817,0.35661513476458595,0.0005578261040191511,0.9383849583796995,0.8001791483432729,0.7863809093410702,1.0,28.16,38.26,False,False,近期份额下降,2026Q2,False,annual_volume | current_volume,443,False,False,multiyear | recent_growth | quarters | trend | peak | lower95 | qvalue,317,False,full-corpus numeric candidates; new taxonomy scope review pending
F0095,Graphene / Oxide / Nanotechnology,待主题范围审阅,全量NMF关键词主题,待主题范围审阅,True,False,1543,415258,0.003714729920964217,1894,336992,0.0056176276976177345,1838,294811,0.006230914963346562,1784,259802,0.006862089120637411,1830,242777,0.007532084912375991,1543,1894,0.6612631026686802,3,5516,1838.6666666666667,0.006236877260533903,0.5956073473612371,0.49318747254966994,-0.2586086050976717,0,4,3,5275,0.005187757527309505,12,3,1.0,2132,3954,2073.6666666666665,1.0281169665809768,0.5144448084799773,0.006185422518234466,0.6005620327493052,0.5676061156969371,1.0,1.0,92.48,19.290000000000003,False,False,近期份额下降,2026Q2,False,current_share,22,False,False,multiyear | recent_growth | quarters | trend | peak | lower95 | qvalue,406,False,full-corpus numeric candidates; new taxonomy scope review pending
F0096,Finite element method / Coupling (piping) / Structural engineering,待主题范围审阅,全量NMF关键词主题,待主题范围审阅,True,False,884,415258,0.0021287195433060254,362,336992,0.0010748957721754705,413,294811,0.0014014051331758517,390,259802,0.0015016227523726024,416,242777,0.0017138013471754167,884,362,1.9803962378582363,3,1165,388.3333333333333,0.0013259745525746418,1.605399997437881,1.2421040202905964,0.20902262286993212,4,4,3,1659,0.001535006816219116,12,3,1.0,1030,1685,544.6666666666666,1.889431887599267,0.3298054588570535,0.001306826782380544,1.628922495319773,1.4925938232232854,9.753079893914729e-29,7.278417831279649e-28,55.910000000000004,87.57000000000001,False,False,多年背景上持续抬升,2026Q2,True,,258,False,True,,61,False,full-corpus numeric candidates; new taxonomy scope review pending
F0097,Mixing (physics) / Fluidized bed / Fluidization,待主题范围审阅,全量NMF关键词主题,待主题范围审阅,True,False,497,415258,0.0011973295339680584,211,336992,0.0006271460850072055,210,294811,0.0007134118029831119,171,259802,0.0006594834879178011,187,242777,0.0007715192139145033,497,211,1.9091716628579478,3,592,197.33333333333334,0.0006666804586360395,1.795957146273153,1.551911491475495,0.258895075039991,4,4,3,918,0.0008459624739861252,12,3,1.0,744,1222,348.3333333333333,2.1326335877862594,0.33075632517668313,0.0006643456615705468,1.802268913952882,1.59976934252457,4.195735819314856e-23,2.558375499582229e-22,38.730000000000004,90.08999999999999,False,False,多年背景上持续抬升,2026Q2,True,,383,False,True,,48,False,full-corpus numeric candidates; new taxonomy scope review pending
F0098,Benchmark (surveying) / Benchmarking / VVER,待主题范围审阅,全量NMF关键词主题,待主题范围审阅,True,False,1782,415258,0.004289929435775003,273,336992,0.0008109903274206653,430,294811,0.001459020338167362,539,259802,0.0020745850829834035,455,242777,0.0018742773436696335,1782,273,5.289741801753688,3,1242,414.0,0.0014481985828571433,2.9622521983907926,2.0678493598371848,0.5392525375122181,4,4,3,2485,0.002186646700454344,12,3,1.0,2012,2529,648.3333333333334,3.1001026694045173,0.4179763919960605,0.0013931636869222014,3.0792716434149825,2.864107740574253,1.7470808646961813e-226,1.0919255404351133e-224,74.71,98.68,False,False,多年背景上持续抬升,2026Q2,True,,128,False,True,,7,False,full-corpus numeric candidates; new taxonomy scope review pending
F0099,Population / Sample (material) / Estimation,待主题范围审阅,全量NMF关键词主题,待主题范围审阅,True,False,686,415258,0.0016521944222493911,166,336992,0.0004937107477716298,198,294811,0.0006727422465185165,240,259802,0.0009248150369926015,225,242777,0.0009278804412678426,686,166,3.346482590680055,3,604,201.33333333333334,0.000697089343760916,2.370132949293874,1.7806113253037816,0.4492486858422753,4,4,3,1050,0.0009395491388465124,11,3,0.9166666666666666,928,1384,376.6666666666667,2.459841129744042,0.2766163289729692,0.0006778007635770388,2.4375812348308203,2.185153246865783,1.3496465789356357e-61,2.1088227795869308e-60,39.34000000000001,96.63,False,False,多年背景上持续抬升,2026Q2,True,,376,False,True,,16,False,full-corpus numeric candidates; new taxonomy scope review pending
F0100,Turkish / Foreign policy / Diplomacy,待主题范围审阅,全量NMF关键词主题,待主题范围审阅,True,False,92,415258,0.00022261905907948825,80,336992,0.0002387009921658631,85,294811,0.00028977058981024265,102,259802,0.00039415193884300066,93,242777,0.0003847309146720323,92,80,0.9326272884731028,3,267,89.0,0.0003075411736063688,0.7238674954281897,0.5648051858706251,-0.13181374241028276,2,2,3,257,0.00025036354701853136,5,0,0.4166666666666667,58,185,83.0,0.7023809523809523,0.13408516676538063,0.0002999366488947194,0.7422202651788299,0.5859481509619956,0.9938322217666253,1.0,8.209999999999999,32.17,False,False,近期份额下降,2026Q2,False,annual_volume | active_years | persistence | current_volume,490,False,False,volume | multiyear | recent_growth | quarters | trend | peak | lower95 | qvalue,345,False,full-corpus numeric candidates; new taxonomy scope review pending
F0101,Response surface methodology / Central composite design / Chromatography,待主题范围审阅,全量NMF关键词主题,待主题范围审阅,True,False,442,415258,0.00106496144478566,219,336992,0.0006508679227379745,308,294811,0.0010455465141106415,325,259802,0.001251672742374602,317,242777,0.001306439202228559,442,219,1.6362174376419387,3,852,284.0,0.0009826957264077393,1.0837143341191118,0.8151634174548806,0.009199433853155803,4,4,3,969,0.0009204586272114254,12,3,1.0,712,1287,482.6666666666667,1.4741557546519641,0.49357417568447653,0.0009558728717112086,1.1141245622748561,0.9932534139982585,0.03276674388222894,0.07691723916016183,49.620000000000005,65.99,False,False,历史峰值以下的恢复或波动,2026Q2,True,,302,False,False,multiyear | peak | lower95 | qvalue,173,False,full-corpus numeric candidates; new taxonomy scope review pending
F0102,Crystallite / Crystallinity / Polycrystalline silicon,待主题范围审阅,全量NMF关键词主题,待主题范围审阅,True,False,834,415258,0.0020083849167765724,317,336992,0.0009414604349398948,466,294811,0.0015810290075611484,586,259802,0.0022553181671358035,553,242777,0.002277524719475614,834,317,2.133265342058472,3,1369,456.3333333333333,0.0015926025365456155,1.2610710272588141,0.8818279334588257,0.11962748470913054,3,4,3,1617,0.0015102914530925385,12,3,1.0,1360,2118,818.3333333333334,1.661106590724166,0.4114037219199642,0.0015355635164909095,1.307913932056787,1.2000464969881848,4.2161013887014724e-10,1.6469146049615127e-09,62.330000000000005,76.97,False,False,历史峰值以下的恢复或波动,2026Q2,True,,220,False,False,peak,118,False,full-corpus numeric candidates; new taxonomy scope review pending
F0103,Mechanism (biology) / Reaction mechanism / Clean Development Mechanism,待主题范围审阅,全量NMF关键词主题,待主题范围审阅,True,False,1475,415258,0.003551074828884161,2139,336992,0.0063441089781225354,957,294811,0.003245091692904179,375,259802,0.0014439419808346024,374,242777,0.001540981043258568,1475,2139,0.5597436678862128,3,3471,1157.0,0.0036777142172871053,0.9655657343336588,0.5597436678862128,0.0450533599659817,0,4,3,4571,0.004380091833303625,12,3,1.0,1471,2914,1123.3333333333333,1.3092202786836644,0.49109244619709125,0.0038924488846281066,0.9122983844201306,0.8583875409475779,0.9984401472872496,1.0,88.58,36.94,False,False,近期份额下降,2026Q2,False,current_share,42,False,False,multiyear | recent_growth | quarters | peak | lower95 | qvalue,321,False,full-corpus numeric candidates; new taxonomy scope review pending
F0104,Mathematical optimization / Scheduling (production processes) / Economic dispatch,待主题范围审阅,全量NMF关键词主题,待主题范围审阅,True,False,332,415258,0.0008002252664208631,757,336992,0.00224616151013219,936,294811,0.003173919969091137,986,259802,0.003793472074815806,1003,242777,0.004129170832870422,332,757,0.35626345781954416,3,2679,893.0,0.0030711845180130446,0.26055916267075435,0.1937980526382293,-0.688914707592232,0,4,3,2025,0.002073435581881397,12,3,1.0,500,1714,973.0,0.5143737166324436,0.448466536707253,0.003004412152199629,0.2663500298502627,0.23766191507112736,1.0,1.0,65.16000000000001,8.12,False,False,近期份额下降,2026Q2,False,current_share,203,False,False,multiyear | recent_growth | quarters | trend | peak | lower95 | qvalue,457,False,full-corpus numeric candidates; new taxonomy scope review pending
F0105,Boron / Boron nitride / Nitride,待主题范围审阅,全量NMF关键词主题,待主题范围审阅,True,False,340,415258,0.0008194788066655756,737,336992,0.0021868569158052676,500,294811,0.0016962594175441688,398,259802,0.0015323858305262025,373,242777,0.0015368662741176906,340,737,0.37472904639662646,3,1635,545.0,0.0018051673879585462,0.4539627804778368,0.37472904639662646,-0.363756113280969,0,4,3,1577,0.0015675317133383374,12,3,1.0,697,1968,903.0,0.7721238938053098,0.48956035640417955,0.0018338182776348173,0.4468702360860452,0.3976275972029835,1.0,1.0,62.83,11.9,False,False,近期份额下降,2026Q2,False,current_share,218,False,False,multiyear | recent_growth | quarters | trend | peak | lower95 | qvalue,438,False,full-corpus numeric candidates; new taxonomy scope review pending
F0106,Photodetector / Responsivity / Photodetection,待主题范围审阅,全量NMF关键词主题,待主题范围审阅,True,False,1464,415258,0.0035246012110476815,1233,336992,0.0036576108551129457,1192,294811,0.004041537173669173,1146,259802,0.004408733637887807,973,242777,0.004005727758644101,1464,1233,0.9636348290361915,3,3571,1190.3333333333333,0.004035960555556641,0.8732992214691174,0.7994588697212138,-0.06842890494546872,1,4,3,3889,0.0037412497466099335,12,3,1.0,1489,2240,1034.0,1.4396135265700483,0.5810820804151725,0.004004574734682207,0.8801436967881647,0.8282107380123054,0.9999811200497025,1.0,89.09,39.550000000000004,False,False,近期份额下降,2026Q2,True,,36,False,False,multiyear | recent_growth | quarters | trend | peak | lower95 | qvalue,308,False,full-corpus numeric candidates; new taxonomy scope review pending
F0107,Set (abstract data type) / Code (set theory) / Programming language,待主题范围审阅,全量NMF关键词主题,待主题范围审阅,True,False,743,415258,0.0017893758964929677,196,336992,0.0005826676392620136,179,294811,0.0006083487821162404,183,259802,0.0007056281051482012,194,242777,0.0008003225979006448,743,196,3.0710061378375646,3,558,186.0,0.000632214842175485,2.8303288330524317,2.235818282760907,0.5394369022878234,4,4,3,1118,0.000993464105957074,10,3,0.8333333333333334,804,1130,257.6666666666667,3.1121134020618553,0.19317198445607464,0.0006262228725521526,2.8574106359296967,2.5604027987876012,3.7975534993600215e-86,9.04179404609529e-85,35.57,98.17,False,False,多年背景上持续抬升,2026Q2,True,,394,False,True,,10,False,full-corpus numeric candidates; new taxonomy scope review pending
F0108,Natural resource economics / Nexus (standard) / Environmental economics,待主题范围审阅,全量NMF关键词主题,待主题范围审阅,True,False,112,415258,0.0002707529096912695,408,336992,0.0012112963391273921,303,294811,0.0010286008655837268,142,259802,0.0005479673296110008,132,242777,0.000545206911166249,112,408,0.22352326259511165,3,853,284.3333333333333,0.0009292881781073733,0.29135516416736956,0.22352326259511165,-0.667374071125654,0,1,3,823,0.0008368833714674628,9,2,0.75,290,1362,574.3333333333334,0.5057937427578215,0.48811375775856014,0.0009569941302117497,0.2829201362304712,0.23242609540486608,1.0,1.0,41.19,7.3,False,False,近期份额下降,2026Q2,False,active_years | current_volume | current_share,361,False,False,multiyear | recent_growth | quarters | trend | peak | lower95 | qvalue,461,False,full-corpus numeric candidates; new taxonomy scope review pending
F0109,Wind power / Turbine / Wind speed,待主题范围审阅,全量NMF关键词主题,待主题范围审阅,True,False,2597,415258,0.006251383848205089,1491,336992,0.004422640121930246,1499,294811,0.00508199999322174,1592,259802,0.00612377524495101,1484,242777,0.006108374789632428,2597,1491,1.4134959381403827,3,4582,1527.3333333333333,0.005209471786700999,1.2000033984566219,1.0208382244856702,0.10354898569404458,4,4,3,5587,0.005252007987785692,12,3,1.0,2398,3791,1618.3333333333333,1.4814738575545492,0.3547538737573379,0.0051381670787291655,1.2166563975866775,1.1594761421893867,4.926528371514551e-16,2.539447614182758e-15,83.91,71.37,False,False,平稳或增长证据不足,2026Q2,True,,65,False,False,multiyear | peak,140,False,full-corpus numeric candidates; new taxonomy scope review pending
F0110,Probabilistic logic / Probabilistic forecasting / Electric power system,待主题范围审阅,全量NMF关键词主题,待主题范围审阅,True,False,1612,415258,0.0038807917055748626,470,336992,0.001395140581540852,422,294811,0.0014319073005242984,369,259802,0.0014208696722194023,390,242777,0.0016068173495126057,1612,470,2.7816492165174873,3,1261,420.3333333333333,0.0014159725180948508,2.740725300796341,2.415204009809839,0.49851592423823465,4,4,3,2504,0.0022359465292133376,12,3,1.0,1534,2046,552.3333333333334,2.7740963855421685,0.38398853586906545,0.0014144675984324806,2.7436412893979143,2.548776350465594,2.390673985294358e-173,1.328152214052421e-171,70.86,97.32,False,False,多年背景上持续抬升,2026Q2,True,,158,False,True,,13,False,full-corpus numeric candidates; new taxonomy scope review pending
F0111,Voltage / Inverter / Electrical engineering,待主题范围审阅,全量NMF关键词主题,待主题范围审阅,True,False,490,415258,0.001180482686253935,672,336992,0.001994116984242769,777,294811,0.002635048345935247,744,259802,0.0028628889606694048,772,242777,0.0031786591613277536,490,672,0.5919826647994789,3,2193,731.0,0.0024973514302824734,0.47269385955840887,0.3713775608960972,-0.40148905922210076,0,4,3,1939,0.0019365493388106506,12,3,1.0,537,1541,777.0,0.6915167095115681,0.3075759746451304,0.002459480520936699,0.47997236660542664,0.43521226290830295,1.0,1.0,55.510000000000005,13.84,False,False,近期份额下降,2026Q2,False,current_share,265,False,False,multiyear | recent_growth | quarters | trend | peak | lower95 | qvalue,430,False,full-corpus numeric candidates; new taxonomy scope review pending
F0112,Hydrothermal circulation / Hydrothermal synthesis / Chemical engineering,待主题范围审阅,全量NMF关键词主题,待主题范围审阅,True,False,921,415258,0.0022177671669378206,815,336992,0.002418144833680265,520,294811,0.001764042011651828,447,259802,0.0017208096842170027,464,242777,0.0019113102659375296,921,815,0.9171357877528443,3,1782,594.0,0.001967665509849699,1.1271057788207235,0.9171357877528443,0.11444656782931206,0,4,3,2256,0.0021333180040899714,12,3,1.0,1421,2455,924.0,1.5372972972972974,0.4846333438665711,0.0019986432772143453,1.1096363179070576,1.0248113504353968,0.005103283112324788,0.012952495208946162,76.19,52.449999999999996,False,False,近期份额下降,2026Q2,True,,115,False,False,multiyear | recent_growth | quarters | peak | lower95,246,False,full-corpus numeric candidates; new taxonomy scope review pending
F0113,Wafer / Transformation (genetics) / Epitaxy,待主题范围审阅,全量NMF关键词主题,待主题范围审阅,True,False,412,415258,0.0009927606688679882,263,336992,0.000781338030257204,263,294811,0.0008930356773684086,328,259802,0.001263208896682202,329,242777,0.0013558164319190872,412,263,1.2705904876295184,3,854,284.6666666666667,0.000979194201435938,1.0138547260718616,0.732223511602369,0.052931542198544346,3,4,3,938,0.0008890447921645336,12,3,1.0,564,1040,447.0,1.2611607142857142,0.36495821603693174,0.0009581153887122907,1.0361598201676532,0.9212820753581683,0.2784713287223829,0.575353984963601,39.269999999999996,57.38999999999999,False,False,历史峰值以下的恢复或波动,2026Q2,True,,377,False,False,multiyear | peak | lower95 | qvalue,216,False,full-corpus numeric candidates; new taxonomy scope review pending
F0114,Unit (ring theory) / Power system simulation / Power unit,待主题范围审阅,全量NMF关键词主题,待主题范围审阅,True,False,268,415258,0.0006461969444631632,426,336992,0.0012646704740216224,255,294811,0.0008659226397253449,137,259802,0.0005287404057650008,159,242777,0.0006563056779699375,268,426,0.510960726716638,3,818,272.6666666666667,0.0008864445065039894,0.7289761961655916,0.510960726716638,-0.146345624545535,0,4,3,949,0.0009255966860700435,11,3,0.9166666666666666,352,982,346.0,1.0172910662824208,0.3058370389219716,0.0009177500826928145,0.7041099277998709,0.6134446369022565,0.999999748996449,1.0,33.489999999999995,21.930000000000003,False,False,近期份额下降,2026Q2,False,current_share,407,False,False,multiyear | recent_growth | quarters | trend | peak | lower95 | qvalue,388,False,full-corpus numeric candidates; new taxonomy scope review pending
F0115,Cover (algebra) / Action (physics) / Content (measure theory),待主题范围审阅,全量NMF关键词主题,待主题范围审阅,True,False,189,415258,0.00045606823454662725,274,336992,0.0008139555571370114,196,294811,0.0006659639871077506,189,259802,0.0007287004137634011,223,242777,0.000919650902986088,189,274,0.5603109783423449,3,659,219.66666666666666,0.0007362066526693877,0.6194839898457645,0.4959145182870836,-0.18929658009153227,1,4,3,659,0.0006453292595971297,12,3,1.0,247,751,289.0,0.8551724137931035,0.12729837046125833,0.0007394699811067943,0.6167501672806402,0.5247476047577372,0.9999999985371167,1.0,23.400000000000002,21.43,False,False,近期份额下降,2026Q2,False,annual_volume | current_volume | current_share,465,False,False,multiyear | recent_growth | quarters | trend | peak | lower95 | qvalue,392,False,full-corpus numeric candidates; new taxonomy scope review pending
F0116,Mass transfer / Moisture / Desiccant,待主题范围审阅,全量NMF关键词主题,待主题范围审阅,True,False,582,415258,0.0014018983990681287,280,336992,0.0008317469354350882,324,294811,0.0010997725893967687,358,259802,0.0013785704397582023,322,242777,0.0013270130479329457,582,280,1.6854867019555575,3,962,320.6666666666667,0.0011033633215300198,1.2705682450311417,1.0169218479064575,0.12136194794974031,4,4,3,1186,0.001111139307966662,12,3,1.0,787,1308,453.6666666666667,1.7331378299120235,0.4257621361257288,0.0010792113067707196,1.299002697871071,1.171994614495362,2.8918251676912595e-07,1.0041059610039094e-06,50.480000000000004,77.77,False,False,多年背景上持续抬升,2026Q2,True,,297,False,False,peak,115,False,full-corpus numeric candidates; new taxonomy scope review pending
F0117,Thermal runaway / Exothermic reaction / Overcharge,待主题范围审阅,全量NMF关键词主题,待主题范围审阅,True,False,1110,415258,0.0026726320552191533,571,336992,0.0016946287828918107,530,294811,0.0017979333087056574,401,259802,0.0015439219848338024,334,242777,0.001376390277623474,1110,571,1.5771194743065926,3,1502,500.6666666666667,0.00167882802547709,1.591962973372239,1.486502331470346,0.19821296594210747,4,4,3,2211,0.00205506471560554,12,3,1.0,929,1372,488.0,1.901840490797546,0.6248217579124037,0.0016846908970628634,1.586422803066541,1.468024824803158,2.47806445352368e-32,2.2125575477889996e-31,75.06000000000002,84.02000000000001,False,False,多年背景上持续抬升,2026Q2,True,,123,False,True,,78,False,full-corpus numeric candidates; new taxonomy scope review pending
F0118,Biogas / Anaerobic digestion / Methane,待主题范围审阅,全量NMF关键词主题,待主题范围审阅,True,False,2295,415258,0.005524562703967192,1659,336992,0.004920798714276395,1679,294811,0.0056920433401906724,1736,259802,0.006677510651715811,1794,242777,0.007383953223304407,2295,1659,1.122696339506661,3,5074,1691.3333333333333,0.00576345090206096,0.9585511871007102,0.7481849541694259,-0.014932599379650302,3,4,3,5633,0.0053791349194780855,12,3,1.0,2406,3919,1841.6666666666667,1.306259044862518,0.43165964350055336,0.005689826260995341,0.9709545512556232,0.9242464863373526,0.8783993377938593,1.0,88.68,51.03,False,False,历史峰值以下的恢复或波动,2026Q2,True,,40,False,False,multiyear | recent_growth | trend | peak | lower95 | qvalue,251,False,full-corpus numeric candidates; new taxonomy scope review pending
F0119,Natural (archaeology) / Natural resource / Telmatology,待主题范围审阅,全量NMF关键词主题,待主题范围审阅,True,False,492,415258,0.001185296071315113,435,336992,0.0012913575414687376,241,294811,0.0008184748238499836,142,259802,0.0005479673296110008,131,242777,0.0005410921420253717,492,435,0.9178682380768114,3,818,272.6666666666667,0.0008859332316432407,1.3379067733091017,0.9178682380768114,0.1851526170616431,1,4,3,1168,0.0010983761455446114,12,3,1.0,607,1352,393.6666666666667,1.5405405405405406,0.2762445770166779,0.0009177500826928145,1.2915237968023703,1.1549391830163718,3.446076419413978e-06,1.1045116728890956e-05,41.489999999999995,62.160000000000004,False,False,近期份额下降,2026Q2,True,,360,False,False,recent_growth | quarters | peak,194,False,full-corpus numeric candidates; new taxonomy scope review pending
F0120,Commercialization / Nanotechnology / Marketing,待主题范围审阅,全量NMF关键词主题,待主题范围审阅,True,False,493,415258,0.001187702763845702,163,336992,0.00048481505862259147,284,294811,0.0009642074011814506,339,259802,0.001305508129143402,288,242777,0.0011871108971431158,493,163,2.4498058439440507,3,786,262.0,0.0009181768629824813,1.293544644533657,0.9097628251652504,0.10423492595546024,4,4,3,940,0.000878908407883248,12,3,1.0,752,1227,489.0,1.536734693877551,0.6474251470461378,0.0008818698106755022,1.3468005701838635,1.2034301899950453,9.802476861811692e-08,3.5008845935041753e-07,53.300000000000004,79.94,False,False,历史峰值以下的恢复或波动,2026Q2,True,,278,False,False,peak,103,False,full-corpus numeric candidates; new taxonomy scope review pending
F0121,Energy (signal processing) / Energy consumption / Efficient energy use,待主题范围审阅,全量NMF关键词主题,待主题范围审阅,True,False,2496,415258,0.0060083079026155934,2168,336992,0.006430100639896573,1241,294811,0.004207604529232938,577,259802,0.0022207097042130034,567,242777,0.0023351314874478966,2496,2168,0.9344034003661,3,3986,1328.6666666666667,0.004286138291114171,1.401799824114809,0.9344034003661,0.17812483579810667,1,4,3,5905,0.005548671023915035,12,3,1.0,2182,3908,1303.6666666666667,1.6732243229432804,0.296342421341751,0.004469897012406725,1.3441714397308993,1.2785841499790873,9.194012674261374e-32,7.791536164628284e-31,80.75000000000001,63.72,False,False,近期份额下降,2026Q2,True,,84,False,False,recent_growth | quarters | peak,187,False,full-corpus numeric candidates; new taxonomy scope review pending
F0122,Cloud computing / Enhanced Data Rates for GSM Evolution / Cloud cover,待主题范围审阅,全量NMF关键词主题,待主题范围审阅,True,False,907,415258,0.002184073471509574,491,336992,0.0014574104055841207,371,294811,0.0012590616855497677,330,259802,0.001270899666220602,309,242777,0.0012735210491015402,907,491,1.4985987908012852,3,1192,397.3333333333333,0.0013291239191181633,1.6432429212158381,1.4985987908012852,0.27541247429248106,4,4,3,1769,0.0016335151875478207,12,3,1.0,948,1721,576.3333333333334,1.6437644341801385,0.3162507918974256,0.001337100761895151,1.6334397030886132,1.498324984739053,1.0123562646746204e-29,7.787355882112465e-29,56.580000000000005,83.81,False,False,多年背景上持续抬升,2026Q2,True,,255,False,True,,80,False,full-corpus numeric candidates; new taxonomy scope review pending
F0123,Metal-organic framework / Zeolitic imidazolate framework / Imidazolate,待主题范围审阅,全量NMF关键词主题,待主题范围审阅,True,False,355,415258,0.0008555791946244116,747,336992,0.0022165092129687288,744,294811,0.00252320706565761,643,259802,0.002474505098980204,554,242777,0.0022816394886164913,355,747,0.3860029949879944,3,2134,711.3333333333334,0.002404740459202181,0.3557885805723361,0.33908401980533714,-0.5407536781384992,0,4,3,1846,0.0018650984910835834,12,3,1.0,682,1853,965.3333333333334,0.7067954467057606,0.6928733958995011,0.00239332626940478,0.35748539827676484,0.3195194909975698,1.0,1.0,71.2,10.45,False,False,近期份额下降,2026Q2,False,current_share,152,False,False,multiyear | recent_growth | quarters | trend | peak | lower95 | qvalue,445,False,full-corpus numeric candidates; new taxonomy scope review pending
F0124,Microwave / Attenuation / Microwave heating,待主题范围审阅,全量NMF关键词主题,待主题范围审阅,True,False,549,415258,0.0013224775455586897,478,336992,0.001418862419271621,352,294811,0.0011946682211474915,280,259802,0.0010786304277606018,267,242777,0.0011007007451846913,549,478,0.9320689078773325,3,1110,370.0,0.0012307203560599047,1.0745556771259894,0.9320689078773325,0.050819199097561274,1,4,3,1379,0.0013120027286592673,12,3,1.0,784,1464,570.3333333333334,1.3739789964994165,0.49444552139871417,0.0012451575648507885,1.062096543353665,0.9588865642203958,0.12447880016164298,0.27297982491588374,58.620000000000005,49.64,False,False,近期份额下降,2026Q2,True,,242,False,False,multiyear | recent_growth | quarters | peak | lower95 | qvalue,260,False,full-corpus numeric candidates; new taxonomy scope review pending
F0125,Analytical Chemistry (journal) / Chromatography / Electrical resistivity and conductivity,待主题范围审阅,全量NMF关键词主题,待主题范围审阅,True,False,197,415258,0.00047532177479133977,143,336992,0.000425510464295669,140,294811,0.00047617272360630516,137,259802,0.0005287404057650008,120,242777,0.0004958296814757208,197,143,1.1170624806563136,3,420,140.0,0.00047680786455565834,0.9968832524067037,0.898970023113,-0.0008943289144269784,3,4,3,480,0.00045900165423110457,11,1,0.9166666666666666,295,708,263.0,1.121212121212121,0.31836783969267823,0.00047148919947749356,1.00812865982528,0.8513083324296427,0.4673563637980745,0.9236291774665504,23.44,51.24999999999999,False,False,历史峰值以下的恢复或波动,2026Q2,False,annual_volume | active_years | current_volume,464,False,False,multiyear | recent_growth | trend | peak | lower95 | qvalue,248,False,full-corpus numeric candidates; new taxonomy scope review pending
F0126,Selection (genetic algorithm) / Site selection / Feature selection,待主题范围审阅,全量NMF关键词主题,待主题范围审阅,True,False,722,415258,0.0017388353533505973,663,336992,0.0019674299167956543,356,294811,0.0012082247399690233,195,259802,0.0007517727223786012,198,242777,0.0008167816744641542,722,663,0.8838105685526181,3,1214,404.6666666666667,0.0013091424597144261,1.3282247019395457,0.8838105685526181,0.18203171336800317,0,4,3,1741,0.0016381633367050915,12,3,1.0,965,1899,570.3333333333334,1.690781796966161,0.3708228572054804,0.0013617684489070532,1.276895021871138,1.1645600006809436,9.011736764877205e-08,3.2416319298119444e-07,59.720000000000006,59.540000000000006,False,False,近期份额下降,2026Q2,True,,236,False,False,recent_growth | quarters | peak,203,False,full-corpus numeric candidates; new taxonomy scope review pending
F0127,Seawater / Oceanography / Uranium,待主题范围审阅,全量NMF关键词主题,待主题范围审阅,True,False,942,415258,0.002268307710080191,923,336992,0.0027383896430456466,625,294811,0.002119900630717038,367,259802,0.0014131789026810022,266,242777,0.001096585976043814,942,923,0.8283363603279522,3,1915,638.3333333333334,0.002090489725481229,1.085060444177992,0.8283363603279522,0.033832418009484666,1,4,3,2490,0.0023755326612809585,12,3,1.0,1116,1942,774.0,1.4412903225806453,0.6295669990197788,0.002147770657786299,1.0561219382790754,0.9768908674286608,0.08455800291461019,0.1904459525103833,80.9,47.760000000000005,False,False,近期份额下降,2026Q2,True,,82,False,False,multiyear | recent_growth | quarters | peak | lower95 | qvalue,270,False,full-corpus numeric candidates; new taxonomy scope review pending
F0128,Organic solar cell / Energy conversion efficiency / Acceptor,待主题范围审阅,全量NMF关键词主题,待主题范围审阅,True,False,856,415258,0.0020613321524495317,691,336992,0.0020504563488533455,879,294811,0.0029807395758843086,936,259802,0.0036012028363558058,1017,242777,0.004186777600842705,856,691,1.0053040893078597,3,2506,835.3333333333334,0.00287746625369782,0.7163705742162996,0.4923433602096829,-0.18440949990483402,3,4,3,2426,0.002364176025729062,12,3,1.0,904,1567,827.6666666666666,1.092115848753017,0.579213146093631,0.0028104344316060344,0.733456767134601,0.6787097862472998,0.9999999999999982,1.0,76.95,36.64,False,False,历史峰值以下的恢复或波动,2026Q2,True,,109,False,False,multiyear | recent_growth | trend | peak | lower95 | qvalue,323,False,full-corpus numeric candidates; new taxonomy scope review pending
F0129,Combustion / Coal / Oxygen,待主题范围审阅,全量NMF关键词主题,待主题范围审阅,True,False,1468,415258,0.0035342279811700376,919,336992,0.0027265287241802624,927,294811,0.0031434178017426904,992,259802,0.003816544383431006,890,242777,0.003664201919951281,1468,919,1.2962372080758517,3,2838,946.0,0.0032288303031179862,1.0945846171466918,0.9260282669614415,0.05859210138042714,4,4,3,3314,0.0031347248356976636,12,3,1.0,1396,2359,960.3333333333334,1.4531900138696254,0.4143554765411604,0.003182692253785649,1.1104523150066599,1.0426486970637625,0.0005366302045134643,0.0014824038798714485,78.67,65.60000000000001,False,False,历史峰值以下的恢复或波动,2026Q2,True,,97,False,False,multiyear | peak | lower95,177,False,full-corpus numeric candidates; new taxonomy scope review pending
F0130,Work (physics) / Mechanical engineering / Work function,待主题范围审阅,全量NMF关键词主题,待主题范围审阅,True,False,2568,415258,0.006181589764818006,567,336992,0.001682767864026426,357,294811,0.0012116138696744063,380,259802,0.0014631689046806023,388,242777,0.001598587811230851,2568,567,3.6734655426726945,3,1304,434.6666666666667,0.0014525168794604782,4.255778264769006,3.6734655426726945,0.8148111171885151,4,4,3,3492,0.0030253238328396127,12,3,1.0,2137,2612,443.3333333333333,4.811702925731433,0.13000606605832954,0.0014626817139557439,4.2262029434279516,3.9537581161249977,0.0,0.0,70.03,99.56,False,False,多年背景上持续抬升,2026Q2,True,,164,False,True,,2,False,full-corpus numeric candidates; new taxonomy scope review pending
F0131,Cobalt / Cobalt oxide / Inorganic chemistry,待主题范围审阅,全量NMF关键词主题,待主题范围审阅,True,False,968,415258,0.002330881715875507,1451,336992,0.004304030933276401,1175,294811,0.003983921968677663,899,259802,0.0034589235998954055,865,242777,0.0035613326914293473,968,1451,0.5415578447297883,3,3525,1175.0,0.00391562550061649,0.5952769782269843,0.5415578447297883,-0.26801006926465165,0,4,3,3594,0.003539611539276523,12,3,1.0,1415,2918,1421.0,0.9957805907172996,0.5520422481302198,0.003952996843657321,0.5896492732129202,0.5491770556878757,1.0,1.0,88.47,16.950000000000003,False,False,近期份额下降,2026Q2,False,current_share,44,False,False,multiyear | recent_growth | quarters | trend | peak | lower95 | qvalue,416,False,full-corpus numeric candidates; new taxonomy scope review pending
F0132,Humanities / Philosophy / Physics,待主题范围审阅,全量NMF关键词主题,待主题范围审阅,True,False,83,415258,0.0002009588263041867,797,336992,0.002364770698786035,1239,294811,0.004200826269822172,1344,259802,0.0051701198221894085,1458,242777,0.006001390791969616,83,797,0.0849802589347668,3,3380,1126.6666666666667,0.003911905596932538,0.05137108279447375,0.03348537585205868,-1.5199682365073324,0,1,3,2119,0.0022555185983041313,9,2,0.75,80,1365,871.3333333333334,0.09285441345051586,0.07002197846268851,0.003790414361078875,0.05301764059562799,0.04267012227643253,1.0,1.0,46.14,0.18,False,False,近期份额下降,2026Q2,False,active_years | current_volume | current_share,339,False,False,volume | multiyear | recent_growth | quarters | trend | peak | lower95 | qvalue,500,False,full-corpus numeric candidates; new taxonomy scope review pending
F0133,Evaporation / Maple / Evaporator,待主题范围审阅,全量NMF关键词主题,待主题范围审阅,True,False,658,415258,0.0015848070313928973,466,336992,0.0013832796626754675,389,294811,0.0013200660202466608,325,259802,0.001251672742374602,311,242777,0.001281750587383295,658,466,1.1456880876334479,3,1180,393.3333333333333,0.00131833947509891,1.2021236269770312,1.1456880876334479,0.09139045123815137,4,4,3,1513,0.0014293842381050085,12,3,1.0,855,1404,498.3333333333333,1.7142857142857144,0.5144453594565185,0.001323645659888659,1.1973045954959023,1.0884356070812773,0.00010428590451386697,0.0002996721394076637,62.050000000000004,69.99,False,False,平稳或增长证据不足,2026Q2,True,,222,False,False,multiyear | recent_growth,149,False,full-corpus numeric candidates; new taxonomy scope review pending
F0134,Induction motor / Stator / Vector control,待主题范围审阅,全量NMF关键词主题,待主题范围审阅,True,False,493,415258,0.001187702763845702,359,336992,0.001066000083026432,360,294811,0.001221781258790555,435,259802,0.0016746650669866028,434,242777,0.001787867191711209,493,359,1.1141676091372803,3,1154,384.6666666666667,0.0013208154696011966,0.8992193013943982,0.6643126342672715,-0.014144425623848988,3,4,3,1212,0.001158494701887563,12,3,1.0,538,1046,419.0,1.2833333333333334,0.2442683696467586,0.0012944929388745928,0.9175042429186736,0.825710489716902,0.9459202052452751,1.0,39.160000000000004,48.41,False,False,历史峰值以下的恢复或波动,2026Q2,True,,378,False,False,multiyear | recent_growth | trend | peak | lower95 | qvalue,265,False,full-corpus numeric candidates; new taxonomy scope review pending
F0135,Fault (geology) / Fault detection and isolation / Fault indicator,待主题范围审阅,全量NMF关键词主题,待主题范围审阅,True,False,1905,415258,0.0045859526170374575,912,336992,0.0027057721161658395,911,294811,0.003089191726456563,822,259802,0.003162828972667005,768,242777,0.0031622000847642442,1905,912,1.694877624630078,3,2645,881.6666666666666,0.0029859309384298025,1.535853545041819,1.4499527659158966,0.19754418639948357,4,4,3,3728,0.0034603054865532863,12,3,1.0,1575,2421,874.6666666666666,1.799771602588504,0.36382680701027353,0.0029662893631812346,1.5460233495626314,1.457605112278115,6.97858042952869e-49,8.510463938449623e-48,78.48,84.05,False,False,多年背景上持续抬升,2026Q2,True,,98,False,True,,77,False,full-corpus numeric candidates; new taxonomy scope review pending
F0136,Center (category theory) / Data center / Research center,待主题范围审阅,全量NMF关键词主题,待主题范围审阅,True,False,142,415258,0.0003429536856089413,213,336992,0.0006330765444398978,111,294811,0.00037788796215019945,67,259802,0.0002595634719210004,53,242777,0.00022014014903693827,142,213,0.5417254653027194,3,391,130.33333333333334,0.0004235093261703659,0.8097901614355021,0.5417254653027194,-0.048501172293849315,0,3,3,466,0.0004513060640663462,9,1,0.75,195,563,193.66666666666666,1.0068493150684932,0.45358782821935445,0.0004389727029618043,0.7812642638027136,0.6449388497863572,0.9945512059264993,1.0,27.51,25.990000000000002,False,False,近期份额下降,2026Q2,False,annual_volume | active_years | current_volume | current_share,447,False,False,multiyear | recent_growth | quarters | trend | peak | lower95 | qvalue,373,False,full-corpus numeric candidates; new taxonomy scope review pending
F0137,Database / Table (database) / Operating system,待主题范围审阅,全量NMF关键词主题,待主题范围审阅,True,False,33,415258,8.062419977473357e-05,88,336992,0.0002624228298966321,84,294811,0.0002863814601048597,49,259802,0.0001903465460754003,49,242777,0.0002036810724734289,33,88,0.30723012859243726,3,221,73.66666666666667,0.00024638361202563067,0.3272303669545458,0.2815273018903273,-0.6337629244641692,0,0,3,205,0.00020980949659207514,3,0,0.25,50,320,119.33333333333333,0.42382271468144045,0.27191885053090986,0.0002483587578698331,0.3246279715128443,0.22572935650645023,0.9999999999361917,1.0,7.360000000000001,8.3,False,False,近期份额下降,2026Q2,False,annual_volume | active_years | persistence | current_volume | current_share,491,False,False,volume | multiyear | recent_growth | quarters | trend | peak | lower95 | qvalue,455,False,full-corpus numeric candidates; new taxonomy scope review pending
F0138,Kinetic energy / Thermogravimetric analysis / Activation energy,待主题范围审阅,全量NMF关键词主题,待主题范围审阅,True,False,894,415258,0.002152786468611916,541,336992,0.0016056718914014268,335,294811,0.0011370530161559813,287,259802,0.0011055481211450018,282,242777,0.0011624222822978517,894,541,1.3407387151387256,3,1163,387.6666666666667,0.0012827576762341364,1.6782487514960518,1.3407387151387256,0.31916159657040355,4,4,3,1770,0.0016318371253897749,12,3,1.0,1164,1969,647.6666666666666,1.7959917780061665,0.43064937933540204,0.0013045842653794618,1.6501704993243493,1.5124350833791298,2.2803796055146684e-30,1.8390158108989263e-29,64.4,84.22,False,False,多年背景上持续抬升,2026Q2,True,,208,False,True,,75,False,full-corpus numeric candidates; new taxonomy scope review pending
F0139,Battery (electricity) / Lithium-ion battery / State of charge,待主题范围审阅,全量NMF关键词主题,待主题范围审阅,True,False,3172,415258,0.0076352320532937995,2509,336992,0.0074412439731706016,2168,294811,0.007349327766122937,1911,259802,0.007350452986325811,1599,242777,0.006581573240833323,3172,2509,1.026069307876831,3,6588,2196.0,0.0073803415752064505,1.0345364066811797,1.026069307876831,0.01908224145844617,4,4,3,7849,0.007475267930862446,12,3,1.0,2631,4304,1876.3333333333333,1.4019886363636365,0.4760756487898729,0.007387411630814426,1.0335463129529243,0.9906841407964643,0.06132705855301964,0.14196078368754547,92.93,56.769999999999996,False,False,平稳或增长证据不足,2026Q2,True,,19,False,False,multiyear | recent_growth | peak | lower95 | qvalue,219,False,full-corpus numeric candidates; new taxonomy scope review pending
F0140,Nanoporous / Anodizing / Nanotechnology,待主题范围审阅,全量NMF关键词主题,待主题范围审阅,True,False,404,415258,0.0009735071286232756,371,336992,0.0011015828396225855,353,294811,0.0011980573508528745,369,259802,0.0014208696722194023,395,242777,0.0016273911952169923,404,371,0.8837348346464893,3,1093,364.3333333333333,0.0012401699542316208,0.7849788049626126,0.5982010542299085,-0.10377575111715576,0,4,3,1128,0.0010910491063662452,12,3,1.0,779,1471,614.3333333333334,1.2676056338028168,0.5053480983828935,0.0012260961703415914,0.7939892091434033,0.7083988314495102,0.9999656796957961,1.0,54.59,30.369999999999997,False,False,近期份额下降,2026Q2,True,,269,False,False,multiyear | recent_growth | quarters | trend | peak | lower95 | qvalue,355,False,full-corpus numeric candidates; new taxonomy scope review pending
F0141,Nuclear power / Nuclear power plant / Nuclear engineering,待主题范围审阅,全量NMF关键词主题,待主题范围审阅,True,False,450,415258,0.0010842149850303724,230,336992,0.0006834854496177819,202,294811,0.0006862987653400483,180,259802,0.0006940919508406011,216,242777,0.0008908475189999465,450,230,1.5863029500286892,3,612,204.0,0.0006879587219328105,1.5759884284689136,1.2170601162446943,0.22864921855278464,4,4,3,882,0.0008179997333294009,12,3,1.0,486,806,234.66666666666666,2.0664780763790667,0.24863098975679793,0.0006867708315813669,1.5787143762845108,1.3978816559719798,5.832196397545793e-14,2.6291986544198425e-13,30.829999999999995,85.09,False,False,多年背景上持续抬升,2026Q2,True,,423,False,True,,73,False,full-corpus numeric candidates; new taxonomy scope review pending
F0142,Perovskite (structure) / Halide / Energy conversion efficiency,待主题范围审阅,全量NMF关键词主题,待主题范围审阅,True,False,5187,415258,0.01248471750243076,4634,336992,0.013742357120406118,3972,294811,0.013463317754633788,3523,259802,0.013549213234276221,3311,242777,0.013626058010015348,5187,4634,0.9084844319677968,3,12129,4043.0,0.013584962703105377,0.919010068358663,0.9084844319677968,-0.03773174363407383,0,4,3,13793,0.01323013079249022,12,3,1.0,3439,4909,2570.6666666666665,1.337653920933247,0.5658208770011516,0.013600304982312147,0.9179733482938608,0.8886049389507925,0.999999888338997,1.0,98.04,37.15,False,False,近期份额下降,2026Q2,True,,4,False,False,multiyear | recent_growth | quarters | trend | peak | lower95 | qvalue,320,False,full-corpus numeric candidates; new taxonomy scope review pending
F0143,Reduction (mathematics) / Oxygen / Oxygen reduction reaction,待主题范围审阅,全量NMF关键词主题,待主题范围审阅,True,False,1663,415258,0.0040035330246349045,2445,336992,0.00725146927132445,1218,294811,0.00412965454600913,559,259802,0.0021514927783674036,473,242777,0.0019483431882054258,1663,2445,0.5520995642175115,3,4222,1407.3333333333333,0.004510872198566994,0.8875296945692098,0.5520995642175115,-0.015508265501479546,1,4,3,5326,0.005128218947322828,12,3,1.0,1867,3529,1424.3333333333333,1.3105706267539758,0.48679183916171853,0.004734514018534403,0.8456059078000623,0.7989640497803958,0.9999999968313382,1.0,90.46000000000001,33.62,False,False,近期份额下降,2026Q2,False,current_share,29,False,False,multiyear | recent_growth | quarters | trend | peak | lower95 | qvalue,338,False,full-corpus numeric candidates; new taxonomy scope review pending
F0144,Particle swarm optimization / Mathematical optimization / Multi-swarm optimization,待主题范围审阅,全量NMF关键词主题,待主题范围审阅,True,False,1207,415258,0.0029060812306862926,528,336992,0.0015671239050889273,818,294811,0.0027740026638559483,915,259802,0.0035204497562026055,848,242777,0.0034913816160344322,1207,528,1.8544042505186502,3,2261,753.6666666666666,0.002620525441715827,1.1089689054052816,0.825485785038156,0.023257117659654103,3,4,3,2553,0.0024157359332103896,12,3,1.0,1361,2263,998.3333333333334,1.362908605737158,0.422709898425346,0.0025357260989734877,1.1460548644677089,1.0687261855495798,6.255922607601873e-05,0.00018399772375299626,74.96000000000001,66.11,False,False,历史峰值以下的恢复或波动,2026Q2,True,,125,False,False,multiyear | peak,172,False,full-corpus numeric candidates; new taxonomy scope review pending
F0145,Political science / Humanities / Gynecology,待主题范围审阅,全量NMF关键词主题,待主题范围审阅,True,False,159,415258,0.00038386745862895537,1074,336992,0.0031861393302139115,1019,294811,0.003455217734637922,796,259802,0.0030628489686678048,827,242777,0.003404971464076008,159,1074,0.120480436931546,3,2889,963.0,0.003234735344506546,0.11867043753080633,0.11109790702355882,-1.09867171059292,0,1,3,2252,0.00234174150782693,9,3,0.75,241,1569,737.3333333333334,0.327765237020316,0.11841013786633932,0.0032398764373132403,0.11848212919727531,0.10102237590173863,1.0,1.0,48.97,1.27,False,False,近期份额下降,2026Q2,False,current_volume | current_share,311,False,False,multiyear | recent_growth | quarters | trend | peak | lower95 | qvalue,496,False,full-corpus numeric candidates; new taxonomy scope review pending
F0146,Substrate (aquarium) / Deposition (geology) / Chemical vapor deposition,待主题范围审阅,全量NMF关键词主题,待主题范围审阅,True,False,409,415258,0.000985540591276221,345,336992,0.0010244868669975864,258,294811,0.0008760900288414938,286,259802,0.0011017027363758017,273,242777,0.0011253893600299556,409,345,0.9619846022667881,3,889,296.3333333333333,0.0010007598774049607,0.9847922698817578,0.8757329918686879,0.05886072797420505,1,4,3,1012,0.000962039162371767,12,3,1.0,734,1378,508.6666666666667,1.4421190320470896,0.40552658186321133,0.000997359436231226,0.9881498640052321,0.8790020715289816,0.5813229429006516,1.0,46.09,48.550000000000004,False,False,近期份额下降,2026Q2,True,,340,False,False,multiyear | recent_growth | quarters | peak | lower95 | qvalue,264,False,full-corpus numeric candidates; new taxonomy scope review pending
F0147,Field (mathematics) / Magnetic field / Electromagnetic field,待主题范围审阅,全量NMF关键词主题,待主题范围审阅,True,False,1344,415258,0.003235798107376994,718,336992,0.002130517551194691,412,294811,0.001398016003470469,305,259802,0.0011747650469906019,256,242777,0.0010554382846350405,1344,718,1.5187850039360224,3,1435,478.3333333333333,0.0015677662005519205,2.0639545017859517,1.5187850039360224,0.419610758268977,4,4,3,2474,0.002254777220680718,12,3,1.0,1363,2136,567.0,2.4014084507042255,0.23415688870789342,0.001609566577526616,2.010353689344973,1.866236377009705,3.7279960743938997e-79,7.766658488320624e-78,63.839999999999996,89.69,False,False,多年背景上持续抬升,2026Q2,True,,212,False,True,,51,False,full-corpus numeric candidates; new taxonomy scope review pending
F0148,Nanomaterials / Nanotechnology / Nanostructure,待主题范围审阅,全量NMF关键词主题,待主题范围审阅,True,False,864,415258,0.0020805856926942442,729,336992,0.0021631350780744983,853,294811,0.002892622203544352,896,259802,0.0034473874455878055,772,242777,0.0031786591613277536,864,729,0.9618380811180156,3,2478,826.0,0.002834381575735552,0.7340527861547047,0.6035253436213314,-0.16475699525369025,2,4,3,2446,0.002378780991437698,12,3,1.0,1514,2837,1337.0,1.1322869955156951,0.5714562374352066,0.0027790391935908865,0.7486708706708998,0.692896410314765,0.99999999999991,1.0,82.67999999999999,34.44,False,False,近期份额下降,2026Q2,True,,74,False,False,multiyear | recent_growth | quarters | trend | peak | lower95 | qvalue,333,False,full-corpus numeric candidates; new taxonomy scope review pending
F0149,Core (optical fiber) / Shell (structure) / Composite material,待主题范围审阅,全量NMF关键词主题,待主题范围审阅,True,False,377,415258,0.000908526430297371,756,336992,0.002243196280415844,415,294811,0.0014081833925866176,238,259802,0.0009171242674542014,209,242777,0.000862044135013805,377,756,0.4050142371531341,3,1409,469.6666666666667,0.0015228346468188875,0.596602153881401,0.4050142371531341,-0.2191158995013267,0,4,3,1548,0.0015199687010999444,12,3,1.0,581,1819,735.3333333333334,0.7904028972385695,0.47050037414485063,0.0015804138565125496,0.5748661507576175,0.5131409544125942,1.0,1.0,60.77,15.910000000000002,False,False,近期份额下降,2026Q2,False,current_share,231,False,False,multiyear | recent_growth | quarters | trend | peak | lower95 | qvalue,417,False,full-corpus numeric candidates; new taxonomy scope review pending
F0150,Microsphere / Morphology (biology) / Chemical engineering,待主题范围审阅,全量NMF关键词主题,待主题范围审阅,True,False,205,415258,0.0004945753150360523,350,336992,0.001039313015579317,225,294811,0.0007642487485638563,100,259802,0.0003864611693046006,127,242777,0.0005246330654618622,205,350,0.4758675275132335,3,675,225.0,0.0007300076444825913,0.6774933369178527,0.4758675275132335,-0.21759693920133705,0,3,3,780,0.0007660456930597419,10,3,0.8333333333333334,462,1053,350.6666666666667,1.3165876777251184,0.4950889727575327,0.0007574101171154504,0.6529821874041131,0.5585844424906218,0.9999999675017006,1.0,39.63,21.28,False,False,近期份额下降,2026Q2,False,current_volume | current_share,374,False,False,multiyear | recent_growth | quarters | trend | peak | lower95 | qvalue,394,False,full-corpus numeric candidates; new taxonomy scope review pending
F0151,Mesoporous material / Mesoporous silica / Specific surface area,待主题范围审阅,全量NMF关键词主题,待主题范围审阅,True,False,723,415258,0.0017412420458811865,613,336992,0.001819168430978348,676,294811,0.0022927462456915687,694,259802,0.002670619722209404,766,242777,0.0031539705464824898,723,613,0.957163732741749,3,1983,661.0,0.0022608447996264403,0.7701731875486951,0.5520793616234404,-0.13757582746776675,2,4,3,2012,0.0019510522408503676,12,3,1.0,1080,2011,942.0,1.146341463414634,0.5480191677744025,0.0022240162358230877,0.7829268590014448,0.7190369665932482,0.999999992230977,1.0,73.77000000000001,35.089999999999996,False,False,近期份额下降,2026Q2,True,,136,False,False,multiyear | recent_growth | quarters | trend | peak | lower95 | qvalue,330,False,full-corpus numeric candidates; new taxonomy scope review pending
F0152,Environmental resource management / Ecology / Ecosystem,待主题范围审阅,全量NMF关键词主题,待主题范围审阅,True,False,209,415258,0.0005042020851584085,195,336992,0.0005797024095456675,155,294811,0.0005270096691870495,122,259802,0.00047105963422700074,82,242777,0.00033946845412238146,209,195,0.869760202572849,3,472,157.33333333333334,0.0005259239043199059,0.9586977907201483,0.869760202572849,-0.022120872826663085,2,4,3,559,0.0005369713879637085,12,3,1.0,463,1005,343.6666666666667,1.346228239845261,0.35693096230537646,0.000529794641505626,0.9516934405480473,0.808802723250521,0.728500493628975,1.0,29.81,43.43,False,False,近期份额下降,2026Q2,False,annual_volume | current_volume,430,False,False,multiyear | recent_growth | quarters | trend | peak | lower95 | qvalue,292,False,full-corpus numeric candidates; new taxonomy scope review pending
F0153,Nap / Social psychology / Biology,待主题范围审阅,全量NMF关键词主题,待主题范围审阅,True,False,8,415258,2.0456886510007027e-05,11,336992,3.410014173798044e-05,13,294811,4.575325102266989e-05,13,259802,5.191269438420008e-05,3,242777,1.440169199307073e-05,8,11,0.5999062017745905,3,37,12.333333333333334,4.392202904828347e-05,0.4657545872372786,0.3940632778296554,-0.4024716376721713,2,0,3,32,3.3436759756885785e-05,0,0,0.0,16,36,16.666666666666668,0.9622641509433961,0.22259928110351468,4.204719377028777e-05,0.4865220404901951,0.23106631227627328,0.9781376812136324,1.0,1.5300000000000002,19.68,False,False,近期份额下降,2026Q2,False,annual_volume | active_years | persistence | current_volume | current_share,498,False,False,volume | baseline | multiyear | recent_growth | quarters | trend | peak | lower95 | qvalue,403,False,full-corpus numeric candidates; new taxonomy scope review pending
F0154,Electrification / Rural electrification / Electricity,待主题范围审阅,全量NMF关键词主题,待主题范围审阅,True,False,1440,415258,0.003466840590313544,619,336992,0.0018369598092764247,700,294811,0.0023740853586207596,711,259802,0.0027359912632858043,718,242777,0.0029564616277203766,1440,619,1.8872707899249719,3,2030,676.6666666666666,0.0023156788103943296,1.4971163421939273,1.1726316884372021,0.18931571767564614,4,4,3,2759,0.0025592952527369096,12,3,1.0,1469,2322,850.6666666666666,1.726027397260274,0.4209600127412327,0.002276715385348515,1.522737805798614,1.4233183613025129,3.6181857666187926e-35,3.413382798696974e-34,76.51,84.39,False,False,多年背景上持续抬升,2026Q2,True,,113,False,True,,74,False,full-corpus numeric candidates; new taxonomy scope review pending
F0155,Nano- / Composite material / Nanotechnology,待主题范围审阅,全量NMF关键词主题,待主题范围审阅,True,False,217,415258,0.000523455625403121,935,336992,0.0027739723996418,498,294811,0.001689481158133403,268,259802,0.0010324858105302016,258,242777,0.0010636678229167952,217,935,0.18870253556622058,3,1701,567.0,0.0018319797894351347,0.2857322053561089,0.18870253556622058,-0.5858622461346918,0,2,3,1650,0.0016623030610594415,10,3,0.8333333333333334,444,1962,875.0,0.5079908675799086,0.5054230372493017,0.0019078213386705238,0.27437350384595977,0.23825726455833723,1.0,1.0,61.480000000000004,7.3999999999999995,False,False,近期份额下降,2026Q2,False,current_volume | current_share,227,False,False,multiyear | recent_growth | quarters | trend | peak | lower95 | qvalue,460,False,full-corpus numeric candidates; new taxonomy scope review pending
F0156,Scanning electron microscope / Fourier transform infrared spectroscopy / Transmission electron microscopy,待主题范围审阅,全量NMF关键词主题,待主题范围审阅,True,False,297,415258,0.000715991027850246,136,336992,0.0004047538562812461,411,294811,0.0013946268737650858,544,259802,0.0020938120068294034,570,242777,0.0023474757948705287,297,136,1.7689541847199464,3,1091,363.6666666666667,0.0012977309122919117,0.551725339258306,0.3050046477219312,-0.3333572742638351,3,4,3,844,0.0008384572526321925,11,2,0.9166666666666666,584,1426,693.6666666666666,0.8421305182341651,0.45134486939823615,0.0012238536533405093,0.5850299387479443,0.5146431277451627,1.0,1.0,44.1,39.21,False,False,历史峰值以下的恢复或波动,2026Q2,False,active_years,348,False,False,multiyear | trend | peak | lower95 | qvalue,313,False,full-corpus numeric candidates; new taxonomy scope review pending
F0157,Kinetics / Activation energy / Reaction rate constant,待主题范围审阅,全量NMF关键词主题,待主题范围审阅,True,False,935,415258,0.0022514608623660677,1031,336992,0.003058634452411028,601,294811,0.0020385615177878473,418,259802,0.0016092935259102027,384,242777,0.0015821287346673414,935,1031,0.7361000137140644,3,2050,683.3333333333334,0.002235496498703026,1.0071413055991383,0.7361000137140644,0.04966742845159011,0,4,3,2567,0.0024495522775216474,12,3,1.0,1186,2258,925.0,1.2818574514038876,0.5410981994974422,0.002299140555359335,0.9792619494784147,0.9063893546723398,0.7022453687678878,1.0,80.81,40.42,False,False,近期份额下降,2026Q2,False,current_share,83,False,False,multiyear | recent_growth | quarters | peak | lower95 | qvalue,299,False,full-corpus numeric candidates; new taxonomy scope review pending
F0158,Biochemical engineering / Nanotechnology / Microbial fuel cell,待主题范围审阅,全量NMF关键词主题,待主题范围审阅,True,False,101,415258,0.0002442792918547898,479,336992,0.0014218276489879672,494,294811,0.001675924639311871,372,259802,0.0014324058265270023,308,242777,0.0012694062799606628,101,479,0.17180654211406263,3,1345,448.3333333333333,0.0015100527049422803,0.16176871910184557,0.14575792140336935,-0.9629040529885775,0,1,3,1074,0.0011140105267182093,9,2,0.75,265,1616,813.6666666666666,0.32651391162029464,0.6627960843571874,0.0015086533124779253,0.16191877208261135,0.13233596917651952,1.0,1.0,53.77000000000001,2.6500000000000004,False,False,近期份额下降,2026Q2,False,active_years | current_volume | current_share,274,False,False,multiyear | recent_growth | quarters | trend | peak | lower95 | qvalue,490,False,full-corpus numeric candidates; new taxonomy scope review pending
F0159,Faraday efficiency / Electrosynthesis / Formate,待主题范围审阅,全量NMF关键词主题,待主题范围审阅,True,False,3091,415258,0.0074402899583160854,786,336992,0.0023321531719062275,1236,294811,0.004190658880706024,1382,259802,0.0053162444434190085,1166,242777,0.00479987820283343,3091,786,3.1903093021264253,3,3404,1134.6666666666667,0.003946352165343753,1.8853588444679488,1.3995387227775875,0.2870259243204609,4,4,3,5113,0.004654367336976112,12,3,1.0,2147,2623,1051.0,2.041825095057034,0.6120150059633294,0.003817324565091859,1.9490849759947106,1.8564515168750555,4.199221870531926e-166,1.908737213878148e-164,94.29,93.42999999999999,False,False,多年背景上持续抬升,2026Q2,True,,15,False,True,,29,False,full-corpus numeric candidates; new taxonomy scope review pending
F0160,Crystallography / Crystal structure / Crystal (programming language),待主题范围审阅,全量NMF关键词主题,待主题范围审阅,True,False,168,415258,0.00040552769140425696,467,336992,0.0013862448923918137,518,294811,0.001757263752241062,517,259802,0.001989986618061003,544,242777,0.0022404917972077176,168,467,0.2925368335926298,3,1502,500.6666666666667,0.0017111650875646263,0.23698922701924355,0.1809994091072587,-0.7331620156366978,0,3,3,1153,0.0011830121120123775,11,3,0.9166666666666666,378,1576,853.0,0.44379391100702575,0.4074791474457097,0.0016846908970628634,0.2407134104607944,0.20527952389116308,1.0,1.0,47.71000000000001,6.84,False,False,近期份额下降,2026Q2,False,current_volume | current_share,324,False,False,multiyear | recent_growth | quarters | trend | peak | lower95 | qvalue,463,False,full-corpus numeric candidates; new taxonomy scope review pending
F0161,Dipole / Polar / Work function,待主题范围审阅,全量NMF关键词主题,待主题范围审阅,True,False,381,415258,0.0009181532004197271,250,336992,0.0007427900439447044,200,294811,0.0006795205059292824,173,259802,0.0006671742574562011,170,242777,0.0007015681385195883,381,250,1.2360871122393198,3,623,207.66666666666666,0.0006964949357767293,1.3182482072117367,1.2360871122393198,0.15048842529082895,4,4,3,831,0.000780154583431238,12,3,1.0,699,1143,410.3333333333333,1.701782820097245,0.4765411307708584,0.0006991046750873181,1.3133272214279643,1.1562275071692256,1.319385702865486e-05,4.072178095263845e-05,43.919999999999995,74.72999999999999,False,False,多年背景上持续抬升,2026Q2,True,,350,False,True,,128,False,full-corpus numeric candidates; new taxonomy scope review pending
F0162,Nanowire / Nanotechnology / Nanostructure,待主题范围审阅,全量NMF关键词主题,待主题范围审阅,True,False,347,415258,0.000836325654379699,444,336992,0.0013180446089158526,409,294811,0.00138784861435432,391,259802,0.0015054681371418025,427,242777,0.0017590638077250675,347,444,0.6345199917532475,3,1244,414.6666666666667,0.0014037871201373249,0.5957638750082604,0.47543792937294765,-0.2532459958422537,0,4,3,1200,0.0011807396258832906,12,3,1.0,640,1411,649.0,0.9861538461538462,0.4682161642008617,0.0013954062039232835,0.5993420783341153,0.5321434558525955,1.0,1.0,52.970000000000006,18.6,False,False,近期份额下降,2026Q2,False,current_share,280,False,False,multiyear | recent_growth | quarters | trend | peak | lower95 | qvalue,411,False,full-corpus numeric candidates; new taxonomy scope review pending
F0163,Filter (signal processing) / Active filter / Low-pass filter,待主题范围审阅,全量NMF关键词主题,待主题范围审阅,True,False,398,415258,0.0009590669734397412,177,336992,0.0005263282746514373,252,294811,0.0008557552506091961,276,259802,0.0010632488886838016,271,242777,0.001117159821748201,398,177,1.8221840239817757,3,705,235.0,0.000815110804648145,1.1766093247331413,0.8584868116174584,0.05698824805931224,4,4,3,827,0.0007803834995667915,12,3,1.0,477,908,323.6666666666667,1.4722792607802875,0.2799557825303523,0.0007910478721316806,1.2124006741277114,1.072272171067516,0.0010547607707457024,0.0028818600293598422,31.3,72.75999999999999,False,False,历史峰值以下的恢复或波动,2026Q2,True,,419,False,False,multiyear | peak,134,False,full-corpus numeric candidates; new taxonomy scope review pending
F0164,Upgrade / ASDEX Upgrade / Operating system,待主题范围审阅,全量NMF关键词主题,待主题范围审阅,True,False,184,415258,0.00044403477189368195,144,336992,0.0004284756940120151,145,294811,0.0004931183721332199,125,259802,0.0004825957885346008,111,242777,0.0004587967592078246,184,144,1.0363126265949418,3,414,138.0,0.0004680632848932786,0.9486639653758031,0.900462844190527,-0.05242318826359771,3,3,3,473,0.000455209612679639,11,1,0.9166666666666666,216,533,221.33333333333334,0.9760119940029984,0.3181005345452867,0.0004647616484742475,0.9554032122731959,0.8032528883056781,0.7014084282054555,1.0,22.429999999999996,45.49,False,False,历史峰值以下的恢复或波动,2026Q2,False,annual_volume | active_years | current_volume,469,False,False,multiyear | recent_growth | trend | peak | lower95 | qvalue,280,False,full-corpus numeric candidates; new taxonomy scope review pending
F0165,Compatibility (geochemistry) / Solid-state / Electromagnetic compatibility,待主题范围审阅,全量NMF关键词主题,待主题范围审阅,True,False,342,415258,0.0008242921917267537,238,336992,0.0007072072873485509,125,294811,0.0004253357780255608,92,259802,0.0003556980911510006,88,242777,0.00036415706896764555,342,238,1.1655595275568715,3,455,151.66666666666666,0.0004960803855083708,1.661610125709848,1.1655595275568715,0.33082307286710577,2,4,3,705,0.0006522784190336218,10,2,0.8333333333333334,513,871,246.66666666666666,2.0753701211305517,0.43645173836995527,0.0005107332469964288,1.6139387764049702,1.40283979923824,7.187703136007098e-12,2.994876306669624e-11,34.52,78.19,False,False,多年背景上持续抬升,2026Q2,False,annual_volume | active_years,401,False,False,quarters,112,False,full-corpus numeric candidates; new taxonomy scope review pending
F0166,Presentation (obstetrics) / Session (web analytics) / Event (particle physics),待主题范围审阅,全量NMF关键词主题,待主题范围审阅,True,False,300,415258,0.0007232111054420132,85,336992,0.00025352714074759373,54,294811,0.00018470756894337103,63,259802,0.0002441819328442004,47,242777,0.00019545153419167418,300,85,2.852598358145911,3,202,67.33333333333333,0.0002274722141783884,3.179338224029666,2.852598358145911,0.6824636494549172,4,4,3,439,0.000387148605044326,6,1,0.5,163,252,58.0,2.7796610169491527,0.03700572885016472,0.00022705484635955397,3.185182421945613,2.6652837972279273,1.1793020512837874e-41,1.3103356125375416e-40,11.450000000000001,98.27999999999999,False,False,多年背景上持续抬升,2026Q2,False,annual_volume | active_years | persistence,486,False,True,,8,False,full-corpus numeric candidates; new taxonomy scope review pending
F0167,Electron / Atomic physics / Electron transfer,待主题范围审阅,全量NMF关键词主题,待主题范围审阅,True,False,345,415258,0.0008315122693185209,488,336992,0.0014485147164350822,474,294811,0.001608142045204212,397,259802,0.0015285404457570024,424,242777,0.0017467195003024354,345,488,0.5740447507257249,3,1359,453.0,0.0015283990691320989,0.5440413345649936,0.4760422432878026,-0.32979436411924423,0,4,3,1307,0.001296056343652605,12,3,1.0,590,1477,707.3333333333334,0.8343529411764705,0.39462000542711,0.0015243509314854992,0.5454861161846778,0.48472884993627,1.0,1.0,51.0,15.410000000000002,False,False,近期份额下降,2026Q2,False,current_share,292,False,False,multiyear | recent_growth | quarters | trend | peak | lower95 | qvalue,420,False,full-corpus numeric candidates; new taxonomy scope review pending
F0168,Convergence (economics) / Economic dispatch / Population,待主题范围审阅,全量NMF关键词主题,待主题范围审阅,True,False,983,415258,0.0023669821038343427,221,336992,0.0006567983821706667,331,294811,0.0011234964973344495,386,259802,0.0014862412132958024,336,242777,0.0013846198159052287,983,221,3.603818413820774,3,938,312.6666666666667,0.0010888453642669729,2.1738459670330053,1.5925961968080944,0.37258503740348337,4,4,3,1535,0.0013824256611131528,12,3,1.0,1060,1481,472.3333333333333,2.241549295774648,0.35728463162950447,0.0010523011027577353,2.2493391840332206,2.0568941822993256,6.935602604869731e-75,1.3337697317057176e-73,55.16,95.71,False,False,多年背景上持续抬升,2026Q2,True,,266,False,True,,20,False,full-corpus numeric candidates; new taxonomy scope review pending
F0169,Thermal / Thermal energy storage / Phase-change material,待主题范围审阅,全量NMF关键词主题,待主题范围审阅,True,False,3006,415258,0.007235721093216015,1598,336992,0.004739919701579281,1433,294811,0.004858317432666465,1313,259802,0.005050912894344208,1160,242777,0.004775189587988166,3006,1598,1.5265492980408855,3,4344,1448.0,0.004883050009529984,1.4818036020713385,1.432557093059011,0.19916892587998447,4,4,3,6037,0.00561131940915392,12,3,1.0,2653,3815,1509.6666666666667,1.7568402471315092,0.4576091538864351,0.004871307555600406,1.4853755404742017,1.4178905200709986,5.672623009130973e-64,9.149391950211247e-63,90.56,81.4,False,False,多年背景上持续抬升,2026Q2,True,,28,False,True,,92,False,full-corpus numeric candidates; new taxonomy scope review pending
F0170,Scaling / Statistical physics / Scaling law,待主题范围审阅,全量NMF关键词主题,待主题范围审阅,True,False,725,415258,0.0017460554309423645,269,336992,0.0007991294085552807,176,294811,0.0005981813930000915,139,259802,0.0005364311753034009,167,242777,0.0006892238310969563,725,269,2.184947033921577,3,584,194.66666666666666,0.0006445806589529243,2.708823801475378,2.184947033921577,0.5356102212773308,4,4,3,1170,0.0010477887441659123,12,3,1.0,855,1294,349.3333333333333,2.4433872502378686,0.40598877783827714,0.0006553755935662187,2.664205759389397,2.3892216578855967,1.4762325970609616e-75,2.952465194121923e-74,49.32,96.26,False,False,多年背景上持续抬升,2026Q2,True,,307,False,True,,17,False,full-corpus numeric candidates; new taxonomy scope review pending
F0171,Polarization (electrochemistry) / Ferroelectricity / Piezoelectricity,待主题范围审阅,全量NMF关键词主题,待主题范围审阅,True,False,893,415258,0.002150379776081327,512,336992,0.0015196802296273892,540,294811,0.001831824605759487,506,259802,0.0019476873855998032,517,242777,0.0021293930304040294,893,512,1.4150212223321343,3,1558,519.3333333333334,0.0017663974069955597,1.2173816421859887,1.0098557407569402,0.08016597206199494,4,4,3,1945,0.0018339615371560675,12,3,1.0,1181,1842,727.3333333333334,1.622883295194508,0.5149611328357029,0.0017474813730931598,1.230559483604114,1.133400915098662,3.551906221267454e-07,1.216406240160087e-06,70.63,72.48,False,False,平稳或增长证据不足,2026Q2,True,,161,False,False,multiyear | peak,137,False,full-corpus numeric candidates; new taxonomy scope review pending
F0172,Simulation / Robot / Computer simulation,待主题范围审阅,全量NMF关键词主题,待主题范围审阅,True,False,161,415258,0.0003886808436901335,201,336992,0.0005974937878437443,182,294811,0.0006185161712323892,187,259802,0.0007210096442250011,201,242777,0.0008291259818867863,161,201,0.6505186356712059,3,570,190.0,0.0006456732011003782,0.6019776614976902,0.4687838183597125,-0.23228239187803235,1,4,3,544,0.0005348969342554222,12,3,1.0,183,601,255.33333333333334,0.7178153446033809,0.3095915284427778,0.0006396779745586447,0.6076195510065977,0.5102225940914065,0.9999999925893995,1.0,24.15,20.959999999999997,False,False,近期份额下降,2026Q2,False,annual_volume | current_volume | current_share,457,False,False,multiyear | recent_growth | quarters | trend | peak | lower95 | qvalue,397,False,full-corpus numeric candidates; new taxonomy scope review pending
F0173,Remote sensing / Satellite / Global Positioning System,待主题范围审阅,全量NMF关键词主题,待主题范围审阅,True,False,168,415258,0.00040552769140425696,470,336992,0.001395140581540852,305,294811,0.0010353791249944927,219,259802,0.0008440619568394013,240,242777,0.0009896019783810028,168,470,0.2906715615399669,3,994,331.3333333333333,0.0010915272211249154,0.3715232048783216,0.2906715615399669,-0.46866689110773185,0,3,3,943,0.0009453491326465339,11,3,0.9166666666666666,283,1371,592.0,0.47892074198988194,0.3341516288348447,0.0011150915787880317,0.3636720957439352,0.30888487788114166,1.0,1.0,37.88,9.700000000000001,False,False,近期份额下降,2026Q2,False,current_volume | current_share,386,False,False,multiyear | recent_growth | quarters | trend | peak | lower95 | qvalue,447,False,full-corpus numeric candidates; new taxonomy scope review pending
F0174,Dissolution / Precipitation / Calcite,待主题范围审阅,全量NMF关键词主题,待主题范围审阅,True,False,1473,415258,0.003546261443822983,585,336992,0.0017361419989206563,762,294811,0.002584211400354503,784,259802,0.0030167043514374046,706,242777,0.0029070843980298485,1473,585,2.042610250790351,3,2131,710.3333333333334,0.002445685916904188,1.4500068955346204,1.175541594632319,0.15823677014997628,4,4,3,2820,0.0026222049476993807,12,3,1.0,1630,2356,959.0,1.6989583333333333,0.4987231271507186,0.002389962493903157,1.4838146844854545,1.38848435729342,3.772465175886192e-32,3.3091799788475366e-31,82.0,83.41,False,False,多年背景上持续抬升,2026Q2,True,,77,False,True,,82,False,full-corpus numeric candidates; new taxonomy scope review pending
F0175,Citation / Library science / Information retrieval,待主题范围审阅,全量NMF关键词主题,待主题范围审阅,True,False,23,415258,5.655727446884296e-05,33,336992,9.93351954975952e-05,237,294811,0.0008049183050284518,379,259802,0.0014593235199114023,384,242777,0.0015821287346673414,23,33,0.5693578613857175,3,649,216.33333333333334,0.0007878590068124831,0.0717860352928656,0.03574758060426397,-1.3277434778604063,1,0,3,293,0.00032027025833163,3,1,0.25,31,194,129.66666666666666,0.2448979591836735,0.10642344202220962,0.0007282573961013842,0.0776611054987066,0.051459134420215505,1.0,1.0,5.33,7.740000000000001,False,False,近期份额下降,2026Q2,False,annual_volume | active_years | persistence | current_volume | current_share,494,False,False,volume | multiyear | recent_growth | quarters | trend | peak | lower95 | qvalue,458,False,full-corpus numeric candidates; new taxonomy scope review pending
F0176,Component (thermodynamics) / Principal component analysis / Electronic component,待主题范围审阅,全量NMF关键词主题,待主题范围审阅,True,False,1045,415258,0.0025161970407308644,450,336992,0.0013358359872139294,287,294811,0.0009743747902975995,200,259802,0.0007709996462246013,179,242777,0.0007386010607874845,1045,450,1.883612258402127,3,937,312.3333333333333,0.0010270701412453767,2.4498784841314176,1.883612258402127,0.47435395261752644,4,4,3,1782,0.0016088026060807976,12,3,1.0,1084,1695,425.6666666666667,2.54296875,0.3136518292603493,0.0010511798442571943,2.39368843921176,2.1916963295551315,1.0846571095812665e-89,2.711642773953166e-88,56.74,94.47,False,False,多年背景上持续抬升,2026Q2,True,,253,False,True,,24,False,full-corpus numeric candidates; new taxonomy scope review pending
F0177,Fusion / Fusion power / Nuclear fusion,待主题范围审阅,全量NMF关键词主题,待主题范围审阅,True,False,1052,415258,0.0025330438884449877,630,336992,0.001869577336156232,333,294811,0.0011302747567452154,169,259802,0.000651792718379401,169,242777,0.000697453369378711,1052,630,1.354875157854028,3,1132,377.3333333333333,0.0012172149370936163,2.081016105909133,1.354875157854028,0.4034804734023143,3,4,3,2015,0.001844298660448812,12,3,1.0,907,1473,456.0,1.986870897155361,0.3224482391460844,0.0012698252518626907,1.9947972248380614,1.834230555822815,3.113878142962579e-61,4.579232563180263e-60,58.37,85.49999999999999,False,False,多年背景上持续抬升,2026Q2,True,,245,False,True,,70,False,full-corpus numeric candidates; new taxonomy scope review pending
F0178,Power (physics) / Electrical engineering / Engineering,待主题范围审阅,全量NMF关键词主题,待主题范围审阅,True,False,505,415258,0.001216583074212771,646,336992,0.00191702101161777,372,294811,0.0012624508152551505,177,259802,0.0006825557965330011,231,242777,0.0009525690561131068,505,646,0.6346216691626656,3,1195,398.3333333333333,0.0012873425411353073,0.9450344685571149,0.6346216691626656,-0.018504376377658893,0,4,3,1523,0.0014653516336952303,12,3,1.0,586,1370,413.0,1.4178743961352658,0.22854905524930608,0.0013404645373967742,0.9075831849870605,0.8179487715876661,0.9666461749308063,1.0,46.160000000000004,35.040000000000006,False,False,近期份额下降,2026Q2,False,current_share,338,False,False,multiyear | recent_growth | quarters | trend | peak | lower95 | qvalue,331,False,full-corpus numeric candidates; new taxonomy scope review pending
F0179,Perspective (graphical) / Artificial intelligence / Subject (documents),待主题范围审阅,全量NMF关键词主题,待主题范围审阅,True,False,917,415258,0.0022081403968154645,1116,336992,0.003310678978300449,629,294811,0.00213345714953857,337,259802,0.0012978173596050022,268,242777,0.0011048155143255688,917,1116,0.6669750861646582,3,2082,694.0,0.002247317829148007,0.9825670264239413,0.6669750861646582,0.017203486524046685,1,4,3,2662,0.0025507588415514945,12,3,1.0,1128,2593,950.6666666666666,1.186339754816112,0.42165309710064885,0.0023350208273766474,0.9456619705170979,0.8749974126163881,0.9208854252630378,1.0,75.93,39.230000000000004,False,False,近期份额下降,2026Q2,False,current_share,117,False,False,multiyear | recent_growth | quarters | peak | lower95 | qvalue,312,False,full-corpus numeric candidates; new taxonomy scope review pending
F0180,Band gap / Semiconductor / Electronic band structure,待主题范围审阅,全量NMF关键词主题,待主题范围审阅,True,False,738,415258,0.0017773424338400224,316,336992,0.0009384952052235487,648,294811,0.002197850613940846,732,259802,0.0028167443434390046,657,242777,0.002705460710126858,738,316,1.8938215389354718,3,1696,565.3333333333334,0.001984363387534466,0.8956738695165791,0.6309917469009768,-0.10618032759064722,4,4,3,1702,0.0016378960843348056,12,3,1.0,1148,1993,927.6666666666666,1.2372577171572148,0.47275882993562424,0.0019022150461678188,0.9343541033494802,0.8570083034877969,0.938568117112344,1.0,66.25000000000001,55.40999999999999,False,False,历史峰值以下的恢复或波动,2026Q2,True,,194,False,False,multiyear | trend | peak | lower95 | qvalue,226,False,full-corpus numeric candidates; new taxonomy scope review pending
F0181,Geology / Geochemistry / Petroleum engineering,待主题范围审阅,全量NMF关键词主题,待主题范围审阅,True,False,151,415258,0.0003646139183842429,887,336992,0.002631641373257186,623,294811,0.0021131223713062725,414,259802,0.0015939119868334025,355,242777,0.0014628004295818983,151,887,0.13855000232533954,3,1924,641.3333333333334,0.0021128919104656204,0.17256629010610036,0.13855000232533954,-0.8785414467834487,0,1,3,1661,0.001703125887649234,9,3,0.75,303,1654,794.0,0.38238993710691827,0.307379804004357,0.0021578619842911686,0.1689699902211374,0.1432129874753707,1.0,1.0,46.78,2.79,False,False,近期份额下降,2026Q2,False,current_volume | current_share,330,False,False,multiyear | recent_growth | quarters | trend | peak | lower95 | qvalue,487,False,full-corpus numeric candidates; new taxonomy scope review pending
F0182,Heat transfer / Heat transfer coefficient / Nusselt number,待主题范围审阅,全量NMF关键词主题,待主题范围审阅,True,False,1545,415258,0.0037195433060253956,424,336992,0.0012587400145889303,787,294811,0.002668939642989077,840,259802,0.0032320458985126053,832,242777,0.003425545309780395,1545,424,2.9549734360674123,3,2051,683.6666666666666,0.0023865751853635376,1.558527604257652,1.085825166406527,0.16595981873807641,4,4,3,2756,0.002549074321201134,12,3,1.0,1523,2141,791.6666666666666,1.9226240538267452,0.4052745634252503,0.0023002618138598763,1.617008674236061,1.5137059393246934,1.653860655439903e-47,1.9230937853952363e-46,74.96000000000001,88.07,False,False,多年背景上持续抬升,2026Q2,True,,125,False,True,,60,False,full-corpus numeric candidates; new taxonomy scope review pending
F0183,Fiber / Composite material / Hollow fiber membrane,待主题范围审阅,全量NMF关键词主题,待主题范围审阅,True,False,190,415258,0.0004584749270772163,310,336992,0.0009207038269254719,262,294811,0.0008896465476630256,210,259802,0.0008094534939166013,188,242777,0.0007756339830553807,190,310,0.4979613570285816,3,782,260.6666666666667,0.0008732679561683663,0.5250105924977078,0.4979613570285816,-0.33145932043057647,0,4,3,762,0.0007562751005552379,12,3,1.0,324,880,370.3333333333333,0.8752244165170557,0.4913490913961786,0.0008773847766733382,0.5225471643302885,0.44601987357332423,0.9999999999999999,1.0,40.57,13.96,False,False,近期份额下降,2026Q2,False,current_volume | current_share,368,False,False,multiyear | recent_growth | quarters | trend | peak | lower95 | qvalue,429,False,full-corpus numeric candidates; new taxonomy scope review pending
F0184,Offshore wind power / Submarine pipeline / Marine engineering,待主题范围审阅,全量NMF关键词主题,待主题范围审阅,True,False,1571,415258,0.003782117311820711,1004,336992,0.002978573250069683,696,294811,0.0023605288397992277,530,259802,0.0020399766200606033,472,242777,0.0019442284190645484,1571,1004,1.2697748197840122,3,2230,743.3333333333334,0.0024596929033098383,1.5376380143762571,1.2697748197840122,0.23569915481076587,4,4,3,3271,0.0030404064672298736,12,3,1.0,1354,2116,794.6666666666666,1.7029744449099289,0.4579212005023958,0.0025009670854567166,1.512261930120538,1.4177276893541964,4.227086173518633e-37,4.144202130900621e-36,80.04,80.05,False,False,多年背景上持续抬升,2026Q2,True,,91,False,True,,102,False,full-corpus numeric candidates; new taxonomy scope review pending
F0185,Absorption (acoustics) / Laser / Optics,待主题范围审阅,全量NMF关键词主题,待主题范围审阅,True,False,541,415258,0.001303224005313977,392,336992,0.0011638526636658542,394,294811,0.0013370116687735757,353,259802,0.0013593435159122021,341,242777,0.0014051936616096153,541,392,1.1197499872613916,3,1139,379.6666666666667,0.001286735949450544,1.012813861204759,0.9274337345225181,-0.012797913620556933,3,4,3,1327,0.0012680294459178022,12,3,1.0,845,1647,650.0,1.2995391705069124,0.42184769470317046,0.0012776740613664778,1.019997231469326,0.9208096444453916,0.35333976936418676,0.7240569044348089,55.099999999999994,52.870000000000005,False,False,历史峰值以下的恢复或波动,2026Q2,True,,267,False,False,multiyear | recent_growth | trend | peak | lower95 | qvalue,243,False,full-corpus numeric candidates; new taxonomy scope review pending
F0186,Sorption / Sorbent / Ion exchange,待主题范围审阅,全量NMF关键词主题,待主题范围审阅,True,False,604,415258,0.001454845634741088,455,336992,0.0013506621357956602,585,294811,0.00198433544250172,568,259802,0.0021861012412902033,598,242777,0.0024626893308150946,604,455,1.0771351296407332,3,1608,536.0,0.0018403662731958613,0.7905196133673418,0.5907548372167458,-0.15519213318957714,3,4,3,1644,0.001596614404346156,12,3,1.0,890,1758,790.6666666666666,1.1254736842105264,0.44705511166112033,0.0018035442981202102,0.8066592188821965,0.7346510290609909,0.9999968885702097,1.0,62.07,40.38,False,False,历史峰值以下的恢复或波动,2026Q2,True,,221,False,False,multiyear | recent_growth | trend | peak | lower95 | qvalue,300,False,full-corpus numeric candidates; new taxonomy scope review pending
F0187,Interconnection / Telecommunications / Chip,待主题范围审阅,全量NMF关键词主题,待主题范围审阅,True,False,293,415258,0.0007063642577278897,154,336992,0.00045812799117547634,156,294811,0.0005303987988924324,200,259802,0.0007709996462246013,181,242777,0.0007468305990692392,293,154,1.541849158606272,3,510,170.0,0.0005865088120975033,1.2043540406524382,0.9161667728212128,0.14325093794585664,4,4,3,603,0.0005649636825985995,12,3,1.0,385,690,254.66666666666666,1.5097783572359844,0.29143582748457436,0.0005724024645261842,1.2340342704719043,1.0689881973928317,0.002057033820197979,0.005441888413222166,25.380000000000003,74.17999999999999,False,False,历史峰值以下的恢复或波动,2026Q2,False,annual_volume,453,False,False,multiyear | peak,130,False,full-corpus numeric candidates; new taxonomy scope review pending
F0188,Group (periodic table) / Platinum group / Impurity,待主题范围审阅,全量NMF关键词主题,待主题范围审阅,True,False,170,415258,0.0004103410764654351,309,336992,0.0009177385972091258,144,294811,0.000489729242427837,88,259802,0.00034031655207420055,82,242777,0.00033946845412238146,170,309,0.4471219557652868,3,541,180.33333333333334,0.0005825947972370544,0.704333575259289,0.4471219557652868,-0.08843198211257253,0,4,3,623,0.0006059363053674659,10,2,0.8333333333333334,314,873,302.6666666666667,1.0373216245883643,0.41783974224607245,0.0006071614780429554,0.6758351629752182,0.5689701050414678,0.9999966897941871,1.0,31.09,21.790000000000003,False,False,近期份额下降,2026Q2,False,annual_volume | active_years | current_volume | current_share,421,False,False,multiyear | recent_growth | quarters | trend | peak | lower95 | qvalue,390,False,full-corpus numeric candidates; new taxonomy scope review pending
F0189,Combustor / NOx / Gas turbines,待主题范围审阅,全量NMF关键词主题,待主题范围审阅,True,False,284,415258,0.0006847040249525881,137,336992,0.00040771908599759226,180,294811,0.0006117379118216233,223,259802,0.0008594434959162013,186,242777,0.000767404444773626,284,137,1.6793523984222598,3,540,180.0,0.0006263001645784723,1.093252187492916,0.7966830026710088,0.05634136119861033,3,4,3,601,0.0005680536742572679,11,2,0.9166666666666666,337,596,241.66666666666666,1.392857142857143,0.39400744181844444,0.0006060402195424144,1.1297996450954495,0.9787067751439014,0.048508782423900804,0.11281112191604838,29.74,65.86999999999999,False,False,历史峰值以下的恢复或波动,2026Q2,False,annual_volume | active_years,431,False,False,multiyear | peak | lower95 | qvalue,175,False,full-corpus numeric candidates; new taxonomy scope review pending
F0190,Renewable energy / Environmental economics / Natural resource economics,待主题范围审阅,全量NMF关键词主题,待主题范围审阅,True,False,3286,415258,0.007909595001780952,2642,336992,0.007835619525444636,2342,294811,0.00793903633485957,1916,259802,0.007369679910171812,1669,242777,0.006869607080694738,3286,2642,1.009440922456239,3,6900,2300.0,0.007714778590158673,1.0252523658774597,0.9962915734559188,-0.001857659902588349,2,4,3,8270,0.00789475028736172,12,3,1.0,2883,5086,2332.6666666666665,1.2358234537923154,0.420374042262258,0.00773724428298322,1.0222754655913848,0.9806795320000401,0.14571987232141204,0.312703588672558,89.88000000000001,48.379999999999995,False,False,历史峰值以下的恢复或波动,2026Q2,True,,33,False,False,multiyear | recent_growth | quarters | trend | peak | lower95 | qvalue,266,False,full-corpus numeric candidates; new taxonomy scope review pending
F0191,Wake / Vortex / Wake turbulence,待主题范围审阅,全量NMF关键词主题,待主题范围审阅,True,False,832,415258,0.0020035715317153944,411,336992,0.0012201920282764306,363,294811,0.001231948647906704,395,259802,0.0015208496762186025,388,242777,0.001598587811230851,832,411,1.6420132940431664,3,1169,389.6666666666667,0.0013243301174672456,1.5128943344935657,1.2533384263531457,0.24316708574239776,3,4,3,1606,0.001485237402632843,12,3,1.0,730,1108,422.6666666666667,1.7254130605822187,0.4679402877066119,0.0013113118163827079,1.5279138849234999,1.3979753391606764,2.12197567809418e-21,1.2337067895896393e-20,58.620000000000005,81.16,False,False,多年背景上持续抬升,2026Q2,True,,242,False,True,,94,False,full-corpus numeric candidates; new taxonomy scope review pending
F0192,Medicine / Gynecology / Internal medicine,待主题范围审阅,全量NMF关键词主题,待主题范围审阅,True,False,371,415258,0.0008940862751138365,1293,336992,0.003835524638093713,1119,294811,0.003794130705176218,888,259802,0.0034166243674342055,916,242777,0.003771185917614092,371,1293,0.23310664367370734,3,3300,1100.0,0.003682093236901379,0.24282010736540827,0.23310664367370734,-0.7227041626386126,0,4,3,2783,0.0028412472061279223,12,3,1.0,800,3432,1747.3333333333333,0.4581506196377503,0.23662499630239925,0.0037007136810355942,0.24159833809775813,0.21702585718418882,1.0,1.0,65.32,6.509999999999999,False,False,近期份额下降,2026Q2,False,current_share,202,False,False,multiyear | recent_growth | quarters | trend | peak | lower95 | qvalue,464,False,full-corpus numeric candidates; new taxonomy scope review pending
F0193,Desalination / Solar desalination / Environmental engineering,待主题范围审阅,全量NMF关键词主题,待主题范围审阅,True,False,1470,415258,0.0035390413662312156,1112,336992,0.0032988180594350643,1092,294811,0.003702624203130878,1057,259802,0.004066494393429007,924,242777,0.003804104070741111,1470,1112,1.0728210233083575,3,3261,1087.0,0.0036893122186649834,0.9592685998020127,0.8702929412493239,-0.022592961185962768,3,4,3,3674,0.003513494542932386,12,3,1.0,1629,2603,1201.3333333333333,1.3556972553368452,0.5974753073418977,0.003656984599514495,0.9677485015116176,0.9099655723238765,0.8511035287283408,1.0,90.32000000000001,50.260000000000005,False,False,历史峰值以下的恢复或波动,2026Q2,True,,30,False,False,multiyear | recent_growth | trend | peak | lower95 | qvalue,256,False,full-corpus numeric candidates; new taxonomy scope review pending
F0194,Architecture / Preprint / Computer architecture,待主题范围审阅,全量NMF关键词主题,待主题范围审阅,True,False,655,415258,0.0015775869538011303,311,336992,0.0009236690566418181,168,294811,0.0005710683553570279,84,259802,0.0003249350129974005,84,242777,0.0003476979924041362,655,311,1.7079569164487984,3,563,187.66666666666666,0.0006065574749987489,2.6008861795073654,1.7079569164487984,0.5080714000075544,3,4,3,1134,0.0010241081219333253,10,3,0.8333333333333334,488,988,261.6666666666667,1.8616751269035532,0.2944008925171077,0.0006318291650548576,2.4968568104388766,2.230969482029046,1.8583397825268176e-61,2.8156663371618447e-60,36.970000000000006,90.01999999999998,False,False,多年背景上持续抬升,2026Q2,True,,389,False,True,,49,False,full-corpus numeric candidates; new taxonomy scope review pending
F0195,Nanofiber / Electrospinning / Carbon nanofiber,待主题范围审阅,全量NMF关键词主题,待主题范围审阅,True,False,730,415258,0.0017580888935953098,694,336992,0.002059352038002384,756,294811,0.0025638766221222054,734,259802,0.0028244351129774045,737,242777,0.0030346422413970466,730,694,0.8537097403223461,3,2184,728.0,0.002482554591033998,0.7081773347280376,0.5793397553136099,-0.18864652771694335,1,4,3,2180,0.0021271058512399663,12,3,1.0,1023,1861,865.6666666666666,1.1815384615384616,0.5738918314099473,0.00244938919443183,0.7177662486598513,0.660088437262712,0.999999999999997,1.0,75.54,29.109999999999996,False,False,近期份额下降,2026Q2,True,,120,False,False,multiyear | recent_growth | quarters | trend | peak | lower95 | qvalue,361,False,full-corpus numeric candidates; new taxonomy scope review pending
F0196,Variation (astronomy) / Seasonality / Atmospheric sciences,待主题范围审阅,全量NMF关键词主题,待主题范围审阅,True,False,163,415258,0.00039349422875131166,207,336992,0.000615285166141821,108,294811,0.0003677205730340506,50,259802,0.00019419193084460032,44,242777,0.0001831072267690421,163,207,0.6395314732171077,3,365,121.66666666666667,0.0003923992233401573,1.0027905391907597,0.6395314732171077,0.03387153198028203,0,3,3,478,0.0004588333226423944,9,2,0.75,275,715,200.33333333333334,1.3708609271523178,0.29086398384071926,0.00040981998194773814,0.9601635988591001,0.7984680978920827,0.672277452190092,1.0,19.01,39.449999999999996,False,False,近期份额下降,2026Q2,False,annual_volume | active_years | current_volume | current_share,479,False,False,multiyear | recent_growth | quarters | peak | lower95 | qvalue,310,False,full-corpus numeric candidates; new taxonomy scope review pending
F0197,Phthalocyanine / Copper phthalocyanine / Tetra,待主题范围审阅,全量NMF关键词主题,待主题范围审阅,True,False,203,415258,0.0004897619299748741,201,336992,0.0005974937878437443,181,294811,0.0006151270415270063,170,259802,0.000655638103148601,177,242777,0.0007303715225057298,203,201,0.819693760737402,3,552,184.0,0.0006227529775064505,0.7864465488963498,0.6705654791887534,-0.11395470110924277,1,4,3,585,0.0005674609197818749,12,3,1.0,391,796,332.0,1.177177177177177,0.5491586979485681,0.0006194953215489065,0.7905821286112966,0.6732050931133233,0.9980448963985625,1.0,39.64,30.740000000000002,False,False,近期份额下降,2026Q2,False,annual_volume | current_volume,373,False,False,multiyear | recent_growth | quarters | trend | peak | lower95 | qvalue,353,False,full-corpus numeric candidates; new taxonomy scope review pending
F0198,Water splitting / Photocurrent / Oxygen evolution,待主题范围审阅,全量NMF关键词主题,待主题范围审阅,True,False,1161,415258,0.0027953733742791956,598,336992,0.001774689985233156,827,294811,0.002804504831204395,842,259802,0.003239736668051005,740,242777,0.0030469865488196783,1161,598,1.5751333458457217,3,2267,755.6666666666666,0.0026063104948295186,1.0725404282508726,0.8628396875110426,-0.001630654218492289,4,4,3,2586,0.002458189396905582,12,3,1.0,1423,2212,984.6666666666666,1.4447074737910044,0.5829465630785458,0.002542453649976734,1.099478597890969,1.0244068229366283,0.004202507248136503,0.010720681755450262,83.23,63.83000000000001,False,False,历史峰值以下的恢复或波动,2026Q2,True,,71,False,False,multiyear | trend | peak | lower95,186,False,full-corpus numeric candidates; new taxonomy scope review pending
F0199,Greenhouse gas / Emissions trading / Natural resource economics,待主题范围审阅,全量NMF关键词主题,待主题范围审阅,True,False,1967,415258,0.00473516755393398,1056,336992,0.0031327651953196815,1307,294811,0.004431287089788213,1276,259802,0.004908633657883808,1070,242777,0.004404860365309204,1967,1056,1.5114977531697142,3,3639,1213.0,0.0041575619809972346,1.138928914488053,0.9646610205527921,0.03316351547812513,4,4,3,4330,0.004099739946347291,12,3,1.0,2466,4016,1625.3333333333333,1.5169092027054725,0.43615915556275275,0.004080820312718995,1.160346986897593,1.0984205888347511,4.703015930155847e-08,1.7164291715897253e-07,86.85000000000001,68.24,False,False,历史峰值以下的恢复或波动,2026Q2,True,,52,False,False,multiyear | peak,160,False,full-corpus numeric candidates; new taxonomy scope review pending
F0200,Business administration / Agricultural science / Business management,待主题范围审阅,全量NMF关键词主题,待主题范围审阅,True,False,21,415258,5.1743889407664836e-05,45,336992,0.0001349179520937487,49,294811,0.00016776192041645626,36,259802,0.00014035654407580024,35,242777,0.00014607430450114598,21,45,0.38352115937625725,3,130,43.333333333333336,0.00014767880552866842,0.3503812833698737,0.30843643944474736,-0.5881197439186288,0,0,3,115,0.00011814125397262327,0,0,0.0,19,114,48.0,0.40816326530612246,0.07690574156632886,0.00014632423432060145,0.35362487730017567,0.22408796596164296,0.9999987972296079,1.0,0.5499999999999999,9.45,False,False,近期份额下降,2026Q2,False,annual_volume | active_years | persistence | current_volume | current_share,500,False,False,volume | baseline | multiyear | recent_growth | quarters | trend | peak | lower95 | qvalue,448,False,full-corpus numeric candidates; new taxonomy scope review pending
F0201,Government (linguistics) / Public policy / Economic growth,待主题范围审阅,全量NMF关键词主题,待主题范围审阅,True,False,1450,415258,0.0034909075156194344,510,336992,0.001513749770194697,373,294811,0.0012658399449605336,435,259802,0.0016746650669866028,385,242777,0.0015862435038082189,1450,510,2.306132482629832,3,1318,439.3333333333333,0.0014847515940472778,2.3511727683036763,2.0845407147000348,0.5072129227961781,4,4,3,2333,0.0020901657435915552,12,3,1.0,1107,1730,491.6666666666667,2.2489851150202975,0.19528170380812127,0.001478379332963318,2.3613070324935688,2.191608916885544,1.6535756838707363e-120,5.905627442395488e-119,59.830000000000005,95.35999999999999,False,False,多年背景上持续抬升,2026Q2,True,,234,False,True,,21,False,full-corpus numeric candidates; new taxonomy scope review pending
F0202,Energy management / Energy management system / Operations management,待主题范围审阅,全量NMF关键词主题,待主题范围审阅,True,False,1309,415258,0.0031515638688063767,628,336992,0.0018636468767235397,526,294811,0.0017843767898841256,481,259802,0.001851552766369803,455,242777,0.0018742773436696335,1309,628,1.6910735119236278,3,1635,545.0,0.0018331921443258228,1.719167234357422,1.6814821346748787,0.28441478948875343,4,4,3,2463,0.0022665291784713473,12,3,1.0,1387,2150,744.6666666666666,1.8614215467143496,0.4498395309844474,0.0018338182776348173,1.7185802471502971,1.5981033910257945,7.034207431805081e-50,8.792759289756352e-49,75.08,87.55,False,False,多年背景上持续抬升,2026Q2,True,,122,False,True,,62,False,full-corpus numeric candidates; new taxonomy scope review pending
F0203,AC power / Compensation (psychology) / Power factor,待主题范围审阅,全量NMF关键词主题,待主题范围审阅,True,False,673,415258,0.0016209074193517332,320,336992,0.0009503561240889332,351,294811,0.0011912790914421086,430,259802,0.0016554381431406026,476,242777,0.0019606874956280577,673,320,1.7055789700998976,3,1101,367.0,0.0012656911195572148,1.2806500688088782,0.8267036042031347,0.15397926560173447,3,4,3,1344,0.0012541808782942584,12,3,1.0,633,1147,432.6666666666667,1.4619523443504996,0.29961638589574496,0.0012350662383459195,1.3124052532782025,1.1924249329081975,1.2184746656434437e-08,4.580731825727232e-08,44.7,74.67999999999999,False,False,历史峰值以下的恢复或波动,2026Q2,True,,345,False,False,peak,129,False,full-corpus numeric candidates; new taxonomy scope review pending
F0204,Scale (ratio) / Cartography / Atomic units,待主题范围审阅,全量NMF关键词主题,待主题范围审阅,True,False,534,415258,0.0012863771575998537,1203,336992,0.0035686539636225617,640,294811,0.0021707375762977823,275,259802,0.0010594035039146017,302,242777,0.0012447176651153987,534,1203,0.36046564635088485,3,2118,706.0,0.0022662650146116486,0.5676199161642574,0.36046564635088485,-0.2616185721339592,0,4,3,2377,0.002341922899173399,12,3,1.0,814,2353,929.6666666666666,0.8757163323782235,0.44099031589585663,0.0023753861333961237,0.5415444417706952,0.492529053686924,1.0,1.0,72.34,14.75,False,False,近期份额下降,2026Q2,False,current_share,141,False,False,multiyear | recent_growth | quarters | trend | peak | lower95 | qvalue,424,False,full-corpus numeric candidates; new taxonomy scope review pending
F0205,Beam (structure) / Proton / Optics,待主题范围审阅,全量NMF关键词主题,待主题范围审阅,True,False,288,415258,0.0006943307950749444,248,336992,0.0007368595845120121,232,294811,0.000787972656501537,193,259802,0.0007440819528402012,196,242777,0.0008085521361823995,288,248,0.9422837263286294,3,673,224.33333333333334,0.0007563047312845834,0.9180569238217295,0.8587334866904759,-0.06325744623774376,1,4,3,768,0.000739721012029498,12,3,1.0,517,962,363.6666666666667,1.4204753199268738,0.3229844411009243,0.0007551676001143684,0.9194393336920037,0.8009929251938394,0.885540049422689,1.0,31.930000000000003,40.28,False,False,近期份额下降,2026Q2,True,,417,False,False,multiyear | recent_growth | quarters | trend | peak | lower95 | qvalue,301,False,full-corpus numeric candidates; new taxonomy scope review pending
F0206,Electric field / Space charge / Breakdown voltage,待主题范围审阅,全量NMF关键词主题,待主题范围审阅,True,False,939,415258,0.0022610876324884238,570,336992,0.0016916635531754646,549,294811,0.0018623267731079337,554,259802,0.0021322658545214032,570,242777,0.0023474757948705287,939,570,1.3366059866006328,3,1673,557.6666666666666,0.0018954187269349337,1.1929224927226556,0.9631995513773255,0.09700964580680704,3,4,3,2058,0.0019383593195906072,12,3,1.0,1211,1904,733.0,1.651226158038147,0.42703286205295693,0.0018764261006553756,1.2049968989978865,1.1124599434432176,2.252894769723226e-06,7.362401208245837e-06,67.80000000000001,68.76,False,False,历史峰值以下的恢复或波动,2026Q2,True,,181,False,False,multiyear | peak,153,False,full-corpus numeric candidates; new taxonomy scope review pending
F0207,Physics / Electrical engineering / Plasma,待主题范围审阅,全量NMF关键词主题,待主题范围审阅,True,False,153,415258,0.00036942730344542105,1078,336992,0.003198000249079296,1021,294811,0.0034619959940486882,972,259802,0.003739636688047006,880,242777,0.0036230542285425075,153,1078,0.11551822222395984,3,3071,1023.6666666666666,0.0034665443103916635,0.10656932967450854,0.09878695024739191,-1.1188233003133274,0,1,3,2252,0.002343141182191135,9,3,0.75,234,1727,893.3333333333334,0.2627655609392471,0.1351357221390784,0.003443945484411704,0.10726862696217353,0.0912162499644417,1.0,1.0,50.39,0.9400000000000001,False,False,近期份额下降,2026Q2,False,current_volume | current_share,299,False,False,multiyear | recent_growth | quarters | trend | peak | lower95 | qvalue,498,False,full-corpus numeric candidates; new taxonomy scope review pending
F0208,Electrolysis / Electrolysis of water / Alkaline water electrolysis,待主题范围审阅,全量NMF关键词主题,待主题范围审阅,True,False,2810,415258,0.006764009357220559,2029,336992,0.006017933709324462,1652,294811,0.005600536838145332,1372,259802,0.005277790595727009,1085,242777,0.004466581902422365,2810,2029,1.123975384896662,3,5053,1684.3333333333333,0.005632087047732268,1.2009774174111982,1.123975384896662,0.09437667866002952,3,4,3,6491,0.00612749330156345,12,3,1.0,2268,3382,1473.3333333333333,1.5390006782726657,0.5935488671184689,0.00566627983248398,1.1937301999176693,1.1399255611064554,1.894261697338154e-14,8.851690174477356e-14,96.23,65.97,False,False,平稳或增长证据不足,2026Q2,True,,10,False,False,multiyear | recent_growth,174,False,full-corpus numeric candidates; new taxonomy scope review pending
F0209,Transport engineering / Public transport / Environmental economics,待主题范围审阅,全量NMF关键词主题,待主题范围审阅,True,False,144,415258,0.00034776707067011946,532,336992,0.0015789848239543118,352,294811,0.0011946682211474915,255,259802,0.0009824958085306015,241,242777,0.0009937167475218803,144,532,0.22024725342146934,3,1139,379.6666666666667,0.0012520496178774685,0.27775821796876554,0.22024725342146934,-0.6170454340480336,0,2,3,1028,0.0010404733719239741,10,2,0.8333333333333334,237,1165,505.0,0.47035573122529645,0.40087340732931165,0.0012776740613664778,0.2721876268648525,0.22892888069695197,1.0,1.0,40.42,7.129999999999999,False,False,近期份额下降,2026Q2,False,active_years | current_volume | current_share,369,False,False,multiyear | recent_growth | quarters | trend | peak | lower95 | qvalue,462,False,full-corpus numeric candidates; new taxonomy scope review pending
F0210,Resilience (materials science) / Risk analysis (engineering) / Vulnerability (computing),待主题范围审阅,全量NMF关键词主题,待主题范围审阅,True,False,2100,415258,0.005055257660502325,947,336992,0.0028095551562379536,607,294811,0.002058896296020145,383,259802,0.0014747050589882023,343,242777,0.0014134231998913702,2100,947,1.7993089223674146,3,1937,645.6666666666666,0.002114385503748767,2.390887400400469,1.7993089223674146,0.4491293809992518,4,4,3,3654,0.003307903037586808,12,3,1.0,1959,2895,840.0,2.330558858501784,0.36875782828973025,0.0021724383447982013,2.3269970688037684,2.1876764277882685,8.519781859008413e-169,4.259890929504207e-167,79.11000000000001,93.5,False,False,多年背景上持续抬升,2026Q2,True,,96,False,True,,28,False,full-corpus numeric candidates; new taxonomy scope review pending
F0211,Monte Carlo method / Statistical physics / Kinetic Monte Carlo,待主题范围审阅,全量NMF关键词主题,待主题范围审阅,True,False,766,415258,0.001844729824696516,292,336992,0.0008673296920312417,269,294811,0.0009133704556007063,241,259802,0.0009286604217618015,260,242777,0.00107189736119855,766,292,2.126907266804453,3,802,267.3333333333333,0.0009031201897979164,2.042618297692244,1.7209948372611137,0.35147327728329314,4,4,3,1327,0.0012084766574428213,12,3,1.0,1018,1516,420.0,2.4204275534441804,0.3196699571505775,0.0008998099466841583,2.05013273246693,1.856912349791381,3.796027034749447e-48,4.519079803273151e-47,49.00000000000001,93.41999999999999,False,False,多年背景上持续抬升,2026Q2,True,,310,False,True,,30,False,full-corpus numeric candidates; new taxonomy scope review pending
F0212,Drone / Overhead (engineering) / Real-time computing,待主题范围审阅,全量NMF关键词主题,待主题范围审阅,True,False,333,415258,0.0008026319589514521,182,336992,0.0005411544232331679,113,294811,0.00038466622156096535,113,259802,0.0004364511713042007,86,242777,0.00035592753068589087,333,182,1.4831846964422226,3,408,136.0,0.0004540906053661113,1.767559049816344,1.4831846964422226,0.3677601375189954,4,4,3,628,0.0005761508679151951,10,2,0.8333333333333334,379,659,168.0,2.2485207100591715,0.29947162985659503,0.00045803409747100144,1.752341066709051,1.516346919410976,6.881706561438233e-15,3.3733855693324673e-14,24.080000000000002,87.4,False,False,多年背景上持续抬升,2026Q2,False,annual_volume | active_years,458,False,True,,63,False,full-corpus numeric candidates; new taxonomy scope review pending
F0213,Corporate governance / Finance / Climate governance,待主题范围审阅,全量NMF关键词主题,待主题范围审阅,True,False,1636,415258,0.003938552326309,520,336992,0.0015434020673581583,461,294811,0.0015640833590342335,395,259802,0.0015208496762186025,313,242777,0.0012899801256650496,1636,520,2.5518640991913544,3,1376,458.6666666666667,0.001542778367536998,2.5528957426313847,2.518121750710856,0.4617566433010496,4,4,3,2617,0.0023486792509004643,12,3,1.0,1544,2343,688.0,2.2423802612481856,0.35849328013256737,0.0015434123259946964,2.551847137653697,2.3753280682827964,3.378266195869035e-156,1.4076109149454311e-154,72.03,96.12999999999998,False,False,多年背景上持续抬升,2026Q2,True,,144,False,True,,18,False,full-corpus numeric candidates; new taxonomy scope review pending
F0214,Spinel / Metallurgy / Octahedron,待主题范围审阅,全量NMF关键词主题,待主题范围审阅,True,False,960,415258,0.0023116281756307942,581,336992,0.001724281080055272,695,294811,0.002357139710093845,688,259802,0.002647547413594204,639,242777,0.002631394865591066,960,581,1.3406330338883583,3,1964,654.6666666666666,0.0022429894012477736,1.0306014706733955,0.8731205959755111,-0.009748391275558266,3,4,3,2236,0.002131016321926637,12,3,1.0,1463,2328,1012.0,1.445212240868707,0.5729211651489109,0.0022027123243128087,1.0494462441217622,0.9715071833449652,0.1096402652389506,0.2414983815835916,79.7,58.08,False,False,历史峰值以下的恢复或波动,2026Q2,True,,93,False,False,multiyear | trend | peak | lower95 | qvalue,208,False,full-corpus numeric candidates; new taxonomy scope review pending
F0215,Redundancy (engineering) / Fault tolerance / Observability,待主题范围审阅,全量NMF关键词主题,待主题范围审阅,True,False,410,415258,0.00098794728380681,91,336992,0.0002713185190456705,115,294811,0.00039144448097173126,147,259802,0.0005671942534570009,136,242777,0.0005616659877297584,410,91,3.641282162683893,3,353,117.66666666666667,0.0004099857511581342,2.4097112668331544,1.7418146918544308,0.46289282276720245,4,4,3,616,0.0005502367612747373,8,1,0.6666666666666666,456,659,178.66666666666666,2.5435992578849724,0.33517847967372894,0.0003963648799412461,2.4925197306917184,2.1620939123184737,4.028644367633667e-39,4.1965045496184034e-38,23.64,97.13000000000001,False,False,多年背景上持续抬升,2026Q2,False,annual_volume | active_years | persistence,463,False,True,,15,False,full-corpus numeric candidates; new taxonomy scope review pending
F0216,Ion / Ionic liquid / Ionic bonding,待主题范围审阅,全量NMF关键词主题,待主题范围审阅,True,False,575,415258,0.0013850515513540052,896,336992,0.0026583284407043013,578,294811,0.0019606115345640394,413,259802,0.0015900666020642025,384,242777,0.0015821287346673414,575,896,0.5210234860922782,3,1887,629.0,0.0020696688591108478,0.6692140847831273,0.5210234860922782,-0.17375953593401228,1,4,3,2049,0.0020013305088741155,12,3,1.0,877,2041,888.3333333333334,0.9872563718140929,0.4954956297370613,0.002116375419771151,0.6544451132889145,0.5961292672614569,1.0,1.0,71.17,22.559999999999995,False,False,近期份额下降,2026Q2,False,current_share,153,False,False,multiyear | recent_growth | quarters | trend | peak | lower95 | qvalue,385,False,full-corpus numeric candidates; new taxonomy scope review pending
F0217,Geopolitics / Politics / Economy,待主题范围审阅,全量NMF关键词主题,待主题范围审阅,True,False,1064,415258,0.0025619241988120564,616,336992,0.0018280641201273862,457,294811,0.0015505268402127017,388,259802,0.0014939319828342025,270,242777,0.0011130450526073235,1064,616,1.4014411040645183,3,1461,487.0,0.0016241743143914301,1.577370221971523,1.4014411040645183,0.2510819231108643,4,4,3,2137,0.0019801717197173814,12,3,1.0,964,1783,595.3333333333334,1.6182224706539965,0.29981167488431165,0.001638719298540682,1.5633697614310822,1.444649337195122,2.1474535042839886e-29,1.6268587153666582e-28,60.92000000000001,81.94999999999999,False,False,多年背景上持续抬升,2026Q2,True,,230,False,True,,88,False,full-corpus numeric candidates; new taxonomy scope review pending
F0218,Synchronization (alternating current) / Channel (broadcasting) / Real-time computing,待主题范围审阅,全量NMF关键词主题,待主题范围审阅,True,False,314,415258,0.0007569048008702601,261,336992,0.0007754075708245118,182,294811,0.0006185161712323892,170,259802,0.000655638103148601,173,242777,0.0007139124459422205,314,261,0.9761380070940276,3,613,204.33333333333334,0.0006831872817351673,1.1079023587029666,0.9761380070940276,0.10095707486085947,3,4,3,757,0.0007169428476423871,12,3,1.0,378,793,289.3333333333333,1.3053960964408726,0.29633978977358527,0.0006878920900819079,1.1003249081990967,0.960478582084488,0.08501526347591237,0.1906171826814179,29.189999999999998,58.050000000000004,False,False,近期份额下降,2026Q2,True,,436,False,False,multiyear | recent_growth | peak | lower95 | qvalue,210,False,full-corpus numeric candidates; new taxonomy scope review pending
F0219,Ferrite (magnet) / Coercivity / Austenite,待主题范围审阅,全量NMF关键词主题,待主题范围审阅,True,False,153,415258,0.00036942730344542105,215,336992,0.00063900700387259,201,294811,0.0006829096356346653,205,259802,0.0007902265700706013,188,242777,0.0007756339830553807,153,215,0.5781271585547132,3,621,207.0,0.0007040477365259523,0.5247191124685953,0.4674954214870493,-0.3072042838778577,0,4,3,569,0.0005637813143175588,12,3,1.0,330,954,415.6666666666667,0.7944,0.4605030009069808,0.000696862158086236,0.5301296664751666,0.444284043429527,0.9999999999996438,1.0,35.54,15.15,False,False,近期份额下降,2026Q2,False,annual_volume | current_volume | current_share,395,False,False,multiyear | recent_growth | quarters | trend | peak | lower95 | qvalue,423,False,full-corpus numeric candidates; new taxonomy scope review pending
F0220,Computer network / Scheme (mathematics) / Protocol (science),待主题范围审阅,全量NMF关键词主题,待主题范围审阅,True,False,134,415258,0.00032370014536422885,351,336992,0.0010422782452956631,338,294811,0.00114722040527213,291,259802,0.0011209296602218018,274,242777,0.0011295041291708328,134,351,0.31056979921173045,3,980,326.6666666666667,0.0011034761035965317,0.2933458588810407,0.28216037988571563,-0.6326398233533328,0,3,3,823,0.0008377329319773407,11,2,0.9166666666666666,238,999,470.6666666666667,0.5067137809187279,0.32902925804268845,0.0010993939597804575,0.2944350771482043,0.2458781806655843,1.0,1.0,31.919999999999998,8.35,False,False,近期份额下降,2026Q2,False,active_years | current_volume | current_share,418,False,False,multiyear | recent_growth | quarters | trend | peak | lower95 | qvalue,454,False,full-corpus numeric candidates; new taxonomy scope review pending
F0221,Extraction (chemistry) / Chromatography / Solvent,待主题范围审阅,全量NMF关键词主题,待主题范围审阅,True,False,1544,415258,0.0037171366134948064,1190,336992,0.0035301059773100623,953,294811,0.0032315351740826474,793,259802,0.0030513128143602047,808,242777,0.0033267908503993382,1544,1190,1.052981592447052,3,2936,978.6666666666666,0.0032709846552509713,1.136396836202707,1.052981592447052,0.06999816696096595,4,4,3,3687,0.003492925921629172,12,3,1.0,1750,2897,1115.3333333333333,1.568527918781726,0.4435555295479269,0.0032925755868386678,1.1289449597917285,1.0614924515460509,5.38883406979467e-05,0.00015943296064481274,84.10000000000001,64.48,False,False,平稳或增长证据不足,2026Q2,True,,64,False,False,multiyear | recent_growth,183,False,full-corpus numeric candidates; new taxonomy scope review pending
F0222,Truck / Automotive engineering / Fuel efficiency,待主题范围审阅,全量NMF关键词主题,待主题范围审阅,True,False,443,415258,0.001067368137316249,278,336992,0.0008258164760023959,249,294811,0.0008455878614930472,239,259802,0.0009209696522234015,222,242777,0.0009155361338452106,443,278,1.292500414236289,3,766,255.33333333333334,0.0008641246632396148,1.235201566073432,1.1589612477885811,0.11645956658091539,4,4,3,970,0.000912924158270564,12,3,1.0,531,935,330.0,1.607250755287009,0.3899974515060214,0.000859444640664682,1.2419277366029788,1.104871939749965,0.00013841756669790431,0.0003954787619940123,40.99,72.27,False,False,平稳或增长证据不足,2026Q2,True,,366,False,False,multiyear,138,False,full-corpus numeric candidates; new taxonomy scope review pending
F0223,Philosophy / Epistemology / Traditional medicine,待主题范围审阅,全量NMF关键词主题,待主题范围审阅,True,False,31,415258,7.581081471355546e-05,162,336992,0.00048184982890624536,154,294811,0.0005236205394816665,133,259802,0.0005133588666882008,138,242777,0.0005698955260115132,31,162,0.15733286631156226,3,449,149.66666666666666,0.0005062764116920375,0.1497419452353833,0.13302581131690427,-0.9662631519512215,1,1,3,347,0.0003604270610338225,7,2,0.5833333333333334,19,205,88.33333333333333,0.22388059701492538,0.04252324999833022,0.0005040056959931828,0.15041658321770413,0.1048109386750737,1.0,1.0,10.33,4.65,False,False,近期份额下降,2026Q2,False,annual_volume | active_years | persistence | current_volume | current_share,489,False,False,volume | multiyear | recent_growth | quarters | trend | peak | lower95 | qvalue,478,False,full-corpus numeric candidates; new taxonomy scope review pending
F0224,Geothermal gradient / Geothermal energy / Petroleum engineering,待主题范围审阅,全量NMF关键词主题,待主题范围审阅,True,False,1512,415258,0.0036401224525159565,902,336992,0.0026761198190023783,794,294811,0.0026926635509267574,688,259802,0.002647547413594204,642,242777,0.002643739173013698,1512,902,1.360224017874112,3,2384,794.6666666666666,0.0026721102611744468,1.362265062713411,1.3518667979380876,0.1507432252659977,4,4,3,3208,0.0030029686074816973,12,3,1.0,1541,2446,932.3333333333334,1.6521428571428571,0.3824805252158765,0.0026736408945400316,1.361485179236158,1.276533380686063,1.8013971022322584e-21,1.0596453542542695e-20,76.69,76.85,False,False,多年背景上持续抬升,2026Q2,True,,110,False,True,,120,False,full-corpus numeric candidates; new taxonomy scope review pending
F0225,Iridium / Phosphorescence / Phosphorescent organic light-emitting diode,待主题范围审阅,全量NMF关键词主题,待主题范围审阅,True,False,208,415258,0.0005017953926278194,269,336992,0.0007991294085552807,297,294811,0.001008266087351429,252,259802,0.0009709596542230016,249,242777,0.001026634900648899,208,269,0.6279275762545125,3,818,272.6666666666667,0.0009261183833765705,0.5418264032275274,0.48877686927519476,-0.34889746857152915,1,4,3,774,0.0007697302961781763,12,3,1.0,391,903,441.0,0.8868778280542986,0.6069888468974427,0.0009177500826928145,0.5467669271742015,0.46964413366087654,0.9999999999999988,1.0,45.480000000000004,18.38,False,False,近期份额下降,2026Q2,False,current_volume | current_share,342,False,False,multiyear | recent_growth | quarters | trend | peak | lower95 | qvalue,413,False,full-corpus numeric candidates; new taxonomy scope review pending
F0226,Aqueous solution / Inorganic chemistry / Nuclear chemistry,待主题范围审阅,全量NMF关键词主题,待主题范围审阅,True,False,1370,415258,0.0032983721131723096,959,336992,0.002845137912834107,774,294811,0.0026248809568190984,611,259802,0.0023514527863658036,546,242777,0.0022487213354894725,1370,959,1.1593013112980262,3,2344,781.3333333333334,0.0026071572186730035,1.2651220607444311,1.1593013112980262,0.11419675124484385,4,4,3,3103,0.0029227969942751723,12,3,1.0,1698,2703,1081.0,1.5702402957486137,0.5039966242993159,0.0026287905545183915,1.2547108812084837,1.1738156370176573,1.0351407810851787e-11,4.277441244153631e-11,83.69000000000003,70.98,False,False,多年背景上持续抬升,2026Q2,True,,67,False,True,,143,False,full-corpus numeric candidates; new taxonomy scope review pending
F0227,Environmental chemistry / Pollutant / Contamination,待主题范围审阅,全量NMF关键词主题,待主题范围审阅,True,False,271,415258,0.0006534170220549304,870,336992,0.002581232468079302,598,294811,0.0020283941286716985,507,259802,0.0019515327703690031,421,242777,0.0017343751928798035,271,870,0.2531414857574369,3,1975,658.3333333333334,0.0021870531223733346,0.29876595834391934,0.2531414857574369,-0.5663920695101337,0,4,3,1739,0.00175434787293531,12,3,1.0,610,2299,1095.3333333333333,0.5573122529644269,0.51911461415926,0.00221504616781876,0.29499024966074405,0.2598435030726755,1.0,1.0,67.77,8.21,False,False,近期份额下降,2026Q2,False,current_share,182,False,False,multiyear | recent_growth | quarters | trend | peak | lower95 | qvalue,456,False,full-corpus numeric candidates; new taxonomy scope review pending
F0228,Durability / Development (topology) / Composite material,待主题范围审阅,全量NMF关键词主题,待主题范围审阅,True,False,920,415258,0.002215360474407232,522,336992,0.0015493325267908506,448,294811,0.0015200246728642552,359,259802,0.0013824158245274022,332,242777,0.0013681607393417191,920,522,1.4298805686316625,3,1329,443.0,0.0014839243413941692,1.492906621051763,1.4298805686316625,0.18834428288902583,4,4,3,1890,0.0017615725580207792,12,3,1.0,1201,1918,663.6666666666666,1.8084252758274826,0.5336270907639864,0.0014907131764692692,1.4861077968427692,1.366317924479117,6.437196709528037e-21,3.6995383388092166e-20,71.69,80.61,False,False,多年背景上持续抬升,2026Q2,True,,147,False,True,,100,False,full-corpus numeric candidates; new taxonomy scope review pending
F0229,Term (time) / Wind power forecasting / Econometrics,待主题范围审阅,全量NMF关键词主题,待主题范围审阅,True,False,714,415258,0.001719581813105885,1658,336992,0.004917833484560049,882,294811,0.0029909069650004574,463,259802,0.0017823358405242029,423,242777,0.0017426047311615582,714,1658,0.3496624720020831,3,3003,1001.0,0.0032303587633615697,0.5323191444273072,0.3496624720020831,-0.27674777241687964,0,4,3,3254,0.0032094407542221305,12,3,1.0,741,2622,1093.6666666666667,0.6778319123020706,0.43368249628492705,0.0033676999063749153,0.5106101674471613,0.47060737095843364,1.0,1.0,78.38000000000001,12.940000000000001,False,False,近期份额下降,2026Q2,False,current_share,100,False,False,multiyear | recent_growth | quarters | trend | peak | lower95 | qvalue,434,False,full-corpus numeric candidates; new taxonomy scope review pending
F0230,Electrolyte / Ionic conductivity / Conductivity,待主题范围审阅,全量NMF关键词主题,待主题范围审阅,True,False,3962,415258,0.009536519152459158,2503,336992,0.007423452594872525,2505,294811,0.008491464476836992,2475,259802,0.009519249996154616,2136,242777,0.008791204269484461,3962,2503,1.2846474104308494,3,7483,2494.3333333333335,0.008478055689288043,1.1248474298781117,1.0018141299274121,0.05803353519476362,4,4,3,8970,0.008483812074722893,12,3,1.0,2722,3818,1814.3333333333333,1.5,0.5450489456654445,0.008390937988798627,1.1365259956860376,1.0935930862540522,2.687952162687056e-11,1.0838516785028451e-10,96.53,66.51,False,False,平稳或增长证据不足,2026Q2,True,,8,False,False,multiyear | peak,170,False,full-corpus numeric candidates; new taxonomy scope review pending
F0231,Calibration / Range (aeronautics) / Statistics,待主题范围审阅,全量NMF关键词主题,待主题范围审阅,True,False,878,415258,0.002114279388122491,275,336992,0.0008169207868533575,212,294811,0.0007201900623938778,204,259802,0.0007863811853014012,206,242777,0.000849699827591173,878,275,2.5881082011223415,3,691,230.33333333333334,0.0007744973448495455,2.729872997218877,2.4882662317542112,0.538477082933225,4,4,3,1365,0.0012171300791232419,12,3,1.0,1002,1386,343.6666666666667,2.9100580270793035,0.25437500878491937,0.0007753502531241065,2.726870055956593,2.468259528566717,1.807186595849803e-94,5.019962766249453e-93,46.06,97.39999999999999,False,False,多年背景上持续抬升,2026Q2,True,,341,False,True,,12,False,full-corpus numeric candidates; new taxonomy scope review pending
F0232,Electronic engineering / Amplifier / CMOS,待主题范围审阅,全量NMF关键词主题,待主题范围审阅,True,False,140,415258,0.00033814030054776323,371,336992,0.0011015828396225855,302,294811,0.0010252117358783438,279,259802,0.0010747850429914016,306,242777,0.001261176741678908,140,371,0.3069585766819079,3,952,317.3333333333333,0.0010671932061641104,0.31685012478964825,0.2681149194819617,-0.554596771046663,0,2,3,813,0.0008216449586828976,10,2,0.8333333333333334,198,790,379.6666666666667,0.5227670753064798,0.3359726491372163,0.0010679987217653093,0.3166111472388718,0.2652155732787875,1.0,1.0,29.280000000000005,8.780000000000001,False,False,近期份额下降,2026Q2,False,active_years | current_volume | current_share,434,False,False,multiyear | recent_growth | quarters | trend | peak | lower95 | qvalue,453,False,full-corpus numeric candidates; new taxonomy scope review pending
F0233,Test (biology) / Reliability engineering / Test method,待主题范围审阅,全量NMF关键词主题,待主题范围审阅,True,False,286,415258,0.0006895174100137663,258,336992,0.0007665118816754734,159,294811,0.0005405661880085813,92,259802,0.0003556980911510006,83,242777,0.0003435832232632588,286,258,0.8995521485023696,3,509,169.66666666666666,0.0005542587202783518,1.2440352939643184,0.8995521485023696,0.12168743026683249,2,4,3,703,0.0006655318265659403,10,3,0.8333333333333334,232,688,204.33333333333334,1.1347402597402596,0.18943846145479631,0.0005712812060256431,1.2069667315168353,1.0443282282719395,0.005479702961616677,0.013837633741456256,22.19,56.769999999999996,False,False,近期份额下降,2026Q2,False,annual_volume,471,False,False,multiyear | recent_growth | quarters | peak | lower95,219,False,full-corpus numeric candidates; new taxonomy scope review pending
F0234,Organic Rankine cycle / Waste heat / Degree Rankine,待主题范围审阅,全量NMF关键词主题,待主题范围审阅,True,False,817,415258,0.001967471143756558,524,336992,0.0015552629862235427,633,294811,0.0021470136683601018,677,259802,0.002605248181133004,691,242777,0.0028453628609166884,817,524,1.2650408073646313,3,1834,611.3333333333334,0.0021025082785722164,0.9357733159998018,0.6914658129482647,-0.04366442519300762,3,4,3,1974,0.0018899159327800674,12,3,1.0,945,1629,707.3333333333334,1.3355294117647059,0.45626000605370004,0.002056948719242478,0.9564998511392777,0.8808252157631569,0.8551846138722041,1.0,66.72,51.160000000000004,False,False,历史峰值以下的恢复或波动,2026Q2,True,,191,False,False,multiyear | trend | peak | lower95 | qvalue,249,False,full-corpus numeric candidates; new taxonomy scope review pending
F0235,Tin / Tin oxide / Antimony,待主题范围审阅,全量NMF关键词主题,待主题范围审阅,True,False,443,415258,0.001067368137316249,678,336992,0.002011908362540846,606,294811,0.002055507166314762,514,259802,0.001978450463753403,494,242777,0.00203475334016385,443,678,0.5305252252981673,3,1798,599.3333333333334,0.002015288664203004,0.5296353600730277,0.5192723989524646,-0.32766334001535036,0,4,3,1727,0.0017115945553906192,12,3,1.0,762,1874,915.0,0.8329694323144105,0.5055608711605257,0.0020165834132230016,0.5292953072594847,0.47705559913810774,1.0,1.0,66.36999999999999,14.329999999999998,False,False,近期份额下降,2026Q2,False,current_share,192,False,False,multiyear | recent_growth | quarters | trend | peak | lower95 | qvalue,426,False,full-corpus numeric candidates; new taxonomy scope review pending
F0236,Engineering management / Engineering ethics / Process management,待主题范围审阅,全量NMF关键词主题,待主题范围审阅,True,False,80,415258,0.0001937387487124195,80,336992,0.0002387009921658631,69,294811,0.00023554451452411536,70,259802,0.00027109962622860046,55,242777,0.00022836968731869298,80,80,0.8116378024009165,3,219,73.0,0.00024844837763952633,0.7797947829368199,0.714640412484569,-0.09769466077122946,1,1,3,229,0.00022266141846746598,3,0,0.25,109,300,91.66666666666667,1.1870503597122302,0.2198229561216061,0.0002461162408687511,0.7871839258902729,0.6097648144455999,0.9688600044048027,1.0,6.380000000000001,30.959999999999997,False,False,近期份额下降,2026Q2,False,annual_volume | active_years | persistence | current_volume,493,False,False,volume | multiyear | recent_growth | quarters | trend | peak | lower95 | qvalue,351,False,full-corpus numeric candidates; new taxonomy scope review pending
F0237,Constant (computer programming) / Constant current / Entropy (arrow of time),待主题范围审阅,全量NMF关键词主题,待主题范围审阅,True,False,381,415258,0.0009181532004197271,288,336992,0.0008554687731658571,199,294811,0.0006761313762238994,144,259802,0.0005556580991494009,179,242777,0.0007386010607874845,381,288,1.073274944942633,3,631,210.33333333333334,0.0006957527495130524,1.3196544333634752,1.073274944942633,0.15298843049918176,3,4,3,868,0.0008165844499364946,12,3,1.0,377,853,292.3333333333333,1.2886363636363638,0.3268435034375349,0.0007080747430916461,1.2966896635951477,1.1419303025367726,2.9814838241394665e-05,8.926598275866666e-05,33.71,66.69,False,False,平稳或增长证据不足,2026Q2,True,,405,False,False,recent_growth,166,False,full-corpus numeric candidates; new taxonomy scope review pending
F0238,Dual (grammatical number) / Dual role / Dual purpose,待主题范围审阅,全量NMF关键词主题,待主题范围审阅,True,False,1159,415258,0.0027905599892180176,2585,336992,0.007666601431612907,1050,294811,0.003560280755504794,359,259802,0.0013824158245274022,292,242777,0.0012035699737066251,1159,2585,0.36398918270503294,3,3994,1331.3333333333333,0.004203099337215035,0.6639291069116242,0.36398918270503294,-0.12179855849284937,1,4,3,4794,0.004672480725445239,12,3,1.0,1354,3040,1230.0,1.1007311129163282,0.5063701172920716,0.004478867080411054,0.6230504141154174,0.5836169802605549,1.0,1.0,89.74000000000001,22.189999999999998,False,False,近期份额下降,2026Q2,False,current_share,34,False,False,multiyear | recent_growth | quarters | trend | peak | lower95 | qvalue,386,False,full-corpus numeric candidates; new taxonomy scope review pending
F0239,Industrial organization / Competition (biology) / Economic system,待主题范围审阅,全量NMF关键词主题,待主题范围审阅,True,False,117,415258,0.0002827863723442148,301,336992,0.0008940167594783568,242,294811,0.0008218639535553665,213,259802,0.0008209896482242014,178,242777,0.0007344862916466072,117,301,0.3163099229920653,3,756,252.0,0.0008456234537526416,0.33441169481438526,0.3163099229920653,-0.5334415650947775,0,2,3,660,0.000666222361792646,10,2,0.8333333333333334,190,884,386.3333333333333,0.4931153184165233,0.3587558130531923,0.000848232055659272,0.33338326517785816,0.27449719841279036,1.0,1.0,28.46,9.219999999999999,False,False,近期份额下降,2026Q2,False,annual_volume | active_years | current_volume | current_share,442,False,False,multiyear | recent_growth | quarters | trend | peak | lower95 | qvalue,449,False,full-corpus numeric candidates; new taxonomy scope review pending
F0240,Molybdenum / Molybdenum disulfide / Tungsten,待主题范围审阅,全量NMF关键词主题,待主题范围审阅,True,False,359,415258,0.0008652059647467678,532,336992,0.0015789848239543118,460,294811,0.0015606942293288507,399,259802,0.0015362312152954025,376,242777,0.0015492105815403227,359,532,0.5479507792734826,3,1391,463.6666666666667,0.001558636756192855,0.5551042995162839,0.5479507792734826,-0.2949592159652452,0,4,3,1351,0.0013349616726766433,12,3,1.0,632,1680,782.3333333333334,0.8080851063829787,0.5121681767167854,0.0015602312035028116,0.554537021695457,0.4938212458356361,1.0,1.0,59.830000000000005,15.599999999999998,False,False,近期份额下降,2026Q2,False,current_share,234,False,False,multiyear | recent_growth | quarters | trend | peak | lower95 | qvalue,419,False,full-corpus numeric candidates; new taxonomy scope review pending
F0241,Topology (electrical circuits) / Network topology / Graph,待主题范围审阅,全量NMF关键词主题,待主题范围审阅,True,False,843,415258,0.0020300451495518738,425,336992,0.0012617052443052764,448,294811,0.0015200246728642552,465,259802,0.0017900266100626028,484,242777,0.0019936056487550764,843,425,1.6089694155703242,3,1338,446.0,0.0015239188424107115,1.3321215625502163,1.0182781889786239,0.1446657335454713,4,4,3,1716,0.0016039250222404683,12,3,1.0,785,1369,540.6666666666666,1.4510769230769232,0.3758771669736629,0.0015008045029741381,1.3526379655237852,1.2409678153604684,2.5386337974960474e-12,1.0848862382461741e-11,57.05,77.19999999999999,False,False,多年背景上持续抬升,2026Q2,True,,251,False,False,peak,117,False,full-corpus numeric candidates; new taxonomy scope review pending
F0242,Impeller / Centrifugal pump / Specific speed,待主题范围审阅,全量NMF关键词主题,待主题范围审阅,True,False,479,415258,0.0011540090684174552,344,336992,0.0010215216372812402,340,294811,0.001153998664682896,397,259802,0.0015285404457570024,364,242777,0.0014998333518497944,479,344,1.1296961574781985,3,1081,360.3333333333333,0.0012346869159070462,0.9346572426983871,0.7549745063147071,4.5076688479639415e-06,2,4,3,1163,0.0011098431234605303,12,3,1.0,465,844,336.3333333333333,1.3814229249011858,0.36070127581918376,0.0012126410683350993,0.9516493367669436,0.8546239900865312,0.8181289527152997,1.0,42.74,49.12,False,False,历史峰值以下的恢复或波动,2026Q2,True,,352,False,False,multiyear | recent_growth | quarters | peak | lower95 | qvalue,262,False,full-corpus numeric candidates; new taxonomy scope review pending
F0243,Modular design / High-voltage direct current / Capacitor,待主题范围审阅,全量NMF关键词主题,待主题范围审阅,True,False,1580,415258,0.0038037775445960128,559,336992,0.001659046026295657,522,294811,0.0017708202710625938,462,259802,0.001778490455755003,482,242777,0.001985376110473322,1580,559,2.292749860044055,3,1543,514.3333333333334,0.001736118917704418,2.190966013794467,1.9158977105296064,0.382275897210238,4,4,3,2661,0.002411214613984754,12,3,1.0,1438,2074,604.3333333333334,2.377202643171806,0.3135406123652714,0.0017306624955850446,2.1978736780276495,2.0489985247407705,1.6386107487181473e-113,5.462035829060491e-112,68.27000000000001,94.69,False,False,多年背景上持续抬升,2026Q2,True,,178,False,True,,23,False,full-corpus numeric candidates; new taxonomy scope review pending
F0244,Engineering / Mechanical engineering / Manufacturing engineering,待主题范围审阅,全量NMF关键词主题,待主题范围审阅,True,False,54,415258,0.00013116474291710389,251,336992,0.0007457552736610505,169,294811,0.0005744574850624108,106,259802,0.00040953347791980064,114,242777,0.0004711410666304567,54,251,0.17588175042087456,3,526,175.33333333333334,0.0005765820788810873,0.2274866800779546,0.17588175042087456,-0.7384859892737685,0,1,3,474,0.0004837925005468551,7,2,0.5833333333333334,101,612,229.0,0.4434782608695652,0.2666027948421248,0.0005903426005348403,0.22218410597214377,0.1681081479914092,1.0,1.0,14.680000000000001,5.62,False,False,近期份额下降,2026Q2,False,annual_volume | active_years | persistence | current_volume | current_share,481,False,False,volume | multiyear | recent_growth | quarters | trend | peak | lower95 | qvalue,471,False,full-corpus numeric candidates; new taxonomy scope review pending
F0245,Photodegradation / Rhodamine B / Methyl orange,待主题范围审阅,全量NMF关键词主题,待主题范围审阅,True,False,898,415258,0.002162413238734272,772,336992,0.0022906399558773817,1287,294811,0.004363504495680555,1446,259802,0.005562349068647809,1314,242777,0.005408864035683278,898,772,0.9440214439575708,3,3505,1168.3333333333333,0.004072164506735248,0.5310230554678477,0.3887589958930694,-0.3510253398552541,1,4,3,2957,0.002938852563430736,12,3,1.0,1402,2744,1510.6666666666667,0.928114663726571,0.5801713224081961,0.0039305716736465005,0.5501523488892752,0.5112737048537674,1.0,1.0,85.59,23.33,False,False,近期份额下降,2026Q2,True,,59,False,False,multiyear | recent_growth | quarters | trend | peak | lower95 | qvalue,384,False,full-corpus numeric candidates; new taxonomy scope review pending
F0246,Solar energy / Optics / Solar power,待主题范围审阅,全量NMF关键词主题,待主题范围审阅,True,False,1454,415258,0.003500534285741791,746,336992,0.0022135439832523824,611,294811,0.002072452814841677,637,259802,0.002451432790365004,544,242777,0.0022404917972077176,1454,746,1.58141618699549,3,1994,664.6666666666666,0.002245809862819688,1.558695748778463,1.4279544189423126,0.2620913847058999,4,4,3,2811,0.002595510361278617,12,3,1.0,1446,2413,876.0,1.6499429874572407,0.3044276420605835,0.002236350079329039,1.565289047585984,1.4629996059909764,1.1680436156832018e-39,1.2425995911523423e-38,70.47,83.87,False,False,多年背景上持续抬升,2026Q2,True,,162,False,True,,79,False,full-corpus numeric candidates; new taxonomy scope review pending
F0247,Chemical physics / Molecular dynamics / Dynamics (music),待主题范围审阅,全量NMF关键词主题,待主题范围审阅,True,False,284,415258,0.0006847040249525881,632,336992,0.0018755077955889242,498,294811,0.001689481158133403,373,259802,0.0014362512112962023,327,242777,0.0013475868936373325,284,632,0.3650766083526652,3,1503,501.0,0.0016670800550061763,0.410720542721658,0.3650766083526652,-0.4515950446158685,0,4,3,1414,0.0014165643262249717,12,3,1.0,564,1674,813.3333333333334,0.6938190749079001,0.5011772106865684,0.0016858121555634045,0.40615677297910907,0.3578159315438192,1.0,1.0,59.58000000000001,11.18,False,False,近期份额下降,2026Q2,False,current_share,237,False,False,multiyear | recent_growth | quarters | trend | peak | lower95 | qvalue,441,False,full-corpus numeric candidates; new taxonomy scope review pending
F0248,Energy transition / Transition (genetics) / Transition metal,待主题范围审阅,全量NMF关键词主题,待主题范围审阅,True,False,700,415258,0.001685888117677638,889,336992,0.0026375718326898784,589,294811,0.001997891961323252,261,259802,0.0010055681171458016,239,242777,0.0009854872092401256,700,889,0.6391818781133694,3,1739,579.6666666666666,0.0018803439703863108,0.8965849569168334,0.6391818781133694,-0.08490005379829713,1,4,3,2178,0.0021071173038969227,12,3,1.0,964,2234,782.0,1.2324393358876118,0.3893754263134823,0.001950429161691082,0.8643677764825466,0.7917860815062128,0.9994518424884798,1.0,67.86,32.31,False,False,近期份额下降,2026Q2,False,current_share,180,False,False,multiyear | recent_growth | quarters | trend | peak | lower95 | qvalue,344,False,full-corpus numeric candidates; new taxonomy scope review pending
F0249,Energy security / Energy supply / Energy policy,待主题范围审阅,全量NMF关键词主题,待主题范围审阅,True,False,824,415258,0.001984317991470682,352,336992,0.0010452434750120093,392,294811,0.0013302334093628098,387,259802,0.0014900865980650023,301,242777,0.0012406028959745213,824,352,1.8984265761122145,3,1131,377.0,0.0012885211608132739,1.539996432979217,1.331679644691442,0.19996042569048056,4,4,3,1568,0.0014532649586151667,12,3,1.0,899,1557,504.3333333333333,1.7810026385224276,0.31227398758431235,0.0012687039933621496,1.5640511907053336,1.4297974579146369,3.160831174162716e-23,1.9755194838516973e-22,52.449999999999996,85.87,False,False,多年背景上持续抬升,2026Q2,True,,283,False,True,,68,False,full-corpus numeric candidates; new taxonomy scope review pending
F0250,Plan (archaeology) / Scheme (mathematics) / Operations management,待主题范围审阅,全量NMF关键词主题,待主题范围审阅,True,False,268,415258,0.0006461969444631632,117,336992,0.00034841449167066974,96,294811,0.00032705101656945514,100,259802,0.0003864611693046006,116,242777,0.0004793706049122114,268,117,1.854678722933158,3,313,104.33333333333333,0.0003539755591815752,1.8255411361090335,1.3480112001892632,0.3404940761038744,4,4,3,481,0.000440554150901096,8,1,0.6666666666666666,240,483,127.33333333333333,1.8779220779220782,0.1627231446973718,0.00035151453991960575,1.8383220921983874,1.5618579817719498,5.3608818393009805e-14,2.459120109771092e-13,14.830000000000002,90.32,False,False,多年背景上持续抬升,2026Q2,False,annual_volume | active_years | persistence,480,False,True,,46,False,full-corpus numeric candidates; new taxonomy scope review pending
F0251,Series (stratigraphy) / Time series / Autoregressive integrated moving average,待主题范围审阅,全量NMF关键词主题,待主题范围审阅,True,False,684,415258,0.001647381037188213,849,336992,0.0025189626440360333,524,294811,0.0017775985304733597,315,259802,0.001213218894682602,315,242777,0.0012982096639468043,684,849,0.6539918490211034,3,1688,562.6666666666666,0.0018365933563973316,0.8969764762841796,0.6539918490211034,-0.03803826825203904,1,4,3,2057,0.0019813140705658688,12,3,1.0,785,1976,731.0,1.0737704918032787,0.3675909365872585,0.0018932449781634906,0.8701362244130849,0.7961905890959751,0.9989538208879549,1.0,63.77,33.05,False,False,近期份额下降,2026Q2,False,current_share,213,False,False,multiyear | recent_growth | quarters | trend | peak | lower95 | qvalue,342,False,full-corpus numeric candidates; new taxonomy scope review pending
F0252,Software deployment / Carbon capture and storage (timeline) / Environmental economics,待主题范围审阅,全量NMF关键词主题,待主题范围审阅,True,False,2869,415258,0.006906004216525314,587,336992,0.0017420724583533487,528,294811,0.0017911550492948915,527,259802,0.0020284404657530033,460,242777,0.00189485118937402,2869,587,3.9642462535990295,3,1642,547.3333333333334,0.001853889324467081,3.7251437426074574,3.404588073015812,0.6747652594209472,4,4,3,3984,0.0034797439080578516,12,3,1.0,2772,3467,806.3333333333334,3.4347646573080097,0.3853389271601097,0.0018416670871386044,3.7498656867757583,3.529218452972797,0.0,0.0,82.42,99.22999999999999,False,False,多年背景上持续抬升,2026Q2,True,,75,False,True,,4,False,full-corpus numeric candidates; new taxonomy scope review pending
F0253,Artificial neural network / Artificial intelligence / Machine learning,待主题范围审阅,全量NMF关键词主题,待主题范围审阅,True,False,2872,415258,0.0069132242941170804,1667,336992,0.004944520552007164,1580,294811,0.00535651949935776,1407,259802,0.0054123790626490085,1232,242777,0.005071452966131335,2872,1667,1.3981586731014288,3,4654,1551.3333333333333,0.005237806371337978,1.3198701525026255,1.2772986175017655,0.1275608623355038,4,4,3,6119,0.005738088115160668,12,3,1.0,2765,4290,1749.3333333333333,1.5802704246810133,0.41926230797636516,0.005218897690768118,1.3246521974067653,1.2644596060433548,3.993994201806217e-33,3.698142779450201e-32,88.32,75.74,False,False,多年背景上持续抬升,2026Q2,True,,47,False,True,,124,False,full-corpus numeric candidates; new taxonomy scope review pending
F0254,Theology / Philosophy / Traditional medicine,待主题范围审阅,全量NMF关键词主题,待主题范围审阅,True,False,13,415258,3.249034916295234e-05,71,336992,0.00021201392471874796,101,294811,0.0003439966650963699,134,259802,0.0005172042514574009,102,242777,0.00042176383693992846,13,71,0.15324629835541778,3,306,102.0,0.0003577382804241729,0.09082156129455392,0.06281918424181472,-1.1798444332168443,0,0,3,185,0.00019616697965935676,1,0,0.08333333333333333,10,105,58.333333333333336,0.18539325842696627,0.055090071979076186,0.0003436657304158187,0.09454055580008111,0.05481495727949193,1.0,1.0,1.9900000000000002,1.37,False,False,近期份额下降,2026Q2,False,annual_volume | active_years | persistence | current_volume | current_share,497,False,False,volume | multiyear | recent_growth | quarters | trend | peak | lower95 | qvalue,495,False,full-corpus numeric candidates; new taxonomy scope review pending
F0255,Mathematics / Statistics / Mathematical optimization,待主题范围审阅,全量NMF关键词主题,待主题范围审阅,True,False,67,415258,0.00016245174581476168,512,336992,0.0015196802296273892,411,294811,0.0013946268737650858,326,259802,0.001255518127143802,309,242777,0.0012735210491015402,67,512,0.106898637389389,3,1249,416.3333333333333,0.0013899417435120924,0.11687665801322007,0.106898637389389,-1.075000587817435,0,1,3,990,0.0010255862830690788,9,2,0.75,135,1095,495.0,0.27419354838709675,0.19702313901078483,0.0014010124964259885,0.11595310265196021,0.09076404038250521,1.0,1.0,29.120000000000008,1.06,False,False,近期份额下降,2026Q2,False,active_years | current_volume | current_share,438,False,False,volume | multiyear | recent_growth | quarters | trend | peak | lower95 | qvalue,497,False,full-corpus numeric candidates; new taxonomy scope review pending
F0256,Inductor / Inductance / Ripple,待主题范围审阅,全量NMF关键词主题,待主题范围审阅,True,False,684,415258,0.001647381037188213,368,336992,0.0010926871504735472,449,294811,0.001523413802569638,568,259802,0.0021861012412902033,519,242777,0.002137622568685784,684,368,1.5076419965900334,3,1385,461.6666666666667,0.0016007340647777961,1.029140988148392,0.7535703315441851,0.03911651871029953,4,4,3,1501,0.001421160663410466,12,3,1.0,729,1169,484.6666666666667,1.5030885380919699,0.3302846024303344,0.0015535036524995656,1.0604294586225145,0.9676395655066119,0.10462231758747847,0.2324940390832855,49.43000000000001,64.57000000000001,False,False,历史峰值以下的恢复或波动,2026Q2,True,,305,False,False,multiyear | peak | lower95 | qvalue,182,False,full-corpus numeric candidates; new taxonomy scope review pending
F0257,Gas compressor / Turbine / Impeller,待主题范围审阅,全量NMF关键词主题,待主题范围审阅,True,False,742,415258,0.0017869692039623787,289,336992,0.0008584340028822033,344,294811,0.0011675551835044278,378,259802,0.0014554781351422024,332,242777,0.0013681607393417191,742,289,2.0816617211836976,3,1011,337.0,0.0011604891071762778,1.5398414279910504,1.2277540698251637,0.21280451341345552,4,4,3,1375,0.0012709861301163367,12,3,1.0,712,1124,384.0,1.851948051948052,0.35245520157753557,0.0011341529732972289,1.5755980419178124,1.4332080807658647,1.0969232870173548e-21,6.529305279865207e-21,48.53000000000001,86.87,False,False,多年背景上持续抬升,2026Q2,True,,315,False,True,,65,False,full-corpus numeric candidates; new taxonomy scope review pending
F0258,Char / Particle (ecology) / Particle size,待主题范围审阅,全量NMF关键词主题,待主题范围审阅,True,False,438,415258,0.0010553346746633037,275,336992,0.0008169207868533575,295,294811,0.0010014878279406632,364,259802,0.0014016427483734023,361,242777,0.0014874890444271625,438,275,1.2918445602642536,3,934,311.3333333333333,0.001073350454389141,0.9832153797930889,0.709473914189208,0.026185610784927427,3,4,3,1008,0.0009579144298191081,12,3,1.0,681,1206,447.6666666666667,1.5200594353640415,0.430633116874629,0.0010478160687555714,1.007175501628508,0.8991518436415638,0.45278959009928615,0.8985352775171707,46.300000000000004,58.06,False,False,历史峰值以下的恢复或波动,2026Q2,True,,336,False,False,multiyear | peak | lower95 | qvalue,209,False,full-corpus numeric candidates; new taxonomy scope review pending
F0259,Fuel cells / Proton exchange membrane fuel cell / Stack (abstract data type),待主题范围审阅,全量NMF关键词主题,待主题范围审阅,True,False,1237,415258,0.0029782820066039644,1616,336992,0.004793293836473512,1120,294811,0.0037975198348816006,995,259802,0.003828080537738606,725,242777,0.002985265011706518,1237,1616,0.6213435078695541,3,3731,1243.6666666666667,0.00413963140303124,0.7194558444075773,0.6213435078695541,-0.12150077609718313,0,4,3,3973,0.0038563652259863586,12,3,1.0,1302,2492,1171.6666666666667,1.111142694712905,0.5320298973881565,0.004183976094768768,0.7118305504488219,0.6675037671496689,1.0,1.0,88.32,23.69,False,False,近期份额下降,2026Q2,False,current_share,47,False,False,multiyear | recent_growth | quarters | trend | peak | lower95 | qvalue,382,False,full-corpus numeric candidates; new taxonomy scope review pending
F0260,Irradiation / Tungsten / Radiochemistry,待主题范围审阅,全量NMF关键词主题,待主题范围审阅,True,False,790,415258,0.0019024904454306535,753,336992,0.0022343005912668053,646,294811,0.0021910723545300803,620,259802,0.0023860612492886037,615,242777,0.0025326404062100097,790,753,0.8514926115433636,3,2019,673.0,0.0022704780650284963,0.8379250496774897,0.7511885385567432,-0.07061364747930776,0,4,3,2189,0.0021092877970758464,12,3,1.0,1026,1976,904.6666666666666,1.1339712918660287,0.37011865541611355,0.002264381541842564,0.8401810429361503,0.7738563372940466,0.999984141311042,1.0,65.99000000000001,31.019999999999996,False,False,近期份额下降,2026Q2,True,,198,False,False,multiyear | recent_growth | quarters | trend | peak | lower95 | qvalue,350,False,full-corpus numeric candidates; new taxonomy scope review pending
F0261,Environmental science / Waste management / Engineering,待主题范围审阅,全量NMF关键词主题,待主题范围审阅,True,False,287,415258,0.0006919241025443554,1788,336992,0.005303313347685045,1228,294811,0.00416354584306296,798,259802,0.003070539738206205,739,242777,0.003042871779678801,287,1788,0.13047015274826027,3,3814,1271.3333333333333,0.00417913297631807,0.16556642405620683,0.13047015274826027,-0.8973230425600294,0,1,3,3303,0.00338626109776412,9,3,0.75,500,3141,1438.3333333333333,0.34807781380268643,0.28806026236804805,0.004277040550313672,0.16177637186386054,0.14350120017767348,1.0,1.0,64.51,2.17,False,False,近期份额下降,2026Q2,False,current_share,207,False,False,multiyear | recent_growth | quarters | trend | peak | lower95 | qvalue,492,False,full-corpus numeric candidates; new taxonomy scope review pending
F0262,Inorganic chemistry / Alkali metal / Intercalation (chemistry),待主题范围审阅,全量NMF关键词主题,待主题范围审阅,True,False,144,415258,0.00034776707067011946,290,336992,0.0008613992325985494,273,294811,0.0009269269744222381,214,259802,0.0008248350329934013,203,242777,0.000837355520168541,144,290,0.4037234507639671,3,777,259.0,0.0008710537466713963,0.39924869389410256,0.3751828140365489,-0.4901709338528897,1,3,3,707,0.0007120310925636357,11,2,0.9166666666666666,314,1005,463.0,0.6788793103448276,0.5193057082756374,0.0008717784841706331,0.3989167856109317,0.3340183717991106,1.0,1.0,40.760000000000005,13.549999999999999,False,False,近期份额下降,2026Q2,False,annual_volume | active_years | current_volume | current_share,367,False,False,multiyear | recent_growth | quarters | trend | peak | lower95 | qvalue,432,False,full-corpus numeric candidates; new taxonomy scope review pending
F0263,Agricultural science / Polish / Profitability index,待主题范围审阅,全量NMF关键词主题,待主题范围审阅,True,False,26,415258,6.377735206061014e-05,45,336992,0.0001349179520937487,53,294811,0.00018131843923798808,67,259802,0.0002595634719210004,68,242777,0.00028186168615009855,26,45,0.47271212667306123,3,165,55.0,0.0001919332877509124,0.332289165719806,0.2262718034924657,-0.5224283371530074,0,0,3,124,0.00012667124779744898,0,0,0.0,35,205,89.66666666666667,0.39705882352941174,0.17276778521682423,0.0001855682818395367,0.3436867088943532,0.22806604370523548,0.9999999650685122,1.0,1.26,10.03,False,False,近期份额下降,2026Q2,False,annual_volume | active_years | persistence | current_volume | current_share,499,False,False,volume | multiyear | recent_growth | quarters | trend | peak | lower95 | qvalue,446,False,full-corpus numeric candidates; new taxonomy scope review pending
F0264,Joint (building) / Structural engineering / Entrepreneurship,待主题范围审阅,全量NMF关键词主题,待主题范围审阅,True,False,525,415258,0.0012647169248245522,426,336992,0.0012646704740216224,240,294811,0.0008150856941446006,113,259802,0.0004364511713042007,96,242777,0.00039707522209466437,525,426,1.0000367295701797,3,779,259.6666666666667,0.0008387357798234746,1.5078847895230272,1.0000367295701797,0.2196551736874799,2,4,3,1191,0.0011148243643302584,12,3,1.0,633,1125,338.6666666666667,1.8665358194308144,0.39610683396032315,0.0008740210011717152,1.4470097665034007,1.2954663249514164,2.2825187372019208e-11,9.278531452040328e-11,47.14,70.50999999999999,False,False,平稳或增长证据不足,2026Q2,True,,327,False,False,recent_growth | quarters | peak,146,False,full-corpus numeric candidates; new taxonomy scope review pending
F0265,Layer (electronics) / Passivation / Atomic layer deposition,待主题范围审阅,全量NMF关键词主题,待主题范围审阅,True,False,345,415258,0.0008315122693185209,467,336992,0.0013862448923918137,275,294811,0.000933705233833004,180,259802,0.0006940919508406011,182,242777,0.0007509453682101165,345,467,0.5998307181380035,3,922,307.3333333333333,0.0010046806923551396,0.8276383488263491,0.5998307181380035,-0.05795736939073759,0,4,3,1087,0.001050487465181113,12,3,1.0,599,1381,507.0,1.1811023622047243,0.4204549355019472,0.0010343609667490792,0.8038898373475007,0.7104059881733249,0.9997461722332145,1.0,47.78,28.23,False,False,近期份额下降,2026Q2,False,current_share,323,False,False,multiyear | recent_growth | quarters | trend | peak | lower95 | qvalue,365,False,full-corpus numeric candidates; new taxonomy scope review pending
F0266,Photovoltaics / Nanotechnology / Building-integrated photovoltaics,待主题范围审阅,全量NMF关键词主题,待主题范围审阅,True,False,1002,415258,0.0024127092619155347,787,336992,0.002335118401622574,667,294811,0.0022622440783431224,607,259802,0.002336071247289004,548,242777,0.002256950873771227,1002,787,1.0332278055960873,3,2061,687.0,0.002311144575751567,1.043945622108448,1.032806368690796,0.03219650775504457,3,4,3,2456,0.002336690580627077,12,3,1.0,1438,2349,1009.0,1.4247524752475247,0.5319122433210992,0.0023114743988652863,1.0437966620352555,0.9679218296427398,0.13219022596243296,0.28862494751622914,80.11000000000001,55.769999999999996,False,False,平稳或增长证据不足,2026Q2,True,,90,False,False,multiyear | recent_growth | peak | lower95 | qvalue,223,False,full-corpus numeric candidates; new taxonomy scope review pending
F0267,Harmonics / Voltage sag / Power quality,待主题范围审阅,全量NMF关键词主题,待主题范围审阅,True,False,551,415258,0.0013272909306198677,256,336992,0.0007605814222427812,429,294811,0.001455631208461979,590,259802,0.0022706997062126037,594,242777,0.0024462302542515853,551,256,1.7451003821602549,3,1275,425.0,0.0014956374456391213,0.8874416286446244,0.5425862623982415,-0.04614982806349133,3,4,3,1236,0.001181167853774876,12,3,1.0,634,1204,527.0,1.2026515151515151,0.28658911968642276,0.0014301652174400546,0.9280682500415384,0.8398451223989752,0.9291374980098371,1.0,42.370000000000005,53.300000000000004,False,False,历史峰值以下的恢复或波动,2026Q2,True,,357,False,False,multiyear | trend | peak | lower95 | qvalue,241,False,full-corpus numeric candidates; new taxonomy scope review pending
F0268,Spring (device) / Vibration / Structural engineering,待主题范围审阅,全量NMF关键词主题,待主题范围审阅,True,False,196,415258,0.0004729150822607507,168,336992,0.0004996412072043222,128,294811,0.00043550316714170966,134,259802,0.0005172042514574009,150,242777,0.0006192727557020413,196,168,0.9465093660046295,3,430,143.33333333333334,0.00048411620860114415,0.9768627322502604,0.7636620179174981,0.04120688678890572,2,4,3,492,0.0004693531522022608,10,2,0.8333333333333334,310,607,205.33333333333334,1.5072697899838448,0.3079992092270332,0.0004827017844829036,0.979725158396427,0.8276005001322736,0.5987378204586074,1.0,21.3,49.919999999999995,False,False,近期份额下降,2026Q2,False,annual_volume | active_years | current_volume,473,False,False,multiyear | recent_growth | quarters | peak | lower95 | qvalue,257,False,full-corpus numeric candidates; new taxonomy scope review pending
F0269,Flexibility (engineering) / Demand response / Scheduling (production processes),待主题范围审阅,全量NMF关键词主题,待主题范围审阅,True,False,2040,415258,0.0049108561086669816,804,336992,0.002385527306800458,861,294811,0.0029197352411874157,796,259802,0.0030628489686678048,751,242777,0.003092249009369329,2040,804,2.058604022124388,3,2461,820.3333333333334,0.0027893705055518927,1.76056070675894,1.5881179341596947,0.2599776727408232,4,4,3,3705,0.0034053728855516184,12,3,1.0,1642,2349,874.0,1.8777142857142857,0.45568334318310205,0.002759977799081689,1.7793100039793586,1.6779043171767027,1.8558111283667823e-85,4.21775256446996e-84,83.47,89.83,False,False,多年背景上持续抬升,2026Q2,True,,68,False,True,,50,False,full-corpus numeric candidates; new taxonomy scope review pending
F0270,Transformer / Electrical engineering / Distribution transformer,待主题范围审阅,全量NMF关键词主题,待主题范围审阅,True,False,1773,415258,0.004268269202999702,1411,336992,0.004185421744622556,1199,294811,0.004065261081606854,1042,259802,0.0040088136218910065,973,242777,0.004005727758644101,1773,1411,1.0197942915749383,3,3652,1217.3333333333333,0.004086498816040139,1.0444807144556327,1.0197942915749383,0.02436521926884838,2,4,3,4383,0.004172984009743037,12,3,1.0,1423,2643,1121.3333333333333,1.2687852687852688,0.3275056487845773,0.004095396673226029,1.0422114250626417,0.9847361136709917,0.07527998052168233,0.1710908648220053,78.40000000000002,50.970000000000006,False,False,平稳或增长证据不足,2026Q2,True,,99,False,False,multiyear | recent_growth | quarters | peak | lower95 | qvalue,252,False,full-corpus numeric candidates; new taxonomy scope review pending
F0271,Photovoltaic system / Electrical engineering / Harmonics,待主题范围审阅,全量NMF关键词主题,待主题范围审阅,True,False,4197,415258,0.010102091897147588,3455,336992,0.010246351284834036,2554,294811,0.008657531832400757,1977,259802,0.007604248381093012,1725,242777,0.007100034152583869,4197,3455,0.9859209016286635,3,7986,2662.0,0.008836043832775935,1.1432822299585528,0.9859209016286635,0.07715642339230655,1,4,3,10206,0.00966865833812746,12,3,1.0,3374,5394,2448.6666666666665,1.377738467818751,0.41373874680359185,0.008954931014570754,1.128103821314789,1.0867288397960468,9.457038617449175e-11,3.7232435501768406e-10,89.94000000000001,54.71,False,False,近期份额下降,2026Q2,True,,32,False,False,multiyear | recent_growth | quarters | peak,230,False,full-corpus numeric candidates; new taxonomy scope review pending
F0272,Project commissioning / Publishing / Bridge (graph theory),待主题范围审阅,全量NMF关键词主题,待主题范围审阅,True,False,87,415258,0.00021058559642654292,58,336992,0.00017346593840624833,19,294811,6.608802925496761e-05,27,259802,0.00010574808115300016,21,242777,8.846753652886305e-05,87,58,1.2139881659842768,3,104,34.666666666666664,0.00011510068293807205,1.8295772974678604,1.2139881659842768,0.5794522871988184,2,1,3,164,0.0001500465213625863,2,0,0.16666666666666666,94,206,48.0,1.9387755102040816,0.22942702671493692,0.00011717151330653525,1.7972422689090377,1.3528808756521868,2.1667142829594073e-05,6.56580085745275e-05,5.029999999999999,80.67,False,False,多年背景上持续抬升,2026Q2,False,annual_volume | active_years | persistence | current_volume,495,False,False,volume | baseline | quarters,98,False,full-corpus numeric candidates; new taxonomy scope review pending
F0273,Natural gas / Liquefied natural gas / Waste management,待主题范围审阅,全量NMF关键词主题,待主题范围审阅,True,False,856,415258,0.0020613321524495317,628,336992,0.0018636468767235397,658,294811,0.0022317419109946757,643,259802,0.002474505098980204,673,242777,0.002771297016380896,856,628,1.1060744276155687,3,1929,643.0,0.0021899646288994733,0.9412627607074259,0.7438149502796619,-0.03971497840769578,3,4,3,2142,0.002052240313389249,12,3,1.0,979,1945,793.6666666666666,1.233221476510067,0.3710428745922402,0.0021634682767938734,0.9527905606752408,0.8791189311383524,0.8808005650613877,1.0,65.61,48.150000000000006,False,False,历史峰值以下的恢复或波动,2026Q2,True,,201,False,False,multiyear | recent_growth | trend | peak | lower95 | qvalue,267,False,full-corpus numeric candidates; new taxonomy scope review pending
F0274,Chalcogenide / Semiconductor / Chalcogenide glass,待主题范围审阅,全量NMF关键词主题,待主题范围审阅,True,False,412,415258,0.0009927606688679882,348,336992,0.0010333825561466246,357,294811,0.0012116138696744063,365,259802,0.0014054881331426023,350,242777,0.0014422265838775115,412,348,0.9606903686954895,3,1070,356.6666666666667,0.0012168281863212112,0.8158593629141371,0.6883527733893883,-0.09960945487777817,1,4,3,1117,0.0010792523648963399,12,3,1.0,767,1474,628.0,1.2209856915739268,0.5052122472781052,0.0012003072248291482,0.8270888055425125,0.7382828227845422,0.9994961716419065,1.0,54.49,35.17,False,False,近期份额下降,2026Q2,True,,270,False,False,multiyear | recent_growth | quarters | trend | peak | lower95 | qvalue,328,False,full-corpus numeric candidates; new taxonomy scope review pending
F0275,In situ / Bridging (networking) / Sustainable energy,待主题范围审阅,全量NMF关键词主题,待主题范围审阅,True,False,919,415258,0.0022129537818766426,1407,336992,0.004173560825757172,654,294811,0.002218185392173144,250,259802,0.0009632688846846015,243,242777,0.001001946285803635,919,1407,0.5302315874299415,3,2311,770.3333333333334,0.002451671700871639,0.9026305524878697,0.5302315874299415,-0.0011806473509046178,0,4,3,2980,0.002868233333268986,12,3,1.0,1408,2693,970.0,1.451081359423275,0.5286724054886297,0.0025917890240005383,0.8538325308828003,0.7910142693633737,0.9999756095689675,1.0,83.46000000000001,33.26,False,False,近期份额下降,2026Q2,False,current_share,69,False,False,multiyear | recent_growth | quarters | trend | peak | lower95 | qvalue,340,False,full-corpus numeric candidates; new taxonomy scope review pending
F0276,Psychology / Mathematics education / Perception,待主题范围审阅,全量NMF关键词主题,待主题范围审阅,True,False,121,415258,0.00029241314246657103,580,336992,0.0017213158503389257,443,294811,0.0015030790243373403,309,259802,0.0011901465860674019,256,242777,0.0010554382846350405,121,580,0.16987767957228483,3,1332,444.0,0.0014715138202478894,0.1987158655549096,0.16987767957228483,-0.8185516461826303,0,1,3,1144,0.0011722693390476123,9,2,0.75,191,1186,481.3333333333333,0.3980649619903248,0.19614454568451758,0.001494076951970892,0.1957149142022692,0.1625384094758293,1.0,1.0,32.35,4.47,False,False,近期份额下降,2026Q2,False,active_years | current_volume | current_share,416,False,False,multiyear | recent_growth | quarters | trend | peak | lower95 | qvalue,479,False,full-corpus numeric candidates; new taxonomy scope review pending
F0277,Mains electricity / Backup / Switched-mode power supply,待主题范围审阅,全量NMF关键词主题,待主题范围审阅,True,False,308,415258,0.0007424646456867256,102,336992,0.00030393604592547787,98,294811,0.00033382927598022105,89,259802,0.00034416193684340055,81,242777,0.0003353536849815041,308,102,2.4428318247871483,3,289,96.33333333333333,0.00032730908624969984,2.268389961897694,2.157311911062842,0.39967277088558406,4,3,3,508,0.0004600766558641415,6,1,0.5,324,541,135.0,2.389705882352941,0.1880283884891942,0.00032460433590662157,2.2872912144350077,1.9483571845933694,1.2222246190098697e-25,8.487670965346318e-25,13.55,95.22999999999999,False,False,多年背景上持续抬升,2026Q2,False,annual_volume | active_years | persistence,484,False,True,,22,False,full-corpus numeric candidates; new taxonomy scope review pending
F0278,Tower / Structural engineering / Cooling tower,待主题范围审阅,全量NMF关键词主题,待主题范围审阅,True,False,289,415258,0.0006967374876055334,253,336992,0.0007516857330937428,207,294811,0.0007032444138669631,162,259802,0.000624875024995001,173,242777,0.0007139124459422205,289,253,0.92689997552294,3,622,207.33333333333334,0.0006932683906519022,1.005003973930456,0.92689997552294,-0.004647898026966413,1,4,3,749,0.0007172225448554131,12,3,1.0,386,826,289.3333333333333,1.3329506314580943,0.3052003579298841,0.000697983416586777,0.9982149590496916,0.8683002657144937,0.5133967901911106,0.9942470001190725,29.69,44.15,False,False,近期份额下降,2026Q2,False,annual_volume,432,False,False,multiyear | recent_growth | quarters | trend | peak | lower95 | qvalue,288,False,full-corpus numeric candidates; new taxonomy scope review pending
F0279,Grain boundary / Grain size / Boundary (topology),待主题范围审阅,全量NMF关键词主题,待主题范围审阅,True,False,610,415258,0.0014692857899246223,284,336992,0.0008436078543004726,292,294811,0.0009913204388245142,338,259802,0.0013016627443742021,324,242777,0.0013352425862147004,610,284,1.7416691682452003,3,914,304.6666666666667,0.001045530345833063,1.4053019080511884,1.1003886522897108,0.19674693674130905,4,4,3,1186,0.0011014046943498698,12,3,1.0,796,1240,498.6666666666667,1.5950633755837225,0.4623762826359921,0.001025390898744751,1.4329030925896382,1.2933886698543557,2.2241877464115156e-12,9.587016148325498e-12,52.27,81.48,False,False,多年背景上持续抬升,2026Q2,True,,286,False,True,,91,False,full-corpus numeric candidates; new taxonomy scope review pending
F0280,Indium / Copper indium gallium selenide solar cells / Indium tin oxide,待主题范围审阅,全量NMF关键词主题,待主题范围审阅,True,False,327,415258,0.0007881918037679178,318,336992,0.0009444256646562409,293,294811,0.0009947095685298973,241,259802,0.0009286604217618015,257,242777,0.001059553053775918,327,318,0.8345726225629518,3,852,284.0,0.0009559318849826467,0.8245271615584056,0.7438908329875952,-0.11635466879453737,0,4,3,938,0.0009091090123180186,12,3,1.0,617,1309,527.6666666666666,1.1689785624211855,0.48882218296088065,0.0009558728717112086,0.8245780658644415,0.725927302470789,0.9985614005196289,1.0,47.85,29.410000000000004,False,False,近期份额下降,2026Q2,True,,321,False,False,multiyear | recent_growth | quarters | trend | peak | lower95 | qvalue,359,False,full-corpus numeric candidates; new taxonomy scope review pending
F0281,Nuclear chemistry / Methylene blue / Methylene,待主题范围审阅,全量NMF关键词主题,待主题范围审阅,True,False,106,415258,0.0002563127545077351,340,336992,0.0010096607184158558,437,294811,0.0014827442461050426,435,259802,0.0016746650669866028,403,242777,0.0016603093483440112,106,340,0.2538602818082161,3,1212,404.0,0.0013890233438358336,0.18452731960567273,0.1530531445126189,-0.8776257370222096,0,1,3,883,0.0009162392396762113,9,2,0.75,262,1328,695.3333333333334,0.3776926759214935,0.44070660551270785,0.0013595259319059713,0.18853097869814112,0.15465119516896778,1.0,1.0,39.800000000000004,4.45,False,False,近期份额下降,2026Q2,False,active_years | current_volume | current_share,371,False,False,multiyear | recent_growth | quarters | trend | peak | lower95 | qvalue,480,False,full-corpus numeric candidates; new taxonomy scope review pending
F0282,Polyaniline / Polymerization / Polymer,待主题范围审阅,全量NMF关键词主题,待主题范围审阅,True,False,315,415258,0.0007593114934008491,320,336992,0.0009503561240889332,428,294811,0.0014522420787565962,432,259802,0.0016631289126790027,434,242777,0.001787867191711209,315,320,0.7989757462012141,3,1180,393.3333333333333,0.0013552423718415105,0.5602772678728253,0.42470240346772875,-0.32422590472639845,0,4,3,1063,0.0010539698987487927,12,3,1.0,590,1402,652.0,0.9050535987748851,0.5208399448939697,0.001323645659888659,0.5736516323142857,0.5066411527028043,1.0,1.0,53.64,19.17,False,False,近期份额下降,2026Q2,False,current_share,276,False,False,multiyear | recent_growth | quarters | trend | peak | lower95 | qvalue,407,False,full-corpus numeric candidates; new taxonomy scope review pending
F0283,Rare earth / Earth (classical element) / Separation (statistics),待主题范围审阅,全量NMF关键词主题,待主题范围审阅,True,False,767,415258,0.0018471365172271052,759,336992,0.0022520919695648823,467,294811,0.0015844181372665312,245,259802,0.0009440419608386016,220,242777,0.000907306595563456,767,759,0.8201869826763705,3,1471,490.3333333333333,0.001593517355890005,1.1591568239904422,0.8201869826763705,0.07670968866819017,0,4,3,1993,0.001894548874686173,12,3,1.0,1014,1888,650.0,1.5591397849462365,0.4717994552892128,0.001649931883546092,1.119522894034373,1.0259641912477186,0.0055626440914714375,0.013976492692139289,68.89,50.57000000000001,False,False,近期份额下降,2026Q2,True,,175,False,False,multiyear | recent_growth | quarters | peak | lower95,255,False,full-corpus numeric candidates; new taxonomy scope review pending
F0284,Photothermal therapy / Photothermal effect / Evaporation,待主题范围审阅,全量NMF关键词主题,待主题范围审阅,True,False,1454,415258,0.003500534285741791,1157,336992,0.00343225339667064,944,294811,0.0032010330067342007,782,259802,0.0030090135818990047,634,242777,0.0026108210198866793,1454,1157,1.019893895111994,3,2883,961.0,0.003214099995101282,1.0891180395995996,1.019893895111994,0.04472101879873147,2,4,3,3555,0.003377940229715544,12,3,1.0,1462,2319,1005.3333333333334,1.4537926465717124,0.6208256632650447,0.0032331488863099945,1.0827012330189856,1.0165593448949304,0.006573000125658531,0.016269802291233988,88.71000000000001,55.17999999999999,False,False,平稳或增长证据不足,2026Q2,True,,39,False,False,multiyear | recent_growth | quarters | peak | lower95,229,False,full-corpus numeric candidates; new taxonomy scope review pending
F0285,Cadmium telluride photovoltaics / Optoelectronics / Cadmium,待主题范围审阅,全量NMF关键词主题,待主题范围审阅,True,False,197,415258,0.00047532177479133977,179,336992,0.0005322587340841295,207,294811,0.0007032444138669631,212,259802,0.0008171442634550013,224,242777,0.0009237656721269653,197,179,0.8930276655943231,3,598,199.33333333333334,0.0006842158038020313,0.6946956971032896,0.5145479953773494,-0.19585625436290277,0,4,3,583,0.0005702749742474775,12,3,1.0,385,774,320.6666666666667,1.2,0.37941277518861755,0.0006710732125737928,0.7083009213977115,0.6030667907119024,0.9999886974888945,1.0,30.59,26.919999999999998,False,False,近期份额下降,2026Q2,False,annual_volume | current_volume,425,False,False,multiyear | recent_growth | quarters | trend | peak | lower95 | qvalue,369,False,full-corpus numeric candidates; new taxonomy scope review pending
F0286,Cathode / Ion / Electrode,待主题范围审阅,全量NMF关键词主题,待主题范围审阅,True,False,3768,415258,0.00906962080152488,2245,336992,0.006658423328055225,2065,294811,0.007000247406468493,1840,259802,0.007077430667712611,1548,242777,0.006371720014648578,3768,2245,1.3621273918271448,3,6150,2050.0,0.006912033800745443,1.312149370644968,1.2814849381571032,0.12949248152523785,4,4,3,8078,0.007576097178682865,12,3,1.0,2348,3263,1502.6666666666667,1.5621813345156284,0.5632046472467369,0.006896300407577465,1.3151429412151812,1.2628854268059078,6.157337672983877e-41,6.692758340199867e-40,95.98,74.80999999999999,False,False,多年背景上持续抬升,2026Q2,True,,11,False,True,,127,False,full-corpus numeric candidates; new taxonomy scope review pending
F0287,Nickel / Hydroxide / Metallurgy,待主题范围审阅,全量NMF关键词主题,待主题范围审阅,True,False,871,415258,0.0020974325404083676,1395,336992,0.004137978069161018,941,294811,0.003190865617618052,691,259802,0.002659083567901804,639,242777,0.002631394865591066,871,1395,0.5068737691095656,3,3027,1009.0,0.0033293090848936246,0.6299903334073842,0.5068737691095656,-0.20978911826668067,0,4,3,3207,0.0031420920757291456,12,3,1.0,1338,2815,1300.6666666666667,1.0286811779769525,0.5264037359738153,0.0033946101103878995,0.6178714115031889,0.5730282019326308,1.0,1.0,84.49,18.740000000000002,False,False,近期份额下降,2026Q2,False,current_share,61,False,False,multiyear | recent_growth | quarters | trend | peak | lower95 | qvalue,410,False,full-corpus numeric candidates; new taxonomy scope review pending
F0288,Detector / SIGNAL (programming language) / Optics,待主题范围审阅,全量NMF关键词主题,待主题范围审阅,True,False,386,415258,0.0009301866630726725,245,336992,0.0007279638953629737,212,294811,0.0007201900623938778,231,259802,0.0008902065740698014,193,242777,0.0007962078287597675,386,245,1.2777923039835202,3,688,229.33333333333334,0.0007794535106088843,1.1933831208817576,1.0449110242132813,0.12793506313338732,3,4,3,843,0.0007927802069431747,12,3,1.0,573,1038,416.6666666666667,1.3743016759776536,0.3964878211944685,0.0007719864776224835,1.2049261095057056,1.063794756857049,0.0016787774390945563,0.004537236321877179,38.9,67.0,False,False,平稳或增长证据不足,2026Q2,True,,380,False,False,multiyear | peak,165,False,full-corpus numeric candidates; new taxonomy scope review pending
F0289,Carbon footprint / Life-cycle assessment / Footprint,待主题范围审阅,全量NMF关键词主题,待主题范围审阅,True,False,854,415258,0.0020565187673883536,456,336992,0.0013536273655120061,449,294811,0.001523413802569638,343,259802,0.001320889668220202,266,242777,0.001096585976043814,854,456,1.5192650649541801,3,1248,416.0,0.001399310278767282,1.4696660194621292,1.3499410100653504,0.15003044762387052,4,4,3,1759,0.0016445199784899994,12,3,1.0,1210,2103,671.3333333333334,1.8011898859692612,0.4406390006258825,0.0013998912379254475,1.469056103555579,1.3466214437922917,1.3389909689852975e-18,7.122292388219668e-18,65.81000000000002,79.89,False,False,多年背景上持续抬升,2026Q2,True,,199,False,True,,104,False,full-corpus numeric candidates; new taxonomy scope review pending
F0290,Service (business) / Marketing / Telecommunications,待主题范围审阅,全量NMF关键词主题,待主题范围审阅,True,False,470,415258,0.0011323488356421536,240,336992,0.0007131377467812432,239,294811,0.0008116965644392177,159,259802,0.000613338870687401,210,242777,0.0008661589041546824,470,240,1.5878402745514808,3,638,212.66666666666666,0.0007127243939692874,1.588761161009102,1.3073222825634472,0.16646139438911733,4,4,3,949,0.0008857277156208715,12,3,1.0,505,992,284.0,1.775438596491228,0.2542447666453122,0.0007159235525954331,1.581661661412111,1.4040904685004245,1.3442155819494718e-14,6.40102658071177e-14,33.82,83.13,False,False,多年背景上持续抬升,2026Q2,True,,404,False,True,,84,False,full-corpus numeric candidates; new taxonomy scope review pending
F0291,Computational fluid dynamics / Solver / Fluent,待主题范围审阅,全量NMF关键词主题,待主题范围审阅,True,False,1066,415258,0.002566737583873235,568,336992,0.0016857330937427722,553,294811,0.0018758832919294655,486,259802,0.001870779690215803,487,242777,0.0020059499561777086,1066,568,1.522623951205941,3,1607,535.6666666666666,0.0018107986919626803,1.4174615849159968,1.2795621226583809,0.15677801618324194,4,4,3,2187,0.0020427846565151575,12,3,1.0,1285,2143,769.6666666666666,1.6686851211072664,0.3878296724701222,0.0018024230396196691,1.424048365701564,1.3179752629897619,1.0375192766210815e-19,5.700655366049898e-19,69.01,79.08999999999999,False,False,多年背景上持续抬升,2026Q2,True,,171,False,True,,108,False,full-corpus numeric candidates; new taxonomy scope review pending
F0292,Element (criminal law) / Law / Rare-earth element,待主题范围审阅,全量NMF关键词主题,待主题范围审阅,True,False,121,415258,0.00029241314246657103,127,336992,0.00037806678883413097,74,294811,0.0002524901630510301,42,259802,0.00016342885269100027,39,242777,0.00016253338106465536,121,127,0.7734430822879321,3,243,81.0,0.00026466193485872046,1.1048553038904687,0.7734430822879321,0.07339769199943014,0,2,3,322,0.00030765669811724404,7,0,0.5833333333333334,147,444,124.66666666666667,1.1777188328912467,0.27508585850037043,0.00027302644488173524,1.0710066660144713,0.8614793276302662,0.27390692377559017,0.568271626090436,13.58,44.4,False,False,近期份额下降,2026Q2,False,annual_volume | active_years | persistence | current_volume | current_share,483,False,False,multiyear | recent_growth | quarters | peak | lower95 | qvalue,284,False,full-corpus numeric candidates; new taxonomy scope review pending
F0293,Separator (oil production) / Polyethylene / Polypropylene,待主题范围审阅,全量NMF关键词主题,待主题范围审阅,True,False,908,415258,0.0021864801640401627,681,336992,0.0020208040516898843,719,294811,0.002438478823023036,672,259802,0.002586021257287004,596,242777,0.0024544597925333397,908,681,1.081985243552799,3,2072,690.6666666666666,0.0023484347106666414,0.9310372368919274,0.8454996871657582,-0.054540695943713136,3,4,3,2308,0.0022152543462510277,12,3,1.0,955,1586,735.0,1.298913043478261,0.5696907497874327,0.0023238082423712374,0.9409038681302965,0.8703131222584723,0.9372672886927589,1.0,75.8,47.93,False,False,历史峰值以下的恢复或波动,2026Q2,True,,118,False,False,multiyear | recent_growth | trend | peak | lower95 | qvalue,269,False,full-corpus numeric candidates; new taxonomy scope review pending
F0294,Stellarator / Wendelstein 7-X / Magnetic confinement fusion,待主题范围审阅,全量NMF关键词主题,待主题范围审阅,True,False,241,415258,0.0005812162461372585,121,336992,0.0003602754105360542,118,294811,0.0004016118700878801,109,259802,0.0004210696322274007,126,242777,0.0005205182963209849,241,121,1.6132553850191058,3,348,116.0,0.00039431897095044505,1.4739748501988794,1.1166105980237118,0.18481837956060554,4,4,3,480,0.00044770117558706426,10,1,0.8333333333333334,176,252,120.66666666666667,1.4547945205479451,0.3658176283705233,0.000390758587438541,1.4874049216606735,1.2622903676490933,9.390788881852429e-07,3.151271436863231e-06,23.79,79.82000000000001,False,False,多年背景上持续抬升,2026Q2,False,annual_volume | active_years | current_volume,462,False,True,,105,False,full-corpus numeric candidates; new taxonomy scope review pending
F0295,Nanocrystalline material / Nanocrystal / Chemical engineering,待主题范围审阅,全量NMF关键词主题,待主题范围审阅,True,False,281,415258,0.000677483947360821,232,336992,0.0006894159090504742,223,294811,0.0007574704891530904,221,259802,0.0008517527263778013,229,242777,0.0009443395178313521,281,232,0.982692651078959,3,676,225.33333333333334,0.000766213041527122,0.8841978805405647,0.7174156482582058,-0.05579935993505458,2,4,3,736,0.0007081234485214619,12,3,1.0,643,1192,434.6666666666667,1.478194338179036,0.4279395990715823,0.0007585313756159914,0.8931521742401847,0.7772333865681383,0.9455932133282395,1.0,38.870000000000005,43.51,False,False,近期份额下降,2026Q2,False,annual_volume,382,False,False,multiyear | recent_growth | quarters | trend | peak | lower95 | qvalue,290,False,full-corpus numeric candidates; new taxonomy scope review pending
F0296,Software / Operating system / Software engineering,待主题范围审阅,全量NMF关键词主题,待主题范围审阅,True,False,381,415258,0.0009181532004197271,241,336992,0.0007161029764975893,202,294811,0.0006862987653400483,198,259802,0.0007633088766862013,186,242777,0.000767404444773626,381,241,1.2821524704594187,3,641,213.66666666666666,0.0007219035395079463,1.271850254461345,1.1964397739324666,0.14552560539084425,3,4,3,824,0.0007735183140857883,12,3,1.0,423,914,292.6666666666667,1.4438138479001135,0.19255279014134274,0.0007192873280970561,1.2764762627596817,1.1245494323695333,7.808710939886461e-05,0.00022699741104321107,28.939999999999998,69.88999999999999,False,False,多年背景上持续抬升,2026Q2,True,,440,False,True,,150,False,full-corpus numeric candidates; new taxonomy scope review pending
F0297,Selectivity / Fischer–Tropsch process / Syngas,待主题范围审阅,全量NMF关键词主题,待主题范围审阅,True,False,1926,415258,0.004636493160179828,871,336992,0.0025841976977956484,1082,294811,0.0036687329060770485,1079,259802,0.004151092858351407,864,242777,0.00355721792228847,1926,871,1.7941712292890022,3,3032,1010.6666666666666,0.003468007820741368,1.3369327290584565,1.1169331350542702,0.1170559753966689,4,4,3,3879,0.0036298079213508416,12,3,1.0,1809,2494,1046.3333333333333,1.7281985996180778,0.5922264688400017,0.0034002164028906043,1.3635876693725246,1.2879025916070452,4.373828816761678e-27,3.1694411715664336e-26,90.92000000000002,80.35,False,False,多年背景上持续抬升,2026Q2,True,,26,False,True,,101,False,full-corpus numeric candidates; new taxonomy scope review pending
F0298,Electromagnetic interference / EMI / Electromagnetic shielding,待主题范围审阅,全量NMF关键词主题,待主题范围审阅,True,False,632,415258,0.0015222330255975818,412,336992,0.0012231572579927768,349,294811,0.0011845008320313427,358,259802,0.0013785704397582023,351,242777,0.001446341353018389,632,412,1.2445112970147385,3,1119,373.0,0.0012620761765941072,1.2061340304398622,1.052471480830451,0.12542845276579007,4,4,3,1393,0.0013099637052072337,12,3,1.0,744,1253,459.6666666666667,1.6172214182344429,0.45252103774851615,0.0012552488913556575,1.2126941804772946,1.100043610026452,5.1430177459647584e-05,0.00015306600434418925,54.980000000000004,71.59,False,False,平稳或增长证据不足,2026Q2,True,,268,False,False,multiyear,139,False,full-corpus numeric candidates; new taxonomy scope review pending
F0299,Dispersion (optics) / Zeta potential / Colloid,待主题范围审阅,全量NMF关键词主题,待主题范围审阅,True,False,424,415258,0.0010216409792350568,197,336992,0.0005856328689783597,217,294811,0.0007371357109207927,190,259802,0.0007325457985326012,195,242777,0.0008044373670415221,424,197,1.7445075803503243,3,604,201.33333333333334,0.0006851047928105846,1.4912185551116361,1.2700068657829062,0.16319670091321647,4,4,3,838,0.0007814698530447364,12,3,1.0,716,1188,377.6666666666667,1.8934859154929577,0.44163213613298974,0.0006778007635770388,1.5072880323170912,1.3313538012037953,3.427464807661792e-11,1.3709859230647167e-10,42.71,83.37,False,False,多年背景上持续抬升,2026Q2,True,,353,False,True,,83,False,full-corpus numeric candidates; new taxonomy scope review pending
F0300,Bimetallic strip / Selenide / Selenium,待主题范围审阅,全量NMF关键词主题,待主题范围审阅,True,False,1760,415258,0.004236982200102044,1274,336992,0.0037791852734831368,1244,294811,0.004217771918349087,1175,259802,0.004520249796194607,951,242777,0.0039152028375448,1760,1274,1.1211364073180177,3,3693,1231.0,0.004172402329342277,1.015477862790367,0.9373336410896952,0.0022721316956149096,4,4,3,4278,0.004077979797311423,12,3,1.0,1878,2908,1328.3333333333333,1.4134904714142429,0.5746485367440828,0.00414136827174821,1.023087521340736,0.9666300506254493,0.21311173246844478,0.4458404444946544,91.85000000000001,57.34,False,False,历史峰值以下的恢复或波动,2026Q2,True,,24,False,False,multiyear | recent_growth | peak | lower95 | qvalue,217,False,full-corpus numeric candidates; new taxonomy scope review pending
F0301,Phonon / Thermal conductivity / Scattering,待主题范围审阅,全量NMF关键词主题,待主题范围审阅,True,False,908,415258,0.0021864801640401627,444,336992,0.0013180446089158526,560,294811,0.001899607199867146,607,259802,0.002336071247289004,561,242777,0.0023104428726026327,908,444,1.6588817626124468,3,1611,537.0,0.0018512410186906677,1.1810888706358724,0.9359646742699134,0.07032294596389077,4,4,3,1912,0.0018013773242743873,12,3,1.0,1159,1724,765.3333333333334,1.5137016093953892,0.45771162143772237,0.001806908073621833,1.2100671838039339,1.1155631824319503,2.03049325796316e-06,6.679254138036711e-06,66.89,72.49,False,False,历史峰值以下的恢复或波动,2026Q2,True,,188,False,False,multiyear | peak,136,False,full-corpus numeric candidates; new taxonomy scope review pending
F0302,Sulfide / Chalcopyrite / Bioleaching,待主题范围审阅,全量NMF关键词主题,待主题范围审阅,True,False,369,415258,0.0008892728900526584,471,336992,0.001398105811257198,360,294811,0.001221781258790555,285,259802,0.0010978573516066017,300,242777,0.001236488126833644,369,471,0.6360554994424997,3,1116,372.0,0.0012392481405514516,0.7175906591693104,0.6360554994424997,-0.15883048486648876,0,4,3,1200,0.0011697199867001372,12,3,1.0,631,1356,553.0,1.1407942238267148,0.5344062160297325,0.0012518851158540346,0.7103470428642308,0.6315143844531602,0.999999995157416,1.0,55.86,23.720000000000002,False,False,近期份额下降,2026Q2,False,current_share,259,False,False,multiyear | recent_growth | quarters | trend | peak | lower95 | qvalue,381,False,full-corpus numeric candidates; new taxonomy scope review pending
F0303,Function (biology) / Basis (linear algebra) / Transfer function,待主题范围审阅,全量NMF关键词主题,待主题范围审阅,True,False,414,415258,0.0009975740539291662,244,336992,0.0007249986656466277,180,294811,0.0006117379118216233,164,259802,0.0006325657945334011,160,242777,0.0006604204471108148,414,244,1.375966744765562,3,588,196.0,0.0006564341240005507,1.519686465794288,1.375966744765562,0.24451122170309203,4,4,3,838,0.000778103543799139,12,3,1.0,484,1003,325.0,1.4877300613496933,0.2986337882139434,0.0006598606275683827,1.5117950855853808,1.3332456867303704,4.296665644998566e-11,1.7050260496026057e-10,32.76,79.55,False,False,多年背景上持续抬升,2026Q2,True,,412,False,True,,106,False,full-corpus numeric candidates; new taxonomy scope review pending
F0304,Hydrogen / Hydrogen production / Hydrogen storage,待主题范围审阅,全量NMF关键词主题,待主题范围审阅,True,False,1979,415258,0.004764047864301049,1323,336992,0.003924481529584097,1083,294811,0.0036721220357824316,830,259802,0.003193592050820605,626,242777,0.0025779028667596605,1979,1323,1.213930509899973,3,3236,1078.6666666666667,0.0035967318720623778,1.3245490722580129,1.213930509899973,0.13016399608677087,4,4,3,4385,0.004120217143222526,12,3,1.0,2211,3377,1353.3333333333333,1.6332759045040612,0.5202713287537463,0.00362895313700097,1.3127884776815115,1.2413854539301208,4.25454469188384e-22,2.562978730050506e-21,90.86000000000001,73.96999999999998,False,False,多年背景上持续抬升,2026Q2,True,,27,False,True,,131,False,full-corpus numeric candidates; new taxonomy scope review pending
F0305,Energy consumption / Consumption (sociology) / Power consumption,待主题范围审阅,全量NMF关键词主题,待主题范围审阅,True,False,1511,415258,0.0036377157599853673,1038,336992,0.003079391060425451,935,294811,0.003170530839385754,768,259802,0.0029551781951302047,764,242777,0.003145741008200735,1511,1038,1.1813100994983008,3,2741,913.6666666666666,0.0030683666983138034,1.1855544391041806,1.1473522713597462,0.06872845755456947,4,4,3,3484,0.0032958792199321908,12,3,1.0,1661,3097,1175.0,1.413265306122449,0.35202133800967683,0.003073930179233171,1.1834087138871967,1.1113848324768922,6.604904061039286e-08,2.393081181535973e-07,77.76,66.64999999999999,False,False,平稳或增长证据不足,2026Q2,True,,104,False,False,multiyear,168,False,full-corpus numeric candidates; new taxonomy scope review pending
F0306,Stress (linguistics) / Composite material / Structural engineering,待主题范围审阅,全量NMF关键词主题,待主题范围审阅,True,False,827,415258,0.001991538069062449,409,336992,0.0012142615688437383,332,294811,0.0011268856270398324,301,259802,0.0011593835079138019,274,242777,0.0011295041291708328,827,409,1.6401227875134516,3,1042,347.3333333333333,0.0011668435679324577,1.7067738330951048,1.6401227875134516,0.28472474687953975,4,4,3,1568,0.0014442284216486733,12,3,1.0,1010,1593,523.0,1.9293893129770991,0.3972107587807872,0.001168911986814,1.7037536542769214,1.5551612421282963,2.322358022021052e-31,1.9035721491975837e-30,57.87,87.31,False,False,多年背景上持续抬升,2026Q2,True,,246,False,True,,64,False,full-corpus numeric candidates; new taxonomy scope review pending
F0307,Resource (disambiguation) / Natural resource / Scarcity,待主题范围审阅,全量NMF关键词主题,待主题范围审阅,True,False,1124,415258,0.0027063257506474005,489,336992,0.0014514799461514283,395,294811,0.0013404007984789586,291,259802,0.0011209296602218018,275,242777,0.0011336188983117103,1124,489,1.8645285164450063,3,1175,391.6666666666667,0.0013042701349507298,2.074973334223922,1.8645285164450063,0.3513116153977158,4,4,3,2008,0.0018327354984259293,12,3,1.0,1298,2104,601.3333333333334,2.15661317100166,0.3475747820595508,0.001318039367385954,2.0532965991864205,1.8921028819519814,5.937568976792475e-70,1.0995498105171248e-68,63.55,92.43999999999998,False,False,多年背景上持续抬升,2026Q2,True,,216,False,True,,34,False,full-corpus numeric candidates; new taxonomy scope review pending
F0308,Microgrid / Voltage droop / Distributed generation,待主题范围审阅,全量NMF关键词主题,待主题范围审阅,True,False,2396,415258,0.005767638649556687,1816,336992,0.005386339779742737,1956,294811,0.006630832268581751,2002,259802,0.007700383000323012,1896,242777,0.007803659675673896,2396,1816,1.0707899771284317,3,5774,1924.6666666666667,0.006572518349549167,0.8775386150047509,0.739094077556453,-0.06973378822350584,3,4,3,6168,0.0059282702326270585,12,3,1.0,1986,3231,1660.6666666666667,1.1957873620862587,0.44203610188445946,0.006474707211374046,0.8907952840592915,0.849364344744957,0.9999990695940647,1.0,88.81,44.52,False,False,历史峰值以下的恢复或波动,2026Q2,True,,38,False,False,multiyear | recent_growth | trend | peak | lower95 | qvalue,283,False,full-corpus numeric candidates; new taxonomy scope review pending
F0309,Focus (optics) / Dense plasma focus / Optics,待主题范围审阅,全量NMF关键词主题,待主题范围审阅,True,False,638,415258,0.001536673180781116,293,336992,0.0008702949217475877,156,294811,0.0005303987988924324,108,259802,0.0004172242474582007,111,242777,0.0004587967592078246,638,293,1.765692459396883,3,557,185.66666666666666,0.0006059726560327403,2.535878748789765,1.765692459396883,0.5318729560480784,4,4,3,1087,0.0009791223004737121,12,3,1.0,786,1256,264.6666666666667,2.962358845671267,0.2730727489163118,0.0006251016140516115,2.4582774164045604,2.19427191097841,2.650836997150716e-58,3.6817180515982165e-57,39.65,94.28999999999999,False,False,多年背景上持续抬升,2026Q2,True,,372,False,True,,26,False,full-corpus numeric candidates; new taxonomy scope review pending
F0310,Window (computing) / Sliding window protocol / Window function,待主题范围审阅,全量NMF关键词主题,待主题范围审阅,True,False,232,415258,0.000559556013361957,224,336992,0.0006656940713197051,109,294811,0.00037110970273943354,61,259802,0.00023649116330580038,83,242777,0.0003435832232632588,232,224,0.8405603076089669,3,394,131.33333333333334,0.00042443164578831303,1.3183654397934261,0.8405603076089669,0.20532296118731264,1,4,3,565,0.0005321199291403652,10,2,0.8333333333333334,322,766,232.33333333333334,1.3842857142857141,0.38668563537703327,0.00044233647846342734,1.2650008321848623,1.0757527045929194,0.0022489299886446763,0.005918236812222833,27.700000000000003,59.029999999999994,False,False,近期份额下降,2026Q2,False,annual_volume | active_years | current_volume,445,False,False,recent_growth | quarters | peak,205,False,full-corpus numeric candidates; new taxonomy scope review pending
F0311,Line (geometry) / Electric power transmission / Transmission line,待主题范围审阅,全量NMF关键词主题,待主题范围审阅,True,False,635,415258,0.0015294531031893488,479,336992,0.0014218276489879672,463,294811,0.0015708616184449994,471,259802,0.0018130989186778029,462,242777,0.001903080727655775,635,479,1.0756951479161259,3,1413,471.0,0.0016019293953702565,0.9547568748096067,0.8036722147217251,-0.013357023886315655,3,4,3,1577,0.0015073807902074386,12,3,1.0,606,1196,484.3333333333333,1.2506868131868132,0.27649380060685924,0.0015848988905147138,0.9650161990413418,0.8787804351633485,0.7728702217073189,1.0,47.220000000000006,49.41,False,False,历史峰值以下的恢复或波动,2026Q2,True,,326,False,False,multiyear | recent_growth | trend | peak | lower95 | qvalue,261,False,full-corpus numeric candidates; new taxonomy scope review pending
F0312,Aerodynamics / Airfoil / Lift (data mining),待主题范围审阅,全量NMF关键词主题,待主题范围审阅,True,False,1061,415258,0.0025547041212202895,515,336992,0.0015285759187764277,479,294811,0.0016250876937311267,526,259802,0.002024595080983803,524,242777,0.0021581964143901704,1061,515,1.6712968520825855,3,1520,506.6666666666667,0.001726086231163786,1.4800559063018661,1.1837217892617795,0.22618731671179404,3,4,3,2055,0.0019027892445759483,12,3,1.0,1018,1593,587.6666666666666,1.731030577576444,0.34539690799066153,0.0017048735500726014,1.4984713212962324,1.3854871387009884,1.0593310473861156e-24,7.062206982574104e-24,61.59000000000001,80.62,False,False,多年背景上持续抬升,2026Q2,True,,225,False,True,,99,False,full-corpus numeric candidates; new taxonomy scope review pending
F0313,Anatase / Rutile / Titanium dioxide,待主题范围审阅,全量NMF关键词主题,待主题范围审阅,True,False,401,415258,0.0009662870510315084,248,336992,0.0007368595845120121,432,294811,0.001465798597578128,599,259802,0.002305308169135404,612,242777,0.0025202960987873776,401,248,1.3113584614244183,3,1279,426.3333333333333,0.0015026554504085146,0.643052970505522,0.38340219289964794,-0.20834727319067392,3,4,3,1081,0.0010563150777072163,12,3,1.0,776,1633,832.3333333333334,0.9324,0.4595745448089201,0.0014346502514422188,0.6735349260630761,0.6020987220247238,0.9999999999983508,1.0,52.790000000000006,38.67,False,False,历史峰值以下的恢复或波动,2026Q2,True,,281,False,False,multiyear | trend | peak | lower95 | qvalue,316,False,full-corpus numeric candidates; new taxonomy scope review pending
F0314,Operations research / Penetration (warfare) / Operations management,待主题范围审阅,全量NMF关键词主题,待主题范围审阅,True,False,97,415258,0.00023465252173243356,271,336992,0.0008050598679879731,203,294811,0.0006896878950454312,144,259802,0.0005556580991494009,170,242777,0.0007015681385195883,97,271,0.2914721389837545,3,618,206.0,0.0006834686207276017,0.3433259620355782,0.2914721389837545,-0.5390666901375392,0,1,3,571,0.0005764667615886127,9,2,0.75,146,770,326.6666666666667,0.4486266531027467,0.3975316561397306,0.0006934983825846129,0.33836058976504374,0.27329234263522967,1.0,1.0,27.37,8.98,False,False,近期份额下降,2026Q2,False,annual_volume | active_years | current_volume | current_share,448,False,False,volume | multiyear | recent_growth | quarters | trend | peak | lower95 | qvalue,451,False,full-corpus numeric candidates; new taxonomy scope review pending
F0315,SCADA / Nacelle / Supervisory control,待主题范围审阅,全量NMF关键词主题,待主题范围审阅,True,False,471,415258,0.0011347555281727428,162,336992,0.00048184982890624536,138,294811,0.00046939446419553925,182,259802,0.0007017827203790011,159,242777,0.0006563056779699375,471,162,2.354998300504813,3,482,160.66666666666666,0.0005510090044935951,2.0594137644186774,1.616961340341798,0.4413645115249447,4,4,3,771,0.0006953332737581758,11,2,0.9166666666666666,494,769,210.0,2.345971563981043,0.3130080778390716,0.000541007226511036,2.0974868219243556,1.8474692933835126,5.995802375870124e-32,5.168795151612176e-31,29.92,94.41999999999999,False,False,多年背景上持续抬升,2026Q2,False,active_years,429,False,True,,25,False,full-corpus numeric candidates; new taxonomy scope review pending
F0316,Automotive engineering / Electric vehicle / Powertrain,待主题范围审阅,全量NMF关键词主题,待主题范围审阅,True,False,464,415258,0.0011179086804586193,1458,336992,0.004324787541290824,1175,294811,0.003983921968677663,927,259802,0.0035665943734330056,879,242777,0.0036189394594016303,464,1458,0.25848869332548896,3,3560,1186.6666666666667,0.003958434627800498,0.2824118080938941,0.25848869332548896,-0.6354035315612303,0,4,3,3097,0.003142206063475702,12,3,1.0,633,2366,1192.0,0.5314333612740989,0.3890878845859587,0.003992240891176256,0.28002034720135427,0.25421242674299466,1.0,1.0,73.05,7.71,False,False,近期份额下降,2026Q2,False,current_share,139,False,False,multiyear | recent_growth | quarters | trend | peak | lower95 | qvalue,459,False,full-corpus numeric candidates; new taxonomy scope review pending
F0317,Actuator / Control system / Control engineering,待主题范围审阅,全量NMF关键词主题,待主题范围审阅,True,False,262,415258,0.0006317567892796288,155,336992,0.0004610932208918225,171,294811,0.0005812357444731767,179,259802,0.0006902465660714011,161,242777,0.0006645352162516922,262,155,1.370128123024055,3,505,168.33333333333334,0.0005775251771454668,1.0939034595897836,0.9152624878314543,0.041674031014726776,3,4,3,588,0.0005580285848815426,12,3,1.0,319,644,253.33333333333334,1.2581913499344692,0.37265984425492193,0.0005667961720234792,1.1146101905103527,0.9602065445842526,0.07803850463750198,0.17655770279977823,29.45,60.81999999999999,False,False,历史峰值以下的恢复或波动,2026Q2,False,annual_volume,433,False,False,multiyear | peak | lower95 | qvalue,198,False,full-corpus numeric candidates; new taxonomy scope review pending
F0318,Control (management) / Control system / Artificial intelligence,待主题范围审阅,全量NMF关键词主题,待主题范围审阅,True,False,743,415258,0.0017893758964929677,566,336992,0.00167980263431008,334,294811,0.0011336638864505983,128,259802,0.0004941319428422008,153,242777,0.0006316170631246734,743,566,1.065229843045157,3,1028,342.6666666666667,0.0011025328212009597,1.6229683707228308,1.065229843045157,0.22820606646784825,3,4,3,1643,0.0015342808057512154,11,3,0.9166666666666666,834,1411,360.6666666666667,2.3087557603686633,0.25345928803018175,0.001153214367806426,1.5516420419705743,1.4119376987003684,1.6917246200494847e-20,9.504070899154409e-20,48.38,76.92999999999999,False,False,平稳或增长证据不足,2026Q2,True,,316,False,False,recent_growth,119,False,full-corpus numeric candidates; new taxonomy scope review pending
F0319,Electricity / Electricity market / Electricity generation,待主题范围审阅,全量NMF关键词主题,待主题范围审阅,True,False,2098,415258,0.005050444275441147,1351,336992,0.004007507961641788,1207,294811,0.004092374119249917,1071,259802,0.004120329780197806,1108,242777,0.004561221592662544,2098,1351,1.2602455999543642,3,3629,1209.6666666666667,0.004073403953696504,1.2398584409626265,1.1072569426500998,0.10517547192534416,3,4,3,4656,0.0043834421187776175,12,3,1.0,1724,3111,1297.6666666666667,1.3282854209445585,0.3430034576162532,0.004069607727713586,1.241015010131854,1.1760712687442825,1.2477407652978888e-15,6.238703826489443e-15,81.16000000000001,66.57999999999998,False,False,平稳或增长证据不足,2026Q2,True,,81,False,False,multiyear,169,False,full-corpus numeric candidates; new taxonomy scope review pending
F0320,Oxide / Solid oxide fuel cell / Yttria-stabilized zirconia,待主题范围审阅,全量NMF关键词主题,待主题范围审阅,True,False,591,415258,0.0014235586318434301,538,336992,0.0015967762022523885,416,294811,0.0014115725222920007,365,259802,0.0014054881331426023,336,242777,0.0013846198159052287,591,538,0.8915204459055562,3,1319,439.6666666666667,0.0014712789525623306,0.9675654160376641,0.8915204459055562,0.004227734207656653,0,4,3,1545,0.001477302452129273,12,3,1.0,894,1680,668.6666666666666,1.3364858138377302,0.461975994241742,0.0014795005914638591,0.9621886196307103,0.8732532037473706,0.7829643784547813,1.0,60.97,40.26,False,False,近期份额下降,2026Q2,True,,228,False,False,multiyear | recent_growth | quarters | peak | lower95 | qvalue,302,False,full-corpus numeric candidates; new taxonomy scope review pending
F0321,Metre / Electricity meter / Smart grid,待主题范围审阅,全量NMF关键词主题,待主题范围审阅,True,False,204,415258,0.0004921686225054632,194,336992,0.0005767371798293214,167,294811,0.0005676792256516449,146,259802,0.0005633488686878009,155,242777,0.0006398466014064281,204,194,0.8533672523958221,3,507,169.0,0.000569255091389589,0.8645836110205836,0.7691978380812552,-0.07136756458924731,1,3,3,565,0.0005455283426621431,11,3,0.9166666666666666,208,596,215.33333333333334,0.9661016949152542,0.23464799160446076,0.0005690386890245612,0.864912407536177,0.7353054956347526,0.9613183033172275,1.0,20.7,33.089999999999996,False,False,近期份额下降,2026Q2,False,annual_volume | current_volume,475,False,False,multiyear | recent_growth | quarters | trend | peak | lower95 | qvalue,341,False,full-corpus numeric candidates; new taxonomy scope review pending
F0322,Resistor / Electrical impedance / Metrology,待主题范围审阅,全量NMF关键词主题,待主题范围审阅,True,False,296,415258,0.0007135843353196569,120,336992,0.0003573101808197081,121,294811,0.000411779259204029,119,259802,0.00045952347991940075,110,242777,0.0004546819900669473,296,120,1.9971004847458234,3,360,120.0,0.00040953763998104593,1.7424145320383315,1.5528789419962126,0.2749066011304735,4,4,3,537,0.0004942245917811313,10,1,0.8333333333333334,375,619,173.33333333333334,2.1567877629063097,0.24760138458541722,0.00040421368944503313,1.7653640981317962,1.5139049573479864,1.0378946594078425e-13,4.633458300927868e-13,20.040000000000003,90.48,False,False,多年背景上持续抬升,2026Q2,False,annual_volume | active_years,477,False,True,,45,False,full-corpus numeric candidates; new taxonomy scope review pending
F0323,Key (lock) / Computer security / Feature (linguistics),待主题范围审阅,全量NMF关键词主题,待主题范围审阅,True,False,2685,415258,0.006463172790896926,767,336992,0.002275813807295651,337,294811,0.0011438312755667473,240,259802,0.0009248150369926015,248,242777,0.0010225201315080218,2685,767,2.83993917700021,3,1344,448.0,0.001448153373285,4.463044391655716,2.83993917700021,0.8658684728183497,4,4,3,3789,0.003294272624586441,12,3,1.0,2247,2967,585.3333333333334,3.833996588971006,0.2582387176528462,0.0015075320539773842,4.287253975028173,4.015514092813214,0.0,0.0,73.86,99.07,False,False,多年背景上持续抬升,2026Q2,True,,135,False,True,,6,False,full-corpus numeric candidates; new taxonomy scope review pending
F0324,Sewage sludge / Sewage / Sewage treatment,待主题范围审阅,全量NMF关键词主题,待主题范围审阅,True,False,412,415258,0.0009927606688679882,288,336992,0.0008554687731658571,266,294811,0.0009032030664845574,255,259802,0.0009824958085306015,233,242777,0.0009607985943948615,412,288,1.160487325789872,3,809,269.6666666666667,0.000913722549393672,1.0865012246078027,1.0104477395712645,0.04727110438630344,3,4,3,966,0.0009171441695061342,12,3,1.0,679,1207,438.6666666666667,1.5466262319939348,0.5168784486868356,0.0009076587561879454,1.0937598101707964,0.9714670734346443,0.06978541166296882,0.16079587940776227,49.910000000000004,61.28999999999999,False,False,平稳或增长证据不足,2026Q2,True,,301,False,False,multiyear | peak | lower95 | qvalue,197,False,full-corpus numeric candidates; new taxonomy scope review pending
F0325,Electronic circuit / Equivalent circuit / Spice,待主题范围审阅,全量NMF关键词主题,待主题范围审阅,True,False,261,415258,0.0006293500967490398,159,336992,0.000472954139757207,177,294811,0.0006015705227054744,239,259802,0.0009209696522234015,196,242777,0.0008085521361823995,261,159,1.3306789048767378,3,575,191.66666666666666,0.0006651647715620276,0.9461566872688054,0.6833559555731995,0.022571960596638352,4,4,3,597,0.0005679582530705737,12,3,1.0,344,635,239.66666666666666,1.4335180055401662,0.266753458954894,0.0006452842670613497,0.9753067428950736,0.8426749884383746,0.6348819216158245,1.0,23.889999999999997,58.17,False,False,历史峰值以下的恢复或波动,2026Q2,False,annual_volume,460,False,False,multiyear | peak | lower95 | qvalue,207,False,full-corpus numeric candidates; new taxonomy scope review pending
F0326,Welding / Friction stir welding / Arc welding,待主题范围审阅,全量NMF关键词主题,待主题范围审阅,True,False,480,415258,0.0011564157609480444,222,336992,0.0006597636118870129,191,294811,0.0006490183385808358,223,259802,0.0008594434959162013,219,242777,0.0009031918264225786,480,222,1.7527728721511928,3,636,212.0,0.0007227418154613501,1.6000399260278941,1.2803656179313,0.2888098331967086,3,4,3,893,0.0008217325704719643,12,3,1.0,559,911,292.0,1.9112627986348123,0.28105299013989676,0.0007136810355943511,1.620353776088481,1.4393534849567062,3.665428845700616e-16,1.909077523802404e-15,32.910000000000004,85.27999999999999,False,False,多年背景上持续抬升,2026Q2,True,,411,False,True,,71,False,full-corpus numeric candidates; new taxonomy scope review pending
F0327,Photocatalysis / Catalysis / Chemical engineering,待主题范围审阅,全量NMF关键词主题,待主题范围审阅,True,False,3228,415258,0.007770006835006787,3335,336992,0.009890523718872501,4009,294811,0.013588715553732957,3773,259802,0.014510559426576223,3538,242777,0.014560110604994507,3228,3335,0.7856011527661096,3,11117,3705.6666666666665,0.012663266233060562,0.6135863127256441,0.5336502617185798,-0.279484332788396,0,4,3,10572,0.010416415369204082,12,3,1.0,3048,5029,2766.6666666666665,1.1016500060219199,0.6089706681711771,0.012465591379764648,0.6233163432277921,0.5993641685700228,1.0,1.0,98.91,21.339999999999996,False,False,近期份额下降,2026Q2,False,current_share,2,False,False,multiyear | recent_growth | quarters | trend | peak | lower95 | qvalue,393,False,full-corpus numeric candidates; new taxonomy scope review pending
F0328,Environmental planning / Environmental resource management / Sustainable development,待主题范围审阅,全量NMF关键词主题,待主题范围审阅,True,False,141,415258,0.0003405469930783523,657,336992,0.0019496385384975773,427,294811,0.001448852949051213,209,259802,0.0008056081091474013,209,242777,0.000862044135013805,141,657,0.17467186165738355,3,1293,431.0,0.001401366532232064,0.24301065085087836,0.17467186165738355,-0.7239871623448759,0,1,3,1225,0.0012463461602090476,9,2,0.75,301,1828,758.6666666666666,0.39754278192189557,0.3935655060082896,0.0014503478704497928,0.23480366332577804,0.1973939150798511,1.0,1.0,46.55,5.8500000000000005,False,False,近期份额下降,2026Q2,False,active_years | current_volume | current_share,334,False,False,multiyear | recent_growth | quarters | trend | peak | lower95 | qvalue,469,False,full-corpus numeric candidates; new taxonomy scope review pending
F0329,Bioenergy / Productivity / Logging,待主题范围审阅,全量NMF关键词主题,待主题范围审阅,True,False,579,415258,0.0013946783214763615,377,336992,0.0011193742179206622,345,294811,0.0011709443132098109,326,259802,0.001255518127143802,318,242777,0.0013105539713694364,579,377,1.2459446529571685,3,1048,349.3333333333333,0.001181945552758092,1.1799852524694168,1.0641899165884952,0.08742663308792586,4,4,3,1301,0.0012283322842022782,12,3,1.0,969,1791,637.3333333333334,1.5195822454308092,0.37622456875307325,0.001175639537817246,1.1863145773965669,1.0718614068464194,0.00047607982817390903,0.001329831922273489,53.15,68.58999999999999,False,False,平稳或增长证据不足,2026Q2,True,,279,False,False,multiyear,154,False,full-corpus numeric candidates; new taxonomy scope review pending
F0330,Fuzzy logic / Fuzzy control system / Adaptive neuro fuzzy inference system,待主题范围审阅,全量NMF关键词主题,待主题范围审阅,True,False,1061,415258,0.0025547041212202895,623,336992,0.0018488207281418092,456,294811,0.0015471377105073189,372,259802,0.0014324058265270023,338,242777,0.0013928493541869834,1061,623,1.3818019683216887,3,1451,483.6666666666667,0.00160945475505871,1.5873103069163934,1.3818019683216887,0.25076491385602884,4,4,3,2140,0.001983554186623139,12,3,1.0,1159,1871,642.3333333333334,1.8031088082901554,0.3396951075710156,0.001627506713535272,1.5697041984367353,1.4502431048564255,8.942430523649119e-30,6.986273846600875e-29,63.71,82.75999999999999,False,False,多年背景上持续抬升,2026Q2,True,,214,False,True,,85,False,full-corpus numeric candidates; new taxonomy scope review pending
F0331,Heteroatom / Ring (chemistry) / Thiophene,待主题范围审阅,全量NMF关键词主题,待主题范围审阅,True,False,628,415258,0.0015126062554752255,398,336992,0.001181644041963931,659,294811,0.002235131040700059,668,259802,0.002570639718210204,601,242777,0.0024750336382377267,628,398,1.2800862203487477,3,1725,575.0,0.0019958049336247312,0.7578928331077265,0.5884162781583296,-0.19523284876164837,3,4,3,1685,0.0016431271127130716,12,3,1.0,903,1680,791.3333333333334,1.1409339503575935,0.6507777344114141,0.001934731542683508,0.7818171266165501,0.7135870092012015,0.9999999431503862,1.0,69.79,41.93,False,False,历史峰值以下的恢复或波动,2026Q2,True,,166,False,False,multiyear | trend | peak | lower95 | qvalue,295,False,full-corpus numeric candidates; new taxonomy scope review pending
F0332,Animal science / Manure / NAK,待主题范围审阅,全量NMF关键词主题,待主题范围审阅,True,False,56,415258,0.000135978127978282,73,336992,0.0002179443841514402,111,294811,0.00037788796215019945,116,259802,0.0004479873256118007,130,242777,0.0005369773728844943,56,73,0.6239120521857385,3,300,100.0,0.00034793989063781346,0.39080925078472206,0.2532287855032792,-0.5110518530720043,0,0,3,240,0.00024393682475997388,3,0,0.25,101,345,160.0,0.6335403726708074,0.22099215110646972,0.0003369381794125727,0.4035699611583051,0.30372934835832965,0.999999999960596,1.0,6.47,13.190000000000001,False,False,近期份额下降,2026Q2,False,annual_volume | active_years | persistence | current_volume | current_share,492,False,False,volume | multiyear | recent_growth | quarters | trend | peak | lower95 | qvalue,433,False,full-corpus numeric candidates; new taxonomy scope review pending
F0333,Diesel fuel / Diesel engine / Biodiesel,待主题范围审阅,全量NMF关键词主题,待主题范围审阅,True,False,616,415258,0.0014837259451081569,336,336992,0.0009977997995504711,442,294811,0.0014996898946319575,537,259802,0.002066894313445003,519,242777,0.002137622568685784,616,336,1.486997637979688,3,1315,438.3333333333333,0.0015214613358758107,0.9751979298600237,0.694100991841771,-0.005350947619907398,4,4,3,1394,0.0013270718797635285,12,3,1.0,828,1579,644.3333333333334,1.2846074380165289,0.3773415218499915,0.001475015557461695,1.0059052852713306,0.9141360285492334,0.452861779868654,0.8985352775171707,53.669999999999995,57.97,False,False,历史峰值以下的恢复或波动,2026Q2,True,,275,False,False,multiyear | trend | peak | lower95 | qvalue,211,False,full-corpus numeric candidates; new taxonomy scope review pending
F0334,Brake / Regenerative brake / Dynamic braking,待主题范围审阅,全量NMF关键词主题,待主题范围审阅,True,False,209,415258,0.0005042020851584085,104,336992,0.0003098665053581701,148,294811,0.0005032857612493688,170,259802,0.000655638103148601,117,242777,0.00048348537405308877,209,104,1.6271590392630813,3,422,140.66666666666666,0.0004895967899187134,1.029831272468351,0.7690249891472988,0.0009095138616039833,4,4,3,461,0.00043911811725531576,10,1,0.8333333333333334,239,466,172.0,1.3872832369942196,0.3051892148766219,0.00047373171647857555,1.0643198832164553,0.9018720123975955,0.23366914515024195,0.48681071906300405,20.06,63.38,False,False,历史峰值以下的恢复或波动,2026Q2,False,annual_volume | active_years | current_volume,476,False,False,multiyear | peak | lower95 | qvalue,188,False,full-corpus numeric candidates; new taxonomy scope review pending
F0335,Biochar / Soil water / Thermal conductivity,待主题范围审阅,全量NMF关键词主题,待主题范围审阅,True,False,2022,415258,0.004867535643116378,1524,336992,0.004520492702569668,1319,294811,0.004471956646252809,1041,259802,0.004004968237121807,833,242777,0.003429660078921272,2022,1524,1.0767710431983295,3,3884,1294.6666666666667,0.0043324725286480945,1.1235006363987827,1.0767710431983295,0.042380869796518894,3,4,3,4865,0.0046199949973129515,12,3,1.0,2401,3755,1574.6666666666667,1.524434101967421,0.5925149721533204,0.004355528645351542,1.1175533533251532,1.0590773125859982,2.3349371798685453e-05,7.032943312857064e-05,94.96000000000001,60.49,False,False,平稳或增长证据不足,2026Q2,True,,12,False,False,multiyear | recent_growth,200,False,full-corpus numeric candidates; new taxonomy scope review pending
F0336,Nanocomposite / Carbon nanotube / Composite material,待主题范围审阅,全量NMF关键词主题,待主题范围审阅,True,False,1748,415258,0.004208101889734975,1846,336992,0.0054752966712331205,1521,294811,0.005156560846740166,1253,259802,0.0048201898081922075,1124,242777,0.004627057898916581,1748,1846,0.768561439208233,3,4620,1540.0,0.005150682442055164,0.8169989000634075,0.768561439208233,-0.1016290831149127,0,4,3,5115,0.004946653135902753,12,3,1.0,2137,3731,1826.6666666666667,1.1697975560824365,0.5566900609941379,0.0051807749017497235,0.8122533731997805,0.7687612416402408,0.9999999999999463,1.0,93.92999999999999,28.42,False,False,近期份额下降,2026Q2,False,current_share,17,False,False,multiyear | recent_growth | quarters | trend | peak | lower95 | qvalue,363,False,full-corpus numeric candidates; new taxonomy scope review pending
F0337,Nitrogen / Nitrogen fixation / Nitrogenase,待主题范围审阅,全量NMF关键词主题,待主题范围审阅,True,False,552,415258,0.0013296976231504567,636,336992,0.0018873687144543088,405,294811,0.0013742920955327881,322,259802,0.001240136588067002,297,242777,0.001224143819411012,552,636,0.7045245653205127,3,1363,454.3333333333333,0.0015005991326846994,0.8861111499988106,0.7045245653205127,-0.016493596779894926,0,4,3,1593,0.0015304528110458512,12,3,1.0,860,1682,673.0,1.2774480712166172,0.514864032653503,0.0015288359654876634,0.8697451218884126,0.7878864457125458,0.9972378940912338,1.0,64.3,32.690000000000005,False,False,近期份额下降,2026Q2,False,current_share,209,False,False,multiyear | recent_growth | quarters | trend | peak | lower95 | qvalue,343,False,full-corpus numeric candidates; new taxonomy scope review pending
F0338,Amorphous solid / Crystallization / Nucleation,待主题范围审阅,全量NMF关键词主题,待主题范围审阅,True,False,682,415258,0.0016425676521270348,398,336992,0.001181644041963931,388,294811,0.001316676890541278,342,259802,0.001317044283451002,378,242777,0.0015574401198220774,682,398,1.3900697619538909,3,1128,376.0,0.001271788405318737,1.2915416159304998,1.0546586229682349,0.11057480192759117,4,4,3,1468,0.0013802961948774148,12,3,1.0,1071,1703,641.6666666666666,1.6680497925311204,0.479239120610773,0.0012653402178605267,1.2981233259971259,1.1804292539823915,3.353855513554449e-08,1.233035115277371e-07,61.61000000000001,74.82,False,False,多年背景上持续抬升,2026Q2,True,,224,False,True,,126,False,full-corpus numeric candidates; new taxonomy scope review pending
F0339,Thermal stability / Ether / Polymer chemistry,待主题范围审阅,全量NMF关键词主题,待主题范围审阅,True,False,610,415258,0.0014692857899246223,286,336992,0.0008495383137331649,362,294811,0.001228559518201321,409,259802,0.0015746850629874026,432,242777,0.0017796376534294544,610,286,1.7295109192522145,3,1057,352.3333333333333,0.0012175942983072962,1.206712114180584,0.8256095206196791,0.0894670329299001,4,4,3,1258,0.0011824612072863694,12,3,1.0,966,1521,556.3333333333334,1.735047846889952,0.48811012259480346,0.001185730864322115,1.2391393647028124,1.1216394950935935,1.1831214165689808e-05,3.6742901135682636e-05,56.96,76.13,False,False,历史峰值以下的恢复或波动,2026Q2,True,,252,False,False,multiyear | peak,123,False,full-corpus numeric candidates; new taxonomy scope review pending
F0340,Ultimate tensile strength / Strain (injury) / Elongation,待主题范围审阅,全量NMF关键词主题,待主题范围审阅,True,False,682,415258,0.0016425676521270348,297,336992,0.0008821558406129723,407,294811,0.001381070354943554,403,259802,0.0015516127543722025,368,242777,0.0015162924284133038,682,297,1.8619926055079847,3,1107,369.0,0.0012716129833095762,1.2917197871415167,1.0586195862972483,0.08670092049098344,4,4,3,1386,0.001301931282561187,12,3,1.0,951,1617,593.6666666666666,1.6008968609865473,0.4636325573786904,0.0012417937893491656,1.3227378540747237,1.202404455624651,3.976623655359161e-09,1.5294706366766002e-08,58.830000000000005,77.82,False,False,多年背景上持续抬升,2026Q2,True,,240,False,True,,114,False,full-corpus numeric candidates; new taxonomy scope review pending
F0341,Lithium (medication) / Lithium metal / Lithium-ion battery,待主题范围审阅,全量NMF关键词主题,待主题范围审阅,True,False,1488,415258,0.003582361831781819,3167,336992,0.009392365126526352,1740,294811,0.005898780252219032,889,259802,0.0034204697522034057,718,242777,0.0029564616277203766,1488,3167,0.38141211329874164,3,5796,1932.0,0.006237205043649597,0.5743537059807255,0.38141211329874164,-0.24936164009594597,1,4,3,6395,0.006291169070175735,12,3,1.0,1630,3351,1534.3333333333333,1.062310030395137,0.5631935849682066,0.006499374898385949,0.5511855967366124,0.5206713281376203,1.0,1.0,94.23,18.6,False,False,近期份额下降,2026Q2,False,current_share,16,False,False,multiyear | recent_growth | quarters | trend | peak | lower95 | qvalue,411,False,full-corpus numeric candidates; new taxonomy scope review pending
F0342,Hydrogen production / Fermentation / Biohydrogen,待主题范围审阅,全量NMF关键词主题,待主题范围审阅,True,False,661,415258,0.0015920271089846646,440,336992,0.0013061836900504682,502,294811,0.0017030376769549347,524,259802,0.0020169043114454032,477,242777,0.001964802264768935,661,440,1.2188386067836692,3,1466,488.6666666666667,0.0016753752261502686,0.9502510745863635,0.789341913719123,-0.033702704887225376,3,4,3,1603,0.001533749491996689,12,3,1.0,1059,1760,738.6666666666666,1.4330779630464174,0.547029982792386,0.001644325591043387,0.9681945702581098,0.8832731513599058,0.755685448717603,1.0,66.97000000000001,52.669999999999995,False,False,历史峰值以下的恢复或波动,2026Q2,True,,187,False,False,multiyear | trend | peak | lower95 | qvalue,244,False,full-corpus numeric candidates; new taxonomy scope review pending
F0343,Electronics / Power electronics / Triboelectric effect,待主题范围审阅,全量NMF关键词主题,待主题范围审阅,True,False,788,415258,0.0018976770603694754,763,336992,0.0022639528884302665,668,294811,0.002265633208048505,674,259802,0.002593712026825404,574,242777,0.002363934871434038,788,763,0.8382140238285825,3,2105,701.6666666666666,0.0023744327077680587,0.7992128200395586,0.7316452407756899,-0.08861187176756768,0,4,3,2219,0.002142421052282749,12,3,1.0,1030,2044,886.3333333333334,1.16190833959429,0.5358883268999542,0.0023608097728890906,0.8038246376992727,0.7406650037608957,0.9999999226983413,1.0,76.16999999999999,29.359999999999996,False,False,近期份额下降,2026Q2,True,,116,False,False,multiyear | recent_growth | quarters | trend | peak | lower95 | qvalue,360,False,full-corpus numeric candidates; new taxonomy scope review pending
F0344,Generator (circuit theory) / Permanent magnet synchronous generator / Induction generator,待主题范围审阅,全量NMF关键词主题,待主题范围审阅,True,False,570,415258,0.0013730180887010599,608,336992,0.0018043422823966172,464,294811,0.0015742507481503825,417,259802,0.0016054481411410025,417,242777,0.0017179161163162942,570,608,0.7609521220537763,3,1489,496.3333333333333,0.001661347057229334,0.8264486837511683,0.7609521220537763,-0.06838407117399647,0,4,3,1642,0.0015838703730826865,12,3,1.0,572,1441,606.0,0.943986820428336,0.26756042482436815,0.0016701145365558303,0.8221101359506436,0.7464817700585634,0.9999670916063125,1.0,49.57,28.309999999999995,False,False,近期份额下降,2026Q2,False,current_share,303,False,False,multiyear | recent_growth | quarters | trend | peak | lower95 | qvalue,364,False,full-corpus numeric candidates; new taxonomy scope review pending
F0345,Non-blocking I/O / Nickel oxide / Yttria-stabilized zirconia,待主题范围审阅,全量NMF关键词主题,待主题范围审阅,True,False,529,415258,0.0012743436949469084,625,336992,0.0018547511875745015,661,294811,0.0022419093001108245,564,259802,0.0021707197022134035,583,242777,0.0024009677937019344,529,625,0.687069890281831,3,1850,616.6666666666666,0.0020891267299662434,0.6099886984680434,0.5307625109714864,-0.2824482859548896,0,4,3,1815,0.0017903347275440781,12,3,1.0,966,2012,969.3333333333334,0.9965647543799381,0.5648727451787102,0.002074888855251134,0.6141744372098757,0.5576219561151208,1.0,1.0,70.82000000000001,19.590000000000003,False,False,近期份额下降,2026Q2,False,current_share,159,False,False,multiyear | recent_growth | quarters | trend | peak | lower95 | qvalue,404,False,full-corpus numeric candidates; new taxonomy scope review pending
F0346,Pyrolysis / Biomass (ecology) / Biochar,待主题范围审阅,全量NMF关键词主题,待主题范围审阅,True,False,2016,415258,0.004853095487932843,1469,336992,0.004357405068170631,1529,294811,0.00518367388438323,1437,259802,0.005527740605725009,1385,242777,0.00570101264468557,2016,1469,1.1137581684528397,3,4435,1478.3333333333333,0.005022939852759623,0.9661862634621303,0.8512690271713137,-0.03294865133688285,4,4,3,5014,0.0047980581468289015,12,3,1.0,2050,3384,1540.6666666666667,1.3303783783783782,0.5258896534187295,0.004973342079149638,0.9758217735070107,0.925781183932252,0.8176681526050138,1.0,92.5,53.400000000000006,False,False,历史峰值以下的恢复或波动,2026Q2,True,,21,False,False,multiyear | recent_growth | trend | peak | lower95 | qvalue,240,False,full-corpus numeric candidates; new taxonomy scope review pending
F0347,Wireless / Telecommunications / Wireless power transfer,待主题范围审阅,全量NMF关键词主题,待主题范围审阅,True,False,1051,415258,0.002530637195914399,1079,336992,0.003200965478795642,862,294811,0.0029231243708927983,708,259802,0.0027244551089782043,738,242777,0.003038757010537924,1051,1079,0.7905855944646261,3,2649,883.0,0.002949514986222215,0.8579841796822598,0.7905855944646261,-0.07209095357949513,0,4,3,2992,0.002884909015200946,12,3,1.0,1023,2082,915.0,1.1179039301310043,0.35342090179432845,0.002970774397183399,0.8518442862284341,0.7931130667914598,0.9999947981442936,1.0,71.66000000000001,30.19,False,False,近期份额下降,2026Q2,False,current_share,148,False,False,multiyear | recent_growth | quarters | trend | peak | lower95 | qvalue,356,False,full-corpus numeric candidates; new taxonomy scope review pending
F0348,Cascade / Refrigeration / Scheduling (production processes),待主题范围审阅,全量NMF关键词主题,待主题范围审阅,True,False,634,415258,0.0015270464106587598,373,336992,0.0011075132990552778,288,294811,0.0009777639200029824,240,259802,0.0009248150369926015,204,242777,0.0008414702893094183,634,373,1.3788063872111953,3,901,300.3333333333333,0.0010033640853502872,1.5219265199487864,1.3788063872111953,0.22291122390502904,4,4,3,1295,0.00120410787657234,12,3,1.0,827,1351,437.6666666666667,1.8875379939209727,0.43671031797426724,0.001010814538237718,1.5107087926545406,1.3648053966992155,5.200120887640923e-16,2.6531229018576135e-15,53.34000000000001,81.61,False,False,多年背景上持续抬升,2026Q2,True,,277,False,True,,89,False,full-corpus numeric candidates; new taxonomy scope review pending
F0349,Smart grid / IEC 61850 / Interoperability,待主题范围审阅,全量NMF关键词主题,待主题范围审阅,True,False,491,415258,0.001182889378784524,206,336992,0.0006123199364254749,146,294811,0.0004965075018386029,156,259802,0.000601802716379801,118,242777,0.0004876001431939661,491,206,1.9318158831963703,3,508,169.33333333333334,0.0005702100515479596,2.0744800544524122,1.9318158831963703,0.43405837886693455,4,4,3,843,0.0007639056056828673,12,2,1.0,617,998,267.6666666666667,2.300248138957816,0.33418679307636606,0.0005701599475251022,2.0746623538168567,1.8327530198262223,1.9828129569616137e-32,1.802557233601467e-31,35.08,93.53,False,False,多年背景上持续抬升,2026Q2,False,active_years,398,False,True,,27,False,full-corpus numeric candidates; new taxonomy scope review pending
F0350,Hydropower / Hydroelectricity / Small hydro,待主题范围审阅,全量NMF关键词主题,待主题范围审阅,True,False,780,415258,0.0018784235201247629,384,336992,0.0011401308259350851,412,294811,0.001398016003470469,440,259802,0.0016938919908326027,418,242777,0.0017220308854571714,780,384,1.6475508576694806,3,1236,412.0,0.0014106796067460522,1.3315734566104866,1.09081871642858,0.14768939039226048,4,4,3,1576,0.0014721901165101056,12,3,1.0,893,1521,547.6666666666666,1.6294046172539491,0.34569781944335115,0.0013864361359189553,1.354857588791646,1.2387375280393642,1.245892286859503e-11,5.106115929752062e-11,54.2,79.16,False,False,多年背景上持续抬升,2026Q2,True,,272,False,True,,107,False,full-corpus numeric candidates; new taxonomy scope review pending
F0351,Anode / Electrochemistry / Electrode,待主题范围审阅,全量NMF关键词主题,待主题范围审阅,True,False,2470,415258,0.005945733896820278,2164,336992,0.006418239721031188,3129,294811,0.010606281412995957,3271,259802,0.01258017627243782,3084,242777,0.012692005415036189,2470,2164,0.926380776544913,3,8564,2854.6666666666665,0.009868232468821654,0.6025125487878019,0.46846291837981574,-0.2893862207375908,1,4,3,7763,0.0076567516769491415,12,3,1.0,2173,3549,1890.6666666666667,1.1492511013215858,0.5755261573128228,0.009603018427883456,0.6191526072215131,0.5920498759489666,1.0,1.0,96.47000000000001,26.41,False,False,近期份额下降,2026Q2,True,,9,False,False,multiyear | recent_growth | quarters | trend | peak | lower95 | qvalue,371,False,full-corpus numeric candidates; new taxonomy scope review pending
F0352,Substitution (logic) / Transition metal / Type (biology),待主题范围审阅,全量NMF关键词主题,待主题范围审阅,True,False,341,415258,0.0008218854991961647,492,336992,0.0014603756353004668,233,294811,0.00079136178620692,93,259802,0.0003595434759202006,106,242777,0.00043822291350343787,341,492,0.5627904761825644,3,818,272.6666666666667,0.0008704269658091958,0.9442325795043535,0.5627904761825644,0.018922924252831486,0,4,3,1066,0.0010245409735678505,11,3,0.9166666666666666,643,1458,491.3333333333333,1.3080568720379147,0.47039928727920033,0.0009177500826928145,0.8955439118944355,0.7893162119500483,0.957413437587925,1.0,49.45,34.43,False,False,近期份额下降,2026Q2,False,current_share,304,False,False,multiyear | recent_growth | quarters | peak | lower95 | qvalue,334,False,full-corpus numeric candidates; new taxonomy scope review pending
F0353,MATLAB / Control engineering / Simulation,待主题范围审阅,全量NMF关键词主题,待主题范围审阅,True,False,211,415258,0.0005090154702195866,166,336992,0.0004937107477716298,259,294811,0.0008794791585468768,362,259802,0.0013939519788350022,343,242777,0.0014134231998913702,211,166,1.0309993706173803,3,787,262.3333333333333,0.000922380628384503,0.55184969692078,0.36012955656784706,-0.27342572875792026,1,4,3,636,0.0006274017921793644,12,3,1.0,252,724,351.0,0.71875,0.21597677409939614,0.0008829910691760432,0.5764672916732564,0.495280017142583,0.9999999999997347,1.0,24.22,25.900000000000002,False,False,历史峰值以下的恢复或波动,2026Q2,False,annual_volume | current_volume,456,False,False,multiyear | recent_growth | quarters | trend | peak | lower95 | qvalue,374,False,full-corpus numeric candidates; new taxonomy scope review pending
F0354,Sequence (biology) / Zero (linguistics) / Net (polyhedron),待主题范围审阅,全量NMF关键词主题,待主题范围审阅,True,False,264,415258,0.0006365701743408069,385,336992,0.0011430960556514313,214,294811,0.0007269683218046437,160,259802,0.000617184255456601,131,242777,0.0005410921420253717,264,385,0.5568824869910309,3,759,253.0,0.0008290828776375586,0.7678004111659987,0.5568824869910309,-0.06639412023297364,1,4,3,863,0.0008355448505989606,10,3,0.8333333333333334,346,1076,385.6666666666667,0.8974137931034483,0.36972312315713657,0.000851595831160895,0.7475026897126008,0.6498892387709024,0.999979502252442,1.0,34.48,26.689999999999998,False,False,近期份额下降,2026Q2,False,current_share,402,False,False,multiyear | recent_growth | quarters | trend | peak | lower95 | qvalue,370,False,full-corpus numeric candidates; new taxonomy scope review pending
F0355,Stacking / Period (music) / van der Waals force,待主题范围审阅,全量NMF关键词主题,待主题范围审阅,True,False,996,415258,0.002398269106732,477,336992,0.0014158971895552749,520,294811,0.001764042011651828,487,259802,0.001874625074985003,471,242777,0.0019401136499236711,996,477,1.6938158535968864,3,1484,494.6666666666667,0.001684854758730702,1.4234278024883014,1.236148772432148,0.1535697491007979,4,4,3,1993,0.001859402769313034,12,3,1.0,1239,1857,714.0,1.7342657342657342,0.5023460733665616,0.0016645082440531252,1.4408274127210967,1.329695358871385,1.3775348029158144e-19,7.48660218975986e-19,71.11000000000001,81.15,False,False,多年背景上持续抬升,2026Q2,True,,154,False,True,,95,False,full-corpus numeric candidates; new taxonomy scope review pending
F0356,Range (aeronautics) / Extension (predicate logic) / Driving range,待主题范围审阅,全量NMF关键词主题,待主题范围审阅,True,False,747,415258,0.001799002666615324,384,336992,0.0011401308259350851,304,294811,0.0010319899952891097,286,259802,0.0011017027363758017,274,242777,0.0011295041291708328,747,384,1.5778914363971004,3,974,324.6666666666667,0.001091274519199999,1.6485335586632708,1.5778914363971004,0.2778717323593298,4,4,3,1435,0.0013237078292798396,12,3,1.0,880,1530,479.6666666666667,1.8328710124826628,0.3224658912209996,0.0010926664087772115,1.6464335795117597,1.4967785462391323,1.7165076721209272e-25,1.1756901863841967e-24,50.81,85.7,False,False,多年背景上持续抬升,2026Q2,True,,294,False,True,,69,False,full-corpus numeric candidates; new taxonomy scope review pending
F0357,Turbulence / Atmospheric sciences / Meteorology,待主题范围审阅,全量NMF关键词主题,待主题范围审阅,True,False,328,415258,0.0007905984962985068,248,336992,0.0007368595845120121,199,294811,0.0006761313762238994,146,259802,0.0005633488686878009,150,242777,0.0006192727557020413,328,248,1.0729296502563423,3,593,197.66666666666666,0.0006587799431412375,1.200094970300285,1.0729296502563423,0.07820142409925834,2,4,3,775,0.0007345298190114729,12,3,1.0,468,939,331.0,1.4126506024096386,0.2935607493091897,0.0006654669200710878,1.1880357572305051,1.038228321211638,0.006162840128823793,0.015330448081651226,30.36,60.57,False,False,平稳或增长证据不足,2026Q2,True,,427,False,False,multiyear | recent_growth | quarters | lower95,199,False,full-corpus numeric candidates; new taxonomy scope review pending
F0358,Transmittance / Transparency (behavior) / Refractive index,待主题范围审阅,全量NMF关键词主题,待主题范围审阅,True,False,432,415258,0.0010408945194797694,144,336992,0.0004284756940120151,184,294811,0.0006252944306431551,196,259802,0.0007556181071478012,185,242777,0.0007632896756327486,432,144,2.429296536597899,3,524,174.66666666666666,0.0006031294106009904,1.7258228519192365,1.363695268925121,0.2548065547475611,4,4,3,760,0.0006982215480449799,11,2,0.9166666666666666,699,1081,312.0,2.236421725239617,0.3729326016100763,0.0005881000835337583,1.769927515101296,1.5583590336355333,2.54011250221418e-19,1.3656518829108495e-18,35.410000000000004,91.06,False,False,多年背景上持续抬升,2026Q2,False,active_years,397,False,True,,42,False,full-corpus numeric candidates; new taxonomy scope review pending
F0359,Distribution (mathematics) / Automation / Process automation system,待主题范围审阅,全量NMF关键词主题,待主题范围审阅,True,False,759,415258,0.0018278829769823926,753,336992,0.0022343005912668053,447,294811,0.0015166355431588722,175,259802,0.0006748650269946011,246,242777,0.001014290593226267,759,753,0.818100744424016,3,1375,458.3333333333333,0.0014752670538067593,1.2390183677360298,0.818100744424016,0.0933320154623436,1,4,3,1959,0.001859606370469357,12,3,1.0,809,1714,501.6666666666667,1.6114058355437666,0.25405682671071905,0.0015422910674941553,1.1851738076602194,1.0846788014082605,8.321266366691602e-05,0.00024049902793906366,55.64,55.71,False,False,近期份额下降,2026Q2,True,,263,False,False,multiyear | recent_growth | quarters | peak,224,False,full-corpus numeric candidates; new taxonomy scope review pending
F0360,Sustainability / Sustainable development / Environmental economics,待主题范围审阅,全量NMF关键词主题,待主题范围审阅,True,False,3677,415258,0.008850611781241276,1682,336992,0.004988998997752356,1304,294811,0.004421119700672064,818,259802,0.0031474474335902052,784,242777,0.003228036391018282,3677,1682,1.7740255681006658,3,3804,1268.0,0.004185855377338209,2.11440935803888,1.7740255681006658,0.3470467972512896,4,4,3,6663,0.006086910159888565,12,3,1.0,3543,5183,1750.0,2.0239862935465447,0.3898145560973525,0.004265827965308262,2.0747699750713466,1.9828299381319103,3.470031087313235e-230,2.4785936337951675e-228,87.57000000000001,91.9,False,False,多年背景上持续抬升,2026Q2,True,,49,False,True,,36,False,full-corpus numeric candidates; new taxonomy scope review pending
F0361,Schottky barrier / Schottky diode / Ohmic contact,待主题范围审阅,全量NMF关键词主题,待主题范围审阅,True,False,530,415258,0.0012767503874774975,280,336992,0.0008317469354350882,345,294811,0.0011709443132098109,352,259802,0.0013554981311430022,367,242777,0.0015121776592724265,530,280,1.5350226530256192,3,977,325.6666666666667,0.0011193964599293003,1.1405703280124144,0.8443124256258334,0.04325378072504149,4,4,3,1155,0.0010931472120407988,12,3,1.0,766,1265,494.6666666666667,1.5474108944182918,0.461371901299773,0.0010960301842788346,1.1648861553184076,1.0480466142064726,0.002316897532112083,0.006065176785633726,51.71,69.5,False,False,历史峰值以下的恢复或波动,2026Q2,True,,290,False,False,multiyear | peak | lower95,151,False,full-corpus numeric candidates; new taxonomy scope review pending
F0362,Control reconfiguration / Heuristic / Shading,待主题范围审阅,全量NMF关键词主题,待主题范围审阅,True,False,449,415258,0.0010818082924997834,318,336992,0.0009444256646562409,277,294811,0.0009404834932437699,249,259802,0.0009594234999154015,253,242777,0.0010430939772124086,449,318,1.1454668514260973,3,844,281.3333333333333,0.0009481108859384709,1.1410145253516149,1.0371148871847922,0.06999758366447795,3,4,3,1044,0.0009889058167999313,12,3,1.0,625,1159,402.6666666666667,1.550784475639967,0.4293473148889635,0.0009469028037068806,1.142470260162693,1.0189349370416552,0.011315375962268457,0.027598477956752333,46.379999999999995,64.17999999999999,False,False,平稳或增长证据不足,2026Q2,True,,335,False,False,multiyear | recent_growth | peak | lower95,184,False,full-corpus numeric candidates; new taxonomy scope review pending
F0363,Marine engineering / Aerospace engineering / Propulsion,待主题范围审阅,全量NMF关键词主题,待主题范围审阅,True,False,437,415258,0.0010529279821327147,744,336992,0.0022076135238196905,576,294811,0.0019538332751532733,410,259802,0.0015785304477566025,403,242777,0.0016603093483440112,437,744,0.476953040363198,3,1730,576.6666666666666,0.0019133257489098554,0.5503129734874658,0.476953040363198,-0.30910919365383727,0,4,3,1757,0.0017381249270352263,12,3,1.0,441,1327,592.6666666666666,0.7445255474452556,0.37713593675289286,0.001940337835186213,0.5426518841404058,0.48861928180678665,1.0,1.0,55.53999999999999,14.26,False,False,近期份额下降,2026Q2,False,current_share,264,False,False,multiyear | recent_growth | quarters | trend | peak | lower95 | qvalue,428,False,full-corpus numeric candidates; new taxonomy scope review pending
F0364,Zinc / Wurtzite crystal structure / Metallurgy,待主题范围审阅,全量NMF关键词主题,待主题范围审阅,True,False,1393,415258,0.003353726041375858,2335,336992,0.006925294002526376,1408,294811,0.004773589190031892,776,259802,0.0029859412732838046,618,242777,0.002544984713632642,1393,2335,0.48427200926811265,3,4519,1506.3333333333333,0.004894941488614024,0.6851411909982702,0.48427200926811265,-0.1765132468953272,0,4,3,5136,0.005017536411311376,12,3,1.0,1484,3010,1383.0,1.0729768786127167,0.5936999389700539,0.005067527793195082,0.6618071332296196,0.6232311596537473,1.0,1.0,93.69000000000001,20.43,False,False,近期份额下降,2026Q2,False,current_share,18,False,False,multiyear | recent_growth | quarters | trend | peak | lower95 | qvalue,398,False,full-corpus numeric candidates; new taxonomy scope review pending
F0365,Aeronautics / Engineering / Aerospace engineering,待主题范围审阅,全量NMF关键词主题,待主题范围审阅,True,False,86,415258,0.00020817890389595388,450,336992,0.0013358359872139294,284,294811,0.0009642074011814506,160,259802,0.000617184255456601,200,242777,0.0008250112127459088,86,450,0.15584166461194068,3,894,298.0,0.000972409214617327,0.21408569639879307,0.15584166461194068,-0.7664542965123906,0,1,3,820,0.0008360740974304445,9,2,0.75,129,854,331.6666666666667,0.3907815631262525,0.2554386915112331,0.001002965728733931,0.20756332737185684,0.166457755920071,1.0,1.0,24.81,4.66,False,False,近期份额下降,2026Q2,False,active_years | current_volume | current_share,455,False,False,volume | multiyear | recent_growth | quarters | trend | peak | lower95 | qvalue,477,False,full-corpus numeric candidates; new taxonomy scope review pending
F0366,Plasma / Tokamak / Atomic physics,待主题范围审阅,全量NMF关键词主题,待主题范围审阅,True,False,1393,415258,0.003353726041375858,1286,336992,0.0038147680300792903,1165,294811,0.003950030671623834,1195,259802,0.004597157491578607,1171,242777,0.004820452048537816,1393,1286,0.8791428508711054,3,3646,1215.3333333333333,0.004120652064427244,0.813882363504528,0.6957285349188653,-0.08182568247501942,2,4,3,3844,0.0037061749143596605,12,3,1.0,840,1530,753.0,1.1153846153846154,0.32185925438010893,0.004088669122222783,0.8202488245252341,0.7711478265279144,0.9999999998604924,1.0,71.03,35.38,False,False,近期份额下降,2026Q2,True,,155,False,False,multiyear | recent_growth | quarters | trend | peak | lower95 | qvalue,327,False,full-corpus numeric candidates; new taxonomy scope review pending
F0367,Covalent bond / Carbon nanotube / Covalent organic framework,待主题范围审阅,全量NMF关键词主题,待主题范围审阅,True,False,1348,415258,0.0032454248774993503,1276,336992,0.003785115732915829,926,294811,0.0031400286720373078,745,259802,0.0028667343454386045,576,242777,0.002372164409715793,1348,1276,0.8574176079417437,3,2947,982.3333333333334,0.0032639595834639133,0.9943214045730024,0.8574176079417437,0.016507171729070347,1,4,3,3550,0.003390189760817496,12,3,1.0,1348,2152,939.0,1.4351063829787234,0.6704552944889345,0.003304909430344619,0.9820011549184675,0.9207194804484756,0.708713554368699,1.0,88.41,44.36000000000001,False,False,近期份额下降,2026Q2,True,,45,False,False,multiyear | recent_growth | quarters | peak | lower95 | qvalue,285,False,full-corpus numeric candidates; new taxonomy scope review pending
F0368,Supply chain / Dependency (UML) / Supply chain management,待主题范围审阅,全量NMF关键词主题,待主题范围审阅,True,False,1044,415258,0.002513790348200275,489,336992,0.0014514799461514283,383,294811,0.0012997312420143631,300,259802,0.001155538123144602,250,242777,0.0010307496697897765,1044,489,1.7318808674315775,3,1172,390.6666666666667,0.0013022497704367978,1.9303442436830724,1.7318808674315775,0.32981710339654,4,4,3,1916,0.0017550005121220221,12,3,1.0,1200,1897,601.3333333333334,1.993912562257886,0.42923833621948954,0.001314675591884331,1.9120993526602612,1.759111814585789,1.2848299737418348e-54,1.6905657549234666e-53,66.19,90.27,False,False,多年背景上持续抬升,2026Q2,True,,195,False,True,,47,False,full-corpus numeric candidates; new taxonomy scope review pending
F0369,Context (archaeology) / Work (physics) / Subject (documents),待主题范围审阅,全量NMF关键词主题,待主题范围审阅,True,False,2860,415258,0.006884343983750012,1067,336992,0.0031653827221994886,1111,294811,0.0037670176675331543,1078,259802,0.004147247473582207,938,242777,0.003861710838713394,2860,1067,2.174885183857444,3,3256,1085.3333333333333,0.0036932159544382833,1.8640512953153536,1.6599790650553157,0.3014831134540512,4,4,3,5038,0.004605581457827552,12,3,1.0,2308,3656,1259.0,1.8325396825396825,0.2552165849316342,0.00365137830701179,1.885409674075654,1.793051841813724,8.767152946455171e-141,3.371981902482758e-139,78.10000000000001,91.34,False,False,多年背景上持续抬升,2026Q2,True,,101,False,True,,40,False,full-corpus numeric candidates; new taxonomy scope review pending
F0370,Catalysis / Electrocatalyst / Oxygen evolution,待主题范围审阅,全量NMF关键词主题,待主题范围审阅,True,False,2842,415258,0.006841023518199409,2314,336992,0.006863024178483107,2286,294811,0.007749245071358126,2134,259802,0.008207973789857412,1880,242777,0.007737823369419859,2842,2314,0.9967943198637308,3,6734,2244.6666666666665,0.007606747679899548,0.8993361954513718,0.833460692412646,-0.06232903543482449,2,4,3,7442,0.0071510975893468815,12,3,1.0,2421,3633,1826.3333333333333,1.3254286756658153,0.6220892691016783,0.007551115371893413,0.905961991212968,0.8671028697139365,0.9999951367840271,1.0,97.53,42.56999999999999,False,False,近期份额下降,2026Q2,True,,5,False,False,multiyear | recent_growth | quarters | trend | peak | lower95 | qvalue,294,False,full-corpus numeric candidates; new taxonomy scope review pending
F0371,Dye-sensitized solar cell / Energy conversion efficiency / Auxiliary electrode,待主题范围审阅,全量NMF关键词主题,待主题范围审阅,True,False,270,415258,0.0006510103295243412,443,336992,0.0013150793791995067,563,294811,0.001909774588983295,585,259802,0.002251472782366604,626,242777,0.0025779028667596605,270,443,0.49503500687586893,3,1591,530.3333333333334,0.0018254422501831353,0.35663156665680845,0.2525348561106338,-0.5381074942947626,0,4,3,1276,0.001291954765902381,12,3,1.0,469,1361,747.0,0.6283422459893048,0.4573316080690785,0.001784482903611013,0.36481735308698165,0.320696449096102,1.0,1.0,52.73,11.24,False,False,近期份额下降,2026Q2,False,current_share,282,False,False,multiyear | recent_growth | quarters | trend | peak | lower95 | qvalue,440,False,full-corpus numeric candidates; new taxonomy scope review pending
F0372,Aluminium / Metallurgy / Anodizing,待主题范围审阅,全量NMF关键词主题,待主题范围审阅,True,False,519,415258,0.0012502767696410178,541,336992,0.0016056718914014268,367,294811,0.0012455051667282359,326,259802,0.001255518127143802,303,242777,0.001248832434256276,519,541,0.7786626746948775,3,1234,411.3333333333333,0.0013688983950911548,0.9133451935691415,0.7786626746948775,0.0019118692450805774,1,4,3,1427,0.0013671512759235599,12,3,1.0,799,1741,653.0,1.2232415902140672,0.4304172985544295,0.0013841936189178735,0.9032528054987362,0.8152545762895933,0.9745052860116241,1.0,57.68,37.400000000000006,False,False,近期份额下降,2026Q2,False,current_share,248,False,False,multiyear | recent_growth | quarters | peak | lower95 | qvalue,318,False,full-corpus numeric candidates; new taxonomy scope review pending
F0373,Thin film / Annealing (glass) / Sputtering,待主题范围审阅,全量NMF关键词主题,待主题范围审阅,True,False,695,415258,0.0016738546550246927,513,336992,0.0015226454593437353,528,294811,0.0017911550492948915,542,259802,0.0020861212372910035,527,242777,0.0021705407218128026,695,513,1.0993068969227604,3,1583,527.6666666666666,0.001799973915309877,0.9299327289065341,0.771169431747272,-0.03386577367151222,2,4,3,1736,0.0016625517212211065,12,3,1.0,1153,2098,881.3333333333334,1.3078957310162447,0.3555404740878641,0.001775512835606685,0.942744327980453,0.8623273905660609,0.9030023552356471,1.0,60.14999999999999,46.239999999999995,False,False,历史峰值以下的恢复或波动,2026Q2,True,,233,False,False,multiyear | recent_growth | quarters | trend | peak | lower95 | qvalue,275,False,full-corpus numeric candidates; new taxonomy scope review pending
F0374,Surface (topology) / Geometry / Morphology (biology),待主题范围审阅,全量NMF关键词主题,待主题范围审阅,True,False,568,415258,0.0013682047036398819,449,336992,0.0013328707574975834,237,294811,0.0008049183050284518,134,259802,0.0005172042514574009,130,242777,0.0005369773728844943,568,449,1.0265096566516596,3,820,273.3333333333333,0.0008849977713278121,1.5459979086581057,1.0265096566516596,0.26525696815983224,2,4,3,1254,0.0011686645887219722,10,3,0.8333333333333334,890,1608,468.6666666666667,1.8970901348474094,0.37555083409812867,0.0009199925996938964,1.4871909883787287,1.336338899290764,1.2123352047999064e-13,5.364315065486312e-13,48.04,72.87,False,False,平稳或增长证据不足,2026Q2,True,,320,False,False,recent_growth | quarters | peak,133,False,full-corpus numeric candidates; new taxonomy scope review pending
F0375,Nucleation / Deformation (meteorology) / Dislocation,待主题范围审阅,全量NMF关键词主题,待主题范围审阅,True,False,788,415258,0.0018976770603694754,269,336992,0.0007991294085552807,358,294811,0.0012150029993797892,428,259802,0.0016477473736022025,358,242777,0.0014751447370045304,788,269,2.3746805461711418,3,1055,351.6666666666667,0.0012206265938457573,1.5546745171187648,1.151679614709925,0.22294199648359392,4,4,3,1415,0.0013039364894348482,12,3,1.0,1104,1528,558.6666666666666,1.9743895175699822,0.46541257265410957,0.0011834883473210332,1.603460705519487,1.4621466991389596,1.988003068382391e-24,1.3078967555147309e-23,59.07,88.53,False,False,多年背景上持续抬升,2026Q2,True,,238,False,True,,56,False,full-corpus numeric candidates; new taxonomy scope review pending
F0376,Aquifer / Groundwater / Hydrology (agriculture),待主题范围审阅,全量NMF关键词主题,待主题范围审阅,True,False,633,415258,0.0015246397181281708,382,336992,0.001134200366502393,282,294811,0.0009574291417706847,237,259802,0.0009132788826850015,233,242777,0.0009607985943948615,633,382,1.3442419550875309,3,901,300.3333333333333,0.0010016361303193597,1.5221492835347878,1.3442419550875309,0.23263084788923383,4,4,3,1297,0.0012054230754670828,12,3,1.0,884,1337,435.3333333333333,2.028265851795264,0.4210349300744845,0.001010814538237718,1.508327848930893,1.3625903079146666,6.900897948221943e-16,3.4853019940514864e-15,52.16,81.99,False,False,多年背景上持续抬升,2026Q2,True,,287,False,True,,87,False,full-corpus numeric candidates; new taxonomy scope review pending
F0377,Supercapacitor / Capacitance / Electrode,待主题范围审阅,全量NMF关键词主题,待主题范围审阅,True,False,4650,415258,0.011192323613504434,3776,336992,0.011198190023781142,3986,294811,0.01351076557050915,3901,259802,0.015002768677033824,3643,242777,0.014992161364786628,4650,3776,0.9994761287079206,3,11663,3887.6666666666665,0.013237241423774707,0.8455178277101221,0.746017208852763,-0.09412933282812919,2,4,3,12412,0.01196709306926491,12,3,1.0,3220,4779,2554.6666666666665,1.2603365071083867,0.6155830220992535,0.013077798521060037,0.8558262765312297,0.8272242131704929,1.0,1.0,99.22999999999999,39.51,False,False,近期份额下降,2026Q2,True,,1,False,False,multiyear | recent_growth | quarters | trend | peak | lower95 | qvalue,309,False,full-corpus numeric candidates; new taxonomy scope review pending
F0378,Nuclear engineering / Nuclear physics / Fusion power,待主题范围审阅,全量NMF关键词主题,待主题范围审阅,True,False,117,415258,0.0002827863723442148,660,336992,0.0019585342276466156,522,294811,0.0017708202710625938,388,259802,0.0014939319828342025,345,242777,0.0014216527381731249,117,660,0.1443867400183311,3,1570,523.3333333333334,0.0017410954938478038,0.16241864581434284,0.1443867400183311,-0.9172532018254915,0,1,3,1299,0.0013373802903511413,9,2,0.75,243,1242,606.0,0.40197693574958815,0.34645668187363104,0.001760936475099652,0.16058862789369607,0.13313821672088502,1.0,1.0,41.13,2.73,False,False,近期份额下降,2026Q2,False,active_years | current_volume | current_share,365,False,False,multiyear | recent_growth | quarters | trend | peak | lower95 | qvalue,489,False,full-corpus numeric candidates; new taxonomy scope review pending
F0379,Control theory (sociology) / Controller (irrigation) / Control engineering,待主题范围审阅,全量NMF关键词主题,待主题范围审阅,True,False,2006,415258,0.004829028562626953,1165,336992,0.003455975234401409,1416,294811,0.004800702227674956,1483,259802,0.005704628305108209,1346,242777,0.0055405366481913534,2006,1165,1.3972983702423327,3,4064,1354.6666666666667,0.004653768589061524,1.0376597955423417,0.8465106408953584,0.0029415585200851524,3,4,3,4587,0.004361902008234439,12,3,1.0,1609,2555,1184.0,1.358649789029536,0.34730173491551014,0.0045573551754489235,1.0596120725111726,1.0044361744325558,0.01640368747433874,0.0392432714697099,80.04,58.89,False,False,历史峰值以下的恢复或波动,2026Q2,True,,91,False,False,multiyear | peak | lower95,206,False,full-corpus numeric candidates; new taxonomy scope review pending
F0380,Reliability (semiconductor) / Reliability engineering / Engineering,待主题范围审阅,全量NMF关键词主题,待主题范围审阅,True,False,833,415258,0.002005978224245983,903,336992,0.0026790850487187243,923,294811,0.0031298612829211586,798,259802,0.003070539738206205,813,242777,0.0033473646961037253,833,903,0.7487549621484935,3,2624,874.6666666666666,0.002959828689948696,0.6777345699290298,0.5992708910925981,-0.2224284254223381,0,4,3,2659,0.0026049748519619553,12,3,1.0,970,2324,1030.3333333333333,0.9414996767937945,0.3571008705761718,0.0029427429346698735,0.6816695405543537,0.630565594136353,1.0,1.0,71.36,21.859999999999996,False,False,近期份额下降,2026Q2,False,current_share,150,False,False,multiyear | recent_growth | quarters | trend | peak | lower95 | qvalue,389,False,full-corpus numeric candidates; new taxonomy scope review pending
F0381,Doping / Dopant / Optoelectronics,待主题范围审阅,全量NMF关键词主题,待主题范围审阅,True,False,703,415258,0.001693108195269405,1760,336992,0.005220286915627354,961,294811,0.003258648211725711,568,259802,0.0021861012412902033,527,242777,0.0021705407218128026,703,1760,0.3243324021522549,3,3289,1096.3333333333333,0.003555012122881089,0.47625947162657184,0.3243324021522549,-0.3273732209353106,0,4,3,3424,0.003390681107540823,12,3,1.0,1153,2929,1359.3333333333333,0.8483214898309238,0.5008318417265347,0.003688379837529643,0.45903845857789793,0.42314638695848,1.0,1.0,83.78000000000002,12.310000000000002,False,False,近期份额下降,2026Q2,False,current_share,66,False,False,multiyear | recent_growth | quarters | trend | peak | lower95 | qvalue,437,False,full-corpus numeric candidates; new taxonomy scope review pending
F0382,Graphite / Intercalation (chemistry) / Exfoliation joint,待主题范围审阅,全量NMF关键词主题,待主题范围审阅,True,False,930,415258,0.0022394273997131224,891,336992,0.0026435022921225708,935,294811,0.003170530839385754,792,259802,0.003047467429591005,759,242777,0.0031251671624963483,930,891,0.8471441111991619,3,2618,872.6666666666666,0.0029538335203664434,0.7581427268234487,0.7063256953359205,-0.17383941151403404,0,4,3,2756,0.0026844868437404822,12,3,1.0,1185,2315,1067.3333333333333,1.1101404056162247,0.5039851866328897,0.0029360153836666273,0.7627437554214805,0.7077692878511053,0.9999999999994863,1.0,80.46000000000001,26.97,False,False,近期份额下降,2026Q2,True,,85,False,False,multiyear | recent_growth | quarters | trend | peak | lower95 | qvalue,368,False,full-corpus numeric candidates; new taxonomy scope review pending
F0383,Radical / Mineralization (soil science) / Hydroxyl radical,待主题范围审阅,全量NMF关键词主题,待主题范围审阅,True,False,631,415258,0.0015198263330669928,343,336992,0.001018556407564894,449,294811,0.001523413802569638,495,259802,0.001905388153138603,392,242777,0.0016150468877943604,631,343,1.4921376192610736,3,1287,429.0,0.001482452787757712,1.0252106142049962,0.797646574302195,-0.001178832758679249,4,4,3,1423,0.0013539321810671749,12,3,1.0,1042,1673,656.0,1.5875190258751903,0.5853666724830433,0.0014436203194465467,1.052788127594146,0.9571653619767546,0.14509192041788305,0.3126981043488859,64.99000000000001,62.92,False,False,历史峰值以下的恢复或波动,2026Q2,True,,205,False,False,multiyear | trend | peak | lower95 | qvalue,190,False,full-corpus numeric candidates; new taxonomy scope review pending
F0384,State (computer science) / Estimation / State of charge,待主题范围审阅,全量NMF关键词主题,待主题范围审阅,True,False,1052,415258,0.0025330438884449877,1308,336992,0.003880003083838905,732,294811,0.0024825375091930145,379,259802,0.0014593235199114023,334,242777,0.001376390277623474,1052,1308,0.6528458441169007,3,2419,806.3333333333334,0.0026072880376477744,0.9715243777707937,0.6528458441169007,0.010070235634541902,1,4,3,3092,0.002965194827158969,12,3,1.0,1030,2304,828.6666666666666,1.2426677380474087,0.38517842137906433,0.002712884942058967,0.9337085584331906,0.868521295604786,0.9684598929260311,1.0,75.03,38.77,False,False,近期份额下降,2026Q2,False,current_share,124,False,False,multiyear | recent_growth | quarters | peak | lower95 | qvalue,315,False,full-corpus numeric candidates; new taxonomy scope review pending
F0385,Charge (physics) / Charge carrier / Chemical physics,待主题范围审阅,全量NMF关键词主题,待主题范围审阅,True,False,916,415258,0.0022057337042848753,948,336992,0.0028125203859543,525,294811,0.0017809876601787428,322,259802,0.001240136588067002,333,242777,0.0013722755084825966,916,948,0.7842551880869161,3,1795,598.3333333333334,0.0019445482114000153,1.134316799837436,0.7842551880869161,0.10694606178326183,1,4,3,2389,0.002266413916805973,12,3,1.0,1343,2311,888.3333333333334,1.5112443778110944,0.45660893217188253,0.0020132196377213784,1.0956249695544347,1.011825678591631,0.012112628917514287,0.02939958475124827,74.86,52.46000000000001,False,False,近期份额下降,2026Q2,False,current_share,127,False,False,multiyear | recent_growth | quarters | peak | lower95,245,False,full-corpus numeric candidates; new taxonomy scope review pending
F0386,Heterojunction / Optoelectronics / van der Waals force,待主题范围审阅,全量NMF关键词主题,待主题范围审阅,True,False,3295,415258,0.007931255234556255,2906,336992,0.008618440170560014,2607,294811,0.008837155706786054,2158,259802,0.008300263024318213,1870,242777,0.007696675678011085,3295,2906,0.9202657415490177,3,7671,2557.0,0.008585286300554761,0.9238195392556396,0.8974895880204805,-0.05407687988919152,0,4,3,8808,0.008462283703967441,12,3,1.0,2514,3933,1936.6666666666667,1.2979528642697402,0.6030685239197474,0.008601734586900337,0.9220530062197965,0.8851704724234665,0.9999523590521553,1.0,98.25,36.6,False,False,近期份额下降,2026Q2,True,,3,False,False,multiyear | recent_growth | quarters | trend | peak | lower95 | qvalue,324,False,full-corpus numeric candidates; new taxonomy scope review pending
F0387,Cellulose / Lignin / Hemicellulose,待主题范围审阅,全量NMF关键词主题,待主题范围审阅,True,False,590,415258,0.001421151939312841,580,336992,0.0017213158503389257,534,294811,0.0018114898275271892,536,259802,0.0020630489286758034,493,242777,0.002030638571022973,590,580,0.8256195044233268,3,1650,550.0,0.001865284868847306,0.7618953882315431,0.6888600263228014,-0.1213409241119563,0,4,3,1704,0.0016513192057263188,12,3,1.0,928,1848,796.3333333333334,1.165133779264214,0.5676158926214364,0.0018506371551429324,0.7679257575497449,0.6990399535728531,0.999999984019551,1.0,68.98,27.73,False,False,近期份额下降,2026Q2,True,,172,False,False,multiyear | recent_growth | quarters | trend | peak | lower95 | qvalue,366,False,full-corpus numeric candidates; new taxonomy scope review pending
F0388,Power station / Thermal power station / Combined cycle,待主题范围审阅,全量NMF关键词主题,待主题范围审阅,True,False,410,415258,0.00098794728380681,293,336992,0.0008702949217475877,207,294811,0.0007032444138669631,290,259802,0.0011170842754526019,295,242777,0.0012159142811292573,410,293,1.1351867730343312,3,790,263.3333333333333,0.0008968745370223842,1.101544578449943,0.8125139239990443,0.16996241791275013,3,4,3,910,0.0008538288731404535,12,3,1.0,507,925,327.6666666666667,1.5456389452332657,0.2875965646935686,0.0008863548446776662,1.1146182476907305,0.9893298265005808,0.037529979002554364,0.08768686682839805,33.58,65.58,False,False,历史峰值以下的恢复或波动,2026Q2,True,,406,False,False,multiyear | recent_growth | peak | lower95 | qvalue,178,False,full-corpus numeric candidates; new taxonomy scope review pending
F0389,Limiting / Current limiting / Fault current limiter,待主题范围审阅,全量NMF关键词主题,待主题范围审阅,True,False,815,415258,0.00196265775869538,252,336992,0.0007487205033773967,209,294811,0.000710022673277729,214,259802,0.0008248350329934013,191,242777,0.0007879782904780127,815,252,2.6213490212195936,3,675,225.0,0.0007611927365495089,2.5783979069376293,2.3794548972692353,0.5083789646513233,4,4,3,1276,0.0011404669784501685,12,3,1.0,1074,1420,357.0,3.0027932960893855,0.37217931209877453,0.0007574101171154504,2.5912748118153486,2.340069133385357,6.421697695617236e-81,1.39602123817766e-79,50.55,97.22999999999999,False,False,多年背景上持续抬升,2026Q2,True,,296,False,True,,14,False,full-corpus numeric candidates; new taxonomy scope review pending
F0390,Magnetic field / Flux (metallurgy) / Magnetohydrodynamics,待主题范围审阅,全量NMF关键词主题,待主题范围审阅,True,False,449,415258,0.0010818082924997834,341,336992,0.0010126259481322017,293,294811,0.0009947095685298973,259,259802,0.0009978773476074015,262,242777,0.0010801268994803047,449,341,1.0683197428381024,3,893,297.6666666666667,0.001001737621423167,1.0799317799034642,1.0015566624813137,0.04196923062364677,3,4,3,1083,0.0010297146030539609,12,3,1.0,612,1160,457.3333333333333,1.3374545454545455,0.2726406770058132,0.00100184447023339,1.0798166029181804,0.9641113744984713,0.09269436338062131,0.2069070611174583,38.330000000000005,56.68,False,False,平稳或增长证据不足,2026Q2,True,,384,False,False,multiyear | recent_growth | peak | lower95 | qvalue,221,False,full-corpus numeric candidates; new taxonomy scope review pending
F0391,Self-healing hydrogels / Chitosan / Polymer chemistry,待主题范围审阅,全量NMF关键词主题,待主题范围审阅,True,False,460,415258,0.001108281910336263,412,336992,0.0012231572579927768,315,294811,0.0010692704220483223,245,259802,0.0009440419608386016,186,242777,0.000767404444773626,460,412,0.9060829284984775,3,972,324.0,0.0010788232136265668,1.0273063244631788,0.9060829284984775,0.017917210158931773,1,4,3,1187,0.0011335698634591207,12,3,1.0,664,1286,515.0,1.2887596899224807,0.6543108559032011,0.0010904238917761296,1.0163771343372214,0.9097122595495005,0.3886756388422423,0.7867927911786282,58.529999999999994,45.29,False,False,近期份额下降,2026Q2,True,,244,False,False,multiyear | recent_growth | quarters | peak | lower95 | qvalue,281,False,full-corpus numeric candidates; new taxonomy scope review pending
F0392,Metal / Transition metal / Lithium metal,待主题范围审阅,全量NMF关键词主题,待主题范围审阅,True,False,512,415258,0.0012334299219268943,752,336992,0.0022313353615504594,456,294811,0.0015471377105073189,357,259802,0.001374725054989002,298,242777,0.0012282585885518894,512,752,0.5527765763860062,3,1565,521.6666666666666,0.0017177327090155934,0.7180569569719344,0.5527765763860062,-0.11330387120934526,1,4,3,1720,0.0016706343313282242,12,3,1.0,870,1889,774.0,1.1238709677419354,0.5113448920430663,0.0017553301825969467,0.7026768719387483,0.6359683987014397,0.9999999999985124,1.0,66.82000000000001,25.540000000000003,False,False,近期份额下降,2026Q2,False,current_share,190,False,False,multiyear | recent_growth | quarters | trend | peak | lower95 | qvalue,376,False,full-corpus numeric candidates; new taxonomy scope review pending
F0393,Surface modification / Biocompatibility / Drug delivery,待主题范围审阅,全量NMF关键词主题,待主题范围审阅,True,False,705,415258,0.0016979215803305833,584,336992,0.0017331767692043102,475,294811,0.0016115311749095949,456,259802,0.0017554181471398029,382,242777,0.0015738991963855867,705,584,0.9796586306139378,3,1515,505.0,0.0017000420304179025,0.9987527072570095,0.9672462274000632,0.026110067955596783,2,4,3,1764,0.0016808765081481629,12,3,1.0,1196,2169,862.0,1.3870220162224798,0.5315164054443391,0.0016992672575698964,0.9992080838177053,0.9138182535967053,0.5074413901961912,0.9910964652269358,70.97,49.74,False,False,近期份额下降,2026Q2,True,,156,False,False,multiyear | recent_growth | quarters | peak | lower95 | qvalue,258,False,full-corpus numeric candidates; new taxonomy scope review pending
F0394,Photochemistry / Electron transfer / Conjugated system,待主题范围审阅,全量NMF关键词主题,待主题范围审阅,True,False,176,415258,0.0004247812316489695,531,336992,0.0015760195942379656,609,294811,0.002065674555430911,632,259802,0.002432205866519004,615,242777,0.0025326404062100097,176,531,0.26952788734480104,3,1772,590.6666666666666,0.0020246333387292934,0.20980649855127448,0.16772267812177757,-0.7908189129721022,0,3,3,1316,0.001355491793772615,11,3,0.9166666666666666,357,1479,850.3333333333334,0.4205168363351605,0.5585964040034975,0.0019874306922089352,0.21373385915503057,0.18309943823011027,1.0,1.0,57.82000000000001,5.96,False,False,近期份额下降,2026Q2,False,current_volume | current_share,247,False,False,multiyear | recent_growth | quarters | trend | peak | lower95 | qvalue,466,False,full-corpus numeric candidates; new taxonomy scope review pending
F0395,Art / Humanities / Gynecology,待主题范围审阅,全量NMF关键词主题,待主题范围审阅,True,False,28,415258,6.859073712178827e-05,228,336992,0.0006775549901850897,229,294811,0.0007778052673853881,257,259802,0.0009901865780690016,208,242777,0.0008579293658729277,28,228,0.1012327237130246,3,714,238.0,0.0008151822785464931,0.08414159498669262,0.06927051794172925,-1.2141593478111123,0,1,3,485,0.000507983664897422,9,2,0.75,21,359,193.66666666666666,0.113013698630137,0.05478861606322245,0.0008011391986365497,0.08561650364695937,0.05887907379543346,1.0,1.0,14.64,0.47000000000000003,False,False,近期份额下降,2026Q2,False,annual_volume | active_years | current_volume | current_share,482,False,False,volume | multiyear | recent_growth | quarters | trend | peak | lower95 | qvalue,499,False,full-corpus numeric candidates; new taxonomy scope review pending
F0396,Scope (computer science) / Risk analysis (engineering) / Environmental economics,待主题范围审阅,全量NMF关键词主题,待主题范围审阅,True,False,595,415258,0.0014331854019657864,186,336992,0.0005530153420985524,254,294811,0.000862533510019962,242,259802,0.0009325058065310015,244,242777,0.0010060610549445124,595,186,2.5915834387653924,3,682,227.33333333333334,0.0007826848862165053,1.831114190659535,1.4245511193600784,0.25389039970427385,4,4,3,1035,0.0009495780846947669,12,3,1.0,712,1267,398.3333333333333,1.785475792988314,0.33627791522877143,0.0007652589266192374,1.8728110866962586,1.6778824659680593,2.668411766442668e-30,2.1177871162243396e-29,42.449999999999996,91.27000000000001,False,False,多年背景上持续抬升,2026Q2,True,,355,False,True,,41,False,full-corpus numeric candidates; new taxonomy scope review pending
F0397,Bismuth / Tellurium / Bismuth telluride,待主题范围审阅,全量NMF关键词主题,待主题范围审阅,True,False,609,415258,0.0014668790973940333,716,336992,0.002124587091761999,560,294811,0.001899607199867146,469,259802,0.001805408149139403,486,242777,0.0020018351870368313,609,716,0.6904302031589094,3,1745,581.6666666666666,0.0019432008135895158,0.7548777702930186,0.6904302031589094,-0.12925502349355922,0,4,3,1885,0.0018303577963410594,12,3,1.0,1034,2032,889.6666666666666,1.1620508982035929,0.5437884236097076,0.0019571567126943283,0.7494949627077373,0.6834707921661269,0.9999999996319655,1.0,70.89,25.52,False,False,近期份额下降,2026Q2,False,current_share,157,False,False,multiyear | recent_growth | quarters | trend | peak | lower95 | qvalue,377,False,full-corpus numeric candidates; new taxonomy scope review pending
F0398,Transient (computer programming) / Transient response / Transient analysis,待主题范围审阅,全量NMF关键词主题,待主题范围审阅,True,False,1582,415258,0.003808590929657191,894,336992,0.002652397981271609,651,294811,0.002208018003056995,577,259802,0.0022207097042130034,635,242777,0.0026149357890275565,1582,894,1.4359047761872,3,2122,707.3333333333334,0.0023603752295138693,1.6135531681721589,1.4359047761872,0.2725820020286007,4,4,3,3127,0.0028896689713285985,12,3,1.0,1354,2200,767.3333333333334,1.7635574837310195,0.32338088306812357,0.002379871167398288,1.6003349180539053,1.499477788186661,8.901004249039057e-47,1.01147775557262e-45,71.95000000000002,83.78999999999999,False,False,多年背景上持续抬升,2026Q2,True,,145,False,True,,81,False,full-corpus numeric candidates; new taxonomy scope review pending
F0399,Climate change / Global warming / Natural resource economics,待主题范围审阅,全量NMF关键词主题,待主题范围审阅,True,False,1845,415258,0.004441551065202114,1679,336992,0.004980103308603318,1332,294811,0.004516015332422787,858,259802,0.003301262824358205,827,242777,0.003404971464076008,1845,1679,0.891859222584633,3,3869,1289.6666666666667,0.004265793821794771,1.0412015326454283,0.891859222584633,-0.00831319348308801,2,4,3,4856,0.004645889902076073,12,3,1.0,2204,4019,1589.6666666666667,1.386211232187762,0.3302043560138367,0.004338709767843427,1.023703198153723,0.9684866542002709,0.201516552580211,0.425140406287365,81.70000000000002,47.949999999999996,False,False,近期份额下降,2026Q2,True,,79,False,False,multiyear | recent_growth | quarters | trend | peak | lower95 | qvalue,268,False,full-corpus numeric candidates; new taxonomy scope review pending
F0400,Thyristor / Insulated-gate bipolar transistor / Integrated gate-commutated thyristor,待主题范围审阅,全量NMF关键词主题,待主题范围审阅,True,False,282,415258,0.00067989063989141,239,336992,0.000710172517064897,232,294811,0.000787972656501537,272,259802,0.0010478673496070016,221,242777,0.0009114213647043333,282,239,0.9573598295543169,3,743,247.66666666666666,0.0008486708410578118,0.8011240719004455,0.6488327364588659,-0.073765713918573,1,4,3,753,0.0007260119378192813,12,3,1.0,291,584,249.0,1.168,0.3413317548287648,0.0008336556951522389,0.8155532839816455,0.7111472727788167,0.9983184954846291,1.0,30.45,34.75,False,False,近期份额下降,2026Q2,True,,426,False,False,multiyear | recent_growth | quarters | trend | peak | lower95 | qvalue,332,False,full-corpus numeric candidates; new taxonomy scope review pending
F0401,Measure (data warehouse) / Instrumentation (computer programming) / Data mining,待主题范围审阅,全量NMF关键词主题,待主题范围审阅,True,False,647,415258,0.0015583334135564177,204,336992,0.0006063894769927827,110,294811,0.0003744988324448165,105,259802,0.00040568809315060065,113,242777,0.00046702629748957935,647,204,2.5698556335187943,3,419,139.66666666666666,0.0004621921341960666,3.3716138771313595,2.5698556335187943,0.7128917596098279,4,4,3,961,0.0008464072409980057,8,2,0.6666666666666666,639,885,158.0,4.0251572327044025,0.13260050472663218,0.0004703679409769525,3.3130094077410224,2.930032156181043,8.326370454657371e-92,2.1911501196466764e-90,27.529999999999998,98.28,False,False,多年背景上持续抬升,2026Q2,False,active_years | persistence,446,False,True,,8,False,full-corpus numeric candidates; new taxonomy scope review pending
F0402,Partial discharge / High voltage / Voltage,待主题范围审阅,全量NMF关键词主题,待主题范围审阅,True,False,412,415258,0.0009927606688679882,287,336992,0.000852503543449511,281,294811,0.0009540400120653017,310,259802,0.001193991970836602,279,242777,0.0011500779748752196,412,287,1.1645238034447933,3,878,292.6666666666667,0.001000178508783805,0.9925834839974349,0.8314634378758713,0.01989200239938027,3,4,3,980,0.0009331014081276003,12,3,1.0,378,723,313.0,1.2070063694267517,0.40985947669356565,0.000985025592725275,1.0078526651488442,0.896582770265698,0.4500030677064409,0.8985352775171707,41.17,53.66000000000001,False,False,历史峰值以下的恢复或波动,2026Q2,True,,363,False,False,multiyear | peak | lower95 | qvalue,235,False,full-corpus numeric candidates; new taxonomy scope review pending
F0403,Coke / Zeolite / Coal,待主题范围审阅,全量NMF关键词主题,待主题范围审阅,True,False,501,415258,0.0012069563040904147,269,336992,0.0007991294085552807,334,294811,0.0011336638864505983,332,259802,0.001278590435759002,323,242777,0.001331127817073823,501,269,1.5103389903675681,3,935,311.6666666666667,0.0010704612435882936,1.1275105113049921,0.906717062485877,0.03132348721873823,4,4,3,1104,0.0010465831996987645,12,3,1.0,664,1117,418.0,1.5871121718377088,0.4178010589489914,0.0010489373272561122,1.1506467285778266,1.0323624311575923,0.005616897889604213,0.014042244724010533,46.620000000000005,68.25,False,False,历史峰值以下的恢复或波动,2026Q2,True,,331,False,False,multiyear | peak | lower95,159,False,full-corpus numeric candidates; new taxonomy scope review pending
F0404,Mineralogy / Carbonate / Geochemistry,待主题范围审阅,全量NMF关键词主题,待主题范围审阅,True,False,247,415258,0.0005956564013207929,288,336992,0.0008554687731658571,268,294811,0.0009099813258953233,253,259802,0.0009748050389922015,258,242777,0.0010636678229167952,247,288,0.6962923954739232,3,809,269.6666666666667,0.0009134183793511274,0.652117818938496,0.560002275604597,-0.21188004266820215,1,4,3,803,0.0007870355001273246,12,3,1.0,496,1169,498.6666666666667,0.9946631087391594,0.46301150815947584,0.0009076587561879454,0.6562558861024778,0.5691748328117128,0.9999999976090747,1.0,42.21,23.91,False,False,近期份额下降,2026Q2,False,current_volume | current_share,358,False,False,multiyear | recent_growth | quarters | trend | peak | lower95 | qvalue,380,False,full-corpus numeric candidates; new taxonomy scope review pending
F0405,Carbon fibers / Carbon nanotube / Chemical engineering,待主题范围审阅,全量NMF关键词主题,待主题范围审阅,True,False,1310,415258,0.003153970561336966,1366,336992,0.0040519864073869805,736,294811,0.0024960940280145463,446,259802,0.0017169642994478028,420,242777,0.001730260423738926,1310,1366,0.7783763922769126,3,2548,849.3333333333334,0.0027550149116164434,1.1448107043044802,0.7783763922769126,0.11696751673227324,2,4,3,3412,0.0032340169989128306,12,3,1.0,1656,3063,1123.6666666666667,1.473325429756965,0.4568382124975952,0.002857527288628757,1.1037411869653442,1.0326013417798596,0.0017909392736701335,0.004788607683609982,83.24000000000001,55.22,False,False,近期份额下降,2026Q2,False,current_share,70,False,False,multiyear | recent_growth | quarters | peak | lower95,228,False,full-corpus numeric candidates; new taxonomy scope review pending
F0406,Carbonization / Pulp and paper industry / Briquette,待主题范围审阅,全量NMF关键词主题,待主题范围审阅,True,False,713,415258,0.0017171751205752959,543,336992,0.001611602350834119,636,294811,0.0021571810574762505,690,259802,0.0026552381831326044,609,242777,0.0025079517913647455,713,543,1.0655079521859319,3,1869,623.0,0.0021413405304809914,0.8019159475721412,0.6467122729266428,-0.11406086723840003,2,4,3,1892,0.0018286528429618885,12,3,1.0,1074,1974,884.3333333333334,1.2142319277108433,0.49502116716337585,0.002096192766761413,0.8191875994440656,0.7514940010697663,0.9999972597907076,1.0,68.91000000000001,38.92,False,False,历史峰值以下的恢复或波动,2026Q2,True,,174,False,False,multiyear | recent_growth | quarters | trend | peak | lower95 | qvalue,314,False,full-corpus numeric candidates; new taxonomy scope review pending
F0407,Instability / Magnetohydrodynamics / Two-stream instability,待主题范围审阅,全量NMF关键词主题,待主题范围审阅,True,False,629,415258,0.0015150129480058145,264,336992,0.0007843032599735501,213,294811,0.0007235791920992608,200,259802,0.0007709996462246013,275,242777,0.0011336188983117103,629,264,1.93166728397496,3,677,225.66666666666666,0.0007596273660991374,1.9944159671152413,1.3364393891651871,0.3694846337097464,4,4,3,1106,0.0010076318000262084,12,3,1.0,662,1057,350.3333333333333,1.8870967741935485,0.31247917750657467,0.0007596526341165324,1.9943496276660158,1.7892832048928518,2.1319369721885505e-37,2.1319369721885507e-36,40.349999999999994,91.78,False,False,多年背景上持续抬升,2026Q2,True,,370,False,True,,37,False,full-corpus numeric candidates; new taxonomy scope review pending
F0408,Quantum dot / Nanocrystal / Colloid,待主题范围审阅,全量NMF关键词主题,待主题范围审阅,True,False,1224,415258,0.0029469950037063065,1233,336992,0.0036576108551129457,1000,294811,0.003390824270235646,853,259802,0.003282035900512205,857,242777,0.0035284145383023286,1224,1233,0.8057158403242174,3,3086,1028.6666666666667,0.003443490341953599,0.8558162535848394,0.8057158403242174,-0.07014351551389764,0,4,3,3457,0.0033318100430182996,12,3,1.0,1639,2748,1275.6666666666667,1.2845953002610966,0.5447762656986387,0.0034607643619198186,0.851544542047785,0.797000803445541,0.9999990707030807,1.0,87.28,31.8,False,False,近期份额下降,2026Q2,True,,50,False,False,multiyear | recent_growth | quarters | trend | peak | lower95 | qvalue,348,False,full-corpus numeric candidates; new taxonomy scope review pending
F0409,Current (fluid) / Electrical engineering / Current density,待主题范围审阅,全量NMF关键词主题,待主题范围审阅,True,False,1133,415258,0.002727985983422702,1406,336992,0.004170595596040825,818,294811,0.0027740026638559483,439,259802,0.0016900466060634028,405,242777,0.0016685388866257659,1133,1406,0.6540998571073152,3,2663,887.6666666666666,0.002878214955320059,0.9478048115830696,0.6540998571073152,-0.008363840129917754,0,4,3,3357,0.0032241947477731586,12,3,1.0,1314,2684,1000.6666666666666,1.3128119800332778,0.3661235385570941,0.0029864720161909726,0.9134476963564685,0.852111514046207,0.9946895569093025,1.0,76.59,35.11,False,False,近期份额下降,2026Q2,False,current_share,112,False,False,multiyear | recent_growth | quarters | trend | peak | lower95 | qvalue,329,False,full-corpus numeric candidates; new taxonomy scope review pending
F0410,Mode (computer interface) / Decomposition / Sliding mode control,待主题范围审阅,全量NMF关键词主题,待主题范围审阅,True,False,631,415258,0.0015198263330669928,674,336992,0.0020000474436754614,424,294811,0.0014386855599350643,243,259802,0.0009363511913002015,247,242777,0.0010184053623671443,631,674,0.7598951404242829,3,1341,447.0,0.0014583613983035757,1.042146572745902,0.7598951404242829,0.02743309132145688,0,4,3,1729,0.0016528531122258397,12,3,1.0,746,1614,574.3333333333334,1.29837775202781,0.3436272443427036,0.0015041682784757613,1.0104097758311315,0.9192176312672545,0.415798047840754,0.8383025158079718,56.15,41.300000000000004,False,False,近期份额下降,2026Q2,False,current_share,257,False,False,multiyear | recent_growth | quarters | peak | lower95 | qvalue,297,False,full-corpus numeric candidates; new taxonomy scope review pending
F0411,Supercritical fluid / Supercritical carbon dioxide / Supercritical water oxidation,待主题范围审阅,全量NMF关键词主题,待主题范围审阅,True,False,999,415258,0.0024054891843237674,888,336992,0.0026346066029735325,650,294811,0.002204628873351612,580,259802,0.0022322458585206035,526,242777,0.0021664259526719253,999,888,0.9130354344397478,3,2118,706.0,0.002357160444948583,1.0205029485704944,0.9130354344397478,0.043597051295832134,0,4,3,2537,0.002414908220216304,12,3,1.0,1037,1757,686.0,1.5109170305676856,0.44804337981575576,0.0023753861333961237,1.0126729084187271,0.9393013209473365,0.3707026445788255,0.7565360093445419,73.26,45.839999999999996,False,False,近期份额下降,2026Q2,True,,137,False,False,multiyear | recent_growth | quarters | peak | lower95 | qvalue,279,False,full-corpus numeric candidates; new taxonomy scope review pending
F0412,Hematite / Magnetite / Goethite,待主题范围审阅,全量NMF关键词主题,待主题范围审阅,True,False,360,415258,0.0008676126572773569,301,336992,0.0008940167594783568,317,294811,0.0010760486814590882,355,259802,0.0013670342854506022,337,242777,0.001388734585046106,360,301,0.9704657637331024,3,973,324.3333333333333,0.0011123665754626825,0.7799700893713732,0.6247505222522792,-0.10765280750198647,2,4,3,978,0.000945892699404934,12,3,1.0,698,1343,590.3333333333334,1.1820744081172492,0.47331401638839804,0.0010915451502766706,0.7948481627694886,0.7043746351829522,0.9999083820832496,1.0,48.94,36.449999999999996,False,False,近期份额下降,2026Q2,True,,312,False,False,multiyear | recent_growth | quarters | trend | peak | lower95 | qvalue,325,False,full-corpus numeric candidates; new taxonomy scope review pending
F0413,Methanol / Direct methanol fuel cell / Methanol fuel,待主题范围审阅,全量NMF关键词主题,待主题范围审阅,True,False,994,415258,0.002393455721670822,657,336992,0.0019496385384975773,686,294811,0.0023266375427453984,721,259802,0.0027744451109778046,590,242777,0.002429771177688076,994,657,1.227640752072565,3,2064,688.0,0.0023502403974069268,1.0183876186927838,0.8626790676811373,0.014157059844885467,4,4,3,2337,0.002223243934304599,12,3,1.0,1266,2030,879.0,1.4397727272727272,0.52653922077794,0.0023148381743669094,1.0339624377092425,0.9586240901408373,0.1927764464140811,0.408424674606104,77.32000000000001,59.38,False,False,历史峰值以下的恢复或波动,2026Q2,True,,106,False,False,multiyear | peak | lower95 | qvalue,204,False,full-corpus numeric candidates; new taxonomy scope review pending
F0414,Distillation / Membrane distillation / Chromatography,待主题范围审阅,全量NMF关键词主题,待主题范围审阅,True,False,507,415258,0.001221396459273949,455,336992,0.0013506621357956602,411,294811,0.0013946268737650858,311,259802,0.001197837355605802,320,242777,0.001318783509651191,507,455,0.9042945877463558,3,1177,392.3333333333333,0.001314375455055516,0.9292599421086726,0.8757872677274136,-0.06631603129870589,1,4,3,1373,0.001322228489611565,12,3,1.0,704,1303,516.0,1.3636363636363635,0.46838292778640933,0.001320281884387036,0.9251027933637094,0.833661290761573,0.9293973695735576,1.0,55.790000000000006,39.25,False,False,近期份额下降,2026Q2,True,,261,False,False,multiyear | recent_growth | quarters | trend | peak | lower95 | qvalue,311,False,full-corpus numeric candidates; new taxonomy scope review pending
F0415,Artificial intelligence / Machine learning / Data mining,待主题范围审阅,全量NMF关键词主题,待主题范围审阅,True,False,844,415258,0.002032451842082463,1668,336992,0.00494748578172351,1797,294811,0.006091960645425861,1527,259802,0.005873825234953009,1243,242777,0.005116715426680986,844,1668,0.41080498898865686,3,4992,1664.0,0.005637757220700794,0.36050715958815654,0.3336285246045584,-0.5488635533717887,0,4,3,4309,0.0043572994230772774,12,3,1.0,1065,3391,1811.0,0.5883002207505519,0.4871975587100227,0.005597883063950979,0.36307508014430745,0.33753932529759373,1.0,1.0,86.77,10.5,False,False,近期份额下降,2026Q2,False,current_share,53,False,False,multiyear | recent_growth | quarters | trend | peak | lower95 | qvalue,444,False,full-corpus numeric candidates; new taxonomy scope review pending
F0416,Chemistry / Organic chemistry / Nuclear chemistry,待主题范围审阅,全量NMF关键词主题,待主题范围审阅,True,False,159,415258,0.00038386745862895537,924,336992,0.002741354872761993,583,294811,0.001977557183090954,502,259802,0.001932305846523003,417,242777,0.0017179161163162942,159,924,0.1400283715337438,3,2009,669.6666666666666,0.0022170726341253165,0.17314157990155313,0.1400283715337438,-0.8196601414489706,0,1,3,1666,0.0017009265048273008,9,3,0.75,330,1963,921.3333333333334,0.35887242500903505,0.37166406544207564,0.002253168956837154,0.17036780906470614,0.1449985691701696,1.0,1.0,52.34000000000001,3.17,False,False,近期份额下降,2026Q2,False,current_volume | current_share,285,False,False,multiyear | recent_growth | quarters | trend | peak | lower95 | qvalue,485,False,full-corpus numeric candidates; new taxonomy scope review pending
F0417,European union / International trade / International economics,待主题范围审阅,全量NMF关键词主题,待主题范围审阅,True,False,490,415258,0.001180482686253935,388,336992,0.0011519917448004698,429,294811,0.001455631208461979,459,259802,0.001766954301447403,394,242777,0.001623276426076115,490,388,1.0247318972397672,3,1276,425.3333333333333,0.001458192418236617,0.8095520669909156,0.6680889739406056,-0.10475810790756102,2,4,3,1307,0.0012627018798387947,12,3,1.0,492,1145,496.6666666666667,0.9906229068988613,0.30861482663247725,0.0014312864759405957,0.8247703769283222,0.7432129069599301,0.9998630321385695,1.0,44.05,36.89,False,False,历史峰值以下的恢复或波动,2026Q2,True,,349,False,False,multiyear | recent_growth | quarters | trend | peak | lower95 | qvalue,322,False,full-corpus numeric candidates; new taxonomy scope review pending
F0418,Process engineering / Exergy / Exergy efficiency,待主题范围审阅,全量NMF关键词主题,待主题范围审阅,True,False,637,415258,0.001534266488250527,812,336992,0.002409249144531227,1120,294811,0.0037975198348816006,1188,259802,0.004570239798194207,1050,242777,0.004322564982491658,637,812,0.6368235064991806,3,3120,1040.0,0.003592336259202345,0.4270943412717163,0.33570809322888184,-0.4531478848023154,0,4,3,2569,0.002580345155887785,12,3,1.0,836,2136,1158.0,0.722174288179465,0.514312501585927,0.003498887150938213,0.4385012782819016,0.4026927933770132,1.0,1.0,77.94000000000001,14.39,False,False,近期份额下降,2026Q2,False,current_share,102,False,False,multiyear | recent_growth | quarters | trend | peak | lower95 | qvalue,425,False,full-corpus numeric candidates; new taxonomy scope review pending
F0419,Diode / OLED / Optoelectronics,待主题范围审阅,全量NMF关键词主题,待主题范围审阅,True,False,707,415258,0.0017027349653917613,807,336992,0.0023944229959494963,949,294811,0.0032179786552611156,938,259802,0.0036088936058942056,990,242777,0.004075678834039016,707,807,0.7111253810509577,3,2694,898.0,0.003073765085701606,0.5539574163661571,0.4177794754510486,-0.31825882706558906,0,4,3,2463,0.002438378872200791,12,3,1.0,786,1558,799.3333333333334,0.9833402748854644,0.5480980220604668,0.003021231029707744,0.5635897912634883,0.5188051938487648,1.0,1.0,75.56,18.21,False,False,近期份额下降,2026Q2,False,current_share,119,False,False,multiyear | recent_growth | quarters | trend | peak | lower95 | qvalue,414,False,full-corpus numeric candidates; new taxonomy scope review pending
F0420,"PEDOT:PSS / Conductive polymer / Poly(3,4-ethylenedioxythiophene)",待主题范围审阅,全量NMF关键词主题,待主题范围审阅,True,False,114,415258,0.0002755662947524476,345,336992,0.0010244868669975864,443,294811,0.0015030790243373403,470,259802,0.001809253533908603,494,242777,0.00203475334016385,114,345,0.268979821635036,3,1258,419.3333333333333,0.0014456064750811768,0.1906233124315339,0.1354298279369122,-0.8482213660757845,0,1,3,902,0.0009343773953624582,9,2,0.75,266,1190,705.6666666666666,0.3778301886792453,0.5492145589192958,0.0014111038229308575,0.19528420961974108,0.1612789172622638,1.0,1.0,45.03,4.96,False,False,近期份额下降,2026Q2,False,active_years | current_volume | current_share,343,False,False,multiyear | recent_growth | quarters | trend | peak | lower95 | qvalue,475,False,full-corpus numeric candidates; new taxonomy scope review pending
F0421,Copper / Leaching (pedology) / Metallurgy,待主题范围审阅,全量NMF关键词主题,待主题范围审阅,True,False,1152,415258,0.0027737131415038942,1182,336992,0.0035063841395792934,983,294811,0.003333209065244136,797,259802,0.003066694353437005,684,242777,0.002816559476930547,1152,1182,0.7910465685133669,3,2962,987.3333333333334,0.003302095852753478,0.8399856531090738,0.7910465685133669,-0.09187430817726971,0,4,3,3317,0.003204435448775774,12,3,1.0,1419,2778,1213.6666666666667,1.1690450054884742,0.4732339570458811,0.003321728307852734,0.8350210747058078,0.7800926754647872,0.9999999035894823,1.0,83.05,29.79,False,False,近期份额下降,2026Q2,False,current_share,73,False,False,multiyear | recent_growth | quarters | trend | peak | lower95 | qvalue,358,False,full-corpus numeric candidates; new taxonomy scope review pending
F0422,Stability (learning theory) / Margin (machine learning) / Electronic stability control,待主题范围审阅,全量NMF关键词主题,待主题范围审阅,True,False,1663,415258,0.0040035330246349045,930,336992,0.0027591462510600695,516,294811,0.001750485492830296,337,259802,0.0012978173596050022,334,242777,0.001376390277623474,1663,930,1.451004281884927,3,1783,594.3333333333334,0.0019358163678317893,2.0681367774150297,1.451004281884927,0.4136420267513041,4,4,3,3109,0.002837721589508424,12,3,1.0,1476,2448,763.3333333333334,1.9324029655473178,0.32904713381256295,0.0019997645357148863,2.002002212327313,1.8726222895082807,1.7606196233806944e-96,5.178293009943219e-95,73.16,88.42999999999999,False,False,多年背景上持续抬升,2026Q2,True,,138,False,True,,58,False,full-corpus numeric candidates; new taxonomy scope review pending
F0423,Overheating (electricity) / Electrical engineering / Thermal comfort,待主题范围审阅,全量NMF关键词主题,待主题范围审阅,True,False,430,415258,0.0010360811344185912,97,336992,0.0002891098973437472,188,294811,0.0006388509494646869,202,259802,0.0007786904157630012,146,242777,0.000602813679138532,430,97,3.583693065985585,3,487,162.33333333333334,0.0005688837541904785,1.8212528074262457,1.3305430674954246,0.241764781791745,4,4,3,715,0.0006546806604090083,9,2,0.75,519,822,244.33333333333334,2.119565217391304,0.41040365981055604,0.000546613519013741,1.8954546464346516,1.665006995272585,3.970100034822155e-23,2.4506790338408367e-22,32.38999999999999,92.25999999999999,False,False,多年背景上持续抬升,2026Q2,False,annual_volume | active_years,414,False,True,,35,False,full-corpus numeric candidates; new taxonomy scope review pending
F0424,Dopant / Profiling (computer programming) / Dopant Activation,待主题范围审阅,全量NMF关键词主题,待主题范围审阅,True,False,912,415258,0.0021961069341625192,467,336992,0.0013862448923918137,604,294811,0.002048728906903996,681,259802,0.0026206297202098043,747,242777,0.0030757899328058198,912,467,1.584212822868099,3,1752,584.0,0.002018534506501871,1.087970964622439,0.7139976988477788,0.03473333100278486,3,4,3,1983,0.0018770269111527762,12,3,1.0,1452,2293,956.0,1.5182863113897596,0.4893925875555308,0.001965005522198115,1.117608530537811,1.031669543638893,0.0031787238437869835,0.008235035864733118,72.41,65.01999999999998,False,False,历史峰值以下的恢复或波动,2026Q2,True,,140,False,False,multiyear | peak | lower95,179,False,full-corpus numeric candidates; new taxonomy scope review pending
F0425,Molecule / Perylene / Diimide,待主题范围审阅,全量NMF关键词主题,待主题范围审阅,True,False,343,415258,0.0008266988842573429,272,336992,0.0008080250977043191,300,294811,0.0010184334764675779,279,259802,0.0010747850429914016,274,242777,0.0011295041291708328,343,272,1.023110404127394,3,851,283.6666666666667,0.0009670812057210996,0.8548391586629157,0.7319131138229846,-0.10429019785454408,2,4,3,915,0.0008843858194764132,12,3,1.0,711,1273,503.3333333333333,1.411764705882353,0.47352176758258585,0.0009547516132106677,0.8658784890420816,0.7639205876371458,0.9881894258556989,1.0,46.620000000000005,41.26,False,False,历史峰值以下的恢复或波动,2026Q2,True,,331,False,False,multiyear | recent_growth | quarters | trend | peak | lower95 | qvalue,298,False,full-corpus numeric candidates; new taxonomy scope review pending
F0426,Electron paramagnetic resonance / Nuclear magnetic resonance / Resonance (particle physics),待主题范围审阅,全量NMF关键词主题,待主题范围审阅,True,False,297,415258,0.000715991027850246,151,336992,0.00044923230202643797,311,294811,0.0010557139032267905,382,259802,0.0014708596742190024,372,242777,0.0015327515049768134,297,151,1.5938102060348032,3,844,281.3333333333333,0.0009919352931574102,0.7218122318958817,0.4671279235580181,-0.19415243331902676,3,4,3,759,0.0007403124110344915,12,3,1.0,593,1071,468.0,1.2665245202558635,0.5348102905810035,0.0009469028037068806,0.7561399385948859,0.662541343528929,0.9999847698367844,1.0,44.92,45.85,False,False,历史峰值以下的恢复或波动,2026Q2,True,,344,False,False,multiyear | trend | peak | lower95 | qvalue,278,False,full-corpus numeric candidates; new taxonomy scope review pending
F0427,Thermodynamics / Enthalpy / Atmospheric temperature range,待主题范围审阅,全量NMF关键词主题,待主题范围审阅,True,False,50,415258,0.00012153797279474764,164,336992,0.00048778028833893763,196,294811,0.0006659639871077506,145,259802,0.0005595034839186009,179,242777,0.0007386010607874845,50,164,0.24916540438447587,3,505,168.33333333333334,0.0005710825864550964,0.2128203094917937,0.1645515816957612,-0.8505044242121156,0,0,3,410,0.0004250940827471453,8,2,0.6666666666666666,117,665,296.6666666666667,0.39641657334826425,0.4083525989457093,0.0005667961720234792,0.21442976998389646,0.16056888821042897,1.0,1.0,23.02,5.33,False,False,近期份额下降,2026Q2,False,annual_volume | active_years | persistence | current_volume | current_share,466,False,False,volume | multiyear | recent_growth | quarters | trend | peak | lower95 | qvalue,474,False,full-corpus numeric candidates; new taxonomy scope review pending
F0428,Transistor / Optoelectronics / Semiconductor,待主题范围审阅,全量NMF关键词主题,待主题范围审阅,True,False,586,415258,0.0014115251691904848,644,336992,0.0019110905521850779,701,294811,0.0023774744883261426,720,259802,0.0027705997262086044,825,242777,0.0033967419257942533,586,644,0.7385966968318657,3,2065,688.3333333333334,0.0023530549222399414,0.5998691980579922,0.41555266782901995,-0.26068399242260787,0,4,3,1931,0.0019000300699005684,12,3,1.0,821,1659,813.6666666666666,1.0090016366612111,0.42415682745246286,0.0023159594328674505,0.6094775017034034,0.5560712080609312,1.0,1.0,63.56,20.169999999999998,False,False,近期份额下降,2026Q2,False,current_share,215,False,False,multiyear | recent_growth | quarters | trend | peak | lower95 | qvalue,400,False,full-corpus numeric candidates; new taxonomy scope review pending
F0429,Visible spectrum / Photochromism / Photochemistry,待主题范围审阅,全量NMF关键词主题,待主题范围审阅,True,False,347,415258,0.000836325654379699,301,336992,0.0008940167594783568,228,294811,0.0007744161376800052,201,259802,0.0007748450309938012,191,242777,0.0007879782904780127,347,301,0.9354697722531292,3,730,243.33333333333334,0.0008144259760507212,1.0268897100202683,0.9354697722531292,0.038454350637178614,1,4,3,876,0.0008349195171793536,12,3,1.0,676,1270,428.6666666666667,1.5756400310318075,0.5254633186079075,0.0008190793346452058,1.0210557378327263,0.8986258941238128,0.3771228182425499,0.7665097931759144,48.150000000000006,49.650000000000006,False,False,近期份额下降,2026Q2,True,,319,False,False,multiyear | recent_growth | quarters | peak | lower95 | qvalue,259,False,full-corpus numeric candidates; new taxonomy scope review pending
F0430,Interface (matter) / Embedded system / Computer hardware,待主题范围审阅,全量NMF关键词主题,待主题范围审阅,True,False,254,415258,0.0006125032490349163,372,336992,0.0011045480693389316,237,294811,0.0008049183050284518,161,259802,0.000621029640225801,194,242777,0.0008003225979006448,254,372,0.5545283777477403,3,770,256.6666666666667,0.0008434986715310615,0.7261460743300782,0.5545283777477403,-0.13659327044017422,0,4,3,863,0.0008406565411340998,12,3,1.0,439,1077,369.3333333333333,1.1881188118811883,0.33944059028984963,0.0008639296746668461,0.7089735044361263,0.6153014450861193,0.9999991766933861,1.0,35.47,23.640000000000004,False,False,近期份额下降,2026Q2,False,current_share,396,False,False,multiyear | recent_growth | quarters | trend | peak | lower95 | qvalue,383,False,full-corpus numeric candidates; new taxonomy scope review pending
F0431,Agriculture / Agricultural economics / Biofuel,待主题范围审阅,全量NMF关键词主题,待主题范围审阅,True,False,773,415258,0.0018615766724106395,594,336992,0.0017628290663677716,443,294811,0.0015030790243373403,362,259802,0.0013939519788350022,353,242777,0.0014545708913001436,773,594,1.0560165519884086,3,1399,466.3333333333333,0.0015532866898467048,1.1984759056902496,1.0560165519884086,0.10695405743362851,2,4,3,1810,0.0017091615877052504,12,3,1.0,1082,2173,740.6666666666666,1.4602247191011237,0.3580940327928274,0.0015692012715071396,1.186321159823359,1.0865873696149138,6.646538870491067e-05,0.00019434324182722419,61.919999999999995,61.3,False,False,平稳或增长证据不足,2026Q2,True,,223,False,False,multiyear | recent_growth | quarters,196,False,full-corpus numeric candidates; new taxonomy scope review pending
F0432,Heat pump / Heat exchanger / Coefficient of performance,待主题范围审阅,全量NMF关键词主题,待主题范围审阅,True,False,1033,415258,0.0024873167303637958,574,336992,0.001703524472040849,649,294811,0.002201239743646229,650,259802,0.002501422792364604,610,242777,0.0025120665605056227,1033,574,1.4601003808204478,3,1873,624.3333333333334,0.0021353956693505607,1.1648036783367015,0.9901476216709619,0.06109189480746924,3,4,3,2256,0.002130693648683625,12,3,1.0,1011,1673,687.0,1.4709302325581395,0.415673375195314,0.002100677800763577,1.1840543701940769,1.0974616543825633,6.154540370247539e-06,1.947639357673272e-05,68.21000000000001,66.66,False,False,历史峰值以下的恢复或波动,2026Q2,True,,179,False,False,multiyear | peak,167,False,full-corpus numeric candidates; new taxonomy scope review pending
F0433,Order (exchange) / Finance / Model order reduction,待主题范围审阅,全量NMF关键词主题,待主题范围审阅,True,False,521,415258,0.0012550901547021959,391,336992,0.001160887433949508,281,294811,0.0009540400120653017,267,259802,0.0010286404257610017,206,242777,0.000849699827591173,521,391,1.0811471620742732,3,939,313.0,0.0010478559572586036,1.1977697373461114,1.0811471620742732,0.13712853673242575,3,4,3,1193,0.001123339200239002,12,3,1.0,496,1269,445.0,1.1143497757847534,0.2561587026407082,0.0010534223612582764,1.1914405853346746,1.0705078102691234,0.0006628443660008791,0.0018210010054969207,41.13999999999999,62.23,False,False,平稳或增长证据不足,2026Q2,True,,364,False,False,multiyear | recent_growth,193,False,full-corpus numeric candidates; new taxonomy scope review pending
F0434,Volatility (finance) / Stock (firearms) / Monetary economics,待主题范围审阅,全量NMF关键词主题,待主题范围审阅,True,False,944,415258,0.002273121095141369,759,336992,0.0022520919695648823,758,294811,0.002570654881532971,586,259802,0.0022553181671358035,490,242777,0.0020182942636003407,944,759,1.0093375962707907,3,2103,701.0,0.0023593550060778856,0.9634502180831748,0.8842575918965162,-0.061503432621626164,3,4,3,2461,0.002365289315413074,12,3,1.0,1006,2103,880.3333333333334,1.142586989409985,0.3322201200887844,0.002358567255888009,0.9637720058508702,0.8925520206077623,0.8269773667437484,1.0,67.63,46.13,False,False,历史峰值以下的恢复或波动,2026Q2,True,,184,False,False,multiyear | recent_growth | trend | peak | lower95 | qvalue,277,False,full-corpus numeric candidates; new taxonomy scope review pending
F0435,Waveform / Time domain / Frequency domain,待主题范围审阅,全量NMF关键词主题,待主题范围审阅,True,False,291,415258,0.0007015508726667116,172,336992,0.0005115021260697066,172,294811,0.0005846248741785597,218,259802,0.0008402165720702014,206,242777,0.000849699827591173,291,172,1.3715502573905343,3,562,187.33333333333334,0.0006454478574394893,1.0869210650877124,0.8256455396202078,0.09116150796145117,4,4,3,635,0.000599225957638326,12,3,1.0,369,719,273.3333333333333,1.3487241798298908,0.30443353454834243,0.0006307079065543165,1.1123229396305245,0.9656054882466616,0.07103474498322905,0.1629237270257547,27.11,65.78,False,False,历史峰值以下的恢复或波动,2026Q2,False,annual_volume,449,False,False,multiyear | peak | lower95 | qvalue,176,False,full-corpus numeric candidates; new taxonomy scope review pending
F0436,Evapotranspiration / Mean squared error / Balance (ability),待主题范围审阅,全量NMF关键词主题,待主题范围审阅,True,False,366,415258,0.0008820528124608912,191,336992,0.000567841490680283,184,294811,0.0006252944306431551,160,259802,0.000617184255456601,176,242777,0.0007262567533648525,366,191,1.5533433659526679,3,535,178.33333333333334,0.0006034400589266797,1.4617074213299188,1.2145192569627932,0.17201465222494727,4,4,3,741,0.0006917295779281098,12,3,1.0,669,1152,341.3333333333333,1.9571567672833496,0.3298742227053194,0.0006004339270397094,1.469025604215328,1.2862416675253294,5.814561127027904e-09,2.2192981400869863e-08,33.290000000000006,81.52999999999999,False,False,多年背景上持续抬升,2026Q2,False,annual_volume,409,False,True,,90,False,full-corpus numeric candidates; new taxonomy scope review pending
F0437,Insulator (electricity) / Arc flash / Composite material,待主题范围审阅,全量NMF关键词主题,待主题范围审阅,True,False,302,415258,0.0007280244905031913,152,336992,0.00045219753174278413,195,294811,0.0006625748574023676,212,259802,0.0008171442634550013,201,242777,0.0008291259818867863,302,152,1.6099700670575556,3,559,186.33333333333334,0.0006439722175333845,1.1305215825796855,0.8780625699926504,0.047100572324622725,4,4,3,649,0.0006142656265494476,12,3,1.0,379,658,232.33333333333334,1.6285714285714286,0.3687012844405483,0.0006273441310526935,1.1604866523283712,1.0090025134573055,0.018735963874677547,0.0446094377968513,30.959999999999997,70.85000000000001,False,False,历史峰值以下的恢复或波动,2026Q2,False,annual_volume,422,False,False,multiyear | peak | lower95,144,False,full-corpus numeric candidates; new taxonomy scope review pending
F0438,Meteorology / Irradiance / Solar irradiance,待主题范围审阅,全量NMF关键词主题,待主题范围审阅,True,False,561,415258,0.0013513578559257583,427,336992,0.0012676357037379685,435,294811,0.0014759659866942767,423,259802,0.0016285204497562026,395,242777,0.0016273911952169923,561,427,1.0660459088844787,3,1285,428.3333333333333,0.0014573740467294825,0.9272553322589785,0.8298071148741566,-0.04410138775514483,2,4,3,1423,0.0013649865154526679,12,3,1.0,804,1666,675.0,1.1908284023668638,0.4041105069967188,0.0014413778024454649,0.937545904781538,0.8490507369533639,0.8995677479791597,1.0,55.65,44.0,False,False,历史峰值以下的恢复或波动,2026Q2,True,,262,False,False,multiyear | recent_growth | quarters | trend | peak | lower95 | qvalue,289,False,full-corpus numeric candidates; new taxonomy scope review pending
F0439,Husk / Activated carbon / Point of delivery,待主题范围审阅,全量NMF关键词主题,待主题范围审阅,True,False,411,415258,0.000990353976337399,307,336992,0.0009118081377764336,278,294811,0.0009438726229491529,241,259802,0.0009286604217618015,245,242777,0.0010101758240853896,411,307,1.0861429453267548,3,826,275.3333333333333,0.0009281137274957961,1.0670610152589137,0.9803778240625217,0.024035603676777928,3,4,3,996,0.0009486782456876617,12,3,1.0,648,1292,487.6666666666667,1.3281036834924966,0.4235420874906899,0.0009267201506971425,1.0686656328691966,0.9494792296897036,0.13651516067270952,0.29677208841893377,46.17,55.989999999999995,False,False,历史峰值以下的恢复或波动,2026Q2,True,,337,False,False,multiyear | recent_growth | peak | lower95 | qvalue,222,False,full-corpus numeric candidates; new taxonomy scope review pending
F0440,Variable (mathematics) / Variable renewable energy / Continuously variable transmission,待主题范围审阅,全量NMF关键词主题,待主题范围审阅,True,False,508,415258,0.001223803151804538,487,336992,0.001445549486718736,280,294811,0.0009506508823599188,175,259802,0.0006748650269946011,188,242777,0.0007756339830553807,508,487,0.8466006615812637,3,942,314.0,0.0010236884653577521,1.195483971167782,0.8466006615812637,0.12628586856481716,0,4,3,1275,0.0012066678402943975,12,3,1.0,665,1341,422.3333333333333,1.573228346456693,0.3419333184763057,0.0010567861367598993,1.1580423978277308,1.0396510170594635,0.00382572470922107,0.009860115229951212,46.85,53.54,False,False,近期份额下降,2026Q2,True,,329,False,False,multiyear | recent_growth | quarters | peak | lower95,236,False,full-corpus numeric candidates; new taxonomy scope review pending
F0441,Property (philosophy) / Epistemology / Property rights,待主题范围审阅,全量NMF关键词主题,待主题范围审阅,True,False,244,415258,0.0005884363237290257,232,336992,0.0006894159090504742,127,294811,0.0004321140374363267,80,259802,0.00030955347392060047,72,242777,0.00029832076271360796,244,232,0.8535287857506412,3,439,146.33333333333334,0.0004770278068024671,1.2335472174532833,0.8535287857506412,0.154389595460108,2,4,3,603,0.000569988756738609,10,2,0.8333333333333334,388,835,249.0,1.556,0.38460497096340907,0.0004927931109877726,1.194083907848351,1.0212271915720676,0.013295381959697098,0.032114449178012316,28.959999999999997,60.38,False,False,近期份额下降,2026Q2,False,annual_volume | active_years | current_volume,439,False,False,multiyear | recent_growth | quarters | peak | lower95,201,False,full-corpus numeric candidates; new taxonomy scope review pending
F0442,Production (economics) / Hydrogen production / Life-cycle assessment,待主题范围审阅,全量NMF关键词主题,待主题范围审阅,True,False,1832,415258,0.004410264062304456,1801,336992,0.005341861333997545,942,294811,0.003194254747323435,487,259802,0.001874625074985003,435,242777,0.0017919819608520865,1832,1801,0.8256043701913292,3,3230,1076.6666666666667,0.0034702470521019942,1.2708789881783995,0.8256043701913292,0.16129038052120537,1,4,3,4575,0.004315460047875146,12,3,1.0,2019,3874,1346.3333333333333,1.4992577931716973,0.3857610265231949,0.003622225585997724,1.2175564325294972,1.1497290701665146,6.843245525771137e-12,2.8753132461223265e-11,84.22,57.60999999999999,False,False,近期份额下降,2026Q2,True,,63,False,False,recent_growth | quarters | peak,214,False,full-corpus numeric candidates; new taxonomy scope review pending
F0443,Nanoparticle / Nanotechnology / Magnetic nanoparticles,待主题范围审阅,全量NMF关键词主题,待主题范围审阅,True,False,786,415258,0.0018928636753082974,880,336992,0.002610884765242763,661,294811,0.0022419093001108245,590,259802,0.0022706997062126037,553,242777,0.002277524719475614,786,880,0.724989360123022,3,2131,710.3333333333334,0.002374497923855397,0.7971637525102211,0.724989360123022,-0.08461850722645403,1,4,3,2327,0.0022485525802206285,12,3,1.0,1349,2813,1253.0,1.076555023923445,0.4875049979813357,0.002389962493903157,0.7920055984715372,0.7298186452341326,0.9999999898033198,1.0,77.04,29.830000000000002,False,False,近期份额下降,2026Q2,False,current_share,108,False,False,multiyear | recent_growth | quarters | trend | peak | lower95 | qvalue,357,False,full-corpus numeric candidates; new taxonomy scope review pending
F0444,Power factor / Rectifier (neural networks) / Total harmonic distortion,待主题范围审阅,全量NMF关键词主题,待主题范围审阅,True,False,270,415258,0.0006510103295243412,180,336992,0.0005352239638004757,255,294811,0.0008659226397253449,277,259802,0.0010670942734530018,246,242777,0.001014290593226267,270,180,1.2163325515204868,3,712,237.33333333333334,0.0008227469589929408,0.7912643400362017,0.610077615183654,-0.14263503237672648,4,4,3,705,0.0006840523110167206,12,3,1.0,309,741,313.3333333333333,0.9862142099681867,0.2775362995410488,0.0007988966816354677,0.8148867613163948,0.7084447926958498,0.9980233936183008,1.0,27.01,44.2,False,False,历史峰值以下的恢复或波动,2026Q2,False,annual_volume,450,False,False,multiyear | trend | peak | lower95 | qvalue,286,False,full-corpus numeric candidates; new taxonomy scope review pending
F0445,Vacancy defect / Oxygen / Void (composites),待主题范围审阅,全量NMF关键词主题,待主题范围审阅,True,False,680,415258,0.0016377542670658568,678,336992,0.002011908362540846,564,294811,0.0019131637186886779,495,259802,0.001905388153138603,431,242777,0.001775522884288577,680,678,0.8140302498656208,3,1737,579.0,0.0019434867447893755,0.8426886735691874,0.8140302498656208,-0.07771615744721272,1,4,3,1922,0.0018542754494317935,12,3,1.0,1011,1756,790.6666666666666,1.2783157894736843,0.5795164813903706,0.0019481866446900001,0.8406557305634645,0.7693505434413387,0.9999405119269126,1.0,71.87,33.85,False,False,近期份额下降,2026Q2,True,,146,False,False,multiyear | recent_growth | quarters | trend | peak | lower95 | qvalue,336,False,full-corpus numeric candidates; new taxonomy scope review pending
F0446,Wastewater / Sewage treatment / Environmental engineering,待主题范围审阅,全量NMF关键词主题,待主题范围审阅,True,False,1817,415258,0.0043741636743456205,1429,336992,0.004238795879516786,1268,294811,0.004299111031278278,1069,259802,0.004112639010659407,1014,242777,0.004174433293420073,1817,1429,1.03193543607112,3,3766,1255.3333333333333,0.004216848640484824,1.037306303183486,1.0174577121924266,0.008653538486054213,2,4,3,4514,0.004304023528380228,12,3,1.0,2153,3623,1617.0,1.3312731767614339,0.5155762371959157,0.004223220142287704,1.0357413364618382,0.9793548571089307,0.1077799914303611,0.2384513084742502,91.06,51.080000000000005,False,False,平稳或增长证据不足,2026Q2,True,,25,False,False,multiyear | recent_growth | quarters | peak | lower95 | qvalue,250,False,full-corpus numeric candidates; new taxonomy scope review pending
F0447,Economics / Econometrics / Microeconomics,待主题范围审阅,全量NMF关键词主题,待主题范围审阅,True,False,170,415258,0.0004103410764654351,1058,336992,0.003138695654752374,702,294811,0.0023808636180315257,434,259802,0.0016708196822174026,415,242777,0.0017096865780345395,170,1058,0.13073617884681743,3,2194,731.3333333333334,0.002396792985000434,0.17120422123788917,0.13073617884681743,-0.8791149289402793,0,1,3,1930,0.001976633449749778,9,3,0.75,340,2082,1008.0,0.3379583746283449,0.3687571757360162,0.00246060177943724,0.16676452073414474,0.1427016573471428,1.0,1.0,56.21000000000001,2.35,False,False,近期份额下降,2026Q2,False,current_volume | current_share,256,False,False,multiyear | recent_growth | quarters | trend | peak | lower95 | qvalue,491,False,full-corpus numeric candidates; new taxonomy scope review pending
F0448,Calcination / Carbonation / Chemical engineering,待主题范围审阅,全量NMF关键词主题,待主题范围审阅,True,False,993,415258,0.0023910490291402333,371,336992,0.0011015828396225855,692,294811,0.002346972320977696,811,259802,0.003120529740205805,816,242777,0.003359709003526357,993,371,2.170557622302317,3,1874,624.6666666666666,0.002189694966935362,1.0919553021061563,0.7116833709796246,0.009303035267073767,4,4,3,2056,0.001946534729913505,12,3,1.0,1341,2119,851.6666666666666,1.5738858483189992,0.4730947234065444,0.002101799059264118,1.1376201823866967,1.053399037620904,0.0004956168957099554,0.0013767135991943206,72.22,70.57,False,False,历史峰值以下的恢复或波动,2026Q2,True,,142,False,False,multiyear | peak,145,False,full-corpus numeric candidates; new taxonomy scope review pending
F0449,Manganese / Manganese oxide / Inorganic chemistry,待主题范围审阅,全量NMF关键词主题,待主题范围审阅,True,False,705,415258,0.0016979215803305833,1005,336992,0.002981538479786029,781,294811,0.002648604864756779,649,259802,0.002497577407595404,565,242777,0.002326901949166142,705,1005,0.569478338730827,3,2435,811.6666666666666,0.0027092402507127374,0.6267150282755101,0.569478338730827,-0.22231406598244652,0,4,3,2491,0.0024426883082911306,12,3,1.0,1036,2354,1072.0,0.9664492078285182,0.5219355411875006,0.002730825078067623,0.6217613841206046,0.5717808151210588,1.0,1.0,79.17,18.819999999999997,False,False,近期份额下降,2026Q2,False,current_share,95,False,False,multiyear | recent_growth | quarters | trend | peak | lower95 | qvalue,408,False,full-corpus numeric candidates; new taxonomy scope review pending
F0450,Boiler (water heating) / Waste management / Engineering,待主题范围审阅,全量NMF关键词主题,待主题范围审阅,True,False,346,415258,0.00083391896184911,338,336992,0.0010037302589831635,359,294811,0.0012183921290851722,402,259802,0.0015477673696030025,378,242777,0.0015574401198220774,346,338,0.8308197888682941,3,1099,366.3333333333333,0.0012566299192237793,0.6636153963007836,0.5354420701223347,-0.1895755559636867,1,4,3,1043,0.001018680449972482,12,3,1.0,411,994,419.3333333333333,0.9801744647105473,0.29056694116033127,0.0012328237213448375,0.6764300097498299,0.5994891732432884,0.9999999999205731,1.0,36.67,26.3,False,False,近期份额下降,2026Q2,True,,391,False,False,multiyear | recent_growth | quarters | trend | peak | lower95 | qvalue,372,False,full-corpus numeric candidates; new taxonomy scope review pending
F0451,Degradation (telecommunications) / Pollutant / Tetracycline,待主题范围审阅,全量NMF关键词主题,待主题范围审阅,True,False,2922,415258,0.0070335589206465335,3353,336992,0.009943897853766731,1873,294811,0.006349534503034966,1096,259802,0.004216464399427806,944,242777,0.003886399453558658,2922,3353,0.7073241322548616,3,6322,2107.3333333333335,0.006836632252076501,1.0288046308926768,0.7073241322548616,0.05115566085812562,0,4,3,8148,0.0077756637591494095,12,3,1.0,2925,4698,2016.6666666666667,1.4501899884354865,0.5638919353406904,0.007089156869670518,0.992157325610631,0.9495991443314827,0.6341747453960858,1.0,97.0,42.970000000000006,False,False,近期份额下降,2026Q2,False,current_share,6,False,False,multiyear | recent_growth | quarters | peak | lower95 | qvalue,293,False,full-corpus numeric candidates; new taxonomy scope review pending
F0452,Electric power / Metering mode / Electric energy,待主题范围审阅,全量NMF关键词主题,待主题范围审阅,True,False,276,415258,0.0006654504847078757,202,336992,0.0006004590175600903,148,294811,0.0005032857612493688,127,259802,0.0004902865580730008,169,242777,0.000697453369378711,276,202,1.1082363079696465,3,477,159.0,0.00053134377896082,1.2523915985415994,0.9541146604548726,0.1396530546617023,3,4,3,626,0.0005897317545057782,11,2,0.9166666666666666,280,597,182.66666666666666,1.52994555353902,0.22179265814214177,0.000535400934008331,1.2429012398725496,1.071790351565574,0.0020146262713904477,0.005358048594123531,22.43,67.68,False,False,历史峰值以下的恢复或波动,2026Q2,False,annual_volume | active_years,469,False,False,recent_growth | peak,163,False,full-corpus numeric candidates; new taxonomy scope review pending
F0453,Platinum / Platinum nanoparticles / Rhenium,待主题范围审阅,全量NMF关键词主题,待主题范围审阅,True,False,474,415258,0.0011419756057645099,439,336992,0.001303218460334122,384,294811,0.0013031203717197462,398,259802,0.0015323858305262025,416,242777,0.0017138013471754167,474,439,0.8762733498048575,3,1221,407.0,0.0013795748875266901,0.8277735526281218,0.6663407095849497,-0.0660009621459734,0,4,3,1297,0.0012494381459394594,12,3,1.0,772,1469,671.3333333333334,1.1497273177987108,0.49544614796486725,0.0013696172584108403,0.8337917755866615,0.7499148823186902,0.9996263955747765,1.0,57.220000000000006,31.81,False,False,近期份额下降,2026Q2,True,,250,False,False,multiyear | recent_growth | quarters | trend | peak | lower95 | qvalue,347,False,full-corpus numeric candidates; new taxonomy scope review pending
F0454,Wetting / Contact angle / Superhydrophilicity,待主题范围审阅,全量NMF关键词主题,待主题范围审阅,True,False,680,415258,0.0016377542670658568,314,336992,0.0009325647457908565,443,294811,0.0015030790243373403,482,259802,0.0018553981511390029,476,242777,0.0019606874956280577,680,314,1.7561829078976905,3,1239,413.0,0.0014303473070890664,1.1450046145777624,0.835295920802128,0.04290513347282854,4,4,3,1437,0.0013577993457313513,12,3,1.0,888,1473,603.3333333333334,1.471042471042471,0.5455880681403986,0.0013897999114205785,1.1784101104106652,1.073209544650617,0.0002844666813033468,0.000799063711526255,62.83,71.3,False,False,历史峰值以下的恢复或波动,2026Q2,True,,218,False,False,multiyear | peak,141,False,full-corpus numeric candidates; new taxonomy scope review pending
F0455,Microstructure / Alloy / Metallurgy,待主题范围审阅,全量NMF关键词主题,待主题范围审阅,True,False,896,415258,0.002157599853673094,825,336992,0.0024477971308437263,931,294811,0.003156974320564222,960,259802,0.003693492070816606,944,242777,0.003886399453558658,896,825,0.8814455358599899,3,2716,905.3333333333334,0.0030994211740748515,0.6961299328146706,0.5551667756893711,-0.19030882519634318,0,4,3,2652,0.002587457101693681,12,3,1.0,1038,2135,1008.0,1.0297324083250743,0.4711983323499279,0.0030458987167196463,0.7083623108770908,0.6568542263318188,1.0,1.0,77.28,25.72,False,False,近期份额下降,2026Q2,True,,107,False,False,multiyear | recent_growth | quarters | trend | peak | lower95 | qvalue,375,False,full-corpus numeric candidates; new taxonomy scope review pending
F0456,Carbonation / Mineral / Carbon sequestration,待主题范围审阅,全量NMF关键词主题,待主题范围审阅,True,False,946,415258,0.002277934480202547,358,336992,0.001063034853310086,376,294811,0.0012760073340766823,273,259802,0.0010517127343762018,302,242777,0.0012447176651153987,946,358,2.142859637301164,3,1007,335.6666666666667,0.0011302516405876566,2.0154224054195318,1.785204849038629,0.2897665850065998,4,4,3,1680,0.0015389922225297718,12,3,1.0,1178,1619,471.3333333333333,2.496118560338744,0.5184315369939116,0.0011296679392950647,2.01646377750972,1.8452642937695605,1.0024551723794245e-56,1.3546691518640872e-55,67.06,92.95,False,False,多年背景上持续抬升,2026Q2,True,,186,False,True,,32,False,full-corpus numeric candidates; new taxonomy scope review pending
F0457,Cluster (spacecraft) / Atom (system on chip) / Nanoclusters,待主题范围审阅,全量NMF关键词主题,待主题范围审阅,True,False,329,415258,0.000793005188829096,414,336992,0.0012290877174254689,302,294811,0.0010252117358783438,229,259802,0.0008825158045314014,198,242777,0.0008167816744641542,329,414,0.6451982048036237,3,945,315.0,0.0010456050859450714,0.758417493840265,0.6451982048036237,-0.12841233846228217,0,4,3,1045,0.001015768214044303,12,3,1.0,540,1228,509.0,1.0607843137254902,0.480171711346594,0.0010601499122615224,0.7480123137844245,0.6598631000121548,0.9999974938040921,1.0,49.150000000000006,24.62,False,False,近期份额下降,2026Q2,False,current_share,309,False,False,multiyear | recent_growth | quarters | trend | peak | lower95 | qvalue,378,False,full-corpus numeric candidates; new taxonomy scope review pending
F0458,Solubility / Solvent / Amine gas treating,待主题范围审阅,全量NMF关键词主题,待主题范围审阅,True,False,444,415258,0.001069774829846838,285,336992,0.0008465730840168188,328,294811,0.0011133291082183006,373,259802,0.0014362512112962023,314,242777,0.0012940948948059268,444,285,1.2636532510234935,3,986,328.6666666666667,0.0011320511345104406,0.9449880815758962,0.7448382437786611,-0.019953268183467543,4,4,3,1057,0.001009892340693986,12,3,1.0,720,1319,535.3333333333334,1.3443132380360472,0.479224543020206,0.0011061215107837036,0.9671404266325918,0.8646945628070023,0.7224542640253382,1.0,50.93,54.58,False,False,历史峰值以下的恢复或波动,2026Q2,True,,293,False,False,multiyear | trend | peak | lower95 | qvalue,231,False,full-corpus numeric candidates; new taxonomy scope review pending
F0459,Quality (philosophy) / Power quality / Risk analysis (engineering),待主题范围审阅,全量NMF关键词主题,待主题范围审阅,True,False,873,415258,0.0021022459254695456,690,336992,0.0020474911191369996,441,294811,0.0014963007649265744,239,259802,0.0009209696522234015,226,242777,0.00093199521040872,873,690,1.0267423901480095,3,1370,456.6666666666667,0.001488253845428992,1.4125587055772528,1.0267423901480095,0.17000517806693338,2,4,3,2004,0.0018820126031777063,12,3,1.0,975,1979,586.0,1.6626916524701874,0.2766372637372406,0.0015366847749914503,1.3680397955925878,1.2567388859318207,1.7327034101678763e-13,7.599576360385422e-13,58.78,68.03,False,False,平稳或增长证据不足,2026Q2,True,,241,False,False,recent_growth | quarters | peak,161,False,full-corpus numeric candidates; new taxonomy scope review pending
F0460,Boost converter / Forward converter / Flyback converter,待主题范围审阅,全量NMF关键词主题,待主题范围审阅,True,False,226,415258,0.0005451158581784225,414,336992,0.0012290877174254689,436,294811,0.0014793551163996598,550,259802,0.0021168843154446035,483,242777,0.001989490879614199,226,414,0.4435125747739628,3,1400,466.6666666666667,0.001608442383089911,0.3389091607566467,0.257508572481408,-0.4991815918763991,0,4,3,1076,0.0010845195640011836,12,3,1.0,257,907,505.0,0.5098814229249012,0.3438526158454189,0.0015703225300076806,0.34713623969704893,0.3016741196187389,1.0,1.0,39.129999999999995,10.61,False,False,近期份额下降,2026Q2,False,current_volume | current_share,379,False,False,multiyear | recent_growth | quarters | trend | peak | lower95 | qvalue,442,False,full-corpus numeric candidates; new taxonomy scope review pending
F0461,Lead (geology) / Halide / Lead–acid battery,待主题范围审阅,全量NMF关键词主题,待主题范围审阅,True,False,530,415258,0.0012767503874774975,1002,336992,0.0029726427906369905,573,294811,0.0019436658860371245,309,259802,0.0011901465860674019,256,242777,0.0010554382846350405,530,1002,0.4295001039139015,3,1884,628.0,0.002035485087580506,0.6272462496864156,0.4295001039139015,-0.21012886595580893,0,4,3,2105,0.002064353021383871,12,3,1.0,880,2125,902.6666666666666,0.9749170047952785,0.5344815170153305,0.002113011644269528,0.6042325374495853,0.5487409039605327,1.0,1.0,73.91000000000001,17.62,False,False,近期份额下降,2026Q2,False,current_share,133,False,False,multiyear | recent_growth | quarters | trend | peak | lower95 | qvalue,415,False,full-corpus numeric candidates; new taxonomy scope review pending
F0462,Nonlinear system / Linearization / Discretization,待主题范围审阅,全量NMF关键词主题,待主题范围审阅,True,False,1286,415258,0.003096209940602828,636,336992,0.0018873687144543088,487,294811,0.0016522007313741905,436,259802,0.0016785104517558027,443,242777,0.0018249001139791052,1286,636,1.6404902321897548,3,1559,519.6666666666666,0.0017393599658614342,1.7800857794662426,1.6404902321897548,0.31403529394383334,4,4,3,2409,0.002211926462143776,12,3,1.0,1353,2033,680.6666666666666,1.986308068459658,0.36542265408108526,0.0017486026315937009,1.7706767018764573,1.6446728171818208,8.386382644711281e-54,1.075177262142472e-52,68.58000000000001,88.49000000000001,False,False,多年背景上持续抬升,2026Q2,True,,176,False,True,,57,False,full-corpus numeric candidates; new taxonomy scope review pending
F0463,Dielectric / Epoxy / Conductivity,待主题范围审阅,全量NMF关键词主题,待主题范围审阅,True,False,1223,415258,0.0029445883111757173,569,336992,0.0016886983234591184,673,294811,0.00228257885657542,757,259802,0.0029128789626690047,640,242777,0.0026355096347319435,1223,569,1.7437029872476228,3,1999,666.3333333333334,0.0022947187142345143,1.283202290943093,1.0108859135285382,0.12733156681803903,4,4,3,2465,0.002305288497070085,12,3,1.0,1518,2320,891.6666666666666,1.7016430171769978,0.4296939309769209,0.002241956371831744,1.313401254445421,1.2232100178974106,2.2324946422811913e-14,1.0335623343894403e-13,74.58,78.58000000000001,False,False,多年背景上持续抬升,2026Q2,True,,129,False,False,peak,109,False,full-corpus numeric candidates; new taxonomy scope review pending
F0464,Transmission (telecommunications) / Power transmission / Transmission system,待主题范围审阅,全量NMF关键词主题,待主题范围审阅,True,False,698,415258,0.0016810747326164598,510,336992,0.001513749770194697,406,294811,0.0013776812252381712,282,259802,0.0010863211972990017,343,242777,0.0014134231998913702,698,510,1.1105367384466995,3,1198,399.3333333333333,0.00132591739757729,1.2678578135320584,1.1105367384466995,0.09951574815646058,3,4,3,1614,0.0015241685760164429,12,3,1.0,750,1412,457.3333333333333,1.6385454545454545,0.25964111574451,0.0013438283128983971,1.2509594540322508,1.1395227784156527,1.2023385645723114e-06,3.981253525073879e-06,49.42,67.58999999999999,False,False,平稳或增长证据不足,2026Q2,True,,306,False,False,recent_growth,164,False,full-corpus numeric candidates; new taxonomy scope review pending
F0465,Diffraction / Reflection (computer programming) / Breakwater,待主题范围审阅,全量NMF关键词主题,待主题范围审阅,True,False,359,415258,0.0008652059647467678,184,336992,0.0005470848826658601,163,294811,0.0005541227068301131,177,259802,0.0006825557965330011,164,242777,0.0006768795236743243,359,184,1.5814839564397263,3,524,174.66666666666666,0.0005945877953429914,1.4551357621588394,1.267597417151135,0.22279071671378148,4,4,3,706,0.0006554711847475804,12,3,1.0,420,685,222.33333333333334,1.8850746268656715,0.3719550082021799,0.0005881000835337583,1.471188304459921,1.286426383473159,7.126911231838319e-09,2.699587587817545e-08,32.64,82.36,False,False,多年背景上持续抬升,2026Q2,False,annual_volume,413,False,True,,86,False,full-corpus numeric candidates; new taxonomy scope review pending
F0466,Ligand (biochemistry) / Reactivity (psychology) / Stereochemistry,待主题范围审阅,全量NMF关键词主题,待主题范围审阅,True,False,332,415258,0.0008002252664208631,294,336992,0.0008732601514639339,335,294811,0.0011370530161559813,374,259802,0.0014400965960654022,330,242777,0.0013599312010599645,332,294,0.9163652607752283,3,1003,334.3333333333333,0.0011501365878951056,0.6957654202492383,0.5556747155761771,-0.17565092485602873,1,4,3,961,0.0009368461446802595,12,3,1.0,664,1266,549.6666666666666,1.207627118644068,0.4668752350670987,0.0011251829052929007,0.7111957199639053,0.6282410538471015,0.9999999705954759,1.0,47.28000000000001,30.39,False,False,近期份额下降,2026Q2,True,,325,False,False,multiyear | recent_growth | quarters | trend | peak | lower95 | qvalue,354,False,full-corpus numeric candidates; new taxonomy scope review pending
F0467,Cavitation / Bubble / Jet (fluid),待主题范围审阅,全量NMF关键词主题,待主题范围审阅,True,False,850,415258,0.002046891997265997,607,336992,0.0018013770526802712,498,294811,0.001689481158133403,418,259802,0.0016092935259102027,454,242777,0.001870162574528756,850,607,1.1362929233612828,3,1523,507.6666666666667,0.001700050578907959,1.204018293726787,1.0944994970727469,0.0959505345188969,4,4,3,1955,0.001845916736026557,12,3,1.0,777,1260,480.6666666666667,1.6152249134948096,0.45525069746103763,0.0017082373255742245,1.198248022462531,1.1018219520727988,1.1409851812891892e-05,3.565578691528716e-05,63.379999999999995,69.47,False,False,平稳或增长证据不足,2026Q2,True,,217,False,False,multiyear | recent_growth,152,False,full-corpus numeric candidates; new taxonomy scope review pending
F0468,Volume (thermodynamics) / Microporous material / Activated carbon,待主题范围审阅,全量NMF关键词主题,待主题范围审阅,True,False,426,415258,0.0010264543642962349,193,336992,0.0005737719501129752,266,294811,0.0009032030664845574,221,259802,0.0008517527263778013,253,242777,0.0010430939772124086,426,193,1.7889587737673946,3,680,226.66666666666666,0.000776242580991778,1.3223371010963738,0.9840478295535348,0.06395918496480224,3,4,3,885,0.0008344764602979225,12,3,1.0,604,1112,370.6666666666667,1.6278026905829595,0.33564359239016855,0.0007630164096181554,1.3452585702710045,1.1918880038935016,7.26293937517774e-07,2.4536957348573446e-06,36.730000000000004,75.14,False,False,历史峰值以下的恢复或波动,2026Q2,True,,390,False,False,peak,125,False,full-corpus numeric candidates; new taxonomy scope review pending
F0469,Scalability / Blockchain / Distributed computing,待主题范围审阅,全量NMF关键词主题,待主题范围审阅,True,False,2529,415258,0.006087728756125032,641,336992,0.0019021948630360394,389,294811,0.0013200660202466608,327,259802,0.0012593635119130021,291,242777,0.001199455204565748,2529,641,3.200370726692312,3,1357,452.3333333333333,0.0014938747983985676,4.075126484931047,3.200370726692312,0.764296657512479,4,4,3,3559,0.003103329879802577,12,3,1.0,2510,3126,711.0,3.526685393258427,0.3980896860267228,0.0015221084144844174,3.9995368911925526,3.744299150297862,0.0,0.0,80.37,99.13999999999999,False,False,多年背景上持续抬升,2026Q2,True,,87,False,True,,5,False,full-corpus numeric candidates; new taxonomy scope review pending
F0470,Sensitivity (control systems) / Electronic engineering / Parametric statistics,待主题范围审阅,全量NMF关键词主题,待主题范围审阅,True,False,1196,415258,0.0028796076128498127,564,336992,0.0016738721748773878,401,294811,0.0013607355767112563,331,259802,0.001274745050989802,350,242777,0.0014422265838775115,1196,564,1.7203270692164685,3,1296,432.0,0.0014364509341928155,2.0046682725490723,1.7203270692164685,0.37481431028269085,4,4,3,2161,0.0019714051214794856,12,3,1.0,1473,2247,658.3333333333334,2.235591506572295,0.38479912089506885,0.001453711645951416,1.9808657520695485,1.8311803686292971,3.760764958565942e-68,6.715651711724896e-67,68.56,91.03999999999999,False,False,多年背景上持续抬升,2026Q2,True,,177,False,True,,43,False,full-corpus numeric candidates; new taxonomy scope review pending
F0471,Electricity generation / Electricity system / Microbial fuel cell,待主题范围审阅,全量NMF关键词主题,待主题范围审阅,True,False,380,415258,0.0009157465078891381,139,336992,0.00041364954543028447,122,294811,0.00041516838890941194,129,259802,0.0004979773276114008,140,242777,0.0005781250642932678,380,139,2.2138221061903134,3,390,130.0,0.0004422650873170324,2.070582856640222,1.5839937834361109,0.39552769696036405,3,4,3,641,0.0005815214807429449,11,1,0.9166666666666666,453,795,233.0,1.9401709401709402,0.35219081480922826,0.0004378514444612633,2.0914548061292377,1.8160660952781562,5.469595715787055e-26,3.906854082705039e-25,29.98,91.02,False,False,多年背景上持续抬升,2026Q2,False,annual_volume | active_years,428,False,True,,44,False,full-corpus numeric candidates; new taxonomy scope review pending
F0472,The Internet / World Wide Web / Internet of Things,待主题范围审阅,全量NMF关键词主题,待主题范围审阅,True,False,398,415258,0.0009590669734397412,337,336992,0.0010007650292668173,236,294811,0.0008015291753230688,166,259802,0.0006402565640718011,145,242777,0.0005986989099976545,398,337,0.9583338200200451,3,739,246.33333333333334,0.0008141835895538957,1.177949280413806,0.9583338200200451,0.08971976845102558,2,4,3,971,0.0009204537260098757,11,3,0.9166666666666666,544,1214,378.0,1.437994722955145,0.3179015571359763,0.0008291706611500749,1.1566581143977017,1.0240197847849357,0.009650744743173126,0.02377030724919489,37.05,57.9,False,False,近期份额下降,2026Q2,True,,388,False,False,multiyear | recent_growth | quarters | peak | lower95,212,False,full-corpus numeric candidates; new taxonomy scope review pending
F0473,Humidity / Relative humidity / Evaporative cooler,待主题范围审阅,全量NMF关键词主题,待主题范围审阅,True,False,715,415258,0.001721988505636474,322,336992,0.0009562865835216254,440,294811,0.0014929116352211916,425,259802,0.0016362112192946027,418,242777,0.0017220308854571714,715,322,1.8007034034662193,3,1187,395.6666666666667,0.0013618031460124731,1.2644915020784522,0.9999753896279937,0.07137570011202055,4,4,3,1477,0.001390395574793097,12,3,1.0,954,1625,599.3333333333334,1.5907828983897834,0.432130098188352,0.001331494469392446,1.293274996795299,1.1787083646052143,2.4837997317586883e-08,9.19925826577292e-08,59.04999999999999,76.33999999999999,False,False,历史峰值以下的恢复或波动,2026Q2,True,,239,False,False,peak,122,False,full-corpus numeric candidates; new taxonomy scope review pending
F0474,Superconductivity / High-temperature superconductivity / Superconducting magnet,待主题范围审阅,全量NMF关键词主题,待主题范围审阅,True,False,652,415258,0.001570366876209363,496,336992,0.0014722365541658513,363,294811,0.001231948647906704,287,259802,0.0011055481211450018,305,242777,0.0012570619725380306,652,496,1.0666539094996939,3,1146,382.0,0.0012699111077391857,1.2365959055237155,1.0666539094996939,0.12135604441352221,2,4,3,1511,0.0014248506927606395,12,3,1.0,761,1286,504.6666666666667,1.5069215557020434,0.31382329001150255,0.0012855228708702649,1.2215783256709127,1.1096315519549702,2.1617562650039454e-05,6.56580085745275e-05,49.25000000000001,63.27,False,False,平稳或增长证据不足,2026Q2,True,,308,False,False,multiyear | recent_growth | quarters,189,False,full-corpus numeric candidates; new taxonomy scope review pending
F0475,Computer science / Engineering / Artificial intelligence,待主题范围审阅,全量NMF关键词主题,待主题范围审阅,True,False,295,415258,0.0007111776427890679,2317,336992,0.006871919867632146,1576,294811,0.005342962980536228,971,259802,0.003735791303277806,875,242777,0.003602480382838121,295,2317,0.1034903864550036,3,4864,1621.3333333333333,0.005316891383815393,0.13375816646431618,0.1034903864550036,-1.0083066977675963,0,1,3,4188,0.004308686830319147,9,3,0.75,439,2772,1225.6666666666667,0.358695652173913,0.20371732350756228,0.00545436197588173,0.13038695376907064,0.1159403124832233,1.0,1.0,64.11000000000001,1.39,False,False,近期份额下降,2026Q2,False,current_share,210,False,False,multiyear | recent_growth | quarters | trend | peak | lower95 | qvalue,494,False,full-corpus numeric candidates; new taxonomy scope review pending
F0476,Torque / Magnet / Rotor (electric),待主题范围审阅,全量NMF关键词主题,待主题范围审阅,True,False,650,415258,0.001565553491148185,493,336992,0.0014633408650168128,516,294811,0.001750485492830296,502,259802,0.001932305846523003,495,242777,0.0020388681093047273,650,493,1.0698488155254229,3,1511,503.6666666666667,0.0017153774014567042,0.9126583396858976,0.7678542246080121,-0.05582687200168168,3,4,3,1659,0.0015931266163317645,12,3,1.0,716,1396,567.0,1.2623239436619718,0.2948625336237083,0.0016947822235677324,0.9237490630816835,0.8426332834959609,0.9549836081354846,1.0,51.02000000000001,46.28,False,False,历史峰值以下的恢复或波动,2026Q2,True,,291,False,False,multiyear | recent_growth | trend | peak | lower95 | qvalue,274,False,full-corpus numeric candidates; new taxonomy scope review pending
F0477,Aerogel / Thermal insulation / Chemical engineering,待主题范围审阅,全量NMF关键词主题,待主题范围审阅,True,False,898,415258,0.002162413238734272,786,336992,0.0023321531719062275,769,294811,0.0026079353082921835,671,259802,0.002582175872517804,546,242777,0.0022487213354894725,898,786,0.9272175021706591,3,2226,742.0,0.0025074214509054047,0.8624051764227535,0.8291667480626032,-0.09366700022577534,1,4,3,2453,0.002367500572977561,12,3,1.0,1034,1808,810.3333333333334,1.2756778964667215,0.6147193705741638,0.0024964820514545524,0.8661841720329461,0.8016175583161544,0.9998645564420295,1.0,79.5,36.04,False,False,近期份额下降,2026Q2,True,,94,False,False,multiyear | recent_growth | quarters | trend | peak | lower95 | qvalue,326,False,full-corpus numeric candidates; new taxonomy scope review pending
F0478,Trapping / Trap (plumbing) / Recombination,待主题范围审阅,全量NMF关键词主题,待主题范围审阅,True,False,315,415258,0.0007593114934008491,196,336992,0.0005826676392620136,143,294811,0.000486340112722454,148,259802,0.0005710396382262009,127,242777,0.0005246330654618622,315,196,1.3031640033460008,3,487,162.33333333333334,0.0005466824634035561,1.3889443035606066,1.3031640033460008,0.22275194669268084,4,4,3,654,0.0006094397484617722,11,2,0.9166666666666666,534,965,317.6666666666667,1.6788702928870292,0.4527875128630428,0.000546613519013741,1.3891194911733626,1.2056867832209759,2.5074571309343246e-06,8.141094580955598e-06,36.59,78.08,False,False,多年背景上持续抬升,2026Q2,False,annual_volume | active_years,392,False,True,,113,False,full-corpus numeric candidates; new taxonomy scope review pending
F0479,Redox / Electrochromism / Flow battery,待主题范围审阅,全量NMF关键词主题,待主题范围审阅,True,False,2005,415258,0.004826621870096364,1450,336992,0.004301065703560055,1256,294811,0.004258441474813682,1109,259802,0.004266454401427407,1016,242777,0.004182662831701827,2005,1450,1.1221920804653829,3,3815,1271.6666666666667,0.004275320526600381,1.1289497103353703,1.1221920804653829,0.06262178741511537,3,4,3,4711,0.0044620430161567,12,3,1.0,1956,2894,1304.0,1.499616858237548,0.5539035167995118,0.0042781618088142135,1.1281999339417617,1.068829803605304,5.595676469598797e-06,1.7820625699359226e-05,92.24000000000001,62.57999999999999,False,False,平稳或增长证据不足,2026Q2,True,,23,False,False,multiyear | recent_growth,191,False,full-corpus numeric candidates; new taxonomy scope review pending
F0480,Forensic engineering / Damages / Construction engineering,待主题范围审阅,全量NMF关键词主题,待主题范围审阅,True,False,61,415258,0.0001480115906312273,290,336992,0.0008613992325985494,188,294811,0.0006388509494646869,99,259802,0.0003826157845354006,138,242777,0.0005698955260115132,61,290,0.17182693579227665,3,577,192.33333333333334,0.0006276219888662123,0.23582919855725187,0.17182693579227665,-0.7311902927359117,0,1,3,539,0.0005494205908981546,9,2,0.75,118,717,275.0,0.4311594202898551,0.3694188766441251,0.0006475267840624317,0.22857987387430861,0.17573624740868737,1.0,1.0,23.98,5.62,False,False,近期份额下降,2026Q2,False,annual_volume | active_years | current_volume | current_share,459,False,False,volume | multiyear | recent_growth | quarters | trend | peak | lower95 | qvalue,471,False,full-corpus numeric candidates; new taxonomy scope review pending
F0481,Geography / Meteorology / Forestry,待主题范围审阅,全量NMF关键词主题,待主题范围审阅,True,False,84,415258,0.00020336551883477574,459,336992,0.0013625230546610446,340,294811,0.001153998664682896,173,259802,0.0006671742574562011,197,242777,0.0008126669053232768,84,459,0.14925657084412935,3,972,324.0,0.001061231992266714,0.1916315379829455,0.14925657084412935,-0.8679916723113341,0,1,3,883,0.0009066290793929054,9,2,0.75,177,1100,385.6666666666667,0.4603448275862069,0.19936372324747537,0.0010904238917761296,0.186501341697058,0.1493284418315661,1.0,1.0,26.639999999999997,3.9999999999999996,False,False,近期份额下降,2026Q2,False,active_years | current_volume | current_share,452,False,False,volume | multiyear | recent_growth | quarters | trend | peak | lower95 | qvalue,481,False,full-corpus numeric candidates; new taxonomy scope review pending
F0482,Energy storage / Thermal energy storage / Electrochemical energy storage,待主题范围审阅,全量NMF关键词主题,待主题范围审阅,True,False,1711,415258,0.00411905426610318,1382,336992,0.004099430082848518,1085,294811,0.0036789002951931973,841,259802,0.003235891283281805,713,242777,0.00293588778201599,1711,1382,1.0047870515798687,3,3308,1102.6666666666667,0.003671407220441174,1.1219279199456973,1.0047870515798687,0.05650485762783175,3,4,3,4178,0.003965794881381632,12,3,1.0,1709,3069,1265.6666666666667,1.3499999999999999,0.522219421342961,0.0037096837490399226,1.110351864136452,1.0474079450003817,0.0002080474786263872,0.0005910439733704182,90.25000000000001,57.82999999999999,False,False,平稳或增长证据不足,2026Q2,True,,31,False,False,multiyear | recent_growth | peak | lower95,213,False,full-corpus numeric candidates; new taxonomy scope review pending
F0483,Robustness (evolution) / Robust control / Sliding mode control,待主题范围审阅,全量NMF关键词主题,待主题范围审阅,True,False,4342,415258,0.010451062314083001,650,336992,0.0019288819304831546,850,294811,0.002882454814428203,990,259802,0.003808853613892606,900,242777,0.0037053496113600547,4342,650,5.418197012953081,3,2490,830.0,0.002873396786267988,3.637180344889646,2.743886579406272,0.6440306664415569,4,4,3,5842,0.00508746635299812,12,3,1.0,3150,3698,993.6666666666666,3.1678954423592494,0.38566607119940044,0.0027924942955973786,3.7425545794525177,3.562641536183082,0.0,0.0,86.03,99.25,False,False,多年背景上持续抬升,2026Q2,True,,55,False,True,,3,False,full-corpus numeric candidates; new taxonomy scope review pending
F0484,Sulfur / Polysulfide / Lithium–sulfur battery,待主题范围审阅,全量NMF关键词主题,待主题范围审阅,True,False,1001,415258,0.0024103025693849455,1306,336992,0.0038740726244062126,1119,294811,0.003794130705176218,1023,259802,0.0039357513112762066,1003,242777,0.004129170832870422,1001,1306,0.6221624639146711,3,3448,1149.3333333333333,0.003867984880286212,0.6231416729857007,0.583725563059208,-0.22685151716458307,0,4,3,3426,0.0033595019663224587,12,3,1.0,1169,2183,1097.3333333333333,1.0652503793626709,0.5753367096894377,0.0038666599391156634,0.6233551973376281,0.5810061910660398,1.0,1.0,86.00999999999999,19.779999999999998,False,False,近期份额下降,2026Q2,False,current_share,56,False,False,multiyear | recent_growth | quarters | trend | peak | lower95 | qvalue,401,False,full-corpus numeric candidates; new taxonomy scope review pending
F0485,Model predictive control / Horizon / Time horizon,待主题范围审阅,全量NMF关键词主题,待主题范围审阅,True,False,1331,415258,0.003204511104479336,855,336992,0.0025367540223341103,784,294811,0.002658772253872928,696,259802,0.002678310491747804,679,242777,0.00279598563122616,1331,855,1.263232885910953,3,2335,778.3333333333334,0.0026246122559849473,1.2209464834937183,1.1461114351557022,0.0933475398423349,3,4,3,2970,0.0028000124602287914,12,3,1.0,1231,1967,779.6666666666666,1.578138343296328,0.4411129694450207,0.0026186992280135225,1.2237033830380724,1.1440518905781623,1.8064692148818496e-09,7.001818662332751e-09,76.38000000000001,68.26,False,False,平稳或增长证据不足,2026Q2,True,,114,False,False,multiyear,158,False,full-corpus numeric candidates; new taxonomy scope review pending
F0486,Solar chimney / Chimney (locomotive) / Ventilation (architecture),待主题范围审阅,全量NMF关键词主题,待主题范围审阅,True,False,304,415258,0.0007328378755643695,156,336992,0.0004640584506081686,153,294811,0.0005202314097762836,159,259802,0.000613338870687401,168,242777,0.0006933386002378337,304,156,1.5791930404541794,3,468,156.0,0.0005325429103572845,1.3761104716851955,1.0569696758740772,0.17132538336323533,4,4,3,613,0.0005723759119829405,12,3,1.0,462,754,236.66666666666666,1.9481065918653577,0.34270172300967383,0.0005253096075034619,1.3950589616039717,1.2076297949725143,2.833061324555187e-06,9.13890749856512e-06,29.23,80.93,False,False,多年背景上持续抬升,2026Q2,False,annual_volume,435,False,True,,96,False,full-corpus numeric candidates; new taxonomy scope review pending
F0487,X-ray photoelectron spectroscopy / Raman spectroscopy / Spectroscopy,待主题范围审阅,全量NMF关键词主题,待主题范围审阅,True,False,702,415258,0.001690701502738816,304,336992,0.0009029124486273952,758,294811,0.002570654881532971,945,259802,0.003635811299278606,876,242777,0.003606595151978998,702,304,1.8724977214668104,3,2007,669.0,0.0023697928764796574,0.7134385116602949,0.4650135454153724,-0.2095085754884578,3,4,3,1764,0.0017214229442997274,12,3,1.0,1319,2335,1126.3333333333333,1.1709047900650504,0.5128728111492677,0.002250926439836072,0.7511136182939611,0.6892732754034334,0.9999999999729562,1.0,71.21000000000001,46.53,False,False,历史峰值以下的恢复或波动,2026Q2,True,,151,False,False,multiyear | trend | peak | lower95 | qvalue,273,False,full-corpus numeric candidates; new taxonomy scope review pending
F0488,Die (integrated circuit) / Silicon carbide / Operating system,待主题范围审阅,全量NMF关键词主题,待主题范围审阅,True,False,225,415258,0.0005427091656478335,109,336992,0.0003246926539399007,92,294811,0.0003134944977479233,54,259802,0.00020957346992140033,81,242777,0.0003353536849815041,225,109,1.6714550177297411,3,255,85.0,0.00028258687386974147,1.920503801949398,1.6183187779128347,0.2743958805140614,3,3,3,426,0.0003936321057785525,5,1,0.4166666666666667,164,296,70.66666666666667,2.3023255813953485,0.1939437017264278,0.00028648154688822736,1.8943948451226948,1.5837796392739318,5.950169826603798e-13,2.5870303593929557e-12,10.49,86.83,False,False,多年背景上持续抬升,2026Q2,False,annual_volume | active_years | persistence | current_volume,488,False,True,,66,False,full-corpus numeric candidates; new taxonomy scope review pending
F0489,Traction (geology) / Automotive engineering / Traction motor,待主题范围审阅,全量NMF关键词主题,待主题范围审阅,True,False,347,415258,0.000836325654379699,272,336992,0.0008080250977043191,237,294811,0.0008049183050284518,236,259802,0.0009094334979158014,268,242777,0.0011048155143255688,347,272,1.0350243535204349,3,745,248.33333333333334,0.0008407923002161908,0.9946875752366627,0.7569821780518998,0.01913864406696053,2,4,3,856,0.0008164230190374899,12,3,1.0,324,722,266.0,1.2172284644194757,0.24904981209893468,0.0008358982121533209,1.000511356789814,0.88091029575955,0.49960848179686124,0.9796244741114926,29.18,48.870000000000005,False,False,历史峰值以下的恢复或波动,2026Q2,True,,437,False,False,multiyear | recent_growth | quarters | peak | lower95 | qvalue,263,False,full-corpus numeric candidates; new taxonomy scope review pending
F0490,Gasoline / Petroleum / Waste management,待主题范围审阅,全量NMF关键词主题,待主题范围审阅,True,False,312,415258,0.0007520914158090819,196,336992,0.0005826676392620136,220,294811,0.0007473031000369416,190,259802,0.0007325457985326012,214,242777,0.0008826179807181918,312,196,1.2907725865154525,3,606,202.0,0.0006875055126105188,1.0939423786630085,0.8521143147311597,0.0031935104466627173,4,4,3,728,0.0006940207183693457,12,3,1.0,406,836,287.6666666666667,1.4099307159353347,0.2858426890227321,0.0006800432805781209,1.1059463967789096,0.9648525892307613,0.07496514130320867,0.1710908648220053,28.470000000000002,62.5,False,False,历史峰值以下的恢复或波动,2026Q2,False,annual_volume,441,False,False,multiyear | peak | lower95 | qvalue,192,False,full-corpus numeric candidates; new taxonomy scope review pending
F0491,Tracking (education) / Point (geometry) / Trajectory,待主题范围审阅,全量NMF关键词主题,待主题范围审阅,True,False,535,415258,0.0012887838501304428,409,336992,0.0012142615688437383,217,294811,0.0007371357109207927,161,259802,0.000621029640225801,157,242777,0.0006480761396881828,535,409,1.0613725108319678,3,787,262.3333333333333,0.0008574756399967774,1.50299762467338,1.0613725108319678,0.27934114298141743,2,4,3,1161,0.0010800603766316578,12,3,1.0,639,1214,346.6666666666667,1.8408437200383507,0.31619208138432175,0.0008829910691760432,1.4595661214705853,1.3078142809225908,5.509803775894357e-12,2.3346626169043886e-11,42.42,72.66,False,False,平稳或增长证据不足,2026Q2,True,,356,False,False,recent_growth | quarters,135,False,full-corpus numeric candidates; new taxonomy scope review pending
F0492,Space (punctuation) / Space charge / Aerospace engineering,待主题范围审阅,全量NMF关键词主题,待主题范围审阅,True,False,364,415258,0.0008772394273997131,357,336992,0.0010600696235937399,201,294811,0.0006829096356346653,126,259802,0.0004864411733038008,118,242777,0.0004876001431939661,364,357,0.8275300111192561,3,684,228.0,0.000743140144177402,1.1804495212282584,0.8275300111192561,0.125208708332873,1,4,3,922,0.0008734062288760394,11,3,0.9166666666666666,480,1098,349.6666666666667,1.3716730038022813,0.33748577866857227,0.0007675014436203195,1.142980817419388,1.006571997964219,0.019831242335900105,0.046993465250948115,35.93,53.53,False,False,近期份额下降,2026Q2,True,,393,False,False,multiyear | recent_growth | quarters | peak | lower95,237,False,full-corpus numeric candidates; new taxonomy scope review pending
F0493,Pipeline (software) / Petroleum engineering / Pipeline transport,待主题范围审阅,全量NMF关键词主题,待主题范围审阅,True,False,631,415258,0.0015198263330669928,460,336992,0.0013654882843773908,358,294811,0.0012150029993797892,252,259802,0.0009709596542230016,239,242777,0.0009854872092401256,631,460,1.113027735540019,3,1070,356.6666666666667,0.0011838169793267272,1.2838355587122634,1.113027735540019,0.11192476417732067,3,4,3,1449,0.001366772538941391,12,3,1.0,655,1216,395.3333333333333,1.6551724137931034,0.35624603742068156,0.0012003072248291482,1.2661977713941737,1.1475999078926957,1.2019397464427082e-06,3.981253525073879e-06,50.0,68.52,False,False,平稳或增长证据不足,2026Q2,True,,300,False,False,recent_growth,155,False,full-corpus numeric candidates; new taxonomy scope review pending
F0494,Combinatorial chemistry / Organic chemistry / Amine gas treating,待主题范围审阅,全量NMF关键词主题,待主题范围审阅,True,False,117,415258,0.0002827863723442148,582,336992,0.001727246309771618,476,294811,0.001614920304614978,358,259802,0.0013785704397582023,286,242777,0.001178881358861361,117,582,0.16372093009803895,3,1416,472.0,0.001573579018048266,0.17970903850444003,0.16372093009803895,-0.8711745714531367,0,1,3,1175,0.0012083176622436035,9,2,0.75,250,1396,706.3333333333334,0.35485391140433553,0.5682920291126383,0.0015882626660163367,0.17804761038266834,0.1475083561235726,1.0,1.0,52.35000000000001,3.4099999999999997,False,False,近期份额下降,2026Q2,False,active_years | current_volume | current_share,284,False,False,multiyear | recent_growth | quarters | trend | peak | lower95 | qvalue,484,False,full-corpus numeric candidates; new taxonomy scope review pending
F0495,Electric power system / Phasor / Phasor measurement unit,待主题范围审阅,全量NMF关键词主题,待主题范围审阅,True,False,746,415258,0.0017965959740847348,271,336992,0.0008050598679879731,319,294811,0.001082826940869854,354,259802,0.0013631889006814023,310,242777,0.0012776358182424175,746,271,2.2316302743730536,3,944,314.6666666666667,0.0010836919031797431,1.6578475568685207,1.3179361812487542,0.25315929488271305,4,4,3,1336,0.0012281609276475207,12,3,1.0,730,1166,397.6666666666667,1.8336120401337792,0.34640895016821976,0.0010590286537609814,1.6964564345869149,1.5411898075763661,4.321154992376357e-28,3.1773198473355565e-27,47.81,89.30999999999999,False,False,多年背景上持续抬升,2026Q2,True,,322,False,True,,52,False,full-corpus numeric candidates; new taxonomy scope review pending
F0496,Photoluminescence / Luminescence / Phosphor,待主题范围审阅,全量NMF关键词主题,待主题范围审阅,True,False,1340,415258,0.0032261713372546377,927,336992,0.0027502505619110313,1622,294811,0.005498862946983844,1743,259802,0.006704428345100211,1700,242777,0.006997164924061936,1340,927,1.1730463332813246,3,4292,1430.6666666666667,0.004984513951331695,0.6472389020784489,0.4610683572943151,-0.26662262214923027,4,4,3,3889,0.0038250949487165045,12,3,1.0,1533,2599,1368.0,1.1205259313367422,0.5487652450328683,0.004813002113572273,0.6703033285934152,0.6304320407540952,1.0,1.0,89.29000000000002,39.96,False,False,历史峰值以下的恢复或波动,2026Q2,True,,35,False,False,multiyear | trend | peak | lower95 | qvalue,305,False,full-corpus numeric candidates; new taxonomy scope review pending
F0497,Raw material / Pellets / Pellet,待主题范围审阅,全量NMF关键词主题,待主题范围审阅,True,False,926,415258,0.002229800629590766,375,336992,0.0011134437584879701,434,294811,0.0014725768569888939,463,259802,0.0017823358405242029,454,242777,0.001870162574528756,926,375,2.002616308720237,3,1272,424.0,0.0014561188186670224,1.5313315101799154,1.1923030970463258,0.2074491738118689,3,4,3,1735,0.0016052737483558766,12,3,1.0,1196,1925,631.6666666666666,1.891991570073762,0.37239781359463836,0.0014268014419384317,1.562796731240607,1.4359532566944953,8.621367947017326e-26,6.071385878181215e-25,60.940000000000005,84.09999999999998,False,False,多年背景上持续抬升,2026Q2,True,,229,False,True,,76,False,full-corpus numeric candidates; new taxonomy scope review pending
F0498,Rational design / Nanostructure / Sustainable energy,待主题范围审阅,全量NMF关键词主题,待主题范围审阅,True,False,831,415258,0.002001164839184805,277,336992,0.0008228512462860498,185,294811,0.0006286835603485381,139,259802,0.0005364311753034009,134,242777,0.0005534364494480037,831,277,2.4319885862931967,3,601,200.33333333333334,0.0006626553273126629,3.0199181334591287,2.4319885862931967,0.5789283315946312,4,4,3,1293,0.0011508998819397976,12,3,1.0,1113,1467,372.6666666666667,2.981266726137377,0.5779771404612516,0.0006744369880754158,2.9671635372421687,2.671641925402363,1.9138121460377264e-101,5.980662956367895e-100,61.49,97.48999999999998,False,False,多年背景上持续抬升,2026Q2,True,,226,False,True,,11,False,full-corpus numeric candidates; new taxonomy scope review pending
F0499,Leakage (economics) / Carbon leakage / Petroleum engineering,待主题范围审阅,全量NMF关键词主题,待主题范围审阅,True,False,762,415258,0.00183510305457416,404,336992,0.0011994354202620077,326,294811,0.0011065508488075347,282,259802,0.0010863211972990017,253,242777,0.0010430939772124086,762,404,1.5299723716457325,3,1012,337.3333333333333,0.0011307691554561813,1.6228803604338078,1.5299723716457325,0.2529264031844254,4,4,3,1492,0.0013803631078812342,12,3,1.0,952,1560,473.6666666666667,2.0077247191011236,0.38534272717996826,0.00113527423179777,1.6164403306046788,1.471446443327597,2.2716922139743674e-24,1.4751248142690698e-23,55.85,85.22999999999999,False,False,多年背景上持续抬升,2026Q2,True,,260,False,True,,72,False,full-corpus numeric candidates; new taxonomy scope review pending
F0500,Composite number / Composite material / Tribology,待主题范围审阅,全量NMF关键词主题,待主题范围审阅,True,False,902,415258,0.0021720400088566286,948,336992,0.0028125203859543,630,294811,0.002136846279243953,436,259802,0.0016785104517558027,393,242777,0.0016191616569352376,902,948,0.772275294324541,3,2014,671.3333333333334,0.0022092923723180183,0.9831383279423972,0.772275294324541,0.008167890702915681,1,4,3,2480,0.0023738022246849607,12,3,1.0,1206,2325,895.6666666666666,1.346096654275093,0.486089802784745,0.002258775249339859,0.9616007654995427,0.8889942733865505,0.8359839773089538,1.0,77.45,41.32,False,False,近期份额下降,2026Q2,False,current_share,105,False,False,multiyear | recent_growth | quarters | peak | lower95 | qvalue,296,False,full-corpus numeric candidates; new taxonomy scope review pending
