category_id,period,papers
N0001,2021Q3,0
N0001,2021Q4,1
N0001,2022Q1,0
N0001,2022Q2,0
N0001,2022Q3,0
N0001,2022Q4,0
N0001,2023Q1,1
N0001,2023Q2,0
N0001,2023Q3,0
N0001,2023Q4,2
N0001,2024Q1,2
N0001,2024Q2,3
N0001,2024Q3,1
N0001,2024Q4,2
N0001,2025Q1,3
N0001,2025Q2,2
N0001,2025Q3,2
N0001,2025Q4,0
N0001,2026Q1,1
N0001,2026Q2,0
N0002,2021Q3,1
N0002,2021Q4,2
N0002,2022Q1,2
N0002,2022Q2,1
N0002,2022Q3,0
N0002,2022Q4,0
N0002,2023Q1,0
N0002,2023Q2,2
N0002,2023Q3,1
N0002,2023Q4,1
N0002,2024Q1,2
N0002,2024Q2,3
N0002,2024Q3,0
N0002,2024Q4,2
N0002,2025Q1,3
N0002,2025Q2,2
N0002,2025Q3,4
N0002,2025Q4,0
N0002,2026Q1,0
N0002,2026Q2,0
N0003,2021Q3,4
N0003,2021Q4,4
N0003,2022Q1,1
N0003,2022Q2,2
N0003,2022Q3,1
N0003,2022Q4,5
N0003,2023Q1,3
N0003,2023Q2,3
N0003,2023Q3,4
N0003,2023Q4,2
N0003,2024Q1,5
N0003,2024Q2,6
N0003,2024Q3,1
N0003,2024Q4,6
N0003,2025Q1,2
N0003,2025Q2,2
N0003,2025Q3,4
N0003,2025Q4,2
N0003,2026Q1,3
N0003,2026Q2,3
N0004,2021Q3,2
N0004,2021Q4,2
N0004,2022Q1,2
N0004,2022Q2,2
N0004,2022Q3,1
N0004,2022Q4,2
N0004,2023Q1,7
N0004,2023Q2,3
N0004,2023Q3,2
N0004,2023Q4,4
N0004,2024Q1,6
N0004,2024Q2,11
N0004,2024Q3,3
N0004,2024Q4,3
N0004,2025Q1,7
N0004,2025Q2,11
N0004,2025Q3,2
N0004,2025Q4,0
N0004,2026Q1,0
N0004,2026Q2,0
N0005,2021Q3,1
N0005,2021Q4,0
N0005,2022Q1,0
N0005,2022Q2,1
N0005,2022Q3,1
N0005,2022Q4,0
N0005,2023Q1,0
N0005,2023Q2,0
N0005,2023Q3,0
N0005,2023Q4,0
N0005,2024Q1,4
N0005,2024Q2,3
N0005,2024Q3,2
N0005,2024Q4,3
N0005,2025Q1,1
N0005,2025Q2,6
N0005,2025Q3,0
N0005,2025Q4,0
N0005,2026Q1,0
N0005,2026Q2,0
N0006,2021Q3,4
N0006,2021Q4,3
N0006,2022Q1,3
N0006,2022Q2,2
N0006,2022Q3,7
N0006,2022Q4,1
N0006,2023Q1,3
N0006,2023Q2,2
N0006,2023Q3,1
N0006,2023Q4,4
N0006,2024Q1,14
N0006,2024Q2,19
N0006,2024Q3,8
N0006,2024Q4,17
N0006,2025Q1,15
N0006,2025Q2,14
N0006,2025Q3,11
N0006,2025Q4,1
N0006,2026Q1,0
N0006,2026Q2,0
N0007,2021Q3,9
N0007,2021Q4,11
N0007,2022Q1,17
N0007,2022Q2,11
N0007,2022Q3,11
N0007,2022Q4,12
N0007,2023Q1,8
N0007,2023Q2,11
N0007,2023Q3,8
N0007,2023Q4,8
N0007,2024Q1,14
N0007,2024Q2,20
N0007,2024Q3,11
N0007,2024Q4,24
N0007,2025Q1,14
N0007,2025Q2,10
N0007,2025Q3,16
N0007,2025Q4,19
N0007,2026Q1,15
N0007,2026Q2,16
N0008,2021Q3,4
N0008,2021Q4,2
N0008,2022Q1,3
N0008,2022Q2,1
N0008,2022Q3,5
N0008,2022Q4,4
N0008,2023Q1,8
N0008,2023Q2,4
N0008,2023Q3,0
N0008,2023Q4,5
N0008,2024Q1,7
N0008,2024Q2,26
N0008,2024Q3,11
N0008,2024Q4,17
N0008,2025Q1,21
N0008,2025Q2,18
N0008,2025Q3,17
N0008,2025Q4,4
N0008,2026Q1,5
N0008,2026Q2,3
N0009,2021Q3,4
N0009,2021Q4,3
N0009,2022Q1,8
N0009,2022Q2,2
N0009,2022Q3,4
N0009,2022Q4,4
N0009,2023Q1,2
N0009,2023Q2,2
N0009,2023Q3,3
N0009,2023Q4,2
N0009,2024Q1,17
N0009,2024Q2,8
N0009,2024Q3,17
N0009,2024Q4,12
N0009,2025Q1,16
N0009,2025Q2,14
N0009,2025Q3,10
N0009,2025Q4,0
N0009,2026Q1,1
N0009,2026Q2,0
N0010,2021Q3,0
N0010,2021Q4,4
N0010,2022Q1,1
N0010,2022Q2,0
N0010,2022Q3,2
N0010,2022Q4,0
N0010,2023Q1,0
N0010,2023Q2,2
N0010,2023Q3,1
N0010,2023Q4,0
N0010,2024Q1,3
N0010,2024Q2,3
N0010,2024Q3,4
N0010,2024Q4,1
N0010,2025Q1,7
N0010,2025Q2,1
N0010,2025Q3,1
N0010,2025Q4,2
N0010,2026Q1,5
N0010,2026Q2,4
N0011,2021Q3,2
N0011,2021Q4,1
N0011,2022Q1,4
N0011,2022Q2,0
N0011,2022Q3,0
N0011,2022Q4,4
N0011,2023Q1,3
N0011,2023Q2,3
N0011,2023Q3,2
N0011,2023Q4,4
N0011,2024Q1,4
N0011,2024Q2,5
N0011,2024Q3,4
N0011,2024Q4,8
N0011,2025Q1,6
N0011,2025Q2,4
N0011,2025Q3,4
N0011,2025Q4,1
N0011,2026Q1,1
N0011,2026Q2,0
N0012,2021Q3,0
N0012,2021Q4,1
N0012,2022Q1,0
N0012,2022Q2,0
N0012,2022Q3,1
N0012,2022Q4,1
N0012,2023Q1,0
N0012,2023Q2,1
N0012,2023Q3,1
N0012,2023Q4,1
N0012,2024Q1,0
N0012,2024Q2,1
N0012,2024Q3,2
N0012,2024Q4,4
N0012,2025Q1,2
N0012,2025Q2,3
N0012,2025Q3,1
N0012,2025Q4,1
N0012,2026Q1,0
N0012,2026Q2,0
N0013,2021Q3,10
N0013,2021Q4,6
N0013,2022Q1,8
N0013,2022Q2,6
N0013,2022Q3,15
N0013,2022Q4,8
N0013,2023Q1,9
N0013,2023Q2,18
N0013,2023Q3,17
N0013,2023Q4,13
N0013,2024Q1,13
N0013,2024Q2,12
N0013,2024Q3,9
N0013,2024Q4,6
N0013,2025Q1,7
N0013,2025Q2,3
N0013,2025Q3,11
N0013,2025Q4,20
N0013,2026Q1,12
N0013,2026Q2,17
N0014,2021Q3,0
N0014,2021Q4,0
N0014,2022Q1,1
N0014,2022Q2,0
N0014,2022Q3,2
N0014,2022Q4,0
N0014,2023Q1,0
N0014,2023Q2,0
N0014,2023Q3,0
N0014,2023Q4,1
N0014,2024Q1,0
N0014,2024Q2,0
N0014,2024Q3,1
N0014,2024Q4,0
N0014,2025Q1,0
N0014,2025Q2,0
N0014,2025Q3,0
N0014,2025Q4,0
N0014,2026Q1,0
N0014,2026Q2,0
N0015,2021Q3,4
N0015,2021Q4,6
N0015,2022Q1,8
N0015,2022Q2,13
N0015,2022Q3,4
N0015,2022Q4,3
N0015,2023Q1,7
N0015,2023Q2,8
N0015,2023Q3,3
N0015,2023Q4,7
N0015,2024Q1,6
N0015,2024Q2,5
N0015,2024Q3,7
N0015,2024Q4,12
N0015,2025Q1,8
N0015,2025Q2,5
N0015,2025Q3,6
N0015,2025Q4,4
N0015,2026Q1,5
N0015,2026Q2,2
N0016,2021Q3,4
N0016,2021Q4,3
N0016,2022Q1,3
N0016,2022Q2,5
N0016,2022Q3,6
N0016,2022Q4,2
N0016,2023Q1,7
N0016,2023Q2,6
N0016,2023Q3,4
N0016,2023Q4,6
N0016,2024Q1,3
N0016,2024Q2,7
N0016,2024Q3,8
N0016,2024Q4,6
N0016,2025Q1,8
N0016,2025Q2,5
N0016,2025Q3,8
N0016,2025Q4,16
N0016,2026Q1,11
N0016,2026Q2,7
N0017,2021Q3,1
N0017,2021Q4,3
N0017,2022Q1,6
N0017,2022Q2,2
N0017,2022Q3,3
N0017,2022Q4,4
N0017,2023Q1,2
N0017,2023Q2,2
N0017,2023Q3,3
N0017,2023Q4,3
N0017,2024Q1,10
N0017,2024Q2,10
N0017,2024Q3,6
N0017,2024Q4,11
N0017,2025Q1,7
N0017,2025Q2,5
N0017,2025Q3,7
N0017,2025Q4,4
N0017,2026Q1,7
N0017,2026Q2,6
N0018,2021Q3,2
N0018,2021Q4,0
N0018,2022Q1,3
N0018,2022Q2,3
N0018,2022Q3,1
N0018,2022Q4,1
N0018,2023Q1,3
N0018,2023Q2,1
N0018,2023Q3,4
N0018,2023Q4,4
N0018,2024Q1,1
N0018,2024Q2,4
N0018,2024Q3,2
N0018,2024Q4,2
N0018,2025Q1,5
N0018,2025Q2,2
N0018,2025Q3,6
N0018,2025Q4,0
N0018,2026Q1,3
N0018,2026Q2,1
N0019,2021Q3,9
N0019,2021Q4,6
N0019,2022Q1,9
N0019,2022Q2,9
N0019,2022Q3,13
N0019,2022Q4,10
N0019,2023Q1,15
N0019,2023Q2,12
N0019,2023Q3,11
N0019,2023Q4,9
N0019,2024Q1,12
N0019,2024Q2,16
N0019,2024Q3,16
N0019,2024Q4,11
N0019,2025Q1,10
N0019,2025Q2,5
N0019,2025Q3,14
N0019,2025Q4,9
N0019,2026Q1,14
N0019,2026Q2,16
N0020,2021Q3,5
N0020,2021Q4,1
N0020,2022Q1,1
N0020,2022Q2,6
N0020,2022Q3,5
N0020,2022Q4,5
N0020,2023Q1,6
N0020,2023Q2,4
N0020,2023Q3,3
N0020,2023Q4,2
N0020,2024Q1,7
N0020,2024Q2,6
N0020,2024Q3,8
N0020,2024Q4,2
N0020,2025Q1,3
N0020,2025Q2,5
N0020,2025Q3,2
N0020,2025Q4,2
N0020,2026Q1,4
N0020,2026Q2,5
N0021,2021Q3,15
N0021,2021Q4,18
N0021,2022Q1,9
N0021,2022Q2,4
N0021,2022Q3,11
N0021,2022Q4,11
N0021,2023Q1,23
N0021,2023Q2,15
N0021,2023Q3,12
N0021,2023Q4,16
N0021,2024Q1,19
N0021,2024Q2,15
N0021,2024Q3,24
N0021,2024Q4,20
N0021,2025Q1,27
N0021,2025Q2,22
N0021,2025Q3,15
N0021,2025Q4,27
N0021,2026Q1,11
N0021,2026Q2,19
N0022,2021Q3,4
N0022,2021Q4,5
N0022,2022Q1,2
N0022,2022Q2,3
N0022,2022Q3,6
N0022,2022Q4,5
N0022,2023Q1,3
N0022,2023Q2,2
N0022,2023Q3,5
N0022,2023Q4,1
N0022,2024Q1,6
N0022,2024Q2,4
N0022,2024Q3,6
N0022,2024Q4,6
N0022,2025Q1,5
N0022,2025Q2,7
N0022,2025Q3,9
N0022,2025Q4,0
N0022,2026Q1,3
N0022,2026Q2,2
N0023,2021Q3,3
N0023,2021Q4,1
N0023,2022Q1,3
N0023,2022Q2,2
N0023,2022Q3,1
N0023,2022Q4,1
N0023,2023Q1,2
N0023,2023Q2,1
N0023,2023Q3,2
N0023,2023Q4,1
N0023,2024Q1,4
N0023,2024Q2,5
N0023,2024Q3,3
N0023,2024Q4,7
N0023,2025Q1,4
N0023,2025Q2,1
N0023,2025Q3,5
N0023,2025Q4,2
N0023,2026Q1,0
N0023,2026Q2,3
N0024,2021Q3,2
N0024,2021Q4,2
N0024,2022Q1,3
N0024,2022Q2,6
N0024,2022Q3,3
N0024,2022Q4,3
N0024,2023Q1,5
N0024,2023Q2,1
N0024,2023Q3,2
N0024,2023Q4,4
N0024,2024Q1,9
N0024,2024Q2,5
N0024,2024Q3,4
N0024,2024Q4,11
N0024,2025Q1,5
N0024,2025Q2,10
N0024,2025Q3,3
N0024,2025Q4,0
N0024,2026Q1,0
N0024,2026Q2,0
N0025,2021Q3,0
N0025,2021Q4,2
N0025,2022Q1,2
N0025,2022Q2,4
N0025,2022Q3,2
N0025,2022Q4,3
N0025,2023Q1,4
N0025,2023Q2,1
N0025,2023Q3,1
N0025,2023Q4,2
N0025,2024Q1,3
N0025,2024Q2,5
N0025,2024Q3,13
N0025,2024Q4,6
N0025,2025Q1,4
N0025,2025Q2,18
N0025,2025Q3,5
N0025,2025Q4,4
N0025,2026Q1,8
N0025,2026Q2,11
N0026,2021Q3,0
N0026,2021Q4,2
N0026,2022Q1,0
N0026,2022Q2,4
N0026,2022Q3,2
N0026,2022Q4,0
N0026,2023Q1,0
N0026,2023Q2,1
N0026,2023Q3,0
N0026,2023Q4,0
N0026,2024Q1,3
N0026,2024Q2,13
N0026,2024Q3,3
N0026,2024Q4,7
N0026,2025Q1,4
N0026,2025Q2,5
N0026,2025Q3,2
N0026,2025Q4,0
N0026,2026Q1,1
N0026,2026Q2,2
N0027,2021Q3,7
N0027,2021Q4,4
N0027,2022Q1,6
N0027,2022Q2,6
N0027,2022Q3,4
N0027,2022Q4,6
N0027,2023Q1,7
N0027,2023Q2,1
N0027,2023Q3,2
N0027,2023Q4,4
N0027,2024Q1,13
N0027,2024Q2,8
N0027,2024Q3,8
N0027,2024Q4,5
N0027,2025Q1,7
N0027,2025Q2,7
N0027,2025Q3,6
N0027,2025Q4,5
N0027,2026Q1,11
N0027,2026Q2,4
N0028,2021Q3,2
N0028,2021Q4,2
N0028,2022Q1,2
N0028,2022Q2,5
N0028,2022Q3,1
N0028,2022Q4,2
N0028,2023Q1,2
N0028,2023Q2,2
N0028,2023Q3,5
N0028,2023Q4,1
N0028,2024Q1,3
N0028,2024Q2,2
N0028,2024Q3,8
N0028,2024Q4,7
N0028,2025Q1,5
N0028,2025Q2,4
N0028,2025Q3,1
N0028,2025Q4,3
N0028,2026Q1,6
N0028,2026Q2,11
N0029,2021Q3,1
N0029,2021Q4,3
N0029,2022Q1,2
N0029,2022Q2,3
N0029,2022Q3,2
N0029,2022Q4,0
N0029,2023Q1,5
N0029,2023Q2,2
N0029,2023Q3,1
N0029,2023Q4,0
N0029,2024Q1,7
N0029,2024Q2,5
N0029,2024Q3,6
N0029,2024Q4,3
N0029,2025Q1,7
N0029,2025Q2,2
N0029,2025Q3,4
N0029,2025Q4,4
N0029,2026Q1,5
N0029,2026Q2,2
N0030,2021Q3,3
N0030,2021Q4,4
N0030,2022Q1,1
N0030,2022Q2,1
N0030,2022Q3,0
N0030,2022Q4,3
N0030,2023Q1,4
N0030,2023Q2,1
N0030,2023Q3,3
N0030,2023Q4,2
N0030,2024Q1,3
N0030,2024Q2,7
N0030,2024Q3,10
N0030,2024Q4,11
N0030,2025Q1,8
N0030,2025Q2,9
N0030,2025Q3,3
N0030,2025Q4,2
N0030,2026Q1,2
N0030,2026Q2,9
N0031,2021Q3,1
N0031,2021Q4,5
N0031,2022Q1,1
N0031,2022Q2,4
N0031,2022Q3,3
N0031,2022Q4,4
N0031,2023Q1,8
N0031,2023Q2,6
N0031,2023Q3,5
N0031,2023Q4,3
N0031,2024Q1,4
N0031,2024Q2,6
N0031,2024Q3,1
N0031,2024Q4,3
N0031,2025Q1,7
N0031,2025Q2,9
N0031,2025Q3,3
N0031,2025Q4,4
N0031,2026Q1,4
N0031,2026Q2,5
N0032,2021Q3,3
N0032,2021Q4,3
N0032,2022Q1,3
N0032,2022Q2,1
N0032,2022Q3,4
N0032,2022Q4,2
N0032,2023Q1,6
N0032,2023Q2,2
N0032,2023Q3,1
N0032,2023Q4,1
N0032,2024Q1,7
N0032,2024Q2,8
N0032,2024Q3,4
N0032,2024Q4,2
N0032,2025Q1,2
N0032,2025Q2,6
N0032,2025Q3,14
N0032,2025Q4,6
N0032,2026Q1,5
N0032,2026Q2,6
N0033,2021Q3,9
N0033,2021Q4,5
N0033,2022Q1,5
N0033,2022Q2,8
N0033,2022Q3,6
N0033,2022Q4,6
N0033,2023Q1,7
N0033,2023Q2,11
N0033,2023Q3,5
N0033,2023Q4,6
N0033,2024Q1,25
N0033,2024Q2,17
N0033,2024Q3,12
N0033,2024Q4,20
N0033,2025Q1,16
N0033,2025Q2,18
N0033,2025Q3,20
N0033,2025Q4,19
N0033,2026Q1,12
N0033,2026Q2,8
N0034,2021Q3,2
N0034,2021Q4,5
N0034,2022Q1,3
N0034,2022Q2,3
N0034,2022Q3,2
N0034,2022Q4,7
N0034,2023Q1,7
N0034,2023Q2,1
N0034,2023Q3,4
N0034,2023Q4,7
N0034,2024Q1,8
N0034,2024Q2,7
N0034,2024Q3,7
N0034,2024Q4,11
N0034,2025Q1,5
N0034,2025Q2,7
N0034,2025Q3,11
N0034,2025Q4,5
N0034,2026Q1,9
N0034,2026Q2,6
N0035,2021Q3,3
N0035,2021Q4,0
N0035,2022Q1,2
N0035,2022Q2,1
N0035,2022Q3,2
N0035,2022Q4,4
N0035,2023Q1,1
N0035,2023Q2,2
N0035,2023Q3,0
N0035,2023Q4,3
N0035,2024Q1,5
N0035,2024Q2,1
N0035,2024Q3,2
N0035,2024Q4,4
N0035,2025Q1,4
N0035,2025Q2,3
N0035,2025Q3,4
N0035,2025Q4,4
N0035,2026Q1,3
N0035,2026Q2,8
N0036,2021Q3,4
N0036,2021Q4,3
N0036,2022Q1,5
N0036,2022Q2,1
N0036,2022Q3,4
N0036,2022Q4,1
N0036,2023Q1,1
N0036,2023Q2,0
N0036,2023Q3,2
N0036,2023Q4,1
N0036,2024Q1,3
N0036,2024Q2,6
N0036,2024Q3,8
N0036,2024Q4,5
N0036,2025Q1,5
N0036,2025Q2,8
N0036,2025Q3,5
N0036,2025Q4,0
N0036,2026Q1,1
N0036,2026Q2,0
N0037,2021Q3,14
N0037,2021Q4,16
N0037,2022Q1,6
N0037,2022Q2,13
N0037,2022Q3,20
N0037,2022Q4,11
N0037,2023Q1,10
N0037,2023Q2,11
N0037,2023Q3,13
N0037,2023Q4,10
N0037,2024Q1,9
N0037,2024Q2,18
N0037,2024Q3,21
N0037,2024Q4,12
N0037,2025Q1,11
N0037,2025Q2,10
N0037,2025Q3,13
N0037,2025Q4,21
N0037,2026Q1,16
N0037,2026Q2,15
N0038,2021Q3,4
N0038,2021Q4,4
N0038,2022Q1,8
N0038,2022Q2,4
N0038,2022Q3,5
N0038,2022Q4,7
N0038,2023Q1,15
N0038,2023Q2,3
N0038,2023Q3,3
N0038,2023Q4,6
N0038,2024Q1,29
N0038,2024Q2,21
N0038,2024Q3,19
N0038,2024Q4,22
N0038,2025Q1,28
N0038,2025Q2,21
N0038,2025Q3,20
N0038,2025Q4,12
N0038,2026Q1,29
N0038,2026Q2,33
N0039,2021Q3,5
N0039,2021Q4,4
N0039,2022Q1,5
N0039,2022Q2,1
N0039,2022Q3,4
N0039,2022Q4,5
N0039,2023Q1,6
N0039,2023Q2,5
N0039,2023Q3,1
N0039,2023Q4,3
N0039,2024Q1,11
N0039,2024Q2,11
N0039,2024Q3,8
N0039,2024Q4,7
N0039,2025Q1,11
N0039,2025Q2,6
N0039,2025Q3,5
N0039,2025Q4,10
N0039,2026Q1,6
N0039,2026Q2,8
N0040,2021Q3,2
N0040,2021Q4,6
N0040,2022Q1,7
N0040,2022Q2,5
N0040,2022Q3,5
N0040,2022Q4,5
N0040,2023Q1,4
N0040,2023Q2,6
N0040,2023Q3,9
N0040,2023Q4,5
N0040,2024Q1,2
N0040,2024Q2,3
N0040,2024Q3,0
N0040,2024Q4,5
N0040,2025Q1,5
N0040,2025Q2,4
N0040,2025Q3,1
N0040,2025Q4,5
N0040,2026Q1,14
N0040,2026Q2,4
N0041,2021Q3,3
N0041,2021Q4,4
N0041,2022Q1,6
N0041,2022Q2,6
N0041,2022Q3,2
N0041,2022Q4,7
N0041,2023Q1,7
N0041,2023Q2,6
N0041,2023Q3,6
N0041,2023Q4,3
N0041,2024Q1,10
N0041,2024Q2,7
N0041,2024Q3,13
N0041,2024Q4,12
N0041,2025Q1,5
N0041,2025Q2,8
N0041,2025Q3,9
N0041,2025Q4,6
N0041,2026Q1,6
N0041,2026Q2,7
N0042,2021Q3,1
N0042,2021Q4,0
N0042,2022Q1,1
N0042,2022Q2,0
N0042,2022Q3,1
N0042,2022Q4,1
N0042,2023Q1,1
N0042,2023Q2,2
N0042,2023Q3,2
N0042,2023Q4,1
N0042,2024Q1,0
N0042,2024Q2,2
N0042,2024Q3,0
N0042,2024Q4,0
N0042,2025Q1,0
N0042,2025Q2,0
N0042,2025Q3,0
N0042,2025Q4,1
N0042,2026Q1,0
N0042,2026Q2,1
N0043,2021Q3,8
N0043,2021Q4,5
N0043,2022Q1,11
N0043,2022Q2,8
N0043,2022Q3,7
N0043,2022Q4,9
N0043,2023Q1,4
N0043,2023Q2,9
N0043,2023Q3,4
N0043,2023Q4,12
N0043,2024Q1,12
N0043,2024Q2,10
N0043,2024Q3,7
N0043,2024Q4,11
N0043,2025Q1,8
N0043,2025Q2,6
N0043,2025Q3,8
N0043,2025Q4,13
N0043,2026Q1,9
N0043,2026Q2,2
N0044,2021Q3,2
N0044,2021Q4,5
N0044,2022Q1,2
N0044,2022Q2,2
N0044,2022Q3,2
N0044,2022Q4,1
N0044,2023Q1,3
N0044,2023Q2,2
N0044,2023Q3,1
N0044,2023Q4,2
N0044,2024Q1,7
N0044,2024Q2,3
N0044,2024Q3,8
N0044,2024Q4,7
N0044,2025Q1,11
N0044,2025Q2,10
N0044,2025Q3,6
N0044,2025Q4,2
N0044,2026Q1,6
N0044,2026Q2,2
N0045,2021Q3,1
N0045,2021Q4,0
N0045,2022Q1,0
N0045,2022Q2,0
N0045,2022Q3,1
N0045,2022Q4,2
N0045,2023Q1,3
N0045,2023Q2,1
N0045,2023Q3,1
N0045,2023Q4,2
N0045,2024Q1,3
N0045,2024Q2,4
N0045,2024Q3,1
N0045,2024Q4,3
N0045,2025Q1,3
N0045,2025Q2,2
N0045,2025Q3,0
N0045,2025Q4,1
N0045,2026Q1,4
N0045,2026Q2,0
N0046,2021Q3,1
N0046,2021Q4,1
N0046,2022Q1,0
N0046,2022Q2,0
N0046,2022Q3,1
N0046,2022Q4,0
N0046,2023Q1,0
N0046,2023Q2,1
N0046,2023Q3,0
N0046,2023Q4,0
N0046,2024Q1,6
N0046,2024Q2,6
N0046,2024Q3,7
N0046,2024Q4,9
N0046,2025Q1,7
N0046,2025Q2,8
N0046,2025Q3,9
N0046,2025Q4,3
N0046,2026Q1,3
N0046,2026Q2,8
N0047,2021Q3,5
N0047,2021Q4,4
N0047,2022Q1,10
N0047,2022Q2,5
N0047,2022Q3,2
N0047,2022Q4,9
N0047,2023Q1,3
N0047,2023Q2,7
N0047,2023Q3,5
N0047,2023Q4,5
N0047,2024Q1,12
N0047,2024Q2,9
N0047,2024Q3,14
N0047,2024Q4,13
N0047,2025Q1,7
N0047,2025Q2,8
N0047,2025Q3,7
N0047,2025Q4,8
N0047,2026Q1,11
N0047,2026Q2,7
N0048,2021Q3,4
N0048,2021Q4,0
N0048,2022Q1,2
N0048,2022Q2,5
N0048,2022Q3,3
N0048,2022Q4,3
N0048,2023Q1,2
N0048,2023Q2,3
N0048,2023Q3,5
N0048,2023Q4,4
N0048,2024Q1,2
N0048,2024Q2,2
N0048,2024Q3,2
N0048,2024Q4,5
N0048,2025Q1,1
N0048,2025Q2,3
N0048,2025Q3,5
N0048,2025Q4,1
N0048,2026Q1,1
N0048,2026Q2,3
N0049,2021Q3,2
N0049,2021Q4,4
N0049,2022Q1,1
N0049,2022Q2,2
N0049,2022Q3,1
N0049,2022Q4,2
N0049,2023Q1,3
N0049,2023Q2,1
N0049,2023Q3,2
N0049,2023Q4,4
N0049,2024Q1,11
N0049,2024Q2,3
N0049,2024Q3,4
N0049,2024Q4,4
N0049,2025Q1,4
N0049,2025Q2,6
N0049,2025Q3,6
N0049,2025Q4,0
N0049,2026Q1,0
N0049,2026Q2,0
N0050,2021Q3,5
N0050,2021Q4,11
N0050,2022Q1,7
N0050,2022Q2,5
N0050,2022Q3,5
N0050,2022Q4,7
N0050,2023Q1,7
N0050,2023Q2,3
N0050,2023Q3,8
N0050,2023Q4,2
N0050,2024Q1,10
N0050,2024Q2,5
N0050,2024Q3,17
N0050,2024Q4,16
N0050,2025Q1,12
N0050,2025Q2,14
N0050,2025Q3,10
N0050,2025Q4,5
N0050,2026Q1,5
N0050,2026Q2,10
N0051,2021Q3,0
N0051,2021Q4,1
N0051,2022Q1,0
N0051,2022Q2,0
N0051,2022Q3,1
N0051,2022Q4,1
N0051,2023Q1,2
N0051,2023Q2,1
N0051,2023Q3,0
N0051,2023Q4,0
N0051,2024Q1,1
N0051,2024Q2,6
N0051,2024Q3,5
N0051,2024Q4,4
N0051,2025Q1,1
N0051,2025Q2,3
N0051,2025Q3,4
N0051,2025Q4,3
N0051,2026Q1,1
N0051,2026Q2,4
N0052,2021Q3,1
N0052,2021Q4,1
N0052,2022Q1,2
N0052,2022Q2,3
N0052,2022Q3,3
N0052,2022Q4,4
N0052,2023Q1,1
N0052,2023Q2,2
N0052,2023Q3,3
N0052,2023Q4,2
N0052,2024Q1,0
N0052,2024Q2,0
N0052,2024Q3,1
N0052,2024Q4,1
N0052,2025Q1,0
N0052,2025Q2,2
N0052,2025Q3,1
N0052,2025Q4,2
N0052,2026Q1,0
N0052,2026Q2,0
N0053,2021Q3,9
N0053,2021Q4,10
N0053,2022Q1,4
N0053,2022Q2,5
N0053,2022Q3,6
N0053,2022Q4,3
N0053,2023Q1,5
N0053,2023Q2,1
N0053,2023Q3,5
N0053,2023Q4,5
N0053,2024Q1,9
N0053,2024Q2,6
N0053,2024Q3,10
N0053,2024Q4,8
N0053,2025Q1,7
N0053,2025Q2,5
N0053,2025Q3,12
N0053,2025Q4,5
N0053,2026Q1,8
N0053,2026Q2,7
N0054,2021Q3,12
N0054,2021Q4,5
N0054,2022Q1,9
N0054,2022Q2,14
N0054,2022Q3,4
N0054,2022Q4,10
N0054,2023Q1,8
N0054,2023Q2,10
N0054,2023Q3,9
N0054,2023Q4,6
N0054,2024Q1,7
N0054,2024Q2,7
N0054,2024Q3,2
N0054,2024Q4,5
N0054,2025Q1,11
N0054,2025Q2,1
N0054,2025Q3,11
N0054,2025Q4,3
N0054,2026Q1,0
N0054,2026Q2,2
N0055,2021Q3,1
N0055,2021Q4,0
N0055,2022Q1,0
N0055,2022Q2,1
N0055,2022Q3,0
N0055,2022Q4,1
N0055,2023Q1,1
N0055,2023Q2,0
N0055,2023Q3,0
N0055,2023Q4,1
N0055,2024Q1,0
N0055,2024Q2,0
N0055,2024Q3,2
N0055,2024Q4,0
N0055,2025Q1,3
N0055,2025Q2,0
N0055,2025Q3,1
N0055,2025Q4,1
N0055,2026Q1,3
N0055,2026Q2,0
N0056,2021Q3,0
N0056,2021Q4,0
N0056,2022Q1,0
N0056,2022Q2,1
N0056,2022Q3,0
N0056,2022Q4,1
N0056,2023Q1,1
N0056,2023Q2,0
N0056,2023Q3,1
N0056,2023Q4,0
N0056,2024Q1,2
N0056,2024Q2,0
N0056,2024Q3,0
N0056,2024Q4,1
N0056,2025Q1,0
N0056,2025Q2,0
N0056,2025Q3,0
N0056,2025Q4,0
N0056,2026Q1,1
N0056,2026Q2,0
N0057,2021Q3,3
N0057,2021Q4,4
N0057,2022Q1,2
N0057,2022Q2,1
N0057,2022Q3,2
N0057,2022Q4,0
N0057,2023Q1,3
N0057,2023Q2,1
N0057,2023Q3,1
N0057,2023Q4,1
N0057,2024Q1,1
N0057,2024Q2,5
N0057,2024Q3,5
N0057,2024Q4,2
N0057,2025Q1,2
N0057,2025Q2,3
N0057,2025Q3,3
N0057,2025Q4,2
N0057,2026Q1,0
N0057,2026Q2,1
N0058,2021Q3,2
N0058,2021Q4,1
N0058,2022Q1,2
N0058,2022Q2,2
N0058,2022Q3,2
N0058,2022Q4,1
N0058,2023Q1,1
N0058,2023Q2,3
N0058,2023Q3,3
N0058,2023Q4,1
N0058,2024Q1,5
N0058,2024Q2,5
N0058,2024Q3,6
N0058,2024Q4,6
N0058,2025Q1,7
N0058,2025Q2,12
N0058,2025Q3,6
N0058,2025Q4,2
N0058,2026Q1,1
N0058,2026Q2,1
N0059,2021Q3,1
N0059,2021Q4,2
N0059,2022Q1,2
N0059,2022Q2,0
N0059,2022Q3,2
N0059,2022Q4,1
N0059,2023Q1,2
N0059,2023Q2,0
N0059,2023Q3,0
N0059,2023Q4,0
N0059,2024Q1,2
N0059,2024Q2,1
N0059,2024Q3,6
N0059,2024Q4,4
N0059,2025Q1,6
N0059,2025Q2,4
N0059,2025Q3,2
N0059,2025Q4,2
N0059,2026Q1,1
N0059,2026Q2,1
N0060,2021Q3,4
N0060,2021Q4,5
N0060,2022Q1,3
N0060,2022Q2,8
N0060,2022Q3,4
N0060,2022Q4,1
N0060,2023Q1,9
N0060,2023Q2,4
N0060,2023Q3,3
N0060,2023Q4,4
N0060,2024Q1,13
N0060,2024Q2,9
N0060,2024Q3,10
N0060,2024Q4,12
N0060,2025Q1,8
N0060,2025Q2,11
N0060,2025Q3,10
N0060,2025Q4,4
N0060,2026Q1,9
N0060,2026Q2,7
N0061,2021Q3,2
N0061,2021Q4,8
N0061,2022Q1,5
N0061,2022Q2,5
N0061,2022Q3,8
N0061,2022Q4,3
N0061,2023Q1,7
N0061,2023Q2,5
N0061,2023Q3,8
N0061,2023Q4,4
N0061,2024Q1,9
N0061,2024Q2,8
N0061,2024Q3,15
N0061,2024Q4,5
N0061,2025Q1,11
N0061,2025Q2,15
N0061,2025Q3,10
N0061,2025Q4,9
N0061,2026Q1,5
N0061,2026Q2,12
N0062,2021Q3,10
N0062,2021Q4,8
N0062,2022Q1,5
N0062,2022Q2,6
N0062,2022Q3,6
N0062,2022Q4,9
N0062,2023Q1,5
N0062,2023Q2,11
N0062,2023Q3,6
N0062,2023Q4,7
N0062,2024Q1,6
N0062,2024Q2,7
N0062,2024Q3,8
N0062,2024Q4,13
N0062,2025Q1,5
N0062,2025Q2,8
N0062,2025Q3,7
N0062,2025Q4,4
N0062,2026Q1,5
N0062,2026Q2,2
N0063,2021Q3,1
N0063,2021Q4,5
N0063,2022Q1,4
N0063,2022Q2,6
N0063,2022Q3,8
N0063,2022Q4,6
N0063,2023Q1,4
N0063,2023Q2,2
N0063,2023Q3,7
N0063,2023Q4,3
N0063,2024Q1,16
N0063,2024Q2,16
N0063,2024Q3,16
N0063,2024Q4,15
N0063,2025Q1,13
N0063,2025Q2,16
N0063,2025Q3,12
N0063,2025Q4,9
N0063,2026Q1,13
N0063,2026Q2,15
N0064,2021Q3,10
N0064,2021Q4,2
N0064,2022Q1,3
N0064,2022Q2,3
N0064,2022Q3,4
N0064,2022Q4,3
N0064,2023Q1,3
N0064,2023Q2,4
N0064,2023Q3,3
N0064,2023Q4,5
N0064,2024Q1,16
N0064,2024Q2,16
N0064,2024Q3,6
N0064,2024Q4,25
N0064,2025Q1,17
N0064,2025Q2,18
N0064,2025Q3,20
N0064,2025Q4,12
N0064,2026Q1,4
N0064,2026Q2,14
N0065,2021Q3,4
N0065,2021Q4,3
N0065,2022Q1,5
N0065,2022Q2,3
N0065,2022Q3,7
N0065,2022Q4,6
N0065,2023Q1,3
N0065,2023Q2,3
N0065,2023Q3,4
N0065,2023Q4,3
N0065,2024Q1,9
N0065,2024Q2,9
N0065,2024Q3,9
N0065,2024Q4,4
N0065,2025Q1,5
N0065,2025Q2,6
N0065,2025Q3,3
N0065,2025Q4,7
N0065,2026Q1,6
N0065,2026Q2,5
N0066,2021Q3,0
N0066,2021Q4,1
N0066,2022Q1,2
N0066,2022Q2,1
N0066,2022Q3,1
N0066,2022Q4,1
N0066,2023Q1,3
N0066,2023Q2,2
N0066,2023Q3,1
N0066,2023Q4,2
N0066,2024Q1,5
N0066,2024Q2,3
N0066,2024Q3,6
N0066,2024Q4,5
N0066,2025Q1,4
N0066,2025Q2,3
N0066,2025Q3,1
N0066,2025Q4,3
N0066,2026Q1,9
N0066,2026Q2,7
N0067,2021Q3,1
N0067,2021Q4,4
N0067,2022Q1,3
N0067,2022Q2,3
N0067,2022Q3,4
N0067,2022Q4,6
N0067,2023Q1,1
N0067,2023Q2,3
N0067,2023Q3,2
N0067,2023Q4,4
N0067,2024Q1,5
N0067,2024Q2,9
N0067,2024Q3,4
N0067,2024Q4,9
N0067,2025Q1,4
N0067,2025Q2,12
N0067,2025Q3,9
N0067,2025Q4,0
N0067,2026Q1,1
N0067,2026Q2,1
N0068,2021Q3,3
N0068,2021Q4,4
N0068,2022Q1,5
N0068,2022Q2,1
N0068,2022Q3,4
N0068,2022Q4,4
N0068,2023Q1,2
N0068,2023Q2,6
N0068,2023Q3,6
N0068,2023Q4,6
N0068,2024Q1,7
N0068,2024Q2,10
N0068,2024Q3,3
N0068,2024Q4,6
N0068,2025Q1,7
N0068,2025Q2,8
N0068,2025Q3,5
N0068,2025Q4,4
N0068,2026Q1,1
N0068,2026Q2,6
N0069,2021Q3,0
N0069,2021Q4,0
N0069,2022Q1,0
N0069,2022Q2,0
N0069,2022Q3,0
N0069,2022Q4,0
N0069,2023Q1,0
N0069,2023Q2,0
N0069,2023Q3,0
N0069,2023Q4,0
N0069,2024Q1,0
N0069,2024Q2,0
N0069,2024Q3,0
N0069,2024Q4,0
N0069,2025Q1,0
N0069,2025Q2,1
N0069,2025Q3,0
N0069,2025Q4,0
N0069,2026Q1,0
N0069,2026Q2,0
N0070,2021Q3,10
N0070,2021Q4,5
N0070,2022Q1,10
N0070,2022Q2,15
N0070,2022Q3,13
N0070,2022Q4,10
N0070,2023Q1,8
N0070,2023Q2,14
N0070,2023Q3,20
N0070,2023Q4,9
N0070,2024Q1,10
N0070,2024Q2,12
N0070,2024Q3,15
N0070,2024Q4,14
N0070,2025Q1,12
N0070,2025Q2,15
N0070,2025Q3,17
N0070,2025Q4,16
N0070,2026Q1,25
N0070,2026Q2,27
N0071,2021Q3,4
N0071,2021Q4,4
N0071,2022Q1,2
N0071,2022Q2,6
N0071,2022Q3,7
N0071,2022Q4,4
N0071,2023Q1,6
N0071,2023Q2,5
N0071,2023Q3,2
N0071,2023Q4,4
N0071,2024Q1,8
N0071,2024Q2,4
N0071,2024Q3,4
N0071,2024Q4,2
N0071,2025Q1,4
N0071,2025Q2,9
N0071,2025Q3,1
N0071,2025Q4,2
N0071,2026Q1,4
N0071,2026Q2,0
N0072,2021Q3,1
N0072,2021Q4,0
N0072,2022Q1,2
N0072,2022Q2,0
N0072,2022Q3,1
N0072,2022Q4,2
N0072,2023Q1,3
N0072,2023Q2,2
N0072,2023Q3,2
N0072,2023Q4,1
N0072,2024Q1,0
N0072,2024Q2,2
N0072,2024Q3,0
N0072,2024Q4,1
N0072,2025Q1,0
N0072,2025Q2,0
N0072,2025Q3,2
N0072,2025Q4,2
N0072,2026Q1,2
N0072,2026Q2,0
N0073,2021Q3,1
N0073,2021Q4,1
N0073,2022Q1,2
N0073,2022Q2,1
N0073,2022Q3,0
N0073,2022Q4,1
N0073,2023Q1,1
N0073,2023Q2,1
N0073,2023Q3,1
N0073,2023Q4,0
N0073,2024Q1,2
N0073,2024Q2,2
N0073,2024Q3,2
N0073,2024Q4,3
N0073,2025Q1,0
N0073,2025Q2,1
N0073,2025Q3,0
N0073,2025Q4,0
N0073,2026Q1,1
N0073,2026Q2,2
N0074,2021Q3,0
N0074,2021Q4,6
N0074,2022Q1,3
N0074,2022Q2,3
N0074,2022Q3,2
N0074,2022Q4,7
N0074,2023Q1,3
N0074,2023Q2,7
N0074,2023Q3,4
N0074,2023Q4,2
N0074,2024Q1,3
N0074,2024Q2,2
N0074,2024Q3,5
N0074,2024Q4,2
N0074,2025Q1,4
N0074,2025Q2,2
N0074,2025Q3,2
N0074,2025Q4,4
N0074,2026Q1,7
N0074,2026Q2,3
N0075,2021Q3,1
N0075,2021Q4,2
N0075,2022Q1,2
N0075,2022Q2,0
N0075,2022Q3,1
N0075,2022Q4,1
N0075,2023Q1,0
N0075,2023Q2,1
N0075,2023Q3,2
N0075,2023Q4,1
N0075,2024Q1,3
N0075,2024Q2,3
N0075,2024Q3,4
N0075,2024Q4,0
N0075,2025Q1,0
N0075,2025Q2,3
N0075,2025Q3,1
N0075,2025Q4,4
N0075,2026Q1,3
N0075,2026Q2,3
N0076,2021Q3,2
N0076,2021Q4,0
N0076,2022Q1,2
N0076,2022Q2,3
N0076,2022Q3,0
N0076,2022Q4,0
N0076,2023Q1,4
N0076,2023Q2,2
N0076,2023Q3,1
N0076,2023Q4,3
N0076,2024Q1,3
N0076,2024Q2,5
N0076,2024Q3,6
N0076,2024Q4,9
N0076,2025Q1,1
N0076,2025Q2,9
N0076,2025Q3,7
N0076,2025Q4,3
N0076,2026Q1,4
N0076,2026Q2,7
N0077,2021Q3,14
N0077,2021Q4,11
N0077,2022Q1,14
N0077,2022Q2,10
N0077,2022Q3,8
N0077,2022Q4,10
N0077,2023Q1,15
N0077,2023Q2,12
N0077,2023Q3,14
N0077,2023Q4,18
N0077,2024Q1,18
N0077,2024Q2,9
N0077,2024Q3,14
N0077,2024Q4,9
N0077,2025Q1,10
N0077,2025Q2,19
N0077,2025Q3,6
N0077,2025Q4,13
N0077,2026Q1,16
N0077,2026Q2,10
N0078,2021Q3,2
N0078,2021Q4,4
N0078,2022Q1,4
N0078,2022Q2,2
N0078,2022Q3,5
N0078,2022Q4,7
N0078,2023Q1,2
N0078,2023Q2,3
N0078,2023Q3,1
N0078,2023Q4,5
N0078,2024Q1,9
N0078,2024Q2,7
N0078,2024Q3,6
N0078,2024Q4,13
N0078,2025Q1,8
N0078,2025Q2,3
N0078,2025Q3,6
N0078,2025Q4,7
N0078,2026Q1,3
N0078,2026Q2,5
N0079,2021Q3,2
N0079,2021Q4,2
N0079,2022Q1,3
N0079,2022Q2,1
N0079,2022Q3,4
N0079,2022Q4,4
N0079,2023Q1,1
N0079,2023Q2,5
N0079,2023Q3,5
N0079,2023Q4,1
N0079,2024Q1,5
N0079,2024Q2,3
N0079,2024Q3,6
N0079,2024Q4,2
N0079,2025Q1,3
N0079,2025Q2,4
N0079,2025Q3,3
N0079,2025Q4,0
N0079,2026Q1,0
N0079,2026Q2,1
N0080,2021Q3,1
N0080,2021Q4,1
N0080,2022Q1,3
N0080,2022Q2,1
N0080,2022Q3,1
N0080,2022Q4,3
N0080,2023Q1,2
N0080,2023Q2,2
N0080,2023Q3,3
N0080,2023Q4,0
N0080,2024Q1,0
N0080,2024Q2,2
N0080,2024Q3,3
N0080,2024Q4,1
N0080,2025Q1,1
N0080,2025Q2,1
N0080,2025Q3,1
N0080,2025Q4,3
N0080,2026Q1,4
N0080,2026Q2,0
N0081,2021Q3,7
N0081,2021Q4,7
N0081,2022Q1,4
N0081,2022Q2,7
N0081,2022Q3,5
N0081,2022Q4,5
N0081,2023Q1,2
N0081,2023Q2,2
N0081,2023Q3,6
N0081,2023Q4,5
N0081,2024Q1,7
N0081,2024Q2,6
N0081,2024Q3,6
N0081,2024Q4,5
N0081,2025Q1,3
N0081,2025Q2,10
N0081,2025Q3,6
N0081,2025Q4,3
N0081,2026Q1,5
N0081,2026Q2,8
N0082,2021Q3,3
N0082,2021Q4,7
N0082,2022Q1,4
N0082,2022Q2,3
N0082,2022Q3,6
N0082,2022Q4,6
N0082,2023Q1,5
N0082,2023Q2,6
N0082,2023Q3,2
N0082,2023Q4,7
N0082,2024Q1,2
N0082,2024Q2,7
N0082,2024Q3,3
N0082,2024Q4,4
N0082,2025Q1,5
N0082,2025Q2,5
N0082,2025Q3,4
N0082,2025Q4,4
N0082,2026Q1,9
N0082,2026Q2,12
N0083,2021Q3,7
N0083,2021Q4,4
N0083,2022Q1,12
N0083,2022Q2,8
N0083,2022Q3,7
N0083,2022Q4,9
N0083,2023Q1,9
N0083,2023Q2,10
N0083,2023Q3,8
N0083,2023Q4,12
N0083,2024Q1,24
N0083,2024Q2,19
N0083,2024Q3,11
N0083,2024Q4,18
N0083,2025Q1,17
N0083,2025Q2,16
N0083,2025Q3,14
N0083,2025Q4,1
N0083,2026Q1,9
N0083,2026Q2,2
N0084,2021Q3,3
N0084,2021Q4,2
N0084,2022Q1,4
N0084,2022Q2,3
N0084,2022Q3,0
N0084,2022Q4,3
N0084,2023Q1,5
N0084,2023Q2,1
N0084,2023Q3,1
N0084,2023Q4,3
N0084,2024Q1,9
N0084,2024Q2,8
N0084,2024Q3,12
N0084,2024Q4,9
N0084,2025Q1,11
N0084,2025Q2,11
N0084,2025Q3,5
N0084,2025Q4,4
N0084,2026Q1,5
N0084,2026Q2,8
N0085,2021Q3,1
N0085,2021Q4,0
N0085,2022Q1,0
N0085,2022Q2,2
N0085,2022Q3,4
N0085,2022Q4,1
N0085,2023Q1,1
N0085,2023Q2,2
N0085,2023Q3,1
N0085,2023Q4,1
N0085,2024Q1,2
N0085,2024Q2,1
N0085,2024Q3,5
N0085,2024Q4,3
N0085,2025Q1,1
N0085,2025Q2,3
N0085,2025Q3,1
N0085,2025Q4,0
N0085,2026Q1,1
N0085,2026Q2,0
N0086,2021Q3,3
N0086,2021Q4,6
N0086,2022Q1,1
N0086,2022Q2,3
N0086,2022Q3,8
N0086,2022Q4,3
N0086,2023Q1,7
N0086,2023Q2,5
N0086,2023Q3,3
N0086,2023Q4,4
N0086,2024Q1,12
N0086,2024Q2,12
N0086,2024Q3,8
N0086,2024Q4,11
N0086,2025Q1,11
N0086,2025Q2,10
N0086,2025Q3,13
N0086,2025Q4,10
N0086,2026Q1,6
N0086,2026Q2,4
N0087,2021Q3,2
N0087,2021Q4,1
N0087,2022Q1,6
N0087,2022Q2,1
N0087,2022Q3,2
N0087,2022Q4,3
N0087,2023Q1,3
N0087,2023Q2,4
N0087,2023Q3,0
N0087,2023Q4,1
N0087,2024Q1,6
N0087,2024Q2,4
N0087,2024Q3,2
N0087,2024Q4,8
N0087,2025Q1,4
N0087,2025Q2,3
N0087,2025Q3,8
N0087,2025Q4,9
N0087,2026Q1,10
N0087,2026Q2,7
N0088,2021Q3,0
N0088,2021Q4,1
N0088,2022Q1,2
N0088,2022Q2,4
N0088,2022Q3,1
N0088,2022Q4,2
N0088,2023Q1,2
N0088,2023Q2,1
N0088,2023Q3,1
N0088,2023Q4,1
N0088,2024Q1,2
N0088,2024Q2,5
N0088,2024Q3,7
N0088,2024Q4,4
N0088,2025Q1,4
N0088,2025Q2,11
N0088,2025Q3,6
N0088,2025Q4,4
N0088,2026Q1,5
N0088,2026Q2,8
N0089,2021Q3,1
N0089,2021Q4,1
N0089,2022Q1,1
N0089,2022Q2,1
N0089,2022Q3,1
N0089,2022Q4,0
N0089,2023Q1,2
N0089,2023Q2,1
N0089,2023Q3,1
N0089,2023Q4,2
N0089,2024Q1,1
N0089,2024Q2,2
N0089,2024Q3,1
N0089,2024Q4,5
N0089,2025Q1,1
N0089,2025Q2,2
N0089,2025Q3,2
N0089,2025Q4,0
N0089,2026Q1,5
N0089,2026Q2,3
N0090,2021Q3,2
N0090,2021Q4,2
N0090,2022Q1,6
N0090,2022Q2,6
N0090,2022Q3,3
N0090,2022Q4,2
N0090,2023Q1,3
N0090,2023Q2,3
N0090,2023Q3,3
N0090,2023Q4,3
N0090,2024Q1,1
N0090,2024Q2,5
N0090,2024Q3,2
N0090,2024Q4,1
N0090,2025Q1,0
N0090,2025Q2,0
N0090,2025Q3,3
N0090,2025Q4,3
N0090,2026Q1,3
N0090,2026Q2,4
N0091,2021Q3,0
N0091,2021Q4,0
N0091,2022Q1,1
N0091,2022Q2,1
N0091,2022Q3,0
N0091,2022Q4,2
N0091,2023Q1,1
N0091,2023Q2,1
N0091,2023Q3,0
N0091,2023Q4,0
N0091,2024Q1,0
N0091,2024Q2,0
N0091,2024Q3,0
N0091,2024Q4,0
N0091,2025Q1,1
N0091,2025Q2,1
N0091,2025Q3,0
N0091,2025Q4,3
N0091,2026Q1,1
N0091,2026Q2,2
N0092,2021Q3,4
N0092,2021Q4,2
N0092,2022Q1,5
N0092,2022Q2,4
N0092,2022Q3,3
N0092,2022Q4,4
N0092,2023Q1,3
N0092,2023Q2,2
N0092,2023Q3,3
N0092,2023Q4,3
N0092,2024Q1,6
N0092,2024Q2,10
N0092,2024Q3,14
N0092,2024Q4,16
N0092,2025Q1,13
N0092,2025Q2,12
N0092,2025Q3,10
N0092,2025Q4,10
N0092,2026Q1,9
N0092,2026Q2,8
N0093,2021Q3,0
N0093,2021Q4,1
N0093,2022Q1,2
N0093,2022Q2,1
N0093,2022Q3,1
N0093,2022Q4,1
N0093,2023Q1,4
N0093,2023Q2,0
N0093,2023Q3,0
N0093,2023Q4,0
N0093,2024Q1,1
N0093,2024Q2,2
N0093,2024Q3,1
N0093,2024Q4,1
N0093,2025Q1,2
N0093,2025Q2,2
N0093,2025Q3,1
N0093,2025Q4,2
N0093,2026Q1,4
N0093,2026Q2,0
N0094,2021Q3,4
N0094,2021Q4,5
N0094,2022Q1,4
N0094,2022Q2,2
N0094,2022Q3,3
N0094,2022Q4,2
N0094,2023Q1,4
N0094,2023Q2,0
N0094,2023Q3,1
N0094,2023Q4,3
N0094,2024Q1,9
N0094,2024Q2,7
N0094,2024Q3,13
N0094,2024Q4,13
N0094,2025Q1,13
N0094,2025Q2,12
N0094,2025Q3,11
N0094,2025Q4,6
N0094,2026Q1,8
N0094,2026Q2,5
N0095,2021Q3,1
N0095,2021Q4,1
N0095,2022Q1,4
N0095,2022Q2,2
N0095,2022Q3,1
N0095,2022Q4,2
N0095,2023Q1,1
N0095,2023Q2,1
N0095,2023Q3,4
N0095,2023Q4,2
N0095,2024Q1,1
N0095,2024Q2,3
N0095,2024Q3,2
N0095,2024Q4,4
N0095,2025Q1,6
N0095,2025Q2,4
N0095,2025Q3,4
N0095,2025Q4,5
N0095,2026Q1,4
N0095,2026Q2,6
N0096,2021Q3,4
N0096,2021Q4,3
N0096,2022Q1,4
N0096,2022Q2,2
N0096,2022Q3,3
N0096,2022Q4,2
N0096,2023Q1,2
N0096,2023Q2,0
N0096,2023Q3,2
N0096,2023Q4,3
N0096,2024Q1,7
N0096,2024Q2,5
N0096,2024Q3,9
N0096,2024Q4,5
N0096,2025Q1,5
N0096,2025Q2,4
N0096,2025Q3,5
N0096,2025Q4,0
N0096,2026Q1,0
N0096,2026Q2,0
N0097,2021Q3,6
N0097,2021Q4,10
N0097,2022Q1,3
N0097,2022Q2,8
N0097,2022Q3,10
N0097,2022Q4,6
N0097,2023Q1,13
N0097,2023Q2,9
N0097,2023Q3,8
N0097,2023Q4,8
N0097,2024Q1,5
N0097,2024Q2,4
N0097,2024Q3,3
N0097,2024Q4,7
N0097,2025Q1,3
N0097,2025Q2,3
N0097,2025Q3,4
N0097,2025Q4,11
N0097,2026Q1,7
N0097,2026Q2,7
N0098,2021Q3,3
N0098,2021Q4,0
N0098,2022Q1,2
N0098,2022Q2,3
N0098,2022Q3,1
N0098,2022Q4,2
N0098,2023Q1,0
N0098,2023Q2,2
N0098,2023Q3,2
N0098,2023Q4,2
N0098,2024Q1,1
N0098,2024Q2,3
N0098,2024Q3,2
N0098,2024Q4,3
N0098,2025Q1,3
N0098,2025Q2,7
N0098,2025Q3,1
N0098,2025Q4,0
N0098,2026Q1,0
N0098,2026Q2,0
N0099,2021Q3,0
N0099,2021Q4,0
N0099,2022Q1,1
N0099,2022Q2,0
N0099,2022Q3,5
N0099,2022Q4,4
N0099,2023Q1,2
N0099,2023Q2,1
N0099,2023Q3,1
N0099,2023Q4,3
N0099,2024Q1,2
N0099,2024Q2,1
N0099,2024Q3,1
N0099,2024Q4,4
N0099,2025Q1,5
N0099,2025Q2,1
N0099,2025Q3,2
N0099,2025Q4,3
N0099,2026Q1,1
N0099,2026Q2,3
N0100,2021Q3,2
N0100,2021Q4,3
N0100,2022Q1,3
N0100,2022Q2,3
N0100,2022Q3,2
N0100,2022Q4,4
N0100,2023Q1,3
N0100,2023Q2,1
N0100,2023Q3,0
N0100,2023Q4,0
N0100,2024Q1,3
N0100,2024Q2,3
N0100,2024Q3,2
N0100,2024Q4,1
N0100,2025Q1,1
N0100,2025Q2,6
N0100,2025Q3,1
N0100,2025Q4,0
N0100,2026Q1,0
N0100,2026Q2,0
N0101,2021Q3,5
N0101,2021Q4,6
N0101,2022Q1,4
N0101,2022Q2,6
N0101,2022Q3,7
N0101,2022Q4,5
N0101,2023Q1,3
N0101,2023Q2,2
N0101,2023Q3,2
N0101,2023Q4,6
N0101,2024Q1,2
N0101,2024Q2,5
N0101,2024Q3,3
N0101,2024Q4,2
N0101,2025Q1,3
N0101,2025Q2,2
N0101,2025Q3,1
N0101,2025Q4,10
N0101,2026Q1,13
N0101,2026Q2,8
N0102,2021Q3,5
N0102,2021Q4,8
N0102,2022Q1,2
N0102,2022Q2,9
N0102,2022Q3,5
N0102,2022Q4,8
N0102,2023Q1,3
N0102,2023Q2,7
N0102,2023Q3,8
N0102,2023Q4,7
N0102,2024Q1,13
N0102,2024Q2,11
N0102,2024Q3,14
N0102,2024Q4,17
N0102,2025Q1,18
N0102,2025Q2,14
N0102,2025Q3,13
N0102,2025Q4,18
N0102,2026Q1,11
N0102,2026Q2,12
N0103,2021Q3,3
N0103,2021Q4,3
N0103,2022Q1,2
N0103,2022Q2,1
N0103,2022Q3,3
N0103,2022Q4,3
N0103,2023Q1,4
N0103,2023Q2,6
N0103,2023Q3,2
N0103,2023Q4,4
N0103,2024Q1,1
N0103,2024Q2,6
N0103,2024Q3,3
N0103,2024Q4,1
N0103,2025Q1,0
N0103,2025Q2,3
N0103,2025Q3,3
N0103,2025Q4,7
N0103,2026Q1,6
N0103,2026Q2,6
N0104,2021Q3,3
N0104,2021Q4,0
N0104,2022Q1,0
N0104,2022Q2,1
N0104,2022Q3,1
N0104,2022Q4,2
N0104,2023Q1,1
N0104,2023Q2,0
N0104,2023Q3,1
N0104,2023Q4,0
N0104,2024Q1,2
N0104,2024Q2,3
N0104,2024Q3,7
N0104,2024Q4,2
N0104,2025Q1,2
N0104,2025Q2,4
N0104,2025Q3,3
N0104,2025Q4,0
N0104,2026Q1,0
N0104,2026Q2,0
N0105,2021Q3,1
N0105,2021Q4,2
N0105,2022Q1,6
N0105,2022Q2,6
N0105,2022Q3,3
N0105,2022Q4,2
N0105,2023Q1,3
N0105,2023Q2,1
N0105,2023Q3,1
N0105,2023Q4,2
N0105,2024Q1,2
N0105,2024Q2,1
N0105,2024Q3,1
N0105,2024Q4,6
N0105,2025Q1,5
N0105,2025Q2,7
N0105,2025Q3,4
N0105,2025Q4,2
N0105,2026Q1,1
N0105,2026Q2,5
N0106,2021Q3,2
N0106,2021Q4,3
N0106,2022Q1,4
N0106,2022Q2,1
N0106,2022Q3,2
N0106,2022Q4,4
N0106,2023Q1,4
N0106,2023Q2,3
N0106,2023Q3,2
N0106,2023Q4,2
N0106,2024Q1,2
N0106,2024Q2,5
N0106,2024Q3,3
N0106,2024Q4,3
N0106,2025Q1,0
N0106,2025Q2,3
N0106,2025Q3,4
N0106,2025Q4,2
N0106,2026Q1,3
N0106,2026Q2,6
N0107,2021Q3,3
N0107,2021Q4,8
N0107,2022Q1,7
N0107,2022Q2,6
N0107,2022Q3,6
N0107,2022Q4,5
N0107,2023Q1,4
N0107,2023Q2,0
N0107,2023Q3,7
N0107,2023Q4,5
N0107,2024Q1,13
N0107,2024Q2,8
N0107,2024Q3,8
N0107,2024Q4,9
N0107,2025Q1,3
N0107,2025Q2,9
N0107,2025Q3,8
N0107,2025Q4,6
N0107,2026Q1,2
N0107,2026Q2,9
N0108,2021Q3,1
N0108,2021Q4,0
N0108,2022Q1,4
N0108,2022Q2,5
N0108,2022Q3,2
N0108,2022Q4,2
N0108,2023Q1,2
N0108,2023Q2,2
N0108,2023Q3,1
N0108,2023Q4,1
N0108,2024Q1,3
N0108,2024Q2,2
N0108,2024Q3,3
N0108,2024Q4,3
N0108,2025Q1,3
N0108,2025Q2,2
N0108,2025Q3,1
N0108,2025Q4,3
N0108,2026Q1,2
N0108,2026Q2,1
N0109,2021Q3,3
N0109,2021Q4,4
N0109,2022Q1,5
N0109,2022Q2,2
N0109,2022Q3,5
N0109,2022Q4,1
N0109,2023Q1,3
N0109,2023Q2,3
N0109,2023Q3,3
N0109,2023Q4,2
N0109,2024Q1,6
N0109,2024Q2,5
N0109,2024Q3,5
N0109,2024Q4,10
N0109,2025Q1,4
N0109,2025Q2,3
N0109,2025Q3,6
N0109,2025Q4,9
N0109,2026Q1,6
N0109,2026Q2,5
N0110,2021Q3,1
N0110,2021Q4,2
N0110,2022Q1,2
N0110,2022Q2,2
N0110,2022Q3,7
N0110,2022Q4,4
N0110,2023Q1,3
N0110,2023Q2,4
N0110,2023Q3,1
N0110,2023Q4,4
N0110,2024Q1,4
N0110,2024Q2,8
N0110,2024Q3,9
N0110,2024Q4,11
N0110,2025Q1,5
N0110,2025Q2,7
N0110,2025Q3,9
N0110,2025Q4,2
N0110,2026Q1,7
N0110,2026Q2,6
N0111,2021Q3,3
N0111,2021Q4,3
N0111,2022Q1,4
N0111,2022Q2,4
N0111,2022Q3,5
N0111,2022Q4,5
N0111,2023Q1,6
N0111,2023Q2,6
N0111,2023Q3,2
N0111,2023Q4,5
N0111,2024Q1,7
N0111,2024Q2,9
N0111,2024Q3,9
N0111,2024Q4,9
N0111,2025Q1,8
N0111,2025Q2,13
N0111,2025Q3,6
N0111,2025Q4,8
N0111,2026Q1,11
N0111,2026Q2,12
N0112,2021Q3,5
N0112,2021Q4,4
N0112,2022Q1,3
N0112,2022Q2,4
N0112,2022Q3,6
N0112,2022Q4,6
N0112,2023Q1,7
N0112,2023Q2,4
N0112,2023Q3,11
N0112,2023Q4,5
N0112,2024Q1,3
N0112,2024Q2,4
N0112,2024Q3,7
N0112,2024Q4,3
N0112,2025Q1,5
N0112,2025Q2,6
N0112,2025Q3,5
N0112,2025Q4,10
N0112,2026Q1,6
N0112,2026Q2,1
N0113,2021Q3,1
N0113,2021Q4,6
N0113,2022Q1,3
N0113,2022Q2,6
N0113,2022Q3,8
N0113,2022Q4,10
N0113,2023Q1,2
N0113,2023Q2,6
N0113,2023Q3,5
N0113,2023Q4,2
N0113,2024Q1,1
N0113,2024Q2,3
N0113,2024Q3,5
N0113,2024Q4,7
N0113,2025Q1,6
N0113,2025Q2,10
N0113,2025Q3,11
N0113,2025Q4,7
N0113,2026Q1,6
N0113,2026Q2,6
N0114,2021Q3,0
N0114,2021Q4,1
N0114,2022Q1,2
N0114,2022Q2,3
N0114,2022Q3,0
N0114,2022Q4,0
N0114,2023Q1,2
N0114,2023Q2,1
N0114,2023Q3,1
N0114,2023Q4,1
N0114,2024Q1,1
N0114,2024Q2,2
N0114,2024Q3,6
N0114,2024Q4,4
N0114,2025Q1,4
N0114,2025Q2,11
N0114,2025Q3,2
N0114,2025Q4,1
N0114,2026Q1,10
N0114,2026Q2,3
N0115,2021Q3,7
N0115,2021Q4,4
N0115,2022Q1,1
N0115,2022Q2,8
N0115,2022Q3,5
N0115,2022Q4,5
N0115,2023Q1,4
N0115,2023Q2,3
N0115,2023Q3,4
N0115,2023Q4,7
N0115,2024Q1,5
N0115,2024Q2,7
N0115,2024Q3,7
N0115,2024Q4,7
N0115,2025Q1,7
N0115,2025Q2,5
N0115,2025Q3,12
N0115,2025Q4,11
N0115,2026Q1,5
N0115,2026Q2,9
N0116,2021Q3,2
N0116,2021Q4,2
N0116,2022Q1,4
N0116,2022Q2,0
N0116,2022Q3,1
N0116,2022Q4,2
N0116,2023Q1,2
N0116,2023Q2,6
N0116,2023Q3,0
N0116,2023Q4,1
N0116,2024Q1,4
N0116,2024Q2,6
N0116,2024Q3,4
N0116,2024Q4,4
N0116,2025Q1,4
N0116,2025Q2,4
N0116,2025Q3,3
N0116,2025Q4,5
N0116,2026Q1,1
N0116,2026Q2,1
N0117,2021Q3,6
N0117,2021Q4,4
N0117,2022Q1,3
N0117,2022Q2,5
N0117,2022Q3,2
N0117,2022Q4,4
N0117,2023Q1,5
N0117,2023Q2,3
N0117,2023Q3,5
N0117,2023Q4,5
N0117,2024Q1,14
N0117,2024Q2,2
N0117,2024Q3,9
N0117,2024Q4,6
N0117,2025Q1,5
N0117,2025Q2,7
N0117,2025Q3,5
N0117,2025Q4,4
N0117,2026Q1,3
N0117,2026Q2,2
N0118,2021Q3,4
N0118,2021Q4,3
N0118,2022Q1,10
N0118,2022Q2,10
N0118,2022Q3,6
N0118,2022Q4,5
N0118,2023Q1,8
N0118,2023Q2,5
N0118,2023Q3,3
N0118,2023Q4,8
N0118,2024Q1,11
N0118,2024Q2,6
N0118,2024Q3,12
N0118,2024Q4,8
N0118,2025Q1,12
N0118,2025Q2,11
N0118,2025Q3,6
N0118,2025Q4,7
N0118,2026Q1,9
N0118,2026Q2,4
N0119,2021Q3,2
N0119,2021Q4,2
N0119,2022Q1,2
N0119,2022Q2,3
N0119,2022Q3,2
N0119,2022Q4,0
N0119,2023Q1,3
N0119,2023Q2,0
N0119,2023Q3,2
N0119,2023Q4,4
N0119,2024Q1,16
N0119,2024Q2,7
N0119,2024Q3,16
N0119,2024Q4,11
N0119,2025Q1,18
N0119,2025Q2,14
N0119,2025Q3,13
N0119,2025Q4,5
N0119,2026Q1,11
N0119,2026Q2,13
N0120,2021Q3,8
N0120,2021Q4,5
N0120,2022Q1,8
N0120,2022Q2,9
N0120,2022Q3,6
N0120,2022Q4,5
N0120,2023Q1,6
N0120,2023Q2,11
N0120,2023Q3,5
N0120,2023Q4,12
N0120,2024Q1,16
N0120,2024Q2,20
N0120,2024Q3,11
N0120,2024Q4,15
N0120,2025Q1,14
N0120,2025Q2,15
N0120,2025Q3,14
N0120,2025Q4,0
N0120,2026Q1,1
N0120,2026Q2,1
N0121,2021Q3,10
N0121,2021Q4,10
N0121,2022Q1,7
N0121,2022Q2,12
N0121,2022Q3,7
N0121,2022Q4,11
N0121,2023Q1,7
N0121,2023Q2,4
N0121,2023Q3,4
N0121,2023Q4,6
N0121,2024Q1,11
N0121,2024Q2,13
N0121,2024Q3,8
N0121,2024Q4,15
N0121,2025Q1,10
N0121,2025Q2,7
N0121,2025Q3,9
N0121,2025Q4,14
N0121,2026Q1,13
N0121,2026Q2,12
N0122,2021Q3,2
N0122,2021Q4,5
N0122,2022Q1,7
N0122,2022Q2,5
N0122,2022Q3,2
N0122,2022Q4,6
N0122,2023Q1,4
N0122,2023Q2,5
N0122,2023Q3,4
N0122,2023Q4,5
N0122,2024Q1,4
N0122,2024Q2,2
N0122,2024Q3,5
N0122,2024Q4,3
N0122,2025Q1,0
N0122,2025Q2,4
N0122,2025Q3,2
N0122,2025Q4,7
N0122,2026Q1,0
N0122,2026Q2,5
N0123,2021Q3,10
N0123,2021Q4,4
N0123,2022Q1,8
N0123,2022Q2,6
N0123,2022Q3,8
N0123,2022Q4,3
N0123,2023Q1,11
N0123,2023Q2,9
N0123,2023Q3,5
N0123,2023Q4,5
N0123,2024Q1,7
N0123,2024Q2,12
N0123,2024Q3,17
N0123,2024Q4,17
N0123,2025Q1,7
N0123,2025Q2,15
N0123,2025Q3,14
N0123,2025Q4,7
N0123,2026Q1,5
N0123,2026Q2,4
N0124,2021Q3,6
N0124,2021Q4,4
N0124,2022Q1,6
N0124,2022Q2,5
N0124,2022Q3,8
N0124,2022Q4,6
N0124,2023Q1,3
N0124,2023Q2,5
N0124,2023Q3,8
N0124,2023Q4,3
N0124,2024Q1,6
N0124,2024Q2,7
N0124,2024Q3,5
N0124,2024Q4,3
N0124,2025Q1,9
N0124,2025Q2,8
N0124,2025Q3,8
N0124,2025Q4,7
N0124,2026Q1,6
N0124,2026Q2,6
N0125,2021Q3,2
N0125,2021Q4,3
N0125,2022Q1,11
N0125,2022Q2,3
N0125,2022Q3,4
N0125,2022Q4,6
N0125,2023Q1,4
N0125,2023Q2,10
N0125,2023Q3,2
N0125,2023Q4,4
N0125,2024Q1,4
N0125,2024Q2,4
N0125,2024Q3,7
N0125,2024Q4,6
N0125,2025Q1,2
N0125,2025Q2,11
N0125,2025Q3,3
N0125,2025Q4,4
N0125,2026Q1,10
N0125,2026Q2,2
N0126,2021Q3,2
N0126,2021Q4,3
N0126,2022Q1,1
N0126,2022Q2,4
N0126,2022Q3,0
N0126,2022Q4,1
N0126,2023Q1,4
N0126,2023Q2,3
N0126,2023Q3,6
N0126,2023Q4,5
N0126,2024Q1,16
N0126,2024Q2,16
N0126,2024Q3,16
N0126,2024Q4,14
N0126,2025Q1,11
N0126,2025Q2,24
N0126,2025Q3,18
N0126,2025Q4,7
N0126,2026Q1,8
N0126,2026Q2,13
N0127,2021Q3,3
N0127,2021Q4,1
N0127,2022Q1,2
N0127,2022Q2,1
N0127,2022Q3,1
N0127,2022Q4,3
N0127,2023Q1,0
N0127,2023Q2,0
N0127,2023Q3,2
N0127,2023Q4,1
N0127,2024Q1,1
N0127,2024Q2,1
N0127,2024Q3,1
N0127,2024Q4,0
N0127,2025Q1,7
N0127,2025Q2,3
N0127,2025Q3,5
N0127,2025Q4,11
N0127,2026Q1,14
N0127,2026Q2,10
N0128,2021Q3,6
N0128,2021Q4,13
N0128,2022Q1,3
N0128,2022Q2,8
N0128,2022Q3,7
N0128,2022Q4,8
N0128,2023Q1,7
N0128,2023Q2,11
N0128,2023Q3,9
N0128,2023Q4,12
N0128,2024Q1,5
N0128,2024Q2,8
N0128,2024Q3,7
N0128,2024Q4,4
N0128,2025Q1,9
N0128,2025Q2,7
N0128,2025Q3,8
N0128,2025Q4,4
N0128,2026Q1,0
N0128,2026Q2,5
N0129,2021Q3,3
N0129,2021Q4,4
N0129,2022Q1,3
N0129,2022Q2,1
N0129,2022Q3,4
N0129,2022Q4,4
N0129,2023Q1,4
N0129,2023Q2,3
N0129,2023Q3,5
N0129,2023Q4,2
N0129,2024Q1,5
N0129,2024Q2,4
N0129,2024Q3,6
N0129,2024Q4,7
N0129,2025Q1,5
N0129,2025Q2,4
N0129,2025Q3,4
N0129,2025Q4,2
N0129,2026Q1,5
N0129,2026Q2,2
N0130,2021Q3,2
N0130,2021Q4,1
N0130,2022Q1,1
N0130,2022Q2,1
N0130,2022Q3,0
N0130,2022Q4,1
N0130,2023Q1,0
N0130,2023Q2,0
N0130,2023Q3,0
N0130,2023Q4,0
N0130,2024Q1,1
N0130,2024Q2,5
N0130,2024Q3,3
N0130,2024Q4,1
N0130,2025Q1,1
N0130,2025Q2,1
N0130,2025Q3,2
N0130,2025Q4,3
N0130,2026Q1,1
N0130,2026Q2,1
N0131,2021Q3,7
N0131,2021Q4,1
N0131,2022Q1,5
N0131,2022Q2,3
N0131,2022Q3,2
N0131,2022Q4,4
N0131,2023Q1,6
N0131,2023Q2,4
N0131,2023Q3,4
N0131,2023Q4,8
N0131,2024Q1,5
N0131,2024Q2,5
N0131,2024Q3,5
N0131,2024Q4,6
N0131,2025Q1,6
N0131,2025Q2,6
N0131,2025Q3,5
N0131,2025Q4,10
N0131,2026Q1,6
N0131,2026Q2,10
N0132,2021Q3,1
N0132,2021Q4,2
N0132,2022Q1,3
N0132,2022Q2,3
N0132,2022Q3,4
N0132,2022Q4,3
N0132,2023Q1,2
N0132,2023Q2,3
N0132,2023Q3,2
N0132,2023Q4,1
N0132,2024Q1,2
N0132,2024Q2,3
N0132,2024Q3,3
N0132,2024Q4,3
N0132,2025Q1,1
N0132,2025Q2,4
N0132,2025Q3,2
N0132,2025Q4,0
N0132,2026Q1,3
N0132,2026Q2,0
N0133,2021Q3,1
N0133,2021Q4,4
N0133,2022Q1,0
N0133,2022Q2,1
N0133,2022Q3,4
N0133,2022Q4,4
N0133,2023Q1,2
N0133,2023Q2,6
N0133,2023Q3,5
N0133,2023Q4,3
N0133,2024Q1,4
N0133,2024Q2,3
N0133,2024Q3,7
N0133,2024Q4,6
N0133,2025Q1,7
N0133,2025Q2,1
N0133,2025Q3,8
N0133,2025Q4,4
N0133,2026Q1,10
N0133,2026Q2,8
N0134,2021Q3,5
N0134,2021Q4,1
N0134,2022Q1,6
N0134,2022Q2,3
N0134,2022Q3,2
N0134,2022Q4,2
N0134,2023Q1,2
N0134,2023Q2,4
N0134,2023Q3,3
N0134,2023Q4,1
N0134,2024Q1,7
N0134,2024Q2,5
N0134,2024Q3,1
N0134,2024Q4,1
N0134,2025Q1,2
N0134,2025Q2,3
N0134,2025Q3,2
N0134,2025Q4,7
N0134,2026Q1,7
N0134,2026Q2,3
N0135,2021Q3,4
N0135,2021Q4,4
N0135,2022Q1,5
N0135,2022Q2,4
N0135,2022Q3,3
N0135,2022Q4,4
N0135,2023Q1,4
N0135,2023Q2,0
N0135,2023Q3,6
N0135,2023Q4,3
N0135,2024Q1,1
N0135,2024Q2,1
N0135,2024Q3,1
N0135,2024Q4,2
N0135,2025Q1,2
N0135,2025Q2,1
N0135,2025Q3,3
N0135,2025Q4,4
N0135,2026Q1,3
N0135,2026Q2,5
N0136,2021Q3,4
N0136,2021Q4,1
N0136,2022Q1,1
N0136,2022Q2,0
N0136,2022Q3,0
N0136,2022Q4,5
N0136,2023Q1,2
N0136,2023Q2,1
N0136,2023Q3,1
N0136,2023Q4,2
N0136,2024Q1,1
N0136,2024Q2,3
N0136,2024Q3,7
N0136,2024Q4,3
N0136,2025Q1,4
N0136,2025Q2,7
N0136,2025Q3,1
N0136,2025Q4,4
N0136,2026Q1,0
N0136,2026Q2,1
N0137,2021Q3,2
N0137,2021Q4,4
N0137,2022Q1,0
N0137,2022Q2,2
N0137,2022Q3,5
N0137,2022Q4,5
N0137,2023Q1,2
N0137,2023Q2,3
N0137,2023Q3,1
N0137,2023Q4,1
N0137,2024Q1,11
N0137,2024Q2,9
N0137,2024Q3,10
N0137,2024Q4,12
N0137,2025Q1,11
N0137,2025Q2,10
N0137,2025Q3,4
N0137,2025Q4,5
N0137,2026Q1,10
N0137,2026Q2,6
N0138,2021Q3,7
N0138,2021Q4,6
N0138,2022Q1,4
N0138,2022Q2,5
N0138,2022Q3,4
N0138,2022Q4,7
N0138,2023Q1,7
N0138,2023Q2,5
N0138,2023Q3,7
N0138,2023Q4,13
N0138,2024Q1,7
N0138,2024Q2,6
N0138,2024Q3,5
N0138,2024Q4,6
N0138,2025Q1,10
N0138,2025Q2,7
N0138,2025Q3,12
N0138,2025Q4,20
N0138,2026Q1,17
N0138,2026Q2,17
N0139,2021Q3,3
N0139,2021Q4,3
N0139,2022Q1,3
N0139,2022Q2,6
N0139,2022Q3,7
N0139,2022Q4,7
N0139,2023Q1,3
N0139,2023Q2,7
N0139,2023Q3,4
N0139,2023Q4,4
N0139,2024Q1,7
N0139,2024Q2,5
N0139,2024Q3,5
N0139,2024Q4,4
N0139,2025Q1,1
N0139,2025Q2,3
N0139,2025Q3,0
N0139,2025Q4,3
N0139,2026Q1,10
N0139,2026Q2,4
N0140,2021Q3,0
N0140,2021Q4,1
N0140,2022Q1,0
N0140,2022Q2,1
N0140,2022Q3,1
N0140,2022Q4,0
N0140,2023Q1,1
N0140,2023Q2,0
N0140,2023Q3,0
N0140,2023Q4,1
N0140,2024Q1,1
N0140,2024Q2,3
N0140,2024Q3,0
N0140,2024Q4,1
N0140,2025Q1,0
N0140,2025Q2,4
N0140,2025Q3,1
N0140,2025Q4,0
N0140,2026Q1,0
N0140,2026Q2,0
N0141,2021Q3,2
N0141,2021Q4,1
N0141,2022Q1,3
N0141,2022Q2,4
N0141,2022Q3,2
N0141,2022Q4,2
N0141,2023Q1,1
N0141,2023Q2,1
N0141,2023Q3,0
N0141,2023Q4,5
N0141,2024Q1,8
N0141,2024Q2,5
N0141,2024Q3,8
N0141,2024Q4,8
N0141,2025Q1,5
N0141,2025Q2,5
N0141,2025Q3,5
N0141,2025Q4,1
N0141,2026Q1,0
N0141,2026Q2,0
N0142,2021Q3,4
N0142,2021Q4,5
N0142,2022Q1,3
N0142,2022Q2,2
N0142,2022Q3,3
N0142,2022Q4,7
N0142,2023Q1,1
N0142,2023Q2,1
N0142,2023Q3,5
N0142,2023Q4,4
N0142,2024Q1,4
N0142,2024Q2,3
N0142,2024Q3,5
N0142,2024Q4,3
N0142,2025Q1,7
N0142,2025Q2,5
N0142,2025Q3,3
N0142,2025Q4,0
N0142,2026Q1,0
N0142,2026Q2,0
N0143,2021Q3,7
N0143,2021Q4,6
N0143,2022Q1,6
N0143,2022Q2,6
N0143,2022Q3,5
N0143,2022Q4,7
N0143,2023Q1,2
N0143,2023Q2,8
N0143,2023Q3,7
N0143,2023Q4,11
N0143,2024Q1,17
N0143,2024Q2,12
N0143,2024Q3,12
N0143,2024Q4,16
N0143,2025Q1,14
N0143,2025Q2,14
N0143,2025Q3,7
N0143,2025Q4,4
N0143,2026Q1,7
N0143,2026Q2,4
N0144,2021Q3,3
N0144,2021Q4,3
N0144,2022Q1,4
N0144,2022Q2,1
N0144,2022Q3,2
N0144,2022Q4,2
N0144,2023Q1,1
N0144,2023Q2,1
N0144,2023Q3,5
N0144,2023Q4,3
N0144,2024Q1,5
N0144,2024Q2,5
N0144,2024Q3,4
N0144,2024Q4,9
N0144,2025Q1,6
N0144,2025Q2,6
N0144,2025Q3,7
N0144,2025Q4,0
N0144,2026Q1,0
N0144,2026Q2,0
N0145,2021Q3,11
N0145,2021Q4,8
N0145,2022Q1,7
N0145,2022Q2,5
N0145,2022Q3,5
N0145,2022Q4,4
N0145,2023Q1,6
N0145,2023Q2,3
N0145,2023Q3,4
N0145,2023Q4,6
N0145,2024Q1,4
N0145,2024Q2,6
N0145,2024Q3,3
N0145,2024Q4,7
N0145,2025Q1,5
N0145,2025Q2,2
N0145,2025Q3,2
N0145,2025Q4,5
N0145,2026Q1,4
N0145,2026Q2,4
N0146,2021Q3,8
N0146,2021Q4,7
N0146,2022Q1,8
N0146,2022Q2,8
N0146,2022Q3,9
N0146,2022Q4,11
N0146,2023Q1,1
N0146,2023Q2,5
N0146,2023Q3,11
N0146,2023Q4,4
N0146,2024Q1,9
N0146,2024Q2,13
N0146,2024Q3,4
N0146,2024Q4,6
N0146,2025Q1,11
N0146,2025Q2,3
N0146,2025Q3,12
N0146,2025Q4,15
N0146,2026Q1,10
N0146,2026Q2,14
N0147,2021Q3,7
N0147,2021Q4,7
N0147,2022Q1,8
N0147,2022Q2,9
N0147,2022Q3,10
N0147,2022Q4,8
N0147,2023Q1,10
N0147,2023Q2,12
N0147,2023Q3,15
N0147,2023Q4,13
N0147,2024Q1,14
N0147,2024Q2,6
N0147,2024Q3,14
N0147,2024Q4,20
N0147,2025Q1,12
N0147,2025Q2,21
N0147,2025Q3,15
N0147,2025Q4,18
N0147,2026Q1,17
N0147,2026Q2,14
N0148,2021Q3,3
N0148,2021Q4,0
N0148,2022Q1,1
N0148,2022Q2,3
N0148,2022Q3,1
N0148,2022Q4,4
N0148,2023Q1,3
N0148,2023Q2,1
N0148,2023Q3,4
N0148,2023Q4,2
N0148,2024Q1,3
N0148,2024Q2,3
N0148,2024Q3,4
N0148,2024Q4,5
N0148,2025Q1,4
N0148,2025Q2,0
N0148,2025Q3,3
N0148,2025Q4,5
N0148,2026Q1,0
N0148,2026Q2,2
N0149,2021Q3,5
N0149,2021Q4,9
N0149,2022Q1,4
N0149,2022Q2,2
N0149,2022Q3,1
N0149,2022Q4,3
N0149,2023Q1,5
N0149,2023Q2,5
N0149,2023Q3,3
N0149,2023Q4,3
N0149,2024Q1,10
N0149,2024Q2,5
N0149,2024Q3,5
N0149,2024Q4,10
N0149,2025Q1,5
N0149,2025Q2,5
N0149,2025Q3,2
N0149,2025Q4,3
N0149,2026Q1,0
N0149,2026Q2,3
N0150,2021Q3,5
N0150,2021Q4,3
N0150,2022Q1,2
N0150,2022Q2,5
N0150,2022Q3,5
N0150,2022Q4,4
N0150,2023Q1,3
N0150,2023Q2,3
N0150,2023Q3,3
N0150,2023Q4,1
N0150,2024Q1,3
N0150,2024Q2,7
N0150,2024Q3,4
N0150,2024Q4,5
N0150,2025Q1,5
N0150,2025Q2,6
N0150,2025Q3,3
N0150,2025Q4,2
N0150,2026Q1,1
N0150,2026Q2,0
N0151,2021Q3,2
N0151,2021Q4,1
N0151,2022Q1,4
N0151,2022Q2,3
N0151,2022Q3,3
N0151,2022Q4,3
N0151,2023Q1,4
N0151,2023Q2,3
N0151,2023Q3,6
N0151,2023Q4,3
N0151,2024Q1,6
N0151,2024Q2,2
N0151,2024Q3,2
N0151,2024Q4,3
N0151,2025Q1,4
N0151,2025Q2,6
N0151,2025Q3,3
N0151,2025Q4,4
N0151,2026Q1,3
N0151,2026Q2,1
N0152,2021Q3,0
N0152,2021Q4,2
N0152,2022Q1,3
N0152,2022Q2,0
N0152,2022Q3,0
N0152,2022Q4,1
N0152,2023Q1,2
N0152,2023Q2,1
N0152,2023Q3,1
N0152,2023Q4,2
N0152,2024Q1,1
N0152,2024Q2,1
N0152,2024Q3,1
N0152,2024Q4,0
N0152,2025Q1,1
N0152,2025Q2,0
N0152,2025Q3,1
N0152,2025Q4,4
N0152,2026Q1,1
N0152,2026Q2,2
N0153,2021Q3,1
N0153,2021Q4,2
N0153,2022Q1,0
N0153,2022Q2,3
N0153,2022Q3,0
N0153,2022Q4,1
N0153,2023Q1,1
N0153,2023Q2,2
N0153,2023Q3,3
N0153,2023Q4,3
N0153,2024Q1,2
N0153,2024Q2,2
N0153,2024Q3,1
N0153,2024Q4,2
N0153,2025Q1,0
N0153,2025Q2,4
N0153,2025Q3,3
N0153,2025Q4,0
N0153,2026Q1,3
N0153,2026Q2,2
N0154,2021Q3,7
N0154,2021Q4,5
N0154,2022Q1,2
N0154,2022Q2,6
N0154,2022Q3,6
N0154,2022Q4,8
N0154,2023Q1,4
N0154,2023Q2,3
N0154,2023Q3,5
N0154,2023Q4,7
N0154,2024Q1,7
N0154,2024Q2,3
N0154,2024Q3,4
N0154,2024Q4,8
N0154,2025Q1,3
N0154,2025Q2,0
N0154,2025Q3,2
N0154,2025Q4,3
N0154,2026Q1,5
N0154,2026Q2,6
N0155,2021Q3,7
N0155,2021Q4,9
N0155,2022Q1,4
N0155,2022Q2,2
N0155,2022Q3,2
N0155,2022Q4,5
N0155,2023Q1,3
N0155,2023Q2,3
N0155,2023Q3,3
N0155,2023Q4,3
N0155,2024Q1,7
N0155,2024Q2,5
N0155,2024Q3,5
N0155,2024Q4,7
N0155,2025Q1,6
N0155,2025Q2,5
N0155,2025Q3,6
N0155,2025Q4,6
N0155,2026Q1,15
N0155,2026Q2,13
N0156,2021Q3,7
N0156,2021Q4,8
N0156,2022Q1,10
N0156,2022Q2,4
N0156,2022Q3,8
N0156,2022Q4,2
N0156,2023Q1,11
N0156,2023Q2,5
N0156,2023Q3,10
N0156,2023Q4,9
N0156,2024Q1,9
N0156,2024Q2,4
N0156,2024Q3,7
N0156,2024Q4,5
N0156,2025Q1,6
N0156,2025Q2,1
N0156,2025Q3,8
N0156,2025Q4,9
N0156,2026Q1,12
N0156,2026Q2,7
N0157,2021Q3,8
N0157,2021Q4,4
N0157,2022Q1,11
N0157,2022Q2,3
N0157,2022Q3,2
N0157,2022Q4,1
N0157,2023Q1,6
N0157,2023Q2,8
N0157,2023Q3,2
N0157,2023Q4,2
N0157,2024Q1,7
N0157,2024Q2,5
N0157,2024Q3,7
N0157,2024Q4,8
N0157,2025Q1,6
N0157,2025Q2,4
N0157,2025Q3,5
N0157,2025Q4,12
N0157,2026Q1,7
N0157,2026Q2,5
N0158,2021Q3,1
N0158,2021Q4,1
N0158,2022Q1,0
N0158,2022Q2,0
N0158,2022Q3,1
N0158,2022Q4,1
N0158,2023Q1,0
N0158,2023Q2,0
N0158,2023Q3,1
N0158,2023Q4,0
N0158,2024Q1,1
N0158,2024Q2,0
N0158,2024Q3,1
N0158,2024Q4,1
N0158,2025Q1,1
N0158,2025Q2,2
N0158,2025Q3,0
N0158,2025Q4,1
N0158,2026Q1,1
N0158,2026Q2,1
N0159,2021Q3,0
N0159,2021Q4,3
N0159,2022Q1,1
N0159,2022Q2,2
N0159,2022Q3,2
N0159,2022Q4,4
N0159,2023Q1,1
N0159,2023Q2,0
N0159,2023Q3,3
N0159,2023Q4,1
N0159,2024Q1,3
N0159,2024Q2,0
N0159,2024Q3,0
N0159,2024Q4,1
N0159,2025Q1,0
N0159,2025Q2,1
N0159,2025Q3,0
N0159,2025Q4,3
N0159,2026Q1,2
N0159,2026Q2,0
N0160,2021Q3,15
N0160,2021Q4,5
N0160,2022Q1,11
N0160,2022Q2,8
N0160,2022Q3,9
N0160,2022Q4,17
N0160,2023Q1,5
N0160,2023Q2,14
N0160,2023Q3,17
N0160,2023Q4,14
N0160,2024Q1,11
N0160,2024Q2,3
N0160,2024Q3,3
N0160,2024Q4,2
N0160,2025Q1,7
N0160,2025Q2,5
N0160,2025Q3,8
N0160,2025Q4,20
N0160,2026Q1,25
N0160,2026Q2,24
N0161,2021Q3,5
N0161,2021Q4,3
N0161,2022Q1,7
N0161,2022Q2,6
N0161,2022Q3,6
N0161,2022Q4,3
N0161,2023Q1,1
N0161,2023Q2,0
N0161,2023Q3,5
N0161,2023Q4,3
N0161,2024Q1,9
N0161,2024Q2,13
N0161,2024Q3,8
N0161,2024Q4,10
N0161,2025Q1,7
N0161,2025Q2,3
N0161,2025Q3,9
N0161,2025Q4,8
N0161,2026Q1,7
N0161,2026Q2,3
N0162,2021Q3,2
N0162,2021Q4,1
N0162,2022Q1,6
N0162,2022Q2,2
N0162,2022Q3,6
N0162,2022Q4,9
N0162,2023Q1,6
N0162,2023Q2,5
N0162,2023Q3,7
N0162,2023Q4,3
N0162,2024Q1,13
N0162,2024Q2,11
N0162,2024Q3,16
N0162,2024Q4,11
N0162,2025Q1,9
N0162,2025Q2,13
N0162,2025Q3,10
N0162,2025Q4,3
N0162,2026Q1,2
N0162,2026Q2,5
N0163,2021Q3,4
N0163,2021Q4,1
N0163,2022Q1,5
N0163,2022Q2,4
N0163,2022Q3,9
N0163,2022Q4,6
N0163,2023Q1,5
N0163,2023Q2,3
N0163,2023Q3,5
N0163,2023Q4,4
N0163,2024Q1,3
N0163,2024Q2,2
N0163,2024Q3,1
N0163,2024Q4,3
N0163,2025Q1,3
N0163,2025Q2,6
N0163,2025Q3,6
N0163,2025Q4,14
N0163,2026Q1,6
N0163,2026Q2,8
N0164,2021Q3,4
N0164,2021Q4,2
N0164,2022Q1,8
N0164,2022Q2,3
N0164,2022Q3,4
N0164,2022Q4,1
N0164,2023Q1,7
N0164,2023Q2,6
N0164,2023Q3,3
N0164,2023Q4,5
N0164,2024Q1,2
N0164,2024Q2,6
N0164,2024Q3,6
N0164,2024Q4,5
N0164,2025Q1,7
N0164,2025Q2,5
N0164,2025Q3,4
N0164,2025Q4,4
N0164,2026Q1,3
N0164,2026Q2,4
N0165,2021Q3,6
N0165,2021Q4,4
N0165,2022Q1,3
N0165,2022Q2,6
N0165,2022Q3,2
N0165,2022Q4,3
N0165,2023Q1,1
N0165,2023Q2,4
N0165,2023Q3,2
N0165,2023Q4,4
N0165,2024Q1,6
N0165,2024Q2,5
N0165,2024Q3,5
N0165,2024Q4,4
N0165,2025Q1,3
N0165,2025Q2,3
N0165,2025Q3,3
N0165,2025Q4,4
N0165,2026Q1,9
N0165,2026Q2,10
N0166,2021Q3,12
N0166,2021Q4,8
N0166,2022Q1,6
N0166,2022Q2,12
N0166,2022Q3,8
N0166,2022Q4,6
N0166,2023Q1,8
N0166,2023Q2,7
N0166,2023Q3,7
N0166,2023Q4,9
N0166,2024Q1,12
N0166,2024Q2,17
N0166,2024Q3,25
N0166,2024Q4,17
N0166,2025Q1,25
N0166,2025Q2,32
N0166,2025Q3,28
N0166,2025Q4,33
N0166,2026Q1,29
N0166,2026Q2,27
N0167,2021Q3,1
N0167,2021Q4,3
N0167,2022Q1,1
N0167,2022Q2,4
N0167,2022Q3,3
N0167,2022Q4,2
N0167,2023Q1,4
N0167,2023Q2,4
N0167,2023Q3,0
N0167,2023Q4,3
N0167,2024Q1,4
N0167,2024Q2,4
N0167,2024Q3,7
N0167,2024Q4,5
N0167,2025Q1,4
N0167,2025Q2,5
N0167,2025Q3,8
N0167,2025Q4,0
N0167,2026Q1,0
N0167,2026Q2,0
N0168,2021Q3,4
N0168,2021Q4,4
N0168,2022Q1,6
N0168,2022Q2,4
N0168,2022Q3,6
N0168,2022Q4,2
N0168,2023Q1,4
N0168,2023Q2,8
N0168,2023Q3,6
N0168,2023Q4,4
N0168,2024Q1,3
N0168,2024Q2,1
N0168,2024Q3,3
N0168,2024Q4,1
N0168,2025Q1,2
N0168,2025Q2,3
N0168,2025Q3,6
N0168,2025Q4,7
N0168,2026Q1,3
N0168,2026Q2,2
N0169,2021Q3,8
N0169,2021Q4,14
N0169,2022Q1,10
N0169,2022Q2,7
N0169,2022Q3,12
N0169,2022Q4,6
N0169,2023Q1,7
N0169,2023Q2,10
N0169,2023Q3,6
N0169,2023Q4,7
N0169,2024Q1,11
N0169,2024Q2,17
N0169,2024Q3,11
N0169,2024Q4,9
N0169,2025Q1,18
N0169,2025Q2,17
N0169,2025Q3,18
N0169,2025Q4,6
N0169,2026Q1,2
N0169,2026Q2,7
N0170,2021Q3,5
N0170,2021Q4,8
N0170,2022Q1,11
N0170,2022Q2,10
N0170,2022Q3,8
N0170,2022Q4,12
N0170,2023Q1,10
N0170,2023Q2,8
N0170,2023Q3,4
N0170,2023Q4,8
N0170,2024Q1,8
N0170,2024Q2,14
N0170,2024Q3,11
N0170,2024Q4,8
N0170,2025Q1,9
N0170,2025Q2,13
N0170,2025Q3,13
N0170,2025Q4,14
N0170,2026Q1,6
N0170,2026Q2,16
N0171,2021Q3,3
N0171,2021Q4,8
N0171,2022Q1,13
N0171,2022Q2,8
N0171,2022Q3,11
N0171,2022Q4,6
N0171,2023Q1,4
N0171,2023Q2,5
N0171,2023Q3,4
N0171,2023Q4,10
N0171,2024Q1,12
N0171,2024Q2,13
N0171,2024Q3,4
N0171,2024Q4,10
N0171,2025Q1,4
N0171,2025Q2,3
N0171,2025Q3,5
N0171,2025Q4,7
N0171,2026Q1,4
N0171,2026Q2,2
N0172,2021Q3,14
N0172,2021Q4,8
N0172,2022Q1,9
N0172,2022Q2,10
N0172,2022Q3,17
N0172,2022Q4,14
N0172,2023Q1,19
N0172,2023Q2,13
N0172,2023Q3,14
N0172,2023Q4,12
N0172,2024Q1,14
N0172,2024Q2,25
N0172,2024Q3,18
N0172,2024Q4,13
N0172,2025Q1,10
N0172,2025Q2,15
N0172,2025Q3,19
N0172,2025Q4,21
N0172,2026Q1,13
N0172,2026Q2,14
N0173,2021Q3,7
N0173,2021Q4,0
N0173,2022Q1,4
N0173,2022Q2,3
N0173,2022Q3,2
N0173,2022Q4,2
N0173,2023Q1,6
N0173,2023Q2,2
N0173,2023Q3,5
N0173,2023Q4,2
N0173,2024Q1,8
N0173,2024Q2,4
N0173,2024Q3,7
N0173,2024Q4,5
N0173,2025Q1,9
N0173,2025Q2,9
N0173,2025Q3,6
N0173,2025Q4,0
N0173,2026Q1,0
N0173,2026Q2,1
N0174,2021Q3,1
N0174,2021Q4,0
N0174,2022Q1,1
N0174,2022Q2,0
N0174,2022Q3,2
N0174,2022Q4,1
N0174,2023Q1,4
N0174,2023Q2,0
N0174,2023Q3,1
N0174,2023Q4,1
N0174,2024Q1,1
N0174,2024Q2,2
N0174,2024Q3,3
N0174,2024Q4,0
N0174,2025Q1,0
N0174,2025Q2,1
N0174,2025Q3,2
N0174,2025Q4,1
N0174,2026Q1,0
N0174,2026Q2,1
N0175,2021Q3,5
N0175,2021Q4,5
N0175,2022Q1,11
N0175,2022Q2,4
N0175,2022Q3,6
N0175,2022Q4,9
N0175,2023Q1,4
N0175,2023Q2,6
N0175,2023Q3,6
N0175,2023Q4,7
N0175,2024Q1,7
N0175,2024Q2,10
N0175,2024Q3,6
N0175,2024Q4,6
N0175,2025Q1,7
N0175,2025Q2,6
N0175,2025Q3,10
N0175,2025Q4,10
N0175,2026Q1,10
N0175,2026Q2,6
N0176,2021Q3,4
N0176,2021Q4,6
N0176,2022Q1,1
N0176,2022Q2,3
N0176,2022Q3,2
N0176,2022Q4,5
N0176,2023Q1,5
N0176,2023Q2,4
N0176,2023Q3,4
N0176,2023Q4,3
N0176,2024Q1,4
N0176,2024Q2,1
N0176,2024Q3,3
N0176,2024Q4,5
N0176,2025Q1,4
N0176,2025Q2,3
N0176,2025Q3,1
N0176,2025Q4,6
N0176,2026Q1,5
N0176,2026Q2,1
N0177,2021Q3,4
N0177,2021Q4,4
N0177,2022Q1,3
N0177,2022Q2,1
N0177,2022Q3,6
N0177,2022Q4,4
N0177,2023Q1,8
N0177,2023Q2,5
N0177,2023Q3,4
N0177,2023Q4,4
N0177,2024Q1,9
N0177,2024Q2,5
N0177,2024Q3,6
N0177,2024Q4,4
N0177,2025Q1,5
N0177,2025Q2,4
N0177,2025Q3,5
N0177,2025Q4,9
N0177,2026Q1,3
N0177,2026Q2,3
N0178,2021Q3,0
N0178,2021Q4,0
N0178,2022Q1,1
N0178,2022Q2,0
N0178,2022Q3,1
N0178,2022Q4,0
N0178,2023Q1,0
N0178,2023Q2,1
N0178,2023Q3,0
N0178,2023Q4,0
N0178,2024Q1,2
N0178,2024Q2,1
N0178,2024Q3,2
N0178,2024Q4,3
N0178,2025Q1,4
N0178,2025Q2,4
N0178,2025Q3,0
N0178,2025Q4,1
N0178,2026Q1,0
N0178,2026Q2,3
N0179,2021Q3,3
N0179,2021Q4,4
N0179,2022Q1,3
N0179,2022Q2,4
N0179,2022Q3,3
N0179,2022Q4,4
N0179,2023Q1,6
N0179,2023Q2,2
N0179,2023Q3,4
N0179,2023Q4,4
N0179,2024Q1,9
N0179,2024Q2,7
N0179,2024Q3,7
N0179,2024Q4,10
N0179,2025Q1,6
N0179,2025Q2,4
N0179,2025Q3,5
N0179,2025Q4,7
N0179,2026Q1,9
N0179,2026Q2,6
N0180,2021Q3,8
N0180,2021Q4,4
N0180,2022Q1,5
N0180,2022Q2,7
N0180,2022Q3,4
N0180,2022Q4,3
N0180,2023Q1,2
N0180,2023Q2,7
N0180,2023Q3,3
N0180,2023Q4,5
N0180,2024Q1,10
N0180,2024Q2,3
N0180,2024Q3,7
N0180,2024Q4,5
N0180,2025Q1,7
N0180,2025Q2,4
N0180,2025Q3,5
N0180,2025Q4,4
N0180,2026Q1,4
N0180,2026Q2,8
N0181,2021Q3,6
N0181,2021Q4,6
N0181,2022Q1,4
N0181,2022Q2,3
N0181,2022Q3,7
N0181,2022Q4,2
N0181,2023Q1,12
N0181,2023Q2,6
N0181,2023Q3,3
N0181,2023Q4,5
N0181,2024Q1,4
N0181,2024Q2,7
N0181,2024Q3,5
N0181,2024Q4,5
N0181,2025Q1,4
N0181,2025Q2,6
N0181,2025Q3,7
N0181,2025Q4,6
N0181,2026Q1,6
N0181,2026Q2,7
N0182,2021Q3,3
N0182,2021Q4,3
N0182,2022Q1,3
N0182,2022Q2,3
N0182,2022Q3,2
N0182,2022Q4,3
N0182,2023Q1,1
N0182,2023Q2,3
N0182,2023Q3,4
N0182,2023Q4,3
N0182,2024Q1,3
N0182,2024Q2,4
N0182,2024Q3,0
N0182,2024Q4,4
N0182,2025Q1,2
N0182,2025Q2,4
N0182,2025Q3,2
N0182,2025Q4,5
N0182,2026Q1,6
N0182,2026Q2,6
N0183,2021Q3,3
N0183,2021Q4,4
N0183,2022Q1,9
N0183,2022Q2,8
N0183,2022Q3,8
N0183,2022Q4,9
N0183,2023Q1,6
N0183,2023Q2,9
N0183,2023Q3,12
N0183,2023Q4,9
N0183,2024Q1,13
N0183,2024Q2,15
N0183,2024Q3,21
N0183,2024Q4,18
N0183,2025Q1,21
N0183,2025Q2,24
N0183,2025Q3,25
N0183,2025Q4,8
N0183,2026Q1,4
N0183,2026Q2,7
N0184,2021Q3,4
N0184,2021Q4,7
N0184,2022Q1,0
N0184,2022Q2,5
N0184,2022Q3,4
N0184,2022Q4,1
N0184,2023Q1,6
N0184,2023Q2,3
N0184,2023Q3,6
N0184,2023Q4,6
N0184,2024Q1,3
N0184,2024Q2,7
N0184,2024Q3,6
N0184,2024Q4,1
N0184,2025Q1,6
N0184,2025Q2,2
N0184,2025Q3,4
N0184,2025Q4,3
N0184,2026Q1,6
N0184,2026Q2,3
N0185,2021Q3,3
N0185,2021Q4,5
N0185,2022Q1,2
N0185,2022Q2,3
N0185,2022Q3,4
N0185,2022Q4,2
N0185,2023Q1,4
N0185,2023Q2,1
N0185,2023Q3,4
N0185,2023Q4,1
N0185,2024Q1,3
N0185,2024Q2,4
N0185,2024Q3,8
N0185,2024Q4,4
N0185,2025Q1,5
N0185,2025Q2,5
N0185,2025Q3,6
N0185,2025Q4,6
N0185,2026Q1,4
N0185,2026Q2,6
N0186,2021Q3,1
N0186,2021Q4,6
N0186,2022Q1,7
N0186,2022Q2,5
N0186,2022Q3,4
N0186,2022Q4,5
N0186,2023Q1,2
N0186,2023Q2,2
N0186,2023Q3,4
N0186,2023Q4,2
N0186,2024Q1,7
N0186,2024Q2,7
N0186,2024Q3,10
N0186,2024Q4,11
N0186,2025Q1,12
N0186,2025Q2,7
N0186,2025Q3,10
N0186,2025Q4,19
N0186,2026Q1,9
N0186,2026Q2,23
N0187,2021Q3,2
N0187,2021Q4,1
N0187,2022Q1,2
N0187,2022Q2,1
N0187,2022Q3,0
N0187,2022Q4,2
N0187,2023Q1,1
N0187,2023Q2,1
N0187,2023Q3,2
N0187,2023Q4,1
N0187,2024Q1,2
N0187,2024Q2,3
N0187,2024Q3,0
N0187,2024Q4,2
N0187,2025Q1,1
N0187,2025Q2,2
N0187,2025Q3,0
N0187,2025Q4,2
N0187,2026Q1,1
N0187,2026Q2,6
N0188,2021Q3,0
N0188,2021Q4,1
N0188,2022Q1,2
N0188,2022Q2,4
N0188,2022Q3,1
N0188,2022Q4,1
N0188,2023Q1,1
N0188,2023Q2,2
N0188,2023Q3,1
N0188,2023Q4,1
N0188,2024Q1,2
N0188,2024Q2,3
N0188,2024Q3,4
N0188,2024Q4,2
N0188,2025Q1,0
N0188,2025Q2,1
N0188,2025Q3,1
N0188,2025Q4,3
N0188,2026Q1,0
N0188,2026Q2,2
N0189,2021Q3,7
N0189,2021Q4,6
N0189,2022Q1,8
N0189,2022Q2,7
N0189,2022Q3,6
N0189,2022Q4,7
N0189,2023Q1,5
N0189,2023Q2,2
N0189,2023Q3,9
N0189,2023Q4,3
N0189,2024Q1,16
N0189,2024Q2,16
N0189,2024Q3,9
N0189,2024Q4,12
N0189,2025Q1,23
N0189,2025Q2,19
N0189,2025Q3,12
N0189,2025Q4,6
N0189,2026Q1,2
N0189,2026Q2,8
N0190,2021Q3,3
N0190,2021Q4,4
N0190,2022Q1,3
N0190,2022Q2,4
N0190,2022Q3,8
N0190,2022Q4,8
N0190,2023Q1,6
N0190,2023Q2,4
N0190,2023Q3,7
N0190,2023Q4,6
N0190,2024Q1,7
N0190,2024Q2,2
N0190,2024Q3,2
N0190,2024Q4,2
N0190,2025Q1,1
N0190,2025Q2,2
N0190,2025Q3,1
N0190,2025Q4,4
N0190,2026Q1,0
N0190,2026Q2,1
N0191,2021Q3,4
N0191,2021Q4,3
N0191,2022Q1,4
N0191,2022Q2,11
N0191,2022Q3,2
N0191,2022Q4,4
N0191,2023Q1,7
N0191,2023Q2,6
N0191,2023Q3,8
N0191,2023Q4,8
N0191,2024Q1,15
N0191,2024Q2,15
N0191,2024Q3,14
N0191,2024Q4,15
N0191,2025Q1,18
N0191,2025Q2,13
N0191,2025Q3,9
N0191,2025Q4,8
N0191,2026Q1,22
N0191,2026Q2,21
N0192,2021Q3,2
N0192,2021Q4,5
N0192,2022Q1,4
N0192,2022Q2,6
N0192,2022Q3,5
N0192,2022Q4,5
N0192,2023Q1,3
N0192,2023Q2,10
N0192,2023Q3,3
N0192,2023Q4,7
N0192,2024Q1,12
N0192,2024Q2,4
N0192,2024Q3,4
N0192,2024Q4,6
N0192,2025Q1,8
N0192,2025Q2,2
N0192,2025Q3,11
N0192,2025Q4,5
N0192,2026Q1,10
N0192,2026Q2,4
N0193,2021Q3,9
N0193,2021Q4,5
N0193,2022Q1,6
N0193,2022Q2,11
N0193,2022Q3,10
N0193,2022Q4,10
N0193,2023Q1,6
N0193,2023Q2,7
N0193,2023Q3,8
N0193,2023Q4,7
N0193,2024Q1,7
N0193,2024Q2,8
N0193,2024Q3,7
N0193,2024Q4,7
N0193,2025Q1,11
N0193,2025Q2,4
N0193,2025Q3,23
N0193,2025Q4,48
N0193,2026Q1,41
N0193,2026Q2,30
N0194,2021Q3,4
N0194,2021Q4,6
N0194,2022Q1,7
N0194,2022Q2,3
N0194,2022Q3,3
N0194,2022Q4,5
N0194,2023Q1,2
N0194,2023Q2,5
N0194,2023Q3,7
N0194,2023Q4,4
N0194,2024Q1,8
N0194,2024Q2,6
N0194,2024Q3,8
N0194,2024Q4,7
N0194,2025Q1,6
N0194,2025Q2,9
N0194,2025Q3,10
N0194,2025Q4,8
N0194,2026Q1,9
N0194,2026Q2,6
N0195,2021Q3,6
N0195,2021Q4,7
N0195,2022Q1,0
N0195,2022Q2,7
N0195,2022Q3,4
N0195,2022Q4,6
N0195,2023Q1,7
N0195,2023Q2,9
N0195,2023Q3,4
N0195,2023Q4,7
N0195,2024Q1,10
N0195,2024Q2,11
N0195,2024Q3,19
N0195,2024Q4,11
N0195,2025Q1,14
N0195,2025Q2,12
N0195,2025Q3,15
N0195,2025Q4,15
N0195,2026Q1,19
N0195,2026Q2,20
N0196,2021Q3,2
N0196,2021Q4,2
N0196,2022Q1,0
N0196,2022Q2,0
N0196,2022Q3,0
N0196,2022Q4,1
N0196,2023Q1,2
N0196,2023Q2,0
N0196,2023Q3,2
N0196,2023Q4,1
N0196,2024Q1,5
N0196,2024Q2,12
N0196,2024Q3,3
N0196,2024Q4,6
N0196,2025Q1,6
N0196,2025Q2,9
N0196,2025Q3,11
N0196,2025Q4,4
N0196,2026Q1,4
N0196,2026Q2,8
N0197,2021Q3,7
N0197,2021Q4,5
N0197,2022Q1,3
N0197,2022Q2,7
N0197,2022Q3,9
N0197,2022Q4,3
N0197,2023Q1,3
N0197,2023Q2,3
N0197,2023Q3,4
N0197,2023Q4,4
N0197,2024Q1,5
N0197,2024Q2,14
N0197,2024Q3,4
N0197,2024Q4,11
N0197,2025Q1,6
N0197,2025Q2,6
N0197,2025Q3,5
N0197,2025Q4,14
N0197,2026Q1,11
N0197,2026Q2,11
N0198,2021Q3,1
N0198,2021Q4,2
N0198,2022Q1,2
N0198,2022Q2,4
N0198,2022Q3,2
N0198,2022Q4,1
N0198,2023Q1,1
N0198,2023Q2,0
N0198,2023Q3,2
N0198,2023Q4,3
N0198,2024Q1,5
N0198,2024Q2,4
N0198,2024Q3,2
N0198,2024Q4,2
N0198,2025Q1,4
N0198,2025Q2,4
N0198,2025Q3,3
N0198,2025Q4,6
N0198,2026Q1,3
N0198,2026Q2,1
N0199,2021Q3,4
N0199,2021Q4,3
N0199,2022Q1,3
N0199,2022Q2,1
N0199,2022Q3,2
N0199,2022Q4,1
N0199,2023Q1,2
N0199,2023Q2,2
N0199,2023Q3,1
N0199,2023Q4,4
N0199,2024Q1,9
N0199,2024Q2,7
N0199,2024Q3,10
N0199,2024Q4,6
N0199,2025Q1,3
N0199,2025Q2,7
N0199,2025Q3,5
N0199,2025Q4,0
N0199,2026Q1,0
N0199,2026Q2,0
N0200,2021Q3,2
N0200,2021Q4,0
N0200,2022Q1,5
N0200,2022Q2,0
N0200,2022Q3,1
N0200,2022Q4,1
N0200,2023Q1,5
N0200,2023Q2,3
N0200,2023Q3,0
N0200,2023Q4,2
N0200,2024Q1,4
N0200,2024Q2,6
N0200,2024Q3,3
N0200,2024Q4,3
N0200,2025Q1,3
N0200,2025Q2,4
N0200,2025Q3,5
N0200,2025Q4,3
N0200,2026Q1,1
N0200,2026Q2,2
N0201,2021Q3,6
N0201,2021Q4,1
N0201,2022Q1,2
N0201,2022Q2,6
N0201,2022Q3,1
N0201,2022Q4,1
N0201,2023Q1,4
N0201,2023Q2,3
N0201,2023Q3,7
N0201,2023Q4,2
N0201,2024Q1,8
N0201,2024Q2,5
N0201,2024Q3,0
N0201,2024Q4,1
N0201,2025Q1,2
N0201,2025Q2,3
N0201,2025Q3,8
N0201,2025Q4,3
N0201,2026Q1,4
N0201,2026Q2,3
N0202,2021Q3,4
N0202,2021Q4,4
N0202,2022Q1,2
N0202,2022Q2,3
N0202,2022Q3,7
N0202,2022Q4,10
N0202,2023Q1,5
N0202,2023Q2,5
N0202,2023Q3,5
N0202,2023Q4,4
N0202,2024Q1,6
N0202,2024Q2,6
N0202,2024Q3,4
N0202,2024Q4,12
N0202,2025Q1,7
N0202,2025Q2,10
N0202,2025Q3,10
N0202,2025Q4,4
N0202,2026Q1,6
N0202,2026Q2,6
N0203,2021Q3,4
N0203,2021Q4,3
N0203,2022Q1,3
N0203,2022Q2,9
N0203,2022Q3,4
N0203,2022Q4,5
N0203,2023Q1,3
N0203,2023Q2,6
N0203,2023Q3,4
N0203,2023Q4,6
N0203,2024Q1,6
N0203,2024Q2,13
N0203,2024Q3,3
N0203,2024Q4,2
N0203,2025Q1,6
N0203,2025Q2,1
N0203,2025Q3,11
N0203,2025Q4,6
N0203,2026Q1,9
N0203,2026Q2,6
N0204,2021Q3,7
N0204,2021Q4,5
N0204,2022Q1,3
N0204,2022Q2,10
N0204,2022Q3,11
N0204,2022Q4,14
N0204,2023Q1,7
N0204,2023Q2,4
N0204,2023Q3,6
N0204,2023Q4,5
N0204,2024Q1,7
N0204,2024Q2,8
N0204,2024Q3,7
N0204,2024Q4,13
N0204,2025Q1,8
N0204,2025Q2,11
N0204,2025Q3,11
N0204,2025Q4,4
N0204,2026Q1,1
N0204,2026Q2,8
N0205,2021Q3,4
N0205,2021Q4,6
N0205,2022Q1,3
N0205,2022Q2,1
N0205,2022Q3,5
N0205,2022Q4,1
N0205,2023Q1,2
N0205,2023Q2,7
N0205,2023Q3,2
N0205,2023Q4,4
N0205,2024Q1,9
N0205,2024Q2,10
N0205,2024Q3,4
N0205,2024Q4,7
N0205,2025Q1,6
N0205,2025Q2,13
N0205,2025Q3,7
N0205,2025Q4,13
N0205,2026Q1,7
N0205,2026Q2,11
N0206,2021Q3,4
N0206,2021Q4,7
N0206,2022Q1,0
N0206,2022Q2,10
N0206,2022Q3,6
N0206,2022Q4,5
N0206,2023Q1,12
N0206,2023Q2,8
N0206,2023Q3,3
N0206,2023Q4,2
N0206,2024Q1,3
N0206,2024Q2,2
N0206,2024Q3,6
N0206,2024Q4,3
N0206,2025Q1,3
N0206,2025Q2,3
N0206,2025Q3,9
N0206,2025Q4,7
N0206,2026Q1,9
N0206,2026Q2,9
N0207,2021Q3,0
N0207,2021Q4,1
N0207,2022Q1,1
N0207,2022Q2,0
N0207,2022Q3,0
N0207,2022Q4,1
N0207,2023Q1,0
N0207,2023Q2,0
N0207,2023Q3,0
N0207,2023Q4,0
N0207,2024Q1,0
N0207,2024Q2,0
N0207,2024Q3,0
N0207,2024Q4,0
N0207,2025Q1,0
N0207,2025Q2,0
N0207,2025Q3,0
N0207,2025Q4,0
N0207,2026Q1,0
N0207,2026Q2,0
N0208,2021Q3,0
N0208,2021Q4,5
N0208,2022Q1,3
N0208,2022Q2,4
N0208,2022Q3,4
N0208,2022Q4,8
N0208,2023Q1,2
N0208,2023Q2,5
N0208,2023Q3,6
N0208,2023Q4,4
N0208,2024Q1,4
N0208,2024Q2,9
N0208,2024Q3,5
N0208,2024Q4,9
N0208,2025Q1,6
N0208,2025Q2,7
N0208,2025Q3,3
N0208,2025Q4,8
N0208,2026Q1,2
N0208,2026Q2,5
N0209,2021Q3,4
N0209,2021Q4,4
N0209,2022Q1,2
N0209,2022Q2,0
N0209,2022Q3,4
N0209,2022Q4,2
N0209,2023Q1,2
N0209,2023Q2,3
N0209,2023Q3,5
N0209,2023Q4,3
N0209,2024Q1,7
N0209,2024Q2,6
N0209,2024Q3,5
N0209,2024Q4,5
N0209,2025Q1,6
N0209,2025Q2,1
N0209,2025Q3,2
N0209,2025Q4,4
N0209,2026Q1,6
N0209,2026Q2,11
N0210,2021Q3,5
N0210,2021Q4,6
N0210,2022Q1,4
N0210,2022Q2,6
N0210,2022Q3,9
N0210,2022Q4,10
N0210,2023Q1,5
N0210,2023Q2,10
N0210,2023Q3,6
N0210,2023Q4,10
N0210,2024Q1,4
N0210,2024Q2,7
N0210,2024Q3,2
N0210,2024Q4,6
N0210,2025Q1,4
N0210,2025Q2,2
N0210,2025Q3,10
N0210,2025Q4,3
N0210,2026Q1,1
N0210,2026Q2,6
N0211,2021Q3,3
N0211,2021Q4,7
N0211,2022Q1,8
N0211,2022Q2,10
N0211,2022Q3,10
N0211,2022Q4,9
N0211,2023Q1,2
N0211,2023Q2,5
N0211,2023Q3,10
N0211,2023Q4,7
N0211,2024Q1,7
N0211,2024Q2,2
N0211,2024Q3,12
N0211,2024Q4,2
N0211,2025Q1,5
N0211,2025Q2,5
N0211,2025Q3,2
N0211,2025Q4,11
N0211,2026Q1,7
N0211,2026Q2,9
N0212,2021Q3,3
N0212,2021Q4,3
N0212,2022Q1,2
N0212,2022Q2,0
N0212,2022Q3,2
N0212,2022Q4,2
N0212,2023Q1,1
N0212,2023Q2,0
N0212,2023Q3,1
N0212,2023Q4,2
N0212,2024Q1,1
N0212,2024Q2,1
N0212,2024Q3,3
N0212,2024Q4,0
N0212,2025Q1,4
N0212,2025Q2,1
N0212,2025Q3,3
N0212,2025Q4,3
N0212,2026Q1,0
N0212,2026Q2,0
N0213,2021Q3,2
N0213,2021Q4,1
N0213,2022Q1,0
N0213,2022Q2,2
N0213,2022Q3,5
N0213,2022Q4,3
N0213,2023Q1,5
N0213,2023Q2,1
N0213,2023Q3,0
N0213,2023Q4,2
N0213,2024Q1,10
N0213,2024Q2,5
N0213,2024Q3,7
N0213,2024Q4,8
N0213,2025Q1,9
N0213,2025Q2,7
N0213,2025Q3,5
N0213,2025Q4,2
N0213,2026Q1,1
N0213,2026Q2,7
N0214,2021Q3,1
N0214,2021Q4,4
N0214,2022Q1,3
N0214,2022Q2,4
N0214,2022Q3,5
N0214,2022Q4,1
N0214,2023Q1,4
N0214,2023Q2,2
N0214,2023Q3,2
N0214,2023Q4,6
N0214,2024Q1,2
N0214,2024Q2,7
N0214,2024Q3,4
N0214,2024Q4,6
N0214,2025Q1,9
N0214,2025Q2,5
N0214,2025Q3,5
N0214,2025Q4,5
N0214,2026Q1,3
N0214,2026Q2,4
N0215,2021Q3,4
N0215,2021Q4,5
N0215,2022Q1,2
N0215,2022Q2,4
N0215,2022Q3,3
N0215,2022Q4,5
N0215,2023Q1,4
N0215,2023Q2,8
N0215,2023Q3,6
N0215,2023Q4,5
N0215,2024Q1,6
N0215,2024Q2,4
N0215,2024Q3,6
N0215,2024Q4,4
N0215,2025Q1,2
N0215,2025Q2,2
N0215,2025Q3,10
N0215,2025Q4,5
N0215,2026Q1,8
N0215,2026Q2,11
N0216,2021Q3,3
N0216,2021Q4,1
N0216,2022Q1,5
N0216,2022Q2,3
N0216,2022Q3,2
N0216,2022Q4,1
N0216,2023Q1,2
N0216,2023Q2,3
N0216,2023Q3,2
N0216,2023Q4,2
N0216,2024Q1,10
N0216,2024Q2,9
N0216,2024Q3,10
N0216,2024Q4,8
N0216,2025Q1,12
N0216,2025Q2,3
N0216,2025Q3,12
N0216,2025Q4,1
N0216,2026Q1,1
N0216,2026Q2,2
N0217,2021Q3,12
N0217,2021Q4,11
N0217,2022Q1,4
N0217,2022Q2,12
N0217,2022Q3,5
N0217,2022Q4,9
N0217,2023Q1,8
N0217,2023Q2,6
N0217,2023Q3,13
N0217,2023Q4,8
N0217,2024Q1,8
N0217,2024Q2,6
N0217,2024Q3,7
N0217,2024Q4,8
N0217,2025Q1,3
N0217,2025Q2,3
N0217,2025Q3,6
N0217,2025Q4,3
N0217,2026Q1,3
N0217,2026Q2,4
N0218,2021Q3,3
N0218,2021Q4,1
N0218,2022Q1,0
N0218,2022Q2,0
N0218,2022Q3,3
N0218,2022Q4,3
N0218,2023Q1,3
N0218,2023Q2,2
N0218,2023Q3,2
N0218,2023Q4,0
N0218,2024Q1,1
N0218,2024Q2,3
N0218,2024Q3,0
N0218,2024Q4,1
N0218,2025Q1,2
N0218,2025Q2,0
N0218,2025Q3,2
N0218,2025Q4,0
N0218,2026Q1,0
N0218,2026Q2,0
N0219,2021Q3,6
N0219,2021Q4,4
N0219,2022Q1,7
N0219,2022Q2,6
N0219,2022Q3,4
N0219,2022Q4,6
N0219,2023Q1,9
N0219,2023Q2,8
N0219,2023Q3,8
N0219,2023Q4,5
N0219,2024Q1,5
N0219,2024Q2,1
N0219,2024Q3,9
N0219,2024Q4,8
N0219,2025Q1,11
N0219,2025Q2,16
N0219,2025Q3,7
N0219,2025Q4,7
N0219,2026Q1,8
N0219,2026Q2,5
N0220,2021Q3,7
N0220,2021Q4,6
N0220,2022Q1,1
N0220,2022Q2,4
N0220,2022Q3,5
N0220,2022Q4,3
N0220,2023Q1,4
N0220,2023Q2,8
N0220,2023Q3,5
N0220,2023Q4,3
N0220,2024Q1,7
N0220,2024Q2,5
N0220,2024Q3,5
N0220,2024Q4,6
N0220,2025Q1,2
N0220,2025Q2,4
N0220,2025Q3,3
N0220,2025Q4,3
N0220,2026Q1,5
N0220,2026Q2,1
N0221,2021Q3,3
N0221,2021Q4,2
N0221,2022Q1,5
N0221,2022Q2,5
N0221,2022Q3,4
N0221,2022Q4,4
N0221,2023Q1,3
N0221,2023Q2,4
N0221,2023Q3,0
N0221,2023Q4,2
N0221,2024Q1,6
N0221,2024Q2,3
N0221,2024Q3,7
N0221,2024Q4,8
N0221,2025Q1,10
N0221,2025Q2,5
N0221,2025Q3,6
N0221,2025Q4,4
N0221,2026Q1,6
N0221,2026Q2,5
N0222,2021Q3,7
N0222,2021Q4,15
N0222,2022Q1,2
N0222,2022Q2,11
N0222,2022Q3,12
N0222,2022Q4,10
N0222,2023Q1,6
N0222,2023Q2,9
N0222,2023Q3,9
N0222,2023Q4,9
N0222,2024Q1,4
N0222,2024Q2,6
N0222,2024Q3,7
N0222,2024Q4,8
N0222,2025Q1,14
N0222,2025Q2,8
N0222,2025Q3,9
N0222,2025Q4,7
N0222,2026Q1,6
N0222,2026Q2,5
N0223,2021Q3,3
N0223,2021Q4,2
N0223,2022Q1,3
N0223,2022Q2,0
N0223,2022Q3,5
N0223,2022Q4,2
N0223,2023Q1,5
N0223,2023Q2,3
N0223,2023Q3,2
N0223,2023Q4,4
N0223,2024Q1,8
N0223,2024Q2,5
N0223,2024Q3,2
N0223,2024Q4,3
N0223,2025Q1,1
N0223,2025Q2,5
N0223,2025Q3,4
N0223,2025Q4,3
N0223,2026Q1,3
N0223,2026Q2,1
N0224,2021Q3,0
N0224,2021Q4,7
N0224,2022Q1,8
N0224,2022Q2,5
N0224,2022Q3,1
N0224,2022Q4,1
N0224,2023Q1,4
N0224,2023Q2,2
N0224,2023Q3,2
N0224,2023Q4,3
N0224,2024Q1,5
N0224,2024Q2,5
N0224,2024Q3,7
N0224,2024Q4,6
N0224,2025Q1,5
N0224,2025Q2,1
N0224,2025Q3,6
N0224,2025Q4,3
N0224,2026Q1,3
N0224,2026Q2,4
N0225,2021Q3,1
N0225,2021Q4,1
N0225,2022Q1,2
N0225,2022Q2,1
N0225,2022Q3,2
N0225,2022Q4,1
N0225,2023Q1,0
N0225,2023Q2,2
N0225,2023Q3,3
N0225,2023Q4,1
N0225,2024Q1,6
N0225,2024Q2,6
N0225,2024Q3,5
N0225,2024Q4,8
N0225,2025Q1,4
N0225,2025Q2,5
N0225,2025Q3,3
N0225,2025Q4,0
N0225,2026Q1,0
N0225,2026Q2,1
N0226,2021Q3,2
N0226,2021Q4,6
N0226,2022Q1,8
N0226,2022Q2,7
N0226,2022Q3,8
N0226,2022Q4,4
N0226,2023Q1,4
N0226,2023Q2,7
N0226,2023Q3,8
N0226,2023Q4,8
N0226,2024Q1,3
N0226,2024Q2,8
N0226,2024Q3,7
N0226,2024Q4,4
N0226,2025Q1,8
N0226,2025Q2,4
N0226,2025Q3,10
N0226,2025Q4,8
N0226,2026Q1,3
N0226,2026Q2,4
N0227,2021Q3,8
N0227,2021Q4,5
N0227,2022Q1,4
N0227,2022Q2,5
N0227,2022Q3,0
N0227,2022Q4,0
N0227,2023Q1,2
N0227,2023Q2,4
N0227,2023Q3,5
N0227,2023Q4,3
N0227,2024Q1,5
N0227,2024Q2,5
N0227,2024Q3,3
N0227,2024Q4,1
N0227,2025Q1,4
N0227,2025Q2,0
N0227,2025Q3,4
N0227,2025Q4,3
N0227,2026Q1,5
N0227,2026Q2,3
N0228,2021Q3,11
N0228,2021Q4,9
N0228,2022Q1,8
N0228,2022Q2,11
N0228,2022Q3,7
N0228,2022Q4,6
N0228,2023Q1,12
N0228,2023Q2,5
N0228,2023Q3,6
N0228,2023Q4,10
N0228,2024Q1,10
N0228,2024Q2,8
N0228,2024Q3,16
N0228,2024Q4,10
N0228,2025Q1,12
N0228,2025Q2,10
N0228,2025Q3,17
N0228,2025Q4,14
N0228,2026Q1,8
N0228,2026Q2,13
N0229,2021Q3,1
N0229,2021Q4,2
N0229,2022Q1,0
N0229,2022Q2,0
N0229,2022Q3,4
N0229,2022Q4,3
N0229,2023Q1,4
N0229,2023Q2,3
N0229,2023Q3,4
N0229,2023Q4,3
N0229,2024Q1,3
N0229,2024Q2,4
N0229,2024Q3,1
N0229,2024Q4,0
N0229,2025Q1,0
N0229,2025Q2,1
N0229,2025Q3,1
N0229,2025Q4,0
N0229,2026Q1,0
N0229,2026Q2,2
N0230,2021Q3,0
N0230,2021Q4,2
N0230,2022Q1,1
N0230,2022Q2,2
N0230,2022Q3,4
N0230,2022Q4,3
N0230,2023Q1,10
N0230,2023Q2,2
N0230,2023Q3,5
N0230,2023Q4,2
N0230,2024Q1,12
N0230,2024Q2,10
N0230,2024Q3,13
N0230,2024Q4,6
N0230,2025Q1,16
N0230,2025Q2,9
N0230,2025Q3,8
N0230,2025Q4,2
N0230,2026Q1,10
N0230,2026Q2,10
N0231,2021Q3,10
N0231,2021Q4,9
N0231,2022Q1,5
N0231,2022Q2,12
N0231,2022Q3,8
N0231,2022Q4,2
N0231,2023Q1,3
N0231,2023Q2,8
N0231,2023Q3,7
N0231,2023Q4,8
N0231,2024Q1,3
N0231,2024Q2,12
N0231,2024Q3,9
N0231,2024Q4,3
N0231,2025Q1,5
N0231,2025Q2,2
N0231,2025Q3,6
N0231,2025Q4,11
N0231,2026Q1,14
N0231,2026Q2,8
N0232,2021Q3,7
N0232,2021Q4,5
N0232,2022Q1,4
N0232,2022Q2,6
N0232,2022Q3,6
N0232,2022Q4,4
N0232,2023Q1,11
N0232,2023Q2,3
N0232,2023Q3,9
N0232,2023Q4,10
N0232,2024Q1,2
N0232,2024Q2,4
N0232,2024Q3,3
N0232,2024Q4,9
N0232,2025Q1,5
N0232,2025Q2,4
N0232,2025Q3,7
N0232,2025Q4,3
N0232,2026Q1,2
N0232,2026Q2,1
N0233,2021Q3,7
N0233,2021Q4,4
N0233,2022Q1,2
N0233,2022Q2,3
N0233,2022Q3,6
N0233,2022Q4,6
N0233,2023Q1,2
N0233,2023Q2,3
N0233,2023Q3,8
N0233,2023Q4,3
N0233,2024Q1,6
N0233,2024Q2,4
N0233,2024Q3,2
N0233,2024Q4,5
N0233,2025Q1,2
N0233,2025Q2,2
N0233,2025Q3,1
N0233,2025Q4,0
N0233,2026Q1,1
N0233,2026Q2,0
N0234,2021Q3,3
N0234,2021Q4,3
N0234,2022Q1,3
N0234,2022Q2,1
N0234,2022Q3,1
N0234,2022Q4,1
N0234,2023Q1,2
N0234,2023Q2,2
N0234,2023Q3,1
N0234,2023Q4,0
N0234,2024Q1,1
N0234,2024Q2,1
N0234,2024Q3,1
N0234,2024Q4,2
N0234,2025Q1,2
N0234,2025Q2,5
N0234,2025Q3,1
N0234,2025Q4,2
N0234,2026Q1,4
N0234,2026Q2,1
N0235,2021Q3,1
N0235,2021Q4,2
N0235,2022Q1,3
N0235,2022Q2,3
N0235,2022Q3,4
N0235,2022Q4,7
N0235,2023Q1,3
N0235,2023Q2,6
N0235,2023Q3,2
N0235,2023Q4,3
N0235,2024Q1,5
N0235,2024Q2,3
N0235,2024Q3,1
N0235,2024Q4,5
N0235,2025Q1,2
N0235,2025Q2,2
N0235,2025Q3,2
N0235,2025Q4,2
N0235,2026Q1,2
N0235,2026Q2,1
N0236,2021Q3,3
N0236,2021Q4,5
N0236,2022Q1,1
N0236,2022Q2,0
N0236,2022Q3,0
N0236,2022Q4,0
N0236,2023Q1,2
N0236,2023Q2,1
N0236,2023Q3,2
N0236,2023Q4,1
N0236,2024Q1,2
N0236,2024Q2,6
N0236,2024Q3,2
N0236,2024Q4,4
N0236,2025Q1,4
N0236,2025Q2,2
N0236,2025Q3,2
N0236,2025Q4,2
N0236,2026Q1,3
N0236,2026Q2,8
N0237,2021Q3,4
N0237,2021Q4,2
N0237,2022Q1,0
N0237,2022Q2,4
N0237,2022Q3,2
N0237,2022Q4,3
N0237,2023Q1,5
N0237,2023Q2,3
N0237,2023Q3,2
N0237,2023Q4,2
N0237,2024Q1,9
N0237,2024Q2,6
N0237,2024Q3,3
N0237,2024Q4,2
N0237,2025Q1,1
N0237,2025Q2,1
N0237,2025Q3,4
N0237,2025Q4,9
N0237,2026Q1,4
N0237,2026Q2,7
N0238,2021Q3,6
N0238,2021Q4,4
N0238,2022Q1,6
N0238,2022Q2,5
N0238,2022Q3,2
N0238,2022Q4,3
N0238,2023Q1,6
N0238,2023Q2,4
N0238,2023Q3,4
N0238,2023Q4,4
N0238,2024Q1,1
N0238,2024Q2,2
N0238,2024Q3,5
N0238,2024Q4,2
N0238,2025Q1,4
N0238,2025Q2,1
N0238,2025Q3,6
N0238,2025Q4,6
N0238,2026Q1,9
N0238,2026Q2,5
N0239,2021Q3,5
N0239,2021Q4,4
N0239,2022Q1,3
N0239,2022Q2,0
N0239,2022Q3,3
N0239,2022Q4,2
N0239,2023Q1,3
N0239,2023Q2,2
N0239,2023Q3,3
N0239,2023Q4,3
N0239,2024Q1,2
N0239,2024Q2,3
N0239,2024Q3,3
N0239,2024Q4,8
N0239,2025Q1,2
N0239,2025Q2,3
N0239,2025Q3,8
N0239,2025Q4,0
N0239,2026Q1,1
N0239,2026Q2,3
N0240,2021Q3,2
N0240,2021Q4,0
N0240,2022Q1,1
N0240,2022Q2,3
N0240,2022Q3,3
N0240,2022Q4,4
N0240,2023Q1,1
N0240,2023Q2,0
N0240,2023Q3,0
N0240,2023Q4,3
N0240,2024Q1,1
N0240,2024Q2,1
N0240,2024Q3,3
N0240,2024Q4,3
N0240,2025Q1,3
N0240,2025Q2,4
N0240,2025Q3,5
N0240,2025Q4,2
N0240,2026Q1,4
N0240,2026Q2,1
N0241,2021Q3,7
N0241,2021Q4,7
N0241,2022Q1,6
N0241,2022Q2,5
N0241,2022Q3,4
N0241,2022Q4,9
N0241,2023Q1,1
N0241,2023Q2,7
N0241,2023Q3,3
N0241,2023Q4,5
N0241,2024Q1,3
N0241,2024Q2,2
N0241,2024Q3,4
N0241,2024Q4,4
N0241,2025Q1,5
N0241,2025Q2,2
N0241,2025Q3,4
N0241,2025Q4,5
N0241,2026Q1,5
N0241,2026Q2,4
N0242,2021Q3,6
N0242,2021Q4,5
N0242,2022Q1,3
N0242,2022Q2,2
N0242,2022Q3,1
N0242,2022Q4,3
N0242,2023Q1,3
N0242,2023Q2,3
N0242,2023Q3,1
N0242,2023Q4,2
N0242,2024Q1,4
N0242,2024Q2,3
N0242,2024Q3,4
N0242,2024Q4,2
N0242,2025Q1,1
N0242,2025Q2,1
N0242,2025Q3,1
N0242,2025Q4,2
N0242,2026Q1,3
N0242,2026Q2,6
N0243,2021Q3,6
N0243,2021Q4,7
N0243,2022Q1,12
N0243,2022Q2,14
N0243,2022Q3,12
N0243,2022Q4,21
N0243,2023Q1,9
N0243,2023Q2,14
N0243,2023Q3,10
N0243,2023Q4,16
N0243,2024Q1,18
N0243,2024Q2,11
N0243,2024Q3,9
N0243,2024Q4,13
N0243,2025Q1,16
N0243,2025Q2,9
N0243,2025Q3,21
N0243,2025Q4,15
N0243,2026Q1,15
N0243,2026Q2,16
N0244,2021Q3,21
N0244,2021Q4,10
N0244,2022Q1,16
N0244,2022Q2,9
N0244,2022Q3,10
N0244,2022Q4,5
N0244,2023Q1,6
N0244,2023Q2,13
N0244,2023Q3,8
N0244,2023Q4,11
N0244,2024Q1,11
N0244,2024Q2,12
N0244,2024Q3,11
N0244,2024Q4,4
N0244,2025Q1,9
N0244,2025Q2,10
N0244,2025Q3,16
N0244,2025Q4,26
N0244,2026Q1,13
N0244,2026Q2,14
N0245,2021Q3,4
N0245,2021Q4,3
N0245,2022Q1,1
N0245,2022Q2,1
N0245,2022Q3,5
N0245,2022Q4,1
N0245,2023Q1,6
N0245,2023Q2,3
N0245,2023Q3,7
N0245,2023Q4,3
N0245,2024Q1,4
N0245,2024Q2,3
N0245,2024Q3,3
N0245,2024Q4,2
N0245,2025Q1,4
N0245,2025Q2,1
N0245,2025Q3,2
N0245,2025Q4,3
N0245,2026Q1,5
N0245,2026Q2,2
N0246,2021Q3,4
N0246,2021Q4,5
N0246,2022Q1,4
N0246,2022Q2,6
N0246,2022Q3,3
N0246,2022Q4,5
N0246,2023Q1,5
N0246,2023Q2,4
N0246,2023Q3,7
N0246,2023Q4,4
N0246,2024Q1,10
N0246,2024Q2,9
N0246,2024Q3,4
N0246,2024Q4,9
N0246,2025Q1,11
N0246,2025Q2,14
N0246,2025Q3,7
N0246,2025Q4,8
N0246,2026Q1,13
N0246,2026Q2,15
N0247,2021Q3,2
N0247,2021Q4,5
N0247,2022Q1,1
N0247,2022Q2,3
N0247,2022Q3,4
N0247,2022Q4,5
N0247,2023Q1,4
N0247,2023Q2,1
N0247,2023Q3,4
N0247,2023Q4,4
N0247,2024Q1,8
N0247,2024Q2,5
N0247,2024Q3,2
N0247,2024Q4,4
N0247,2025Q1,5
N0247,2025Q2,6
N0247,2025Q3,3
N0247,2025Q4,5
N0247,2026Q1,10
N0247,2026Q2,7
N0248,2021Q3,1
N0248,2021Q4,3
N0248,2022Q1,6
N0248,2022Q2,7
N0248,2022Q3,1
N0248,2022Q4,3
N0248,2023Q1,5
N0248,2023Q2,5
N0248,2023Q3,3
N0248,2023Q4,2
N0248,2024Q1,5
N0248,2024Q2,9
N0248,2024Q3,4
N0248,2024Q4,3
N0248,2025Q1,5
N0248,2025Q2,6
N0248,2025Q3,8
N0248,2025Q4,5
N0248,2026Q1,7
N0248,2026Q2,13
N0249,2021Q3,6
N0249,2021Q4,8
N0249,2022Q1,4
N0249,2022Q2,3
N0249,2022Q3,2
N0249,2022Q4,7
N0249,2023Q1,5
N0249,2023Q2,3
N0249,2023Q3,1
N0249,2023Q4,5
N0249,2024Q1,6
N0249,2024Q2,5
N0249,2024Q3,2
N0249,2024Q4,3
N0249,2025Q1,2
N0249,2025Q2,3
N0249,2025Q3,4
N0249,2025Q4,2
N0249,2026Q1,4
N0249,2026Q2,2
N0250,2021Q3,5
N0250,2021Q4,8
N0250,2022Q1,6
N0250,2022Q2,7
N0250,2022Q3,7
N0250,2022Q4,6
N0250,2023Q1,8
N0250,2023Q2,2
N0250,2023Q3,6
N0250,2023Q4,5
N0250,2024Q1,5
N0250,2024Q2,7
N0250,2024Q3,8
N0250,2024Q4,11
N0250,2025Q1,5
N0250,2025Q2,8
N0250,2025Q3,9
N0250,2025Q4,8
N0250,2026Q1,14
N0250,2026Q2,16
N0251,2021Q3,2
N0251,2021Q4,3
N0251,2022Q1,5
N0251,2022Q2,6
N0251,2022Q3,7
N0251,2022Q4,4
N0251,2023Q1,5
N0251,2023Q2,8
N0251,2023Q3,3
N0251,2023Q4,4
N0251,2024Q1,9
N0251,2024Q2,6
N0251,2024Q3,7
N0251,2024Q4,4
N0251,2025Q1,4
N0251,2025Q2,6
N0251,2025Q3,9
N0251,2025Q4,10
N0251,2026Q1,12
N0251,2026Q2,12
N0252,2021Q3,6
N0252,2021Q4,6
N0252,2022Q1,2
N0252,2022Q2,8
N0252,2022Q3,4
N0252,2022Q4,2
N0252,2023Q1,3
N0252,2023Q2,7
N0252,2023Q3,1
N0252,2023Q4,3
N0252,2024Q1,4
N0252,2024Q2,9
N0252,2024Q3,9
N0252,2024Q4,5
N0252,2025Q1,11
N0252,2025Q2,12
N0252,2025Q3,5
N0252,2025Q4,10
N0252,2026Q1,5
N0252,2026Q2,7
N0253,2021Q3,1
N0253,2021Q4,2
N0253,2022Q1,3
N0253,2022Q2,3
N0253,2022Q3,0
N0253,2022Q4,2
N0253,2023Q1,2
N0253,2023Q2,0
N0253,2023Q3,3
N0253,2023Q4,1
N0253,2024Q1,3
N0253,2024Q2,3
N0253,2024Q3,4
N0253,2024Q4,0
N0253,2025Q1,4
N0253,2025Q2,3
N0253,2025Q3,2
N0253,2025Q4,2
N0253,2026Q1,1
N0253,2026Q2,6
N0254,2021Q3,5
N0254,2021Q4,9
N0254,2022Q1,5
N0254,2022Q2,4
N0254,2022Q3,6
N0254,2022Q4,3
N0254,2023Q1,4
N0254,2023Q2,6
N0254,2023Q3,9
N0254,2023Q4,7
N0254,2024Q1,5
N0254,2024Q2,5
N0254,2024Q3,2
N0254,2024Q4,4
N0254,2025Q1,12
N0254,2025Q2,10
N0254,2025Q3,7
N0254,2025Q4,17
N0254,2026Q1,23
N0254,2026Q2,14
N0255,2021Q3,5
N0255,2021Q4,5
N0255,2022Q1,3
N0255,2022Q2,6
N0255,2022Q3,4
N0255,2022Q4,5
N0255,2023Q1,2
N0255,2023Q2,9
N0255,2023Q3,8
N0255,2023Q4,7
N0255,2024Q1,8
N0255,2024Q2,6
N0255,2024Q3,3
N0255,2024Q4,7
N0255,2025Q1,12
N0255,2025Q2,12
N0255,2025Q3,5
N0255,2025Q4,12
N0255,2026Q1,16
N0255,2026Q2,13
N0256,2021Q3,3
N0256,2021Q4,2
N0256,2022Q1,4
N0256,2022Q2,4
N0256,2022Q3,3
N0256,2022Q4,3
N0256,2023Q1,3
N0256,2023Q2,1
N0256,2023Q3,4
N0256,2023Q4,1
N0256,2024Q1,7
N0256,2024Q2,6
N0256,2024Q3,15
N0256,2024Q4,11
N0256,2025Q1,13
N0256,2025Q2,13
N0256,2025Q3,10
N0256,2025Q4,4
N0256,2026Q1,8
N0256,2026Q2,8
N0257,2021Q3,3
N0257,2021Q4,4
N0257,2022Q1,3
N0257,2022Q2,4
N0257,2022Q3,2
N0257,2022Q4,3
N0257,2023Q1,2
N0257,2023Q2,3
N0257,2023Q3,2
N0257,2023Q4,4
N0257,2024Q1,9
N0257,2024Q2,10
N0257,2024Q3,11
N0257,2024Q4,8
N0257,2025Q1,7
N0257,2025Q2,10
N0257,2025Q3,12
N0257,2025Q4,7
N0257,2026Q1,10
N0257,2026Q2,5
N0258,2021Q3,5
N0258,2021Q4,5
N0258,2022Q1,5
N0258,2022Q2,1
N0258,2022Q3,2
N0258,2022Q4,3
N0258,2023Q1,6
N0258,2023Q2,4
N0258,2023Q3,6
N0258,2023Q4,5
N0258,2024Q1,5
N0258,2024Q2,0
N0258,2024Q3,6
N0258,2024Q4,5
N0258,2025Q1,3
N0258,2025Q2,2
N0258,2025Q3,6
N0258,2025Q4,3
N0258,2026Q1,5
N0258,2026Q2,4
N0259,2021Q3,6
N0259,2021Q4,3
N0259,2022Q1,9
N0259,2022Q2,4
N0259,2022Q3,6
N0259,2022Q4,5
N0259,2023Q1,5
N0259,2023Q2,4
N0259,2023Q3,3
N0259,2023Q4,10
N0259,2024Q1,4
N0259,2024Q2,4
N0259,2024Q3,2
N0259,2024Q4,6
N0259,2025Q1,2
N0259,2025Q2,4
N0259,2025Q3,11
N0259,2025Q4,8
N0259,2026Q1,4
N0259,2026Q2,6
N0260,2021Q3,8
N0260,2021Q4,5
N0260,2022Q1,3
N0260,2022Q2,1
N0260,2022Q3,3
N0260,2022Q4,1
N0260,2023Q1,4
N0260,2023Q2,2
N0260,2023Q3,5
N0260,2023Q4,2
N0260,2024Q1,3
N0260,2024Q2,2
N0260,2024Q3,2
N0260,2024Q4,3
N0260,2025Q1,4
N0260,2025Q2,1
N0260,2025Q3,3
N0260,2025Q4,6
N0260,2026Q1,3
N0260,2026Q2,2
N0261,2021Q3,4
N0261,2021Q4,3
N0261,2022Q1,2
N0261,2022Q2,3
N0261,2022Q3,0
N0261,2022Q4,4
N0261,2023Q1,1
N0261,2023Q2,4
N0261,2023Q3,1
N0261,2023Q4,4
N0261,2024Q1,0
N0261,2024Q2,1
N0261,2024Q3,1
N0261,2024Q4,2
N0261,2025Q1,3
N0261,2025Q2,2
N0261,2025Q3,1
N0261,2025Q4,2
N0261,2026Q1,1
N0261,2026Q2,0
N0262,2021Q3,3
N0262,2021Q4,4
N0262,2022Q1,4
N0262,2022Q2,3
N0262,2022Q3,0
N0262,2022Q4,4
N0262,2023Q1,6
N0262,2023Q2,5
N0262,2023Q3,1
N0262,2023Q4,2
N0262,2024Q1,7
N0262,2024Q2,5
N0262,2024Q3,12
N0262,2024Q4,2
N0262,2025Q1,3
N0262,2025Q2,4
N0262,2025Q3,3
N0262,2025Q4,4
N0262,2026Q1,2
N0262,2026Q2,6
N0263,2021Q3,4
N0263,2021Q4,5
N0263,2022Q1,6
N0263,2022Q2,2
N0263,2022Q3,3
N0263,2022Q4,5
N0263,2023Q1,6
N0263,2023Q2,4
N0263,2023Q3,5
N0263,2023Q4,5
N0263,2024Q1,8
N0263,2024Q2,5
N0263,2024Q3,7
N0263,2024Q4,9
N0263,2025Q1,4
N0263,2025Q2,8
N0263,2025Q3,5
N0263,2025Q4,3
N0263,2026Q1,6
N0263,2026Q2,2
N0264,2021Q3,9
N0264,2021Q4,6
N0264,2022Q1,5
N0264,2022Q2,10
N0264,2022Q3,10
N0264,2022Q4,10
N0264,2023Q1,4
N0264,2023Q2,13
N0264,2023Q3,12
N0264,2023Q4,11
N0264,2024Q1,12
N0264,2024Q2,10
N0264,2024Q3,15
N0264,2024Q4,17
N0264,2025Q1,11
N0264,2025Q2,8
N0264,2025Q3,10
N0264,2025Q4,10
N0264,2026Q1,13
N0264,2026Q2,13
N0265,2021Q3,2
N0265,2021Q4,5
N0265,2022Q1,4
N0265,2022Q2,3
N0265,2022Q3,2
N0265,2022Q4,2
N0265,2023Q1,6
N0265,2023Q2,4
N0265,2023Q3,1
N0265,2023Q4,1
N0265,2024Q1,7
N0265,2024Q2,11
N0265,2024Q3,11
N0265,2024Q4,7
N0265,2025Q1,17
N0265,2025Q2,13
N0265,2025Q3,11
N0265,2025Q4,16
N0265,2026Q1,25
N0265,2026Q2,13
N0266,2021Q3,2
N0266,2021Q4,1
N0266,2022Q1,1
N0266,2022Q2,5
N0266,2022Q3,3
N0266,2022Q4,4
N0266,2023Q1,1
N0266,2023Q2,3
N0266,2023Q3,4
N0266,2023Q4,1
N0266,2024Q1,4
N0266,2024Q2,3
N0266,2024Q3,2
N0266,2024Q4,1
N0266,2025Q1,4
N0266,2025Q2,4
N0266,2025Q3,3
N0266,2025Q4,1
N0266,2026Q1,2
N0266,2026Q2,2
N0267,2021Q3,3
N0267,2021Q4,5
N0267,2022Q1,9
N0267,2022Q2,4
N0267,2022Q3,5
N0267,2022Q4,6
N0267,2023Q1,2
N0267,2023Q2,3
N0267,2023Q3,4
N0267,2023Q4,4
N0267,2024Q1,6
N0267,2024Q2,5
N0267,2024Q3,7
N0267,2024Q4,6
N0267,2025Q1,5
N0267,2025Q2,5
N0267,2025Q3,3
N0267,2025Q4,5
N0267,2026Q1,5
N0267,2026Q2,8
N0268,2021Q3,4
N0268,2021Q4,4
N0268,2022Q1,10
N0268,2022Q2,2
N0268,2022Q3,7
N0268,2022Q4,0
N0268,2023Q1,11
N0268,2023Q2,3
N0268,2023Q3,8
N0268,2023Q4,5
N0268,2024Q1,22
N0268,2024Q2,18
N0268,2024Q3,15
N0268,2024Q4,35
N0268,2025Q1,19
N0268,2025Q2,19
N0268,2025Q3,21
N0268,2025Q4,3
N0268,2026Q1,6
N0268,2026Q2,7
N0269,2021Q3,6
N0269,2021Q4,4
N0269,2022Q1,1
N0269,2022Q2,4
N0269,2022Q3,5
N0269,2022Q4,1
N0269,2023Q1,6
N0269,2023Q2,4
N0269,2023Q3,6
N0269,2023Q4,8
N0269,2024Q1,16
N0269,2024Q2,17
N0269,2024Q3,15
N0269,2024Q4,9
N0269,2025Q1,21
N0269,2025Q2,14
N0269,2025Q3,14
N0269,2025Q4,26
N0269,2026Q1,18
N0269,2026Q2,28
N0270,2021Q3,5
N0270,2021Q4,5
N0270,2022Q1,5
N0270,2022Q2,6
N0270,2022Q3,9
N0270,2022Q4,5
N0270,2023Q1,9
N0270,2023Q2,3
N0270,2023Q3,3
N0270,2023Q4,1
N0270,2024Q1,2
N0270,2024Q2,5
N0270,2024Q3,4
N0270,2024Q4,5
N0270,2025Q1,6
N0270,2025Q2,3
N0270,2025Q3,6
N0270,2025Q4,6
N0270,2026Q1,8
N0270,2026Q2,6
N0271,2021Q3,3
N0271,2021Q4,6
N0271,2022Q1,6
N0271,2022Q2,4
N0271,2022Q3,1
N0271,2022Q4,10
N0271,2023Q1,0
N0271,2023Q2,3
N0271,2023Q3,2
N0271,2023Q4,1
N0271,2024Q1,2
N0271,2024Q2,5
N0271,2024Q3,9
N0271,2024Q4,1
N0271,2025Q1,4
N0271,2025Q2,5
N0271,2025Q3,4
N0271,2025Q4,7
N0271,2026Q1,3
N0271,2026Q2,5
N0272,2021Q3,4
N0272,2021Q4,8
N0272,2022Q1,5
N0272,2022Q2,5
N0272,2022Q3,3
N0272,2022Q4,0
N0272,2023Q1,2
N0272,2023Q2,5
N0272,2023Q3,7
N0272,2023Q4,8
N0272,2024Q1,17
N0272,2024Q2,11
N0272,2024Q3,13
N0272,2024Q4,13
N0272,2025Q1,10
N0272,2025Q2,12
N0272,2025Q3,14
N0272,2025Q4,6
N0272,2026Q1,4
N0272,2026Q2,4
N0273,2021Q3,2
N0273,2021Q4,6
N0273,2022Q1,4
N0273,2022Q2,8
N0273,2022Q3,6
N0273,2022Q4,3
N0273,2023Q1,1
N0273,2023Q2,5
N0273,2023Q3,5
N0273,2023Q4,6
N0273,2024Q1,4
N0273,2024Q2,3
N0273,2024Q3,2
N0273,2024Q4,8
N0273,2025Q1,4
N0273,2025Q2,1
N0273,2025Q3,1
N0273,2025Q4,5
N0273,2026Q1,2
N0273,2026Q2,3
N0274,2021Q3,8
N0274,2021Q4,5
N0274,2022Q1,2
N0274,2022Q2,3
N0274,2022Q3,0
N0274,2022Q4,5
N0274,2023Q1,4
N0274,2023Q2,8
N0274,2023Q3,5
N0274,2023Q4,6
N0274,2024Q1,8
N0274,2024Q2,9
N0274,2024Q3,5
N0274,2024Q4,4
N0274,2025Q1,4
N0274,2025Q2,2
N0274,2025Q3,7
N0274,2025Q4,9
N0274,2026Q1,9
N0274,2026Q2,7
N0275,2021Q3,2
N0275,2021Q4,1
N0275,2022Q1,2
N0275,2022Q2,6
N0275,2022Q3,2
N0275,2022Q4,2
N0275,2023Q1,4
N0275,2023Q2,4
N0275,2023Q3,0
N0275,2023Q4,6
N0275,2024Q1,9
N0275,2024Q2,6
N0275,2024Q3,15
N0275,2024Q4,10
N0275,2025Q1,6
N0275,2025Q2,9
N0275,2025Q3,11
N0275,2025Q4,4
N0275,2026Q1,5
N0275,2026Q2,1
N0276,2021Q3,8
N0276,2021Q4,9
N0276,2022Q1,5
N0276,2022Q2,6
N0276,2022Q3,4
N0276,2022Q4,3
N0276,2023Q1,4
N0276,2023Q2,6
N0276,2023Q3,5
N0276,2023Q4,8
N0276,2024Q1,7
N0276,2024Q2,4
N0276,2024Q3,6
N0276,2024Q4,5
N0276,2025Q1,8
N0276,2025Q2,7
N0276,2025Q3,7
N0276,2025Q4,7
N0276,2026Q1,9
N0276,2026Q2,8
N0277,2021Q3,8
N0277,2021Q4,6
N0277,2022Q1,3
N0277,2022Q2,4
N0277,2022Q3,2
N0277,2022Q4,1
N0277,2023Q1,3
N0277,2023Q2,6
N0277,2023Q3,6
N0277,2023Q4,5
N0277,2024Q1,6
N0277,2024Q2,4
N0277,2024Q3,8
N0277,2024Q4,12
N0277,2025Q1,5
N0277,2025Q2,10
N0277,2025Q3,11
N0277,2025Q4,5
N0277,2026Q1,11
N0277,2026Q2,9
N0278,2021Q3,3
N0278,2021Q4,0
N0278,2022Q1,1
N0278,2022Q2,3
N0278,2022Q3,3
N0278,2022Q4,2
N0278,2023Q1,2
N0278,2023Q2,2
N0278,2023Q3,5
N0278,2023Q4,1
N0278,2024Q1,10
N0278,2024Q2,6
N0278,2024Q3,8
N0278,2024Q4,8
N0278,2025Q1,10
N0278,2025Q2,13
N0278,2025Q3,10
N0278,2025Q4,8
N0278,2026Q1,6
N0278,2026Q2,13
N0279,2021Q3,3
N0279,2021Q4,1
N0279,2022Q1,3
N0279,2022Q2,3
N0279,2022Q3,0
N0279,2022Q4,1
N0279,2023Q1,2
N0279,2023Q2,2
N0279,2023Q3,3
N0279,2023Q4,4
N0279,2024Q1,6
N0279,2024Q2,4
N0279,2024Q3,9
N0279,2024Q4,11
N0279,2025Q1,7
N0279,2025Q2,2
N0279,2025Q3,7
N0279,2025Q4,0
N0279,2026Q1,0
N0279,2026Q2,0
N0280,2021Q3,1
N0280,2021Q4,3
N0280,2022Q1,2
N0280,2022Q2,7
N0280,2022Q3,7
N0280,2022Q4,6
N0280,2023Q1,2
N0280,2023Q2,1
N0280,2023Q3,4
N0280,2023Q4,4
N0280,2024Q1,3
N0280,2024Q2,6
N0280,2024Q3,4
N0280,2024Q4,8
N0280,2025Q1,8
N0280,2025Q2,5
N0280,2025Q3,6
N0280,2025Q4,9
N0280,2026Q1,9
N0280,2026Q2,6
N0281,2021Q3,1
N0281,2021Q4,1
N0281,2022Q1,2
N0281,2022Q2,3
N0281,2022Q3,4
N0281,2022Q4,2
N0281,2023Q1,3
N0281,2023Q2,1
N0281,2023Q3,1
N0281,2023Q4,2
N0281,2024Q1,2
N0281,2024Q2,2
N0281,2024Q3,1
N0281,2024Q4,1
N0281,2025Q1,1
N0281,2025Q2,0
N0281,2025Q3,1
N0281,2025Q4,0
N0281,2026Q1,0
N0281,2026Q2,1
N0282,2021Q3,5
N0282,2021Q4,2
N0282,2022Q1,4
N0282,2022Q2,2
N0282,2022Q3,1
N0282,2022Q4,5
N0282,2023Q1,3
N0282,2023Q2,3
N0282,2023Q3,4
N0282,2023Q4,1
N0282,2024Q1,2
N0282,2024Q2,3
N0282,2024Q3,3
N0282,2024Q4,2
N0282,2025Q1,0
N0282,2025Q2,2
N0282,2025Q3,1
N0282,2025Q4,5
N0282,2026Q1,5
N0282,2026Q2,3
N0283,2021Q3,6
N0283,2021Q4,5
N0283,2022Q1,2
N0283,2022Q2,1
N0283,2022Q3,5
N0283,2022Q4,4
N0283,2023Q1,6
N0283,2023Q2,3
N0283,2023Q3,4
N0283,2023Q4,5
N0283,2024Q1,6
N0283,2024Q2,6
N0283,2024Q3,5
N0283,2024Q4,5
N0283,2025Q1,7
N0283,2025Q2,7
N0283,2025Q3,4
N0283,2025Q4,5
N0283,2026Q1,3
N0283,2026Q2,1
N0284,2021Q3,4
N0284,2021Q4,4
N0284,2022Q1,8
N0284,2022Q2,5
N0284,2022Q3,6
N0284,2022Q4,4
N0284,2023Q1,4
N0284,2023Q2,5
N0284,2023Q3,0
N0284,2023Q4,3
N0284,2024Q1,8
N0284,2024Q2,4
N0284,2024Q3,6
N0284,2024Q4,2
N0284,2025Q1,1
N0284,2025Q2,6
N0284,2025Q3,5
N0284,2025Q4,8
N0284,2026Q1,7
N0284,2026Q2,2
N0285,2021Q3,6
N0285,2021Q4,3
N0285,2022Q1,3
N0285,2022Q2,4
N0285,2022Q3,3
N0285,2022Q4,1
N0285,2023Q1,3
N0285,2023Q2,3
N0285,2023Q3,4
N0285,2023Q4,2
N0285,2024Q1,0
N0285,2024Q2,2
N0285,2024Q3,4
N0285,2024Q4,4
N0285,2025Q1,5
N0285,2025Q2,3
N0285,2025Q3,2
N0285,2025Q4,8
N0285,2026Q1,3
N0285,2026Q2,7
N0286,2021Q3,3
N0286,2021Q4,4
N0286,2022Q1,5
N0286,2022Q2,3
N0286,2022Q3,1
N0286,2022Q4,2
N0286,2023Q1,4
N0286,2023Q2,2
N0286,2023Q3,6
N0286,2023Q4,1
N0286,2024Q1,3
N0286,2024Q2,0
N0286,2024Q3,1
N0286,2024Q4,5
N0286,2025Q1,8
N0286,2025Q2,6
N0286,2025Q3,2
N0286,2025Q4,7
N0286,2026Q1,5
N0286,2026Q2,3
N0287,2021Q3,4
N0287,2021Q4,4
N0287,2022Q1,5
N0287,2022Q2,8
N0287,2022Q3,15
N0287,2022Q4,9
N0287,2023Q1,12
N0287,2023Q2,7
N0287,2023Q3,7
N0287,2023Q4,11
N0287,2024Q1,10
N0287,2024Q2,9
N0287,2024Q3,10
N0287,2024Q4,8
N0287,2025Q1,10
N0287,2025Q2,9
N0287,2025Q3,3
N0287,2025Q4,15
N0287,2026Q1,10
N0287,2026Q2,14
N0288,2021Q3,4
N0288,2021Q4,4
N0288,2022Q1,3
N0288,2022Q2,6
N0288,2022Q3,5
N0288,2022Q4,1
N0288,2023Q1,4
N0288,2023Q2,6
N0288,2023Q3,5
N0288,2023Q4,6
N0288,2024Q1,6
N0288,2024Q2,3
N0288,2024Q3,6
N0288,2024Q4,3
N0288,2025Q1,9
N0288,2025Q2,8
N0288,2025Q3,5
N0288,2025Q4,9
N0288,2026Q1,10
N0288,2026Q2,13
N0289,2021Q3,5
N0289,2021Q4,3
N0289,2022Q1,4
N0289,2022Q2,2
N0289,2022Q3,5
N0289,2022Q4,5
N0289,2023Q1,0
N0289,2023Q2,3
N0289,2023Q3,2
N0289,2023Q4,2
N0289,2024Q1,3
N0289,2024Q2,0
N0289,2024Q3,0
N0289,2024Q4,2
N0289,2025Q1,2
N0289,2025Q2,2
N0289,2025Q3,4
N0289,2025Q4,3
N0289,2026Q1,0
N0289,2026Q2,1
N0290,2021Q3,4
N0290,2021Q4,3
N0290,2022Q1,4
N0290,2022Q2,6
N0290,2022Q3,4
N0290,2022Q4,2
N0290,2023Q1,5
N0290,2023Q2,1
N0290,2023Q3,1
N0290,2023Q4,3
N0290,2024Q1,6
N0290,2024Q2,8
N0290,2024Q3,4
N0290,2024Q4,7
N0290,2025Q1,8
N0290,2025Q2,8
N0290,2025Q3,7
N0290,2025Q4,3
N0290,2026Q1,4
N0290,2026Q2,2
N0291,2021Q3,9
N0291,2021Q4,5
N0291,2022Q1,6
N0291,2022Q2,4
N0291,2022Q3,4
N0291,2022Q4,6
N0291,2023Q1,3
N0291,2023Q2,5
N0291,2023Q3,1
N0291,2023Q4,3
N0291,2024Q1,5
N0291,2024Q2,7
N0291,2024Q3,2
N0291,2024Q4,3
N0291,2025Q1,4
N0291,2025Q2,4
N0291,2025Q3,1
N0291,2025Q4,4
N0291,2026Q1,7
N0291,2026Q2,4
N0292,2021Q3,1
N0292,2021Q4,3
N0292,2022Q1,2
N0292,2022Q2,5
N0292,2022Q3,3
N0292,2022Q4,7
N0292,2023Q1,3
N0292,2023Q2,1
N0292,2023Q3,5
N0292,2023Q4,4
N0292,2024Q1,21
N0292,2024Q2,21
N0292,2024Q3,27
N0292,2024Q4,23
N0292,2025Q1,29
N0292,2025Q2,26
N0292,2025Q3,19
N0292,2025Q4,12
N0292,2026Q1,4
N0292,2026Q2,17
N0293,2021Q3,5
N0293,2021Q4,3
N0293,2022Q1,6
N0293,2022Q2,5
N0293,2022Q3,3
N0293,2022Q4,3
N0293,2023Q1,1
N0293,2023Q2,4
N0293,2023Q3,3
N0293,2023Q4,3
N0293,2024Q1,5
N0293,2024Q2,10
N0293,2024Q3,5
N0293,2024Q4,3
N0293,2025Q1,10
N0293,2025Q2,7
N0293,2025Q3,7
N0293,2025Q4,10
N0293,2026Q1,9
N0293,2026Q2,15
N0294,2021Q3,8
N0294,2021Q4,5
N0294,2022Q1,11
N0294,2022Q2,10
N0294,2022Q3,8
N0294,2022Q4,11
N0294,2023Q1,7
N0294,2023Q2,12
N0294,2023Q3,9
N0294,2023Q4,11
N0294,2024Q1,4
N0294,2024Q2,7
N0294,2024Q3,1
N0294,2024Q4,2
N0294,2025Q1,3
N0294,2025Q2,0
N0294,2025Q3,1
N0294,2025Q4,13
N0294,2026Q1,8
N0294,2026Q2,6
N0295,2021Q3,3
N0295,2021Q4,3
N0295,2022Q1,3
N0295,2022Q2,5
N0295,2022Q3,2
N0295,2022Q4,7
N0295,2023Q1,2
N0295,2023Q2,1
N0295,2023Q3,2
N0295,2023Q4,4
N0295,2024Q1,2
N0295,2024Q2,4
N0295,2024Q3,4
N0295,2024Q4,3
N0295,2025Q1,4
N0295,2025Q2,4
N0295,2025Q3,1
N0295,2025Q4,2
N0295,2026Q1,1
N0295,2026Q2,4
N0296,2021Q3,7
N0296,2021Q4,2
N0296,2022Q1,3
N0296,2022Q2,2
N0296,2022Q3,6
N0296,2022Q4,3
N0296,2023Q1,2
N0296,2023Q2,5
N0296,2023Q3,3
N0296,2023Q4,1
N0296,2024Q1,4
N0296,2024Q2,3
N0296,2024Q3,3
N0296,2024Q4,4
N0296,2025Q1,5
N0296,2025Q2,5
N0296,2025Q3,7
N0296,2025Q4,5
N0296,2026Q1,9
N0296,2026Q2,7
N0297,2021Q3,2
N0297,2021Q4,4
N0297,2022Q1,1
N0297,2022Q2,9
N0297,2022Q3,0
N0297,2022Q4,4
N0297,2023Q1,6
N0297,2023Q2,3
N0297,2023Q3,10
N0297,2023Q4,2
N0297,2024Q1,10
N0297,2024Q2,6
N0297,2024Q3,5
N0297,2024Q4,3
N0297,2025Q1,9
N0297,2025Q2,5
N0297,2025Q3,4
N0297,2025Q4,1
N0297,2026Q1,0
N0297,2026Q2,2
N0298,2021Q3,2
N0298,2021Q4,1
N0298,2022Q1,1
N0298,2022Q2,6
N0298,2022Q3,1
N0298,2022Q4,0
N0298,2023Q1,2
N0298,2023Q2,1
N0298,2023Q3,0
N0298,2023Q4,0
N0298,2024Q1,2
N0298,2024Q2,1
N0298,2024Q3,2
N0298,2024Q4,2
N0298,2025Q1,0
N0298,2025Q2,4
N0298,2025Q3,2
N0298,2025Q4,2
N0298,2026Q1,1
N0298,2026Q2,1
N0299,2021Q3,6
N0299,2021Q4,5
N0299,2022Q1,8
N0299,2022Q2,5
N0299,2022Q3,5
N0299,2022Q4,6
N0299,2023Q1,3
N0299,2023Q2,5
N0299,2023Q3,4
N0299,2023Q4,4
N0299,2024Q1,5
N0299,2024Q2,8
N0299,2024Q3,3
N0299,2024Q4,3
N0299,2025Q1,11
N0299,2025Q2,4
N0299,2025Q3,5
N0299,2025Q4,4
N0299,2026Q1,5
N0299,2026Q2,2
N0300,2021Q3,6
N0300,2021Q4,9
N0300,2022Q1,8
N0300,2022Q2,5
N0300,2022Q3,4
N0300,2022Q4,8
N0300,2023Q1,3
N0300,2023Q2,8
N0300,2023Q3,4
N0300,2023Q4,8
N0300,2024Q1,4
N0300,2024Q2,15
N0300,2024Q3,7
N0300,2024Q4,8
N0300,2025Q1,6
N0300,2025Q2,7
N0300,2025Q3,11
N0300,2025Q4,12
N0300,2026Q1,10
N0300,2026Q2,12
N0301,2021Q3,5
N0301,2021Q4,4
N0301,2022Q1,8
N0301,2022Q2,4
N0301,2022Q3,3
N0301,2022Q4,5
N0301,2023Q1,9
N0301,2023Q2,1
N0301,2023Q3,11
N0301,2023Q4,6
N0301,2024Q1,4
N0301,2024Q2,4
N0301,2024Q3,6
N0301,2024Q4,7
N0301,2025Q1,5
N0301,2025Q2,8
N0301,2025Q3,4
N0301,2025Q4,1
N0301,2026Q1,4
N0301,2026Q2,5
N0302,2021Q3,0
N0302,2021Q4,3
N0302,2022Q1,1
N0302,2022Q2,0
N0302,2022Q3,4
N0302,2022Q4,0
N0302,2023Q1,2
N0302,2023Q2,3
N0302,2023Q3,1
N0302,2023Q4,0
N0302,2024Q1,2
N0302,2024Q2,0
N0302,2024Q3,0
N0302,2024Q4,1
N0302,2025Q1,1
N0302,2025Q2,5
N0302,2025Q3,7
N0302,2025Q4,2
N0302,2026Q1,4
N0302,2026Q2,2
N0303,2021Q3,6
N0303,2021Q4,5
N0303,2022Q1,3
N0303,2022Q2,4
N0303,2022Q3,8
N0303,2022Q4,6
N0303,2023Q1,2
N0303,2023Q2,4
N0303,2023Q3,2
N0303,2023Q4,9
N0303,2024Q1,4
N0303,2024Q2,8
N0303,2024Q3,8
N0303,2024Q4,6
N0303,2025Q1,4
N0303,2025Q2,2
N0303,2025Q3,5
N0303,2025Q4,13
N0303,2026Q1,16
N0303,2026Q2,6
N0304,2021Q3,6
N0304,2021Q4,5
N0304,2022Q1,0
N0304,2022Q2,3
N0304,2022Q3,1
N0304,2022Q4,1
N0304,2023Q1,4
N0304,2023Q2,2
N0304,2023Q3,4
N0304,2023Q4,2
N0304,2024Q1,0
N0304,2024Q2,1
N0304,2024Q3,2
N0304,2024Q4,3
N0304,2025Q1,0
N0304,2025Q2,1
N0304,2025Q3,1
N0304,2025Q4,5
N0304,2026Q1,11
N0304,2026Q2,1
N0305,2021Q3,9
N0305,2021Q4,7
N0305,2022Q1,4
N0305,2022Q2,15
N0305,2022Q3,2
N0305,2022Q4,8
N0305,2023Q1,9
N0305,2023Q2,7
N0305,2023Q3,6
N0305,2023Q4,7
N0305,2024Q1,8
N0305,2024Q2,2
N0305,2024Q3,5
N0305,2024Q4,11
N0305,2025Q1,7
N0305,2025Q2,15
N0305,2025Q3,9
N0305,2025Q4,5
N0305,2026Q1,4
N0305,2026Q2,4
N0306,2021Q3,6
N0306,2021Q4,1
N0306,2022Q1,3
N0306,2022Q2,2
N0306,2022Q3,2
N0306,2022Q4,0
N0306,2023Q1,1
N0306,2023Q2,0
N0306,2023Q3,0
N0306,2023Q4,3
N0306,2024Q1,4
N0306,2024Q2,4
N0306,2024Q3,6
N0306,2024Q4,5
N0306,2025Q1,7
N0306,2025Q2,5
N0306,2025Q3,2
N0306,2025Q4,4
N0306,2026Q1,7
N0306,2026Q2,5
N0307,2021Q3,1
N0307,2021Q4,7
N0307,2022Q1,2
N0307,2022Q2,4
N0307,2022Q3,2
N0307,2022Q4,1
N0307,2023Q1,2
N0307,2023Q2,4
N0307,2023Q3,3
N0307,2023Q4,1
N0307,2024Q1,5
N0307,2024Q2,4
N0307,2024Q3,5
N0307,2024Q4,4
N0307,2025Q1,7
N0307,2025Q2,7
N0307,2025Q3,8
N0307,2025Q4,5
N0307,2026Q1,6
N0307,2026Q2,6
N0308,2021Q3,1
N0308,2021Q4,2
N0308,2022Q1,3
N0308,2022Q2,8
N0308,2022Q3,4
N0308,2022Q4,7
N0308,2023Q1,6
N0308,2023Q2,7
N0308,2023Q3,4
N0308,2023Q4,6
N0308,2024Q1,3
N0308,2024Q2,0
N0308,2024Q3,3
N0308,2024Q4,3
N0308,2025Q1,6
N0308,2025Q2,0
N0308,2025Q3,5
N0308,2025Q4,4
N0308,2026Q1,0
N0308,2026Q2,0
N0309,2021Q3,5
N0309,2021Q4,8
N0309,2022Q1,6
N0309,2022Q2,3
N0309,2022Q3,6
N0309,2022Q4,5
N0309,2023Q1,4
N0309,2023Q2,5
N0309,2023Q3,3
N0309,2023Q4,4
N0309,2024Q1,3
N0309,2024Q2,3
N0309,2024Q3,4
N0309,2024Q4,6
N0309,2025Q1,4
N0309,2025Q2,5
N0309,2025Q3,5
N0309,2025Q4,6
N0309,2026Q1,3
N0309,2026Q2,3
N0310,2021Q3,3
N0310,2021Q4,5
N0310,2022Q1,7
N0310,2022Q2,3
N0310,2022Q3,2
N0310,2022Q4,2
N0310,2023Q1,1
N0310,2023Q2,2
N0310,2023Q3,1
N0310,2023Q4,4
N0310,2024Q1,7
N0310,2024Q2,8
N0310,2024Q3,10
N0310,2024Q4,9
N0310,2025Q1,12
N0310,2025Q2,15
N0310,2025Q3,9
N0310,2025Q4,0
N0310,2026Q1,1
N0310,2026Q2,0
N0311,2021Q3,5
N0311,2021Q4,6
N0311,2022Q1,10
N0311,2022Q2,3
N0311,2022Q3,2
N0311,2022Q4,6
N0311,2023Q1,9
N0311,2023Q2,6
N0311,2023Q3,6
N0311,2023Q4,5
N0311,2024Q1,6
N0311,2024Q2,5
N0311,2024Q3,6
N0311,2024Q4,6
N0311,2025Q1,8
N0311,2025Q2,2
N0311,2025Q3,3
N0311,2025Q4,5
N0311,2026Q1,5
N0311,2026Q2,4
N0312,2021Q3,1
N0312,2021Q4,2
N0312,2022Q1,3
N0312,2022Q2,1
N0312,2022Q3,7
N0312,2022Q4,2
N0312,2023Q1,1
N0312,2023Q2,1
N0312,2023Q3,1
N0312,2023Q4,3
N0312,2024Q1,11
N0312,2024Q2,13
N0312,2024Q3,7
N0312,2024Q4,9
N0312,2025Q1,6
N0312,2025Q2,10
N0312,2025Q3,10
N0312,2025Q4,3
N0312,2026Q1,2
N0312,2026Q2,2
N0313,2021Q3,0
N0313,2021Q4,2
N0313,2022Q1,5
N0313,2022Q2,2
N0313,2022Q3,1
N0313,2022Q4,1
N0313,2023Q1,4
N0313,2023Q2,3
N0313,2023Q3,1
N0313,2023Q4,3
N0313,2024Q1,7
N0313,2024Q2,13
N0313,2024Q3,4
N0313,2024Q4,5
N0313,2025Q1,1
N0313,2025Q2,7
N0313,2025Q3,8
N0313,2025Q4,10
N0313,2026Q1,8
N0313,2026Q2,7
N0314,2021Q3,5
N0314,2021Q4,5
N0314,2022Q1,2
N0314,2022Q2,3
N0314,2022Q3,5
N0314,2022Q4,5
N0314,2023Q1,2
N0314,2023Q2,1
N0314,2023Q3,4
N0314,2023Q4,2
N0314,2024Q1,6
N0314,2024Q2,5
N0314,2024Q3,2
N0314,2024Q4,0
N0314,2025Q1,2
N0314,2025Q2,2
N0314,2025Q3,4
N0314,2025Q4,0
N0314,2026Q1,4
N0314,2026Q2,2
N0315,2021Q3,8
N0315,2021Q4,8
N0315,2022Q1,6
N0315,2022Q2,17
N0315,2022Q3,7
N0315,2022Q4,18
N0315,2023Q1,12
N0315,2023Q2,16
N0315,2023Q3,13
N0315,2023Q4,9
N0315,2024Q1,17
N0315,2024Q2,20
N0315,2024Q3,15
N0315,2024Q4,21
N0315,2025Q1,15
N0315,2025Q2,15
N0315,2025Q3,25
N0315,2025Q4,13
N0315,2026Q1,21
N0315,2026Q2,28
N0316,2021Q3,7
N0316,2021Q4,5
N0316,2022Q1,5
N0316,2022Q2,13
N0316,2022Q3,6
N0316,2022Q4,5
N0316,2023Q1,5
N0316,2023Q2,6
N0316,2023Q3,13
N0316,2023Q4,8
N0316,2024Q1,11
N0316,2024Q2,4
N0316,2024Q3,6
N0316,2024Q4,5
N0316,2025Q1,6
N0316,2025Q2,4
N0316,2025Q3,11
N0316,2025Q4,7
N0316,2026Q1,9
N0316,2026Q2,8
N0317,2021Q3,10
N0317,2021Q4,1
N0317,2022Q1,4
N0317,2022Q2,4
N0317,2022Q3,4
N0317,2022Q4,2
N0317,2023Q1,1
N0317,2023Q2,2
N0317,2023Q3,3
N0317,2023Q4,1
N0317,2024Q1,6
N0317,2024Q2,5
N0317,2024Q3,7
N0317,2024Q4,2
N0317,2025Q1,1
N0317,2025Q2,1
N0317,2025Q3,5
N0317,2025Q4,5
N0317,2026Q1,5
N0317,2026Q2,3
N0318,2021Q3,5
N0318,2021Q4,4
N0318,2022Q1,1
N0318,2022Q2,4
N0318,2022Q3,2
N0318,2022Q4,3
N0318,2023Q1,1
N0318,2023Q2,1
N0318,2023Q3,3
N0318,2023Q4,2
N0318,2024Q1,1
N0318,2024Q2,3
N0318,2024Q3,2
N0318,2024Q4,1
N0318,2025Q1,3
N0318,2025Q2,5
N0318,2025Q3,2
N0318,2025Q4,5
N0318,2026Q1,1
N0318,2026Q2,5
N0319,2021Q3,8
N0319,2021Q4,6
N0319,2022Q1,4
N0319,2022Q2,2
N0319,2022Q3,4
N0319,2022Q4,2
N0319,2023Q1,6
N0319,2023Q2,3
N0319,2023Q3,5
N0319,2023Q4,7
N0319,2024Q1,6
N0319,2024Q2,9
N0319,2024Q3,5
N0319,2024Q4,8
N0319,2025Q1,4
N0319,2025Q2,3
N0319,2025Q3,7
N0319,2025Q4,5
N0319,2026Q1,3
N0319,2026Q2,7
N0320,2021Q3,5
N0320,2021Q4,7
N0320,2022Q1,4
N0320,2022Q2,10
N0320,2022Q3,10
N0320,2022Q4,6
N0320,2023Q1,13
N0320,2023Q2,8
N0320,2023Q3,13
N0320,2023Q4,19
N0320,2024Q1,15
N0320,2024Q2,14
N0320,2024Q3,15
N0320,2024Q4,16
N0320,2025Q1,15
N0320,2025Q2,12
N0320,2025Q3,15
N0320,2025Q4,11
N0320,2026Q1,20
N0320,2026Q2,13
N0321,2021Q3,7
N0321,2021Q4,5
N0321,2022Q1,3
N0321,2022Q2,3
N0321,2022Q3,4
N0321,2022Q4,3
N0321,2023Q1,7
N0321,2023Q2,6
N0321,2023Q3,3
N0321,2023Q4,4
N0321,2024Q1,4
N0321,2024Q2,5
N0321,2024Q3,2
N0321,2024Q4,2
N0321,2025Q1,1
N0321,2025Q2,3
N0321,2025Q3,4
N0321,2025Q4,2
N0321,2026Q1,6
N0321,2026Q2,10
N0322,2021Q3,4
N0322,2021Q4,4
N0322,2022Q1,5
N0322,2022Q2,6
N0322,2022Q3,5
N0322,2022Q4,4
N0322,2023Q1,7
N0322,2023Q2,5
N0322,2023Q3,6
N0322,2023Q4,5
N0322,2024Q1,12
N0322,2024Q2,6
N0322,2024Q3,13
N0322,2024Q4,10
N0322,2025Q1,5
N0322,2025Q2,9
N0322,2025Q3,15
N0322,2025Q4,11
N0322,2026Q1,6
N0322,2026Q2,5
N0323,2021Q3,4
N0323,2021Q4,4
N0323,2022Q1,4
N0323,2022Q2,4
N0323,2022Q3,4
N0323,2022Q4,4
N0323,2023Q1,4
N0323,2023Q2,7
N0323,2023Q3,4
N0323,2023Q4,3
N0323,2024Q1,1
N0323,2024Q2,3
N0323,2024Q3,4
N0323,2024Q4,1
N0323,2025Q1,3
N0323,2025Q2,0
N0323,2025Q3,3
N0323,2025Q4,3
N0323,2026Q1,6
N0323,2026Q2,3
N0324,2021Q3,2
N0324,2021Q4,5
N0324,2022Q1,2
N0324,2022Q2,4
N0324,2022Q3,6
N0324,2022Q4,1
N0324,2023Q1,6
N0324,2023Q2,3
N0324,2023Q3,1
N0324,2023Q4,3
N0324,2024Q1,6
N0324,2024Q2,7
N0324,2024Q3,5
N0324,2024Q4,4
N0324,2025Q1,6
N0324,2025Q2,7
N0324,2025Q3,7
N0324,2025Q4,4
N0324,2026Q1,3
N0324,2026Q2,1
N0325,2021Q3,6
N0325,2021Q4,5
N0325,2022Q1,7
N0325,2022Q2,3
N0325,2022Q3,4
N0325,2022Q4,5
N0325,2023Q1,5
N0325,2023Q2,3
N0325,2023Q3,4
N0325,2023Q4,5
N0325,2024Q1,1
N0325,2024Q2,7
N0325,2024Q3,9
N0325,2024Q4,13
N0325,2025Q1,11
N0325,2025Q2,3
N0325,2025Q3,9
N0325,2025Q4,5
N0325,2026Q1,8
N0325,2026Q2,15
N0326,2021Q3,4
N0326,2021Q4,5
N0326,2022Q1,5
N0326,2022Q2,5
N0326,2022Q3,6
N0326,2022Q4,6
N0326,2023Q1,2
N0326,2023Q2,4
N0326,2023Q3,4
N0326,2023Q4,10
N0326,2024Q1,5
N0326,2024Q2,5
N0326,2024Q3,4
N0326,2024Q4,1
N0326,2025Q1,2
N0326,2025Q2,4
N0326,2025Q3,1
N0326,2025Q4,8
N0326,2026Q1,4
N0326,2026Q2,3
N0327,2021Q3,6
N0327,2021Q4,6
N0327,2022Q1,1
N0327,2022Q2,3
N0327,2022Q3,2
N0327,2022Q4,10
N0327,2023Q1,9
N0327,2023Q2,7
N0327,2023Q3,5
N0327,2023Q4,7
N0327,2024Q1,13
N0327,2024Q2,11
N0327,2024Q3,5
N0327,2024Q4,10
N0327,2025Q1,13
N0327,2025Q2,13
N0327,2025Q3,5
N0327,2025Q4,2
N0327,2026Q1,4
N0327,2026Q2,2
N0328,2021Q3,3
N0328,2021Q4,4
N0328,2022Q1,1
N0328,2022Q2,2
N0328,2022Q3,2
N0328,2022Q4,2
N0328,2023Q1,1
N0328,2023Q2,0
N0328,2023Q3,4
N0328,2023Q4,0
N0328,2024Q1,1
N0328,2024Q2,3
N0328,2024Q3,0
N0328,2024Q4,2
N0328,2025Q1,1
N0328,2025Q2,2
N0328,2025Q3,1
N0328,2025Q4,3
N0328,2026Q1,3
N0328,2026Q2,5
N0329,2021Q3,3
N0329,2021Q4,4
N0329,2022Q1,2
N0329,2022Q2,2
N0329,2022Q3,2
N0329,2022Q4,1
N0329,2023Q1,3
N0329,2023Q2,6
N0329,2023Q3,1
N0329,2023Q4,5
N0329,2024Q1,7
N0329,2024Q2,5
N0329,2024Q3,5
N0329,2024Q4,3
N0329,2025Q1,4
N0329,2025Q2,4
N0329,2025Q3,7
N0329,2025Q4,9
N0329,2026Q1,1
N0329,2026Q2,9
N0330,2021Q3,4
N0330,2021Q4,2
N0330,2022Q1,1
N0330,2022Q2,6
N0330,2022Q3,1
N0330,2022Q4,2
N0330,2023Q1,1
N0330,2023Q2,5
N0330,2023Q3,0
N0330,2023Q4,1
N0330,2024Q1,3
N0330,2024Q2,2
N0330,2024Q3,2
N0330,2024Q4,2
N0330,2025Q1,0
N0330,2025Q2,2
N0330,2025Q3,4
N0330,2025Q4,5
N0330,2026Q1,2
N0330,2026Q2,2
N0331,2021Q3,9
N0331,2021Q4,23
N0331,2022Q1,23
N0331,2022Q2,13
N0331,2022Q3,21
N0331,2022Q4,12
N0331,2023Q1,16
N0331,2023Q2,17
N0331,2023Q3,10
N0331,2023Q4,20
N0331,2024Q1,28
N0331,2024Q2,26
N0331,2024Q3,25
N0331,2024Q4,24
N0331,2025Q1,23
N0331,2025Q2,16
N0331,2025Q3,23
N0331,2025Q4,10
N0331,2026Q1,14
N0331,2026Q2,14
N0332,2021Q3,5
N0332,2021Q4,5
N0332,2022Q1,4
N0332,2022Q2,2
N0332,2022Q3,4
N0332,2022Q4,1
N0332,2023Q1,1
N0332,2023Q2,4
N0332,2023Q3,0
N0332,2023Q4,3
N0332,2024Q1,6
N0332,2024Q2,5
N0332,2024Q3,3
N0332,2024Q4,9
N0332,2025Q1,13
N0332,2025Q2,5
N0332,2025Q3,13
N0332,2025Q4,37
N0332,2026Q1,32
N0332,2026Q2,43
N0333,2021Q3,3
N0333,2021Q4,1
N0333,2022Q1,5
N0333,2022Q2,6
N0333,2022Q3,1
N0333,2022Q4,4
N0333,2023Q1,3
N0333,2023Q2,4
N0333,2023Q3,5
N0333,2023Q4,0
N0333,2024Q1,0
N0333,2024Q2,0
N0333,2024Q3,0
N0333,2024Q4,2
N0333,2025Q1,1
N0333,2025Q2,0
N0333,2025Q3,4
N0333,2025Q4,4
N0333,2026Q1,6
N0333,2026Q2,1
N0334,2021Q3,4
N0334,2021Q4,4
N0334,2022Q1,5
N0334,2022Q2,6
N0334,2022Q3,2
N0334,2022Q4,7
N0334,2023Q1,7
N0334,2023Q2,4
N0334,2023Q3,3
N0334,2023Q4,8
N0334,2024Q1,6
N0334,2024Q2,7
N0334,2024Q3,8
N0334,2024Q4,6
N0334,2025Q1,3
N0334,2025Q2,8
N0334,2025Q3,4
N0334,2025Q4,6
N0334,2026Q1,8
N0334,2026Q2,10
N0335,2021Q3,2
N0335,2021Q4,4
N0335,2022Q1,4
N0335,2022Q2,4
N0335,2022Q3,2
N0335,2022Q4,2
N0335,2023Q1,3
N0335,2023Q2,5
N0335,2023Q3,1
N0335,2023Q4,5
N0335,2024Q1,10
N0335,2024Q2,13
N0335,2024Q3,13
N0335,2024Q4,18
N0335,2025Q1,20
N0335,2025Q2,22
N0335,2025Q3,20
N0335,2025Q4,4
N0335,2026Q1,6
N0335,2026Q2,4
N0336,2021Q3,1
N0336,2021Q4,3
N0336,2022Q1,1
N0336,2022Q2,2
N0336,2022Q3,1
N0336,2022Q4,2
N0336,2023Q1,0
N0336,2023Q2,0
N0336,2023Q3,3
N0336,2023Q4,0
N0336,2024Q1,4
N0336,2024Q2,0
N0336,2024Q3,1
N0336,2024Q4,2
N0336,2025Q1,2
N0336,2025Q2,0
N0336,2025Q3,2
N0336,2025Q4,0
N0336,2026Q1,1
N0336,2026Q2,1
N0337,2021Q3,5
N0337,2021Q4,5
N0337,2022Q1,5
N0337,2022Q2,6
N0337,2022Q3,5
N0337,2022Q4,6
N0337,2023Q1,8
N0337,2023Q2,3
N0337,2023Q3,3
N0337,2023Q4,6
N0337,2024Q1,6
N0337,2024Q2,2
N0337,2024Q3,5
N0337,2024Q4,6
N0337,2025Q1,4
N0337,2025Q2,4
N0337,2025Q3,7
N0337,2025Q4,17
N0337,2026Q1,15
N0337,2026Q2,15
N0338,2021Q3,1
N0338,2021Q4,0
N0338,2022Q1,1
N0338,2022Q2,0
N0338,2022Q3,2
N0338,2022Q4,1
N0338,2023Q1,1
N0338,2023Q2,4
N0338,2023Q3,2
N0338,2023Q4,1
N0338,2024Q1,1
N0338,2024Q2,4
N0338,2024Q3,4
N0338,2024Q4,2
N0338,2025Q1,4
N0338,2025Q2,3
N0338,2025Q3,0
N0338,2025Q4,4
N0338,2026Q1,3
N0338,2026Q2,0
N0339,2021Q3,2
N0339,2021Q4,2
N0339,2022Q1,4
N0339,2022Q2,5
N0339,2022Q3,7
N0339,2022Q4,2
N0339,2023Q1,3
N0339,2023Q2,3
N0339,2023Q3,5
N0339,2023Q4,4
N0339,2024Q1,4
N0339,2024Q2,7
N0339,2024Q3,2
N0339,2024Q4,6
N0339,2025Q1,4
N0339,2025Q2,3
N0339,2025Q3,7
N0339,2025Q4,15
N0339,2026Q1,16
N0339,2026Q2,8
N0340,2021Q3,0
N0340,2021Q4,4
N0340,2022Q1,5
N0340,2022Q2,3
N0340,2022Q3,2
N0340,2022Q4,5
N0340,2023Q1,5
N0340,2023Q2,1
N0340,2023Q3,3
N0340,2023Q4,3
N0340,2024Q1,8
N0340,2024Q2,2
N0340,2024Q3,6
N0340,2024Q4,3
N0340,2025Q1,4
N0340,2025Q2,1
N0340,2025Q3,2
N0340,2025Q4,3
N0340,2026Q1,1
N0340,2026Q2,2
N0341,2021Q3,3
N0341,2021Q4,0
N0341,2022Q1,0
N0341,2022Q2,0
N0341,2022Q3,3
N0341,2022Q4,1
N0341,2023Q1,3
N0341,2023Q2,1
N0341,2023Q3,1
N0341,2023Q4,1
N0341,2024Q1,4
N0341,2024Q2,7
N0341,2024Q3,3
N0341,2024Q4,2
N0341,2025Q1,0
N0341,2025Q2,3
N0341,2025Q3,2
N0341,2025Q4,0
N0341,2026Q1,0
N0341,2026Q2,0
N0342,2021Q3,1
N0342,2021Q4,1
N0342,2022Q1,5
N0342,2022Q2,3
N0342,2022Q3,3
N0342,2022Q4,2
N0342,2023Q1,1
N0342,2023Q2,5
N0342,2023Q3,4
N0342,2023Q4,4
N0342,2024Q1,5
N0342,2024Q2,4
N0342,2024Q3,1
N0342,2024Q4,3
N0342,2025Q1,4
N0342,2025Q2,4
N0342,2025Q3,2
N0342,2025Q4,3
N0342,2026Q1,2
N0342,2026Q2,3
N0343,2021Q3,14
N0343,2021Q4,6
N0343,2022Q1,1
N0343,2022Q2,7
N0343,2022Q3,5
N0343,2022Q4,4
N0343,2023Q1,7
N0343,2023Q2,10
N0343,2023Q3,3
N0343,2023Q4,7
N0343,2024Q1,2
N0343,2024Q2,3
N0343,2024Q3,3
N0343,2024Q4,5
N0343,2025Q1,4
N0343,2025Q2,4
N0343,2025Q3,12
N0343,2025Q4,32
N0343,2026Q1,38
N0343,2026Q2,32
N0344,2021Q3,2
N0344,2021Q4,7
N0344,2022Q1,10
N0344,2022Q2,8
N0344,2022Q3,8
N0344,2022Q4,4
N0344,2023Q1,9
N0344,2023Q2,7
N0344,2023Q3,4
N0344,2023Q4,12
N0344,2024Q1,11
N0344,2024Q2,9
N0344,2024Q3,10
N0344,2024Q4,4
N0344,2025Q1,4
N0344,2025Q2,10
N0344,2025Q3,3
N0344,2025Q4,1
N0344,2026Q1,3
N0344,2026Q2,1
N0345,2021Q3,4
N0345,2021Q4,1
N0345,2022Q1,5
N0345,2022Q2,1
N0345,2022Q3,8
N0345,2022Q4,6
N0345,2023Q1,5
N0345,2023Q2,3
N0345,2023Q3,1
N0345,2023Q4,3
N0345,2024Q1,3
N0345,2024Q2,7
N0345,2024Q3,6
N0345,2024Q4,8
N0345,2025Q1,5
N0345,2025Q2,2
N0345,2025Q3,4
N0345,2025Q4,3
N0345,2026Q1,1
N0345,2026Q2,1
N0346,2021Q3,11
N0346,2021Q4,2
N0346,2022Q1,10
N0346,2022Q2,9
N0346,2022Q3,5
N0346,2022Q4,8
N0346,2023Q1,11
N0346,2023Q2,9
N0346,2023Q3,11
N0346,2023Q4,5
N0346,2024Q1,1
N0346,2024Q2,7
N0346,2024Q3,8
N0346,2024Q4,5
N0346,2025Q1,4
N0346,2025Q2,1
N0346,2025Q3,4
N0346,2025Q4,11
N0346,2026Q1,9
N0346,2026Q2,7
N0347,2021Q3,6
N0347,2021Q4,2
N0347,2022Q1,5
N0347,2022Q2,3
N0347,2022Q3,6
N0347,2022Q4,0
N0347,2023Q1,4
N0347,2023Q2,6
N0347,2023Q3,2
N0347,2023Q4,3
N0347,2024Q1,1
N0347,2024Q2,5
N0347,2024Q3,2
N0347,2024Q4,5
N0347,2025Q1,4
N0347,2025Q2,1
N0347,2025Q3,1
N0347,2025Q4,3
N0347,2026Q1,3
N0347,2026Q2,5
N0348,2021Q3,4
N0348,2021Q4,7
N0348,2022Q1,6
N0348,2022Q2,2
N0348,2022Q3,6
N0348,2022Q4,6
N0348,2023Q1,2
N0348,2023Q2,5
N0348,2023Q3,5
N0348,2023Q4,6
N0348,2024Q1,2
N0348,2024Q2,5
N0348,2024Q3,6
N0348,2024Q4,6
N0348,2025Q1,2
N0348,2025Q2,2
N0348,2025Q3,4
N0348,2025Q4,5
N0348,2026Q1,6
N0348,2026Q2,9
N0349,2021Q3,1
N0349,2021Q4,6
N0349,2022Q1,3
N0349,2022Q2,6
N0349,2022Q3,4
N0349,2022Q4,2
N0349,2023Q1,4
N0349,2023Q2,10
N0349,2023Q3,4
N0349,2023Q4,2
N0349,2024Q1,8
N0349,2024Q2,8
N0349,2024Q3,8
N0349,2024Q4,3
N0349,2025Q1,12
N0349,2025Q2,9
N0349,2025Q3,11
N0349,2025Q4,4
N0349,2026Q1,5
N0349,2026Q2,1
N0350,2021Q3,8
N0350,2021Q4,3
N0350,2022Q1,3
N0350,2022Q2,6
N0350,2022Q3,8
N0350,2022Q4,4
N0350,2023Q1,3
N0350,2023Q2,3
N0350,2023Q3,2
N0350,2023Q4,1
N0350,2024Q1,5
N0350,2024Q2,9
N0350,2024Q3,4
N0350,2024Q4,9
N0350,2025Q1,5
N0350,2025Q2,6
N0350,2025Q3,1
N0350,2025Q4,6
N0350,2026Q1,4
N0350,2026Q2,6
N0351,2021Q3,4
N0351,2021Q4,7
N0351,2022Q1,5
N0351,2022Q2,7
N0351,2022Q3,8
N0351,2022Q4,3
N0351,2023Q1,3
N0351,2023Q2,6
N0351,2023Q3,4
N0351,2023Q4,4
N0351,2024Q1,2
N0351,2024Q2,4
N0351,2024Q3,1
N0351,2024Q4,1
N0351,2025Q1,1
N0351,2025Q2,3
N0351,2025Q3,1
N0351,2025Q4,3
N0351,2026Q1,9
N0351,2026Q2,10
N0352,2021Q3,4
N0352,2021Q4,3
N0352,2022Q1,4
N0352,2022Q2,8
N0352,2022Q3,10
N0352,2022Q4,7
N0352,2023Q1,4
N0352,2023Q2,4
N0352,2023Q3,5
N0352,2023Q4,1
N0352,2024Q1,5
N0352,2024Q2,8
N0352,2024Q3,4
N0352,2024Q4,3
N0352,2025Q1,4
N0352,2025Q2,6
N0352,2025Q3,6
N0352,2025Q4,9
N0352,2026Q1,16
N0352,2026Q2,8
N0353,2021Q3,1
N0353,2021Q4,3
N0353,2022Q1,1
N0353,2022Q2,3
N0353,2022Q3,3
N0353,2022Q4,4
N0353,2023Q1,3
N0353,2023Q2,1
N0353,2023Q3,2
N0353,2023Q4,4
N0353,2024Q1,1
N0353,2024Q2,5
N0353,2024Q3,3
N0353,2024Q4,0
N0353,2025Q1,4
N0353,2025Q2,2
N0353,2025Q3,2
N0353,2025Q4,2
N0353,2026Q1,7
N0353,2026Q2,3
N0354,2021Q3,3
N0354,2021Q4,6
N0354,2022Q1,8
N0354,2022Q2,8
N0354,2022Q3,9
N0354,2022Q4,4
N0354,2023Q1,5
N0354,2023Q2,6
N0354,2023Q3,2
N0354,2023Q4,6
N0354,2024Q1,8
N0354,2024Q2,9
N0354,2024Q3,3
N0354,2024Q4,2
N0354,2025Q1,5
N0354,2025Q2,2
N0354,2025Q3,5
N0354,2025Q4,14
N0354,2026Q1,10
N0354,2026Q2,11
N0355,2021Q3,3
N0355,2021Q4,2
N0355,2022Q1,2
N0355,2022Q2,1
N0355,2022Q3,1
N0355,2022Q4,3
N0355,2023Q1,2
N0355,2023Q2,2
N0355,2023Q3,0
N0355,2023Q4,0
N0355,2024Q1,3
N0355,2024Q2,1
N0355,2024Q3,4
N0355,2024Q4,2
N0355,2025Q1,0
N0355,2025Q2,2
N0355,2025Q3,5
N0355,2025Q4,0
N0355,2026Q1,1
N0355,2026Q2,3
N0356,2021Q3,3
N0356,2021Q4,1
N0356,2022Q1,6
N0356,2022Q2,2
N0356,2022Q3,2
N0356,2022Q4,3
N0356,2023Q1,1
N0356,2023Q2,1
N0356,2023Q3,0
N0356,2023Q4,4
N0356,2024Q1,5
N0356,2024Q2,4
N0356,2024Q3,2
N0356,2024Q4,1
N0356,2025Q1,6
N0356,2025Q2,2
N0356,2025Q3,4
N0356,2025Q4,9
N0356,2026Q1,10
N0356,2026Q2,1
N0357,2021Q3,7
N0357,2021Q4,5
N0357,2022Q1,2
N0357,2022Q2,0
N0357,2022Q3,0
N0357,2022Q4,4
N0357,2023Q1,2
N0357,2023Q2,3
N0357,2023Q3,5
N0357,2023Q4,3
N0357,2024Q1,3
N0357,2024Q2,3
N0357,2024Q3,6
N0357,2024Q4,1
N0357,2025Q1,2
N0357,2025Q2,4
N0357,2025Q3,1
N0357,2025Q4,1
N0357,2026Q1,2
N0357,2026Q2,1
N0358,2021Q3,4
N0358,2021Q4,1
N0358,2022Q1,3
N0358,2022Q2,3
N0358,2022Q3,0
N0358,2022Q4,3
N0358,2023Q1,1
N0358,2023Q2,2
N0358,2023Q3,3
N0358,2023Q4,2
N0358,2024Q1,3
N0358,2024Q2,3
N0358,2024Q3,0
N0358,2024Q4,2
N0358,2025Q1,4
N0358,2025Q2,5
N0358,2025Q3,3
N0358,2025Q4,10
N0358,2026Q1,8
N0358,2026Q2,7
N0359,2021Q3,6
N0359,2021Q4,3
N0359,2022Q1,2
N0359,2022Q2,5
N0359,2022Q3,7
N0359,2022Q4,4
N0359,2023Q1,7
N0359,2023Q2,4
N0359,2023Q3,4
N0359,2023Q4,4
N0359,2024Q1,3
N0359,2024Q2,1
N0359,2024Q3,8
N0359,2024Q4,2
N0359,2025Q1,2
N0359,2025Q2,3
N0359,2025Q3,0
N0359,2025Q4,4
N0359,2026Q1,2
N0359,2026Q2,1
N0360,2021Q3,4
N0360,2021Q4,2
N0360,2022Q1,5
N0360,2022Q2,5
N0360,2022Q3,0
N0360,2022Q4,2
N0360,2023Q1,1
N0360,2023Q2,6
N0360,2023Q3,0
N0360,2023Q4,3
N0360,2024Q1,4
N0360,2024Q2,4
N0360,2024Q3,2
N0360,2024Q4,0
N0360,2025Q1,0
N0360,2025Q2,4
N0360,2025Q3,1
N0360,2025Q4,4
N0360,2026Q1,3
N0360,2026Q2,8
N0361,2021Q3,7
N0361,2021Q4,2
N0361,2022Q1,0
N0361,2022Q2,2
N0361,2022Q3,2
N0361,2022Q4,0
N0361,2023Q1,2
N0361,2023Q2,6
N0361,2023Q3,0
N0361,2023Q4,2
N0361,2024Q1,3
N0361,2024Q2,4
N0361,2024Q3,7
N0361,2024Q4,5
N0361,2025Q1,9
N0361,2025Q2,5
N0361,2025Q3,7
N0361,2025Q4,4
N0361,2026Q1,7
N0361,2026Q2,5
N0362,2021Q3,11
N0362,2021Q4,6
N0362,2022Q1,10
N0362,2022Q2,9
N0362,2022Q3,9
N0362,2022Q4,6
N0362,2023Q1,7
N0362,2023Q2,7
N0362,2023Q3,9
N0362,2023Q4,2
N0362,2024Q1,7
N0362,2024Q2,9
N0362,2024Q3,6
N0362,2024Q4,10
N0362,2025Q1,5
N0362,2025Q2,12
N0362,2025Q3,11
N0362,2025Q4,14
N0362,2026Q1,11
N0362,2026Q2,6
N0363,2021Q3,6
N0363,2021Q4,2
N0363,2022Q1,3
N0363,2022Q2,5
N0363,2022Q3,4
N0363,2022Q4,7
N0363,2023Q1,6
N0363,2023Q2,4
N0363,2023Q3,3
N0363,2023Q4,4
N0363,2024Q1,5
N0363,2024Q2,5
N0363,2024Q3,2
N0363,2024Q4,2
N0363,2025Q1,2
N0363,2025Q2,5
N0363,2025Q3,4
N0363,2025Q4,4
N0363,2026Q1,13
N0363,2026Q2,4
N0364,2021Q3,5
N0364,2021Q4,4
N0364,2022Q1,2
N0364,2022Q2,9
N0364,2022Q3,2
N0364,2022Q4,7
N0364,2023Q1,4
N0364,2023Q2,5
N0364,2023Q3,10
N0364,2023Q4,6
N0364,2024Q1,3
N0364,2024Q2,11
N0364,2024Q3,10
N0364,2024Q4,13
N0364,2025Q1,6
N0364,2025Q2,12
N0364,2025Q3,3
N0364,2025Q4,5
N0364,2026Q1,3
N0364,2026Q2,6
N0365,2021Q3,6
N0365,2021Q4,4
N0365,2022Q1,8
N0365,2022Q2,6
N0365,2022Q3,3
N0365,2022Q4,6
N0365,2023Q1,1
N0365,2023Q2,5
N0365,2023Q3,4
N0365,2023Q4,5
N0365,2024Q1,10
N0365,2024Q2,7
N0365,2024Q3,12
N0365,2024Q4,14
N0365,2025Q1,9
N0365,2025Q2,13
N0365,2025Q3,3
N0365,2025Q4,8
N0365,2026Q1,3
N0365,2026Q2,8
N0366,2021Q3,4
N0366,2021Q4,7
N0366,2022Q1,7
N0366,2022Q2,5
N0366,2022Q3,3
N0366,2022Q4,5
N0366,2023Q1,6
N0366,2023Q2,3
N0366,2023Q3,6
N0366,2023Q4,2
N0366,2024Q1,6
N0366,2024Q2,8
N0366,2024Q3,10
N0366,2024Q4,14
N0366,2025Q1,10
N0366,2025Q2,11
N0366,2025Q3,16
N0366,2025Q4,1
N0366,2026Q1,3
N0366,2026Q2,5
N0367,2021Q3,8
N0367,2021Q4,4
N0367,2022Q1,5
N0367,2022Q2,1
N0367,2022Q3,0
N0367,2022Q4,2
N0367,2023Q1,1
N0367,2023Q2,7
N0367,2023Q3,6
N0367,2023Q4,0
N0367,2024Q1,7
N0367,2024Q2,4
N0367,2024Q3,4
N0367,2024Q4,1
N0367,2025Q1,2
N0367,2025Q2,1
N0367,2025Q3,2
N0367,2025Q4,4
N0367,2026Q1,0
N0367,2026Q2,4
N0368,2021Q3,2
N0368,2021Q4,1
N0368,2022Q1,6
N0368,2022Q2,0
N0368,2022Q3,1
N0368,2022Q4,4
N0368,2023Q1,3
N0368,2023Q2,1
N0368,2023Q3,5
N0368,2023Q4,1
N0368,2024Q1,7
N0368,2024Q2,3
N0368,2024Q3,3
N0368,2024Q4,5
N0368,2025Q1,2
N0368,2025Q2,2
N0368,2025Q3,2
N0368,2025Q4,5
N0368,2026Q1,5
N0368,2026Q2,7
N0369,2021Q3,1
N0369,2021Q4,5
N0369,2022Q1,2
N0369,2022Q2,3
N0369,2022Q3,5
N0369,2022Q4,4
N0369,2023Q1,4
N0369,2023Q2,5
N0369,2023Q3,3
N0369,2023Q4,2
N0369,2024Q1,2
N0369,2024Q2,2
N0369,2024Q3,3
N0369,2024Q4,5
N0369,2025Q1,13
N0369,2025Q2,6
N0369,2025Q3,4
N0369,2025Q4,9
N0369,2026Q1,13
N0369,2026Q2,15
N0370,2021Q3,6
N0370,2021Q4,3
N0370,2022Q1,1
N0370,2022Q2,4
N0370,2022Q3,2
N0370,2022Q4,3
N0370,2023Q1,2
N0370,2023Q2,3
N0370,2023Q3,7
N0370,2023Q4,1
N0370,2024Q1,4
N0370,2024Q2,3
N0370,2024Q3,5
N0370,2024Q4,6
N0370,2025Q1,4
N0370,2025Q2,5
N0370,2025Q3,5
N0370,2025Q4,5
N0370,2026Q1,6
N0370,2026Q2,4
N0371,2021Q3,4
N0371,2021Q4,4
N0371,2022Q1,7
N0371,2022Q2,3
N0371,2022Q3,10
N0371,2022Q4,5
N0371,2023Q1,6
N0371,2023Q2,9
N0371,2023Q3,5
N0371,2023Q4,3
N0371,2024Q1,7
N0371,2024Q2,5
N0371,2024Q3,5
N0371,2024Q4,8
N0371,2025Q1,1
N0371,2025Q2,3
N0371,2025Q3,2
N0371,2025Q4,5
N0371,2026Q1,7
N0371,2026Q2,5
N0372,2021Q3,4
N0372,2021Q4,5
N0372,2022Q1,3
N0372,2022Q2,3
N0372,2022Q3,2
N0372,2022Q4,2
N0372,2023Q1,4
N0372,2023Q2,3
N0372,2023Q3,3
N0372,2023Q4,8
N0372,2024Q1,9
N0372,2024Q2,8
N0372,2024Q3,12
N0372,2024Q4,7
N0372,2025Q1,12
N0372,2025Q2,6
N0372,2025Q3,8
N0372,2025Q4,0
N0372,2026Q1,0
N0372,2026Q2,4
N0373,2021Q3,3
N0373,2021Q4,3
N0373,2022Q1,2
N0373,2022Q2,3
N0373,2022Q3,6
N0373,2022Q4,1
N0373,2023Q1,2
N0373,2023Q2,6
N0373,2023Q3,4
N0373,2023Q4,5
N0373,2024Q1,3
N0373,2024Q2,6
N0373,2024Q3,7
N0373,2024Q4,3
N0373,2025Q1,4
N0373,2025Q2,2
N0373,2025Q3,9
N0373,2025Q4,5
N0373,2026Q1,10
N0373,2026Q2,5
N0374,2021Q3,6
N0374,2021Q4,6
N0374,2022Q1,4
N0374,2022Q2,1
N0374,2022Q3,4
N0374,2022Q4,3
N0374,2023Q1,1
N0374,2023Q2,3
N0374,2023Q3,1
N0374,2023Q4,6
N0374,2024Q1,9
N0374,2024Q2,3
N0374,2024Q3,1
N0374,2024Q4,5
N0374,2025Q1,4
N0374,2025Q2,6
N0374,2025Q3,6
N0374,2025Q4,4
N0374,2026Q1,8
N0374,2026Q2,9
N0375,2021Q3,6
N0375,2021Q4,3
N0375,2022Q1,5
N0375,2022Q2,9
N0375,2022Q3,5
N0375,2022Q4,4
N0375,2023Q1,1
N0375,2023Q2,1
N0375,2023Q3,5
N0375,2023Q4,2
N0375,2024Q1,5
N0375,2024Q2,6
N0375,2024Q3,5
N0375,2024Q4,2
N0375,2025Q1,6
N0375,2025Q2,10
N0375,2025Q3,6
N0375,2025Q4,12
N0375,2026Q1,8
N0375,2026Q2,9
N0376,2021Q3,4
N0376,2021Q4,5
N0376,2022Q1,5
N0376,2022Q2,2
N0376,2022Q3,7
N0376,2022Q4,5
N0376,2023Q1,3
N0376,2023Q2,7
N0376,2023Q3,3
N0376,2023Q4,15
N0376,2024Q1,4
N0376,2024Q2,6
N0376,2024Q3,6
N0376,2024Q4,10
N0376,2025Q1,6
N0376,2025Q2,2
N0376,2025Q3,4
N0376,2025Q4,10
N0376,2026Q1,8
N0376,2026Q2,11
N0377,2021Q3,0
N0377,2021Q4,5
N0377,2022Q1,2
N0377,2022Q2,4
N0377,2022Q3,2
N0377,2022Q4,3
N0377,2023Q1,1
N0377,2023Q2,2
N0377,2023Q3,2
N0377,2023Q4,3
N0377,2024Q1,5
N0377,2024Q2,2
N0377,2024Q3,3
N0377,2024Q4,0
N0377,2025Q1,4
N0377,2025Q2,0
N0377,2025Q3,4
N0377,2025Q4,1
N0377,2026Q1,5
N0377,2026Q2,1
N0378,2021Q3,2
N0378,2021Q4,4
N0378,2022Q1,5
N0378,2022Q2,4
N0378,2022Q3,5
N0378,2022Q4,2
N0378,2023Q1,4
N0378,2023Q2,3
N0378,2023Q3,3
N0378,2023Q4,2
N0378,2024Q1,5
N0378,2024Q2,6
N0378,2024Q3,4
N0378,2024Q4,7
N0378,2025Q1,7
N0378,2025Q2,3
N0378,2025Q3,4
N0378,2025Q4,0
N0378,2026Q1,2
N0378,2026Q2,1
N0379,2021Q3,3
N0379,2021Q4,4
N0379,2022Q1,1
N0379,2022Q2,1
N0379,2022Q3,3
N0379,2022Q4,1
N0379,2023Q1,0
N0379,2023Q2,0
N0379,2023Q3,1
N0379,2023Q4,2
N0379,2024Q1,1
N0379,2024Q2,0
N0379,2024Q3,1
N0379,2024Q4,0
N0379,2025Q1,1
N0379,2025Q2,0
N0379,2025Q3,2
N0379,2025Q4,2
N0379,2026Q1,4
N0379,2026Q2,0
N0380,2021Q3,1
N0380,2021Q4,4
N0380,2022Q1,6
N0380,2022Q2,5
N0380,2022Q3,6
N0380,2022Q4,3
N0380,2023Q1,3
N0380,2023Q2,3
N0380,2023Q3,7
N0380,2023Q4,9
N0380,2024Q1,11
N0380,2024Q2,10
N0380,2024Q3,6
N0380,2024Q4,5
N0380,2025Q1,8
N0380,2025Q2,11
N0380,2025Q3,2
N0380,2025Q4,11
N0380,2026Q1,7
N0380,2026Q2,12
N0381,2021Q3,3
N0381,2021Q4,4
N0381,2022Q1,5
N0381,2022Q2,3
N0381,2022Q3,8
N0381,2022Q4,6
N0381,2023Q1,3
N0381,2023Q2,4
N0381,2023Q3,3
N0381,2023Q4,1
N0381,2024Q1,10
N0381,2024Q2,6
N0381,2024Q3,4
N0381,2024Q4,5
N0381,2025Q1,5
N0381,2025Q2,4
N0381,2025Q3,6
N0381,2025Q4,8
N0381,2026Q1,17
N0381,2026Q2,13
N0382,2021Q3,7
N0382,2021Q4,11
N0382,2022Q1,13
N0382,2022Q2,3
N0382,2022Q3,8
N0382,2022Q4,7
N0382,2023Q1,10
N0382,2023Q2,6
N0382,2023Q3,19
N0382,2023Q4,5
N0382,2024Q1,14
N0382,2024Q2,9
N0382,2024Q3,10
N0382,2024Q4,12
N0382,2025Q1,6
N0382,2025Q2,11
N0382,2025Q3,10
N0382,2025Q4,9
N0382,2026Q1,9
N0382,2026Q2,5
N0383,2021Q3,2
N0383,2021Q4,4
N0383,2022Q1,3
N0383,2022Q2,3
N0383,2022Q3,6
N0383,2022Q4,5
N0383,2023Q1,4
N0383,2023Q2,6
N0383,2023Q3,2
N0383,2023Q4,3
N0383,2024Q1,2
N0383,2024Q2,5
N0383,2024Q3,2
N0383,2024Q4,4
N0383,2025Q1,3
N0383,2025Q2,0
N0383,2025Q3,6
N0383,2025Q4,4
N0383,2026Q1,4
N0383,2026Q2,4
N0384,2021Q3,2
N0384,2021Q4,8
N0384,2022Q1,2
N0384,2022Q2,5
N0384,2022Q3,6
N0384,2022Q4,4
N0384,2023Q1,4
N0384,2023Q2,4
N0384,2023Q3,8
N0384,2023Q4,4
N0384,2024Q1,8
N0384,2024Q2,7
N0384,2024Q3,6
N0384,2024Q4,2
N0384,2025Q1,3
N0384,2025Q2,5
N0384,2025Q3,6
N0384,2025Q4,8
N0384,2026Q1,1
N0384,2026Q2,7
N0385,2021Q3,7
N0385,2021Q4,7
N0385,2022Q1,3
N0385,2022Q2,2
N0385,2022Q3,4
N0385,2022Q4,3
N0385,2023Q1,2
N0385,2023Q2,3
N0385,2023Q3,4
N0385,2023Q4,3
N0385,2024Q1,3
N0385,2024Q2,8
N0385,2024Q3,3
N0385,2024Q4,1
N0385,2025Q1,3
N0385,2025Q2,3
N0385,2025Q3,4
N0385,2025Q4,6
N0385,2026Q1,8
N0385,2026Q2,8
N0386,2021Q3,2
N0386,2021Q4,4
N0386,2022Q1,3
N0386,2022Q2,2
N0386,2022Q3,2
N0386,2022Q4,2
N0386,2023Q1,0
N0386,2023Q2,3
N0386,2023Q3,3
N0386,2023Q4,2
N0386,2024Q1,2
N0386,2024Q2,1
N0386,2024Q3,4
N0386,2024Q4,5
N0386,2025Q1,1
N0386,2025Q2,1
N0386,2025Q3,5
N0386,2025Q4,0
N0386,2026Q1,0
N0386,2026Q2,3
N0387,2021Q3,9
N0387,2021Q4,4
N0387,2022Q1,3
N0387,2022Q2,4
N0387,2022Q3,3
N0387,2022Q4,4
N0387,2023Q1,2
N0387,2023Q2,4
N0387,2023Q3,8
N0387,2023Q4,2
N0387,2024Q1,5
N0387,2024Q2,2
N0387,2024Q3,5
N0387,2024Q4,5
N0387,2025Q1,6
N0387,2025Q2,7
N0387,2025Q3,5
N0387,2025Q4,1
N0387,2026Q1,0
N0387,2026Q2,2
N0388,2021Q3,4
N0388,2021Q4,3
N0388,2022Q1,2
N0388,2022Q2,5
N0388,2022Q3,3
N0388,2022Q4,4
N0388,2023Q1,1
N0388,2023Q2,4
N0388,2023Q3,1
N0388,2023Q4,3
N0388,2024Q1,3
N0388,2024Q2,3
N0388,2024Q3,0
N0388,2024Q4,4
N0388,2025Q1,2
N0388,2025Q2,1
N0388,2025Q3,3
N0388,2025Q4,12
N0388,2026Q1,5
N0388,2026Q2,13
N0389,2021Q3,7
N0389,2021Q4,4
N0389,2022Q1,6
N0389,2022Q2,8
N0389,2022Q3,5
N0389,2022Q4,11
N0389,2023Q1,4
N0389,2023Q2,6
N0389,2023Q3,5
N0389,2023Q4,4
N0389,2024Q1,8
N0389,2024Q2,4
N0389,2024Q3,4
N0389,2024Q4,4
N0389,2025Q1,11
N0389,2025Q2,8
N0389,2025Q3,14
N0389,2025Q4,9
N0389,2026Q1,7
N0389,2026Q2,2
N0390,2021Q3,3
N0390,2021Q4,4
N0390,2022Q1,3
N0390,2022Q2,2
N0390,2022Q3,1
N0390,2022Q4,2
N0390,2023Q1,0
N0390,2023Q2,1
N0390,2023Q3,2
N0390,2023Q4,3
N0390,2024Q1,2
N0390,2024Q2,4
N0390,2024Q3,0
N0390,2024Q4,2
N0390,2025Q1,2
N0390,2025Q2,3
N0390,2025Q3,3
N0390,2025Q4,1
N0390,2026Q1,1
N0390,2026Q2,4
N0391,2021Q3,7
N0391,2021Q4,3
N0391,2022Q1,5
N0391,2022Q2,4
N0391,2022Q3,8
N0391,2022Q4,9
N0391,2023Q1,3
N0391,2023Q2,1
N0391,2023Q3,7
N0391,2023Q4,5
N0391,2024Q1,6
N0391,2024Q2,4
N0391,2024Q3,5
N0391,2024Q4,12
N0391,2025Q1,4
N0391,2025Q2,5
N0391,2025Q3,2
N0391,2025Q4,7
N0391,2026Q1,5
N0391,2026Q2,14
N0392,2021Q3,4
N0392,2021Q4,3
N0392,2022Q1,4
N0392,2022Q2,3
N0392,2022Q3,4
N0392,2022Q4,3
N0392,2023Q1,1
N0392,2023Q2,2
N0392,2023Q3,3
N0392,2023Q4,3
N0392,2024Q1,0
N0392,2024Q2,1
N0392,2024Q3,4
N0392,2024Q4,2
N0392,2025Q1,1
N0392,2025Q2,4
N0392,2025Q3,1
N0392,2025Q4,2
N0392,2026Q1,0
N0392,2026Q2,4
N0393,2021Q3,3
N0393,2021Q4,1
N0393,2022Q1,1
N0393,2022Q2,2
N0393,2022Q3,3
N0393,2022Q4,1
N0393,2023Q1,1
N0393,2023Q2,1
N0393,2023Q3,4
N0393,2023Q4,2
N0393,2024Q1,0
N0393,2024Q2,3
N0393,2024Q3,1
N0393,2024Q4,2
N0393,2025Q1,1
N0393,2025Q2,2
N0393,2025Q3,2
N0393,2025Q4,0
N0393,2026Q1,3
N0393,2026Q2,4
N0394,2021Q3,1
N0394,2021Q4,2
N0394,2022Q1,2
N0394,2022Q2,1
N0394,2022Q3,1
N0394,2022Q4,1
N0394,2023Q1,4
N0394,2023Q2,1
N0394,2023Q3,0
N0394,2023Q4,1
N0394,2024Q1,4
N0394,2024Q2,0
N0394,2024Q3,5
N0394,2024Q4,3
N0394,2025Q1,2
N0394,2025Q2,0
N0394,2025Q3,3
N0394,2025Q4,1
N0394,2026Q1,4
N0394,2026Q2,3
N0395,2021Q3,3
N0395,2021Q4,3
N0395,2022Q1,1
N0395,2022Q2,1
N0395,2022Q3,3
N0395,2022Q4,3
N0395,2023Q1,1
N0395,2023Q2,2
N0395,2023Q3,3
N0395,2023Q4,4
N0395,2024Q1,4
N0395,2024Q2,4
N0395,2024Q3,3
N0395,2024Q4,3
N0395,2025Q1,2
N0395,2025Q2,2
N0395,2025Q3,4
N0395,2025Q4,12
N0395,2026Q1,5
N0395,2026Q2,14
N0396,2021Q3,6
N0396,2021Q4,4
N0396,2022Q1,6
N0396,2022Q2,6
N0396,2022Q3,8
N0396,2022Q4,4
N0396,2023Q1,1
N0396,2023Q2,1
N0396,2023Q3,8
N0396,2023Q4,5
N0396,2024Q1,4
N0396,2024Q2,6
N0396,2024Q3,1
N0396,2024Q4,2
N0396,2025Q1,3
N0396,2025Q2,5
N0396,2025Q3,7
N0396,2025Q4,11
N0396,2026Q1,7
N0396,2026Q2,7
N0397,2021Q3,1
N0397,2021Q4,4
N0397,2022Q1,8
N0397,2022Q2,5
N0397,2022Q3,6
N0397,2022Q4,5
N0397,2023Q1,7
N0397,2023Q2,5
N0397,2023Q3,0
N0397,2023Q4,4
N0397,2024Q1,7
N0397,2024Q2,6
N0397,2024Q3,3
N0397,2024Q4,2
N0397,2025Q1,3
N0397,2025Q2,7
N0397,2025Q3,2
N0397,2025Q4,4
N0397,2026Q1,7
N0397,2026Q2,3
N0398,2021Q3,1
N0398,2021Q4,3
N0398,2022Q1,1
N0398,2022Q2,4
N0398,2022Q3,1
N0398,2022Q4,2
N0398,2023Q1,3
N0398,2023Q2,3
N0398,2023Q3,0
N0398,2023Q4,3
N0398,2024Q1,0
N0398,2024Q2,6
N0398,2024Q3,4
N0398,2024Q4,4
N0398,2025Q1,5
N0398,2025Q2,4
N0398,2025Q3,0
N0398,2025Q4,2
N0398,2026Q1,2
N0398,2026Q2,10
N0399,2021Q3,4
N0399,2021Q4,3
N0399,2022Q1,5
N0399,2022Q2,1
N0399,2022Q3,5
N0399,2022Q4,5
N0399,2023Q1,4
N0399,2023Q2,6
N0399,2023Q3,8
N0399,2023Q4,7
N0399,2024Q1,5
N0399,2024Q2,6
N0399,2024Q3,5
N0399,2024Q4,6
N0399,2025Q1,5
N0399,2025Q2,11
N0399,2025Q3,8
N0399,2025Q4,8
N0399,2026Q1,19
N0399,2026Q2,3
N0400,2021Q3,4
N0400,2021Q4,3
N0400,2022Q1,0
N0400,2022Q2,3
N0400,2022Q3,2
N0400,2022Q4,6
N0400,2023Q1,3
N0400,2023Q2,0
N0400,2023Q3,5
N0400,2023Q4,4
N0400,2024Q1,5
N0400,2024Q2,7
N0400,2024Q3,6
N0400,2024Q4,2
N0400,2025Q1,4
N0400,2025Q2,2
N0400,2025Q3,2
N0400,2025Q4,1
N0400,2026Q1,0
N0400,2026Q2,0
N0401,2021Q3,5
N0401,2021Q4,5
N0401,2022Q1,2
N0401,2022Q2,2
N0401,2022Q3,1
N0401,2022Q4,6
N0401,2023Q1,3
N0401,2023Q2,4
N0401,2023Q3,3
N0401,2023Q4,3
N0401,2024Q1,2
N0401,2024Q2,6
N0401,2024Q3,7
N0401,2024Q4,4
N0401,2025Q1,4
N0401,2025Q2,2
N0401,2025Q3,4
N0401,2025Q4,4
N0401,2026Q1,6
N0401,2026Q2,6
N0402,2021Q3,1
N0402,2021Q4,8
N0402,2022Q1,8
N0402,2022Q2,7
N0402,2022Q3,10
N0402,2022Q4,8
N0402,2023Q1,9
N0402,2023Q2,5
N0402,2023Q3,3
N0402,2023Q4,4
N0402,2024Q1,8
N0402,2024Q2,12
N0402,2024Q3,10
N0402,2024Q4,9
N0402,2025Q1,8
N0402,2025Q2,15
N0402,2025Q3,7
N0402,2025Q4,4
N0402,2026Q1,5
N0402,2026Q2,4
N0403,2021Q3,6
N0403,2021Q4,9
N0403,2022Q1,7
N0403,2022Q2,5
N0403,2022Q3,4
N0403,2022Q4,4
N0403,2023Q1,4
N0403,2023Q2,8
N0403,2023Q3,8
N0403,2023Q4,7
N0403,2024Q1,8
N0403,2024Q2,9
N0403,2024Q3,13
N0403,2024Q4,6
N0403,2025Q1,7
N0403,2025Q2,13
N0403,2025Q3,10
N0403,2025Q4,6
N0403,2026Q1,8
N0403,2026Q2,10
N0404,2021Q3,5
N0404,2021Q4,6
N0404,2022Q1,2
N0404,2022Q2,6
N0404,2022Q3,1
N0404,2022Q4,1
N0404,2023Q1,3
N0404,2023Q2,3
N0404,2023Q3,3
N0404,2023Q4,5
N0404,2024Q1,6
N0404,2024Q2,2
N0404,2024Q3,6
N0404,2024Q4,3
N0404,2025Q1,0
N0404,2025Q2,3
N0404,2025Q3,2
N0404,2025Q4,6
N0404,2026Q1,7
N0404,2026Q2,9
N0405,2021Q3,3
N0405,2021Q4,3
N0405,2022Q1,3
N0405,2022Q2,0
N0405,2022Q3,0
N0405,2022Q4,4
N0405,2023Q1,2
N0405,2023Q2,3
N0405,2023Q3,3
N0405,2023Q4,4
N0405,2024Q1,7
N0405,2024Q2,1
N0405,2024Q3,6
N0405,2024Q4,3
N0405,2025Q1,3
N0405,2025Q2,5
N0405,2025Q3,3
N0405,2025Q4,1
N0405,2026Q1,1
N0405,2026Q2,4
N0406,2021Q3,6
N0406,2021Q4,2
N0406,2022Q1,3
N0406,2022Q2,4
N0406,2022Q3,6
N0406,2022Q4,4
N0406,2023Q1,1
N0406,2023Q2,4
N0406,2023Q3,7
N0406,2023Q4,4
N0406,2024Q1,5
N0406,2024Q2,11
N0406,2024Q3,4
N0406,2024Q4,7
N0406,2025Q1,5
N0406,2025Q2,4
N0406,2025Q3,6
N0406,2025Q4,4
N0406,2026Q1,3
N0406,2026Q2,5
N0407,2021Q3,6
N0407,2021Q4,8
N0407,2022Q1,6
N0407,2022Q2,4
N0407,2022Q3,1
N0407,2022Q4,4
N0407,2023Q1,10
N0407,2023Q2,10
N0407,2023Q3,11
N0407,2023Q4,7
N0407,2024Q1,4
N0407,2024Q2,3
N0407,2024Q3,4
N0407,2024Q4,1
N0407,2025Q1,4
N0407,2025Q2,5
N0407,2025Q3,6
N0407,2025Q4,9
N0407,2026Q1,6
N0407,2026Q2,4
N0408,2021Q3,3
N0408,2021Q4,6
N0408,2022Q1,7
N0408,2022Q2,2
N0408,2022Q3,3
N0408,2022Q4,1
N0408,2023Q1,0
N0408,2023Q2,0
N0408,2023Q3,3
N0408,2023Q4,2
N0408,2024Q1,2
N0408,2024Q2,2
N0408,2024Q3,6
N0408,2024Q4,3
N0408,2025Q1,7
N0408,2025Q2,7
N0408,2025Q3,4
N0408,2025Q4,7
N0408,2026Q1,11
N0408,2026Q2,9
N0409,2021Q3,5
N0409,2021Q4,3
N0409,2022Q1,3
N0409,2022Q2,2
N0409,2022Q3,3
N0409,2022Q4,1
N0409,2023Q1,3
N0409,2023Q2,2
N0409,2023Q3,3
N0409,2023Q4,0
N0409,2024Q1,6
N0409,2024Q2,4
N0409,2024Q3,0
N0409,2024Q4,3
N0409,2025Q1,5
N0409,2025Q2,4
N0409,2025Q3,3
N0409,2025Q4,11
N0409,2026Q1,9
N0409,2026Q2,6
N0410,2021Q3,7
N0410,2021Q4,3
N0410,2022Q1,6
N0410,2022Q2,4
N0410,2022Q3,3
N0410,2022Q4,1
N0410,2023Q1,1
N0410,2023Q2,2
N0410,2023Q3,4
N0410,2023Q4,2
N0410,2024Q1,3
N0410,2024Q2,2
N0410,2024Q3,3
N0410,2024Q4,3
N0410,2025Q1,3
N0410,2025Q2,2
N0410,2025Q3,5
N0410,2025Q4,7
N0410,2026Q1,4
N0410,2026Q2,2
N0411,2021Q3,7
N0411,2021Q4,1
N0411,2022Q1,4
N0411,2022Q2,4
N0411,2022Q3,5
N0411,2022Q4,4
N0411,2023Q1,5
N0411,2023Q2,4
N0411,2023Q3,7
N0411,2023Q4,8
N0411,2024Q1,9
N0411,2024Q2,6
N0411,2024Q3,6
N0411,2024Q4,14
N0411,2025Q1,10
N0411,2025Q2,10
N0411,2025Q3,8
N0411,2025Q4,6
N0411,2026Q1,9
N0411,2026Q2,7
N0412,2021Q3,6
N0412,2021Q4,5
N0412,2022Q1,1
N0412,2022Q2,5
N0412,2022Q3,2
N0412,2022Q4,2
N0412,2023Q1,0
N0412,2023Q2,2
N0412,2023Q3,3
N0412,2023Q4,6
N0412,2024Q1,3
N0412,2024Q2,4
N0412,2024Q3,6
N0412,2024Q4,4
N0412,2025Q1,3
N0412,2025Q2,3
N0412,2025Q3,2
N0412,2025Q4,10
N0412,2026Q1,4
N0412,2026Q2,6
N0413,2021Q3,2
N0413,2021Q4,10
N0413,2022Q1,5
N0413,2022Q2,3
N0413,2022Q3,2
N0413,2022Q4,4
N0413,2023Q1,2
N0413,2023Q2,4
N0413,2023Q3,8
N0413,2023Q4,2
N0413,2024Q1,3
N0413,2024Q2,4
N0413,2024Q3,3
N0413,2024Q4,5
N0413,2025Q1,2
N0413,2025Q2,4
N0413,2025Q3,1
N0413,2025Q4,4
N0413,2026Q1,0
N0413,2026Q2,6
N0414,2021Q3,4
N0414,2021Q4,9
N0414,2022Q1,0
N0414,2022Q2,1
N0414,2022Q3,3
N0414,2022Q4,8
N0414,2023Q1,1
N0414,2023Q2,2
N0414,2023Q3,2
N0414,2023Q4,3
N0414,2024Q1,1
N0414,2024Q2,4
N0414,2024Q3,2
N0414,2024Q4,6
N0414,2025Q1,5
N0414,2025Q2,1
N0414,2025Q3,2
N0414,2025Q4,2
N0414,2026Q1,3
N0414,2026Q2,5
N0415,2021Q3,3
N0415,2021Q4,10
N0415,2022Q1,3
N0415,2022Q2,7
N0415,2022Q3,2
N0415,2022Q4,3
N0415,2023Q1,1
N0415,2023Q2,3
N0415,2023Q3,2
N0415,2023Q4,4
N0415,2024Q1,1
N0415,2024Q2,1
N0415,2024Q3,1
N0415,2024Q4,1
N0415,2025Q1,1
N0415,2025Q2,0
N0415,2025Q3,1
N0415,2025Q4,1
N0415,2026Q1,2
N0415,2026Q2,2
N0416,2021Q3,5
N0416,2021Q4,1
N0416,2022Q1,3
N0416,2022Q2,3
N0416,2022Q3,1
N0416,2022Q4,4
N0416,2023Q1,4
N0416,2023Q2,1
N0416,2023Q3,5
N0416,2023Q4,2
N0416,2024Q1,3
N0416,2024Q2,1
N0416,2024Q3,3
N0416,2024Q4,4
N0416,2025Q1,2
N0416,2025Q2,4
N0416,2025Q3,2
N0416,2025Q4,6
N0416,2026Q1,6
N0416,2026Q2,0
N0417,2021Q3,12
N0417,2021Q4,9
N0417,2022Q1,8
N0417,2022Q2,6
N0417,2022Q3,6
N0417,2022Q4,9
N0417,2023Q1,11
N0417,2023Q2,10
N0417,2023Q3,8
N0417,2023Q4,8
N0417,2024Q1,17
N0417,2024Q2,17
N0417,2024Q3,14
N0417,2024Q4,19
N0417,2025Q1,16
N0417,2025Q2,22
N0417,2025Q3,14
N0417,2025Q4,17
N0417,2026Q1,18
N0417,2026Q2,6
N0418,2021Q3,3
N0418,2021Q4,2
N0418,2022Q1,5
N0418,2022Q2,8
N0418,2022Q3,1
N0418,2022Q4,2
N0418,2023Q1,2
N0418,2023Q2,2
N0418,2023Q3,6
N0418,2023Q4,2
N0418,2024Q1,9
N0418,2024Q2,6
N0418,2024Q3,6
N0418,2024Q4,2
N0418,2025Q1,2
N0418,2025Q2,1
N0418,2025Q3,2
N0418,2025Q4,6
N0418,2026Q1,5
N0418,2026Q2,7
N0419,2021Q3,5
N0419,2021Q4,1
N0419,2022Q1,3
N0419,2022Q2,2
N0419,2022Q3,4
N0419,2022Q4,4
N0419,2023Q1,3
N0419,2023Q2,4
N0419,2023Q3,3
N0419,2023Q4,1
N0419,2024Q1,2
N0419,2024Q2,6
N0419,2024Q3,9
N0419,2024Q4,5
N0419,2025Q1,12
N0419,2025Q2,6
N0419,2025Q3,4
N0419,2025Q4,3
N0419,2026Q1,2
N0419,2026Q2,3
N0420,2021Q3,0
N0420,2021Q4,1
N0420,2022Q1,3
N0420,2022Q2,0
N0420,2022Q3,2
N0420,2022Q4,4
N0420,2023Q1,1
N0420,2023Q2,0
N0420,2023Q3,0
N0420,2023Q4,1
N0420,2024Q1,1
N0420,2024Q2,2
N0420,2024Q3,4
N0420,2024Q4,3
N0420,2025Q1,4
N0420,2025Q2,2
N0420,2025Q3,2
N0420,2025Q4,2
N0420,2026Q1,2
N0420,2026Q2,3
N0421,2021Q3,4
N0421,2021Q4,4
N0421,2022Q1,1
N0421,2022Q2,0
N0421,2022Q3,0
N0421,2022Q4,2
N0421,2023Q1,4
N0421,2023Q2,4
N0421,2023Q3,0
N0421,2023Q4,0
N0421,2024Q1,6
N0421,2024Q2,5
N0421,2024Q3,2
N0421,2024Q4,4
N0421,2025Q1,2
N0421,2025Q2,5
N0421,2025Q3,0
N0421,2025Q4,0
N0421,2026Q1,4
N0421,2026Q2,1
N0422,2021Q3,6
N0422,2021Q4,3
N0422,2022Q1,4
N0422,2022Q2,2
N0422,2022Q3,8
N0422,2022Q4,3
N0422,2023Q1,6
N0422,2023Q2,4
N0422,2023Q3,4
N0422,2023Q4,3
N0422,2024Q1,3
N0422,2024Q2,5
N0422,2024Q3,6
N0422,2024Q4,5
N0422,2025Q1,4
N0422,2025Q2,4
N0422,2025Q3,4
N0422,2025Q4,2
N0422,2026Q1,4
N0422,2026Q2,5
N0423,2021Q3,2
N0423,2021Q4,4
N0423,2022Q1,4
N0423,2022Q2,3
N0423,2022Q3,4
N0423,2022Q4,2
N0423,2023Q1,6
N0423,2023Q2,3
N0423,2023Q3,3
N0423,2023Q4,0
N0423,2024Q1,5
N0423,2024Q2,5
N0423,2024Q3,7
N0423,2024Q4,8
N0423,2025Q1,3
N0423,2025Q2,10
N0423,2025Q3,5
N0423,2025Q4,5
N0423,2026Q1,2
N0423,2026Q2,7
N0424,2021Q3,2
N0424,2021Q4,4
N0424,2022Q1,2
N0424,2022Q2,2
N0424,2022Q3,1
N0424,2022Q4,1
N0424,2023Q1,5
N0424,2023Q2,0
N0424,2023Q3,1
N0424,2023Q4,2
N0424,2024Q1,11
N0424,2024Q2,11
N0424,2024Q3,18
N0424,2024Q4,15
N0424,2025Q1,17
N0424,2025Q2,15
N0424,2025Q3,22
N0424,2025Q4,10
N0424,2026Q1,9
N0424,2026Q2,17
N0425,2021Q3,2
N0425,2021Q4,6
N0425,2022Q1,2
N0425,2022Q2,5
N0425,2022Q3,2
N0425,2022Q4,2
N0425,2023Q1,3
N0425,2023Q2,2
N0425,2023Q3,3
N0425,2023Q4,7
N0425,2024Q1,6
N0425,2024Q2,8
N0425,2024Q3,0
N0425,2024Q4,7
N0425,2025Q1,5
N0425,2025Q2,9
N0425,2025Q3,9
N0425,2025Q4,0
N0425,2026Q1,0
N0425,2026Q2,2
N0426,2021Q3,2
N0426,2021Q4,1
N0426,2022Q1,1
N0426,2022Q2,2
N0426,2022Q3,1
N0426,2022Q4,1
N0426,2023Q1,1
N0426,2023Q2,0
N0426,2023Q3,0
N0426,2023Q4,1
N0426,2024Q1,5
N0426,2024Q2,4
N0426,2024Q3,3
N0426,2024Q4,7
N0426,2025Q1,4
N0426,2025Q2,4
N0426,2025Q3,5
N0426,2025Q4,0
N0426,2026Q1,0
N0426,2026Q2,1
N0427,2021Q3,2
N0427,2021Q4,3
N0427,2022Q1,1
N0427,2022Q2,1
N0427,2022Q3,1
N0427,2022Q4,1
N0427,2023Q1,0
N0427,2023Q2,0
N0427,2023Q3,0
N0427,2023Q4,0
N0427,2024Q1,0
N0427,2024Q2,2
N0427,2024Q3,0
N0427,2024Q4,1
N0427,2025Q1,1
N0427,2025Q2,2
N0427,2025Q3,0
N0427,2025Q4,1
N0427,2026Q1,2
N0427,2026Q2,2
N0428,2021Q3,1
N0428,2021Q4,0
N0428,2022Q1,5
N0428,2022Q2,1
N0428,2022Q3,1
N0428,2022Q4,0
N0428,2023Q1,3
N0428,2023Q2,6
N0428,2023Q3,2
N0428,2023Q4,7
N0428,2024Q1,2
N0428,2024Q2,3
N0428,2024Q3,0
N0428,2024Q4,4
N0428,2025Q1,1
N0428,2025Q2,1
N0428,2025Q3,5
N0428,2025Q4,6
N0428,2026Q1,5
N0428,2026Q2,2
N0429,2021Q3,3
N0429,2021Q4,1
N0429,2022Q1,0
N0429,2022Q2,1
N0429,2022Q3,5
N0429,2022Q4,1
N0429,2023Q1,1
N0429,2023Q2,1
N0429,2023Q3,2
N0429,2023Q4,0
N0429,2024Q1,4
N0429,2024Q2,2
N0429,2024Q3,4
N0429,2024Q4,4
N0429,2025Q1,2
N0429,2025Q2,2
N0429,2025Q3,0
N0429,2025Q4,2
N0429,2026Q1,4
N0429,2026Q2,2
N0430,2021Q3,2
N0430,2021Q4,4
N0430,2022Q1,6
N0430,2022Q2,4
N0430,2022Q3,9
N0430,2022Q4,4
N0430,2023Q1,12
N0430,2023Q2,5
N0430,2023Q3,3
N0430,2023Q4,5
N0430,2024Q1,5
N0430,2024Q2,5
N0430,2024Q3,9
N0430,2024Q4,9
N0430,2025Q1,7
N0430,2025Q2,15
N0430,2025Q3,6
N0430,2025Q4,5
N0430,2026Q1,2
N0430,2026Q2,1
N0431,2021Q3,7
N0431,2021Q4,7
N0431,2022Q1,3
N0431,2022Q2,2
N0431,2022Q3,5
N0431,2022Q4,3
N0431,2023Q1,3
N0431,2023Q2,5
N0431,2023Q3,3
N0431,2023Q4,3
N0431,2024Q1,5
N0431,2024Q2,5
N0431,2024Q3,4
N0431,2024Q4,3
N0431,2025Q1,5
N0431,2025Q2,5
N0431,2025Q3,4
N0431,2025Q4,1
N0431,2026Q1,4
N0431,2026Q2,0
N0432,2021Q3,4
N0432,2021Q4,5
N0432,2022Q1,4
N0432,2022Q2,6
N0432,2022Q3,4
N0432,2022Q4,3
N0432,2023Q1,8
N0432,2023Q2,1
N0432,2023Q3,7
N0432,2023Q4,6
N0432,2024Q1,6
N0432,2024Q2,8
N0432,2024Q3,6
N0432,2024Q4,8
N0432,2025Q1,7
N0432,2025Q2,6
N0432,2025Q3,7
N0432,2025Q4,11
N0432,2026Q1,19
N0432,2026Q2,19
N0433,2021Q3,1
N0433,2021Q4,3
N0433,2022Q1,3
N0433,2022Q2,1
N0433,2022Q3,0
N0433,2022Q4,4
N0433,2023Q1,6
N0433,2023Q2,1
N0433,2023Q3,1
N0433,2023Q4,0
N0433,2024Q1,4
N0433,2024Q2,2
N0433,2024Q3,4
N0433,2024Q4,8
N0433,2025Q1,4
N0433,2025Q2,6
N0433,2025Q3,4
N0433,2025Q4,5
N0433,2026Q1,7
N0433,2026Q2,5
N0434,2021Q3,4
N0434,2021Q4,4
N0434,2022Q1,5
N0434,2022Q2,1
N0434,2022Q3,5
N0434,2022Q4,1
N0434,2023Q1,2
N0434,2023Q2,2
N0434,2023Q3,2
N0434,2023Q4,2
N0434,2024Q1,2
N0434,2024Q2,4
N0434,2024Q3,10
N0434,2024Q4,9
N0434,2025Q1,3
N0434,2025Q2,3
N0434,2025Q3,6
N0434,2025Q4,6
N0434,2026Q1,4
N0434,2026Q2,4
N0435,2021Q3,2
N0435,2021Q4,1
N0435,2022Q1,6
N0435,2022Q2,1
N0435,2022Q3,4
N0435,2022Q4,4
N0435,2023Q1,7
N0435,2023Q2,3
N0435,2023Q3,2
N0435,2023Q4,0
N0435,2024Q1,0
N0435,2024Q2,1
N0435,2024Q3,7
N0435,2024Q4,3
N0435,2025Q1,4
N0435,2025Q2,0
N0435,2025Q3,3
N0435,2025Q4,2
N0435,2026Q1,3
N0435,2026Q2,3
N0436,2021Q3,3
N0436,2021Q4,3
N0436,2022Q1,5
N0436,2022Q2,5
N0436,2022Q3,4
N0436,2022Q4,6
N0436,2023Q1,4
N0436,2023Q2,6
N0436,2023Q3,5
N0436,2023Q4,2
N0436,2024Q1,7
N0436,2024Q2,6
N0436,2024Q3,6
N0436,2024Q4,6
N0436,2025Q1,4
N0436,2025Q2,3
N0436,2025Q3,6
N0436,2025Q4,4
N0436,2026Q1,6
N0436,2026Q2,9
N0437,2021Q3,5
N0437,2021Q4,3
N0437,2022Q1,3
N0437,2022Q2,2
N0437,2022Q3,1
N0437,2022Q4,3
N0437,2023Q1,4
N0437,2023Q2,2
N0437,2023Q3,4
N0437,2023Q4,8
N0437,2024Q1,4
N0437,2024Q2,2
N0437,2024Q3,3
N0437,2024Q4,3
N0437,2025Q1,3
N0437,2025Q2,3
N0437,2025Q3,1
N0437,2025Q4,3
N0437,2026Q1,3
N0437,2026Q2,0
N0438,2021Q3,7
N0438,2021Q4,2
N0438,2022Q1,0
N0438,2022Q2,1
N0438,2022Q3,3
N0438,2022Q4,3
N0438,2023Q1,5
N0438,2023Q2,3
N0438,2023Q3,1
N0438,2023Q4,0
N0438,2024Q1,7
N0438,2024Q2,12
N0438,2024Q3,8
N0438,2024Q4,6
N0438,2025Q1,8
N0438,2025Q2,4
N0438,2025Q3,8
N0438,2025Q4,2
N0438,2026Q1,6
N0438,2026Q2,6
N0439,2021Q3,3
N0439,2021Q4,3
N0439,2022Q1,7
N0439,2022Q2,4
N0439,2022Q3,3
N0439,2022Q4,6
N0439,2023Q1,5
N0439,2023Q2,5
N0439,2023Q3,5
N0439,2023Q4,7
N0439,2024Q1,2
N0439,2024Q2,2
N0439,2024Q3,9
N0439,2024Q4,1
N0439,2025Q1,5
N0439,2025Q2,4
N0439,2025Q3,4
N0439,2025Q4,11
N0439,2026Q1,5
N0439,2026Q2,7
N0440,2021Q3,2
N0440,2021Q4,3
N0440,2022Q1,2
N0440,2022Q2,1
N0440,2022Q3,2
N0440,2022Q4,5
N0440,2023Q1,3
N0440,2023Q2,4
N0440,2023Q3,3
N0440,2023Q4,4
N0440,2024Q1,12
N0440,2024Q2,5
N0440,2024Q3,17
N0440,2024Q4,7
N0440,2025Q1,11
N0440,2025Q2,12
N0440,2025Q3,10
N0440,2025Q4,6
N0440,2026Q1,5
N0440,2026Q2,6
N0441,2021Q3,3
N0441,2021Q4,4
N0441,2022Q1,4
N0441,2022Q2,1
N0441,2022Q3,5
N0441,2022Q4,2
N0441,2023Q1,0
N0441,2023Q2,5
N0441,2023Q3,1
N0441,2023Q4,2
N0441,2024Q1,5
N0441,2024Q2,6
N0441,2024Q3,4
N0441,2024Q4,11
N0441,2025Q1,3
N0441,2025Q2,9
N0441,2025Q3,3
N0441,2025Q4,0
N0441,2026Q1,0
N0441,2026Q2,0
N0442,2021Q3,1
N0442,2021Q4,6
N0442,2022Q1,1
N0442,2022Q2,7
N0442,2022Q3,2
N0442,2022Q4,7
N0442,2023Q1,3
N0442,2023Q2,4
N0442,2023Q3,6
N0442,2023Q4,3
N0442,2024Q1,8
N0442,2024Q2,2
N0442,2024Q3,7
N0442,2024Q4,5
N0442,2025Q1,4
N0442,2025Q2,9
N0442,2025Q3,4
N0442,2025Q4,12
N0442,2026Q1,9
N0442,2026Q2,3
N0443,2021Q3,8
N0443,2021Q4,6
N0443,2022Q1,4
N0443,2022Q2,8
N0443,2022Q3,5
N0443,2022Q4,4
N0443,2023Q1,2
N0443,2023Q2,9
N0443,2023Q3,6
N0443,2023Q4,7
N0443,2024Q1,7
N0443,2024Q2,5
N0443,2024Q3,9
N0443,2024Q4,8
N0443,2025Q1,7
N0443,2025Q2,5
N0443,2025Q3,4
N0443,2025Q4,15
N0443,2026Q1,18
N0443,2026Q2,13
N0444,2021Q3,2
N0444,2021Q4,0
N0444,2022Q1,3
N0444,2022Q2,3
N0444,2022Q3,3
N0444,2022Q4,1
N0444,2023Q1,0
N0444,2023Q2,1
N0444,2023Q3,1
N0444,2023Q4,4
N0444,2024Q1,2
N0444,2024Q2,3
N0444,2024Q3,7
N0444,2024Q4,4
N0444,2025Q1,1
N0444,2025Q2,1
N0444,2025Q3,4
N0444,2025Q4,0
N0444,2026Q1,1
N0444,2026Q2,1
N0445,2021Q3,0
N0445,2021Q4,4
N0445,2022Q1,3
N0445,2022Q2,4
N0445,2022Q3,5
N0445,2022Q4,3
N0445,2023Q1,5
N0445,2023Q2,6
N0445,2023Q3,2
N0445,2023Q4,8
N0445,2024Q1,3
N0445,2024Q2,3
N0445,2024Q3,3
N0445,2024Q4,6
N0445,2025Q1,3
N0445,2025Q2,2
N0445,2025Q3,5
N0445,2025Q4,4
N0445,2026Q1,2
N0445,2026Q2,7
N0446,2021Q3,1
N0446,2021Q4,9
N0446,2022Q1,8
N0446,2022Q2,3
N0446,2022Q3,1
N0446,2022Q4,5
N0446,2023Q1,1
N0446,2023Q2,8
N0446,2023Q3,5
N0446,2023Q4,5
N0446,2024Q1,5
N0446,2024Q2,7
N0446,2024Q3,8
N0446,2024Q4,3
N0446,2025Q1,13
N0446,2025Q2,2
N0446,2025Q3,9
N0446,2025Q4,18
N0446,2026Q1,12
N0446,2026Q2,19
N0447,2021Q3,8
N0447,2021Q4,5
N0447,2022Q1,6
N0447,2022Q2,6
N0447,2022Q3,7
N0447,2022Q4,4
N0447,2023Q1,8
N0447,2023Q2,5
N0447,2023Q3,9
N0447,2023Q4,7
N0447,2024Q1,15
N0447,2024Q2,9
N0447,2024Q3,4
N0447,2024Q4,7
N0447,2025Q1,10
N0447,2025Q2,11
N0447,2025Q3,13
N0447,2025Q4,12
N0447,2026Q1,15
N0447,2026Q2,9
N0448,2021Q3,3
N0448,2021Q4,1
N0448,2022Q1,5
N0448,2022Q2,0
N0448,2022Q3,1
N0448,2022Q4,3
N0448,2023Q1,6
N0448,2023Q2,5
N0448,2023Q3,2
N0448,2023Q4,6
N0448,2024Q1,5
N0448,2024Q2,7
N0448,2024Q3,1
N0448,2024Q4,5
N0448,2025Q1,1
N0448,2025Q2,3
N0448,2025Q3,1
N0448,2025Q4,3
N0448,2026Q1,3
N0448,2026Q2,4
N0449,2021Q3,1
N0449,2021Q4,4
N0449,2022Q1,5
N0449,2022Q2,1
N0449,2022Q3,5
N0449,2022Q4,4
N0449,2023Q1,3
N0449,2023Q2,5
N0449,2023Q3,5
N0449,2023Q4,9
N0449,2024Q1,2
N0449,2024Q2,4
N0449,2024Q3,9
N0449,2024Q4,5
N0449,2025Q1,3
N0449,2025Q2,6
N0449,2025Q3,5
N0449,2025Q4,8
N0449,2026Q1,7
N0449,2026Q2,3
N0450,2021Q3,2
N0450,2021Q4,3
N0450,2022Q1,5
N0450,2022Q2,0
N0450,2022Q3,1
N0450,2022Q4,2
N0450,2023Q1,3
N0450,2023Q2,1
N0450,2023Q3,0
N0450,2023Q4,6
N0450,2024Q1,4
N0450,2024Q2,1
N0450,2024Q3,2
N0450,2024Q4,1
N0450,2025Q1,1
N0450,2025Q2,1
N0450,2025Q3,4
N0450,2025Q4,0
N0450,2026Q1,1
N0450,2026Q2,0
N0451,2021Q3,4
N0451,2021Q4,7
N0451,2022Q1,3
N0451,2022Q2,1
N0451,2022Q3,2
N0451,2022Q4,1
N0451,2023Q1,3
N0451,2023Q2,6
N0451,2023Q3,4
N0451,2023Q4,10
N0451,2024Q1,9
N0451,2024Q2,2
N0451,2024Q3,4
N0451,2024Q4,5
N0451,2025Q1,5
N0451,2025Q2,2
N0451,2025Q3,4
N0451,2025Q4,10
N0451,2026Q1,16
N0451,2026Q2,5
N0452,2021Q3,2
N0452,2021Q4,6
N0452,2022Q1,4
N0452,2022Q2,4
N0452,2022Q3,7
N0452,2022Q4,3
N0452,2023Q1,3
N0452,2023Q2,3
N0452,2023Q3,3
N0452,2023Q4,3
N0452,2024Q1,2
N0452,2024Q2,6
N0452,2024Q3,2
N0452,2024Q4,5
N0452,2025Q1,3
N0452,2025Q2,3
N0452,2025Q3,4
N0452,2025Q4,10
N0452,2026Q1,1
N0452,2026Q2,5
N0453,2021Q3,4
N0453,2021Q4,8
N0453,2022Q1,5
N0453,2022Q2,5
N0453,2022Q3,9
N0453,2022Q4,4
N0453,2023Q1,3
N0453,2023Q2,5
N0453,2023Q3,11
N0453,2023Q4,7
N0453,2024Q1,12
N0453,2024Q2,8
N0453,2024Q3,8
N0453,2024Q4,5
N0453,2025Q1,10
N0453,2025Q2,6
N0453,2025Q3,14
N0453,2025Q4,13
N0453,2026Q1,13
N0453,2026Q2,10
N0454,2021Q3,6
N0454,2021Q4,2
N0454,2022Q1,0
N0454,2022Q2,7
N0454,2022Q3,2
N0454,2022Q4,1
N0454,2023Q1,1
N0454,2023Q2,2
N0454,2023Q3,1
N0454,2023Q4,1
N0454,2024Q1,2
N0454,2024Q2,0
N0454,2024Q3,0
N0454,2024Q4,0
N0454,2025Q1,0
N0454,2025Q2,1
N0454,2025Q3,0
N0454,2025Q4,1
N0454,2026Q1,1
N0454,2026Q2,1
N0455,2021Q3,3
N0455,2021Q4,8
N0455,2022Q1,2
N0455,2022Q2,0
N0455,2022Q3,5
N0455,2022Q4,2
N0455,2023Q1,0
N0455,2023Q2,7
N0455,2023Q3,4
N0455,2023Q4,6
N0455,2024Q1,4
N0455,2024Q2,6
N0455,2024Q3,4
N0455,2024Q4,2
N0455,2025Q1,3
N0455,2025Q2,2
N0455,2025Q3,2
N0455,2025Q4,4
N0455,2026Q1,4
N0455,2026Q2,2
N0456,2021Q3,5
N0456,2021Q4,3
N0456,2022Q1,5
N0456,2022Q2,5
N0456,2022Q3,6
N0456,2022Q4,6
N0456,2023Q1,6
N0456,2023Q2,5
N0456,2023Q3,5
N0456,2023Q4,5
N0456,2024Q1,4
N0456,2024Q2,9
N0456,2024Q3,5
N0456,2024Q4,4
N0456,2025Q1,6
N0456,2025Q2,4
N0456,2025Q3,3
N0456,2025Q4,8
N0456,2026Q1,7
N0456,2026Q2,14
N0457,2021Q3,0
N0457,2021Q4,3
N0457,2022Q1,2
N0457,2022Q2,5
N0457,2022Q3,6
N0457,2022Q4,2
N0457,2023Q1,2
N0457,2023Q2,6
N0457,2023Q3,2
N0457,2023Q4,1
N0457,2024Q1,6
N0457,2024Q2,2
N0457,2024Q3,6
N0457,2024Q4,2
N0457,2025Q1,3
N0457,2025Q2,5
N0457,2025Q3,1
N0457,2025Q4,7
N0457,2026Q1,4
N0457,2026Q2,9
N0458,2021Q3,2
N0458,2021Q4,4
N0458,2022Q1,3
N0458,2022Q2,1
N0458,2022Q3,3
N0458,2022Q4,2
N0458,2023Q1,4
N0458,2023Q2,1
N0458,2023Q3,3
N0458,2023Q4,1
N0458,2024Q1,4
N0458,2024Q2,0
N0458,2024Q3,3
N0458,2024Q4,1
N0458,2025Q1,1
N0458,2025Q2,1
N0458,2025Q3,3
N0458,2025Q4,7
N0458,2026Q1,10
N0458,2026Q2,9
N0459,2021Q3,4
N0459,2021Q4,2
N0459,2022Q1,4
N0459,2022Q2,3
N0459,2022Q3,5
N0459,2022Q4,6
N0459,2023Q1,5
N0459,2023Q2,4
N0459,2023Q3,5
N0459,2023Q4,2
N0459,2024Q1,3
N0459,2024Q2,1
N0459,2024Q3,6
N0459,2024Q4,1
N0459,2025Q1,5
N0459,2025Q2,4
N0459,2025Q3,7
N0459,2025Q4,7
N0459,2026Q1,8
N0459,2026Q2,6
N0460,2021Q3,2
N0460,2021Q4,2
N0460,2022Q1,2
N0460,2022Q2,0
N0460,2022Q3,5
N0460,2022Q4,1
N0460,2023Q1,1
N0460,2023Q2,2
N0460,2023Q3,1
N0460,2023Q4,0
N0460,2024Q1,2
N0460,2024Q2,2
N0460,2024Q3,3
N0460,2024Q4,3
N0460,2025Q1,1
N0460,2025Q2,6
N0460,2025Q3,2
N0460,2025Q4,5
N0460,2026Q1,6
N0460,2026Q2,5
N0461,2021Q3,2
N0461,2021Q4,2
N0461,2022Q1,3
N0461,2022Q2,5
N0461,2022Q3,2
N0461,2022Q4,3
N0461,2023Q1,3
N0461,2023Q2,8
N0461,2023Q3,0
N0461,2023Q4,5
N0461,2024Q1,7
N0461,2024Q2,6
N0461,2024Q3,5
N0461,2024Q4,5
N0461,2025Q1,4
N0461,2025Q2,2
N0461,2025Q3,3
N0461,2025Q4,6
N0461,2026Q1,6
N0461,2026Q2,10
N0462,2021Q3,2
N0462,2021Q4,8
N0462,2022Q1,9
N0462,2022Q2,5
N0462,2022Q3,3
N0462,2022Q4,8
N0462,2023Q1,3
N0462,2023Q2,5
N0462,2023Q3,5
N0462,2023Q4,5
N0462,2024Q1,5
N0462,2024Q2,2
N0462,2024Q3,3
N0462,2024Q4,4
N0462,2025Q1,3
N0462,2025Q2,3
N0462,2025Q3,5
N0462,2025Q4,8
N0462,2026Q1,8
N0462,2026Q2,5
N0463,2021Q3,9
N0463,2021Q4,3
N0463,2022Q1,7
N0463,2022Q2,6
N0463,2022Q3,4
N0463,2022Q4,8
N0463,2023Q1,2
N0463,2023Q2,11
N0463,2023Q3,4
N0463,2023Q4,2
N0463,2024Q1,5
N0463,2024Q2,5
N0463,2024Q3,11
N0463,2024Q4,9
N0463,2025Q1,5
N0463,2025Q2,5
N0463,2025Q3,11
N0463,2025Q4,8
N0463,2026Q1,4
N0463,2026Q2,4
N0464,2021Q3,0
N0464,2021Q4,3
N0464,2022Q1,3
N0464,2022Q2,1
N0464,2022Q3,4
N0464,2022Q4,2
N0464,2023Q1,6
N0464,2023Q2,0
N0464,2023Q3,6
N0464,2023Q4,4
N0464,2024Q1,3
N0464,2024Q2,4
N0464,2024Q3,3
N0464,2024Q4,2
N0464,2025Q1,4
N0464,2025Q2,4
N0464,2025Q3,1
N0464,2025Q4,7
N0464,2026Q1,8
N0464,2026Q2,6
N0465,2021Q3,5
N0465,2021Q4,0
N0465,2022Q1,6
N0465,2022Q2,3
N0465,2022Q3,2
N0465,2022Q4,1
N0465,2023Q1,5
N0465,2023Q2,3
N0465,2023Q3,3
N0465,2023Q4,5
N0465,2024Q1,3
N0465,2024Q2,7
N0465,2024Q3,3
N0465,2024Q4,3
N0465,2025Q1,2
N0465,2025Q2,4
N0465,2025Q3,3
N0465,2025Q4,1
N0465,2026Q1,6
N0465,2026Q2,4
N0466,2021Q3,2
N0466,2021Q4,5
N0466,2022Q1,3
N0466,2022Q2,2
N0466,2022Q3,5
N0466,2022Q4,5
N0466,2023Q1,6
N0466,2023Q2,5
N0466,2023Q3,3
N0466,2023Q4,3
N0466,2024Q1,6
N0466,2024Q2,7
N0466,2024Q3,4
N0466,2024Q4,7
N0466,2025Q1,9
N0466,2025Q2,7
N0466,2025Q3,4
N0466,2025Q4,7
N0466,2026Q1,4
N0466,2026Q2,4
N0467,2021Q3,3
N0467,2021Q4,3
N0467,2022Q1,1
N0467,2022Q2,1
N0467,2022Q3,1
N0467,2022Q4,2
N0467,2023Q1,2
N0467,2023Q2,4
N0467,2023Q3,1
N0467,2023Q4,2
N0467,2024Q1,2
N0467,2024Q2,5
N0467,2024Q3,0
N0467,2024Q4,1
N0467,2025Q1,1
N0467,2025Q2,3
N0467,2025Q3,2
N0467,2025Q4,5
N0467,2026Q1,1
N0467,2026Q2,1
N0468,2021Q3,7
N0468,2021Q4,7
N0468,2022Q1,15
N0468,2022Q2,14
N0468,2022Q3,7
N0468,2022Q4,7
N0468,2023Q1,6
N0468,2023Q2,12
N0468,2023Q3,10
N0468,2023Q4,5
N0468,2024Q1,19
N0468,2024Q2,16
N0468,2024Q3,16
N0468,2024Q4,12
N0468,2025Q1,13
N0468,2025Q2,10
N0468,2025Q3,13
N0468,2025Q4,19
N0468,2026Q1,10
N0468,2026Q2,13
N0469,2021Q3,6
N0469,2021Q4,4
N0469,2022Q1,6
N0469,2022Q2,7
N0469,2022Q3,12
N0469,2022Q4,8
N0469,2023Q1,5
N0469,2023Q2,11
N0469,2023Q3,8
N0469,2023Q4,10
N0469,2024Q1,10
N0469,2024Q2,11
N0469,2024Q3,7
N0469,2024Q4,6
N0469,2025Q1,12
N0469,2025Q2,11
N0469,2025Q3,5
N0469,2025Q4,18
N0469,2026Q1,15
N0469,2026Q2,12
N0470,2021Q3,6
N0470,2021Q4,6
N0470,2022Q1,8
N0470,2022Q2,3
N0470,2022Q3,3
N0470,2022Q4,9
N0470,2023Q1,4
N0470,2023Q2,6
N0470,2023Q3,10
N0470,2023Q4,2
N0470,2024Q1,5
N0470,2024Q2,4
N0470,2024Q3,10
N0470,2024Q4,8
N0470,2025Q1,8
N0470,2025Q2,5
N0470,2025Q3,9
N0470,2025Q4,18
N0470,2026Q1,11
N0470,2026Q2,13
N0471,2021Q3,6
N0471,2021Q4,2
N0471,2022Q1,3
N0471,2022Q2,1
N0471,2022Q3,2
N0471,2022Q4,2
N0471,2023Q1,2
N0471,2023Q2,1
N0471,2023Q3,8
N0471,2023Q4,3
N0471,2024Q1,3
N0471,2024Q2,2
N0471,2024Q3,7
N0471,2024Q4,1
N0471,2025Q1,2
N0471,2025Q2,2
N0471,2025Q3,3
N0471,2025Q4,7
N0471,2026Q1,7
N0471,2026Q2,1
N0472,2021Q3,2
N0472,2021Q4,2
N0472,2022Q1,1
N0472,2022Q2,2
N0472,2022Q3,5
N0472,2022Q4,4
N0472,2023Q1,3
N0472,2023Q2,1
N0472,2023Q3,4
N0472,2023Q4,3
N0472,2024Q1,1
N0472,2024Q2,1
N0472,2024Q3,1
N0472,2024Q4,0
N0472,2025Q1,3
N0472,2025Q2,2
N0472,2025Q3,2
N0472,2025Q4,9
N0472,2026Q1,3
N0472,2026Q2,5
N0473,2021Q3,5
N0473,2021Q4,3
N0473,2022Q1,2
N0473,2022Q2,1
N0473,2022Q3,1
N0473,2022Q4,2
N0473,2023Q1,4
N0473,2023Q2,2
N0473,2023Q3,5
N0473,2023Q4,7
N0473,2024Q1,7
N0473,2024Q2,12
N0473,2024Q3,19
N0473,2024Q4,6
N0473,2025Q1,8
N0473,2025Q2,9
N0473,2025Q3,11
N0473,2025Q4,10
N0473,2026Q1,23
N0473,2026Q2,19
N0474,2021Q3,12
N0474,2021Q4,2
N0474,2022Q1,6
N0474,2022Q2,7
N0474,2022Q3,5
N0474,2022Q4,7
N0474,2023Q1,13
N0474,2023Q2,9
N0474,2023Q3,11
N0474,2023Q4,6
N0474,2024Q1,19
N0474,2024Q2,8
N0474,2024Q3,16
N0474,2024Q4,13
N0474,2025Q1,23
N0474,2025Q2,15
N0474,2025Q3,15
N0474,2025Q4,28
N0474,2026Q1,23
N0474,2026Q2,27
N0475,2021Q3,4
N0475,2021Q4,2
N0475,2022Q1,4
N0475,2022Q2,5
N0475,2022Q3,5
N0475,2022Q4,3
N0475,2023Q1,1
N0475,2023Q2,1
N0475,2023Q3,0
N0475,2023Q4,0
N0475,2024Q1,2
N0475,2024Q2,3
N0475,2024Q3,3
N0475,2024Q4,3
N0475,2025Q1,0
N0475,2025Q2,3
N0475,2025Q3,2
N0475,2025Q4,0
N0475,2026Q1,2
N0475,2026Q2,0
N0476,2021Q3,4
N0476,2021Q4,1
N0476,2022Q1,9
N0476,2022Q2,6
N0476,2022Q3,3
N0476,2022Q4,9
N0476,2023Q1,8
N0476,2023Q2,8
N0476,2023Q3,7
N0476,2023Q4,6
N0476,2024Q1,5
N0476,2024Q2,6
N0476,2024Q3,10
N0476,2024Q4,2
N0476,2025Q1,9
N0476,2025Q2,1
N0476,2025Q3,3
N0476,2025Q4,13
N0476,2026Q1,16
N0476,2026Q2,12
N0477,2021Q3,1
N0477,2021Q4,2
N0477,2022Q1,3
N0477,2022Q2,2
N0477,2022Q3,4
N0477,2022Q4,9
N0477,2023Q1,5
N0477,2023Q2,3
N0477,2023Q3,2
N0477,2023Q4,7
N0477,2024Q1,7
N0477,2024Q2,4
N0477,2024Q3,2
N0477,2024Q4,4
N0477,2025Q1,7
N0477,2025Q2,7
N0477,2025Q3,9
N0477,2025Q4,5
N0477,2026Q1,9
N0477,2026Q2,11
N0478,2021Q3,6
N0478,2021Q4,3
N0478,2022Q1,0
N0478,2022Q2,4
N0478,2022Q3,1
N0478,2022Q4,5
N0478,2023Q1,2
N0478,2023Q2,4
N0478,2023Q3,4
N0478,2023Q4,1
N0478,2024Q1,0
N0478,2024Q2,1
N0478,2024Q3,3
N0478,2024Q4,1
N0478,2025Q1,1
N0478,2025Q2,1
N0478,2025Q3,0
N0478,2025Q4,1
N0478,2026Q1,2
N0478,2026Q2,0
N0479,2021Q3,0
N0479,2021Q4,3
N0479,2022Q1,1
N0479,2022Q2,3
N0479,2022Q3,2
N0479,2022Q4,1
N0479,2023Q1,1
N0479,2023Q2,1
N0479,2023Q3,2
N0479,2023Q4,2
N0479,2024Q1,3
N0479,2024Q2,3
N0479,2024Q3,3
N0479,2024Q4,0
N0479,2025Q1,0
N0479,2025Q2,4
N0479,2025Q3,2
N0479,2025Q4,4
N0479,2026Q1,5
N0479,2026Q2,4
N0480,2021Q3,2
N0480,2021Q4,6
N0480,2022Q1,5
N0480,2022Q2,2
N0480,2022Q3,2
N0480,2022Q4,5
N0480,2023Q1,4
N0480,2023Q2,2
N0480,2023Q3,0
N0480,2023Q4,3
N0480,2024Q1,19
N0480,2024Q2,12
N0480,2024Q3,11
N0480,2024Q4,19
N0480,2025Q1,23
N0480,2025Q2,22
N0480,2025Q3,13
N0480,2025Q4,0
N0480,2026Q1,2
N0480,2026Q2,4
N0481,2021Q3,2
N0481,2021Q4,2
N0481,2022Q1,2
N0481,2022Q2,2
N0481,2022Q3,2
N0481,2022Q4,0
N0481,2023Q1,0
N0481,2023Q2,2
N0481,2023Q3,4
N0481,2023Q4,0
N0481,2024Q1,2
N0481,2024Q2,6
N0481,2024Q3,8
N0481,2024Q4,3
N0481,2025Q1,7
N0481,2025Q2,7
N0481,2025Q3,5
N0481,2025Q4,6
N0481,2026Q1,3
N0481,2026Q2,3
N0482,2021Q3,3
N0482,2021Q4,1
N0482,2022Q1,2
N0482,2022Q2,1
N0482,2022Q3,5
N0482,2022Q4,5
N0482,2023Q1,2
N0482,2023Q2,2
N0482,2023Q3,1
N0482,2023Q4,4
N0482,2024Q1,3
N0482,2024Q2,5
N0482,2024Q3,1
N0482,2024Q4,2
N0482,2025Q1,3
N0482,2025Q2,5
N0482,2025Q3,2
N0482,2025Q4,11
N0482,2026Q1,3
N0482,2026Q2,4
N0483,2021Q3,6
N0483,2021Q4,7
N0483,2022Q1,6
N0483,2022Q2,3
N0483,2022Q3,10
N0483,2022Q4,4
N0483,2023Q1,8
N0483,2023Q2,3
N0483,2023Q3,5
N0483,2023Q4,3
N0483,2024Q1,3
N0483,2024Q2,4
N0483,2024Q3,7
N0483,2024Q4,5
N0483,2025Q1,7
N0483,2025Q2,2
N0483,2025Q3,3
N0483,2025Q4,6
N0483,2026Q1,3
N0483,2026Q2,3
N0484,2021Q3,1
N0484,2021Q4,3
N0484,2022Q1,8
N0484,2022Q2,8
N0484,2022Q3,3
N0484,2022Q4,4
N0484,2023Q1,5
N0484,2023Q2,1
N0484,2023Q3,2
N0484,2023Q4,2
N0484,2024Q1,23
N0484,2024Q2,30
N0484,2024Q3,29
N0484,2024Q4,32
N0484,2025Q1,33
N0484,2025Q2,42
N0484,2025Q3,41
N0484,2025Q4,6
N0484,2026Q1,6
N0484,2026Q2,11
N0485,2021Q3,4
N0485,2021Q4,5
N0485,2022Q1,1
N0485,2022Q2,5
N0485,2022Q3,2
N0485,2022Q4,2
N0485,2023Q1,5
N0485,2023Q2,2
N0485,2023Q3,4
N0485,2023Q4,2
N0485,2024Q1,4
N0485,2024Q2,5
N0485,2024Q3,6
N0485,2024Q4,7
N0485,2025Q1,7
N0485,2025Q2,6
N0485,2025Q3,7
N0485,2025Q4,7
N0485,2026Q1,7
N0485,2026Q2,6
N0486,2021Q3,1
N0486,2021Q4,3
N0486,2022Q1,2
N0486,2022Q2,5
N0486,2022Q3,1
N0486,2022Q4,4
N0486,2023Q1,6
N0486,2023Q2,4
N0486,2023Q3,5
N0486,2023Q4,3
N0486,2024Q1,6
N0486,2024Q2,6
N0486,2024Q3,8
N0486,2024Q4,4
N0486,2025Q1,4
N0486,2025Q2,6
N0486,2025Q3,6
N0486,2025Q4,3
N0486,2026Q1,6
N0486,2026Q2,4
N0487,2021Q3,1
N0487,2021Q4,5
N0487,2022Q1,2
N0487,2022Q2,5
N0487,2022Q3,8
N0487,2022Q4,1
N0487,2023Q1,2
N0487,2023Q2,6
N0487,2023Q3,1
N0487,2023Q4,1
N0487,2024Q1,2
N0487,2024Q2,1
N0487,2024Q3,3
N0487,2024Q4,1
N0487,2025Q1,4
N0487,2025Q2,0
N0487,2025Q3,2
N0487,2025Q4,2
N0487,2026Q1,1
N0487,2026Q2,5
N0488,2021Q3,0
N0488,2021Q4,2
N0488,2022Q1,7
N0488,2022Q2,7
N0488,2022Q3,1
N0488,2022Q4,6
N0488,2023Q1,9
N0488,2023Q2,3
N0488,2023Q3,5
N0488,2023Q4,3
N0488,2024Q1,14
N0488,2024Q2,17
N0488,2024Q3,10
N0488,2024Q4,7
N0488,2025Q1,13
N0488,2025Q2,14
N0488,2025Q3,13
N0488,2025Q4,11
N0488,2026Q1,8
N0488,2026Q2,9
N0489,2021Q3,3
N0489,2021Q4,7
N0489,2022Q1,3
N0489,2022Q2,2
N0489,2022Q3,4
N0489,2022Q4,2
N0489,2023Q1,3
N0489,2023Q2,4
N0489,2023Q3,1
N0489,2023Q4,0
N0489,2024Q1,1
N0489,2024Q2,4
N0489,2024Q3,3
N0489,2024Q4,2
N0489,2025Q1,2
N0489,2025Q2,4
N0489,2025Q3,4
N0489,2025Q4,1
N0489,2026Q1,4
N0489,2026Q2,3
N0490,2021Q3,3
N0490,2021Q4,1
N0490,2022Q1,3
N0490,2022Q2,2
N0490,2022Q3,4
N0490,2022Q4,4
N0490,2023Q1,6
N0490,2023Q2,2
N0490,2023Q3,5
N0490,2023Q4,0
N0490,2024Q1,9
N0490,2024Q2,12
N0490,2024Q3,9
N0490,2024Q4,9
N0490,2025Q1,15
N0490,2025Q2,7
N0490,2025Q3,10
N0490,2025Q4,1
N0490,2026Q1,5
N0490,2026Q2,3
N0491,2021Q3,3
N0491,2021Q4,5
N0491,2022Q1,5
N0491,2022Q2,4
N0491,2022Q3,5
N0491,2022Q4,1
N0491,2023Q1,1
N0491,2023Q2,4
N0491,2023Q3,4
N0491,2023Q4,2
N0491,2024Q1,5
N0491,2024Q2,6
N0491,2024Q3,4
N0491,2024Q4,3
N0491,2025Q1,2
N0491,2025Q2,3
N0491,2025Q3,2
N0491,2025Q4,4
N0491,2026Q1,3
N0491,2026Q2,2
N0492,2021Q3,7
N0492,2021Q4,3
N0492,2022Q1,3
N0492,2022Q2,1
N0492,2022Q3,2
N0492,2022Q4,7
N0492,2023Q1,1
N0492,2023Q2,4
N0492,2023Q3,5
N0492,2023Q4,4
N0492,2024Q1,6
N0492,2024Q2,5
N0492,2024Q3,2
N0492,2024Q4,2
N0492,2025Q1,4
N0492,2025Q2,4
N0492,2025Q3,6
N0492,2025Q4,13
N0492,2026Q1,7
N0492,2026Q2,4
N0493,2021Q3,4
N0493,2021Q4,7
N0493,2022Q1,4
N0493,2022Q2,4
N0493,2022Q3,7
N0493,2022Q4,6
N0493,2023Q1,3
N0493,2023Q2,9
N0493,2023Q3,8
N0493,2023Q4,14
N0493,2024Q1,7
N0493,2024Q2,16
N0493,2024Q3,13
N0493,2024Q4,16
N0493,2025Q1,12
N0493,2025Q2,13
N0493,2025Q3,21
N0493,2025Q4,20
N0493,2026Q1,24
N0493,2026Q2,26
N0494,2021Q3,5
N0494,2021Q4,3
N0494,2022Q1,8
N0494,2022Q2,4
N0494,2022Q3,4
N0494,2022Q4,3
N0494,2023Q1,6
N0494,2023Q2,3
N0494,2023Q3,6
N0494,2023Q4,1
N0494,2024Q1,8
N0494,2024Q2,4
N0494,2024Q3,4
N0494,2024Q4,6
N0494,2025Q1,5
N0494,2025Q2,7
N0494,2025Q3,3
N0494,2025Q4,9
N0494,2026Q1,8
N0494,2026Q2,10
N0495,2021Q3,3
N0495,2021Q4,3
N0495,2022Q1,0
N0495,2022Q2,7
N0495,2022Q3,4
N0495,2022Q4,3
N0495,2023Q1,8
N0495,2023Q2,6
N0495,2023Q3,4
N0495,2023Q4,2
N0495,2024Q1,10
N0495,2024Q2,10
N0495,2024Q3,16
N0495,2024Q4,12
N0495,2025Q1,15
N0495,2025Q2,10
N0495,2025Q3,7
N0495,2025Q4,5
N0495,2026Q1,1
N0495,2026Q2,3
N0496,2021Q3,1
N0496,2021Q4,5
N0496,2022Q1,3
N0496,2022Q2,4
N0496,2022Q3,1
N0496,2022Q4,3
N0496,2023Q1,2
N0496,2023Q2,2
N0496,2023Q3,3
N0496,2023Q4,4
N0496,2024Q1,7
N0496,2024Q2,6
N0496,2024Q3,8
N0496,2024Q4,3
N0496,2025Q1,10
N0496,2025Q2,4
N0496,2025Q3,4
N0496,2025Q4,14
N0496,2026Q1,9
N0496,2026Q2,19
N0497,2021Q3,2
N0497,2021Q4,5
N0497,2022Q1,3
N0497,2022Q2,0
N0497,2022Q3,0
N0497,2022Q4,6
N0497,2023Q1,2
N0497,2023Q2,3
N0497,2023Q3,5
N0497,2023Q4,3
N0497,2024Q1,3
N0497,2024Q2,3
N0497,2024Q3,2
N0497,2024Q4,5
N0497,2025Q1,3
N0497,2025Q2,1
N0497,2025Q3,4
N0497,2025Q4,7
N0497,2026Q1,5
N0497,2026Q2,5
N0498,2021Q3,0
N0498,2021Q4,1
N0498,2022Q1,2
N0498,2022Q2,2
N0498,2022Q3,1
N0498,2022Q4,2
N0498,2023Q1,2
N0498,2023Q2,0
N0498,2023Q3,1
N0498,2023Q4,0
N0498,2024Q1,3
N0498,2024Q2,4
N0498,2024Q3,3
N0498,2024Q4,7
N0498,2025Q1,8
N0498,2025Q2,5
N0498,2025Q3,2
N0498,2025Q4,1
N0498,2026Q1,3
N0498,2026Q2,3
N0499,2021Q3,6
N0499,2021Q4,6
N0499,2022Q1,7
N0499,2022Q2,4
N0499,2022Q3,5
N0499,2022Q4,7
N0499,2023Q1,5
N0499,2023Q2,6
N0499,2023Q3,3
N0499,2023Q4,5
N0499,2024Q1,8
N0499,2024Q2,9
N0499,2024Q3,11
N0499,2024Q4,5
N0499,2025Q1,6
N0499,2025Q2,6
N0499,2025Q3,5
N0499,2025Q4,6
N0499,2026Q1,7
N0499,2026Q2,8
N0500,2021Q3,3
N0500,2021Q4,3
N0500,2022Q1,3
N0500,2022Q2,1
N0500,2022Q3,1
N0500,2022Q4,5
N0500,2023Q1,3
N0500,2023Q2,1
N0500,2023Q3,3
N0500,2023Q4,3
N0500,2024Q1,5
N0500,2024Q2,3
N0500,2024Q3,5
N0500,2024Q4,1
N0500,2025Q1,2
N0500,2025Q2,2
N0500,2025Q3,0
N0500,2025Q4,3
N0500,2026Q1,0
N0500,2026Q2,1
