category_id,name,domain,status,analysis_scope,admissible_pool,direct_energy,year0_papers,year0_denominator,year0_share,year1_papers,year1_denominator,year1_share,year2_papers,year2_denominator,year2_share,year3_papers,year3_denominator,year3_share,year4_papers,year4_denominator,year4_share,recent_papers,previous_papers,share_growth_ratio,baseline_years_used,baseline_papers,baseline_annual_mean_papers,baseline_mean_share,multiyear_share_ratio,historical_peak_ratio,three_year_log_share_slope,growing_quarters,active_quarters,core_years,core_papers,core_mean_annual_share,core_active_quarters,core_active_years,core_persistence,recent_institutions,core_institutions,baseline_mean_institutions,institution_expansion,citation_cohort_percentile,pooled_baseline_share,pooled_share_ratio,share_ratio_lower95,growth_count_pvalue,growth_count_qvalue,core_score,emerging_score,core_eligible,emerging_eligible,trajectory,end_quarter,core_numeric_candidate,emerging_numeric_candidate,core_failed_gates,emerging_failed_gates,core_rank,emerging_rank,abstract_available_core_candidate,abstract_available_emerging_candidate,abstract_available_multiyear_ratio,abstract_available_yoy_ratio,title_year_dedup_core_candidate,title_year_dedup_emerging_candidate,title_year_dedup_multiyear_ratio,title_year_dedup_yoy_ratio,exclude_jan1_core_candidate,exclude_jan1_emerging_candidate,exclude_jan1_multiyear_ratio,exclude_jan1_yoy_ratio,core_robust_candidate,emerging_robust_candidate,scope_review_status,core_followup,emerging_followup,potential_followup,review_display_name,review_reason
N0001,Electrochemistry / Chemical engineering / Electrode,待主题范围审阅,NMF关键词主题,待主题范围审阅,True,False,3,11974,0.0002863219895287,8,11985,0.0006947282386595,7,9992,0.0007322788517867,1,7998,0.0001818622696411,1,7996,0.0001819063788503,3,8,0.4121352402217431,3,16,5.333333333333333,0.0005362897866958,0.533894168100565,0.3910013089005235,-0.4695221857153515,1,0,3,18,0.000571109693325,0,0,0.0,7,36,10.0,0.7272727272727273,0.5306668755350644,0.000545905707196,0.5244898262732032,0.1655024260179022,0.890896940975894,0.999999583780761,17.919999999999998,15.76,False,False,近期份额下降,2026Q2,False,False,annual_volume | active_years | persistence | current_volume | current_share,volume | baseline | multiyear | recent_growth | quarters | trend | peak | lower95 | qvalue,452,439,False,False,0.5162737294184692,0.3710508029280459,False,False,0.5346982999523457,0.4125754658250206,False,False,0.5908968893204878,0.4602554832489756,False,False,未进入候选范围审阅,False,False,False,Electrochemistry / Chemical engineering / Electrode,未进入候选范围审阅
N0002,Engineering / Electrical engineering / Computer science,待主题范围审阅,NMF关键词主题,待主题范围审阅,True,False,4,11974,0.0003681282722513,7,11985,0.0006129955046996,7,9992,0.0007322788517867,2,7998,0.0003031037827352,6,7996,0.0007882609750181,4,7,0.6005399214659686,3,16,5.333333333333333,0.0005494593797405,0.6699826881199968,0.4670131896898912,-0.3438649715748982,1,0,3,18,0.0005711342095792,0,0,0.0,4,29,9.0,0.5,0.2588585277531176,0.000545905707196,0.6743440623512613,0.2377883644106906,0.8013003532833163,0.999999583780761,4.7700000000000005,22.53,False,False,近期份额下降,2026Q2,False,False,annual_volume | active_years | persistence | current_volume | current_share,volume | baseline | multiyear | recent_growth | quarters | trend | peak | lower95 | qvalue,490,406,False,False,0.7737766302340716,0.7893262535014793,False,False,0.671031674496588,0.6011813930593157,False,False,0.7854397422934954,0.806941431670282,False,False,未进入候选范围审阅,False,False,False,Engineering / Electrical engineering / Computer science,未进入候选范围审阅
N0003,Photocatalysis / Visible spectrum / Catalysis,待主题范围审阅,NMF关键词主题,待主题范围审阅,True,False,12,11974,0.0010225785340314,11,11985,0.0009399264405394,17,9992,0.0017086506541691,12,7998,0.001515518913676,11,7996,0.001394615571186,12,11,1.0879346403368997,3,40,13.333333333333334,0.0013880320027948,0.7367110642783508,0.5984713911742707,-0.2566882780025099,3,0,3,40,0.0012237185429133,3,0,0.25,26,93,30.0,0.8709677419354839,0.5845993300507866,0.0013399503722084,0.7631465726197402,0.4047508334744565,0.8088048852938887,0.999999583780761,40.91,41.63,False,False,历史峰值以下的恢复或波动,2026Q2,False,False,annual_volume | active_years | persistence | current_volume,volume | multiyear | recent_growth | trend | peak | lower95 | qvalue,309,302,False,False,0.5215770604642168,0.7074701975828074,False,False,0.7556902280434611,1.0890967265567315,False,False,0.7684163202503266,1.0801914402782082,False,False,未进入候选范围审阅,False,False,False,Photocatalysis / Visible spectrum / Catalysis,未进入候选范围审阅
N0004,Environmental science / Waste management / Engineering,待主题范围审阅,NMF关键词主题,待主题范围审阅,True,False,2,11974,0.0002045157068062,24,11985,0.0020024519820187,23,9992,0.0022944737355985,13,7998,0.0016367604267701,8,7996,0.0010308028134853,2,24,0.1021326397050967,3,60,20.0,0.0019778953814624,0.103400669581958,0.089134036983402,-1.208807004329882,0,0,3,49,0.0015004804748078,4,0,0.3333333333333333,1,86,31.666666666666668,0.0612244897959183,0.3120548110084898,0.0020016542597187,0.1021733427804941,0.0288383294846279,0.9999950072496194,0.999999583780761,28.000000000000004,0.4099999999999999,False,False,近期份额下降,2026Q2,False,False,annual_volume | active_years | persistence | current_volume | current_share,volume | multiyear | recent_growth | quarters | trend | peak | lower95 | qvalue,382,499,False,False,0.0751972955588783,0.0615786438901863,False,False,0.1052996554576571,0.102241733513489,False,False,0.11637720043393,0.1095846388688037,False,False,未进入候选范围审阅,False,False,False,Environmental science / Waste management / Engineering,未进入候选范围审阅
N0005,Optoelectronics / Nanotechnology / Energy conversion efficiency,待主题范围审阅,NMF关键词主题,待主题范围审阅,True,False,0,11974,4.090314136125655e-05,12,11985,0.0010216591744993,7,9992,0.0007322788517867,1,7998,0.0001818622696411,2,7996,0.0003031772980839,0,12,0.0400359947643979,3,20,6.666666666666667,0.000645266765309,0.0633895057986807,0.0400359947643979,-1.4424772602430085,0,0,3,19,0.0005982803892158,1,0,0.0833333333333333,0,59,20.33333333333333,0.046875,0.6170052068542968,0.000678246484698,0.0603071925679989,0.0036473222984613,0.9976522483516224,0.999999583780761,25.480000000000004,0.18,False,False,近期份额下降,2026Q2,False,False,annual_volume | active_years | persistence | current_volume | current_share,volume | baseline | multiyear | recent_growth | quarters | trend | peak | lower95 | qvalue,398,500,False,False,0.0840946078648162,0.0567489463301717,False,False,0.0634802899178801,0.0400787595372877,False,False,0.0736054024388096,0.0394504699927693,False,False,未进入候选范围审阅,False,False,False,Optoelectronics / Nanotechnology / Energy conversion efficiency,未进入候选范围审阅
N0006,Business / Environmental economics / Economics,待主题范围审阅,NMF关键词主题,待主题范围审阅,True,False,12,11974,0.0010225785340314,54,11985,0.0044544340008173,38,9992,0.003759031439172,13,7998,0.0016367604267701,12,7996,0.0015158864904195,12,54,0.229564190162832,3,105,35.0,0.0032834086222531,0.3114380973178089,0.229564190162832,-0.650916958184645,1,1,3,104,0.0030786813246735,7,2,0.5833333333333334,33,167,52.333333333333336,0.6375,0.2995788625017409,0.003490488006617,0.2929614804843552,0.1629994145965436,0.9999942310536336,0.999999583780761,59.330000000000005,8.07,False,False,近期份额下降,2026Q2,False,False,annual_volume | active_years | persistence | current_volume | current_share,volume | multiyear | recent_growth | quarters | trend | peak | lower95 | qvalue,195,472,False,False,0.3364179720810804,0.2383455745867212,False,False,0.3119062942448229,0.2298094010165579,False,False,0.3571861725045959,0.254191172633823,False,False,未进入候选范围审阅,False,False,False,Business / Environmental economics / Economics,未进入候选范围审阅
N0007,Supercapacitor / Capacitance / Electrode,待主题范围审阅,NMF关键词主题,待主题范围审阅,True,False,66,11974,0.0054401178010471,59,11985,0.004863097670617,50,9992,0.0049306776020308,42,7998,0.0051527643064985,48,7996,0.005881639582828,66,59,1.1186527948875886,3,151,50.333333333333336,0.0049821798597154,1.0919151765343489,0.9249321935553516,0.049162145998344,3,4,3,175,0.0050779643578983,12,3,1.0,147,367,110.66666666666669,1.325373134328358,0.6119515985909364,0.0050124069478908,1.0853304325851432,0.8134828174893175,0.2703625030804243,0.7881593649683154,96.58,62.39,False,False,历史峰值以下的恢复或波动,2026Q2,False,False,annual_volume,multiyear | recent_growth | peak | lower95 | qvalue,6,194,False,False,0.9157021928863328,1.0403973493864815,False,False,1.0937013397060331,1.1198476929536274,False,False,1.080767788643721,1.110655123670308,False,False,未进入候选范围审阅,False,False,False,Supercapacitor / Capacitance / Electrode,未进入候选范围审阅
N0008,Lithium (medication) / Anode / Lithium-ion battery,待主题范围审阅,NMF关键词主题,待主题范围审阅,True,False,29,11974,0.0024132853403141,67,11985,0.0055169595422966,38,9992,0.003759031439172,21,7998,0.0026066925315227,10,7996,0.0012733446519524,29,67,0.4374303131665697,3,126,42.0,0.0039608945043305,0.6092778632896317,0.4374303131665697,-0.2215861486658856,1,2,3,134,0.0038964254405942,9,2,0.75,54,236,85.33333333333333,0.6370656370656371,0.6014788260329886,0.0041852770885028,0.5766130388220929,0.3862295749394433,0.9966971346155004,0.999999583780761,86.81,20.39,False,False,近期份额下降,2026Q2,False,False,annual_volume | active_years | current_volume | current_share,multiyear | recent_growth | quarters | trend | peak | lower95 | qvalue,37,414,False,False,0.5775120026680821,0.397242624311202,False,False,0.6101957924600991,0.4378975579074028,False,False,0.6126634586307974,0.4483007953723788,False,False,未进入候选范围审阅,False,False,False,Lithium (medication) / Anode / Lithium-ion battery,未进入候选范围审阅
N0009,Computer science / Artificial intelligence / Telecommunications,待主题范围审阅,NMF关键词主题,待主题范围审阅,True,False,11,11974,0.0009407722513089,59,11985,0.004863097670617,30,9992,0.0029779339972661,12,7998,0.001515518913676,17,7996,0.0021222410865874,11,59,0.1934512352061243,3,101,33.666666666666664,0.003118850193853,0.3016407306651206,0.1934512352061243,-0.5761419838139838,0,1,3,100,0.002927267973064,7,2,0.5833333333333334,24,145,45.66666666666666,0.5357142857142857,0.2882759372224933,0.0033581472291149,0.2801462196631676,0.152242594899873,0.99999441547891,0.999999583780761,55.82,4.63,False,False,近期份额下降,2026Q2,False,False,annual_volume | active_years | persistence | current_volume | current_share,volume | multiyear | recent_growth | quarters | trend | peak | lower95 | qvalue,215,484,False,False,0.3023241672047644,0.2014275787323677,False,False,0.3047421716775381,0.1969682626832516,False,False,0.3480107800238127,0.1972523499638467,False,False,未进入候选范围审阅,False,False,False,Computer science / Artificial intelligence / Telecommunications,未进入候选范围审阅
N0010,Control theory (sociology) / Voltage / Control (management),待主题范围审阅,NMF关键词主题,待主题范围审阅,True,False,12,11974,0.0010225785340314,13,11985,0.0011033919084593,7,9992,0.0007322788517867,4,7998,0.0005455868089233,5,7996,0.0006669900557846,12,13,0.9267591380647664,3,24,8.0,0.0007937525230564,1.288283821881643,0.9267591380647664,0.1669606521910922,2,1,3,32,0.0009527497647591,2,0,0.1666666666666666,11,52,15.333333333333334,0.7346938775510203,0.3413810080281315,0.0008105872622001,1.2615280077999786,0.6383007494674003,0.2622157461749138,0.7743524366764515,17.85,61.02000000000001,False,False,近期份额下降,2026Q2,False,False,annual_volume | active_years | persistence | current_volume,volume | recent_growth | quarters | peak | lower95 | qvalue,454,201,False,False,1.046943266323622,0.6788855431350173,False,False,1.2902284282856633,0.9277490633631416,False,False,1.4389060820236323,1.2183233380119944,False,False,未进入候选范围审阅,False,False,False,Control theory (sociology) / Voltage / Control (management),未进入候选范围审阅
N0011,Graphene / Nanotechnology / Oxide,待主题范围审阅,NMF关键词主题,待主题范围审阅,True,False,6,11974,0.0005317408376963,22,11985,0.0018389865140988,15,9992,0.0015133762936926,10,7998,0.0012730358874878,7,7996,0.0009095318942517,6,22,0.2891488510762071,3,47,15.666666666666666,0.0015417995650931,0.3448832453550561,0.2891488510762071,-0.522971083203708,1,0,3,43,0.0012947012151626,3,0,0.25,11,111,41.0,0.2857142857142857,0.5481281216593246,0.001571546732837,0.3383550909341416,0.1490685440489579,0.9972664667400266,0.999999583780761,39.78,8.14,False,False,近期份额下降,2026Q2,False,False,annual_volume | active_years | persistence | current_volume | current_share,volume | multiyear | recent_growth | quarters | trend | peak | lower95 | qvalue,319,471,False,False,0.2265359483746537,0.1929464175225838,False,False,0.3454239002666918,0.2894577077693001,False,False,0.3506020943019435,0.2849200610588897,False,False,未进入候选范围审阅,False,False,False,Graphene / Nanotechnology / Oxide,未进入候选范围审阅
N0012,Renewable energy / Thermodynamics / Automotive engineering,待主题范围审阅,NMF关键词主题,待主题范围审阅,True,False,2,11974,0.0002045157068062,11,11985,0.0009399264405394,3,9992,0.0003417301308338,3,7998,0.0004243452958292,1,7996,0.0001819063788503,2,11,0.2175869280673799,3,17,5.666666666666667,0.0005686672890675,0.3596403569152736,0.2175869280673799,-0.2566882780025095,0,0,3,16,0.0004953907593931,0,0,0.0,2,28,12.0,0.2307692307692307,0.2464555605509079,0.0005789909015715,0.353227842183994,0.0938700540916925,0.9590183208751246,0.999999583780761,3.3300000000000005,8.16,False,False,近期份额下降,2026Q2,False,False,annual_volume | active_years | persistence | current_volume | current_share,volume | baseline | multiyear | recent_growth | quarters | trend | peak | lower95 | qvalue,496,470,False,False,0.499362188903698,0.3710508029280459,False,False,0.3601619336532027,0.2178193453113463,False,False,0.3947541369164294,0.2595425657419035,False,False,未进入候选范围审阅,False,False,False,Renewable energy / Thermodynamics / Automotive engineering,未进入候选范围审阅
N0013,Overpotential / Oxygen evolution / Catalysis,待主题范围审阅,NMF关键词主题,待主题范围审阅,True,False,60,11974,0.004949280104712,25,11985,0.0020841847159787,55,9992,0.005418863503222,50,7998,0.0061226964112512,30,7996,0.0036987630366238,60,25,2.3746840031824243,3,130,43.333333333333336,0.0045419148768173,1.0896901943217765,0.8083497485874241,-0.0453219875496997,4,4,3,140,0.0041507761079709,11,2,0.9166666666666666,130,258,90.33333333333331,1.4343065693430657,0.6151678292512806,0.0043176178660049,1.1462987828729612,0.8450882380065345,0.1766141556757874,0.6580921642041323,92.82,70.72,False,False,历史峰值以下的恢复或波动,2026Q2,False,False,annual_volume | active_years,multiyear | trend | peak | lower95 | qvalue,13,136,False,False,1.2241276243559158,1.9059341243084504,False,False,1.091634969384092,2.3772205411822616,False,False,1.1012645817629638,2.862564590938751,False,False,未进入候选范围审阅,False,False,False,Overpotential / Oxygen evolution / Catalysis,未进入候选范围审阅
N0014,Scanning electron microscope / Analytical Chemistry (journal) / Diffraction,待主题范围审阅,NMF关键词主题,待主题范围审阅,True,False,0,11974,4.090314136125655e-05,1,11985,0.0001225991009399,1,9992,0.0001464557703573,2,7998,0.0003031037827352,1,7996,0.0001819063788503,0,1,0.3336332897033159,3,4,1.3333333333333333,0.0001907195513441,0.2144674789395079,0.1349476439790576,-0.637758304025958,2,0,3,2,0.0001033193375528,0,0,0.0,0,5,2.333333333333333,0.3,0.3426229090839207,0.0001488833746898,0.2747327661431065,0.0147907705554107,0.89690779014561,0.999999583780761,4.17,9.38,False,False,近期份额下降,2026Q2,False,False,annual_volume | active_years | persistence | current_volume | current_share,volume | baseline | multiyear | recent_growth | quarters | trend | peak | lower95 | qvalue,493,463,False,False,0.2107671411470812,0.3215773625376397,False,False,0.2148445796788852,0.333989662810731,False,False,0.2148585185280436,0.3287539166064111,False,False,未进入候选范围审阅,False,False,False,Scanning electron microscope / Analytical Chemistry (journal) / Diffraction,未进入候选范围审阅
N0015,Mechanics / Heat transfer / Thermodynamics,待主题范围审阅,NMF关键词主题,待主题范围审阅,True,False,17,11974,0.0014316099476439,32,11985,0.0026563138536984,21,9992,0.002099199375122,22,7998,0.0027279340446168,31,7996,0.0038200339558573,17,32,0.5389460833668949,3,75,25.0,0.0024944824244791,0.573910617126486,0.3747636707388016,-0.1913781867939774,0,2,3,70,0.0020623743921548,9,1,0.75,30,119,48.0,0.6326530612244898,0.3437808039046114,0.0024979321753515,0.5731180220866128,0.3407297462390612,0.9838291709577744,0.999999583780761,52.18000000000001,18.71,False,False,近期份额下降,2026Q2,False,False,annual_volume | active_years | current_volume | current_share,volume | multiyear | recent_growth | quarters | trend | peak | lower95 | qvalue,239,423,False,False,0.4351609482895083,0.3489456487110559,False,False,0.5748396505299523,0.53952176300195,False,False,0.6013614615074402,0.5335514384267984,False,False,未进入候选范围审阅,False,False,False,Mechanics / Heat transfer / Thermodynamics,未进入候选范围审阅
N0016,Wind power / Wind speed / Induction generator,待主题范围审阅,NMF关键词主题,待主题范围审阅,True,False,42,11974,0.0034767670157068,27,11985,0.0022476501838986,20,9992,0.0020015621948838,21,7998,0.0026066925315227,15,7996,0.0018796992481203,42,27,1.5468452522608285,3,68,22.666666666666668,0.0022853016367684,1.5213602264877408,1.3337848532813832,0.2760874352011013,4,4,3,89,0.0025753264648297,10,1,0.8333333333333334,74,141,37.66666666666666,1.9396551724137927,0.3556130368470079,0.0022663358147229,1.5340917233538427,1.0462595233352232,0.0125101223985394,0.1226482588092105,65.67,86.46000000000001,False,False,多年背景上持续抬升,2026Q2,False,False,annual_volume | active_years | current_volume,lower95 | qvalue,157,54,False,False,1.2479900037338454,1.2648709593147165,False,False,1.5238583286577267,1.5484975275770256,False,False,1.3693763958796692,1.388817566071982,False,False,未进入候选范围审阅,False,False,False,Wind power / Wind speed / Induction generator,未进入候选范围审阅
N0017,Photovoltaic system / Electrical engineering / Maximum power point tracking,待主题范围审阅,NMF关键词主题,待主题范围审阅,True,False,24,11974,0.0020042539267015,29,11985,0.0024111156518185,26,9992,0.0025873852763132,11,7998,0.0013942774005819,12,7996,0.0015158864904195,24,29,0.8312558234980921,3,66,22.0,0.0021309261095712,0.9405553377469476,0.7746252346142448,-0.1276879674126507,2,3,3,79,0.0023342516182777,9,0,0.75,51,145,36.66666666666666,1.3805309734513276,0.3358191719821787,0.0022001654259718,0.9109560140534584,0.573225570762869,0.6535104479833282,0.999999583780761,58.7,45.97,False,False,近期份额下降,2026Q2,False,False,annual_volume | active_years | current_volume,volume | multiyear | recent_growth | quarters | trend | peak | lower95 | qvalue,198,280,False,False,1.10726946554483,1.140137921724359,False,False,0.9420316154758004,0.83214373615555,False,False,1.034593323803403,0.870230955722853,False,False,未进入候选范围审阅,False,False,False,Photovoltaic system / Electrical engineering / Maximum power point tracking,未进入候选范围审阅
N0018,Polymer / Polymer chemistry / Membrane,待主题范围审阅,NMF关键词主题,待主题范围审阅,True,False,10,11974,0.0008589659685863,11,11985,0.0009399264405394,13,9992,0.0013181019332161,6,7998,0.0007880698351115,8,7996,0.0010308028134853,10,11,0.9138650978829956,3,30,10.0,0.0010153660696223,0.8459667840839308,0.6516688481675392,-0.2141093738323563,1,1,3,34,0.0010389981141139,2,0,0.1666666666666666,22,71,18.33333333333333,1.1896551724137931,0.4863465216925392,0.0010090984284532,0.8512211934597889,0.4221550552612285,0.6902519881059512,0.999999583780761,27.6,39.78,False,False,近期份额下降,2026Q2,False,False,annual_volume | active_years | persistence | current_volume,volume | multiyear | recent_growth | quarters | trend | peak | lower95 | qvalue,387,315,False,False,0.5888036767338456,0.558529103354848,False,False,0.8473445104500552,0.9148412503076544,False,False,0.9556250369429334,1.090078776115995,False,False,未进入候选范围审阅,False,False,False,Polymer / Polymer chemistry / Membrane,未进入候选范围审阅
N0019,Thermoelectric effect / Thermoelectric materials / Seebeck coefficient,待主题范围审阅,NMF关键词主题,待主题范围审阅,True,False,53,11974,0.0043766361256544,42,11985,0.0034736411932979,48,9992,0.0047354032415543,50,7998,0.0061226964112512,33,7996,0.0040625757943245,53,42,1.2599563058207577,3,140,46.66666666666666,0.0047772469487011,0.916141906133691,0.7148216785029288,-0.0393932317126415,2,4,3,143,0.0041952268535022,12,3,1.0,131,318,121.33333333333331,1.0790190735694822,0.5532750926910757,0.0046484698097601,0.9415218996292224,0.687196256805243,0.630781881119433,0.999999583780761,91.51,52.8,False,False,历史峰值以下的恢复或波动,2026Q2,False,False,annual_volume,multiyear | quarters | trend | peak | lower95 | qvalue,17,237,False,False,1.049483029440544,1.3651869164333763,False,False,0.9177128430021988,1.2613021383793488,False,False,0.9016050182633976,1.264081961035919,False,False,未进入候选范围审阅,False,False,False,Thermoelectric effect / Thermoelectric materials / Seebeck coefficient,未进入候选范围审阅
N0020,Plasma / Atomic physics / Physics,待主题范围审阅,NMF关键词主题,待主题范围审阅,True,False,13,11974,0.0011043848167539,18,11985,0.001512055578259,18,9992,0.0018062878344073,20,7998,0.0024854510184287,13,7996,0.0016371574096531,13,18,0.730386390972124,3,56,18.666666666666668,0.0019345981436983,0.5708600622569959,0.4443398033456774,-0.2459926830118504,3,1,3,49,0.0014742427431401,5,0,0.4166666666666667,15,112,53.66666666666666,0.2926829268292683,0.2946674338921901,0.0018693134822167,0.5907970103785387,0.3262644750497631,0.9629690306308006,0.999999583780761,33.86,26.98,False,False,近期份额下降,2026Q2,False,False,annual_volume | active_years | persistence | current_volume | current_share,volume | multiyear | recent_growth | trend | peak | lower95 | qvalue,354,380,False,False,0.4163577015431317,0.5237117047041562,False,False,0.5294736450348385,0.6770060732649952,False,False,0.6015991344309597,0.7471679922872981,False,False,未进入候选范围审阅,False,False,False,Plasma / Atomic physics / Physics,未进入候选范围审阅
N0021,Perovskite (structure) / Halide / Energy conversion efficiency,待主题范围审阅,NMF关键词主题,待主题范围审阅,True,False,72,11974,0.0059309554973821,93,11985,0.0076420106252554,62,9992,0.0061023237648896,60,7998,0.007335111542192,46,7996,0.0056390977443609,72,93,0.7760988289889968,3,215,71.66666666666667,0.0070264819774457,0.8440860613348132,0.7760988289889968,-0.0142421571327662,1,4,3,227,0.006558429962509,12,3,1.0,135,430,176.66666666666666,0.7654784240150094,0.5562398521632744,0.0071298593879239,0.8318474705725148,0.6374909156076922,0.9034147546261008,0.999999583780761,95.35,39.39,False,False,近期份额下降,2026Q2,False,False,current_share,multiyear | recent_growth | quarters | trend | peak | lower95 | qvalue,7,318,False,False,0.7734681383338351,0.7095963289053703,False,False,0.8454446478950218,0.776927825254909,True,False,0.935094040996742,0.8373920517333115,False,False,未进入候选范围审阅,False,False,False,Perovskite (structure) / Halide / Energy conversion efficiency,未进入候选范围审阅
N0022,Electronic engineering / Amplifier / CMOS,待主题范围审阅,NMF关键词主题,待主题范围审阅,True,False,14,11974,0.0011861910994764,24,11985,0.0020024519820187,16,9992,0.0016110134739308,16,7998,0.0020004849660523,14,7996,0.0017584283288867,14,24,0.5923693102895609,3,56,18.666666666666668,0.001871316807334,0.6338804283847346,0.5923693102895609,-0.153058025431906,1,1,3,54,0.0015998855184753,7,0,0.5833333333333334,28,91,30.33333333333333,0.9255319148936172,0.3087130244676992,0.0018693134822167,0.63455975188806,0.3563558641668538,0.9434236853303298,0.999999583780761,37.18,26.58,False,False,近期份额下降,2026Q2,False,False,annual_volume | active_years | persistence | current_volume | current_share,volume | multiyear | recent_growth | quarters | trend | peak | lower95 | qvalue,333,381,False,False,0.670126140793498,0.6353113747694834,False,False,0.6349045692368981,0.5930020543782366,False,False,0.6421949057244669,0.5917570498915402,False,False,未进入候选范围审阅,False,False,False,Electronic engineering / Amplifier / CMOS,未进入候选范围审阅
N0023,Nanoparticle / Nanotechnology / Chemical engineering,待主题范围审阅,NMF关键词主题,待主题范围审阅,True,False,10,11974,0.0008589659685863,15,11985,0.0012668573763792,12,9992,0.0012204647529779,5,7998,0.0006668283220174,9,7996,0.0011520737327188,10,15,0.6780289435906097,3,32,10.666666666666666,0.0010513834837915,0.816986363043052,0.6780289435906097,-0.1756288532642922,2,1,3,37,0.0011154293659811,3,0,0.25,24,87,25.0,0.9615384615384616,0.4881696362913788,0.0010752688172043,0.7988383507853404,0.3983804299029154,0.7516707006433996,0.999999583780761,31.36,35.660000000000004,False,False,近期份额下降,2026Q2,False,False,annual_volume | active_years | persistence | current_volume | current_share,volume | multiyear | recent_growth | quarters | trend | peak | lower95 | qvalue,362,336,False,False,0.8201932088810826,0.9647320876129192,False,False,0.8182529246872959,0.6787531857121307,False,False,0.9172466681917496,0.7141895429725484,False,False,未进入候选范围审阅,False,False,False,Nanoparticle / Nanotechnology / Chemical engineering,未进入候选范围审阅
N0024,Automotive engineering / Powertrain / Engineering,待主题范围审阅,NMF关键词主题,待主题范围审阅,True,False,3,11974,0.0002863219895287,30,11985,0.0024928483857785,20,9992,0.0020015621948838,12,7998,0.001515518913676,13,7996,0.0016371574096531,3,30,0.1148573620290103,3,62,20.666666666666668,0.0020033098314461,0.1429244668170524,0.1148573620290103,-0.9722831185164008,0,0,3,53,0.001593577523397,5,1,0.4166666666666667,5,66,29.666666666666668,0.1956521739130434,0.2364683615984339,0.0020678246484698,0.1384653141361256,0.0471823916669882,0.9999904433882674,0.999999583780761,27.92,1.02,False,False,近期份额下降,2026Q2,False,False,annual_volume | active_years | persistence | current_volume | current_share,volume | multiyear | recent_growth | quarters | trend | peak | lower95 | qvalue,383,497,False,False,0.1802221014062235,0.1570494096114054,False,False,0.1431459915990458,0.1149800478528746,False,False,0.1772386142671642,0.125524222704266,False,False,未进入候选范围审阅,False,False,False,Automotive engineering / Powertrain / Engineering,未进入候选范围审阅
N0025,Hydrogen / Hydrogen production / Hydrogen storage,待主题范围审阅,NMF关键词主题,待主题范围审阅,True,False,28,11974,0.0023314790575916,41,11985,0.0033919084593379,11,9992,0.0011228275727396,10,7998,0.0012730358874878,8,7996,0.0010308028134853,28,41,0.6873649703526147,3,62,20.666666666666668,0.0019292573065218,1.2084852806881008,0.6873649703526147,0.3653263662607973,1,3,3,80,0.0022820716965564,7,1,0.5833333333333334,53,152,44.333333333333336,1.1911764705882353,0.5571712787815627,0.0020678246484698,1.1275032722513088,0.7239701471445525,0.2946715211012782,0.832405426839769,69.92,58.28,False,False,近期份额下降,2026Q2,False,False,annual_volume | active_years | persistence | current_volume | current_share,multiyear | recent_growth | quarters | peak | lower95 | qvalue,126,214,False,False,1.0946740200595049,0.6057620085011353,False,False,1.2275401856239638,0.7050892881559877,False,False,1.1018723228479683,0.6117319714068664,False,False,未进入候选范围审阅,False,False,False,Hydrogen / Hydrogen production / Hydrogen storage,未进入候选范围审阅
N0026,Doping / Analytical Chemistry (journal) / Optoelectronics,待主题范围审阅,NMF关键词主题,待主题范围审阅,True,False,5,11974,0.0004499345549738,19,11985,0.001593788312219,16,9992,0.0016110134739308,3,7998,0.0004243452958292,6,7996,0.0007882609750181,5,19,0.2823050912874211,3,38,12.666666666666666,0.001209715693993,0.3719341306457414,0.2792866492146597,-0.6377583040259576,0,0,3,40,0.0012182454470412,3,0,0.25,17,131,41.333333333333336,0.4251968503937007,0.5450618034264614,0.0012737799834574,0.353227842183994,0.144555334874852,0.9930035731353876,0.999999583780761,39.24999999999999,6.11,False,False,近期份额下降,2026Q2,False,False,annual_volume | active_years | persistence | current_volume | current_share,volume | multiyear | recent_growth | quarters | trend | peak | lower95 | qvalue,322,479,False,False,0.4348660237258471,0.3710508029280459,False,False,0.372492664871379,0.2826066377629262,False,False,0.3147852874404328,0.2399015067127865,False,False,未进入候选范围审阅,False,False,False,Doping / Analytical Chemistry (journal) / Optoelectronics,未进入候选范围审阅
N0027,Turbine / Marine engineering / Mechanical engineering,待主题范围审阅,NMF关键词主题,待主题范围审阅,True,False,26,11974,0.0021678664921465,27,11985,0.0022476501838986,27,9992,0.0026850224565514,18,7998,0.0022429679922405,23,7996,0.0028498666019888,26,27,0.9645035102332224,3,72,24.0,0.0023918802108968,0.906344089587042,0.7606905146485463,-0.1069727955320773,2,3,3,80,0.0023668463775322,9,0,0.75,48,130,36.333333333333336,1.3125,0.3261863851852918,0.0023986765922249,0.9037760651742192,0.5792080962091332,0.6707142641194239,0.999999583780761,58.19000000000001,47.57999999999999,False,False,近期份额下降,2026Q2,False,False,annual_volume | active_years | current_volume,multiyear | recent_growth | quarters | trend | peak | lower95 | qvalue,200,271,False,False,0.7016133566759587,0.8082890463783917,False,False,0.90782809894687,0.9655337524892044,False,False,0.9780441083102136,0.9862617498192334,False,False,未进入候选范围审阅,False,False,False,Turbine / Marine engineering / Mechanical engineering,未进入候选范围审阅
N0028,Electrolyte / Fast ion conductor / Ionic conductivity,待主题范围审阅,NMF关键词主题,待主题范围审阅,True,False,21,11974,0.001758835078534,24,11985,0.0020024519820187,11,9992,0.0011228275727396,7,7998,0.0009093113482056,11,7996,0.001394615571186,21,24,0.8783407014638316,3,42,14.0,0.0013448636343213,1.3078166690272277,0.8783407014638316,0.2244007901903031,2,2,3,56,0.0016280382110975,6,0,0.5,48,121,33.333333333333336,1.4271844660194173,0.5641873816607726,0.0014061207609594,1.250842123498614,0.7446043879836483,0.1998043003837328,0.6889803461508031,55.98,66.22,False,False,近期份额下降,2026Q2,False,False,annual_volume | active_years | persistence | current_volume,volume | recent_growth | quarters | peak | lower95 | qvalue,212,163,False,False,1.1411586641437237,0.9647320876129192,False,False,1.3097583525779162,0.879278908216006,False,False,1.0644823127607823,0.6505130690297073,False,False,未进入候选范围审阅,False,False,False,Electrolyte / Fast ion conductor / Ionic conductivity,未进入候选范围审阅
N0029,Power (physics) / Electric power system / Power flow,待主题范围审阅,NMF关键词主题,待主题范围审阅,True,False,15,11974,0.0012679973821989,18,11985,0.001512055578259,13,9992,0.0013181019332161,9,7998,0.0011517943743937,9,7996,0.0011520737327188,15,18,0.8385917822272535,3,40,13.333333333333334,0.0013273172952896,0.955308415477412,0.8385917822272535,-0.0193769904514944,2,1,3,46,0.0013660516312247,5,0,0.4166666666666667,23,65,17.666666666666668,1.2857142857142856,0.2577675366732394,0.0013399503722084,0.9463017500484778,0.52697657241479,0.5827466073487044,0.999999583780761,27.57,49.41,False,False,近期份额下降,2026Q2,False,False,annual_volume | active_years | persistence | current_volume,volume | multiyear | recent_growth | quarters | trend | peak | lower95 | qvalue,389,257,False,False,0.8777014031098945,0.9647320876129192,False,False,0.9568214186812298,0.8394875308485942,False,False,1.078398993367331,0.850225646395891,False,False,范围过宽或样本混杂，暂缓认定,False,False,False,Power (physics) / Electric power system / Power flow,电力系统控制、船舶管理、仪表、直流电机与数据中心供电混合；政策不能统一支持全部任务。
N0030,Composite number / Composite material / Epoxy,待主题范围审阅,NMF关键词主题,待主题范围审阅,True,False,16,11974,0.0013498036649214,38,11985,0.0031467102574581,15,9992,0.0015133762936926,8,7998,0.0010305528612997,9,7996,0.0011520737327188,16,38,0.4289570867614061,3,61,20.33333333333333,0.0018968798041501,0.7115915631387143,0.4289570867614061,-0.0571919812012362,1,1,3,69,0.0020032967386907,6,1,0.5,44,157,45.0,0.9782608695652174,0.5745752747285903,0.0020347394540942,0.6633791182479887,0.3852688426496445,0.9344912381863018,0.999999583780761,64.00999999999999,29.850000000000005,False,False,近期份额下降,2026Q2,False,False,annual_volume | active_years | persistence | current_volume | current_share,volume | multiyear | recent_growth | quarters | trend | peak | lower95 | qvalue,169,368,False,False,0.7087998742768505,0.4262769689452433,False,False,0.7126116605176598,0.4294152807566541,False,False,0.7627871888501774,0.4716904020874595,False,False,未进入候选范围审阅,False,False,False,Composite number / Composite material / Epoxy,未进入候选范围审阅
N0031,Anode / Electrode / Chemical engineering,待主题范围审阅,NMF关键词主题,待主题范围审阅,True,False,16,11974,0.0013498036649214,20,11985,0.0016755210461789,18,9992,0.0018062878344073,21,7998,0.0026066925315227,11,7996,0.001394615571186,16,20,0.8056023336738602,3,59,19.666666666666668,0.002029500470703,0.6650915751962736,0.5178223548033605,-0.145657335280775,2,1,3,54,0.0016105375151692,5,0,0.4166666666666667,41,113,43.0,0.9545454545454546,0.5513741250280828,0.0019685690653432,0.6856775760042236,0.3974518187692323,0.916816894350582,0.999999583780761,51.51000000000001,34.45,False,False,近期份额下降,2026Q2,False,False,annual_volume | active_years | persistence | current_volume,volume | multiyear | recent_growth | quarters | trend | peak | lower95 | qvalue,245,345,False,False,0.7181602366257689,0.8728528411735935,False,False,0.675287077760843,0.8478199132887786,False,False,0.7459829266943899,0.9264883104362496,False,False,未进入候选范围审阅,False,False,False,Anode / Electrode / Chemical engineering,未进入候选范围审阅
N0032,Cathode / Electrolyte / Chemical engineering,待主题范围审阅,NMF关键词主题,待主题范围审阅,True,False,31,11974,0.0025768979057591,14,11985,0.0011851246424192,17,9992,0.0017086506541691,14,7998,0.0017580019398642,10,7996,0.0012733446519524,31,14,2.1743686811698866,3,45,15.0,0.0015505924121508,1.6618796052179037,1.4658106156345911,0.2054411727591563,4,4,3,62,0.0018235577341158,7,1,0.5833333333333334,79,149,37.0,2.1052631578947367,0.5643019479813032,0.001505376344086,1.7117964659685865,1.0868088774636404,0.0089937317080094,0.1022014966819261,64.77000000000001,90.61,False,False,多年背景上持续抬升,2026Q2,False,False,annual_volume | active_years | persistence | current_volume,qvalue,162,27,False,False,2.091317854190339,2.636934372808646,False,False,1.6646958127050289,2.1766912507320053,False,False,1.6161440880228308,2.0090517125947347,False,False,未进入候选范围审阅,False,False,False,Cathode / Electrolyte / Chemical engineering,未进入候选范围审阅
N0033,Membrane / Permeation / Ion exchange,待主题范围审阅,NMF关键词主题,待主题范围审阅,True,False,59,11974,0.0048674738219895,66,11985,0.0054352268083367,53,9992,0.0052235891427455,30,7998,0.0036978661493695,27,7996,0.0033349502789231,59,66,0.8955419881510058,3,149,49.66666666666666,0.0047855607001506,1.0171167240311754,0.8955419881510058,-0.035304830367091,1,4,3,178,0.0051754299243572,12,3,1.0,115,321,101.66666666666669,1.12987012987013,0.5588282082919952,0.0049462365591397,0.9840762292283176,0.7287047425159877,0.5228230609081908,0.999999583780761,93.83,47.63,False,False,近期份额下降,2026Q2,False,False,annual_volume,multiyear | recent_growth | quarters | trend | peak | lower95 | qvalue,11,270,False,False,1.0139571787732058,0.7130628473660707,False,False,1.01872118515007,0.8964985685972252,False,False,1.059508163207772,0.951956993303782,False,False,未进入候选范围审阅,False,False,False,Membrane / Permeation / Ion exchange,未进入候选范围审阅
N0034,Battery (electricity) / Lithium-ion battery / Battery pack,待主题范围审阅,NMF关键词主题,待主题范围审阅,True,False,31,11974,0.0025768979057591,30,11985,0.0024928483857785,26,9992,0.0025873852763132,17,7998,0.0021217264791464,13,7996,0.0016371574096531,31,30,1.0337162582610937,3,73,24.33333333333333,0.0024006533804127,1.0734152321965504,0.9959467302183148,-0.0020307532721974,2,4,3,87,0.0025523771892836,11,2,0.9166666666666666,45,138,45.333333333333336,0.9928057553956834,0.4718573466982598,0.0024317617866004,1.0596835265519822,0.6980747766334044,0.3875676241088448,0.9514093523889204,71.39999999999999,54.12000000000001,False,False,历史峰值以下的恢复或波动,2026Q2,False,False,annual_volume | active_years | current_volume,multiyear | recent_growth | quarters | trend | peak | lower95 | qvalue,114,233,False,False,1.0169152895640794,1.140137921724359,False,False,1.0751427823049362,1.0348204306758717,False,False,0.8609926290007842,0.8428054953000723,False,False,未进入候选范围审阅,False,False,False,Battery (electricity) / Lithium-ion battery / Battery pack,未进入候选范围审阅
N0035,Adsorption / Chemical engineering / Physical chemistry,待主题范围审阅,NMF关键词主题,待主题范围审阅,True,False,19,11974,0.001595222513089,13,11985,0.0011033919084593,9,9992,0.0009275532122632,9,7998,0.0011517943743937,6,7996,0.0007882609750181,19,13,1.4457442553810356,3,31,10.333333333333334,0.0010609131650387,1.5036315559630975,1.3849889776798014,0.2711091737897,3,1,3,41,0.0012087225446038,2,0,0.1666666666666666,48,94,24.0,1.96,0.5442161753391953,0.0010421836228287,1.5306539827973074,0.8701662796422908,0.0692531806904353,0.384739892724641,38.75000000000001,82.66,False,False,多年背景上持续抬升,2026Q2,False,False,annual_volume | active_years | persistence | current_volume,volume | lower95 | qvalue,326,70,False,False,1.29623669730664,1.221993977643031,False,False,1.5060737465509444,1.4472885388465009,False,False,1.7632129779186276,1.6723568801282656,False,False,未进入候选范围审阅,False,False,False,Adsorption / Chemical engineering / Physical chemistry,未进入候选范围审阅
N0036,Microstructure / Composite material / Metallurgy,待主题范围审阅,NMF关键词主题,待主题范围审阅,True,False,6,11974,0.0005317408376963,26,11985,0.0021659174499387,12,9992,0.0012204647529779,6,7998,0.0007880698351115,13,7996,0.0016371574096531,6,26,0.2455037414797985,3,44,14.666666666666666,0.001391484012676,0.3821393798651755,0.2455037414797985,-0.4154153933952353,0,1,3,44,0.0013060410135376,6,0,0.5,15,95,31.0,0.5,0.4827748882055385,0.0014722911497105,0.3611655465027354,0.1585908534671405,0.9952270858701064,0.999999583780761,38.09,7.449999999999999,False,False,近期份额下降,2026Q2,False,False,annual_volume | active_years | persistence | current_volume | current_share,volume | multiyear | recent_growth | quarters | trend | peak | lower95 | qvalue,330,474,False,False,0.2286215933561503,0.1461715284261998,False,False,0.3826973230054297,0.2457659782946888,False,False,0.4135084311040046,0.2616612805642864,False,False,未进入候选范围审阅,False,False,False,Microstructure / Composite material / Metallurgy,未进入候选范围审阅
N0037,Biogas / Anaerobic digestion / Methane,待主题范围审阅,NMF关键词主题,待主题范围审阅,True,False,65,11974,0.0053583115183246,54,11985,0.0044544340008173,50,9992,0.0049306776020308,52,7998,0.0063651794374393,49,7996,0.0060029105020616,65,54,1.20291635645324,3,156,52.0,0.0052500970134291,1.0206119057645258,0.8418162552979307,0.0415862434880427,3,4,3,169,0.0049144743737242,12,3,1.0,134,316,107.33333333333331,1.2461538461538462,0.4426251114802524,0.0051778329197684,1.0348560104879312,0.7755543572575923,0.3873106018795548,0.9514093523889204,86.35000000000001,61.02,False,False,历史峰值以下的恢复或波动,2026Q2,False,False,annual_volume,multiyear | peak | lower95 | qvalue,39,201,False,False,1.2271500699111069,1.6312742572363907,False,False,1.0067186290679233,1.1858165092454394,False,False,1.0226197526715806,1.2253555073511688,False,False,未进入候选范围审阅,False,False,False,Biogas / Anaerobic digestion / Methane,未进入候选范围审阅
N0038,Energy (signal processing) / Statistics / Mathematics,待主题范围审阅,NMF关键词主题,待主题范围审阅,True,False,94,11974,0.0077306937172774,90,11985,0.0073968124233755,59,9992,0.0058094122241749,30,7998,0.0036978661493695,20,7996,0.0024860538442881,94,90,1.0451385373579012,3,179,59.66666666666666,0.0056346969323066,1.3719803940036843,1.0451385373579012,0.142859601282153,3,4,3,243,0.006978972788276,11,3,0.9166666666666666,156,357,89.66666666666667,1.7316176470588234,0.3211797981947895,0.0059387923904052,1.3017282317811254,1.014694259327912,0.0153403266778927,0.1420400618323403,80.91999999999999,71.88,False,False,平稳或增长证据不足,2026Q2,True,False,,recent_growth | peak | lower95 | qvalue,62,127,False,False,1.4333121202665582,1.078229980273263,True,False,1.374073826294102,1.0462549105728425,True,False,1.47409030985067,1.0244396240057847,False,False,范围过宽或样本混杂，暂缓认定,False,False,False,Energy (signal processing) / Statistics / Mathematics,能源信号歧义词统摄能源政策、调度和Title Pending记录，主题边界不足。
N0039,Electricity / Electricity market / Environmental economics,待主题范围审阅,NMF关键词主题,待主题范围审阅,True,False,29,11974,0.0024132853403141,32,11985,0.0026563138536984,26,9992,0.0025873852763132,20,7998,0.0024854510184287,15,7996,0.0018796992481203,29,32,0.9085091119613372,3,78,26.0,0.0025763833828134,0.9366949641162472,0.9085091119613372,-0.0348293945151043,2,4,3,87,0.0025523281567752,10,1,0.8333333333333334,51,143,45.0,1.1304347826086956,0.3493895714543604,0.002597187758478,0.9291917122419716,0.6085265689101901,0.6295107972569458,0.999999583780761,63.690000000000005,48.31,False,False,近期份额下降,2026Q2,False,False,annual_volume | active_years | current_volume,multiyear | recent_growth | quarters | trend | peak | lower95 | qvalue,172,264,False,False,1.018219818212332,0.8466016279052148,False,False,0.9382098550543092,0.9094795433461444,False,False,1.0015731035553372,0.9862617498192334,False,False,未进入候选范围审阅,False,False,False,Electricity / Electricity market / Environmental economics,未进入候选范围审阅
N0040,Electricity generation / Cost of electricity by source / Power (physics),待主题范围审阅,NMF关键词主题,待主题范围审阅,True,False,24,11974,0.0020042539267015,14,11985,0.0011851246424192,19,9992,0.0019039250146455,20,7998,0.0024854510184287,20,7996,0.0024860538442881,24,14,1.6911756409099117,3,53,17.666666666666668,0.0018581668918311,1.0786188988258274,0.8061989209551781,0.0256771662985868,4,2,3,57,0.0016977678612554,6,0,0.5,49,108,34.666666666666664,1.4018691588785048,0.3700074281559797,0.0017700578990901,1.1323098118608406,0.701967929953456,0.3048745689565605,0.832990625564373,45.50000000000001,69.94,False,False,历史峰值以下的恢复或波动,2026Q2,False,False,annual_volume | active_years | persistence | current_volume,volume | multiyear | peak | lower95 | qvalue,283,143,False,False,1.0785711492731989,1.6457194435749798,False,False,1.0804963208349,1.6929820839026708,False,False,0.816751904380406,1.6437695830320558,False,False,未进入候选范围审阅,False,False,False,Electricity generation / Cost of electricity by source / Power (physics),未进入候选范围审阅
N0041,Heterojunction / Optoelectronics / Chemical engineering,待主题范围审阅,NMF关键词主题,待主题范围审阅,True,False,28,11974,0.0023314790575916,38,11985,0.0031467102574581,26,9992,0.0025873852763132,22,7998,0.0027279340446168,19,7996,0.0023647829250545,28,38,0.7409258771333378,3,86,28.666666666666668,0.0028206765261294,0.8265673273748024,0.7409258771333378,-0.0520724825506886,1,4,3,92,0.0026885248637876,11,1,0.9166666666666666,65,188,62.333333333333336,1.0421052631578946,0.5666016655231324,0.0028618693134822,0.8146699944012347,0.5334991836528898,0.8271264959834419,0.999999583780761,81.43999999999998,38.45,False,False,近期份额下降,2026Q2,False,False,annual_volume | active_years | current_volume | current_share,multiyear | recent_growth | quarters | trend | peak | lower95 | qvalue,58,321,False,False,0.3071778688165824,0.2721039221472336,False,False,0.8278873367763278,0.74171730312513,False,False,0.8800012958498064,0.7861506701457659,False,False,未进入候选范围审阅,False,False,False,Heterojunction / Optoelectronics / Chemical engineering,未进入候选范围审阅
N0042,X-ray photoelectron spectroscopy / Catalysis / Diffuse reflectance infrared fourier transform,待主题范围审阅,NMF关键词主题,待主题范围审阅,True,False,2,11974,0.0002045157068062,0,11985,4.086636697997548e-05,5,9992,0.0005370044913102,5,7998,0.0006668283220174,2,7996,0.0003031772980839,2,0,5.004499345549738,3,10,3.333333333333333,0.0004148997267692,0.492928034440548,0.3066991908614945,-0.4826808398740381,3,0,3,7,0.0002607955216988,0,0,0.0,5,29,12.333333333333334,0.4499999999999999,0.6307353043862035,0.0003473945409429,0.5887130703066566,0.1482092429044439,0.818897881556544,0.999999583780761,20.67,40.55,False,False,历史峰值以下的恢复或波动,2026Q2,False,False,annual_volume | active_years | persistence | current_volume,volume | baseline | multiyear | trend | peak | lower95 | qvalue,431,308,False,False,0.1175908833735101,0.9647320876129192,False,False,0.4938604217644986,5.0098449421609645,False,False,0.4925694635466614,4.931308749096168,False,False,未进入候选范围审阅,False,False,False,X-ray photoelectron spectroscopy / Catalysis / Diffuse reflectance infrared fourier transform,未进入候选范围审阅
N0043,Greenhouse gas / Natural resource economics / Emissions trading,待主题范围审阅,NMF关键词主题,待主题范围审阅,True,False,32,11974,0.0026587041884816,32,11985,0.0026563138536984,38,9992,0.003759031439172,29,7998,0.0035766246362754,32,7996,0.0039413048750909,32,32,1.0008998691099478,3,99,33.0,0.0033306566430486,0.7982522587642347,0.674574607329843,-0.1731612356709266,3,3,3,102,0.0030246831604507,10,3,0.8333333333333334,79,241,78.33333333333333,1.0084033613445378,0.4716623845436174,0.0032919768403639,0.8076314984608909,0.5435440676659733,0.8519721299192754,0.999999583780761,78.05000000000001,44.48,False,False,历史峰值以下的恢复或波动,2026Q2,False,False,annual_volume | current_volume,multiyear | recent_growth | trend | peak | lower95 | qvalue,80,290,False,False,0.7401786849573184,0.9647320876129192,False,False,0.7995949455122919,1.001968988432193,False,False,0.7863121355366779,1.0208674252514875,False,False,未进入候选范围审阅,False,False,False,Greenhouse gas / Natural resource economics / Emissions trading,未进入候选范围审阅
N0044,Grid / Power grid / Smart grid,待主题范围审阅,NMF关键词主题,待主题范围审阅,True,False,16,11974,0.0013498036649214,36,11985,0.0029832447895382,13,9992,0.0013181019332161,8,7998,0.0010305528612997,11,7996,0.001394615571186,16,36,0.4524615846661407,3,57,19.0,0.0017772998613513,0.7594687279698252,0.4524615846661407,0.0118831880391723,0,2,3,65,0.0018837167958919,7,1,0.5833333333333334,29,101,30.0,0.967741935483871,0.3631819990686538,0.0019023986765922,0.7095272308217618,0.4104318560520898,0.8952052301491461,0.999999583780761,46.66,31.37,False,False,近期份额下降,2026Q2,False,False,annual_volume | active_years | persistence | current_volume | current_share,volume | multiyear | recent_growth | quarters | peak | lower95 | qvalue,271,358,False,False,0.565310061445272,0.332120882620841,False,False,0.7605559379652778,0.4529448851816762,False,False,0.7535146398836274,0.4179075211098447,False,False,未进入候选范围审阅,False,False,False,Grid / Power grid / Smart grid,未进入候选范围审阅
N0045,Thin film / Nanocomposite / Thin film solar cell,待主题范围审阅,NMF关键词主题,待主题范围审阅,True,False,5,11974,0.0004499345549738,9,11985,0.0007764609726195,10,9992,0.0010251903925014,7,7998,0.0009093113482056,1,7996,0.0001819063788503,5,9,0.5794683452741802,3,26,8.666666666666666,0.0009036542377755,0.497905654801545,0.4388790201944652,-0.4117657421544289,1,0,3,24,0.0007505286400316,0,0,0.0,13,61,22.33333333333333,0.6,0.3963922949141638,0.0008767576509511,0.5131800726069347,0.2048417191604852,0.9371330014943408,0.999999583780761,14.28,16.9,False,False,近期份额下降,2026Q2,False,False,annual_volume | active_years | persistence | current_volume | current_share,volume | multiyear | recent_growth | quarters | trend | peak | lower95 | qvalue,470,431,False,False,0.3457026028190322,0.3710508029280459,False,False,0.4987331736940875,0.5800873090923222,False,False,0.3418152939666894,0.363359592038665,False,False,未进入候选范围审阅,False,False,False,Thin film / Nanocomposite / Thin film solar cell,未进入候选范围审阅
N0046,Carbon fibers / Carbon black / Carbon nanofiber,待主题范围审阅,NMF关键词主题,待主题范围审阅,True,False,23,11974,0.001922447643979,31,11985,0.0025745811197384,12,9992,0.0012204647529779,2,7998,0.0003031037827352,2,7996,0.0003031772980839,23,31,0.7467030769550403,3,45,15.0,0.0013660498851505,1.4073041291366986,0.7467030769550403,0.2271837287290257,2,2,3,66,0.0019058311722318,8,1,0.6666666666666666,47,122,27.666666666666668,1.6744186046511629,0.4340130698231047,0.001505376344086,1.277054506357517,0.7762020376418699,0.1673381546920078,0.6338566465606357,55.36,66.77000000000001,False,False,近期份额下降,2026Q2,False,False,annual_volume | active_years | persistence | current_volume | current_share,volume | recent_growth | quarters | peak | lower95 | qvalue,218,159,False,False,1.2217315609793171,0.7039936855553734,False,False,1.4092106107869948,0.7475006739097313,False,False,1.5197606271787096,0.806941431670282,False,False,未进入候选范围审阅,False,False,False,Carbon fibers / Carbon black / Carbon nanofiber,未进入候选范围审阅
N0047,Transformer / Distribution transformer / Voltage,待主题范围审阅,NMF关键词主题,待主题范围审阅,True,False,33,11974,0.0027405104712041,42,11985,0.0034736411932979,31,9992,0.0030755711775043,21,7998,0.0026066925315227,24,7996,0.0029711375212224,33,42,0.788944602710194,3,94,31.33333333333333,0.003051968300775,0.8979485371811521,0.788944602710194,-0.0576732131921864,1,4,3,106,0.0030965742806688,12,3,1.0,53,145,44.66666666666666,1.1824817518248176,0.3396001903565398,0.0031265508684863,0.8765283491232444,0.5910225919991973,0.7388328592943385,0.999999583780761,70.67000000000002,42.45,False,False,近期份额下降,2026Q2,False,False,annual_volume | current_volume | current_share,multiyear | recent_growth | quarters | trend | peak | lower95 | qvalue,123,300,False,False,0.7686581980702437,0.6767523599672717,False,False,0.8993699926556382,0.789787320293611,False,False,0.7241661790093756,0.6276211135213304,False,False,未进入候选范围审阅,False,False,False,Transformer / Distribution transformer / Voltage,未进入候选范围审阅
N0048,Dye-sensitized solar cell / Energy conversion efficiency / Auxiliary electrode,待主题范围审阅,NMF关键词主题,待主题范围审阅,True,False,10,11974,0.0008589659685863,11,11985,0.0009399264405394,13,9992,0.0013181019332161,11,7998,0.0013942774005819,11,7996,0.001394615571186,10,11,0.9138650978829956,3,35,11.666666666666666,0.0012174352581125,0.7055537145507885,0.6159159458229001,-0.2141093738323563,2,1,3,34,0.0010389981141139,3,0,0.25,24,91,31.0,0.78125,0.483765541894003,0.0011745244003308,0.7313308845217905,0.3673557711972898,0.8262722986880897,0.999999583780761,30.460000000000004,35.49,False,False,近期份额下降,2026Q2,False,False,annual_volume | active_years | persistence | current_volume,volume | multiyear | recent_growth | quarters | trend | peak | lower95 | qvalue,366,338,False,False,0.5105554522645852,0.5788392525677515,False,False,0.706748626435115,0.9148412503076544,False,False,0.7178126748717474,0.9862617498192336,False,False,未进入候选范围审阅,False,False,False,Dye-sensitized solar cell / Energy conversion efficiency / Auxiliary electrode,未进入候选范围审阅
N0049,Political science / Law / Sociology,待主题范围审阅,NMF关键词主题,待主题范围审阅,True,False,6,11974,0.0005317408376963,18,11985,0.001512055578259,20,9992,0.0020015621948838,7,7998,0.0009093113482056,9,7996,0.0011520737327188,6,18,0.3516675215791708,3,45,15.0,0.0014743097071161,0.3606710551587201,0.2656629102285787,-0.6627635143132888,1,1,3,44,0.0013484528702797,3,0,0.25,7,48,18.0,0.4210526315789473,0.2191028209035977,0.001505376344086,0.353227842183994,0.1552843546018212,0.9960335429646896,0.999999583780761,20.570000000000004,9.3,False,False,近期份额下降,2026Q2,False,False,annual_volume | active_years | persistence | current_volume | current_share,volume | multiyear | recent_growth | quarters | trend | peak | lower95 | qvalue,433,464,False,False,0.4199420448335301,0.4244821185496844,False,False,0.3612453856171755,0.3520431580977975,False,False,0.4609459431417864,0.366325792790001,False,False,未进入候选范围审阅,False,False,False,Political science / Law / Sociology,未进入候选范围审阅
N0050,Nanocomposite / Nanotechnology / Polymer nanocomposite,待主题范围审阅,NMF关键词主题,待主题范围审阅,True,False,30,11974,0.0024950916230366,59,11985,0.004863097670617,25,9992,0.0024897480960749,22,7998,0.0027279340446168,28,7996,0.0034562211981566,30,59,0.513066319459721,3,106,35.333333333333336,0.0033602599371029,0.7425293488419145,0.513066319459721,0.00107195603259,0,4,3,114,0.0032826457965762,11,2,0.9166666666666666,77,259,85.66666666666667,0.8999999999999999,0.6011695104055381,0.0035235732009925,0.7081140310449082,0.4734665561810493,0.9532657825910024,0.999999583780761,88.1,31.149999999999995,False,False,近期份额下降,2026Q2,False,False,annual_volume | active_years | current_volume | current_share,multiyear | recent_growth | quarters | peak | lower95 | qvalue,31,360,False,False,0.581217939363214,0.4134566089769653,False,False,0.7436468470053204,0.5136143554148216,False,False,0.770825406585936,0.5064587363936606,False,False,未进入候选范围审阅,False,False,False,Nanocomposite / Nanotechnology / Polymer nanocomposite,未进入候选范围审阅
N0051,Aqueous solution / Chemistry / Inorganic chemistry,待主题范围审阅,NMF关键词主题,待主题范围审阅,True,False,12,11974,0.0010225785340314,13,11985,0.0011033919084593,7,9992,0.0007322788517867,5,7998,0.0006668283220174,1,7996,0.0001819063788503,12,13,0.9267591380647664,3,25,8.333333333333334,0.0008341663607545,1.2258688220254677,0.9267591380647664,0.1669606521910922,1,0,3,32,0.0009527497647591,2,0,0.1666666666666666,27,56,14.666666666666666,1.7872340425531916,0.4532955299977672,0.0008436724565756,1.2120563212195874,0.6160525032257277,0.300165486699045,0.832990625564373,24.19,63.55,False,False,近期份额下降,2026Q2,False,False,annual_volume | active_years | persistence | current_volume,volume | multiyear | recent_growth | quarters | peak | lower95 | qvalue,406,183,False,False,0.4681339610445677,0.2936141136213232,False,False,1.2277495415574284,0.9277490633631416,False,False,1.2561239755063935,0.9862617498192336,False,False,未进入候选范围审阅,False,False,False,Aqueous solution / Chemistry / Inorganic chemistry,未进入候选范围审阅
N0052,Anatase / Brookite / Nanotechnology,待主题范围审阅,NMF关键词主题,待主题范围审阅,True,False,3,11974,0.0002863219895287,4,11985,0.0003677973028197,5,9992,0.0005370044913102,10,7998,0.0012730358874878,7,7996,0.0009095318942517,3,4,0.7784776759744036,3,19,6.333333333333333,0.0007259458938726,0.394412299794652,0.2249127399650959,-0.314444721563432,2,0,3,12,0.0003970412612196,0,0,0.0,10,27,15.0,0.6875,0.3195166940531152,0.0006451612903225,0.4437990837696334,0.1422469722747887,0.9392707197602274,0.999999583780761,4.74,22.82,False,False,近期份额下降,2026Q2,False,False,annual_volume | active_years | persistence | current_volume | current_share,volume | baseline | multiyear | recent_growth | quarters | trend | peak | lower95 | qvalue,492,403,False,False,0.5126802577241756,0.6890943482949423,False,False,0.3951236916144141,0.779309213225039,False,False,0.396040728632073,0.7670924720816261,False,False,未进入候选范围审阅,False,False,False,Anatase / Brookite / Nanotechnology,未进入候选范围审阅
N0053,Reliability (semiconductor) / Reliability engineering / Computer science,待主题范围审阅,NMF关键词主题,待主题范围审阅,True,False,32,11974,0.0026587041884816,30,11985,0.0024928483857785,25,9992,0.0024897480960749,15,7998,0.0018792434529582,28,7996,0.0034562211981566,32,30,1.0665326474122394,3,70,23.33333333333333,0.0022872799782705,1.162386858513016,0.7692517452006981,0.0328286588937527,3,4,3,87,0.002547100223445,12,2,1.0,62,138,37.66666666666666,1.6293103448275863,0.3499614753681026,0.0023325062034739,1.1398487105937396,0.7522632419505069,0.2632798284699935,0.7743524366764515,66.43,64.41,False,False,历史峰值以下的恢复或波动,2026Q2,False,False,annual_volume | active_years | current_volume,multiyear | recent_growth | peak | lower95 | qvalue,151,177,False,False,1.132839771270529,0.926899456726138,False,False,1.1810392972510213,1.0676718729195498,False,False,1.277764597661296,1.1351314479051555,False,False,未进入候选范围审阅,False,False,False,Reliability (semiconductor) / Reliability engineering / Computer science,未进入候选范围审阅
N0054,Mathematical optimization / Mathematics / Economic dispatch,待主题范围审阅,NMF关键词主题,待主题范围审阅,True,False,16,11974,0.0013498036649214,19,11985,0.001593788312219,29,9992,0.0028802968170279,32,7998,0.0039403491755577,40,7996,0.0049114722289594,16,19,0.8469152738622634,3,80,26.666666666666668,0.0028048114349348,0.4812457793451624,0.2748266918751211,-0.3789671009115225,2,1,3,64,0.0019412962647228,7,0,0.5833333333333334,31,102,46.66666666666666,0.6713286713286714,0.4414651233909327,0.0026633581472291,0.506805164872687,0.2984077155813814,0.9950567120094796,0.999999583780761,51.63,24.71,False,False,近期份额下降,2026Q2,False,False,annual_volume | active_years | persistence | current_volume,volume | multiyear | recent_growth | quarters | trend | peak | lower95 | qvalue,243,392,False,False,0.487787503445074,0.8218088153739682,False,False,0.4820939718395617,0.8478199132887786,False,False,0.5389878289548945,1.205431027556841,False,False,未进入候选范围审阅,False,False,False,Mathematical optimization / Mathematics / Economic dispatch,未进入候选范围审阅
N0055,Band gap / Direct and indirect band gaps / Condensed matter physics,待主题范围审阅,NMF关键词主题,待主题范围审阅,True,False,5,11974,0.0004499345549738,5,11985,0.0004495300367797,1,9992,0.0001464557703573,2,7998,0.0003031037827352,2,7996,0.0003031772980839,5,5,1.0008998691099475,3,8,2.6666666666666665,0.0002996965299574,1.5013005156840884,1.0008998691099475,0.5611893323732278,2,0,3,11,0.0003486401207036,0,0,0.0,8,24,7.0,1.125,0.3929664195585691,0.0002812241521918,1.599914344009855,0.5473707669616009,0.2142164917507747,0.7271745785864288,8.42,72.56,False,False,平稳或增长证据不足,2026Q2,False,False,annual_volume | active_years | persistence | current_volume,volume | baseline | recent_growth | quarters | peak | lower95 | qvalue,486,120,False,False,2.396120803518121,2.8941962628387574,False,False,1.503563343545038,1.001968988432193,False,False,1.6461928275502111,1.205431027556841,False,False,未进入候选范围审阅,False,False,False,Band gap / Direct and indirect band gaps / Condensed matter physics,未进入候选范围审阅
N0056,Oxide / Chemical engineering / Iron oxide,待主题范围审阅,NMF关键词主题,待主题范围审阅,True,False,1,11974,0.0001227094240837,1,11985,0.0001225991009399,3,9992,0.0003417301308338,2,7998,0.0003031037827352,1,7996,0.0001819063788503,1,1,1.0008998691099478,3,6,2.0,0.0002558110048363,0.4796878232908138,0.3590828347045624,-0.5121010898855047,3,0,3,5,0.0001956795519525,0,0,0.0,5,21,6.333333333333333,0.8181818181818182,0.5804672097482867,0.0002150537634408,0.5705988219895287,0.0966673772093237,0.7982462173596314,0.999999583780761,18.28,30.16,False,False,历史峰值以下的恢复或波动,2026Q2,False,False,annual_volume | active_years | persistence | current_volume,volume | baseline | multiyear | recent_growth | trend | peak | lower95 | qvalue,450,365,False,False,0.1753601503962989,0.9647320876129192,False,False,0.4805356625426738,1.001968988432193,False,False,0.4766118540065457,0.9862617498192336,False,False,未进入候选范围审阅,False,False,False,Oxide / Chemical engineering / Iron oxide,未进入候选范围审阅
N0057,Silicon / Crystalline silicon / Amorphous silicon,待主题范围审阅,NMF关键词主题,待主题范围审阅,True,False,6,11974,0.0005317408376963,12,11985,0.0010216591744993,8,9992,0.0008299160320249,6,7998,0.0007880698351115,10,7996,0.0012733446519524,6,12,0.5204679319371728,3,26,8.666666666666666,0.0008798816805453,0.6043322067653323,0.4175938045375218,-0.2225841529892429,1,0,3,26,0.0007944386814069,2,0,0.1666666666666666,13,51,18.0,0.7368421052631579,0.4714284670962958,0.0008767576509511,0.6064855403536501,0.257182844929306,0.8901347942274784,0.999999583780761,21.08,21.64,False,False,近期份额下降,2026Q2,False,False,annual_volume | active_years | persistence | current_volume | current_share,volume | multiyear | recent_growth | quarters | trend | peak | lower95 | qvalue,429,411,False,False,0.8357578070352109,1.393501904329772,False,False,0.6052873958750017,0.5210238739847403,False,False,0.6812493749336179,0.5574522933760886,False,False,未进入候选范围审阅,False,False,False,Silicon / Crystalline silicon / Amorphous silicon,未进入候选范围审阅
N0058,Alloy / Metallurgy / Microstructure,待主题范围审阅,NMF关键词主题,待主题范围审阅,True,False,10,11974,0.0008589659685863,31,11985,0.0025745811197384,14,9992,0.0014157391134544,7,7998,0.0009093113482056,7,7996,0.0009095318942517,10,31,0.3336332897033159,3,52,17.333333333333332,0.0016332105271328,0.5259370756655234,0.3336332897033159,-0.2498388558234285,1,1,3,55,0.0016164287339264,7,1,0.5833333333333334,22,138,47.333333333333336,0.4758620689655172,0.5005801936340007,0.0017369727047146,0.4945189790575916,0.2549288776088473,0.9848506965237436,0.999999583780761,50.98,16.16,False,False,近期份额下降,2026Q2,False,False,annual_volume | active_years | persistence | current_volume | current_share,volume | multiyear | recent_growth | quarters | trend | peak | lower95 | qvalue,251,434,False,False,0.260863720600781,0.1663331185539516,False,False,0.5267020652822944,0.333989662810731,False,False,0.5353015394485874,0.3071962827305809,False,False,未进入候选范围审阅,False,False,False,Alloy / Metallurgy / Microstructure,未进入候选范围审阅
N0059,Ion / Ionic bonding / Atomic physics,待主题范围审阅,NMF关键词主题,待主题范围审阅,True,False,6,11974,0.0005317408376963,20,11985,0.0016755210461789,3,9992,0.0003417301308338,5,7998,0.0006668283220174,5,7996,0.0006669900557846,6,20,0.3173584950836419,3,28,9.333333333333334,0.0008946931663434,0.5943275948664485,0.3173584950836419,0.2210674445112084,0,0,3,29,0.000849664004903,2,0,0.1666666666666666,21,79,22.33333333333333,0.942857142857143,0.4455323185940361,0.0009429280397022,0.5639251515569027,0.2405619529857993,0.9203611217093406,0.999999583780761,22.68,29.57,False,False,近期份额下降,2026Q2,False,False,annual_volume | active_years | persistence | current_volume | current_share,volume | multiyear | recent_growth | quarters | peak | lower95 | qvalue,415,370,False,False,0.3265520083603256,0.1929464175225838,False,False,0.5951578604272103,0.3176974841370367,False,False,0.6578303828088276,0.3287539166064112,False,False,未进入候选范围审阅,False,False,False,Ion / Ionic bonding / Atomic physics,未进入候选范围审阅
N0060,Proton exchange membrane fuel cell / Fuel cells / Membrane electrode assembly,待主题范围审阅,NMF关键词主题,待主题范围审阅,True,False,30,11974,0.0024950916230366,41,11985,0.0033919084593379,29,9992,0.0028802968170279,18,7998,0.0022429679922405,20,7996,0.0024860538442881,30,41,0.7356011086229736,3,88,29.33333333333333,0.0028383910895354,0.879051386623747,0.7356011086229736,-0.0717839495581067,2,3,3,100,0.0029224322998008,9,2,0.75,74,214,68.66666666666667,1.076555023923445,0.5781478308327923,0.0029280397022332,0.8521372237998048,0.5646530198470093,0.7738574778551861,0.999999583780761,82.16,42.06999999999999,False,False,近期份额下降,2026Q2,False,False,annual_volume | active_years | current_volume | current_share,multiyear | recent_growth | quarters | trend | peak | lower95 | qvalue,52,301,False,False,1.0619193764356636,0.8361011425978633,False,False,0.8804266016176181,0.7363868469200454,False,False,0.7992777701793972,0.6367006233010242,False,False,未进入候选范围审阅,False,False,False,Proton exchange membrane fuel cell / Fuel cells / Membrane electrode assembly,未进入候选范围审阅
N0061,Energy storage / Electrochemical energy storage / Process engineering,待主题范围审阅,NMF关键词主题,待主题范围审阅,True,False,36,11974,0.0029859293193717,46,11985,0.0038005721291377,29,9992,0.0028802968170279,23,7998,0.0028491755577109,20,7996,0.0024860538442881,36,46,0.7856525854303891,3,98,32.666666666666664,0.0031766815012922,0.9399523742487624,0.7856525854303891,0.018008838929433,1,4,3,111,0.0032222660885124,11,2,0.9166666666666666,94,214,62.333333333333336,1.5,0.5430150270729579,0.0032588916459884,0.9162407480001064,0.6267051283792024,0.666735861349463,0.999999583780761,84.5,47.89,False,False,近期份额下降,2026Q2,False,False,annual_volume | active_years | current_volume | current_share,multiyear | recent_growth | quarters | peak | lower95 | qvalue,42,268,False,False,0.8537568825099573,0.7893262535014793,False,False,0.9414300967483006,0.786491786618818,False,False,0.982464748895274,0.8157967560233167,False,False,有样本依据的条件性跟踪方向,False,False,True,新型储能系统与控制,论文与专利涉及储能材料、储能变流器和充放电控制；政策有规模化建设及工程质量监督。技术路线较宽，需进一步拆解有界任务。
N0062,OLED / Diode / Electroluminescence,待主题范围审阅,NMF关键词主题,待主题范围审阅,True,False,18,11974,0.0015134162303664,34,11985,0.0028197793216183,26,9992,0.0025873852763132,31,7998,0.0038191076624636,29,7996,0.0035774921173902,18,34,0.5367144225662038,3,91,30.33333333333333,0.0030754240867983,0.4921000121131284,0.39627482755755,-0.2681391601458518,0,2,3,78,0.0023068602760993,10,1,0.8333333333333334,47,169,72.0,0.6575342465753424,0.5335314361624386,0.0030272952853598,0.4999235580636855,0.3033285616659383,0.9973213005174604,0.999999583780761,71.1,15.71,False,False,近期份额下降,2026Q2,False,False,annual_volume | active_years | current_volume | current_share,volume | multiyear | recent_growth | quarters | trend | peak | lower95 | qvalue,119,440,False,False,0.4234443786553995,0.4922102487821016,False,False,0.492919740864454,0.5372877184346543,False,False,0.5226818038396892,0.5792330911636768,False,False,未进入候选范围审阅,False,False,False,OLED / Diode / Electroluminescence,未进入候选范围审阅
N0063,Renewable energy / Energy policy / Environmental economics,待主题范围审阅,NMF关键词主题,待主题范围审阅,True,False,49,11974,0.0040494109947643,60,11985,0.004944830404577,42,9992,0.0041495801601249,20,7998,0.0024854510184287,16,7996,0.0020009701673538,49,60,0.8189180747263208,3,122,40.66666666666666,0.0038599538610435,1.0490827456858782,0.8189180747263208,-0.0122178628697664,0,4,3,151,0.0043812738531554,11,3,0.9166666666666666,94,256,68.66666666666667,1.3636363636363635,0.4188937593608571,0.0040529363110008,0.9991301821775832,0.7182243217047508,0.487178813911264,0.999999583780761,81.87,47.01,False,False,近期份额下降,2026Q2,False,False,annual_volume | current_volume,multiyear | recent_growth | quarters | trend | peak | lower95 | qvalue,54,275,False,False,1.0841977832819911,0.7616305954838836,False,False,1.050690552679711,0.8197928087172488,False,False,1.0451583222017822,0.7942461879075244,False,False,未进入候选范围审阅,False,False,False,Renewable energy / Energy policy / Environmental economics,未进入候选范围审阅
N0064,Degradation (telecommunications) / Chemical engineering / Radical,待主题范围审阅,NMF关键词主题,待主题范围审阅,True,False,50,11974,0.0041312172774869,66,11985,0.0054352268083367,40,9992,0.0039543057996485,14,7998,0.0017580019398642,18,7996,0.002243512005821,50,66,0.760081855489509,3,120,40.0,0.0037158448492831,1.1117841150671002,0.760081855489509,0.0218835213925072,1,3,3,156,0.0045069166284907,10,3,0.8333333333333334,127,348,95.33333333333331,1.3287197231833912,0.5563976324908608,0.0039867659222497,1.0362327154526296,0.7460456988201795,0.4009149863409595,0.9644089494630352,90.24,50.8,False,False,近期份额下降,2026Q2,False,False,annual_volume | current_share,multiyear | recent_growth | quarters | peak | lower95 | qvalue,21,250,False,False,1.3211664124540317,0.8339209570891335,False,False,1.1134248307889856,0.7608937430951239,False,False,1.1765138949863396,0.7416076723446949,False,False,未进入候选范围审阅,False,False,False,Degradation (telecommunications) / Chemical engineering / Radical,未进入候选范围审阅
N0065,Combustion / Waste management / Combustor,待主题范围审阅,NMF关键词主题,待主题范围审阅,True,False,21,11974,0.001758835078534,24,11985,0.0020024519820187,25,9992,0.0024897480960749,19,7998,0.0023642095053346,15,7996,0.0018796992481203,21,24,0.8783407014638316,3,68,22.666666666666668,0.0022854698611428,0.769572641686275,0.7064309362488451,-0.1737649182072846,2,3,3,70,0.0020836783855426,8,0,0.6666666666666666,52,126,44.333333333333336,1.1691176470588234,0.497419304648635,0.0022663358147229,0.7760699306378263,0.4780529037536144,0.8496252102332784,0.999999583780761,61.040000000000006,40.14,False,False,近期份额下降,2026Q2,False,False,annual_volume | active_years | persistence | current_volume,volume | multiyear | recent_growth | quarters | trend | peak | lower95 | qvalue,183,313,False,False,0.8329272195198911,0.8932704514934436,False,False,0.770850150765099,0.879278908216006,False,False,0.7339613893060958,0.8183874094244704,False,False,未进入候选范围审阅,False,False,False,Combustion / Waste management / Combustor,未进入候选范围审阅
N0066,Phase (matter) / Phase transition / Phase change,待主题范围审阅,NMF关键词主题,待主题范围审阅,True,False,20,11974,0.0016770287958115,18,11985,0.001512055578259,11,9992,0.0011228275727396,7,7998,0.0009093113482056,4,7996,0.000545719136551,20,18,1.109105260365077,3,36,12.0,0.0011813981664014,1.41952886292327,1.109105260365077,0.2005867656956761,2,2,3,49,0.0014373039822701,5,0,0.4166666666666667,52,116,28.33333333333333,1.8068181818181817,0.3867867605063687,0.0012076095947063,1.388717680915155,0.8084912542493777,0.1172468194359922,0.5097687801564881,39.55,73.36,False,False,平稳或增长证据不足,2026Q2,False,False,annual_volume | active_years | persistence | current_volume,volume | recent_growth | quarters | lower95 | qvalue,320,116,False,False,1.3544415558650966,1.1190892216309862,False,False,1.4217182517560705,1.1102899601545924,False,False,1.475889493624339,1.11352133044107,False,False,未进入候选范围审阅,False,False,False,Phase (matter) / Phase transition / Phase change,未进入候选范围审阅
N0067,Geology / Geochemistry / Geotechnical engineering,待主题范围审阅,NMF关键词主题,待主题范围审阅,True,False,11,11974,0.0009407722513089,29,11985,0.0024111156518185,20,9992,0.0020015621948838,14,7998,0.0017580019398642,11,7996,0.001394615571186,11,29,0.3901813049072677,3,63,21.0,0.0020568932621888,0.4573753381387281,0.3901813049072677,-0.3774910850794821,1,1,3,60,0.0017844833660037,5,0,0.4166666666666667,25,119,48.0,0.5306122448979592,0.3387918181445268,0.0021009098428453,0.4477927763119924,0.2389366778782655,0.9954446392324738,0.999999583780761,41.2,13.58,False,False,近期份额下降,2026Q2,False,False,annual_volume | active_years | persistence | current_volume | current_share,volume | multiyear | recent_growth | quarters | trend | peak | lower95 | qvalue,307,449,False,False,0.3253991214654239,0.3930389986571152,False,False,0.4580956142593375,0.3905980802362786,False,False,0.4698923637841016,0.3844749194210571,False,False,未进入候选范围审阅,False,False,False,Geology / Geochemistry / Geotechnical engineering,未进入候选范围审阅
N0068,Quantum dot / Lead sulfide / Multiple exciton generation,待主题范围审阅,NMF关键词主题,待主题范围审阅,True,False,16,11974,0.0013498036649214,24,11985,0.0020024519820187,29,9992,0.0028802968170279,16,7998,0.0020004849660523,13,7996,0.0016371574096531,16,24,0.6740754220536382,3,69,23.0,0.002294411255033,0.588300664042041,0.4686335300381578,-0.3789671009115225,1,2,3,69,0.0020775174879893,9,0,0.75,42,172,63.66666666666666,0.6649484536082475,0.5568687056004126,0.0022994210090984,0.5870189319748389,0.3431983186734005,0.9765058232741493,0.999999583780761,68.19000000000001,20.7,False,False,近期份额下降,2026Q2,False,False,annual_volume | active_years | current_volume | current_share,volume | multiyear | recent_growth | quarters | trend | peak | lower95 | qvalue,140,413,False,False,0.5680777226460476,0.7331963865858185,False,False,0.5892705441446378,0.6747954411890278,False,False,0.6480692871290067,0.7232586165341046,False,False,未进入候选范围审阅,False,False,False,Quantum dot / Lead sulfide / Multiple exciton generation,未进入候选范围审阅
N0069,Nanorod / Process engineering / Biochemical engineering,待主题范围审阅,NMF关键词主题,待主题范围审阅,True,False,0,11974,4.090314136125655e-05,1,11985,0.0001225991009399,0,9992,4.881859011911736e-05,0,7998,6.062075654704171e-05,0,7996,6.063545961678389e-05,0,1,0.3336332897033159,3,1,0.3333333333333333,7.73461492020285e-05,0.5288322920177623,0.3336332897033159,-0.0884521596919034,2,0,3,1,7.077361080676677e-05,0,0,0.0,0,1,0.3333333333333333,0.75,0.0,4.962779156327544e-05,0.8241982984293195,0.0335737515282668,0.7363199358315258,0.999999583780761,0.38,23.47,False,False,近期份额下降,2026Q2,False,False,annual_volume | active_years | persistence | current_volume | current_share,volume | baseline | multiyear | recent_growth | quarters | trend | peak | lower95 | qvalue,499,399,False,False,0.5146516632329008,0.3215773625376397,False,False,0.5296094156861927,0.333989662810731,False,False,0.524656423538322,0.3287539166064111,False,False,未进入候选范围审阅,False,False,False,Nanorod / Process engineering / Biochemical engineering,未进入候选范围审阅
N0070,Artificial neural network / Artificial intelligence / Machine learning,待主题范围审阅,NMF关键词主题,待主题范围审阅,True,False,85,11974,0.0069944371727748,56,11985,0.0046178994687372,51,9992,0.005028314782269,45,7998,0.0055164888457807,40,7996,0.0049114722289594,85,56,1.5146360851132834,3,152,50.66666666666666,0.0050542343655957,1.3838766995820715,1.2679146769460905,0.1650151244446087,4,4,3,192,0.005546883807927,12,3,1.0,143,321,103.66666666666669,1.375796178343949,0.4798170507101327,0.0050454921422663,1.3862745150630846,1.0637652176215686,0.0061648792824558,0.0856233233674421,89.49000000000001,79.10000000000001,False,False,多年背景上持续抬升,2026Q2,True,False,,qvalue,27,84,False,False,1.36632291640396,1.4411429950760892,True,False,1.3861673386771434,1.516253955946062,False,False,1.260967581465488,1.4267281623598622,False,False,范围过宽或样本混杂，暂缓认定,False,False,False,Artificial neural network / Artificial intelligence / Machine learning,混有云服务价格、停电预测、充电控制、太阳风和森林火灾；通用神经网络主题需重分。
N0071,Nanorod / Chemical engineering / Hydrothermal circulation,待主题范围审阅,NMF关键词主题,待主题范围审阅,True,False,7,11974,0.0006135471204188,19,11985,0.001593788312219,18,9992,0.0018062878344073,22,7998,0.0027279340446168,16,7996,0.0020009701673538,7,19,0.3849614881192106,3,59,19.666666666666668,0.0020426700637477,0.3003652578591929,0.2249127399650959,-0.5398860154629102,1,0,3,44,0.0013378744223484,2,0,0.1666666666666666,17,115,50.66666666666666,0.3483870967741935,0.6402905494238279,0.0019685690653432,0.3116716254564653,0.1458372256938528,0.9993796108583392,0.999999583780761,44.21000000000001,8.74,False,False,近期份额下降,2026Q2,False,False,annual_volume | active_years | persistence | current_volume | current_share,volume | multiyear | recent_growth | quarters | trend | peak | lower95 | qvalue,288,467,False,False,0.4956740938804865,0.7377363022922323,False,False,0.3008776562257777,0.3853726878585357,False,False,0.2461302629628741,0.2781763909746556,False,False,未进入候选范围审阅,False,False,False,Nanorod / Chemical engineering / Hydrothermal circulation,未进入候选范围审阅
N0072,Converters / Voltage droop / Voltage source,待主题范围审阅,NMF关键词主题,待主题范围审阅,True,False,6,11974,0.0005317408376963,1,11985,0.0001225991009399,5,9992,0.0005370044913102,8,7998,0.0010305528612997,3,7996,0.0004244482173174,6,1,4.337232766143107,3,14,4.666666666666667,0.0005633854845166,0.943831270613128,0.515976285802279,-0.0049251173603201,4,0,3,12,0.0003971148099821,0,0,0.0,9,24,11.0,0.8333333333333334,0.3709007631477644,0.0004797353184449,1.108404608232533,0.4394392664002074,0.4426736315854485,0.999999583780761,8.159999999999998,66.30999999999999,False,False,历史峰值以下的恢复或波动,2026Q2,False,False,annual_volume | active_years | persistence | current_volume,volume | baseline | multiyear | trend | peak | lower95 | qvalue,487,162,False,False,1.0574201161645231,12.54151713896795,False,False,0.9456050980475086,4.341865616539502,False,False,0.932925804472932,3.616293082670522,False,False,未进入候选范围审阅,False,False,False,Converters / Voltage droop / Voltage source,未进入候选范围审阅
N0073,Annealing (glass) / Metallurgy / Composite material,待主题范围审阅,NMF关键词主题,待主题范围审阅,True,False,3,11974,0.0002863219895287,6,11985,0.0005312627707396,5,9992,0.0005370044913102,3,7998,0.0004243452958292,5,7996,0.0006669900557846,3,6,0.5389460833668948,3,14,4.666666666666667,0.000497537519293,0.5754781869226829,0.4292747501189909,-0.314444721563432,2,0,3,14,0.0004515297505262,0,0,0.0,8,38,12.0,0.6923076923076923,0.3869148104461403,0.0004797353184449,0.5968332505867484,0.1857422131108553,0.8401451005490823,0.999999583780761,8.870000000000001,22.08,False,False,近期份额下降,2026Q2,False,False,annual_volume | active_years | persistence | current_volume | current_share,volume | baseline | multiyear | recent_growth | quarters | trend | peak | lower95 | qvalue,483,407,False,False,0.8816500552444241,0.9647320876129192,False,False,0.5763989255333702,0.5395217630019501,False,False,0.4700020053462713,0.3793314422381667,False,False,未进入候选范围审阅,False,False,False,Annealing (glass) / Metallurgy / Composite material,未进入候选范围审阅
N0074,Electric power transmission / Transmission line / Transmission (telecommunications),待主题范围审阅,NMF关键词主题,待主题范围审阅,True,False,16,11974,0.0013498036649214,13,11985,0.0011033919084593,11,9992,0.0011228275727396,19,7998,0.0023642095053346,12,7996,0.0015158864904195,16,13,1.2233220622454914,3,43,14.333333333333334,0.0015301429955112,0.8821421716017438,0.5709323399113975,0.092054513076762,3,1,3,40,0.0011920077153735,2,0,0.1666666666666666,18,59,21.33333333333333,0.8507462686567164,0.3261307502830506,0.0014392059553349,0.9378808223506048,0.5321542958163011,0.5958516205390388,0.999999583780761,22.39,56.99,False,False,历史峰值以下的恢复或波动,2026Q2,False,False,annual_volume | active_years | persistence | current_volume,volume | multiyear | peak | lower95 | qvalue,419,220,False,False,0.6348527149757626,0.8808423408639696,False,False,0.8836735926085961,1.224628763639347,False,False,0.8462987992354624,1.4015298550062794,False,False,未进入候选范围审阅,False,False,False,Electric power transmission / Transmission line / Transmission (telecommunications),未进入候选范围审阅
N0075,Carbon nanotube / Carbon nanofiber / Nanofiber,待主题范围审阅,NMF关键词主题,待主题范围审阅,True,False,11,11974,0.0009407722513089,7,11985,0.0006129955046996,9,9992,0.0009275532122632,3,7998,0.0004243452958292,5,7996,0.0006669900557846,11,7,1.534713132635253,3,19,6.333333333333333,0.0006549646709307,1.4363709877237258,1.0142515155690273,0.0070754586894516,3,0,3,27,0.0008271069894239,0,0,0.0,16,47,14.0,1.1333333333333333,0.4655493594786342,0.0006451612903225,1.4581969895287958,0.7036064835525646,0.1622056992254549,0.6287042605637789,19.56,72.36,False,False,多年背景上持续抬升,2026Q2,False,False,annual_volume | active_years | persistence | current_volume,volume | baseline | peak | lower95 | qvalue,439,123,False,False,1.6144291019210295,1.6078868126881989,False,False,1.438692813393886,1.5363524489293623,False,False,1.4388869044201325,1.3807664497469267,False,False,未进入候选范围审阅,False,False,False,Carbon nanotube / Carbon nanofiber / Nanofiber,未进入候选范围审阅
N0076,Fabrication / Electrospinning / Composite material,待主题范围审阅,NMF关键词主题,待主题范围审阅,True,False,21,11974,0.001758835078534,25,11985,0.0020841847159787,12,9992,0.0012204647529779,6,7998,0.0007880698351115,7,7996,0.0009095318942517,21,25,0.843895968073093,3,43,14.333333333333334,0.0013642397680227,1.2892419058294975,0.843895968073093,0.1827099857207774,2,2,3,58,0.0016878281824969,6,0,0.5,56,134,33.0,1.6764705882352942,0.4538376902818246,0.0014392059553349,1.2220871321538185,0.7289484609771374,0.2246269753269154,0.7340750827676973,51.23,65.34,False,False,近期份额下降,2026Q2,False,False,annual_volume | active_years | persistence | current_volume,volume | recent_growth | quarters | peak | lower95 | qvalue,247,171,False,False,1.273428871115346,0.9062634762424392,False,False,1.2911343592074471,0.8447973824036137,False,False,1.2578114811420549,0.7542001616264726,False,False,未进入候选范围审阅,False,False,False,Fabrication / Electrospinning / Composite material,未进入候选范围审阅
N0077,Microgrid / Voltage droop / Automatic frequency control,待主题范围审阅,NMF关键词主题,待主题范围审阅,True,False,45,11974,0.0037221858638743,52,11985,0.0042909685328974,59,9992,0.0058094122241749,45,7998,0.0055164888457807,49,7996,0.0060029105020616,45,52,0.8674465532286214,3,156,52.0,0.005205623200951,0.7150317493579456,0.6200635279496536,-0.2225841529892429,2,4,3,156,0.0046075222069822,12,3,1.0,74,225,90.33333333333331,0.8211678832116789,0.4336082406735115,0.0051778329197684,0.7188694424000134,0.5167514482272062,0.9736385550093792,0.999999583780761,83.75,34.99,False,False,近期份额下降,2026Q2,False,False,annual_volume | current_volume,multiyear | recent_growth | quarters | trend | peak | lower95 | qvalue,46,344,False,False,0.6348093319863028,0.7693433103748596,False,False,0.7162290616236706,0.8683731233079005,False,False,0.7134584022529543,0.859002169197397,False,False,未进入候选范围审阅,False,False,False,Microgrid / Voltage droop / Automatic frequency control,未进入候选范围审阅
N0078,Electrocatalyst / Oxygen reduction reaction / Reversible hydrogen electrode,待主题范围审阅,NMF关键词主题,待主题范围审阅,True,False,21,11974,0.001758835078534,30,11985,0.0024928483857785,22,9992,0.0021968365553602,17,7998,0.0021217264791464,12,7996,0.0015158864904195,21,30,0.7055523667496352,3,69,23.0,0.0022704704734284,0.7746566621842859,0.7055523667496352,-0.1111833467302818,2,3,3,73,0.0021495066732242,9,1,0.75,46,154,54.333333333333336,0.8493975903614458,0.5958303301708874,0.0022994210090984,0.7649034568156993,0.4715672979597763,0.8634098919721345,0.999999583780761,71.22000000000001,35.91,False,False,近期份额下降,2026Q2,False,False,annual_volume | active_years | current_volume | current_share,volume | multiyear | recent_growth | quarters | trend | peak | lower95 | qvalue,117,332,False,False,0.9287778828115594,0.7852470480570272,False,False,0.7758951780646519,0.7063060082390868,False,False,0.736575111680323,0.6748106709289493,False,False,未进入候选范围审阅,False,False,False,Electrocatalyst / Oxygen reduction reaction / Reversible hydrogen electrode,未进入候选范围审阅
N0079,Photochemistry / Visible spectrum / Fluorescence,待主题范围审阅,NMF关键词主题,待主题范围审阅,True,False,4,11974,0.0003681282722513,15,11985,0.0012668573763792,14,9992,0.0014157391134544,14,7998,0.0017580019398642,8,7996,0.0010308028134853,4,15,0.2905838329674041,3,43,14.333333333333334,0.0014801994765659,0.2487017986963237,0.2094015165192272,-0.6734877860170303,0,0,3,33,0.0010169082540283,3,0,0.25,13,95,41.66666666666666,0.328125,0.5257735434756704,0.0014392059553349,0.2557856788228922,0.0969089877598512,0.9988280372151522,0.999999583780761,31.180000000000003,3.67,False,False,近期份额下降,2026Q2,False,False,annual_volume | active_years | persistence | current_volume | current_share,volume | multiyear | recent_growth | quarters | trend | peak | lower95 | qvalue,363,486,False,False,0.2930763469286346,0.2701249845316174,False,False,0.1937590208795124,0.2262510619040436,False,False,0.266719452076803,0.2863340563991323,False,False,未进入候选范围审阅,False,False,False,Photochemistry / Visible spectrum / Fluorescence,未进入候选范围审阅
N0080,Quantum dot / Quantum yield / Fluorescence,待主题范围审阅,NMF关键词主题,待主题范围审阅,True,False,8,11974,0.0006953534031413,6,11985,0.0005312627707396,5,9992,0.0005370044913102,8,7998,0.0010305528612997,6,7996,0.0007882609750181,8,6,1.308869059605316,3,19,6.333333333333333,0.0006996067077832,0.9939204347320468,0.6747382198952879,0.1292068759370197,2,0,3,19,0.0005878735550637,0,0,0.0,20,44,14.333333333333334,1.3695652173913042,0.4921424422256524,0.0006451612903225,1.07779777486911,0.4815912875775788,0.4502911721932381,0.999999583780761,17.37,62.29000000000001,False,False,历史峰值以下的恢复或波动,2026Q2,False,False,annual_volume | active_years | persistence | current_volume,volume | baseline | multiyear | quarters | peak | lower95 | qvalue,460,195,False,False,1.210296586075639,1.79164530556685,False,False,0.9956313011611704,1.3102671387190217,False,False,0.8772575202359157,1.1379943267145003,False,False,未进入候选范围审阅,False,False,False,Quantum dot / Quantum yield / Fluorescence,未进入候选范围审阅
N0081,Water splitting / Photocatalytic water splitting / Photoelectrochemistry,待主题范围审阅,NMF关键词主题,待主题范围审阅,True,False,22,11974,0.0018406413612565,24,11985,0.0020024519820187,24,9992,0.0023921109158367,14,7998,0.0017580019398642,25,7996,0.0030924084404559,22,24,0.9191937573458704,3,62,20.666666666666668,0.0020508549459065,0.8974995354646518,0.5952128888204496,-0.1310310638620562,2,3,3,70,0.002078401419704,10,0,0.8333333333333334,58,178,56.333333333333336,1.0290697674418603,0.6884219844750599,0.0020678246484698,0.8901341623036649,0.5497685319033386,0.68372270975993,0.999999583780761,75.27999999999999,44.27,False,False,近期份额下降,2026Q2,False,False,annual_volume | active_years | current_volume,volume | multiyear | recent_growth | quarters | trend | peak | lower95 | qvalue,92,291,False,False,0.8291228080576692,0.7651323453481773,False,False,0.8989556456778798,0.9201756016214016,False,False,0.8899738715856551,0.902324579621852,False,False,未进入候选范围审阅,False,False,False,Water splitting / Photocatalytic water splitting / Photoelectrochemistry,未进入候选范围审阅
N0082,Organic solar cell / Polymer solar cell / Energy conversion efficiency,待主题范围审阅,NMF关键词主题,待主题范围审阅,True,False,29,11974,0.0024132853403141,17,11985,0.0014303228442991,18,9992,0.0018062878344073,23,7998,0.0028491755577109,17,7996,0.0021222410865874,29,17,1.6872312079281977,3,58,19.33333333333333,0.0020285954121391,1.1896336380694728,0.8470118079536594,0.1448576059388444,4,2,3,64,0.0018832986730068,6,0,0.5,101,163,53.66666666666666,1.8658536585365852,0.5665815499529403,0.0019354838709677,1.246864092495637,0.800943134674505,0.161055881144651,0.6287042605637789,64.97999999999999,78.4,False,False,历史峰值以下的恢复或波动,2026Q2,False,False,annual_volume | active_years | persistence | current_volume,multiyear | peak | lower95 | qvalue,161,87,False,False,0.97135286600655,1.4649635404492478,False,False,1.1916908962988797,1.6890334376428398,False,False,1.092908020704727,1.7344603186476175,False,False,未进入候选范围审阅,False,False,False,Organic solar cell / Polymer solar cell / Energy conversion efficiency,未进入候选范围审阅
N0083,Economics / Econometrics / Natural resource economics,待主题范围审阅,NMF关键词主题,待主题范围审阅,True,False,26,11974,0.0021678664921465,62,11985,0.0051082958724969,63,9992,0.0061999609451279,35,7998,0.0043040737148399,31,7996,0.0038200339558573,26,62,0.4243815445026178,3,160,53.333333333333336,0.0052041101774882,0.4165681390690512,0.3496580883868574,-0.5253997461451378,1,2,3,151,0.0044920411032571,10,2,0.8333333333333334,50,271,97.66666666666669,0.5168918918918919,0.3987825123764372,0.0053101736972704,0.4082477552967656,0.2706694332574794,0.999994791655419,0.999999583780761,77.37,12.05,False,False,近期份额下降,2026Q2,False,False,annual_volume | active_years | current_volume | current_share,multiyear | recent_growth | quarters | trend | peak | lower95 | qvalue,84,454,False,False,0.3681606720611059,0.3215773625376397,False,False,0.4172425133894563,0.4248348510952498,False,False,0.3793121132296203,0.3779133807718558,False,False,未进入候选范围审阅,False,False,False,Economics / Econometrics / Natural resource economics,未进入候选范围审阅
N0084,Oxygen / Oxygen reduction reaction / Oxygen evolution,待主题范围审阅,NMF关键词主题,待主题范围审阅,True,False,22,11974,0.0018406413612565,43,11985,0.0035553739272578,21,9992,0.002099199375122,9,7998,0.0011517943743937,12,7996,0.0015158864904195,22,43,0.5177068288499729,3,73,24.33333333333333,0.0022687892255912,0.8112879506367023,0.5177068288499729,-0.0657209726535241,0,3,3,86,0.0024984048878788,9,1,0.75,50,164,51.66666666666666,0.9683544303797468,0.6391325861912356,0.0024317617866004,0.7569168046799871,0.4720193035646127,0.8777408825275881,0.999999583780761,77.33000000000001,30.680000000000003,False,False,近期份额下降,2026Q2,False,False,annual_volume | active_years | current_volume | current_share,volume | multiyear | recent_growth | quarters | trend | peak | lower95 | qvalue,85,362,False,False,0.8581021509708607,0.5952602242718011,False,False,0.8124668224356996,0.5182598216028584,False,False,0.8879469070754186,0.536826015724393,False,False,未进入候选范围审阅,False,False,False,Oxygen / Oxygen reduction reaction / Oxygen evolution,未进入候选范围审阅
N0085,Mesoporous material / Mesoporous silica / Specific surface area,待主题范围审阅,NMF关键词主题,待主题范围审阅,True,False,2,11974,0.0002045157068062,12,11985,0.0010216591744993,5,9992,0.0005370044913102,8,7998,0.0010305528612997,3,7996,0.0004244482173174,2,12,0.2001799738219895,3,25,8.333333333333334,0.0008630721757031,0.2369624610359702,0.1984524176162611,-0.4826808398740381,0,0,3,19,0.0005877264575386,1,0,0.0833333333333333,3,55,24.666666666666668,0.1558441558441558,0.6229559349529123,0.0008436724565756,0.2424112642439174,0.0661336749185208,0.9925059826250104,0.999999583780761,25.34,3.34,False,False,近期份额下降,2026Q2,False,False,annual_volume | active_years | persistence | current_volume | current_share,volume | multiyear | recent_growth | quarters | trend | peak | lower95 | qvalue,400,488,False,False,0.2488519078124446,0.1702468389905151,False,False,0.2373410216580059,0.2003937976864385,False,False,0.2476424012241338,0.1972523499638467,False,False,未进入候选范围审阅,False,False,False,Mesoporous material / Mesoporous silica / Specific surface area,未进入候选范围审阅
N0086,Current (fluid) / Electrical engineering / Voltage,待主题范围审阅,NMF关键词主题,待主题范围审阅,True,False,33,11974,0.0027405104712041,40,11985,0.003310175725378,31,9992,0.0030755711775043,23,7998,0.0028491755577109,13,7996,0.0016371574096531,33,40,0.8279048300045245,3,94,31.33333333333333,0.0030783074868644,0.8902653431791036,0.8279048300045245,-0.0576732131921864,1,3,3,104,0.0030420857913621,9,3,0.75,60,167,48.333333333333336,1.2364864864864864,0.3429034742140472,0.0031265508684863,0.8765283491232444,0.5910225919991973,0.7388328592943385,0.999999583780761,68.43,43.05,False,False,近期份额下降,2026Q2,False,False,annual_volume | current_volume,multiyear | recent_growth | quarters | trend | peak | lower95 | qvalue,137,297,False,False,0.9027523134777538,0.86662373972008,False,False,0.891692971869731,0.8287891632710732,False,False,0.9699821201516566,0.8241365306708665,False,False,未进入候选范围审阅,False,False,False,Current (fluid) / Electrical engineering / Voltage,未进入候选范围审阅
N0087,Process (computing) / Process engineering / Engineering,待主题范围审阅,NMF关键词主题,待主题范围审阅,True,False,34,11974,0.0028223167539267,17,11985,0.0014303228442991,11,9992,0.0011228275727396,12,7998,0.001515518913676,10,7996,0.0012733446519524,34,17,1.973202599102468,3,40,13.333333333333334,0.0013562231102382,2.081012137767515,1.8622774869109948,0.4608539846421515,4,4,3,62,0.0017918223903218,6,1,0.5,48,115,30.33333333333333,1.5638297872340423,0.3107729913097415,0.0013399503722084,2.106284540430482,1.337533781575346,0.0004540858736492,0.009460122367693,46.370000000000005,92.75,False,False,多年背景上持续抬升,2026Q2,False,True,annual_volume | active_years | persistence | current_volume,,276,20,False,False,1.9547159332399016,1.7508100849271495,False,True,2.0239726378199,1.918054920713055,False,True,2.097118534283512,1.9426367799469757,False,True,范围过宽或样本混杂，暂缓认定,False,False,False,Process (computing) / Process engineering / Engineering,污水风险、异丙苯精馏、水泥光催化、通信和煤层注水混合，Process不是统一能源任务。
N0088,Porosity / Porous medium / Composite material,待主题范围审阅,NMF关键词主题,待主题范围审阅,True,False,23,11974,0.001922447643979,26,11985,0.0021659174499387,9,9992,0.0009275532122632,6,7998,0.0007880698351115,7,7996,0.0009095318942517,23,26,0.8875904499654254,3,41,13.666666666666666,0.0012938468324378,1.4858386601734337,0.8875904499654254,0.3644021515799061,2,3,3,58,0.0016719727687269,6,0,0.5,72,136,27.666666666666668,2.546511627906977,0.5321064969825219,0.0013730355665839,1.4001440973317354,0.8441460134408932,0.0949898428787145,0.4409284924135203,55.96,74.42,False,False,近期份额下降,2026Q2,False,False,annual_volume | active_years | persistence | current_volume,volume | recent_growth | quarters | peak | lower95 | qvalue,213,109,False,False,1.4320876404490213,0.9647320876129192,False,False,1.4879705912564671,0.8885385369115673,False,False,1.4838849391403313,0.865495004943409,False,False,未进入候选范围审阅,False,False,False,Porosity / Porous medium / Composite material,未进入候选范围审阅
N0089,Metal / Noble metal / Metal ions in aqueous solution,待主题范围审阅,NMF关键词主题,待主题范围审阅,True,False,10,11974,0.0008589659685863,9,11985,0.0007764609726195,6,9992,0.0006346416715485,4,7998,0.0005455868089233,4,7996,0.000545719136551,10,9,1.1062577500688895,3,19,6.333333333333333,0.0006522298176971,1.3169682606955542,1.1062577500688895,0.1513343804390401,3,1,3,25,0.0007566895375848,2,0,0.1666666666666666,32,64,12.0,2.5384615384615383,0.4889056948685752,0.0006451612903225,1.3313972513089003,0.6287516919274834,0.2393610137015726,0.7636063143815582,23.49,74.00999999999999,False,False,平稳或增长证据不足,2026Q2,False,False,annual_volume | active_years | persistence | current_volume,volume | baseline | recent_growth | lower95 | qvalue,407,114,False,False,1.257468624913352,1.6078868126881989,False,False,1.3190346005015678,1.1074394082671606,False,False,1.113266825963547,0.8824447235224722,False,False,未进入候选范围审阅,False,False,False,Metal / Noble metal / Metal ions in aqueous solution,未进入候选范围审阅
N0090,Dielectric spectroscopy / Cyclic voltammetry / Chronoamperometry,待主题范围审阅,NMF关键词主题,待主题范围审阅,True,False,13,11974,0.0011043848167539,3,11985,0.0002860645688598,12,9992,0.0012204647529779,11,7998,0.0013942774005819,16,7996,0.0020009701673538,13,3,3.8606137808526553,3,26,8.666666666666666,0.0009669355741399,1.1421493285488862,0.551924678724417,-0.0499716391238389,4,0,3,28,0.0008703047128638,1,0,0.0833333333333333,33,69,21.0,1.5454545454545454,0.6274875518621111,0.0008767576509511,1.259623814580658,0.6540499829585891,0.2538111920253296,0.7743524366764515,32.82000000000001,74.21,False,False,历史峰值以下的恢复或波动,2026Q2,False,False,annual_volume | active_years | persistence | current_volume,volume | multiyear | trend | peak | lower95 | qvalue,357,111,False,False,0.9067660964163256,2.50830342779359,False,False,1.1442409128308857,3.864737526809888,False,False,0.8859350316252917,2.9587852494577005,False,False,未进入候选范围审阅,False,False,False,Dielectric spectroscopy / Cyclic voltammetry / Chronoamperometry,未进入候选范围审阅
N0091,Current (fluid) / Tidal power / Tidal current,待主题范围审阅,NMF关键词主题,待主题范围审阅,True,False,6,11974,0.0005317408376963,2,11985,0.0002043318348998,0,9992,4.881859011911736e-05,4,7998,0.0005455868089233,2,7996,0.0003031772980839,6,2,2.602339659685864,3,6,2.0,0.0002662457446474,1.9971806062118576,0.9746218731820826,1.1940225190388651,3,0,3,8,0.0002616304209051,0,0,0.0,7,11,3.6666666666666665,1.7142857142857144,0.2224581511444848,0.0002150537634408,2.4725948952879584,0.8336478395579021,0.0498856515868404,0.319779817864362,2.34,93.0,False,False,历史峰值以下的恢复或波动,2026Q2,False,False,annual_volume | active_years | persistence | current_volume,volume | baseline | peak | lower95 | qvalue,497,17,False,False,2.112934504484605,10.612052963742112,False,False,2.0007011467928995,2.6051193699237016,False,False,2.256068180887496,4.273800915883345,False,False,未进入候选范围审阅,False,False,False,Current (fluid) / Tidal power / Tidal current,未进入候选范围审阅
N0092,Biomass (ecology) / Agronomy / Torrefaction,待主题范围审阅,NMF关键词主题,待主题范围审阅,True,False,37,11974,0.0030677356020942,55,11985,0.0045361667347772,22,9992,0.0021968365553602,12,7998,0.001515518913676,15,7996,0.0018796992481203,37,55,0.6762836953445592,3,89,29.666666666666668,0.0027495074012712,1.115740077904832,0.6762836953445592,0.1669606521910922,0,4,3,114,0.0032669129640772,10,2,0.8333333333333334,75,234,64.66666666666667,1.1573604060913705,0.528775311836096,0.0029611248966087,1.0360034477463511,0.7075847274659597,0.4190448312608096,0.9840106880911078,83.09,50.23,False,False,近期份额下降,2026Q2,False,False,annual_volume | active_years | current_volume | current_share,multiyear | recent_growth | quarters | peak | lower95 | qvalue,49,253,False,False,1.0966547843885612,0.6479543872027069,False,False,1.1173426551674874,0.6770060732649953,False,False,1.2087257772708908,0.712842650859446,False,False,未进入候选范围审阅,False,False,False,Biomass (ecology) / Agronomy / Torrefaction,未进入候选范围审阅
N0093,Raman spectroscopy / Optics / Raman scattering,待主题范围审阅,NMF关键词主题,待主题范围审阅,True,False,7,11974,0.0006135471204188,6,11985,0.0005312627707396,3,9992,0.0003417301308338,6,7998,0.0007880698351115,4,7996,0.000545719136551,7,6,1.1548844643576317,3,15,5.0,0.000553687578895,1.1081106815567252,0.7785440998791784,0.2926178663315451,3,0,3,16,0.0004955133406641,0,0,0.0,9,42,18.0,0.5263157894736842,0.5186046723604428,0.0005128205128205,1.196416884816754,0.500332612693938,0.3668849154427238,0.9311799884333092,17.78,63.96,False,False,历史峰值以下的恢复或波动,2026Q2,False,False,annual_volume | active_years | persistence | current_volume,volume | baseline | multiyear | peak | lower95 | qvalue,456,179,False,False,1.6621841280742276,1.1131524087841376,False,False,1.1099602492535448,1.1561180635756074,False,False,1.0933177501893858,1.1655820679681852,False,False,未进入候选范围审阅,False,False,False,Raman spectroscopy / Optics / Raman scattering,未进入候选范围审阅
N0094,Characterization (materials science) / Sol-gel / Nanotechnology,待主题范围审阅,NMF关键词主题,待主题范围审阅,True,False,30,11974,0.0024950916230366,51,11985,0.0042092357989374,20,9992,0.0020015621948838,9,7998,0.0011517943743937,15,7996,0.0018796992481203,30,51,0.592765941900066,3,80,26.666666666666668,0.0024541974560716,1.016662948966793,0.592765941900066,0.1101987390425986,0,4,3,101,0.0029019632056193,10,2,0.8333333333333334,77,216,55.66666666666666,1.376470588235294,0.3929610081124481,0.0026633581472291,0.9368216684010277,0.6175429440863837,0.6162546345167442,0.999999583780761,72.28,45.99,False,False,近期份额下降,2026Q2,False,False,annual_volume | active_years | current_volume | current_share,multiyear | recent_growth | quarters | peak | lower95 | qvalue,106,279,False,False,1.0052382966298663,0.6167959248672762,False,False,1.0295337729367235,0.6051495870729087,False,False,1.0693754596731566,0.6177683487878717,False,False,未进入候选范围审阅,False,False,False,Characterization (materials science) / Sol-gel / Nanotechnology,未进入候选范围审阅
N0095,Pyrolysis / Pulp and paper industry / Waste management,待主题范围审阅,NMF关键词主题,待主题范围审阅,True,False,19,11974,0.001595222513089,16,11985,0.0013485901103391,10,9992,0.0010251903925014,5,7998,0.0006668283220174,8,7996,0.0010308028134853,19,16,1.1828816634935744,3,31,10.333333333333334,0.0010135362749527,1.5739175326146506,1.1828816634935744,0.2210674445112088,3,2,3,45,0.0013230010053098,3,0,0.25,46,101,25.33333333333333,1.7848101265822789,0.533500932229241,0.0010421836228287,1.5306539827973074,0.8701662796422908,0.0692531806904353,0.384739892724641,42.18,79.65,False,False,多年背景上持续抬升,2026Q2,False,False,annual_volume | active_years | persistence | current_volume,volume | lower95 | qvalue,300,82,False,False,2.751470966949038,1.8651487027183105,False,False,1.576312483104295,1.184145168147137,False,False,1.743967585543037,1.5385683297180042,False,False,未进入候选范围审阅,False,False,False,Pyrolysis / Pulp and paper industry / Waste management,未进入候选范围审阅
N0096,Nuclear engineering / Fusion power / Blanket,待主题范围审阅,NMF关键词主题,待主题范围审阅,True,False,5,11974,0.0004499345549738,23,11985,0.0019207192480588,17,9992,0.0017086506541691,7,7998,0.0009093113482056,13,7996,0.0016371574096531,5,23,0.2342531608555196,3,47,15.666666666666666,0.0015128937501445,0.2973999693837321,0.2342531608555196,-0.6671785540374247,0,1,3,45,0.0013597681524005,6,0,0.5,6,71,30.666666666666668,0.2210526315789473,0.3235505712353174,0.001571546732837,0.2863004615596583,0.1184196467927908,0.9987537136069908,0.999999583780761,28.4,3.56,False,False,近期份额下降,2026Q2,False,False,annual_volume | active_years | persistence | current_volume | current_share,volume | multiyear | recent_growth | quarters | trend | peak | lower95 | qvalue,378,487,False,False,0.3176880450032276,0.2046401397966798,False,False,0.2978556277293927,0.2345033802713643,False,False,0.33109942866096,0.2308272180427993,False,False,未进入候选范围审阅,False,False,False,Nuclear engineering / Fusion power / Blanket,未进入候选范围审阅
N0097,Photocurrent / Photoelectrochemistry / Water splitting,待主题范围审阅,NMF关键词主题,待主题范围审阅,True,False,29,11974,0.0024132853403141,16,11985,0.0013485901103391,25,9992,0.0024897480960749,38,7998,0.0046677982541222,27,7996,0.0033349502789231,29,16,1.7894876447723305,3,79,26.33333333333333,0.0028353788201787,0.8511333029432578,0.5170072074522337,-0.0155962541012062,4,3,3,70,0.0020838745155761,7,0,0.5833333333333334,82,160,56.333333333333336,1.447674418604651,0.4791967335945497,0.0026302729528535,0.9175037661760348,0.6013096051875955,0.6517035732003368,0.999999583780761,63.25999999999999,63.81999999999999,False,False,历史峰值以下的恢复或波动,2026Q2,False,False,annual_volume | active_years | persistence | current_volume,multiyear | trend | peak | lower95 | qvalue,176,181,False,False,1.0495084847181884,1.4278034896671203,False,False,0.8526679852789745,1.7913991005302845,False,False,0.7738762674202049,1.7344603186476175,False,False,未进入候选范围审阅,False,False,False,Photocurrent / Photoelectrochemistry / Water splitting,未进入候选范围审阅
N0098,Chemical physics / Molecular dynamics / Photocurrent,待主题范围审阅,NMF关键词主题,待主题范围审阅,True,False,1,11974,0.0001227094240837,15,11985,0.0012668573763792,8,9992,0.0008299160320249,5,7998,0.0006668283220174,8,7996,0.0010308028134853,1,15,0.0968612776558013,3,28,9.333333333333334,0.0009212005768072,0.1332059783430287,0.0968612776558013,-0.955752687385956,0,0,3,24,0.0007398276108293,1,0,0.0833333333333333,2,55,22.0,0.1304347826086956,0.5413792372297453,0.0009429280397022,0.1301365734362083,0.025195795702319,0.9986208636124724,0.999999583780761,22.18,0.8099999999999999,False,False,近期份额下降,2026Q2,False,False,annual_volume | active_years | persistence | current_volume | current_share,volume | multiyear | recent_growth | quarters | trend | peak | lower95 | qvalue,423,498,False,False,0.1533154090358969,0.1258346201234242,False,False,0.1334078924653318,0.0969647408160186,False,False,0.1401964187120881,0.1095846388688037,False,False,未进入候选范围审阅,False,False,False,Chemical physics / Molecular dynamics / Photocurrent,未进入候选范围审阅
N0099,Conductivity / Ionic conductivity / Proton,待主题范围审阅,NMF关键词主题,待主题范围审阅,True,False,9,11974,0.0007771596858638,11,11985,0.0009399264405394,7,9992,0.0007322788517867,12,7998,0.001515518913676,1,7996,0.0001819063788503,9,11,0.8268303266560436,3,30,10.0,0.001062574735334,0.7313929646741797,0.5128010471204189,0.0297422293402123,2,0,3,27,0.00081645499273,1,0,0.0833333333333333,30,67,22.33333333333333,1.3285714285714287,0.3919006053235865,0.0010090984284532,0.7701525083683803,0.3717973204520042,0.7752822459206588,0.999999583780761,17.84,44.55,False,False,近期份额下降,2026Q2,False,False,annual_volume | active_years | persistence | current_volume,volume | multiyear | recent_growth | quarters | peak | lower95 | qvalue,455,289,False,False,0.5621708213319841,0.5107405169715454,False,False,0.7326271804013063,0.827713512183116,False,False,0.8572877039617256,1.102292543915614,False,False,未进入候选范围审阅,False,False,False,Conductivity / Ionic conductivity / Proton,未进入候选范围审阅
N0100,Crystallography / Crystal structure / Octahedron,待主题范围审阅,NMF关键词主题,待主题范围审阅,True,False,1,11974,0.0001227094240837,10,11985,0.0008581937065794,6,9992,0.0006346416715485,10,7998,0.0012730358874878,11,7996,0.001394615571186,1,10,0.1429856955871353,3,26,8.666666666666666,0.0009219570885386,0.1330966762002701,0.0879879922604142,-0.8216206940886162,0,0,3,17,0.0005385149340705,1,0,0.0833333333333333,3,58,26.0,0.1481481481481481,0.4970137204020952,0.0008767576509511,0.139958201620073,0.0270136279191344,0.9978746617678912,0.999999583780761,17.720000000000002,1.08,False,False,近期份额下降,2026Q2,False,False,annual_volume | active_years | persistence | current_volume | current_share,volume | multiyear | recent_growth | quarters | trend | peak | lower95 | qvalue,457,495,False,False,0.1721288578182519,0.2226304817568275,False,False,0.1333193280858,0.1431384269188847,False,False,0.1514956077417018,0.1408945356884619,False,False,未进入候选范围审阅,False,False,False,Crystallography / Crystal structure / Octahedron,未进入候选范围审阅
N0101,Harmonic / Total harmonic distortion / Harmonic analysis,待主题范围审阅,NMF关键词主题,待主题范围审阅,True,False,32,11974,0.0026587041884816,10,11985,0.0008581937065794,15,9992,0.0015133762936926,17,7998,0.0021217264791464,21,7996,0.0026073247635217,32,10,3.0980234043879333,3,42,14.0,0.0014977654931395,1.7751137949564162,1.0197058017776697,0.2817478730133422,3,3,3,57,0.0016767580629179,5,1,0.4166666666666667,54,97,26.666666666666668,1.9879518072289155,0.2237054462557251,0.0014061207609594,1.8908078611025565,1.1975569693032058,0.0025371588303821,0.0373111592703252,39.85,91.2,False,False,多年背景上持续抬升,2026Q2,False,False,annual_volume | active_years | persistence | current_volume,peak,318,26,False,False,1.6909667409755451,2.6185585235207807,False,False,1.7782419486742471,3.101332583242502,False,False,1.5653790857262744,2.9587852494577005,False,False,未进入候选范围审阅,False,False,False,Harmonic / Total harmonic distortion / Harmonic analysis,未进入候选范围审阅
N0102,Climate change / Climatology / Global warming,待主题范围审阅,NMF关键词主题,待主题范围审阅,True,False,54,11974,0.0044584424083769,63,11985,0.0051900286064568,39,9992,0.0038566686194102,23,7998,0.0028491755577109,24,7996,0.0029711375212224,54,63,0.8590400451416086,3,125,41.66666666666666,0.0039652909278593,1.124367036237569,0.8590400451416086,0.0724978551891579,1,4,3,156,0.0045017132114147,12,3,1.0,118,293,75.66666666666667,1.5521739130434782,0.3608381379236261,0.0041521918941273,1.0737563489497506,0.781299524200407,0.3149189388702164,0.8476582345266659,81.03,56.28000000000001,False,False,近期份额下降,2026Q2,False,False,annual_volume,multiyear | recent_growth | quarters | peak | lower95 | qvalue,61,225,False,False,1.208057568203667,0.9425543384723925,False,False,1.1260889684622624,0.859957635741016,False,False,1.1766727679228606,0.8776824746097767,False,False,未进入候选范围审阅,False,False,False,Climate change / Climatology / Global warming,未进入候选范围审阅
N0103,Energy consumption / Environmental economics / Consumption (sociology),待主题范围审阅,NMF关键词主题,待主题范围审阅,True,False,22,11974,0.0018406413612565,7,11985,0.0006129955046996,13,9992,0.0013181019332161,16,7998,0.0020004849660523,9,7996,0.0011520737327188,22,7,3.002699607329843,3,36,12.0,0.0013105274679893,1.4045042215562646,0.9200975725844835,0.1669606521910922,4,3,3,42,0.0012572462663907,4,0,0.3333333333333333,44,68,19.33333333333333,2.2131147540983607,0.317457323733453,0.0012076095947063,1.524202332711755,0.90133928759769,0.0565962271972915,0.3450989463249483,28.13,87.8,False,False,历史峰值以下的恢复或波动,2026Q2,False,False,annual_volume | active_years | persistence | current_volume,volume | peak | lower95 | qvalue,381,45,False,False,1.2156101531858,2.152094656982666,False,False,1.4070267008278907,3.005906965296578,False,False,1.4208389488854771,2.827283682815136,False,False,未进入候选范围审阅,False,False,False,Energy consumption / Environmental economics / Consumption (sociology),未进入候选范围审阅
N0104,Engineering physics / Raman spectroscopy / Energy density,待主题范围审阅,NMF关键词主题,待主题范围审阅,True,False,3,11974,0.0002863219895287,15,11985,0.0012668573763792,6,9992,0.0006346416715485,4,7998,0.0005455868089233,4,7996,0.000545719136551,3,15,0.2260096478635365,3,25,8.333333333333334,0.000815695285617,0.3510158690106962,0.2260096478635365,-0.3979717638950149,0,0,3,24,0.0007292736791521,1,0,0.0833333333333333,3,47,15.666666666666666,0.24,0.4861512509964003,0.0008436724565756,0.3393757699414844,0.1110362172683001,0.981680071991494,0.999999583780761,18.15,5.91,False,False,近期份额下降,2026Q2,False,False,annual_volume | active_years | persistence | current_volume | current_share,volume | multiyear | recent_growth | quarters | trend | peak | lower95 | qvalue,451,481,False,False,0.5806544515623709,0.397242624311202,False,False,0.35153137131516,0.2262510619040436,False,False,0.3925916627915803,0.2556974906938754,False,False,未进入候选范围审阅,False,False,False,Engineering physics / Raman spectroscopy / Energy density,未进入候选范围审阅
N0105,Capacitor / Voltage / Electrical engineering,待主题范围审阅,NMF关键词主题,待主题范围审阅,True,False,12,11974,0.0010225785340314,19,11985,0.001593788312219,6,9992,0.0006346416715485,9,7998,0.0011517943743937,15,7996,0.0018796992481203,12,19,0.6416024801986844,3,34,11.333333333333334,0.0011267414527204,0.9075538417109402,0.5440117801047121,0.2385110740114289,1,1,3,37,0.0010836695059329,4,0,0.3333333333333333,23,71,19.0,1.2,0.3751831780650667,0.0011414392059553,0.8958677156840428,0.4690638418574342,0.6440180635405952,0.999999583780761,25.64,48.22,False,False,近期份额下降,2026Q2,False,False,annual_volume | active_years | persistence | current_volume | current_share,volume | multiyear | recent_growth | quarters | peak | lower95 | qvalue,396,267,False,False,0.6307393048951084,0.4989993556618548,False,False,0.908941263112016,0.6422878130975594,False,False,0.9020215257337088,0.6481148641669249,False,False,未进入候选范围审阅,False,False,False,Capacitor / Voltage / Electrical engineering,未进入候选范围审阅
N0106,Calcination / Nanofiber / Electrospinning,待主题范围审阅,NMF关键词主题,待主题范围审阅,True,False,15,11974,0.0012679973821989,9,11985,0.0007764609726195,11,9992,0.0011228275727396,13,7998,0.0016367604267701,10,7996,0.0012733446519524,15,9,1.6330471548635987,3,33,11.0,0.0011786829907097,1.0757747351859066,0.7746994376575529,0.0607943345860952,3,1,3,35,0.0010557619758527,2,0,0.1666666666666666,36,79,24.0,1.48,0.4960632365951469,0.0011083540115798,1.1440364440884585,0.6265457937692239,0.3389514026040644,0.8950606837726388,30.260000000000005,68.38,False,False,历史峰值以下的恢复或波动,2026Q2,False,False,annual_volume | active_years | persistence | current_volume,volume | multiyear | peak | lower95 | qvalue,367,152,False,False,0.7987069345060405,0.9647320876129192,False,False,1.077645880444928,1.634791507441999,False,False,1.0339640204907845,1.5053468813030406,False,False,未进入候选范围审阅,False,False,False,Calcination / Nanofiber / Electrospinning,未进入候选范围审阅
N0107,Irradiation / Radiochemistry / Neutron,待主题范围审阅,NMF关键词主题,待主题范围审阅,True,False,25,11974,0.002086060209424,29,11985,0.0024111156518185,33,9992,0.0032708455379808,15,7998,0.0018792434529582,24,7996,0.0029711375212224,25,29,0.8651846326204633,3,77,25.666666666666668,0.0025204015475859,0.8276697859601612,0.6377739899976557,-0.2248856530252232,2,3,3,87,0.0025893404664078,10,1,0.8333333333333334,78,210,63.0,1.234375,0.3967538911336651,0.0025641025641025,0.8135634816753927,0.5200705364287919,0.8168144350055673,0.999999583780761,69.08,40.44,False,False,近期份额下降,2026Q2,False,False,annual_volume | active_years | current_volume,multiyear | recent_growth | quarters | trend | peak | lower95 | qvalue,131,309,False,False,0.923202584293182,0.8316655927697579,False,False,0.8290096112406435,0.8661087866108786,False,False,0.8182948923072078,0.8132333726579645,False,False,未进入候选范围审阅,False,False,False,Irradiation / Radiochemistry / Neutron,未进入候选范围审阅
N0108,Nanowire / Nanotechnology / Nanofiber,待主题范围审阅,NMF关键词主题,待主题范围审阅,True,False,7,11974,0.0006135471204188,11,11985,0.0009399264405394,7,9992,0.0007322788517867,8,7998,0.0010305528612997,10,7996,0.0012733446519524,7,11,0.6527607842021397,3,26,8.666666666666666,0.0009009193845419,0.6810233312171191,0.4818390052356021,-0.088452159691903,1,0,3,25,0.000761917470915,0,0,0.0,17,67,27.0,0.6428571428571429,0.4481461270978208,0.0008767576509511,0.6997910081003655,0.3111004112966747,0.8245871414974582,0.999999583780761,18.730000000000004,29.22,False,False,近期份额下降,2026Q2,False,False,annual_volume | active_years | persistence | current_volume | current_share,volume | multiyear | recent_growth | quarters | trend | peak | lower95 | qvalue,447,375,False,False,0.405449015966036,0.5194711240992642,False,False,0.682131893762321,0.653458035934039,False,False,0.5333939372238361,0.5166132975243605,False,False,未进入候选范围审阅,False,False,False,Nanowire / Nanotechnology / Nanofiber,未进入候选范围审阅
N0109,Diffusion / Thermodynamics / Thermal diffusivity,待主题范围审阅,NMF关键词主题,待主题范围审阅,True,False,26,11974,0.0021678664921465,22,11985,0.0018389865140988,16,9992,0.0016110134739308,12,7998,0.001515518913676,14,7996,0.0017584283288867,26,22,1.1788376236183828,3,50,16.666666666666668,0.0016551729672352,1.3097522343949994,1.1788376236183828,0.1484400163509178,3,4,3,64,0.0018726221600587,8,0,0.6666666666666666,53,120,34.0,1.542857142857143,0.4207328408409154,0.0016708023159636,1.2975002915867504,0.8108221818519799,0.1368071450629746,0.5606850207498959,54.87,72.68999999999998,False,False,多年背景上持续抬升,2026Q2,False,False,annual_volume | active_years | persistence | current_volume,lower95 | qvalue,224,118,False,False,1.1528095521573754,0.9647320876129192,False,False,1.311840239916867,1.1800968085979162,False,False,1.3050091053608226,1.130592737597658,False,False,未进入候选范围审阅,False,False,False,Diffusion / Thermodynamics / Thermal diffusivity,未进入候选范围审阅
N0110,Nickel / Nickel oxide / Metallurgy,待主题范围审阅,NMF关键词主题,待主题范围审阅,True,False,24,11974,0.0020042539267015,32,11985,0.0026563138536984,17,9992,0.0017086506541691,18,7998,0.0022429679922405,7,7996,0.0009095318942517,24,32,0.7545245167136528,3,67,22.33333333333333,0.0022026441667026,0.9099308717221894,0.7545245167136528,0.079783958618703,2,3,3,73,0.002123072811523,8,1,0.6666666666666666,50,182,59.333333333333336,0.8453038674033149,0.5415985423087071,0.0022332506203473,0.8974603694008144,0.5652557985558625,0.676872827231346,0.999999583780761,68.78999999999999,46.87,False,False,近期份额下降,2026Q2,False,False,annual_volume | active_years | persistence | current_volume | current_share,volume | multiyear | recent_growth | quarters | peak | lower95 | qvalue,134,276,False,False,0.7093660506164925,0.8728528411735935,False,False,0.9113676036156771,0.75533046820273,False,False,0.9113176653637756,0.7275701433092706,False,False,未进入候选范围审阅,False,False,False,Nickel / Nickel oxide / Metallurgy,未进入候选范围审阅
N0111,Converters / Electronic engineering / Wave energy converter,待主题范围审阅,NMF关键词主题,待主题范围审阅,True,False,37,11974,0.0030677356020942,39,11985,0.003228442991418,23,9992,0.0022944737355985,22,7998,0.0027279340446168,14,7996,0.0017584283288867,37,39,0.950221394724634,3,84,28.0,0.0027502835905444,1.1154251920206193,0.950221394724634,0.1452180962212228,1,4,3,99,0.0028635507763702,11,2,0.9166666666666666,54,141,43.66666666666666,1.2313432835820897,0.3096277185109048,0.0027956989247311,1.09730542690294,0.7469723318771762,0.3098740345090954,0.8420490068181942,66.43999999999998,57.77,False,False,近期份额下降,2026Q2,False,False,annual_volume | active_years | current_volume,multiyear | recent_growth | quarters | peak | lower95 | qvalue,150,216,False,False,0.8767611451672334,0.6389783956916737,False,False,1.1171928408331828,0.951236381422968,False,False,1.0769388760991556,0.8284598698481562,False,False,未进入候选范围审阅,False,False,False,Converters / Electronic engineering / Wave energy converter,未进入候选范围审阅
N0112,Density functional theory / Computational chemistry / Nanofiber,待主题范围审阅,NMF关键词主题,待主题范围审阅,True,False,22,11974,0.0018406413612565,21,11985,0.0017572537801389,23,9992,0.0022944737355985,23,7998,0.0028491755577109,16,7996,0.0020009701673538,22,21,1.047453351394131,3,67,22.33333333333333,0.0023003010244828,0.8001741257626873,0.6460259552188927,-0.1101947156617724,2,3,3,66,0.001964122958998,8,0,0.6666666666666666,51,158,55.333333333333336,0.923076923076923,0.5141215793585378,0.0022332506203473,0.8241982984293194,0.5114674508892418,0.7881069911287595,0.999999583780761,63.62000000000001,43.28,False,False,历史峰值以下的恢复或波动,2026Q2,False,False,annual_volume | active_years | persistence | current_volume,volume | multiyear | recent_growth | quarters | trend | peak | lower95 | qvalue,173,295,False,False,0.7854323169874557,0.9647320876129192,False,False,0.8130386796260232,1.048572197196481,False,False,0.8550688420257652,1.0343720790787083,False,False,未进入候选范围审阅,False,False,False,Density functional theory / Computational chemistry / Nanofiber,未进入候选范围审阅
N0113,Redox / Inorganic chemistry / Flow battery,待主题范围审阅,NMF关键词主题,待主题范围审阅,True,False,30,11974,0.0024950916230366,28,11985,0.0023293829178586,11,9992,0.0011228275727396,26,7998,0.0032129000969932,16,7996,0.0020009701673538,30,28,1.0711384564159088,3,65,21.666666666666668,0.0022217035291971,1.1230533643425724,0.7765854983700484,0.3992376644301778,2,4,3,69,0.0019824340378783,9,1,0.75,53,152,60.66666666666666,0.8756756756756757,0.5940270725455,0.0021670802315963,1.1513609817753088,0.7492283043619736,0.2560104905856513,0.7743524366764515,71.08000000000001,63.890000000000015,False,False,历史峰值以下的恢复或波动,2026Q2,False,False,annual_volume | active_years | current_volume,multiyear | recent_growth | quarters | peak | lower95 | qvalue,120,180,False,False,1.0144929466414672,0.9647320876129192,False,False,1.124905606539261,1.0722826016555047,False,False,1.051318984483825,0.9516560743869796,False,False,未进入候选范围审阅,False,False,False,Redox / Inorganic chemistry / Flow battery,未进入候选范围审阅
N0114,Hydrothermal circulation / Hydrothermal synthesis / Chemical engineering,待主题范围审阅,NMF关键词主题,待主题范围审阅,True,False,16,11974,0.0013498036649214,25,11985,0.0020841847159787,5,9992,0.0005370044913102,3,7998,0.0004243452958292,6,7996,0.0007882609750181,16,25,0.6476410917770249,3,33,11.0,0.0010151781677061,1.3296224326528538,0.6476410917770249,0.4608539846421515,1,1,3,46,0.0013236642907368,3,0,0.25,36,117,32.0,1.121212121212121,0.588890799405688,0.0011083540115798,1.2178452469328749,0.675428995619934,0.2619869886945154,0.7743524366764515,46.27,60.06,False,False,近期份额下降,2026Q2,False,False,annual_volume | active_years | persistence | current_volume | current_share,volume | recent_growth | quarters | peak | lower95 | qvalue,278,209,False,False,2.105175719701566,0.9647320876129192,False,False,1.3313891285793875,0.6483328748678896,False,False,1.2200427234126503,0.6085444839310165,False,False,未进入候选范围审阅,False,False,False,Hydrothermal circulation / Hydrothermal synthesis / Chemical engineering,未进入候选范围审阅
N0115,Coating / Spin coating / Chemical engineering,待主题范围审阅,NMF关键词主题,待主题范围审阅,True,False,37,11974,0.0030677356020942,26,11985,0.0021659174499387,23,9992,0.0022944737355985,17,7998,0.0021217264791464,20,7996,0.0024860538442881,37,26,1.41636773930653,3,66,22.0,0.0021940392215612,1.3982136563225676,1.2339779402375175,0.1452180962212228,3,4,3,86,0.0025093755958771,11,1,0.9166666666666666,76,181,50.66666666666666,1.4903225806451614,0.5294054641219798,0.0022001654259718,1.3943204296736609,0.9343944343754144,0.0484518593321218,0.3146224631955966,78.1,76.35000000000001,False,False,多年背景上持续抬升,2026Q2,False,False,annual_volume | active_years | current_volume,lower95 | qvalue,78,103,False,False,1.5134715758555943,1.164331829877661,False,False,1.4004900387405894,1.4178806440078202,False,False,1.4642084280993992,1.6743513427163732,False,False,未进入候选范围审阅,False,False,False,Coating / Spin coating / Chemical engineering,未进入候选范围审阅
N0116,Inverter / Grid-tie inverter / Maximum power point tracking,待主题范围审阅,NMF关键词主题,待主题范围审阅,True,False,10,11974,0.0008589659685863,16,11985,0.0013485901103391,11,9992,0.0011228275727396,11,7998,0.0013942774005819,8,7996,0.0010308028134853,10,16,0.636936280342694,3,38,12.666666666666666,0.0012885650278869,0.6666066127799236,0.6160653312087412,-0.1339380487947665,1,1,3,37,0.0011101278838884,2,0,0.1666666666666666,8,62,27.33333333333333,0.3176470588235294,0.3606200994359693,0.0012737799834574,0.6743440623512613,0.340820534713935,0.8817083382811397,0.999999583780761,21.34,25.680000000000003,False,False,近期份额下降,2026Q2,False,False,annual_volume | active_years | persistence | current_volume | current_share,volume | multiyear | recent_growth | quarters | trend | peak | lower95 | qvalue,428,388,False,False,0.6028022932594744,0.6074239070155417,False,False,0.6676880737066115,0.6376166290023046,False,False,0.6472513996986418,0.6044830079537238,False,False,未进入候选范围审阅,False,False,False,Inverter / Grid-tie inverter / Maximum power point tracking,未进入候选范围审阅
N0117,Ionic liquid / Ionic bonding / Inorganic chemistry,待主题范围审阅,NMF关键词主题,待主题范围审阅,True,False,14,11974,0.0011861910994764,27,11985,0.0022476501838986,26,9992,0.0025873852763132,14,7998,0.0017580019398642,18,7996,0.002243512005821,14,27,0.5277472037125178,3,67,22.33333333333333,0.0021976791333586,0.5397471730386748,0.4584516694655735,-0.3899502014747269,0,1,3,67,0.0020070755198961,8,0,0.6666666666666666,36,144,50.0,0.7254901960784313,0.5387236658331594,0.0022332506203473,0.5311500145433391,0.3011853272044847,0.9876516826663042,0.999999583780761,62.05,15.310000000000002,False,False,近期份额下降,2026Q2,False,False,annual_volume | active_years | persistence | current_volume | current_share,volume | multiyear | recent_growth | quarters | trend | peak | lower95 | qvalue,179,443,False,False,0.4271212502920796,0.3911076030863186,False,False,0.5406144795453903,0.5283109211733381,False,False,0.5521284819004851,0.4652178065185064,False,False,未进入候选范围审阅,False,False,False,Ionic liquid / Ionic bonding / Inorganic chemistry,未进入候选范围审阅
N0118,Monolayer / Nanotechnology / Bilayer,待主题范围审阅,NMF关键词主题,待主题范围审阅,True,False,26,11974,0.0021678664921465,43,11985,0.0035553739272578,28,9992,0.0027826596367896,24,7998,0.002970417070805,27,7996,0.0033349502789231,26,43,0.6097435984233014,3,95,31.666666666666668,0.0031028168782842,0.6986769046278318,0.6097435984233014,-0.1248318368331173,0,3,3,97,0.0028353000187313,10,1,0.8333333333333334,55,213,79.66666666666667,0.6942148760330578,0.5243745368833742,0.0031596360628618,0.6861127196348785,0.4461709956928164,0.957394651756986,0.999999583780761,78.19,25.76,False,False,近期份额下降,2026Q2,False,False,annual_volume | active_years | current_volume | current_share,multiyear | recent_growth | quarters | trend | peak | lower95 | qvalue,77,387,False,False,0.6094602389166554,0.5642772587924622,False,False,0.6997870404969158,0.6103949009989222,False,False,0.722414845754727,0.5867633195127085,False,False,未进入候选范围审阅,False,False,False,Monolayer / Nanotechnology / Bilayer,未进入候选范围审阅
N0119,Production (economics) / Payback period / Engineering,待主题范围审阅,NMF关键词主题,待主题范围审阅,True,False,42,11974,0.0034767670157068,59,11985,0.004863097670617,29,9992,0.0028802968170279,5,7998,0.0006668283220174,9,7996,0.0011520737327188,42,59,0.7149284779356769,3,93,31.0,0.0028034076032208,1.2401931890718871,0.7149284779356769,0.0941047466003959,0,4,3,130,0.0037400538344506,10,2,0.8333333333333334,70,219,54.0,1.290909090909091,0.4462073564404409,0.0030934656741108,1.1239067705854355,0.7820887360248389,0.2541591331051184,0.7743524366764515,80.05000000000001,52.54,False,False,近期份额下降,2026Q2,False,False,annual_volume | active_years | current_volume | current_share,multiyear | recent_growth | quarters | peak | lower95 | qvalue,65,239,False,False,1.334873319278341,0.7919442510255306,False,False,1.2419197958105526,0.7156921345944235,False,False,1.3436576943253002,0.7044726784423097,False,False,未进入候选范围审阅,False,False,False,Production (economics) / Payback period / Engineering,未进入候选范围审阅
N0120,Medicine / Internal medicine / Cardiology,待主题范围审阅,NMF关键词主题,待主题范围审阅,True,False,16,11974,0.0013498036649214,55,11985,0.0045361667347772,53,9992,0.0052235891427455,28,7998,0.0034553831231813,30,7996,0.0036987630366238,16,55,0.297564825951606,3,136,45.333333333333336,0.004405046333568,0.3064221265132823,0.2584054044135636,-0.676612796189616,1,1,3,124,0.0037031865141481,9,2,0.75,85,341,126.0,0.6771653543307087,0.3234702511250829,0.004516129032258,0.2988850972326102,0.1793266677283321,0.999999583780761,0.999999583780761,68.86000000000001,8.56,False,False,近期份额下降,2026Q2,False,False,annual_volume | active_years | current_volume | current_share,volume | multiyear | recent_growth | quarters | trend | peak | lower95 | qvalue,133,468,False,False,0.3660089129465746,0.3568187173362852,False,False,0.3069136292452776,0.2978826722365978,False,False,0.3278172007789316,0.3041741845236888,False,False,未进入候选范围审阅,False,False,False,Medicine / Internal medicine / Cardiology,未进入候选范围审阅
N0121,Wastewater / Pulp and paper industry / Environmental engineering,待主题范围审阅,NMF关键词主题,待主题范围审阅,True,False,48,11974,0.0039676047120418,40,11985,0.003310175725378,34,9992,0.003368482718219,29,7998,0.0035766246362754,39,7996,0.0047902013097259,48,40,1.1986084852304313,3,103,34.333333333333336,0.0034184276932908,1.160651933585977,0.8282751507720856,0.081850077261159,3,4,3,122,0.0035487543852129,11,3,0.9166666666666666,97,228,72.33333333333333,1.3363636363636364,0.5139407283471856,0.003424317617866,1.1586555789513622,0.8238190366783931,0.1882885369695432,0.6703080088846061,84.74999999999999,66.80999999999999,False,False,历史峰值以下的恢复或波动,2026Q2,False,False,annual_volume | current_volume,multiyear | peak | lower95 | qvalue,40,158,False,False,1.5347196519920652,1.642651932962538,False,False,1.162553771401967,1.19988878861633,False,False,1.1455339083336316,1.1703639431188235,False,False,未进入候选范围审阅,False,False,False,Wastewater / Pulp and paper industry / Environmental engineering,未进入候选范围审阅
N0122,Crystallinity / Chemical engineering / Composite material,待主题范围审阅,NMF关键词主题,待主题范围审阅,True,False,14,11974,0.0011861910994764,12,11985,0.0010216591744993,15,9992,0.0015133762936926,17,7998,0.0021217264791464,19,7996,0.0023647829250545,14,12,1.1610438481675391,3,44,14.666666666666666,0.0015522539824461,0.7641733330309439,0.5016067592965499,-0.1217978469412393,2,2,3,41,0.0012404088558894,4,0,0.3333333333333333,61,117,36.0,1.6756756756756757,0.4957027874292848,0.0014722911497105,0.805676988352256,0.445414766613826,0.771423617812794,0.999999583780761,38.94,48.48,False,False,历史峰值以下的恢复或波动,2026Q2,False,False,annual_volume | active_years | persistence | current_volume,volume | multiyear | quarters | trend | peak | lower95 | qvalue,325,260,False,False,0.8202657428594093,1.066282833677437,False,False,0.7655013494179871,1.162284026581344,False,False,0.7823472407315497,1.1440636297903108,False,False,未进入候选范围审阅,False,False,False,Crystallinity / Chemical engineering / Composite material,未进入候选范围审阅
N0123,Copper / Metallurgy / Chalcopyrite,待主题范围审阅,NMF关键词主题,待主题范围审阅,True,False,30,11974,0.0024950916230366,56,11985,0.0046178994687372,29,9992,0.0028802968170279,31,7998,0.0038191076624636,28,7996,0.0034562211981566,30,56,0.5403087789000602,3,116,38.66666666666666,0.0037724346494095,0.6614008869383978,0.5403087789000602,-0.0717839495581067,0,3,3,115,0.0033310959696006,11,2,0.9166666666666666,68,266,100.33333333333331,0.680921052631579,0.5029443537326516,0.0038544251447477,0.6473317107835427,0.4345015854366376,0.9839473167645132,0.999999583780761,82.52999999999999,24.81,False,False,近期份额下降,2026Q2,False,False,annual_volume | active_years | current_volume | current_share,multiyear | recent_growth | quarters | trend | peak | lower95 | qvalue,51,391,False,False,0.7080765410375011,0.637704261303455,False,False,0.6624420011238361,0.5408859141094139,False,False,0.7203604128157366,0.5242292183723855,False,False,未进入候选范围审阅,False,False,False,Copper / Metallurgy / Chalcopyrite,未进入候选范围审阅
N0124,Graphite / Graphite oxide / Composite material,待主题范围审阅,NMF关键词主题,待主题范围审阅,True,False,27,11974,0.0022496727748691,25,11985,0.0020841847159787,24,9992,0.0023921109158367,22,7998,0.0027279340446168,21,7996,0.0026073247635217,27,25,1.079401819628375,3,71,23.666666666666668,0.0024014098921441,0.936813320470028,0.8246800465386853,-0.0306957161309804,2,4,3,76,0.0022419894688948,10,0,0.8333333333333334,62,180,65.33333333333333,0.9497487437185932,0.503786727031502,0.0023655913978494,0.9509980366492148,0.6126004530379237,0.5862674309220522,0.999999583780761,71.08,50.18,False,False,历史峰值以下的恢复或波动,2026Q2,False,False,annual_volume | active_years | current_volume,multiyear | recent_growth | quarters | trend | peak | lower95 | qvalue,120,254,False,False,0.7214861722712885,0.7993494440221331,False,False,0.9383774884376124,1.0805547914464828,False,False,0.8813931917381624,1.1885718523462558,False,False,未进入候选范围审阅,False,False,False,Graphite / Graphite oxide / Composite material,未进入候选范围审阅
N0125,Nanocrystal / Nanotechnology / Colloid,待主题范围审阅,NMF关键词主题,待主题范围审阅,True,False,19,11974,0.001595222513089,26,11985,0.0021659174499387,14,9992,0.0014157391134544,24,7998,0.002970417070805,19,7996,0.0023647829250545,19,26,0.7365112244393954,3,64,21.33333333333333,0.0021840245447327,0.730405029987532,0.5370365423656374,0.0596807483796832,1,1,3,59,0.0017256263588273,4,0,0.3333333333333333,59,156,54.333333333333336,1.0843373493975903,0.5581762090829719,0.0021339950372208,0.7475286892731036,0.4504514971686834,0.8731500527487311,0.999999583780761,57.14,39.6,False,False,近期份额下降,2026Q2,False,False,annual_volume | active_years | persistence | current_volume | current_share,volume | multiyear | recent_growth | quarters | peak | lower95 | qvalue,205,317,False,False,0.7145700161299418,0.7173648856608886,False,False,0.7316149869982767,0.7372979348840665,False,False,0.5800084436541979,0.5396526555614675,False,False,未进入候选范围审阅,False,False,False,Nanocrystal / Nanotechnology / Colloid,未进入候选范围审阅
N0126,Reduction (mathematics) / Mathematics / Oxygen reduction reaction,待主题范围审阅,NMF关键词主题,待主题范围审阅,True,False,46,11974,0.0038039921465968,65,11985,0.0053534940743767,43,9992,0.0042472173403632,8,7998,0.0010305528612997,10,7996,0.0012733446519524,46,65,0.7105625024979018,3,116,38.66666666666666,0.0035437547586799,1.0734354958619932,0.7105625024979018,-0.0551064724425671,1,4,3,154,0.0044682345204456,12,3,1.0,94,303,83.66666666666667,1.1220472440944882,0.4884133354215117,0.0038544251447477,0.986915559063434,0.702467370178242,0.5167936895527888,0.999999583780761,87.19,44.66,False,False,近期份额下降,2026Q2,False,False,annual_volume | current_volume | current_share,multiyear | recent_growth | quarters | trend | peak | lower95 | qvalue,34,287,False,False,0.9139613909592712,0.6767523599672717,False,False,1.074992427298704,0.7113214956045338,False,False,1.0902258601243124,0.6655262214227348,False,False,未进入候选范围审阅,False,False,False,Reduction (mathematics) / Mathematics / Oxygen reduction reaction,未进入候选范围审阅
N0127,Work (physics) / Mechanical engineering / Thermodynamics,待主题范围审阅,NMF关键词主题,待主题范围审阅,True,False,40,11974,0.0033131544502617,11,11985,0.0009399264405394,5,9992,0.0005370044913102,4,7998,0.0005455868089233,7,7996,0.0009095318942517,40,11,3.5249082346915546,3,20,6.666666666666667,0.0006741725802577,4.914401070710018,3.5249082346915546,0.9098247812451308,4,4,3,56,0.0015966951273705,5,1,0.4166666666666667,59,74,7.666666666666667,6.9230769230769225,0.0861480317513123,0.000678246484698,4.884882598007917,2.8716124978919177,3.010871906936631e-11,3.7635898836707894e-09,36.2,99.21,False,False,多年背景上持续抬升,2026Q2,False,False,annual_volume | active_years | persistence | current_volume,baseline,336,4,False,False,5.646778536941293,3.915677296781849,False,False,4.9218593568868005,3.5286733940438104,False,False,6.594098105003963,7.999678637422672,False,False,未进入候选范围审阅,False,False,False,Work (physics) / Mechanical engineering / Thermodynamics,未进入候选范围审阅
N0128,Phosphor / Luminescence / Light-emitting diode,待主题范围审阅,NMF关键词主题,待主题范围审阅,True,False,17,11974,0.0014316099476439,27,11985,0.0022476501838986,34,9992,0.003368482718219,33,7998,0.0040615906886517,30,7996,0.0036987630366238,17,27,0.6369362803426939,3,94,31.33333333333333,0.0032259078635898,0.4437851321800797,0.3524751894975384,-0.4278313812458258,2,2,3,78,0.0023492476165872,9,1,0.75,45,187,77.33333333333333,0.5872340425531916,0.6124632737168041,0.0031265508684863,0.4578879435718441,0.2749403187429545,0.9989997801423696,0.999999583780761,75.27000000000001,18.89,False,False,近期份额下降,2026Q2,False,False,annual_volume | active_years | current_volume | current_share,volume | multiyear | recent_growth | quarters | trend | peak | lower95 | qvalue,93,422,False,False,0.3793082861404956,0.5788392525677515,False,False,0.4445486142576468,0.6376166290023046,False,False,0.4810211877680717,0.7044726784423097,False,False,未进入候选范围审阅,False,False,False,Phosphor / Luminescence / Light-emitting diode,未进入候选范围审阅
N0129,Solar cell / Solar cell efficiency / Copper indium gallium selenide solar cells,待主题范围审阅,NMF关键词主题,待主题范围审阅,True,False,13,11974,0.0011043848167539,22,11985,0.0018389865140988,16,9992,0.0016110134739308,15,7998,0.0018792434529582,11,7996,0.001394615571186,13,22,0.6005399214659686,3,53,17.666666666666668,0.0017764144803293,0.6216932078538165,0.587675223779767,-0.1887875074229783,0,1,3,51,0.0015181282682612,6,0,0.5,32,105,38.333333333333336,0.8389830508474576,0.4329912839943721,0.0017700578990901,0.6239258146988306,0.3434581726634346,0.9443898963913864,0.999999583780761,41.94,22.65,False,False,近期份额下降,2026Q2,False,False,annual_volume | active_years | persistence | current_volume | current_share,volume | multiyear | recent_growth | quarters | trend | peak | lower95 | qvalue,303,405,False,False,0.7460345408179471,0.8728528411735935,False,False,0.6227023837773803,0.6011813930593158,False,False,0.5470523887239223,0.5275353545544738,False,False,未进入候选范围审阅,False,False,False,Solar cell / Solar cell efficiency / Copper indium gallium selenide solar cells,未进入候选范围审阅
N0130,Photoluminescence / Quantum yield / Electroluminescence,待主题范围审阅,NMF关键词主题,待主题范围审阅,True,False,7,11974,0.0006135471204188,6,11985,0.0005312627707396,6,9992,0.0006346416715485,1,7998,0.0001818622696411,5,7996,0.0006669900557846,7,6,1.1548844643576317,3,13,4.333333333333333,0.0004492555706431,1.3656973012945697,0.919874464540695,-0.0169017378715663,2,0,3,19,0.0005931505209023,1,0,0.0833333333333333,24,50,10.333333333333334,2.205882352941176,0.5381592199905397,0.0004466501240694,1.3736638307155322,0.5626251011712486,0.261272080362722,0.7743524366764515,21.84,67.47000000000001,False,False,历史峰值以下的恢复或波动,2026Q2,False,False,annual_volume | active_years | persistence | current_volume,volume | baseline | quarters | trend | peak | lower95 | qvalue,424,154,False,False,1.8737714629002329,1.315543755835799,False,False,1.367798345299454,1.1561180635756074,False,False,1.342829178950439,1.1379943267145003,False,False,未进入候选范围审阅,False,False,False,Photoluminescence / Quantum yield / Electroluminescence,未进入候选范围审阅
N0131,Solar energy / Solar power / Photovoltaic thermal hybrid solar collector,待主题范围审阅,NMF关键词主题,待主题范围审阅,True,False,31,11974,0.0025768979057591,23,11985,0.0019207192480588,22,9992,0.0021968365553602,16,7998,0.0020004849660523,16,7996,0.0020009701673538,31,23,1.341631739445249,3,61,20.33333333333333,0.0020393469231571,1.2635897681252766,1.1730039267015706,0.0797839586187034,3,4,3,76,0.002231484569726,11,1,0.9166666666666666,41,98,28.0,1.4482758620689655,0.3285176869926214,0.0020347394540942,1.2664510439279786,0.8242975937341934,0.1366976157962634,0.5606850207498959,57.510000000000005,70.85,False,False,多年背景上持续抬升,2026Q2,False,False,annual_volume | active_years | current_volume,lower95 | qvalue,203,135,False,False,1.3426814995396628,1.649380665918862,False,False,1.2254824224668863,1.300427836050293,False,False,1.2706720945249323,1.4192547131545068,False,False,未进入候选范围审阅,False,False,False,Solar energy / Solar power / Photovoltaic thermal hybrid solar collector,未进入候选范围审阅
N0132,Absorption (acoustics) / Absorption spectroscopy / Optics,待主题范围审阅,NMF关键词主题,待主题范围审阅,True,False,5,11974,0.0004499345549738,11,11985,0.0009399264405394,8,9992,0.0008299160320249,12,7998,0.001515518913676,9,7996,0.0011520737327188,5,11,0.4786912417482358,3,31,10.333333333333334,0.0010951204620801,0.410853938496575,0.2968848167539267,-0.3061111953208257,1,0,3,24,0.000739925675846,0,0,0.0,7,38,22.33333333333333,0.3428571428571428,0.5065704320194105,0.0010421836228287,0.4317229182248815,0.1745147083955978,0.974283314545187,0.999999583780761,18.51,14.09,False,False,近期份额下降,2026Q2,False,False,annual_volume | active_years | persistence | current_volume | current_share,volume | multiyear | recent_growth | quarters | trend | peak | lower95 | qvalue,448,448,False,False,0.5087934070524448,0.4569783572903301,False,False,0.4115485536184993,0.4792025596849618,False,False,0.2694905175224014,0.3001666195102015,False,False,未进入候选范围审阅,False,False,False,Absorption (acoustics) / Absorption spectroscopy / Optics,未进入候选范围审阅
N0133,Transient (computer programming) / Transient response / Transient analysis,待主题范围审阅,NMF关键词主题,待主题范围审阅,True,False,30,11974,0.0024950916230366,21,11985,0.0017572537801389,15,9992,0.0015133762936926,16,7998,0.0020004849660523,6,7996,0.0007882609750181,30,21,1.4198812096676,3,52,17.333333333333332,0.0017570383466279,1.4200553037587909,1.2472433761700776,0.2499911701521795,3,3,3,66,0.0019219072322894,7,1,0.5833333333333334,37,85,28.33333333333333,1.2954545454545454,0.3461166569262769,0.0017369727047146,1.4364598915482425,0.9193804221446232,0.0532755951320869,0.3329724695755436,48.09,77.89999999999999,False,False,多年背景上持续抬升,2026Q2,False,False,annual_volume | active_years | persistence | current_volume,lower95 | qvalue,265,93,False,False,1.3952737533504938,1.3155437558357987,False,False,1.4223811312361705,1.4213978673107854,False,False,1.5203246765504232,1.662555521123851,False,False,未进入候选范围审阅,False,False,False,Transient (computer programming) / Transient response / Transient analysis,未进入候选范围审阅
N0134,Amorphous solid / Amorphous silicon / Amorphous carbon,待主题范围审阅,NMF关键词主题,待主题范围审阅,True,False,19,11974,0.001595222513089,7,11985,0.0006129955046996,16,9992,0.0016110134739308,10,7998,0.0012730358874878,15,7996,0.0018796992481203,19,7,2.602339659685864,3,33,11.0,0.0011656816220394,1.3684890307338176,0.8486583769633508,-0.0049251173603197,4,2,3,42,0.0012730771639065,4,0,0.3333333333333333,62,120,27.666666666666668,2.197674418604651,0.5194575976984243,0.0011083540115798,1.439271655466125,0.823537928996923,0.1007587220736737,0.4579941912439713,43.23,81.44,False,False,历史峰值以下的恢复或波动,2026Q2,False,False,annual_volume | active_years | persistence | current_volume,volume | trend | peak | lower95 | qvalue,294,76,False,False,1.239509688146966,2.679811354480331,False,False,1.3708827981371667,2.6051193699237016,False,False,1.2969801793167974,2.503587518771901,False,False,未进入候选范围审阅,False,False,False,Amorphous solid / Amorphous silicon / Amorphous carbon,未进入候选范围审阅
N0135,Thermogravimetric analysis / Fourier transform infrared spectroscopy / Chemical engineering,待主题范围审阅,NMF关键词主题,待主题范围审阅,True,False,15,11974,0.0012679973821989,6,11985,0.0005312627707396,11,9992,0.0011228275727396,11,7998,0.0013942774005819,17,7996,0.0021222410865874,15,6,2.3867612263391056,3,28,9.333333333333334,0.0010161225813537,1.2478783617913505,0.5974803664921466,0.0607943345860952,4,1,3,32,0.0009740292418927,2,0,0.1666666666666666,34,74,24.0,1.4,0.4235067005408695,0.0009429280397022,1.3447445921741528,0.7244276272158187,0.1785378444537931,0.6580921642041323,24.91,77.77999999999999,False,False,历史峰值以下的恢复或波动,2026Q2,False,False,annual_volume | active_years | persistence | current_volume,volume | multiyear | peak | lower95 | qvalue,402,94,False,False,1.3617550238918457,1.8417612581701184,False,False,1.2500883896295345,2.389310664722922,False,False,1.1965881419338265,2.6001446131597974,False,False,未进入候选范围审阅,False,False,False,Thermogravimetric analysis / Fourier transform infrared spectroscopy / Chemical engineering,未进入候选范围审阅
N0136,Semiconductor / Organic semiconductor / Semiconductor device,待主题范围审阅,NMF关键词主题,待主题范围审阅,True,False,6,11974,0.0005317408376963,21,11985,0.0017572537801389,7,9992,0.0007322788517867,8,7998,0.0010305528612997,6,7996,0.0007882609750181,6,21,0.3025976348471935,3,36,12.0,0.0011733618310751,0.4531772072465548,0.3025976348471935,-0.1600025815122396,1,0,3,34,0.0010070911565406,2,0,0.1666666666666666,13,95,38.66666666666666,0.3529411764705882,0.6026258272667486,0.0012076095947063,0.4403251183389514,0.1911557589574641,0.9796755038675568,0.999999583780761,35.17000000000001,15.46,False,False,近期份额下降,2026Q2,False,False,annual_volume | active_years | persistence | current_volume | current_share,volume | multiyear | recent_growth | quarters | trend | peak | lower95 | qvalue,344,442,False,False,0.6938453675556129,0.3800459739081196,False,False,0.4538559729124047,0.3029208569678722,False,False,0.4722749775018308,0.3287539166064112,False,False,未进入候选范围审阅,False,False,False,Semiconductor / Organic semiconductor / Semiconductor device,未进入候选范围审阅
N0137,Flow (mathematics) / Mechanics / Power flow,待主题范围审阅,NMF关键词主题,待主题范围审阅,True,False,25,11974,0.002086060209424,43,11985,0.0035553739272578,22,9992,0.0021968365553602,15,7998,0.0018792434529582,8,7996,0.0010308028134853,25,43,0.5867344060299693,3,80,26.666666666666668,0.0025438179785254,0.820050894770885,0.5867344060299693,-0.0258705882149001,0,3,3,90,0.0026127568973474,9,1,0.75,59,152,40.66666666666666,1.4400000000000002,0.4095403280026967,0.0026633581472291,0.7832443457123346,0.5017260161146733,0.8589465325297863,0.999999583780761,66.46,36.77,False,False,近期份额下降,2026Q2,False,False,annual_volume | active_years | current_volume | current_share,multiyear | recent_growth | quarters | trend | peak | lower95 | qvalue,149,329,False,False,0.8959722433051207,0.5923793520430205,False,False,0.8212903965378,0.5873611311499062,False,False,0.86906137515843,0.5822509125438848,False,False,未进入候选范围审阅,False,False,False,Flow (mathematics) / Mechanics / Power flow,未进入候选范围审阅
N0138,Context (archaeology) / Environmental economics / Energy transition,待主题范围审阅,NMF关键词主题,待主题范围审阅,True,False,66,11974,0.0054401178010471,28,11985,0.0023293829178586,33,9992,0.0032708455379808,23,7998,0.0028491755577109,22,7996,0.0027285956827552,66,28,2.335433027923211,3,84,28.0,0.0028164680045168,1.9315390028655497,1.663214522935063,0.254376094723491,4,4,3,127,0.0036801154189621,12,2,1.0,88,205,57.66666666666666,1.5170454545454546,0.3251501683752191,0.0027956989247311,1.945888290374547,1.4111747888531383,1.3409437084858827e-05,0.0004469812361619,76.17,91.22,False,False,多年背景上持续抬升,2026Q2,False,True,annual_volume | active_years,,89,25,False,True,1.9987569757917465,2.3108698842821087,False,True,1.9347650543486747,2.337927639675117,False,True,1.8809635534978293,2.4971308133721024,False,True,范围过宽或样本混杂，暂缓认定,False,False,False,Context (archaeology) / Environmental economics / Energy transition,财政不确定性、微电网、核能身份、外科手术与叶绿素发电混合，Context标签过宽。
N0139,Photodegradation / Chemical engineering / Visible spectrum,待主题范围审阅,NMF关键词主题,待主题范围审阅,True,False,17,11974,0.0014316099476439,13,11985,0.0011033919084593,20,9992,0.0020015621948838,24,7998,0.002970417070805,15,7996,0.0018796992481203,17,13,1.2974627932906728,3,57,19.0,0.002025123724716,0.7069246832534639,0.4819558713537771,-0.1675641622993504,2,1,3,50,0.0015121880169957,4,0,0.3333333333333333,42,112,45.333333333333336,0.9280575539568344,0.5476177262250363,0.0019023986765922,0.7525288811745959,0.4406896331963809,0.8559081258710431,0.999999583780761,47.95,42.78999999999999,False,False,历史峰值以下的恢复或波动,2026Q2,False,False,annual_volume | active_years | persistence | current_volume,volume | multiyear | quarters | trend | peak | lower95 | qvalue,266,298,False,False,0.5978149438739917,0.8361011425978634,False,False,0.7081779337944256,1.298848688708398,False,False,0.6070412548408493,1.0593181757317691,False,False,未进入候选范围审阅,False,False,False,Photodegradation / Chemical engineering / Visible spectrum,未进入候选范围审阅
N0140,Nuclear chemistry / Inorganic chemistry / Catalysis,待主题范围审阅,NMF关键词主题,待主题范围审阅,True,False,1,11974,0.0001227094240837,5,11985,0.0004495300367797,5,9992,0.0005370044913102,2,7998,0.0003031037827352,2,7996,0.0003031772980839,1,5,0.2729726915754402,3,12,4.0,0.0004298794369417,0.2854507881483037,0.2285072584483579,-0.7380936517570333,1,0,3,11,0.0003697479840579,0,0,0.0,4,38,12.666666666666666,0.3658536585365853,0.5941156615994977,0.0004135649296939,0.2967113874345549,0.0545504705173666,0.9520406715196812,0.999999583780761,19.91,6.470000000000001,False,False,近期份额下降,2026Q2,False,False,annual_volume | active_years | persistence | current_volume | current_share,volume | baseline | multiyear | recent_growth | quarters | trend | peak | lower95 | qvalue,438,478,False,False,0.5031315714794755,0.4134566089769653,False,False,0.2859058460721181,0.2732642695724162,False,False,0.3100970703416889,0.2689804772234273,False,False,未进入候选范围审阅,False,False,False,Nuclear chemistry / Inorganic chemistry / Catalysis,未进入候选范围审阅
N0141,Meteorology / Atmospheric sciences / Climatology,待主题范围审阅,NMF关键词主题,待主题范围审阅,True,False,6,11974,0.0005317408376963,26,11985,0.0021659174499387,18,9992,0.0018062878344073,6,7998,0.0007880698351115,10,7996,0.0012733446519524,6,26,0.2455037414797985,3,50,16.666666666666668,0.0015867583731525,0.335111411222546,0.2455037414797985,-0.6114364372832468,0,1,3,50,0.0015013153740141,8,0,0.6666666666666666,9,106,38.66666666666666,0.2521008403361344,0.3494021627998086,0.0016708023159636,0.3182547885024104,0.1406252490129355,0.9984434651184052,0.999999583780761,38.120000000000005,4.73,False,False,近期份额下降,2026Q2,False,False,annual_volume | active_years | persistence | current_volume | current_share,volume | multiyear | recent_growth | quarters | trend | peak | lower95 | qvalue,329,483,False,False,0.4567906314442679,0.2916631892783244,False,False,0.3356144736477222,0.2457659782946888,False,False,0.3834944430066316,0.2727958031414901,False,False,未进入候选范围审阅,False,False,False,Meteorology / Atmospheric sciences / Climatology,未进入候选范围审阅
N0142,Algorithm / Mathematics / Fast Fourier transform,待主题范围审阅,NMF关键词主题,待主题范围审阅,True,False,3,11974,0.0002863219895287,20,11985,0.0016755210461789,16,9992,0.0016110134739308,12,7998,0.001515518913676,14,7996,0.0017584283288867,3,20,0.1708853435065764,3,48,16.0,0.0016006844779286,0.1788747210813903,0.1628283534934103,-0.8637508658974866,0,0,3,39,0.0011909521698795,4,0,0.3333333333333333,3,65,30.666666666666668,0.1263157894736842,0.3398663881169655,0.0016046319272125,0.1784346831651103,0.0603049797046397,0.9998318735250324,0.999999583780761,22.24,1.31,False,False,近期份额下降,2026Q2,False,False,annual_volume | active_years | persistence | current_volume | current_share,volume | multiyear | recent_growth | quarters | trend | peak | lower95 | qvalue,422,494,False,False,0.1558227455075981,0.1461715284261998,False,False,0.1791630877757441,0.171067876073789,False,False,0.1956871971831463,0.1972523499638467,False,False,未进入候选范围审阅,False,False,False,Algorithm / Mathematics / Fast Fourier transform,未进入候选范围审阅
N0143,Sulfur / Polysulfide / Lithium–sulfur battery,待主题范围审阅,NMF关键词主题,待主题范围审阅,True,False,22,11974,0.0018406413612565,56,11985,0.0046178994687372,47,9992,0.0046377660613161,22,7998,0.0027279340446168,25,7996,0.0030924084404559,22,56,0.3985884434508641,3,125,41.66666666666666,0.0039945331915567,0.4607901031207125,0.3968810278313585,-0.4620593606070136,0,2,3,125,0.0036987689637699,10,2,0.8333333333333334,49,224,89.0,0.5555555555555556,0.5733779155527498,0.0041521918941273,0.4432939055297135,0.2830191794947072,0.9998697039305238,0.999999583780761,84.66,10.72,False,False,近期份额下降,2026Q2,False,False,annual_volume | active_years | current_volume | current_share,volume | multiyear | recent_growth | quarters | trend | peak | lower95 | qvalue,41,458,False,False,0.4693503065153477,0.4569783572903301,False,False,0.4615116017954905,0.3990141989331742,False,False,0.3775248894372923,0.3226089835857306,False,False,未进入候选范围审阅,False,False,False,Sulfur / Polysulfide / Lithium–sulfur battery,未进入候选范围审阅
N0144,Biochemical engineering / Context (archaeology) / Solar cell,待主题范围审阅,NMF关键词主题,待主题范围审阅,True,False,7,11974,0.0006135471204188,25,11985,0.0020841847159787,18,9992,0.0018062878344073,6,7998,0.0007880698351115,11,7996,0.001394615571186,7,25,0.2943823144441022,3,49,16.333333333333332,0.0015595141284992,0.3934219698344711,0.2943823144441022,-0.5398860154629102,1,1,3,50,0.0015013398902683,7,0,0.5833333333333334,22,108,34.0,0.6571428571428571,0.6603958907402224,0.001637717121588,0.3746355901951451,0.1738087362241915,0.996095985567236,0.999999583780761,53.09,10.6,False,False,近期份额下降,2026Q2,False,False,annual_volume | active_years | persistence | current_volume | current_share,volume | multiyear | recent_growth | quarters | trend | peak | lower95 | qvalue,236,459,False,False,0.4818162514763291,0.3800459739081196,False,False,0.3940155443337094,0.2946967613035862,False,False,0.4186774257948591,0.3287539166064112,False,False,未进入候选范围审阅,False,False,False,Biochemical engineering / Context (archaeology) / Solar cell,未进入候选范围审阅
N0145,Maximum power point tracking / Maximum power principle / Grid-connected photovoltaic power system,待主题范围审阅,NMF关键词主题,待主题范围审阅,True,False,15,11974,0.0012679973821989,17,11985,0.0014303228442991,20,9992,0.0020015621948838,18,7998,0.0022429679922405,31,7996,0.0038200339558573,15,17,0.8865113126402394,3,55,18.33333333333333,0.0018916176771411,0.6703243459404014,0.3319335369400814,-0.2282445908014838,1,1,3,52,0.0015666274737939,5,0,0.4166666666666667,25,119,46.0,0.5531914893617021,0.4130291472361163,0.0018362282878411,0.690544520305646,0.3932308373596778,0.9064670188509438,0.999999583780761,42.22,29.660000000000004,False,False,近期份额下降,2026Q2,False,False,annual_volume | active_years | persistence | current_volume,volume | multiyear | recent_growth | quarters | trend | peak | lower95 | qvalue,299,369,False,False,0.6492932603865583,0.8875535206038856,False,False,0.6714642212835293,0.8874582468970852,False,False,0.639324745039253,0.806941431670282,False,False,未进入候选范围审阅,False,False,False,Maximum power point tracking / Maximum power principle / Grid-connected photovoltaic power system,未进入候选范围审阅
N0146,Nanofluid / Heat transfer / Thermodynamics,待主题范围审阅,NMF关键词主题,待主题范围审阅,True,False,51,11974,0.0042130235602094,24,11985,0.0020024519820187,37,9992,0.0036613942589338,26,7998,0.0032129000969932,31,7996,0.0038200339558573,51,24,2.103932377924992,3,87,29.0,0.0029589154459819,1.4238404703083032,1.1028759453170447,0.0701682776547598,3,4,3,112,0.0032922899337206,9,2,0.75,123,255,68.33333333333333,1.7884615384615383,0.5081514967220406,0.0028949545078577,1.4552987097980552,1.031460274023016,0.0141982136514825,0.1365212851104093,81.75,80.48999999999998,False,False,多年背景上持续抬升,2026Q2,False,False,annual_volume | active_years,lower95 | qvalue,55,79,False,False,1.1896988311430727,1.6262626619760638,False,False,1.426278353220852,2.1061797103778748,False,False,1.456626805586314,2.429571627603478,False,False,未进入候选范围审阅,False,False,False,Nanofluid / Heat transfer / Thermodynamics,未进入候选范围审阅
N0147,Electrolysis / Electrolysis of water / Polymer electrolyte membrane electrolysis,待主题范围审阅,NMF关键词主题,待主题范围审阅,True,False,64,11974,0.005276505235602,67,11985,0.0055169595422966,48,9992,0.0047354032415543,40,7998,0.0049102812803103,31,7996,0.0038200339558573,64,67,0.956415430482839,3,155,51.66666666666666,0.0050542146880538,1.0439812238434756,0.956415430482839,0.0540985532372415,2,4,3,179,0.0051762893398177,12,3,1.0,141,340,113.33333333333331,1.2419825072886297,0.6124832164553796,0.0051447477253928,1.0256101012609211,0.7672091351194213,0.4116670289192861,0.9801595926649668,96.68,55.49,False,False,近期份额下降,2026Q2,False,False,annual_volume,multiyear | recent_growth | quarters | peak | lower95 | qvalue,4,228,False,False,1.1155232974781348,1.0704561520088556,False,False,1.0456548591210255,0.9574370333907622,False,False,0.9912749018258316,0.8945164707662816,False,False,未进入候选范围审阅,False,False,False,Electrolysis / Electrolysis of water / Polymer electrolyte membrane electrolysis,未进入候选范围审阅
N0148,Methanol / Direct methanol fuel cell / Methanol fuel,待主题范围审阅,NMF关键词主题,待主题范围审阅,True,False,10,11974,0.0008589659685863,13,11985,0.0011033919084593,12,9992,0.0012204647529779,9,7998,0.0011517943743937,7,7996,0.0009095318942517,10,13,0.7784776759744038,3,34,11.333333333333334,0.001158550345277,0.7414144513340072,0.7038023560209424,-0.1756288532642922,2,1,3,35,0.0010609408766745,2,0,0.1666666666666666,17,86,28.666666666666668,0.6067415730337078,0.4915697286154135,0.0011414392059553,0.7525288811745959,0.3771451576408601,0.8036715580059662,0.999999583780761,29.460000000000004,33.94,False,False,近期份额下降,2026Q2,False,False,annual_volume | active_years | persistence | current_volume | current_share,volume | multiyear | recent_growth | quarters | trend | peak | lower95 | qvalue,372,348,False,False,0.9417260505463634,0.780973594734268,False,False,0.7426292828948999,0.779309213225039,False,False,0.8594275442492139,0.8284598698481561,False,False,未进入候选范围审阅,False,False,False,Methanol / Direct methanol fuel cell / Methanol fuel,未进入候选范围审阅
N0149,Cobalt / Cobalt oxide / Inorganic chemistry,待主题范围审阅,NMF关键词主题,待主题范围审阅,True,False,8,11974,0.0006953534031413,25,11985,0.0020841847159787,21,9992,0.002099199375122,14,7998,0.0017580019398642,20,7996,0.0024860538442881,8,25,0.3336332897033158,3,60,20.0,0.0019804620103216,0.3511066607273225,0.2797016664538373,-0.5524455455105759,0,0,3,54,0.001626245831414,6,0,0.5,21,130,49.333333333333336,0.4370860927152317,0.567119659656644,0.0020016542597187,0.34738936545368,0.1694397580247854,0.9989161909155568,0.999999583780761,53.260000000000005,6.59,False,False,近期份额下降,2026Q2,False,False,annual_volume | active_years | persistence | current_volume | current_share,volume | multiyear | recent_growth | quarters | trend | peak | lower95 | qvalue,233,477,False,False,0.507089064191425,0.5972151018556167,False,False,0.3516706447607852,0.333989662810731,False,False,0.4099616091239393,0.3567329733388717,False,False,未进入候选范围审阅,False,False,False,Cobalt / Cobalt oxide / Inorganic chemistry,未进入候选范围审阅
N0150,Boost converter / Forward converter / Ćuk converter,待主题范围审阅,NMF关键词主题,待主题范围审阅,True,False,6,11974,0.0005317408376963,20,11985,0.0016755210461789,14,9992,0.0014157391134544,15,7998,0.0018792434529582,15,7996,0.0018796992481203,6,20,0.3173584950836419,3,49,16.333333333333332,0.0016568345375305,0.3209378037766345,0.2828861256544502,-0.4896253959543717,0,0,3,40,0.0012076669991099,4,0,0.3333333333333333,6,59,26.0,0.2592592592592592,0.3684231436748908,0.001637717121588,0.3246841781691258,0.1433313321035029,0.9981209689170834,0.999999583780761,24.77,6.03,False,False,近期份额下降,2026Q2,False,False,annual_volume | active_years | persistence | current_volume | current_share,volume | multiyear | recent_growth | quarters | trend | peak | lower95 | qvalue,404,480,False,False,0.3372611709212124,0.35832906111337,False,False,0.3214624781325529,0.3176974841370367,False,False,0.3448340449555262,0.3465243985851361,False,False,未进入候选范围审阅,False,False,False,Boost converter / Forward converter / Ćuk converter,未进入候选范围审阅
N0151,Buck converter / Buck–boost converter / Ćuk converter,待主题范围审阅,NMF关键词主题,待主题范围审阅,True,False,11,11974,0.0009407722513089,15,11985,0.0012668573763792,17,9992,0.0017086506541691,13,7998,0.0016367604267701,10,7996,0.0012733446519524,11,15,0.7426031286944772,3,45,15.0,0.0015374228191061,0.6119151085944308,0.550593679880329,-0.2983790824720351,2,0,3,43,0.001305426760619,3,0,0.25,15,74,29.33333333333333,0.5274725274725275,0.3555730410929039,0.001505376344086,0.6249415669409125,0.3272602010136359,0.9300166028483824,0.999999583780761,27.06,26.22,False,False,近期份额下降,2026Q2,False,False,annual_volume | active_years | persistence | current_volume | current_share,volume | multiyear | recent_growth | quarters | trend | peak | lower95 | qvalue,391,383,False,False,0.4937020943300709,0.5912874085369505,False,False,0.6129400204786842,0.7433963462561431,False,False,0.5429211983630396,0.7495589298626174,False,False,未进入候选范围审阅,False,False,False,Buck converter / Buck–boost converter / Ćuk converter,未进入候选范围审阅
N0152,Crystallite / Metallurgy / Polycrystalline silicon,待主题范围审阅,NMF关键词主题,待主题范围审阅,True,False,8,11974,0.0006953534031413,2,11985,0.0002043318348998,5,9992,0.0005370044913102,4,7998,0.0005455868089233,5,7996,0.0006669900557846,8,2,3.403059554973822,3,11,3.6666666666666665,0.0004289743783778,1.6209672143376408,1.042524393146121,0.1292068759370197,3,0,3,15,0.0004788965764505,0,0,0.0,24,31,8.0,2.7777777777777777,0.3520684481210145,0.0003804797353184,1.8275701399954472,0.7530813647229161,0.0952405543613204,0.4409284924135203,8.61,88.3,False,False,多年背景上持续抬升,2026Q2,False,False,annual_volume | active_years | persistence | current_volume,volume | baseline | peak | lower95 | qvalue,485,40,False,False,1.2362835235776848,2.1224105927484223,False,False,1.6238440092273372,3.406694560669456,False,False,1.7755227948894396,3.3532899493853936,False,False,未进入候选范围审阅,False,False,False,Crystallite / Metallurgy / Polycrystalline silicon,未进入候选范围审阅
N0153,Nanostructure / Nanotechnology / Morphology (biology),待主题范围审阅,NMF关键词主题,待主题范围审阅,True,False,8,11974,0.0006953534031413,7,11985,0.0006129955046996,10,9992,0.0010251903925014,4,7998,0.0005455868089233,6,7996,0.0007882609750181,8,7,1.134353184991274,3,21,7.0,0.0007279242353748,0.9552551891383432,0.6782675766641735,-0.1941067065255062,2,0,3,25,0.0007778464334474,0,0,0.0,25,62,16.0,1.5294117647058822,0.5250660783127309,0.0007113316790736,0.9775375167417508,0.4418247226903979,0.5454875692060753,0.999999583780761,23.000000000000004,51.22,False,False,历史峰值以下的恢复或波动,2026Q2,False,False,annual_volume | active_years | persistence | current_volume,volume | baseline | multiyear | recent_growth | quarters | trend | peak | lower95 | qvalue,412,248,False,False,1.0563534602217162,1.516007566248873,False,False,0.9568283215160736,1.1355648535564853,False,False,0.872150002546642,0.9862617498192336,False,False,未进入候选范围审阅,False,False,False,Nanostructure / Nanotechnology / Morphology (biology),未进入候选范围审阅
N0154,Controller (irrigation) / PID controller / Control engineering,待主题范围审阅,NMF关键词主题,待主题范围审阅,True,False,16,11974,0.0013498036649214,15,11985,0.0012668573763792,22,9992,0.0021968365553602,21,7998,0.0026066925315227,20,7996,0.0024860538442881,16,15,1.065474054213815,3,58,19.33333333333333,0.0020234621544207,0.6670763087772479,0.5178223548033605,-0.2435296238438229,2,2,3,53,0.0016044991988869,6,0,0.5,38,113,35.666666666666664,1.0636363636363635,0.3264881169054897,0.0019354838709677,0.697398560209424,0.4038373871408195,0.9065391720099076,0.999999583780761,40.16,37.69,False,False,历史峰值以下的恢复或波动,2026Q2,False,False,annual_volume | active_years | persistence | current_volume,volume | multiyear | recent_growth | quarters | trend | peak | lower95 | qvalue,315,326,False,False,0.588541254477663,0.8218088153739682,False,False,0.6682368212307315,1.0666121489762057,False,False,0.6548284691692808,1.054279801530905,False,False,未进入候选范围审阅,False,False,False,Controller (irrigation) / PID controller / Control engineering,未进入候选范围审阅
N0155,Fault (geology) / Fault detection and isolation / Fault indicator,待主题范围审阅,NMF关键词主题,待主题范围审阅,True,False,40,11974,0.0033131544502617,23,11985,0.0019207192480588,18,9992,0.0018062878344073,13,7998,0.0016367604267701,22,7996,0.0027285956827552,40,23,1.724955093572463,3,54,18.0,0.0017879225030787,1.853074976435827,1.2142342931937171,0.3033134613222041,3,4,3,81,0.0023467205109093,10,1,0.8333333333333334,58,121,33.0,1.7352941176470589,0.3853318660878853,0.0018031430934656,1.8374329038378403,1.2235375283241294,0.0013028350582286,0.0217139176371435,63.42,87.85,False,False,多年背景上持续抬升,2026Q2,False,True,annual_volume | active_years | current_volume,,175,44,False,False,1.7999449763361866,1.6262626619760638,False,True,1.8560456259370468,1.7267976183618643,False,False,1.7130874556952018,1.5635857009329313,False,True,有样本依据的条件性跟踪方向,False,True,False,电力设备与光伏故障诊断,已显示五篇均涉及配网故障、光伏面板、逆变器或电力转换电路诊断；暂可作为能源技术跟踪方向。
N0156,Exergy / Exergy efficiency / Process engineering,待主题范围审阅,NMF关键词主题,待主题范围审阅,True,False,36,11974,0.0029859293193717,19,11985,0.001593788312219,32,9992,0.0031732083577426,26,7998,0.0032129000969932,29,7996,0.0035774921173902,36,19,1.8734792421801585,3,77,25.666666666666668,0.0026599655889849,1.122544341075914,0.8346431582216701,-0.0304160740655259,4,4,3,87,0.0025843086631111,10,2,0.8333333333333334,87,207,65.0,1.3333333333333333,0.536200581422885,0.0025641025641025,1.1645124345549738,0.7857102928657488,0.2173600150503207,0.7271745785864288,78.43,70.34,False,False,历史峰值以下的恢复或波动,2026Q2,False,False,annual_volume | active_years | current_volume,multiyear | trend | peak | lower95 | qvalue,73,140,False,False,0.8820855706546642,1.6078868126881989,False,False,1.1244977547760542,1.8754804142448736,False,False,1.1513453271975578,2.195227765726681,False,False,未进入候选范围审阅,False,False,False,Exergy / Exergy efficiency / Process engineering,未进入候选范围审阅
N0157,Heat exchanger / Mechanical engineering / Heat transfer,待主题范围审阅,NMF关键词主题,待主题范围审阅,True,False,29,11974,0.0024132853403141,25,11985,0.0020841847159787,16,9992,0.0016110134739308,17,7998,0.0021217264791464,26,7996,0.0032136793596895,29,25,1.157903770146802,3,58,19.33333333333333,0.0019389748896853,1.2446191815850396,0.7509415440086931,0.2020627815277165,3,4,3,70,0.0020361611767412,9,0,0.75,45,111,37.0,1.2105263157894737,0.4046814048746226,0.0019354838709677,1.246864092495637,0.800943134674505,0.161055881144651,0.6287042605637789,57.34,69.63,False,False,历史峰值以下的恢复或波动,2026Q2,False,False,annual_volume | active_years | current_volume,multiyear | peak | lower95 | qvalue,204,145,False,False,1.0617117395137747,0.8981988401913386,False,False,1.2466309867706915,1.1591405944607722,False,False,1.217202476868545,1.117763316461798,False,False,未进入候选范围审阅,False,False,False,Heat exchanger / Mechanical engineering / Heat transfer,未进入候选范围审阅
N0158,Analytical Chemistry (journal) / Physical chemistry / Atmospheric temperature range,待主题范围审阅,NMF关键词主题,待主题范围审阅,True,False,3,11974,0.0002863219895287,5,11985,0.0004495300367797,2,9992,0.0002440929505955,2,7998,0.0003031037827352,2,7996,0.0003031772980839,3,5,0.6369362803426939,3,9,3.0,0.0003322422567035,0.8617867948817487,0.6369362803426939,0.0797839586187034,1,0,3,10,0.0003266483256347,0,0,0.0,9,19,4.333333333333333,1.875,0.3836851668137473,0.0003143093465674,0.9109560140534582,0.2674525335629167,0.6071462758852252,0.999999583780761,7.16,46.260000000000005,False,False,近期份额下降,2026Q2,False,False,annual_volume | active_years | persistence | current_volume | current_share,volume | baseline | multiyear | recent_growth | quarters | peak | lower95 | qvalue,488,278,False,False,1.0915651190111273,1.6078868126881989,False,False,0.8631099494613387,0.6376166290023046,False,False,0.9330612467790876,0.7670924720816261,False,False,未进入候选范围审阅,False,False,False,Analytical Chemistry (journal) / Physical chemistry / Atmospheric temperature range,未进入候选范围审阅
N0159,Wurtzite crystal structure / Zinc / Metallurgy,待主题范围审阅,NMF关键词主题,待主题范围审阅,True,False,5,11974,0.0004499345549738,2,11985,0.0002043318348998,7,9992,0.0007322788517867,7,7998,0.0009093113482056,6,7996,0.0007882609750181,5,2,2.2019797120418847,3,16,5.333333333333333,0.000615307344964,0.7312354689997764,0.4948080279232111,-0.2435296238438224,3,0,3,14,0.0004621817472201,0,0,0.0,21,36,13.666666666666666,1.5,0.5986048779499066,0.000545905707196,0.8241982984293194,0.3139939961276116,0.684578303962149,0.999999583780761,21.44,54.190000000000005,False,False,历史峰值以下的恢复或波动,2026Q2,False,False,annual_volume | active_years | persistence | current_volume,volume | baseline | multiyear | trend | peak | lower95 | qvalue,427,232,False,False,0.6745259021833733,0.9647320876129192,False,False,0.7325701149978664,2.2043317745508246,False,False,0.7718770129657421,2.169775849602314,False,False,未进入候选范围审阅,False,False,False,Wurtzite crystal structure / Zinc / Metallurgy,未进入候选范围审阅
N0160,Faraday efficiency / Reversible hydrogen electrode / Dendrite (mathematics),待主题范围审阅,NMF关键词主题,待主题范围审阅,True,False,77,11974,0.0063399869109947,17,11985,0.0014303228442991,45,9992,0.0044424917008396,45,7998,0.0055164888457807,39,7996,0.0047902013097259,77,17,4.432556563201197,3,107,35.666666666666664,0.0037964344636398,1.6699845530630428,1.14927938553593,0.1778306455092955,4,4,3,139,0.0040709338187111,9,2,0.75,193,292,82.66666666666667,2.3187250996015933,0.6627716916035062,0.003556658395368,1.7825684128820165,1.3310729137601718,3.10645810687857e-05,0.0008629050296884,91.99,92.86,False,False,多年背景上持续抬升,2026Q2,False,True,annual_volume | active_years,,14,19,False,False,1.5050062955928307,3.588803365920059,False,True,1.6730114125724946,4.437291234485426,False,True,1.591148921231401,4.273800915883346,False,True,范围过宽或样本混杂，暂缓认定,False,False,False,Faraday efficiency / Reversible hydrogen electrode / Dendrite (mathematics),电池阳极、超级电容和CO2电还原混合，效率与枝晶指标不足以代表单一方向。
N0161,Ternary operation / Ternary numeral system / Phase diagram,待主题范围审阅,NMF关键词主题,待主题范围审阅,True,False,27,11974,0.0022496727748691,28,11985,0.0023293829178586,30,9992,0.0029779339972661,10,7998,0.0012730358874878,21,7996,0.0026073247635217,27,28,0.965780575456967,3,68,22.666666666666668,0.0021934509342042,1.0256316837491946,0.7554474937773583,-0.1402224991623231,2,3,3,85,0.0025189965633312,9,1,0.75,86,212,56.333333333333336,1.5174418604651163,0.5545439545479116,0.0022663358147229,0.9926475856995454,0.6377265258862461,0.5106122187024145,0.999999583780761,76.75,50.99999999999999,False,False,近期份额下降,2026Q2,False,False,annual_volume | active_years | current_volume,multiyear | recent_growth | quarters | trend | peak | lower95 | qvalue,87,249,False,False,0.8679024797775937,0.9062634762424392,False,False,1.0427213217732616,0.9668121818205372,False,False,1.0294928326319877,1.0282303349179245,False,False,未进入候选范围审阅,False,False,False,Ternary operation / Ternary numeral system / Phase diagram,未进入候选范围审阅
N0162,China / Beijing / Industrial organization,待主题范围审阅,NMF关键词主题,待主题范围审阅,True,False,20,11974,0.0016770287958115,49,11985,0.0040457703310175,34,9992,0.003368482718219,26,7998,0.0032129000969932,11,7996,0.001394615571186,20,49,0.41451408720715,3,109,36.333333333333336,0.0035423843820766,0.4734180752085423,0.41451408720715,-0.3487193786383784,0,2,3,103,0.0030304272816827,9,2,0.75,49,173,68.66666666666667,0.7177033492822966,0.41231434226946,0.0036228287841191,0.4629058936383848,0.2888327506941927,0.9994892461292834,0.999999583780761,69.57000000000001,13.06,False,False,近期份额下降,2026Q2,False,False,annual_volume | active_years | current_volume | current_share,volume | multiyear | recent_growth | quarters | trend | peak | lower95 | qvalue,128,451,False,False,0.4927769718178079,0.3760820002558838,False,False,0.4741689306091059,0.4149568537951506,False,False,0.5339645780903026,0.4443596894789953,False,False,未进入候选范围审阅,False,False,False,China / Beijing / Industrial organization,未进入候选范围审阅
N0163,Dielectric / Permittivity / Dielectric loss,待主题范围审阅,NMF关键词主题,待主题范围审阅,True,False,34,11974,0.0028223167539267,13,11985,0.0011033919084593,14,9992,0.0014157391134544,23,7998,0.0028491755577109,14,7996,0.0017584283288867,34,13,2.5578552210587557,3,50,16.666666666666668,0.0017894355265415,1.5772106410457707,0.9905731313356356,0.3449531776134895,4,4,3,61,0.0017804825919468,6,1,0.5,63,121,37.66666666666666,1.6551724137931036,0.4048055831564216,0.0016708023159636,1.6891984928204862,1.095632160665195,0.0076778824728144,0.0912459412518597,51.62,91.58,False,False,历史峰值以下的恢复或波动,2026Q2,False,False,annual_volume | active_years | persistence | current_volume,peak | qvalue,244,23,False,False,1.248137017860069,2.0817902943226154,False,False,1.5799942334728068,2.5605874148822707,False,False,1.5102010003022408,2.40647866955893,False,False,未进入候选范围审阅,False,False,False,Dielectric / Permittivity / Dielectric loss,未进入候选范围审阅
N0164,Formate / Inorganic chemistry / Chemistry,待主题范围审阅,NMF关键词主题,待主题范围审阅,True,False,15,11974,0.0012679973821989,23,11985,0.0019207192480588,16,9992,0.0016110134739308,18,7998,0.0022429679922405,17,7996,0.0021222410865874,15,23,0.6601679987746464,3,57,19.0,0.0019249002380767,0.6587340772869664,0.5653212112636197,-0.1197123381825697,0,0,3,54,0.0015999100347295,6,0,0.5,52,131,46.66666666666666,1.111888111888112,0.6367668253571579,0.0019023986765922,0.6665255804689278,0.3803670906643423,0.9264688723377864,0.999999583780761,57.08,27.9,False,False,近期份额下降,2026Q2,False,False,annual_volume | active_years | persistence | current_volume | current_share,volume | multiyear | recent_growth | quarters | trend | peak | lower95 | qvalue,207,379,False,False,0.7059372120335982,0.6535281883829452,False,False,0.6598146695043272,0.6608731625829358,False,False,0.6854800702828621,0.7457101035218595,False,False,未进入候选范围审阅,False,False,False,Formate / Inorganic chemistry / Chemistry,未进入候选范围审阅
N0165,Dissolution / Calcite / Aquifer,待主题范围审阅,NMF关键词主题,待主题范围审阅,True,False,26,11974,0.0021678664921465,15,11985,0.0012668573763792,17,9992,0.0017086506541691,10,7998,0.0012730358874878,19,7996,0.0023647829250545,26,15,1.7112159052524911,3,42,14.0,0.001416181306012,1.5307831581616098,0.9167295945764532,0.1190197663394507,3,2,3,58,0.0017144581742316,5,0,0.4166666666666667,73,143,33.0,2.176470588235294,0.6021981219895456,0.0014061207609594,1.5417356405913152,0.9491135295971768,0.0382857520188413,0.273469657277438,60.780000000000015,82.61999999999999,False,False,历史峰值以下的恢复或波动,2026Q2,False,False,annual_volume | active_years | persistence | current_volume,peak | lower95 | qvalue,186,72,False,False,1.5286472962364943,1.3506249226580866,False,False,1.5333018578325932,1.7130437544163302,False,False,1.250775911441349,1.4976567312069842,False,False,未进入候选范围审阅,False,False,False,Dissolution / Calcite / Aquifer,未进入候选范围审阅
N0166,Thermal / Process engineering / Mechanical engineering,待主题范围审阅,NMF关键词主题,待主题范围审阅,True,False,117,11974,0.0096122382198952,99,11985,0.0081324070290151,45,9992,0.0044424917008396,29,7998,0.0035766246362754,38,7996,0.0046689303904923,117,99,1.181967182114762,3,173,57.66666666666666,0.0053838411220434,1.7853866787671833,1.181967182114762,0.3859108441217516,3,4,3,261,0.0073957123165833,12,3,1.0,217,431,106.66666666666669,2.024767801857585,0.4779452520049901,0.0057402812241521,1.6745239204399716,1.3249271494598374,4.001134646694929e-06,0.0002500709154184,90.76,83.97,False,False,多年背景上持续抬升,2026Q2,True,True,,,20,64,False,False,1.87327295981772,1.140137921724359,True,True,1.7880264939158776,1.183229709957615,True,True,1.8261782161235112,1.1824243077943295,False,True,范围过宽或样本混杂，暂缓认定,False,False,False,Thermal / Process engineering / Mechanical engineering,储热、电池热失控、磁热效应与移动热源混合；建议分解后再识别。
N0167,Physics / Astrophysics / Astronomy,待主题范围审阅,NMF关键词主题,待主题范围审阅,True,False,8,11974,0.0006953534031413,21,11985,0.0017572537801389,11,9992,0.0011228275727396,13,7998,0.0016367604267701,9,7996,0.0011520737327188,8,21,0.3957045994155607,3,45,15.0,0.0015056139265495,0.4618404432103652,0.3957045994155607,-0.2395925956283697,1,1,3,40,0.00119181158534,4,0,0.3333333333333333,24,85,31.0,0.78125,0.2974591846974535,0.001505376344086,0.4619133320867614,0.2220705367544396,0.9849762022771148,0.999999583780761,23.4,17.42,False,False,近期份额下降,2026Q2,False,False,annual_volume | active_years | persistence | current_volume | current_share,volume | multiyear | recent_growth | quarters | trend | peak | lower95 | qvalue,409,428,False,False,0.5049854539047652,0.4205242433184519,False,False,0.4625763986490364,0.3961272744964483,False,False,0.5001938087101151,0.4299089678699223,False,False,未进入候选范围审阅,False,False,False,Physics / Astrophysics / Astronomy,未进入候选范围审阅
N0168,Transistor / Field-effect transistor / MOSFET,待主题范围审阅,NMF关键词主题,待主题范围审阅,True,False,18,11974,0.0015134162303664,9,11985,0.0007764609726195,14,9992,0.0014157391134544,20,7998,0.0024854510184287,18,7996,0.002243512005821,18,9,1.9491207977404243,3,43,14.333333333333334,0.0015592170348342,0.9706257670070968,0.6089101008811135,0.033358881636972,3,2,3,41,0.0012352054388134,3,0,0.25,42,89,33.0,1.2647058823529411,0.429220399091226,0.0014392059553349,1.0515633462718903,0.6103331910929176,0.4337501467294732,0.999999583780761,32.83,65.3,False,False,历史峰值以下的恢复或波动,2026Q2,False,False,annual_volume | active_years | persistence | current_volume,volume | multiyear | peak | lower95 | qvalue,356,173,False,False,1.1201874955867046,2.4489352993251026,False,False,0.9723668334904484,1.9512027669469023,False,False,0.9358225565159616,2.0305388966866573,False,False,未进入候选范围审阅,False,False,False,Transistor / Field-effect transistor / MOSFET,未进入候选范围审阅
N0169,Biology / Bacteria / Microbiology,待主题范围审阅,NMF关键词主题,待主题范围审阅,True,False,33,11974,0.0027405104712041,55,11985,0.0045361667347772,41,9992,0.0040519429798867,35,7998,0.0043040737148399,39,7996,0.0047902013097259,33,55,0.6041467678411395,3,131,43.66666666666666,0.0042973944765013,0.6377144304972773,0.5721075783683477,-0.1955261538947188,1,3,3,129,0.0037762067286227,11,3,0.9166666666666666,98,361,127.66666666666669,0.7694300518134713,0.4406914106402325,0.0043507030603804,0.6299006007007345,0.43105508846556,0.9916418054771244,0.999999583780761,81.92,25.1,False,False,近期份额下降,2026Q2,False,False,annual_volume | current_volume | current_share,multiyear | recent_growth | quarters | trend | peak | lower95 | qvalue,53,390,False,False,0.6104707430386237,0.5739545331368,False,False,0.6387437681884655,0.604792092116729,False,False,0.701237571814783,0.6674700731099863,False,False,未进入候选范围审阅,False,False,False,Biology / Bacteria / Microbiology,未进入候选范围审阅
N0170,Bimetallic strip / Catalysis / Inorganic chemistry,待主题范围审阅,NMF关键词主题,待主题范围审阅,True,False,49,11974,0.0040494109947643,41,11985,0.0033919084593379,34,9992,0.003368482718219,38,7998,0.0046677982541222,34,7996,0.004183846713558,49,41,1.1938444221913835,3,113,37.66666666666666,0.0038093964772264,1.0630059168093535,0.8675205684367989,0.0920545130767624,3,4,3,124,0.0036032673907738,11,3,0.9166666666666666,127,270,87.66666666666667,1.443609022556391,0.5868865063193425,0.0037551695616211,1.0783563640242635,0.772278195342606,0.3153288632439197,0.8476582345266659,90.17,65.02,False,False,历史峰值以下的恢复或波动,2026Q2,False,False,annual_volume | current_volume,multiyear | peak | lower95 | qvalue,22,175,False,False,1.082679382195713,1.078229980273263,False,False,1.0761955061730537,1.195119636804664,False,False,1.1338498556242822,1.2424336328891643,False,False,未进入候选范围审阅,False,False,False,Bimetallic strip / Catalysis / Inorganic chemistry,未进入候选范围审阅
N0171,Nanosheet / Nanotechnology / Chemical engineering,待主题范围审阅,NMF关键词主题,待主题范围审阅,True,False,18,11974,0.0015134162303664,21,11985,0.0017572537801389,39,9992,0.0038566686194102,26,7998,0.0032129000969932,32,7996,0.0039413048750909,18,21,0.8612394222573968,3,86,28.666666666666668,0.0029422741655141,0.5143695472383122,0.3839886226339106,-0.4677171296033018,1,2,3,78,0.0023757795433052,6,1,0.5,61,167,51.66666666666666,1.1772151898734178,0.5980367006798909,0.0028618693134822,0.5288208735586962,0.3200855794067682,0.9944643359217468,0.999999583780761,70.72,25.61,False,False,近期份额下降,2026Q2,False,False,annual_volume | active_years | persistence | current_volume,volume | multiyear | recent_growth | quarters | trend | peak | lower95 | qvalue,122,389,False,False,0.3986211466763263,0.4989993556618548,False,False,0.5152603879564415,0.8621593621393289,False,False,0.5181030951954706,0.8419307620408091,False,False,未进入候选范围审阅,False,False,False,Nanosheet / Nanotechnology / Chemical engineering,未进入候选范围审阅
N0172,Thermal energy storage / Phase-change material / Latent heat,待主题范围审阅,NMF关键词主题,待主题范围审阅,True,False,67,11974,0.0055219240837696,56,11985,0.0046178994687372,65,9992,0.0063952353056043,63,7998,0.0076988360814742,41,7996,0.005032743148193,67,56,1.1957653303525924,3,184,61.333333333333336,0.0062373236186052,0.8853034444610663,0.7172414148493219,-0.0734134320732637,3,4,3,188,0.005511686286037,12,3,1.0,153,348,129.33333333333334,1.1815856777493603,0.5693350364307992,0.0061042183622828,0.9046078885199846,0.6845029198786905,0.7425628401480656,0.999999583780761,95.3,53.52,False,False,历史峰值以下的恢复或波动,2026Q2,True,False,,multiyear | trend | peak | lower95 | qvalue,8,235,False,False,0.9085499026533932,1.360519610736168,True,False,0.8868155078124665,1.1970425967995226,False,False,0.8271860234544351,1.1394674585290174,False,False,有样本依据的条件性跟踪方向,True,False,False,相变材料与热能储存,代表样本明确涉及PCM储热、太阳能热利用和热性能；核心数量门槛对摘要与日期过滤敏感，暂列条件性跟踪。
N0173,Geography / Forestry / Agroforestry,待主题范围审阅,NMF关键词主题,待主题范围审阅,True,False,7,11974,0.0006135471204188,30,11985,0.0024928483857785,19,9992,0.0019039250146455,12,7998,0.001515518913676,14,7996,0.0017584283288867,7,30,0.2461229186335936,3,61,20.33333333333333,0.0019707641047,0.311324485236772,0.2461229186335936,-0.5662078822056213,0,1,3,56,0.0016701068402809,7,1,0.5833333333333334,14,97,34.666666666666664,0.4205607476635514,0.2195825510406723,0.0020347394540942,0.3015359628399949,0.1412899056444176,0.9995734765575828,0.999999583780761,35.77,4.98,False,False,近期份额下降,2026Q2,False,False,annual_volume | active_years | persistence | current_volume | current_share,volume | multiyear | recent_growth | quarters | trend | peak | lower95 | qvalue,340,482,False,False,0.2282580643680685,0.1771956895615565,False,False,0.3183305783043618,0.2463858168275884,False,False,0.398822882213909,0.290076985240951,False,False,未进入候选范围审阅,False,False,False,Geography / Forestry / Agroforestry,未进入候选范围审阅
N0174,Substrate (aquarium) / FOIL method / Waveguide,待主题范围审阅,NMF关键词主题,待主题范围审阅,True,False,4,11974,0.0003681282722513,4,11985,0.0003677973028197,5,9992,0.0005370044913102,7,7998,0.0009093113482056,2,7996,0.0003031772980839,4,4,1.0008998691099475,3,16,5.333333333333333,0.0006047043807785,0.6087739463328159,0.4048429319371728,-0.1887875074229787,2,0,3,13,0.0004243100221271,0,0,0.0,8,26,10.333333333333334,0.7941176470588235,0.4535864437239658,0.000545905707196,0.6743440623512613,0.2377883644106906,0.8013003532833163,0.999999583780761,12.250000000000002,33.809999999999995,False,False,历史峰值以下的恢复或波动,2026Q2,False,False,annual_volume | active_years | persistence | current_volume,volume | baseline | multiyear | recent_growth | quarters | trend | peak | lower95 | qvalue,477,349,False,False,0.4832041097897078,1.6078868126881989,False,False,0.609845541549126,1.001968988432193,False,False,0.6088165217183871,0.9862617498192336,False,False,未进入候选范围审阅,False,False,False,Substrate (aquarium) / FOIL method / Waveguide,未进入候选范围审阅
N0175,Passivation / Carrier lifetime / Common emitter,待主题范围审阅,NMF关键词主题,待主题范围审阅,True,False,36,11974,0.0029859293193717,25,11985,0.0020841847159787,30,9992,0.0029779339972661,25,7998,0.0030916585838991,25,7996,0.0030924084404559,36,25,1.4326605969612975,3,80,26.666666666666668,0.0027179257657146,1.0986059137588615,0.9655675751976184,0.0013406287956367,4,4,3,91,0.0026826826775388,12,2,1.0,76,208,73.66666666666667,1.03125,0.5508877466863569,0.0026633581472291,1.1211144556274593,0.7582122634321156,0.2760192217815403,0.7977434155535849,83.24000000000001,65.57,False,False,历史峰值以下的恢复或波动,2026Q2,False,False,annual_volume | active_years | current_volume,multiyear | peak | lower95 | qvalue,48,168,False,False,1.4018413589857968,1.6663554240586784,False,False,1.0703174528995951,1.3948980035036411,False,False,1.0832482380231092,1.4479161859048324,False,False,未进入候选范围审阅,False,False,False,Passivation / Carrier lifetime / Common emitter,未进入候选范围审阅
N0176,Dopant / Inorganic chemistry / Ionic radius,待主题范围审阅,NMF关键词主题,待主题范围审阅,True,False,13,11974,0.0011043848167539,15,11985,0.0012668573763792,12,9992,0.0012204647529779,16,7998,0.0020004849660523,14,7996,0.0017584283288867,13,15,0.8717514989022125,3,43,14.333333333333334,0.0014959356984698,0.7382568768721613,0.5520585435506902,-0.0499716391238389,2,2,3,40,0.0011972356487037,3,0,0.25,35,97,37.333333333333336,0.9391304347826086,0.4817990159504625,0.0014392059553349,0.7673570364686767,0.4166792654293915,0.8115822232757395,0.999999583780761,34.53,40.71,False,False,近期份额下降,2026Q2,False,False,annual_volume | active_years | persistence | current_volume,volume | multiyear | recent_growth | quarters | trend | peak | lower95 | qvalue,351,306,False,False,0.8070435566247999,0.8875535206038856,False,False,0.7395044711615908,0.8726826673441681,False,False,0.7616500519041555,0.9862617498192336,False,False,未进入候选范围审阅,False,False,False,Dopant / Inorganic chemistry / Ionic radius,未进入候选范围审阅
N0177,Ceramic / Sintering / Composite material,待主题范围审阅,NMF关键词主题,待主题范围审阅,True,False,20,11974,0.0016770287958115,19,11985,0.001593788312219,22,9992,0.0021968365553602,23,7998,0.0028491755577109,12,7996,0.0015158864904195,20,19,1.0522280675258424,3,64,21.33333333333333,0.00221326680843,0.7577165073021906,0.5886014258661023,-0.1349973712249088,1,2,3,61,0.0018225512211302,6,0,0.5,34,106,42.333333333333336,0.8076923076923076,0.4320731151878264,0.0021339950372208,0.7858634938512115,0.4781084662588536,0.8319257335340463,0.999999583780761,49.46,38.13999999999999,False,False,历史峰值以下的恢复或波动,2026Q2,False,False,annual_volume | active_years | persistence | current_volume,volume | multiyear | recent_growth | quarters | trend | peak | lower95 | qvalue,258,322,False,False,0.3834463695809819,0.5452833538681717,False,False,0.7590173987111752,1.0533520134799976,False,False,0.7645782861753556,1.0395731957554082,False,False,未进入候选范围审阅,False,False,False,Ceramic / Sintering / Composite material,未进入候选范围审阅
N0178,Layer (electronics) / Scheduling (production processes) / Atomic layer deposition,待主题范围审阅,NMF关键词主题,待主题范围审阅,True,False,4,11974,0.0003681282722513,13,11985,0.0011033919084593,3,9992,0.0003417301308338,2,7998,0.0003031037827352,1,7996,0.0001819063788503,4,13,0.3336332897033159,3,18,6.0,0.0005827419406761,0.6317174834270387,0.3336332897033159,0.0372050544485498,0,0,3,20,0.0006044167705148,0,0,0.0,9,50,15.333333333333334,0.6122448979591836,0.5729710380046298,0.000612076095947,0.6014420015565304,0.2146728216577093,0.859144024061056,0.999999583780761,22.39,24.31,False,False,近期份额下降,2026Q2,False,False,annual_volume | active_years | persistence | current_volume | current_share,volume | baseline | multiyear | recent_growth | quarters | peak | lower95 | qvalue,419,395,False,False,0.9556325568596952,0.5107405169715454,False,False,0.632586111059719,0.3339896628107309,False,False,0.705016290494085,0.3287539166064112,False,False,未进入候选范围审阅,False,False,False,Layer (electronics) / Scheduling (production processes) / Atomic layer deposition,未进入候选范围审阅
N0179,Coal / Coke / Halide,待主题范围审阅,NMF关键词主题,待主题范围审阅,True,False,27,11974,0.0022496727748691,27,11985,0.0022476501838986,24,9992,0.0023921109158367,15,7998,0.0018792434529582,14,7996,0.0017584283288867,27,27,1.0008998691099478,3,66,22.0,0.0021730015175645,1.0352835728299334,0.9404550432738542,-0.0306957161309804,2,4,3,78,0.0022964779582015,9,0,0.75,55,139,42.66666666666666,1.2824427480916032,0.4548280295811212,0.0022001654259718,1.0225016484273513,0.6556580888789725,0.4584516582705928,0.999999583780761,65.24,54.02,False,False,历史峰值以下的恢复或波动,2026Q2,False,False,annual_volume | active_years | current_volume,multiyear | recent_growth | quarters | trend | peak | lower95 | qvalue,160,234,False,False,1.0151586340403345,1.4724858179355085,False,False,1.036949289114048,1.0019689884321932,False,False,1.0100647276510772,0.9460061681939586,False,False,未进入候选范围审阅,False,False,False,Coal / Coke / Halide,未进入候选范围审阅
N0180,Nanomaterials / Nanotechnology / Photothermal therapy,待主题范围审阅,NMF关键词主题,待主题范围审阅,True,False,21,11974,0.001758835078534,23,11985,0.0019207192480588,21,9992,0.002099199375122,16,7998,0.0020004849660523,24,7996,0.0029711375212224,21,23,0.9157169015261224,3,60,20.0,0.002006801196411,0.8764371287397502,0.5919736350037397,-0.088452159691903,1,2,3,65,0.0019262512339049,7,0,0.5833333333333334,55,164,52.66666666666666,1.0434782608695652,0.5809095071922691,0.0020016542597187,0.8786907479122495,0.5371721418748561,0.699259689257965,0.999999583780761,66.33000000000001,42.63,False,False,近期份额下降,2026Q2,False,False,annual_volume | active_years | persistence | current_volume,volume | multiyear | recent_growth | quarters | trend | peak | lower95 | qvalue,152,299,False,False,1.0239562014681505,0.9062634762424392,False,False,0.8778723757451321,0.9166950319698788,False,False,0.867899753935787,0.9862617498192336,False,False,未进入候选范围审阅,False,False,False,Nanomaterials / Nanotechnology / Photothermal therapy,未进入候选范围审阅
N0181,Torque / Induction motor / Direct torque control,待主题范围审阅,NMF关键词主题,待主题范围审阅,True,False,26,11974,0.0021678664921465,20,11985,0.0016755210461789,19,9992,0.0019039250146455,27,7998,0.0033341416100872,19,7996,0.0023647829250545,26,20,1.2938461722640786,3,66,22.0,0.0023045292236372,0.9406981998366704,0.6502022846263684,0.0649129740193346,4,4,3,65,0.0019157708509903,9,0,0.75,35,91,34.0,1.0285714285714285,0.2690105979724595,0.0022001654259718,0.9853197703027202,0.6281040226957831,0.5240165256847721,0.999999583780761,47.22,61.69,False,False,历史峰值以下的恢复或波动,2026Q2,False,False,annual_volume | active_years | current_volume,multiyear | peak | lower95 | qvalue,268,197,False,False,0.9421611718672916,1.3740123672062787,False,False,0.9423229559540864,1.2952282045586885,False,False,0.968113837707982,1.1885718523462558,False,False,未进入候选范围审阅,False,False,False,Torque / Induction motor / Direct torque control,未进入候选范围审阅
N0182,Magnetic field / Magnetization / Magnetic flux,待主题范围审阅,NMF关键词主题,待主题范围审阅,True,False,19,11974,0.001595222513089,10,11985,0.0008581937065794,14,9992,0.0014157391134544,9,7998,0.0011517943743937,12,7996,0.0015158864904195,19,10,1.85881404263276,3,33,11.0,0.0011419090648092,1.3969785880940622,1.0523363874345548,0.0596807483796832,4,3,3,43,0.0012897184443742,3,0,0.25,38,98,28.33333333333333,1.3295454545454546,0.2981957766974554,0.0011083540115798,1.439271655466125,0.823537928996923,0.1007587220736737,0.4579941912439713,28.71,78.27000000000001,False,False,多年背景上持续抬升,2026Q2,False,False,annual_volume | active_years | persistence | current_volume,volume | lower95 | qvalue,375,89,False,False,1.4735471727808422,1.8786888021935797,False,False,1.399337055926556,1.8607995499455008,False,False,1.3132480651692808,1.8167979601933248,False,False,未进入候选范围审阅,False,False,False,Magnetic field / Magnetization / Magnetic flux,未进入候选范围审阅
N0183,Zinc / Zinc sulfide / Sulfide,待主题范围审阅,NMF关键词主题,待主题范围审阅,True,False,44,11974,0.0036403795811518,84,11985,0.0069064160196158,49,9992,0.0048330404217926,32,7998,0.0039403491755577,24,7996,0.0029711375212224,44,84,0.5271011145016884,3,165,55.0,0.005226601872322,0.6965098299202371,0.5271011145016884,-0.141693899893128,1,3,3,177,0.0051266120075201,11,3,0.9166666666666666,94,335,127.0,0.7421875,0.6074408909116114,0.005475599669148,0.664836693899179,0.4775041721639396,0.9918937631079328,0.999999583780761,94.24,26.34,False,False,近期份额下降,2026Q2,False,False,annual_volume | current_volume | current_share,multiyear | recent_growth | quarters | trend | peak | lower95 | qvalue,10,382,False,False,0.7464349209708161,0.5499874518167109,False,False,0.6975762535055678,0.527664141837072,False,False,0.7347818896100095,0.5479231943440187,False,False,未进入候选范围审阅,False,False,False,Zinc / Zinc sulfide / Sulfide,未进入候选范围审阅
N0184,Sorption / Sorbent / Chemistry,待主题范围审阅,NMF关键词主题,待主题范围审阅,True,False,16,11974,0.0013498036649214,15,11985,0.0012668573763792,22,9992,0.0021968365553602,14,7998,0.0017580019398642,16,7996,0.0020009701673538,16,15,1.065474054213815,3,51,17.0,0.0017405652905345,0.7754972894506605,0.6144306282722513,-0.2435296238438229,2,1,3,53,0.0016044991988869,6,0,0.5,30,91,31.666666666666668,0.9489795918367344,0.4607238315086355,0.0017038875103391,0.7921905975194429,0.455023359232228,0.801200082535116,0.999999583780761,45.190000000000005,40.36,False,False,历史峰值以下的恢复或波动,2026Q2,False,False,annual_volume | active_years | persistence | current_volume,volume | multiyear | recent_growth | quarters | trend | peak | lower95 | qvalue,284,310,False,False,0.8650671667486952,1.2693843258064728,False,False,0.7768110639610567,1.0666121489762057,False,False,0.7519891995344822,1.2435474236851207,False,False,未进入候选范围审阅,False,False,False,Sorption / Sorbent / Chemistry,未进入候选范围审阅
N0185,Microstructure / Methane / Chemical engineering,待主题范围审阅,NMF关键词主题,待主题范围审阅,True,False,22,11974,0.0018406413612565,22,11985,0.0018389865140988,12,9992,0.0012204647529779,11,7998,0.0013942774005819,13,7996,0.0016371574096531,22,22,1.0008998691099475,3,45,15.0,0.0014845762225529,1.2398429486438307,1.0008998691099475,0.2054411727591563,2,3,3,56,0.0016333642094444,6,0,0.5,44,106,32.666666666666664,1.3366336633663367,0.5222219011053759,0.001505376344086,1.2227117614061331,0.7378085108618897,0.2181523735759286,0.7271745785864288,52.32000000000001,65.42999999999999,False,False,平稳或增长证据不足,2026Q2,False,False,annual_volume | active_years | persistence | current_volume,volume | multiyear | recent_growth | quarters | peak | lower95 | qvalue,238,169,False,False,1.1890722116907724,1.221993977643031,False,False,1.2417833736081527,1.001968988432193,False,False,1.3135843668055658,1.0874168010827447,False,False,未进入候选范围审阅,False,False,False,Microstructure / Methane / Chemical engineering,未进入候选范围审阅
N0186,Field (mathematics) / Electromagnetic field / Mathematics,待主题范围审阅,NMF关键词主题,待主题范围审阅,True,False,61,11974,0.0050310863874345,40,11985,0.003310175725378,20,9992,0.0020015621948838,13,7998,0.0016367604267701,19,7996,0.0023647829250545,61,40,1.5198849864262167,3,73,24.33333333333333,0.0023161661156773,2.172161294209812,1.5198849864262167,0.4608539846421515,3,4,3,121,0.0034476081025654,10,2,0.8333333333333334,73,157,38.0,1.8974358974358971,0.2839954759880944,0.0024317617866004,2.068905932791965,1.4744709396726634,6.540576479827745e-06,0.0003270288239913,69.53000000000002,88.82,False,False,多年背景上持续抬升,2026Q2,False,True,annual_volume | active_years,,129,36,False,False,2.0368184245727115,1.3898682618152225,False,False,2.1046772344950857,1.472028513869518,False,True,2.54045071624064,1.831628963950005,False,True,范围过宽或样本混杂，暂缓认定,False,False,False,Field (mathematics) / Electromagnetic field / Mathematics,数学Field、多种统一场叙述、光谱与水下运载器混杂，暂不认定能源新兴热点。
N0187,Borehole / Geothermal gradient / Geothermal energy,待主题范围审阅,NMF关键词主题,待主题范围审阅,True,False,9,11974,0.0007771596858638,5,11985,0.0004495300367797,8,9992,0.0008299160320249,4,7998,0.0005455868089233,6,7996,0.0007882609750181,9,5,1.728827046644455,3,17,5.666666666666667,0.000608344292576,1.2774997568777904,0.9364317061903294,-0.0328393421367909,3,1,3,22,0.0006855352515561,1,0,0.0833333333333333,17,43,10.333333333333334,1.588235294117647,0.2917237403067579,0.0005789909015715,1.3422658002991772,0.6092578758143268,0.246459078076331,0.7683849321163552,9.6,71.63999999999999,False,False,历史峰值以下的恢复或波动,2026Q2,False,False,annual_volume | active_years | persistence | current_volume,volume | baseline | trend | peak | lower95 | qvalue,482,130,False,False,1.6197504417389466,2.0672830448848267,False,False,1.1449496934839023,1.5484975275770254,False,False,1.196612975653608,1.5242227042660883,False,False,未进入候选范围审阅,False,False,False,Borehole / Geothermal gradient / Geothermal energy,未进入候选范围审阅
N0188,MATLAB / Control engineering / AC power,待主题范围审阅,NMF关键词主题,待主题范围审阅,True,False,6,11974,0.0005317408376963,7,11985,0.0006129955046996,7,9992,0.0007322788517867,5,7998,0.0006668283220174,7,7996,0.0009095318942517,6,7,0.8674465532286213,3,19,6.333333333333333,0.0006707008928346,0.792813672051355,0.5846313263525306,-0.1600025815122396,2,0,3,20,0.0006256717313942,0,0,0.0,2,18,8.0,0.3333333333333333,0.1575958446771735,0.0006451612903225,0.8241982984293194,0.3392393683790821,0.6926033093823682,0.999999583780761,4.75,35.879999999999995,False,False,近期份额下降,2026Q2,False,False,annual_volume | active_years | persistence | current_volume,volume | baseline | multiyear | recent_growth | quarters | trend | peak | lower95 | qvalue,491,333,False,False,0.6955487730462678,0.7074701975828074,False,False,0.7941201041329544,0.8683731233079004,False,False,0.8278869830444272,0.854760183176669,False,False,未进入候选范围审阅,False,False,False,MATLAB / Control engineering / AC power,未进入候选范围审阅
N0189,Computer security / Cyber-physical system / Internet of Things,待主题范围审阅,NMF关键词主题,待主题范围审阅,True,False,28,11974,0.0023314790575916,63,11985,0.0051900286064568,44,9992,0.0043448545206014,20,7998,0.0024854510184287,28,7996,0.0034562211981566,28,63,0.4492227758997403,3,127,42.333333333333336,0.0040067780484956,0.5818837553198043,0.4492227758997403,-0.3112447106406977,1,3,3,135,0.0039554540615499,10,2,0.8333333333333334,54,221,75.33333333333333,0.7205240174672489,0.4373282717707789,0.0042183622828784,0.5526976824761317,0.3682285544281987,0.9980998171714324,0.999999583780761,78.22,18.61,False,False,近期份额下降,2026Q2,False,False,annual_volume | active_years | current_volume | current_share,multiyear | recent_growth | quarters | trend | peak | lower95 | qvalue,75,424,False,False,0.6073577921907857,0.4776828783326104,False,False,0.5827724995038354,0.4497026168553937,False,False,0.6516835078784532,0.4795584655084346,False,False,有样本依据的条件性跟踪方向,False,False,True,电力网络安全与工业互联网防护,专利样本有配网终端加密和漏洞定位；已核读新能源涉网通知的网络安全条款及工业互联网电力安全指南。通用IoT和防爆控制文献仍需过滤。
N0190,Fourier transform infrared spectroscopy / Diffuse reflectance infrared fourier transform / Infrared spectroscopy,待主题范围审阅,NMF关键词主题,待主题范围审阅,True,False,6,11974,0.0005317408376963,7,11985,0.0006129955046996,22,9992,0.0021968365553602,26,7998,0.0032129000969932,14,7996,0.0017584283288867,6,7,0.8674465532286213,3,55,18.33333333333333,0.0020075773856843,0.264866919446329,0.1655018275214857,-0.7093087258462947,1,0,3,35,0.0011138576325854,3,0,0.25,17,90,44.333333333333336,0.3970588235294117,0.471839858576091,0.0018362282878411,0.2895831859346257,0.1284956590498622,0.9993974627050366,0.999999583780761,29.72,15.590000000000002,False,False,近期份额下降,2026Q2,False,False,annual_volume | active_years | persistence | current_volume,volume | multiyear | recent_growth | quarters | trend | peak | lower95 | qvalue,370,441,False,False,0.2765614581228985,0.6139204193900395,False,False,0.2653545134891242,0.8683731233079004,False,False,0.2797781153416117,0.9862617498192336,False,False,未进入候选范围审阅,False,False,False,Fourier transform infrared spectroscopy / Diffuse reflectance infrared fourier transform / Infrared spectroscopy,未进入候选范围审阅
N0191,Electric vehicle / Charging station / Driving range,待主题范围审阅,NMF关键词主题,待主题范围审阅,True,False,60,11974,0.004949280104712,60,11985,0.004944830404577,46,9992,0.0045401288810779,19,7998,0.0023642095053346,22,7996,0.0027285956827552,60,60,1.0008998691099475,3,125,41.66666666666666,0.0039497229303298,1.2530702006225802,1.0008998691099475,0.0431433665298395,2,4,3,166,0.0048114131301223,12,3,1.0,106,256,68.66666666666667,1.5358851674641147,0.424313010497489,0.0041521918941273,1.1919680570910074,0.8770736549946444,0.1202766369801403,0.5140027221373517,84.48,62.66,False,False,平稳或增长证据不足,2026Q2,False,False,annual_volume,recent_growth | quarters | peak | lower95 | qvalue,44,191,False,False,0.9945372429919046,0.8739337734846444,False,False,1.2549951934497627,1.001968988432193,False,False,1.2692700097502247,1.0460351892022173,False,False,有样本依据的条件性跟踪方向,False,False,True,电动车充电与车网互动,专利样本涉及充电负荷预测、分层调度和电碳市场；政策有充电网络行动和V2G互动试点。当前仅为跟踪线索，尚未核验全部同任务专利与主体多样性。
N0192,Natural gas / Natural (archaeology) / Waste management,待主题范围审阅,NMF关键词主题,待主题范围审阅,True,False,30,11974,0.0024950916230366,20,11985,0.0016755210461789,26,9992,0.0025873852763132,23,7998,0.0028491755577109,17,7996,0.0021222410865874,30,20,1.489143707700166,3,69,23.0,0.0023706939600677,1.0524731007309651,0.8757240726300546,-0.018161184381308,3,3,3,76,0.0022526659818429,7,1,0.5833333333333334,50,119,38.333333333333336,1.2966101694915253,0.3446200737200518,0.0022994210090984,1.085095601529248,0.7088992923572898,0.3490248496818919,0.8995485816543606,55.42,63.29,False,False,历史峰值以下的恢复或波动,2026Q2,False,False,annual_volume | active_years | persistence | current_volume,multiyear | trend | peak | lower95 | qvalue,217,187,False,False,1.2354358653832171,1.965194993285576,False,False,1.019710225978601,1.441857812621936,False,False,0.9284746229466884,1.4046758255001204,False,False,未进入候选范围审阅,False,False,False,Natural gas / Natural (archaeology) / Waste management,未进入候选范围审阅
N0193,Robustness (evolution) / Control engineering / Robust control,待主题范围审阅,NMF关键词主题,待主题范围审阅,True,False,142,11974,0.0116573952879581,29,11985,0.0024111156518185,30,9992,0.0029779339972661,33,7998,0.0040615906886517,31,7996,0.0038200339558573,142,29,4.834855299937883,3,92,30.666666666666668,0.0031502134459121,3.7005096600946743,2.870155114479956,0.6823554983557663,4,4,3,201,0.0056821483123476,11,2,0.9166666666666666,233,315,57.333333333333336,4.011428571428572,0.3418265383243539,0.0030603804797353,3.809132676524692,2.932034966560861,4.804163455182492e-28,8.00693909197082e-26,81.07,99.47,False,False,多年背景上持续抬升,2026Q2,False,True,active_years,,60,2,False,True,3.617506344044906,3.913535827109012,False,True,3.654797300453416,4.772089588973665,False,True,3.809630407348764,5.676484293404034,False,True,范围过宽或样本混杂，暂缓认定,False,False,False,Robustness (evolution) / Control engineering / Robust control,预测、STATCOM、氢能枢纽、对抗扰动和半导体鲁棒性混合，Robustness为通用词。
N0194,Extraction (chemistry) / Chromatography / Stripping (fiber),待主题范围审阅,NMF关键词主题,待主题范围审阅,True,False,33,11974,0.0027405104712041,30,11985,0.0024928483857785,25,9992,0.0024897480960749,15,7998,0.0018792434529582,20,7996,0.0024860538442881,33,30,1.0993490365633851,3,70,23.33333333333333,0.0022872799782705,1.198152608005724,1.0993490365633851,0.0479813336414172,3,4,3,88,0.0025743689843525,11,2,0.9166666666666666,79,177,48.66666666666666,1.6107382550335572,0.4150458652994039,0.0023325062034739,1.1749209786120085,0.7787257635874968,0.2158510265658066,0.7271745785864288,71.49,66.43999999999998,False,False,平稳或增长证据不足,2026Q2,False,False,annual_volume | active_years | current_volume,multiyear | recent_growth | lower95 | qvalue,112,161,False,False,0.920668929655742,1.0312653350344998,False,False,1.200060366490395,1.1005233151632283,False,False,1.2152837490836312,1.0900787761159951,False,False,未进入候选范围审阅,False,False,False,Extraction (chemistry) / Chromatography / Stripping (fiber),未进入候选范围审阅
N0195,Offshore wind power / Submarine pipeline / Marine engineering,待主题范围审阅,NMF关键词主题,待主题范围审阅,True,False,69,11974,0.0056855366492146,56,11985,0.0046178994687372,32,9992,0.0031732083577426,26,7998,0.0032129000969932,20,7996,0.0024860538442881,69,56,1.231195414214891,3,114,38.0,0.0036680026411576,1.5500361383110126,1.231195414214891,0.2915911719256243,3,4,3,157,0.0044922148252315,11,3,0.9166666666666666,131,294,85.33333333333333,1.528957528957529,0.4838442725312977,0.0037882547559966,1.5008327093669267,1.1140291755650151,0.0029800597723028,0.0425722824614693,86.55,80.35,False,False,多年背景上持续抬升,2026Q2,False,True,annual_volume,,38,80,False,False,1.4758068629210015,1.111273670541464,False,True,1.5524470578059244,1.2325105255935829,False,False,1.5502197831274396,1.1777688857064634,False,True,有样本依据的条件性跟踪方向,False,True,False,海上风电布局与运行,四篇样本为海上风场布局、极端风、机侧储能及浮式平台，另含海域地质评价；明确限定风电子范围。
N0196,Control (management) / Control engineering / Control system,待主题范围审阅,NMF关键词主题,待主题范围审阅,True,False,27,11974,0.0022496727748691,24,11985,0.0020024519820187,20,9992,0.0020015621948838,3,7998,0.0004243452958292,4,7996,0.000545719136551,27,24,1.1234590367560635,3,47,15.666666666666666,0.0014761198242439,1.524044822053208,1.1234590367560635,0.0584283995721786,1,2,3,71,0.0020845623172572,7,0,0.5833333333333334,44,107,23.0,1.875,0.2898633252973664,0.001571546732837,1.4315023077982916,0.8950061369316392,0.0649942822148416,0.3778737338072187,49.30000000000001,69.08,False,False,平稳或增长证据不足,2026Q2,False,False,annual_volume | active_years | persistence | current_volume,recent_growth | quarters | lower95 | qvalue,259,148,False,False,1.3888724040247495,1.0690274484359377,False,False,1.52631180479567,1.1246590686483795,False,False,1.5729945956740232,1.0739294609142764,False,False,未进入候选范围审阅,False,False,False,Control (management) / Control engineering / Control system,未进入候选范围审阅
N0197,Nonlinear system / Finite element method / Structural engineering,待主题范围审阅,NMF关键词主题,待主题范围审阅,True,False,41,11974,0.0033949607329842,27,11985,0.0022476501838986,27,9992,0.0026850224565514,18,7998,0.0022429679922405,22,7996,0.0027285956827552,41,27,1.510448893384103,3,72,24.0,0.0023918802108968,1.4193690459570656,1.2442153868528214,0.1173015515901605,4,4,3,95,0.0027758777911448,9,1,0.75,71,159,42.333333333333336,1.6615384615384614,0.347511285907927,0.0023986765922249,1.4153474228200036,0.9664329729507032,0.0340736797691679,0.2542811923072232,67.39,80.32999999999998,False,False,多年背景上持续抬升,2026Q2,False,False,annual_volume | active_years | current_volume,lower95 | qvalue,144,81,False,False,1.4165417787784744,1.3506249226580869,False,False,1.3874353965037072,1.4756270556910478,False,False,1.4799439740081868,1.590095474198356,False,False,未进入候选范围审阅,False,False,False,Nonlinear system / Finite element method / Structural engineering,未进入候选范围审阅
N0198,Deposition (geology) / Atomic layer deposition / Chemical bath deposition,待主题范围审阅,NMF关键词主题,待主题范围审阅,True,False,13,11974,0.0011043848167539,12,11985,0.0010216591744993,14,9992,0.0014157391134544,4,7998,0.0005455868089233,9,7996,0.0011520737327188,13,12,1.0809718586387436,3,30,10.0,0.0009943283656257,1.1106842115068774,0.7800765029788771,-0.1241816416829753,2,1,3,39,0.0011805943682359,2,0,0.1666666666666666,29,81,20.0,1.4285714285714286,0.4395096775319563,0.0010090984284532,1.0944272487340143,0.576670122340203,0.4031229408755487,0.9644089494630352,28.71,54.92999999999999,False,False,历史峰值以下的恢复或波动,2026Q2,False,False,annual_volume | active_years | persistence | current_volume,volume | multiyear | recent_growth | quarters | trend | peak | lower95 | qvalue,375,229,False,False,0.7903300713720837,0.8512341949525758,False,False,1.1124466605078165,1.0821265075067683,False,False,1.0551338271485022,0.9004998585306045,False,False,未进入候选范围审阅,False,False,False,Deposition (geology) / Atomic layer deposition / Chemical bath deposition,未进入候选范围审阅
N0199,Chemistry / Organic chemistry / Combinatorial chemistry,待主题范围审阅,NMF关键词主题,待主题范围审阅,True,False,5,11974,0.0004499345549738,26,11985,0.0021659174499387,21,9992,0.002099199375122,7,7998,0.0009093113482056,11,7996,0.001394615571186,5,26,0.207733935098291,3,54,18.0,0.0017248093910887,0.2608604506088638,0.207733935098291,-0.7701045811394986,0,1,3,52,0.0015716837933448,6,0,0.5,9,123,44.66666666666666,0.218978102189781,0.4461879174098316,0.0018031430934656,0.2495279252125462,0.1038208412764722,0.999682029767894,0.999999583780761,42.900000000000006,2.43,False,False,近期份额下降,2026Q2,False,False,annual_volume | active_years | persistence | current_volume | current_share,volume | multiyear | recent_growth | quarters | trend | peak | lower95 | qvalue,297,491,False,False,0.2297055998927731,0.1929464175225838,False,False,0.2697863046293142,0.2249318137296759,False,False,0.3025409524143508,0.2127231225100307,False,False,未进入候选范围审阅,False,False,False,Chemistry / Organic chemistry / Combinatorial chemistry,未进入候选范围审阅
N0200,Electron / Atomic physics / Physics,待主题范围审阅,NMF关键词主题,待主题范围审阅,True,False,11,11974,0.0009407722513089,13,11985,0.0011033919084593,12,9992,0.0012204647529779,10,7998,0.0012730358874878,7,7996,0.0009095318942517,11,13,0.852618407019585,3,35,11.666666666666666,0.001198964182975,0.7846541745513329,0.7389990027424583,-0.1301429641614286,2,1,3,36,0.001088209637582,2,0,0.1666666666666666,15,91,36.66666666666666,0.4247787610619469,0.3767297956045411,0.0011745244003308,0.8009814449524372,0.4119107753871353,0.7567446033063361,0.999999583780761,24.870000000000005,36.35,False,False,近期份额下降,2026Q2,False,False,annual_volume | active_years | persistence | current_volume,volume | multiyear | recent_growth | quarters | trend | peak | lower95 | qvalue,403,330,False,False,0.6953259886344231,0.8631813415484015,False,False,0.7343018491928169,0.841653950283042,False,False,0.8461143849216167,0.9073608098336948,False,False,未进入候选范围审阅,False,False,False,Electron / Atomic physics / Physics,未进入候选范围审阅
N0201,Particle size / Particle (ecology) / Chemical engineering,待主题范围审阅,NMF关键词主题,待主题范围审阅,True,False,18,11974,0.0015134162303664,6,11985,0.0005312627707396,22,9992,0.0021968365553602,9,7998,0.0011517943743937,15,7996,0.0018796992481203,18,6,2.8487150120821587,3,37,12.333333333333334,0.0012932979001645,1.1701992481190104,0.6889070680628272,-0.1863244482549508,4,1,3,46,0.0014138385188221,4,0,0.3333333333333333,41,85,24.666666666666668,1.6363636363636362,0.3925999235505319,0.0012406947890818,1.2198134816753927,0.6989575109355399,0.2459272584768933,0.7683849321163552,35.06,71.48,False,False,历史峰值以下的恢复或波动,2026Q2,False,False,annual_volume | active_years | persistence | current_volume,volume | multiyear | trend | peak | lower95 | qvalue,346,133,False,False,1.277937920262094,3.1698340021567346,False,False,1.1722610312467638,2.851757890153165,False,False,1.1506899579398684,3.3971238049329155,False,False,未进入候选范围审阅,False,False,False,Particle size / Particle (ecology) / Chemical engineering,未进入候选范围审阅
N0202,Corrosion / Metallurgy / Magnesium,待主题范围审阅,NMF关键词主题,待主题范围审阅,True,False,26,11974,0.0021678664921465,33,11985,0.0027380465876583,21,9992,0.002099199375122,27,7998,0.0033341416100872,13,7996,0.0016371574096531,26,33,0.7917566128780182,3,81,27.0,0.0027237958576225,0.7958990340923693,0.6502022846263684,0.0160937392373767,1,3,3,80,0.0023350374849756,9,1,0.75,59,164,56.66666666666666,1.0404624277456649,0.5111049687444864,0.0026964433416046,0.8039725733144895,0.5186713612094545,0.8348602635879223,0.999999583780761,70.23,41.14,False,False,近期份额下降,2026Q2,False,False,annual_volume | active_years | current_volume | current_share,multiyear | recent_growth | quarters | peak | lower95 | qvalue,125,305,False,False,0.6018851738944874,0.633966800431347,False,False,0.7972067312080717,0.7926023341329289,False,False,0.7901706066707337,0.767092472081626,False,False,未进入候选范围审阅,False,False,False,Corrosion / Metallurgy / Magnesium,未进入候选范围审阅
N0203,Spinel / Ferrite (magnet) / Metallurgy,待主题范围审阅,NMF关键词主题,待主题范围审阅,True,False,32,11974,0.0026587041884816,12,11985,0.0010216591744993,29,9992,0.0028802968170279,18,7998,0.0022429679922405,19,7996,0.0023647829250545,32,12,2.602339659685864,3,59,19.666666666666668,0.0020483079945892,1.2980002008998577,0.9230660440145532,-0.040027246696944,4,4,3,73,0.0021868867266696,8,1,0.6666666666666666,68,147,43.333333333333336,1.5563909774436089,0.5634857974217654,0.0019685690653432,1.3505770436446831,0.880749924407927,0.0807627960618854,0.4133442518785972,70.30000000000001,77.17999999999999,False,False,历史峰值以下的恢复或波动,2026Q2,False,False,annual_volume | active_years | persistence | current_volume,trend | peak | lower95 | qvalue,124,96,False,False,1.4487753722154582,3.0696020969501974,False,False,1.2602708730690295,2.524961850849126,False,False,1.2894422305472728,2.958785249457701,False,False,未进入候选范围审阅,False,False,False,Spinel / Ferrite (magnet) / Metallurgy,未进入候选范围审阅
N0204,Process engineering / Desalination / Distillation,待主题范围审阅,NMF关键词主题,待主题范围审阅,True,False,24,11974,0.0020042539267015,39,11985,0.003228442991418,26,9992,0.0025873852763132,36,7998,0.004425315227934,25,7996,0.0030924084404559,24,39,0.6208113112200941,3,101,33.666666666666664,0.0034137144985551,0.5871182043928665,0.4529064763680699,-0.1276879674126507,1,2,3,89,0.0026066940648109,10,1,0.8333333333333334,48,198,83.0,0.5833333333333334,0.5629858007257733,0.0033581472291149,0.5968332505867485,0.3839253557862433,0.989739528456576,0.999999583780761,78.5,23.87,False,False,近期份额下降,2026Q2,False,False,annual_volume | active_years | current_volume | current_share,volume | multiyear | recent_growth | quarters | trend | peak | lower95 | qvalue,70,398,False,False,0.760691784746624,0.7668383260512946,False,False,0.5880945196658531,0.6214744358630057,False,False,0.6280057804692704,0.6620113115224991,False,False,未进入候选范围审阅,False,False,False,Process engineering / Desalination / Distillation,未进入候选范围审阅
N0205,Carbon dioxide / Carbon sequestration / Electrochemical reduction of carbon dioxide,待主题范围审阅,NMF关键词主题,待主题范围审阅,True,False,38,11974,0.0031495418848167,30,11985,0.0024928483857785,25,9992,0.0024897480960749,15,7998,0.0018792434529582,14,7996,0.0017584283288867,38,30,1.263430982319114,3,70,23.33333333333333,0.0022872799782705,1.376981355469265,1.263430982319114,0.1175377348727759,3,4,3,93,0.00271071278889,9,2,0.75,82,194,49.0,1.66,0.513499405729158,0.0023325062034739,1.350282318703353,0.9116840268605588,0.062992610941858,0.3705447702462239,77.23,74.52,False,False,多年背景上持续抬升,2026Q2,False,False,annual_volume | active_years | current_volume,lower95 | qvalue,86,108,False,False,1.2722984750591355,1.0993458672798382,False,False,1.3990773213589025,1.2647805263816208,False,False,1.4700164418748325,1.3449023861171367,False,False,未进入候选范围审阅,False,False,False,Carbon dioxide / Carbon sequestration / Electrochemical reduction of carbon dioxide,未进入候选范围审阅
N0206,Nucleation / Dendrite (mathematics) / Chemical engineering,待主题范围审阅,NMF关键词主题,待主题范围审阅,True,False,34,11974,0.0028223167539267,15,11985,0.0012668573763792,10,9992,0.0010251903925014,31,7998,0.0038191076624636,21,7996,0.0026073247635217,34,15,2.227809386083432,3,56,18.666666666666668,0.0020370518104481,1.385490903790929,0.7389990027424582,0.5063398737450151,4,4,3,59,0.0017047881742691,5,1,0.4166666666666667,85,141,47.333333333333336,1.7793103448275862,0.5772799034964046,0.0018693134822167,1.5098145820784876,0.98856291592571,0.0260870849945195,0.200669884573227,60.94,88.75999999999999,False,False,历史峰值以下的恢复或波动,2026Q2,False,False,annual_volume | active_years | persistence | current_volume,peak | lower95 | qvalue,184,37,False,False,1.620265088335432,2.251041537763478,False,False,1.3879638407555237,2.2301890387684296,False,False,1.364347265636074,2.1425686289176458,False,False,未进入候选范围审阅,False,False,False,Nucleation / Dendrite (mathematics) / Chemical engineering,未进入候选范围审阅
N0207,Transmission electron microscopy / Nanotechnology / Scanning transmission electron microscopy,待主题范围审阅,NMF关键词主题,待主题范围审阅,True,False,0,11974,4.090314136125655e-05,0,11985,4.086636697997548e-05,0,9992,4.881859011911736e-05,1,7998,0.0001818622696411,2,7996,0.0003031772980839,0,0,1.0008998691099478,3,1,0.3333333333333333,9.051574224673931e-05,0.4518898077392721,0.1349149214659686,-0.0884521596919034,3,0,3,0,4.3529366153449794e-05,0,0,0.0,0,0,0.6666666666666666,0.6000000000000001,0.0,4.962779156327544e-05,0.8241982984293195,0.0335737515282668,0.7363199358315258,0.999999583780761,0.27,34.22,False,False,历史峰值以下的恢复或波动,2026Q2,False,False,annual_volume | active_years | persistence | current_volume,volume | baseline | multiyear | recent_growth | trend | peak | lower95 | qvalue,500,346,False,False,0.7987069345060406,0.9647320876129192,False,False,0.4527196058181928,1.001968988432193,False,False,0.4557650063313553,0.9862617498192336,False,False,未进入候选范围审阅,False,False,False,Transmission electron microscopy / Nanotechnology / Scanning transmission electron microscopy,未进入候选范围审阅
N0208,Photovoltaics / Grid parity / Commercialization,待主题范围审阅,NMF关键词主题,待主题范围审阅,True,False,18,11974,0.0015134162303664,27,11985,0.0022476501838986,23,9992,0.0022944737355985,19,7998,0.0023642095053346,12,7996,0.0015158864904195,18,27,0.6733326392194193,3,69,23.0,0.0023021111416105,0.6574036339999115,0.6401362599006578,-0.2080670042248202,0,2,3,68,0.0020185133832878,8,0,0.6666666666666666,46,154,59.66666666666666,0.7747252747252747,0.5443326545463048,0.0022994210090984,0.6581727419111831,0.3941381635460179,0.9477989194822792,0.999999583780761,64.73,23.93,False,False,近期份额下降,2026Q2,False,False,annual_volume | active_years | persistence | current_volume | current_share,volume | multiyear | recent_growth | quarters | trend | peak | lower95 | qvalue,163,397,False,False,0.9151342713494236,1.2308650772992418,False,False,0.6663692088658495,0.6994877843771913,False,False,0.629046424004377,0.7232586165341046,False,False,未进入候选范围审阅,False,False,False,Photovoltaics / Grid parity / Commercialization,未进入候选范围审阅
N0209,Thermal conductivity / Thermal conduction / Composite material,待主题范围审阅,NMF关键词主题,待主题范围审阅,True,False,23,11974,0.001922447643979,17,11985,0.0014303228442991,21,9992,0.002099199375122,11,7998,0.0013942774005819,10,7996,0.0012733446519524,23,17,1.3440655385190723,3,49,16.333333333333332,0.001641266540001,1.1713195858960417,0.9158004078899306,-0.0439784166836547,1,2,3,61,0.0018173232878,8,0,0.6666666666666666,29,106,36.0,0.8108108108108109,0.3628842233260765,0.001637717121588,1.173858182611455,0.7184181520577851,0.2612808301044543,0.7743524366764515,48.940000000000005,55.75,False,False,历史峰值以下的恢复或波动,2026Q2,False,False,annual_volume | active_years | persistence | current_volume,volume | multiyear | quarters | trend | peak | lower95 | qvalue,260,227,False,False,0.8660646708810038,0.7503471792544927,False,False,1.1732490271494076,1.3455012130375164,False,False,1.2047481844889372,1.7581187714168949,False,False,未进入候选范围审阅,False,False,False,Thermal conductivity / Thermal conduction / Composite material,未进入候选范围审阅
N0210,Rhodamine B / Rhodamine / Chemical engineering,待主题范围审阅,NMF关键词主题,待主题范围审阅,True,False,20,11974,0.0016770287958115,14,11985,0.0011851246424192,27,9992,0.0026850224565514,34,7998,0.0041828322017458,21,7996,0.0026073247635217,20,14,1.415065332189926,3,75,25.0,0.0026843264335722,0.6247484563864267,0.4009314060247363,-0.2353327189559841,2,2,3,61,0.001849058631594,6,0,0.5,61,164,60.66666666666666,1.0054054054054054,0.6244804721490074,0.0024979321753515,0.6713668258728893,0.4120642049476786,0.9472368671399388,0.999999583780761,65.27999999999999,40.15,False,False,历史峰值以下的恢复或波动,2026Q2,False,False,annual_volume | active_years | persistence | current_volume,volume | multiyear | quarters | trend | peak | lower95 | qvalue,159,312,False,False,1.1080408025870976,1.4792558676731429,False,False,0.625875967259567,1.4165768457144796,False,False,0.6147338442829238,1.5385683297180042,False,False,未进入候选范围审阅,False,False,False,Rhodamine B / Rhodamine / Chemical engineering,未进入候选范围审阅
N0211,Selectivity / Inorganic chemistry / Gas separation,待主题范围审阅,NMF关键词主题,待主题范围审阅,True,False,29,11974,0.0024132853403141,24,11985,0.0020024519820187,26,9992,0.0025873852763132,26,7998,0.0032129000969932,28,7996,0.0034562211981566,29,24,1.2051651485201411,3,76,25.33333333333333,0.002600912451775,0.927861043022464,0.6982438917975566,-0.0348293945151043,3,3,3,79,0.0023343741995487,9,0,0.75,81,186,66.66666666666667,1.211822660098522,0.6268325474183406,0.002531017369727,0.9534843060260754,0.6234944216303663,0.5832318553668463,0.999999583780761,78.2,55.95,False,False,历史峰值以下的恢复或波动,2026Q2,False,False,annual_volume | active_years | current_volume,multiyear | trend | peak | lower95 | qvalue,76,226,False,False,0.9119236036605696,1.2136952069968985,False,False,0.9294392236220284,1.2064524554591711,False,False,0.9017412005527702,1.2614975869780891,False,False,未进入候选范围审阅,False,False,False,Selectivity / Inorganic chemistry / Gas separation,未进入候选范围审阅
N0212,Nanocrystalline material / Nanocrystalline silicon / Grain size,待主题范围审阅,NMF关键词主题,待主题范围审阅,True,False,6,11974,0.0005317408376963,8,11985,0.0006947282386595,5,9992,0.0005370044913102,5,7998,0.0006668283220174,8,7996,0.0010308028134853,6,8,0.765394017554666,3,18,6.0,0.0006328536839957,0.840227134871009,0.5158511703110564,-0.0049251173603201,2,0,3,19,0.0005878245225554,0,0,0.0,26,54,14.333333333333334,1.7608695652173911,0.4738448177592348,0.000612076095947,0.8687495578038772,0.3554454575305293,0.6497197612963876,0.999999583780761,16.700000000000003,47.690000000000005,False,False,近期份额下降,2026Q2,False,False,annual_volume | active_years | persistence | current_volume | current_share,volume | baseline | multiyear | recent_growth | quarters | trend | peak | lower95 | qvalue,463,269,False,False,1.2551108970809208,1.516007566248873,False,False,0.8415780586541224,0.7662115793893239,False,False,0.8735077396976543,0.854760183176669,False,False,未进入候选范围审阅,False,False,False,Nanocrystalline material / Nanocrystalline silicon / Grain size,未进入候选范围审阅
N0213,Fuel cells / Activation energy / Hydrogen fuel,待主题范围审阅,NMF关键词主题,待主题范围审阅,True,False,15,11974,0.0012679973821989,31,11985,0.0025745811197384,17,9992,0.0017086506541691,14,7998,0.0017580019398642,5,7996,0.0006669900557846,15,31,0.492506284800133,3,62,20.666666666666668,0.0020137445712572,0.6296714093224315,0.492506284800133,-0.1491325881940368,1,2,3,63,0.0018504097187021,8,1,0.6666666666666666,30,118,37.333333333333336,0.808695652173913,0.438454125806157,0.0020678246484698,0.6132035340314136,0.3516160358579105,0.961021762133752,0.999999583780761,52.37,24.18,False,False,近期份额下降,2026Q2,False,False,annual_volume | active_years | persistence | current_volume | current_share,volume | multiyear | recent_growth | quarters | trend | peak | lower95 | qvalue,237,396,False,False,0.556741130402347,0.4205242433184519,False,False,0.6306476804875686,0.4930323593872696,False,False,0.6766916000954893,0.536387969199934,False,False,未进入候选范围审阅,False,False,False,Fuel cells / Activation energy / Hydrogen fuel,未进入候选范围审阅
N0214,Supercritical fluid / Supercritical water oxidation / Chemistry,待主题范围审阅,NMF关键词主题,待主题范围审阅,True,False,17,11974,0.0014316099476439,24,11985,0.0020024519820187,17,9992,0.0017086506541691,12,7998,0.001515518913676,12,7996,0.0015158864904195,17,24,0.7149284779356769,3,53,17.666666666666668,0.0017422071832879,0.8217219865562552,0.7149284779356769,-0.0884521596919034,1,2,3,58,0.0017142375279439,7,0,0.5833333333333334,52,91,24.666666666666668,2.0649350649350646,0.4059071963173544,0.0017700578990901,0.8087927227577433,0.4714423367003696,0.7851089663598603,0.999999583780761,45.62,41.34,False,False,近期份额下降,2026Q2,False,False,annual_volume | active_years | persistence | current_volume | current_share,volume | multiyear | recent_growth | quarters | trend | peak | lower95 | qvalue,282,303,False,False,0.7740860353191428,0.7331963865858185,False,False,0.8230215204543243,0.7156921345944234,False,False,0.9029115894661934,0.8851066985557224,False,False,未进入候选范围审阅,False,False,False,Supercritical fluid / Supercritical water oxidation / Chemistry,未进入候选范围审阅
N0215,Particle swarm optimization / Multi-swarm optimization / Swarm behaviour,待主题范围审阅,NMF关键词主题,待主题范围审阅,True,False,34,11974,0.0028223167539267,14,11985,0.0011851246424192,21,9992,0.002099199375122,20,7998,0.0024854510184287,15,7996,0.0018796992481203,34,14,2.381451412709876,3,55,18.33333333333333,0.0019232583453233,1.467466271907531,1.135535052994509,0.1480010347599454,4,4,3,69,0.0020355469238226,8,1,0.6666666666666666,55,123,40.66666666666666,1.344,0.4385370236148193,0.0018362282878411,1.5370184484222442,1.004922734666662,0.0217116654248931,0.1871695295249408,59.66,84.53999999999999,False,False,多年背景上持续抬升,2026Q2,False,False,annual_volume | active_years | persistence | current_volume,lower95 | qvalue,193,60,False,False,1.6828255870585684,2.47474752909401,False,False,1.4700231840284483,2.383995179373149,False,False,1.489856305807424,2.210586680629317,False,False,未进入候选范围审阅,False,False,False,Particle swarm optimization / Multi-swarm optimization / Swarm behaviour,未进入候选范围审阅
N0216,Scale (ratio) / Cartography / Atomic units,待主题范围审阅,NMF关键词主题,待主题范围审阅,True,False,16,11974,0.0013498036649214,33,11985,0.0027380465876583,23,9992,0.0022944737355985,8,7998,0.0010305528612997,12,7996,0.0015158864904195,16,33,0.4929805325466905,3,64,21.33333333333333,0.0020210243948521,0.6678809362022484,0.4929805325466905,-0.2652721798136923,1,1,3,72,0.0021274413293927,6,1,0.5,35,129,37.66666666666666,0.9310344827586208,0.4153796312484174,0.0021339950372208,0.63252427553878,0.3683351377256869,0.9548447905038248,0.999999583780761,53.760000000000005,24.34,False,False,近期份额下降,2026Q2,False,False,annual_volume | active_years | persistence | current_volume | current_share,volume | multiyear | recent_growth | quarters | trend | peak | lower95 | qvalue,231,394,False,False,0.6824551592568611,0.6139204193900394,False,False,0.6688858635461653,0.4935071137054085,False,False,0.7811874004480871,0.6381693675300922,False,False,未进入候选范围审阅,False,False,False,Scale (ratio) / Cartography / Atomic units,未进入候选范围审阅
N0217,Graphitic carbon nitride / Carbon nitride / Melamine,待主题范围审阅,NMF关键词主题,待主题范围审阅,True,False,16,11974,0.0013498036649214,21,11985,0.0017572537801389,35,9992,0.0034661198984573,28,7998,0.0034553831231813,39,7996,0.0047902013097259,16,21,0.7681324576890295,3,84,28.0,0.0028929189339258,0.4665888314712267,0.2817843296441115,-0.4715383174793208,1,1,3,72,0.0021910591145059,7,1,0.5833333333333334,48,168,65.0,0.7424242424242424,0.5970239977971766,0.0027956989247311,0.4828143878372936,0.2848900103857955,0.997289456379528,0.999999583780761,69.04,20.33,False,False,近期份额下降,2026Q2,False,False,annual_volume | active_years | persistence | current_volume | current_share,volume | multiyear | recent_growth | quarters | trend | peak | lower95 | qvalue,132,415,False,False,0.5140044267678017,0.6320658505050161,False,False,0.4673993681300115,0.7689529446107527,False,False,0.432694196358127,0.6975997742623847,False,False,未进入候选范围审阅,False,False,False,Graphitic carbon nitride / Carbon nitride / Melamine,未进入候选范围审阅
N0218,Humanities / Philosophy / Art,待主题范围审阅,NMF关键词主题,待主题范围审阅,True,False,2,11974,0.0002045157068062,3,11985,0.0002860645688598,6,9992,0.0006346416715485,11,7998,0.0013942774005819,4,7996,0.000545719136551,2,3,0.7149284779356768,3,20,6.666666666666667,0.0007716612136634,0.2650330263916605,0.1466822217163669,-0.5662078822056209,2,0,3,11,0.0003750739824048,0,0,0.0,2,12,5.666666666666667,0.4499999999999999,0.1121258360048571,0.000678246484698,0.3015359628399949,0.0811146924486169,0.97835387041088,0.999999583780761,1.59,15.82,False,False,近期份额下降,2026Q2,False,False,annual_volume | active_years | persistence | current_volume | current_share,volume | baseline | multiyear | recent_growth | quarters | trend | peak | lower95 | qvalue,498,437,False,False,0.3004509088302864,0.9647320876129192,False,False,0.2655208499437044,0.7156921345944236,False,False,0.2661959469928865,0.7044726784423097,False,False,未进入候选范围审阅,False,False,False,Humanities / Philosophy / Art,未进入候选范围审阅
N0219,Vanadium / Flow battery / Vanadium oxide,待主题范围审阅,NMF关键词主题,待主题范围审阅,True,False,27,11974,0.0022496727748691,44,11985,0.0036371066612178,19,9992,0.0019039250146455,27,7998,0.0033341416100872,23,7996,0.0028498666019888,27,44,0.6185336269780576,3,90,30.0,0.0029583910953168,0.760437921284417,0.6185336269780576,0.0834336098595094,0,4,3,90,0.0025969014835775,11,1,0.9166666666666666,50,156,58.333333333333336,0.8595505617977528,0.5659248989196893,0.0029942100909842,0.7513409902808713,0.4903293257797349,0.9051164833393528,0.999999583780761,78.52999999999999,35.52,False,False,近期份额下降,2026Q2,False,False,annual_volume | active_years | current_volume | current_share,multiyear | recent_growth | quarters | peak | lower95 | qvalue,68,337,False,False,0.6023264940151908,0.4569783572903301,False,False,0.7616405154646768,0.6191943186940518,False,False,0.7439641988821697,0.5867633195127085,False,False,未进入候选范围审阅,False,False,False,Vanadium / Flow battery / Vanadium oxide,未进入候选范围审阅
N0220,Polyaniline / Polymerization / Conductive polymer,待主题范围审阅,NMF关键词主题,待主题范围审阅,True,False,12,11974,0.0010225785340314,17,11985,0.0014303228442991,20,9992,0.0020015621948838,20,7998,0.0024854510184287,18,7996,0.002243512005821,12,17,0.7149284779356769,3,57,19.0,0.0019724453525372,0.5184318707314437,0.4114257438385902,-0.3358002806099569,1,1,3,49,0.0014848211910714,6,0,0.5,21,106,42.66666666666666,0.5038167938931298,0.614679443400635,0.0019023986765922,0.5375206294104257,0.2915753822154092,0.9799642831114406,0.999999583780761,51.46000000000001,20.21,False,False,近期份额下降,2026Q2,False,False,annual_volume | active_years | persistence | current_volume | current_share,volume | multiyear | recent_growth | quarters | trend | peak | lower95 | qvalue,246,416,False,False,0.2541025025212712,0.397242624311202,False,False,0.5193202480262697,0.7156921345944235,False,False,0.4369420741571465,0.5678476741383466,False,False,未进入候选范围审阅,False,False,False,Polyaniline / Polymerization / Conductive polymer,未进入候选范围审阅
N0221,Transition metal / Phase transition / Phosphide,待主题范围审阅,NMF关键词主题,待主题范围审阅,True,False,21,11974,0.001758835078534,30,11985,0.0024928483857785,11,9992,0.0011228275727396,15,7998,0.0018792434529582,15,7996,0.0018796992481203,21,30,0.7055523667496352,3,56,18.666666666666668,0.0018316398038254,0.9602516143515718,0.7055523667496352,0.2244007901903031,1,3,3,62,0.0017915036790174,8,1,0.6666666666666666,58,154,46.333333333333336,1.2464788732394363,0.6304209040016155,0.0018693134822167,0.9408989424547096,0.572592846692156,0.5976497167050051,0.999999583780761,66.53,50.71,False,False,近期份额下降,2026Q2,False,False,annual_volume | active_years | persistence | current_volume | current_share,volume | multiyear | recent_growth | quarters | peak | lower95 | qvalue,148,251,False,False,0.9937195015614078,0.7561413659668826,False,False,0.9617323112677408,0.7063060082390868,False,False,0.7857383758090037,0.5917570498915401,False,False,未进入候选范围审阅,False,False,False,Transition metal / Phase transition / Phosphide,未进入候选范围审阅
N0222,Carbonization / Hydrothermal carbonization / Specific surface area,待主题范围审阅,NMF关键词主题,待主题范围审阅,True,False,27,11974,0.0022496727748691,37,11985,0.0030649775234981,28,9992,0.0027826596367896,37,7998,0.0045465567410281,35,7996,0.0043051176327916,27,37,0.733993237347295,3,102,34.0,0.0034647313004386,0.6493065637108095,0.4948080279232112,-0.1063112009929425,1,4,3,92,0.0026991033117189,11,1,0.9166666666666666,64,181,74.66666666666667,0.8590308370044052,0.526569978507231,0.0033912324234904,0.6633791182479888,0.4354703625326786,0.9724298122516868,0.999999583780761,78.25999999999999,30.130000000000003,False,False,近期份额下降,2026Q2,False,False,annual_volume | active_years | current_volume | current_share,multiyear | recent_growth | quarters | trend | peak | lower95 | qvalue,74,367,False,False,0.9204714589480072,1.0142055280033253,False,False,0.6503966778521063,0.7347772581836082,False,False,0.661052430947618,0.9145336225596528,False,False,未进入候选范围审阅,False,False,False,Carbonization / Hydrothermal carbonization / Specific surface area,未进入候选范围审阅
N0223,Generator (circuit theory) / Permanent magnet synchronous generator / Induction generator,待主题范围审阅,NMF关键词主题,待主题范围审阅,True,False,11,11974,0.0009407722513089,11,11985,0.0009399264405394,19,9992,0.0019039250146455,15,7998,0.0018792434529582,8,7996,0.0010308028134853,11,11,1.0008998691099475,3,45,15.0,0.0015743649693811,0.5975566463973897,0.4941225332259364,-0.3524858747921513,3,0,3,41,0.0012615412354979,3,0,0.25,17,71,29.666666666666668,0.5869565217391304,0.2580962258830493,0.001505376344086,0.6249415669409125,0.3272602010136359,0.9300166028483824,0.999999583780761,22.47,31.91,False,False,历史峰值以下的恢复或波动,2026Q2,False,False,annual_volume | active_years | persistence | current_volume,volume | multiyear | recent_growth | trend | peak | lower95 | qvalue,418,357,False,False,0.6562814968640384,1.191727872933606,False,False,0.5985961665800079,1.001968988432193,False,False,0.6241868866266241,0.9004998585306045,False,False,未进入候选范围审阅,False,False,False,Generator (circuit theory) / Permanent magnet synchronous generator / Induction generator,未进入候选范围审阅
N0224,Nitride / Carbon nitride / Boron nitride,待主题范围审阅,NMF关键词主题,待主题范围审阅,True,False,16,11974,0.0013498036649214,19,11985,0.001593788312219,15,9992,0.0015133762936926,8,7998,0.0010305528612997,20,7996,0.0024860538442881,16,19,0.8469152738622634,3,42,14.0,0.0013792391557371,0.9786581676620594,0.5429502937045078,-0.0571919812012362,1,1,3,50,0.0014856560902777,6,0,0.5,33,104,37.66666666666666,0.8793103448275863,0.5468407453819235,0.0014061207609594,0.9599486064059132,0.5436794835256837,0.5642116813695393,0.999999583780761,48.72,43.41,False,False,近期份额下降,2026Q2,False,False,annual_volume | active_years | persistence | current_volume,volume | multiyear | recent_growth | quarters | trend | peak | lower95 | qvalue,261,294,False,False,0.7114719906840135,0.5788392525677515,False,False,0.9801953896492276,0.8478199132887786,False,False,1.00626676059703,0.8263274120107091,False,False,未进入候选范围审阅,False,False,False,Nitride / Carbon nitride / Boron nitride,未进入候选范围审阅
N0225,Aeronautics / Aerospace engineering / Propulsion,待主题范围审阅,NMF关键词主题,待主题范围审阅,True,False,4,11974,0.0003681282722513,22,11985,0.0018389865140988,16,9992,0.0016110134739308,5,7998,0.0006668283220174,5,7996,0.0006669900557846,4,22,0.2001799738219895,3,43,14.333333333333334,0.001372276103349,0.2682610819738696,0.2001799738219895,-0.7380936517570333,0,0,3,42,0.0012727094200936,5,0,0.4166666666666667,4,61,21.0,0.2272727272727272,0.3761419950762821,0.0014392059553349,0.2557856788228922,0.0969089877598512,0.9988280372151522,0.999999583780761,26.910000000000007,2.82,False,False,近期份额下降,2026Q2,False,False,annual_volume | active_years | persistence | current_volume | current_share,volume | multiyear | recent_growth | quarters | trend | peak | lower95 | qvalue,392,490,False,False,0.2502704556496389,0.2046401397966798,False,False,0.268665190369335,0.2003937976864385,False,False,0.2777542808317462,0.1972523499638467,False,False,未进入候选范围审阅,False,False,False,Aeronautics / Aerospace engineering / Propulsion,未进入候选范围审阅
N0226,Phonon / Scattering / Condensed matter physics,待主题范围审阅,NMF关键词主题,待主题范围审阅,True,False,25,11974,0.002086060209424,23,11985,0.0019207192480588,27,9992,0.0026850224565514,23,7998,0.0028491755577109,23,7996,0.0028498666019888,25,23,1.086082836693773,3,73,24.33333333333333,0.0024849724207737,0.8394701655379098,0.7319852122089785,-0.1262059359459755,3,2,3,75,0.0022306006380114,7,0,0.5833333333333334,73,192,64.33333333333333,1.1326530612244898,0.4946430951508545,0.0024317617866004,0.8578390453039855,0.5467286860147266,0.7472365604409521,0.999999583780761,66.15,48.33,False,False,历史峰值以下的恢复或波动,2026Q2,False,False,annual_volume | active_years | persistence | current_volume,multiyear | recent_growth | trend | peak | lower95 | qvalue,154,263,False,False,0.7941308919017118,1.081669310353879,False,False,0.8408917793583265,1.0872429448945071,False,False,0.8914752934477119,1.3061304254362822,False,False,未进入候选范围审阅,False,False,False,Phonon / Scattering / Condensed matter physics,未进入候选范围审阅
N0227,Electromagnetic coil / Electrical engineering / Wireless power transfer,待主题范围审阅,NMF关键词主题,待主题范围审阅,True,False,15,11974,0.0012679973821989,8,11985,0.0006947282386595,18,9992,0.0018062878344073,6,7998,0.0007880698351115,22,7996,0.0027285956827552,15,8,1.8251703495534344,3,32,10.666666666666666,0.0010963619693928,1.1565499512001352,0.464706951716114,-0.1769175137714418,4,1,3,41,0.0012563378184219,4,0,0.3333333333333333,18,57,20.33333333333333,0.890625,0.3447211638001624,0.0010752688172043,1.1792375654450262,0.6439391105623536,0.3043395104361927,0.832990625564373,26.53,63.81999999999999,False,False,历史峰值以下的恢复或波动,2026Q2,False,False,annual_volume | active_years | persistence | current_volume,volume | multiyear | trend | peak | lower95 | qvalue,393,181,False,False,1.160494483370036,1.5322215509146362,False,False,1.158510290581844,1.827119920082234,False,False,1.069671974821381,1.8966572111908335,False,False,未进入候选范围审阅,False,False,False,Electromagnetic coil / Electrical engineering / Wireless power transfer,未进入候选范围审阅
N0228,Halide / Refrigeration / Refrigerant,待主题范围审阅,NMF关键词主题,待主题范围审阅,True,False,52,11974,0.0042948298429319,48,11985,0.0039640375970576,34,9992,0.003368482718219,30,7998,0.0036978661493695,39,7996,0.0047902013097259,52,48,1.0834483119231393,3,112,37.333333333333336,0.0036767954882154,1.168090489856559,0.8965865034130822,0.1214747630882291,3,4,3,134,0.0038757833860695,12,3,1.0,134,278,89.66666666666667,1.488970588235294,0.512487215879861,0.0037220843672456,1.153877617801047,0.8315444215099426,0.184407586426526,0.6691171801599372,87.66000000000001,67.28,False,False,历史峰值以下的恢复或波动,2026Q2,False,False,annual_volume,multiyear | recent_growth | peak | lower95 | qvalue,33,155,False,False,1.0613085695803397,1.1131524087841378,False,False,1.1476847548422244,1.0639464516341843,False,False,1.3049587580797792,1.176384496772339,False,False,未进入候选范围审阅,False,False,False,Halide / Refrigeration / Refrigerant,未进入候选范围审阅
N0229,Citation / Library science / World Wide Web,待主题范围审阅,NMF关键词主题,待主题范围审阅,True,False,3,11974,0.0002863219895287,2,11985,0.0002043318348998,14,9992,0.0014157391134544,14,7998,0.0017580019398642,3,7996,0.0004244482173174,3,2,1.4012598167539263,3,30,10.0,0.0011260242960728,0.254276919714241,0.1628678461816212,-0.7991450001574836,3,0,3,19,0.0006354643126276,0,0,0.0,6,25,13.333333333333334,0.4883720930232558,0.2868967428655479,0.0010090984284532,0.2837403978199296,0.0938704773462092,0.9933453938807985,0.999999583780761,5.640000000000001,27.93,False,False,历史峰值以下的恢复或波动,2026Q2,False,False,annual_volume | active_years | persistence | current_volume,volume | multiyear | trend | peak | lower95 | qvalue,489,378,False,False,0.3539699363948625,1.3506249226580869,False,False,0.2547519003260964,1.4027565838050702,False,False,0.2935266600161924,1.380766449746927,False,False,未进入候选范围审阅,False,False,False,Citation / Library science / World Wide Web,未进入候选范围审阅
N0230,Catalysis / Bifunctional / Organic chemistry,待主题范围审阅,NMF关键词主题,待主题范围审阅,True,False,30,11974,0.0024950916230366,44,11985,0.0036371066612178,29,9992,0.0028802968170279,19,7998,0.0023642095053346,5,7996,0.0006669900557846,30,44,0.6860100226483911,3,92,30.666666666666668,0.0029605376611934,0.8427832740458451,0.6860100226483911,-0.0717839495581067,1,3,3,103,0.0030041650337607,10,2,0.8333333333333334,101,259,77.33333333333333,1.3021276595744682,0.5757937492704112,0.0030603804797353,0.8152880465544078,0.5414725000337131,0.833588204133154,0.999999583780761,84.49000000000001,38.92,False,False,近期份额下降,2026Q2,False,False,annual_volume | active_years | current_volume | current_share,multiyear | recent_growth | quarters | trend | peak | lower95 | qvalue,43,320,False,False,0.9395551787088716,0.8361011425978633,False,False,0.8440954400276505,0.686742789824312,False,False,0.9889786297410156,0.7300898667493029,False,False,未进入候选范围审阅,False,False,False,Catalysis / Bifunctional / Organic chemistry,未进入候选范围审阅
N0231,Syngas / Wood gas generator / Waste management,待主题范围审阅,NMF关键词主题,待主题范围审阅,True,False,39,11974,0.0032313481675392,19,11985,0.001593788312219,30,9992,0.0029779339972661,21,7998,0.0026066925315227,36,7996,0.0044263885520252,39,19,2.027463837427842,3,70,23.33333333333333,0.0023928049470026,1.35044361705579,0.7300190956035287,0.040834834454952,3,4,3,88,0.0026010234923414,9,2,0.75,92,210,57.0,1.603448275862069,0.5366447908557128,0.0023325062034739,1.385354586721622,0.9383893088067158,0.046981396031029,0.3090881317830861,78.09,76.69,False,False,历史峰值以下的恢复或波动,2026Q2,False,False,annual_volume | active_years | current_volume,peak | lower95 | qvalue,79,101,False,False,1.5031564796270476,2.045232025739389,False,False,1.3527596838787597,2.029629489388288,False,False,1.3616010104636596,2.3224873463485176,False,False,未进入候选范围审阅,False,False,False,Syngas / Wood gas generator / Waste management,未进入候选范围审阅
N0232,Ferromagnetism / Condensed matter physics / Spintronics,待主题范围审阅,NMF关键词主题,待主题范围审阅,True,False,13,11974,0.0011043848167539,21,11985,0.0017572537801389,25,9992,0.0024897480960749,24,7998,0.002970417070805,22,7996,0.0027285956827552,13,21,0.6284720108364787,3,70,23.33333333333333,0.0024058063156729,0.4590497620524328,0.3717945293300566,-0.4064465430519011,1,1,3,59,0.0017837955643226,5,0,0.4166666666666667,40,155,58.0,0.6949152542372882,0.4363602627883358,0.0023325062034739,0.4734756182466303,0.2644936393387343,0.9953538975822952,0.999999583780761,49.71,17.59,False,False,近期份额下降,2026Q2,False,False,annual_volume | active_years | persistence | current_volume | current_share,volume | multiyear | recent_growth | quarters | trend | peak | lower95 | qvalue,255,427,False,False,0.4188075529555156,0.469997683708858,False,False,0.4598349192380213,0.6291433183178886,False,False,0.5026742975287092,0.6494894450029098,False,False,未进入候选范围审阅,False,False,False,Ferromagnetism / Condensed matter physics / Spintronics,未进入候选范围审阅
N0233,"PEDOT:PSS / Conductive polymer / Poly(3,4-ethylenedioxythiophene)",待主题范围审阅,NMF关键词主题,待主题范围审阅,True,False,2,11974,0.0002045157068062,11,11985,0.0009399264405394,21,9992,0.002099199375122,17,7998,0.0021217264791464,16,7996,0.0020009701673538,2,11,0.2175869280673799,3,49,16.333333333333332,0.0017202840982693,0.1188848440859478,0.0963911742707554,-1.1643332613216335,0,0,3,34,0.0010812138408225,3,0,0.25,4,87,38.333333333333336,0.1271186440677966,0.5397653995359998,0.001637717121588,0.1248785300650483,0.0350512359638493,0.9999510790540768,0.999999583780761,32.04,1.08,False,False,近期份额下降,2026Q2,False,False,annual_volume | active_years | persistence | current_volume | current_share,volume | multiyear | recent_growth | quarters | trend | peak | lower95 | qvalue,360,495,False,False,0.189645949824244,0.3215773625376397,False,False,0.1190934719648567,0.2178193453113463,False,False,0.1255765532291116,0.2144047282215725,False,False,未进入候选范围审阅,False,False,False,"PEDOT:PSS / Conductive polymer / Poly(3,4-ethylenedioxythiophene)",未进入候选范围审阅
N0234,Electrical resistivity and conductivity / Seebeck coefficient / Atmospheric temperature range,待主题范围审阅,NMF关键词主题,待主题范围审阅,True,False,8,11974,0.0006953534031413,10,11985,0.0008581937065794,3,9992,0.0003417301308338,6,7998,0.0007880698351115,10,7996,0.0012733446519524,8,10,0.8102522749937672,3,19,6.333333333333333,0.0006626645575082,1.0493294009204193,0.5460842059336823,0.3551994378085483,3,0,3,21,0.0006317590801848,1,0,0.0833333333333333,16,42,13.0,1.2142857142857142,0.3704591984656777,0.0006451612903225,1.07779777486911,0.4815912875775788,0.4502911721932381,0.999999583780761,12.61,61.65999999999999,False,False,近期份额下降,2026Q2,False,False,annual_volume | active_years | persistence | current_volume,volume | baseline | multiyear | recent_growth | peak | lower95 | qvalue,474,198,False,False,0.9353260752388504,0.6600798494193658,False,False,1.0509770989902651,0.8111177525403467,False,False,1.1132810070553358,0.7984023689012842,False,False,未进入候选范围审阅,False,False,False,Electrical resistivity and conductivity / Seebeck coefficient / Atmospheric temperature range,未进入候选范围审阅
N0235,Titanium dioxide / Titanium / Titanium oxide,待主题范围审阅,NMF关键词主题,待主题范围审阅,True,False,7,11974,0.0006135471204188,10,11985,0.0008581937065794,13,9992,0.0013181019332161,20,7998,0.0024854510184287,9,7996,0.0011520737327188,7,10,0.7149284779356769,3,43,14.333333333333334,0.0015539155527414,0.3948394231182086,0.2468554463031541,-0.3823454921429627,1,0,3,30,0.0009299475867381,2,0,0.1666666666666666,10,72,39.333333333333336,0.2727272727272727,0.5274278556764522,0.0014392059553349,0.4263094647048203,0.1964149305063201,0.9886526459259232,0.999999583780761,27.89,16.400000000000002,False,False,近期份额下降,2026Q2,False,False,annual_volume | active_years | persistence | current_volume | current_share,volume | multiyear | recent_growth | quarters | trend | peak | lower95 | qvalue,385,433,False,False,0.3820217328521046,0.5788392525677515,False,False,0.3955426374993023,0.7156921345944236,False,False,0.3596336443051489,0.6105429879833351,False,False,未进入候选范围审阅,False,False,False,Titanium dioxide / Titanium / Titanium oxide,未进入候选范围审阅
N0236,Software / Operating system / Embedded system,待主题范围审阅,NMF关键词主题,待主题范围审阅,True,False,15,11974,0.0012679973821989,12,11985,0.0010216591744993,11,9992,0.0011228275727396,3,7998,0.0004243452958292,9,7996,0.0011520737327188,15,12,1.2411158376963352,3,26,8.666666666666666,0.0008562773476894,1.4808255591724575,1.1006217277486912,0.0607943345860952,2,1,3,38,0.0011374947098126,2,0,0.1666666666666666,19,48,10.666666666666666,1.7142857142857144,0.158195388683079,0.0008767576509511,1.4462347500740889,0.7727628540469959,0.1270110246142992,0.5336597672869714,17.5,72.31,False,False,多年背景上持续抬升,2026Q2,False,False,annual_volume | active_years | persistence | current_volume,volume | quarters | lower95 | qvalue,459,124,False,False,1.897210219644171,1.3709350718709905,False,False,1.4422285390239873,1.162284026581344,False,False,1.6005542248358438,1.361980511655132,False,False,未进入候选范围审阅,False,False,False,Software / Operating system / Embedded system,未进入候选范围审阅
N0237,Yield (engineering) / Catalysis / Quantum yield,待主题范围审阅,NMF关键词主题,待主题范围审阅,True,False,24,11974,0.0020042539267015,7,11985,0.0006129955046996,19,9992,0.0019039250146455,13,7998,0.0016367604267701,10,7996,0.0012733446519524,24,7,3.269606239092496,3,39,13.0,0.0013845603153717,1.4475742981001112,1.0526958316552557,0.0256771662985868,4,2,3,50,0.0015070581486822,4,0,0.3333333333333333,47,100,27.0,1.7142857142857142,0.4043954691903031,0.0013068651778329,1.5336348084697462,0.9264466938385852,0.0464933273530189,0.3090881317830861,40.18,83.49,False,False,多年背景上持续抬升,2026Q2,False,False,annual_volume | active_years | persistence | current_volume,volume | lower95 | qvalue,314,66,False,False,1.2824898711220964,3.996747220110665,False,False,1.4501453673429374,3.2730986955451637,False,False,1.5434219731411545,3.4139829801435004,False,False,未进入候选范围审阅,False,False,False,Yield (engineering) / Catalysis / Quantum yield,未进入候选范围审阅
N0238,Range (aeronautics) / Driving range / Atmospheric temperature range,待主题范围审阅,NMF关键词主题,待主题范围审阅,True,False,26,11974,0.0021678664921465,12,11985,0.0010216591744993,11,9992,0.0011228275727396,15,7998,0.0018792434529582,21,7996,0.0026073247635217,26,12,2.121907722513089,3,38,12.666666666666666,0.0013412434000657,1.6163110230702755,0.831452422987946,0.3289466891195829,4,4,3,49,0.0014374510797952,5,0,0.4166666666666667,46,94,24.33333333333333,1.855263157894737,0.3983262087548939,0.0012737799834574,1.7019159668865167,1.037729007096864,0.0161124819174561,0.14647710834051,39.86,91.27,False,False,历史峰值以下的恢复或波动,2026Q2,False,False,annual_volume | active_years | persistence | current_volume,peak | lower95 | qvalue,317,24,False,False,1.6987342773535694,2.099711014216353,False,False,1.619083556052516,2.124174255476249,False,False,1.4750466375868183,2.1134180353269287,False,False,未进入候选范围审阅,False,False,False,Range (aeronautics) / Driving range / Atmospheric temperature range,未进入候选范围审阅
N0239,Manganese / Inorganic chemistry / Birnessite,待主题范围审阅,NMF关键词主题,待主题范围审阅,True,False,12,11974,0.0010225785340314,16,11985,0.0013485901103391,11,9992,0.0011228275727396,10,7998,0.0012730358874878,12,7996,0.0015158864904195,12,16,0.7582574765984451,3,37,12.333333333333334,0.0012481511901889,0.8192745735207244,0.6745746073298429,-0.0467613552223777,2,1,3,39,0.0011646654057034,2,0,0.1666666666666666,33,84,22.33333333333333,1.4571428571428573,0.4975575515800125,0.0012406947890818,0.8241982984293194,0.4345355827653034,0.7352538724313757,0.999999583780761,31.6,43.92,False,False,近期份额下降,2026Q2,False,False,annual_volume | active_years | persistence | current_volume | current_share,volume | multiyear | recent_growth | quarters | trend | peak | lower95 | qvalue,361,293,False,False,0.5679339888169304,0.505335855416291,False,False,0.8389146217951984,0.8080395068001556,False,False,0.9694891755900784,0.850225646395891,False,False,未进入候选范围审阅,False,False,False,Manganese / Inorganic chemistry / Birnessite,未进入候选范围审阅
N0240,Manganese / Manganese oxide / Oxidizing agent,待主题范围审阅,NMF关键词主题,待主题范围审阅,True,False,12,11974,0.0010225785340314,13,11985,0.0011033919084593,5,9992,0.0005370044913102,8,7998,0.0010305528612997,6,7996,0.0007882609750181,12,13,0.9267591380647664,3,26,8.666666666666666,0.0008903164203564,1.1485563004914765,0.9267591380647664,0.3220381163430117,2,1,3,30,0.000887658311267,1,0,0.0833333333333333,19,69,24.33333333333333,0.7894736842105263,0.5341678386465836,0.0008767576509511,1.1663183468339424,0.5953082031902156,0.3392850110271967,0.8950606837726388,27.9,61.070000000000014,False,False,近期份额下降,2026Q2,False,False,annual_volume | active_years | persistence | current_volume,volume | multiyear | recent_growth | quarters | peak | lower95 | qvalue,384,200,False,False,3.150631263522832,18.329909664645463,False,False,1.1503725666113884,0.9277490633631416,False,False,0.9105566630269316,0.6940360461690902,False,False,未进入候选范围审阅,False,False,False,Manganese / Manganese oxide / Oxidizing agent,未进入候选范围审阅
N0241,Organic Rankine cycle / Degree Rankine / Working fluid,待主题范围审阅,NMF关键词主题,待主题范围审阅,True,False,18,11974,0.0015134162303664,15,11985,0.0012668573763792,13,9992,0.0013181019332161,21,7998,0.0026066925315227,25,7996,0.0030924084404559,18,15,1.1946224244215504,3,49,16.333333333333332,0.001730550613706,0.8745287299776975,0.4893972641412586,0.0690883636280443,3,2,3,46,0.0013661251799873,4,0,0.3333333333333333,33,88,29.666666666666668,1.108695652173913,0.4018591936476583,0.001637717121588,0.924101122481358,0.5417053059440005,0.6196116285653632,0.999999583780761,35.28,56.93,False,False,历史峰值以下的恢复或波动,2026Q2,False,False,annual_volume | active_years | persistence | current_volume,volume | multiyear | peak | lower95 | qvalue,342,221,False,False,0.6613075768251558,0.9647320876129192,False,False,0.9189504493913472,1.1958984700642303,False,False,0.7086311053057153,1.0593181757317691,False,False,未进入候选范围审阅,False,False,False,Organic Rankine cycle / Degree Rankine / Working fluid,未进入候选范围审阅
N0242,Pulse-width modulation / Modulation (music) / Electronic engineering,待主题范围审阅,NMF关键词主题,待主题范围审阅,True,False,12,11974,0.0010225785340314,8,11985,0.0006947282386595,10,9992,0.0010251903925014,10,7998,0.0012730358874878,16,7996,0.0020009701673538,12,8,1.4719115722205114,3,28,9.333333333333334,0.0009976515062163,1.0249857065917176,0.5110413691892749,-0.0012754661195142,3,1,3,30,0.0009141657217308,1,0,0.0833333333333333,21,44,12.666666666666666,1.6097560975609757,0.3376010492927975,0.0009429280397022,1.084471445301736,0.5577585782938285,0.4191885531268119,0.9840106880911078,15.04,64.75999999999999,False,False,历史峰值以下的恢复或波动,2026Q2,False,False,annual_volume | active_years | persistence | current_volume,volume | multiyear | trend | peak | lower95 | qvalue,467,176,False,False,0.5367601647287673,0.8361011425978634,False,False,1.0267504846504636,1.4734838065179308,False,False,1.0923716997300903,1.5122680163894917,False,False,未进入候选范围审阅,False,False,False,Pulse-width modulation / Modulation (music) / Electronic engineering,未进入候选范围审阅
N0243,Bifunctional / Oxygen evolution / Bifunctional catalyst,待主题范围审阅,NMF关键词主题,待主题范围审阅,True,False,67,11974,0.0055219240837696,47,11985,0.0038823048630976,55,9992,0.005418863503222,56,7998,0.0068501454898157,39,7996,0.0047902013097259,67,47,1.422331392945715,3,158,52.66666666666666,0.0053837712853784,1.025660970919468,0.8061031830607424,0.0094201288711448,3,4,3,169,0.0049410308166964,12,3,1.0,165,346,121.0,1.360655737704918,0.6224622326928972,0.0052440033085194,1.0529978260690045,0.7919738542157148,0.3406016164298585,0.8950606837726388,96.77,63.17999999999999,False,False,历史峰值以下的恢复或波动,2026Q2,False,False,annual_volume,multiyear | peak | lower95 | qvalue,3,189,False,False,1.1260298197877534,1.3752563802141613,False,False,1.0274204806641507,1.4238506677720637,False,False,1.0588540162547262,1.5605407433848633,False,False,未进入候选范围审阅,False,False,False,Bifunctional / Oxygen evolution / Bifunctional catalyst,未进入候选范围审阅
N0244,Ionic conductivity / Ionic bonding / Fast ion conductor,待主题范围审阅,NMF关键词主题,待主题范围审阅,True,False,69,11974,0.0056855366492146,34,11985,0.0028197793216183,42,9992,0.0041495801601249,34,7998,0.0041828322017458,56,7996,0.0068518069366965,69,34,2.016305533424388,3,110,36.66666666666666,0.0037173972278297,1.5294401703026963,0.8297864638836122,0.1574591786282844,4,4,3,145,0.0042182987103193,11,3,0.9166666666666666,164,291,77.33333333333333,2.1063829787234045,0.5413534604193516,0.0036559139784946,1.5551614952263628,1.1520143493738435,0.0014901798353403,0.0240351586345214,89.7,87.3,False,False,历史峰值以下的恢复或波动,2026Q2,False,False,annual_volume,peak,25,49,False,False,1.6578277389893838,1.867885531335652,False,False,1.532033098421767,2.018459266551809,False,False,1.472109268509551,2.122970207238011,False,False,未进入候选范围审阅,False,False,False,Ionic conductivity / Ionic bonding / Fast ion conductor,未进入候选范围审阅
N0245,Distributed generation / Distributed computing / Stand-alone power system,待主题范围审阅,NMF关键词主题,待主题范围审阅,True,False,12,11974,0.0010225785340314,10,11985,0.0008581937065794,17,9992,0.0017086506541691,15,7998,0.0018792434529582,9,7996,0.0011520737327188,12,10,1.1915474632261285,3,42,14.0,0.0014820292712356,0.6899853827980387,0.5441437257220064,-0.2566882780025099,3,1,3,39,0.00119647429826,2,0,0.1666666666666666,12,63,28.33333333333333,0.4431818181818182,0.4273846890677149,0.0014061207609594,0.7272337927317524,0.3870673360553497,0.8483356000096576,0.999999583780761,27.13,39.13,False,False,历史峰值以下的恢复或波动,2026Q2,False,False,annual_volume | active_years | persistence | current_volume,volume | multiyear | trend | peak | lower95 | qvalue,390,319,False,False,0.4668634432891032,0.8361011425978634,False,False,0.6911925577677686,1.1928202243240391,False,False,0.564737251373089,0.8923320593602588,False,False,未进入候选范围审阅,False,False,False,Distributed generation / Distributed computing / Stand-alone power system,未进入候选范围审阅
N0246,Kinetics / Reaction rate constant / Kinetic energy,待主题范围审阅,NMF关键词主题,待主题范围审阅,True,False,43,11974,0.0035585732984293,38,11985,0.0031467102574581,30,9992,0.0029779339972661,17,7998,0.0021217264791464,19,7996,0.0023647829250545,43,38,1.1308868650982524,3,85,28.33333333333333,0.0027487902446235,1.29459616112565,1.1308868650982524,0.0890649675487331,3,4,3,111,0.0032277391843845,10,3,0.8333333333333334,112,242,66.33333333333333,1.6782178217821784,0.539356728138452,0.0028287841191066,1.2579868765500135,0.8732679814002564,0.1025941479749129,0.4621358016887968,84.06,70.71,False,False,平稳或增长证据不足,2026Q2,False,False,annual_volume | current_volume,recent_growth | lower95 | qvalue,45,137,False,False,1.731587696983886,1.4324809785767587,False,False,1.296635430272599,1.1320948310857246,False,False,1.2656073319851613,1.0745836975642395,False,False,未进入候选范围审阅,False,False,False,Kinetics / Reaction rate constant / Kinetic energy,未进入候选范围审阅
N0247,Topology (electrical circuits) / Network topology / Voltage,待主题范围审阅,NMF关键词主题,待主题范围审阅,True,False,25,11974,0.002086060209424,17,11985,0.0014303228442991,21,9992,0.002099199375122,14,7998,0.0017580019398642,11,7996,0.001394615571186,25,17,1.4584540949887808,3,52,17.333333333333332,0.0017625080530951,1.1835748527564245,0.993740868135882,-0.0031394011765213,4,3,3,63,0.001871860809615,7,0,0.5833333333333334,45,95,26.0,1.7037037037037035,0.4368635839327003,0.0017369727047146,1.2009746634255796,0.7482880383713983,0.2227322301039848,0.7340750827676973,51.8,71.6,False,False,历史峰值以下的恢复或波动,2026Q2,False,False,annual_volume | active_years | persistence | current_volume,multiyear | trend | peak | lower95 | qvalue,242,131,False,False,1.1906684115544384,1.5364251765687231,False,False,1.1855548456533538,1.460011954572624,False,False,1.1396954838106073,1.5304061635126038,False,False,未进入候选范围审阅,False,False,False,Topology (electrical circuits) / Network topology / Voltage,未进入候选范围审阅
N0248,Electrical conductor / Conductor / Composite material,待主题范围审阅,NMF关键词主题,待主题范围审阅,True,False,33,11974,0.0027405104712041,18,11985,0.001512055578259,19,9992,0.0019039250146455,14,7998,0.0017580019398642,17,7996,0.0021222410865874,33,18,1.812440303523419,3,51,17.0,0.0017246608442562,1.5890141417259052,1.2913285340314136,0.1821133269387567,4,4,3,70,0.0020521636880362,8,1,0.6666666666666666,80,165,39.0,2.025,0.4682769437107196,0.0017038875103391,1.608386970721293,1.0409996479602537,0.0145531575791679,0.1372939394261123,64.32000000000001,87.75999999999999,False,False,多年背景上持续抬升,2026Q2,False,False,annual_volume | active_years | persistence | current_volume,lower95 | qvalue,168,46,False,False,1.6313640343507194,1.8937333571661008,False,False,1.5916499191138442,1.8143762763501876,False,False,1.654023100117706,1.940708604483008,False,False,未进入候选范围审阅,False,False,False,Electrical conductor / Conductor / Composite material,未进入候选范围审阅
N0249,Copolymer / Polymer chemistry / Monomer,待主题范围审阅,NMF关键词主题,待主题范围审阅,True,False,12,11974,0.0010225785340314,10,11985,0.0008581937065794,17,9992,0.0017086506541691,17,7998,0.0021217264791464,21,7996,0.0026073247635217,12,10,1.1915474632261285,3,44,14.666666666666666,0.0015628569466316,0.6543007894838394,0.3921945391452575,-0.2566882780025099,2,0,3,39,0.00119647429826,3,0,0.25,40,106,34.333333333333336,1.160377358490566,0.5723000874855106,0.0014722911497105,0.6945491278898759,0.370866704922375,0.8809657442246945,0.999999583780761,40.91,39.62,False,False,历史峰值以下的恢复或波动,2026Q2,False,False,annual_volume | active_years | persistence | current_volume,volume | multiyear | quarters | trend | peak | lower95 | qvalue,309,316,False,False,0.5957733396341807,1.1131524087841376,False,False,0.6554546914094513,1.1928202243240391,False,False,0.6215239215879848,0.9862617498192336,False,False,未进入候选范围审阅,False,False,False,Copolymer / Polymer chemistry / Monomer,未进入候选范围审阅
N0250,Smart grid / Distributed computing / Smart meter,待主题范围审阅,NMF关键词主题,待主题范围审阅,True,False,47,11974,0.0038857984293193,32,11985,0.0026563138536984,23,9992,0.0022944737355985,23,7998,0.0028491755577109,26,7996,0.0032136793596895,47,32,1.4628536548530005,3,78,26.0,0.0025999877156692,1.494544918770542,1.209143164081794,0.2634124852533381,3,4,3,102,0.002945528672872,12,2,1.0,73,152,44.66666666666666,1.6204379562043796,0.3052628845095209,0.002597187758478,1.4961561468302933,1.0435235611462967,0.0123779886646755,0.1226482588092105,69.65,81.65,False,False,多年背景上持续抬升,2026Q2,False,False,annual_volume | active_years | current_volume,lower95 | qvalue,127,75,False,False,1.5966861731647035,1.4386355692473356,False,False,1.4969801465808767,1.4644162138624357,False,False,1.495979141624212,1.4066356103979234,False,False,未进入候选范围审阅,False,False,False,Smart grid / Distributed computing / Smart meter,未进入候选范围审阅
N0251,Decomposition / Radical / Hydrogen peroxide,待主题范围审阅,NMF关键词主题,待主题范围审阅,True,False,43,11974,0.0035585732984293,21,11985,0.0017572537801389,22,9992,0.0021968365553602,24,7998,0.002970417070805,16,7996,0.0020009701673538,43,21,2.025076479361987,3,67,22.33333333333333,0.0023081691354347,1.5417298688378145,1.1980045945079605,0.241170654750229,4,4,3,86,0.0025042212113095,8,1,0.6666666666666666,82,159,53.333333333333336,1.52760736196319,0.4996784167521131,0.0022332506203473,1.5934500436300174,1.0885180827001464,0.0070936500648528,0.0890019386832667,71.53999999999999,87.57999999999998,False,False,多年背景上持续抬升,2026Q2,False,False,annual_volume | active_years | persistence | current_volume,qvalue,111,47,False,False,1.527301620376465,1.7116214457648566,False,False,1.544361363927883,2.02723958124653,False,False,1.574068631941531,2.105802114478904,False,False,未进入候选范围审阅,False,False,False,Decomposition / Radical / Hydrogen peroxide,未进入候选范围审阅
N0252,Consumption (sociology) / Agricultural economics / Power consumption,待主题范围审阅,NMF关键词主题,待主题范围审阅,True,False,27,11974,0.0022496727748691,37,11985,0.0030649775234981,17,9992,0.0017086506541691,16,7998,0.0020004849660523,22,7996,0.0027285956827552,27,37,0.733993237347295,3,70,23.33333333333333,0.0022580377145732,0.9962954827325876,0.733993237347295,0.1375404021796256,1,4,3,81,0.0023411003175121,9,1,0.75,38,124,38.0,1.0,0.3761797175247713,0.0023325062034739,0.9644873705023952,0.6207522798868816,0.5615200215872167,0.999999583780761,60.260000000000005,48.47,False,False,近期份额下降,2026Q2,False,False,annual_volume | active_years | current_volume | current_share,multiyear | recent_growth | quarters | peak | lower95 | qvalue,189,261,False,False,1.0740402669020823,0.746302180983579,False,False,0.997822132372791,0.7347772581836082,False,False,1.0307445919834393,0.7507365558325508,False,False,未进入候选范围审阅,False,False,False,Consumption (sociology) / Agricultural economics / Power consumption,未进入候选范围审阅
N0253,Thermal decomposition / Electrode / Decomposition,待主题范围审阅,NMF关键词主题,待主题范围审阅,True,False,11,11974,0.0009407722513089,11,11985,0.0009399264405394,10,9992,0.0010251903925014,4,7998,0.0005455868089233,9,7996,0.0011520737327188,11,11,1.0008998691099475,3,25,8.333333333333334,0.000836901213988,1.1241138566711253,0.8165903141361257,-0.0429662705890394,2,1,3,32,0.0009686296947832,1,0,0.0833333333333333,14,66,19.0,0.75,0.4209860567816012,0.0008436724565756,1.1150918155220204,0.5558429374891669,0.3946064676339636,0.9624547991072284,21.78,52.17999999999999,False,False,历史峰值以下的恢复或波动,2026Q2,False,False,annual_volume | active_years | persistence | current_volume,volume | multiyear | recent_growth | quarters | trend | peak | lower95 | qvalue,425,241,False,False,0.6558226210675162,0.8163117664417009,False,False,1.1258803238692536,1.001968988432193,False,False,1.286725569522896,1.334354132108375,False,False,未进入候选范围审阅,False,False,False,Thermal decomposition / Electrode / Decomposition,未进入候选范围审阅
N0254,Flexibility (engineering) / Environmental economics / Prosumer,待主题范围审阅,NMF关键词主题,待主题范围审阅,True,False,61,11974,0.0050310863874345,28,11985,0.0023293829178586,26,9992,0.0025873852763132,19,7998,0.0023642095053346,23,7996,0.0028498666019888,61,28,2.159836559658308,3,73,24.33333333333333,0.0024269925665021,2.0729714861407667,1.7653761000334185,0.3324940612182447,4,4,3,115,0.0033159515272021,10,1,0.8333333333333334,99,189,48.0,2.0408163265306123,0.4435990239533576,0.0024317617866004,2.068905932791965,1.4744709396726634,6.540576479827745e-06,0.0003270288239913,78.5,94.03,False,False,多年背景上持续抬升,2026Q2,False,True,annual_volume | active_years,,70,12,False,True,2.4292822223727155,2.694596520574016,False,True,2.042599307501962,2.1269868000051813,False,True,1.8304526986742051,2.0354763772865034,False,True,有样本依据的条件性跟踪方向,False,True,False,能源系统柔性与需求响应,样本涉及光伏灌溉储能、建筑热惯性、P2P能源交易和水能耦合调度；共同任务是需求与储能柔性。
N0255,Geothermal gradient / Geothermal energy / Geothermal power,待主题范围审阅,NMF关键词主题,待主题范围审阅,True,False,46,11974,0.0038039921465968,34,11985,0.0028197793216183,29,9992,0.0028802968170279,20,7998,0.0024854510184287,19,7996,0.0023647829250545,46,34,1.3490389540177556,3,83,27.666666666666668,0.0027285090523583,1.394165118605335,1.3206944937438994,0.1390788649318652,4,4,3,109,0.0031680227617476,11,2,0.9166666666666666,92,196,55.66666666666666,1.6411764705882357,0.3633925132938007,0.0027626137303556,1.3769540434837133,0.9619761860075048,0.0365643473409292,0.2649590387023854,74.63,78.4,False,False,多年背景上持续抬升,2026Q2,False,False,annual_volume | active_years | current_volume,lower95 | qvalue,97,87,False,False,1.1977856476377793,1.2648709593147165,False,False,1.3964133994275578,1.350479940930347,False,False,1.3148130303987582,1.4166305133767174,False,False,未进入候选范围审阅,False,False,False,Geothermal gradient / Geothermal energy / Geothermal power,未进入候选范围审阅
N0256,Charge (physics) / Physics / Chemical physics,待主题范围审阅,NMF关键词主题,待主题范围审阅,True,False,30,11974,0.0024950916230366,52,11985,0.0042909685328974,18,9992,0.0018062878344073,10,7998,0.0012730358874878,13,7996,0.0016371574096531,30,52,0.5814751620543506,3,80,26.666666666666668,0.0024567640849308,1.0156008215607104,0.5814751620543506,0.1615258160726407,0,3,3,100,0.0028641159967804,9,2,0.75,71,218,61.66666666666666,1.148936170212766,0.5143026975104378,0.0026633581472291,0.9368216684010277,0.6175429440863837,0.6162546345167442,0.999999583780761,77.81,45.32000000000001,False,False,近期份额下降,2026Q2,False,False,annual_volume | active_years | current_volume | current_share,multiyear | recent_growth | quarters | peak | lower95 | qvalue,81,284,False,False,0.7008981595804752,0.4212210523380352,False,False,1.017033248968498,0.5820962694701312,False,False,1.021083742734571,0.5388852859837049,False,False,未进入候选范围审阅,False,False,False,Charge (physics) / Physics / Chemical physics,未进入候选范围审阅
N0257,Distribution (mathematics) / Mathematics / Mathematical analysis,待主题范围审阅,NMF关键词主题,待主题范围审阅,True,False,34,11974,0.0028223167539267,36,11985,0.0029832447895382,25,9992,0.0024897480960749,10,7998,0.0012730358874878,14,7996,0.0017584283288867,34,36,0.946056040665567,3,71,23.666666666666668,0.0022486762577003,1.2551014154491882,0.946056040665567,0.0626882762445637,2,4,3,95,0.0027651032131799,10,2,0.8333333333333334,47,148,39.333333333333336,1.1900826446280992,0.2692289398232376,0.0023655913978494,1.1930702641599238,0.7947166843399751,0.1917080905409973,0.6703080088846061,63.91,60.46,False,False,近期份额下降,2026Q2,False,False,annual_volume | active_years | current_volume,recent_growth | quarters | peak | lower95 | qvalue,171,205,False,False,1.0775570147330653,0.8555171342982492,False,False,1.2570037570188148,0.9470665781071412,False,False,1.1961971134185194,0.839058503577557,False,False,未进入候选范围审阅,False,False,False,Distribution (mathematics) / Mathematics / Mathematical analysis,未进入候选范围审阅
N0258,Platinum / Platinum nanoparticles / Inorganic chemistry,待主题范围审阅,NMF关键词主题,待主题范围审阅,True,False,18,11974,0.0015134162303664,16,11985,0.0013485901103391,16,9992,0.0016110134739308,15,7998,0.0018792434529582,16,7996,0.0020009701673538,18,16,1.122221065365699,3,47,15.666666666666666,0.0016129490124094,0.9382914268974468,0.756341226400127,-0.0312469841030309,3,2,3,50,0.0014910066048788,7,0,0.5833333333333334,74,149,40.0,1.829268292682927,0.5538718216338603,0.001571546732837,0.9630106434279416,0.5627945963245432,0.5604823619236892,0.999999583780761,55.09,58.39,False,False,历史峰值以下的恢复或波动,2026Q2,False,False,annual_volume | active_years | persistence | current_volume,volume | multiyear | recent_growth | trend | peak | lower95 | qvalue,221,213,False,False,0.9748269197403862,1.3052257655939496,False,False,0.9398673460405196,1.1234197749088226,False,False,0.911510869003752,1.0498915401301518,False,False,未进入候选范围审阅,False,False,False,Platinum / Platinum nanoparticles / Inorganic chemistry,未进入候选范围审阅
N0259,Exciton / Molecular physics / Biexciton,待主题范围审阅,NMF关键词主题,待主题范围审阅,True,False,29,11974,0.0024132853403141,14,11985,0.0011851246424192,21,9992,0.002099199375122,20,7998,0.0024854510184287,22,7996,0.0027285956827552,29,14,2.0363135268098937,3,55,18.33333333333333,0.0019232583453233,1.2547900006165846,0.8844422629435718,0.0697165044141754,4,3,3,64,0.0018992031192851,5,0,0.4166666666666667,123,210,57.333333333333336,2.125714285714285,0.5490091707322793,0.0018362282878411,1.3142621515494552,0.840873869840702,0.1122390910346792,0.4922767150643825,64.58999999999999,79.62,False,False,历史峰值以下的恢复或波动,2026Q2,False,False,annual_volume | active_years | persistence | current_volume,peak | lower95 | qvalue,165,83,False,False,1.1765817067034876,1.763131056671887,False,False,1.2750504559339455,2.189487789537014,False,False,1.2950900687512268,2.155164564419807,False,False,未进入候选范围审阅,False,False,False,Exciton / Molecular physics / Biexciton,未进入候选范围审阅
N0260,Thermal stability / Chemical engineering / Phosphor,待主题范围审阅,NMF关键词主题,待主题范围审阅,True,False,14,11974,0.0011861910994764,10,11985,0.0008581937065794,12,9992,0.0012204647529779,10,7998,0.0012730358874878,17,7996,0.0021222410865874,14,10,1.3821950573423083,3,32,10.666666666666666,0.001117231449015,1.061723692545652,0.5589332460732984,-0.0142421571327666,3,1,3,36,0.0010882831863446,2,0,0.1666666666666666,27,66,18.33333333333333,1.4482758620689655,0.6023707616739887,0.0010752688172043,1.1031577225130889,0.5940408880065087,0.3881750157746795,0.9514093523889204,36.370000000000005,63.48,False,False,历史峰值以下的恢复或波动,2026Q2,False,False,annual_volume | active_years | persistence | current_volume,volume | multiyear | trend | peak | lower95 | qvalue,335,186,False,False,1.3155952807284523,2.0672830448848267,False,False,1.0635223488637515,1.3836714602158855,False,False,1.082274054299267,1.5053468813030406,False,False,未进入候选范围审阅,False,False,False,Thermal stability / Chemical engineering / Phosphor,未进入候选范围审阅
N0261,Iridium / Phosphorescence / Phosphorescent organic light-emitting diode,待主题范围审阅,NMF关键词主题,待主题范围审阅,True,False,4,11974,0.0003681282722513,8,11985,0.0006947282386595,6,9992,0.0006346416715485,9,7998,0.0011517943743937,12,7996,0.0015158864904195,4,8,0.529888165999384,3,23,7.666666666666667,0.0008270547615339,0.4451074939324799,0.2428468586387434,-0.2723145497545616,2,0,3,18,0.0005658327274864,0,0,0.0,13,45,19.33333333333333,0.6885245901639344,0.6260584187975377,0.0007775020678246,0.4734756182466303,0.1727000552320171,0.9429622276903514,0.999999583780761,23.42,19.7,False,False,近期份额下降,2026Q2,False,False,annual_volume | active_years | persistence | current_volume | current_share,volume | baseline | multiyear | recent_growth | quarters | trend | peak | lower95 | qvalue,408,420,False,False,0.1721288578182519,0.2226304817568275,False,False,0.4458622848265346,0.530454170346455,False,False,0.4840063499733195,0.5917570498915401,False,False,未进入候选范围审阅,False,False,False,Iridium / Phosphorescence / Phosphorescent organic light-emitting diode,未进入候选范围审阅
N0262,Conjugated system / Polymer / Side chain,待主题范围审阅,NMF关键词主题,待主题范围审阅,True,False,15,11974,0.0012679973821989,21,11985,0.0017572537801389,15,9992,0.0015133762936926,15,7998,0.0018792434529582,14,7996,0.0017584283288867,15,21,0.721578975404846,3,51,17.0,0.0017166245089299,0.738657391644342,0.674738219895288,-0.088452159691903,2,1,3,51,0.0015128758186768,4,0,0.3333333333333333,31,137,50.0,0.6274509803921569,0.5266419682939489,0.0017038875103391,0.7441790461546282,0.4217632926948943,0.8524958401710246,0.999999583780761,48.11,35.05,False,False,近期份额下降,2026Q2,False,False,annual_volume | active_years | persistence | current_volume | current_share,volume | multiyear | recent_growth | quarters | trend | peak | lower95 | qvalue,264,341,False,False,0.6988279578760506,0.6723890307605194,False,False,0.7398605478528809,0.7223497358464647,False,False,0.7585409303300628,0.7333741216604558,False,False,未进入候选范围审阅,False,False,False,Conjugated system / Polymer / Side chain,未进入候选范围审阅
N0263,Non-blocking I/O / Nickel oxide / Chemical engineering,待主题范围审阅,NMF关键词主题,待主题范围审阅,True,False,16,11974,0.0013498036649214,28,11985,0.0023293829178586,23,9992,0.0022944737355985,18,7998,0.0022429679922405,17,7996,0.0021222410865874,16,28,0.5794683452741801,3,69,23.0,0.0022889415485658,0.5897064806076726,0.5794683452741801,-0.2652721798136923,1,2,3,67,0.0019912201061261,9,0,0.75,44,145,57.0,0.7758620689655172,0.5789855822280298,0.0022994210090984,0.5870189319748389,0.3431983186734005,0.9765058232741493,0.999999583780761,66.96,21.7,False,False,近期份额下降,2026Q2,False,False,annual_volume | active_years | current_volume | current_share,volume | multiyear | recent_growth | quarters | trend | peak | lower95 | qvalue,147,410,False,False,0.5010127067488721,0.4685841568405608,False,False,0.5906627790804108,0.5800873090923222,False,False,0.6157673395185834,0.5558929862617499,False,False,未进入候选范围审阅,False,False,False,Non-blocking I/O / Nickel oxide / Chemical engineering,未进入候选范围审阅
N0264,Photodetector / Responsivity / Photodetection,待主题范围审阅,NMF关键词主题,待主题范围审阅,True,False,46,11974,0.0038039921465968,51,11985,0.0042092357989374,45,9992,0.0044424917008396,37,7998,0.0045465567410281,30,7996,0.0036987630366238,46,51,0.9037251245361664,3,133,44.333333333333336,0.0043994280802684,0.8646560591950309,0.8366753926701571,-0.0775821663737001,2,4,3,142,0.0041519065487913,12,3,1.0,115,300,110.66666666666669,1.0388059701492536,0.5829161380727464,0.0044168734491315,0.861240918583446,0.6168471422973627,0.8009089413479229,0.999999583780761,92.92,44.61999999999999,False,False,近期份额下降,2026Q2,False,False,annual_volume | current_volume,multiyear | recent_growth | quarters | trend | peak | lower95 | qvalue,12,288,False,False,0.6528953890501049,0.6469379881639575,False,False,0.8660744657117602,0.9046904458659606,False,False,0.8019160595740418,0.8268659114646099,False,False,未进入候选范围审阅,False,False,False,Photodetector / Responsivity / Photodetection,未进入候选范围审阅
N0265,Stability (learning theory) / Mathematics / Machine learning,待主题范围审阅,NMF关键词主题,待主题范围审阅,True,False,65,11974,0.0053583115183246,48,11985,0.0039640375970576,20,9992,0.0020015621948838,14,7998,0.0017580019398642,14,7996,0.0017584283288867,65,48,1.351730751066012,3,82,27.33333333333333,0.0025745339106018,2.081274399322994,1.351730751066012,0.4923604685565186,4,4,3,133,0.003774637103422,10,2,0.8333333333333334,101,223,52.333333333333336,1.9125,0.3819272035720977,0.0027295285359801,1.9630904926225607,1.4192819023306609,1.248256781721828e-05,0.0004469812361619,77.51,89.67999999999999,False,False,多年背景上持续抬升,2026Q2,False,True,annual_volume | active_years,,82,29,False,True,1.9582273165474773,1.3002910746087173,False,True,2.084339897883282,1.3531746132434772,False,True,2.225001116253195,1.447371139345109,False,True,范围过宽或样本混杂，暂缓认定,False,False,False,Stability (learning theory) / Mathematics / Machine learning,电力预测、等离子体稳定性、电池相、树根土壤与恶意软件混合，Stability缺乏统一对象。
N0266,Optics / Beam (structure) / Diffraction,待主题范围审阅,NMF关键词主题,待主题范围审阅,True,False,8,11974,0.0006953534031413,11,11985,0.0009399264405394,12,9992,0.0012204647529779,11,7998,0.0013942774005819,9,7996,0.0011520737327188,8,11,0.7397955554290917,3,34,11.333333333333334,0.0011848895313664,0.5868508284814222,0.4987195538356476,-0.2812834000978954,2,0,3,31,0.0009519148655529,0,0,0.0,15,68,24.33333333333333,0.6315789473684211,0.3148962306853827,0.0011414392059553,0.6091900466651491,0.2876069228155885,0.91362563371232,0.999999583780761,14.090000000000003,25.78,False,False,近期份额下降,2026Q2,False,False,annual_volume | active_years | persistence | current_volume | current_share,volume | multiyear | recent_growth | quarters | trend | peak | lower95 | qvalue,471,385,False,False,0.5628336222928071,0.7377363022922323,False,False,0.5878430833578512,0.7405857740585774,False,False,0.7185374244568966,0.9862617498192336,False,False,未进入候选范围审阅,False,False,False,Optics / Beam (structure) / Diffraction,未进入候选范围审阅
N0267,Bioenergy / Biofuel / Agriculture,待主题范围审阅,NMF关键词主题,待主题范围审阅,True,False,21,11974,0.001758835078534,23,11985,0.0019207192480588,19,9992,0.0019039250146455,16,7998,0.0020004849660523,21,7996,0.0026073247635217,21,23,0.9157169015261224,3,58,19.33333333333333,0.0019417097429189,0.9058177129450922,0.6745746073298429,-0.0396329249099451,1,3,3,63,0.0018611597804128,9,0,0.75,61,150,46.66666666666666,1.3006993006993008,0.4136985393950448,0.0019354838709677,0.9087314572425828,0.5543157642179227,0.6504282275128863,0.999999583780761,56.94000000000001,46.3,False,False,近期份额下降,2026Q2,False,False,annual_volume | active_years | current_volume,volume | multiyear | recent_growth | quarters | trend | peak | lower95 | qvalue,208,277,False,False,1.126839207475956,1.1962677886400197,False,False,0.90729631417842,0.9166950319698788,False,False,0.9354821983846237,0.9403891102927576,False,False,未进入候选范围审阅,False,False,False,Bioenergy / Biofuel / Agriculture,未进入候选范围审阅
N0268,In situ / Chemistry / Stress (linguistics),待主题范围审阅,NMF关键词主题,待主题范围审阅,True,False,37,11974,0.0030677356020942,88,11985,0.0072333469554556,53,9992,0.0052235891427455,21,7998,0.0026066925315227,20,7996,0.0024860538442881,37,88,0.4241101140296389,3,162,54.0,0.0050212095432413,0.6109555029870211,0.4241101140296389,-0.2661225201547008,1,3,3,178,0.0051748905667651,11,3,0.9166666666666666,94,381,131.0,0.7196969696969697,0.5572431152070855,0.0053763440860215,0.5705988219895288,0.4000559036060223,0.9990825043100636,0.999999583780761,91.85,19.72,False,False,近期份额下降,2026Q2,False,False,annual_volume | current_volume | current_share,multiyear | recent_growth | quarters | trend | peak | lower95 | qvalue,16,419,False,False,0.4978796119990871,0.3725203110584539,False,False,0.6118625142203612,0.4245631306916072,False,False,0.6958093506338895,0.4460164601093349,False,False,未进入候选范围审阅,False,False,False,In situ / Chemistry / Stress (linguistics),未进入候选范围审阅
N0269,Sustainability / Ecology / Environmental resource management,待主题范围审阅,NMF关键词主题,待主题范围审阅,True,False,86,11974,0.0070762434554973,59,11985,0.004863097670617,47,9992,0.0046377660613161,16,7998,0.0020004849660523,15,7996,0.0018796992481203,86,59,1.4550897256808484,3,122,40.66666666666666,0.0038337828993285,1.8457600863984087,1.4550897256808484,0.2112551917567158,2,4,3,192,0.0055257023958102,12,3,1.0,176,371,77.33333333333333,2.2595744680851064,0.4225288490831349,0.0040529363110008,1.7459547627951704,1.3258253922264116,2.080429273455616e-05,0.0006501341479548,86.89000000000001,82.65,False,False,多年背景上持续抬升,2026Q2,True,False,,quarters,36,71,False,False,1.7185415989911144,1.5126046311955648,True,False,1.827206686035576,1.439804176654664,False,True,1.9276461975116137,1.643769583032056,False,False,范围过宽或样本混杂，暂缓认定,False,False,False,Sustainability / Ecology / Environmental resource management,绿色化学、就业、消费者、电动车和木结构建筑混合，通用可持续性主题边界宽。
N0270,Fossil fuel / Renewable fuels / Energy source,待主题范围审阅,NMF关键词主题,待主题范围审阅,True,False,26,11974,0.0021678664921465,18,11985,0.001512055578259,11,9992,0.0011228275727396,26,7998,0.0032129000969932,21,7996,0.0026073247635217,26,18,1.4337214341304656,3,55,18.33333333333333,0.001949261082664,1.1121478345957814,0.6747382198952879,0.3289466891195829,4,4,3,55,0.0016009165477151,7,0,0.5833333333333334,40,88,35.0,1.1388888888888888,0.4342150286699472,0.0018362282878411,1.180608373425782,0.7432146669758597,0.2391486850013997,0.7636063143815582,46.55,74.09,False,False,历史峰值以下的恢复或波动,2026Q2,False,False,annual_volume | active_years | persistence | current_volume,multiyear | peak | lower95 | qvalue,273,113,False,False,1.1919233033665082,1.6078868126881989,False,False,1.1140724824531565,1.43525287532179,False,False,1.0869630244732065,1.4046758255001204,False,False,未进入候选范围审阅,False,False,False,Fossil fuel / Renewable fuels / Energy source,未进入候选范围审阅
N0271,Biofuel / Biodiesel / Methane,待主题范围审阅,NMF关键词主题,待主题范围审阅,True,False,19,11974,0.001595222513089,19,11985,0.001593788312219,10,9992,0.0010251903925014,14,7998,0.0017580019398642,19,7996,0.0023647829250545,19,19,1.0008998691099475,3,43,14.333333333333334,0.0014589935481949,1.0933718761557545,0.674574607329843,0.2210674445112088,2,2,3,48,0.0014047337392698,5,0,0.4166666666666667,40,111,37.0,1.0789473684210529,0.3886265876778331,0.0014392059553349,1.108404608232533,0.6497096171406604,0.356968721604963,0.910634493890212,38.64,60.830000000000005,False,False,历史峰值以下的恢复或波动,2026Q2,False,False,annual_volume | active_years | persistence | current_volume,volume | multiyear | recent_growth | quarters | peak | lower95 | qvalue,328,203,False,False,0.8804014718377711,0.8316655927697579,False,False,1.095143682366445,1.001968988432193,False,False,1.0795062156904898,0.9862617498192336,False,False,未进入候选范围审阅,False,False,False,Biofuel / Biodiesel / Methane,未进入候选范围审阅
N0272,Term (time) / Statistics / Mean squared error,待主题范围审阅,NMF关键词主题,待主题范围审阅,True,False,28,11974,0.0023314790575916,48,11985,0.0039640375970576,43,9992,0.0042472173403632,10,7998,0.0012730358874878,22,7996,0.0027285956827552,28,48,0.5881576550439899,3,101,33.666666666666664,0.0031614302749695,0.737476032937043,0.548942724318469,-0.2998805851019197,1,2,3,119,0.0035142446650041,10,2,0.8333333333333334,38,183,55.0,0.6964285714285714,0.438738079041668,0.0033581472291149,0.6942754139478503,0.4582282940154698,0.9575119650139317,0.999999583780761,75.86999999999999,26.02,False,False,近期份额下降,2026Q2,False,False,annual_volume | active_years | current_volume | current_share,multiyear | recent_growth | quarters | trend | peak | lower95 | qvalue,91,384,False,False,0.8621752179146074,0.7272595737389699,False,False,0.738597740774419,0.5887859004189175,False,False,0.7484586300592544,0.5744161839606525,False,False,未进入候选范围审阅,False,False,False,Term (time) / Statistics / Mean squared error,未进入候选范围审阅
N0273,Sintering / Spark plasma sintering / Ball mill,待主题范围审阅,NMF关键词主题,待主题范围审阅,True,False,11,11974,0.0009407722513089,15,11985,0.0012668573763792,18,9992,0.0018062878344073,15,7998,0.0018792434529582,20,7996,0.0024860538442881,11,15,0.7426031286944772,3,48,16.0,0.0016507962212482,0.5698899956273897,0.3784199016728387,-0.3261640080494401,1,1,3,44,0.0013379724873651,4,0,0.3333333333333333,25,95,34.333333333333336,0.7358490566037735,0.4781554721946046,0.0016046319272125,0.5862853875425056,0.3082630068439466,0.9540036313378144,0.999999583780761,37.55,23.05,False,False,近期份额下降,2026Q2,False,False,annual_volume | active_years | persistence | current_volume | current_share,volume | multiyear | recent_growth | quarters | trend | peak | lower95 | qvalue,331,400,False,False,0.4375496859388884,0.505335855416291,False,False,0.5708554946492207,0.7433963462561431,False,False,0.5507194805112261,0.7141895429725484,False,False,未进入候选范围审阅,False,False,False,Sintering / Spark plasma sintering / Ball mill,未进入候选范围审阅
N0274,Tokamak / Spherical tokamak / KSTAR,待主题范围审阅,NMF关键词主题,待主题范围审阅,True,False,32,11974,0.0026587041884816,15,11985,0.0012668573763792,28,9992,0.0027826596367896,17,7998,0.0021217264791464,18,7996,0.002243512005821,32,15,2.0986610158756966,3,60,20.0,0.0020570811641051,1.292464407761112,0.955454326260678,-0.0227841586613597,4,4,3,75,0.0022360737338835,9,1,0.75,50,130,55.333333333333336,0.9053254437869822,0.3490266954330289,0.0020016542597187,1.328253456146424,0.8672754548826322,0.0923569347654222,0.435645918704822,59.09000000000001,72.39,False,False,历史峰值以下的恢复或波动,2026Q2,False,False,annual_volume | active_years | current_volume,trend | peak | lower95 | qvalue,197,121,False,False,1.2170658430892562,2.1081182655245274,False,False,1.2946911191525394,2.1009027176804045,False,False,1.2588611792856883,2.1425686289176458,False,False,未进入候选范围审阅,False,False,False,Tokamak / Spherical tokamak / KSTAR,未进入候选范围审阅
N0275,Nitrogen / Chemistry / Nitrogen fixation,待主题范围审阅,NMF关键词主题,待主题范围审阅,True,False,21,11974,0.001758835078534,40,11985,0.003310175725378,21,9992,0.002099199375122,12,7998,0.001515518913676,11,7996,0.001394615571186,21,40,0.5313419058237994,3,73,24.33333333333333,0.0023082980047253,0.7619618762107325,0.5313419058237994,-0.088452159691903,0,2,3,82,0.0023894033930113,9,1,0.75,52,181,55.0,0.9464285714285714,0.5675359086751266,0.0024317617866004,0.723276057805321,0.4472970130810641,0.9087835617475336,0.999999583780761,74.68,29.4,False,False,近期份额下降,2026Q2,False,False,annual_volume | active_years | current_volume | current_share,volume | multiyear | recent_growth | quarters | trend | peak | lower95 | qvalue,96,372,False,False,1.0933485416123994,1.0486218343618687,False,False,0.763102152032238,0.5319094629948679,False,False,0.7163561677727521,0.4483007953723789,False,False,未进入候选范围审阅,False,False,False,Nitrogen / Chemistry / Nitrogen fixation,未进入候选范围审阅
N0276,Sizing / Hybrid system / Installation,待主题范围审阅,NMF关键词主题,待主题范围审阅,True,False,31,11974,0.0025768979057591,26,11985,0.0021659174499387,24,9992,0.0023921109158367,17,7998,0.0021217264791464,28,7996,0.0034562211981566,31,26,1.189748901017485,3,67,22.33333333333333,0.0022265849483073,1.1573319525572894,0.7455824607329843,0.0372050544485502,4,4,3,81,0.0023783087571782,11,1,0.9166666666666666,60,165,47.0,1.2708333333333333,0.4522716018398961,0.0022332506203473,1.1538776178010473,0.7559349488869065,0.248956718005699,0.7683849321163552,71.31,66.92,False,False,历史峰值以下的恢复或波动,2026Q2,False,False,annual_volume | active_years | current_volume,multiyear | peak | lower95 | qvalue,116,157,False,False,1.4219505058707085,1.6078868126881984,False,False,1.1592189764483107,1.1910197409665688,False,False,1.2587706421079714,1.2800418455100693,False,False,未进入候选范围审阅,False,False,False,Sizing / Hybrid system / Installation,未进入候选范围审阅
N0277,Wireless / Wireless power transfer / Maximum power transfer theorem,待主题范围审阅,NMF关键词主题,待主题范围审阅,True,False,36,11974,0.0029859293193717,35,11985,0.0029015120555782,21,9992,0.002099199375122,12,7998,0.001515518913676,21,7996,0.0026073247635217,36,35,1.029094231620087,3,68,22.666666666666668,0.0021720767814587,1.3746886596551875,1.029094231620087,0.1761775030355115,2,4,3,92,0.0026622135833573,11,2,0.9166666666666666,53,132,36.66666666666666,1.4336283185840708,0.3891550963567961,0.0022663358147229,1.3175140682921238,0.881690926276096,0.0849341263148708,0.4133442518785972,68.27,68.84000000000002,False,False,平稳或增长证据不足,2026Q2,False,False,annual_volume | active_years | current_volume,recent_growth | quarters | peak | lower95 | qvalue,138,150,False,False,1.3950863018369393,1.0537842803156503,False,False,1.339062749086063,1.001968988432193,False,False,1.1773879101230358,0.8195696230892223,False,False,未进入候选范围审阅,False,False,False,Wireless / Wireless power transfer / Maximum power transfer theorem,未进入候选范围审阅
N0278,State (computer science) / Estimation / Estimator,待主题范围审阅,NMF关键词主题,待主题范围审阅,True,False,37,11974,0.0030677356020942,39,11985,0.003228442991418,22,9992,0.0021968365553602,9,7998,0.0011517943743937,7,7996,0.0009095318942517,37,39,0.950221394724634,3,70,23.33333333333333,0.002192357973724,1.3992859007798055,0.950221394724634,0.1669606521910922,3,4,3,98,0.0028310050496241,11,2,0.9166666666666666,61,145,36.0,1.6756756756756757,0.3383613110870114,0.0023325062034739,1.315210050685084,0.8850139455321989,0.083165383266037,0.4133442518785972,67.94,71.81,False,False,近期份额下降,2026Q2,False,False,annual_volume | active_years | current_volume,recent_growth | peak | lower95 | qvalue,141,128,False,False,1.358255482344381,0.8945697539683433,False,False,1.4013530559901484,0.951236381422968,False,False,1.4653552510112544,0.957674452723024,False,False,未进入候选范围审阅,False,False,False,State (computer science) / Estimation / Estimator,未进入候选范围审阅
N0279,Nano- / Nanotechnology / Composite material,待主题范围审阅,NMF关键词主题,待主题范围审阅,True,False,7,11974,0.0006135471204188,29,11985,0.0024111156518185,17,9992,0.0017086506541691,5,7998,0.0006668283220174,10,7996,0.0012733446519524,7,29,0.2544660684177833,3,51,17.0,0.0015955315426683,0.3845408906130113,0.2544660684177833,-0.5121010898855052,0,1,3,53,0.0015777711421355,5,0,0.4166666666666667,16,118,36.66666666666666,0.4513274336283186,0.4915112377396068,0.0017038875103391,0.3600866352361104,0.1673874249063817,0.9972832994935362,0.999999583780761,44.08,6.81,False,False,近期份额下降,2026Q2,False,False,annual_volume | active_years | persistence | current_volume | current_share,volume | multiyear | recent_growth | quarters | trend | peak | lower95 | qvalue,289,476,False,False,0.6099669094595932,0.4324661082402741,False,False,0.3851022699032134,0.2547378784149643,False,False,0.4208925256461438,0.2689804772234273,False,False,未进入候选范围审阅,False,False,False,Nano- / Nanotechnology / Composite material,未进入候选范围审阅
N0280,Electric field / Space charge / Breakdown voltage,待主题范围审阅,NMF关键词主题,待主题范围审阅,True,False,30,11974,0.0024950916230366,25,11985,0.0020841847159787,17,9992,0.0017086506541691,16,7998,0.0020004849660523,13,7996,0.0016371574096531,30,25,1.197154745406016,3,58,19.33333333333333,0.0019311067787334,1.2920526459304071,1.197154745406016,0.1893107416500457,4,4,3,72,0.0020959756643948,8,1,0.6666666666666666,73,152,39.333333333333336,1.8347107438016528,0.4127489123018755,0.0019354838709677,1.2891306719022688,0.8321197232039587,0.124385988918486,0.5270592750783305,60.830000000000005,77.12999999999998,False,False,多年背景上持续抬升,2026Q2,False,False,annual_volume | active_years | persistence | current_volume,lower95 | qvalue,185,97,False,False,1.356271870067573,1.4969980669855645,False,False,1.2941340795876075,1.198433495967917,False,False,1.2323414114499534,1.2156249474516134,False,False,未进入候选范围审阅,False,False,False,Electric field / Space charge / Breakdown voltage,未进入候选范围审阅
N0281,Open-circuit voltage / Short circuit / Voltage,待主题范围审阅,NMF关键词主题,待主题范围审阅,True,False,2,11974,0.0002045157068062,3,11985,0.0002860645688598,7,9992,0.0007322788517867,10,7998,0.0012730358874878,7,7996,0.0009095318942517,2,3,0.7149284779356768,3,20,6.666666666666667,0.0007637931027114,0.2677632281310814,0.1606519571179257,-0.6377583040259576,2,0,3,12,0.0004076197091509,0,0,0.0,1,21,16.333333333333332,0.1153846153846153,0.6050640640201979,0.000678246484698,0.3015359628399949,0.0811146924486169,0.97835387041088,0.999999583780761,20.360000000000003,14.73,False,False,近期份额下降,2026Q2,False,False,annual_volume | active_years | persistence | current_volume | current_share,volume | baseline | multiyear | recent_growth | quarters | trend | peak | lower95 | qvalue,435,444,False,False,0.3480152299469418,0.6890943482949423,False,False,0.2682530035609504,0.7156921345944236,False,False,0.309040886949154,0.9862617498192334,False,False,未进入候选范围审阅,False,False,False,Open-circuit voltage / Short circuit / Voltage,未进入候选范围审阅
N0282,Nanoporous / Nanopore / Tafel equation,待主题范围审阅,NMF关键词主题,待主题范围审阅,True,False,14,11974,0.0011861910994764,7,11985,0.0006129955046996,10,9992,0.0010251903925014,12,7998,0.001515518913676,13,7996,0.0016371574096531,14,7,1.935073080279232,3,29,9.666666666666666,0.001051234936959,1.1283786885049567,0.7245430967616832,0.0729345364396225,3,2,3,31,0.0009414589988925,2,0,0.1666666666666666,32,82,31.33333333333333,1.020618556701031,0.5835052587348288,0.0009760132340777,1.215343253616115,0.648176462612883,0.279909028920943,0.8043362900027099,34.230000000000004,69.37,False,False,历史峰值以下的恢复或波动,2026Q2,False,False,annual_volume | active_years | persistence | current_volume,volume | multiyear | peak | lower95 | qvalue,352,147,False,False,1.0163955745241968,2.251041537763478,False,False,1.1303665068651667,1.93714004430224,False,False,0.842989842934376,1.3807664497469267,False,False,未进入候选范围审阅,False,False,False,Nanoporous / Nanopore / Tafel equation,未进入候选范围审阅
N0283,Solvent / Organic chemistry / Solvation,待主题范围审阅,NMF关键词主题,待主题范围审阅,True,False,13,11974,0.0011043848167539,24,11985,0.0020024519820187,21,9992,0.002099199375122,18,7998,0.0022429679922405,14,7996,0.0017584283288867,13,24,0.5515162544075223,3,63,21.0,0.0021148731164604,0.5221990899398589,0.4923765388425075,-0.3211337845365194,1,1,3,58,0.0017353453912982,8,0,0.6666666666666666,39,139,48.0,0.8163265306122449,0.5646205135844646,0.0021009098428453,0.5256697808879911,0.2921462788666484,0.9864502011304244,0.999999583780761,59.23,19.76,False,False,近期份额下降,2026Q2,False,False,annual_volume | active_years | persistence | current_volume | current_share,volume | multiyear | recent_growth | quarters | trend | peak | lower95 | qvalue,196,417,False,False,0.5233213774402387,0.5788392525677515,False,False,0.5230580418946632,0.552105360972841,False,False,0.5351023956485824,0.601379115743435,False,False,未进入候选范围审阅,False,False,False,Solvent / Organic chemistry / Solvation,未进入候选范围审阅
N0284,Crystallization / Phase-change memory / Isothermal process,待主题范围审阅,NMF关键词主题,待主题范围审阅,True,False,22,11974,0.0018406413612565,15,11985,0.0012668573763792,15,9992,0.0015133762936926,19,7998,0.0023642095053346,21,7996,0.0026073247635217,22,15,1.4529191648370203,3,49,16.333333333333332,0.0017148143918021,1.0733764365729048,0.7059501704614636,0.0978854829506836,2,3,3,52,0.0015402916771094,6,0,0.5,62,126,42.66666666666666,1.4427480916030535,0.5857430486234835,0.001637717121588,1.1239067705854355,0.6828143242440421,0.3242129739599959,0.8668796095187057,55.92,65.33,False,False,历史峰值以下的恢复或波动,2026Q2,False,False,annual_volume | active_years | persistence | current_volume,volume | multiyear | quarters | peak | lower95 | qvalue,214,172,False,False,0.9834648057232294,1.1190892216309862,False,False,1.075221803766005,1.45447111224028,False,False,1.1349343952569315,1.4623881118009328,False,False,未进入候选范围审阅,False,False,False,Crystallization / Phase-change memory / Isothermal process,未进入候选范围审阅
N0285,Impurity / Metallurgy / Refining (metallurgy),待主题范围审阅,NMF关键词主题,待主题范围审阅,True,False,20,11974,0.0016770287958115,16,11985,0.0013485901103391,8,9992,0.0008299160320249,10,7998,0.0012730358874878,16,7996,0.0020009701673538,20,16,1.24354226162145,3,34,11.333333333333334,0.0011505140099506,1.4576343975884294,0.838107845470411,0.3517272016321429,2,2,3,44,0.0012851783127252,3,0,0.25,38,102,31.666666666666668,1.193877551020408,0.3656858665892645,0.0011414392059553,1.4692230537218305,0.8505749451674548,0.0833664269320748,0.4133442518785972,32.43000000000001,75.25999999999999,False,False,历史峰值以下的恢复或波动,2026Q2,False,False,annual_volume | active_years | persistence | current_volume,volume | quarters | peak | lower95 | qvalue,359,107,False,False,1.3220688658759032,1.0419106546219523,False,False,1.4599575304642198,1.2448705613854518,False,False,1.4500951176437,1.32635200837759,False,False,未进入候选范围审阅,False,False,False,Impurity / Metallurgy / Refining (metallurgy),未进入候选范围审阅
N0286,Tungsten / Metallurgy / Tungsten carbide,待主题范围审阅,NMF关键词主题,待主题范围审阅,True,False,17,11974,0.0014316099476439,20,11985,0.0016755210461789,10,9992,0.0010251903925014,9,7998,0.0011517943743937,15,7996,0.0018796992481203,17,20,0.8544267175328821,3,39,13.0,0.001284168604358,1.1148146300925932,0.7616164921465969,0.1669606521910922,2,2,3,47,0.0013774404621081,6,0,0.5,43,105,30.666666666666668,1.3894736842105262,0.4519972708440815,0.0013068651778329,1.0954534346212472,0.6239656702696231,0.3818583653932869,0.9514093523889204,41.88,60.1,False,False,近期份额下降,2026Q2,False,False,annual_volume | active_years | persistence | current_volume,volume | multiyear | recent_growth | quarters | peak | lower95 | qvalue,305,208,False,False,1.3322164542403645,0.8728528411735935,False,False,1.1165380115684198,0.8553393803689451,False,False,1.0958889883547356,0.8667148710532658,False,False,未进入候选范围审阅,False,False,False,Tungsten / Metallurgy / Tungsten carbide,未进入候选范围审阅
N0287,Leaching (pedology) / Sulfuric acid / Chemistry,待主题范围审阅,NMF关键词主题,待主题范围审阅,True,False,42,11974,0.0034767670157068,37,11985,0.0030649775234981,37,9992,0.0036613942589338,43,7998,0.0052740058195926,21,7996,0.0026073247635217,42,37,1.134353184991274,3,117,39.0,0.0040001258673415,0.8691644040734782,0.6592269964494194,-0.0258705882148997,2,3,3,116,0.0034010462660462,11,3,0.9166666666666666,64,167,70.66666666666667,0.9069767441860463,0.5022427800265697,0.0038875103391232,0.8943428344658573,0.6297068453318255,0.7242718693856336,0.999999583780761,81.37,49.48,False,False,历史峰值以下的恢复或波动,2026Q2,False,False,annual_volume | current_volume,multiyear | recent_growth | quarters | trend | peak | lower95 | qvalue,59,256,False,False,0.9023923650723112,1.198606533094839,False,False,0.8706489663020911,1.1355648535564853,False,False,0.822824990129763,1.129198235300282,False,False,未进入候选范围审阅,False,False,False,Leaching (pedology) / Sulfuric acid / Chemistry,未进入候选范围审阅
N0288,Investment (military) / Finance / Profitability index,待主题范围审阅,NMF关键词主题,待主题范围审阅,True,False,37,11974,0.0030677356020942,26,11985,0.0021659174499387,20,9992,0.0020015621948838,16,7998,0.0020004849660523,17,7996,0.0021222410865874,37,26,1.41636773930653,3,62,20.666666666666668,0.0020559882036249,1.4920978615954323,1.41636773930653,0.213505863724098,3,4,3,83,0.0024117384156389,10,1,0.8333333333333334,45,128,40.333333333333336,1.1129032258064515,0.4069011017813674,0.0020678246484698,1.483556937172775,0.9896407120818882,0.025733569337064,0.200669884573227,65.93,77.12999999999998,False,False,多年背景上持续抬升,2026Q2,False,False,annual_volume | active_years | current_volume,lower95 | qvalue,156,97,False,False,1.7185291666110951,1.962730798936629,False,False,1.4945038132617765,1.4178806440078202,False,False,1.322421533748018,1.32201043060876,False,False,未进入候选范围审阅,False,False,False,Investment (military) / Finance / Profitability index,未进入候选范围审阅
N0289,Desorption / Thermal desorption / Thermal desorption spectroscopy,待主题范围审阅,NMF关键词主题,待主题范围审阅,True,False,8,11974,0.0006953534031413,6,11985,0.0005312627707396,7,9992,0.0007322788517867,13,7998,0.0016367604267701,14,7996,0.0017584283288867,8,6,1.308869059605316,3,26,8.666666666666666,0.0009667673497655,0.7192561926196727,0.3954402870554251,-0.0258705882148997,2,0,3,21,0.0006529650085559,0,0,0.0,14,47,22.666666666666668,0.6338028169014084,0.4874311046630717,0.0008767576509511,0.7930964758470809,0.3662585682458055,0.7414178723675444,0.999999583780761,17.900000000000002,45.41,False,False,历史峰值以下的恢复或波动,2026Q2,False,False,annual_volume | active_years | persistence | current_volume,volume | multiyear | quarters | trend | peak | lower95 | qvalue,453,283,False,False,0.8043199772069611,2.1224105927484223,False,False,0.7205427441560213,1.3102671387190217,False,False,0.7429005444243193,1.5242227042660883,False,False,未进入候选范围审阅,False,False,False,Desorption / Thermal desorption / Thermal desorption spectroscopy,未进入候选范围审阅
N0290,Computer network / Real-time computing / Wireless sensor network,待主题范围审阅,NMF关键词主题,待主题范围审阅,True,False,16,11974,0.0013498036649214,27,11985,0.0022476501838986,18,9992,0.0018062878344073,12,7998,0.001515518913676,17,7996,0.0021222410865874,16,27,0.6005399214659686,3,57,19.0,0.001856485643994,0.7270746581252957,0.6005399214659686,-0.145657335280775,1,1,3,61,0.0018012472277424,6,0,0.5,31,108,32.333333333333336,0.96,0.3296038109226926,0.0019023986765922,0.7095272308217618,0.4104318560520898,0.8952052301491461,0.999999583780761,43.080000000000005,30.42,False,False,近期份额下降,2026Q2,False,False,annual_volume | active_years | persistence | current_volume | current_share,volume | multiyear | recent_growth | quarters | trend | peak | lower95 | qvalue,296,364,False,False,0.7631659154948368,0.6057620085011353,False,False,0.7282107828503666,0.6011813930593158,False,False,0.7574406510341362,0.560815504799172,False,False,未进入候选范围审阅,False,False,False,Computer network / Real-time computing / Wireless sensor network,未进入候选范围审阅
N0291,Surface modification / Combinatorial chemistry / Biocompatibility,待主题范围审阅,NMF关键词主题,待主题范围审阅,True,False,16,11974,0.0013498036649214,13,11985,0.0011033919084593,16,9992,0.0016110134739308,18,7998,0.0022429679922405,24,7996,0.0029711375212224,16,13,1.2233220622454914,3,47,15.666666666666666,0.0016524577915435,0.8168460772971361,0.4543053477935677,-0.088452159691903,3,1,3,45,0.0013547363491038,3,0,0.25,58,123,42.66666666666666,1.351145038167939,0.5011233478587707,0.001571546732837,0.8589013846789748,0.4905684426926393,0.7100602743914199,0.999999583780761,41.85,52.57000000000001,False,False,历史峰值以下的恢复或波动,2026Q2,False,False,annual_volume | active_years | persistence | current_volume,volume | multiyear | trend | peak | lower95 | qvalue,306,238,False,False,0.5919178570520831,1.1131524087841376,False,False,0.8182631561684107,1.224628763639347,False,False,0.6842577308811628,1.0720236411078627,False,False,未进入候选范围审阅,False,False,False,Surface modification / Combinatorial chemistry / Biocompatibility,未进入候选范围审阅
N0292,Mechanism (biology) / Mechanical engineering / Reaction mechanism,待主题范围审阅,NMF关键词主题,待主题范围审阅,True,False,52,11974,0.0042948298429319,105,11985,0.0086228034327748,51,9992,0.005028314782269,14,7998,0.0017580019398642,11,7996,0.001394615571186,52,105,0.4980781339172725,3,170,56.66666666666666,0.0051363733849693,0.836159975343682,0.4980781339172725,-0.0788364787279594,0,3,3,208,0.0059819826859919,10,3,0.8333333333333334,110,348,108.66666666666669,1.012158054711246,0.5245779207281881,0.0056410256410256,0.7613561994288434,0.5587708914167877,0.9548570618754296,0.999999583780761,89.52000000000001,31.15,False,False,近期份额下降,2026Q2,False,False,current_share,multiyear | recent_growth | quarters | trend | peak | lower95 | qvalue,26,360,False,False,1.1322578136568862,0.6890943482949422,False,False,0.8373419737390781,0.4986101601202856,False,False,0.9650817254023324,0.5675137443093914,False,False,未进入候选范围审阅,False,False,False,Mechanism (biology) / Mechanical engineering / Reaction mechanism,未进入候选范围审阅
N0293,Transmission (telecommunications) / Transmission system / Power transmission,待主题范围审阅,NMF关键词主题,待主题范围审阅,True,False,41,11974,0.0033949607329842,25,11985,0.0020841847159787,21,9992,0.002099199375122,11,7998,0.0013942774005819,19,7996,0.0023647829250545,41,25,1.628915473257366,3,57,19.0,0.0018592204972275,1.8260129651360657,1.4356331386763326,0.2403680863596147,3,4,3,87,0.0025261149413616,9,1,0.75,73,142,32.0,2.242424242424242,0.3164570367332621,0.0019023986765922,1.7845684896426133,1.1971617070520808,0.001766500919416,0.027516702596948,61.92,87.04999999999998,False,False,多年背景上持续抬升,2026Q2,False,True,annual_volume | active_years | current_volume,,181,50,False,False,1.5245250090520044,1.516007566248873,False,True,1.8288968201107807,1.6306554125465105,False,True,1.8695975252218648,1.8041373472303053,False,True,范围过宽或样本混杂，暂缓认定,False,False,False,Transmission (telecommunications) / Transmission system / Power transmission,汽车传动、量子输运、火车传动、HVDC与机械摩擦混合，Transmission存在明显多义。
N0294,Tafel equation / Exchange current density / Linear sweep voltammetry,待主题范围审阅,NMF关键词主题,待主题范围审阅,True,False,28,11974,0.0023314790575916,6,11985,0.0005312627707396,31,9992,0.0030755711775043,38,7998,0.0046677982541222,34,7996,0.004183846713558,28,6,4.388560964559001,3,75,25.0,0.002758210734122,0.8452867754985749,0.4994815394030054,-0.1384938889703941,4,3,3,65,0.0019794376686118,6,1,0.5,58,147,63.0,0.921875,0.5411739556833753,0.0024979321753515,0.9333636359696266,0.6066151290299917,0.6201715108719785,0.999999583780761,63.19999999999999,60.11,False,False,历史峰值以下的恢复或波动,2026Q2,False,False,annual_volume | active_years | persistence | current_volume,multiyear | trend | peak | lower95 | qvalue,177,207,False,False,0.7638985091845535,2.1925729263929985,False,False,0.8468718044318922,4.393248641587308,False,False,0.7808283444790345,7.185621320111559,False,False,未进入候选范围审阅,False,False,False,Tafel equation / Exchange current density / Linear sweep voltammetry,未进入候选范围审阅
N0295,Polypyrrole / Polymerization / Conductive polymer,待主题范围审阅,NMF关键词主题,待主题范围审阅,True,False,8,11974,0.0006953534031413,15,11985,0.0012668573763792,12,9992,0.0012204647529779,12,7998,0.001515518913676,14,7996,0.0017584283288867,8,15,0.5488805733828744,3,39,13.0,0.0013342803476777,0.5211449035816167,0.3954402870554251,-0.2812834000978954,1,0,3,35,0.0010608918441661,0,0,0.0,24,90,31.666666666666668,0.7653061224489794,0.6580096944367672,0.0013068651778329,0.5320773825303201,0.2535859489210849,0.9599543290869292,0.999999583780761,35.03,19.76,False,False,近期份额下降,2026Q2,False,False,annual_volume | active_years | persistence | current_volume | current_share,volume | multiyear | recent_growth | quarters | trend | peak | lower95 | qvalue,347,417,False,False,0.5640470940444704,0.558529103354848,False,False,0.5220047429547131,0.5494668646241058,False,False,0.4714726559228425,0.4772234273318871,False,False,未进入候选范围审阅,False,False,False,Polypyrrole / Polymerization / Conductive polymer,未进入候选范围审阅
N0296,Polarization (electrochemistry) / Concentration polarization / Ferroelectricity,待主题范围审阅,NMF关键词主题,待主题范围审阅,True,False,28,11974,0.0023314790575916,17,11985,0.0014303228442991,11,9992,0.0011228275727396,16,7998,0.0020004849660523,14,7996,0.0017584283288867,28,17,1.6300369296933432,3,44,14.666666666666666,0.0015178784610304,1.5360116883198327,1.165456925273679,0.3653263662607973,4,4,3,56,0.0016282098248768,6,0,0.5,51,109,34.666666666666664,1.457943925233645,0.3916406116698329,0.0014722911497105,1.583572011588917,0.98950341535069,0.0258712846858199,0.200669884573227,46.37,86.86,False,False,多年背景上持续抬升,2026Q2,False,False,annual_volume | active_years | persistence | current_volume,lower95 | qvalue,276,51,False,False,1.6261540193549533,1.79164530556685,False,False,1.5385696806985916,1.631778066875286,False,False,1.5508240473225168,1.8024783703592888,False,False,未进入候选范围审阅,False,False,False,Polarization (electrochemistry) / Concentration polarization / Ferroelectricity,未进入候选范围审阅
N0297,Tin / Tin oxide / Metallurgy,待主题范围审阅,NMF关键词主题,待主题范围审阅,True,False,7,11974,0.0006135471204188,22,11985,0.0018389865140988,28,9992,0.0027826596367896,13,7998,0.0016367604267701,16,7996,0.0020009701673538,7,22,0.3336332897033159,3,63,21.0,0.0020861355258862,0.294107028429133,0.2204894599063102,-0.7559526930580733,0,0,3,57,0.0017450644237691,6,0,0.5,35,137,43.66666666666666,0.8059701492537313,0.5022503357774164,0.0021009098428453,0.292038767159995,0.1370176650349572,0.9997072938282636,0.999999583780761,50.99,7.109999999999999,False,False,近期份额下降,2026Q2,False,False,annual_volume | active_years | persistence | current_volume | current_share,volume | multiyear | recent_growth | quarters | trend | peak | lower95 | qvalue,250,475,False,False,0.4868768722482068,0.5788392525677515,False,False,0.2992573222417113,0.333989662810731,False,False,0.3320041784125216,0.360827469446061,False,False,未进入候选范围审阅,False,False,False,Tin / Tin oxide / Metallurgy,未进入候选范围审阅
N0298,Spectroscopy / Absorption spectroscopy / Diffuse reflectance infrared fourier transform,待主题范围审阅,NMF关键词主题,待主题范围审阅,True,False,6,11974,0.0005317408376963,8,11985,0.0006947282386595,3,9992,0.0003417301308338,4,7998,0.0005455868089233,10,7996,0.0012733446519524,6,8,0.765394017554666,3,15,5.0,0.0005273483928055,1.008329303645685,0.4175938045375218,0.2210674445112084,3,0,3,17,0.0005227330690632,0,0,0.0,17,56,15.333333333333334,1.1020408163265305,0.3373569327142923,0.0005128205128205,1.0368946335078535,0.4149227221337382,0.498896885440208,0.999999583780761,8.81,56.79,False,False,近期份额下降,2026Q2,False,False,annual_volume | active_years | persistence | current_volume | current_share,volume | baseline | multiyear | recent_growth | peak | lower95 | qvalue,484,222,False,False,0.801363745328312,0.5107405169715454,False,False,1.0098954309682604,0.7662115793893239,False,False,1.1790205103613254,0.7542001616264727,False,False,未进入候选范围审阅,False,False,False,Spectroscopy / Absorption spectroscopy / Diffuse reflectance infrared fourier transform,未进入候选范围审阅
N0299,Ferroelectricity / Phase transition / Non-volatile memory,待主题范围审阅,NMF关键词主题,待主题范围审阅,True,False,16,11974,0.0013498036649214,21,11985,0.0017572537801389,21,9992,0.002099199375122,19,7998,0.0023642095053346,24,7996,0.0029711375212224,16,21,0.7681324576890295,3,61,20.33333333333333,0.0020735542201985,0.6509613550361969,0.4543053477935677,-0.2207984368054441,2,2,3,58,0.0017354189400608,5,0,0.4166666666666667,50,158,56.333333333333336,0.8895348837209301,0.6002603366327651,0.0020347394540942,0.6633791182479887,0.3852688426496445,0.9344912381863018,0.999999583780761,59.97000000000001,31.370000000000005,False,False,近期份额下降,2026Q2,False,False,annual_volume | active_years | persistence | current_volume | current_share,volume | multiyear | recent_growth | quarters | trend | peak | lower95 | qvalue,190,358,False,False,0.724994699378054,0.8477948648719592,False,False,0.6520516732347762,0.7689529446107527,False,False,0.6201293916632514,0.8667148710532658,False,False,未进入候选范围审阅,False,False,False,Ferroelectricity / Phase transition / Non-volatile memory,未进入候选范围审阅
N0300,Fuzzy logic / Fuzzy control system / Adaptive neuro fuzzy inference system,待主题范围审阅,NMF关键词主题,待主题范围审阅,True,False,45,11974,0.0037221858638743,28,11985,0.0023293829178586,31,9992,0.0030755711775043,23,7998,0.0028491755577109,28,7996,0.0034562211981566,45,28,1.597927861210618,3,82,27.33333333333333,0.0027513765510246,1.3528449468278525,1.0769524432809772,0.0954102303707555,4,4,3,104,0.0030423799864124,10,2,0.8333333333333334,80,198,55.0,1.4464285714285714,0.3932562294808673,0.0027295285359801,1.3636735483103284,0.9495653069109709,0.0425712107809015,0.2997972590204333,74.42,78.06,False,False,多年背景上持续抬升,2026Q2,False,False,annual_volume | active_years | current_volume,lower95 | qvalue,100,91,False,False,1.3657163105944043,1.5031872062805949,False,False,1.3551004919949563,1.599634700830343,False,False,1.4067753862841954,1.7913733823247302,False,False,未进入候选范围审阅,False,False,False,Fuzzy logic / Fuzzy control system / Adaptive neuro fuzzy inference system,未进入候选范围审阅
N0301,Acoustics / Vibration / Partial discharge,待主题范围审阅,NMF关键词主题,待主题范围审阅,True,False,14,11974,0.0011861910994764,26,11985,0.0021659174499387,25,9992,0.0024897480960749,18,7998,0.0022429679922405,21,7996,0.0026073247635217,14,26,0.5476621925318582,3,69,23.0,0.0022995445127514,0.515837416018166,0.4549456654084987,-0.3707170610608288,0,1,3,65,0.0019472855484967,7,0,0.5833333333333334,26,101,34.333333333333336,0.7641509433962264,0.3599498728132033,0.0022994210090984,0.5158651220384949,0.2929411978544237,0.9908089036628204,0.999999583780761,46.56,15.77,False,False,近期份额下降,2026Q2,False,False,annual_volume | active_years | persistence | current_volume | current_share,volume | multiyear | recent_growth | quarters | trend | peak | lower95 | qvalue,272,438,False,False,0.3458474782934547,0.3347029691718291,False,False,0.481049889840746,0.5104370318428153,False,False,0.5695176096942243,0.6085444839310165,False,False,未进入候选范围审阅,False,False,False,Acoustics / Vibration / Partial discharge,未进入候选范围审阅
N0302,Molecule / HOMO/LUMO / Hydrogen bond,待主题范围审阅,NMF关键词主题,待主题范围审阅,True,False,15,11974,0.0012679973821989,7,11985,0.0006129955046996,3,9992,0.0003417301308338,9,7998,0.0011517943743937,4,7996,0.000545719136551,15,7,2.0685263961605584,3,19,6.333333333333333,0.0007021733366424,1.805818187660244,1.100888674565996,0.6555863680230134,3,1,3,25,0.0007409076725774,2,0,0.1666666666666666,44,57,14.333333333333334,2.934782608695652,0.5535893882516117,0.0006451612903225,1.965395942408377,1.0087608953967664,0.0221355868515931,0.1875897190812978,28.23,92.29999999999998,False,False,多年背景上持续抬升,2026Q2,False,False,annual_volume | active_years | persistence | current_volume,volume | baseline | lower95 | qvalue,380,21,False,False,1.5846835401066233,1.4099930511265744,False,False,1.8088996479724884,2.070735909426532,False,False,1.8627780510945036,2.0483897880861006,False,False,未进入候选范围审阅,False,False,False,Molecule / HOMO/LUMO / Hydrogen bond,未进入候选范围审阅
N0303,Irradiance / Remote sensing / Solar irradiance,待主题范围审阅,NMF关键词主题,待主题范围审阅,True,False,40,11974,0.0033131544502617,20,11985,0.0016755210461789,23,9992,0.0022944737355985,20,7998,0.0024854510184287,18,7996,0.002243512005821,40,20,1.9773875462903845,3,63,21.0,0.0021518152667354,1.5397020838541964,1.3330194100370325,0.1836986167892869,3,4,3,83,0.0024277164106797,8,1,0.6666666666666666,65,155,41.333333333333336,1.559055118110236,0.401763840464064,0.0021009098428453,1.5770093426639733,1.0633061929645702,0.0102960296756506,0.1095322305920284,65.5,84.08,False,False,多年背景上持续抬升,2026Q2,False,False,annual_volume | active_years | persistence | current_volume,qvalue,158,63,False,False,1.3342178788908794,1.968053458730355,False,False,1.542308366763549,1.9794997088538449,False,False,1.4711827614301958,2.0007024067761594,False,False,未进入候选范围审阅,False,False,False,Irradiance / Remote sensing / Solar irradiance,未进入候选范围审阅
N0304,Inductance / Leakage inductance / Nanotechnology,待主题范围审阅,NMF关键词主题,待主题范围审阅,True,False,18,11974,0.0015134162303664,6,11985,0.0005312627707396,7,9992,0.0007322788517867,8,7998,0.0010305528612997,14,7996,0.0017584283288867,18,6,2.8487150120821587,3,21,7.0,0.0007646981612753,1.97910274537914,0.8606641541794549,0.3629816960791041,3,2,3,31,0.0009256526176309,2,0,0.1666666666666666,35,59,15.666666666666666,2.16,0.3262095306846386,0.0007113316790736,2.1275816540849872,1.1427400661778857,0.0074218432719127,0.0905102838038139,19.03,93.04999999999998,False,False,历史峰值以下的恢复或波动,2026Q2,False,False,annual_volume | active_years | persistence | current_volume,volume | baseline | peak | qvalue,445,16,False,False,1.52579074630106,2.8941962628387574,False,False,1.8753583997080472,2.69760881500975,False,False,1.3341198183898797,1.8966572111908335,False,False,未进入候选范围审阅,False,False,False,Inductance / Leakage inductance / Nanotechnology,未进入候选范围审阅
N0305,Hydroxide / Layered double hydroxides / Inorganic chemistry,待主题范围审阅,NMF关键词主题,待主题范围审阅,True,False,22,11974,0.0018406413612565,38,11985,0.0031467102574581,23,9992,0.0022944737355985,26,7998,0.0032129000969932,35,7996,0.0043051176327916,22,38,0.5849414819473719,3,87,29.0,0.0028846946966832,0.6380714615563474,0.4275472863358159,-0.1101947156617724,1,2,3,83,0.0024272751181043,9,1,0.75,78,194,66.0,1.1791044776119404,0.6410369009474243,0.0028949545078577,0.6358101159311892,0.4000563755779815,0.9735218507920856,0.999999583780761,78.53000000000002,29.37,False,False,近期份额下降,2026Q2,False,False,annual_volume | active_years | current_volume | current_share,volume | multiyear | recent_growth | quarters | trend | peak | lower95 | qvalue,68,373,False,False,0.5350145213273917,0.4930852892243809,False,False,0.6391013165866705,0.5855662919408919,False,False,0.6504682378718146,0.5391564232345143,False,False,未进入候选范围审阅,False,False,False,Hydroxide / Layered double hydroxides / Inorganic chemistry,未进入候选范围审阅
N0306,Core (optical fiber) / Shell (structure) / Magnetic core,待主题范围审阅,NMF关键词主题,待主题范围审阅,True,False,18,11974,0.0015134162303664,23,11985,0.0019207192480588,11,9992,0.0011228275727396,3,7998,0.0004243452958292,12,7996,0.0015158864904195,18,23,0.7879424501503843,3,37,12.333333333333334,0.0011559640388759,1.3092243179451593,0.7879424501503843,0.1492596886656341,1,2,3,52,0.0015189876837216,6,0,0.5,29,89,22.666666666666668,1.2676056338028168,0.3157090557593405,0.0012406947890818,1.2198134816753927,0.6989575109355399,0.2459272584768933,0.7683849321163552,36.14,59.6,False,False,近期份额下降,2026Q2,False,False,annual_volume | active_years | persistence | current_volume | current_share,volume | recent_growth | quarters | peak | lower95 | qvalue,338,210,False,False,1.2142294764160568,0.8875535206038856,False,False,1.3110829379826403,0.7887840972764073,False,False,1.0758217638295369,0.601379115743435,False,False,未进入候选范围审阅,False,False,False,Core (optical fiber) / Shell (structure) / Magnetic core,未进入候选范围审阅
N0307,Activated carbon / Specific surface area / Capacitive deionization,待主题范围审阅,NMF关键词主题,待主题范围审阅,True,False,25,11974,0.002086060209424,23,11985,0.0019207192480588,13,9992,0.0013181019332161,9,7998,0.0011517943743937,14,7996,0.0017584283288867,25,23,1.086082836693773,3,45,15.0,0.0014635385185562,1.4253538140437263,1.086082836693773,0.229542223668095,2,4,3,61,0.0017749604635663,8,0,0.6666666666666666,63,145,37.66666666666666,1.6551724137931036,0.555175249366166,0.001505376344086,1.3857399962602843,0.853322260340989,0.0918561668559621,0.435645918704822,62.89,73.23,False,False,平稳或增长证据不足,2026Q2,False,False,annual_volume | active_years | persistence | current_volume,recent_growth | quarters | lower95 | qvalue,178,117,False,False,1.9768666887272408,1.7592173362353232,False,False,1.427542829435257,1.0872429448945071,False,False,1.3257593702320376,1.0321343893457096,False,False,未进入候选范围审阅,False,False,False,Activated carbon / Specific surface area / Capacitive deionization,未进入候选范围审阅
N0308,Inductor / Duty cycle / Inductance,待主题范围审阅,NMF关键词主题,待主题范围审阅,True,False,9,11974,0.0007771596858638,12,11985,0.0010216591744993,13,9992,0.0013181019332161,24,7998,0.002970417070805,14,7996,0.0017584283288867,9,12,0.7606839005235602,3,49,16.333333333333332,0.0017700593928401,0.4390585361188702,0.2616331873063361,-0.2641511031108474,3,1,3,34,0.0010389735978598,3,0,0.25,16,52,28.33333333333333,0.5795454545454546,0.3394265323287022,0.001637717121588,0.4745384142471838,0.2370070093489388,0.9860347609963496,0.999999583780761,19.16,25.78,False,False,近期份额下降,2026Q2,False,False,annual_volume | active_years | persistence | current_volume | current_share,volume | multiyear | recent_growth | trend | peak | lower95 | qvalue,444,385,False,False,0.409504403666863,0.6560178195767851,False,False,0.439840456937387,0.7614964312084667,False,False,0.4921258625910777,0.8147379672419756,False,False,未进入候选范围审阅,False,False,False,Inductor / Duty cycle / Inductance,未进入候选范围审阅
N0309,Intercalation (chemistry) / Montmorillonite / Exfoliation joint,待主题范围审阅,NMF关键词主题,待主题范围审阅,True,False,17,11974,0.0014316099476439,19,11985,0.001593788312219,13,9992,0.0013181019332161,20,7998,0.0024854510184287,22,7996,0.0027285956827552,17,19,0.8982434722781582,3,52,17.333333333333332,0.0017991137546213,0.7957306445835697,0.5246691390343222,0.0413034380506389,2,2,3,49,0.001447833397693,4,0,0.3333333333333333,51,133,43.66666666666666,1.164179104477612,0.47129767007147,0.0017369727047146,0.8241982984293194,0.4798145887618409,0.7639620436320227,0.999999583780761,43.84,47.1,False,False,近期份额下降,2026Q2,False,False,annual_volume | active_years | persistence | current_volume,volume | multiyear | recent_growth | quarters | peak | lower95 | qvalue,291,274,False,False,0.7186699976632369,0.6985990979265967,False,False,0.7970704958181851,0.8992029383365833,False,False,0.8422466730094029,0.9329503038830588,False,False,未进入候选范围审阅,False,False,False,Intercalation (chemistry) / Montmorillonite / Exfoliation joint,未进入候选范围审阅
N0310,Architectural engineering / Civil engineering / Zero-energy building,待主题范围审阅,NMF关键词主题,待主题范围审阅,True,False,10,11974,0.0008589659685863,46,11985,0.0038005721291377,20,9992,0.0020015621948838,7,7998,0.0009093113482056,18,7996,0.002243512005821,10,46,0.2260096478635365,3,73,24.33333333333333,0.002237148557409,0.3839557126153467,0.2260096478635365,-0.4229769741823457,0,1,3,76,0.0022203667642026,7,1,0.5833333333333334,30,154,46.333333333333336,0.6549295774647887,0.5495690988000925,0.0024317617866004,0.353227842183994,0.1850231574243172,0.999567271045352,0.999999583780761,63.94,7.909999999999999,False,False,近期份额下降,2026Q2,False,False,annual_volume | active_years | persistence | current_volume | current_share,volume | multiyear | recent_growth | quarters | trend | peak | lower95 | qvalue,170,473,False,False,0.2397357769843471,0.1335782890540965,False,False,0.3844984626958543,0.2262510619040435,False,False,0.3787420149778592,0.215390497086959,False,False,未进入候选范围审阅,False,False,False,Architectural engineering / Civil engineering / Zero-energy building,未进入候选范围审阅
N0311,European union / International trade / International economics,待主题范围审阅,NMF关键词主题,待主题范围审阅,True,False,17,11974,0.0014316099476439,22,11985,0.0018389865140988,22,9992,0.0021968365553602,23,7998,0.0028491755577109,24,7996,0.0029711375212224,17,22,0.7784776759744038,3,67,22.33333333333333,0.00229499954239,0.623795308539835,0.4818390052356021,-0.2141093738323563,1,2,3,61,0.0018224776723677,9,0,0.75,27,84,30.0,0.9032258064516128,0.3585288721802343,0.0022332506203473,0.6410431210005817,0.3789211564186239,0.9542277508560733,0.999999583780761,46.45,28.38,False,False,近期份额下降,2026Q2,False,False,annual_volume | active_years | current_volume | current_share,volume | multiyear | recent_growth | quarters | trend | peak | lower95 | qvalue,275,377,False,False,0.6753122742946019,1.026972867458914,False,False,0.6248518561372647,0.7793092132250389,False,False,0.6664989548738821,0.9299039355438486,False,False,未进入候选范围审阅,False,False,False,European union / International trade / International economics,未进入候选范围审阅
N0312,Shell (structure) / Microsphere / Nanotechnology,待主题范围审阅,NMF关键词主题,待主题范围审阅,True,False,17,11974,0.0014316099476439,32,11985,0.0026563138536984,28,9992,0.0027826596367896,11,7998,0.0013942774005819,7,7996,0.0009095318942517,17,32,0.5389460833668949,3,71,23.666666666666668,0.0022777502970233,0.6285192672413915,0.5144754064480573,-0.3323037628644716,1,1,3,77,0.0022901944793773,7,1,0.5833333333333334,42,162,50.333333333333336,0.8376623376623377,0.5285666057108517,0.0023655913978494,0.605180568776773,0.3588106972240386,0.972468206866816,0.999999583780761,66.08000000000001,21.9,False,False,近期份额下降,2026Q2,False,False,annual_volume | active_years | persistence | current_volume | current_share,volume | multiyear | recent_growth | quarters | trend | peak | lower95 | qvalue,155,408,False,False,0.666582000048353,0.7331963865858185,False,False,0.6294985010240988,0.53952176300195,False,False,0.6898084421052177,0.551637927864995,False,False,未进入候选范围审阅,False,False,False,Shell (structure) / Microsphere / Nanotechnology,未进入候选范围审阅
N0313,Quality (philosophy) / Power quality / Voltage sag,待主题范围审阅,NMF关键词主题,待主题范围审阅,True,False,33,11974,0.0027405104712041,17,11985,0.0014303228442991,24,9992,0.0023921109158367,9,7998,0.0011517943743937,9,7996,0.0011520737327188,33,17,1.916008320867614,3,50,16.666666666666668,0.0016580760448432,1.652825562330167,1.145645234533604,0.0679840009482668,4,4,3,74,0.0021876480771133,8,1,0.6666666666666666,42,118,28.0,1.4827586206896552,0.2718095729336702,0.0016708023159636,1.6402362176662693,1.059816296969886,0.0117696540722077,0.120098510940895,53.11,83.85,False,False,多年背景上持续抬升,2026Q2,False,False,annual_volume | active_years | persistence | current_volume,qvalue,235,65,False,False,1.8719151113536825,2.3908577823450607,False,False,1.6555324260192978,1.918054920713055,False,False,1.4774876914506585,1.4934820782976963,False,False,未进入候选范围审阅,False,False,False,Quality (philosophy) / Power quality / Voltage sag,未进入候选范围审阅
N0314,Sputtering / Sputter deposition / Cavity magnetron,待主题范围审阅,NMF关键词主题,待主题范围审阅,True,False,10,11974,0.0008589659685863,6,11985,0.0005312627707396,17,9992,0.0017086506541691,13,7998,0.0016367604267701,15,7996,0.0018796992481203,10,6,1.6168382501006846,3,36,12.0,0.0012922246172263,0.6647187780945657,0.4569698952879581,-0.3438649715748987,4,0,3,33,0.0010329597978317,2,0,0.1666666666666666,25,81,28.33333333333333,0.8863636363636364,0.4505253504205077,0.0012076095947063,0.7112944219321524,0.3580624988060616,0.8467322002090591,0.999999583780761,26.21,45.81,False,False,历史峰值以下的恢复或波动,2026Q2,False,False,annual_volume | active_years | persistence | current_volume,volume | multiyear | trend | peak | lower95 | qvalue,394,281,False,False,0.6403078183227097,1.79164530556685,False,False,0.6659087186509709,1.6185652890058504,False,False,0.7003849403481098,2.082108138507271,False,False,未进入候选范围审阅,False,False,False,Sputtering / Sputter deposition / Cavity magnetron,未进入候选范围审阅
N0315,Biochar / Pulp and paper industry / Charcoal,待主题范围审阅,NMF关键词主题,待主题范围审阅,True,False,87,11974,0.0071580497382198,66,11985,0.0054352268083367,59,9992,0.0058094122241749,53,7998,0.0064864209505334,39,7996,0.0047902013097259,87,66,1.3169735119867731,3,178,59.333333333333336,0.0059103533276817,1.2111035231505474,1.1035438175857517,0.1043790807140889,3,4,3,212,0.0061342295902438,12,3,1.0,185,425,131.33333333333334,1.4055415617128462,0.6213363811831515,0.0059057071960297,1.2120563212195872,0.9385061531900928,0.0605954651860303,0.3606872927739903,98.4,70.15,False,False,平稳或增长证据不足,2026Q2,True,False,,multiyear | lower95 | qvalue,1,141,False,False,1.492093521065497,1.3002910746087173,True,False,1.213106987471735,1.318380247937096,True,False,1.132090028615109,1.2959968448037862,False,False,范围过宽或样本混杂，暂缓认定,False,False,False,Biochar / Pulp and paper industry / Charcoal,生物炭样本主要为药物/PFOS污染治理、土壤与固碳；不宜直接列为能源电力核心技术。
N0316,Separator (oil production) / Polysulfide / Polyolefin,待主题范围审阅,NMF关键词主题,待主题范围审阅,True,False,35,11974,0.0029041230366492,21,11985,0.0017572537801389,36,9992,0.0035637570786955,22,7998,0.0027279340446168,30,7996,0.0036987630366238,35,21,1.652648621088518,3,79,26.33333333333333,0.0026829816344837,1.0824237480134542,0.7851606085314565,-0.1023419417454407,4,4,3,92,0.0027417112984945,10,2,0.8333333333333334,76,171,52.0,1.4528301886792452,0.5495716614973455,0.0026302729528535,1.1041147016694657,0.7433393638041879,0.3047539158927456,0.832990625564373,79.78,66.06,False,False,历史峰值以下的恢复或波动,2026Q2,False,False,annual_volume | active_years | current_volume,multiyear | trend | peak | lower95 | qvalue,67,167,False,False,1.0643752399510311,1.2973983247208225,False,False,1.095407578853836,1.7351170287484314,False,False,0.9996549280453954,1.5154753716734564,False,False,未进入候选范围审阅,False,False,False,Separator (oil production) / Polysulfide / Polyolefin,未进入候选范围审阅
N0317,Microbial fuel cell / Power density / Internal resistance,待主题范围审阅,NMF关键词主题,待主题范围审阅,True,False,18,11974,0.0015134162303664,11,11985,0.0009399264405394,15,9992,0.0015133762936926,9,7998,0.0011517943743937,19,7996,0.0023647829250545,18,11,1.6101432676986114,3,35,11.666666666666666,0.0012016990362086,1.2593970576371118,0.6399810377231844,1.3194387635806493e-05,3,3,3,44,0.0013222396548661,6,0,0.5,37,78,20.666666666666668,1.7538461538461538,0.5663936368758536,0.0011745244003308,1.2885353679669642,0.7345367316989057,0.1910762267492126,0.6703080088846061,45.63,72.22000000000001,False,False,历史峰值以下的恢复或波动,2026Q2,False,False,annual_volume | active_years | persistence | current_volume,volume | peak | lower95 | qvalue,281,125,False,False,1.7991578199979863,2.0171670922815585,False,False,1.2615091533450429,1.6118631553039628,False,False,1.2875561549161898,1.5008330975510076,False,False,未进入候选范围审阅,False,False,False,Microbial fuel cell / Power density / Internal resistance,未进入候选范围审阅
N0318,Epitaxy / Molecular beam epitaxy / Metalorganic vapour phase epitaxy,待主题范围审阅,NMF关键词主题,待主题范围审阅,True,False,13,11974,0.0011043848167539,11,11985,0.0009399264405394,9,9992,0.0009275532122632,7,7998,0.0009093113482056,14,7996,0.0017584283288867,13,11,1.1749694115638516,3,27,9.0,0.000925597000336,1.19315945962758,0.62805222061744,0.0872467837270414,3,2,3,33,0.0009906214898521,3,0,0.25,28,70,22.33333333333333,1.2428571428571429,0.3296310535665467,0.0009098428453267,1.2138193122322705,0.6328140361925959,0.2897083108148854,0.8230349739059246,20.630000000000003,66.53999999999999,False,False,历史峰值以下的恢复或波动,2026Q2,False,False,annual_volume | active_years | persistence | current_volume,volume | multiyear | peak | lower95 | qvalue,432,160,False,False,1.4157580742330491,1.4187236582542928,False,False,1.1950952041339364,1.17622446468127,False,False,1.1658841730589091,1.297712828709518,False,False,未进入候选范围审阅,False,False,False,Epitaxy / Molecular beam epitaxy / Metalorganic vapour phase epitaxy,未进入候选范围审阅
N0319,Vacancy defect / Crystallography / Crystallographic defect,待主题范围审阅,NMF关键词主题,待主题范围审阅,True,False,22,11974,0.0018406413612565,20,11985,0.0016755210461789,27,9992,0.0026850224565514,15,7998,0.0018792434529582,20,7996,0.0024860538442881,22,20,1.0985486368279913,3,62,20.666666666666668,0.0020799289852295,0.8849539452200942,0.6855217753450739,-0.1887875074229783,2,3,3,69,0.0020670616213289,9,0,0.75,50,158,48.66666666666666,1.0268456375838926,0.5529921733909865,0.0020678246484698,0.8901341623036649,0.5497685319033386,0.68372270975993,0.999999583780761,68.51,45.69,False,False,历史峰值以下的恢复或波动,2026Q2,False,False,annual_volume | active_years | current_volume,volume | multiyear | recent_growth | quarters | trend | peak | lower95 | qvalue,136,282,False,False,0.5499561399197013,0.780973594734268,False,False,0.8864293969643587,1.099722060474358,False,False,0.9599863169187226,1.146196087627758,False,False,未进入候选范围审阅,False,False,False,Vacancy defect / Crystallography / Crystallographic defect,未进入候选范围审阅
N0320,Ammonia / Ammonia production / Inorganic chemistry,待主题范围审阅,NMF关键词主题,待主题范围审阅,True,False,59,11974,0.0048674738219895,58,11985,0.0047813649366571,61,9992,0.0060046865846514,37,7998,0.0045465567410281,26,7996,0.0032136793596895,59,58,1.0180092685819129,3,156,52.0,0.0051108694207788,0.9523768700096674,0.8106124696718172,-0.1049825908223467,3,4,3,178,0.0052178417810993,12,3,1.0,135,317,107.33333333333331,1.2553846153846155,0.6185585624255272,0.0051778329197684,0.940060040061556,0.697448004861632,0.6401320642364698,0.999999583780761,96.62,51.870000000000005,False,False,历史峰值以下的恢复或波动,2026Q2,False,False,annual_volume,multiyear | recent_growth | trend | peak | lower95 | qvalue,5,245,False,False,0.9619928448505284,0.9647320876129192,False,False,0.9539337609084956,1.0190966634481278,False,False,0.87157538157732,0.9667318141792488,False,False,未进入候选范围审阅,False,False,False,Ammonia / Ammonia production / Inorganic chemistry,未进入候选范围审阅
N0321,Hydropower / Hydroelectricity / Small hydro,待主题范围审阅,NMF关键词主题,待主题范围审阅,True,False,22,11974,0.0018406413612565,8,11985,0.0006947282386595,16,9992,0.0016110134739308,20,7998,0.0024854510184287,18,7996,0.002243512005821,22,8,2.6494408299969203,3,44,14.666666666666666,0.001597064243673,1.1525155412804753,0.7405663389094623,0.0666253044600169,4,2,3,46,0.0013821276912823,3,0,0.25,39,85,27.33333333333333,1.411764705882353,0.3146121280616689,0.0014722911497105,1.2501884302017765,0.7529756790887615,0.1942960649291872,0.6746391143374556,30.55,76.61,False,False,历史峰值以下的恢复或波动,2026Q2,False,False,annual_volume | active_years | persistence | current_volume,volume | multiyear | peak | lower95 | qvalue,365,102,False,False,1.215274305060024,2.4489352993251026,False,False,1.1545971778666049,2.6522708517322755,False,False,1.1652948179473337,2.3786312789757984,False,False,未进入候选范围审阅,False,False,False,Hydropower / Hydroelectricity / Small hydro,未进入候选范围审阅
N0322,Energy harvesting / Triboelectric effect / Nanogenerator,待主题范围审阅,NMF关键词主题,待主题范围审阅,True,False,37,11974,0.0030677356020942,37,11985,0.0030649775234981,29,9992,0.0028802968170279,21,7998,0.0026066925315227,19,7996,0.0023647829250545,37,37,1.0008998691099478,3,87,29.0,0.0028506556240162,1.076150895341088,1.0008998691099478,0.0315231751233926,3,4,3,103,0.0030043366475401,12,2,1.0,57,179,60.66666666666666,0.9405405405405406,0.6200529284466602,0.0028949545078577,1.0596835265519822,0.7228290537884747,0.3746135352169788,0.9459937758004516,87.91,57.11000000000001,False,False,平稳或增长证据不足,2026Q2,False,False,annual_volume | active_years | current_volume,multiyear | recent_growth | peak | lower95 | qvalue,32,218,False,False,1.0695592144770565,1.1131524087841376,False,False,1.0778757433917865,1.001968988432193,False,False,1.1719453560807698,1.0720236411078627,False,False,未进入候选范围审阅,False,False,False,Energy harvesting / Triboelectric effect / Nanogenerator,未进入候选范围审阅
N0323,Stator / Rotor (electric) / Induction generator,待主题范围审阅,NMF关键词主题,待主题范围审阅,True,False,15,11974,0.0012679973821989,8,11985,0.0006947282386595,11,9992,0.0011228275727396,19,7998,0.0023642095053346,16,7996,0.0020009701673538,15,8,1.8251703495534344,3,38,12.666666666666666,0.0013939217722446,0.9096617955519076,0.5363303799167674,0.0607943345860952,3,1,3,34,0.0010285177311994,1,0,0.0833333333333333,18,47,21.666666666666668,0.838235294117647,0.2716881501122569,0.0012737799834574,0.9954602825185286,0.552032116592414,0.5155877653606626,0.999999583780761,15.19,61.42999999999999,False,False,历史峰值以下的恢复或波动,2026Q2,False,False,annual_volume | active_years | persistence | current_volume,volume | multiyear | peak | lower95 | qvalue,466,199,False,False,0.99444855509905,1.8651487027183105,False,False,0.9294804355761764,2.070735909426532,False,False,0.9159844647240726,2.2001223649813677,False,False,未进入候选范围审阅,False,False,False,Stator / Rotor (electric) / Induction generator,未进入候选范围审阅
N0324,Boron / Boron nitride / Boric acid,待主题范围审阅,NMF关键词主题,待主题范围审阅,True,False,15,11974,0.0012679973821989,22,11985,0.0018389865140988,17,9992,0.0017086506541691,16,7998,0.0020004849660523,13,7996,0.0016371574096531,15,22,0.6895087987201862,3,55,18.33333333333333,0.0018493740447734,0.685635978174592,0.6338449944470886,-0.1491325881940368,2,1,3,54,0.0016052115168223,6,0,0.5,49,140,48.0,1.020408163265306,0.5527639696234437,0.0018362282878411,0.690544520305646,0.3932308373596778,0.9064670188509438,0.999999583780761,54.37,33.050000000000004,False,False,近期份额下降,2026Q2,False,False,annual_volume | active_years | persistence | current_volume | current_share,volume | multiyear | recent_growth | quarters | trend | peak | lower95 | qvalue,226,353,False,False,0.7469297618296977,0.9647320876129192,False,False,0.6867569610041133,0.6902453031421774,False,False,0.6821075880072872,0.6192806336074257,False,False,未进入候选范围审阅,False,False,False,Boron / Boron nitride / Boric acid,未进入候选范围审阅
N0325,Dehydrogenation / Hydrogen storage / Ammonia borane,待主题范围审阅,NMF关键词主题,待主题范围审阅,True,False,37,11974,0.0030677356020942,36,11985,0.0029832447895382,17,9992,0.0017086506541691,17,7998,0.0021217264791464,21,7996,0.0026073247635217,37,36,1.028321783332138,3,70,23.33333333333333,0.0022712073076179,1.350706997025175,1.028321783332138,0.2926178663315451,2,4,3,90,0.0025865436819338,9,2,0.75,104,210,54.333333333333336,1.897590361445783,0.6026342802527557,0.0023325062034739,1.315210050685084,0.8850139455321989,0.083165383266037,0.4133442518785972,81.65,72.38000000000001,False,False,平稳或增长证据不足,2026Q2,False,False,annual_volume | active_years | current_volume,recent_growth | quarters | peak | lower95 | qvalue,57,122,False,False,1.4049137780695766,1.0690274484359377,False,False,1.3527959679096482,1.029420193594719,False,False,1.2286600996624089,0.9568211005708984,False,False,未进入候选范围审阅,False,False,False,Dehydrogenation / Hydrogen storage / Ammonia borane,未进入候选范围审阅
N0326,Methyl orange / Orange (colour) / Orange G,待主题范围审阅,NMF关键词主题,待主题范围审阅,True,False,16,11974,0.0013498036649214,11,11985,0.0009399264405394,24,9992,0.0023921109158367,18,7998,0.0022429679922405,19,7996,0.0023647829250545,16,11,1.4360737252447071,3,53,17.666666666666668,0.0018583351162055,0.72635105108359,0.5642730259643124,-0.2861085280139761,2,1,3,51,0.0015606136737658,4,0,0.3333333333333333,52,136,40.66666666666666,1.272,0.6000036571781536,0.0017700578990901,0.762575995743015,0.4391185135168933,0.8379056592496867,0.999999583780761,53.24,44.82000000000001,False,False,历史峰值以下的恢复或波动,2026Q2,False,False,annual_volume | active_years | persistence | current_volume,volume | multiyear | quarters | trend | peak | lower95 | qvalue,234,286,False,False,0.5541532134136236,0.9647320876129192,False,False,0.7276314036813233,1.4376076790548855,False,False,0.7012786849009744,1.4559102021141066,False,False,未进入候选范围审阅,False,False,False,Methyl orange / Orange (colour) / Orange G,未进入候选范围审阅
N0327,Petroleum engineering / Oil shale / Permeability (electromagnetism),待主题范围审阅,NMF关键词主题,待主题范围审阅,True,False,13,11974,0.0011043848167539,41,11985,0.0033919084593379,36,9992,0.0035637570786955,28,7998,0.0034553831231813,16,7996,0.0020009701673538,13,41,0.3255939333249227,3,105,35.0,0.0034703495537383,0.3182344601466068,0.3098934052929786,-0.5857634472639339,1,1,3,90,0.0026866834515958,9,2,0.75,27,161,66.66666666666667,0.4137931034482758,0.4123009090457453,0.003490488006617,0.3163983989231037,0.1795501455708185,0.9999878772559953,0.999999583780761,64.69,8.28,False,False,近期份额下降,2026Q2,False,False,annual_volume | active_years | current_volume | current_share,volume | multiyear | recent_growth | quarters | trend | peak | lower95 | qvalue,164,469,False,False,0.2312212452383337,0.2467919293893514,False,False,0.3187540068659486,0.3259417191285447,False,False,0.3528845934629544,0.3472752640208569,False,False,未进入候选范围审阅,False,False,False,Petroleum engineering / Oil shale / Permeability (electromagnetism),未进入候选范围审阅
N0328,Coprecipitation / Inorganic chemistry / Methyl orange,待主题范围审阅,NMF关键词主题,待主题范围审阅,True,False,12,11974,0.0010225785340314,5,11985,0.0004495300367797,8,9992,0.0008299160320249,5,7998,0.0006668283220174,10,7996,0.0012733446519524,12,5,2.274772429795336,3,18,6.0,0.000648758130274,1.5762092007994344,0.8030650087260034,0.1043790807140889,4,1,3,25,0.0007673415342787,1,0,0.0833333333333333,32,58,11.666666666666666,2.605263157894737,0.4446255340886921,0.000612076095947,1.6706722265459175,0.815139165765577,0.0822889451524596,0.4133442518785972,20.500000000000004,88.23,False,False,历史峰值以下的恢复或波动,2026Q2,False,False,annual_volume | active_years | persistence | current_volume,volume | baseline | peak | lower95 | qvalue,434,41,False,False,1.6537428860270984,1.8222717210466253,False,False,1.5788949186152077,2.277202246436802,False,False,1.4383158102914142,2.062183658712943,False,False,未进入候选范围审阅,False,False,False,Coprecipitation / Inorganic chemistry / Methyl orange,未进入候选范围审阅
N0329,Vortex / Magnetohydrodynamics / Mechanics,待主题范围审阅,NMF关键词主题,待主题范围审阅,True,False,26,11974,0.0021678664921465,16,11985,0.0013485901103391,18,9992,0.0018062878344073,12,7998,0.001515518913676,11,7996,0.001394615571186,26,16,1.607505850388704,3,46,15.333333333333334,0.0015567989528075,1.3925153843642268,1.2001777628413757,0.0912348407620458,3,3,3,60,0.001774248145631,7,0,0.5833333333333334,40,97,28.666666666666668,1.3820224719101124,0.3343346631884202,0.0015384615384615,1.409113219895288,0.8745078433165582,0.0773793436748525,0.4133442518785972,45.13,75.49,False,False,多年背景上持续抬升,2026Q2,False,False,annual_volume | active_years | persistence | current_volume,lower95 | qvalue,285,106,False,False,1.3838202373670183,1.4969980669855645,False,False,1.39482394307826,1.6092229208153404,False,False,1.5462933879903191,1.6861894432393345,False,False,未进入候选范围审阅,False,False,False,Vortex / Magnetohydrodynamics / Mechanics,未进入候选范围审阅
N0330,Wafer / Etching (microfabrication) / Carrier lifetime,待主题范围审阅,NMF关键词主题,待主题范围审阅,True,False,13,11974,0.0011043848167539,6,11985,0.0005312627707396,6,9992,0.0006346416715485,9,7998,0.0011517943743937,13,7996,0.0016371574096531,13,6,2.0787920358437373,3,21,7.0,0.0007725662722273,1.4295017223182032,0.674574607329843,0.2769915945794934,4,1,3,25,0.0007567630863473,1,0,0.0833333333333333,31,47,10.666666666666666,2.742857142857143,0.2546296092860364,0.0007113316790736,1.5525595854133691,0.7860664519056557,0.1053337334689278,0.4702398815577137,11.13,88.97,False,False,历史峰值以下的恢复或波动,2026Q2,False,False,annual_volume | active_years | persistence | current_volume,volume | baseline | peak | lower95 | qvalue,479,35,False,False,1.6907248048376742,2.251041537763478,False,False,1.43198911668979,2.0810125144360936,False,False,1.5658803543028583,2.0483897880861006,False,False,未进入候选范围审阅,False,False,False,Wafer / Etching (microfabrication) / Carrier lifetime,未进入候选范围审阅
N0331,Support vector machine / Data mining / Artificial intelligence,待主题范围审阅,NMF关键词主题,待主题范围审阅,True,False,61,11974,0.0050310863874345,88,11985,0.0072333469554556,84,9992,0.0082503417301308,66,7998,0.0080625606207565,68,7996,0.0083070579674993,61,88,0.6955405870086077,3,238,79.33333333333333,0.007848749768781,0.6410048142248178,0.6056399759238735,-0.2473093394672312,0,4,3,233,0.0068382583576736,12,3,1.0,104,358,138.0,0.7553956834532374,0.5036501244826614,0.0078908188585607,0.6375873629358885,0.4817299360555282,0.9991226010696026,0.999999583780761,91.5,22.99,False,False,近期份额下降,2026Q2,False,False,current_share,multiyear | recent_growth | quarters | trend | peak | lower95 | qvalue,18,401,False,False,0.6119071981109315,0.6207190951307929,False,False,0.6420614980583192,0.6962835343342357,False,False,0.6751099717873877,0.716724377197828,False,False,未进入候选范围审阅,False,False,False,Support vector machine / Data mining / Artificial intelligence,未进入候选范围审阅
N0332,Key (lock) / Process management / Sustainable energy,待主题范围审阅,NMF关键词主题,待主题范围审阅,True,False,125,11974,0.0102666884816753,30,11985,0.0024928483857785,14,9992,0.0014157391134544,10,7998,0.0012730358874878,16,7996,0.0020009701673538,125,30,4.118456838468801,3,54,18.0,0.0017272077955735,5.944095729527374,4.118456838468801,0.990626394880752,4,4,3,169,0.0047250919936361,9,2,0.75,176,244,31.33333333333333,5.474226804123712,0.2532165664276098,0.0018031430934656,5.693773566213555,4.142972083507268,7.653061273124591e-35,3.826530636562295e-32,73.64,99.47,False,False,多年背景上持续抬升,2026Q2,False,True,annual_volume | active_years,,103,2,False,True,6.108321665748806,4.603150246610214,False,True,5.905579395426485,4.090004559337968,False,True,6.557137573468766,4.975142604643689,False,True,范围过宽或样本混杂，暂缓认定,False,False,False,Key (lock) / Process management / Sustainable energy,Key通用词汇聚催化、锂电掺杂、光伏积尘、游戏与宣传资料，不能作为单一技术热点。
N0333,Current density / Power density / Current collector,待主题范围审阅,NMF关键词主题,待主题范围审阅,True,False,15,11974,0.0012679973821989,3,11985,0.0002860645688598,5,9992,0.0005370044913102,12,7998,0.001515518913676,15,7996,0.0018796992481203,15,3,4.432556563201197,3,20,6.666666666666667,0.0007795293246153,1.6266192202898475,0.674574607329843,0.4295938061514848,4,1,3,23,0.0006970221474563,2,0,0.1666666666666666,33,48,18.0,1.7894736842105263,0.5263319122862448,0.000678246484698,1.8695229696079685,0.9665288515867212,0.0303471483050672,0.2299026386747522,25.22,94.42,False,False,历史峰值以下的恢复或波动,2026Q2,False,False,annual_volume | active_years | persistence | current_volume,volume | baseline | peak | lower95 | qvalue,401,11,False,False,2.792237559717704,4.437767603019428,False,False,1.6296314924858684,4.437291234485427,False,False,1.4265251801254286,3.804152463588472,False,False,未进入候选范围审阅,False,False,False,Current density / Power density / Current collector,未进入候选范围审阅
N0334,Electronics / Power electronics / Organic electronics,待主题范围审阅,NMF关键词主题,待主题范围审阅,True,False,28,11974,0.0023314790575916,25,11985,0.0020841847159787,24,9992,0.0023921109158367,20,7998,0.0024854510184287,19,7996,0.0023647829250545,28,25,1.1186527948875884,3,69,23.0,0.002320582216748,1.0046957357360184,0.9380506959519856,-0.0128366748299408,3,3,3,77,0.0022692582298023,9,0,0.75,61,154,46.66666666666666,1.3006993006993008,0.4963496797384764,0.0022994210090984,1.0139417915929037,0.6556539374866501,0.4719945313656624,0.999999583780761,68.19999999999999,58.00000000000001,False,False,历史峰值以下的恢复或波动,2026Q2,False,False,annual_volume | active_years | current_volume,multiyear | recent_growth | trend | peak | lower95 | qvalue,139,215,False,False,0.9768312514008032,1.1211751288474463,False,False,1.032980968813683,1.1655557620537755,False,False,0.9359821899337272,0.9862617498192334,False,False,未进入候选范围审阅,False,False,False,Electronics / Power electronics / Organic electronics,未进入候选范围审阅
N0335,Sodium / Inorganic chemistry / Sodium-ion battery,待主题范围审阅,NMF关键词主题,待主题范围审阅,True,False,34,11974,0.0028223167539267,73,11985,0.0060073559460563,29,9992,0.0028802968170279,12,7998,0.001515518913676,14,7996,0.0017584283288867,34,73,0.4698101426434448,3,114,38.0,0.0034677238922534,0.8138816242641096,0.4698101426434448,-0.010167629346133,1,2,3,136,0.003903323172337,9,2,0.75,92,279,87.33333333333333,1.0528301886792453,0.6322346719655768,0.0037882547559966,0.7450176758727909,0.5091528326553019,0.9336301757007668,0.999999583780761,89.47,35.25,False,False,近期份额下降,2026Q2,False,False,annual_volume | active_years | current_volume | current_share,multiyear | recent_growth | quarters | trend | peak | lower95 | qvalue,28,340,False,False,0.653503667287891,0.4483966041017794,False,False,0.815027376455787,0.4703119741620497,False,False,0.8896545117524097,0.5044239483808294,False,False,未进入候选范围审阅,False,False,False,Sodium / Inorganic chemistry / Sodium-ion battery,未进入候选范围审阅
N0336,Islanding / Distributed generation / Blackout,待主题范围审阅,NMF关键词主题,待主题范围审阅,True,False,4,11974,0.0003681282722513,5,11985,0.0004495300367797,7,9992,0.0007322788517867,3,7998,0.0004243452958292,7,7996,0.0009095318942517,4,5,0.8189180747263208,3,15,5.0,0.0005353847281319,0.6875957660125787,0.4047447643979057,-0.3438649715748982,2,0,3,16,0.0005166457202725,0,0,0.0,5,21,7.0,0.75,0.267331966364606,0.0005128205128205,0.7178501308900523,0.2513184582258659,0.7652271194631783,0.999999583780761,4.02,30.66,False,False,近期份额下降,2026Q2,False,False,annual_volume | active_years | persistence | current_volume,volume | baseline | multiyear | recent_growth | quarters | trend | peak | lower95 | qvalue,494,363,False,False,0.7131669936292477,0.7893262535014793,False,False,0.6887307543588465,0.8197928087172488,False,False,0.7244856515064414,0.806941431670282,False,False,未进入候选范围审阅,False,False,False,Islanding / Distributed generation / Blackout,未进入候选范围审阅
N0337,Efficient energy use / Energy conservation / Energy accounting,待主题范围审阅,NMF关键词主题,待主题范围审阅,True,False,54,11974,0.0044584424083769,19,11985,0.001593788312219,17,9992,0.0017086506541691,22,7998,0.0027279340446168,21,7996,0.0026073247635217,54,19,2.797386813666264,3,58,19.33333333333333,0.0020101243370016,2.217993348126527,1.6343659104130306,0.4795477506779617,4,4,3,90,0.002586960458255,8,1,0.6666666666666666,97,156,34.333333333333336,2.773584905660377,0.3969097909881393,0.0019354838709677,2.303528577661431,1.5927280131691406,1.960772625835308e-06,0.0001633977188196,67.34,97.12999999999998,False,False,多年背景上持续抬升,2026Q2,False,True,annual_volume | active_years | persistence,,146,7,False,True,3.260757598440906,3.018677822530748,False,True,2.221773886530645,2.8003748651053595,False,True,2.413737546170146,3.018558688840685,False,True,有样本依据的条件性跟踪方向,False,True,False,能源效率与节能系统,样本涉及建筑冷热源、氢储能转换、热电转换及工业节能；属于较宽的能效研究方向，不能解释为单一新技术。
N0338,Mineralogy / Calcite / Mineral,待主题范围审阅,NMF关键词主题,待主题范围审阅,True,False,7,11974,0.0006135471204188,13,11985,0.0011033919084593,8,9992,0.0008299160320249,8,7998,0.0010305528612997,2,7996,0.0003031772980839,7,13,0.5560554828388599,3,29,9.666666666666666,0.0009879536005946,0.6210282750622445,0.5560554828388599,-0.1510337311689062,1,0,3,28,0.0008489516869677,0,0,0.0,11,61,22.33333333333333,0.5142857142857143,0.4544904441039099,0.0009760132340777,0.6286258208359216,0.2820302920191695,0.8867556075450134,0.999999583780761,19.5,22.99,False,False,近期份额下降,2026Q2,False,False,annual_volume | active_years | persistence | current_volume | current_share,volume | multiyear | recent_growth | quarters | trend | peak | lower95 | qvalue,440,401,False,False,0.7535914672302118,0.9647320876129192,False,False,0.6220234067111898,0.556649438017885,False,False,0.6737678449333797,0.7044726784423097,False,False,未进入候选范围审阅,False,False,False,Mineralogy / Calcite / Mineral,未进入候选范围审阅
N0339,Modular design / Scalability / High-voltage direct current,待主题范围审阅,NMF关键词主题,待主题范围审阅,True,False,46,11974,0.0038039921465968,15,11985,0.0012668573763792,20,9992,0.0020015621948838,15,7998,0.0018792434529582,13,7996,0.0016371574096531,46,15,3.002699607329842,3,50,16.666666666666668,0.0017158876747404,2.21692375473952,1.900511588558294,0.3210615535325707,4,4,3,81,0.0023574705726199,7,1,0.5833333333333334,83,137,27.666666666666668,2.9302325581395348,0.345989215481287,0.0016708023159636,2.2767457946710903,1.5286616265419974,1.2901355650059767e-05,0.0004469812361619,59.68,96.38,False,False,多年背景上持续抬升,2026Q2,False,True,annual_volume | active_years | persistence | current_volume,,192,10,False,True,1.9863863875586265,2.628063273152435,False,True,2.2206880562308338,3.005906965296578,False,True,2.056657541534555,3.1954880694143166,False,True,范围过宽或样本混杂，暂缓认定,False,False,False,Modular design / Scalability / High-voltage direct current,模块化储热、电动车火灾、热电测量、小堆和鱼道混合，Modular design对象不统一。
N0340,Acceptor / Electron acceptor / Photochemistry,待主题范围审阅,NMF关键词主题,待主题范围审阅,True,False,8,11974,0.0006953534031413,14,11985,0.0011851246424192,16,9992,0.0016110134739308,13,7998,0.0016367604267701,12,7996,0.0015158864904195,8,14,0.5867344060299693,3,43,14.333333333333334,0.0014776328477067,0.4705860486388935,0.4248351754896257,-0.4200992683970348,2,0,3,38,0.0011638305064971,2,0,0.1666666666666666,25,94,41.333333333333336,0.6141732283464567,0.4728031479020477,0.0014392059553349,0.483150726665463,0.2316670149401494,0.9790456981544232,0.999999583780761,30.17,19.24,False,False,近期份额下降,2026Q2,False,False,annual_volume | active_years | persistence | current_volume | current_share,volume | multiyear | recent_growth | quarters | trend | peak | lower95 | qvalue,368,421,False,False,0.3751246127331392,0.4244821185496844,False,False,0.4713782751551062,0.5873611311499062,False,False,0.5248536393812342,0.7044726784423097,False,False,未进入候选范围审阅,False,False,False,Acceptor / Electron acceptor / Photochemistry,未进入候选范围审阅
N0341,Condensed matter physics / Superconductivity / Dislocation,待主题范围审阅,NMF关键词主题,待主题范围审阅,True,False,2,11974,0.0002045157068062,8,11985,0.0006947282386595,13,9992,0.0013181019332161,8,7998,0.0010305528612997,3,7996,0.0004244482173174,2,8,0.2943823144441023,3,29,9.666666666666666,0.0010144610110584,0.2016003617456834,0.1551592495636998,-0.9316516364770172,0,0,3,23,0.000739115292894,1,0,0.0833333333333333,8,48,22.0,0.391304347826087,0.3808848480536197,0.0009760132340777,0.2095419402786405,0.057619044300111,0.9967814740695808,0.999999583780761,12.61,3.1300000000000003,False,False,近期份额下降,2026Q2,False,False,annual_volume | active_years | persistence | current_volume | current_share,volume | multiyear | recent_growth | quarters | trend | peak | lower95 | qvalue,474,489,False,False,0.131932503462112,0.1929464175225838,False,False,0.2019440831990849,0.2946967613035862,False,False,0.224585357138652,0.290076985240951,False,False,未进入候选范围审阅,False,False,False,Condensed matter physics / Superconductivity / Dislocation,未进入候选范围审阅
N0342,Risk analysis (engineering) / Risk management / Resilience (materials science),待主题范围审阅,NMF关键词主题,待主题范围审阅,True,False,10,11974,0.0008589659685863,12,11985,0.0010216591744993,17,9992,0.0017086506541691,11,7998,0.0013942774005819,10,7996,0.0012733446519524,10,12,0.8407558900523561,3,40,13.333333333333334,0.0013748624097501,0.6247650401195303,0.5027159685863875,-0.3438649715748987,2,0,3,39,0.0011964252657516,1,0,0.0833333333333333,30,79,20.666666666666668,1.4307692307692308,0.4182928348944128,0.0013399503722084,0.6410431210005818,0.3251648930042822,0.909642595287436,0.999999583780761,25.930000000000003,33.059999999999995,False,False,近期份额下降,2026Q2,False,False,annual_volume | active_years | persistence | current_volume,volume | multiyear | recent_growth | quarters | trend | peak | lower95 | qvalue,395,352,False,False,0.6613652519072973,1.093363032627975,False,False,0.6258213427469335,0.841653950283042,False,False,0.5606727781119615,0.7495589298626174,False,False,未进入候选范围审阅,False,False,False,Risk analysis (engineering) / Risk management / Resilience (materials science),未进入候选范围审阅
N0343,Software deployment / Carbon capture and storage (timeline) / Scalability,待主题范围审阅,NMF关键词主题,待主题范围审阅,True,False,114,11974,0.0093668193717277,16,11985,0.0013485901103391,15,9992,0.0015133762936926,26,7998,0.0032129000969932,28,7996,0.0034562211981566,114,16,6.945638485641759,3,57,19.0,0.0020249555003416,4.625691463415983,2.7101330715532286,0.9114152398426434,4,4,3,145,0.0040762619252531,6,1,0.5,194,246,31.666666666666668,5.96938775510204,0.365755108785714,0.0019023986765922,4.923688965399499,3.586795427913794,9.712134571309659e-29,2.4280336428274152e-26,73.08000000000001,99.76,False,False,多年背景上持续抬升,2026Q2,False,True,annual_volume | active_years | persistence,,105,1,False,True,4.446839451455685,7.293374582353669,False,True,4.593328160193993,6.892332132548722,False,True,4.273654794943004,7.269114378297314,False,True,范围过宽或样本混杂，暂缓认定,False,False,False,Software deployment / Carbon capture and storage (timeline) / Scalability,光伏回收、缺陷识别、概念性供能架构、CCUS和网络教学混合，Deployment增长可能反映通用词或收录变化。
N0344,Metal-organic framework / Nanotechnology / Zeolitic imidazolate framework,待主题范围审阅,NMF关键词主题,待主题范围审阅,True,False,8,11974,0.0006953534031413,28,11985,0.0023293829178586,36,9992,0.0035637570786955,28,7998,0.0034553831231813,27,7996,0.0033349502789231,8,28,0.2985139960503352,3,92,30.666666666666668,0.0031161743732451,0.2231432904113195,0.1951180699992827,-0.8170752082379904,0,0,3,72,0.0021961644665651,5,1,0.4166666666666667,32,166,70.33333333333333,0.4626168224299066,0.7422478557143601,0.0030603804797353,0.2272114228102447,0.1125499333351827,0.999997373023813,0.999999583780761,66.21000000000001,3.81,False,False,近期份额下降,2026Q2,False,False,annual_volume | active_years | persistence | current_volume | current_share,volume | multiyear | recent_growth | quarters | trend | peak | lower95 | qvalue,153,485,False,False,0.3010720341221636,0.3710508029280458,False,False,0.2235219161692825,0.298832856199075,False,False,0.2263899326890053,0.2791306839111038,False,False,未进入候选范围审阅,False,False,False,Metal-organic framework / Nanotechnology / Zeolitic imidazolate framework,未进入候选范围审阅
N0345,Solid oxide fuel cell / Power density / Thermal expansion,待主题范围审阅,NMF关键词主题,待主题范围审阅,True,False,9,11974,0.0007771596858638,21,11985,0.0017572537801389,14,9992,0.0014157391134544,22,7998,0.0027279340446168,11,7996,0.001394615571186,9,21,0.4422580816997443,3,57,19.0,0.00196697564607,0.3951038679185493,0.2848894706224549,-0.2998805851019197,0,0,3,44,0.0013167175264857,4,0,0.3333333333333333,15,84,36.66666666666666,0.4247787610619469,0.4838506492865327,0.0019023986765922,0.4085156783519235,0.2056340095152946,0.9963604878706472,0.999999583780761,35.480000000000004,11.37,False,False,近期份额下降,2026Q2,False,False,annual_volume | active_years | persistence | current_volume | current_share,volume | multiyear | recent_growth | quarters | trend | peak | lower95 | qvalue,341,456,False,False,0.3520245814087971,0.5107405169715454,False,False,0.3957685857798661,0.4427304832607364,False,False,0.3837148000352176,0.4531472904574857,False,False,未进入候选范围审阅,False,False,False,Solid oxide fuel cell / Power density / Thermal expansion,未进入候选范围审阅
N0346,Ultimate tensile strength / Composite material / Elongation,待主题范围审阅,NMF关键词主题,待主题范围审阅,True,False,31,11974,0.0025768979057591,18,11985,0.001512055578259,24,9992,0.0023921109158367,33,7998,0.0040615906886517,32,7996,0.0039413048750909,31,18,1.7042349122682894,3,75,25.0,0.0026552523942492,0.970490756863735,0.6344553410955692,0.0372050544485502,3,3,3,73,0.0021603547999516,8,1,0.6666666666666666,66,153,51.66666666666666,1.2721518987341771,0.5194487400787038,0.0024979321753515,1.031612439755903,0.6807130322217572,0.4364283872106606,0.999999583780761,67.38000000000001,64.30999999999999,False,False,历史峰值以下的恢复或波动,2026Q2,False,False,annual_volume | active_years | persistence | current_volume,multiyear | peak | lower95 | qvalue,145,178,False,False,0.891863642862175,1.250578632090821,False,False,0.972210072011987,1.7060553046277882,False,False,0.7746602370098478,1.3807664497469267,False,False,未进入候选范围审阅,False,False,False,Ultimate tensile strength / Composite material / Elongation,未进入候选范围审阅
N0347,Orthorhombic crystal system / Tetragonal crystal system / Monoclinic crystal system,待主题范围审阅,NMF关键词主题,待主题范围审阅,True,False,12,11974,0.0010225785340314,12,11985,0.0010216591744993,11,9992,0.0011228275727396,16,7998,0.0020004849660523,16,7996,0.0020009701673538,12,12,1.0008998691099475,3,39,13.0,0.0013816572377638,0.7401101417066597,0.5110413691892749,-0.0467613552223777,1,1,3,35,0.0010556884270901,3,0,0.25,34,88,32.333333333333336,1.0499999999999998,0.488570821221869,0.0013068651778329,0.7824667390151766,0.4142138869834287,0.7862439313181867,0.999999583780761,31.15,41.28000000000001,False,False,历史峰值以下的恢复或波动,2026Q2,False,False,annual_volume | active_years | persistence | current_volume,volume | multiyear | recent_growth | quarters | trend | peak | lower95 | qvalue,364,304,False,False,0.6294054434416244,0.6600798494193658,False,False,0.7413862869479046,1.0019689884321927,False,False,0.7308183934194207,1.0801914402782082,False,False,未进入候选范围审阅,False,False,False,Orthorhombic crystal system / Tetragonal crystal system / Monoclinic crystal system,未进入候选范围审阅
N0348,Microporous material / Specific surface area / Conjugated microporous polymer,待主题范围审阅,NMF关键词主题,待主题范围审阅,True,False,24,11974,0.0020042539267015,16,11985,0.0013485901103391,18,9992,0.0018062878344073,19,7998,0.0023642095053346,19,7996,0.0023647829250545,24,16,1.4861846541329524,3,53,17.666666666666668,0.0018396958166937,1.0894485428050775,0.847542455363136,0.051999033041298,2,3,3,58,0.001719710623816,8,0,0.6666666666666666,59,128,37.66666666666666,1.5517241379310345,0.5772699347923238,0.0017700578990901,1.1323098118608406,0.701967929953456,0.3048745689565605,0.832990625564373,61.92999999999999,65.14000000000001,False,False,历史峰值以下的恢复或波动,2026Q2,False,False,annual_volume | active_years | persistence | current_volume,volume | multiyear | quarters | peak | lower95 | qvalue,180,174,False,False,1.8518991427589373,2.0817902943226154,False,False,1.091315374363042,1.4877721343387107,False,False,1.1024049535516554,1.558929862617498,False,False,未进入候选范围审阅,False,False,False,Microporous material / Specific surface area / Conjugated microporous polymer,未进入候选范围审阅
N0349,Magnet / Permanent magnet synchronous generator / Superconducting magnet,待主题范围审阅,NMF关键词主题,待主题范围审阅,True,False,21,11974,0.001758835078534,32,11985,0.0026563138536984,22,9992,0.0021968365553602,20,7998,0.0024854510184287,16,7996,0.0020009701673538,21,32,0.6621337595650423,3,74,24.666666666666668,0.0024462004758291,0.7190069235588221,0.6621337595650423,-0.1111833467302818,2,2,3,75,0.0022039951625309,7,1,0.5833333333333334,32,127,41.66666666666666,0.7734375,0.349470217092814,0.002464846980976,0.7135676543448469,0.4416155038587818,0.9179176409922976,0.999999583780761,53.70000000000002,32.81,False,False,近期份额下降,2026Q2,False,False,annual_volume | active_years | persistence | current_volume | current_share,volume | multiyear | recent_growth | quarters | trend | peak | lower95 | qvalue,232,354,False,False,0.6767697968339739,0.7074701975828074,False,False,0.720162979180556,0.6628410231166815,False,False,0.7286455732677907,0.7257397781688699,False,False,未进入候选范围审阅,False,False,False,Magnet / Permanent magnet synchronous generator / Superconducting magnet,未进入候选范围审阅
N0350,Hydrate / Clathrate hydrate / Methane,待主题范围审阅,NMF关键词主题,待主题范围审阅,True,False,17,11974,0.0014316099476439,24,11985,0.0020024519820187,17,9992,0.0017086506541691,18,7998,0.0022429679922405,20,7996,0.0024860538442881,17,24,0.7149284779356769,3,59,19.666666666666668,0.0019846902094761,0.7213266538065134,0.5758563721108415,-0.0884521596919034,1,2,3,58,0.0017142375279439,7,0,0.5833333333333334,63,132,46.0,1.3617021276595744,0.5546566462245285,0.0019685690653432,0.7272337927317524,0.4267729077142616,0.8836046709998484,0.999999583780761,57.73,35.88000000000001,False,False,近期份额下降,2026Q2,False,False,annual_volume | active_years | persistence | current_volume | current_share,volume | multiyear | recent_growth | quarters | trend | peak | lower95 | qvalue,201,333,False,False,0.7020668397675985,0.6535281883829452,False,False,0.7225060744600973,0.7156921345944234,False,False,0.7561454986728051,0.7044726784423097,False,False,未进入候选范围审阅,False,False,False,Hydrate / Clathrate hydrate / Methane,未进入候选范围审阅
N0351,Diesel fuel / Diesel engine / Biodiesel,待主题范围审阅,NMF关键词主题,待主题范围审阅,True,False,23,11974,0.001922447643979,6,11985,0.0005312627707396,14,9992,0.0014157391134544,20,7998,0.0024854510184287,23,7996,0.0028498666019888,23,6,3.61863798832058,3,40,13.333333333333334,0.0014774843008742,1.30116282307805,0.6745746073298429,0.1529737261698893,4,2,3,43,0.001289816509391,2,0,0.1666666666666666,51,91,32.0,1.5757575757575757,0.4440087278857158,0.0013399503722084,1.4347155565251115,0.8630420634286713,0.0806559444158944,0.4133442518785972,35.17,84.3,False,False,历史峰值以下的恢复或波动,2026Q2,False,False,annual_volume | active_years | persistence | current_volume,volume | peak | lower95 | qvalue,344,62,False,False,1.2525136079917834,3.0696020969501974,False,False,1.3035490603149984,3.622503265870236,False,False,1.1611208824845112,3.496746203904556,False,False,未进入候选范围审阅,False,False,False,Diesel fuel / Diesel engine / Biodiesel,未进入候选范围审阅
N0352,Electrical impedance / Equivalent circuit / Impedance matching,待主题范围审阅,NMF关键词主题,待主题范围审阅,True,False,39,11974,0.0032313481675392,17,11985,0.0014303228442991,19,9992,0.0019039250146455,25,7998,0.0030916585838991,19,7996,0.0023647829250545,39,17,2.259173990276739,3,61,20.33333333333333,0.0021419688142812,1.5085878683175489,1.045182732778975,0.2644909434767846,4,4,3,75,0.0021885320088279,8,1,0.6666666666666666,80,148,39.0,2.025,0.4498415663094179,0.0020347394540942,1.5880894042906395,1.0648999941634152,0.010226817601582,0.1095322305920284,64.49000000000001,89.81,False,False,多年背景上持续抬升,2026Q2,False,False,annual_volume | active_years | persistence | current_volume,peak | qvalue,166,28,False,False,1.1797854835974964,1.6965978092503062,False,False,1.5112147519449322,2.2615871453183787,False,False,1.3542461907134804,2.004338394793926,False,False,未进入候选范围审阅,False,False,False,Electrical impedance / Equivalent circuit / Impedance matching,未进入候选范围审阅
N0353,Formic acid / Inorganic chemistry / Catalysis,待主题范围审阅,NMF关键词主题,待主题范围审阅,True,False,14,11974,0.0011861910994764,9,11985,0.0007764609726195,12,9992,0.0012204647529779,11,7998,0.0013942774005819,8,7996,0.0010308028134853,14,9,1.5276892739046568,3,32,10.666666666666666,0.0011304010420598,1.0493542161947855,0.8507568859549283,-0.0142421571327666,3,1,3,35,0.0010610389416913,2,0,0.1666666666666666,42,95,23.666666666666668,1.7432432432432432,0.618764032220331,0.0010752688172043,1.1031577225130889,0.5940408880065087,0.3881750157746795,0.9514093523889204,39.03,66.14999999999999,False,False,历史峰值以下的恢复或波动,2026Q2,False,False,annual_volume | active_years | persistence | current_volume,volume | multiyear | trend | peak | lower95 | qvalue,323,164,False,False,0.7575994391600037,0.8512341949525758,False,False,1.0511599932377518,1.5293210876070311,False,False,1.0965169316142258,1.7752711496746203,False,False,未进入候选范围审阅,False,False,False,Formic acid / Inorganic chemistry / Catalysis,未进入候选范围审阅
N0354,Stacking / Stacking fault / Electron mobility,待主题范围审阅,NMF关键词主题,待主题范围审阅,True,False,40,11974,0.0033131544502617,12,11985,0.0010216591744993,25,9992,0.0024897480960749,24,7998,0.002970417070805,25,7996,0.0030924084404559,40,12,3.2429155759162303,3,61,20.33333333333333,0.0021606081137931,1.53343608640127,1.0713831998768093,0.1428596012821534,4,4,3,77,0.0022748539069453,8,1,0.6666666666666666,103,182,48.66666666666666,2.093959731543624,0.5121940269132945,0.0020347394540942,1.6282941993359723,1.0951572003775143,0.0068684846024456,0.0890019386832667,71.21,89.23999999999998,False,False,多年背景上持续抬升,2026Q2,False,False,annual_volume | active_years | persistence | current_volume,qvalue,118,31,False,False,1.2169698982659505,2.3864425325161687,False,False,1.498240573484667,3.16622200344573,False,False,1.4567943594230637,3.04454714074633,False,False,未进入候选范围审阅,False,False,False,Stacking / Stacking fault / Electron mobility,未进入候选范围审阅
N0355,Cadmium telluride photovoltaics / Cadmium / Tellurium,待主题范围审阅,NMF关键词主题,待主题范围审阅,True,False,9,11974,0.0007771596858638,8,11985,0.0006947282386595,4,9992,0.000439367311072,8,7998,0.0010305528612997,8,7996,0.0010308028134853,9,8,1.1186527948875886,3,20,6.666666666666667,0.0007215494703437,1.077070551369951,0.7539363258392362,0.2851550412232075,3,1,3,21,0.0006370850785318,1,0,0.0833333333333333,21,54,15.333333333333334,1.3469387755102038,0.3897770897509084,0.000678246484698,1.1458366587919806,0.5309255619558491,0.3832159051205409,0.9514093523889204,14.69,67.88,False,False,历史峰值以下的恢复或波动,2026Q2,False,False,annual_volume | active_years | persistence | current_volume,volume | baseline | multiyear | recent_growth | peak | lower95 | qvalue,468,153,False,False,1.110610387216574,1.240369826930896,False,False,1.0788678414877542,1.1198476929536274,False,False,1.1313508827058243,0.9862617498192336,False,False,未进入候选范围审阅,False,False,False,Cadmium telluride photovoltaics / Cadmium / Tellurium,未进入候选范围审阅
N0356,Compensation (psychology) / Voltage sag / Compensation methods,待主题范围审阅,NMF关键词主题,待主题范围审阅,True,False,24,11974,0.0020042539267015,11,11985,0.0009399264405394,13,9992,0.0013181019332161,7,7998,0.0009093113482056,12,7996,0.0015158864904195,24,11,2.132351895060323,3,31,10.333333333333334,0.0010557799073204,1.898363392601784,1.322166230366492,0.2095395563612454,3,2,3,48,0.001420760766819,4,0,0.3333333333333333,51,93,17.666666666666668,2.7857142857142856,0.3635477843705163,0.0010421836228287,1.9231293630017448,1.1342602456674231,0.0065702876274195,0.0887876706408052,36.06,89.64999999999999,False,False,多年背景上持续抬升,2026Q2,False,False,annual_volume | active_years | persistence | current_volume,volume | qvalue,339,30,False,False,1.0915651190111273,1.6078868126881989,False,False,1.9014834884468483,2.134629584051193,False,False,1.5721112356208804,1.8167979601933248,False,False,未进入候选范围审阅,False,False,False,Compensation (psychology) / Voltage sag / Compensation methods,未进入候选范围审阅
N0357,Chemical vapor deposition / Plasma-enhanced chemical vapor deposition / Chemical engineering,待主题范围审阅,NMF关键词主题,待主题范围审阅,True,False,5,11974,0.0004499345549738,13,11985,0.0011033919084593,14,9992,0.0014157391134544,9,7998,0.0011517943743937,14,7996,0.0017584283288867,5,13,0.4077740207484971,3,36,12.0,0.0012236417987691,0.3677011977086732,0.2558731269182163,-0.5731524382859545,1,0,3,32,0.0009896885256291,2,0,0.1666666666666666,11,62,27.666666666666668,0.4186046511627906,0.4498393048941409,0.0012076095947063,0.3725827924406512,0.1520111408607737,0.989805198225158,0.999999583780761,22.62,10.15,False,False,近期份额下降,2026Q2,False,False,annual_volume | active_years | persistence | current_volume | current_share,volume | multiyear | recent_growth | quarters | trend | peak | lower95 | qvalue,416,462,False,False,0.5463963167610185,0.6242384096318889,False,False,0.368306735301682,0.4082095878797823,False,False,0.3765661622761235,0.401810342518947,False,False,未进入候选范围审阅,False,False,False,Chemical vapor deposition / Plasma-enhanced chemical vapor deposition / Chemical engineering,未进入候选范围审阅
N0358,Raw material / Biorefinery / Metallurgy,待主题范围审阅,NMF关键词主题,待主题范围审阅,True,False,28,11974,0.0023314790575916,11,11985,0.0009399264405394,11,9992,0.0011228275727396,6,7998,0.0007880698351115,11,7996,0.001394615571186,28,11,2.4804909799681307,3,28,9.333333333333334,0.0009502746161302,2.453479255382021,1.6717718529478716,0.3653263662607973,4,3,3,50,0.0014647443569569,4,0,0.3333333333333333,46,82,17.333333333333332,2.563636363636364,0.4175937415282011,0.0009429280397022,2.472594895287958,1.4711604043606576,0.000187162075935,0.0040687407811957,39.45,96.57,False,False,多年背景上持续抬升,2026Q2,False,True,annual_volume | active_years | persistence | current_volume,,321,8,False,False,2.404813112174529,2.0672830448848267,False,True,2.4574470944704903,2.483140536549348,False,True,2.6856915954525595,2.854968223160939,False,True,范围过宽或样本混杂，暂缓认定,False,False,False,Raw material / Biorefinery / Metallurgy,关键矿物、碳存储、碳纤维、电池二次原料和Ti-Al-C-N混合，宜先区分资源循环与材料制备。
N0359,Harmonics / Active filter / Filter (signal processing),待主题范围审阅,NMF关键词主题,待主题范围审阅,True,False,7,11974,0.0006135471204188,15,11985,0.0012668573763792,12,9992,0.0012204647529779,22,7998,0.0027279340446168,16,7996,0.0020009701673538,7,15,0.4843063882790069,3,49,16.333333333333332,0.001738418724658,0.352934026604865,0.2249127399650959,-0.3438649715748987,1,0,3,34,0.0010336230832586,1,0,0.0833333333333333,17,48,23.666666666666668,0.7297297297297297,0.3131122456587731,0.001637717121588,0.3746355901951451,0.1738087362241915,0.996095985567236,0.999999583780761,14.470000000000002,14.29,False,False,近期份额下降,2026Q2,False,False,annual_volume | active_years | persistence | current_volume | current_share,volume | multiyear | recent_growth | quarters | trend | peak | lower95 | qvalue,469,447,False,False,0.4094258059353262,0.4989993556618548,False,False,0.3591794805316076,0.5182598216028584,False,False,0.3493543200224954,0.4421173361258633,False,False,未进入候选范围审阅,False,False,False,Harmonics / Active filter / Filter (signal processing),未进入候选范围审阅
N0360,Relay / Overcurrent / Protective relay,待主题范围审阅,NMF关键词主题,待主题范围审阅,True,False,16,11974,0.0013498036649214,6,11985,0.0005312627707396,11,9992,0.0011228275727396,9,7998,0.0011517943743937,16,7996,0.0020009701673538,16,6,2.54074582158679,3,26,8.666666666666666,0.0009352949059577,1.4431850920211016,0.6745746073298429,0.092054513076762,3,1,3,33,0.0010012980028002,1,0,0.0833333333333333,11,35,14.666666666666666,0.7659574468085106,0.2175697834365266,0.0008767576509511,1.539540217820804,0.8326327123229752,0.085148915886991,0.4133442518785972,13.81,76.78,False,False,历史峰值以下的恢复或波动,2026Q2,False,False,annual_volume | active_years | persistence | current_volume,volume | peak | lower95 | qvalue,473,100,False,False,1.4054237103618556,2.367978760504438,False,False,1.4457099312761634,2.543459739866336,False,False,1.2650394365242434,2.0483897880861006,False,False,未进入候选范围审阅,False,False,False,Relay / Overcurrent / Protective relay,未进入候选范围审阅
N0361,Mode (computer interface) / Sliding mode control / Oscillation (cell signaling),待主题范围审阅,NMF关键词主题,待主题范围审阅,True,False,23,11974,0.001922447643979,26,11985,0.0021659174499387,9,9992,0.0009275532122632,10,7998,0.0012730358874878,11,7996,0.001394615571186,23,26,0.8875904499654254,3,45,15.0,0.0014555021832299,1.3208139885526753,0.8875904499654254,0.3644021515799061,2,3,3,58,0.0016719727687269,7,0,0.5833333333333334,37,106,31.33333333333333,1.1752577319587632,0.3910367038153992,0.001505376344086,1.277054506357517,0.7762020376418699,0.1673381546920078,0.6338566465606357,46.69000000000001,67.05000000000001,False,False,近期份额下降,2026Q2,False,False,annual_volume | active_years | persistence | current_volume,volume | recent_growth | quarters | peak | lower95 | qvalue,270,156,False,False,1.1885959150710863,0.7764916802738131,False,False,1.3227949798501577,0.8885385369115673,False,False,1.3212023579043108,0.831554024357393,False,False,未进入候选范围审阅,False,False,False,Mode (computer interface) / Sliding mode control / Oscillation (cell signaling),未进入候选范围审阅
N0362,MXenes / Carbide / Titanium carbide,待主题范围审阅,NMF关键词主题,待主题范围审阅,True,False,42,11974,0.0034767670157068,33,11985,0.0027380465876583,27,9992,0.0026850224565514,29,7998,0.0035766246362754,36,7996,0.0044263885520252,42,33,1.2697983414081426,3,89,29.666666666666668,0.002999897893495,1.1589617844146456,0.7854635838772145,0.1292068759370201,3,4,3,102,0.0029666120199722,11,2,0.9166666666666666,116,276,87.66666666666667,1.3195488721804511,0.6629120569515661,0.0029611248966087,1.174137240779198,0.8149833553784819,0.1860145760844625,0.6691171801599372,89.88,68.78,False,False,历史峰值以下的恢复或波动,2026Q2,False,False,annual_volume | active_years | current_volume,multiyear | peak | lower95 | qvalue,23,151,False,False,1.19465864505913,1.323702166724703,False,False,1.1715350801839108,1.3102671387190217,False,False,1.1251517246401306,1.198687357472607,False,False,未进入候选范围审阅,False,False,False,MXenes / Carbide / Titanium carbide,未进入候选范围审阅
N0363,AC power / Power factor / Voltage optimisation,待主题范围审阅,NMF关键词主题,待主题范围审阅,True,False,25,11974,0.002086060209424,11,11985,0.0009399264405394,17,9992,0.0017086506541691,21,7998,0.0026066925315227,16,7996,0.0020009701673538,25,11,2.219386666287275,3,49,16.333333333333332,0.0017517565420771,1.1908391145213462,0.8002709119688299,0.0997866259255526,3,1,3,53,0.0015782124347108,4,0,0.3333333333333333,40,83,25.666666666666668,1.5375,0.3016695783678577,0.001637717121588,1.2737610066634937,0.7899459893550215,0.1589228507686941,0.6287042605637789,34.68000000000001,76.13999999999999,False,False,历史峰值以下的恢复或波动,2026Q2,False,False,annual_volume | active_years | persistence | current_volume,multiyear | peak | lower95 | qvalue,350,104,False,False,1.323140929555085,2.1591622913241526,False,False,1.1929545561933337,2.221757322175732,False,False,1.1964110578559226,2.015404445282781,False,False,未进入候选范围审阅,False,False,False,AC power / Power factor / Voltage optimisation,未进入候选范围审阅
N0364,Bismuth / Antimony / Bismuth telluride,待主题范围审阅,NMF关键词主题,待主题范围审阅,True,False,17,11974,0.0014316099476439,41,11985,0.0033919084593379,30,9992,0.0029779339972661,18,7998,0.0022429679922405,20,7996,0.0024860538442881,17,41,0.4220662098656406,3,89,29.666666666666668,0.0028709368162815,0.4986560273723487,0.4220662098656406,-0.3662150610338521,0,2,3,88,0.0026004841347493,9,2,0.75,45,206,69.0,0.6571428571428571,0.5739783215123293,0.0029611248966087,0.4834682756149638,0.2896559624731328,0.9978460472285314,0.999999583780761,76.37000000000002,13.2,False,False,近期份额下降,2026Q2,False,False,annual_volume | active_years | current_volume | current_share,volume | multiyear | recent_growth | quarters | trend | peak | lower95 | qvalue,88,450,False,False,0.3904535243881922,0.3911076030863186,False,False,0.4994374395881725,0.4225170433147801,False,False,0.5092522517884963,0.4369514081477617,False,False,未进入候选范围审阅,False,False,False,Bismuth / Antimony / Bismuth telluride,未进入候选范围审阅
N0365,Cellulose / Lignin / Hemicellulose,待主题范围审阅,NMF关键词主题,待主题范围审阅,True,False,22,11974,0.0018406413612565,48,11985,0.0039640375970576,26,9992,0.0025873852763132,15,7998,0.0018792434529582,24,7996,0.0029711375212224,22,48,0.4643349908242025,3,89,29.666666666666668,0.0028102221087763,0.6549807417385928,0.4643349908242025,-0.1702668715828039,0,2,3,96,0.0027973547448757,9,1,0.75,60,193,62.333333333333336,0.963157894736842,0.6166940144961341,0.0029611248966087,0.6216020686478106,0.3915313861852769,0.9792224203487953,0.999999583780761,80.72000000000001,22.77,False,False,近期份额下降,2026Q2,False,False,annual_volume | active_years | current_volume | current_share,volume | multiyear | recent_growth | quarters | trend | peak | lower95 | qvalue,63,404,False,False,0.4967835049557509,0.3899980779711801,False,False,0.6559652391856664,0.4648309740149348,False,False,0.6839814857045513,0.4877118543062144,False,False,未进入候选范围审阅,False,False,False,Cellulose / Lignin / Hemicellulose,未进入候选范围审阅
N0366,Environmental chemistry / Soil water / Amine gas treating,待主题范围审阅,NMF关键词主题,待主题范围审阅,True,False,25,11974,0.002086060209424,45,11985,0.0037188393951777,22,9992,0.0021968365553602,17,7998,0.0021217264791464,23,7996,0.0028498666019888,25,45,0.5609438826879927,3,84,28.0,0.0026791341432281,0.7786322363502586,0.5609438826879927,-0.0258705882149001,1,2,3,92,0.002667245386654,9,1,0.75,77,201,55.333333333333336,1.3846153846153846,0.5098926177286601,0.0027956989247311,0.7461676902939992,0.4791928343897677,0.9028898455036288,0.999999583780761,74.60000000000001,37.74000000000001,False,False,近期份额下降,2026Q2,False,False,annual_volume | active_years | current_volume | current_share,multiyear | recent_growth | quarters | trend | peak | lower95 | qvalue,98,325,False,False,0.6394429416449711,0.4922102487821016,False,False,0.7798140569101565,0.5615430594510092,False,False,0.8327274600792055,0.568550891072264,False,False,未进入候选范围审阅,False,False,False,Environmental chemistry / Soil water / Amine gas treating,未进入候选范围审阅
N0367,Char / tar (computing) / Bituminous coal,待主题范围审阅,NMF关键词主题,待主题范围审阅,True,False,10,11974,0.0008589659685863,8,11985,0.0006947282386595,17,9992,0.0017086506541691,10,7998,0.0012730358874878,18,7996,0.002243512005821,10,8,1.2364057206652297,3,35,11.666666666666666,0.0012254715934388,0.7009268702638805,0.3828666690250459,-0.3438649715748987,2,0,3,35,0.0010874482871383,2,0,0.1666666666666666,14,78,32.333333333333336,0.4499999999999999,0.5755096158820471,0.0011745244003308,0.7313308845217905,0.3673557711972898,0.8262722986880897,0.999999583780761,34.730000000000004,36.26,False,False,历史峰值以下的恢复或波动,2026Q2,False,False,annual_volume | active_years | persistence | current_volume,volume | multiyear | quarters | trend | peak | lower95 | qvalue,349,331,False,False,0.7342913839055718,0.9647320876129192,False,False,0.7021431554694167,1.237726397475062,False,False,0.6949042760135575,1.2183233380119944,False,False,未进入候选范围审阅,False,False,False,Char / tar (computing) / Bituminous coal,未进入候选范围审阅
N0368,Crystal (programming language) / Single crystal / Crystal growth,待主题范围审阅,NMF关键词主题,待主题范围审阅,True,False,19,11974,0.001595222513089,12,11985,0.0010216591744993,16,9992,0.0016110134739308,9,7998,0.0011517943743937,9,7996,0.0011520737327188,19,12,1.5614037958115183,3,37,12.333333333333334,0.001261489007608,1.2645552228106998,0.9901981199428842,-0.0049251173603197,3,3,3,47,0.001409298387173,6,0,0.5,53,108,29.666666666666668,1.7608695652173911,0.4654343356584797,0.0012406947890818,1.2857493455497382,0.7438792641809583,0.1859884471380194,0.6691171801599372,43.96000000000001,72.02,False,False,历史峰值以下的恢复或波动,2026Q2,False,False,annual_volume | active_years | persistence | current_volume,volume | trend | peak | lower95 | qvalue,290,126,False,False,1.0759465686356793,1.3322490733702217,False,False,1.2017060703862872,1.4829141028796455,False,False,1.535486200413625,1.6723568801282656,False,False,未进入候选范围审阅,False,False,False,Crystal (programming language) / Single crystal / Crystal growth,未进入候选范围审阅
N0369,Government (linguistics) / Public economics / Economic growth,待主题范围审阅,NMF关键词主题,待主题范围审阅,True,False,41,11974,0.0033949607329842,27,11985,0.0022476501838986,9,9992,0.0009275532122632,18,7998,0.0022429679922405,11,7996,0.001394615571186,41,27,1.510448893384103,3,54,18.0,0.0018060571294674,1.879763755859326,1.510448893384103,0.6487486546231755,3,3,3,77,0.0021900547097153,6,1,0.5,52,90,20.666666666666668,2.446153846153846,0.241923666032363,0.0018031430934656,1.8828016175128488,1.2572892715945485,0.0007957673199763,0.0147364318514132,48.35,89.1,False,False,多年背景上持续抬升,2026Q2,False,True,annual_volume | active_years | persistence | current_volume,,263,34,False,False,1.582275112979701,1.8908748917213212,False,True,1.882745898899116,1.5120622916340367,False,True,2.086006771861074,2.1817305374789107,False,True,范围过宽或样本混杂，暂缓认定,False,False,False,Government (linguistics) / Public economics / Economic growth,数字变电站、可再生能源成本、金矿、森林与预测史混合，Government不足以界定技术方向。
N0370,Carbonation / Sorbent / Flue gas,待主题范围审阅,NMF关键词主题,待主题范围审阅,True,False,20,11974,0.0016770287958115,20,11985,0.0016755210461789,15,9992,0.0015133762936926,10,7998,0.0012730358874878,14,7996,0.0017584283288867,20,20,1.0008998691099475,3,45,15.0,0.0014873110757865,1.127557525196732,0.9537089276042608,0.0513402714176778,2,3,3,55,0.001621975378561,7,0,0.5833333333333334,34,114,34.0,1.0,0.5468213411151986,0.001505376344086,1.1140262715033658,0.6614052622595571,0.3454934239362385,0.8950606837726388,54.88000000000001,57.06,False,False,历史峰值以下的恢复或波动,2026Q2,False,False,annual_volume | active_years | persistence | current_volume,volume | multiyear | recent_growth | quarters | peak | lower95 | qvalue,223,219,False,False,1.0964937047604946,1.2693843258064728,False,False,1.1293457803573248,1.001968988432193,False,False,0.9944547326527226,0.8851066985557224,False,False,未进入候选范围审阅,False,False,False,Carbonation / Sorbent / Flue gas,未进入候选范围审阅
N0371,Zeolite / Molecular sieve / ZSM-5,待主题范围审阅,NMF关键词主题,待主题范围审阅,True,False,19,11974,0.001595222513089,17,11985,0.0014303228442991,20,9992,0.0020015621948838,30,7998,0.0036978661493695,18,7996,0.002243512005821,19,17,1.1152884255796558,3,67,22.33333333333333,0.0023765837295174,0.6712250417589417,0.4313900094412496,-0.1134573699792338,2,3,3,56,0.0016757025174239,8,0,0.6666666666666666,45,123,52.0,0.8679245283018868,0.5072637083767066,0.0022332506203473,0.7143051919720768,0.4315605475239683,0.9075860309455406,0.999999583780761,55.22,40.34,False,False,历史峰值以下的恢复或波动,2026Q2,False,False,annual_volume | active_years | persistence | current_volume,volume | multiyear | recent_growth | quarters | trend | peak | lower95 | qvalue,220,311,False,False,0.4353993998147833,0.6560178195767851,False,False,0.6724102448831811,1.1164797299673008,False,False,0.6441788058575602,0.9862617498192334,False,False,未进入候选范围审阅,False,False,False,Zeolite / Molecular sieve / ZSM-5,未进入候选范围审阅
N0372,Environmental resource management / Environmental planning / Corporate governance,待主题范围审阅,NMF关键词主题,待主题范围审阅,True,False,12,11974,0.0010225785340314,37,11985,0.0030649775234981,28,9992,0.0027826596367896,11,7998,0.0013942774005819,15,7996,0.0018796992481203,12,37,0.3336332897033159,3,76,25.33333333333333,0.0024139715202899,0.4236083671395568,0.3336332897033159,-0.5005398811750781,0,1,3,77,0.0022900718981064,8,1,0.6666666666666666,23,145,49.0,0.48,0.4601673868045342,0.002531017369727,0.4040187737398624,0.2221850704242813,0.9990317485186128,0.999999583780761,60.75000000000001,8.790000000000001,False,False,近期份额下降,2026Q2,False,False,annual_volume | active_years | persistence | current_volume | current_share,volume | multiyear | recent_growth | quarters | trend | peak | lower95 | qvalue,187,466,False,False,0.4182240851364809,0.3458473521631219,False,False,0.4242566346976681,0.3339896628107309,False,False,0.4657259692867109,0.3680081156041916,False,False,未进入候选范围审阅,False,False,False,Environmental resource management / Environmental planning / Corporate governance,未进入候选范围审阅
N0373,EMI / Electromagnetic interference / Electromagnetic shielding,待主题范围审阅,NMF关键词主题,待主题范围审阅,True,False,29,11974,0.0024132853403141,16,11985,0.0013485901103391,18,9992,0.0018062878344073,15,7998,0.0018792434529582,11,7996,0.001394615571186,29,16,1.7894876447723305,3,49,16.333333333333332,0.0016780404659016,1.4381568200248862,1.2841791927039352,0.1448576059388444,4,4,3,63,0.0018560544283535,7,0,0.5833333333333334,44,93,29.33333333333333,1.4835164835164836,0.4710003854517454,0.001637717121588,1.473566654767571,0.9340736551101018,0.0454899024215624,0.3090881317830861,54.05000000000001,82.79999999999998,False,False,多年背景上持续抬升,2026Q2,False,False,annual_volume | active_years | persistence | current_volume,lower95 | qvalue,228,69,False,False,1.1571585449404478,1.6078868126881984,False,False,1.4405786971460357,1.7913991005302845,False,False,1.1860303372161982,1.4953000723065797,False,False,未进入候选范围审阅,False,False,False,EMI / Electromagnetic interference / Electromagnetic shielding,未进入候选范围审阅
N0374,Precipitation / Coupling (piping) / Climatology,待主题范围审阅,NMF关键词主题,待主题范围审阅,True,False,27,11974,0.0022496727748691,16,11985,0.0013485901103391,19,9992,0.0019039250146455,11,7998,0.0013942774005819,17,7996,0.0021222410865874,27,16,1.6681664485165797,3,46,15.333333333333334,0.0015489308418555,1.452403628411237,1.0600458115183249,0.0834336098595094,3,3,3,62,0.0018340626332846,7,0,0.5833333333333334,60,144,37.66666666666666,1.5775862068965518,0.4033070425700691,0.0015384615384615,1.4622873036649215,0.9125655752442566,0.0549655680915439,0.3392936301947158,54.1,78.43,False,False,多年背景上持续抬升,2026Q2,False,False,annual_volume | active_years | persistence | current_volume,lower95 | qvalue,227,86,False,False,1.494251135130378,1.250578632090821,False,False,1.45480190612505,1.669948314053655,False,False,1.4755316923439792,1.8629388607696635,False,False,未进入候选范围审阅,False,False,False,Precipitation / Coupling (piping) / Climatology,未进入候选范围审阅
N0375,Moisture / Water content / Humidity,待主题范围审阅,NMF关键词主题,待主题范围审阅,True,False,35,11974,0.0029041230366492,23,11985,0.0019207192480588,18,9992,0.0018062878344073,11,7998,0.0013942774005819,23,7996,0.0028498666019888,35,23,1.5119976746128996,3,52,17.333333333333332,0.0017070948276827,1.7012078002669575,1.0190382366046562,0.2374288225066427,3,4,3,76,0.0022103767063718,10,1,0.8333333333333334,47,138,40.333333333333336,1.161290322580645,0.3659048201352636,0.0017369727047146,1.671945119670905,1.0920882327955297,0.0078471509476599,0.0912459412518597,61.870000000000005,81.38,False,False,多年背景上持续抬升,2026Q2,False,False,annual_volume | active_years | current_volume,peak | qvalue,182,77,False,False,1.7524016412789596,1.649380665918862,False,False,1.7039014005943691,1.5136127272060786,False,False,1.609140558621755,1.4449881450839934,False,False,未进入候选范围审阅,False,False,False,Moisture / Water content / Humidity,未进入候选范围审阅
N0376,Methylene blue / Cationic polymerization / Methylene,待主题范围审阅,NMF关键词主题,待主题范围审阅,True,False,33,11974,0.0027405104712041,24,11985,0.0020024519820187,28,9992,0.0027826596367896,22,7998,0.0027279340446168,16,7996,0.0020009701673538,33,24,1.3685773720482957,3,74,24.666666666666668,0.0025043485544751,1.094300737933248,0.9848529209148524,-0.0076314839136952,3,3,3,85,0.0025085406966708,8,1,0.6666666666666666,84,217,67.33333333333333,1.2439024390243902,0.5258605233799701,0.002464846980976,1.1118379730489476,0.739552070540732,0.2991779664414939,0.832990625564373,74.57000000000001,63.23,False,False,历史峰值以下的恢复或波动,2026Q2,False,False,annual_volume | active_years | persistence | current_volume,multiyear | trend | peak | lower95 | qvalue,99,188,False,False,1.1517473930116848,1.4278034896671203,False,False,1.0634214543498135,1.329142535675358,False,False,1.1696677120921526,1.6943471086638116,False,False,未进入候选范围审阅,False,False,False,Methylene blue / Cationic polymerization / Methylene,未进入候选范围审阅
N0377,Condenser (optics) / Evaporator / Heat pipe,待主题范围审阅,NMF关键词主题,待主题范围审阅,True,False,11,11974,0.0009407722513089,7,11985,0.0006129955046996,12,9992,0.0012204647529779,8,7998,0.0010305528612997,11,7996,0.001394615571186,11,7,1.534713132635253,3,27,9.0,0.000954671039659,0.9854412800087092,0.674574607329843,-0.1301429641614286,4,1,3,30,0.0009247441696621,2,0,0.1666666666666666,19,55,18.0,1.0526315789473684,0.4196451451898605,0.0009098428453267,1.0339942289386006,0.5195130144080388,0.4780464493309942,0.999999583780761,21.49,59.47,False,False,历史峰值以下的恢复或波动,2026Q2,False,False,annual_volume | active_years | persistence | current_volume,volume | multiyear | trend | peak | lower95 | qvalue,426,212,False,False,1.0026859460070967,1.1131524087841376,False,False,1.0219739092488611,1.5363524489293623,False,False,0.8341858731464441,1.289726903609767,False,False,未进入候选范围审阅,False,False,False,Condenser (optics) / Evaporator / Heat pipe,未进入候选范围审阅
N0378,Transport engineering / Truck / Engineering,待主题范围审阅,NMF关键词主题,待主题范围审阅,True,False,7,11974,0.0006135471204188,21,11985,0.0017572537801389,16,9992,0.0016110134739308,14,7998,0.0017580019398642,15,7996,0.0018796992481203,7,21,0.3491511171313771,3,51,17.0,0.001708756397978,0.3590606134056706,0.3264070680628272,-0.4826808398740381,1,0,3,44,0.0013272714581628,4,0,0.3333333333333333,11,63,24.0,0.48,0.4046867363930392,0.0017038875103391,0.3600866352361104,0.1673874249063817,0.9972832994935362,0.999999583780761,29.669999999999995,10.239999999999998,False,False,近期份额下降,2026Q2,False,False,annual_volume | active_years | persistence | current_volume | current_share,volume | multiyear | recent_growth | quarters | trend | peak | lower95 | qvalue,371,461,False,False,0.3685013933417345,0.3930389986571152,False,False,0.365473578051495,0.3665740201581193,False,False,0.4164900182263305,0.3793314422381668,False,False,未进入候选范围审阅,False,False,False,Transport engineering / Truck / Engineering,未进入候选范围审阅
N0379,Anodizing / Ethylene glycol / Titanium,待主题范围审阅,NMF关键词主题,待主题范围审阅,True,False,8,11974,0.0006953534031413,2,11985,0.0002043318348998,4,9992,0.000439367311072,4,7998,0.0005455868089233,9,7996,0.0011520737327188,8,2,3.403059554973822,3,10,3.333333333333333,0.0003964286516317,1.7540442656683994,0.6035667539267016,0.2295422236680955,4,0,3,14,0.0004463508497044,0,0,0.0,13,25,5.0,2.333333333333333,0.4134966527779711,0.0003473945409429,2.0016244390426325,0.8102805592352548,0.0675853539159496,0.384739892724641,11.28,93.68,False,False,历史峰值以下的恢复或波动,2026Q2,False,False,annual_volume | active_years | persistence | current_volume,volume | baseline | peak | lower95 | qvalue,478,14,False,False,1.4849232586970762,6.753124613290435,False,False,1.7571544140312407,3.406694560669456,False,False,1.2361637940383268,2.169775849602314,False,False,未进入候选范围审阅,False,False,False,Anodizing / Ethylene glycol / Titanium,未进入候选范围审阅
N0380,Energy management / Energy management system / Power management,待主题范围审阅,NMF关键词主题,待主题范围审阅,True,False,32,11974,0.0026587041884816,30,11985,0.0024928483857785,37,9992,0.0036613942589338,15,7998,0.0018792434529582,16,7996,0.0020009701673538,32,30,1.0665326474122394,3,82,27.33333333333333,0.0026778286992235,0.9928582023385576,0.7261452879581153,-0.1600025815122396,2,3,3,99,0.0029376489443979,11,3,0.9166666666666666,55,157,49.66666666666666,1.105263157894737,0.4964544940010534,0.0027295285359801,0.9740525345073776,0.6490755263902549,0.5446736919188732,0.999999583780761,77.39999999999999,48.57,False,False,历史峰值以下的恢复或波动,2026Q2,False,False,annual_volume | current_volume,multiyear | recent_growth | quarters | trend | peak | lower95 | qvalue,83,259,False,False,1.134440911802361,1.0057845168730433,False,False,0.9944683403788208,1.0676718729195498,False,False,0.982665641707476,1.0208674252514875,False,False,未进入候选范围审阅,False,False,False,Energy management / Energy management system / Power management,未进入候选范围审阅
N0381,Sensitivity (control systems) / Electronic engineering / Parametric statistics,待主题范围审阅,NMF关键词主题,待主题范围审阅,True,False,44,11974,0.0036403795811518,18,11985,0.001512055578259,20,9992,0.0020015621948838,21,7998,0.0026066925315227,15,7996,0.0018796992481203,44,18,2.4075699554266308,3,59,19.666666666666668,0.0020401034348885,1.7844093191042911,1.396551199318154,0.2990799918220128,4,4,3,82,0.0023846657847649,8,1,0.6666666666666666,106,190,42.0,2.488372093023256,0.4076707106783862,0.0019685690653432,1.8492516443750275,1.2539916978579928,0.0007134528713362,0.0137202475256978,67.69000000000001,93.83,False,False,多年背景上持续抬升,2026Q2,False,True,annual_volume | active_years | persistence | current_volume,,142,13,False,False,1.6440865161079383,2.1795799016440025,False,True,1.787462505814059,2.4101416208233832,False,True,1.7707731690405693,2.169775849602314,False,True,范围过宽或样本混杂，暂缓认定,False,False,False,Sensitivity (control systems) / Electronic engineering / Parametric statistics,柔性压力传感器、沼气模型、统计阈值与伤口绷带混合，Sensitivity为通用指标。
N0382,Electron transfer / Photochemistry / Proton,待主题范围审阅,NMF关键词主题,待主题范围审阅,True,False,33,11974,0.0027405104712041,39,11985,0.003228442991418,47,9992,0.0046377660613161,31,7998,0.0038191076624636,34,7996,0.004183846713558,33,39,0.8488644459540062,3,117,39.0,0.0038951055717326,0.7035779700279496,0.5909117525489116,-0.2630442957966905,2,4,3,119,0.0035355731746461,12,3,1.0,87,268,105.66666666666669,0.825,0.6483498148871617,0.0038875103391232,0.704952587167205,0.480219707242039,0.9622878731286912,0.999999583780761,91.93,33.349999999999994,False,False,近期份额下降,2026Q2,False,False,annual_volume | current_volume,multiyear | recent_growth | quarters | trend | peak | lower95 | qvalue,15,350,False,False,0.6810297173108989,0.7377363022922323,False,False,0.7097182135699336,0.8718431457786614,False,False,0.7107218800046176,0.8284598698481562,False,False,未进入候选范围审阅,False,False,False,Electron transfer / Photochemistry / Proton,未进入候选范围审阅
N0383,Schottky barrier / Schottky diode / Diode,待主题范围审阅,NMF关键词主题,待主题范围审阅,True,False,18,11974,0.0015134162303664,9,11985,0.0007764609726195,12,9992,0.0012204647529779,21,7998,0.0026066925315227,12,7996,0.0015158864904195,18,9,1.9491207977404243,3,42,14.0,0.00153453941904,0.9862348347579052,0.5805887008401315,0.1075688841961084,4,1,3,39,0.0011701139853213,2,0,0.1666666666666666,43,76,32.333333333333336,1.3199999999999998,0.4322580549847,0.0014061207609594,1.0763060132429936,0.623504167420791,0.4013437160850349,0.9644089494630352,29.09,70.91,False,False,历史峰值以下的恢复或波动,2026Q2,False,False,annual_volume | active_years | persistence | current_volume,volume | multiyear | peak | lower95 | qvalue,373,134,False,False,1.0725853599900688,2.003674335811448,False,False,0.9880097585668404,1.9512027669469023,False,False,0.9712770209615867,1.914508102590277,False,False,未进入候选范围审阅,False,False,False,Schottky barrier / Schottky diode / Diode,未进入候选范围审阅
N0384,Anisotropy / Condensed matter physics / Isotropy,待主题范围审阅,NMF关键词主题,待主题范围审阅,True,False,22,11974,0.0018406413612565,16,11985,0.0013485901103391,27,9992,0.0026850224565514,18,7998,0.0022429679922405,17,7996,0.0021222410865874,22,16,1.3648634578772012,3,61,20.33333333333333,0.0020921935197103,0.879766304558351,0.6855217753450739,-0.1887875074229783,3,3,3,65,0.0019580846427157,8,0,0.6666666666666666,61,148,49.333333333333336,1.2317880794701983,0.3731372593816333,0.0020347394540942,0.9046078885199846,0.5581293807093862,0.6596678870454309,0.999999583780761,54.99000000000001,52.35999999999999,False,False,历史峰值以下的恢复或波动,2026Q2,False,False,annual_volume | active_years | persistence | current_volume,volume | multiyear | trend | peak | lower95 | qvalue,222,240,False,False,0.8630373454311201,1.1962677886400197,False,False,0.8929135236443383,1.45447111224028,False,False,0.9119313498485442,1.285128946734153,False,False,未进入候选范围审阅,False,False,False,Anisotropy / Condensed matter physics / Isotropy,未进入候选范围审阅
N0385,Grain boundary / Grain size / Grain growth,待主题范围审阅,NMF关键词主题,待主题范围审阅,True,False,26,11974,0.0021678664921465,10,11985,0.0008581937065794,18,9992,0.0018062878344073,12,7998,0.001515518913676,19,7996,0.0023647829250545,26,10,2.526080622039392,3,40,13.333333333333334,0.0013933334848876,1.5558848729752894,0.9167295945764532,0.0912348407620458,4,3,3,54,0.0016107826777111,4,0,0.3333333333333333,76,141,35.666666666666664,2.1,0.5073523592983515,0.0013399503722084,1.6178707339538492,0.9914332597745448,0.0253954255958849,0.200669884573227,52.08999999999999,87.52,False,False,历史峰值以下的恢复或波动,2026Q2,False,False,annual_volume | active_years | persistence | current_volume,peak | lower95 | qvalue,240,48,False,False,1.9595699143724308,2.894196262838758,False,False,1.558571978916597,2.528778875566964,False,False,1.3709457202863105,2.335883091677132,False,False,未进入候选范围审阅,False,False,False,Grain boundary / Grain size / Grain growth,未进入候选范围审阅
N0386,CZTS / Kesterite / Chemical engineering,待主题范围审阅,NMF关键词主题,待主题范围审阅,True,False,8,11974,0.0006953534031413,11,11985,0.0009399264405394,8,9992,0.0008299160320249,7,7998,0.0009093113482056,11,7996,0.001394615571186,8,11,0.7397955554290917,3,26,8.666666666666666,0.00089305127359,0.7786265175414591,0.4985986228090143,-0.088452159691903,2,1,3,27,0.0008217319585685,2,0,0.1666666666666666,21,75,24.666666666666668,0.8571428571428571,0.5545210601138498,0.0008767576509511,0.7930964758470809,0.3662585682458055,0.7414178723675444,0.999999583780761,28.93,37.99,False,False,近期份额下降,2026Q2,False,False,annual_volume | active_years | persistence | current_volume | current_share,volume | multiyear | recent_growth | quarters | trend | peak | lower95 | qvalue,374,323,False,False,0.943251590075224,0.8163117664417009,False,False,0.7798848576134971,0.7405857740585774,False,False,0.773614915872429,0.7289760759533466,False,False,未进入候选范围审阅,False,False,False,CZTS / Kesterite / Chemical engineering,未进入候选范围审阅
N0387,Molybdenum / Molybdenum disulfide / Metallurgy,待主题范围审阅,NMF关键词主题,待主题范围审阅,True,False,8,11974,0.0006953534031413,23,11985,0.0019207192480588,17,9992,0.0017086506541691,13,7998,0.0016367604267701,20,7996,0.0024860538442881,8,23,0.3620276122312577,3,53,17.666666666666668,0.0017553767763326,0.3961277217043299,0.2797016664538373,-0.4495195184085019,1,1,3,48,0.0014415744351231,7,0,0.5833333333333334,26,133,48.333333333333336,0.5472972972972973,0.5696976318636332,0.0017700578990901,0.3928421796251896,0.1905084032617882,0.9962103488843695,0.999999583780761,51.23000000000001,11.93,False,False,近期份额下降,2026Q2,False,False,annual_volume | active_years | persistence | current_volume | current_share,volume | multiyear | recent_growth | quarters | trend | peak | lower95 | qvalue,247,455,False,False,0.334377916638763,0.2993996133971128,False,False,0.396761346449688,0.3624143149648357,False,False,0.4071329561275636,0.3725877721539327,False,False,未进入候选范围审阅,False,False,False,Molybdenum / Molybdenum disulfide / Metallurgy,未进入候选范围审阅
N0388,Electronic structure / Valence (chemistry) / Electronic band structure,待主题范围审阅,NMF关键词主题,待主题范围审阅,True,False,33,11974,0.0027405104712041,7,11985,0.0006129955046996,10,9992,0.0010251903925014,12,7998,0.001515518913676,14,7996,0.0017584283288867,33,7,4.470686082024432,3,29,9.666666666666666,0.001051234936959,2.606943866545935,1.5584999548654992,0.4916329311418685,4,3,3,50,0.001459565456135,3,1,0.25,96,145,27.666666666666668,3.383720930232558,0.5066482250978473,0.0009760132340777,2.807861999733783,1.7118099818548471,8.297113113018123e-06,0.0003771415051371,49.540000000000006,98.81,False,False,多年背景上持续抬升,2026Q2,False,True,annual_volume | active_years | persistence | current_volume,,256,6,False,False,2.390633700226545,7.52491028338077,False,True,2.6115364124126264,4.475461481663794,False,True,2.8105467225373872,4.273800915883346,False,True,有样本依据的条件性跟踪方向,False,True,False,能源材料电子结构,样本为热电金属间化合物、能源采集钙钛矿、卤化物和钴酸锂电子结构；属于材料机理研究，不能推断工程成熟度。
N0389,Aerogel / Chemical engineering / Thermal insulation,待主题范围审阅,NMF关键词主题,待主题范围审阅,True,False,32,11974,0.0026587041884816,27,11985,0.0022476501838986,21,9992,0.002099199375122,26,7998,0.0032129000969932,25,7996,0.0030924084404559,32,27,1.1828816634935746,3,74,24.666666666666668,0.0025199165520046,1.0550762827311213,0.8275091376074286,0.1181414174091344,2,3,3,80,0.0023351845825007,7,1,0.5833333333333334,84,166,53.66666666666666,1.554878048780488,0.5847766647180791,0.002464846980976,1.078648779823606,0.7143943110775047,0.3536934202977047,0.9069062058915506,73.99,63.5,False,False,历史峰值以下的恢复或波动,2026Q2,False,False,annual_volume | active_years | persistence | current_volume,multiyear | quarters | peak | lower95 | qvalue,101,184,False,False,1.0509301769816322,1.2693843258064728,False,False,1.0684008893202246,1.228829891473444,False,False,1.062266174530698,1.2800418455100693,False,False,未进入候选范围审阅,False,False,False,Aerogel / Chemical engineering / Thermal insulation,未进入候选范围审阅
N0390,Simulation / Robot / Computer simulation,待主题范围审阅,NMF关键词主题,待主题范围审阅,True,False,9,11974,0.0007771596858638,7,11985,0.0006129955046996,11,9992,0.0011228275727396,4,7998,0.0005455868089233,12,7996,0.0015158864904195,9,7,1.2678065008726005,3,22,7.333333333333333,0.0007604699621209,1.0219465916792103,0.5126767015706806,-0.1839797780732577,2,0,3,27,0.000837660921101,0,0,0.0,13,41,11.666666666666666,1.105263157894737,0.4961807369358041,0.0007444168734491,1.0439845113438044,0.489035667101719,0.4760007965209915,0.999999583780761,20.34,52.01,False,False,历史峰值以下的恢复或波动,2026Q2,False,False,annual_volume | active_years | persistence | current_volume,volume | baseline | multiyear | quarters | trend | peak | lower95 | qvalue,436,244,False,False,0.6549390714066763,0.9647320876129192,False,False,1.0236360041827757,1.2691607186807776,False,False,1.0460753355971657,1.4414594805050336,False,False,未进入候选范围审阅,False,False,False,Simulation / Robot / Computer simulation,未进入候选范围审阅
N0391,Fermentation / Biohydrogen / Food science,待主题范围审阅,NMF关键词主题,待主题范围审阅,True,False,28,11974,0.0023314790575916,26,11985,0.0021659174499387,22,9992,0.0021968365553602,21,7998,0.0026066925315227,19,7996,0.0023647829250545,28,26,1.0764394818729626,3,69,23.0,0.0023231488456072,1.0035857418262786,0.8944204310239863,0.0297422293402123,2,3,3,76,0.0022314110209635,9,0,0.75,80,171,55.333333333333336,1.4378698224852071,0.53888233739048,0.0022994210090984,1.0139417915929037,0.6556539374866501,0.4719945313656624,0.999999583780761,71.55,56.47,False,False,历史峰值以下的恢复或波动,2026Q2,False,False,annual_volume | active_years | current_volume,multiyear | recent_growth | quarters | peak | lower95 | qvalue,110,224,False,False,1.409276527581636,0.8604367267899009,False,False,1.0052446892110425,1.0775892894459431,False,False,0.9796641574323643,1.0667729130697832,False,False,未进入候选范围审阅,False,False,False,Fermentation / Biohydrogen / Food science,未进入候选范围审阅
N0392,Hematite / Magnetite / Iron oxide,待主题范围审阅,NMF关键词主题,待主题范围审阅,True,False,7,11974,0.0006135471204188,11,11985,0.0009399264405394,7,9992,0.0007322788517867,10,7998,0.0012730358874878,14,7996,0.0017584283288867,7,11,0.6527607842021397,3,28,9.333333333333334,0.000981747059938,0.6249543751703012,0.3489179003430222,-0.088452159691903,2,0,3,25,0.000761917470915,0,0,0.0,7,32,22.33333333333333,0.3428571428571428,0.5558497633136795,0.0009429280397022,0.6506828671810416,0.2910966516531948,0.868582818880034,0.999999583780761,22.820000000000004,28.59,False,False,近期份额下降,2026Q2,False,False,annual_volume | active_years | persistence | current_volume | current_share,volume | multiyear | recent_growth | quarters | trend | peak | lower95 | qvalue,414,376,False,False,0.5484535065379331,0.7893262535014793,False,False,0.6259918584796139,0.653458035934039,False,False,0.6237829489964276,0.6432141846647176,False,False,未进入候选范围审阅,False,False,False,Hematite / Magnetite / Iron oxide,未进入候选范围审阅
N0393,Yttria-stabilized zirconia / Cubic zirconia / Yttrium,待主题范围审阅,NMF关键词主题,待主题范围审阅,True,False,9,11974,0.0007771596858638,6,11985,0.0005312627707396,9,9992,0.0009275532122632,6,7998,0.0007880698351115,7,7996,0.0009095318942517,9,6,1.4628536548530002,3,21,7.0,0.0007489619393714,1.0376491047276086,0.8378599476439791,-0.088452159691903,3,0,3,24,0.0007453252229555,0,0,0.0,22,50,13.0,1.6428571428571428,0.3858054488849594,0.0007113316790736,1.0925419304760744,0.5091180671739968,0.4299026759970326,0.999999583780761,13.849999999999998,62.53999999999999,False,False,历史峰值以下的恢复或波动,2026Q2,False,False,annual_volume | active_years | persistence | current_volume,volume | baseline | multiyear | trend | peak | lower95 | qvalue,472,192,False,False,0.9961152926720968,1.79164530556685,False,False,1.03941494076013,1.464416213862436,False,False,1.0112410075340883,1.5242227042660883,False,False,未进入候选范围审阅,False,False,False,Yttria-stabilized zirconia / Cubic zirconia / Yttrium,未进入候选范围审阅
N0394,Test (biology) / Morphology (biology) / Test bench,待主题范围审阅,NMF关键词主题,待主题范围审阅,True,False,11,11974,0.0009407722513089,10,11985,0.0008581937065794,5,9992,0.0005370044913102,7,7998,0.0009093113482056,6,7996,0.0007882609750181,11,10,1.096223666168038,3,22,7.333333333333333,0.0007681698486984,1.224693019262444,1.0345986038394417,0.2803473118734865,2,0,3,26,0.0007786568163995,1,0,0.0833333333333333,8,30,8.0,1.0,0.2361428711503081,0.0007444168734491,1.2637707242582896,0.621023829439493,0.2711268215491005,0.7881593649683154,10.05,66.08000000000001,False,False,平稳或增长证据不足,2026Q2,False,False,annual_volume | active_years | persistence | current_volume,volume | baseline | multiyear | recent_growth | quarters | peak | lower95 | qvalue,481,165,False,False,1.4746296444158948,1.093363032627975,False,False,1.226668320277436,1.097394606378116,False,False,1.575965761103897,1.1938958024127564,False,False,未进入候选范围审阅,False,False,False,Test (biology) / Morphology (biology) / Test bench,未进入候选范围审阅
N0395,Turbulence / Turbulence kinetic energy / Reynolds number,待主题范围审阅,NMF关键词主题,待主题范围审阅,True,False,35,11974,0.0029041230366492,10,11985,0.0008581937065794,15,9992,0.0015133762936926,9,7998,0.0011517943743937,8,7996,0.0010308028134853,35,10,3.383994795562204,3,34,11.333333333333334,0.0011744547915553,2.4727414435453468,1.9189695575071777,0.3258941765861816,4,3,3,60,0.0017585643456404,3,1,0.25,55,100,25.33333333333333,2.126582278481013,0.342721655634192,0.0011414392059553,2.5442643125426816,1.5924347036378088,2.2233116101880397e-05,0.000653915179467,42.47,96.57,False,False,多年背景上持续抬升,2026Q2,False,True,annual_volume | active_years | persistence | current_volume,,298,8,False,True,2.43278491458947,3.234689940819788,False,True,2.535783429767469,3.744199904141353,False,True,2.366081702160519,3.3740533546447464,False,True,有样本依据的条件性跟踪方向,False,True,False,湍流与聚变等离子体输运,已显示样本多数是等离子体湍流、EAST、L-H转变，另含含氢管流；两类子任务仍需区分。
N0396,Incentive / Microeconomics / Tariff,待主题范围审阅,NMF关键词主题,待主题范围审阅,True,False,32,11974,0.0026587041884816,11,11985,0.0009399264405394,23,9992,0.0022944737355985,14,7998,0.0017580019398642,22,7996,0.0027285956827552,32,11,2.8286300648759397,3,48,16.0,0.0016641340386673,1.597650265366079,0.9743855439208844,0.0736676744008861,4,4,3,66,0.0019643681215398,8,1,0.6666666666666666,45,99,29.0,1.5333333333333334,0.3012710753539682,0.0016046319272125,1.656893486533168,1.0625105101889922,0.0115749503419707,0.120098510940895,49.52,86.08,False,False,历史峰值以下的恢复或波动,2026Q2,False,False,annual_volume | active_years | persistence | current_volume,peak | qvalue,257,56,False,False,1.3761595215910114,3.771225433395957,False,False,1.6004255184549478,2.831651489047502,False,False,1.365219627302304,2.9587852494577005,False,False,未进入候选范围审阅,False,False,False,Incentive / Microeconomics / Tariff,未进入候选范围审阅
N0397,Ligand (biochemistry) / Stereochemistry / Combinatorial chemistry,待主题范围审阅,NMF关键词主题,待主题范围审阅,True,False,16,11974,0.0013498036649214,15,11985,0.0012668573763792,17,9992,0.0017086506541691,23,7998,0.0028491755577109,18,7996,0.002243512005821,16,15,1.065474054213815,3,55,18.33333333333333,0.0019415611960864,0.6952156170211048,0.4737523671605213,-0.1178724097033701,2,1,3,48,0.0014417705651566,4,0,0.3333333333333333,46,132,49.66666666666666,0.9276315789473684,0.5164021595869795,0.0018362282878411,0.7350957796802037,0.4242899592350486,0.8690835124767703,0.999999583780761,46.16,40.06,False,False,历史峰值以下的恢复或波动,2026Q2,False,False,annual_volume | active_years | persistence | current_volume,volume | multiyear | recent_growth | quarters | trend | peak | lower95 | qvalue,279,314,False,False,0.6184033854999643,0.8316655927697579,False,False,0.696430018596242,1.0666121489762057,False,False,0.7426203602642607,1.1323746016443053,False,False,未进入候选范围审阅,False,False,False,Ligand (biochemistry) / Stereochemistry / Combinatorial chemistry,未进入候选范围审阅
N0398,Divertor / Heat flux / DIII-D,待主题范围审阅,NMF关键词主题,待主题范围审阅,True,False,14,11974,0.0011861910994764,17,11985,0.0014303228442991,9,9992,0.0009275532122632,9,7998,0.0011517943743937,9,7996,0.0011520737327188,14,17,0.8293170344053852,3,35,11.666666666666666,0.001169890143652,1.0139337491753695,0.8293170344053852,0.1229762657181137,1,1,3,40,0.0011813557186796,3,0,0.25,21,65,31.666666666666668,0.6734693877551019,0.3756624303869015,0.0011745244003308,1.0099331262443771,0.5482753897781323,0.4983144046188626,0.999999583780761,25.590000000000003,48.24,False,False,近期份额下降,2026Q2,False,False,annual_volume | active_years | persistence | current_volume,volume | multiyear | recent_growth | quarters | peak | lower95 | qvalue,397,266,False,False,1.1182593852127072,0.8402505279209296,False,False,1.0155280313294022,0.8302028761295314,False,False,1.0573604998794384,0.9226319595083152,False,False,未进入候选范围审阅,False,False,False,Divertor / Heat flux / DIII-D,未进入候选范围审阅
N0399,Computational fluid dynamics / Fluent / Reynolds-averaged Navier–Stokes equations,待主题范围审阅,NMF关键词主题,待主题范围审阅,True,False,38,11974,0.0031495418848167,27,11985,0.0022476501838986,26,9992,0.0025873852763132,20,7998,0.0024854510184287,13,7996,0.0016371574096531,38,27,1.4012598167539263,3,73,24.33333333333333,0.0024401621595468,1.2907100753507403,1.2172682258223846,0.0983045944588778,3,3,3,91,0.0026615257816762,11,1,0.9166666666666666,71,189,54.66666666666666,1.2934131736526946,0.4415183886058599,0.0024317617866004,1.2951687546746449,0.8769608309157902,0.0918985944001717,0.435645918704822,75.07,71.66,False,False,多年背景上持续抬升,2026Q2,False,False,annual_volume | active_years | current_volume,lower95 | qvalue,95,129,False,False,1.4221825645429833,1.8937333571661008,False,False,1.292837093663083,1.4027565838050702,False,False,1.2148301536177892,1.273174258857556,False,False,未进入候选范围审阅,False,False,False,Computational fluid dynamics / Fluent / Reynolds-averaged Navier–Stokes equations,未进入候选范围审阅
N0400,Embedded system / Field-programmable gate array / Computer hardware,待主题范围审阅,NMF关键词主题,待主题范围审阅,True,False,3,11974,0.0002863219895287,14,11985,0.0011851246424192,21,9992,0.002099199375122,11,7998,0.0013942774005819,10,7996,0.0012733446519524,3,14,0.2415965201299873,3,46,15.333333333333334,0.001559533806041,0.1835946027073492,0.1363958054304151,-0.9960971430110276,0,0,3,38,0.00119021533569,4,0,0.3333333333333333,2,49,19.0,0.15,0.3190110062079566,0.0015384615384615,0.1861092931937172,0.0628001252458257,0.999746764385686,0.999999583780761,19.93,1.85,False,False,近期份额下降,2026Q2,False,False,annual_volume | active_years | persistence | current_volume | current_share,volume | multiyear | recent_growth | quarters | trend | peak | lower95 | qvalue,437,492,False,False,0.2194353411518789,0.3215773625376397,False,False,0.1839026018132945,0.2418545834146672,False,False,0.2135458396427588,0.2761532899493853,False,False,未进入候选范围审阅,False,False,False,Embedded system / Field-programmable gate array / Computer hardware,未进入候选范围审阅
N0401,Stack (abstract data type) / Volumetric flow rate / Direct methanol fuel cell,待主题范围审阅,NMF关键词主题,待主题范围审阅,True,False,20,11974,0.0016770287958115,17,11985,0.0014303228442991,14,9992,0.0014157391134544,14,7998,0.0017580019398642,14,7996,0.0017584283288867,20,17,1.17248270381451,3,45,15.0,0.0015346879658725,1.0927490363541112,0.9537089276042608,0.0846859586670141,3,2,3,51,0.001507696917855,4,0,0.3333333333333333,34,106,33.0,1.0294117647058822,0.5225335770654869,0.001505376344086,1.1140262715033658,0.6614052622595571,0.3454934239362385,0.8950606837726388,46.52,62.46999999999999,False,False,历史峰值以下的恢复或波动,2026Q2,False,False,annual_volume | active_years | persistence | current_volume,volume | multiyear | peak | lower95 | qvalue,274,193,False,False,1.885610160234048,2.3005149781538843,False,False,1.1241494786329351,1.1737351007348549,False,False,1.1190327514210738,1.32635200837759,False,False,未进入候选范围审阅,False,False,False,Stack (abstract data type) / Volumetric flow rate / Direct methanol fuel cell,未进入候选范围审阅
N0402,Salt (chemistry) / Ethylene glycol / Molten salt,待主题范围审阅,NMF关键词主题,待主题范围审阅,True,False,20,11974,0.0016770287958115,42,11985,0.0034736411932979,27,9992,0.0026850224565514,32,7998,0.0039403491755577,24,7996,0.0029711375212224,20,42,0.4827869956883276,3,101,33.666666666666664,0.003366337608469,0.498176056849572,0.4256041079339508,-0.2353327189559841,0,2,3,89,0.0026118974818869,8,1,0.6666666666666666,52,184,71.33333333333333,0.7327188940092166,0.5777442416856653,0.0033581472291149,0.4993910872256467,0.3106886816607807,0.9983091546410546,0.999999583780761,75.9,16.43,False,False,近期份额下降,2026Q2,False,False,annual_volume | active_years | persistence | current_volume | current_share,volume | multiyear | recent_growth | quarters | trend | peak | lower95 | qvalue,90,432,False,False,0.3280451649416462,0.3529507637608241,False,False,0.4989893589182679,0.4833026885378813,False,False,0.4652242955216242,0.4483007953723789,False,False,未进入候选范围审阅,False,False,False,Salt (chemistry) / Ethylene glycol / Molten salt,未进入候选范围审阅
N0403,Eutectic system / Molten salt / Deep eutectic solvent,待主题范围审阅,NMF关键词主题,待主题范围审阅,True,False,34,11974,0.0028223167539267,39,11985,0.003228442991418,32,9992,0.0031732083577426,20,7998,0.0024854510184287,27,7996,0.0033349502789231,34,39,0.8742036831466631,3,91,30.33333333333333,0.0029623674558631,0.9527233862702472,0.8462845073774393,-0.058592542341092,2,4,3,105,0.0030746560343624,12,3,1.0,66,202,60.66666666666666,1.0864864864864865,0.5204106388640732,0.0030272952853598,0.9322898785511972,0.6302163171571719,0.6305313167251987,0.999999583780761,83.4,47.25,False,False,近期份额下降,2026Q2,False,False,annual_volume | current_volume,multiyear | recent_growth | quarters | trend | peak | lower95 | qvalue,47,272,False,False,1.1276436974687951,1.2954973747944916,False,False,0.9542416210201928,0.8751374709091305,False,False,0.8807486732030559,0.8195696230892223,False,False,未进入候选范围审阅,False,False,False,Eutectic system / Molten salt / Deep eutectic solvent,未进入候选范围审阅
N0404,Silicon carbide / Carbide / Palladium,待主题范围审阅,NMF关键词主题,待主题范围审阅,True,False,24,11974,0.0020042539267015,12,11985,0.0010216591744993,16,9992,0.0016110134739308,8,7998,0.0010305528612997,19,7996,0.0023647829250545,24,12,1.9617637434554973,3,36,12.0,0.0012210751699099,1.641384556897764,0.847542455363136,0.1092042086301701,3,3,3,52,0.0015456421917106,6,0,0.5,54,108,24.0,2.2,0.4605703505748875,0.0012076095947063,1.6596869845083555,0.9947354019703036,0.0246358901832838,0.200669884573227,47.260000000000005,85.07,False,False,历史峰值以下的恢复或波动,2026Q2,False,False,annual_volume | active_years | persistence | current_volume,volume | peak | lower95 | qvalue,267,58,False,False,1.893987238289773,2.0817902943226154,False,False,1.6441014495006827,1.963859217327098,False,False,1.6248910690720444,1.6963702096890816,False,False,未进入候选范围审阅,False,False,False,Silicon carbide / Carbide / Palladium,未进入候选范围审阅
N0405,Ruthenium / Photochemistry / Ruthenium oxide,待主题范围审阅,NMF关键词主题,待主题范围审阅,True,False,9,11974,0.0007771596858638,17,11985,0.0014303228442991,15,9992,0.0015133762936926,9,7998,0.0011517943743937,9,7996,0.0011520737327188,9,17,0.5433456432311145,3,41,13.666666666666666,0.0013651645041285,0.5692791480540196,0.5135270646850194,-0.333226272351256,0,0,3,41,0.0012402862746185,3,0,0.25,28,107,36.0,0.7837837837837838,0.5020477137988157,0.0013730355665839,0.5660156989213397,0.2796885589162359,0.950720831264356,0.999999583780761,36.16,17.32,False,False,近期份额下降,2026Q2,False,False,annual_volume | active_years | persistence | current_volume | current_share,volume | multiyear | recent_growth | quarters | trend | peak | lower95 | qvalue,337,429,False,False,0.5091335265663868,0.501660685558718,False,False,0.5701923393451641,0.5439260222917619,False,False,0.5416919917966443,0.5080742347553627,False,False,未进入候选范围审阅,False,False,False,Ruthenium / Photochemistry / Ruthenium oxide,未进入候选范围审阅
N0406,Cavitation / Nozzle / Propeller,待主题范围审阅,NMF关键词主题,待主题范围审阅,True,False,18,11974,0.0015134162303664,20,11985,0.0016755210461789,27,9992,0.0026850224565514,15,7998,0.0018792434529582,15,7996,0.0018796992481203,18,20,0.903251101391904,3,62,20.666666666666668,0.0020799289852295,0.7276287994031886,0.5636512375059496,-0.2866597959860262,2,2,3,65,0.0019579865776989,7,0,0.5833333333333334,30,102,36.0,0.8378378378378378,0.3984153979064396,0.0020678246484698,0.7318880890052356,0.4356591541369364,0.8845752093682928,0.999999583780761,50.150000000000006,35.0,False,False,近期份额下降,2026Q2,False,False,annual_volume | active_years | persistence | current_volume,volume | multiyear | recent_growth | quarters | trend | peak | lower95 | qvalue,252,343,False,False,0.5544104983822701,0.7331963865858185,False,False,0.7288419486151395,0.904215916390028,False,False,0.7189462397429356,0.9299039355438486,False,False,未进入候选范围审阅,False,False,False,Cavitation / Nozzle / Propeller,未进入候选范围审阅
N0407,State of charge / Kalman filter / Extended Kalman filter,待主题范围审阅,NMF关键词主题,待主题范围审阅,True,False,25,11974,0.002086060209424,14,11985,0.0011851246424192,25,9992,0.0024897480960749,25,7998,0.0030916585838991,24,7996,0.0029711375212224,25,14,1.760203218089908,3,64,21.33333333333333,0.0022555104407978,0.9248727789910918,0.6747382198952879,-0.088452159691903,3,3,3,64,0.0019203109826394,6,0,0.5,63,118,36.0,1.7297297297297298,0.5476371314547404,0.0021339950372208,0.9775375167417508,0.6180376014564763,0.5378421362684432,0.999999583780761,59.74999999999999,62.1,False,False,历史峰值以下的恢复或波动,2026Q2,False,False,annual_volume | active_years | persistence | current_volume,multiyear | trend | peak | lower95 | qvalue,191,196,False,False,1.0377224171846364,1.8786888021935797,False,False,0.9265100715433616,1.7620833934497184,False,False,0.8973842352027579,1.843880662705524,False,False,未进入候选范围审阅,False,False,False,State of charge / Kalman filter / Extended Kalman filter,未进入候选范围审阅
N0408,Monte Carlo method / Statistical physics / Computational physics,待主题范围审阅,NMF关键词主题,待主题范围审阅,True,False,31,11974,0.0025768979057591,23,11985,0.0019207192480588,9,9992,0.0009275532122632,4,7998,0.0005455868089233,18,7996,0.002243512005821,31,23,1.341631739445249,3,36,12.0,0.0011312864230818,2.2778474603622065,1.148600007075138,0.5108957139206431,3,3,3,63,0.001808390122027,6,1,0.5,50,101,21.33333333333333,2.283582089552239,0.2628420711264054,0.0012076095947063,2.1338832657964573,1.3248289127701782,0.0006522356792462,0.0130447135849247,43.65,88.17999999999999,False,False,多年背景上持续抬升,2026Q2,False,True,annual_volume | active_years | persistence | current_volume,,293,43,False,False,2.159093669189517,1.4324809785767587,False,True,2.2810809289265874,1.34306481428145,False,True,2.309540792717164,1.4660647632448065,False,True,范围过宽或样本混杂，暂缓认定,False,False,False,Monte Carlo method / Statistical physics / Computational physics,配电电压、离子推进、核反应中子源、表面银簇与聚变靶设计混合，Monte Carlo为跨领域方法。
N0409,HVAC / Air conditioning / Ventilation (architecture),待主题范围审阅,NMF关键词主题,待主题范围审阅,True,False,29,11974,0.0024132853403141,12,11985,0.0010216591744993,13,9992,0.0013181019332161,9,7998,0.0011517943743937,13,7996,0.0016371574096531,29,12,2.3621236910994763,3,34,11.333333333333334,0.0011638518273697,2.073533145338594,1.4740704382392864,0.3023981292587918,4,3,3,54,0.0015843488160098,5,0,0.4166666666666667,37,86,23.0,1.5833333333333333,0.3942737853020314,0.0011414392059553,2.114247809014341,1.2932997030499216,0.0010499377533291,0.0187488884523064,41.89,92.88,False,False,多年背景上持续抬升,2026Q2,False,True,annual_volume | active_years | persistence | current_volume,,304,18,False,False,2.035945437464766,2.440204692197384,False,True,2.0769674315328457,2.364646812699976,False,True,2.2871671443660397,2.854968223160939,False,True,有样本依据的条件性跟踪方向,False,True,False,建筑暖通与热储能控制,摘要明确涉及ATES模型预测控制和住宅负荷/温度预测，另有HVAC物联网及通风研究；保留建筑用能边界。
N0410,Solubility / Thermodynamics / Solid solution,待主题范围审阅,NMF关键词主题,待主题范围审阅,True,False,18,11974,0.0015134162303664,11,11985,0.0009399264405394,11,9992,0.0011228275727396,7,7998,0.0009093113482056,20,7996,0.0024860538442881,18,11,1.6101432676986114,3,29,9.666666666666666,0.0009906884538282,1.5276409294145854,0.6087624505171754,0.1492596886656341,4,2,3,40,0.0011920567478818,2,0,0.1666666666666666,39,78,19.0,2.0,0.5024287337810572,0.0009760132340777,1.55061035806194,0.8670800974192869,0.0692448949833249,0.384739892724641,33.95,84.65,False,False,历史峰值以下的恢复或波动,2026Q2,False,False,annual_volume | active_years | persistence | current_volume,volume | peak | lower95 | qvalue,353,59,False,False,1.7146157660234966,1.240369826930896,False,False,1.5301365851921145,1.6118631553039628,False,False,1.482276307871116,1.7129809338965636,False,False,未进入候选范围审阅,False,False,False,Solubility / Thermodynamics / Solid solution,未进入候选范围审阅
N0411,Series (stratigraphy) / Time series / Autoregressive integrated moving average,待主题范围审阅,NMF关键词主题,待主题范围审阅,True,False,30,11974,0.0024950916230366,40,11985,0.003310175725378,30,9992,0.0029779339972661,18,7998,0.0022429679922405,16,7996,0.0020009701673538,30,40,0.7537640989593433,3,88,29.33333333333333,0.0028436925716282,0.8774125754416598,0.7537640989593433,-0.088452159691903,1,4,3,100,0.0029277337818936,12,3,1.0,45,155,56.0,0.8070175438596491,0.326300181198353,0.0029280397022332,0.8521372237998048,0.5646530198470093,0.7738574778551861,0.999999583780761,69.22,37.88,False,False,近期份额下降,2026Q2,False,False,annual_volume | current_volume | current_share,multiyear | recent_growth | quarters | trend | peak | lower95 | qvalue,130,324,False,False,0.8313315241092505,0.7542450866791913,False,False,0.8787917087537201,0.7545692382020219,False,False,0.9523549916127632,0.7700947909547441,False,False,未进入候选范围审阅,False,False,False,Series (stratigraphy) / Time series / Autoregressive integrated moving average,未进入候选范围审阅
N0412,Electric power / Electric power industry / Electric energy,待主题范围审阅,NMF关键词主题,待主题范围审阅,True,False,22,11974,0.0018406413612565,16,11985,0.0013485901103391,16,9992,0.0016110134739308,6,7998,0.0007880698351115,17,7996,0.0021222410865874,22,16,1.3648634578772012,3,38,12.666666666666666,0.0012492244731272,1.4734272349378812,0.8673102094240838,0.0666253044600169,3,2,3,54,0.0016000816485088,4,0,0.3333333333333333,35,75,15.333333333333334,2.204081632653061,0.2156491034713044,0.0012737799834574,1.4450229907527028,0.8589970842058043,0.0816419317772496,0.4133442518785972,32.63,77.0,False,False,历史峰值以下的恢复或波动,2026Q2,False,False,annual_volume | active_years | persistence | current_volume,volume | peak | lower95 | qvalue,358,99,False,False,1.7007453370730483,1.3935019043297725,False,False,1.4757558288076729,1.3663213478620813,False,False,1.6493654227104306,1.6437695830320558,False,False,范围过宽或样本混杂，暂缓认定,False,False,False,Electric power / Electric power industry / Electric energy,核电、航空推进、行业治理、负荷预测及数据通信混合，Electric power范围过宽；另有旧规重发日期。
N0413,Boiler (water heating) / Engineering / Mechanical engineering,待主题范围审阅,NMF关键词主题,待主题范围审阅,True,False,11,11974,0.0009407722513089,14,11985,0.0011851246424192,17,9992,0.0017086506541691,12,7998,0.001515518913676,20,7996,0.0024860538442881,11,14,0.7938171375699585,3,43,14.333333333333334,0.0014697647367548,0.6400835642485827,0.3784199016728387,-0.2983790824720351,1,1,3,42,0.0012781825159657,3,0,0.25,28,78,25.33333333333333,1.1012658227848102,0.2538656697871537,0.0014392059553349,0.6536745125473913,0.341283508512204,0.908378107455865,0.999999583780761,23.200000000000003,29.29,False,False,近期份额下降,2026Q2,False,False,annual_volume | active_years | persistence | current_volume | current_share,volume | multiyear | recent_growth | quarters | trend | peak | lower95 | qvalue,410,374,False,False,0.6932724247005024,1.261572729955356,False,False,0.6411567829297571,0.7946650597910495,False,False,0.7352095651545271,0.9073608098336948,False,False,未进入候选范围审阅,False,False,False,Boiler (water heating) / Engineering / Mechanical engineering,未进入候选范围审阅
N0414,Power station / Thermal power station / Combined cycle,待主题范围审阅,NMF关键词主题,待主题范围审阅,True,False,12,11974,0.0010225785340314,14,11985,0.0011851246424192,10,9992,0.0010251903925014,14,7998,0.0017580019398642,14,7996,0.0017584283288867,12,14,0.8628447147499549,3,38,12.666666666666666,0.0013227723249283,0.7730570974009647,0.581529833905037,-0.0012754661195142,2,1,3,36,0.0010776311896507,3,0,0.25,20,49,18.33333333333333,1.0862068965517242,0.310951111614076,0.0012737799834574,0.8027905504181683,0.4241309562017111,0.761738345282169,0.999999583780761,19.22,44.26,False,False,近期份额下降,2026Q2,False,False,annual_volume | active_years | persistence | current_volume,volume | multiyear | recent_growth | quarters | trend | peak | lower95 | qvalue,443,292,False,False,1.036482286480726,1.3506249226580869,False,False,0.7743538332199362,0.8637663693380974,False,False,0.8617285946444696,1.297712828709518,False,False,未进入候选范围审阅,False,False,False,Power station / Thermal power station / Combined cycle,未进入候选范围审阅
N0415,Differential scanning calorimetry / Thermogravimetry / Glass transition,待主题范围审阅,NMF关键词主题,待主题范围审阅,True,False,6,11974,0.0005317408376963,3,11985,0.0002860645688598,8,9992,0.0008299160320249,9,7998,0.0011517943743937,23,7996,0.0028498666019888,6,3,1.85881404263276,3,20,6.666666666666667,0.0007559249917595,0.703430688881739,0.1865844658571906,-0.2225841529892429,4,0,3,17,0.000549240479527,0,0,0.0,15,38,13.666666666666666,1.090909090909091,0.4978899254672962,0.000678246484698,0.7839935033839868,0.3244479035673661,0.731536530998874,0.999999583780761,16.490000000000002,52.05,False,False,历史峰值以下的恢复或波动,2026Q2,False,False,annual_volume | active_years | persistence | current_volume,volume | baseline | multiyear | trend | peak | lower95 | qvalue,464,243,False,False,0.9616316884280756,2.8941962628387574,False,False,0.7047091176407568,1.8607995499455008,False,False,0.7415355304888293,1.8316289639500047,False,False,未进入候选范围审阅,False,False,False,Differential scanning calorimetry / Thermogravimetry / Glass transition,未进入候选范围审阅
N0416,Indium / Indium tin oxide / Copper indium gallium selenide solar cells,待主题范围审阅,NMF关键词主题,待主题范围审阅,True,False,14,11974,0.0011861910994764,13,11985,0.0011033919084593,11,9992,0.0011228275727396,10,7998,0.0012730358874878,12,7996,0.0015158864904195,14,13,1.075040600155129,3,34,11.333333333333334,0.0011664184562289,1.0169515864069862,0.7825065445026177,0.027448647336759,2,2,3,38,0.0011374701935584,3,0,0.25,33,80,23.0,1.4166666666666667,0.4169282421809809,0.0011414392059553,1.0392065501934895,0.5627238734743893,0.461940057389044,0.999999583780761,28.32,56.620000000000005,False,False,历史峰值以下的恢复或波动,2026Q2,False,False,annual_volume | active_years | persistence | current_volume,volume | multiyear | recent_growth | quarters | peak | lower95 | qvalue,379,223,False,False,1.496540241731377,1.191727872933606,False,False,1.0186269209201642,1.0761889135012443,False,False,0.7499146119723814,0.8284598698481561,False,False,未进入候选范围审阅,False,False,False,Indium / Indium tin oxide / Copper indium gallium selenide solar cells,未进入候选范围审阅
N0417,Covalent bond / Covalent organic framework / Triazine,待主题范围审阅,NMF关键词主题,待主题范围审阅,True,False,55,11974,0.0045402486910994,71,11985,0.0058438904781364,50,9992,0.0049306776020308,36,7998,0.004425315227934,35,7996,0.0043051176327916,55,71,0.7769222760224068,3,157,52.333333333333336,0.0050666277693671,0.8961085948626134,0.7769222760224068,-0.0412473174563658,2,4,3,176,0.0051049389237556,12,3,1.0,111,330,123.33333333333331,0.900804289544236,0.6500156254118707,0.0052109181141439,0.8712953440538518,0.6416384065526132,0.7997173016238401,0.999999583780761,97.08,43.19,False,False,近期份额下降,2026Q2,False,False,annual_volume | current_share,multiyear | recent_growth | quarters | trend | peak | lower95 | qvalue,2,296,False,False,0.7586037852651637,0.6663613388666555,False,False,0.9023798905133082,0.7887840972764072,False,False,0.846359248613284,0.7263167925025364,False,False,未进入候选范围审阅,False,False,False,Covalent bond / Covalent organic framework / Triazine,未进入候选范围审阅
N0418,Volume (thermodynamics) / Cover (algebra) / Thermodynamics,待主题范围审阅,NMF关键词主题,待主题范围审阅,True,False,20,11974,0.0016770287958115,11,11985,0.0009399264405394,23,9992,0.0022944737355985,7,7998,0.0009093113482056,18,7996,0.002243512005821,20,11,1.7842128101525152,3,41,13.666666666666666,0.0013812371747811,1.2141497683605158,0.7308991032638966,-0.1567399271947782,3,3,3,54,0.0016371429906498,7,0,0.5833333333333334,24,92,26.33333333333333,0.9146341463414634,0.3163742764369444,0.0013730355665839,1.2214022976723649,0.7195592341836633,0.2313972987197268,0.7512899309082042,40.82,62.96,False,False,历史峰值以下的恢复或波动,2026Q2,False,False,annual_volume | active_years | persistence | current_volume,volume | multiyear | trend | peak | lower95 | qvalue,312,190,False,False,1.2199794661810346,2.4654264461219046,False,False,1.216188440626201,1.7861186315530395,False,False,1.2203194646189643,1.7376992734910304,False,False,未进入候选范围审阅,False,False,False,Volume (thermodynamics) / Cover (algebra) / Thermodynamics,未进入候选范围审阅
N0419,Microwave / Microwave irradiation / Reflection loss,待主题范围审阅,NMF关键词主题,待主题范围审阅,True,False,12,11974,0.0010225785340314,32,11985,0.0026563138536984,12,9992,0.0012204647529779,15,7998,0.0018792434529582,11,7996,0.001394615571186,12,32,0.3849614881192106,3,59,19.666666666666668,0.0019186740198782,0.5329610571869432,0.3849614881192106,-0.0884521596919034,0,0,3,56,0.0016331190469025,5,1,0.4166666666666667,29,128,48.66666666666666,0.6040268456375839,0.5766114899732493,0.0019685690653432,0.5194527090941089,0.2822930488540796,0.9851505171066668,0.999999583780761,53.8,17.990000000000002,False,False,近期份额下降,2026Q2,False,False,annual_volume | active_years | persistence | current_volume | current_share,volume | multiyear | recent_growth | quarters | trend | peak | lower95 | qvalue,230,426,False,False,0.444426697069956,0.4045650689989661,False,False,0.5337779828091278,0.3853726878585357,False,False,0.4904386119467575,0.3765726681127982,False,False,未进入候选范围审阅,False,False,False,Microwave / Microwave irradiation / Reflection loss,未进入候选范围审阅
N0420,Sequence (biology) / Symmetrical components / Ancient history,待主题范围审阅,NMF关键词主题,待主题范围审阅,True,False,9,11974,0.0007771596858638,13,11985,0.0011033919084593,4,9992,0.000439367311072,7,7998,0.0009093113482056,4,7996,0.000545719136551,9,13,0.7043369449292224,3,24,8.0,0.0008173568559123,0.9508205384738624,0.7043369449292224,0.2851550412232075,1,0,3,26,0.0007733063017984,0,0,0.0,19,50,14.666666666666666,1.2765957446808511,0.4006231120004708,0.0008105872622001,0.9587612859279836,0.4532860320570746,0.5642644395529125,0.999999583780761,15.49,51.38,False,False,近期份额下降,2026Q2,False,False,annual_volume | active_years | persistence | current_volume | current_share,volume | multiyear | recent_growth | quarters | peak | lower95 | qvalue,465,246,False,False,1.0792223945063657,0.7616305954838837,False,False,0.9522954260095025,0.7050892881559877,False,False,1.0163499623319192,0.8147379672419756,False,False,未进入候选范围审阅,False,False,False,Sequence (biology) / Symmetrical components / Ancient history,未进入候选范围审阅
N0421,Line (geometry) / Mathematics / Geometry,待主题范围审阅,NMF关键词主题,待主题范围审阅,True,False,5,11974,0.0004499345549738,13,11985,0.0011033919084593,11,9992,0.0011228275727396,10,7998,0.0012730358874878,9,7996,0.0011520737327188,5,13,0.4077740207484971,3,34,11.333333333333334,0.0011664184562289,0.3857402569129948,0.3534343056594365,-0.4572516312572925,1,0,3,29,0.0008920513453909,3,0,0.25,4,35,17.666666666666668,0.2678571428571428,0.2438729551805501,0.0011414392059553,0.3941817949009788,0.1602780787526401,0.9851945805161058,0.999999583780761,12.29,10.98,False,False,近期份额下降,2026Q2,False,False,annual_volume | active_years | persistence | current_volume | current_share,volume | multiyear | recent_growth | quarters | trend | peak | lower95 | qvalue,476,457,False,False,0.3166144276454523,0.397242624311202,False,False,0.3863757286248898,0.4082095878797823,False,False,0.1907026043000394,0.1826410647813395,False,False,未进入候选范围审阅,False,False,False,Line (geometry) / Mathematics / Geometry,未进入候选范围审阅
N0422,Plasmon / Surface plasmon resonance / Plasmonic nanoparticles,待主题范围审阅,NMF关键词主题,待主题范围审阅,True,False,15,11974,0.0012679973821989,19,11985,0.001593788312219,15,9992,0.0015133762936926,21,7998,0.0026066925315227,15,7996,0.0018796992481203,15,19,0.7955870754463688,3,55,18.33333333333333,0.0019046190458114,0.6657485574280307,0.486439181784975,-0.088452159691903,1,1,3,49,0.0014583873293702,4,0,0.3333333333333333,45,140,56.66666666666666,0.7976878612716763,0.56757206964297,0.0018362282878411,0.690544520305646,0.3932308373596778,0.9064670188509438,0.999999583780761,50.11,32.68,False,False,近期份额下降,2026Q2,False,False,annual_volume | active_years | persistence | current_volume | current_share,volume | multiyear | recent_growth | quarters | trend | peak | lower95 | qvalue,253,355,False,False,0.5477924236318127,0.5655326030834354,False,False,0.6668768120101476,0.7964368882409738,False,False,0.6906147302956581,0.806941431670282,False,False,未进入候选范围审阅,False,False,False,Plasmon / Surface plasmon resonance / Plasmonic nanoparticles,未进入候选范围审阅
N0423,Aluminium / Metallurgy / Magnesium,待主题范围审阅,NMF关键词主题,待主题范围审阅,True,False,19,11974,0.001595222513089,28,11985,0.0023293829178586,13,9992,0.0013181019332161,15,7998,0.0018792434529582,13,7996,0.0016371574096531,19,28,0.684826226233122,3,56,18.666666666666668,0.001842242768011,0.865913299152906,0.684826226233122,0.0954102303707555,0,3,3,60,0.0017475691213879,8,0,0.6666666666666666,33,104,32.333333333333336,1.02,0.3945288703969276,0.0018693134822167,0.8533734594356669,0.5100035359028707,0.7311375088732719,0.999999583780761,48.46,40.61,False,False,近期份额下降,2026Q2,False,False,annual_volume | active_years | persistence | current_volume | current_share,volume | multiyear | recent_growth | quarters | peak | lower95 | qvalue,262,307,False,False,1.032015190400976,0.7668383260512946,False,False,0.8672683881341913,0.6855577289272899,False,False,0.8535018711157599,0.6402049954966955,False,False,未进入候选范围审阅,False,False,False,Aluminium / Metallurgy / Magnesium,未进入候选范围审阅
N0424,Interface (matter) / Graphical user interface / User interface,待主题范围审阅,NMF关键词主题,待主题范围审阅,True,False,58,11974,0.004785667539267,65,11985,0.0053534940743767,25,9992,0.0024897480960749,7,7998,0.0009093113482056,10,7996,0.0012733446519524,58,65,0.8939334708844571,3,97,32.333333333333336,0.0029175178395524,1.6403216029695695,0.8939334708844571,0.3267219913448125,2,4,3,148,0.0042096365699062,10,2,0.8333333333333334,128,272,61.333333333333336,2.06951871657754,0.5640610875388329,0.0032258064516129,1.483556937172775,1.0728283018374178,0.0071201550946613,0.0890019386832667,89.46,75.65,False,False,近期份额下降,2026Q2,False,False,annual_volume | active_years,recent_growth | quarters | peak | qvalue,29,105,False,False,1.4985254787369466,0.9647320876129192,False,False,1.642574584253927,0.8948883331798975,False,False,1.8254790352102093,0.9210543614014328,False,False,未进入候选范围审阅,False,False,False,Interface (matter) / Graphical user interface / User interface,未进入候选范围审阅
N0425,Systems engineering / Engineering / Automation,待主题范围审阅,NMF关键词主题,待主题范围审阅,True,False,11,11974,0.0009407722513089,21,11985,0.0017572537801389,24,9992,0.0023921109158367,9,7998,0.0011517943743937,15,7996,0.0018796992481203,11,21,0.5353650462681115,3,54,18.0,0.0017670530234564,0.5323961640204068,0.3932811999145208,-0.4666152007826412,1,1,3,56,0.0016967123157615,7,0,0.5833333333333334,18,111,37.66666666666666,0.4913793103448276,0.391454343699512,0.0018031430934656,0.5217402072625966,0.2762026932713001,0.9810609757775468,0.999999583780761,44.3,16.02,False,False,近期份额下降,2026Q2,False,False,annual_volume | active_years | persistence | current_volume | current_share,volume | multiyear | recent_growth | quarters | trend | peak | lower95 | qvalue,287,436,False,False,0.6854281874590209,0.5788392525677515,False,False,0.5332493685058496,0.5359369007893124,False,False,0.571915656977259,0.5275353545544738,False,False,未进入候选范围审阅,False,False,False,Systems engineering / Engineering / Automation,未进入候选范围审阅
N0426,Astrobiology / Earth (classical element) / Planet,待主题范围审阅,NMF关键词主题,待主题范围审阅,True,False,6,11974,0.0005317408376963,18,11985,0.001512055578259,10,9992,0.0010251903925014,3,7998,0.0004243452958292,6,7996,0.0007882609750181,6,18,0.3516675215791708,3,31,10.333333333333334,0.0009871970888632,0.5386369588149948,0.3516675215791708,-0.3282386998228461,1,1,3,34,0.0010229956028189,3,0,0.25,25,67,16.333333333333332,1.5,0.396103085211779,0.0010421836228287,0.5102179942657692,0.2193046827842573,0.9516573879139456,0.999999583780761,22.320000000000004,21.9,False,False,近期份额下降,2026Q2,False,False,annual_volume | active_years | persistence | current_volume | current_share,volume | multiyear | recent_growth | quarters | trend | peak | lower95 | qvalue,421,408,False,False,0.4513056262031752,0.2501157264181642,False,False,0.5547364158929821,0.3721599099891002,False,False,0.6286816432564378,0.388527355989395,False,False,未进入候选范围审阅,False,False,False,Astrobiology / Earth (classical element) / Planet,未进入候选范围审阅
N0427,Pentacene / Thin-film transistor / Organic semiconductor,待主题范围审阅,NMF关键词主题,待主题范围审阅,True,False,5,11974,0.0004499345549738,4,11985,0.0003677973028197,2,9992,0.0002440929505955,2,7998,0.0003031037827352,7,7996,0.0009095318942517,5,4,1.2233220622454914,3,8,2.6666666666666665,0.0003049980120501,1.4752048774002473,0.4946880453752181,0.3057765204902325,4,0,3,11,0.0003539416027963,0,0,0.0,6,21,7.333333333333333,0.8400000000000001,0.2808085250475624,0.0002812241521918,1.599914344009855,0.5473707669616009,0.2142164917507747,0.7271745785864288,3.4000000000000004,77.48,False,False,历史峰值以下的恢复或波动,2026Q2,False,False,annual_volume | active_years | persistence | current_volume,volume | baseline | peak | lower95 | qvalue,495,95,False,False,2.086405162875639,1.240369826930896,False,False,1.477531447370174,1.224628763639347,False,False,1.1996501744302557,0.9862617498192336,False,False,未进入候选范围审阅,False,False,False,Pentacene / Thin-film transistor / Organic semiconductor,未进入候选范围审阅
N0428,Charge carrier / Electron mobility / Recombination,待主题范围审阅,NMF关键词主题,待主题范围审阅,True,False,18,11974,0.0015134162303664,6,11985,0.0005312627707396,14,9992,0.0014157391134544,10,7998,0.0012730358874878,7,7996,0.0009095318942517,18,6,2.8487150120821587,3,30,10.0,0.0010733459238939,1.409998581702324,1.0689937263043872,0.033358881636972,4,3,3,38,0.0011534727048535,4,0,0.3333333333333333,40,86,22.0,1.7826086956521738,0.6556872369579059,0.0010090984284532,1.4997706741910566,0.8417468123224163,0.0846177232515181,0.4133442518785972,43.66,82.83999999999999,False,False,多年背景上持续抬升,2026Q2,False,False,annual_volume | active_years | persistence | current_volume,volume | lower95 | qvalue,292,68,False,False,1.1670819201743228,1.8222717210466253,False,False,1.4124854889428364,2.851757890153165,False,False,1.244394144411198,2.779464931308749,False,False,未进入候选范围审阅,False,False,False,Charge carrier / Electron mobility / Recombination,未进入候选范围审阅
N0429,Insulator (electricity) / Arc flash / Silicone rubber,待主题范围审阅,NMF关键词主题,待主题范围审阅,True,False,8,11974,0.0006953534031413,12,11985,0.0010216591744993,8,9992,0.0008299160320249,8,7998,0.0010305528612997,5,7996,0.0006669900557846,8,12,0.6806119109947644,3,28,9.333333333333334,0.0009607093559413,0.7237916429574166,0.6747382198952879,-0.088452159691903,2,0,3,28,0.0008489762032219,0,0,0.0,16,46,17.0,0.9444444444444444,0.4263776150928304,0.0009429280397022,0.7374405828051804,0.3428153954417382,0.7996177609122944,0.999999583780761,16.830000000000002,35.47,False,False,近期份额下降,2026Q2,False,False,annual_volume | active_years | persistence | current_volume | current_share,volume | multiyear | recent_growth | quarters | trend | peak | lower95 | qvalue,462,339,False,False,0.9487406912780838,0.7130628473660707,False,False,0.7249624134858378,0.6813389121338912,False,False,0.5877376593062092,0.5574522933760886,False,False,未进入候选范围审阅,False,False,False,Insulator (electricity) / Arc flash / Silicone rubber,未进入候选范围审阅
N0430,Atom (system on chip) / Atomic physics / Cluster (spacecraft),待主题范围审阅,NMF关键词主题,待主题范围审阅,True,False,14,11974,0.0011861910994764,40,11985,0.003310175725378,18,9992,0.0018062878344073,30,7998,0.0036978661493695,16,7996,0.0020009701673538,14,40,0.3583468667183763,3,88,29.33333333333333,0.0029381099030516,0.4037259117653891,0.3207771865075959,-0.2102632010207781,0,2,3,72,0.0021008848864205,9,1,0.75,46,170,76.66666666666667,0.6051502145922747,0.6409333612287723,0.0029280397022332,0.4051144178720383,0.2324977552354421,0.999546487555012,0.999999583780761,71.41000000000001,12.990000000000002,False,False,近期份额下降,2026Q2,False,False,annual_volume | active_years | current_volume | current_share,volume | multiyear | recent_growth | quarters | trend | peak | lower95 | qvalue,113,452,False,False,0.3693999587611205,0.3347029691718291,False,False,0.4043784309286752,0.3587296378337481,False,False,0.456956426812247,0.381354543263437,False,False,未进入候选范围审阅,False,False,False,Atom (system on chip) / Atomic physics / Cluster (spacecraft),未进入候选范围审阅
N0431,Excited state / Atomic physics / Excitation,待主题范围审阅,NMF关键词主题,待主题范围审阅,True,False,9,11974,0.0007771596858638,17,11985,0.0014303228442991,16,9992,0.0016110134739308,16,7998,0.0020004849660523,19,7996,0.0023647829250545,9,17,0.5433456432311145,3,49,16.333333333333332,0.0016806070947607,0.4624279454053408,0.3286389112632568,-0.3644864508419227,1,0,3,42,0.0012728320013646,4,0,0.3333333333333333,22,107,43.66666666666666,0.5149253731343284,0.5173105022815438,0.001637717121588,0.4745384142471838,0.2370070093489388,0.9860347609963496,0.999999583780761,39.01,16.14,False,False,近期份额下降,2026Q2,False,False,annual_volume | active_years | persistence | current_volume | current_share,volume | multiyear | recent_growth | quarters | trend | peak | lower95 | qvalue,324,435,False,False,0.3834723321521565,0.3800459739081196,False,False,0.4632038238305148,0.5439260222917619,False,False,0.5227307796399581,0.6044830079537238,False,False,未进入候选范围审阅,False,False,False,Excited state / Atomic physics / Excitation,未进入候选范围审阅
N0432,Resource (disambiguation) / Natural resource / Natural resource economics,待主题范围审阅,NMF关键词主题,待主题范围审阅,True,False,56,11974,0.0046220549738219,27,11985,0.0022476501838986,27,9992,0.0026850224565514,16,7998,0.0020004849660523,19,7996,0.0023647829250545,56,27,2.0563942765349834,3,70,23.33333333333333,0.0023110525355008,1.999978322786308,1.7214213469776298,0.2715751570480318,4,4,3,110,0.0031849092047573,12,1,1.0,84,178,44.66666666666666,1.8613138686131387,0.3520291123008882,0.0023325062034739,1.9815831430321933,1.3964305562790913,3.780539302219753e-05,0.0009196378627309,75.14,92.18,False,False,多年背景上持续抬升,2026Q2,False,True,annual_volume | active_years,,94,22,False,True,2.0202785162344394,2.10262121659226,False,True,1.9677708945577472,2.0221555948358803,False,True,1.8747443106221715,2.0354763772865034,False,True,范围过宽或样本混杂，暂缓认定,False,False,False,Resource (disambiguation) / Natural resource / Natural resource economics,未完成充分范围审阅
N0433,Order (exchange) / Finance / Applied mathematics,待主题范围审阅,NMF关键词主题,待主题范围审阅,True,False,21,11974,0.001758835078534,22,11985,0.0018389865140988,7,9992,0.0007322788517867,11,7998,0.0013942774005819,8,7996,0.0010308028134853,21,22,0.9564154304828388,3,40,13.333333333333334,0.0013218475888225,1.3305884077760797,0.9564154304828388,0.4381227976037731,2,3,3,50,0.0014433668148065,5,0,0.4166666666666667,33,80,22.33333333333333,1.4571428571428573,0.3044102049304958,0.0013399503722084,1.312612104905953,0.7780339855372819,0.1543479685776055,0.6223708410387322,32.96,70.6,False,False,近期份额下降,2026Q2,False,False,annual_volume | active_years | persistence | current_volume,volume | recent_growth | quarters | peak | lower95 | qvalue,355,138,False,False,1.251555364760092,1.023200698983399,False,False,1.3326333051997774,0.957437033390762,False,False,1.0762434497225637,0.7232586165341046,False,False,未进入候选范围审阅,False,False,False,Order (exchange) / Finance / Applied mathematics,未进入候选范围审阅
N0434,Ground / Magnesium / Lightning (connector),待主题范围审阅,NMF关键词主题,待主题范围审阅,True,False,20,11974,0.0016770287958115,25,11985,0.0020841847159787,10,9992,0.0010251903925014,10,7998,0.0012730358874878,14,7996,0.0017584283288867,20,25,0.8046449928138795,3,45,15.0,0.0014608036653226,1.1480179271326356,0.8046449928138795,0.2460726547985396,2,2,3,55,0.0015954679680972,4,0,0.3333333333333333,33,99,26.0,1.2592592592592593,0.3652148589938044,0.001505376344086,1.1140262715033658,0.6614052622595571,0.3454934239362385,0.8950606837726388,38.7,60.56,False,False,近期份额下降,2026Q2,False,False,annual_volume | active_years | persistence | current_volume,volume | multiyear | recent_growth | quarters | peak | lower95 | qvalue,327,204,False,False,1.3300958874472937,0.7852470480570272,False,False,1.1497565317519924,0.8055044808964689,False,False,1.189287574483506,0.825239423318134,False,False,未进入候选范围审阅,False,False,False,Ground / Magnesium / Lightning (connector),未进入候选范围审阅
N0435,Ripple / Torque ripple / Electrolytic capacitor,待主题范围审阅,NMF关键词主题,待主题范围审阅,True,False,11,11974,0.0009407722513089,14,11985,0.0011851246424192,3,9992,0.0003417301308338,18,7998,0.0022429679922405,10,7996,0.0012733446519524,11,14,0.7938171375699585,3,35,11.666666666666666,0.0012566075884978,0.7486603295412808,0.4194318664213952,0.5063398737450151,1,0,3,28,0.0008225423415206,1,0,0.0833333333333333,22,48,19.0,1.15,0.4037201836297773,0.0011745244003308,0.8009814449524372,0.4119107753871353,0.7567446033063361,0.999999583780761,17.71,49.040000000000006,False,False,近期份额下降,2026Q2,False,False,annual_volume | active_years | persistence | current_volume | current_share,volume | multiyear | recent_growth | quarters | peak | lower95 | qvalue,458,258,False,False,0.5818708509597038,0.5655326030834354,False,False,0.7499332862155388,0.7946650597910495,False,False,0.6978440935765483,0.7495589298626174,False,False,未进入候选范围审阅,False,False,False,Ripple / Torque ripple / Electrolytic capacitor,未进入候选范围审阅
N0436,Air conditioning / Desiccant / Evaporative cooler,待主题范围审阅,NMF关键词主题,待主题范围审阅,True,False,25,11974,0.002086060209424,19,11985,0.001593788312219,20,9992,0.0020015621948838,20,7998,0.0024854510184287,16,7996,0.0020009701673538,25,19,1.3088690596053163,3,59,19.666666666666668,0.0020269338418438,1.029170349006775,0.8393085174307241,0.0206746233181056,3,3,3,64,0.0018938035721756,8,0,0.6666666666666666,41,107,40.0,1.024390243902439,0.391873500458876,0.0019685690653432,1.0596835265519822,0.6663480527158205,0.4023114390338196,0.9644089494630352,52.01,60.21,False,False,历史峰值以下的恢复或波动,2026Q2,False,False,annual_volume | active_years | persistence | current_volume,multiyear | peak | lower95 | qvalue,241,206,False,False,1.151307030368525,1.2734463556490534,False,False,0.9904879719773062,1.2588841136712166,False,False,0.9168629968356756,1.1995075335639327,False,False,未进入候选范围审阅,False,False,False,Air conditioning / Desiccant / Evaporative cooler,未进入候选范围审阅
N0437,Rectifier (neural networks) / Three-phase / Precision rectifier,待主题范围审阅,NMF关键词主题,待主题范围审阅,True,False,7,11974,0.0006135471204188,12,11985,0.0010216591744993,18,9992,0.0018062878344073,10,7998,0.0012730358874878,13,7996,0.0016371574096531,7,12,0.6005399214659686,3,40,13.333333333333334,0.0013669942987982,0.4488293191553544,0.339672951747559,-0.5398860154629102,1,0,3,37,0.0011471647097751,1,0,0.0833333333333333,10,64,28.666666666666668,0.3707865168539325,0.3371859639793411,0.0013399503722084,0.4578879435718441,0.2100780283610134,0.9809285505393176,0.999999583780761,18.42,14.66,False,False,近期份额下降,2026Q2,False,False,annual_volume | active_years | persistence | current_volume | current_share,volume | multiyear | recent_growth | quarters | trend | peak | lower95 | qvalue,449,445,False,False,0.3477368203518797,0.4244821185496844,False,False,0.449584899033226,0.6011813930593157,False,False,0.4227395715953396,0.6105429879833351,False,False,未进入候选范围审阅,False,False,False,Rectifier (neural networks) / Three-phase / Precision rectifier,未进入候选范围审阅
N0438,Operations research / Probabilistic logic / Analytic hierarchy process,待主题范围审阅,NMF关键词主题,待主题范围审阅,True,False,22,11974,0.0018406413612565,26,11985,0.0021659174499387,20,9992,0.0020015621948838,14,7998,0.0017580019398642,10,7996,0.0012733446519524,22,26,0.8498206435839178,3,60,20.0,0.0019751605282289,0.9318945649987326,0.8498206435839178,-0.0419069481588971,2,3,3,68,0.0020027070020263,8,0,0.6666666666666666,34,113,37.66666666666666,0.9051724137931036,0.4406075872029185,0.0020016542597187,0.9195600850244472,0.5667491409365627,0.6346479662793587,0.999999583780761,56.31999999999999,45.22,False,False,近期份额下降,2026Q2,False,False,annual_volume | active_years | persistence | current_volume,volume | multiyear | recent_growth | quarters | trend | peak | lower95 | qvalue,209,285,False,False,0.702982728777938,0.7157689682289401,False,False,0.9333816630710814,0.8507283864046921,False,False,1.026259226293882,1.0343720790787083,False,False,未进入候选范围审阅,False,False,False,Operations research / Probabilistic logic / Analytic hierarchy process,未进入候选范围审阅
N0439,Wetting / Contact angle / Composite material,待主题范围审阅,NMF关键词主题,待主题范围审阅,True,False,27,11974,0.0022496727748691,19,11985,0.001593788312219,16,9992,0.0016110134739308,19,7998,0.0023642095053346,17,7996,0.0021222410865874,27,19,1.4115254564371058,3,54,18.0,0.0018563370971615,1.2118880661863822,0.9515538998523292,0.1669606521910926,2,3,3,62,0.0018181581870063,7,0,0.5833333333333334,58,135,42.0,1.372093023255814,0.5043450951115279,0.0018031430934656,1.2476396260627314,0.7888308924407912,0.1697112555483815,0.6380122389036901,58.69,69.96,False,False,历史峰值以下的恢复或波动,2026Q2,False,False,annual_volume | active_years | persistence | current_volume,multiyear | quarters | peak | lower95 | qvalue,199,142,False,False,1.2870007516705044,1.2164013278597678,False,False,1.2139268135059114,1.413033188814631,False,False,1.1485113671764868,1.4644492648831042,False,False,未进入候选范围审阅,False,False,False,Wetting / Contact angle / Composite material,未进入候选范围审阅
N0440,Scheme (mathematics) / Emissions trading / Mathematics,待主题范围审阅,NMF关键词主题,待主题范围审阅,True,False,27,11974,0.0022496727748691,47,11985,0.0038823048630976,24,9992,0.0023921109158367,14,7998,0.0017580019398642,8,7996,0.0010308028134853,27,47,0.5794683452741802,3,85,28.33333333333333,0.0026774725729328,0.8402225283692976,0.5794683452741802,-0.0306957161309804,0,4,3,98,0.0028413628512678,10,1,0.8333333333333334,58,183,58.333333333333336,0.99438202247191,0.4518947317371883,0.0028287841191066,0.7952790598879398,0.5175014516723626,0.8510926656978207,0.999999583780761,73.64999999999999,34.02,False,False,近期份额下降,2026Q2,False,False,annual_volume | active_years | current_volume | current_share,multiyear | recent_growth | quarters | trend | peak | lower95 | qvalue,102,347,False,False,0.944279111482592,0.9647320876129192,False,False,0.8414766780496107,0.5800873090923223,False,False,0.911521372009906,0.5781534395492058,False,False,未进入候选范围审阅,False,False,False,Scheme (mathematics) / Emissions trading / Mathematics,未进入候选范围审阅
N0441,Forensic engineering / Engineering / Thermal runaway,待主题范围审阅,NMF关键词主题,待主题范围审阅,True,False,3,11974,0.0002863219895287,27,11985,0.0022476501838986,14,9992,0.0014157391134544,12,7998,0.001515518913676,12,7996,0.0015158864904195,3,27,0.1273872560685388,3,53,17.666666666666668,0.0017263027370096,0.1658585040679265,0.1273872560685388,-0.7991450001574836,0,0,3,44,0.0013165704289606,4,0,0.3333333333333333,6,78,31.0,0.21875,0.5455734697363244,0.0017700578990901,0.1617585445515486,0.0548561425148193,0.9999396268210514,0.999999583780761,37.19,1.44,False,False,近期份额下降,2026Q2,False,False,annual_volume | active_years | persistence | current_volume | current_share,volume | multiyear | recent_growth | quarters | trend | peak | lower95 | qvalue,332,493,False,False,0.2306488241946947,0.2296981160983141,False,False,0.1661147761405787,0.1275233258004609,False,False,0.1678222309190619,0.125524222704266,False,False,未进入候选范围审阅,False,False,False,Forensic engineering / Engineering / Thermal runaway,未进入候选范围审阅
N0442,Heat pump / Coefficient of performance / Air source heat pumps,待主题范围审阅,NMF关键词主题,待主题范围审阅,True,False,28,11974,0.0023314790575916,25,11985,0.0020841847159787,19,9992,0.0019039250146455,16,7998,0.0020004849660523,15,7996,0.0018796992481203,28,25,1.1186527948875884,3,60,20.0,0.0019961982322255,1.1679596845410738,1.1186527948875884,0.1012926511605489,2,2,3,72,0.0021065295960719,7,0,0.5833333333333334,60,135,37.333333333333336,1.5913043478260869,0.4682788448080101,0.0020016542597187,1.164776107697633,0.7461942440788067,0.2480096939278843,0.7683849321163552,60.71,65.35000000000001,False,False,平稳或增长证据不足,2026Q2,False,False,annual_volume | active_years | persistence | current_volume,multiyear | recent_growth | quarters | lower95 | qvalue,188,170,False,False,0.7689303483168938,0.7157689682289401,False,False,1.169848193863034,1.1198476929536274,False,False,1.0974840832098736,1.0739294609142764,False,False,未进入候选范围审阅,False,False,False,Heat pump / Coefficient of performance / Air source heat pumps,未进入候选范围审阅
N0443,Aerodynamics / Aerospace engineering / Airfoil,待主题范围审阅,NMF关键词主题,待主题范围审阅,True,False,50,11974,0.0041312172774869,29,11985,0.0024111156518185,25,9992,0.0024897480960749,20,7998,0.0024854510184287,26,7996,0.0032136793596895,50,29,1.7134048606797407,3,74,24.666666666666668,0.0024621049221074,1.677920888095554,1.285510100760644,0.2531952823665637,3,3,3,104,0.0030106936751268,11,1,0.9166666666666666,84,170,43.0,1.9318181818181817,0.3419455263467798,0.002464846980976,1.6760542578797566,1.1725490140258883,0.0018161023713985,0.027516702596948,71.91000000000001,86.77999999999999,False,False,多年背景上持续抬升,2026Q2,False,True,annual_volume | active_years,,107,52,False,False,1.4790608046072653,1.4363788860014577,False,True,1.6473807995333567,1.6812699975387646,False,False,1.4825592537569552,1.5445231176414411,False,True,范围过宽或样本混杂，暂缓认定,False,False,False,Aerodynamics / Aerospace engineering / Airfoil,无人机、航空涡轮、翼型与冷却塔风载混合；不能从Aerodynamics直接认定能源技术。
N0444,Porphyrin / Photochemistry / Fast ion conductor,待主题范围审阅,NMF关键词主题,待主题范围审阅,True,False,6,11974,0.0005317408376963,13,11985,0.0011033919084593,10,9992,0.0010251903925014,5,7998,0.0006668283220174,8,7996,0.0010308028134853,6,13,0.4819147517936785,3,28,9.333333333333334,0.0009318035409927,0.5706576701026619,0.4819147517936785,-0.3282386998228461,1,0,3,29,0.0008867743795523,1,0,0.0833333333333333,13,63,19.33333333333333,0.6885245901639344,0.6113599839895992,0.0009429280397022,0.5639251515569027,0.2405619529857993,0.9203611217093406,0.999999583780761,29.840000000000007,18.35,False,False,近期份额下降,2026Q2,False,False,annual_volume | active_years | persistence | current_volume | current_share,volume | multiyear | recent_growth | quarters | trend | peak | lower95 | qvalue,369,425,False,False,0.6458077362057284,0.558529103354848,False,False,0.5715487216175106,0.4824295129488335,False,False,0.5642666255588369,0.4748667684314828,False,False,未进入候选范围审阅,False,False,False,Porphyrin / Photochemistry / Fast ion conductor,未进入候选范围审阅
N0445,Hydride / Zirconium / Magnesium hydride,待主题范围审阅,NMF关键词主题,待主题范围审阅,True,False,18,11974,0.0015134162303664,14,11985,0.0011851246424192,16,9992,0.0016110134739308,19,7998,0.0023642095053346,11,7996,0.001394615571186,18,14,1.2770101778299334,3,49,16.333333333333332,0.0017201158738949,0.879833884062474,0.6401362599006578,-0.0312469841030309,2,2,3,48,0.0014365181155722,4,0,0.3333333333333333,35,97,33.333333333333336,1.0485436893203883,0.4752132290019073,0.001637717121588,0.924101122481358,0.5417053059440005,0.6196116285653632,0.999999583780761,41.06,52.18000000000001,False,False,历史峰值以下的恢复或波动,2026Q2,False,False,annual_volume | active_years | persistence | current_volume,volume | multiyear | quarters | trend | peak | lower95 | qvalue,308,241,False,False,1.2398404265938063,2.0171670922815585,False,False,0.8813568389527429,1.278374226620384,False,False,0.8790444614319378,1.2784874534693769,False,False,未进入候选范围审阅,False,False,False,Hydride / Zirconium / Magnesium hydride,未进入候选范围审阅
N0446,Noise (video) / Noise reduction / Phase noise,待主题范围审阅,NMF关键词主题,待主题范围审阅,True,False,58,11974,0.004785667539267,26,11985,0.0021659174499387,22,9992,0.0021968365553602,15,7998,0.0018792434529582,21,7996,0.0026073247635217,58,26,2.2095336733181865,3,63,21.0,0.002080665819419,2.3000654379967385,1.8354704431998048,0.3893035628218153,3,4,3,106,0.0030494738481886,10,1,0.8333333333333334,85,146,32.666666666666664,2.5544554455445545,0.3197555454841123,0.0021009098428453,2.277902383847961,1.5968875554112585,1.1254768816035162e-06,0.0001125476881603,68.54,93.41,False,False,多年背景上持续抬升,2026Q2,False,True,annual_volume | active_years,,135,15,False,True,2.7855412129139263,2.7074739233007734,False,True,2.2643884107555072,2.174083654145324,False,True,2.577560160262673,3.570947714862742,False,True,范围过宽或样本混杂，暂缓认定,False,False,False,Noise (video) / Noise reduction / Phase noise,电池异常、GaN电路噪声、电压调节与蜂蜡提取混合，Noise不是统一任务。
N0447,Evaporation / Photothermal therapy / Evaporator,待主题范围审阅,NMF关键词主题,待主题范围审阅,True,False,49,11974,0.0040494109947643,32,11985,0.0026563138536984,40,9992,0.0039543057996485,24,7998,0.002970417070805,25,7996,0.0030924084404559,49,32,1.5244474929520742,3,96,32.0,0.0031936789080506,1.2679455610132282,1.024051047120419,0.0118831880391727,3,4,3,121,0.0035533435493704,11,3,0.9166666666666666,101,222,72.0,1.3972602739726028,0.5977781306585478,0.0031927212572373,1.2683258789300926,0.9003565660638682,0.0804672049561288,0.4133442518785972,89.74,70.49,False,False,多年背景上持续抬升,2026Q2,False,False,annual_volume | current_volume,peak | lower95 | qvalue,24,139,False,False,1.3410597418862016,1.4324809785767587,False,False,1.2700540607013266,1.5260758439198017,False,False,1.2521700068629391,1.5745582321675486,False,False,未进入候选范围审阅,False,False,False,Evaporation / Photothermal therapy / Evaporator,未进入候选范围审阅
N0448,Chalcogenide / Chalcogenide glass / Refractive index,待主题范围审阅,NMF关键词主题,待主题范围审阅,True,False,11,11974,0.0009407722513089,10,11985,0.0008581937065794,20,9992,0.0020015621948838,15,7998,0.0018792434529582,9,7996,0.0011520737327188,11,10,1.096223666168038,3,45,15.0,0.0015796664514738,0.5955512003379825,0.4700189950197931,-0.3774910850794821,3,0,3,41,0.0012668427175907,4,0,0.3333333333333333,25,111,42.66666666666666,0.5954198473282443,0.5506546317247405,0.001505376344086,0.6249415669409125,0.3272602010136359,0.9300166028483824,0.999999583780761,41.95,33.33,False,False,历史峰值以下的恢复或波动,2026Q2,False,False,annual_volume | active_years | persistence | current_volume,volume | multiyear | recent_growth | trend | peak | lower95 | qvalue,301,351,False,False,0.4259783734105885,0.7377363022922323,False,False,0.5965948048597092,1.097394606378116,False,False,0.5262535238318623,0.8923320593602588,False,False,未进入候选范围审阅,False,False,False,Chalcogenide / Chalcogenide glass / Refractive index,未进入候选范围审阅
N0449,Index (typography) / Phosphor / Statistics,待主题范围审阅,NMF关键词主题,待主题范围审阅,True,False,23,11974,0.001922447643979,23,11985,0.0019207192480588,20,9992,0.0020015621948838,17,7998,0.0021217264791464,11,7996,0.001394615571186,23,23,1.0008998691099478,3,60,20.0,0.002014669307363,0.954224912720446,0.906077038145101,-0.0201643921890277,2,3,3,66,0.0019482430289739,8,0,0.6666666666666666,27,84,31.33333333333333,0.8659793814432991,0.3255297131082283,0.0020016542597187,0.960429422136645,0.596433027334191,0.5668157339455973,0.999999583780761,46.760000000000005,49.7,False,False,历史峰值以下的恢复或波动,2026Q2,False,False,annual_volume | active_years | persistence | current_volume,volume | multiyear | recent_growth | quarters | trend | peak | lower95 | qvalue,269,255,False,False,1.0788956868415285,0.9647320876129192,False,False,0.9753504005150412,1.001968988432193,False,False,0.7813909980025855,0.8419307620408091,False,False,未进入候选范围审阅,False,False,False,Index (typography) / Phosphor / Statistics,未进入候选范围审阅
N0450,Nanotube / Zigzag / Chemical engineering,待主题范围审阅,NMF关键词主题,待主题范围审阅,True,False,5,11974,0.0004499345549738,5,11985,0.0004495300367797,11,9992,0.0011228275727396,7,7998,0.0009093113482056,10,7996,0.0012733446519524,5,5,1.0008998691099475,3,23,7.666666666666667,0.0008272229859083,0.5439096381972035,0.3533486038394415,-0.4572516312572925,1,0,3,21,0.0006740973881644,1,0,0.0833333333333333,9,66,24.0,0.4,0.4718472584928563,0.0007775020678246,0.578692422301437,0.2286885757250633,0.8948198756280148,0.999999583780761,19.24,24.41,False,False,历史峰值以下的恢复或波动,2026Q2,False,False,annual_volume | active_years | persistence | current_volume,volume | baseline | multiyear | recent_growth | quarters | trend | peak | lower95 | qvalue,442,393,False,False,0.8837738863959862,2.8941962628387574,False,False,0.5448590274574241,1.001968988432193,False,False,0.557791056837779,0.9862617498192336,False,False,未进入候选范围审阅,False,False,False,Nanotube / Zigzag / Chemical engineering,未进入候选范围审阅
N0451,Subsidy / Public economics / Market economy,待主题范围审阅,NMF关键词主题,待主题范围审阅,True,False,35,11974,0.0029041230366492,16,11985,0.0013485901103391,25,9992,0.0024897480960749,12,7998,0.001515518913676,15,7996,0.0018796992481203,35,16,2.153451233539584,3,53,17.666666666666668,0.00178461904003,1.6273069890592882,1.166432476131814,0.076974962466592,4,3,3,76,0.0022474870810211,7,1,0.5833333333333334,51,126,36.333333333333336,1.3928571428571428,0.3402923333777573,0.0017700578990901,1.640693809022851,1.073400805686765,0.0097778570440194,0.1086428560446606,56.27,84.39,False,False,多年背景上持续抬升,2026Q2,False,False,annual_volume | active_years | persistence | current_volume,qvalue,210,61,False,False,1.306855664703595,2.0817902943226154,False,False,1.6300331491520088,2.1557514599601726,False,False,1.241933340659673,1.7168260089445917,False,False,未进入候选范围审阅,False,False,False,Subsidy / Public economics / Market economy,未进入候选范围审阅
N0452,Reactivity (psychology) / Sulfide / Catalysis,待主题范围审阅,NMF关键词主题,待主题范围审阅,True,False,20,11974,0.0016770287958115,13,11985,0.0011033919084593,14,9992,0.0014157391134544,16,7998,0.0020004849660523,16,7996,0.0020009701673538,20,13,1.519884986426217,3,43,14.333333333333334,0.0015065386626553,1.1131667824944138,0.838107845470411,0.0846859586670141,3,2,3,47,0.0013987199392417,4,0,0.3333333333333333,64,126,44.333333333333336,1.4338235294117647,0.5738487359293305,0.0014392059553349,1.1652458701931756,0.6892531172864615,0.2866683456240855,0.8190524160688158,49.8,69.46,False,False,历史峰值以下的恢复或波动,2026Q2,False,False,annual_volume | active_years | persistence | current_volume,volume | multiyear | peak | lower95 | qvalue,254,146,False,False,1.3479604969285874,1.3322490733702217,False,False,1.1150780152837567,1.5215084639155525,False,False,1.157285397183852,1.6174692697035429,False,False,未进入候选范围审阅,False,False,False,Reactivity (psychology) / Sulfide / Catalysis,未进入候选范围审阅
N0453,Model predictive control / Weighting / Duty cycle,待主题范围审阅,NMF关键词主题,待主题范围审阅,True,False,50,11974,0.0041312172774869,29,11985,0.0024111156518185,38,9992,0.003759031439172,21,7998,0.0026066925315227,22,7996,0.0027285956827552,50,29,1.7134048606797407,3,88,29.33333333333333,0.0029256132075044,1.412085940441466,1.099011100156388,0.0472053878018843,4,4,3,117,0.0034337881228258,12,2,1.0,71,173,51.0,1.3846153846153846,0.4383454319074231,0.0029280397022332,1.4109157312095126,0.998582324838545,0.0225903995097064,0.1882533292475541,79.86000000000001,78.11999999999999,False,False,多年背景上持续抬升,2026Q2,False,False,annual_volume | active_years,lower95 | qvalue,66,90,False,False,1.0827277795946586,1.2673931347071683,False,False,1.4144325772415725,1.7152350479940932,False,False,1.3353589698137818,1.6437695830320558,False,False,未进入候选范围审阅,False,False,False,Model predictive control / Weighting / Duty cycle,未进入候选范围审阅
N0454,Nafion / Ionomer / Direct methanol fuel cell,待主题范围审阅,NMF关键词主题,待主题范围审阅,True,False,3,11974,0.0002863219895287,1,11985,0.0001225991009399,4,9992,0.000439367311072,6,7998,0.0007880698351115,15,7996,0.0018796992481203,3,1,2.3354330279232114,3,11,3.6666666666666665,0.0004500120823745,0.6362540045991774,0.1523232984293193,-0.2141093738323563,4,0,3,8,0.0002827628005135,0,0,0.0,8,16,6.0,1.2857142857142858,0.4542083196077644,0.0003804797353184,0.7525288811745959,0.2274482392392493,0.722276831193734,0.999999583780761,11.099999999999998,52.970000000000006,False,False,历史峰值以下的恢复或波动,2026Q2,False,False,annual_volume | active_years | persistence | current_volume,volume | baseline | multiyear | trend | peak | lower95 | qvalue,480,236,False,False,0.4574857139294846,0.9647320876129192,False,False,0.637437585714,2.337927639675117,False,False,0.6380596956289426,2.301277416244878,False,False,未进入候选范围审阅,False,False,False,Nafion / Ionomer / Direct methanol fuel cell,未进入候选范围审阅
N0455,Fouling / Membrane fouling / Filtration (mathematics),待主题范围审阅,NMF关键词主题,待主题范围审阅,True,False,12,11974,0.0010225785340314,11,11985,0.0009399264405394,20,9992,0.0020015621948838,14,7998,0.0017580019398642,13,7996,0.0016371574096531,12,11,1.0879346403368997,3,45,15.0,0.0015664968584291,0.6527804562958602,0.510890211978036,-0.3358002806099569,3,0,3,43,0.0013213557231515,2,0,0.1666666666666666,29,92,37.66666666666666,0.7758620689655172,0.5712166493525911,0.001505376344086,0.6792843118922962,0.3632652934242047,0.8949369722484626,0.999999583780761,40.57,36.81,False,False,历史峰值以下的恢复或波动,2026Q2,False,False,annual_volume | active_years | persistence | current_volume,volume | multiyear | recent_growth | trend | peak | lower95 | qvalue,313,328,False,False,0.7987069345060405,0.9647320876129192,False,False,0.6539120611797326,1.0890967265567315,False,False,0.5643268443586122,1.090078776115995,False,False,未进入候选范围审阅,False,False,False,Fouling / Membrane fouling / Filtration (mathematics),未进入候选范围审阅
N0456,Demand response / Peak demand / Load management,待主题范围审阅,NMF关键词主题,待主题范围审阅,True,False,32,11974,0.0026587041884816,19,11985,0.001593788312219,23,9992,0.0022944737355985,23,7998,0.0028491755577109,18,7996,0.002243512005821,32,19,1.6681664485165797,3,65,21.666666666666668,0.0022458125351761,1.1838495630594177,0.9331486019828452,0.0736676744008861,3,3,3,74,0.0021823220787664,8,1,0.6666666666666666,67,130,42.66666666666666,1.5572519083969467,0.4788029850359749,0.0021670802315963,1.2268600625474602,0.8056697383005448,0.1658782733166318,0.6338566465606357,63.48,72.61999999999999,False,False,历史峰值以下的恢复或波动,2026Q2,False,False,annual_volume | active_years | persistence | current_volume,multiyear | peak | lower95 | qvalue,174,119,False,False,1.2311529590166927,1.6593391906942208,False,False,1.1858833936146704,1.6699483140536548,False,False,1.1589315434840892,2.006532525494303,False,False,未进入候选范围审阅,False,False,False,Demand response / Peak demand / Load management,未进入候选范围审阅
N0457,Hydrolysis / Tandem / Sodium borohydride,待主题范围审阅,NMF关键词主题,待主题范围审阅,True,False,21,11974,0.001758835078534,16,11985,0.0013485901103391,11,9992,0.0011228275727396,16,7998,0.0020004849660523,10,7996,0.0012733446519524,21,16,1.3042028597493256,3,43,14.333333333333334,0.001490634216377,1.179923994237024,0.8792043471362843,0.2244007901903031,3,2,3,48,0.0014100842538709,5,0,0.4166666666666667,62,126,30.666666666666668,1.9894736842105265,0.56694739318485,0.0014392059553349,1.2220871321538185,0.7289484609771374,0.2246269753269154,0.7340750827676973,51.13,74.19,False,False,历史峰值以下的恢复或波动,2026Q2,False,False,annual_volume | active_years | persistence | current_volume,volume | multiyear | peak | lower95 | qvalue,249,112,False,False,2.0237865998333437,1.7365177577032544,False,False,1.1819018635060583,1.3055959546237663,False,False,1.2836115292290209,1.4623881118009328,False,False,未进入候选范围审阅,False,False,False,Hydrolysis / Tandem / Sodium borohydride,未进入候选范围审阅
N0458,Computation / Computational science / Finite element method,待主题范围审阅,NMF关键词主题,待主题范围审阅,True,False,29,11974,0.0024132853403141,6,11985,0.0005312627707396,8,9992,0.0008299160320249,10,7998,0.0012730358874878,10,7996,0.0012733446519524,29,6,4.542545559806685,3,24,8.0,0.0008780715634175,2.748392546641024,1.895233420593368,0.5337098902328483,4,3,3,43,0.0012581547143596,3,0,0.25,52,73,17.0,2.9444444444444446,0.2968584748464402,0.0008105872622001,2.9772060984079496,1.7423579759007288,1.2124583655010796e-05,0.0004469812361619,27.83,99.15,False,False,多年背景上持续抬升,2026Q2,False,True,annual_volume | active_years | persistence | current_volume,,386,5,False,False,2.493871502245031,3.042616584009976,False,True,2.6598918372577494,4.393248641587308,False,False,3.243921556490599,4.172645864619834,False,True,范围过宽或样本混杂，暂缓认定,False,False,False,Computation / Computational science / Finite element method,通信计算、材料声子、AI威胁检测、超智能数学与V2G认证混合，Computation过宽。
N0459,Mass transfer / Chromatography / Volumetric flow rate,待主题范围审阅,NMF关键词主题,待主题范围审阅,True,False,28,11974,0.0023314790575916,16,11985,0.0013485901103391,11,9992,0.0011228275727396,20,7998,0.0024854510184287,13,7996,0.0016371574096531,28,16,1.7288270466444549,3,47,15.666666666666666,0.0016522895671692,1.4110596011243055,0.9380506959519856,0.3653263662607973,4,4,3,55,0.0016009655802235,7,0,0.5833333333333334,63,107,36.0,1.7297297297297298,0.548660146292927,0.001571546732837,1.4835569371727748,0.9324320676224946,0.0458116352465416,0.3090881317830861,55.76,86.61,False,False,历史峰值以下的恢复或波动,2026Q2,False,False,annual_volume | active_years | persistence | current_volume,peak | lower95 | qvalue,216,53,False,False,1.2685345430390054,1.5322215509146362,False,False,1.4134723978810602,1.7306737072919698,False,False,1.3863815939570523,1.749819233550253,False,False,未进入候选范围审阅,False,False,False,Mass transfer / Chromatography / Volumetric flow rate,未进入候选范围审阅
N0460,Circuit breaker / High voltage / Switchgear,待主题范围审阅,NMF关键词主题,待主题范围审阅,True,False,18,11974,0.0015134162303664,13,11985,0.0011033919084593,5,9992,0.0005370044913102,9,7998,0.0011517943743937,6,7996,0.0007882609750181,18,13,1.3716035243358542,3,27,9.0,0.0009307302580544,1.6260524650074446,1.3139639019013505,0.5180591602310236,2,3,3,36,0.001051270876712,4,0,0.3333333333333333,21,53,19.33333333333333,1.0819672131147542,0.3546475278060778,0.0009098428453267,1.663382020466445,0.9226456914482166,0.0443306196636135,0.3078515254417611,24.33,78.69,False,False,多年背景上持续抬升,2026Q2,False,False,annual_volume | active_years | persistence | current_volume,volume | quarters | lower95 | qvalue,405,85,False,False,1.357091315306041,1.1325115811108182,False,False,1.6286547989281044,1.3730686137774497,False,False,1.5599546984280157,1.3018655097613885,False,False,未进入候选范围审阅,False,False,False,Circuit breaker / High voltage / Switchgear,未进入候选范围审阅
N0461,SIGNAL (programming language) / Signal processing / Digital signal processing,待主题范围审阅,NMF关键词主题,待主题范围审阅,True,False,25,11974,0.002086060209424,16,11985,0.0013485901103391,18,9992,0.0018062878344073,16,7998,0.0020004849660523,12,7996,0.0015158864904195,25,16,1.5468452522608285,3,50,16.666666666666668,0.0017184543035996,1.2139166022945302,1.0427772489290814,0.0720017003481476,3,3,3,59,0.0017469793847235,8,0,0.6666666666666666,53,101,25.666666666666668,2.025,0.2937164682628961,0.0016708023159636,1.2485380164325333,0.7755519282566045,0.179001068663524,0.6580921642041323,44.65,73.71999999999998,False,False,平稳或增长证据不足,2026Q2,False,False,annual_volume | active_years | persistence | current_volume,multiyear | peak | lower95 | qvalue,286,115,False,False,1.1526469993207027,1.2973983247208225,False,False,1.2159704532508229,1.5484975275770254,False,False,1.3374684181161374,1.6225596529284163,False,False,未进入候选范围审阅,False,False,False,SIGNAL (programming language) / Signal processing / Digital signal processing,未进入候选范围审阅
N0462,Dissociation (chemistry) / Physical chemistry / Chemistry,待主题范围审阅,NMF关键词主题,待主题范围审阅,True,False,26,11974,0.0021678664921465,13,11985,0.0011033919084593,17,9992,0.0017086506541691,19,7998,0.0023642095053346,24,7996,0.0029711375212224,26,13,1.9647293726973047,3,49,16.333333333333332,0.0017254173559876,1.256430210710169,0.7296419222139118,0.1190197663394507,4,4,3,56,0.001659969684925,7,0,0.5833333333333334,62,135,47.333333333333336,1.303448275862069,0.4967137625197902,0.001637717121588,1.323712418689513,0.825853907889149,0.1199804411144315,0.5140027221373517,55.25,78.03,False,False,历史峰值以下的恢复或波动,2026Q2,False,False,annual_volume | active_years | persistence | current_volume,peak | lower95 | qvalue,219,92,False,False,1.4696834054759698,1.975403798445501,False,False,1.2111246151827588,1.8926080892608088,False,False,1.304253955753476,2.0908749096167747,False,False,未进入候选范围审阅,False,False,False,Dissociation (chemistry) / Physical chemistry / Chemistry,未进入候选范围审阅
N0463,van der Waals force / Exfoliation joint / Molecule,待主题范围审阅,NMF关键词主题,待主题范围审阅,True,False,27,11974,0.0022496727748691,30,11985,0.0024928483857785,16,9992,0.0016110134739308,25,7998,0.0030916585838991,25,7996,0.0030924084404559,27,30,0.9024507016565102,3,71,23.666666666666668,0.0023985068145361,0.9379472100037206,0.7274824196694385,0.1669606521910926,1,2,3,73,0.0021178448781928,8,1,0.6666666666666666,64,172,63.333333333333336,1.010362694300518,0.5184932207933529,0.0023655913978494,0.9509980366492148,0.6126004530379237,0.5862674309220522,0.999999583780761,67.5,51.32,False,False,近期份额下降,2026Q2,False,False,annual_volume | active_years | persistence | current_volume,multiyear | recent_growth | quarters | peak | lower95 | qvalue,143,247,False,False,0.6908390384307842,0.7074701975828074,False,False,0.9394851363617264,0.9034146617011576,False,False,0.910586278625252,0.8478390480902183,False,False,未进入候选范围审阅,False,False,False,van der Waals force / Exfoliation joint / Molecule,未进入候选范围审阅
N0464,Service (business) / Marketing / Telecommunications,待主题范围审阅,NMF关键词主题,待主题范围审阅,True,False,22,11974,0.0018406413612565,13,11985,0.0011033919084593,17,9992,0.0017086506541691,12,7998,0.001515518913676,7,7996,0.0009095318942517,22,13,1.6681664485165797,3,42,14.0,0.0014425204921014,1.2759897494246737,1.0772485041136872,0.0372050544485498,3,3,3,52,0.0015508946412949,4,0,0.3333333333333333,22,76,24.0,0.92,0.3687500080752715,0.0014061207609594,1.3090208269171544,0.7852698910441007,0.1506500716308549,0.6123986651660771,36.57,68.97999999999999,False,False,多年背景上持续抬升,2026Q2,False,False,annual_volume | active_years | persistence | current_volume,volume | lower95 | qvalue,334,149,False,False,1.018210859552247,1.3002910746087173,False,False,1.2781438566476098,1.6699483140536548,False,False,1.1806938097746484,1.5008330975510076,False,False,未进入候选范围审阅,False,False,False,Service (business) / Marketing / Telecommunications,未进入候选范围审阅
N0465,Fluidized bed / Chemical looping combustion / Fluidized bed combustion,待主题范围审阅,NMF关键词主题,待主题范围审阅,True,False,14,11974,0.0011861910994764,12,11985,0.0010216591744993,18,9992,0.0018062878344073,11,7998,0.0013942774005819,14,7996,0.0017584283288867,14,12,1.1610438481675391,3,41,13.666666666666666,0.0014074081364962,0.8428195551217189,0.6567010400452808,-0.2102632010207781,3,1,3,44,0.0013380460361277,3,0,0.25,30,78,31.0,0.96875,0.472534066803867,0.0013730355665839,0.8639186983536239,0.4751165318361484,0.6941637073130237,0.999999583780761,35.22,47.17,False,False,历史峰值以下的恢复或波动,2026Q2,False,False,annual_volume | active_years | persistence | current_volume,volume | multiyear | trend | peak | lower95 | qvalue,343,273,False,False,0.6777623672474291,1.393501904329772,False,False,0.84424654634066,1.162284026581344,False,False,0.8165005412226475,1.1577855323964916,False,False,未进入候选范围审阅,False,False,False,Fluidized bed / Chemical looping combustion / Fluidized bed combustion,未进入候选范围审阅
N0466,Radiation / Optics / Atmospheric sciences,待主题范围审阅,NMF关键词主题,待主题范围审阅,True,False,19,11974,0.001595222513089,27,11985,0.0022476501838986,19,9992,0.0019039250146455,21,7998,0.0026066925315227,12,7996,0.0015158864904195,19,27,0.7097289980961446,3,67,22.33333333333333,0.0022527559100223,0.7081204430502128,0.6119718738585169,-0.088452159691903,2,1,3,65,0.001915599237211,6,0,0.5,38,132,44.333333333333336,0.8602941176470588,0.289248767230414,0.0022332506203473,0.7143051919720768,0.4315605475239683,0.9075860309455406,0.999999583780761,45.86,35.03,False,False,近期份额下降,2026Q2,False,False,annual_volume | active_years | persistence | current_volume | current_share,volume | multiyear | recent_growth | quarters | trend | peak | lower95 | qvalue,280,342,False,False,0.785695843802106,0.7074701975828074,False,False,0.7092816320331015,0.7104871008882824,False,False,0.8035846315217289,0.8486438312398056,False,False,未进入候选范围审阅,False,False,False,Radiation / Optics / Atmospheric sciences,未进入候选范围审阅
N0467,Rutile / Chemical engineering / Ilmenite,待主题范围审阅,NMF关键词主题,待主题范围审阅,True,False,9,11974,0.0007771596858638,5,11985,0.0004495300367797,10,9992,0.0010251903925014,9,7998,0.0011517943743937,8,7996,0.0010308028134853,9,5,1.728827046644455,3,24,8.0,0.0008755049345583,0.8876702519740021,0.6747382198952879,-0.1384938889703941,2,1,3,24,0.0007506267050483,2,0,0.1666666666666666,26,53,14.333333333333334,1.7608695652173911,0.4544492310965405,0.0008105872622001,0.9587612859279836,0.4532860320570746,0.5642644395529125,0.999999583780761,20.73,57.26,False,False,历史峰值以下的恢复或波动,2026Q2,False,False,annual_volume | active_years | persistence | current_volume,volume | multiyear | quarters | trend | peak | lower95 | qvalue,430,217,False,False,1.2552907162420972,2.342920784202804,False,False,0.889240576377073,1.7306737072919698,False,False,0.9643104600144504,1.7035430224150396,False,False,未进入候选范围审阅,False,False,False,Rutile / Chemical engineering / Ilmenite,未进入候选范围审阅
N0468,Pollutant / Environmental remediation / Pollution,待主题范围审阅,NMF关键词主题,待主题范围审阅,True,False,55,11974,0.0045402486910994,51,11985,0.0042092357989374,50,9992,0.0049306776020308,32,7998,0.0039403491755577,43,7996,0.0052752849866601,55,51,1.0786396647689729,3,133,44.333333333333336,0.0043600875255086,1.0413205387590878,0.8606641541794549,-0.0412473174563658,2,4,3,156,0.0045600540306892,12,3,1.0,120,300,96.0,1.2474226804123711,0.5913744676429132,0.0044168734491315,1.0279327092770163,0.7516456296984524,0.4143435765481246,0.9818568164647502,94.36,54.23,False,False,历史峰值以下的恢复或波动,2026Q2,False,False,annual_volume,multiyear | recent_growth | quarters | trend | peak | lower95 | qvalue,9,231,False,False,1.0213807818221916,1.1362400142996605,False,False,1.0430164055887272,1.0797918224851788,False,False,1.1232670653534411,1.1108421813753475,False,False,未进入候选范围审阅,False,False,False,Pollutant / Environmental remediation / Pollution,未进入候选范围审阅
N0469,Politics / Energy security / Political economy,待主题范围审阅,NMF关键词主题,待主题范围审阅,True,False,50,11974,0.0041312172774869,36,11985,0.0029832447895382,39,9992,0.0038566686194102,36,7998,0.004425315227934,23,7996,0.0028498666019888,50,36,1.3848066682206124,3,111,37.0,0.0037550762122941,1.1001686900418275,0.933541920677042,0.0343841724952156,3,4,3,125,0.0036570435621451,12,3,1.0,63,189,60.0,1.0491803278688523,0.2766109535167176,0.0036889991728701,1.1198748180452185,0.8031319611840427,0.2397723827158093,0.7636063143815582,73.62,63.49999999999999,False,False,历史峰值以下的恢复或波动,2026Q2,False,False,annual_volume,multiyear | peak | lower95 | qvalue,104,184,False,False,1.0543654676298275,1.5108068541862696,False,False,1.0919545926910692,1.3588346555450288,False,False,1.1521059574351566,1.5399525567352943,False,False,未进入候选范围审阅,False,False,False,Politics / Energy security / Political economy,未进入候选范围审阅
N0470,Life-cycle assessment / Environmental impact assessment / Environmental engineering,待主题范围审阅,NMF关键词主题,待主题范围审阅,True,False,51,11974,0.0042130235602094,31,11985,0.0025745811197384,21,9992,0.002099199375122,22,7998,0.0027279340446168,23,7996,0.0028498666019888,51,31,1.636391849497216,3,74,24.666666666666668,0.0024672381798257,1.7075868858785643,1.4783230756377406,0.3483122765761339,3,4,3,103,0.0029622680183566,10,2,0.8333333333333334,104,194,46.333333333333336,2.218309859154929,0.5469753920533675,0.002464846980976,1.7092434511050985,1.198249541465845,0.0011885639602271,0.020492482072881,82.69999999999999,88.19999999999999,False,False,多年背景上持续抬升,2026Q2,False,True,annual_volume | active_years,,50,42,False,True,2.2720159383527143,1.862157285392379,False,True,1.7103614767150317,1.6381397747383473,False,True,1.797760359657553,1.8758311712248168,False,True,有样本依据的条件性跟踪方向,False,True,False,能源与材料生命周期评价,样本涵盖烹饪设备、锂电回收、废物能源回收，也有一般聚合物足迹；属跨领域评价方法主题，保留范围限制。
N0471,Cogeneration / Tandem / Stirling engine,待主题范围审阅,NMF关键词主题,待主题范围审阅,True,False,18,11974,0.0015134162303664,12,11985,0.0010216591744993,16,9992,0.0016110134739308,7,7998,0.0009093113482056,12,7996,0.0015158864904195,18,12,1.4813318062827223,3,35,11.666666666666666,0.0011806613322119,1.2818377201624076,0.9394187291765824,-0.0312469841030309,2,2,3,46,0.0013820296262655,4,0,0.3333333333333333,34,89,24.33333333333333,1.381578947368421,0.5002002234269188,0.0011745244003308,1.2885353679669642,0.7345367316989057,0.1910762267492126,0.6703080088846061,40.88,66.08000000000001,False,False,历史峰值以下的恢复或波动,2026Q2,False,False,annual_volume | active_years | persistence | current_volume,volume | quarters | trend | peak | lower95 | qvalue,311,165,False,False,1.8264372996485576,1.5584133722977924,False,False,1.283943462724619,1.4829141028796455,False,False,1.368367474278409,1.7376992734910304,False,False,未进入候选范围审阅,False,False,False,Cogeneration / Tandem / Stirling engine,未进入候选范围审阅
N0472,Dispersion (optics) / Superconductivity / Dispersant,待主题范围审阅,NMF关键词主题,待主题范围审阅,True,False,19,11974,0.001595222513089,6,11985,0.0005312627707396,9,9992,0.0009275532122632,13,7998,0.0016367604267701,7,7996,0.0009095318942517,19,6,3.002699607329842,3,28,9.333333333333334,0.0010318588032576,1.5459697664571277,0.9746218731820826,0.2711091737897,3,2,3,34,0.0010180128320306,2,0,0.1666666666666666,38,66,18.33333333333333,2.0172413793103448,0.4510081849718752,0.0009429280397022,1.6917754546707082,0.9510005381196498,0.0355688160785098,0.2615354123419841,27.590000000000003,89.21,False,False,历史峰值以下的恢复或波动,2026Q2,False,False,annual_volume | active_years | persistence | current_volume,volume | peak | lower95 | qvalue,388,32,False,False,1.0168995905879128,2.0366566294050514,False,False,1.5487356296514534,3.005906965296579,False,False,1.3616457108209528,2.503587518771901,False,False,未进入候选范围审阅,False,False,False,Dispersion (optics) / Superconductivity / Dispersant,未进入候选范围审阅
N0473,Identification (biology) / System identification / Set (abstract data type),待主题范围审阅,NMF关键词主题,待主题范围审阅,True,False,63,11974,0.0051946989528795,42,11985,0.0034736411932979,31,9992,0.0030755711775043,9,7998,0.0011517943743937,11,7996,0.001394615571186,63,42,1.4954621573760394,3,82,27.33333333333333,0.0025670022483987,2.0236440993069023,1.4954621573760394,0.2620740203416263,3,4,3,136,0.0039146371078939,12,3,1.0,98,223,51.0,1.9038461538461535,0.3787683226250447,0.0027295285359801,1.9031487981913373,1.372049672141487,3.435057626851475e-05,0.0009039625333819,80.25000000000001,86.42,False,False,多年背景上持续抬升,2026Q2,False,True,annual_volume,,64,55,False,True,2.155608317819661,1.8020467296920568,False,True,2.026680431685276,1.497059547422218,False,True,1.7790497706591626,1.3645539278320902,False,True,范围过宽或样本混杂，暂缓认定,False,False,False,Identification (biology) / System identification / Set (abstract data type),有机薄膜、风电预测、能源枢纽、银行服务及Holstein模型混合，Identification多义。
N0474,Reinforcement learning / Convergence (economics) / Artificial intelligence,待主题范围审阅,NMF关键词主题,待主题范围审阅,True,False,93,11974,0.0076488874345549,67,11985,0.0055169595422966,44,9992,0.0043448545206014,34,7998,0.0041828322017458,27,7996,0.0033349502789231,93,67,1.3864316705448905,3,145,48.333333333333336,0.0046815487548813,1.6338369704213085,1.3864316705448905,0.2827839638693201,2,4,3,204,0.005836900499151,12,3,1.0,151,279,83.33333333333333,1.8023715415019763,0.4566378857847195,0.0048138957816377,1.588918369136935,1.2253987868748004,0.0001544421792697,0.003510049528858,88.34,81.25000000000001,False,False,多年背景上持续抬升,2026Q2,True,False,,quarters,30,78,False,False,1.4933607567587186,1.23444213361223,True,True,1.636412245063274,1.38791259879126,False,True,1.8371340377629248,1.675687439013261,False,False,有样本依据的条件性跟踪方向,True,False,False,强化学习用于微电网与能源调度,代表样本覆盖微电网控制、电动车路径和地方能源市场；含一般网络攻击MDP样本，需约束能源应用范围，且核心数量门槛过滤敏感。
N0475,Fullerene / Polymer solar cell / Perylene,待主题范围审阅,NMF关键词主题,待主题范围审阅,True,False,4,11974,0.0003681282722513,9,11985,0.0007764609726195,5,9992,0.0005370044913102,10,7998,0.0012730358874878,15,7996,0.0018796992481203,4,9,0.4741104643152383,3,24,8.0,0.0008621671171392,0.4269801816065537,0.1958442408376963,-0.1887875074229787,1,0,3,18,0.0005605312453937,0,0,0.0,14,62,25.33333333333333,0.569620253164557,0.5266143888394635,0.0008105872622001,0.4541500828079923,0.166200843610843,0.9526554539160677,0.999999583780761,19.42,17.080000000000002,False,False,近期份额下降,2026Q2,False,False,annual_volume | active_years | persistence | current_volume | current_share,volume | multiyear | recent_growth | quarters | trend | peak | lower95 | qvalue,441,430,False,False,0.3800773281641841,0.5194711240992642,False,False,0.4277006649396393,0.4746168892573545,False,False,0.4670337500620837,0.4671766183354264,False,False,未进入候选范围审阅,False,False,False,Fullerene / Polymer solar cell / Perylene,未进入候选范围审阅
N0476,Electrification / Rural electrification / Economic growth,待主题范围审阅,NMF关键词主题,待主题范围审阅,True,False,44,11974,0.0036403795811518,22,11985,0.0018389865140988,24,9992,0.0023921109158367,28,7998,0.0034553831231813,20,7996,0.0024860538442881,44,22,1.9795575189063408,3,74,24.666666666666668,0.0025621601843723,1.420824351012864,1.0535386240470286,0.2099558761188538,3,3,3,90,0.0026238256703624,9,1,0.75,69,151,45.66666666666666,1.5,0.4671050506358596,0.002464846980976,1.4769190985277063,1.0187929089965233,0.0175970327085078,0.1543599360395428,71.83000000000001,82.23999999999998,False,False,多年背景上持续抬升,2026Q2,False,False,annual_volume | active_years | current_volume,lower95 | qvalue,108,73,False,False,1.8022399517341088,2.295397036044532,False,False,1.4232710740250585,1.9816719993436704,False,False,1.4361315507430563,2.2261336638776985,False,False,未进入候选范围审阅,False,False,False,Electrification / Rural electrification / Economic growth,未进入候选范围审阅
N0477,Automotive industry / Manufacturing engineering / Palladium,待主题范围审阅,NMF关键词主题,待主题范围审阅,True,False,34,11974,0.0028223167539267,20,11985,0.0016755210461789,20,9992,0.0020015621948838,21,7998,0.0026066925315227,8,7996,0.0010308028134853,34,20,1.6844412431362532,3,61,20.33333333333333,0.0020945919241952,1.3474303616496153,1.0827194691342992,0.1718150592545724,4,4,3,74,0.0021664666649965,8,1,0.6666666666666666,69,142,39.333333333333336,1.7355371900826446,0.3144536186685441,0.0020347394540942,1.3870654290639766,0.914185415919164,0.0587416594437779,0.3538654183360116,56.07,81.87,False,False,多年背景上持续抬升,2026Q2,False,False,annual_volume | active_years | persistence | current_volume,lower95 | qvalue,211,74,False,False,1.402234469403265,1.962730798936629,False,False,1.3105911888947854,1.6373639567062663,False,False,1.4450903780206203,1.7326219929256803,False,False,未进入候选范围审阅,False,False,False,Automotive industry / Manufacturing engineering / Palladium,未进入候选范围审阅
N0478,High-resolution transmission electron microscopy / Selected area diffraction / Chemical engineering,待主题范围审阅,NMF关键词主题,待主题范围审阅,True,False,3,11974,0.0002863219895287,6,11985,0.0005312627707396,6,9992,0.0006346416715485,12,7998,0.001515518913676,13,7996,0.0016371574096531,3,6,0.5389460833668948,3,24,8.0,0.0008938077853214,0.3203395564806289,0.1748897130114407,-0.3979717638950149,2,0,3,15,0.0004840754772723,0,0,0.0,6,38,23.666666666666668,0.2837837837837837,0.6453165079067279,0.0008105872622001,0.353227842183994,0.115251107802933,0.9775933346109044,0.999999583780761,22.83,14.53,False,False,近期份额下降,2026Q2,False,False,annual_volume | active_years | persistence | current_volume | current_share,volume | multiyear | recent_growth | quarters | trend | peak | lower95 | qvalue,413,446,False,False,0.1099849452916327,0.1378188696589884,False,False,0.3209091366770253,0.5395217630019501,False,False,0.2296203634940654,0.3793314422381667,False,False,未进入候选范围审阅,False,False,False,High-resolution transmission electron microscopy / Selected area diffraction / Chemical engineering,未进入候选范围审阅
N0479,Stoichiometry / Physical chemistry / Surface (topology),待主题范围审阅,NMF关键词主题,待主题范围审阅,True,False,15,11974,0.0012679973821989,7,11985,0.0006129955046996,10,9992,0.0010251903925014,5,7998,0.0006668283220174,7,7996,0.0009095318942517,15,7,2.0685263961605584,3,22,7.333333333333333,0.0007683380730728,1.6503117919534942,1.236840875093493,0.1062802236889588,3,1,3,32,0.0009687277598,1,0,0.0833333333333333,45,91,20.0,2.1904761904761907,0.491001507134829,0.0007444168734491,1.70334315008726,0.8919127357439105,0.0529977507524774,0.3329724695755436,28.640000000000004,85.53,False,False,多年背景上持续抬升,2026Q2,False,False,annual_volume | active_years | persistence | current_volume,volume | baseline | lower95 | qvalue,377,57,False,False,2.138873071103609,1.8417612581701184,False,False,1.653061966441054,2.070735909426532,False,False,1.376429655952529,1.6437695830320558,False,False,未进入候选范围审阅,False,False,False,Stoichiometry / Physical chemistry / Surface (topology),未进入候选范围审阅
N0480,Solid-state / Fast ion conductor / Solid solution,待主题范围审阅,NMF关键词主题,待主题范围审阅,True,False,19,11974,0.001595222513089,75,11985,0.0061708214139762,34,9992,0.003368482718219,13,7998,0.0016367604267701,15,7996,0.0018796992481203,19,75,0.25851056222045,3,122,40.66666666666666,0.0037253548529885,0.4282068624440719,0.25851056222045,-0.3737245889257092,1,1,3,128,0.0037115088817614,7,2,0.5833333333333334,52,251,85.0,0.6162790697674418,0.5982249240359053,0.0040529363110008,0.3935967384335933,0.244069064800475,0.9999638663119996,0.999999583780761,81.68,12.13,False,False,近期份额下降,2026Q2,False,False,annual_volume | active_years | persistence | current_volume | current_share,volume | multiyear | recent_growth | quarters | trend | peak | lower95 | qvalue,56,453,False,False,0.3811398164063541,0.2226304817568274,False,False,0.4288176204616967,0.2587866923765267,False,False,0.4878618550338118,0.2595425657419035,False,False,未进入候选范围审阅,False,False,False,Solid-state / Fast ion conductor / Solid solution,未进入候选范围审阅
N0481,Flux (metallurgy) / Heat flux / Magnetic flux,待主题范围审阅,NMF关键词主题,待主题范围审阅,True,False,17,11974,0.0014316099476439,25,11985,0.0020841847159787,12,9992,0.0012204647529779,4,7998,0.0005455868089233,8,7996,0.0010308028134853,17,25,0.6868920670362385,3,41,13.666666666666666,0.0012834120926266,1.115471761462045,0.6868920670362385,0.079783958618703,1,2,3,54,0.0015787531388668,6,0,0.5,27,110,32.333333333333336,0.84,0.3433977154344281,0.0013730355665839,1.0426604980129943,0.5963823117307488,0.4485650937653965,0.999999583780761,40.04,48.290000000000006,False,False,近期份额下降,2026Q2,False,False,annual_volume | active_years | persistence | current_volume | current_share,volume | multiyear | recent_growth | quarters | peak | lower95 | qvalue,316,265,False,False,1.6599630383772352,1.0312653350344998,False,False,1.1170703547483292,0.6876257763750344,False,False,1.1945065339482268,0.7938204327813343,False,False,未进入候选范围审阅,False,False,False,Flux (metallurgy) / Heat flux / Magnetic flux,未进入候选范围审阅
N0482,Ab initio / Ab initio quantum chemistry methods / Molecular dynamics,待主题范围审阅,NMF关键词主题,待主题范围审阅,True,False,20,11974,0.0016770287958115,11,11985,0.0009399264405394,13,9992,0.0013181019332161,14,7998,0.0017580019398642,7,7996,0.0009095318942517,20,11,1.7842128101525152,3,38,12.666666666666666,0.0013386767712066,1.252751098609071,0.9539402419209244,0.1204154406580864,2,1,3,44,0.001311685723189,3,0,0.25,39,87,31.33333333333333,1.237113402061856,0.4331422794394325,0.0012737799834574,1.3165765026857958,0.7703932992773326,0.1581432250091417,0.6287042605637789,34.78,71.49,False,False,历史峰值以下的恢复或波动,2026Q2,False,False,annual_volume | active_years | persistence | current_volume,volume | quarters | peak | lower95 | qvalue,348,132,False,False,1.0747415828947091,1.4187236582542928,False,False,1.254909793210619,1.7861186315530395,False,False,1.2523925359060195,1.7376992734910304,False,False,未进入候选范围审阅,False,False,False,Ab initio / Ab initio quantum chemistry methods / Molecular dynamics,未进入候选范围审阅
N0483,Heteroatom / Waveform / Pseudocapacitance,待主题范围审阅,NMF关键词主题,待主题范围审阅,True,False,15,11974,0.0012679973821989,21,11985,0.0017572537801389,15,9992,0.0015133762936926,25,7998,0.0030916585838991,22,7996,0.0027285956827552,15,21,0.721578975404846,3,61,20.33333333333333,0.0021207628859102,0.5978968184624398,0.4101349964069397,-0.088452159691903,2,1,3,51,0.0015128758186768,5,0,0.4166666666666667,30,120,50.0,0.6078431372549019,0.6498762704758281,0.0020347394540942,0.6231743232026561,0.3570127002137135,0.9555886190699108,0.999999583780761,53.94,30.14,False,False,近期份额下降,2026Q2,False,False,annual_volume | active_years | persistence | current_volume | current_share,volume | multiyear | recent_growth | quarters | trend | peak | lower95 | qvalue,229,366,False,False,0.4004560382433921,0.3215773625376397,False,False,0.5989152868998496,0.7223497358464647,False,False,0.5421668172915127,0.7197045201383596,False,False,未进入候选范围审阅,False,False,False,Heteroatom / Waveform / Pseudocapacitance,未进入候选范围审阅
N0484,Dual (grammatical number) / Point (geometry) / Permeation,待主题范围审阅,NMF关键词主题,待主题范围审阅,True,False,64,11974,0.005276505235602,136,11985,0.0111565181855333,57,9992,0.0056141378636984,13,7998,0.0016367604267701,20,7996,0.0024860538442881,64,136,0.4729526854036016,3,206,68.66666666666667,0.0061358054920006,0.8599531459204772,0.4729526854036016,-0.0310120216926921,1,4,3,257,0.0073490537616112,10,3,0.8333333333333334,131,422,125.33333333333331,1.0448548812664908,0.5347445949867518,0.0068320926385442,0.772311722741275,0.5839478298782789,0.9613717094608571,0.999999583780761,91.25,35.800000000000004,False,False,近期份额下降,2026Q2,False,False,current_share,multiyear | recent_growth | quarters | trend | peak | lower95 | qvalue,19,335,False,False,0.9302238437622072,0.5523275310760988,False,False,0.8611348574970913,0.4734578736547725,False,False,0.9719949234675556,0.5073362910592765,False,False,未进入候选范围审阅,False,False,False,Dual (grammatical number) / Point (geometry) / Permeation,未进入候选范围审阅
N0485,Laser / Optics / Lasing threshold,待主题范围审阅,NMF关键词主题,待主题范围审阅,True,False,27,11974,0.0022496727748691,26,11985,0.0021659174499387,15,9992,0.0015133762936926,11,7998,0.0013942774005819,15,7996,0.0018796992481203,27,26,1.0386696754914553,3,52,17.333333333333332,0.0016911903814044,1.3302303511216111,1.0386696754914553,0.1982208306817594,3,4,3,68,0.0019763221728334,9,0,0.75,47,128,38.333333333333336,1.220338983050847,0.4050804440735201,0.0017369727047146,1.2951687546746449,0.816494525251492,0.1335741932650411,0.5565591386043383,57.64,69.68999999999998,False,False,平稳或增长证据不足,2026Q2,False,False,annual_volume | active_years | current_volume,recent_growth | peak | lower95 | qvalue,202,144,False,False,1.4349789375424855,1.1131524087841376,False,False,1.3322872290404888,1.0397791389390685,False,False,1.4065560935971768,1.070198920016615,False,False,未进入候选范围审阅,False,False,False,Laser / Optics / Lasing threshold,未进入候选范围审阅
N0486,Alkali metal / Inorganic chemistry / Chemistry,待主题范围审阅,NMF关键词主题,待主题范围审阅,True,False,19,11974,0.001595222513089,22,11985,0.0018389865140988,20,9992,0.0020015621948838,15,7998,0.0018792434529582,11,7996,0.001394615571186,19,22,0.8674465532286213,3,57,19.0,0.0019065973873136,0.8366855654494633,0.7969887306857361,-0.1134573699792338,1,2,3,61,0.0018119237406905,7,0,0.5833333333333334,34,120,44.0,0.7777777777777778,0.5292042515020839,0.0019023986765922,0.838532181880264,0.5017104543181995,0.7532527600729932,0.999999583780761,57.14,37.63,False,False,近期份额下降,2026Q2,False,False,annual_volume | active_years | persistence | current_volume,volume | multiyear | recent_growth | quarters | trend | peak | lower95 | qvalue,205,327,False,False,1.042204789362467,1.1791169959713457,False,False,0.8380535040189693,0.8683731233079006,False,False,0.8382149096743957,0.7670924720816261,False,False,未进入候选范围审阅,False,False,False,Alkali metal / Inorganic chemistry / Chemistry,未进入候选范围审阅
N0487,Freundlich equation / Langmuir / Langmuir adsorption model,待主题范围审阅,NMF关键词主题,待主题范围审阅,True,False,10,11974,0.0008589659685863,8,11985,0.0006947282386595,5,9992,0.0005370044913102,17,7998,0.0021217264791464,13,7996,0.0016371574096531,10,8,1.2364057206652297,3,30,10.0,0.0011178197363721,0.7684297750674586,0.4048429319371727,0.2348614227706229,2,1,3,23,0.0006968995661854,1,0,0.0833333333333333,20,52,24.666666666666668,0.8181818181818181,0.5294644983995999,0.0010090984284532,0.8512211934597889,0.4221550552612285,0.6902519881059512,0.999999583780761,23.180000000000003,54.430000000000014,False,False,历史峰值以下的恢复或波动,2026Q2,False,False,annual_volume | active_years | persistence | current_volume,volume | multiyear | quarters | peak | lower95 | qvalue,411,230,False,False,1.2935270980763682,1.6078868126881989,False,False,0.7698027530355294,1.237726397475062,False,False,0.859832951260613,2.301277416244878,False,False,未进入候选范围审阅,False,False,False,Freundlich equation / Langmuir / Langmuir adsorption model,未进入候选范围审阅
N0488,Perspective (graphical) / Leakage (economics) / Engineering ethics,待主题范围审阅,NMF关键词主题,待主题范围审阅,True,False,41,11974,0.0033949607329842,44,11985,0.0036371066612178,39,9992,0.0038566686194102,19,7998,0.0023642095053346,16,7996,0.0020009701673538,41,44,0.9334234734396142,3,102,34.0,0.0032859949286542,1.033160673310802,0.8802832361322818,-0.063755782027115,2,4,3,124,0.0036295786712041,11,3,0.9166666666666666,71,212,62.333333333333336,1.136842105263158,0.4063145845683184,0.0033912324234904,1.0010993966287831,0.6980095631817415,0.486548963285643,0.999999583780761,78.45,50.66,False,False,近期份额下降,2026Q2,False,False,annual_volume | current_volume,multiyear | recent_growth | quarters | trend | peak | lower95 | qvalue,72,252,False,False,1.0102047410179162,0.8560298805579425,False,False,1.0347935341719947,0.9344205173019328,False,False,1.2059018016727063,0.9862617498192336,False,False,未进入候选范围审阅,False,False,False,Perspective (graphical) / Leakage (economics) / Engineering ethics,未进入候选范围审阅
N0489,Insulated-gate bipolar transistor / Power semiconductor device / Junction temperature,待主题范围审阅,NMF关键词主题,待主题范围审阅,True,False,12,11974,0.0010225785340314,11,11985,0.0009399264405394,6,9992,0.0006346416715485,13,7998,0.0016367604267701,15,7996,0.0018796992481203,12,11,1.0879346403368997,3,30,10.0,0.001070442846286,0.955285504106376,0.5440117801047121,0.2385110740114289,2,0,3,29,0.0008657155487064,0,0,0.0,20,54,18.0,1.105263157894737,0.3933009750338022,0.0010090984284532,1.0133585636426057,0.5246774705805382,0.4984395715926855,0.999999583780761,17.22,59.57,False,False,历史峰值以下的恢复或波动,2026Q2,False,False,annual_volume | active_years | persistence | current_volume,volume | multiyear | recent_growth | quarters | peak | lower95 | qvalue,461,211,False,False,0.6431570127997567,0.6890943482949423,False,False,0.9569064319408812,1.0890967265567315,False,False,0.826704138798462,0.9862617498192336,False,False,未进入候选范围审阅,False,False,False,Insulated-gate bipolar transistor / Power semiconductor device / Junction temperature,未进入候选范围审阅
N0490,Lead (geology) / Lead–acid battery / Caesium,待主题范围审阅,NMF关键词主题,待主题范围审阅,True,False,19,11974,0.001595222513089,40,11985,0.003310175725378,26,9992,0.0025873852763132,16,7998,0.0020004849660523,9,7996,0.0011520737327188,19,40,0.4819147517936785,3,82,27.33333333333333,0.0026326819892478,0.6059305755894747,0.4819147517936785,-0.2418172934031406,1,2,3,85,0.0024975945049267,9,1,0.75,45,196,62.333333333333336,0.7263157894736841,0.5134630023781518,0.0027295285359801,0.5844315207044265,0.3567772095916474,0.984932597148693,0.999999583780761,71.33,20.82,False,False,近期份额下降,2026Q2,False,False,annual_volume | active_years | current_volume | current_share,volume | multiyear | recent_growth | quarters | trend | peak | lower95 | qvalue,115,412,False,False,0.5111366285696562,0.5194711240992641,False,False,0.6068679831078403,0.4824295129488337,False,False,0.6406866616381243,0.4857707125975329,False,False,未进入候选范围审阅,False,False,False,Lead (geology) / Lead–acid battery / Caesium,未进入候选范围审阅
N0491,Genetic algorithm / Specific surface area / Sorting,待主题范围审阅,NMF关键词主题,待主题范围审阅,True,False,11,11974,0.0009407722513089,12,11985,0.0010216591744993,17,9992,0.0017086506541691,11,7998,0.0013942774005819,17,7996,0.0021222410865874,11,12,0.920827879581152,3,40,13.333333333333334,0.0013748624097501,0.6842664725118665,0.4432918848167539,-0.2983790824720351,2,0,3,40,0.0012236940266591,2,0,0.1666666666666666,19,80,29.666666666666668,0.6521739130434783,0.3659327091144081,0.0013399503722084,0.702094846810161,0.3647305903700749,0.8651380745585382,0.999999583780761,25.45,32.65,False,False,近期份额下降,2026Q2,False,False,annual_volume | active_years | persistence | current_volume,volume | multiyear | recent_growth | quarters | trend | peak | lower95 | qvalue,399,356,False,False,0.6005763558114146,0.6890943482949423,False,False,0.6854233753894986,0.9218114693576176,False,False,0.6207599590285318,0.8147379672419756,False,False,未进入候选范围审阅,False,False,False,Genetic algorithm / Specific surface area / Sorting,未进入候选范围审阅
N0492,Function (biology) / Transfer function / Set (abstract data type),待主题范围审阅,NMF关键词主题,待主题范围审阅,True,False,30,11974,0.0024950916230366,12,11985,0.0010216591744993,20,9992,0.0020015621948838,14,7998,0.0017580019398642,14,7996,0.0017584283288867,30,12,2.4421956806282723,3,46,15.333333333333334,0.0015937411030824,1.5655564245728928,1.2465721172264077,0.1101987390425986,4,3,3,62,0.0018394376641399,6,1,0.5,49,89,21.666666666666668,2.205882352941176,0.2735370811559087,0.0015384615384615,1.621809554973822,1.027212493985327,0.0173579699834505,0.1543599360395428,43.18,88.44999999999999,False,False,多年背景上持续抬升,2026Q2,False,False,annual_volume | active_years | persistence | current_volume,lower95 | qvalue,295,39,False,False,1.18150279816311,1.883524552006176,False,False,1.5682525223148476,2.444804331774551,False,False,1.6608431525914953,2.444213901725927,False,False,未进入候选范围审阅,False,False,False,Function (biology) / Transfer function / Set (abstract data type),未进入候选范围审阅
N0493,Sustainable development / Economic growth / Sustainable energy,待主题范围审阅,NMF关键词主题,待主题范围审阅,True,False,91,11974,0.0074852748691099,54,11985,0.0044544340008173,45,9992,0.0044424917008396,25,7998,0.0030916585838991,19,7996,0.0023647829250545,91,54,1.6804098719919305,3,124,41.333333333333336,0.003996194761852,1.873100615756996,1.6804098719919305,0.2608611634703823,4,4,3,190,0.0054607335235889,12,3,1.0,145,342,84.66666666666667,1.7042801556420233,0.4376906797754271,0.0041191066997518,1.8172082965369327,1.3873713504895646,3.630151581015613e-06,0.0002500709154184,87.18,89.12,False,False,多年背景上持续抬升,2026Q2,True,True,,,35,33,False,True,2.287446691341812,2.220415122283703,True,True,1.8760650532306191,1.6822048154412046,False,True,1.824467121492444,1.6776617393832325,False,True,范围过宽或样本混杂，暂缓认定,False,False,False,Sustainable development / Economic growth / Sustainable energy,能源技术选择、铁载能体、金融转型、氢物流与人口碳生产率混合，可作背景议题但不归为统一技术热点。
N0494,Impeller / Centrifugal pump / Instability,待主题范围审阅,NMF关键词主题,待主题范围审阅,True,False,30,11974,0.0024950916230366,22,11985,0.0018389865140988,19,9992,0.0019039250146455,16,7998,0.0020004849660523,20,7996,0.0024860538442881,30,22,1.356775378126818,3,57,19.0,0.0019144654982656,1.3032836712372424,1.003635391393181,0.1352039493299295,3,3,3,71,0.002079334383927,8,1,0.6666666666666666,56,118,34.333333333333336,1.6132075471698113,0.3472188102437578,0.0019023986765922,1.3115503357614386,0.8454893731144255,0.1097677261758631,0.4856979034330229,54.39000000000001,74.36999999999999,False,False,多年背景上持续抬升,2026Q2,False,False,annual_volume | active_years | persistence | current_volume,peak | lower95 | qvalue,225,110,False,False,1.4086163621278849,1.4909495899472387,False,False,1.3054215411597556,1.3582246287636393,False,False,1.351106162974898,1.371144383895032,False,False,未进入候选范围审阅,False,False,False,Impeller / Centrifugal pump / Instability,未进入候选范围审阅
N0495,Psychology / Perception / Social psychology,待主题范围审阅,NMF关键词主题,待主题范围审阅,True,False,16,11974,0.0013498036649214,53,11985,0.0043727012668573,26,9992,0.0025873852763132,21,7998,0.0026066925315227,13,7996,0.0016371574096531,16,53,0.3086887446787689,3,100,33.333333333333336,0.0031889263582311,0.4232784057359638,0.3086887446787689,-0.3253443357347239,0,2,3,95,0.0027699634026973,8,1,0.6666666666666666,37,177,62.66666666666666,0.5968586387434556,0.2826904255977377,0.0033250620347394,0.4059484156442916,0.2411941760018608,0.9997864184400342,0.999999583780761,59.58000000000001,10.500000000000002,False,False,近期份额下降,2026Q2,False,False,annual_volume | active_years | persistence | current_volume | current_share,volume | multiyear | recent_growth | quarters | trend | peak | lower95 | qvalue,194,460,False,False,0.4030682490982058,0.2977568171644812,False,False,0.4239234039774294,0.3090184730678726,False,False,0.4994009920253731,0.3576553598245572,False,False,未进入候选范围审阅,False,False,False,Psychology / Perception / Social psychology,未进入候选范围审阅
N0496,Component (thermodynamics) / Oxidizing agent / Principal component analysis,待主题范围审阅,NMF关键词主题,待主题范围审阅,True,False,46,11974,0.0038039921465968,25,11985,0.0020841847159787,20,9992,0.0020015621948838,8,7998,0.0010305528612997,13,7996,0.0016371574096531,46,25,1.825170349553434,3,53,17.666666666666668,0.0017054332573874,2.2305136422777667,1.825170349553434,0.3210615535325707,2,3,3,91,0.0026299130191531,7,1,0.5833333333333334,84,156,30.666666666666668,2.6842105263157894,0.3584890466321162,0.0017700578990901,2.1490778061848608,1.4507416070516497,3.8624790234700974e-05,0.0009196378627309,64.45,88.47,False,False,多年背景上持续抬升,2026Q2,False,False,annual_volume | active_years | persistence | current_volume,quarters,167,38,False,False,2.2060496189163654,1.5584133722977924,False,False,2.277407446736404,1.827119920082234,False,True,2.875486521938589,2.659918052542781,False,False,未进入候选范围审阅,False,False,False,Component (thermodynamics) / Oxidizing agent / Principal component analysis,未进入候选范围审阅
N0497,Intermetallic / Nanomaterial-based catalyst / Payback period,待主题范围审阅,NMF关键词主题,待主题范围审阅,True,False,21,11974,0.001758835078534,11,11985,0.0009399264405394,14,9992,0.0014157391134544,11,7998,0.0013942774005819,10,7996,0.0012733446519524,21,11,1.8712475813794671,3,36,12.0,0.0012499809848585,1.4070894676313772,1.242344060299693,0.1084999831616411,4,3,3,46,0.0013715002108426,5,0,0.4166666666666667,63,122,29.666666666666668,2.0869565217391304,0.4322363139948711,0.0012076095947063,1.4564600068134548,0.8548404213249363,0.0825515467172176,0.4133442518785972,41.95,83.3,False,False,多年背景上持续抬升,2026Q2,False,False,annual_volume | active_years | persistence | current_volume,volume | lower95 | qvalue,301,67,False,False,1.47926064596285,1.7592173362353232,False,False,1.4094761780779408,1.8732463696775783,False,False,1.371527861569523,1.831628963950005,False,False,未进入候选范围审阅,False,False,False,Intermetallic / Nanomaterial-based catalyst / Payback period,未进入候选范围审阅
N0498,Unit (ring theory) / Mathematics / Power system simulation,待主题范围审阅,NMF关键词主题,待主题范围审阅,True,False,9,11974,0.0007771596858638,23,11985,0.0019207192480588,8,9992,0.0008299160320249,5,7998,0.0006668283220174,5,7996,0.0006669900557846,9,23,0.4046190960231703,3,36,12.0,0.0011391545340337,0.6822249858515136,0.4046190960231703,-0.0328393421367909,0,0,3,40,0.0011759316553159,3,0,0.25,18,49,12.666666666666666,1.3902439024390243,0.2873547473184081,0.0012076095947063,0.6435520960338521,0.3151726090608862,0.8979205035129454,0.999999583780761,18.88,29.43,False,False,近期份额下降,2026Q2,False,False,annual_volume | active_years | persistence | current_volume | current_share,volume | multiyear | recent_growth | quarters | trend | peak | lower95 | qvalue,446,371,False,False,0.5053462225142646,0.2868122422633003,False,False,0.6832006528160168,0.4050512931959929,False,False,0.6298799065298321,0.3793314422381668,False,False,未进入候选范围审阅,False,False,False,Unit (ring theory) / Mathematics / Power system simulation,未进入候选范围审阅
N0499,Wake / Hydrogen peroxide / Thrust,待主题范围审阅,NMF关键词主题,待主题范围审阅,True,False,26,11974,0.0021678664921465,28,11985,0.0023293829178586,25,9992,0.0024897480960749,23,7998,0.0028491755577109,23,7996,0.0028498666019888,26,28,0.9306612818039864,3,76,25.33333333333333,0.0025561021905481,0.8481141717114509,0.7606905146485463,-0.0692190192780048,3,4,3,79,0.0023289991686933,11,0,0.9166666666666666,57,149,49.333333333333336,1.152317880794702,0.5152208093827932,0.002531017369727,0.8565198003285084,0.5506405288324218,0.7529440074019071,0.999999583780761,71.73,48.35,False,False,近期份额下降,2026Q2,False,False,annual_volume | active_years | current_volume,multiyear | recent_growth | trend | peak | lower95 | qvalue,109,262,False,False,0.935233127552678,0.91258440720141,False,False,0.8495199659589893,0.9316553752088812,False,False,0.7370000213956399,0.865495004943409,False,False,未进入候选范围审阅,False,False,False,Wake / Hydrogen peroxide / Thrust,未进入候选范围审阅
N0500,Thiophene / Moiety / Polythiophene,待主题范围审阅,NMF关键词主题,待主题范围审阅,True,False,4,11974,0.0003681282722513,10,11985,0.0008581937065794,14,9992,0.0014157391134544,10,7998,0.0012730358874878,10,7996,0.0012733446519524,4,10,0.4289570867614061,3,34,11.333333333333334,0.0011823229025072,0.3113601804301089,0.260025500992959,-0.6734877860170303,1,0,3,28,0.0008806870307617,2,0,0.1666666666666666,8,67,29.666666666666668,0.2934782608695652,0.4662988928378847,0.0011414392059553,0.3225123776462554,0.1207566324360814,0.9930618392800474,0.999999583780761,22.51,8.89,False,False,近期份额下降,2026Q2,False,False,annual_volume | active_years | persistence | current_volume | current_share,volume | multiyear | recent_growth | quarters | trend | peak | lower95 | qvalue,417,465,False,False,0.423899182035387,0.4385145852785997,False,False,0.311889371254952,0.4294152807566541,False,False,0.3358781547825311,0.4671766183354264,False,False,未进入候选范围审阅,False,False,False,Thiophene / Moiety / Polythiophene,未进入候选范围审阅
