category_id,month,papers
C0221,2021-12,83
C0085,2021-12,27
C0486,2021-10,52
C0242,2021-06,11
C0455,2021-10,52
C0176,2021-11,78
C0072,2024-02,79
C0341,2022-01,165
C0744,2022-01,63
C0257,2022-01,101
C0400,2022-01,70
C0126,2022-01,227
C0282,2021-01,96
C0287,2022-01,49
C0164,2021-01,65
C0564,2021-01,31
C0013,2022-01,29
C0205,2021-04,39
C0444,2022-01,27
C0275,2021-05,43
C0675,2021-01,25
C0715,2022-01,8
C0651,2022-01,20
C0162,2022-01,25
C0554,2022-04,2
C0251,2022-04,40
C0194,2022-06,80
C0165,2022-04,14
C0226,2022-04,115
C0389,2022-04,28
C0521,2022-04,10
C0270,2022-04,61
C0306,2022-04,37
C0323,2022-04,37
C0520,2022-02,2
C0321,2022-04,8
C0670,2022-04,8
C0254,2021-05,98
C0719,2022-04,6
C0736,2022-03,4
C0418,2022-02,13
C0063,2021-06,84
C0324,2022-04,45
C0340,2022-02,55
C0678,2022-02,15
C0067,2022-05,149
C0250,2022-05,37
C0487,2022-05,28
C0121,2022-05,63
C0571,2022-01,3
C0700,2022-05,27
C0293,2022-05,56
C0647,2022-05,8
C0337,2022-05,11
C0067,2020-05,150
C0318,2020-07,16
C0363,2020-02,24
C0155,2020-09,110
C0328,2021-08,61
C0156,2020-08,32
C0369,2020-04,98
C0070,2020-11,29
C0174,2020-03,15
C0408,2021-06,54
C0414,2020-01,88
C0403,2021-05,35
C0462,2020-05,18
C0030,2020-01,11
C0304,2021-04,99
C0237,2020-11,112
C0382,2022-06,115
C0339,2022-06,38
C0113,2022-06,134
C0117,2022-06,60
C0349,2022-06,64
C0336,2022-06,12
C0005,2022-06,33
C0157,2022-01,7
C0042,2022-06,3
C0605,2022-06,2
C0514,2022-06,3
C0016,2022-07,37
C0114,2021-11,47
C0186,2021-07,49
C0512,2022-06,3
C0462,2022-05,19
C0648,2022-01,1
C0433,2022-05,5
C0129,2021-10,89
C0191,2021-11,54
C0211,2021-10,82
C0297,2021-09,39
C0212,2022-11,45
C0223,2022-11,69
C0297,2022-10,52
C0460,2022-10,40
C0387,2022-10,38
C0395,2022-11,54
C0137,2022-11,53
C0569,2022-11,14
C0174,2022-11,14
C0718,2022-11,5
C0606,2022-11,8
C0311,2022-09,61
C0138,2022-09,63
C0143,2022-09,61
C0555,2022-12,17
C0463,2022-12,38
C0405,2022-12,53
C0364,2022-12,41
C0099,2022-10,1
C0725,2022-12,7
C0340,2023-03,74
C0468,2023-03,76
C0520,2023-03,4
C0027,2023-01,84
C0678,2023-03,8
C0001,2023-03,3
C0504,2023-03,3
C0423,2023-01,128
C0179,2023-01,53
C0235,2023-02,59
C0418,2023-03,12
C0288,2023-01,29
C0501,2023-01,24
C0454,2023-01,55
C0172,2020-06,54
C0235,2023-04,63
C0622,2023-04,29
C0693,2023-04,7
C0286,2023-04,84
C0548,2023-04,6
C0351,2023-04,4
C0724,2023-04,4
C0631,2023-04,3
C0016,2023-07,49
C0155,2023-08,164
C0066,2023-08,31
C0065,2023-08,12
C0543,2023-08,4
C0368,2023-08,24
C0681,2023-08,5
C0058,2023-06,77
C0177,2023-10,36
C0011,2023-05,63
C0576,2022-09,5
C0108,2023-08,1
C0448,2021-08,30
C0431,2023-09,61
C0015,2023-09,59
C0232,2023-09,37
C0138,2023-05,62
C0315,2023-09,72
C0696,2023-09,3
C0464,2023-09,42
C0742,2023-09,8
C0308,2023-12,7
C0468,2023-12,79
C0340,2023-12,61
C0195,2023-10,55
C0001,2023-12,3
C0678,2023-12,7
C0661,2023-12,2
C0520,2023-12,8
C0257,2023-11,70
C0552,2023-05,20
C0211,2023-10,72
C0455,2023-10,71
C0400,2023-11,25
C0129,2023-10,65
C0616,2022-03,22
C0586,2022-03,3
C0358,2022-03,81
C0604,2022-03,7
C0445,2021-01,69
C0352,2022-03,30
C0584,2022-03,20
C0532,2022-03,11
C0322,2022-03,2
C0638,2022-03,1
C0468,2022-02,46
C0411,2022-03,1
C0626,2022-03,5
C0048,2020-12,36
C0346,2021-08,34
C0007,2020-12,37
C0096,2021-06,1
C0307,2021-05,36
C0223,2020-03,48
C0077,2020-01,9
C0055,2022-09,41
C0552,2022-09,29
C0065,2020-09,18
C0727,2022-09,37
C0169,2022-09,61
C0011,2022-09,41
C0182,2022-09,8
C0150,2020-07,23
C0645,2022-09,4
C0255,2022-08,63
C0478,2022-08,69
C0539,2022-09,8
C0329,2021-01,11
C0485,2022-08,64
C0098,2022-08,32
C0338,2020-12,42
C0368,2020-09,24
C0287,2023-11,25
C0337,2020-05,16
C0050,2021-08,50
C0312,2021-08,16
C0020,2020-12,62
C0420,2020-02,23
C0091,2021-07,25
C0286,2023-02,90
C0711,2023-01,5
C0280,2021-06,38
C0293,2020-05,37
C0341,2023-11,86
C0244,2023-02,1
C0693,2023-02,4
C0631,2023-02,4
C0622,2023-02,17
C0548,2023-02,5
C0351,2023-02,3
C0724,2023-02,2
C0248,2022-01,4
C0333,2021-04,18
C0308,2023-03,5
C0451,2023-06,47
C0120,2023-06,20
C0136,2023-06,56
C0169,2023-05,68
C0727,2023-05,36
C0743,2023-06,7
C0026,2023-06,14
C0143,2023-05,64
C0311,2023-05,40
C0529,2023-06,1
C0295,2021-11,29
C0273,2023-07,2
C0055,2023-05,39
C0214,2020-02,28
C0126,2023-11,84
C0651,2023-11,14
C0013,2023-11,17
C0571,2023-11,4
C0744,2023-11,44
C0162,2023-11,15
C0715,2023-11,11
C0648,2023-11,1
C0486,2023-10,105
C0444,2023-11,11
C0157,2023-11,1
C0248,2023-11,3
C0418,2023-12,10
C0504,2023-12,2
C0195,2024-01,245
C0707,2023-01,2
C0388,2020-11,2
C0158,2024-02,90
C0472,2024-01,158
C0642,2024-02,18
C0003,2024-02,13
C0129,2024-01,197
C0430,2020-10,22
C0308,2022-02,4
C0001,2022-02,1
C0245,2021-08,74
C0278,2021-06,74
C0504,2022-02,4
C0446,2020-04,28
C0369,2020-12,89
C0519,2021-07,2
C0178,2020-02,26
C0317,2020-08,39
C0038,2020-08,26
C0138,2021-02,53
C0302,2020-12,39
C0311,2021-02,39
C0047,2021-07,64
C0483,2020-07,54
C0182,2021-02,15
C0169,2021-02,30
C0011,2021-02,34
C0380,2020-11,18
C0152,2020-02,50
C0007,2020-04,35
C0094,2020-07,54
C0387,2021-09,45
C0034,2020-11,51
C0203,2021-01,73
C0474,2021-06,43
C0425,2020-11,6
C0209,2021-04,30
C0375,2020-10,28
C0392,2020-02,5
C0431,2021-03,66
C0103,2021-05,47
C0066,2020-09,21
C0238,2021-06,20
C0460,2021-09,29
C0015,2021-03,61
C0256,2020-01,133
C0137,2020-03,37
C0493,2021-01,207
C0712,2022-08,10
C0273,2022-07,1
C0195,2021-10,42
C0446,2020-12,43
C0354,2021-06,81
C0686,2022-04,7
C0566,2022-12,9
C0624,2022-12,2
C0544,2022-12,4
C0674,2022-12,5
C0456,2022-12,2
C0261,2023-04,2
C0576,2023-05,13
C0250,2020-05,34
C0542,2023-09,4
C0183,2021-04,65
C0472,2023-10,51
C0177,2024-01,107
C0211,2024-01,174
C0212,2024-08,53
C0455,2024-01,129
C0342,2024-04,53
C0057,2024-04,53
C0201,2024-04,51
C0434,2020-01,4
C0212,2020-03,34
C0395,2020-03,47
C0142,2020-01,3
C0487,2020-05,13
C0048,2020-04,34
C0124,2020-04,4
C0020,2020-04,56
C0121,2020-05,55
C0302,2020-04,33
C0338,2020-04,35
C0700,2020-05,18
C0037,2020-02,50
C0433,2020-05,3
C0264,2020-02,34
C0647,2020-05,2
C0632,2020-08,6
C0200,2020-08,46
C0687,2020-08,5
C0133,2020-07,50
C0577,2020-08,4
C0310,2020-07,26
C0353,2020-08,3
C0681,2020-09,2
C0543,2020-09,2
C0290,2021-01,127
C0370,2021-01,9
C0740,2021-01,1
C0449,2021-01,5
C0143,2021-02,57
C0154,2020-11,40
C0536,2021-01,1
C0439,2020-10,19
C0124,2020-12,3
C0609,2021-01,8
C0727,2021-02,25
C0055,2021-02,33
C0552,2021-02,9
C0075,2020-11,45
C0576,2021-02,2
C0645,2021-02,2
C0017,2021-04,32
C0484,2021-05,37
C0299,2021-06,6
C0051,2021-06,3
C0272,2021-06,27
C0292,2021-05,12
C0741,2021-01,10
C0602,2020-02,17
C0464,2021-03,32
C0729,2021-06,1
C0652,2021-07,2
C0123,2021-08,38
C0029,2021-05,55
C0319,2021-11,59
C0472,2021-10,42
C0177,2021-10,34
C0360,2021-11,62
C0188,2020-11,48
C0219,2021-11,29
C0006,2021-10,1
C0187,2021-06,1
C0315,2021-03,56
C0598,2021-11,5
C0615,2021-11,2
C0745,2021-09,5
C0182,2023-05,12
C0486,2024-01,263
C0667,2021-07,10
C0645,2023-05,1
C0720,2023-09,4
C0549,2023-09,2
C0404,2020-01,4
C0630,2021-05,17
C0565,2022-03,1
C0614,2022-03,1
C0541,2022-03,1
C0190,2022-03,2
C0653,2022-04,4
C0266,2020-02,34
C0326,2020-02,21
C0068,2020-02,35
C0432,2020-02,1
C0623,2020-06,4
C0130,2020-07,31
C0202,2020-07,85
C0107,2020-06,2
C0526,2020-07,5
C0750,2020-11,2
C0726,2020-11,2
C0052,2020-11,3
C0696,2021-03,6
C0232,2021-03,30
C0742,2021-03,6
C0542,2021-03,9
C0534,2021-04,5
C0241,2021-05,50
C0578,2021-05,1
C0570,2021-08,6
C0170,2025-05,113
C0556,2021-08,35
C0334,2021-08,46
C0550,2021-08,8
C0518,2021-08,4
C0227,2021-08,17
C0644,2021-08,9
C0581,2021-08,7
C0509,2021-08,9
C0099,2021-09,1
C0488,2021-08,1
C0035,2021-06,3
C0502,2021-09,1
C0716,2021-08,3
C0438,2021-12,3
C0081,2021-11,2
C0513,2020-02,1
C0569,2020-03,19
C0718,2020-03,4
C0601,2020-06,1
C0553,2020-10,3
C0682,2020-10,1
C0666,2020-10,1
C0585,2021-01,2
C0539,2021-02,3
C0492,2021-02,1
C0720,2021-03,5
C0223,2024-08,67
C0618,2021-11,1
C0661,2022-02,2
C0499,2020-04,2
C0591,2020-04,3
C0373,2020-07,1
C0036,2020-07,1
C0499,2020-12,3
C0558,2021-04,1
C0491,2021-09,1
C0384,2021-10,1
C0223,2026-01,175
C0360,2026-05,103
C0598,2026-05,43
C0176,2026-05,104
C0191,2026-05,150
C0219,2026-05,159
C0308,2026-04,21
C0342,2026-08,94
C0212,2026-01,137
C0114,2026-05,82
C0295,2026-05,37
C0350,2025-02,42
C0395,2026-01,138
C0154,2026-07,59
C0075,2026-07,48
C0034,2026-07,67
C0070,2026-07,65
C0237,2026-07,230
C0216,2026-06,80
C0380,2026-07,35
C0137,2026-01,270
C0388,2026-07,11
C0726,2026-07,12
C0282,2025-11,72
C0188,2026-07,66
C0569,2026-01,45
C0468,2024-11,117
C0089,2026-03,63
C0425,2026-07,19
C0750,2026-07,27
C0052,2026-07,4
C0418,2025-06,23
C0028,2026-03,123
C0457,2026-06,42
C0300,2026-06,46
C0175,2026-02,68
C0045,2026-08,41
C0357,2025-12,106
C0486,2025-08,114
C0718,2026-01,28
C0364,2024-12,38
C0330,2026-08,127
C0189,2025-01,338
C0129,2025-08,87
C0016,2025-07,51
C0539,2023-05,7
C0410,2025-02,38
C0211,2024-06,75
C0468,2026-04,269
C0294,2024-04,13
C0106,2025-01,350
C0290,2025-11,48
C0675,2025-11,32
C0449,2025-11,2
C0493,2025-11,92
C0564,2025-11,27
C0164,2025-11,29
C0240,2026-02,26
C0712,2025-03,28
C0536,2025-11,2
C0445,2025-11,42
C0097,2025-01,23
C0203,2025-11,25
C0370,2025-11,9
C0468,2025-06,149
C0301,2025-01,51
C0460,2025-10,57
C0122,2025-01,437
C0486,2024-06,150
C0174,2026-01,56
C0323,2024-10,42
C0062,2025-12,79
C0627,2025-01,11
C0212,2025-04,39
C0101,2025-01,100
C0657,2025-01,14
C0297,2025-10,108
C0609,2025-11,5
C0271,2025-01,175
C0472,2025-08,53
C0547,2025-01,4
C0329,2025-11,4
C0197,2025-12,35
C0355,2025-12,45
C0313,2025-12,63
C0728,2025-12,68
C0218,2024-09,75
C0267,2026-02,124
C0606,2026-01,60
C0330,2024-04,93
C0174,2025-04,22
C0045,2024-07,64
C0140,2026-03,89
C0192,2026-03,71
C0502,2025-10,5
C0006,2024-01,5
C0306,2024-10,28
C0173,2025-12,4
C0296,2026-02,52
C0231,2021-01,2
C0393,2026-03,90
C0093,2026-03,48
C0146,2026-02,102
C0024,2026-02,59
C0665,2026-03,13
C0421,2026-02,48
C0168,2026-03,26
C0172,2024-05,44
C0220,2025-02,19
C0177,2025-08,44
C0390,2026-03,2
C0379,2025-05,30
C0006,2023-10,5
C0463,2024-12,59
C0340,2026-04,50
C0618,2026-05,3
C0224,2025-05,53
C0319,2026-05,34
C0615,2026-05,6
C0389,2024-10,47
C0593,2026-06,79
C0177,2024-06,37
C0418,2026-04,45
C0636,2026-06,21
C0308,2025-06,12
C0386,2025-05,52
C0662,2026-08,6
C0603,2026-08,32
C0002,2026-08,150
C0057,2026-08,34
C0347,2026-08,20
C0201,2026-08,42
C0294,2026-08,13
C0371,2026-08,43
C0656,2026-08,7
C0102,2025-02,72
C0199,2024-02,2
C0635,2026-08,3
C0195,2024-06,82
C0276,2024-03,108
C0240,2024-03,15
C0175,2024-03,46
C0342,2024-07,46
C0661,2024-11,1
C0201,2024-07,41
C0267,2024-03,69
C0371,2024-07,35
C0371,2024-04,39
C0045,2024-04,58
C0002,2024-04,65
C0504,2024-11,8
C0662,2024-04,4
C0603,2024-04,17
C0347,2024-04,19
C0129,2024-06,62
C0270,2024-10,75
C0137,2024-08,79
C0330,2024-07,89
C0053,2024-02,2
C0635,2024-04,4
C0656,2024-04,7
C0455,2024-06,71
C0559,2024-05,3
C0345,2024-03,19
C0623,2024-05,9
C0601,2024-05,1
C0296,2024-03,19
C0226,2024-10,112
C0472,2024-06,53
C0424,2024-09,30
C0569,2024-08,21
C0057,2024-07,71
C0002,2024-07,77
C0153,2024-03,26
C0347,2024-07,18
C0635,2024-07,4
C0603,2024-07,28
C0662,2024-07,5
C0324,2024-10,44
C0251,2024-10,87
C0521,2024-10,18
C0670,2024-10,7
C0485,2025-03,50
C0165,2024-10,16
C0719,2024-10,6
C0496,2024-10,1
C0653,2024-10,5
C0555,2024-12,16
C0340,2025-06,57
C0321,2024-10,11
C0554,2024-10,3
C0746,2024-09,8
C0686,2024-10,5
C0478,2025-03,111
C0678,2024-11,9
C0340,2024-11,41
C0674,2024-12,7
C0405,2024-12,68
C0421,2024-03,19
C0223,2025-04,69
C0725,2024-12,10
C0215,2025-01,1
C0285,2025-02,42
C0303,2025-02,15
C0515,2025-02,11
C0694,2025-02,11
C0255,2025-03,68
C0269,2025-02,39
C0418,2024-11,23
C0611,2025-02,3
C0137,2025-04,94
C0146,2024-03,80
C0159,2025-05,47
C0149,2025-05,29
C0498,2025-05,23
C0582,2025-05,13
C0460,2025-09,30
C0265,2025-05,13
C0739,2025-05,12
C0741,2025-11,2
C0695,2026-06,11
C0345,2026-02,23
C0504,2025-06,10
C0606,2025-04,10
C0455,2025-08,65
C0211,2025-08,68
C0144,2024-09,22
C0643,2025-12,1
C0087,2025-12,3
C0153,2026-02,25
C0069,2026-02,45
C0276,2026-02,113
C0654,2026-02,2
C0678,2026-04,10
C0001,2026-04,2
C0504,2026-04,7
C0520,2026-04,6
C0520,2025-06,8
C0661,2025-06,5
C0678,2025-06,8
C0098,2025-03,38
C0745,2025-09,5
C0748,2025-07,3
C0297,2025-09,84
C0387,2025-09,45
C0387,2025-10,43
C0099,2025-10,2
C0395,2025-04,51
C0195,2025-08,55
C0624,2024-12,10
C0069,2024-03,23
C0594,2026-05,2
C0024,2024-03,24
C0395,2024-08,46
C0500,2024-09,9
C0745,2025-10,5
C0081,2026-05,6
C0569,2025-04,16
C0718,2025-04,9
C0717,2025-07,1
C0273,2025-07,4
C0588,2025-07,1
C0442,2025-05,1
C0099,2025-09,1
C0740,2025-11,1
C0585,2025-11,1
C0661,2026-04,2
C0629,2025-12,2
C0359,2023-01,1
C0384,2024-01,2
C0535,2026-02,1
C0274,2020-10,2
C0637,2024-02,1
C0597,2024-02,3
C0520,2024-11,8
C0606,2024-08,7
C0174,2024-08,22
C0294,2024-07,5
C0718,2024-08,11
C0566,2024-12,5
C0704,2025-05,2
C0006,2025-08,1
C0384,2025-08,1
C0107,2024-05,4
C0006,2024-06,1
C0308,2024-11,5
C0001,2024-11,3
C0745,2022-10,4
C0109,2021-12,53
C0196,2021-12,72
C0067,2021-11,159
C0250,2021-11,37
C0208,2021-12,36
C0238,2021-01,48
C0293,2021-11,51
C0088,2021-12,39
C0630,2021-10,20
C0672,2021-12,10
C0130,2021-09,48
C0179,2022-02,19
C0256,2022-09,62
C0028,2022-01,74
C0063,2021-01,148
C0140,2022-01,55
C0093,2022-01,101
C0393,2022-01,215
C0089,2022-01,136
C0354,2021-01,172
C0051,2021-01,11
C0408,2021-01,116
C0280,2021-01,103
C0066,2021-07,36
C0403,2021-10,19
C0168,2022-01,26
C0187,2021-01,7
C0192,2022-01,131
C0096,2021-01,6
C0011,2020-01,127
C0047,2020-09,51
C0161,2021-12,23
C0665,2022-01,11
C0474,2021-01,86
C0176,2020-05,74
C0375,2022-04,36
C0304,2022-03,118
C0183,2022-03,60
C0439,2022-04,17
C0017,2022-03,32
C0430,2022-04,14
C0423,2022-02,52
C0540,2021-12,10
C0114,2022-05,44
C0176,2022-05,78
C0295,2022-05,44
C0360,2022-05,57
C0598,2022-05,5
C0219,2022-05,28
C0454,2022-02,20
C0333,2022-03,28
C0191,2022-05,41
C0209,2022-03,34
C0205,2022-03,36
C0615,2022-05,10
C0416,2020-04,29
C0251,2020-10,51
C0086,2020-12,84
C0697,2020-08,4
C0223,2020-06,61
C0155,2021-07,111
C0671,2020-02,19
C0267,2021-03,54
C0387,2020-07,30
C0278,2021-01,298
C0443,2020-08,45
C0290,2021-06,60
C0272,2021-01,60
C0024,2021-03,23
C0055,2020-01,92
C0138,2020-01,156
C0113,2020-11,156
C0143,2020-01,174
C0311,2020-01,127
C0421,2021-03,36
C0307,2021-10,42
C0254,2021-10,102
C0362,2020-04,99
C0389,2020-10,31
C0129,2021-05,67
C0237,2022-06,98
C0425,2022-06,15
C0154,2022-06,53
C0034,2022-06,47
C0075,2022-06,48
C0188,2022-06,51
C0070,2022-06,37
C0319,2022-05,12
C0380,2022-06,28
C0750,2022-06,7
C0388,2022-06,3
C0330,2022-07,71
C0045,2022-07,51
C0201,2022-07,46
C0002,2022-07,55
C0342,2022-07,56
C0057,2022-07,43
C0371,2022-07,26
C0603,2022-07,6
C0052,2022-06,2
C0347,2022-07,11
C0294,2022-07,8
C0376,2022-01,1
C0635,2022-07,4
C0337,2021-11,8
C0484,2021-10,43
C0133,2021-09,66
C0094,2022-10,37
C0172,2022-11,55
C0133,2022-10,53
C0483,2022-10,68
C0202,2022-10,74
C0150,2022-10,19
C0310,2022-10,20
C0130,2022-10,33
C0318,2022-10,20
C0107,2022-11,4
C0601,2022-11,3
C0623,2022-11,5
C0559,2022-11,1
C0029,2024-01,79
C0102,2022-08,57
C0060,2022-12,211
C0252,2022-12,51
C0309,2020-12,9
C0083,2022-12,33
C0160,2022-12,11
C0415,2022-12,19
C0600,2022-12,4
C0288,2023-03,14
C0179,2023-03,17
C0027,2023-03,28
C0340,2023-01,186
C0159,2023-02,37
C0468,2023-01,164
C0423,2023-03,59
C0386,2023-02,54
C0454,2023-03,25
C0501,2023-03,11
C0583,2023-03,6
C0149,2023-04,38
C0379,2023-02,32
C0418,2023-01,38
C0170,2023-02,66
C0194,2020-11,38
C0159,2023-04,34
C0386,2023-04,41
C0582,2023-04,15
C0265,2023-04,12
C0170,2023-04,69
C0224,2023-04,28
C0498,2023-04,9
C0661,2023-01,3
C0379,2023-04,20
C0285,2022-08,34
C0403,2024-06,15
C0359,2023-03,1
C0739,2023-04,7
C0330,2023-07,76
C0350,2022-08,51
C0603,2023-07,20
C0662,2023-07,5
C0002,2023-07,58
C0347,2023-07,21
C0635,2023-07,8
C0045,2023-07,50
C0371,2023-07,38
C0342,2023-07,52
C0057,2023-07,45
C0201,2023-07,44
C0171,2023-06,52
C0047,2023-08,61
C0186,2023-08,46
C0667,2023-08,18
C0091,2023-08,26
C0103,2021-10,64
C0520,2023-01,9
C0437,2023-06,49
C0402,2023-06,67
C0519,2023-08,3
C0652,2023-08,1
C0024,2023-09,18
C0146,2023-09,89
C0276,2023-09,108
C0153,2023-09,31
C0069,2023-09,22
C0267,2023-09,27
C0175,2023-09,50
C0421,2023-09,33
C0345,2023-09,17
C0501,2023-12,11
C0307,2023-10,70
C0423,2023-12,90
C0027,2023-12,29
C0288,2023-12,13
C0179,2023-12,22
C0308,2023-01,20
C0454,2023-12,31
C0103,2023-10,48
C0429,2024-02,52
C0192,2023-11,64
C0583,2023-12,4
C0089,2023-11,42
C0376,2023-11,1
C0583,2022-02,7
C0534,2022-03,7
C0027,2022-02,26
C0358,2021-04,85
C0455,2021-05,51
C0165,2020-10,19
C0319,2020-05,26
C0594,2022-05,1
C0553,2022-04,14
C0618,2022-05,1
C0726,2022-06,1
C0414,2022-09,51
C0030,2022-09,4
C0611,2022-08,3
C0316,2020-02,37
C0269,2022-08,44
C0077,2022-09,1
C0410,2022-08,60
C0212,2024-05,61
C0404,2022-09,2
C0220,2022-08,23
C0382,2020-11,100
C0694,2022-08,5
C0210,2020-12,39
C0091,2020-09,27
C0174,2020-06,18
C0079,2022-12,2
C0582,2023-02,10
C0498,2023-02,13
C0169,2020-01,85
C0303,2022-08,14
C0678,2023-01,22
C0224,2023-02,27
C0149,2023-02,37
C0260,2023-02,2
C0265,2023-02,13
C0739,2023-02,6
C0005,2020-11,30
C0305,2022-08,1
C0001,2023-01,4
C0362,2020-12,76
C0655,2020-06,1
C0707,2023-03,2
C0164,2021-06,28
C0320,2023-06,67
C0115,2023-06,50
C0206,2023-06,79
C0258,2023-06,108
C0040,2023-06,118
C0367,2023-06,58
C0516,2023-06,16
C0406,2023-06,17
C0249,2023-06,35
C0294,2023-07,9
C0656,2023-07,2
C0297,2020-07,35
C0234,2020-02,41
C0140,2023-11,44
C0168,2023-11,15
C0393,2023-11,78
C0093,2023-11,23
C0028,2023-11,48
C0665,2023-11,6
C0292,2023-10,16
C0390,2023-11,2
C0484,2023-10,48
C0504,2023-01,12
C0296,2023-09,20
C0275,2023-10,55
C0711,2023-12,1
C0707,2023-12,1
C0399,2024-02,76
C0307,2024-01,136
C0254,2024-01,395
C0676,2024-02,18
C0179,2024-11,17
C0452,2024-02,52
C0747,2024-02,11
C0426,2024-02,75
C0127,2024-02,62
C0230,2024-02,37
C0557,2024-02,43
C0130,2025-09,69
C0241,2021-10,61
C0094,2021-09,26
C0390,2022-01,2
C0121,2021-11,66
C0727,2020-01,83
C0647,2021-11,5
C0615,2020-05,6
C0348,2020-02,39
C0061,2020-04,48
C0324,2020-10,42
C0182,2020-01,78
C0318,2021-09,25
C0552,2020-01,49
C0146,2021-03,68
C0592,2020-08,15
C0295,2020-05,39
C0035,2021-01,12
C0270,2020-10,50
C0086,2020-04,50
C0310,2021-09,39
C0114,2020-05,41
C0242,2021-01,12
C0395,2020-06,43
C0645,2020-01,7
C0539,2020-01,12
C0203,2021-06,31
C0175,2021-03,38
C0339,2020-11,22
C0515,2022-08,12
C0508,2022-08,2
C0282,2021-06,35
C0646,2022-12,1
C0090,2022-12,2
C0525,2022-12,2
C0677,2021-08,5
C0662,2022-07,4
C0306,2020-10,40
C0260,2023-04,1
C0711,2023-03,3
C0479,2023-04,1
C0030,2023-05,6
C0256,2023-05,55
C0414,2023-05,35
C0240,2023-09,14
C0067,2026-05,213
C0403,2023-10,14
C0029,2023-10,30
C0254,2023-10,117
C0630,2023-10,14
C0241,2023-10,55
C0578,2023-10,6
C0630,2024-01,31
C0484,2024-01,159
C0275,2024-01,180
C0241,2024-01,145
C0103,2024-01,118
C0578,2024-01,16
C0403,2024-01,43
C0292,2024-01,58
C0742,2024-03,8
C0394,2020-04,36
C0210,2020-04,39
C0366,2020-04,35
C0360,2020-05,45
C0219,2020-05,29
C0191,2020-05,36
C0172,2020-03,52
C0263,2020-02,72
C0309,2020-04,3
C0618,2020-05,2
C0460,2020-07,43
C0222,2020-08,69
C0667,2020-09,10
C0186,2020-09,46
C0032,2020-08,4
C0445,2021-06,34
C0546,2020-08,1
C0554,2020-10,3
C0226,2020-10,73
C0519,2020-09,4
C0341,2026-03,100
C0137,2020-06,36
C0394,2020-12,60
C0107,2020-03,6
C0061,2020-12,65
C0345,2021-03,26
C0414,2021-02,55
C0299,2021-01,10
C0486,2021-05,71
C0349,2020-11,59
C0069,2021-03,50
C0729,2021-01,2
C0564,2021-06,14
C0536,2021-06,3
C0585,2021-06,1
C0493,2021-06,57
C0195,2021-05,28
C0675,2021-06,6
C0370,2021-06,5
C0329,2021-06,3
C0609,2021-06,5
C0483,2021-09,57
C0150,2021-09,17
C0653,2020-10,3
C0211,2021-05,65
C0323,2020-10,28
C0740,2021-06,1
C0177,2021-05,37
C0541,2021-04,6
C0741,2021-06,4
C0368,2021-07,22
C0065,2021-07,17
C0352,2021-04,14
C0578,2021-10,5
C0681,2021-07,2
C0543,2021-07,3
C0275,2021-10,41
C0029,2021-10,23
C0366,2020-12,37
C0292,2021-10,6
C0487,2021-11,25
C0700,2021-11,26
C0462,2021-11,21
C0433,2021-11,3
C0288,2022-02,3
C0558,2022-03,3
C0707,2022-02,4
C0404,2023-05,2
C0077,2023-05,1
C0535,2023-09,2
C0256,2021-02,47
C0576,2020-01,14
C0598,2020-05,2
C0153,2021-03,29
C0117,2020-11,39
C0274,2022-04,1
C0361,2022-04,1
C0572,2020-02,8
C0476,2020-02,40
C0059,2020-02,27
C0471,2020-02,3
C0212,2020-06,40
C0718,2020-06,6
C0569,2020-06,18
C0745,2020-07,4
C0502,2020-07,4
C0321,2020-10,10
C0670,2020-10,6
C0336,2020-11,4
C0512,2020-11,1
C0514,2020-11,7
C0416,2020-12,41
C0296,2021-03,24
C0276,2021-03,114
C0240,2021-03,22
C0434,2021-02,1
C0565,2021-04,1
C0584,2021-04,16
C0604,2021-04,4
C0736,2021-04,4
C0616,2021-04,19
C0614,2021-04,2
C0472,2021-05,30
C0532,2021-04,9
C0586,2021-04,6
C0638,2021-04,1
C0626,2021-04,3
C0384,2021-05,1
C0207,2021-08,1
C0663,2021-08,4
C0587,2021-08,15
C0688,2021-08,8
C0202,2021-09,75
C0561,2021-08,4
C0441,2021-12,4
C0064,2021-12,1
C0710,2021-12,1
C0590,2020-02,2
C0601,2020-03,1
C0623,2020-03,1
C0594,2020-05,1
C0606,2020-06,3
C0562,2020-06,1
C0686,2020-10,6
C0467,2020-06,1
C0719,2020-10,3
C0521,2020-10,2
C0042,2020-11,2
C0374,2021-01,1
C0404,2021-02,1
C0030,2021-02,3
C0373,2021-09,1
C0501,2022-02,7
C0220,2025-03,22
C0489,2020-12,2
C0077,2021-02,1
C0322,2021-04,1
C0347,2025-07,28
C0006,2021-05,1
C0190,2021-04,1
C0041,2021-01,1
C0415,2024-12,22
C0733,2021-10,1
C0526,2021-09,2
C0293,2026-05,148
C0337,2026-05,40
C0433,2026-05,16
C0121,2026-05,192
C0218,2026-06,67
C0462,2026-05,14
C0423,2026-04,109
C0487,2026-05,71
C0126,2026-03,136
C0647,2026-05,6
C0250,2026-05,90
C0172,2026-01,167
C0382,2026-07,96
C0194,2026-07,108
C0113,2026-07,130
C0349,2026-07,63
C0144,2026-06,68
C0005,2026-07,74
C0601,2026-01,6
C0623,2026-01,48
C0339,2026-07,104
C0117,2026-07,90
C0254,2025-08,172
C0424,2026-06,57
C0336,2026-07,18
C0705,2026-07,3
C0514,2026-07,10
C0272,2025-11,47
C0013,2026-03,34
C0315,2026-02,76
C0434,2022-09,2
C0466,2026-07,6
C0473,2025-01,316
C0605,2026-07,5
C0238,2025-11,30
C0232,2026-02,62
C0696,2026-02,4
C0350,2025-03,94
C0130,2025-10,76
C0474,2025-11,59
C0378,2025-01,169
C0094,2025-09,50
C0278,2025-11,124
C0684,2025-01,73
C0102,2025-03,78
C0408,2025-11,57
C0063,2025-11,152
C0051,2025-11,4
C0354,2025-11,75
C0280,2025-11,84
C0133,2025-10,104
C0094,2025-10,47
C0239,2025-01,107
C0578,2025-08,6
C0459,2025-01,170
C0096,2025-11,6
C0299,2025-11,12
C0073,2025-12,93
C0310,2025-09,18
C0650,2025-01,12
C0202,2025-10,91
C0729,2025-11,5
C0427,2025-12,34
C0027,2025-06,32
C0289,2025-12,45
C0327,2025-12,79
C0298,2025-12,63
C0012,2025-12,53
C0343,2025-12,107
C0428,2025-12,89
C0634,2025-12,39
C0559,2026-01,5
C0737,2025-12,6
C0010,2025-01,120
C0371,2025-07,27
C0083,2024-12,68
C0107,2026-01,21
C0330,2025-07,135
C0035,2025-11,3
C0160,2024-12,21
C0241,2025-08,91
C0002,2025-07,102
C0137,2024-05,63
C0307,2025-08,57
C0111,2026-03,1
C0287,2026-03,57
C0744,2026-03,43
C0257,2026-03,55
C0431,2026-02,84
C0501,2026-04,30
C0400,2026-03,85
C0444,2026-03,52
C0157,2026-03,7
C0571,2026-03,6
C0015,2026-02,88
C0162,2026-03,20
C0715,2026-03,9
C0651,2026-03,19
C0133,2025-09,99
C0029,2025-08,31
C0174,2024-05,18
C0700,2026-05,30
C0454,2025-06,27
C0027,2026-04,32
C0307,2024-06,66
C0315,2024-03,73
C0464,2026-02,72
C0232,2024-03,42
C0746,2026-06,9
C0484,2025-08,46
C0039,2025-12,11
C0553,2024-10,36
C0016,2026-08,82
C0588,2026-08,3
C0748,2026-08,2
C0423,2024-11,96
C0252,2024-12,55
C0273,2026-08,3
C0717,2026-08,2
C0439,2024-10,19
C0733,2024-01,1
C0016,2024-04,50
C0464,2024-03,49
C0254,2024-06,139
C0015,2024-03,67
C0720,2024-03,9
C0431,2024-03,68
C0717,2024-04,3
C0748,2024-04,3
C0738,2023-06,1
C0273,2024-04,3
C0457,2024-09,23
C0542,2024-03,10
C0718,2024-05,12
C0395,2024-05,53
C0223,2024-05,63
C0569,2024-05,17
C0630,2024-06,10
C0606,2024-05,5
C0118,2024-05,1
C0292,2024-06,30
C0103,2024-06,39
C0275,2024-06,48
C0241,2024-06,65
C0029,2024-06,40
C0060,2024-12,250
C0484,2024-06,63
C0119,2024-02,1
C0016,2024-07,55
C0273,2024-07,4
C0375,2024-10,47
C0300,2024-09,45
C0682,2024-10,1
C0430,2024-10,21
C0269,2025-03,51
C0255,2025-02,74
C0216,2024-09,29
C0485,2025-02,54
C0274,2024-10,3
C0666,2024-10,1
C0198,2024-10,1
C0027,2024-11,22
C0636,2024-09,10
C0583,2024-11,7
C0454,2024-11,21
C0288,2024-11,8
C0501,2024-11,13
C0172,2025-04,50
C0478,2025-02,92
C0098,2025-02,29
C0712,2025-02,27
C0172,2024-08,39
C0286,2025-05,106
C0622,2025-05,20
C0548,2025-05,7
C0235,2025-05,51
C0631,2025-05,6
C0693,2025-05,7
C0351,2025-05,11
C0500,2026-06,4
C0711,2025-06,6
C0310,2025-10,39
C0179,2025-06,31
C0107,2025-04,6
C0288,2025-06,6
C0057,2025-07,64
C0660,2025-12,4
C0242,2025-11,8
C0630,2025-08,11
C0423,2025-06,110
C0202,2025-09,69
C0135,2025-12,2
C0531,2025-12,3
C0542,2026-02,20
C0720,2026-02,3
C0292,2025-08,19
C0325,2026-02,4
C0549,2026-02,2
C0403,2025-08,14
C0654,2023-09,1
C0454,2026-04,34
C0179,2026-04,60
C0288,2026-04,8
C0583,2026-04,8
C0318,2025-10,25
C0512,2026-07,2
C0285,2025-03,59
C0501,2025-06,24
C0410,2025-03,51
C0707,2025-06,2
C0201,2025-07,51
C0045,2025-07,52
C0342,2025-07,45
C0662,2025-07,2
C0603,2025-07,23
C0103,2025-08,44
C0294,2025-07,8
C0373,2025-09,2
C0150,2025-09,26
C0483,2025-09,65
C0483,2025-10,79
C0150,2025-10,35
C0318,2025-09,29
C0526,2025-10,4
C0275,2025-08,57
C0623,2025-04,10
C0593,2024-09,33
C0696,2024-03,8
C0695,2024-09,9
C0090,2024-12,5
C0600,2024-12,11
C0079,2024-12,5
C0588,2024-07,1
C0601,2025-04,3
C0515,2025-03,12
C0303,2025-03,12
C0305,2025-03,1
C0656,2025-07,6
C0635,2025-07,1
C0583,2025-06,6
C0373,2025-10,1
C0703,2025-11,1
C0244,2025-05,1
C0724,2025-05,8
C0526,2025-09,6
C0664,2025-12,1
C0742,2026-02,3
C0707,2026-04,1
C0359,2026-04,1
C0713,2024-02,7
C0608,2024-02,4
C0526,2022-10,3
C0107,2024-08,10
C0623,2024-08,11
C0559,2024-08,1
C0601,2024-08,2
C0525,2024-12,3
C0646,2024-12,2
C0261,2025-05,2
C0578,2024-06,4
C0748,2024-07,1
C0359,2024-11,1
C0707,2024-11,1
C0711,2024-11,1
C0611,2025-03,1
C0694,2025-03,1
C0666,2022-04,1
C0517,2023-06,3
C0545,2023-06,4
C0613,2020-08,1
C0394,2021-12,49
C0362,2021-12,107
C0287,2021-11,19
C0210,2021-12,49
C0086,2021-12,90
C0416,2021-12,42
C0061,2021-12,73
C0366,2021-12,31
C0379,2021-09,30
C0257,2021-11,50
C0114,2022-01,76
C0191,2022-01,83
C0219,2022-01,103
C0176,2022-01,165
C0295,2022-01,77
C0368,2021-01,58
C0360,2022-01,111
C0066,2021-01,83
C0598,2022-01,14
C0280,2021-07,30
C0196,2020-04,65
C0205,2021-08,27
C0299,2021-07,3
C0272,2021-07,24
C0149,2021-09,26
C0319,2022-01,30
C0242,2021-07,6
C0159,2021-09,34
C0723,2022-04,17
C0151,2022-04,70
C0259,2022-04,60
C0381,2022-04,11
C0127,2023-01,129
C0615,2022-01,22
C0249,2022-07,36
C0171,2022-07,53
C0393,2022-05,67
C0140,2022-05,44
C0093,2022-05,31
C0168,2022-05,13
C0192,2022-05,64
C0072,2022-02,43
C0089,2022-05,30
C0665,2022-05,7
C0028,2022-05,26
C0252,2020-01,116
C0015,2020-06,64
C0063,2021-07,77
C0458,2021-05,28
C0109,2020-12,54
C0245,2021-04,81
C0186,2021-06,39
C0047,2021-06,62
C0192,2020-05,62
C0175,2020-03,41
C0474,2021-07,38
C0155,2021-01,291
C0534,2021-08,5
C0170,2021-09,70
C0009,2021-05,106
C0282,2020-09,37
C0408,2021-07,44
C0380,2020-08,13
C0140,2020-05,43
C0156,2020-11,29
C0435,2020-10,35
C0354,2021-07,64
C0304,2021-08,115
C0153,2020-03,40
C0208,2020-04,26
C0334,2021-04,44
C0421,2020-03,33
C0060,2020-01,383
C0222,2022-06,68
C0592,2022-06,25
C0443,2022-06,52
C0697,2022-06,4
C0032,2022-06,3
C0267,2022-11,33
C0158,2022-02,69
C0115,2022-07,33
C0320,2022-07,38
C0040,2022-07,78
C0206,2022-07,71
C0258,2022-07,70
C0546,2022-06,3
C0402,2022-07,74
C0406,2022-07,9
C0516,2022-07,17
C0367,2022-07,36
C0738,2022-07,2
C0437,2022-07,33
C0545,2022-07,7
C0517,2022-07,5
C0425,2020-08,7
C0224,2021-09,48
C0069,2022-11,31
C0276,2022-11,122
C0153,2022-11,31
C0175,2022-11,45
C0296,2022-11,23
C0379,2022-10,41
C0739,2022-10,8
C0240,2022-11,18
C0265,2022-10,8
C0146,2022-11,88
C0421,2022-11,32
C0159,2022-10,34
C0224,2022-10,35
C0170,2022-10,64
C0345,2022-11,18
C0582,2022-10,8
C0386,2022-10,34
C0463,2022-09,39
C0024,2022-11,7
C0674,2022-09,8
C0237,2020-08,89
C0326,2022-08,20
C0442,2022-10,2
C0264,2022-08,53
C0160,2020-01,62
C0311,2022-12,39
C0138,2022-12,76
C0727,2022-12,39
C0169,2022-12,56
C0011,2022-12,75
C0055,2022-12,25
C0552,2022-12,19
C0143,2022-12,78
C0576,2022-12,8
C0182,2022-12,12
C0072,2023-03,65
C0158,2023-03,83
C0133,2023-02,63
C0399,2023-01,142
C0676,2023-01,29
C0557,2023-01,79
C0452,2023-01,114
C0642,2023-03,13
C0003,2023-03,15
C0597,2023-03,1
C0429,2023-01,137
C0230,2023-01,57
C0149,2022-10,30
C0426,2023-01,66
C0713,2023-01,9
C0608,2023-01,8
C0483,2023-04,68
C0202,2023-04,69
C0373,2023-04,1
C0094,2023-04,38
C0133,2023-04,56
C0130,2023-04,46
C0310,2023-04,30
C0150,2023-04,20
C0526,2023-04,3
C0318,2023-04,22
C0281,2020-12,4
C0310,2023-02,19
C0040,2023-07,98
C0258,2023-07,117
C0367,2023-07,52
C0206,2023-07,84
C0171,2023-07,27
C0320,2023-07,65
C0437,2023-07,48
C0249,2023-07,28
C0402,2023-07,51
C0406,2023-07,16
C0516,2023-07,14
C0115,2023-07,28
C0493,2023-08,82
C0370,2023-08,9
C0609,2023-08,3
C0290,2023-08,56
C0564,2023-08,19
C0445,2023-08,18
C0282,2023-08,41
C0675,2023-08,17
C0740,2023-08,2
C0164,2023-08,20
C0119,2023-01,2
C0203,2023-08,28
C0536,2023-08,1
C0741,2023-08,2
C0347,2023-06,27
C0201,2023-06,48
C0463,2023-05,35
C0469,2021-10,32
C0601,2023-09,5
C0172,2023-09,46
C0072,2023-12,89
C0642,2023-12,13
C0158,2023-12,105
C0176,2023-11,82
C0597,2023-12,3
C0004,2023-10,80
C0615,2023-11,7
C0114,2023-11,52
C0003,2023-12,15
C0637,2023-12,3
C0199,2023-12,3
C0312,2021-04,5
C0677,2022-03,6
C0587,2022-03,15
C0688,2022-03,3
C0561,2022-03,1
C0054,2021-10,3
C0065,2021-01,65
C0208,2020-12,42
C0145,2021-05,35
C0083,2020-01,127
C0564,2020-09,18
C0076,2020-10,87
C0589,2022-06,1
C0405,2022-09,68
C0555,2022-09,14
C0364,2022-09,24
C0725,2022-09,3
C0566,2022-09,2
C0152,2022-08,50
C0037,2022-08,106
C0363,2022-08,24
C0624,2022-09,3
C0178,2022-08,51
C0456,2022-09,1
C0392,2022-08,4
C0420,2022-08,35
C0068,2022-08,41
C0214,2022-08,11
C0344,2023-01,10
C0094,2023-02,35
C0747,2023-01,29
C0483,2023-02,49
C0150,2023-02,12
C0161,2020-12,33
C0024,2020-03,24
C0202,2023-02,68
C0318,2023-02,20
C0081,2022-01,4
C0130,2023-02,24
C0393,2020-05,63
C0440,2020-10,32
C0526,2023-02,3
C0200,2020-11,37
C0444,2021-11,13
C0330,2023-06,81
C0045,2023-06,64
C0057,2023-06,55
C0002,2023-06,68
C0294,2023-06,9
C0405,2023-05,45
C0566,2023-05,3
C0555,2023-05,15
C0342,2023-06,53
C0603,2023-06,16
C0371,2023-06,17
C0545,2023-07,6
C0517,2023-07,5
C0100,2024-01,61
C0286,2020-07,60
C0100,2023-10,31
C0596,2023-07,1
C0621,2023-07,1
C0191,2023-11,59
C0219,2023-11,31
C0360,2023-11,54
C0469,2023-10,9
C0295,2023-11,41
C0319,2023-11,21
C0598,2023-11,15
C0618,2023-11,2
C0080,2023-10,103
C0461,2023-10,68
C0008,2023-10,2
C0340,2024-02,60
C0080,2024-06,93
C0468,2024-02,80
C0001,2024-02,2
C0418,2024-02,13
C0056,2024-01,230
C0080,2024-01,254
C0461,2021-10,50
C0594,2022-01,3
C0183,2021-08,76
C0442,2021-09,1
C0146,2020-03,56
C0341,2021-11,68
C0642,2022-02,4
C0003,2022-02,11
C0038,2020-11,28
C0465,2021-05,51
C0445,2020-09,23
C0172,2021-03,50
C0028,2020-05,22
C0493,2020-09,71
C0108,2021-01,5
C0098,2020-02,21
C0203,2020-09,31
C0209,2021-08,49
C0093,2020-05,42
C0004,2021-10,41
C0196,2020-12,81
C0478,2020-02,44
C0482,2020-10,52
C0267,2020-03,38
C0018,2020-10,12
C0431,2020-06,55
C0255,2020-02,56
C0665,2020-05,4
C0328,2021-04,68
C0551,2021-05,10
C0266,2022-08,37
C0513,2022-08,4
C0602,2022-08,25
C0432,2022-08,2
C0731,2022-04,1
C0539,2022-12,5
C0645,2022-12,6
C0725,2023-05,7
C0364,2023-05,28
C0674,2023-05,2
C0107,2023-09,6
C0623,2023-09,4
C0056,2023-10,44
C0527,2023-10,13
C0004,2024-01,172
C0461,2024-01,299
C0469,2024-01,87
C0527,2024-01,79
C0054,2024-01,6
C0431,2024-05,60
C0090,2020-01,6
C0415,2020-01,65
C0542,2020-06,7
C0525,2020-01,12
C0109,2020-04,38
C0161,2020-04,35
C0070,2020-08,26
C0089,2020-05,31
C0276,2020-03,98
C0405,2021-02,51
C0672,2020-04,5
C0540,2020-04,4
C0088,2020-04,15
C0069,2020-03,64
C0741,2020-09,3
C0168,2020-05,13
C0154,2020-08,39
C0388,2020-08,5
C0075,2020-08,49
C0034,2020-08,52
C0290,2020-09,55
C0370,2020-09,4
C0134,2020-10,45
C0750,2020-08,5
C0675,2020-09,9
C0164,2020-09,19
C0672,2020-12,7
C0235,2020-07,60
C0463,2021-02,39
C0609,2020-09,2
C0585,2020-09,1
C0693,2020-07,10
C0333,2021-08,24
C0740,2020-09,1
C0712,2020-02,8
C0681,2021-01,1
C0317,2020-11,45
C0527,2021-10,10
C0364,2021-02,23
C0555,2021-02,9
C0721,2021-02,1
C0581,2021-04,13
C0240,2020-03,29
C0544,2021-02,3
C0315,2020-06,41
C0667,2021-06,8
C0278,2021-07,83
C0105,2021-05,55
C0050,2021-04,56
C0091,2021-06,29
C0100,2021-10,33
C0253,2021-05,40
C0051,2021-07,1
C0238,2021-07,11
C0035,2021-07,4
C0232,2020-06,40
C0074,2020-06,1
C0080,2021-10,66
C0056,2021-10,38
C0008,2021-10,6
C0386,2021-09,62
C0107,2021-03,8
C0126,2021-11,104
C0744,2021-11,42
C0162,2021-11,13
C0715,2021-11,5
C0651,2021-11,10
C0543,2021-01,2
C0013,2021-11,11
C0400,2021-11,28
C0624,2023-05,4
C0188,2020-08,43
C0079,2020-01,4
C0600,2020-01,4
C0646,2020-01,4
C0296,2020-03,9
C0683,2020-05,1
C0622,2020-07,11
C0096,2021-07,3
C0017,2021-08,36
C0157,2021-11,5
C0485,2020-02,43
C0742,2020-06,5
C0464,2020-06,24
C0696,2020-06,2
C0549,2020-06,2
C0351,2020-07,3
C0560,2020-10,8
C0687,2020-11,7
C0632,2020-11,3
C0577,2020-11,6
C0353,2020-11,5
C0123,2021-04,41
C0436,2021-05,40
C0441,2020-12,3
C0088,2020-12,31
C0601,2021-03,5
C0716,2021-04,2
C0448,2021-04,40
C0644,2021-04,7
C0227,2021-04,30
C0346,2021-04,26
C0556,2021-04,26
C0550,2021-04,4
C0518,2021-04,5
C0570,2021-04,6
C0071,2021-05,43
C0132,2021-05,69
C0566,2021-02,2
C0246,2021-05,6
C0540,2020-12,5
C0509,2021-04,7
C0056,2024-06,60
C0567,2021-05,1
C0674,2021-02,2
C0685,2021-08,6
C0265,2021-09,19
C0739,2021-09,7
C0479,2021-09,1
C0498,2021-09,10
C0470,2021-05,2
C0260,2021-09,1
C0582,2021-09,6
C0612,2021-10,2
C0345,2020-03,21
C0720,2020-06,2
C0725,2021-02,3
C0623,2021-03,2
C0456,2021-02,1
C0703,2021-07,1
C0325,2020-06,1
C0187,2021-07,1
C0729,2021-07,2
C0558,2021-08,1
C0571,2021-11,1
C0199,2022-02,1
C0309,2021-12,2
C0597,2022-02,1
C0637,2022-02,1
C0064,2020-04,1
C0441,2020-04,3
C0722,2020-04,1
C0149,2025-09,26
C0548,2020-07,1
C0064,2020-12,2
C0710,2020-12,1
C0519,2021-06,4
C0618,2022-01,1
C0639,2021-12,1
C0489,2021-12,1
C0341,2026-05,117
C0264,2025-03,113
C0159,2025-10,71
C0024,2026-01,162
C0276,2026-01,403
C0287,2026-05,62
C0715,2026-05,17
C0126,2026-05,140
C0257,2026-05,77
C0651,2026-05,22
C0013,2026-05,14
C0400,2026-05,133
C0170,2025-10,144
C0240,2026-01,68
C0212,2026-02,72
C0744,2026-05,58
C0069,2026-01,173
C0386,2025-10,39
C0162,2026-05,24
C0345,2026-01,79
C0317,2026-07,114
C0146,2026-01,353
C0038,2026-07,77
C0039,2026-06,20
C0200,2026-07,40
C0156,2026-07,132
C0267,2026-01,221
C0427,2026-06,41
C0293,2026-03,133
C0462,2026-03,30
C0428,2026-06,81
C0577,2026-07,37
C0451,2026-08,83
C0003,2026-04,22
C0175,2026-01,190
C0632,2026-07,7
C0421,2026-01,105
C0355,2024-09,46
C0296,2026-01,117
C0687,2026-07,5
C0153,2026-01,115
C0420,2025-03,40
C0353,2026-07,6
C0327,2026-06,81
C0073,2026-06,98
C0166,2025-01,173
C0545,2025-07,7
C0289,2026-06,40
C0224,2025-10,70
C0316,2025-02,35
C0100,2025-08,33
C0170,2025-09,116
C0136,2024-04,43
C0004,2024-06,48
C0072,2024-11,90
C0169,2024-12,85
C0100,2024-06,29
C0185,2025-01,183
C0065,2025-11,33
C0155,2025-11,232
C0368,2025-11,51
C0019,2025-01,153
C0597,2025-06,4
C0510,2025-01,114
C0402,2025-07,82
C0206,2025-07,119
C0171,2025-07,49
C0066,2025-11,68
C0125,2025-01,176
C0267,2025-04,52
C0619,2025-01,9
C0146,2025-04,124
C0409,2025-01,134
C0348,2025-02,52
C0072,2026-04,133
C0003,2025-06,13
C0367,2025-07,53
C0250,2026-03,80
C0136,2026-08,69
C0121,2026-03,173
C0181,2025-01,58
C0424,2025-12,80
C0144,2025-12,140
C0218,2025-12,87
C0700,2026-03,31
C0159,2025-09,55
C0224,2025-09,56
C0214,2025-03,32
C0379,2025-10,22
C0386,2025-09,65
C0654,2026-01,4
C0178,2025-03,51
C0535,2026-01,2
C0265,2025-09,15
C0249,2025-07,45
C0746,2025-12,9
C0158,2026-04,101
C0024,2024-08,19
C0343,2026-06,122
C0664,2026-06,4
C0115,2025-07,68
C0260,2025-10,3
C0108,2025-11,3
C0487,2026-03,79
C0067,2026-03,224
C0433,2026-03,17
C0137,2026-02,69
C0081,2023-11,1
C0337,2026-03,41
C0240,2025-04,13
C0647,2026-03,10
C0151,2024-10,80
C0146,2024-08,110
C0296,2024-08,30
C0444,2026-05,35
C0571,2026-05,4
C0058,2026-08,115
C0276,2025-04,153
C0296,2025-04,25
C0174,2026-02,15
C0248,2026-05,8
C0158,2025-06,103
C0157,2026-05,12
C0680,2025-01,48
C0298,2026-06,48
C0012,2026-06,50
C0634,2026-06,51
C0737,2026-06,2
C0003,2024-11,22
C0120,2026-08,27
C0026,2026-08,18
C0529,2026-08,11
C0743,2026-08,20
C0182,2024-12,20
C0335,2026-06,1
C0199,2026-04,2
C0498,2025-09,16
C0053,2026-04,1
C0453,2026-08,3
C0379,2025-09,16
C0175,2024-08,44
C0008,2024-01,6
C0212,2024-03,47
C0058,2024-04,73
C0120,2024-04,29
C0461,2024-06,93
C0223,2024-03,58
C0026,2024-04,15
C0451,2024-04,32
C0258,2025-07,176
C0529,2024-04,3
C0728,2024-09,46
C0422,2024-04,1
C0174,2024-03,21
C0058,2024-07,99
C0743,2024-04,7
C0308,2024-02,6
C0464,2024-05,40
C0315,2024-05,73
C0137,2024-03,67
C0232,2024-05,40
C0015,2024-05,72
C0542,2024-05,11
C0720,2024-05,7
C0742,2024-05,7
C0276,2024-08,131
C0325,2024-05,1
C0549,2024-05,1
C0138,2024-12,106
C0529,2024-07,7
C0469,2024-06,17
C0527,2024-06,16
C0678,2024-02,9
C0520,2024-02,8
C0698,2024-06,1
C0723,2024-10,27
C0153,2024-08,23
C0357,2024-09,33
C0008,2024-06,2
C0612,2024-06,1
C0136,2024-07,60
C0451,2024-07,62
C0120,2024-07,34
C0422,2024-07,1
C0062,2024-09,40
C0026,2024-07,15
C0259,2024-10,83
C0743,2024-07,17
C0381,2024-10,22
C0731,2024-10,2
C0267,2024-08,49
C0266,2025-03,48
C0037,2025-03,184
C0727,2024-12,35
C0197,2024-09,18
C0413,2024-10,1
C0072,2025-06,128
C0158,2024-11,92
C0642,2024-11,13
C0069,2025-04,27
C0068,2025-03,33
C0143,2024-12,104
C0163,2025-01,34
C0011,2024-12,89
C0476,2025-02,98
C0263,2025-02,63
C0059,2025-02,42
C0234,2025-02,42
C0671,2025-02,37
C0590,2025-02,5
C0572,2025-02,16
C0055,2024-12,36
C0004,2025-08,43
C0153,2025-04,28
C0311,2024-12,64
C0471,2025-02,1
C0297,2025-05,87
C0387,2025-05,42
C0460,2025-05,36
C0421,2025-04,23
C0392,2025-03,2
C0099,2025-05,3
C0135,2026-06,5
C0531,2026-06,7
C0437,2025-07,72
C0320,2025-07,53
C0500,2025-12,5
C0479,2025-09,1
C0052,2020-08,2
C0498,2025-10,21
C0461,2025-08,126
C0040,2025-07,160
C0080,2025-08,96
C0606,2026-02,23
C0569,2026-02,23
C0223,2026-02,81
C0395,2026-02,64
C0718,2026-02,8
C0175,2025-04,38
C0642,2026-04,5
C0597,2026-04,12
C0637,2026-04,1
C0265,2025-10,14
C0656,2023-06,6
C0642,2025-06,21
C0517,2025-07,5
C0152,2025-03,48
C0516,2025-07,19
C0406,2025-07,18
C0149,2025-10,35
C0739,2025-10,12
C0582,2025-10,16
C0582,2025-09,7
C0479,2025-10,1
C0056,2025-08,78
C0527,2025-08,20
C0024,2025-04,21
C0543,2025-11,8
C0681,2025-11,6
C0345,2025-04,25
C0562,2026-02,3
C0395,2024-03,46
C0606,2024-03,11
C0612,2024-01,4
C0313,2024-09,40
C0629,2024-09,2
C0173,2024-09,4
C0698,2023-10,2
C0552,2024-12,23
C0539,2024-12,8
C0576,2024-12,13
C0648,2026-05,4
C0326,2025-03,48
C0602,2025-03,31
C0738,2025-07,1
C0363,2025-03,20
C0513,2025-03,2
C0505,2024-01,1
C0432,2025-03,1
C0654,2025-04,1
C0596,2025-07,1
C0469,2025-08,18
C0260,2025-09,1
C0745,2025-05,8
C0502,2025-05,2
C0199,2025-06,1
C0637,2025-06,2
C0053,2025-06,1
C0739,2025-09,10
C0704,2025-09,1
C0442,2025-10,1
C0111,2026-05,1
C0504,2024-02,8
C0569,2024-03,12
C0718,2024-03,7
C0698,2024-01,1
C0240,2024-08,24
C0345,2024-08,31
C0069,2024-08,26
C0421,2024-08,18
C0053,2024-11,1
C0645,2024-12,1
C0612,2025-08,2
C0698,2025-08,2
C0054,2025-08,1
C0477,2022-03,1
C0696,2024-05,1
C0654,2024-08,1
C0597,2024-11,3
C0199,2024-11,1
C0621,2022-07,2
C0498,2022-10,8
C0456,2023-05,2
C0635,2023-06,3
C0479,2022-10,1
C0260,2022-10,1
C0662,2023-06,2
C0446,2021-12,48
C0369,2021-12,117
C0020,2021-12,65
C0338,2021-12,50
C0302,2021-12,47
C0028,2021-11,43
C0192,2021-11,47
C0007,2021-12,48
C0048,2021-12,31
C0436,2021-10,60
C0067,2022-01,352
C0293,2022-01,100
C0091,2021-01,64
C0047,2021-01,111
C0548,2021-09,6
C0487,2022-01,37
C0700,2022-01,63
C0287,2020-05,26
C0121,2022-01,105
C0315,2020-03,43
C0250,2022-01,78
C0433,2022-01,10
C0186,2021-01,69
C0462,2022-01,44
C0352,2021-08,28
C0337,2022-01,32
C0647,2022-01,9
C0124,2021-12,8
C0440,2022-04,22
C0123,2022-03,43
C0429,2022-02,38
C0245,2022-03,74
C0346,2022-03,38
C0435,2022-04,31
C0018,2022-04,21
C0509,2022-03,8
C0482,2022-04,79
C0076,2022-04,80
C0328,2022-03,75
C0334,2022-03,50
C0426,2022-02,49
C0134,2022-04,32
C0089,2021-11,42
C0341,2022-05,72
C0452,2022-02,44
C0126,2022-05,95
C0651,2022-05,19
C0744,2022-05,38
C0257,2022-05,48
C0400,2022-05,15
C0287,2022-05,18
C0715,2022-05,5
C0448,2022-03,32
C0571,2022-05,2
C0162,2022-05,10
C0469,2021-05,31
C0405,2020-01,176
C0354,2020-09,66
C0368,2021-06,33
C0221,2020-04,57
C0421,2020-06,50
C0339,2020-08,20
C0035,2020-09,5
C0242,2020-09,8
C0066,2021-06,26
C0303,2020-02,18
C0612,2021-05,1
C0060,2021-02,126
C0137,2021-03,34
C0009,2021-10,101
C0253,2021-10,60
C0445,2021-07,26
C0102,2020-02,57
C0408,2020-09,46
C0149,2020-07,39
C0286,2021-09,76
C0085,2020-12,29
C0096,2020-09,2
C0350,2020-02,38
C0200,2022-06,41
C0317,2022-06,46
C0577,2022-06,6
C0156,2022-06,63
C0038,2022-06,28
C0290,2021-07,64
C0013,2022-05,10
C0687,2022-06,7
C0399,2022-02,80
C0050,2022-03,62
C0444,2022-05,12
C0632,2022-06,2
C0058,2022-07,53
C0136,2022-07,41
C0120,2022-07,24
C0451,2022-07,48
C0026,2022-07,19
C0557,2022-02,49
C0743,2022-07,4
C0282,2021-07,28
C0248,2022-05,2
C0145,2021-10,39
C0164,2021-07,28
C0232,2022-11,47
C0431,2022-11,63
C0015,2022-11,75
C0542,2022-11,11
C0315,2022-11,83
C0464,2022-11,51
C0235,2022-10,60
C0286,2022-10,88
C0724,2022-10,5
C0548,2022-10,4
C0631,2022-10,3
C0415,2022-09,15
C0720,2022-11,7
C0742,2022-11,7
C0696,2022-11,6
C0622,2022-10,14
C0549,2022-11,1
C0414,2022-12,40
C0256,2022-12,79
C0077,2022-12,3
C0429,2023-03,56
C0426,2023-03,60
C0230,2023-03,42
C0676,2023-03,13
C0557,2023-03,42
C0399,2023-03,109
C0127,2023-03,53
C0158,2023-01,258
C0452,2023-03,54
C0072,2023-01,150
C0297,2023-02,44
C0671,2022-08,23
C0713,2023-03,1
C0747,2023-03,6
C0003,2023-01,49
C0608,2023-03,1
C0387,2023-04,38
C0460,2023-04,42
C0297,2023-04,46
C0460,2023-02,34
C0745,2023-04,7
C0718,2021-03,7
C0160,2022-09,6
C0451,2023-07,34
C0136,2023-07,38
C0058,2023-07,76
C0026,2023-07,17
C0743,2023-07,6
C0354,2023-08,53
C0299,2023-08,4
C0272,2023-08,44
C0474,2023-08,48
C0280,2023-08,39
C0063,2023-08,68
C0278,2023-08,116
C0408,2023-08,33
C0242,2023-08,8
C0120,2023-07,20
C0096,2023-08,1
C0016,2023-06,45
C0267,2020-06,48
C0187,2023-08,3
C0238,2023-08,18
C0051,2023-08,2
C0160,2023-05,11
C0035,2023-08,4
C0642,2023-01,20
C0252,2022-09,41
C0729,2023-08,1
C0053,2023-01,7
C0212,2023-09,39
C0223,2023-09,46
C0569,2023-09,26
C0137,2023-09,64
C0395,2023-09,46
C0083,2023-05,37
C0399,2023-12,98
C0230,2023-12,46
C0452,2023-12,74
C0429,2023-12,62
C0557,2023-12,43
C0127,2023-12,54
C0426,2023-12,66
C0250,2023-11,53
C0199,2023-01,14
C0676,2023-12,15
C0487,2023-11,40
C0293,2023-11,61
C0608,2023-12,3
C0716,2022-03,5
C0581,2022-03,4
C0227,2022-03,33
C0556,2022-03,35
C0127,2022-02,56
C0550,2022-03,4
C0488,2022-03,2
C0570,2022-03,10
C0644,2022-03,5
C0518,2022-03,10
C0312,2022-03,6
C0358,2021-08,75
C0386,2020-07,42
C0276,2020-06,97
C0157,2022-05,2
C0353,2022-06,3
C0348,2022-08,34
C0648,2022-05,1
C0060,2022-09,160
C0476,2022-08,65
C0083,2022-09,36
C0223,2021-03,53
C0257,2020-05,73
C0525,2022-09,5
C0560,2022-04,8
C0316,2022-08,37
C0234,2022-08,43
C0263,2022-08,67
C0194,2020-08,64
C0646,2022-09,5
C0203,2021-07,48
C0105,2024-01,224
C0404,2022-12,3
C0387,2023-02,38
C0502,2023-02,2
C0349,2020-08,70
C0597,2023-01,3
C0745,2023-02,3
C0458,2021-10,28
C0132,2021-10,73
C0393,2021-11,52
C0344,2023-03,1
C0637,2023-01,7
C0572,2022-08,21
C0273,2023-06,4
C0060,2023-05,187
C0252,2023-05,36
C0588,2023-06,1
C0453,2023-07,1
C0529,2023-07,4
C0071,2024-01,136
C0067,2023-11,160
C0433,2023-11,5
C0121,2023-11,68
C0647,2023-11,6
C0700,2023-11,29
C0337,2023-11,15
C0462,2023-11,15
C0145,2023-10,37
C0105,2023-10,49
C0132,2023-10,80
C0465,2023-10,45
C0747,2023-12,6
C0174,2023-09,15
C0415,2023-05,13
C0071,2023-10,33
C0458,2023-10,18
C0145,2024-01,145
C0713,2023-12,3
C0423,2024-02,86
C0009,2024-01,426
C0253,2024-01,239
C0132,2024-01,161
C0454,2024-02,21
C0288,2024-02,7
C0470,2024-01,4
C0179,2024-02,30
C0437,2024-04,53
C0501,2024-02,21
C0458,2024-01,49
C0171,2024-07,40
C0153,2024-05,24
C0027,2024-02,24
C0555,2020-01,33
C0230,2022-02,19
C0155,2021-06,111
C0713,2022-02,7
C0747,2022-02,5
C0676,2022-02,12
C0140,2021-11,34
C0379,2020-07,34
C0444,2020-05,21
C0146,2020-06,41
C0105,2021-10,54
C0259,2020-10,61
C0744,2020-05,22
C0221,2020-12,58
C0431,2020-03,52
C0113,2020-08,153
C0479,2020-07,2
C0493,2021-07,70
C0345,2020-06,22
C0364,2020-01,101
C0224,2020-07,31
C0382,2020-08,108
C0170,2020-07,44
C0584,2021-08,23
C0723,2020-10,12
C0063,2020-09,70
C0175,2020-06,49
C0296,2020-06,25
C0252,2021-02,33
C0269,2020-02,46
C0341,2020-05,69
C0059,2022-08,45
C0422,2022-07,1
C0590,2022-08,6
C0471,2022-08,2
C0071,2021-10,54
C0600,2022-09,3
C0351,2022-10,7
C0325,2022-11,1
C0099,2023-04,1
C0491,2023-04,1
C0079,2023-05,2
C0525,2023-05,5
C0646,2023-05,1
C0272,2020-09,31
C0606,2023-09,6
C0718,2023-09,5
C0009,2023-10,146
C0436,2023-10,76
C0253,2023-10,56
C0356,2023-10,5
C0246,2023-10,10
C0470,2023-10,2
C0551,2023-10,8
C0436,2024-01,213
C0465,2024-01,149
C0551,2024-01,19
C0246,2024-01,48
C0115,2024-04,49
C0146,2024-05,105
C0206,2024-04,94
C0566,2020-01,9
C0463,2020-01,77
C0674,2020-01,12
C0725,2020-01,13
C0085,2020-04,30
C0126,2020-05,112
C0162,2020-05,8
C0400,2020-05,31
C0013,2020-05,7
C0542,2020-03,7
C0159,2020-07,29
C0715,2020-05,7
C0015,2020-03,52
C0325,2020-03,1
C0651,2020-05,5
C0005,2020-08,20
C0514,2020-08,5
C0117,2020-08,41
C0336,2020-08,7
C0474,2020-09,55
C0512,2020-08,3
C0278,2020-09,58
C0729,2020-09,3
C0051,2020-09,1
C0299,2020-09,5
C0280,2020-09,24
C0238,2020-09,20
C0240,2020-06,26
C0696,2020-03,3
C0083,2021-02,38
C0187,2020-09,1
C0613,2020-11,3
C0720,2020-03,4
C0151,2020-10,45
C0667,2021-01,23
C0624,2020-01,3
C0042,2020-08,2
C0587,2021-04,11
C0697,2020-11,4
C0065,2021-06,11
C0100,2021-05,36
C0395,2021-03,46
C0519,2021-01,2
C0222,2020-11,64
C0415,2021-02,13
C0525,2021-02,2
C0646,2021-02,1
C0663,2021-04,1
C0329,2021-07,2
C0564,2021-07,20
C0414,2024-12,53
C0004,2021-05,41
C0461,2021-05,41
C0681,2021-06,3
C0443,2020-11,58
C0230,2026-04,66
C0585,2021-07,2
C0449,2021-07,3
C0609,2021-07,4
C0675,2021-07,5
C0220,2020-02,29
C0740,2021-07,3
C0527,2021-05,8
C0465,2021-10,50
C0168,2021-11,29
C0246,2021-10,8
C0093,2021-11,35
C0356,2021-10,1
C0267,2024-05,52
C0024,2020-06,19
C0235,2021-09,53
C0551,2021-10,3
C0567,2021-10,1
C0665,2021-11,8
C0030,2022-12,2
C0600,2023-05,3
C0243,2025-01,187
C0285,2020-02,51
C0464,2020-03,23
C0232,2020-03,32
C0212,2021-03,43
C0456,2020-01,6
C0174,2021-03,12
C0258,2024-04,125
C0410,2020-02,52
C0160,2021-02,8
C0515,2020-02,12
C0611,2020-02,2
C0694,2020-02,6
C0069,2020-06,23
C0153,2020-06,25
C0265,2020-07,9
C0739,2020-07,9
C0498,2020-07,7
C0582,2020-07,5
C0260,2020-07,3
C0704,2020-07,1
C0442,2020-07,1
C0032,2020-11,6
C0592,2020-11,15
C0589,2020-11,1
C0381,2020-10,7
C0569,2021-03,16
C0606,2021-03,5
C0605,2020-08,1
C0094,2025-05,29
C0688,2021-04,4
C0079,2021-02,3
C0131,2021-04,2
C0677,2021-04,1
C0056,2021-05,44
C0673,2021-04,2
C0080,2021-05,67
C0008,2021-05,1
C0438,2020-12,5
C0616,2021-08,21
C0604,2021-08,9
C0736,2021-08,4
C0532,2021-08,5
C0190,2021-08,1
C0411,2021-08,2
C0565,2021-08,3
C0040,2026-08,143
C0351,2021-09,5
C0693,2021-09,6
C0631,2021-09,6
C0626,2021-08,2
C0622,2021-09,17
C0724,2021-09,4
C0322,2021-08,3
C0499,2021-12,3
C0591,2021-12,1
C0742,2020-03,2
C0549,2020-03,2
C0571,2020-05,1
C0648,2020-05,1
C0535,2020-06,1
C0721,2020-01,1
C0413,2020-10,1
C0231,2021-07,1
C0741,2021-07,2
C0536,2021-07,1
C0370,2021-07,1
C0316,2025-03,46
C0614,2021-08,2
C0116,2021-08,1
C0608,2022-02,1
C0074,2020-03,1
C0438,2020-04,2
C0654,2020-06,1
C0543,2021-06,2
C0054,2021-05,1
C0261,2021-09,1
C0133,2025-05,96
C0028,2026-05,110
C0393,2026-05,95
C0192,2026-05,71
C0140,2026-05,101
C0168,2026-05,26
C0315,2026-01,318
C0089,2026-05,49
C0264,2025-02,71
C0093,2026-05,40
C0015,2026-01,546
C0222,2026-07,84
C0443,2026-07,135
C0549,2026-01,10
C0351,2025-09,7
C0313,2026-06,75
C0592,2026-07,48
C0232,2026-01,124
C0431,2026-01,192
C0542,2026-01,58
C0426,2026-04,92
C0464,2026-01,278
C0613,2026-07,2
C0357,2026-06,88
C0115,2026-08,103
C0452,2025-06,68
C0172,2026-02,44
C0197,2026-06,37
C0355,2026-06,35
C0452,2026-04,123
C0742,2026-01,20
C0428,2024-09,40
C0032,2026-07,7
C0009,2025-08,199
C0127,2025-06,85
C0636,2025-12,24
C0367,2026-08,92
C0643,2026-06,2
C0457,2025-12,33
C0058,2025-07,120
C0107,2026-02,5
C0320,2024-07,72
C0176,2026-03,107
C0105,2025-08,64
C0406,2024-04,18
C0519,2025-11,8
C0047,2025-11,78
C0286,2025-09,86
C0184,2025-01,787
C0021,2025-01,145
C0186,2025-11,95
C0091,2025-11,51
C0043,2025-01,161
C0235,2025-09,74
C0233,2025-01,274
C0015,2025-04,78
C0315,2025-04,87
C0082,2025-01,178
C0575,2025-01,30
C0351,2025-10,11
C0667,2025-11,30
C0465,2025-08,44
C0365,2025-01,7
C0447,2025-01,13
C0247,2025-01,144
C0747,2025-06,30
C0235,2025-10,67
C0069,2024-05,29
C0327,2024-09,42
C0216,2025-12,98
C0593,2025-12,71
C0747,2024-11,11
C0300,2025-12,78
C0451,2025-07,65
C0622,2025-10,21
C0234,2025-03,50
C0464,2025-04,61
C0214,2025-02,27
C0105,2024-06,71
C0696,2026-01,17
C0623,2026-02,20
C0258,2026-08,239
C0230,2025-06,40
C0114,2026-03,76
C0253,2025-08,86
C0720,2026-01,6
C0172,2024-03,46
C0295,2026-03,45
C0219,2026-03,186
C0360,2026-03,97
C0615,2026-03,10
C0319,2026-03,36
C0594,2026-03,7
C0598,2026-03,39
C0230,2024-11,27
C0476,2025-03,100
C0132,2024-06,75
C0348,2025-03,59
C0074,2026-01,1
C0248,2020-05,1
C0040,2024-04,108
C0676,2026-04,14
C0402,2024-04,69
C0747,2026-04,33
C0429,2026-04,40
C0286,2025-10,90
C0026,2025-07,15
C0683,2026-05,2
C0296,2024-05,26
C0452,2024-11,73
C0557,2026-04,47
C0516,2026-08,9
C0107,2024-03,9
C0040,2024-07,148
C0728,2026-06,56
C0087,2026-06,7
C0062,2026-06,60
C0206,2026-08,86
C0173,2026-06,4
C0629,2026-06,3
C0406,2026-08,55
C0437,2026-08,146
C0249,2026-08,47
C0402,2026-08,137
C0171,2026-08,47
C0077,2024-12,3
C0127,2026-04,64
C0320,2026-08,77
C0191,2026-03,155
C0325,2026-01,6
C0545,2026-08,8
C0517,2026-08,5
C0175,2024-05,45
C0015,2024-08,83
C0073,2024-09,68
C0276,2024-05,130
C0115,2024-07,43
C0253,2024-06,51
C0465,2024-06,59
C0320,2024-04,56
C0076,2024-10,78
C0367,2024-04,40
C0171,2024-04,36
C0249,2024-04,38
C0545,2024-04,7
C0516,2024-04,15
C0517,2024-04,3
C0402,2024-07,75
C0009,2024-06,203
C0206,2024-07,106
C0266,2025-02,47
C0134,2024-10,45
C0343,2024-09,69
C0258,2024-07,137
C0152,2025-02,42
C0356,2024-01,12
C0345,2024-05,31
C0024,2024-05,25
C0232,2024-08,46
C0742,2024-08,8
C0421,2024-05,27
C0240,2024-05,23
C0436,2024-06,132
C0145,2024-06,40
C0071,2024-06,36
C0246,2024-06,20
C0458,2024-06,28
C0431,2024-08,67
C0464,2024-08,51
C0482,2024-10,97
C0567,2024-06,1
C0470,2024-06,2
C0551,2024-06,5
C0289,2024-09,41
C0318,2025-05,28
C0516,2024-07,17
C0367,2024-07,41
C0249,2024-07,30
C0437,2024-07,43
C0406,2024-07,13
C0738,2024-07,1
C0517,2024-07,5
C0440,2024-10,21
C0435,2024-10,29
C0560,2024-10,22
C0557,2024-11,47
C0713,2025-06,8
C0545,2024-07,9
C0018,2024-10,33
C0039,2024-09,5
C0136,2025-07,57
C0427,2024-09,15
C0256,2024-12,96
C0737,2024-09,2
C0676,2024-11,18
C0037,2025-02,175
C0429,2025-06,62
C0298,2024-09,27
C0634,2024-09,17
C0426,2024-11,64
C0127,2024-11,58
C0399,2024-11,79
C0429,2024-11,50
C0713,2024-11,6
C0012,2024-09,28
C0625,2025-01,12
C0030,2024-12,9
C0326,2025-02,23
C0426,2025-06,74
C0202,2025-05,88
C0068,2025-02,28
C0178,2025-02,50
C0363,2025-02,14
C0602,2025-02,27
C0420,2025-02,51
C0392,2025-02,3
C0513,2025-02,1
C0315,2024-08,79
C0145,2025-08,57
C0483,2025-05,76
C0310,2025-05,27
C0130,2025-05,83
C0150,2025-05,29
C0059,2025-03,56
C0132,2025-08,92
C0120,2025-07,44
C0695,2025-12,14
C0557,2025-06,41
C0713,2026-04,18
C0399,2026-04,87
C0608,2026-04,3
C0693,2025-09,6
C0697,2026-07,2
C0546,2026-07,1
C0738,2026-08,1
C0119,2023-03,1
C0376,2026-05,1
C0458,2025-08,28
C0399,2025-06,74
C0676,2025-06,24
C0608,2025-06,2
C0743,2025-07,14
C0431,2025-04,86
C0622,2025-09,23
C0693,2025-10,8
C0631,2025-10,11
C0325,2025-04,1
C0724,2025-10,2
C0548,2025-10,4
C0436,2025-08,219
C0071,2025-08,52
C0232,2025-04,29
C0623,2024-03,5
C0263,2025-03,59
C0720,2024-08,3
C0135,2024-09,1
C0542,2024-08,10
C0081,2026-03,1
C0671,2025-03,29
C0665,2026-05,3
C0660,2024-09,1
C0531,2024-09,2
C0696,2025-04,6
C0542,2025-04,16
C0246,2025-08,16
C0049,2025-01,10
C0742,2025-04,8
C0572,2025-03,9
C0471,2025-03,1
C0590,2025-03,6
C0720,2025-04,5
C0453,2025-07,1
C0529,2025-07,9
C0422,2025-07,1
C0551,2025-08,9
C0526,2025-05,2
C0470,2025-08,1
C0631,2025-09,4
C0724,2025-09,5
C0548,2025-09,1
C0356,2025-08,5
C0707,2024-02,2
C0711,2024-02,1
C0731,2020-10,1
C0583,2024-02,2
C0601,2024-03,7
C0356,2024-06,3
C0696,2024-08,1
C0549,2024-08,4
C0404,2024-12,3
C0549,2025-04,2
C0567,2025-08,1
C0535,2024-05,1
C0596,2024-04,1
C0608,2024-11,2
C0432,2025-02,1
C0142,2024-12,1
C0529,2022-07,3
C0477,2021-04,1
C0693,2022-10,6
C0261,2022-10,1
C0079,2022-09,1
C0090,2023-05,2
C0495,2023-10,1
C0748,2023-06,1
C0567,2023-10,1
C0493,2021-12,82
C0203,2021-12,34
C0290,2021-12,57
C0445,2021-12,25
C0405,2021-10,47
C0282,2021-12,30
C0370,2021-12,5
C0564,2021-12,17
C0338,2021-07,55
C0675,2021-12,6
C0192,2021-09,64
C0164,2021-12,18
C0329,2021-12,9
C0310,2022-01,66
C0415,2021-05,13
C0130,2022-01,113
C0483,2022-01,142
C0133,2022-01,107
C0318,2022-01,38
C0202,2022-01,174
C0094,2022-01,87
C0257,2020-07,69
C0150,2022-01,40
C0048,2021-07,27
C0088,2021-06,39
C0134,2021-04,54
C0439,2021-08,26
C0400,2020-07,52
C0435,2021-04,31
C0369,2021-07,92
C0058,2022-02,75
C0214,2026-06,46
C0587,2022-04,22
C0259,2022-03,65
C0136,2022-02,42
C0677,2022-04,6
C0026,2022-02,14
C0159,2022-05,34
C0170,2022-05,71
C0265,2022-05,14
C0224,2022-05,36
C0149,2022-05,32
C0379,2022-05,29
C0386,2022-05,42
C0582,2022-05,8
C0498,2022-05,14
C0105,2020-01,210
C0416,2020-09,40
C0245,2020-10,69
C0461,2021-02,47
C0086,2020-09,74
C0101,2021-03,33
C0161,2021-06,25
C0448,2020-10,37
C0159,2020-05,32
C0401,2020-11,51
C0243,2020-03,41
C0089,2021-09,40
C0265,2020-05,8
C0436,2020-01,121
C0228,2020-11,49
C0465,2020-01,177
C0375,2021-08,35
C0100,2021-02,26
C0122,2021-03,156
C0076,2021-04,88
C0458,2020-01,79
C0019,2020-06,45
C0128,2022-06,98
C0481,2022-06,41
C0490,2022-06,10
C0383,2022-06,51
C0689,2022-06,14
C0236,2022-06,29
C0372,2022-06,29
C0092,2022-06,2
C0607,2022-06,3
C0213,2022-06,17
C0139,2022-06,17
C0095,2022-06,4
C0538,2022-06,3
C0112,2022-06,8
C0151,2022-03,62
C0679,2022-06,2
C0127,2022-07,60
C0426,2022-07,57
C0399,2022-07,70
C0452,2022-07,54
C0557,2022-07,40
C0676,2022-07,27
C0230,2022-07,27
C0429,2022-07,44
C0747,2022-07,4
C0713,2022-07,5
C0608,2022-07,8
C0688,2022-04,6
C0264,2026-06,91
C0028,2021-09,32
C0184,2022-11,227
C0243,2022-11,57
C0082,2022-11,32
C0021,2022-11,46
C0093,2022-10,23
C0192,2022-10,60
C0233,2022-11,77
C0028,2022-10,34
C0247,2022-11,55
C0575,2022-11,13
C0393,2022-10,69
C0367,2023-01,106
C0043,2022-11,41
C0049,2022-11,7
C0004,2022-09,56
C0625,2022-11,3
C0170,2020-05,70
C0486,2022-12,111
C0455,2022-12,82
C0211,2022-12,101
C0177,2022-12,60
C0195,2022-12,56
C0129,2022-12,85
C0472,2022-12,73
C0120,2023-03,18
C0058,2023-03,76
C0451,2023-03,47
C0136,2023-03,43
C0040,2023-01,191
C0743,2023-03,10
C0529,2023-03,7
C0437,2023-01,63
C0115,2023-01,67
C0402,2023-01,146
C0258,2023-01,169
C0176,2023-02,52
C0026,2023-03,16
C0320,2023-01,108
C0249,2023-01,59
C0422,2023-03,2
C0080,2022-09,108
C0100,2023-05,29
C0171,2023-01,88
C0219,2023-02,44
C0545,2023-01,11
C0206,2023-01,177
C0191,2023-02,53
C0517,2023-01,14
C0140,2022-10,42
C0191,2023-04,68
C0176,2023-04,73
C0114,2023-04,52
C0295,2023-04,41
C0219,2023-04,35
C0598,2023-04,9
C0360,2023-04,36
C0533,2020-11,18
C0615,2023-04,8
C0319,2023-04,11
C0406,2023-01,48
C0081,2023-04,2
C0224,2020-05,23
C0452,2023-07,51
C0399,2023-07,67
C0426,2023-07,52
C0676,2023-07,23
C0127,2023-07,64
C0557,2023-07,42
C0747,2023-07,6
C0429,2023-07,44
C0230,2023-07,16
C0309,2023-08,6
C0362,2023-08,119
C0061,2023-08,55
C0366,2023-08,53
C0416,2023-08,52
C0394,2023-08,52
C0086,2023-08,49
C0210,2023-08,37
C0340,2023-06,57
C0418,2023-06,17
C0489,2023-08,3
C0271,2023-09,58
C0122,2023-09,131
C0101,2023-09,25
C0097,2023-09,9
C0106,2023-09,64
C0189,2023-09,57
C0120,2023-12,37
C0058,2023-12,71
C0136,2023-12,52
C0451,2023-12,63
C0310,2023-11,41
C0529,2023-12,6
C0743,2023-12,12
C0026,2023-12,33
C0100,2022-09,27
C0483,2023-11,67
C0723,2022-03,17
C0120,2022-02,17
C0189,2021-03,117
C0381,2022-03,5
C0413,2022-03,1
C0451,2022-02,40
C0477,2022-04,1
C0396,2020-11,18
C0132,2020-01,181
C0160,2021-05,13
C0185,2020-06,71
C0225,2020-11,51
C0469,2021-02,32
C0362,2020-09,81
C0341,2020-07,80
C0060,2021-05,162
C0739,2022-05,8
C0168,2022-10,16
C0327,2022-08,29
C0561,2022-04,2
C0056,2022-09,49
C0461,2022-09,77
C0527,2022-09,11
C0469,2022-09,31
C0210,2020-09,46
C0343,2022-08,56
C0008,2022-09,3
C0166,2020-06,45
C0298,2022-08,24
C0073,2022-08,64
C0438,2021-01,16
C0012,2022-08,34
C0397,2022-01,1
C0428,2022-08,38
C0385,2020-08,53
C0427,2022-08,18
C0391,2020-11,41
C0221,2021-01,141
C0181,2024-05,20
C0277,2020-11,56
C0346,2020-10,31
C0284,2020-08,2
C0295,2023-02,39
C0621,2023-01,3
C0114,2023-02,44
C0360,2023-02,50
C0516,2023-01,12
C0615,2023-02,7
C0319,2023-02,13
C0594,2023-02,2
C0598,2023-02,7
C0537,2020-11,114
C0446,2021-07,42
C0286,2021-11,80
C0468,2023-06,61
C0001,2023-06,5
C0520,2023-06,9
C0738,2023-01,3
C0004,2023-05,39
C0056,2023-05,49
C0308,2023-06,4
C0527,2023-05,13
C0678,2023-06,7
C0145,2020-01,119
C0713,2023-07,5
C0608,2023-07,2
C0287,2020-07,33
C0043,2020-03,39
C0208,2021-06,32
C0202,2023-11,86
C0130,2023-11,44
C0094,2023-11,41
C0133,2023-11,59
C0150,2023-11,19
C0318,2023-11,14
C0469,2023-05,23
C0405,2023-10,34
C0071,2020-01,148
C0463,2023-10,34
C0342,2024-02,42
C0002,2024-02,89
C0330,2024-02,91
C0045,2024-02,54
C0405,2024-01,159
C0057,2024-02,60
C0347,2024-02,16
C0201,2024-02,41
C0603,2024-02,24
C0371,2024-02,33
C0510,2024-05,63
C0555,2024-01,60
C0662,2024-02,5
C0036,2022-01,1
C0300,2020-02,43
C0386,2020-05,46
C0398,2020-11,36
C0419,2020-11,60
C0050,2020-10,40
C0328,2020-10,57
C0555,2021-10,10
C0056,2021-02,37
C0393,2021-09,53
C0082,2020-03,25
C0061,2020-09,63
C0093,2021-09,42
C0366,2020-09,34
C0009,2020-01,245
C0247,2020-03,37
C0444,2020-07,19
C0097,2021-03,11
C0184,2020-03,227
C0007,2021-07,38
C0302,2021-07,43
C0085,2021-01,77
C0162,2020-07,13
C0551,2020-01,17
C0379,2020-05,18
C0246,2020-01,23
C0079,2021-05,3
C0106,2021-03,54
C0440,2021-04,32
C0047,2020-04,45
C0312,2020-10,4
C0091,2020-04,18
C0216,2020-02,34
C0252,2021-05,32
C0047,2020-12,53
C0556,2020-10,20
C0233,2020-03,50
C0479,2020-05,1
C0509,2020-10,6
C0664,2022-08,2
C0634,2022-08,21
C0289,2022-08,26
C0737,2022-08,3
C0531,2022-08,3
C0135,2022-08,1
C0673,2022-04,4
C0475,2020-11,50
C0680,2020-06,15
C0704,2022-05,1
C0089,2022-10,32
C0235,2021-11,59
C0365,2022-11,1
C0447,2022-11,2
C0384,2022-12,1
C0461,2023-05,72
C0080,2023-05,83
C0594,2023-04,1
C0008,2023-05,2
C0301,2023-09,26
C0657,2023-09,3
C0566,2023-10,5
C0624,2023-10,2
C0555,2023-10,18
C0725,2023-10,7
C0364,2023-10,19
C0456,2023-10,3
C0674,2023-10,3
C0364,2024-01,62
C0463,2024-01,108
C0125,2024-05,60
C0624,2024-01,20
C0725,2024-01,18
C0158,2024-04,95
C0566,2024-01,8
C0253,2020-01,135
C0470,2020-01,6
C0186,2020-04,45
C0582,2020-05,8
C0739,2020-05,5
C0498,2020-05,5
C0149,2020-05,20
C0021,2020-03,37
C0593,2020-02,8
C0217,2020-08,33
C0031,2020-08,34
C0506,2020-08,14
C0530,2020-08,51
C0567,2020-01,2
C0180,2020-08,2
C0126,2020-07,82
C0394,2020-09,37
C0125,2020-06,43
C0457,2020-02,21
C0489,2020-09,1
C0563,2020-08,1
C0309,2020-09,5
C0091,2020-12,28
C0186,2020-12,56
C0667,2020-12,18
C0527,2021-02,8
C0301,2021-03,21
C0080,2021-02,58
C0004,2021-02,52
C0227,2020-10,27
C0008,2021-02,2
C0612,2021-02,2
C0109,2021-06,51
C0196,2021-06,67
C0013,2020-07,10
C0018,2021-04,10
C0581,2020-10,4
C0064,2021-06,2
C0672,2021-06,16
C0020,2021-07,51
C0083,2021-05,36
C0463,2021-10,35
C0364,2021-10,33
C0124,2021-07,7
C0499,2021-07,2
C0168,2021-09,20
C0725,2021-10,2
C0631,2021-11,3
C0524,2020-11,2
C0622,2021-11,12
C0140,2021-09,44
C0693,2021-11,4
C0674,2021-10,1
C0039,2022-08,2
C0332,2020-08,13
C0612,2023-05,1
C0215,2023-09,1
C0181,2020-06,16
C0049,2020-03,2
C0351,2021-11,3
C0167,2020-11,29
C0695,2020-02,8
C0636,2020-02,3
C0356,2020-01,10
C0510,2020-06,21
C0409,2020-06,41
C0163,2020-06,12
C0619,2020-06,3
C0744,2020-07,20
C0651,2020-07,12
C0715,2020-07,6
C0690,2020-07,1
C0648,2020-07,1
C0571,2020-07,2
C0248,2020-07,1
C0334,2020-10,38
C0714,2020-11,24
C0046,2020-11,20
C0412,2020-11,25
C0570,2020-10,10
C0407,2020-11,24
C0123,2020-10,40
C0716,2020-10,4
C0574,2020-11,1
C0193,2020-11,2
C0365,2020-03,4
C0519,2020-12,4
C0271,2021-03,45
C0482,2021-04,71
C0627,2021-03,5
C0560,2021-04,11
C0525,2021-05,2
C0430,2021-08,21
C0682,2021-08,2
C0553,2021-08,10
C0665,2021-09,9
C0609,2021-12,4
C0449,2021-12,1
C0575,2020-03,1
C0550,2020-10,6
C0644,2020-10,3
C0518,2020-10,7
C0657,2021-03,1
C0591,2021-07,2
C0666,2021-08,2
C0003,2024-04,9
C0261,2021-11,1
C0548,2021-11,2
C0529,2022-02,4
C0453,2022-02,1
C0625,2020-03,2
C0667,2020-04,4
C0519,2020-04,3
C0157,2020-07,1
C0022,2020-08,2
C0486,2024-12,189
C0646,2021-05,3
C0441,2021-06,2
C0540,2021-06,2
C0544,2021-10,1
C0624,2021-10,1
C0526,2022-01,4
C0274,2021-08,1
C0447,2026-01,21
C0043,2026-01,207
C0233,2026-01,293
C0058,2026-04,91
C0286,2026-05,106
C0235,2026-05,73
C0575,2026-01,40
C0247,2026-01,141
C0622,2026-05,26
C0082,2026-01,204
C0351,2026-05,20
C0184,2026-01,776
C0631,2026-05,8
C0243,2026-01,203
C0548,2026-05,6
C0475,2026-07,89
C0398,2026-07,77
C0419,2026-07,70
C0533,2026-07,46
C0407,2026-07,146
C0391,2026-07,70
C0412,2026-07,58
C0225,2026-07,63
C0537,2026-07,241
C0396,2026-07,30
C0072,2026-08,107
C0046,2026-07,48
C0228,2026-07,72
C0193,2026-07,16
C0167,2026-07,35
C0037,2026-06,191
C0714,2026-07,56
C0401,2026-07,41
C0462,2025-05,19
C0277,2026-07,22
C0158,2024-07,103
C0420,2026-06,56
C0195,2024-12,84
C0021,2026-01,118
C0147,2026-01,4
C0049,2026-01,10
C0524,2026-07,18
C0392,2026-06,13
C0473,2026-02,158
C0140,2025-10,56
C0178,2026-06,96
C0363,2026-06,19
C0152,2026-06,49
C0574,2026-07,3
C0303,2025-12,34
C0102,2025-12,145
C0315,2025-01,240
C0136,2025-06,64
C0136,2024-11,40
C0058,2024-11,97
C0405,2024-06,60
C0747,2025-07,30
C0147,2020-03,1
C0015,2025-01,373
C0676,2025-07,32
C0085,2025-11,61
C0120,2025-06,43
C0393,2025-09,98
C0021,2025-04,67
C0221,2025-11,131
C0399,2025-07,68
C0451,2025-06,66
C0431,2025-01,172
C0093,2025-09,44
C0184,2025-04,299
C0464,2025-01,236
C0463,2025-08,49
C0405,2025-08,68
C0089,2025-10,56
C0393,2025-10,113
C0452,2025-07,88
C0438,2025-11,4
C0028,2025-09,63
C0665,2025-09,10
C0192,2025-10,93
C0232,2025-01,102
C0350,2025-12,130
C0410,2025-12,80
C0285,2025-12,99
C0694,2025-12,19
C0269,2025-12,66
C0515,2025-12,14
C0220,2025-12,33
C0250,2025-05,70
C0617,2026-01,2
C0089,2025-09,47
C0073,2025-03,72
C0427,2025-03,15
C0684,2026-02,31
C0625,2026-01,14
C0028,2025-10,68
C0745,2026-03,9
C0293,2025-05,81
C0542,2025-01,50
C0010,2026-02,92
C0297,2026-03,94
C0460,2026-03,76
C0502,2026-03,7
C0491,2026-03,2
C0451,2026-04,87
C0068,2026-06,51
C0129,2024-12,98
C0387,2026-03,34
C0459,2026-02,76
C0243,2025-04,66
C0185,2024-05,60
C0724,2026-05,2
C0693,2026-05,8
C0026,2025-06,24
C0087,2025-02,3
C0409,2024-05,59
C0422,2026-04,4
C0082,2024-08,48
C0602,2026-06,12
C0266,2026-06,48
C0432,2026-06,6
C0513,2026-06,4
C0120,2026-04,33
C0597,2026-08,9
C0136,2026-04,75
C0326,2026-06,13
C0158,2026-08,111
C0378,2026-02,76
C0455,2024-12,68
C0247,2024-08,57
C0680,2024-05,24
C0720,2025-01,28
C0003,2026-08,19
C0428,2025-03,43
C0026,2026-04,26
C0642,2026-08,7
C0053,2026-08,4
C0365,2026-01,11
C0473,2024-03,58
C0072,2024-04,78
C0456,2024-01,3
C0656,2024-02,4
C0555,2024-06,20
C0378,2024-03,50
C0684,2024-03,24
C0642,2024-04,15
C0459,2024-03,50
C0184,2024-08,262
C0199,2024-04,3
C0463,2024-06,38
C0674,2024-01,12
C0043,2024-08,46
C0572,2024-09,17
C0239,2024-03,47
C0597,2024-04,2
C0053,2024-04,2
C0166,2024-05,44
C0019,2024-05,33
C0243,2024-08,57
C0725,2024-06,6
C0233,2024-08,78
C0624,2024-06,10
C0456,2024-06,3
C0619,2024-05,6
C0211,2024-12,71
C0364,2024-06,15
C0674,2024-06,2
C0058,2025-06,101
C0263,2024-09,80
C0544,2024-06,1
C0566,2024-06,4
C0671,2024-09,39
C0316,2024-09,37
C0003,2024-07,19
C0721,2024-01,1
C0072,2024-07,101
C0476,2024-09,75
C0642,2024-07,17
C0234,2024-09,32
C0587,2024-10,22
C0590,2024-09,9
C0059,2024-09,63
C0343,2025-03,105
C0673,2024-10,4
C0131,2024-10,1
C0688,2024-10,6
C0561,2024-10,1
C0677,2024-10,6
C0575,2025-04,9
C0348,2024-09,46
C0177,2024-12,44
C0549,2025-01,7
C0325,2025-01,5
C0093,2025-10,42
C0233,2025-04,82
C0742,2025-01,17
C0067,2025-05,192
C0313,2025-02,36
C0062,2025-02,39
C0728,2025-02,60
C0355,2025-02,29
C0357,2025-02,41
C0197,2025-02,21
C0629,2025-02,2
C0026,2024-11,10
C0337,2025-05,22
C0121,2025-05,84
C0487,2025-05,69
C0700,2025-05,19
C0447,2025-04,1
C0433,2025-05,3
C0012,2025-03,20
C0199,2026-08,1
C0140,2025-09,43
C0021,2024-08,52
C0713,2025-07,4
C0555,2025-08,35
C0376,2025-10,2
C0557,2025-07,53
C0508,2025-12,1
C0611,2025-12,4
C0239,2026-02,61
C0650,2026-02,6
C0082,2025-04,42
C0529,2026-04,9
C0743,2026-04,8
C0472,2024-12,45
C0120,2024-11,27
C0451,2024-11,57
C0331,2026-07,1
C0426,2025-07,86
C0127,2025-07,80
C0743,2025-06,16
C0529,2025-06,5
C0039,2025-03,4
C0422,2025-06,3
C0173,2025-02,2
C0429,2025-07,54
C0230,2025-07,26
C0168,2025-09,23
C0665,2025-10,8
C0168,2025-10,17
C0683,2025-10,2
C0365,2025-04,2
C0192,2025-09,83
C0390,2025-10,1
C0696,2025-01,9
C0247,2025-04,57
C0043,2025-04,42
C0364,2025-08,31
C0305,2025-12,1
C0099,2026-03,3
C0665,2022-10,7
C0010,2024-03,26
C0637,2024-04,1
C0289,2025-03,47
C0663,2024-10,2
C0471,2024-09,1
C0634,2025-03,21
C0298,2025-03,33
C0737,2025-03,6
C0006,2024-12,2
C0327,2025-03,33
C0049,2025-04,5
C0625,2025-04,4
C0566,2025-08,6
C0624,2025-08,11
C0647,2025-05,5
C0376,2025-09,1
C0294,2024-02,7
C0635,2024-02,3
C0650,2024-03,4
C0575,2024-08,10
C0049,2024-08,8
C0625,2024-08,5
C0365,2024-08,2
C0617,2024-08,1
C0422,2024-11,1
C0725,2025-08,3
C0456,2025-08,1
C0674,2025-08,2
C0023,2024-02,1
C0163,2024-05,6
C0597,2024-07,2
C0053,2024-07,1
C0637,2024-07,2
C0199,2024-07,1
C0447,2024-08,1
C0529,2024-11,6
C0743,2024-11,12
C0660,2025-03,3
C0669,2025-03,1
C0531,2025-03,3
C0119,2022-07,1
C0661,2023-06,2
C0741,2021-12,1
C0504,2023-06,3
C0526,2023-11,1
C0278,2021-12,113
C0063,2021-12,103
C0238,2021-12,17
C0272,2021-12,30
C0474,2021-12,54
C0242,2021-12,8
C0354,2021-12,73
C0408,2021-12,56
C0379,2021-11,36
C0083,2021-10,33
C0386,2021-11,47
C0299,2021-12,11
C0280,2021-12,36
C0018,2022-03,19
C0297,2022-01,80
C0460,2022-01,87
C0387,2022-01,146
C0723,2021-04,19
C0745,2022-01,7
C0257,2021-09,71
C0400,2021-09,47
C0061,2021-07,60
C0100,2020-01,70
C0555,2021-05,13
C0161,2021-01,96
C0009,2021-02,74
C0548,2020-05,5
C0196,2021-01,183
C0227,2022-04,28
C0123,2022-04,22
C0171,2022-02,27
C0435,2022-03,37
C0644,2022-04,5
C0265,2021-11,16
C0488,2022-04,2
C0556,2022-04,42
C0509,2022-04,7
C0581,2022-04,6
C0320,2022-02,35
C0134,2022-03,33
C0040,2022-02,65
C0334,2022-04,48
C0482,2022-03,79
C0518,2022-04,8
C0437,2022-02,37
C0258,2022-02,91
C0245,2022-04,61
C0448,2022-04,33
C0440,2022-03,27
C0050,2022-04,46
C0328,2022-04,67
C0312,2022-04,5
C0550,2022-04,5
C0286,2022-05,66
C0631,2022-05,3
C0261,2022-05,2
C0351,2022-05,4
C0235,2022-05,50
C0224,2021-11,33
C0007,2020-09,31
C0004,2020-01,159
C0469,2020-01,59
C0208,2021-01,69
C0184,2020-06,202
C0450,2020-08,49
C0056,2020-01,167
C0181,2020-03,37
C0236,2020-11,30
C0109,2021-01,131
C0104,2020-08,26
C0270,2021-08,61
C0527,2020-01,29
C0446,2020-09,45
C0369,2020-09,90
C0013,2021-09,10
C0239,2021-03,39
C0286,2020-05,49
C0085,2021-06,33
C0066,2020-12,28
C0372,2020-11,21
C0139,2020-11,17
C0080,2020-01,138
C0144,2020-02,36
C0419,2022-06,59
C0412,2022-06,41
C0537,2022-06,174
C0277,2022-06,49
C0475,2022-06,54
C0407,2022-06,44
C0714,2022-06,41
C0046,2022-06,24
C0193,2022-06,10
C0228,2022-06,45
C0225,2022-06,55
C0398,2022-06,56
C0396,2022-06,15
C0391,2022-06,37
C0167,2022-06,43
C0401,2022-06,27
C0524,2022-06,2
C0533,2022-06,7
C0206,2022-02,59
C0115,2022-02,31
C0249,2022-02,30
C0574,2022-06,1
C0402,2022-02,64
C0341,2022-10,75
C0642,2022-07,9
C0158,2022-07,79
C0072,2022-07,46
C0003,2022-07,5
C0622,2022-05,19
C0724,2022-05,1
C0019,2022-11,28
C0409,2022-11,33
C0126,2022-10,104
C0744,2022-10,39
C0125,2022-11,46
C0510,2022-11,48
C0185,2022-11,55
C0166,2022-11,55
C0619,2022-11,6
C0257,2022-10,58
C0287,2022-10,22
C0680,2022-11,16
C0163,2022-11,10
C0013,2022-10,12
C0181,2022-11,16
C0105,2022-09,78
C0124,2023-08,12
C0465,2022-09,51
C0651,2022-10,13
C0630,2022-12,12
C0241,2022-12,72
C0275,2022-12,66
C0103,2022-12,61
C0254,2022-12,136
C0292,2022-12,18
C0307,2022-12,62
C0029,2022-12,38
C0484,2022-12,46
C0403,2022-12,11
C0402,2023-03,75
C0320,2023-03,60
C0545,2023-03,8
C0206,2023-03,91
C0437,2023-03,27
C0249,2023-03,34
C0406,2023-03,17
C0040,2023-03,92
C0115,2023-03,42
C0258,2023-03,81
C0367,2023-03,45
C0250,2023-02,38
C0171,2023-03,45
C0026,2023-01,38
C0451,2023-01,129
C0121,2023-02,64
C0596,2023-03,2
C0516,2023-03,15
C0517,2023-03,6
C0728,2022-08,27
C0058,2023-01,133
C0136,2023-01,102
C0337,2023-02,14
C0738,2023-03,2
C0551,2022-09,4
C0250,2023-04,39
C0067,2023-04,161
C0166,2020-03,43
C0462,2023-04,15
C0121,2023-04,70
C0293,2023-04,49
C0487,2023-04,30
C0700,2023-04,20
C0337,2023-04,21
C0647,2023-04,5
C0071,2022-09,64
C0170,2021-11,72
C0433,2023-04,5
C0642,2023-07,7
C0158,2023-07,95
C0003,2023-07,14
C0743,2023-01,20
C0072,2023-07,76
C0369,2023-08,117
C0302,2023-08,45
C0020,2023-08,38
C0007,2023-08,34
C0338,2023-08,75
C0423,2023-06,70
C0454,2023-06,28
C0048,2023-08,40
C0446,2023-08,54
C0120,2023-01,74
C0499,2023-08,4
C0145,2023-05,31
C0465,2023-05,50
C0306,2021-08,35
C0288,2023-06,10
C0746,2020-02,10
C0040,2026-04,128
C0597,2023-07,2
C0239,2023-09,46
C0473,2023-09,57
C0378,2023-09,42
C0684,2023-09,18
C0459,2023-09,57
C0010,2023-09,32
C0437,2023-12,65
C0402,2023-12,76
C0516,2023-12,15
C0249,2023-12,53
C0258,2023-12,108
C0367,2023-12,42
C0206,2023-12,95
C0171,2023-12,49
C0545,2023-12,7
C0320,2023-12,61
C0040,2023-12,129
C0115,2023-12,42
C0406,2023-12,15
C0517,2023-12,5
C0453,2023-01,2
C0076,2022-03,89
C0165,2021-08,22
C0560,2022-03,4
C0406,2022-02,11
C0367,2022-02,38
C0252,2021-10,41
C0510,2020-03,24
C0033,2020-08,58
C0155,2020-12,107
C0086,2021-07,50
C0253,2021-02,50
C0548,2022-05,4
C0693,2022-05,1
C0525,2021-10,6
C0355,2022-08,43
C0253,2022-09,46
C0145,2022-09,40
C0436,2022-09,71
C0009,2022-09,108
C0132,2022-09,78
C0246,2022-09,13
C0243,2020-06,63
C0302,2020-09,34
C0173,2022-08,5
C0458,2022-09,30
C0062,2022-08,31
C0313,2022-08,35
C0470,2022-09,3
C0218,2020-02,55
C0567,2022-09,1
C0356,2022-09,3
C0197,2022-08,27
C0648,2022-10,1
C0141,2020-08,57
C0088,2021-01,85
C0067,2023-02,152
C0462,2023-02,32
C0529,2023-01,10
C0293,2023-02,54
C0028,2020-07,25
C0487,2023-02,39
C0481,2020-11,55
C0647,2023-02,7
C0700,2023-02,16
C0162,2022-10,4
C0324,2021-08,40
C0287,2021-09,34
C0444,2021-09,19
C0621,2023-03,1
C0027,2023-06,33
C0132,2023-05,79
C0179,2023-06,18
C0105,2023-05,64
C0436,2023-05,81
C0009,2023-05,149
C0501,2023-06,9
C0458,2023-05,23
C0400,2022-10,10
C0053,2023-07,2
C0199,2023-07,1
C0246,2023-05,15
C0637,2023-07,1
C0460,2023-11,41
C0387,2023-11,44
C0297,2023-11,59
C0745,2023-11,8
C0502,2023-11,3
C0252,2023-10,40
C0422,2023-01,1
C0060,2023-10,206
C0415,2023-10,12
C0021,2020-06,48
C0525,2024-01,10
C0090,2024-01,7
C0426,2024-04,51
C0016,2024-02,35
C0429,2024-04,59
C0415,2024-01,62
C0060,2024-06,213
C0159,2021-11,39
C0517,2022-02,5
C0545,2022-02,5
C0389,2021-08,41
C0051,2021-12,2
C0502,2022-01,1
C0596,2022-02,2
C0093,2020-07,53
C0089,2020-07,37
C0155,2020-04,81
C0612,2020-01,6
C0622,2020-05,12
C0054,2020-01,4
C0082,2020-06,31
C0048,2020-09,45
C0461,2020-01,120
C0259,2021-04,81
C0393,2020-07,60
C0163,2020-03,8
C0378,2021-03,46
C0338,2020-09,45
C0233,2020-06,51
C0424,2020-02,39
C0341,2021-09,63
C0192,2020-07,52
C0235,2020-05,44
C0465,2021-02,51
C0394,2021-07,51
C0053,2022-07,3
C0043,2020-06,43
C0357,2022-08,26
C0721,2021-05,1
C0629,2022-08,2
C0099,2022-01,1
C0458,2021-02,30
C0112,2020-11,6
C0578,2022-12,3
C0010,2021-03,37
C0521,2021-08,12
C0253,2023-05,50
C0071,2023-05,34
C0650,2023-09,2
C0160,2021-10,8
C0160,2023-10,10
C0083,2023-10,35
C0060,2024-01,665
C0252,2024-01,156
C0600,2024-01,18
C0083,2024-01,126
C0160,2024-01,26
C0082,2024-05,42
C0019,2020-03,33
C0008,2020-01,9
C0368,2020-04,27
C0066,2020-04,35
C0631,2020-05,3
C0125,2020-03,31
C0185,2020-03,44
C0693,2020-05,6
C0065,2020-04,20
C0409,2020-03,41
C0724,2020-05,4
C0417,2020-08,27
C0168,2020-07,44
C0044,2020-08,34
C0633,2020-08,13
C0247,2020-06,49
C0020,2020-09,57
C0591,2020-09,2
C0140,2020-07,36
C0499,2020-09,3
C0124,2020-09,3
C0665,2020-07,3
C0213,2020-11,15
C0368,2020-12,41
C0441,2021-01,5
C0672,2021-01,13
C0281,2021-01,3
C0383,2020-11,48
C0540,2021-01,12
C0587,2020-10,22
C0064,2021-01,5
C0065,2020-12,21
C0105,2021-02,42
C0459,2021-03,60
C0071,2021-02,20
C0551,2021-02,6
C0132,2021-02,44
C0436,2021-02,43
C0145,2021-02,29
C0470,2021-02,2
C0246,2021-02,11
C0356,2021-02,1
C0624,2021-05,1
C0438,2021-06,2
C0362,2021-07,102
C0221,2021-06,59
C0251,2021-08,47
C0210,2021-07,34
C0416,2021-07,57
C0463,2021-05,22
C0366,2021-07,46
C0677,2020-10,4
C0489,2021-07,2
C0309,2021-07,4
C0060,2021-10,159
C0079,2021-10,1
C0415,2021-10,14
C0226,2021-08,92
C0149,2021-11,23
C0498,2021-11,10
C0600,2021-10,3
C0157,2021-09,2
C0646,2021-10,2
C0126,2021-09,83
C0739,2021-11,6
C0090,2021-10,1
C0674,2021-05,3
C0323,2021-08,40
C0148,2022-08,1
C0470,2023-05,2
C0551,2023-05,7
C0525,2023-10,5
C0719,2021-08,4
C0582,2021-11,7
C0570,2022-04,7
C0442,2021-11,1
C0346,2022-04,27
C0716,2022-04,1
C0151,2021-04,63
C0049,2020-06,3
C0365,2020-06,3
C0244,2020-05,1
C0575,2020-06,8
C0447,2020-06,4
C0715,2021-09,5
C0561,2020-10,4
C0207,2020-10,1
C0490,2020-11,10
C0128,2020-11,86
C0131,2020-10,1
C0688,2020-10,8
C0679,2020-11,3
C0607,2020-11,1
C0689,2020-11,11
C0095,2020-11,5
C0092,2020-11,2
C0538,2020-11,1
C0673,2020-10,3
C0364,2021-05,21
C0473,2021-03,55
C0684,2021-03,5
C0650,2021-03,1
C0381,2021-04,7
C0710,2021-01,2
C0405,2021-05,32
C0108,2020-12,1
C0413,2021-04,2
C0725,2021-05,8
C0566,2021-05,3
C0686,2021-08,4
C0653,2021-08,3
C0670,2021-08,7
C0744,2021-09,29
C0248,2021-09,2
C0651,2021-09,14
C0162,2021-09,10
C0321,2021-08,4
C0680,2020-03,22
C0260,2021-11,2
C0704,2021-11,1
C0374,2021-12,2
C0096,2021-12,5
C0729,2021-12,3
C0035,2021-12,3
C0187,2021-12,1
C0500,2020-02,5
C0619,2020-03,2
C0625,2020-06,1
C0040,2024-11,150
C0663,2020-10,3
C0351,2020-05,1
C0567,2021-02,1
C0699,2021-08,3
C0516,2022-02,8
C0204,2020-03,1
C0681,2020-04,1
C0543,2020-04,2
C0497,2020-08,1
C0543,2020-12,1
C0698,2020-01,1
C0681,2020-12,1
C0122,2024-03,163
C0731,2021-04,1
C0456,2021-05,1
C0648,2021-09,1
C0571,2021-09,1
C0722,2021-01,1
C0379,2026-05,50
C0185,2026-01,209
C0498,2026-05,23
C0510,2026-01,94
C0224,2026-05,81
C0170,2026-05,177
C0399,2026-08,75
C0149,2026-05,16
C0386,2026-05,66
C0166,2026-01,155
C0265,2026-05,37
C0582,2026-05,14
C0429,2026-08,35
C0128,2026-07,83
C0481,2026-07,76
C0236,2026-07,109
C0383,2026-07,91
C0019,2026-01,151
C0112,2026-07,21
C0607,2026-07,6
C0208,2025-11,86
C0437,2026-04,146
C0125,2026-01,251
C0490,2026-07,10
C0316,2026-06,82
C0139,2026-07,21
C0471,2026-06,6
C0409,2026-01,163
C0619,2026-01,27
C0538,2026-07,7
C0095,2026-07,15
C0213,2026-07,35
C0163,2026-01,26
C0372,2026-07,31
C0171,2026-04,75
C0024,2025-01,131
C0069,2025-01,135
C0712,2025-12,36
C0348,2026-06,117
C0133,2026-03,112
C0130,2026-03,208
C0098,2025-12,118
C0258,2024-11,123
C0127,2026-08,75
C0258,2026-04,233
C0357,2025-03,36
C0122,2026-02,148
C0517,2024-11,8
C0680,2026-01,58
C0679,2026-07,5
C0421,2025-01,103
C0671,2026-06,40
C0310,2026-03,31
C0402,2025-06,74
C0083,2024-06,53
C0088,2025-11,78
C0345,2025-01,63
C0196,2025-11,99
C0109,2025-11,80
C0287,2025-10,30
C0161,2025-11,50
C0672,2025-11,38
C0744,2025-10,43
C0710,2025-11,3
C0249,2026-04,48
C0437,2025-06,55
C0276,2025-01,506
C0146,2025-01,350
C0341,2025-09,91
C0106,2026-02,127
C0267,2025-01,154
C0175,2025-01,145
C0126,2025-10,102
C0301,2026-02,40
C0206,2026-04,83
C0341,2025-10,96
C0713,2026-08,12
C0153,2025-01,107
C0296,2025-01,82
C0485,2025-12,74
C0115,2025-06,56
C0162,2025-10,13
C0013,2025-09,16
C0219,2025-05,71
C0255,2025-12,68
C0406,2025-06,20
C0176,2025-05,93
C0111,2025-10,1
C0115,2026-04,73
C0680,2024-08,23
C0181,2026-01,82
C0171,2025-06,35
C0402,2026-04,88
C0367,2026-04,78
C0159,2026-05,101
C0094,2026-03,63
C0271,2026-02,70
C0320,2025-06,65
C0181,2024-08,16
C0367,2025-06,65
C0318,2026-03,53
C0202,2026-03,88
C0483,2026-03,87
C0059,2026-06,89
C0189,2026-02,144
C0150,2026-03,45
C0484,2024-12,68
C0101,2024-03,27
C0101,2026-02,46
C0400,2025-09,49
C0166,2025-04,61
C0287,2025-09,28
C0747,2026-08,69
C0252,2024-06,46
C0021,2024-05,54
C0739,2026-05,6
C0160,2025-08,11
C0241,2024-12,76
C0206,2025-06,76
C0258,2025-06,165
C0160,2024-06,5
C0185,2025-04,55
C0227,2024-10,35
C0072,2025-07,130
C0252,2025-08,36
C0163,2024-08,5
C0406,2026-04,81
C0441,2025-11,4
C0437,2024-11,47
C0263,2026-06,64
C0260,2026-05,3
C0476,2026-06,82
C0234,2026-06,40
C0572,2026-06,12
C0590,2026-06,8
C0189,2024-03,77
C0240,2025-01,64
C0230,2026-08,75
C0452,2026-08,94
C0557,2026-08,44
C0426,2026-08,99
C0676,2026-08,18
C0103,2024-12,39
C0400,2025-10,45
C0029,2024-12,58
C0254,2024-12,202
C0040,2025-06,152
C0320,2026-04,80
C0608,2026-08,1
C0264,2024-09,81
C0307,2024-12,79
C0738,2023-12,1
C0399,2024-04,87
C0249,2024-11,34
C0127,2024-04,62
C0233,2024-05,88
C0426,2024-07,73
C0079,2024-01,6
C0646,2024-01,8
C0247,2024-05,59
C0184,2024-05,299
C0557,2024-04,45
C0230,2024-04,46
C0452,2024-04,71
C0676,2024-04,16
C0346,2024-10,47
C0019,2024-08,34
C0747,2024-04,11
C0123,2024-10,55
C0106,2024-03,74
C0271,2024-03,46
C0399,2024-07,71
C0320,2024-11,66
C0608,2024-04,5
C0657,2024-03,5
C0545,2024-11,10
C0510,2024-08,52
C0243,2024-05,54
C0049,2024-05,6
C0575,2024-05,17
C0447,2024-05,3
C0625,2024-05,5
C0043,2024-05,35
C0557,2024-07,35
C0097,2024-03,12
C0266,2024-09,51
C0415,2024-06,16
C0525,2024-06,4
C0600,2024-06,10
C0115,2024-11,55
C0178,2024-09,47
C0090,2024-06,2
C0509,2024-10,12
C0448,2024-10,34
C0037,2024-09,159
C0079,2024-06,1
C0127,2024-07,53
C0747,2024-07,12
C0608,2024-07,5
C0452,2024-07,59
C0429,2024-07,50
C0230,2024-07,31
C0713,2024-07,5
C0676,2024-07,20
C0068,2024-09,34
C0245,2024-10,93
C0185,2024-08,41
C0050,2024-10,81
C0334,2024-10,75
C0556,2024-10,81
C0152,2024-09,53
C0312,2024-10,3
C0367,2024-11,63
C0328,2024-10,97
C0518,2024-10,16
C0420,2024-09,29
C0644,2024-10,7
C0550,2024-10,7
C0629,2025-03,5
C0716,2024-10,4
C0570,2024-10,5
C0581,2024-10,4
C0292,2024-12,38
C0488,2024-10,3
C0355,2025-03,39
C0409,2025-04,50
C0214,2024-09,34
C0326,2024-09,26
C0363,2024-09,21
C0206,2024-11,104
C0516,2024-11,21
C0402,2024-11,52
C0621,2024-11,1
C0171,2024-11,38
C0114,2025-05,89
C0403,2024-12,11
C0545,2025-06,8
C0428,2025-02,37
C0327,2025-02,38
C0634,2025-02,19
C0073,2025-02,59
C0289,2025-02,37
C0012,2025-02,36
C0298,2025-02,32
C0343,2025-02,82
C0039,2025-02,5
C0427,2025-02,12
C0531,2025-02,1
C0660,2025-02,4
C0510,2025-04,69
C0737,2025-02,2
C0598,2025-05,35
C0360,2025-05,72
C0166,2024-08,50
C0295,2025-05,36
C0319,2025-05,31
C0191,2025-05,95
C0615,2025-05,10
C0594,2025-05,6
C0689,2026-07,5
C0314,2026-07,1
C0478,2025-12,69
C0126,2025-09,98
C0406,2024-11,23
C0257,2025-09,40
C0444,2025-10,16
C0013,2025-10,18
C0003,2025-07,17
C0571,2025-10,3
C0528,2025-12,1
C0657,2026-02,4
C0215,2026-02,1
C0097,2026-02,7
C0627,2026-02,1
C0526,2026-03,7
C0373,2026-03,1
C0545,2026-04,12
C0517,2026-04,14
C0738,2026-04,3
C0516,2026-04,15
C0157,2025-10,2
C0025,2026-06,1
C0158,2025-07,87
C0092,2026-07,1
C0060,2025-08,229
C0517,2025-06,8
C0516,2025-06,8
C0249,2025-06,49
C0444,2025-09,18
C0301,2024-03,33
C0163,2025-04,15
C0642,2025-07,25
C0744,2025-09,27
C0257,2025-10,53
C0715,2025-10,20
C0248,2025-09,2
C0651,2025-10,9
C0715,2025-09,10
C0648,2025-10,2
C0125,2025-04,56
C0162,2025-09,8
C0064,2025-11,2
C0728,2025-03,56
C0157,2025-09,1
C0062,2025-03,41
C0181,2025-04,26
C0600,2023-10,6
C0713,2024-04,6
C0513,2024-09,8
C0602,2024-09,25
C0392,2024-09,4
C0125,2024-08,43
C0409,2024-08,56
C0275,2024-12,69
C0630,2024-12,19
C0578,2024-12,7
C0248,2025-10,2
C0083,2025-08,47
C0600,2025-08,7
C0621,2026-04,2
C0704,2026-05,1
C0442,2026-05,1
C0019,2025-04,24
C0197,2025-03,24
C0313,2025-03,41
C0619,2025-04,4
C0680,2025-04,29
C0079,2025-08,4
C0654,2025-01,3
C0535,2025-01,3
C0087,2025-03,2
C0173,2025-03,3
C0597,2025-07,1
C0335,2025-02,1
C0628,2025-07,1
C0415,2025-08,13
C0053,2025-07,1
C0525,2025-08,2
C0540,2025-11,3
C0081,2025-05,2
C0651,2025-09,11
C0571,2025-09,1
C0444,2022-10,7
C0637,2025-07,1
C0199,2025-07,1
C0204,2026-01,1
C0748,2024-02,2
C0273,2024-02,2
C0627,2024-03,3
C0619,2024-08,1
C0618,2025-05,1
C0090,2025-08,1
C0620,2024-01,1
C0365,2024-05,4
C0597,2022-07,1
C0248,2022-10,1
C0715,2022-10,8
C0433,2023-02,1
C0711,2023-06,3
C0707,2023-06,2
C0090,2023-10,3
C0646,2023-10,1
C0690,2022-10,1
C0157,2022-10,1
C0571,2022-10,1
C0583,2023-06,3
C0356,2023-05,1
C0079,2023-10,1
C0186,2021-12,60
C0091,2021-12,25
C0047,2021-12,63
C0460,2021-11,32
C0176,2021-09,85
C0362,2021-06,98
C0667,2021-12,11
C0224,2022-01,76
C0170,2022-01,189
C0149,2022-01,61
C0379,2022-01,80
C0386,2022-01,155
C0582,2022-01,31
C0020,2021-01,125
C0446,2021-01,143
C0265,2022-01,27
C0389,2021-04,38
C0739,2022-01,14
C0159,2022-01,60
C0082,2021-03,46
C0498,2022-01,22
C0366,2021-06,23
C0338,2021-01,92
C0086,2021-06,82
C0394,2021-06,49
C0211,2020-01,230
C0017,2022-04,26
C0183,2022-04,58
C0205,2022-04,33
C0304,2022-04,95
C0209,2022-04,41
C0375,2022-03,37
C0534,2022-04,6
C0439,2022-03,19
C0468,2022-07,60
C0430,2022-03,16
C0333,2022-04,13
C0094,2022-05,53
C0133,2022-05,49
C0483,2022-05,60
C0016,2022-02,42
C0202,2022-05,65
C0310,2022-05,24
C0130,2022-05,34
C0318,2022-05,21
C0150,2022-05,16
C0295,2021-09,46
C0403,2021-02,18
C0383,2020-08,45
C0256,2021-10,48
C0472,2020-01,230
C0195,2020-01,147
C0236,2020-08,36
C0048,2021-01,119
C0007,2021-01,83
C0486,2020-01,250
C0191,2021-09,55
C0033,2020-11,50
C0124,2021-01,16
C0306,2021-04,46
C0129,2020-01,140
C0122,2020-03,135
C0184,2021-03,260
C0321,2021-04,14
C0109,2020-09,43
C0259,2021-08,72
C0302,2021-01,46
C0031,2022-06,47
C0385,2022-06,30
C0530,2022-06,57
C0217,2022-06,38
C0332,2022-06,13
C0506,2022-06,8
C0563,2022-06,2
C0180,2022-06,3
C0022,2022-06,1
C0418,2022-07,5
C0340,2022-07,65
C0678,2022-07,8
C0219,2021-09,47
C0308,2022-07,9
C0260,2022-01,5
C0189,2022-11,83
C0191,2022-10,65
C0114,2022-10,68
C0122,2022-11,122
C0101,2022-11,26
C0360,2022-10,43
C0598,2022-10,13
C0295,2022-10,31
C0271,2022-11,51
C0275,2022-09,68
C0176,2022-10,77
C0106,2022-11,72
C0301,2022-11,28
C0215,2022-11,1
C0319,2022-10,20
C0657,2022-11,3
C0627,2022-11,3
C0594,2022-10,3
C0097,2022-11,9
C0371,2023-01,57
C0009,2022-12,146
C0253,2022-12,80
C0105,2022-12,60
C0071,2022-12,59
C0465,2022-12,61
C0458,2022-12,33
C0436,2022-12,85
C0254,2022-09,135
C0132,2022-12,85
C0145,2022-12,46
C0551,2022-12,8
C0246,2022-12,11
C0093,2023-02,31
C0002,2023-01,132
C0016,2023-03,43
C0057,2023-01,130
C0500,2022-08,3
C0393,2023-02,80
C0662,2023-01,15
C0006,2020-01,4
C0201,2023-01,65
C0347,2023-01,104
C0307,2022-09,51
C0045,2023-01,113
C0330,2023-01,134
C0717,2023-03,1
C0028,2023-02,46
C0028,2023-04,56
C0192,2023-04,60
C0630,2022-09,17
C0393,2023-04,54
C0089,2023-04,32
C0140,2023-04,32
C0168,2023-04,21
C0093,2023-04,16
C0656,2023-01,7
C0342,2023-01,67
C0356,2022-12,3
C0603,2023-01,37
C0340,2023-07,73
C0678,2023-07,15
C0468,2023-07,60
C0088,2023-08,39
C0196,2023-08,75
C0109,2023-08,56
C0308,2023-07,4
C0520,2023-07,7
C0161,2023-08,27
C0672,2023-08,20
C0208,2023-08,29
C0429,2023-06,68
C0540,2023-08,3
C0710,2023-08,2
C0441,2023-08,10
C0504,2023-07,3
C0608,2023-06,3
C0064,2023-08,4
C0307,2023-05,59
C0722,2023-08,1
C0294,2023-01,31
C0184,2023-09,230
C0243,2023-09,70
C0043,2023-09,37
C0082,2023-09,23
C0233,2023-09,62
C0247,2023-09,51
C0021,2023-09,43
C0575,2023-09,9
C0386,2023-11,40
C0016,2023-12,68
C0273,2023-12,2
C0149,2023-11,33
C0170,2023-11,72
C0553,2022-03,9
C0682,2022-03,1
C0324,2021-04,46
C0143,2021-05,52
C0196,2020-09,70
C0221,2021-07,83
C0139,2020-08,16
C0106,2020-03,54
C0526,2022-05,6
C0558,2022-04,3
C0103,2022-09,51
C0029,2022-09,29
C0241,2022-09,67
C0292,2022-09,15
C0484,2022-09,31
C0733,2022-09,1
C0403,2022-09,15
C0450,2020-11,45
C0206,2024-02,81
C0218,2022-08,55
C0424,2022-08,45
C0144,2022-08,22
C0141,2020-11,60
C0372,2020-08,28
C0055,2021-05,37
C0578,2022-09,1
C0104,2020-11,29
C0021,2021-03,40
C0140,2023-02,40
C0210,2021-06,51
C0293,2020-07,32
C0168,2023-02,18
C0635,2023-01,6
C0089,2023-02,32
C0192,2023-02,47
C0665,2023-02,3
C0442,2022-01,2
C0203,2020-12,34
C0292,2021-02,17
C0268,2021-08,1
C0748,2023-03,1
C0399,2023-06,95
C0127,2023-06,46
C0557,2023-06,45
C0452,2023-06,67
C0230,2023-06,36
C0103,2023-05,54
C0275,2023-05,49
C0241,2023-05,69
C0676,2023-06,17
C0747,2023-06,8
C0426,2023-06,64
C0254,2023-05,119
C0029,2023-05,21
C0661,2023-07,3
C0292,2023-05,12
C0418,2023-07,10
C0414,2021-10,41
C0630,2023-05,15
C0484,2023-05,37
C0001,2023-07,1
C0739,2023-11,6
C0379,2023-11,19
C0159,2023-11,42
C0582,2023-11,16
C0224,2023-11,35
C0498,2023-11,11
C0265,2023-11,17
C0256,2023-10,53
C0101,2020-03,27
C0588,2023-12,1
C0423,2024-07,100
C0320,2024-02,50
C0367,2024-02,60
C0406,2024-02,17
C0040,2024-02,107
C0258,2024-02,93
C0115,2024-02,41
C0402,2024-02,70
C0171,2024-02,45
C0437,2024-02,43
C0516,2024-02,12
C0249,2024-02,51
C0483,2020-05,57
C0247,2021-03,50
C0161,2020-09,19
C0323,2021-04,26
C0094,2020-05,35
C0165,2021-04,15
C0067,2020-07,126
C0318,2020-05,14
C0203,2020-04,25
C0313,2020-02,46
C0413,2021-08,3
C0164,2020-12,34
C0723,2021-08,15
C0130,2020-05,31
C0150,2020-05,14
C0319,2021-09,22
C0128,2020-08,77
C0538,2020-08,4
C0369,2021-01,229
C0061,2021-06,67
C0164,2020-04,23
C0329,2020-12,1
C0352,2020-10,22
C0358,2020-10,65
C0462,2020-07,20
C0112,2020-08,11
C0455,2020-01,87
C0177,2020-01,135
C0445,2020-04,20
C0208,2020-09,24
C0133,2020-05,52
C0097,2020-03,10
C0311,2021-05,49
C0250,2020-07,27
C0088,2020-09,38
C0310,2020-05,40
C0251,2021-04,45
C0011,2021-05,27
C0591,2021-01,6
C0282,2020-12,40
C0243,2021-03,59
C0085,2021-07,32
C0241,2021-02,52
C0023,2023-01,5
C0746,2022-08,12
C0685,2022-04,2
C0219,2022-10,36
C0665,2023-04,2
C0683,2023-04,1
C0403,2023-05,13
C0256,2024-01,169
C0049,2023-09,3
C0447,2023-09,2
C0365,2023-09,4
C0617,2023-09,1
C0414,2023-10,38
C0142,2023-10,3
C0414,2024-01,86
C0189,2024-08,80
C0459,2024-05,40
C0712,2024-09,29
C0304,2024-10,132
C0166,2024-03,53
C0010,2024-05,28
C0030,2024-01,14
C0333,2024-10,24
C0077,2024-01,7
C0301,2020-03,26
C0290,2020-04,57
C0493,2020-04,68
C0282,2020-04,28
C0616,2020-10,13
C0202,2020-05,68
C0445,2020-12,45
C0189,2020-03,79
C0271,2020-03,36
C0536,2020-04,4
C0449,2020-04,2
C0526,2020-05,5
C0564,2020-04,13
C0689,2020-08,7
C0484,2021-02,47
C0121,2020-07,56
C0481,2020-08,48
C0490,2020-08,14
C0314,2020-08,4
C0270,2021-04,47
C0672,2020-09,8
C0540,2020-09,3
C0710,2020-09,2
C0010,2020-06,24
C0378,2020-06,35
C0564,2020-12,21
C0741,2020-12,2
C0722,2020-09,1
C0357,2020-02,25
C0103,2021-02,34
C0254,2021-02,89
C0337,2020-07,13
C0307,2021-02,35
C0029,2021-02,26
C0275,2021-02,55
C0064,2020-09,1
C0499,2021-01,4
C0416,2021-06,34
C0727,2021-05,34
C0653,2021-04,4
C0633,2020-11,21
C0539,2021-05,2
C0309,2021-06,4
C0489,2021-06,4
C0138,2021-05,58
C0169,2021-05,42
C0438,2021-07,4
C0226,2021-04,69
C0077,2021-10,2
C0360,2021-09,45
C0404,2021-10,1
C0297,2021-11,39
C0387,2021-11,52
C0030,2021-10,2
C0594,2021-09,2
C0745,2021-11,4
C0274,2022-03,1
C0213,2020-08,19
C0578,2023-05,5
C0281,2023-08,1
C0350,2026-06,123
C0502,2021-11,3
C0491,2021-11,1
C0114,2021-09,56
C0384,2020-01,1
C0629,2020-02,2
C0728,2020-02,26
C0197,2020-02,26
C0355,2020-02,51
C0062,2020-02,30
C0239,2020-06,51
C0473,2020-06,42
C0459,2020-06,38
C0650,2020-06,6
C0487,2020-07,14
C0700,2020-07,21
C0647,2020-07,3
C0736,2020-10,4
C0584,2020-10,24
C0497,2020-11,3
C0417,2020-11,38
C0044,2020-11,28
C0541,2020-10,1
C0423,2024-04,66
C0493,2020-12,61
C0290,2020-12,65
C0233,2021-03,72
C0709,2020-11,1
C0329,2020-04,5
C0043,2021-03,40
C0575,2021-03,7
C0447,2021-03,3
C0049,2021-03,2
C0365,2021-03,4
C0625,2021-03,6
C0521,2021-04,9
C0554,2021-04,3
C0670,2021-04,4
C0182,2021-05,11
C0552,2021-05,14
C0686,2021-04,4
C0719,2021-04,3
C0576,2021-05,4
C0151,2021-08,65
C0731,2021-08,1
C0381,2021-08,5
C0618,2021-09,4
C0598,2021-09,4
C0519,2021-12,2
C0643,2020-02,1
C0657,2020-03,3
C0173,2020-02,1
C0684,2020-06,2
C0441,2020-09,2
C0532,2020-10,5
C0190,2020-10,1
C0604,2020-10,3
C0638,2020-10,2
C0322,2020-10,7
C0645,2021-05,2
C0565,2020-10,1
C0586,2020-10,1
C0675,2020-12,8
C0578,2021-02,4
C0609,2020-12,2
C0630,2021-02,10
C0370,2020-12,4
C0273,2022-02,1
C0627,2020-03,1
C0547,2020-03,1
C0215,2020-03,1
C0675,2020-04,5
C0609,2020-04,1
C0370,2020-04,2
C0741,2020-04,1
C0740,2020-04,1
C0095,2020-08,4
C0607,2020-08,1
C0231,2020-12,1
C0740,2020-12,1
C0449,2020-12,2
C0536,2020-12,1
C0615,2021-09,5
C0434,2021-10,1
C0116,2020-10,1
C0189,2026-01,460
C0460,2026-05,61
C0122,2026-01,458
C0297,2026-05,100
C0301,2026-01,72
C0387,2026-05,36
C0106,2026-01,363
C0044,2026-07,65
C0417,2026-07,58
C0141,2026-07,109
C0033,2026-07,74
C0633,2026-07,24
C0102,2026-06,168
C0450,2026-07,54
C0101,2026-01,135
C0303,2026-06,29
C0400,2025-05,46
C0178,2025-12,95
C0271,2026-01,211
C0104,2026-07,38
C0661,2025-07,2
C0497,2026-07,5
C0709,2026-07,1
C0097,2026-01,42
C0404,2024-01,2
C0418,2025-07,24
C0176,2025-10,92
C0176,2025-09,96
C0007,2025-11,70
C0694,2026-06,14
C0166,2026-02,54
C0619,2024-03,5
C0016,2026-04,79
C0423,2026-08,99
C0183,2024-10,90
C0145,2024-12,73
C0363,2025-12,17
C0020,2025-11,47
C0319,2025-09,19
C0446,2025-11,160
C0302,2025-11,61
C0338,2025-11,120
C0369,2025-11,172
C0124,2025-11,69
C0048,2025-11,103
C0468,2025-07,138
C0424,2025-03,39
C0106,2025-04,91
C0395,2025-01,130
C0212,2025-01,98
C0223,2025-01,145
C0569,2025-01,32
C0414,2025-08,54
C0219,2025-10,67
C0219,2025-09,73
C0189,2025-04,85
C0606,2025-01,28
C0594,2025-09,3
C0137,2025-01,272
C0037,2025-12,220
C0420,2025-12,83
C0432,2025-12,7
C0152,2025-12,47
C0214,2025-12,22
C0264,2025-12,119
C0266,2025-12,58
C0326,2025-12,6
C0106,2024-08,89
C0285,2026-06,91
C0458,2024-12,40
C0657,2026-01,20
C0547,2026-01,6
C0174,2025-01,60
C0273,2025-06,3
C0068,2025-12,32
C0693,2026-03,9
C0235,2026-03,113
C0286,2026-03,80
C0548,2026-03,10
C0019,2026-02,33
C0340,2025-07,69
C0622,2026-03,17
C0125,2024-03,62
C0351,2026-03,13
C0619,2026-02,11
C0724,2026-03,3
C0125,2026-02,101
C0256,2024-06,68
C0308,2025-07,11
C0631,2026-03,8
C0473,2024-05,86
C0501,2026-08,26
C0745,2026-05,3
C0502,2026-05,3
C0191,2025-09,87
C0718,2025-01,36
C0220,2026-06,30
C0114,2025-10,72
C0410,2026-06,58
C0515,2026-06,16
C0356,2024-12,4
C0269,2026-06,50
C0027,2026-08,22
C0179,2026-08,64
C0454,2026-08,123
C0288,2026-08,14
C0081,2021-09,1
C0744,2025-05,58
C0099,2026-05,3
C0181,2026-02,30
C0583,2026-08,11
C0359,2026-08,3
C0551,2024-12,7
C0707,2026-08,6
C0598,2025-09,38
C0704,2023-11,2
C0260,2023-11,1
C0510,2024-03,56
C0404,2024-06,4
C0501,2024-04,14
C0414,2024-06,67
C0288,2024-04,11
C0179,2024-04,33
C0027,2024-04,30
C0454,2024-04,17
C0583,2024-04,5
C0019,2024-03,32
C0185,2024-03,49
C0517,2024-02,6
C0485,2024-09,59
C0255,2024-09,54
C0650,2024-05,2
C0684,2024-05,26
C0239,2024-05,38
C0378,2024-05,58
C0122,2024-08,157
C0711,2024-04,1
C0359,2024-04,1
C0409,2024-03,43
C0436,2024-12,157
C0077,2024-06,4
C0205,2024-10,50
C0101,2025-04,21
C0030,2024-06,3
C0179,2024-07,28
C0288,2024-07,8
C0501,2024-07,20
C0027,2024-07,33
C0454,2024-07,21
C0341,2025-05,94
C0163,2024-03,9
C0209,2024-10,45
C0558,2024-10,3
C0301,2024-08,43
C0253,2024-12,82
C0017,2024-10,16
C0301,2025-04,23
C0478,2024-09,89
C0534,2024-10,10
C0256,2025-08,101
C0636,2025-02,16
C0457,2025-02,22
C0016,2024-11,48
C0101,2024-08,20
C0009,2024-12,194
C0593,2025-02,62
C0105,2024-12,86
C0695,2025-02,11
C0257,2025-05,64
C0216,2025-02,30
C0300,2025-02,49
C0126,2025-05,133
C0465,2024-12,67
C0132,2024-12,94
C0562,2025-01,3
C0287,2025-05,24
C0571,2025-05,2
C0157,2025-05,5
C0651,2025-05,19
C0715,2025-05,13
C0162,2025-05,7
C0013,2025-05,9
C0191,2025-10,119
C0444,2025-05,7
C0144,2025-03,39
C0185,2026-02,70
C0611,2026-06,5
C0284,2022-06,1
C0409,2026-02,94
C0218,2025-03,101
C0602,2025-12,11
C0392,2025-12,5
C0163,2026-02,11
C0510,2026-02,48
C0513,2025-12,7
C0588,2025-06,3
C0016,2025-06,63
C0706,2025-12,1
C0680,2026-02,29
C0098,2024-09,46
C0748,2026-04,1
C0273,2026-04,6
C0114,2025-09,66
C0261,2026-03,3
C0030,2025-08,8
C0711,2026-08,1
C0122,2025-04,161
C0717,2025-06,1
C0360,2025-09,55
C0520,2025-07,13
C0504,2025-07,9
C0678,2025-07,4
C0618,2025-09,1
C0615,2025-09,11
C0594,2025-10,6
C0360,2025-10,73
C0295,2025-10,39
C0598,2025-10,48
C0319,2025-10,18
C0618,2025-10,2
C0615,2025-10,5
C0295,2025-09,28
C0591,2025-11,1
C0271,2025-04,55
C0071,2024-12,45
C0181,2024-03,24
C0707,2024-04,3
C0657,2024-08,2
C0685,2024-10,2
C0246,2024-12,17
C0627,2026-01,1
C0215,2026-01,1
C0467,2025-01,1
C0077,2023-10,3
C0500,2025-03,2
C0746,2025-03,9
C0097,2025-04,8
C0627,2025-04,1
C0081,2025-09,1
C0077,2025-08,3
C0717,2026-04,1
C0545,2024-02,8
C0271,2024-08,45
C0680,2024-03,23
C0470,2024-12,1
C0097,2024-08,8
C0547,2024-08,2
C0215,2024-08,1
C0627,2024-08,1
C0657,2025-04,4
C0738,2024-02,1
C0142,2024-01,1
C0748,2024-11,1
C0583,2024-07,4
C0707,2024-07,2
C0273,2024-11,2
C0588,2024-11,1
C0479,2022-01,1
C0504,2022-07,3
C0520,2022-07,3
C0661,2022-07,1
C0704,2022-01,1
C0615,2022-10,2
C0030,2023-10,6
C0291,2025-03,1
C0618,2022-10,3
C0713,2023-06,4
C0065,2021-12,12
C0155,2021-12,143
C0133,2021-11,58
C0368,2021-12,37
C0182,2021-10,16
C0143,2021-10,67
C0318,2021-11,25
C0310,2021-11,35
C0066,2021-12,36
C0086,2021-01,159
C0130,2021-11,31
C0045,2022-02,49
C0371,2022-02,31
C0366,2021-01,82
C0622,2022-01,33
C0286,2022-01,176
C0401,2020-08,38
C0394,2021-01,117
C0235,2022-01,96
C0101,2020-06,31
C0176,2020-07,67
C0337,2021-09,16
C0369,2021-06,102
C0680,2021-03,26
C0693,2022-01,15
C0210,2021-01,87
C0134,2021-08,37
C0275,2020-01,198
C0482,2021-08,68
C0061,2021-01,166
C0251,2022-03,60
C0226,2022-03,115
C0306,2022-03,50
C0626,2022-04,2
C0358,2022-04,99
C0460,2022-05,39
C0165,2022-03,38
C0323,2022-03,32
C0565,2022-04,3
C0352,2022-04,18
C0631,2022-01,12
C0057,2022-02,48
C0324,2022-03,39
C0270,2022-03,58
C0002,2022-02,49
C0389,2022-03,33
C0719,2022-03,9
C0548,2022-01,10
C0321,2022-03,12
C0387,2022-05,50
C0110,2022-04,2
C0297,2022-05,34
C0502,2022-05,1
C0521,2022-03,13
C0499,2021-06,4
C0241,2020-01,164
C0403,2020-01,96
C0284,2020-11,2
C0031,2020-11,35
C0484,2020-01,160
C0409,2021-03,60
C0029,2020-01,69
C0360,2020-07,52
C0228,2020-08,47
C0354,2020-12,79
C0272,2020-12,47
C0374,2020-04,1
C0293,2021-09,56
C0048,2021-06,54
C0362,2021-01,277
C0167,2020-08,42
C0710,2021-07,1
C0307,2020-01,127
C0407,2020-08,32
C0530,2020-11,45
C0417,2022-06,49
C0450,2022-06,49
C0141,2022-06,61
C0633,2022-06,22
C0044,2022-06,27
C0033,2022-06,64
C0104,2022-06,38
C0080,2022-12,85
C0586,2022-04,4
C0709,2022-06,1
C0342,2022-02,50
C0322,2022-04,3
C0179,2022-07,20
C0454,2022-07,22
C0707,2022-07,1
C0501,2022-07,12
C0583,2022-07,3
C0423,2022-07,44
C0027,2022-07,33
C0647,2021-09,7
C0288,2022-07,8
C0351,2022-01,11
C0330,2022-02,44
C0150,2021-11,21
C0435,2021-08,35
C0067,2022-10,146
C0473,2022-11,43
C0121,2022-10,76
C0459,2022-11,60
C0250,2022-10,43
C0378,2022-11,45
C0195,2022-09,61
C0647,2022-10,7
C0650,2022-11,5
C0010,2022-11,36
C0337,2022-10,5
C0684,2022-11,14
C0487,2022-10,36
C0239,2022-11,38
C0293,2022-10,50
C0211,2022-09,75
C0700,2022-10,20
C0486,2022-09,79
C0433,2022-10,2
C0184,2024-03,264
C0100,2022-12,32
C0461,2022-12,92
C0004,2022-12,79
C0056,2022-12,55
C0469,2022-12,26
C0612,2022-12,1
C0472,2022-09,54
C0008,2022-12,1
C0527,2022-12,16
C0057,2023-03,53
C0371,2023-03,35
C0635,2023-03,5
C0603,2023-03,22
C0342,2023-03,56
C0330,2023-03,74
C0662,2023-03,7
C0016,2023-01,99
C0002,2023-03,72
C0045,2023-03,67
C0201,2023-03,33
C0656,2023-03,6
C0347,2023-03,23
C0294,2023-03,8
C0636,2022-08,8
C0341,2023-02,63
C0097,2020-06,11
C0216,2022-08,20
C0023,2023-03,2
C0744,2023-04,31
C0400,2023-04,22
C0257,2023-04,44
C0126,2023-04,90
C0341,2023-04,66
C0162,2023-04,6
C0287,2023-04,23
C0273,2023-01,11
C0444,2023-04,9
C0651,2023-04,11
C0013,2023-04,7
C0715,2023-04,9
C0454,2023-07,27
C0179,2023-07,21
C0027,2023-07,19
C0423,2023-07,58
C0501,2023-07,16
C0583,2023-07,6
C0472,2023-05,65
C0221,2023-08,61
C0195,2023-05,49
C0085,2023-08,29
C0003,2023-06,16
C0129,2023-05,76
C0438,2023-08,1
C0158,2023-06,84
C0166,2023-09,45
C0125,2023-09,51
C0680,2023-09,16
C0409,2023-09,44
C0019,2023-09,30
C0072,2023-06,77
C0181,2023-09,15
C0185,2023-09,39
C0510,2023-09,50
C0330,2023-12,85
C0603,2023-12,19
C0002,2023-12,76
C0201,2023-12,57
C0342,2023-12,53
C0045,2023-12,72
C0057,2023-12,52
C0662,2023-12,6
C0371,2023-12,35
C0347,2023-12,33
C0138,2024-01,245
C0294,2023-12,5
C0656,2023-12,1
C0635,2023-12,1
C0351,2023-11,5
C0347,2022-02,15
C0686,2022-03,5
C0670,2022-03,9
C0653,2022-03,4
C0616,2022-04,17
C0019,2021-03,41
C0208,2021-07,37
C0396,2020-08,9
C0067,2021-09,172
C0298,2020-02,43
C0412,2020-08,31
C0430,2021-04,23
C0292,2020-01,82
C0408,2020-04,47
C0745,2022-05,3
C0491,2022-05,1
C0129,2022-09,65
C0455,2022-09,49
C0177,2022-09,39
C0108,2021-12,1
C0457,2022-08,19
C0211,2021-02,64
C0006,2022-09,3
C0221,2020-09,65
C0533,2020-08,16
C0244,2022-01,1
C0209,2020-10,47
C0013,2023-02,6
C0126,2023-02,88
C0257,2023-02,70
C0287,2023-02,18
C0744,2023-02,38
C0400,2023-02,20
C0162,2023-02,10
C0459,2020-03,53
C0254,2020-01,263
C0651,2023-02,16
C0715,2023-02,5
C0580,2023-02,1
C0295,2020-07,63
C0444,2023-02,8
C0063,2020-12,111
C0157,2023-02,2
C0440,2021-08,32
C0648,2023-02,1
C0571,2023-02,3
C0278,2020-12,93
C0486,2021-02,56
C0486,2023-05,101
C0199,2023-06,2
C0196,2021-07,57
C0455,2023-05,71
C0211,2023-05,79
C0642,2023-06,13
C0053,2023-06,6
C0288,2023-07,4
C0711,2023-07,4
C0235,2023-11,51
C0286,2023-11,105
C0693,2023-11,9
C0622,2023-11,18
C0631,2023-11,8
C0724,2023-11,7
C0138,2023-10,69
C0133,2026-05,82
C0311,2023-10,43
C0548,2023-11,4
C0727,2023-10,35
C0169,2023-10,51
C0311,2024-01,130
C0169,2024-01,192
C0026,2024-02,21
C0182,2023-10,13
C0136,2024-02,38
C0451,2024-02,44
C0552,2023-10,22
C0058,2024-02,74
C0138,2024-06,80
C0743,2024-02,11
C0143,2024-01,219
C0727,2024-01,121
C0106,2024-05,94
C0529,2024-02,6
C0143,2023-10,64
C0294,2022-02,4
C0662,2022-02,5
C0081,2020-07,2
C0256,2021-05,53
C0201,2022-02,23
C0416,2021-01,128
C0250,2021-09,33
C0338,2021-06,62
C0603,2022-02,8
C0109,2021-07,56
C0202,2021-11,73
C0635,2022-02,2
C0271,2020-06,42
C0106,2020-06,50
C0076,2021-08,87
C0408,2020-12,61
C0387,2020-05,40
C0242,2020-12,7
C0714,2020-08,22
C0277,2020-08,57
C0125,2021-03,44
C0537,2020-08,137
C0161,2021-07,25
C0189,2020-06,84
C0103,2020-01,139
C0391,2020-08,39
C0301,2020-06,24
C0510,2021-03,46
C0280,2020-12,34
C0309,2021-01,7
C0280,2020-04,34
C0272,2020-04,30
C0414,2021-05,46
C0574,2020-08,3
C0242,2020-04,8
C0088,2021-07,45
C0180,2020-11,3
C0630,2020-01,23
C0475,2020-08,50
C0166,2021-03,46
C0129,2021-02,71
C0428,2020-02,29
C0593,2022-08,25
C0724,2022-01,2
C0300,2022-08,69
C0311,2021-10,44
C0695,2022-08,5
C0261,2022-01,6
C0411,2022-04,1
C0384,2022-09,1
C0121,2021-09,73
C0462,2022-10,10
C0138,2021-10,36
C0648,2023-04,2
C0571,2023-04,1
C0248,2023-04,1
C0177,2023-05,39
C0163,2023-09,9
C0748,2023-01,1
C0055,2023-10,20
C0011,2023-10,50
C0427,2020-02,25
C0539,2023-10,5
C0576,2023-10,13
C0576,2024-01,53
C0055,2024-01,56
C0182,2024-01,55
C0011,2024-01,210
C0552,2024-01,77
C0233,2024-03,68
C0539,2024-01,19
C0271,2024-05,57
C0578,2020-01,9
C0278,2020-04,59
C0474,2020-04,45
C0354,2020-04,60
C0063,2020-04,78
C0297,2020-05,20
C0745,2020-05,5
C0460,2020-05,35
C0122,2020-06,105
C0327,2020-02,15
C0419,2020-08,56
C0191,2020-07,41
C0225,2020-08,41
C0046,2020-08,26
C0398,2020-08,53
C0085,2020-09,32
C0185,2021-03,56
C0193,2020-08,4
C0438,2020-09,5
C0700,2021-09,17
C0615,2020-07,8
C0385,2020-11,51
C0377,2020-10,1
C0332,2020-11,11
C0489,2021-01,9
C0035,2020-12,4
C0289,2020-02,40
C0304,2020-10,92
C0474,2020-12,42
C0684,2020-03,7
C0183,2020-10,64
C0343,2020-02,47
C0195,2021-02,35
C0472,2021-02,53
C0455,2021-02,48
C0051,2020-12,4
C0177,2021-02,42
C0238,2020-12,24
C0217,2020-11,26
C0017,2020-10,26
C0020,2021-06,43
C0302,2021-06,49
C0007,2021-06,41
C0077,2021-05,3
C0446,2021-06,40
C0219,2020-07,36
C0124,2021-06,6
C0487,2021-09,20
C0439,2021-04,15
C0064,2021-07,2
C0281,2021-07,1
C0672,2021-07,10
C0540,2021-07,6
C0094,2021-11,48
C0441,2021-07,5
C0627,2020-06,1
C0055,2021-10,28
C0539,2021-10,6
C0462,2021-09,19
C0727,2021-10,26
C0552,2021-10,20
C0169,2021-10,40
C0645,2021-10,2
C0011,2021-10,40
C0483,2021-11,58
C0576,2021-10,3
C0073,2020-02,56
C0340,2024-07,57
C0018,2021-08,12
C0614,2022-04,2
C0554,2022-03,5
C0012,2020-02,23
C0099,2020-05,1
C0299,2020-04,4
C0524,2020-08,6
C0378,2020-03,43
C0239,2020-03,34
C0375,2021-04,33
C0736,2022-04,3
C0699,2022-03,1
C0584,2022-04,18
C0532,2022-04,13
C0604,2022-04,3
C0541,2022-04,1
C0335,2020-02,2
C0039,2020-02,2
C0634,2020-02,11
C0737,2020-02,2
C0319,2020-07,20
C0657,2020-06,2
C0114,2020-07,50
C0598,2020-07,8
C0618,2020-07,1
C0506,2020-11,9
C0594,2020-07,1
C0333,2020-10,31
C0205,2020-10,23
C0189,2024-05,82
C0558,2020-10,1
C0534,2020-10,6
C0685,2020-10,4
C0563,2020-11,1
C0041,2020-04,1
C0022,2020-11,2
C0181,2021-03,27
C0187,2020-12,2
C0163,2021-03,15
C0010,2020-03,24
C0553,2021-04,11
C0473,2020-03,41
C0433,2021-09,5
C0030,2021-05,1
C0560,2021-08,13
C0681,2021-12,2
C0543,2021-12,2
C0531,2020-02,1
C0664,2020-02,1
C0650,2020-03,3
C0502,2020-05,1
C0547,2020-06,1
C0418,2024-04,11
C0619,2021-03,2
C0526,2021-11,3
C0057,2026-04,45
C0238,2020-04,5
C0035,2020-04,2
C0729,2020-04,1
C0187,2020-04,2
C0051,2020-04,2
C0299,2020-12,5
C0096,2020-12,4
C0130,2026-05,249
C0483,2026-05,87
C0202,2026-05,86
C0473,2026-01,420
C0318,2026-05,47
C0310,2026-05,28
C0150,2026-05,51
C0459,2026-01,152
C0094,2026-05,78
C0293,2025-10,82
C0342,2026-04,86
C0045,2026-04,60
C0684,2026-01,99
C0347,2026-04,40
C0385,2026-07,78
C0022,2026-07,2
C0217,2026-07,36
C0169,2024-06,79
C0378,2026-01,156
C0506,2026-07,14
C0423,2025-07,145
C0530,2026-07,82
C0332,2026-07,25
C0031,2026-07,44
C0284,2026-07,2
C0656,2026-04,10
C0247,2026-02,53
C0098,2026-06,92
C0010,2026-01,204
C0478,2026-06,79
C0300,2025-03,46
C0347,2024-11,32
C0379,2026-03,33
C0362,2025-11,92
C0086,2025-11,83
C0239,2026-01,140
C0059,2025-12,111
C0712,2026-06,42
C0650,2026-01,25
C0739,2026-03,9
C0371,2026-04,52
C0468,2026-08,241
C0603,2025-06,21
C0021,2026-02,53
C0250,2025-10,49
C0603,2026-04,32
C0170,2026-03,213
C0386,2026-03,78
C0330,2026-04,143
C0169,2025-08,75
C0311,2025-08,47
C0350,2024-09,53
C0243,2024-03,55
C0004,2024-12,85
C0182,2025-08,17
C0366,2025-11,73
C0172,2025-01,133
C0061,2025-11,86
C0394,2025-11,114
C0416,2025-11,48
C0210,2025-11,126
C0089,2025-05,41
C0371,2025-06,31
C0623,2025-01,22
C0348,2025-12,112
C0552,2025-08,31
C0121,2025-10,123
C0700,2025-09,26
C0647,2025-10,12
C0489,2025-11,2
C0309,2025-11,4
C0572,2025-12,17
C0476,2025-12,90
C0671,2025-12,41
C0234,2025-12,47
C0316,2025-12,72
C0263,2025-12,65
C0539,2025-08,7
C0028,2025-05,68
C0293,2025-09,108
C0055,2025-08,30
C0224,2026-03,99
C0121,2025-09,75
C0308,2024-04,14
C0218,2025-02,78
C0498,2026-03,24
C0247,2024-03,53
C0184,2026-02,287
C0149,2026-03,27
C0265,2026-03,45
C0043,2026-02,86
C0159,2026-03,111
C0582,2026-03,15
C0082,2026-02,70
C0294,2026-04,24
C0243,2026-02,92
C0045,2024-11,67
C0027,2025-07,30
C0462,2025-09,16
C0220,2024-09,28
C0526,2026-05,10
C0358,2024-10,84
C0021,2024-03,46
C0576,2024-06,19
C0656,2024-11,5
C0418,2026-08,43
C0397,2026-05,2
C0255,2026-06,76
C0485,2026-06,85
C0347,2025-06,34
C0308,2026-08,26
C0520,2026-08,20
C0340,2026-08,62
C0504,2026-08,6
C0678,2026-08,13
C0001,2026-08,8
C0473,2024-08,87
C0661,2026-08,1
C0100,2024-12,54
C0469,2024-12,27
C0067,2025-09,194
C0122,2024-05,164
C0468,2024-07,96
C0645,2024-01,7
C0043,2024-03,46
C0468,2024-04,90
C0340,2024-04,49
C0678,2024-04,15
C0001,2024-04,3
C0520,2024-04,7
C0082,2024-03,33
C0371,2024-11,34
C0311,2024-06,41
C0459,2024-08,54
C0504,2024-04,6
C0661,2024-04,1
C0301,2024-05,24
C0239,2024-08,41
C0080,2024-12,124
C0097,2024-05,9
C0101,2024-05,29
C0342,2024-11,60
C0627,2024-05,3
C0011,2024-06,69
C0657,2024-05,3
C0182,2024-06,23
C0143,2024-06,84
C0727,2024-06,42
C0457,2025-03,25
C0055,2024-06,24
C0552,2024-06,15
C0645,2024-06,2
C0736,2024-10,7
C0539,2024-06,5
C0520,2024-07,7
C0308,2024-07,10
C0418,2024-07,15
C0504,2024-07,14
C0001,2024-07,7
C0678,2024-07,13
C0614,2024-10,3
C0616,2024-10,32
C0330,2024-11,104
C0201,2024-11,49
C0102,2024-09,66
C0352,2024-10,41
C0604,2024-10,12
C0532,2024-10,15
C0584,2024-10,10
C0565,2024-10,2
C0322,2024-10,3
C0190,2024-10,2
C0626,2024-10,1
C0473,2025-04,112
C0684,2024-08,30
C0138,2025-08,88
C0586,2024-10,3
C0285,2024-09,57
C0638,2024-10,1
C0461,2024-12,115
C0010,2025-04,36
C0002,2024-11,78
C0057,2024-11,52
C0294,2024-11,2
C0603,2024-11,22
C0056,2024-12,61
C0527,2024-12,20
C0601,2025-01,7
C0459,2025-04,61
C0746,2025-02,7
C0424,2025-02,26
C0144,2025-02,23
C0192,2025-05,82
C0239,2025-04,40
C0330,2025-06,108
C0500,2025-02,6
C0116,2024-10,1
C0168,2025-05,14
C0140,2025-05,45
C0393,2025-05,54
C0093,2025-05,39
C0727,2025-08,53
C0650,2025-04,3
C0294,2025-06,12
C0179,2025-07,42
C0447,2026-02,6
C0454,2025-07,19
C0337,2025-09,19
C0045,2025-06,53
C0143,2025-08,74
C0250,2025-09,52
C0576,2025-08,24
C0471,2025-12,4
C0337,2025-10,16
C0433,2025-10,6
C0010,2024-08,29
C0107,2025-01,20
C0433,2025-09,7
C0487,2025-09,51
C0590,2025-12,6
C0233,2026-02,75
C0625,2026-02,13
C0410,2024-09,44
C0002,2026-04,115
C0635,2026-04,6
C0201,2026-04,56
C0662,2026-04,2
C0591,2021-06,1
C0036,2026-05,1
C0528,2026-06,1
C0487,2025-10,61
C0668,2026-07,1
C0656,2025-06,6
C0180,2026-07,2
C0559,2025-01,4
C0563,2026-07,1
C0057,2025-06,50
C0342,2025-06,50
C0002,2025-06,94
C0201,2025-06,39
C0216,2025-03,26
C0635,2025-06,7
C0023,2025-06,1
C0288,2025-07,12
C0501,2025-07,31
C0700,2025-10,32
C0067,2025-10,214
C0462,2025-10,32
C0378,2025-04,61
C0011,2025-08,70
C0378,2024-08,56
C0711,2025-07,2
C0120,2024-02,22
C0269,2024-09,50
C0694,2024-09,9
C0611,2024-09,1
C0303,2024-09,7
C0515,2024-09,8
C0593,2025-03,49
C0260,2026-03,3
C0373,2026-05,1
C0508,2024-09,1
C0636,2025-03,9
C0695,2025-03,6
C0054,2024-12,1
C0684,2025-04,26
C0583,2025-07,2
C0645,2025-08,2
C0665,2025-05,7
C0647,2025-09,11
C0049,2026-02,5
C0617,2026-02,2
C0365,2026-02,3
C0575,2026-02,1
C0575,2024-03,8
C0049,2024-03,2
C0661,2024-07,1
C0650,2024-08,2
C0008,2024-12,2
C0698,2024-12,1
C0707,2025-07,1
C0422,2024-02,1
C0157,2023-04,1
C0215,2024-05,1
C0662,2024-11,1
C0635,2024-11,5
C0683,2025-05,1
C0711,2022-07,1
C0023,2023-12,2
C0006,2023-05,3
C0645,2023-10,1
C0637,2023-06,2
C0597,2023-06,2
C0447,2024-03,1
C0365,2024-03,1
C0625,2024-03,1
C0060,2021-12,175
C0083,2021-12,45
C0252,2021-12,43
C0222,2021-08,62
C0354,2021-10,82
C0600,2021-12,2
C0525,2021-12,2
C0024,2021-11,22
C0103,2021-01,145
C0646,2021-12,2
C0338,2022-09,69
C0212,2022-01,70
C0352,2020-11,36
C0484,2021-01,135
C0137,2022-01,78
C0606,2022-01,12
C0195,2021-06,54
C0275,2021-01,158
C0395,2022-01,79
C0194,2021-04,54
C0223,2022-01,96
C0307,2021-01,111
C0086,2020-01,169
C0292,2021-01,58
C0569,2022-01,24
C0403,2021-01,60
C0718,2022-01,21
C0174,2022-01,51
C0530,2022-04,44
C0385,2022-04,36
C0062,2022-02,41
C0332,2022-04,14
C0160,2021-12,8
C0355,2022-02,36
C0188,2022-03,45
C0563,2022-04,3
C0154,2022-03,52
C0031,2022-04,47
C0313,2022-02,46
C0029,2021-01,90
C0070,2022-03,47
C0075,2022-03,60
C0217,2022-04,23
C0425,2022-03,7
C0382,2021-04,100
C0394,2020-01,126
C0315,2022-05,55
C0431,2022-05,53
C0015,2022-05,56
C0464,2022-05,35
C0232,2022-05,38
C0388,2022-03,4
C0237,2022-03,106
C0696,2022-05,5
C0720,2022-05,2
C0206,2022-08,57
C0293,2021-03,38
C0009,2020-09,87
C0465,2020-09,53
C0450,2020-10,33
C0287,2020-03,22
C0071,2020-09,59
C0104,2020-10,28
C0005,2021-04,29
C0254,2021-01,251
C0458,2020-09,35
C0290,2021-05,48
C0493,2021-05,57
C0184,2020-07,204
C0247,2020-07,40
C0257,2020-03,73
C0339,2021-04,23
C0132,2020-09,61
C0067,2021-03,154
C0129,2021-06,91
C0444,2020-03,18
C0461,2021-07,54
C0366,2020-01,83
C0400,2020-03,29
C0105,2020-09,49
C0082,2020-07,31
C0358,2020-11,84
C0143,2020-12,88
C0028,2020-06,31
C0443,2021-08,51
C0510,2021-09,24
C0304,2022-06,100
C0534,2022-06,9
C0209,2022-06,51
C0333,2022-06,14
C0205,2022-06,47
C0017,2022-06,31
C0183,2022-06,71
C0558,2022-06,2
C0685,2022-06,2
C0728,2022-02,19
C0402,2022-08,61
C0034,2022-03,39
C0266,2022-07,42
C0264,2022-07,33
C0037,2022-07,92
C0178,2022-07,40
C0152,2022-07,50
C0068,2022-07,37
C0602,2022-07,15
C0420,2022-07,31
C0363,2022-07,12
C0513,2022-07,3
C0326,2022-07,18
C0341,2022-11,94
C0506,2022-04,10
C0392,2022-07,4
C0214,2022-07,16
C0542,2022-05,9
C0035,2021-10,7
C0400,2022-11,22
C0744,2022-11,38
C0185,2022-10,43
C0257,2022-11,66
C0715,2022-11,10
C0126,2022-11,121
C0166,2022-10,42
C0125,2022-10,48
C0680,2022-10,16
C0444,2022-11,5
C0409,2022-10,42
C0510,2022-10,35
C0651,2022-11,19
C0287,2022-11,11
C0019,2022-10,31
C0446,2022-09,49
C0571,2022-11,2
C0181,2022-10,15
C0369,2022-09,120
C0013,2022-11,13
C0162,2022-11,8
C0211,2021-06,89
C0064,2022-12,1
C0088,2022-12,50
C0672,2022-12,19
C0109,2022-12,60
C0161,2022-12,29
C0196,2022-12,68
C0280,2021-10,21
C0208,2022-12,29
C0540,2022-12,10
C0048,2022-09,41
C0062,2023-03,37
C0355,2023-03,55
C0313,2023-03,42
C0197,2023-03,26
C0357,2023-03,30
C0073,2023-01,165
C0345,2021-11,23
C0728,2023-03,21
C0249,2022-08,34
C0289,2023-01,102
C0367,2022-08,54
C0087,2023-03,3
C0343,2023-01,95
C0428,2023-01,113
C0629,2023-03,3
C0327,2023-01,57
C0459,2023-02,45
C0737,2023-01,7
C0473,2023-02,48
C0012,2023-01,53
C0459,2023-04,59
C0311,2020-04,46
C0473,2023-04,59
C0166,2021-09,42
C0378,2023-04,50
C0239,2023-04,43
C0010,2023-04,29
C0258,2022-08,118
C0684,2023-04,11
C0173,2023-03,1
C0298,2023-01,69
C0124,2022-09,12
C0650,2023-04,2
C0178,2023-07,47
C0363,2023-07,18
C0266,2023-07,49
C0264,2023-07,45
C0037,2023-07,124
C0326,2023-07,28
C0420,2023-07,32
C0152,2023-07,40
C0102,2023-06,67
C0350,2023-06,72
C0145,2023-08,42
C0220,2023-06,23
C0068,2023-07,32
C0602,2023-07,18
C0214,2023-07,19
C0009,2023-08,129
C0436,2023-08,71
C0465,2023-08,50
C0132,2023-08,62
C0071,2023-08,48
C0105,2023-08,48
C0253,2023-08,57
C0551,2023-08,7
C0458,2023-08,29
C0356,2023-08,5
C0427,2023-01,43
C0246,2023-08,8
C0269,2023-06,35
C0470,2023-08,1
C0415,2021-12,12
C0278,2021-10,84
C0487,2023-09,51
C0067,2023-09,168
C0250,2023-09,46
C0293,2023-09,59
C0121,2023-09,75
C0337,2023-09,16
C0433,2023-09,9
C0700,2023-09,17
C0355,2023-12,46
C0728,2023-12,37
C0357,2023-12,46
C0148,2023-12,1
C0197,2023-12,22
C0062,2023-12,36
C0223,2023-11,52
C0313,2023-12,30
C0629,2023-12,7
C0278,2023-10,115
C0280,2023-10,33
C0137,2023-11,77
C0197,2022-02,24
C0357,2022-02,30
C0750,2022-03,6
C0380,2022-03,13
C0052,2022-03,4
C0630,2021-01,25
C0469,2021-07,27
C0240,2021-11,14
C0138,2020-12,54
C0416,2020-01,121
C0145,2020-09,30
C0011,2020-12,41
C0742,2022-05,6
C0325,2022-05,1
C0007,2022-09,41
C0020,2022-09,58
C0591,2022-09,3
C0040,2022-08,101
C0302,2022-09,49
C0437,2022-08,36
C0486,2021-06,121
C0499,2022-09,4
C0645,2020-12,2
C0474,2024-01,107
C0406,2022-08,13
C0168,2020-06,20
C0409,2021-09,39
C0545,2022-08,7
C0320,2022-08,48
C0239,2023-02,39
C0039,2023-01,5
C0634,2023-01,19
C0378,2023-02,38
C0684,2023-02,8
C0010,2023-02,29
C0650,2023-02,2
C0055,2020-04,30
C0309,2020-01,10
C0210,2020-01,123
C0187,2021-10,2
C0181,2021-09,19
C0019,2021-09,26
C0285,2023-06,61
C0369,2023-05,126
C0048,2023-05,46
C0446,2023-05,68
C0410,2023-06,45
C0124,2023-05,23
C0515,2023-06,8
C0007,2023-05,54
C0694,2023-06,4
C0303,2023-06,12
C0338,2023-05,66
C0432,2023-07,2
C0171,2022-08,39
C0395,2023-11,43
C0212,2023-11,44
C0569,2023-11,11
C0354,2023-10,55
C0718,2023-11,12
C0096,2023-10,3
C0606,2023-11,7
C0174,2023-11,11
C0242,2023-10,12
C0562,2023-11,1
C0272,2023-10,42
C0173,2023-12,3
C0408,2023-10,42
C0087,2023-12,2
C0354,2024-01,275
C0242,2024-01,15
C0051,2024-01,10
C0218,2024-02,72
C0144,2024-02,24
C0424,2024-02,59
C0063,2024-01,186
C0278,2024-01,407
C0315,2020-05,41
C0192,2020-06,38
C0143,2020-04,56
C0004,2021-07,53
C0242,2021-10,13
C0233,2020-07,55
C0093,2020-06,39
C0117,2021-04,52
C0616,2020-11,21
C0578,2021-01,15
C0341,2020-03,85
C0365,2020-07,7
C0013,2020-03,15
C0411,2020-11,3
C0033,2020-10,67
C0080,2021-07,83
C0241,2021-01,136
C0393,2020-06,67
C0455,2021-06,63
C0055,2020-12,31
C0246,2020-09,9
C0141,2020-10,40
C0282,2021-05,35
C0164,2021-05,28
C0177,2021-06,38
C0011,2020-04,23
C0061,2020-01,182
C0445,2021-05,29
C0584,2020-11,21
C0370,2021-05,5
C0169,2020-04,23
C0431,2020-05,50
C0417,2020-10,26
C0243,2020-07,74
C0100,2021-07,39
C0015,2020-05,57
C0115,2022-08,35
C0517,2022-08,5
C0516,2022-08,6
C0377,2022-06,1
C0022,2022-04,5
C0621,2022-08,1
C0113,2021-04,130
C0710,2022-12,1
C0021,2020-07,61
C0432,2022-07,2
C0163,2022-10,11
C0441,2022-12,2
C0531,2023-01,2
C0020,2023-05,38
C0302,2023-05,38
C0499,2023-05,1
C0284,2022-04,4
C0462,2023-09,14
C0647,2023-09,3
C0474,2023-10,47
C0063,2023-10,101
C0035,2023-10,7
C0238,2023-10,9
C0187,2023-10,1
C0408,2024-01,172
C0238,2024-01,66
C0272,2024-01,85
C0280,2024-01,117
C0299,2024-01,16
C0444,2024-08,14
C0168,2024-05,22
C0263,2024-04,93
C0385,2024-10,33
C0234,2024-07,51
C0041,2024-01,2
C0096,2024-01,5
C0362,2020-01,226
C0727,2020-04,27
C0138,2020-04,41
C0140,2020-06,37
C0232,2020-05,31
C0464,2020-05,31
C0742,2020-05,5
C0552,2020-04,10
C0542,2020-05,6
C0696,2020-05,8
C0182,2020-04,13
C0020,2021-02,50
C0089,2020-06,59
C0539,2020-04,5
C0126,2020-03,62
C0645,2020-04,4
C0720,2020-05,7
C0677,2020-08,8
C0408,2021-10,55
C0436,2020-09,44
C0688,2020-08,6
C0561,2020-08,3
C0253,2020-09,40
C0472,2021-06,74
C0551,2020-09,8
C0673,2020-08,2
C0311,2020-12,74
C0182,2020-12,19
C0338,2021-02,53
C0744,2020-03,29
C0121,2021-03,72
C0302,2021-02,22
C0446,2021-02,34
C0007,2021-02,39
C0048,2021-02,36
C0169,2020-12,37
C0124,2021-02,3
C0591,2021-02,3
C0185,2021-09,52
C0056,2021-07,40
C0527,2021-07,8
C0698,2021-07,1
C0329,2021-05,1
C0008,2021-07,1
C0175,2021-11,41
C0063,2021-10,75
C0474,2021-10,32
C0272,2021-10,34
C0238,2021-10,7
C0337,2021-03,11
C0043,2020-07,38
C0069,2021-11,39
C0051,2021-10,3
C0267,2021-11,34
C0146,2021-11,76
C0592,2021-08,18
C0299,2021-10,4
C0276,2021-11,115
C0296,2021-11,12
C0016,2020-02,44
C0153,2021-11,24
C0421,2021-11,32
C0125,2021-09,40
C0349,2021-04,68
C0591,2023-05,2
C0369,2021-02,78
C0549,2020-05,2
C0587,2020-08,17
C0575,2020-07,6
C0470,2020-09,1
C0567,2020-09,1
C0250,2021-03,31
C0006,2021-06,1
C0514,2021-04,5
C0032,2021-08,3
C0180,2022-04,2
C0549,2022-05,1
C0447,2020-07,3
C0489,2020-01,4
C0273,2020-02,3
C0552,2020-12,17
C0665,2020-06,5
C0625,2020-07,2
C0044,2020-10,21
C0586,2020-11,8
C0626,2020-11,2
C0356,2020-09,1
C0532,2020-11,6
C0614,2020-11,4
C0605,2021-04,2
C0565,2020-11,1
C0322,2020-11,3
C0604,2020-11,3
C0539,2020-12,1
C0116,2020-11,1
C0576,2020-12,6
C0736,2020-11,3
C0727,2020-12,29
C0576,2020-04,2
C0700,2021-03,31
C0462,2021-03,39
C0487,2021-03,17
C0647,2021-03,9
C0633,2020-10,12
C0433,2021-03,2
C0336,2021-04,9
C0149,2025-01,73
C0639,2020-01,1
C0564,2021-05,21
C0203,2021-05,32
C0512,2021-04,5
C0675,2021-05,6
C0609,2021-05,2
C0741,2021-05,1
C0613,2021-08,1
C0589,2021-08,3
C0680,2021-09,20
C0163,2021-09,11
C0697,2021-08,6
C0619,2021-09,2
C0079,2021-12,2
C0588,2020-02,1
C0651,2020-03,12
C0162,2020-03,10
C0715,2020-03,3
C0709,2020-10,4
C0049,2020-07,2
C0541,2020-11,1
C0190,2020-11,1
C0499,2021-02,2
C0705,2021-04,1
C0612,2021-07,1
C0078,2021-07,1
C0535,2021-11,1
C0629,2022-02,1
C0173,2022-02,1
C0248,2020-03,1
C0131,2020-08,1
C0638,2020-11,1
C0042,2021-04,3
C0386,2025-01,162
C0449,2021-05,1
C0096,2021-10,2
C0146,2026-05,141
C0240,2026-05,17
C0159,2025-01,172
C0153,2026-05,40
C0024,2026-05,58
C0162,2026-01,47
C0267,2026-05,168
C0276,2026-05,129
C0444,2026-01,110
C0069,2026-05,49
C0170,2025-01,463
C0175,2026-05,73
C0744,2026-01,119
C0345,2026-05,29
C0400,2026-01,175
C0421,2026-05,41
C0571,2026-01,6
C0418,2025-12,34
C0172,2026-03,40
C0126,2026-01,422
C0341,2026-01,170
C0013,2026-01,71
C0352,2026-07,77
C0532,2026-07,36
C0358,2026-07,81
C0616,2026-07,39
C0468,2025-12,265
C0263,2026-08,71
C0604,2026-07,12
C0248,2026-01,23
C0166,2025-09,49
C0651,2026-01,41
C0322,2026-07,4
C0399,2026-06,80
C0348,2026-08,110
C0110,2026-07,1
C0586,2026-07,6
C0565,2026-07,6
C0715,2026-01,22
C0541,2026-07,6
C0584,2026-07,8
C0736,2026-07,9
C0257,2026-01,160
C0476,2026-08,65
C0295,2024-03,36
C0426,2026-06,96
C0157,2026-01,14
C0127,2026-06,86
C0059,2026-08,85
C0614,2026-07,2
C0747,2026-06,86
C0287,2026-01,118
C0296,2026-05,47
C0230,2026-06,68
C0557,2026-06,62
C0452,2026-06,100
C0357,2025-06,57
C0176,2026-02,70
C0106,2025-05,96
C0191,2026-02,125
C0626,2026-07,11
C0676,2026-06,18
C0093,2024-05,35
C0040,2025-03,169
C0354,2025-08,84
C0411,2026-07,3
C0690,2026-01,5
C0136,2025-02,49
C0280,2025-08,45
C0241,2025-11,111
C0292,2025-11,32
C0409,2025-09,44
C0103,2025-11,62
C0307,2025-11,109
C0254,2025-11,212
C0275,2025-11,67
C0379,2025-01,113
C0029,2025-11,43
C0630,2025-11,13
C0037,2025-07,173
C0484,2025-11,62
C0171,2025-03,34
C0498,2025-01,39
C0403,2025-11,9
C0163,2025-09,16
C0409,2025-10,67
C0125,2025-10,63
C0224,2025-01,118
C0578,2025-11,5
C0265,2025-01,58
C0122,2025-05,164
C0114,2026-02,82
C0063,2025-08,94
C0316,2024-07,38
C0400,2025-04,27
C0019,2025-10,29
C0680,2025-10,38
C0678,2025-12,13
C0340,2025-12,84
C0420,2025-07,56
C0013,2025-04,12
C0308,2025-12,15
C0648,2026-01,2
C0320,2025-03,78
C0096,2024-06,2
C0208,2024-12,49
C0185,2025-10,52
C0114,2024-03,66
C0258,2025-03,141
C0474,2025-08,41
C0598,2026-02,37
C0260,2025-01,5
C0135,2023-01,9
C0406,2025-03,26
C0451,2025-02,51
C0219,2026-02,136
C0476,2024-07,95
C0510,2025-10,33
C0196,2024-12,104
C0107,2026-03,55
C0623,2026-03,19
C0402,2025-03,60
C0559,2026-03,2
C0601,2026-03,2
C0594,2026-02,6
C0161,2024-12,62
C0019,2025-09,46
C0326,2025-07,24
C0181,2025-09,22
C0125,2025-09,60
C0031,2024-10,61
C0363,2025-07,15
C0535,2026-05,3
C0341,2025-04,72
C0313,2026-04,76
C0357,2026-04,77
C0176,2024-03,81
C0728,2026-04,61
C0357,2024-11,51
C0348,2024-07,61
C0219,2024-03,45
C0429,2026-06,42
C0062,2026-04,73
C0572,2026-08,18
C0590,2026-08,10
C0671,2026-08,43
C0234,2026-08,12
C0316,2026-08,68
C0088,2024-12,43
C0087,2026-04,5
C0471,2026-08,4
C0062,2025-06,35
C0119,2026-06,1
C0355,2026-04,34
C0280,2024-06,51
C0025,2026-08,3
C0287,2024-08,26
C0355,2024-11,57
C0035,2024-01,10
C0354,2024-06,77
C0360,2024-03,69
C0163,2025-10,11
C0672,2024-12,26
C0059,2024-07,60
C0671,2024-04,27
C0316,2024-04,37
C0234,2024-04,35
C0476,2024-04,92
C0059,2024-04,45
C0278,2024-06,107
C0348,2024-04,51
C0572,2024-04,18
C0651,2024-08,18
C0341,2024-08,96
C0263,2024-07,92
C0257,2024-08,61
C0590,2024-04,3
C0191,2024-03,76
C0408,2025-08,49
C0374,2024-01,2
C0471,2024-04,3
C0192,2024-05,76
C0089,2024-05,46
C0028,2024-05,62
C0703,2024-01,2
C0393,2024-05,66
C0665,2024-05,17
C0140,2024-05,36
C0530,2024-10,77
C0126,2024-08,132
C0408,2024-06,58
C0474,2024-06,44
C0063,2024-06,91
C0299,2024-06,7
C0072,2024-09,83
C0313,2024-11,55
C0238,2024-06,18
C0272,2024-06,39
C0051,2024-06,1
C0729,2024-06,2
C0187,2024-06,1
C0035,2024-06,3
C0242,2024-06,3
C0744,2025-04,58
C0671,2024-07,29
C0572,2024-07,17
C0217,2024-10,33
C0332,2024-10,33
C0022,2024-10,3
C0109,2024-12,91
C0187,2024-01,2
C0126,2025-04,122
C0400,2024-08,31
C0158,2024-09,88
C0506,2024-10,8
C0206,2025-03,93
C0642,2024-09,19
C0266,2025-07,57
C0058,2025-02,106
C0284,2024-10,1
C0062,2024-11,41
C0728,2024-11,45
C0582,2025-01,48
C0739,2025-01,21
C0003,2024-09,9
C0189,2025-05,93
C0516,2025-03,25
C0026,2025-02,19
C0120,2025-02,31
C0704,2025-01,5
C0743,2025-02,15
C0529,2025-02,3
C0097,2025-05,10
C0271,2025-05,50
C0301,2025-05,31
C0101,2025-05,16
C0287,2025-04,33
C0608,2026-06,2
C0713,2026-06,13
C0264,2025-07,94
C0190,2026-07,2
C0680,2025-09,24
C0214,2025-07,33
C0520,2025-12,8
C0510,2025-09,49
C0035,2025-08,4
C0178,2025-07,82
C0197,2025-06,35
C0367,2025-03,65
C0504,2025-12,9
C0238,2025-08,17
C0360,2026-02,81
C0173,2025-06,3
C0319,2026-02,31
C0295,2026-02,41
C0618,2026-02,2
C0594,2024-03,3
C0615,2026-02,4
C0090,2021-12,1
C0444,2025-04,9
C0051,2023-10,5
C0197,2026-04,31
C0629,2026-04,4
C0173,2026-04,4
C0437,2025-03,37
C0115,2025-03,52
C0181,2025-10,13
C0242,2025-08,3
C0374,2021-10,1
C0313,2025-06,60
C0728,2025-06,50
C0355,2025-06,33
C0629,2025-06,4
C0068,2025-07,37
C0602,2025-07,43
C0513,2025-07,2
C0152,2025-07,51
C0081,2024-03,1
C0185,2025-09,49
C0166,2025-10,46
C0619,2025-10,6
C0299,2025-08,6
C0619,2025-09,7
C0545,2025-03,11
C0272,2025-08,36
C0442,2025-01,1
C0278,2025-08,147
C0319,2024-03,18
C0598,2024-03,16
C0744,2024-08,36
C0597,2024-09,6
C0637,2024-09,1
C0540,2024-12,8
C0257,2025-04,73
C0479,2025-01,1
C0654,2026-05,1
C0162,2024-08,11
C0249,2025-03,42
C0392,2025-07,4
C0281,2024-12,1
C0517,2025-03,5
C0651,2025-04,14
C0162,2025-04,8
C0715,2025-04,13
C0248,2025-04,2
C0571,2025-04,1
C0657,2025-05,6
C0648,2025-04,1
C0627,2025-05,4
C0643,2025-06,1
C0051,2025-08,2
C0096,2025-08,2
C0746,2024-02,8
C0729,2024-01,2
C0500,2024-02,4
C0615,2024-03,4
C0618,2024-03,2
C0715,2024-08,10
C0157,2024-08,2
C0690,2024-08,1
C0013,2024-08,5
C0648,2024-08,3
C0111,2024-08,1
C0571,2024-08,1
C0173,2024-11,1
C0064,2024-12,1
C0441,2024-12,4
C0690,2025-04,1
C0197,2024-11,28
C0729,2025-08,1
C0432,2025-07,1
C0683,2024-05,2
C0590,2024-07,1
C0471,2024-07,1
C0087,2024-11,2
C0629,2024-11,4
C0619,2022-10,3
C0335,2023-01,4
C0508,2023-06,2
C0611,2023-06,4
C0729,2023-10,2
C0669,2023-01,1
C0299,2023-10,3
C0311,2021-12,60
C0169,2021-12,56
C0552,2021-12,27
C0011,2021-12,33
C0055,2021-12,28
C0138,2021-12,52
C0143,2021-12,75
C0182,2021-12,12
C0727,2021-12,24
C0107,2021-11,7
C0212,2022-05,39
C0056,2021-01,82
C0431,2022-01,133
C0070,2021-08,29
C0232,2022-01,101
C0527,2021-01,26
C0720,2022-01,9
C0464,2022-01,57
C0241,2021-07,66
C0100,2021-01,78
C0542,2022-01,16
C0271,2020-07,42
C0315,2022-01,101
C0015,2022-01,97
C0742,2022-01,23
C0325,2022-01,5
C0228,2020-10,42
C0004,2021-01,114
C0455,2020-09,54
C0696,2022-01,4
C0065,2021-10,20
C0145,2021-06,32
C0071,2021-06,51
C0034,2021-08,38
C0576,2021-12,5
C0443,2022-03,51
C0222,2022-03,95
C0236,2022-04,29
C0128,2022-04,72
C0300,2022-02,46
C0383,2022-04,32
C0593,2022-02,12
C0213,2022-04,23
C0372,2022-04,24
C0095,2022-04,1
C0679,2022-04,5
C0689,2022-04,6
C0481,2022-04,42
C0139,2022-04,20
C0155,2021-10,130
C0112,2022-04,10
C0457,2022-02,25
C0490,2022-04,13
C0718,2022-05,10
C0137,2022-05,41
C0174,2022-05,16
C0395,2022-05,52
C0223,2022-05,82
C0606,2022-05,9
C0569,2022-05,19
C0211,2020-09,81
C0461,2021-01,160
C0186,2021-05,45
C0484,2021-07,52
C0419,2020-10,50
C0540,2020-01,12
C0473,2021-09,48
C0401,2020-10,39
C0176,2020-06,98
C0257,2021-03,46
C0295,2020-06,56
C0293,2020-03,21
C0161,2020-01,145
C0208,2020-01,130
C0469,2021-01,51
C0080,2021-01,172
C0009,2021-06,108
C0353,2021-04,3
C0196,2020-01,204
C0046,2020-10,27
C0472,2020-09,75
C0050,2020-11,54
C0067,2020-03,132
C0486,2020-09,63
C0126,2021-03,87
C0227,2020-11,23
C0101,2020-07,38
C0189,2020-07,78
C0587,2022-06,19
C0677,2022-06,7
C0688,2022-06,2
C0613,2022-03,2
C0477,2022-06,2
C0207,2022-06,2
C0102,2022-07,53
C0285,2022-07,37
C0410,2022-07,44
C0269,2022-07,48
C0350,2022-07,57
C0515,2022-07,10
C0694,2022-07,4
C0220,2022-07,24
C0303,2022-07,14
C0045,2022-08,51
C0078,2021-01,3
C0188,2021-08,40
C0067,2022-11,163
C0378,2022-10,42
C0121,2022-11,68
C0459,2022-10,67
C0487,2022-11,42
C0293,2022-11,46
C0250,2022-11,41
C0473,2022-10,32
C0462,2022-11,15
C0239,2022-10,43
C0700,2022-11,27
C0647,2022-11,6
C0433,2022-11,8
C0684,2022-10,14
C0337,2022-11,9
C0083,2020-12,54
C0061,2022-12,70
C0086,2022-12,81
C0210,2022-12,60
C0394,2022-12,51
C0366,2022-12,42
C0362,2022-12,124
C0416,2022-12,57
C0216,2023-03,26
C0424,2023-01,85
C0695,2023-03,10
C0300,2023-03,57
C0181,2023-02,18
C0457,2023-03,23
C0593,2023-03,30
C0218,2023-01,145
C0166,2023-02,50
C0746,2023-01,23
C0019,2023-02,22
C0636,2023-03,7
C0283,2023-01,1
C0144,2023-01,64
C0510,2023-02,43
C0185,2023-04,50
C0510,2023-04,33
C0409,2023-04,49
C0125,2023-04,41
C0181,2023-04,24
C0163,2023-04,7
C0166,2023-04,44
C0019,2023-04,21
C0592,2022-03,16
C0680,2023-04,27
C0396,2020-10,12
C0619,2023-04,3
C0232,2023-11,45
C0122,2020-07,117
C0038,2021-04,23
C0220,2023-07,20
C0102,2023-07,63
C0285,2023-07,50
C0410,2023-07,49
C0515,2023-07,9
C0350,2023-07,41
C0269,2023-07,47
C0303,2023-07,15
C0455,2023-08,64
C0195,2023-08,42
C0211,2023-08,82
C0472,2023-08,62
C0177,2023-08,34
C0486,2023-08,78
C0129,2023-08,67
C0409,2023-02,52
C0264,2023-06,61
C0205,2020-08,28
C0252,2020-12,37
C0341,2023-09,84
C0257,2023-09,54
C0013,2023-09,10
C0744,2023-09,35
C0126,2023-09,107
C0162,2023-09,17
C0580,2023-09,1
C0715,2023-09,6
C0444,2023-09,12
C0287,2023-09,13
C0400,2023-09,15
C0300,2023-12,68
C0593,2023-12,34
C0457,2023-12,21
C0216,2023-12,39
C0431,2023-11,58
C0695,2023-12,8
C0542,2023-11,12
C0464,2023-11,38
C0315,2023-11,96
C0209,2020-08,50
C0032,2022-03,5
C0239,2021-09,46
C0216,2022-02,15
C0589,2022-03,3
C0697,2022-03,6
C0546,2022-03,1
C0088,2020-01,67
C0403,2021-07,21
C0183,2020-08,58
C0136,2020-02,59
C0468,2026-06,335
C0562,2022-05,1
C0663,2022-06,1
C0085,2022-09,41
C0221,2022-09,46
C0330,2022-08,77
C0245,2020-11,74
C0002,2022-08,68
C0438,2022-09,2
C0371,2022-08,25
C0342,2022-08,60
C0237,2021-08,86
C0201,2022-08,51
C0057,2022-08,53
C0294,2022-08,10
C0603,2022-08,21
C0347,2022-08,16
C0219,2020-06,40
C0029,2021-07,26
C0185,2023-02,38
C0163,2023-02,9
C0619,2023-02,3
C0680,2023-02,14
C0125,2023-02,40
C0026,2020-02,12
C0334,2020-11,54
C0152,2023-06,53
C0037,2023-06,128
C0363,2023-06,21
C0178,2023-06,52
C0420,2023-06,64
C0266,2023-06,36
C0214,2023-06,20
C0068,2023-06,35
C0221,2023-05,88
C0602,2023-06,18
C0326,2023-06,15
C0694,2023-07,9
C0392,2023-06,5
C0415,2020-12,20
C0611,2023-07,1
C0432,2023-06,5
C0630,2021-07,15
C0459,2021-09,61
C0356,2021-06,5
C0015,2023-11,75
C0248,2023-09,2
C0696,2023-11,2
C0155,2023-10,133
C0742,2023-11,6
C0720,2023-11,9
C0065,2023-10,15
C0368,2023-10,25
C0636,2023-12,3
C0343,2024-02,64
C0155,2024-01,561
C0298,2024-02,39
C0073,2024-02,75
C0428,2024-02,33
C0289,2024-02,27
C0012,2024-02,28
C0066,2023-10,26
C0135,2024-02,1
C0378,2021-09,58
C0292,2021-07,20
C0083,2020-04,30
C0458,2021-06,30
C0636,2022-02,9
C0444,2021-03,13
C0436,2021-06,47
C0195,2020-09,38
C0221,2021-02,68
C0346,2020-11,39
C0307,2021-07,45
C0223,2020-05,36
C0412,2020-10,28
C0105,2021-06,54
C0391,2020-10,34
C0509,2020-11,10
C0685,2020-08,2
C0137,2020-05,50
C0154,2021-08,55
C0337,2020-03,16
C0341,2021-03,97
C0008,2021-01,10
C0191,2020-06,43
C0312,2020-11,10
C0462,2020-03,33
C0407,2020-10,25
C0109,2020-01,128
C0250,2020-03,44
C0475,2020-10,42
C0106,2020-07,45
C0254,2021-07,101
C0635,2022-08,3
C0662,2022-08,5
C0656,2022-08,2
C0489,2022-12,4
C0309,2022-12,5
C0500,2023-01,3
C0730,2023-04,1
C0085,2023-05,41
C0651,2023-09,11
C0066,2021-10,33
C0571,2023-09,1
C0543,2023-10,4
C0681,2023-10,4
C0737,2024-02,2
C0192,2024-03,69
C0066,2024-01,175
C0368,2024-01,86
C0140,2024-03,45
C0065,2024-01,67
C0543,2024-01,10
C0485,2024-04,67
C0176,2024-05,84
C0681,2024-01,5
C0710,2020-01,3
C0281,2020-01,4
C0672,2020-01,22
C0252,2020-04,31
C0120,2020-02,45
C0060,2020-04,126
C0569,2020-05,18
C0395,2020-05,41
C0718,2020-05,7
C0174,2020-05,5
C0606,2020-05,5
C0415,2020-04,22
C0121,2020-03,62
C0160,2020-04,6
C0090,2020-04,2
C0103,2021-07,53
C0304,2020-08,98
C0058,2020-02,48
C0333,2020-08,28
C0010,2021-09,32
C0017,2020-08,31
C0360,2020-06,38
C0129,2020-09,67
C0177,2020-09,36
C0551,2021-06,7
C0448,2020-11,25
C0465,2021-06,75
C0534,2020-08,5
C0114,2020-06,53
C0123,2020-11,39
C0091,2021-05,19
C0537,2020-10,107
C0328,2020-11,63
C0612,2021-01,7
C0090,2020-12,2
C0570,2020-11,9
C0398,2020-10,44
C0060,2020-12,131
C0533,2020-10,15
C0167,2020-10,35
C0524,2020-10,6
C0716,2020-11,7
C0085,2021-02,21
C0556,2020-11,17
C0225,2020-10,45
C0132,2021-06,67
C0275,2021-07,55
C0400,2021-03,43
C0525,2020-12,3
C0253,2021-06,43
C0246,2021-06,9
C0097,2020-07,9
C0667,2021-05,8
C0013,2021-03,19
C0200,2021-04,56
C0578,2021-07,6
C0368,2021-10,28
C0543,2021-10,5
C0505,2021-01,1
C0172,2021-11,56
C0319,2020-06,20
C0601,2021-11,6
C0047,2021-05,51
C0623,2021-11,3
C0438,2023-05,7
C0010,2022-10,18
C0648,2023-09,2
C0212,2020-05,36
C0441,2020-01,8
C0064,2020-01,2
C0451,2020-02,46
C0646,2020-04,3
C0615,2020-06,5
C0422,2020-02,2
C0538,2022-04,1
C0337,2024-08,16
C0529,2020-02,1
C0743,2020-02,1
C0598,2020-06,6
C0301,2020-07,35
C0627,2020-07,4
C0215,2020-07,2
C0277,2020-10,44
C0714,2020-10,13
C0518,2020-11,6
C0581,2020-11,3
C0644,2020-11,4
C0160,2020-12,11
C0651,2021-03,23
C0287,2021-03,20
C0744,2021-03,39
C0162,2021-03,7
C0438,2021-02,3
C0715,2021-03,6
C0317,2021-04,43
C0156,2021-04,42
C0687,2021-04,13
C0577,2021-04,2
C0632,2021-04,2
C0652,2021-05,1
C0075,2021-08,53
C0380,2021-08,18
C0726,2021-08,2
C0052,2021-08,3
C0425,2021-08,10
C0248,2021-03,1
C0684,2021-09,8
C0750,2021-08,6
C0539,2021-12,4
C0700,2020-03,15
C0487,2020-03,8
C0647,2020-03,8
C0594,2020-06,1
C0193,2020-10,9
C0121,2024-08,73
C0550,2020-11,1
C0054,2021-01,3
C0081,2020-06,1
C0574,2020-10,2
C0157,2021-03,1
C0082,2025-05,56
C0388,2021-08,1
C0558,2020-08,4
C0559,2021-11,1
C0722,2020-01,1
C0525,2020-04,3
C0600,2020-04,1
C0657,2020-07,2
C0079,2020-12,2
C0519,2021-05,2
C0470,2021-06,4
C0650,2021-09,2
C0681,2021-10,1
C0467,2020-05,1
C0557,2025-12,48
C0350,2025-07,58
C0121,2026-01,386
C0559,2026-05,1
C0487,2026-01,219
C0067,2026-01,598
C0556,2026-07,130
C0346,2026-07,70
C0509,2026-07,15
C0245,2026-07,91
C0550,2026-07,6
C0418,2026-06,47
C0250,2026-01,159
C0334,2026-07,73
C0123,2026-07,72
C0227,2026-07,59
C0050,2026-07,97
C0328,2026-07,112
C0448,2026-07,60
C0293,2026-01,391
C0716,2026-07,4
C0312,2026-07,28
C0485,2026-08,68
C0518,2026-07,15
C0700,2026-01,108
C0644,2026-07,8
C0150,2025-01,94
C0310,2025-01,63
C0267,2026-03,192
C0462,2026-01,85
C0570,2026-07,10
C0647,2026-01,38
C0024,2026-03,78
C0581,2026-07,5
C0130,2025-01,315
C0340,2026-06,67
C0216,2026-04,73
C0337,2026-01,51
C0593,2026-04,92
C0433,2026-01,35
C0473,2025-09,78
C0133,2025-01,293
C0427,2024-02,14
C0665,2026-02,15
C0216,2024-11,32
C0098,2026-08,91
C0473,2025-10,123
C0100,2025-11,64
C0461,2025-11,147
C0056,2025-11,104
C0080,2025-11,120
C0216,2025-06,37
C0483,2025-01,266
C0021,2025-05,67
C0004,2025-11,82
C0371,2025-03,33
C0010,2025-10,56
C0469,2025-11,26
C0155,2025-08,242
C0102,2025-07,84
C0527,2025-11,28
C0054,2025-11,2
C0459,2025-09,49
C0094,2025-01,82
C0202,2025-01,244
C0318,2025-01,126
C0526,2025-01,9
C0293,2025-04,88
C0276,2026-03,142
C0378,2025-10,75
C0426,2025-12,99
C0452,2025-12,96
C0429,2025-12,48
C0399,2025-12,79
C0747,2025-12,48
C0230,2025-12,88
C0213,2024-10,28
C0337,2025-04,24
C0608,2025-12,3
C0127,2025-12,73
C0067,2025-04,229
C0394,2024-12,93
C0549,2022-01,4
C0220,2025-07,24
C0239,2025-10,36
C0146,2026-03,135
C0089,2026-02,58
C0069,2026-03,39
C0175,2026-03,90
C0153,2026-03,34
C0421,2026-03,48
C0345,2026-03,27
C0086,2024-12,97
C0240,2026-03,24
C0393,2026-02,83
C0390,2026-02,1
C0296,2026-03,54
C0043,2025-05,39
C0303,2025-07,16
C0462,2025-04,24
C0140,2026-02,71
C0362,2024-12,108
C0093,2026-02,55
C0172,2026-05,44
C0028,2024-03,68
C0601,2026-05,4
C0028,2026-02,66
C0139,2024-10,25
C0243,2025-05,61
C0623,2026-05,7
C0107,2026-05,10
C0678,2026-06,22
C0520,2026-06,17
C0712,2026-08,32
C0308,2026-06,23
C0504,2026-06,8
C0255,2026-08,61
C0478,2026-08,58
C0210,2024-12,59
C0393,2024-03,61
C0487,2024-08,62
C0255,2024-04,74
C0593,2024-11,48
C0098,2024-04,47
C0067,2024-08,191
C0712,2024-04,19
C0478,2024-04,94
C0481,2024-10,55
C0368,2024-06,39
C0665,2024-03,8
C0288,2024-09,8
C0179,2024-09,30
C0250,2025-04,46
C0108,2024-01,4
C0255,2024-07,52
C0360,2024-05,63
C0191,2024-05,94
C0114,2024-05,56
C0598,2024-05,26
C0219,2024-05,36
C0295,2024-05,24
C0528,2024-04,1
C0615,2024-05,8
C0594,2024-05,1
C0319,2024-05,18
C0155,2024-06,165
C0066,2024-06,38
C0065,2024-06,23
C0342,2025-03,53
C0543,2024-06,5
C0168,2024-03,13
C0089,2024-03,40
C0485,2024-07,58
C0501,2024-09,26
C0593,2025-06,48
C0128,2024-10,59
C0478,2024-07,90
C0712,2024-07,16
C0098,2024-07,38
C0457,2024-11,32
C0383,2024-10,59
C0236,2024-10,67
C0112,2024-10,7
C0679,2024-10,3
C0689,2024-10,6
C0607,2024-10,8
C0490,2024-10,7
C0423,2024-09,100
C0016,2025-02,49
C0487,2025-04,59
C0095,2024-10,4
C0372,2024-10,18
C0314,2024-10,3
C0711,2024-09,1
C0184,2025-05,308
C0121,2025-04,81
C0293,2024-08,75
C0695,2024-11,8
C0636,2024-11,16
C0330,2025-03,91
C0061,2024-12,75
C0416,2024-12,30
C0575,2025-05,8
C0748,2025-02,2
C0002,2025-03,67
C0457,2026-04,51
C0684,2025-10,31
C0247,2025-05,67
C0233,2025-05,70
C0049,2025-05,9
C0647,2025-04,9
C0410,2025-07,49
C0036,2025-01,4
C0684,2025-09,20
C0700,2025-04,19
C0309,2024-12,1
C0365,2025-05,1
C0001,2026-06,4
C0454,2024-09,19
C0661,2026-06,2
C0488,2026-07,2
C0010,2025-09,32
C0081,2024-05,2
C0676,2025-12,23
C0300,2024-11,55
C0066,2025-08,36
C0366,2024-12,44
C0269,2025-07,51
C0650,2025-09,3
C0192,2026-02,77
C0119,2025-12,1
C0713,2025-12,16
C0168,2026-02,27
C0378,2025-09,47
C0294,2025-03,8
C0347,2025-03,29
C0654,2026-03,2
C0636,2026-04,15
C0300,2026-04,34
C0695,2026-04,10
C0045,2025-03,50
C0093,2024-03,24
C0634,2024-02,22
C0457,2025-06,34
C0300,2025-06,30
C0636,2025-06,11
C0065,2025-08,19
C0695,2025-06,11
C0285,2025-07,74
C0515,2025-07,17
C0368,2025-08,34
C0694,2025-07,10
C0239,2025-09,38
C0459,2025-10,66
C0650,2025-10,6
C0447,2025-05,7
C0057,2025-03,58
C0612,2025-11,4
C0433,2025-04,8
C0635,2025-03,5
C0359,2024-09,3
C0547,2020-07,1
C0664,2024-02,1
C0250,2024-08,49
C0027,2024-09,23
C0462,2024-08,20
C0707,2024-09,1
C0561,2022-06,2
C0535,2026-03,1
C0583,2024-09,1
C0603,2025-03,21
C0201,2025-03,38
C0543,2025-08,6
C0700,2024-08,20
C0305,2025-07,1
C0625,2025-05,1
C0008,2025-11,1
C0611,2025-07,1
C0656,2025-03,2
C0373,2025-01,1
C0683,2026-02,1
C0327,2024-02,30
C0531,2024-02,1
C0039,2024-02,3
C0669,2024-02,1
C0683,2024-03,1
C0647,2024-08,15
C0433,2024-08,1
C0489,2024-12,3
C0681,2025-08,2
C0588,2025-02,1
C0717,2025-02,1
C0650,2022-10,3
C0513,2023-06,4
C0538,2024-10,1
C0662,2025-03,2
C0256,2021-12,58
C0414,2021-12,40
C0030,2021-12,6
C0712,2022-07,18
C0424,2022-02,40
C0421,2022-01,88
C0175,2022-01,65
C0146,2022-01,221
C0393,2021-03,71
C0276,2022-01,211
C0551,2021-01,16
C0436,2021-01,120
C0246,2021-01,20
C0267,2022-01,88
C0024,2022-01,42
C0069,2022-01,54
C0105,2021-01,162
C0345,2022-01,69
C0071,2021-01,126
C0240,2022-01,55
C0469,2021-06,34
C0100,2021-06,28
C0465,2021-01,166
C0296,2022-01,35
C0153,2022-01,44
C0398,2022-04,51
C0156,2022-03,60
C0537,2022-04,165
C0046,2022-04,18
C0524,2022-04,9
C0228,2022-04,24
C0223,2021-11,45
C0412,2022-04,43
C0401,2022-04,29
C0225,2022-04,52
C0277,2022-04,40
C0396,2022-04,14
C0038,2022-03,33
C0475,2022-04,52
C0200,2022-03,59
C0419,2022-04,42
C0167,2022-04,28
C0391,2022-04,24
C0533,2022-04,19
C0486,2021-07,83
C0193,2022-04,4
C0407,2022-04,42
C0077,2021-12,5
C0353,2022-03,6
C0714,2022-04,34
C0172,2022-05,37
C0107,2022-05,7
C0218,2022-02,56
C0527,2021-06,11
C0029,2020-09,24
C0584,2020-08,28
C0195,2021-07,41
C0066,2021-05,34
C0115,2020-02,33
C0009,2021-01,228
C0437,2020-02,27
C0089,2021-03,57
C0455,2021-07,52
C0176,2020-03,83
C0236,2020-10,42
C0122,2021-09,116
C0196,2021-02,62
C0441,2021-02,7
C0128,2020-10,84
C0005,2021-08,25
C0189,2021-09,94
C0337,2020-06,28
C0172,2020-05,46
C0346,2022-06,41
C0570,2022-06,6
C0509,2022-06,10
C0245,2022-06,83
C0334,2022-06,50
C0328,2022-06,71
C0448,2022-06,48
C0227,2022-06,22
C0317,2022-03,46
C0050,2022-06,50
C0556,2022-06,40
C0123,2022-06,31
C0550,2022-06,9
C0518,2022-06,10
C0581,2022-06,9
C0488,2022-06,1
C0312,2022-06,3
C0644,2022-06,5
C0716,2022-06,2
C0255,2022-07,42
C0485,2022-07,61
C0478,2022-07,71
C0098,2022-07,35
C0466,2021-08,1
C0484,2020-09,49
C0623,2022-05,3
C0186,2021-10,52
C0176,2022-11,86
C0271,2022-10,46
C0219,2022-11,39
C0191,2022-11,55
C0295,2022-11,29
C0114,2022-11,48
C0122,2022-10,139
C0360,2022-11,66
C0301,2022-10,18
C0161,2022-09,23
C0615,2022-11,9
C0097,2022-10,8
C0189,2022-10,89
C0598,2022-11,14
C0106,2022-10,52
C0319,2022-11,21
C0196,2022-09,76
C0101,2022-10,20
C0081,2022-11,2
C0208,2022-09,31
C0618,2022-11,2
C0405,2020-04,30
C0276,2023-11,117
C0184,2023-02,217
C0302,2022-12,47
C0369,2022-12,135
C0338,2022-12,72
C0446,2022-12,66
C0020,2022-12,60
C0007,2022-12,55
C0124,2022-12,16
C0048,2022-12,49
C0499,2022-12,2
C0424,2023-03,45
C0218,2023-03,64
C0216,2023-01,75
C0144,2023-03,31
C0021,2023-02,37
C0746,2023-03,8
C0593,2023-01,57
C0243,2023-02,61
C0101,2021-09,27
C0021,2023-04,50
C0233,2023-04,47
C0184,2023-04,201
C0243,2023-04,71
C0082,2023-04,25
C0043,2023-02,25
C0043,2023-04,38
C0575,2023-04,8
C0457,2023-01,58
C0247,2023-04,68
C0625,2023-04,7
C0438,2020-01,9
C0447,2023-04,3
C0049,2023-04,3
C0091,2023-10,29
C0478,2023-07,74
C0098,2023-07,28
C0255,2023-07,56
C0712,2023-07,16
C0485,2023-07,43
C0241,2023-08,67
C0029,2023-08,19
C0484,2023-08,45
C0275,2023-08,38
C0307,2023-08,60
C0630,2023-08,13
C0403,2023-08,19
C0254,2023-08,132
C0671,2023-06,31
C0300,2023-01,73
C0103,2023-08,52
C0292,2023-08,10
C0316,2023-06,43
C0672,2023-05,17
C0059,2023-06,48
C0161,2023-05,22
C0695,2023-01,10
C0578,2023-08,4
C0636,2023-01,13
C0572,2023-06,11
C0196,2023-05,76
C0040,2020-02,39
C0088,2023-05,45
C0140,2023-09,35
C0089,2023-09,46
C0393,2023-09,55
C0192,2023-09,55
C0028,2023-09,52
C0093,2023-09,35
C0144,2023-12,36
C0746,2023-12,8
C0424,2023-12,48
C0218,2023-12,74
C0024,2023-11,19
C0047,2023-10,81
C0267,2023-11,32
C0144,2022-02,30
C0367,2020-02,50
C0577,2022-03,6
C0632,2022-03,4
C0687,2022-03,3
C0403,2020-09,21
C0171,2020-02,35
C0145,2021-01,85
C0067,2020-06,147
C0406,2020-02,15
C0473,2020-07,31
C0113,2021-08,141
C0601,2022-05,1
C0088,2022-09,45
C0710,2022-09,2
C0109,2022-09,73
C0672,2022-09,16
C0064,2022-09,1
C0540,2022-09,5
C0458,2021-01,74
C0441,2022-09,2
C0722,2022-09,1
C0275,2020-09,71
C0016,2022-08,40
C0247,2023-02,50
C0233,2023-02,48
C0082,2023-02,22
C0365,2023-02,2
C0575,2023-02,9
C0049,2023-02,9
C0625,2023-02,1
C0447,2023-02,2
C0349,2021-08,58
C0250,2020-06,43
C0476,2023-06,62
C0263,2023-06,68
C0234,2023-06,50
C0348,2023-06,38
C0208,2023-05,29
C0211,2021-07,61
C0010,2020-07,30
C0615,2020-03,6
C0307,2020-09,54
C0132,2021-01,168
C0345,2023-11,21
C0146,2023-11,109
C0240,2023-11,22
C0421,2023-11,27
C0175,2023-11,36
C0069,2023-11,23
C0296,2023-11,20
C0153,2023-11,27
C0654,2023-11,1
C0191,2020-03,46
C0535,2023-11,1
C0471,2023-06,3
C0667,2023-10,12
C0500,2023-12,1
C0197,2024-02,24
C0313,2024-02,39
C0062,2024-02,31
C0357,2024-02,37
C0047,2024-01,211
C0643,2024-02,1
C0728,2024-02,40
C0355,2024-02,33
C0461,2021-06,45
C0088,2021-02,48
C0382,2021-08,90
C0174,2021-11,21
C0472,2021-07,47
C0271,2021-09,41
C0356,2021-01,13
C0746,2022-02,5
C0192,2021-03,61
C0254,2020-09,90
C0155,2021-05,102
C0532,2020-08,9
C0459,2020-07,65
C0358,2020-08,94
C0112,2020-10,8
C0372,2020-10,17
C0339,2021-08,24
C0320,2020-02,32
C0616,2020-08,13
C0221,2020-01,208
C0085,2020-01,71
C0405,2020-12,54
C0481,2020-10,52
C0032,2021-04,5
C0106,2021-09,57
C0368,2021-05,26
C0383,2020-10,37
C0591,2022-12,2
C0395,2021-11,43
C0129,2021-07,82
C0121,2020-06,60
C0137,2021-11,42
C0617,2023-04,1
C0365,2023-04,2
C0109,2023-05,70
C0540,2023-05,4
C0441,2023-05,3
C0168,2023-09,14
C0091,2021-10,26
C0519,2023-10,3
C0186,2023-10,35
C0126,2024-03,115
C0091,2024-01,57
C0186,2024-01,117
C0667,2024-01,32
C0191,2024-08,93
C0186,2024-06,42
C0519,2024-01,8
C0219,2020-03,26
C0206,2020-02,49
C0364,2020-04,26
C0463,2020-04,19
C0107,2020-05,6
C0114,2020-03,24
C0566,2020-04,3
C0555,2020-04,5
C0490,2020-10,11
C0565,2020-08,3
C0614,2020-08,3
C0586,2020-08,4
C0352,2020-08,14
C0241,2020-09,37
C0630,2020-09,19
C0103,2020-09,43
C0626,2020-08,4
C0378,2020-07,43
C0604,2020-08,3
C0578,2020-09,6
C0292,2020-09,18
C0080,2021-06,79
C0249,2020-02,50
C0253,2021-01,155
C0679,2020-10,2
C0139,2020-10,36
C0538,2020-10,5
C0222,2021-04,61
C0109,2021-02,45
C0672,2021-02,8
C0161,2021-02,27
C0168,2021-03,33
C0295,2020-03,42
C0208,2021-02,21
C0710,2021-02,1
C0495,2021-01,2
C0056,2021-06,56
C0004,2021-06,57
C0065,2021-05,18
C0028,2021-03,28
C0177,2021-07,32
C0008,2021-06,3
C0612,2021-06,1
C0592,2021-04,18
C0301,2021-09,15
C0667,2021-10,14
C0047,2021-10,56
C0519,2021-10,2
C0097,2021-09,4
C0117,2021-08,35
C0212,2021-11,54
C0718,2021-11,11
C0606,2021-11,12
C0657,2021-09,1
C0569,2021-11,16
C0281,2023-05,2
C0283,2023-03,1
C0710,2023-05,1
C0665,2023-09,2
C0319,2020-03,24
C0402,2020-02,64
C0601,2020-05,2
C0598,2020-03,9
C0258,2020-02,73
C0700,2020-06,18
C0574,2022-04,2
C0516,2020-02,10
C0293,2020-06,33
C0487,2020-06,16
C0462,2020-06,19
C0433,2020-06,3
C0239,2020-07,45
C0647,2020-06,3
C0650,2020-07,2
C0684,2020-07,11
C0095,2020-10,3
C0673,2020-11,1
C0688,2020-11,5
C0689,2020-10,6
C0213,2020-10,16
C0587,2020-11,12
C0561,2020-11,3
C0677,2020-11,1
C0555,2020-12,14
C0364,2020-12,31
C0463,2020-12,28
C0566,2020-12,3
C0140,2021-03,43
C0093,2021-03,31
C0665,2021-03,8
C0281,2021-02,1
C0443,2021-04,53
C0390,2021-03,2
C0697,2021-04,5
C0589,2021-04,2
C0543,2021-05,1
C0108,2021-05,2
C0546,2021-04,2
C0681,2021-05,2
C0512,2021-08,3
C0194,2021-08,55
C0336,2021-08,7
C0514,2021-08,3
C0596,2020-02,1
C0360,2020-03,36
C0517,2020-02,1
C0623,2020-05,1
C0081,2020-03,3
C0736,2020-08,4
C0607,2020-10,5
C0219,2026-01,296
C0314,2020-10,1
C0190,2020-08,2
C0470,2021-01,2
C0540,2021-02,4
C0064,2021-02,1
C0705,2021-08,2
C0042,2021-08,1
C0605,2021-08,1
C0500,2022-02,2
C0674,2020-04,4
C0456,2020-04,1
C0725,2020-04,1
C0618,2020-03,1
C0322,2020-08,2
C0541,2020-08,2
C0638,2020-08,1
C0110,2020-08,1
C0674,2020-12,8
C0456,2020-12,1
C0725,2020-12,1
C0624,2020-12,1
C0683,2021-03,1
C0376,2021-03,1
C0434,2021-12,3
C0698,2021-06,1
C0054,2021-06,1
C0567,2021-01,1
C0215,2021-09,1
C0606,2026-05,18
C0114,2026-01,284
C0212,2026-05,80
C0174,2026-05,24
C0223,2026-05,81
C0137,2026-05,93
C0569,2026-05,18
C0191,2026-01,390
C0176,2026-01,305
C0295,2026-01,141
C0027,2026-06,45
C0587,2026-07,26
C0360,2026-01,265
C0598,2026-01,104
C0409,2025-05,61
C0688,2026-07,5
C0423,2026-06,122
C0647,2024-05,6
C0477,2026-07,2
C0179,2026-06,54
C0122,2025-09,182
C0319,2026-01,97
C0561,2026-07,5
C0673,2026-07,1
C0297,2025-01,278
C0454,2026-06,34
C0677,2026-07,7
C0176,2025-04,85
C0189,2025-10,112
C0330,2025-02,105
C0341,2026-02,93
C0615,2026-01,33
C0464,2026-03,85
C0106,2025-09,78
C0072,2025-12,199
C0678,2024-09,18
C0071,2025-11,62
C0436,2025-11,255
C0009,2025-11,256
C0132,2025-11,125
C0145,2025-11,81
C0105,2025-11,71
C0246,2025-11,24
C0106,2025-10,87
C0253,2025-11,100
C0458,2025-11,51
C0185,2025-05,58
C0097,2025-10,12
C0101,2025-10,33
C0465,2025-11,43
C0081,2025-04,2
C0398,2024-10,49
C0356,2025-11,12
C0271,2025-10,75
C0301,2025-10,38
C0189,2025-09,95
C0502,2025-01,13
C0301,2025-09,36
C0098,2025-07,40
C0285,2024-07,65
C0271,2025-09,67
C0003,2025-12,23
C0158,2025-12,139
C0667,2025-08,17
C0087,2024-02,2
C0460,2025-01,126
C0618,2026-01,2
C0293,2024-05,73
C0594,2026-01,17
C0102,2024-07,61
C0126,2026-02,133
C0144,2025-06,40
C0551,2025-11,13
C0715,2026-02,18
C0163,2025-05,20
C0219,2025-04,41
C0114,2025-04,64
C0431,2026-03,69
C0015,2026-03,100
C0315,2026-03,154
C0696,2026-03,8
C0542,2026-03,34
C0232,2026-03,60
C0411,2020-08,2
C0162,2026-02,23
C0287,2024-03,32
C0218,2024-11,112
C0053,2025-12,5
C0549,2026-03,3
C0013,2026-02,21
C0219,2024-08,33
C0395,2026-05,43
C0218,2026-04,59
C0391,2024-10,34
C0537,2024-10,244
C0257,2024-03,52
C0718,2026-05,16
C0501,2026-06,27
C0341,2024-03,88
C0288,2026-06,13
C0410,2026-08,61
C0081,2026-01,4
C0583,2026-06,10
C0400,2026-02,81
C0285,2026-08,86
C0102,2026-08,93
C0269,2026-08,36
C0303,2026-08,17
C0350,2026-08,57
C0508,2026-08,2
C0446,2024-12,95
C0099,2025-01,1
C0016,2025-03,64
C0144,2026-04,28
C0369,2024-12,176
C0642,2025-12,10
C0305,2026-08,1
C0515,2026-08,11
C0694,2026-08,6
C0611,2026-08,1
C0220,2026-08,22
C0302,2024-12,44
C0199,2025-12,2
C0410,2024-04,58
C0220,2024-04,25
C0515,2024-04,15
C0273,2022-08,1
C0360,2024-08,62
C0047,2024-06,88
C0487,2024-05,53
C0350,2024-04,62
C0102,2024-04,86
C0285,2024-04,60
C0694,2024-04,9
C0269,2024-04,45
C0303,2024-04,11
C0611,2024-04,4
C0744,2024-03,56
C0295,2024-08,41
C0508,2024-04,1
C0114,2024-08,61
C0412,2024-10,48
C0250,2024-05,50
C0067,2024-05,222
C0121,2024-05,56
C0700,2024-05,25
C0462,2024-05,17
C0337,2024-05,18
C0013,2024-03,16
C0433,2024-05,4
C0166,2025-05,68
C0091,2024-06,31
C0712,2025-07,32
C0667,2024-06,17
C0167,2024-10,36
C0519,2024-06,1
C0225,2024-10,63
C0410,2024-07,52
C0419,2024-10,55
C0350,2024-07,45
C0269,2024-07,54
C0220,2024-07,20
C0475,2024-10,53
C0303,2024-07,14
C0694,2024-07,4
C0048,2024-12,49
C0515,2024-07,8
C0714,2024-10,28
C0407,2024-10,109
C0228,2024-10,41
C0277,2024-10,71
C0468,2024-09,83
C0418,2024-09,20
C0046,2024-10,27
C0340,2024-09,65
C0533,2024-10,17
C0387,2025-01,133
C0193,2024-10,11
C0401,2024-10,22
C0524,2024-10,12
C0396,2024-10,18
C0308,2024-09,4
C0218,2025-06,82
C0176,2024-08,79
C0574,2024-10,2
C0124,2024-12,22
C0661,2024-09,2
C0342,2025-02,57
C0500,2024-11,6
C0424,2024-11,46
C0144,2024-11,34
C0591,2024-12,3
C0338,2024-12,92
C0400,2024-03,37
C0371,2025-02,33
C0745,2025-01,18
C0598,2025-04,44
C0002,2025-02,77
C0201,2025-02,35
C0057,2025-02,50
C0294,2025-02,5
C0045,2025-02,50
C0191,2025-04,103
C0347,2025-02,13
C0603,2025-02,18
C0499,2024-12,3
C0656,2025-02,6
C0360,2025-04,68
C0091,2025-08,30
C0662,2025-02,1
C0020,2024-12,54
C0680,2025-05,26
C0635,2025-02,1
C0181,2025-05,21
C0125,2025-05,74
C0510,2025-05,54
C0019,2025-05,28
C0255,2025-07,68
C0627,2025-09,4
C0101,2025-09,24
C0047,2025-08,91
C0295,2025-04,33
C0597,2025-12,9
C0628,2025-12,1
C0744,2026-02,43
C0648,2026-02,2
C0257,2026-02,65
C0287,2026-02,34
C0651,2026-02,22
C0157,2026-02,6
C0444,2026-02,33
C0720,2026-03,6
C0742,2026-03,5
C0424,2026-04,48
C0746,2026-04,9
C0500,2026-04,1
C0186,2025-08,48
C0478,2025-07,105
C0325,2026-03,1
C0092,2020-10,1
C0424,2025-06,43
C0746,2025-06,6
C0500,2025-06,5
C0485,2025-07,52
C0122,2025-10,170
C0657,2025-10,4
C0547,2025-10,2
C0571,2026-02,3
C0007,2024-12,48
C0162,2024-03,9
C0715,2024-03,12
C0651,2024-03,12
C0520,2024-09,9
C0001,2024-09,1
C0504,2024-09,7
C0598,2024-08,26
C0319,2024-08,20
C0627,2025-10,2
C0562,2026-05,1
C0594,2025-04,2
C0615,2025-04,8
C0491,2025-01,1
C0717,2025-03,1
C0319,2025-04,25
C0618,2025-04,1
C0519,2025-08,5
C0619,2025-05,6
C0657,2025-09,3
C0097,2025-09,6
C0111,2026-02,1
C0248,2026-02,1
C0467,2026-05,1
C0711,2026-06,2
C0629,2024-02,3
C0571,2024-03,1
C0444,2024-03,14
C0173,2024-02,2
C0081,2024-08,2
C0615,2024-08,7
C0618,2024-08,1
C0594,2024-08,1
C0746,2024-11,8
C0588,2025-03,1
C0064,2023-05,2
C0652,2024-01,2
C0305,2024-07,1
C0023,2025-02,1
C0547,2022-10,1
C0590,2023-06,5
C0273,2025-03,1
C0748,2025-03,1
C0657,2022-10,1
C0627,2022-10,1
C0652,2023-10,1
C0405,2021-12,49
C0566,2021-12,5
C0315,2021-11,46
C0463,2021-12,27
C0364,2021-12,44
C0247,2021-09,68
C0232,2021-11,30
C0365,2021-09,3
C0725,2021-12,7
C0674,2021-12,3
C0555,2021-12,14
C0164,2021-10,23
C0267,2022-05,39
C0484,2021-06,59
C0172,2022-01,90
C0211,2021-01,190
C0107,2022-01,24
C0403,2021-06,22
C0195,2021-01,120
C0257,2020-06,66
C0486,2021-01,197
C0601,2022-01,7
C0623,2022-01,6
C0292,2021-06,19
C0009,2021-07,85
C0243,2021-09,55
C0141,2022-04,52
C0633,2022-04,16
C0382,2022-03,113
C0417,2022-04,34
C0033,2022-04,49
C0450,2022-04,32
C0354,2021-05,60
C0349,2022-03,68
C0325,2021-11,1
C0339,2022-03,38
C0146,2022-05,71
C0276,2022-05,113
C0024,2022-05,18
C0069,2022-05,26
C0117,2022-03,43
C0153,2022-05,24
C0240,2022-05,13
C0175,2022-05,27
C0421,2022-05,32
C0345,2022-05,22
C0333,2020-11,37
C0048,2020-01,169
C0446,2020-01,143
C0241,2021-06,60
C0201,2020-02,36
C0472,2021-01,165
C0280,2021-05,29
C0421,2020-05,30
C0414,2020-12,35
C0256,2020-12,48
C0125,2020-07,52
C0086,2021-02,56
C0004,2020-09,38
C0302,2020-01,51
C0409,2020-07,40
C0469,2020-09,31
C0089,2020-03,45
C0140,2020-03,48
C0013,2020-06,19
C0237,2021-04,108
C0312,2020-08,9
C0132,2021-07,65
C0034,2021-04,30
C0330,2020-02,39
C0616,2022-06,25
C0352,2022-06,37
C0358,2022-06,85
C0532,2022-06,16
C0638,2022-06,1
C0614,2022-06,2
C0736,2022-06,6
C0044,2022-04,33
C0584,2022-06,20
C0104,2022-04,23
C0393,2022-11,83
C0626,2022-06,5
C0586,2022-06,4
C0322,2022-06,1
C0289,2022-02,33
C0604,2022-06,5
C0541,2022-06,4
C0348,2022-07,27
C0263,2022-07,76
C0316,2022-07,44
C0234,2022-07,37
C0671,2022-07,28
C0059,2022-07,29
C0590,2022-07,4
C0572,2022-07,19
C0476,2022-07,51
C0428,2022-02,22
C0366,2022-09,45
C0455,2021-01,100
C0471,2022-07,1
C0282,2021-10,32
C0021,2022-10,39
C0184,2022-10,193
C0192,2022-11,64
C0247,2022-10,55
C0140,2022-11,39
C0168,2022-11,10
C0243,2022-10,71
C0043,2022-10,39
C0089,2022-11,49
C0233,2022-10,66
C0082,2022-10,37
C0028,2022-11,28
C0093,2022-11,23
C0020,2020-01,113
C0665,2022-11,2
C0275,2021-06,73
C0061,2022-09,61
C0085,2022-12,31
C0221,2022-12,88
C0451,2022-08,33
C0289,2023-03,40
C0073,2023-03,85
C0012,2023-03,38
C0327,2023-03,30
C0343,2023-03,76
C0298,2023-03,33
C0313,2023-01,53
C0428,2023-03,35
C0062,2023-01,62
C0634,2023-03,23
C0197,2023-01,48
C0106,2023-02,75
C0427,2023-03,17
C0039,2023-03,2
C0355,2023-01,100
C0728,2023-01,61
C0135,2023-03,1
C0301,2023-02,31
C0271,2023-02,49
C0737,2023-03,3
C0660,2023-03,1
C0189,2023-02,85
C0664,2023-03,2
C0101,2023-02,19
C0531,2023-03,1
C0357,2023-01,35
C0129,2021-01,116
C0106,2023-04,77
C0189,2023-04,94
C0122,2023-04,127
C0271,2023-04,37
C0301,2023-04,24
C0101,2023-04,22
C0097,2023-04,8
C0657,2023-04,2
C0348,2023-07,37
C0316,2023-07,42
C0476,2023-07,79
C0059,2023-07,44
C0263,2023-07,67
C0120,2022-08,26
C0572,2023-07,12
C0527,2023-08,13
C0234,2023-07,45
C0461,2023-08,80
C0080,2023-08,96
C0100,2023-08,24
C0469,2023-08,28
C0056,2023-08,54
C0004,2023-08,46
C0086,2023-05,56
C0478,2023-06,85
C0173,2023-01,8
C0629,2023-01,2
C0058,2022-08,65
C0671,2023-07,29
C0098,2023-06,41
C0394,2023-05,58
C0191,2023-09,67
C0219,2023-09,37
C0295,2023-09,31
C0114,2023-09,52
C0176,2023-09,74
C0319,2023-09,10
C0360,2023-09,44
C0298,2023-12,46
C0012,2023-12,48
C0289,2023-12,46
C0428,2023-12,44
C0073,2023-12,73
C0343,2023-12,70
C0427,2023-12,25
C0327,2023-12,32
C0172,2023-11,44
C0634,2023-12,13
C0669,2023-12,2
C0122,2023-02,140
C0531,2023-12,3
C0113,2022-03,133
C0336,2022-03,6
C0005,2022-03,30
C0194,2022-03,78
C0272,2021-05,27
C0012,2022-02,28
C0514,2022-03,4
C0605,2022-03,2
C0073,2022-02,49
C0634,2022-02,11
C0512,2022-03,2
C0187,2021-05,3
C0227,2020-08,28
C0347,2020-02,23
C0416,2021-02,45
C0019,2020-07,41
C0615,2021-03,9
C0530,2020-10,25
C0304,2020-11,107
C0124,2020-01,14
C0177,2021-01,93
C0296,2022-05,11
C0654,2022-05,1
C0327,2022-02,28
C0411,2022-06,1
C0427,2022-02,23
C0535,2022-05,2
C0210,2022-09,33
C0362,2022-09,121
C0416,2022-09,55
C0086,2022-09,62
C0394,2022-09,51
C0489,2022-09,1
C0026,2022-08,16
C0685,2020-11,2
C0309,2022-09,4
C0307,2021-06,66
C0100,2020-09,33
C0287,2020-06,21
C0136,2022-08,45
C0253,2021-07,56
C0087,2023-01,13
C0082,2021-09,42
C0045,2020-02,67
C0547,2023-02,1
C0097,2023-02,7
C0215,2023-02,1
C0657,2023-02,2
C0278,2021-05,78
C0188,2021-04,53
C0485,2023-06,58
C0255,2023-06,56
C0712,2023-06,15
C0210,2023-05,34
C0362,2023-05,103
C0575,2022-10,6
C0471,2023-07,2
C0590,2023-07,2
C0601,2023-11,8
C0493,2023-10,82
C0623,2023-11,2
C0107,2023-11,9
C0203,2023-10,31
C0282,2023-10,32
C0564,2023-10,9
C0164,2023-10,25
C0039,2023-12,2
C0335,2023-12,2
C0445,2023-10,18
C0737,2023-12,3
C0636,2024-02,11
C0493,2024-01,296
C0457,2024-02,20
C0300,2024-02,58
C0593,2024-02,34
C0290,2024-01,153
C0695,2024-02,5
C0293,2024-03,92
C0282,2024-01,189
C0152,2024-04,57
C0343,2022-02,43
C0298,2022-02,31
C0317,2021-08,48
C0203,2021-10,33
C0341,2020-06,81
C0029,2021-06,31
C0105,2021-07,74
C0063,2021-05,79
C0154,2021-04,50
C0664,2022-02,1
C0408,2021-05,42
C0400,2020-06,32
C0374,2021-05,1
C0184,2021-09,200
C0238,2021-05,14
C0061,2021-02,47
C0369,2020-01,280
C0458,2021-07,35
C0474,2021-05,43
C0103,2021-06,57
C0345,2020-05,22
C0380,2021-04,17
C0338,2020-01,98
C0175,2020-05,38
C0200,2021-08,53
C0028,2020-03,38
C0332,2020-10,20
C0290,2021-10,49
C0219,2021-03,46
C0030,2020-04,5
C0069,2020-05,31
C0056,2020-09,54
C0217,2020-10,25
C0362,2021-02,67
C0254,2021-06,97
C0346,2020-08,31
C0166,2020-07,51
C0176,2021-03,94
C0334,2020-08,38
C0146,2020-05,54
C0743,2022-08,2
C0651,2020-06,16
C0529,2022-08,5
C0438,2022-12,3
C0209,2020-11,40
C0365,2022-10,4
C0309,2023-05,9
C0061,2023-05,66
C0416,2023-05,35
C0366,2023-05,42
C0598,2023-09,14
C0081,2023-09,3
C0615,2023-09,5
C0594,2023-09,2
C0290,2023-10,51
C0675,2023-10,14
C0536,2023-10,2
C0585,2023-10,2
C0231,2023-10,1
C0675,2024-01,77
C0164,2024-01,64
C0744,2024-05,45
C0445,2024-01,55
C0203,2024-01,81
C0564,2024-01,56
C0609,2024-01,10
C0231,2024-01,1
C0370,2024-01,28
C0741,2024-01,11
C0449,2024-01,4
C0007,2020-01,114
C0591,2020-01,5
C0256,2020-04,57
C0499,2020-01,5
C0414,2020-04,25
C0276,2020-05,145
C0240,2020-05,18
C0024,2020-05,16
C0123,2020-08,23
C0153,2020-05,32
C0267,2020-05,29
C0296,2020-05,21
C0716,2020-08,3
C0556,2020-08,19
C0245,2020-08,77
C0050,2020-08,50
C0570,2020-08,4
C0581,2020-08,5
C0328,2020-08,52
C0448,2020-08,33
C0080,2020-09,67
C0518,2020-08,5
C0126,2020-06,99
C0461,2020-09,43
C0509,2020-08,8
C0644,2020-08,8
C0488,2020-08,3
C0008,2020-09,2
C0527,2020-09,12
C0680,2020-07,31
C0093,2020-03,52
C0506,2020-10,9
C0185,2020-07,36
C0698,2020-09,2
C0168,2020-03,26
C0400,2024-05,52
C0006,2021-01,2
C0319,2021-03,20
C0233,2021-09,54
C0205,2020-11,40
C0720,2021-11,8
C0181,2020-07,22
C0210,2021-02,41
C0360,2021-03,43
C0366,2021-02,21
C0394,2021-02,27
C0309,2021-02,3
C0465,2021-07,34
C0630,2021-06,12
C0071,2021-07,45
C0436,2021-07,45
C0578,2021-06,5
C0625,2021-09,5
C0551,2021-07,10
C0388,2021-04,5
C0075,2021-04,57
C0145,2021-07,27
C0246,2021-07,7
C0156,2021-08,47
C0393,2020-03,63
C0356,2021-07,6
C0162,2020-06,14
C0329,2021-10,4
C0493,2021-10,74
C0043,2021-09,34
C0564,2021-10,11
C0675,2021-10,13
C0609,2021-10,3
C0015,2021-11,65
C0464,2021-11,45
C0696,2021-11,3
C0445,2021-10,19
C0431,2021-11,55
C0370,2021-10,6
C0585,2021-10,1
C0741,2021-10,1
C0742,2021-11,11
C0449,2021-10,1
C0295,2021-03,48
C0542,2021-11,3
C0489,2023-05,3
C0618,2023-09,1
C0342,2020-02,36
C0057,2020-02,54
C0434,2020-04,1
C0077,2020-04,2
C0371,2020-02,27
C0192,2020-03,51
C0549,2021-11,2
C0042,2022-03,4
C0497,2022-04,1
C0002,2020-02,33
C0662,2020-02,6
C0603,2020-02,8
C0294,2020-02,4
C0635,2020-02,4
C0715,2020-06,7
C0744,2020-06,14
C0444,2020-06,13
C0510,2020-07,25
C0619,2020-07,2
C0163,2020-07,5
C0157,2020-06,1
C0385,2020-10,30
C0031,2020-10,38
C0183,2020-11,56
C0017,2020-11,30
C0534,2020-11,6
C0030,2020-12,2
C0612,2020-09,1
C0191,2021-03,56
C0114,2021-03,37
C0598,2021-03,4
C0070,2021-04,47
C0425,2021-04,12
C0750,2021-04,5
C0035,2021-05,4
C0052,2021-04,1
C0242,2021-05,6
C0051,2021-05,1
C0729,2021-05,1
C0384,2021-01,2
C0299,2021-05,4
C0038,2021-08,20
C0632,2021-08,7
C0687,2021-08,7
C0575,2021-09,9
C0447,2021-09,2
C0049,2021-09,4
C0021,2021-09,31
C0624,2021-12,3
C0544,2021-12,1
C0656,2020-02,1
C0665,2020-03,2
C0648,2020-06,1
C0668,2020-10,1
C0563,2020-10,1
C0180,2020-10,1
C0558,2020-11,3
C0022,2020-10,1
C0404,2020-12,2
C0081,2021-03,1
C0470,2021-07,2
C0577,2021-08,2
C0353,2021-08,1
C0737,2022-02,2
C0039,2022-02,2
C0233,2025-10,115
C0404,2020-04,1
C0550,2020-08,2
C0077,2020-12,2
C0618,2021-03,1
C0726,2021-04,2
C0639,2021-02,1
C0096,2021-05,3
C0282,2024-06,63
C0721,2021-12,1
C0456,2021-12,1
C0367,2025-02,43
C0464,2026-05,109
C0089,2026-01,197
C0431,2026-05,58
C0542,2026-05,23
C0015,2026-05,99
C0315,2026-05,109
C0393,2026-01,221
C0093,2026-01,449
C0028,2026-01,250
C0423,2025-12,114
C0209,2026-07,48
C0304,2026-07,153
C0168,2026-01,121
C0072,2026-06,130
C0205,2026-07,95
C0192,2026-01,212
C0534,2026-07,32
C0183,2026-07,75
C0685,2026-07,9
C0634,2026-04,41
C0017,2026-07,28
C0333,2026-07,48
C0558,2026-07,9
C0664,2024-11,3
C0693,2025-01,19
C0250,2026-02,62
C0082,2025-09,52
C0427,2026-04,42
C0158,2026-06,145
C0137,2026-03,100
C0195,2025-11,110
C0223,2026-03,92
C0293,2026-02,94
C0451,2025-03,68
C0129,2025-11,114
C0327,2026-04,81
C0140,2026-01,187
C0136,2025-03,51
C0120,2025-03,39
C0348,2025-07,63
C0266,2026-08,45
C0428,2026-04,68
C0486,2025-11,193
C0683,2026-01,2
C0028,2025-04,86
C0053,2026-06,4
C0455,2025-11,83
C0177,2025-11,37
C0211,2025-11,71
C0286,2025-01,247
C0472,2025-11,68
C0243,2025-10,61
C0235,2025-01,188
C0171,2025-02,43
C0622,2025-01,69
C0184,2025-09,282
C0073,2026-04,90
C0184,2025-10,287
C0247,2025-09,77
C0351,2025-01,37
C0212,2026-03,105
C0575,2025-10,7
C0625,2025-10,6
C0454,2025-12,80
C0027,2025-12,54
C0501,2025-12,27
C0711,2025-12,3
C0179,2025-12,50
C0631,2025-01,43
C0665,2026-01,51
C0028,2024-08,54
C0289,2026-04,34
C0427,2025-06,28
C0428,2025-06,51
C0040,2025-02,132
C0243,2025-09,55
C0037,2026-08,190
C0290,2025-08,49
C0493,2025-08,109
C0643,2023-01,2
C0164,2024-06,23
C0178,2024-04,56
C0148,2023-01,5
C0337,2024-03,18
C0250,2024-03,47
C0067,2026-02,187
C0395,2026-03,69
C0606,2026-03,19
C0569,2026-03,17
C0174,2026-03,21
C0121,2026-02,166
C0718,2026-03,11
C0044,2024-10,42
C0043,2025-10,52
C0261,2025-01,2
C0157,2024-05,5
C0093,2024-08,15
C0232,2026-05,52
C0376,2026-01,5
C0720,2026-05,4
C0343,2026-04,94
C0178,2026-08,83
C0747,2024-09,18
C0140,2024-08,49
C0325,2026-05,6
C0642,2026-06,7
C0282,2025-08,68
C0696,2026-05,4
C0003,2026-06,18
C0597,2026-06,12
C0012,2026-04,30
C0420,2026-08,41
C0583,2025-12,13
C0264,2026-08,56
C0068,2026-08,41
C0214,2026-08,48
C0513,2026-08,11
C0221,2024-12,89
C0326,2026-08,4
C0264,2024-04,70
C0392,2026-08,5
C0121,2024-03,76
C0216,2024-02,19
C0462,2026-02,37
C0152,2026-08,53
C0602,2026-08,7
C0363,2026-08,6
C0432,2026-08,4
C0462,2024-03,26
C0564,2024-06,25
C0126,2024-05,95
C0037,2024-04,168
C0068,2024-04,33
C0089,2024-08,42
C0326,2024-04,92
C0420,2024-04,49
C0363,2024-04,27
C0602,2024-04,28
C0067,2024-03,199
C0266,2024-04,46
C0214,2024-04,26
C0393,2024-08,66
C0290,2024-06,49
C0115,2025-02,57
C0399,2024-09,66
C0513,2024-04,1
C0192,2024-08,68
C0037,2024-07,169
C0266,2024-07,52
C0493,2024-06,102
C0341,2024-05,102
C0257,2024-05,70
C0258,2025-02,124
C0651,2024-05,14
C0715,2024-05,8
C0444,2024-05,14
C0287,2024-05,20
C0013,2024-05,15
C0162,2024-05,11
C0327,2024-11,32
C0633,2024-10,21
C0452,2024-09,71
C0140,2025-04,53
C0445,2024-06,27
C0675,2024-06,17
C0203,2024-06,35
C0602,2024-07,27
C0230,2024-09,33
C0329,2024-06,2
C0449,2024-06,1
C0609,2024-06,2
C0741,2024-06,4
C0370,2024-06,3
C0420,2024-07,43
C0068,2024-07,31
C0214,2024-07,34
C0152,2024-07,49
C0178,2024-07,57
C0264,2024-07,83
C0426,2024-09,70
C0326,2024-07,26
C0513,2024-07,2
C0392,2024-07,6
C0428,2024-11,48
C0363,2024-07,24
C0104,2024-10,35
C0141,2024-10,45
C0450,2024-10,38
C0432,2024-07,2
C0417,2024-10,45
C0516,2025-02,14
C0012,2024-11,34
C0033,2024-10,46
C0329,2024-01,13
C0320,2025-02,64
C0343,2025-06,82
C0429,2024-09,40
C0676,2024-09,16
C0327,2025-06,51
C0206,2025-02,87
C0473,2025-05,99
C0073,2024-11,88
C0343,2024-11,78
C0634,2024-11,26
C0548,2025-01,23
C0476,2025-07,96
C0402,2025-02,45
C0249,2025-02,45
C0517,2025-02,10
C0437,2025-02,37
C0545,2025-02,6
C0192,2025-04,87
C0406,2025-02,10
C0289,2025-06,56
C0263,2025-07,60
C0239,2025-05,42
C0459,2025-05,75
C0010,2025-05,32
C0684,2025-05,29
C0378,2025-05,62
C0564,2025-08,21
C0671,2025-07,48
C0675,2025-08,31
C0164,2025-08,26
C0337,2026-02,22
C0021,2025-10,77
C0288,2025-12,11
C0298,2025-06,39
C0724,2025-01,10
C0262,2024-10,1
C0093,2025-04,29
C0059,2025-07,62
C0707,2025-12,3
C0298,2026-04,42
C0234,2025-07,36
C0487,2026-02,75
C0647,2026-02,12
C0433,2026-02,7
C0700,2026-02,21
C0082,2025-10,34
C0039,2026-04,9
C0298,2024-11,34
C0737,2026-04,11
C0531,2026-04,5
C0049,2025-10,6
C0740,2023-10,1
C0390,2026-01,1
C0089,2025-04,36
C0085,2024-12,51
C0058,2025-03,95
C0316,2025-07,48
C0073,2025-06,64
C0012,2025-06,32
C0634,2025-06,20
C0660,2025-06,2
C0737,2025-06,4
C0393,2025-04,75
C0531,2025-06,3
C0335,2025-06,1
C0247,2025-10,63
C0039,2025-06,2
C0203,2025-08,28
C0572,2025-07,21
C0590,2025-07,9
C0021,2025-09,68
C0233,2025-09,61
C0365,2025-09,6
C0043,2025-09,26
C0625,2025-09,3
C0026,2025-03,26
C0447,2025-10,2
C0365,2025-10,2
C0741,2025-08,2
C0447,2025-09,2
C0471,2025-07,1
C0427,2024-11,19
C0289,2024-11,46
C0664,2026-04,5
C0487,2024-03,35
C0700,2024-03,25
C0433,2024-03,3
C0127,2024-09,53
C0557,2024-09,37
C0713,2024-09,8
C0608,2024-09,2
C0617,2025-10,1
C0742,2026-05,3
C0168,2025-04,20
C0529,2025-03,8
C0743,2025-03,14
C0665,2025-04,7
C0376,2025-04,2
C0683,2025-04,2
C0669,2025-06,1
C0445,2025-08,17
C0370,2025-08,6
C0609,2025-08,7
C0006,2025-11,3
C0650,2025-05,2
C0575,2025-09,8
C0049,2025-09,2
C0617,2025-09,1
C0384,2025-11,1
C0039,2024-11,3
C0660,2026-04,1
C0647,2024-03,5
C0740,2024-06,1
C0168,2024-08,18
C0665,2024-08,5
C0683,2024-08,1
C0531,2024-11,6
C0740,2025-08,1
C0449,2025-08,3
C0329,2025-08,2
C0690,2024-05,1
C0571,2024-05,3
C0648,2024-05,1
C0392,2024-04,1
C0422,2025-03,1
C0664,2025-06,1
C0190,2022-06,1
C0625,2022-10,1
C0627,2023-02,1
C0698,2023-08,1
C0329,2023-10,3
C0370,2023-10,5
C0449,2023-10,1
C0135,2024-11,1
C0660,2024-11,1
C0453,2025-03,1
C0049,2022-10,4
C0609,2023-10,1
C0106,2021-11,47
C0129,2021-12,79
C0211,2021-12,71
C0177,2021-12,44
C0195,2021-12,45
C0189,2021-11,80
C0486,2021-12,101
C0455,2021-12,60
C0271,2021-11,43
C0472,2021-12,69
C0185,2022-01,100
C0019,2022-01,80
C0510,2022-01,47
C0401,2021-04,20
C0166,2022-01,110
C0125,2022-01,87
C0680,2022-01,22
C0228,2021-04,38
C0409,2022-01,99
C0038,2020-10,23
C0167,2021-04,40
C0181,2022-01,26
C0483,2020-06,55
C0490,2022-03,10
C0222,2022-04,70
C0112,2022-03,14
C0383,2022-03,34
C0213,2022-03,22
C0443,2022-04,51
C0481,2022-03,41
C0139,2022-03,26
C0592,2022-04,26
C0712,2022-02,16
C0485,2022-02,43
C0468,2022-08,51
C0163,2022-01,36
C0697,2022-04,4
C0032,2022-04,7
C0378,2022-05,48
C0459,2022-05,62
C0650,2022-05,4
C0239,2022-05,43
C0473,2022-05,44
C0236,2022-03,34
C0010,2022-05,30
C0182,2020-09,24
C0076,2020-11,96
C0072,2020-02,31
C0055,2020-09,32
C0155,2021-02,87
C0138,2020-09,48
C0225,2021-04,60
C0463,2021-01,84
C0071,2020-04,35
C0065,2021-02,26
C0256,2021-07,70
C0105,2020-04,48
C0311,2020-09,41
C0405,2021-01,143
C0378,2020-05,30
C0031,2021-08,42
C0143,2020-09,69
C0158,2020-02,66
C0555,2021-01,31
C0172,2020-07,50
C0667,2020-01,26
C0259,2022-06,68
C0151,2022-06,62
C0723,2022-06,20
C0731,2022-06,1
C0381,2022-06,9
C0478,2022-02,57
C0098,2022-02,35
C0589,2022-04,1
C0128,2022-03,79
C0424,2022-07,33
C0500,2022-07,4
C0218,2022-07,57
C0144,2022-07,27
C0746,2022-07,9
C0268,2022-06,1
C0619,2022-01,4
C0101,2021-11,29
C0368,2022-09,23
C0460,2022-11,42
C0223,2022-10,39
C0387,2022-11,37
C0395,2022-10,34
C0297,2022-11,39
C0137,2022-10,46
C0502,2022-11,1
C0174,2022-10,18
C0212,2022-10,35
C0606,2022-10,11
C0745,2022-11,6
C0065,2022-09,13
C0099,2022-11,2
C0465,2020-04,47
C0145,2020-04,32
C0465,2020-12,81
C0564,2022-12,19
C0493,2022-12,107
C0203,2022-12,35
C0445,2022-12,30
C0290,2022-12,70
C0585,2022-12,3
C0370,2022-12,6
C0282,2022-12,56
C0675,2022-12,17
C0164,2022-12,33
C0485,2023-03,43
C0255,2023-03,61
C0712,2023-03,23
C0098,2023-03,36
C0285,2023-01,76
C0102,2023-01,206
C0478,2023-03,96
C0528,2023-03,1
C0350,2023-01,243
C0269,2023-01,130
C0315,2023-02,59
C0464,2023-04,33
C0694,2023-01,16
C0410,2023-01,85
C0220,2023-01,36
C0047,2020-01,97
C0223,2021-09,49
C0303,2023-01,41
C0015,2023-04,58
C0431,2023-04,64
C0315,2023-04,55
C0232,2023-02,30
C0083,2021-06,38
C0232,2023-04,27
C0372,2022-03,19
C0542,2023-04,7
C0066,2022-09,41
C0696,2023-04,2
C0720,2023-04,7
C0742,2023-04,4
C0218,2023-07,69
C0144,2023-07,26
C0424,2023-07,50
C0500,2023-07,1
C0055,2023-08,32
C0011,2023-08,57
C0311,2023-08,38
C0645,2023-08,3
C0138,2023-08,60
C0169,2023-08,61
C0143,2023-08,46
C0727,2023-08,22
C0552,2023-08,21
C0182,2023-08,15
C0576,2023-08,3
C0539,2023-08,2
C0155,2023-05,146
C0507,2023-08,1
C0235,2023-09,38
C0286,2023-09,58
C0712,2023-12,23
C0485,2023-12,66
C0478,2023-12,95
C0098,2023-12,41
C0255,2023-12,75
C0221,2023-10,79
C0073,2023-06,66
C0409,2023-11,43
C0019,2023-11,25
C0528,2023-12,1
C0679,2022-03,1
C0097,2021-11,6
C0607,2022-03,4
C0277,2021-04,45
C0689,2022-03,11
C0538,2022-03,1
C0095,2022-03,2
C0396,2021-04,10
C0066,2021-02,25
C0436,2020-04,50
C0246,2020-12,12
C0435,2020-11,25
C0186,2020-01,75
C0161,2021-05,24
C0060,2021-06,174
C0009,2020-12,94
C0196,2021-05,63
C0364,2021-01,58
C0684,2022-05,6
C0155,2022-09,136
C0543,2022-09,2
C0681,2022-09,4
C0340,2022-08,78
C0001,2022-08,1
C0181,2023-11,20
C0105,2020-12,84
C0018,2020-11,15
C0212,2021-09,50
C0015,2023-02,49
C0741,2022-12,2
C0431,2023-02,64
C0464,2023-02,48
C0537,2021-04,114
C0696,2023-02,5
C0542,2023-02,9
C0742,2023-02,6
C0132,2020-04,62
C0720,2023-02,3
C0549,2023-02,2
C0552,2020-09,18
C0137,2021-09,37
C0327,2023-06,32
C0427,2023-06,11
C0289,2023-06,40
C0012,2023-06,30
C0634,2023-06,19
C0343,2023-06,74
C0066,2023-05,39
C0135,2023-06,1
C0298,2023-06,37
C0428,2023-06,38
C0368,2023-05,41
C0681,2023-05,3
C0746,2023-07,10
C0065,2023-05,17
C0317,2020-10,35
C0395,2021-09,38
C0283,2023-07,1
C0510,2023-11,49
C0680,2023-11,24
C0185,2023-11,45
C0166,2023-11,50
C0125,2023-11,51
C0163,2023-11,15
C0619,2023-11,2
C0133,2020-06,37
C0420,2024-02,42
C0602,2024-02,20
C0068,2024-02,39
C0037,2024-02,158
C0264,2024-02,77
C0152,2024-02,46
C0214,2024-02,22
C0266,2024-02,41
C0392,2024-02,12
C0178,2024-02,52
C0326,2024-02,36
C0160,2021-06,13
C0255,2022-02,50
C0530,2021-08,41
C0252,2021-06,40
C0391,2021-04,33
C0122,2021-11,131
C0009,2020-04,88
C0145,2020-12,52
C0208,2021-05,27
C0439,2020-08,18
C0174,2021-09,9
C0253,2020-04,37
C0551,2020-12,8
C0475,2021-04,48
C0714,2021-04,27
C0150,2020-06,15
C0460,2020-03,41
C0094,2020-06,23
C0091,2020-01,49
C0725,2021-01,7
C0064,2021-05,2
C0235,2021-03,62
C0109,2021-05,46
C0539,2020-09,7
C0482,2020-11,59
C0286,2021-03,66
C0661,2022-08,1
C0678,2022-08,10
C0520,2022-08,10
C0504,2022-08,3
C0308,2022-08,4
C0418,2022-08,3
C0329,2022-12,2
C0314,2022-03,3
C0609,2022-12,3
C0569,2022-10,21
C0130,2020-06,34
C0536,2022-12,1
C0549,2023-04,2
C0515,2023-01,10
C0543,2023-05,4
C0622,2023-09,15
C0724,2023-09,5
C0548,2023-09,10
C0351,2023-09,3
C0693,2023-09,3
C0631,2023-09,3
C0085,2023-10,37
C0438,2023-10,2
C0085,2024-01,126
C0221,2024-01,234
C0519,2020-01,5
C0745,2020-03,7
C0473,2020-05,43
C0010,2020-05,21
C0459,2020-05,37
C0239,2020-05,47
C0156,2020-10,51
C0458,2020-04,19
C0387,2020-03,51
C0053,2020-02,4
C0003,2020-02,16
C0375,2020-08,22
C0430,2020-08,24
C0169,2020-09,28
C0011,2020-09,30
C0576,2020-09,4
C0727,2020-09,31
C0502,2020-03,1
C0415,2021-06,25
C0386,2024-03,53
C0674,2021-01,7
C0134,2020-11,36
C0132,2020-12,75
C0622,2021-03,12
C0297,2020-03,27
C0412,2021-04,41
C0200,2020-10,39
C0624,2021-01,7
C0458,2020-12,27
C0566,2021-01,3
C0130,2024-05,53
C0368,2021-02,38
C0681,2021-02,3
C0414,2021-07,45
C0600,2021-06,4
C0646,2021-06,3
C0419,2021-04,45
C0404,2021-07,5
C0030,2021-07,6
C0077,2021-07,4
C0193,2021-04,6
C0221,2021-10,53
C0217,2021-08,27
C0085,2021-10,44
C0301,2021-11,26
C0108,2023-05,4
C0101,2026-05,59
C0329,2024-12,3
C0684,2020-05,2
C0650,2020-05,2
C0645,2020-09,1
C0440,2020-11,34
C0627,2021-11,3
C0332,2021-08,13
C0597,2020-02,2
C0642,2020-02,3
C0202,2020-06,62
C0310,2020-06,21
C0318,2020-06,13
C0373,2020-06,2
C0526,2020-06,2
C0623,2020-07,7
C0601,2020-07,5
C0107,2020-07,6
C0577,2020-10,5
C0560,2020-11,3
C0353,2020-10,3
C0436,2020-12,56
C0253,2020-12,48
C0071,2020-12,47
C0548,2021-03,3
C0693,2021-03,8
C0456,2021-01,5
C0351,2021-03,7
C0724,2021-03,2
C0631,2021-03,2
C0398,2021-04,49
C0046,2021-04,31
C0407,2021-04,27
C0533,2021-04,8
C0672,2021-05,9
C0088,2021-05,32
C0710,2021-05,3
C0524,2021-04,3
C0441,2021-05,3
C0540,2021-05,3
C0281,2021-05,2
C0385,2021-08,35
C0506,2021-08,15
C0180,2021-08,1
C0606,2021-09,3
C0569,2021-09,11
C0718,2021-09,5
C0006,2021-12,2
C0637,2020-02,1
C0246,2020-04,6
C0551,2020-04,3
C0632,2020-10,1
C0687,2020-10,5
C0356,2020-12,6
C0142,2021-07,2
C0563,2021-08,1
C0215,2021-11,1
C0657,2021-11,1
C0547,2021-11,1
C0470,2020-04,2
C0356,2020-04,1
C0553,2020-08,4
C0682,2020-08,2
C0470,2020-12,2
C0543,2021-02,1
C0085,2024-06,36
C0574,2021-04,2
C0525,2021-06,3
C0115,2025-12,117
C0271,2026-05,89
C0098,2026-04,79
C0097,2026-05,13
C0301,2026-05,47
C0122,2026-05,214
C0745,2026-01,35
C0460,2026-01,144
C0189,2026-05,161
C0106,2026-05,132
C0297,2026-01,247
C0018,2026-07,77
C0330,2026-06,139
C0076,2026-07,136
C0435,2026-07,75
C0045,2026-06,68
C0134,2026-07,42
C0387,2026-01,94
C0482,2026-07,153
C0440,2026-07,25
C0560,2026-07,18
C0547,2026-05,4
C0057,2026-06,61
C0347,2026-06,43
C0021,2026-03,67
C0170,2026-02,175
C0395,2025-09,46
C0243,2026-03,86
C0371,2026-06,61
C0258,2025-12,250
C0480,2026-07,3
C0137,2025-09,86
C0718,2025-09,7
C0267,2025-05,53
C0367,2025-12,79
C0082,2026-03,80
C0233,2026-03,93
C0468,2025-03,117
C0295,2025-01,107
C0191,2025-01,285
C0206,2025-12,115
C0712,2025-06,27
C0364,2025-11,45
C0555,2025-11,31
C0725,2025-11,15
C0405,2025-11,112
C0463,2025-11,80
C0418,2025-03,24
C0081,2025-01,5
C0360,2025-01,217
C0176,2025-01,250
C0566,2025-11,10
C0437,2025-12,168
C0170,2024-03,105
C0219,2025-01,166
C0624,2025-11,16
C0184,2026-03,374
C0438,2025-08,3
C0114,2025-01,197
C0598,2025-01,95
C0544,2025-11,2
C0223,2025-10,48
C0674,2025-11,6
C0320,2025-12,111
C0040,2025-12,178
C0406,2025-12,70
C0171,2025-12,67
C0249,2025-12,34
C0402,2025-12,126
C0098,2025-06,42
C0460,2024-08,40
C0491,2026-01,2
C0223,2025-09,70
C0319,2025-01,62
C0099,2026-01,8
C0164,2024-12,35
C0305,2023-01,5
C0027,2025-02,28
C0231,2024-12,2
C0043,2026-03,76
C0159,2026-02,82
C0265,2026-02,33
C0247,2026-03,61
C0149,2026-02,9
C0739,2026-02,12
C0049,2026-03,6
C0447,2026-03,11
C0594,2025-01,9
C0625,2026-03,7
C0575,2026-03,10
C0212,2025-10,48
C0424,2025-07,42
C0098,2024-11,38
C0657,2026-05,5
C0255,2026-04,74
C0745,2025-04,7
C0002,2026-06,126
C0201,2026-06,51
C0342,2026-06,74
C0603,2026-06,34
C0712,2026-04,34
C0386,2026-02,45
C0695,2026-08,12
C0457,2026-08,40
C0593,2026-08,87
C0224,2026-02,87
C0300,2026-08,30
C0216,2026-08,62
C0636,2026-08,20
C0423,2025-02,98
C0203,2024-12,38
C0024,2025-05,30
C0331,2021-04,1
C0216,2024-04,30
C0635,2026-06,3
C0294,2026-06,19
C0502,2026-01,6
C0621,2025-12,2
C0483,2024-05,76
C0224,2024-03,52
C0221,2024-06,79
C0438,2024-01,7
C0202,2024-05,95
C0133,2024-05,81
C0297,2024-08,67
C0593,2024-04,35
C0300,2024-04,35
C0159,2024-03,47
C0695,2024-04,4
C0457,2024-04,20
C0493,2024-12,112
C0636,2024-04,17
C0379,2024-03,29
C0149,2024-03,28
C0310,2024-05,31
C0318,2024-05,19
C0150,2024-05,29
C0094,2024-05,30
C0478,2024-11,111
C0445,2024-12,36
C0438,2024-06,5
C0146,2025-05,137
C0421,2025-05,38
C0636,2024-07,17
C0593,2024-07,43
C0457,2024-07,24
C0695,2024-07,8
C0255,2024-11,85
C0387,2024-08,35
C0216,2024-07,29
C0443,2024-10,78
C0222,2024-10,63
C0697,2024-10,7
C0592,2024-10,34
C0032,2024-10,1
C0613,2024-10,3
C0546,2024-10,3
C0589,2024-10,1
C0016,2024-09,45
C0218,2025-07,94
C0300,2024-07,32
C0179,2025-02,32
C0485,2024-11,62
C0520,2025-03,4
C0282,2024-12,62
C0069,2025-05,34
C0276,2025-05,140
C0501,2025-02,11
C0564,2024-12,29
C0454,2025-02,20
C0478,2025-06,91
C0583,2025-02,3
C0288,2025-02,11
C0707,2025-02,2
C0615,2025-01,20
C0255,2025-06,62
C0340,2025-03,45
C0297,2025-04,105
C0175,2025-05,30
C0240,2025-05,22
C0345,2025-05,22
C0296,2025-05,32
C0478,2026-04,79
C0153,2025-05,28
C0656,2026-06,10
C0023,2026-06,1
C0662,2026-06,4
C0467,2021-09,1
C0379,2026-02,34
C0516,2025-12,16
C0517,2025-12,8
C0545,2025-12,5
C0498,2024-03,11
C0460,2025-04,39
C0738,2025-12,5
C0039,2023-06,5
C0498,2026-02,19
C0582,2026-02,15
C0221,2025-08,112
C0485,2026-04,67
C0365,2026-03,6
C0718,2025-10,14
C0137,2025-10,79
C0283,2025-07,1
C0485,2025-06,62
C0085,2025-08,46
C0528,2025-06,1
C0144,2025-07,26
C0569,2025-09,8
C0174,2025-09,13
C0606,2025-10,13
C0212,2025-09,59
C0395,2025-10,55
C0569,2025-10,16
C0174,2025-10,16
C0606,2025-09,7
C0387,2025-04,39
C0739,2024-03,7
C0582,2024-03,13
C0265,2024-03,8
C0363,2024-02,19
C0432,2024-02,3
C0290,2024-12,50
C0675,2024-12,14
C0370,2024-12,8
C0504,2025-03,12
C0099,2025-04,2
C0712,2024-11,16
C0618,2025-01,3
C0678,2025-03,16
C0308,2025-03,9
C0609,2024-12,2
C0500,2025-07,6
C0746,2025-07,8
C0535,2025-05,1
C0479,2026-02,2
C0513,2024-02,4
C0260,2024-03,1
C0745,2024-08,8
C0740,2024-12,3
C0741,2024-12,4
C0588,2024-09,1
C0502,2025-04,1
C0526,2024-05,2
C0261,2023-09,1
C0528,2024-11,1
C0654,2025-05,1
C0718,2022-10,3
C0737,2023-06,2
C0531,2023-06,4
C0335,2023-06,1
C0669,2023-06,1
C0704,2024-03,1
C0254,2021-12,114
C0275,2021-12,75
C0241,2021-12,66
C0307,2021-12,66
C0029,2021-12,22
C0459,2021-11,56
C0103,2021-12,56
C0378,2021-11,50
C0484,2021-12,53
C0318,2022-11,24
C0247,2022-01,108
C0184,2022-01,580
C0043,2022-01,89
C0021,2022-01,91
C0233,2022-01,176
C0128,2021-04,98
C0243,2022-01,119
C0082,2022-01,95
C0405,2021-06,59
C0160,2021-01,42
C0049,2022-01,13
C0578,2021-12,8
C0252,2021-01,96
C0033,2021-08,47
C0575,2022-01,20
C0221,2021-05,75
C0292,2021-12,11
C0403,2021-12,5
C0143,2021-07,46
C0060,2021-01,357
C0469,2020-04,29
C0236,2021-04,36
C0088,2021-10,40
C0079,2021-01,10
C0104,2021-08,21
C0066,2020-01,110
C0083,2021-01,100
C0200,2022-04,46
C0398,2022-03,45
C0317,2022-04,54
C0122,2022-05,126
C0415,2021-01,67
C0419,2022-03,53
C0156,2022-04,58
C0167,2022-03,41
C0228,2022-03,33
C0537,2022-03,157
C0407,2022-03,44
C0412,2022-03,40
C0193,2022-03,8
C0097,2022-05,7
C0533,2022-03,11
C0018,2022-06,24
C0401,2022-03,38
C0189,2022-05,76
C0106,2022-05,51
C0101,2022-05,32
C0301,2022-05,45
C0271,2022-05,30
C0225,2022-03,65
C0215,2022-05,1
C0657,2022-05,5
C0469,2020-12,30
C0133,2020-03,54
C0055,2021-07,36
C0112,2021-04,13
C0399,2020-02,82
C0372,2021-04,22
C0149,2021-03,29
C0461,2020-12,47
C0311,2021-07,40
C0426,2020-02,60
C0165,2020-08,31
C0155,2020-01,329
C0452,2020-02,31
C0189,2020-05,85
C0137,2020-07,57
C0443,2020-10,49
C0101,2020-05,29
C0368,2020-01,83
C0483,2020-03,42
C0100,2020-12,35
C0318,2020-03,26
C0108,2020-01,3
C0440,2022-06,21
C0560,2022-06,7
C0076,2022-06,95
C0134,2022-06,48
C0482,2022-06,72
C0435,2022-06,35
C0102,2022-02,51
C0350,2022-02,35
C0046,2022-03,24
C0593,2022-07,16
C0695,2022-07,5
C0300,2022-07,28
C0457,2022-07,38
C0216,2022-07,36
C0379,2021-03,37
C0463,2021-06,40
C0475,2022-03,66
C0365,2022-01,7
C0196,2021-10,53
C0285,2022-02,31
C0202,2022-11,104
C0133,2022-11,58
C0094,2022-11,45
C0172,2022-10,54
C0483,2022-11,68
C0130,2022-11,44
C0310,2022-11,22
C0526,2022-11,6
C0150,2022-11,13
C0373,2022-11,3
C0051,2022-12,3
C0354,2022-12,78
C0408,2022-12,48
C0063,2022-12,75
C0238,2022-12,22
C0272,2022-12,43
C0278,2022-12,106
C0280,2022-12,31
C0396,2022-03,11
C0242,2022-12,8
C0474,2022-12,51
C0729,2022-12,4
C0410,2023-03,52
C0102,2023-03,51
C0269,2023-03,63
C0220,2023-03,28
C0485,2023-01,121
C0303,2023-03,10
C0515,2023-03,11
C0285,2023-03,48
C0350,2023-03,58
C0255,2023-01,149
C0098,2023-01,46
C0694,2023-03,7
C0146,2023-02,67
C0288,2022-08,8
C0501,2022-08,8
C0508,2023-03,2
C0478,2023-01,165
C0712,2023-01,30
C0047,2022-09,65
C0175,2023-02,41
C0423,2022-08,53
C0069,2023-04,14
C0276,2023-04,105
C0146,2023-04,79
C0267,2023-04,41
C0421,2023-04,32
C0024,2023-04,18
C0153,2023-04,25
C0240,2023-04,13
C0175,2023-04,34
C0296,2023-04,23
C0386,2021-03,74
C0345,2023-04,17
C0153,2023-02,28
C0267,2023-02,36
C0535,2023-04,1
C0695,2023-07,6
C0593,2023-07,27
C0300,2023-07,53
C0636,2023-07,11
C0457,2023-07,26
C0256,2023-08,72
C0414,2023-08,35
C0077,2023-08,3
C0030,2023-08,3
C0313,2023-06,32
C0196,2023-10,67
C0498,2023-09,7
C0170,2023-09,84
C0582,2023-09,10
C0149,2023-09,26
C0224,2023-09,40
C0379,2023-09,26
C0386,2023-09,48
C0350,2023-12,124
C0285,2023-12,37
C0303,2023-12,18
C0102,2023-12,67
C0220,2023-12,18
C0269,2023-12,61
C0410,2023-12,48
C0575,2023-11,9
C0694,2023-12,8
C0515,2023-12,9
C0728,2023-06,22
C0277,2022-03,45
C0714,2022-03,34
C0391,2022-03,34
C0220,2022-02,24
C0574,2022-03,4
C0038,2022-04,24
C0611,2022-02,2
C0524,2022-03,2
C0169,2021-07,43
C0065,2020-01,95
C0271,2020-05,43
C0174,2020-07,8
C0127,2020-02,45
C0460,2020-06,33
C0627,2022-05,1
C0179,2022-08,24
C0667,2022-09,14
C0091,2022-09,23
C0186,2022-09,54
C0519,2022-09,3
C0056,2020-04,41
C0323,2020-08,33
C0147,2022-01,2
C0004,2020-04,46
C0208,2023-10,24
C0454,2022-08,18
C0027,2022-08,33
C0024,2023-02,19
C0421,2023-02,20
C0296,2023-02,22
C0035,2022-12,5
C0240,2023-02,18
C0276,2023-02,107
C0527,2020-12,9
C0345,2023-02,21
C0069,2023-02,20
C0122,2020-05,115
C0324,2020-08,43
C0350,2026-04,103
C0623,2021-09,4
C0297,2020-06,19
C0528,2023-01,1
C0197,2023-06,25
C0062,2023-06,47
C0047,2023-05,71
C0355,2023-06,54
C0186,2023-05,50
C0357,2023-06,29
C0208,2021-10,22
C0216,2023-07,16
C0247,2023-11,52
C0184,2023-11,269
C0243,2023-11,60
C0233,2023-11,67
C0021,2023-11,44
C0043,2023-11,43
C0082,2023-11,20
C0365,2023-11,3
C0049,2023-11,4
C0625,2023-11,4
C0064,2023-10,2
C0617,2023-11,1
C0159,2023-09,38
C0508,2023-12,1
C0442,2023-09,2
C0611,2023-12,1
C0059,2024-02,43
C0263,2024-02,62
C0387,2024-05,43
C0423,2025-03,109
C0234,2024-02,37
C0476,2024-02,73
C0316,2024-02,39
C0572,2024-02,14
C0348,2024-02,45
C0590,2024-02,10
C0671,2024-02,39
C0172,2021-09,54
C0447,2022-01,7
C0389,2020-08,37
C0625,2022-01,2
C0170,2021-03,98
C0269,2022-02,37
C0515,2022-02,8
C0303,2022-02,12
C0080,2020-04,76
C0461,2020-04,44
C0410,2022-02,34
C0630,2021-12,14
C0151,2020-11,67
C0694,2022-02,4
C0141,2021-08,59
C0010,2021-11,30
C0130,2020-03,32
C0106,2020-05,48
C0056,2020-12,63
C0097,2020-05,12
C0139,2021-04,25
C0306,2020-08,35
C0310,2020-03,26
C0429,2020-02,41
C0674,2021-06,7
C0011,2021-07,43
C0417,2021-08,39
C0583,2022-08,9
C0711,2022-08,1
C0707,2022-08,2
C0299,2022-12,4
C0353,2022-04,3
C0091,2023-05,24
C0667,2023-05,11
C0739,2023-09,12
C0265,2023-09,7
C0260,2023-09,1
C0109,2023-10,50
C0161,2023-10,20
C0672,2023-10,17
C0088,2023-10,39
C0540,2023-10,6
C0441,2023-10,4
C0672,2024-01,54
C0088,2024-01,87
C0109,2024-01,288
C0161,2024-01,142
C0196,2024-01,268
C0693,2024-03,10
C0208,2024-01,133
C0064,2024-01,9
C0441,2024-01,17
C0540,2024-01,18
C0100,2020-04,36
C0008,2020-04,2
C0301,2020-05,24
C0612,2020-04,2
C0627,2020-05,1
C0230,2020-02,36
C0527,2020-04,8
C0670,2020-08,13
C0226,2020-08,72
C0653,2020-08,2
C0251,2020-08,43
C0414,2020-09,38
C0521,2020-08,12
C0270,2020-08,54
C0321,2020-08,5
C0030,2020-09,3
C0150,2020-03,22
C0077,2020-09,2
C0004,2020-12,53
C0080,2020-12,76
C0159,2021-03,34
C0525,2021-01,3
C0600,2021-01,7
C0109,2021-10,53
C0364,2021-06,23
C0212,2020-07,46
C0315,2025-05,84
C0047,2021-02,59
C0091,2021-02,24
C0186,2021-02,47
C0667,2021-02,9
C0481,2021-04,40
C0538,2021-04,4
C0438,2021-05,1
C0094,2020-03,28
C0555,2021-06,9
C0725,2021-06,7
C0624,2021-06,4
C0182,2021-07,13
C0646,2021-01,6
C0727,2021-07,32
C0552,2021-07,18
C0138,2021-07,49
C0239,2021-11,44
C0539,2021-07,7
C0576,2021-07,3
C0383,2021-04,36
C0441,2021-10,3
C0161,2021-10,29
C0672,2021-10,10
C0473,2021-11,53
C0456,2021-06,2
C0540,2021-10,4
C0710,2021-10,1
C0633,2021-08,17
C0096,2022-12,1
C0681,2020-01,6
C0256,2020-09,43
C0224,2021-03,39
C0684,2021-11,4
C0281,2021-10,2
C0133,2025-04,108
C0577,2022-04,8
C0557,2020-02,41
C0543,2020-01,4
C0713,2020-02,4
C0676,2020-02,7
C0747,2020-02,2
C0387,2020-06,40
C0395,2020-07,42
C0745,2020-06,6
C0569,2020-07,20
C0223,2020-07,45
C0606,2020-07,4
C0718,2020-07,6
C0222,2020-10,69
C0259,2020-11,57
C0589,2020-10,3
C0592,2020-10,12
C0032,2020-10,5
C0381,2020-11,3
C0723,2020-11,15
C0265,2021-03,14
C0612,2020-12,3
C0739,2021-03,4
C0582,2021-03,11
C0479,2021-03,1
C0498,2021-03,9
C0490,2021-04,12
C0213,2021-04,16
C0085,2021-05,32
C0689,2021-04,5
C0679,2021-04,2
C0450,2021-08,30
C0044,2021-08,25
C0497,2021-08,1
C0095,2021-04,2
C0601,2021-09,3
C0107,2021-09,5
C0722,2021-10,1
C0608,2020-02,2
C0202,2020-03,52
C0526,2020-03,3
C0657,2020-05,1
C0502,2020-06,4
C0697,2020-10,5
C0613,2020-10,2
C0719,2020-08,5
C0546,2020-10,1
C0519,2021-02,1
C0652,2021-02,1
C0645,2021-07,1
C0650,2021-11,5
C0686,2020-08,4
C0699,2020-08,1
C0008,2020-12,1
C0607,2021-04,2
C0092,2021-04,1
C0544,2021-06,2
C0566,2021-06,2
C0721,2021-06,1
C0473,2026-05,168
C0125,2026-03,83
C0010,2026-05,92
C0130,2026-01,542
C0684,2026-05,37
C0459,2026-05,68
C0239,2026-05,52
C0650,2026-05,5
C0350,2025-06,105
C0318,2026-01,120
C0293,2025-01,364
C0378,2026-05,102
C0161,2024-06,45
C0250,2025-01,169
C0483,2026-01,259
C0259,2026-07,88
C0151,2026-07,128
C0202,2026-01,217
C0381,2026-07,49
C0150,2026-01,135
C0133,2026-01,199
C0723,2026-07,30
C0016,2026-06,80
C0161,2025-08,39
C0102,2026-04,122
C0310,2026-01,47
C0208,2024-06,50
C0094,2026-01,122
C0218,2026-08,65
C0397,2026-01,1
C0273,2026-06,5
C0350,2024-11,63
C0160,2025-11,19
C0121,2025-01,202
C0060,2025-11,251
C0593,2025-07,65
C0252,2025-11,83
C0067,2025-01,669
C0433,2025-01,21
C0415,2025-11,34
C0083,2025-11,64
C0700,2025-01,70
C0130,2025-04,65
C0468,2025-02,109
C0525,2025-11,3
C0079,2025-11,6
C0600,2025-11,12
C0487,2025-01,187
C0511,2025-11,1
C0310,2025-04,31
C0647,2025-01,23
C0058,2025-12,119
C0181,2026-03,51
C0462,2025-01,73
C0026,2025-12,24
C0743,2025-12,15
C0451,2025-12,105
C0144,2024-04,28
C0136,2025-12,77
C0529,2025-12,15
C0163,2026-03,18
C0120,2025-12,35
C0036,2026-01,5
C0510,2026-03,46
C0208,2025-08,32
C0269,2026-04,40
C0285,2026-04,92
C0464,2025-05,67
C0337,2025-01,47
C0102,2024-11,70
C0102,2025-06,78
C0409,2026-03,73
C0351,2026-02,16
C0235,2026-02,89
C0166,2026-03,85
C0019,2026-03,44
C0680,2026-03,25
C0457,2025-07,31
C0185,2026-03,89
C0619,2026-03,20
C0474,2024-12,54
C0631,2026-02,9
C0347,2024-09,31
C0088,2025-08,53
C0220,2024-11,21
C0310,2024-08,21
C0354,2024-12,94
C0410,2026-04,57
C0084,2026-05,1
C0216,2025-07,33
C0220,2026-04,19
C0202,2025-04,98
C0717,2026-06,1
C0424,2026-08,47
C0746,2026-08,12
C0272,2024-12,38
C0299,2024-12,11
C0303,2024-11,12
C0526,2026-01,12
C0318,2025-04,25
C0144,2026-08,43
C0130,2024-08,51
C0548,2026-02,6
C0515,2026-04,13
C0500,2026-08,5
C0202,2024-08,91
C0281,2024-01,3
C0218,2024-04,73
C0424,2024-04,39
C0746,2024-04,7
C0099,2024-05,4
C0471,2024-02,1
C0235,2024-03,67
C0483,2024-08,75
C0297,2024-05,68
C0500,2024-04,8
C0622,2024-03,15
C0045,2024-09,59
C0094,2024-08,32
C0460,2024-05,51
C0745,2024-05,5
C0109,2024-06,65
C0286,2024-03,92
C0371,2024-09,39
C0278,2024-12,129
C0196,2024-06,65
C0179,2025-03,31
C0088,2024-06,37
C0063,2024-12,98
C0672,2024-06,15
C0540,2024-06,5
C0038,2024-10,28
C0424,2024-07,46
C0722,2024-06,1
C0285,2024-11,59
C0408,2024-12,56
C0441,2024-06,3
C0500,2024-07,5
C0218,2024-07,72
C0746,2024-07,9
C0144,2024-07,25
C0200,2024-10,43
C0317,2024-10,49
C0577,2024-10,20
C0583,2025-03,7
C0156,2024-10,63
C0632,2024-10,4
C0687,2024-10,12
C0353,2024-10,5
C0722,2024-01,3
C0330,2024-09,102
C0342,2024-09,52
C0724,2024-03,5
C0133,2024-08,77
C0057,2024-09,53
C0294,2024-09,7
C0672,2025-08,35
C0051,2024-12,2
C0269,2024-11,40
C0694,2024-11,16
C0280,2024-12,52
C0431,2025-05,110
C0318,2024-08,30
C0340,2025-02,51
C0678,2025-02,11
C0504,2025-02,6
C0418,2025-02,18
C0308,2025-02,7
C0285,2025-06,56
C0001,2025-02,1
C0172,2025-10,50
C0661,2025-02,1
C0520,2025-02,8
C0238,2024-12,29
C0015,2025-05,70
C0542,2025-05,12
C0232,2025-05,49
C0720,2025-05,7
C0696,2025-05,2
C0742,2025-05,7
C0549,2025-05,4
C0373,2026-01,2
C0731,2026-07,2
C0454,2025-03,12
C0291,2026-08,1
C0710,2024-01,1
C0300,2025-07,15
C0288,2025-03,8
C0623,2025-10,8
C0109,2025-08,100
C0694,2026-04,12
C0286,2026-02,96
C0693,2026-02,10
C0622,2026-02,21
C0724,2026-02,8
C0410,2024-11,50
C0172,2025-09,27
C0204,2026-03,3
C0303,2026-04,14
C0508,2026-04,1
C0588,2026-06,2
C0268,2026-07,1
C0220,2025-06,26
C0269,2025-06,49
C0410,2025-06,38
C0611,2025-06,5
C0694,2025-06,10
C0196,2025-08,78
C0515,2025-06,10
C0508,2025-06,2
C0303,2025-06,16
C0636,2025-07,20
C0373,2025-04,2
C0325,2025-05,2
C0695,2025-07,10
C0623,2025-09,8
C0107,2025-10,7
C0559,2025-10,2
C0094,2025-04,35
C0305,2026-04,2
C0201,2024-09,48
C0351,2024-03,4
C0002,2024-09,70
C0603,2024-09,21
C0656,2024-09,2
C0635,2024-09,3
C0662,2024-09,6
C0548,2024-03,6
C0035,2024-12,3
C0601,2025-10,2
C0611,2026-04,2
C0150,2024-08,22
C0729,2024-12,2
C0483,2025-04,82
C0150,2025-04,22
C0501,2025-03,21
C0027,2025-03,24
C0540,2025-08,10
C0611,2024-11,2
C0711,2025-03,2
C0187,2024-12,2
C0526,2025-04,3
C0107,2025-09,5
C0601,2025-09,5
C0559,2025-09,1
C0646,2025-11,1
C0404,2020-09,2
C0631,2024-03,4
C0526,2024-08,2
C0242,2024-12,8
C0374,2024-12,1
C0710,2025-08,1
C0441,2025-08,2
C0281,2025-08,1
C0064,2025-08,2
C0502,2024-05,3
C0064,2024-06,1
C0710,2024-06,1
C0515,2024-11,14
C0508,2024-11,1
C0187,2022-12,1
C0707,2025-03,2
C0096,2024-12,1
C0632,2022-04,1
C0687,2022-04,1
C0636,2022-07,6
C0479,2023-09,1
C0519,2023-05,2
C0601,2022-10,2
C0107,2022-10,9
C0623,2022-10,2
C0710,2023-10,2
C0447,2023-11,1
C0087,2023-06,1
C0173,2023-06,1
C0148,2023-06,1
C0244,2024-03,1
C0436,2021-12,116
C0105,2021-12,62
C0465,2021-12,53
C0132,2021-12,77
C0009,2021-12,111
C0246,2021-12,8
C0253,2021-12,57
C0071,2021-12,49
C0356,2021-12,4
C0145,2021-12,41
C0470,2021-12,2
C0338,2021-10,48
C0021,2021-11,53
C0082,2021-11,38
C0414,2021-01,77
C0043,2021-11,44
C0243,2021-11,75
C0378,2022-01,71
C0405,2021-07,49
C0010,2022-01,42
C0473,2022-01,75
C0239,2022-01,61
C0689,2021-08,6
C0061,2021-05,58
C0459,2022-01,88
C0684,2022-01,7
C0372,2021-08,24
C0203,2020-01,76
C0450,2021-04,31
C0149,2020-06,31
C0247,2021-11,57
C0458,2021-12,24
C0674,2021-07,2
C0551,2021-12,4
C0154,2022-04,52
C0188,2022-04,44
C0530,2022-03,55
C0237,2022-04,91
C0034,2022-04,55
C0563,2022-03,2
C0332,2022-03,17
C0650,2022-01,5
C0075,2022-04,52
C0031,2022-03,43
C0015,2022-10,52
C0070,2022-04,36
C0184,2021-11,211
C0380,2022-04,21
C0476,2022-02,52
C0425,2022-04,6
C0234,2022-02,31
C0163,2022-05,18
C0125,2022-05,44
C0180,2022-03,4
C0619,2022-05,2
C0185,2022-05,46
C0181,2022-05,26
C0019,2022-05,33
C0409,2022-05,42
C0166,2022-05,48
C0671,2022-02,16
C0217,2022-03,33
C0680,2022-05,21
C0510,2022-05,38
C0609,2020-01,13
C0165,2020-11,26
C0129,2020-12,74
C0195,2020-12,54
C0033,2021-04,63
C0486,2020-12,96
C0455,2020-04,43
C0286,2020-03,60
C0164,2020-01,74
C0240,2020-07,22
C0486,2020-04,60
C0259,2020-08,69
C0370,2020-01,8
C0138,2021-06,50
C0019,2020-05,43
C0024,2020-07,13
C0323,2020-11,29
C0622,2020-03,19
C0195,2020-04,28
C0415,2020-09,20
C0079,2020-09,3
C0525,2020-09,2
C0252,2020-09,46
C0430,2022-06,33
C0375,2022-06,33
C0553,2022-06,9
C0439,2022-06,23
C0059,2022-02,53
C0316,2022-02,43
C0073,2022-07,60
C0012,2022-07,32
C0289,2022-07,51
C0428,2022-07,30
C0343,2022-07,49
C0327,2022-07,37
C0427,2022-07,14
C0660,2022-07,1
C0634,2022-07,14
C0298,2022-07,37
C0737,2022-07,2
C0431,2021-09,40
C0286,2022-11,102
C0232,2022-10,39
C0235,2022-11,49
C0724,2022-11,4
C0693,2022-11,7
C0622,2022-11,23
C0351,2022-11,4
C0431,2022-10,56
C0315,2022-10,58
C0464,2022-10,39
C0720,2022-10,7
C0299,2022-09,5
C0408,2022-09,45
C0354,2022-09,72
C0280,2022-09,26
C0548,2022-11,4
C0143,2021-06,63
C0542,2022-10,11
C0631,2022-11,2
C0278,2022-09,99
C0186,2022-12,55
C0047,2022-12,77
C0272,2022-09,38
C0261,2022-11,1
C0091,2022-12,29
C0667,2022-12,10
C0671,2023-03,20
C0263,2023-03,58
C0316,2023-03,53
C0234,2023-03,36
C0068,2023-01,56
C0178,2023-01,119
C0037,2023-01,337
C0266,2023-01,136
C0476,2023-03,66
C0137,2023-02,61
C0348,2023-03,42
C0590,2023-03,11
C0326,2023-01,35
C0363,2023-01,53
C0059,2023-03,45
C0572,2023-03,11
C0426,2022-08,55
C0264,2023-01,114
C0420,2023-01,71
C0152,2023-01,74
C0602,2023-01,50
C0214,2023-01,37
C0233,2021-11,66
C0127,2022-08,44
C0223,2023-04,47
C0174,2023-04,11
C0212,2023-04,33
C0395,2023-04,25
C0137,2023-04,60
C0063,2022-09,93
C0718,2023-04,8
C0569,2023-04,10
C0606,2023-04,5
C0212,2023-02,44
C0394,2021-05,44
C0427,2023-07,16
C0327,2023-07,25
C0428,2023-07,43
C0035,2023-05,4
C0343,2023-07,58
C0073,2023-07,79
C0012,2023-07,26
C0298,2023-07,28
C0289,2023-07,48
C0252,2023-08,41
C0634,2023-07,25
C0415,2023-08,18
C0060,2023-08,185
C0083,2023-08,41
C0474,2023-05,48
C0272,2023-05,28
C0600,2023-08,7
C0525,2023-08,2
C0218,2023-06,77
C0144,2023-06,24
C0079,2023-08,2
C0160,2023-08,7
C0620,2023-08,1
C0408,2023-05,54
C0646,2023-08,1
C0027,2020-02,34
C0282,2020-01,121
C0077,2021-01,9
C0392,2023-01,16
C0297,2023-09,42
C0280,2023-05,33
C0745,2023-09,5
C0051,2023-05,1
C0460,2023-09,36
C0387,2023-09,38
C0263,2023-12,80
C0671,2023-12,36
C0476,2023-12,67
C0234,2023-12,48
C0348,2023-12,42
C0590,2023-12,6
C0316,2023-12,43
C0059,2023-12,52
C0020,2023-10,46
C0471,2023-12,4
C0378,2023-11,34
C0572,2023-12,15
C0010,2023-11,28
C0572,2022-02,9
C0385,2022-03,42
C0141,2021-04,50
C0022,2022-03,4
C0506,2022-03,9
C0348,2022-02,23
C0011,2021-06,24
C0364,2021-07,34
C0117,2020-10,40
C0472,2020-04,55
C0311,2021-06,56
C0238,2022-09,22
C0474,2022-09,44
C0676,2022-08,17
C0399,2022-08,92
C0041,2022-09,1
C0713,2022-08,6
C0557,2022-08,53
C0452,2022-08,71
C0242,2022-09,6
C0035,2022-09,1
C0187,2022-09,1
C0051,2022-09,2
C0230,2022-08,27
C0270,2020-11,50
C0177,2020-04,40
C0432,2023-01,9
C0747,2022-08,11
C0464,2021-09,37
C0223,2023-02,49
C0395,2023-02,26
C0174,2023-02,13
C0339,2020-10,25
C0369,2023-10,122
C0606,2023-02,4
C0569,2023-02,14
C0718,2023-02,3
C0211,2020-04,69
C0388,2022-04,5
C0424,2023-06,55
C0746,2023-06,12
C0354,2023-05,64
C0238,2023-05,12
C0278,2023-05,90
C0729,2023-05,3
C0299,2023-05,7
C0290,2020-01,142
C0063,2023-05,79
C0500,2023-06,7
C0039,2023-07,5
C0335,2023-07,1
C0660,2023-07,1
C0737,2023-07,1
C0531,2023-07,1
C0664,2023-07,2
C0473,2023-11,56
C0459,2023-11,51
C0239,2023-11,48
C0684,2023-11,17
C0338,2023-10,58
C0650,2023-11,3
C0386,2020-06,66
C0350,2024-02,47
C0007,2023-10,43
C0299,2021-02,3
C0163,2020-05,8
C0048,2023-10,33
C0369,2024-01,370
C0102,2024-02,61
C0285,2024-02,63
C0020,2024-01,164
C0269,2024-02,44
C0410,2024-02,45
C0302,2024-01,184
C0515,2024-02,12
C0369,2024-06,133
C0355,2024-04,55
C0591,2023-10,4
C0263,2022-02,62
C0235,2020-03,50
C0590,2022-02,7
C0086,2021-05,55
C0417,2021-04,36
C0159,2020-06,22
C0471,2022-02,3
C0362,2021-05,108
C0455,2020-12,66
C0151,2020-08,63
C0104,2021-04,30
C0083,2020-09,44
C0421,2020-07,34
C0408,2021-02,43
C0242,2021-02,7
C0324,2020-11,42
C0112,2021-08,13
C0256,2021-01,132
C0280,2021-02,35
C0211,2020-12,100
C0306,2020-11,38
C0539,2021-06,6
C0493,2020-01,194
C0345,2020-07,28
C0354,2021-02,54
C0055,2021-06,24
C0224,2020-06,51
C0153,2020-07,40
C0170,2020-06,64
C0166,2020-05,40
C0631,2020-03,6
C0265,2020-06,11
C0382,2020-10,97
C0060,2020-09,180
C0261,2020-03,3
C0185,2020-05,40
C0429,2022-08,42
C0608,2022-08,3
C0302,2021-10,39
C0519,2022-12,4
C0113,2020-10,141
C0015,2021-09,55
C0040,2026-06,179
C0236,2021-08,40
C0096,2023-05,2
C0099,2023-09,3
C0020,2021-10,37
C0446,2023-10,55
C0302,2023-10,45
C0124,2023-10,16
C0498,2020-06,12
C0069,2020-07,47
C0446,2024-01,273
C0007,2024-01,95
C0124,2024-01,66
C0338,2024-01,177
C0150,2024-03,22
C0499,2024-01,9
C0048,2024-01,150
C0310,2024-03,31
C0445,2020-01,69
C0564,2020-01,37
C0179,2020-02,14
C0675,2020-01,31
C0129,2020-04,93
C0125,2020-05,34
C0409,2020-05,62
C0680,2020-05,15
C0510,2020-05,25
C0296,2020-07,12
C0181,2020-05,16
C0329,2020-01,12
C0582,2020-06,12
C0693,2020-03,4
C0536,2020-01,1
C0548,2020-03,5
C0723,2020-08,14
C0423,2020-02,35
C0381,2020-08,3
C0160,2020-09,13
C0369,2021-10,84
C0585,2020-01,2
C0093,2025-01,160
C0232,2021-09,42
C0472,2020-12,101
C0646,2020-09,2
C0194,2020-10,41
C0030,2021-01,6
C0321,2020-11,12
C0133,2024-03,93
C0404,2021-01,5
C0278,2021-02,73
C0063,2021-02,70
C0267,2020-07,28
C0474,2021-02,41
C0272,2021-02,22
C0297,2021-03,25
C0389,2020-11,30
C0238,2021-02,11
C0187,2021-02,2
C0633,2021-04,13
C0182,2021-06,9
C0552,2021-06,15
C0169,2021-06,35
C0576,2021-06,6
C0727,2021-06,27
C0309,2021-05,3
C0463,2021-07,37
C0366,2021-05,39
C0645,2021-06,7
C0555,2021-07,12
C0454,2020-02,24
C0276,2020-07,121
C0624,2021-07,4
C0725,2021-07,4
C0490,2021-08,12
C0566,2021-07,3
C0007,2021-10,42
C0446,2021-10,37
C0591,2021-10,2
C0048,2021-10,42
C0128,2021-08,103
C0124,2021-10,7
C0499,2021-10,3
C0625,2021-11,2
C0315,2021-09,35
C0575,2021-11,8
C0049,2021-11,6
C0119,2022-08,1
C0471,2023-03,1
C0187,2023-05,2
C0242,2023-05,8
C0374,2023-05,1
C0244,2020-03,1
C0149,2024-05,32
C0175,2020-07,39
C0447,2021-11,2
C0387,2021-03,47
C0284,2022-03,1
C0256,2025-11,61
C0726,2022-04,1
C0741,2020-01,10
C0740,2020-01,3
C0449,2020-01,6
C0711,2020-02,4
C0288,2020-02,16
C0583,2020-02,2
C0501,2020-02,5
C0460,2021-03,39
C0379,2020-06,20
C0739,2020-06,10
C0260,2020-06,3
C0146,2020-07,62
C0349,2020-10,60
C0605,2020-10,1
C0521,2020-11,12
C0226,2020-11,74
C0251,2020-11,49
C0670,2020-11,7
C0496,2020-11,1
C0554,2020-11,6
C0653,2020-11,4
C0686,2020-11,6
C0177,2020-12,39
C0704,2020-06,1
C0719,2020-11,1
C0502,2021-03,2
C0044,2021-04,23
C0213,2021-08,24
C0416,2021-05,42
C0099,2021-03,1
C0210,2021-05,32
C0709,2021-04,1
C0489,2021-05,2
C0035,2021-02,1
C0139,2021-08,21
C0607,2021-08,4
C0481,2021-08,36
C0383,2021-08,42
C0095,2021-08,3
C0720,2021-09,2
C0542,2021-09,10
C0742,2021-09,9
C0434,2021-01,2
C0679,2021-08,4
C0325,2021-09,3
C0696,2022-10,2
C0696,2021-09,1
C0351,2020-03,6
C0271,2026-03,112
C0359,2020-02,1
C0724,2020-03,1
C0479,2020-06,1
C0090,2020-09,1
C0005,2020-10,15
C0512,2020-10,3
C0336,2020-10,4
C0705,2020-10,1
C0466,2020-10,2
C0729,2021-02,2
C0051,2021-02,2
C0096,2021-02,2
C0721,2021-07,1
C0314,2021-08,1
C0538,2021-08,2
C0365,2021-11,2
C0731,2020-08,1
C0413,2020-08,1
C0006,2020-12,1
C0384,2020-12,1
C0234,2025-06,62
C0042,2020-10,2
C0745,2021-03,1
C0497,2021-04,1
C0262,2021-04,1
C0507,2021-06,1
C0549,2021-09,1
C0184,2026-05,300
C0021,2026-05,47
C0233,2026-05,91
C0043,2026-05,68
C0235,2026-01,270
C0310,2026-02,32
C0082,2026-05,65
C0483,2026-02,78
C0622,2026-01,105
C0094,2026-02,53
C0631,2026-01,33
C0243,2026-05,91
C0247,2026-05,62
C0286,2026-01,238
C0575,2026-05,11
C0699,2026-07,6
C0251,2026-07,135
C0323,2026-07,82
C0321,2026-07,52
C0226,2026-07,109
C0270,2026-07,133
C0306,2026-07,46
C0171,2026-06,66
C0437,2026-06,165
C0367,2026-06,103
C0258,2026-06,240
C0653,2026-07,6
C0389,2026-07,80
C0686,2026-07,13
C0165,2026-07,31
C0521,2026-07,21
C0324,2026-07,51
C0693,2026-01,22
C0106,2026-03,142
C0670,2026-07,10
C0122,2026-03,204
C0028,2025-01,213
C0406,2026-06,61
C0554,2026-07,5
C0402,2026-06,131
C0351,2026-01,39
C0348,2026-04,98
C0496,2026-07,2
C0548,2025-04,7
C0582,2024-05,14
C0426,2025-03,74
C0015,2025-09,73
C0548,2026-01,23
C0192,2025-01,179
C0719,2026-07,3
C0603,2025-12,35
C0452,2025-03,69
C0320,2026-06,102
C0446,2025-08,99
C0133,2026-02,71
C0130,2024-03,56
C0414,2025-11,105
C0393,2025-01,189
C0263,2026-04,67
C0030,2025-11,4
C0015,2025-10,90
C0369,2025-08,157
C0464,2025-10,58
C0168,2025-01,77
C0232,2025-09,35
C0315,2025-10,86
C0428,2025-07,56
C0140,2025-01,119
C0059,2026-04,96
C0289,2025-07,59
C0077,2025-11,4
C0330,2025-12,133
C0002,2025-12,132
C0045,2025-12,63
C0342,2025-12,81
C0057,2025-12,78
C0201,2025-12,58
C0020,2025-08,42
C0235,2025-04,71
C0348,2025-06,46
C0159,2024-05,48
C0347,2025-12,42
C0189,2026-03,166
C0665,2025-01,34
C0316,2025-06,45
C0048,2025-08,72
C0590,2026-04,13
C0224,2024-05,43
C0724,2026-01,18
C0012,2025-07,33
C0089,2025-01,163
C0446,2024-06,73
C0235,2024-08,56
C0197,2024-04,36
C0542,2025-10,22
C0231,2020-01,2
C0327,2025-07,54
C0101,2026-03,52
C0301,2026-03,53
C0130,2026-02,183
C0202,2026-02,90
C0150,2026-02,40
C0316,2026-04,55
C0657,2026-03,3
C0097,2026-03,13
C0547,2026-03,3
C0059,2025-06,59
C0261,2026-01,7
C0244,2026-01,4
C0427,2025-07,15
C0007,2025-08,63
C0343,2025-07,86
C0215,2026-03,1
C0318,2026-02,42
C0199,2025-02,1
C0379,2024-05,34
C0365,2026-05,8
C0049,2026-05,7
C0147,2026-05,1
C0625,2026-05,6
C0728,2026-08,59
C0747,2025-03,19
C0476,2026-04,68
C0447,2026-05,6
C0249,2026-06,35
C0206,2026-06,94
C0115,2026-06,100
C0516,2026-06,18
C0545,2026-06,15
C0572,2025-06,16
C0303,2024-02,10
C0197,2026-08,23
C0062,2026-08,54
C0355,2026-08,42
C0357,2026-08,76
C0313,2026-08,54
C0629,2026-08,4
C0091,2024-12,40
C0094,2024-03,45
C0451,2024-09,56
C0431,2025-09,86
C0464,2025-09,52
C0517,2026-06,7
C0173,2026-08,4
C0087,2026-08,1
C0202,2024-03,80
C0728,2024-04,40
C0591,2024-01,7
C0062,2024-04,34
C0739,2024-05,6
C0020,2024-06,36
C0357,2024-04,52
C0034,2024-10,41
C0313,2024-04,30
C0197,2024-07,40
C0357,2024-07,39
C0399,2025-03,89
C0629,2024-04,7
C0286,2024-08,76
C0087,2024-04,1
C0148,2024-04,1
C0170,2024-05,99
C0386,2024-05,57
C0498,2024-05,21
C0265,2024-05,13
C0338,2024-06,65
C0007,2024-06,53
C0302,2024-06,40
C0124,2024-06,20
C0048,2024-06,54
C0591,2024-06,3
C0313,2024-07,44
C0572,2024-11,15
C0058,2024-09,88
C0237,2024-10,131
C0355,2024-07,43
C0728,2024-07,34
C0062,2024-07,35
C0629,2024-07,1
C0075,2024-10,40
C0070,2024-10,67
C0154,2024-10,57
C0188,2024-10,53
C0380,2024-10,14
C0750,2024-10,11
C0425,2024-10,10
C0351,2024-08,6
C0622,2024-08,26
C0072,2025-02,88
C0120,2024-09,24
C0726,2024-10,2
C0047,2024-12,106
C0026,2024-09,15
C0136,2024-09,44
C0422,2024-09,1
C0388,2024-10,5
C0671,2024-11,32
C0263,2024-11,83
C0476,2024-11,85
C0590,2024-11,5
C0059,2024-11,58
C0348,2024-11,64
C0127,2025-03,74
C0158,2025-02,98
C0597,2025-02,5
C0642,2025-02,23
C0003,2025-02,18
C0519,2024-12,9
C0338,2025-08,85
C0053,2025-02,1
C0107,2025-05,6
C0623,2025-05,4
C0172,2025-05,53
C0263,2025-06,55
C0601,2025-05,4
C0476,2025-06,94
C0631,2025-04,9
C0316,2024-11,52
C0596,2026-06,5
C0617,2026-05,2
C0621,2026-06,1
C0234,2026-04,44
C0298,2025-07,39
C0643,2026-08,1
C0294,2025-12,21
C0371,2025-12,46
C0656,2025-12,11
C0315,2025-09,81
C0608,2025-03,5
C0635,2025-12,1
C0662,2025-12,7
C0431,2025-10,83
C0025,2026-04,3
C0671,2026-04,39
C0572,2026-04,14
C0471,2026-04,2
C0234,2024-11,34
C0738,2026-06,1
C0750,2022-04,3
C0135,2025-07,2
C0092,2021-08,30
C0671,2025-06,33
C0318,2024-03,29
C0683,2025-01,3
C0429,2025-03,48
C0590,2025-06,8
C0073,2025-07,70
C0634,2025-07,23
C0737,2025-07,5
C0302,2025-08,46
C0549,2025-10,4
C0720,2025-09,6
C0720,2025-10,8
C0232,2025-10,30
C0325,2025-09,2
C0351,2025-04,5
C0696,2025-10,6
C0742,2025-10,7
C0325,2025-10,1
C0724,2025-04,8
C0696,2025-09,4
C0542,2025-09,20
C0557,2025-03,39
C0531,2025-07,2
C0286,2025-04,100
C0483,2024-03,56
C0173,2024-04,1
C0643,2024-04,1
C0743,2024-09,13
C0529,2024-09,4
C0052,2024-10,1
C0631,2024-08,12
C0549,2025-09,2
C0666,2022-06,2
C0279,2026-03,1
C0186,2024-12,42
C0713,2025-03,4
C0676,2025-03,24
C0622,2025-04,33
C0693,2025-04,3
C0667,2024-12,17
C0230,2025-03,35
C0039,2025-07,3
C0335,2025-07,1
C0124,2025-08,24
C0559,2025-05,3
C0742,2025-09,7
C0404,2025-11,1
C0397,2026-02,1
C0669,2025-07,1
C0526,2026-02,5
C0036,2026-02,1
C0220,2024-02,21
C0694,2024-02,6
C0508,2024-02,1
C0305,2024-02,2
C0526,2024-03,3
C0373,2024-03,2
C0693,2024-08,4
C0724,2024-08,3
C0548,2024-08,4
C0471,2024-11,1
C0261,2024-08,1
C0706,2023-01,1
C0499,2025-08,2
C0390,2025-01,1
C0479,2024-05,1
C0704,2024-05,1
C0260,2024-05,2
C0499,2024-06,2
C0087,2024-07,2
C0173,2024-07,1
C0471,2025-06,1
C0135,2022-07,1
C0742,2022-10,12
C0513,2023-01,2
C0325,2022-10,2
C0036,2024-03,1
C0200,2021-12,60
C0317,2021-12,60
C0156,2021-12,47
C0577,2021-12,6
C0555,2021-08,11
C0430,2021-10,18
C0038,2021-12,37
C0027,2021-11,27
C0439,2021-10,15
C0294,2021-09,6
C0423,2021-11,50
C0687,2021-12,3
C0307,2022-04,50
C0256,2022-03,53
C0399,2022-01,216
C0557,2022-01,71
C0450,2021-06,37
C0429,2022-01,109
C0426,2022-01,97
C0127,2022-01,97
C0676,2022-01,33
C0452,2022-01,114
C0332,2021-01,55
C0230,2022-01,67
C0385,2021-01,96
C0031,2021-01,150
C0194,2020-04,37
C0578,2022-04,4
C0414,2022-03,40
C0254,2022-04,108
C0241,2022-04,51
C0103,2022-04,53
C0353,2021-12,3
C0275,2022-04,57
C0168,2024-02,25
C0292,2022-04,15
C0403,2022-04,13
C0747,2022-01,26
C0484,2022-04,39
C0029,2022-04,30
C0318,2022-07,13
C0337,2022-02,8
C0713,2022-01,8
C0340,2022-05,50
C0468,2022-05,50
C0678,2022-05,11
C0308,2022-05,7
C0418,2022-05,4
C0520,2022-05,10
C0630,2022-04,15
C0221,2020-08,61
C0466,2020-12,1
C0228,2020-09,45
C0177,2020-10,19
C0396,2020-09,17
C0213,2021-07,11
C0033,2021-06,59
C0486,2020-10,83
C0247,2020-02,38
C0417,2021-06,32
C0113,2020-12,150
C0358,2020-01,284
C0339,2020-12,28
C0216,2020-03,20
C0300,2020-03,79
C0167,2020-09,43
C0382,2020-12,90
C0616,2020-01,42
C0138,2021-04,48
C0401,2020-09,54
C0313,2021-03,49
C0210,2020-11,40
C0306,2021-05,39
C0446,2022-06,51
C0020,2022-06,49
C0499,2022-06,4
C0048,2022-06,50
C0338,2022-06,49
C0369,2022-06,131
C0302,2022-06,36
C0007,2022-06,47
C0293,2022-02,32
C0124,2022-06,13
C0183,2022-09,73
C0067,2022-02,125
C0121,2022-02,62
C0094,2022-07,30
C0133,2022-07,48
C0130,2022-07,45
C0310,2022-07,17
C0202,2022-07,87
C0483,2022-07,61
C0526,2022-07,2
C0608,2022-01,9
C0661,2022-05,1
C0150,2022-07,16
C0371,2022-10,28
C0636,2022-11,13
C0593,2022-11,21
C0249,2023-04,42
C0330,2022-10,68
C0201,2022-10,33
C0045,2022-10,55
C0347,2022-10,29
C0342,2022-10,54
C0002,2022-10,62
C0216,2022-11,21
C0300,2022-11,55
C0209,2022-09,47
C0457,2022-11,15
C0695,2022-11,3
C0205,2022-09,41
C0304,2022-09,119
C0057,2022-10,30
C0294,2022-10,6
C0143,2021-04,66
C0219,2023-01,101
C0416,2020-11,47
C0346,2022-12,41
C0328,2022-12,73
C0334,2022-12,54
C0312,2022-12,5
C0050,2022-12,63
C0556,2022-12,53
C0245,2022-12,68
C0550,2022-12,7
C0448,2022-12,42
C0123,2022-12,46
C0227,2022-12,35
C0518,2022-12,8
C0570,2022-12,9
C0716,2022-12,6
C0509,2022-12,12
C0644,2022-12,4
C0067,2023-03,186
C0487,2023-03,37
C0337,2023-03,12
C0250,2023-03,41
C0293,2023-03,63
C0700,2023-03,22
C0462,2023-03,27
C0121,2023-03,82
C0360,2023-01,101
C0378,2022-08,51
C0114,2023-01,101
C0176,2023-01,180
C0040,2023-02,101
C0171,2023-02,41
C0647,2023-03,12
C0030,2022-03,3
C0191,2023-01,99
C0249,2023-02,29
C0433,2023-03,2
C0530,2021-01,108
C0517,2023-04,3
C0402,2023-04,55
C0040,2023-04,91
C0206,2023-04,71
C0367,2023-04,38
C0258,2023-04,78
C0320,2023-04,39
C0115,2023-04,35
C0596,2023-04,1
C0406,2023-04,14
C0171,2023-04,38
C0437,2023-04,35
C0516,2023-04,22
C0621,2023-04,2
C0545,2023-04,5
C0615,2023-01,19
C0738,2023-04,5
C0295,2023-01,61
C0202,2023-07,84
C0130,2023-07,32
C0526,2023-07,9
C0133,2023-07,58
C0483,2023-07,49
C0150,2023-07,21
C0318,2023-07,14
C0183,2023-05,86
C0094,2023-07,44
C0310,2023-07,25
C0304,2023-05,140
C0017,2023-05,28
C0714,2023-08,31
C0391,2023-08,27
C0225,2023-08,60
C0537,2023-08,179
C0167,2023-08,30
C0419,2023-08,59
C0407,2023-08,83
C0412,2023-08,37
C0046,2023-08,27
C0228,2023-08,30
C0533,2023-08,8
C0398,2023-08,56
C0401,2023-08,23
C0475,2023-08,55
C0277,2023-08,40
C0193,2023-08,6
C0170,2023-06,88
C0396,2023-08,15
C0149,2023-06,34
C0184,2020-02,175
C0524,2023-08,4
C0386,2023-06,69
C0598,2023-01,19
C0113,2020-04,153
C0379,2023-06,32
C0062,2023-09,34
C0197,2023-09,25
C0357,2023-09,29
C0728,2023-09,26
C0313,2023-09,25
C0355,2023-09,33
C0629,2023-09,6
C0224,2023-06,41
C0250,2023-12,55
C0121,2023-12,68
C0487,2023-12,42
C0067,2023-12,199
C0700,2023-12,25
C0293,2023-12,88
C0462,2023-12,29
C0337,2023-12,19
C0230,2023-11,33
C0452,2023-11,60
C0426,2023-11,42
C0647,2023-12,5
C0433,2023-12,6
C0250,2022-02,26
C0700,2022-02,14
C0233,2020-02,46
C0104,2021-06,32
C0217,2021-01,63
C0504,2022-05,5
C0001,2022-05,2
C0591,2022-06,2
C0462,2022-02,31
C0333,2022-09,25
C0086,2020-11,47
C0685,2022-09,5
C0394,2020-11,40
C0534,2022-09,10
C0558,2022-09,8
C0017,2022-09,32
C0473,2022-08,76
C0239,2022-08,47
C0459,2022-08,61
C0010,2022-08,33
C0319,2023-01,37
C0656,2022-10,3
C0061,2020-11,60
C0258,2023-02,81
C0402,2023-02,53
C0206,2023-02,72
C0320,2023-02,41
C0516,2023-02,17
C0662,2022-10,4
C0689,2021-07,7
C0236,2021-07,43
C0095,2021-07,10
C0367,2023-02,43
C0406,2023-02,13
C0437,2023-02,30
C0545,2023-02,4
C0115,2023-02,34
C0398,2020-09,45
C0517,2023-02,4
C0324,2021-05,42
C0537,2020-09,140
C0021,2020-02,29
C0352,2020-01,92
C0081,2023-01,2
C0243,2020-02,49
C0159,2023-06,46
C0534,2023-05,9
C0265,2023-06,13
C0498,2023-06,12
C0739,2023-06,5
C0582,2023-06,12
C0594,2023-01,3
C0373,2023-07,1
C0036,2023-07,1
C0557,2023-11,38
C0747,2023-11,4
C0127,2023-11,57
C0676,2023-11,31
C0429,2023-11,56
C0399,2023-11,78
C0713,2023-11,3
C0552,2021-04,20
C0277,2020-09,41
C0087,2023-09,1
C0430,2023-10,12
C0439,2024-01,84
C0089,2024-02,41
C0192,2024-02,52
C0393,2024-02,77
C0665,2024-02,10
C0093,2024-02,28
C0140,2024-02,49
C0028,2024-02,49
C0553,2024-01,79
C0430,2024-01,61
C0463,2021-08,29
C0487,2022-02,33
C0662,2021-09,4
C0117,2020-12,73
C0603,2021-09,25
C0506,2021-01,22
C0563,2021-01,9
C0062,2021-03,34
C0311,2021-04,45
C0362,2020-11,99
C0195,2020-10,39
C0339,2020-04,19
C0117,2020-04,44
C0190,2020-01,8
C0468,2020-05,54
C0407,2020-09,31
C0205,2021-02,29
C0211,2020-10,67
C0614,2020-01,12
C0349,2020-12,63
C0218,2020-06,57
C0626,2020-01,9
C0017,2021-02,33
C0539,2021-04,4
C0225,2020-09,35
C0382,2020-04,101
C0455,2020-10,44
C0553,2021-10,8
C0016,2020-07,34
C0270,2021-05,55
C0736,2020-01,14
C0082,2020-02,29
C0475,2020-09,61
C0472,2020-10,54
C0372,2021-07,25
C0144,2020-06,36
C0684,2022-08,8
C0650,2022-08,1
C0180,2021-01,2
C0405,2021-08,52
C0581,2022-12,3
C0488,2022-12,1
C0635,2022-10,2
C0288,2021-11,5
C0209,2023-05,58
C0333,2023-05,19
C0205,2023-05,36
C0173,2023-09,3
C0553,2023-10,10
C0375,2023-10,14
C0439,2023-10,15
C0375,2024-01,119
C0460,2024-04,48
C0297,2024-04,67
C0682,2024-01,3
C0484,2024-10,38
C0102,2025-01,309
C0289,2024-03,49
C0575,2020-02,5
C0584,2020-01,84
C0322,2020-01,10
C0412,2020-09,22
C0043,2020-02,35
C0532,2020-01,15
C0604,2020-01,14
C0005,2020-04,35
C0349,2020-04,62
C0586,2020-01,23
C0340,2020-05,66
C0520,2020-05,4
C0541,2020-01,5
C0678,2020-05,15
C0514,2020-04,3
C0605,2020-04,5
C0308,2020-05,5
C0418,2020-05,10
C0457,2020-03,32
C0347,2021-09,21
C0085,2020-08,24
C0533,2020-09,8
C0419,2020-09,46
C0714,2020-09,16
C0046,2020-09,29
C0391,2020-09,36
C0129,2020-10,86
C0193,2020-09,10
C0524,2020-09,3
C0411,2020-01,7
C0574,2020-09,2
C0022,2021-01,8
C0182,2021-04,17
C0194,2020-12,60
C0284,2021-01,4
C0333,2021-02,33
C0304,2021-02,101
C0209,2021-02,42
C0183,2021-02,55
C0044,2021-06,25
C0141,2021-06,54
C0633,2021-06,23
C0226,2021-05,92
C0165,2021-05,28
C0383,2021-07,60
C0139,2021-07,12
C0057,2021-09,52
C0128,2021-07,80
C0481,2021-07,48
C0497,2021-06,1
C0112,2021-07,13
C0011,2021-04,30
C0679,2021-07,2
C0490,2021-07,12
C0607,2021-07,2
C0538,2021-07,4
C0251,2021-05,42
C0371,2021-09,30
C0375,2021-10,18
C0330,2021-09,56
C0179,2021-11,23
C0501,2021-11,4
C0067,2025-06,220
C0274,2021-10,1
C0454,2021-11,12
C0323,2021-05,34
C0377,2023-05,1
C0685,2023-05,4
C0558,2023-05,3
C0148,2023-09,3
C0643,2023-09,1
C0647,2022-02,2
C0314,2021-07,1
C0087,2021-03,1
C0583,2021-11,4
C0565,2020-01,4
C0049,2020-02,1
C0365,2020-02,3
C0447,2020-02,2
C0424,2020-06,40
C0500,2020-06,2
C0746,2020-06,7
C0042,2020-04,4
C0273,2020-07,3
C0748,2020-07,1
C0366,2020-11,37
C0309,2020-11,4
C0489,2020-11,2
C0005,2020-12,21
C0514,2020-12,4
C0336,2020-12,10
C0512,2020-12,5
C0357,2021-03,23
C0197,2021-03,29
C0355,2021-03,44
C0728,2021-03,23
C0558,2021-02,2
C0629,2021-03,7
C0055,2021-04,27
C0169,2021-04,30
C0727,2021-04,29
C0534,2021-02,4
C0686,2021-05,4
C0521,2021-05,12
C0201,2021-09,43
C0389,2021-05,15
C0321,2021-05,9
C0645,2021-04,2
C0670,2021-05,5
C0576,2021-04,2
C0725,2021-08,5
C0364,2021-08,24
C0674,2021-08,3
C0544,2021-08,3
C0624,2021-08,1
C0342,2021-09,45
C0045,2021-09,70
C0635,2021-09,4
C0002,2021-09,43
C0566,2021-08,3
C0632,2021-12,1
C0617,2020-02,1
C0695,2020-03,2
C0593,2020-03,6
C0636,2020-03,4
C0504,2020-05,3
C0685,2021-02,1
C0042,2020-12,3
C0173,2021-03,2
C0721,2021-08,1
C0298,2024-03,36
C0456,2021-08,1
C0433,2022-02,3
C0336,2020-04,4
C0705,2020-04,1
C0717,2020-07,1
C0438,2020-08,1
C0653,2021-05,3
C0699,2021-05,1
C0554,2021-05,1
C0361,2021-10,1
C0682,2021-10,1
C0423,2026-05,87
C0593,2026-01,287
C0027,2026-05,31
C0454,2026-05,30
C0288,2026-05,18
C0457,2026-01,248
C0350,2025-01,299
C0501,2026-05,31
C0583,2026-05,14
C0086,2026-07,127
C0366,2026-07,80
C0210,2026-07,134
C0394,2026-07,117
C0362,2026-07,100
C0061,2026-07,74
C0416,2026-07,60
C0300,2026-01,84
C0121,2026-04,200
C0636,2026-01,62
C0718,2026-06,12
C0227,2024-12,41
C0489,2026-07,4
C0216,2026-01,198
C0293,2026-04,143
C0067,2026-04,210
C0223,2026-06,89
C0395,2026-06,68
C0003,2026-03,26
C0130,2025-07,72
C0137,2026-06,84
C0695,2026-01,28
C0309,2026-07,5
C0347,2025-10,31
C0012,2026-02,37
C0106,2025-02,75
C0174,2026-06,26
C0371,2025-09,35
C0330,2025-10,131
C0285,2025-01,247
C0058,2025-05,104
C0031,2025-11,55
C0530,2025-11,74
C0217,2025-11,35
C0506,2025-11,16
C0385,2025-11,69
C0410,2025-01,154
C0303,2025-01,48
C0057,2025-10,68
C0332,2025-11,25
C0563,2025-11,3
C0045,2025-09,52
C0002,2025-10,101
C0072,2026-03,161
C0342,2025-10,55
C0611,2025-01,4
C0002,2025-09,86
C0220,2025-01,54
C0294,2025-10,7
C0269,2025-01,132
C0515,2025-01,16
C0371,2025-10,43
C0694,2025-01,23
C0216,2025-04,35
C0542,2025-12,24
C0315,2025-12,118
C0431,2025-12,63
C0015,2025-12,96
C0464,2025-12,79
C0250,2026-04,78
C0325,2025-12,3
C0487,2025-06,58
C0375,2025-08,40
C0057,2025-09,58
C0347,2025-09,23
C0232,2025-12,53
C0428,2026-02,63
C0216,2024-08,31
C0361,2024-06,2
C0451,2025-05,64
C0305,2025-01,4
C0110,2020-01,1
C0158,2026-03,103
C0298,2026-02,36
C0293,2025-06,90
C0427,2026-02,12
C0642,2026-03,11
C0597,2026-03,5
C0289,2026-02,43
C0133,2025-07,97
C0297,2026-08,115
C0637,2026-03,2
C0172,2024-09,51
C0292,2024-10,30
C0179,2026-05,41
C0297,2024-07,78
C0462,2026-04,25
C0250,2025-06,62
C0427,2024-03,19
C0094,2025-07,54
C0218,2024-05,87
C0707,2026-05,1
C0327,2024-03,33
C0569,2026-06,27
C0487,2026-04,68
C0606,2026-06,23
C0212,2026-06,81
C0460,2026-08,91
C0387,2026-08,46
C0745,2026-08,8
C0593,2024-08,48
C0144,2024-05,24
C0337,2026-04,46
C0647,2026-04,7
C0239,2025-03,56
C0099,2026-08,2
C0123,2024-12,60
C0334,2024-12,55
C0343,2024-03,66
C0666,2024-01,1
C0460,2024-07,45
C0387,2024-04,45
C0346,2024-12,69
C0745,2024-04,6
C0073,2024-03,71
C0387,2024-07,43
C0428,2024-03,36
C0502,2024-04,1
C0067,2024-11,211
C0473,2025-03,84
C0424,2024-05,43
C0500,2024-05,9
C0328,2024-12,121
C0636,2025-04,14
C0439,2024-06,17
C0375,2024-06,45
C0553,2024-06,21
C0430,2024-06,19
C0250,2024-11,47
C0050,2024-12,102
C0241,2024-10,61
C0745,2024-07,7
C0556,2024-12,75
C0254,2024-10,152
C0307,2024-10,56
C0275,2024-10,63
C0103,2024-10,26
C0029,2024-10,40
C0403,2024-10,17
C0121,2025-06,86
C0361,2024-01,1
C0107,2024-09,8
C0245,2024-12,90
C0630,2024-10,7
C0733,2024-10,1
C0274,2024-01,3
C0121,2024-11,93
C0487,2024-11,55
C0700,2024-11,21
C0293,2024-11,69
C0433,2024-11,5
C0462,2024-11,27
C0483,2025-07,64
C0462,2025-06,17
C0684,2025-03,29
C0448,2024-12,51
C0550,2024-12,12
C0189,2025-02,84
C0122,2025-02,152
C0271,2025-02,59
C0312,2024-12,13
C0097,2025-02,9
C0301,2025-02,19
C0101,2025-02,20
C0627,2025-02,3
C0657,2025-02,3
C0039,2024-03,3
C0666,2025-08,1
C0593,2025-04,55
C0120,2025-05,21
C0136,2025-05,47
C0026,2025-05,13
C0743,2025-05,8
C0553,2025-08,37
C0039,2026-02,9
C0430,2025-08,22
C0502,2026-08,1
C0662,2025-10,4
C0330,2025-09,121
C0010,2025-03,37
C0337,2025-06,23
C0202,2025-07,85
C0696,2025-12,6
C0549,2025-12,1
C0742,2025-12,5
C0720,2025-12,1
C0073,2026-02,75
C0343,2026-02,96
C0634,2026-02,47
C0327,2026-02,58
C0660,2026-02,1
C0342,2025-09,45
C0378,2025-03,64
C0053,2026-03,1
C0135,2026-02,2
C0335,2026-02,1
C0628,2026-03,1
C0700,2026-04,26
C0433,2026-04,8
C0491,2026-08,1
C0700,2025-06,19
C0647,2025-06,8
C0433,2025-06,3
C0337,2024-11,14
C0150,2025-07,33
C0310,2025-07,19
C0201,2025-09,43
C0318,2025-07,38
C0045,2025-10,41
C0603,2025-10,32
C0201,2025-10,53
C0656,2025-10,7
C0300,2025-04,39
C0508,2025-01,1
C0529,2025-05,9
C0022,2025-11,4
C0294,2025-09,15
C0457,2025-04,23
C0634,2024-03,14
C0012,2024-03,37
C0623,2024-09,4
C0601,2024-09,4
C0578,2024-10,2
C0581,2024-12,11
C0644,2024-12,8
C0488,2024-12,1
C0635,2025-10,2
C0711,2026-05,1
C0300,2024-08,77
C0559,2024-09,1
C0459,2025-03,54
C0570,2024-12,6
C0650,2025-03,2
C0279,2025-02,1
C0695,2025-04,10
C0526,2025-07,6
C0373,2025-07,1
C0180,2025-11,2
C0422,2025-05,2
C0603,2025-09,23
C0656,2025-09,3
C0439,2025-08,13
C0635,2025-09,4
C0662,2025-09,1
C0284,2025-11,1
C0531,2026-02,5
C0737,2026-02,1
C0664,2026-02,1
C0199,2026-03,1
C0562,2026-06,1
C0683,2024-02,1
C0737,2024-03,1
C0135,2024-03,1
C0531,2024-03,1
C0664,2024-03,2
C0695,2024-08,4
C0457,2024-08,26
C0636,2024-08,9
C0518,2024-12,10
C0509,2024-12,4
C0647,2024-11,6
C0716,2024-12,4
C0682,2025-08,1
C0746,2024-05,7
C0502,2024-07,2
C0603,2022-10,18
C0704,2023-06,1
C0442,2023-06,1
C0660,2024-03,1
C0004,2021-12,51
C0163,2021-11,9
C0185,2021-11,59
C0100,2021-12,36
C0056,2021-12,49
C0461,2021-12,66
C0469,2021-12,28
C0612,2021-12,1
C0125,2021-11,45
C0080,2021-12,84
C0680,2021-11,14
C0349,2022-04,68
C0301,2022-01,51
C0122,2022-01,299
C0106,2022-01,118
C0101,2022-01,69
C0146,2021-09,60
C0189,2022-01,148
C0271,2022-01,116
C0369,2021-05,110
C0645,2021-01,10
C0243,2020-05,61
C0202,2021-03,70
C0311,2021-01,125
C0008,2021-12,3
C0475,2021-08,51
C0181,2021-11,23
C0097,2022-01,31
C0527,2021-12,9
C0169,2021-01,84
C0408,2020-01,136
C0409,2021-11,42
C0055,2021-01,85
C0418,2020-02,16
C0143,2021-01,186
C0391,2021-08,26
C0421,2021-09,30
C0117,2022-04,39
C0194,2022-04,66
C0382,2022-04,94
C0514,2022-04,3
C0113,2022-04,123
C0705,2022-04,2
C0005,2022-04,34
C0037,2022-02,83
C0512,2022-04,6
C0042,2022-04,2
C0420,2022-02,34
C0339,2022-04,25
C0033,2022-03,57
C0104,2022-03,24
C0336,2022-04,5
C0324,2022-06,36
C0214,2022-02,19
C0247,2022-05,52
C0043,2022-05,35
C0184,2022-05,199
C0082,2022-05,28
C0233,2022-05,62
C0021,2022-05,35
C0243,2022-05,63
C0633,2022-03,18
C0386,2020-03,73
C0354,2020-01,204
C0307,2020-04,45
C0184,2020-05,192
C0170,2020-03,70
C0403,2020-12,34
C0272,2020-01,74
C0315,2020-07,52
C0275,2020-04,52
C0482,2020-08,62
C0286,2020-06,57
C0380,2020-10,22
C0035,2020-01,13
C0063,2020-01,147
C0379,2020-03,36
C0024,2021-09,12
C0167,2021-08,35
C0233,2020-05,52
C0083,2021-07,26
C0242,2020-01,25
C0228,2021-08,37
C0254,2020-12,94
C0280,2020-01,143
C0290,2021-02,53
C0094,2021-03,39
C0034,2020-10,39
C0238,2020-01,39
C0405,2020-09,42
C0282,2021-02,22
C0251,2022-06,58
C0323,2022-06,31
C0389,2022-06,37
C0270,2022-06,51
C0165,2022-06,25
C0226,2022-06,102
C0306,2022-06,45
C0521,2022-06,9
C0321,2022-06,12
C0554,2022-06,4
C0719,2022-06,3
C0686,2022-06,5
C0670,2022-06,6
C0318,2023-09,25
C0024,2022-10,19
C0062,2022-07,35
C0357,2022-07,32
C0313,2022-07,42
C0197,2022-07,20
C0728,2022-07,16
C0355,2022-07,53
C0625,2022-05,4
C0173,2022-07,1
C0496,2022-06,1
C0148,2022-07,1
C0575,2022-05,8
C0365,2022-05,3
C0267,2021-09,48
C0396,2021-08,15
C0224,2022-11,33
C0170,2022-11,70
C0379,2022-11,26
C0276,2022-10,132
C0345,2022-10,28
C0069,2022-10,26
C0146,2022-10,82
C0386,2022-11,55
C0654,2022-10,1
C0175,2022-10,40
C0153,2022-10,17
C0739,2022-11,11
C0149,2022-11,41
C0498,2022-11,6
C0159,2022-11,38
C0484,2020-12,51
C0240,2022-10,18
C0445,2022-09,26
C0265,2022-11,15
C0582,2022-11,22
C0260,2022-11,1
C0479,2022-11,1
C0066,2022-12,33
C0155,2022-12,178
C0182,2021-01,57
C0329,2022-09,5
C0368,2022-12,27
C0065,2022-12,19
C0068,2023-03,42
C0152,2023-03,61
C0264,2023-03,72
C0037,2023-03,134
C0266,2023-03,36
C0363,2023-03,26
C0326,2023-03,37
C0476,2023-01,134
C0602,2023-03,26
C0178,2023-03,60
C0214,2023-03,22
C0234,2023-01,105
C0420,2023-03,21
C0316,2023-01,109
C0172,2023-02,41
C0392,2023-03,6
C0263,2023-01,131
C0060,2021-07,144
C0348,2023-01,87
C0513,2023-03,2
C0003,2022-08,13
C0138,2021-01,126
C0107,2023-04,3
C0375,2020-11,20
C0601,2023-04,4
C0172,2023-04,36
C0623,2023-04,6
C0590,2023-01,15
C0059,2023-01,63
C0292,2020-12,28
C0728,2023-07,26
C0197,2023-07,23
C0355,2023-07,30
C0313,2023-07,41
C0062,2023-07,37
C0357,2023-07,32
C0572,2023-01,17
C0456,2023-08,2
C0364,2023-08,21
C0405,2023-08,43
C0463,2023-08,32
C0566,2023-08,3
C0555,2023-08,18
C0216,2023-06,35
C0282,2023-05,42
C0725,2023-08,2
C0624,2023-08,2
C0141,2022-03,48
C0674,2023-08,3
C0671,2023-01,29
C0400,2025-01,118
C0483,2023-09,58
C0310,2023-09,27
C0094,2023-09,46
C0202,2023-09,92
C0133,2023-09,64
C0150,2023-09,32
C0130,2023-09,30
C0037,2023-12,150
C0326,2023-12,29
C0420,2023-12,43
C0152,2023-12,45
C0178,2023-12,62
C0214,2023-12,23
C0266,2023-12,37
C0363,2023-12,24
C0101,2023-11,19
C0602,2023-12,22
C0264,2023-12,82
C0189,2023-11,75
C0271,2023-11,55
C0068,2023-12,41
C0513,2023-12,3
C0392,2023-12,6
C0044,2022-03,25
C0326,2022-02,36
C0307,2020-12,58
C0450,2022-03,25
C0417,2022-03,32
C0407,2021-08,41
C0419,2021-08,41
C0709,2022-03,1
C0210,2021-10,33
C0152,2022-02,49
C0264,2022-02,34
C0266,2022-02,37
C0276,2021-09,124
C0133,2021-03,45
C0308,2020-02,9
C0149,2020-03,35
C0076,2020-08,71
C0474,2020-01,100
C0086,2021-10,61
C0049,2022-05,4
C0363,2022-02,17
C0447,2022-05,1
C0296,2021-09,22
C0653,2022-06,2
C0547,2022-01,2
C0493,2022-09,72
C0203,2022-09,22
C0164,2022-09,27
C0282,2022-09,50
C0290,2022-09,52
C0525,2021-07,6
C0072,2022-08,55
C0564,2022-09,14
C0675,2022-09,21
C0158,2022-08,79
C0609,2022-09,3
C0740,2022-09,1
C0370,2022-09,3
C0642,2022-08,7
C0385,2021-04,42
C0029,2020-12,39
C0237,2020-10,113
C0292,2020-04,13
C0471,2023-01,23
C0421,2022-10,24
C0601,2023-02,8
C0107,2023-02,3
C0623,2023-02,4
C0134,2020-08,36
C0166,2021-11,56
C0401,2021-08,20
C0432,2023-03,1
C0362,2021-10,106
C0203,2023-05,30
C0457,2023-06,33
C0300,2023-06,50
C0164,2023-05,19
C0493,2023-05,87
C0593,2023-06,32
C0675,2023-05,14
C0290,2023-05,57
C0445,2023-05,21
C0629,2023-07,3
C0329,2023-05,2
C0173,2023-07,3
C0394,2021-10,55
C0636,2023-06,5
C0148,2023-07,1
C0029,2020-04,27
C0547,2023-11,1
C0301,2023-11,20
C0122,2023-11,137
C0106,2023-11,76
C0394,2023-10,47
C0657,2023-11,5
C0097,2023-11,13
C0061,2023-10,67
C0362,2023-10,135
C0416,2023-10,40
C0086,2023-10,80
C0309,2023-10,2
C0188,2020-10,56
C0210,2023-10,29
C0362,2024-01,361
C0394,2024-01,229
C0255,2024-02,63
C0366,2024-01,152
C0478,2024-02,80
C0485,2024-02,61
C0098,2024-02,30
C0210,2024-01,122
C0061,2024-01,183
C0627,2022-01,3
C0178,2022-02,43
C0217,2021-04,24
C0068,2022-02,26
C0602,2022-02,10
C0103,2020-04,49
C0225,2021-08,58
C0366,2021-10,50
C0403,2020-04,46
C0015,2020-07,60
C0552,2021-01,35
C0193,2021-08,6
C0241,2020-12,60
C0265,2020-03,18
C0150,2021-03,15
C0254,2020-04,75
C0539,2021-01,9
C0275,2020-12,70
C0021,2020-05,47
C0011,2021-01,125
C0435,2020-08,34
C0714,2021-08,18
C0414,2021-06,47
C0425,2020-10,7
C0483,2021-03,65
C0160,2021-07,7
C0069,2021-09,27
C0415,2021-07,13
C0338,2021-05,53
C0096,2020-01,8
C0430,2020-11,24
C0493,2021-02,40
C0456,2020-09,4
C0439,2020-11,13
C0630,2020-12,12
C0597,2022-08,2
C0053,2022-08,1
C0637,2022-08,1
C0681,2022-12,4
C0657,2022-01,3
C0203,2021-02,29
C0267,2022-10,27
C0398,2021-08,40
C0296,2022-10,11
C0564,2023-05,17
C0370,2023-05,3
C0609,2023-05,2
C0526,2023-09,4
C0051,2020-01,1
C0366,2023-10,49
C0416,2024-01,140
C0086,2024-01,197
C0260,2020-03,2
C0309,2024-01,14
C0426,2025-02,76
C0343,2024-04,85
C0278,2020-01,282
C0548,2020-06,10
C0729,2020-01,7
C0187,2020-01,5
C0241,2020-04,66
C0484,2020-04,41
C0247,2020-05,38
C0043,2020-05,29
C0082,2020-05,22
C0468,2020-02,30
C0575,2020-05,5
C0224,2020-03,24
C0578,2020-04,1
C0630,2020-04,14
C0560,2020-08,8
C0440,2020-08,36
C0364,2020-09,32
C0463,2020-09,31
C0566,2020-09,4
C0555,2020-09,9
C0544,2020-09,2
C0674,2020-09,3
C0693,2020-06,9
C0070,2020-10,37
C0373,2021-03,1
C0726,2020-10,1
C0725,2020-09,3
C0727,2021-01,83
C0235,2020-06,59
C0103,2020-12,49
C0576,2021-01,12
C0361,2020-11,2
C0164,2021-02,30
C0564,2021-02,21
C0530,2021-04,32
C0445,2021-02,33
C0130,2021-03,36
C0318,2021-03,21
C0370,2021-02,5
C0256,2021-06,63
C0446,2021-05,40
C0030,2021-06,3
C0499,2021-05,2
C0077,2021-06,4
C0154,2020-10,38
C0252,2021-07,30
C0591,2021-05,1
C0175,2021-09,44
C0299,2020-01,7
C0061,2021-10,52
C0416,2021-10,32
C0309,2021-10,4
C0019,2021-11,31
C0007,2021-05,24
C0510,2021-11,38
C0678,2020-02,11
C0153,2021-09,21
C0240,2021-09,19
C0489,2021-10,3
C0277,2021-08,42
C0332,2021-04,19
C0199,2022-08,3
C0543,2022-12,2
C0740,2023-05,3
C0031,2021-04,52
C0741,2023-05,2
C0036,2023-09,1
C0625,2020-05,2
C0340,2020-02,44
C0232,2020-07,32
C0497,2022-03,1
C0646,2021-07,3
C0605,2022-04,1
C0466,2022-04,2
C0170,2025-04,115
C0504,2020-02,3
C0520,2020-02,2
C0724,2020-06,3
C0622,2020-06,21
C0159,2020-03,17
C0631,2020-06,3
C0431,2020-07,56
C0742,2020-07,9
C0696,2020-07,4
C0464,2020-07,24
C0542,2020-07,3
C0720,2020-07,3
C0075,2020-10,48
C0750,2020-10,5
C0553,2020-11,5
C0666,2020-11,1
C0155,2024-12,186
C0365,2020-05,3
C0274,2020-11,1
C0617,2020-05,1
C0048,2021-05,42
C0020,2021-05,47
C0310,2021-03,19
C0526,2021-03,3
C0022,2021-04,2
C0302,2021-05,52
C0180,2021-04,6
C0449,2021-02,2
C0124,2021-05,4
C0052,2020-10,2
C0563,2021-04,1
C0537,2021-08,152
C0046,2021-08,20
C0412,2021-08,36
C0533,2021-08,7
C0524,2021-08,3
C0345,2021-09,20
C0498,2020-03,10
C0582,2020-03,11
C0739,2020-03,4
C0049,2020-05,1
C0351,2020-06,2
C0079,2021-07,1
C0388,2020-10,6
C0018,2020-08,9
C0675,2021-02,5
C0329,2021-02,2
C0609,2021-02,2
C0536,2021-02,1
C0231,2021-02,1
C0600,2021-07,1
C0066,2024-12,38
C0090,2021-07,1
C0619,2021-11,2
C0392,2022-02,3
C0432,2022-02,1
C0513,2022-02,1
C0479,2020-03,1
C0549,2020-07,1
C0325,2020-07,1
C0480,2020-08,2
C0447,2020-05,1
C0261,2020-06,2
C0578,2020-12,1
C0741,2021-02,1
C0149,2026-01,51
C0506,2021-04,5
C0041,2020-01,1
C0402,2024-09,64
C0215,2022-01,1
C0409,2026-05,84
C0125,2026-05,87
C0230,2025-02,32
C0019,2026-05,54
C0159,2026-01,220
C0166,2026-05,72
C0634,2026-08,56
C0181,2026-05,43
C0582,2026-01,46
C0386,2026-01,180
C0185,2026-05,83
C0510,2026-05,46
C0170,2026-01,555
C0430,2026-07,17
C0553,2026-07,48
C0265,2026-01,105
C0439,2026-07,21
C0026,2026-06,22
C0224,2026-01,165
C0428,2024-07,47
C0327,2026-08,80
C0198,2026-07,1
C0420,2024-11,49
C0003,2025-03,11
C0120,2026-06,29
C0136,2026-06,80
C0341,2025-01,185
C0375,2026-07,33
C0264,2026-04,88
C0379,2026-01,107
C0378,2026-03,77
C0451,2026-06,127
C0422,2026-06,4
C0171,2024-09,40
C0072,2025-03,118
C0473,2026-03,178
C0498,2026-01,40
C0010,2026-03,93
C0343,2026-08,102
C0143,2025-11,113
C0552,2025-11,34
C0138,2025-11,104
C0011,2025-11,88
C0182,2025-11,41
C0013,2025-01,51
C0055,2025-11,27
C0311,2025-11,61
C0169,2025-11,111
C0126,2025-01,457
C0576,2025-11,25
C0394,2025-08,79
C0212,2025-05,50
C0727,2025-11,58
C0651,2025-01,54
C0178,2025-06,76
C0257,2025-01,210
C0362,2025-08,105
C0287,2025-01,79
C0296,2025-10,24
C0744,2025-01,117
C0539,2025-11,10
C0024,2025-10,35
C0745,2026-02,6
C0146,2025-09,134
C0296,2025-09,26
C0267,2025-09,48
C0444,2025-01,77
C0157,2025-01,10
C0498,2025-04,21
C0421,2025-09,24
C0715,2025-01,22
C0684,2026-03,40
C0276,2025-10,151
C0210,2025-08,41
C0399,2025-02,72
C0175,2025-10,48
C0016,2025-12,146
C0178,2026-04,86
C0379,2025-04,18
C0739,2026-01,22
C0386,2024-08,44
C0117,2024-10,63
C0392,2024-11,3
C0086,2025-08,88
C0479,2026-01,3
C0170,2024-08,90
C0355,2025-07,53
C0297,2026-02,117
C0162,2025-01,56
C0086,2024-06,71
C0025,2023-01,7
C0115,2024-09,47
C0718,2025-05,10
C0460,2026-02,79
C0459,2026-03,78
C0239,2026-03,63
C0386,2025-04,63
C0368,2024-12,56
C0650,2026-03,10
C0421,2025-10,24
C0149,2025-04,52
C0339,2024-10,53
C0061,2025-08,74
C0152,2026-04,33
C0264,2025-06,126
C0680,2026-05,19
C0619,2026-05,20
C0571,2025-01,9
C0087,2022-07,2
C0163,2026-05,9
C0159,2025-04,57
C0260,2026-01,8
C0273,2025-12,3
C0058,2026-06,129
C0743,2026-06,15
C0012,2026-08,43
C0392,2026-04,7
C0453,2026-06,6
C0428,2026-08,70
C0073,2026-08,105
C0664,2026-08,3
C0298,2026-08,48
C0427,2026-08,29
C0289,2026-08,41
C0361,2026-07,1
C0737,2026-08,3
C0146,2025-10,110
C0374,2020-01,1
C0529,2026-06,3
C0660,2026-08,3
C0039,2026-08,7
C0531,2026-08,1
C0135,2026-08,1
C0214,2026-04,45
C0704,2026-01,6
C0432,2023-12,3
C0297,2024-03,68
C0634,2024-04,22
C0460,2024-03,44
C0073,2024-04,87
C0039,2024-04,8
C0289,2024-04,47
C0012,2024-04,44
C0298,2024-04,37
C0327,2024-04,35
C0362,2024-06,96
C0428,2024-04,43
C0387,2024-03,36
C0416,2024-06,44
C0427,2024-04,20
C0343,2024-07,74
C0664,2024-04,1
C0258,2024-09,96
C0206,2024-09,88
C0737,2024-04,3
C0622,2024-05,16
C0724,2024-05,5
C0286,2024-05,103
C0235,2024-05,63
C0264,2024-11,84
C0548,2024-05,9
C0693,2024-05,11
C0631,2024-05,4
C0634,2024-07,29
C0545,2024-09,4
C0298,2024-07,32
C0366,2024-06,51
C0351,2024-05,6
C0113,2024-10,120
C0061,2024-06,70
C0068,2025-06,30
C0309,2024-06,5
C0210,2024-06,53
C0394,2024-06,73
C0382,2024-10,83
C0514,2024-10,5
C0489,2024-06,1
C0266,2024-11,50
C0039,2024-07,3
C0289,2024-07,30
C0073,2024-07,61
C0012,2024-07,25
C0327,2024-07,38
C0737,2024-07,6
C0427,2024-07,8
C0005,2024-10,52
C0194,2024-10,92
C0349,2024-10,81
C0149,2024-08,28
C0437,2024-09,36
C0159,2024-08,58
C0065,2024-12,23
C0582,2024-08,14
C0127,2025-02,57
C0336,2024-10,13
C0223,2025-05,54
C0040,2024-09,129
C0512,2024-10,4
C0367,2024-09,39
C0406,2024-09,16
C0265,2024-08,10
C0605,2024-10,1
C0042,2024-10,1
C0249,2024-09,36
C0429,2025-02,34
C0452,2025-02,71
C0178,2024-11,53
C0037,2024-11,149
C0602,2024-11,27
C0326,2024-11,29
C0068,2024-11,30
C0489,2024-01,2
C0276,2025-09,142
C0557,2025-02,46
C0676,2025-02,17
C0158,2025-03,95
C0379,2024-08,25
C0747,2025-02,23
C0543,2024-12,5
C0395,2025-05,50
C0713,2025-02,3
C0606,2025-05,9
C0174,2025-05,22
C0137,2025-05,84
C0265,2025-04,14
C0569,2025-05,12
C0087,2025-07,2
C0214,2024-11,37
C0224,2025-04,51
C0669,2026-08,3
C0717,2025-12,1
C0266,2025-06,46
C0739,2025-04,12
C0248,2025-01,9
C0387,2026-02,38
C0502,2026-02,3
C0024,2025-09,23
C0224,2024-08,39
C0037,2026-04,195
C0068,2026-04,38
C0420,2026-04,56
C0266,2026-04,48
C0363,2026-04,8
C0326,2026-04,11
C0513,2026-04,6
C0432,2026-04,4
C0602,2026-04,10
C0666,2026-07,1
C0267,2025-10,39
C0363,2024-11,23
C0197,2025-07,23
C0366,2025-08,49
C0069,2025-09,39
C0037,2025-06,175
C0214,2025-06,33
C0513,2025-06,6
C0420,2025-06,48
C0326,2025-06,28
C0363,2025-06,18
C0152,2025-06,40
C0602,2025-06,29
C0728,2025-07,81
C0357,2025-07,45
C0062,2025-07,52
C0313,2025-07,40
C0153,2025-09,21
C0648,2025-01,2
C0345,2025-10,24
C0153,2025-10,19
C0069,2025-10,27
C0240,2025-10,17
C0535,2025-10,3
C0535,2025-09,4
C0645,2025-11,3
C0597,2025-03,3
C0173,2025-07,2
C0240,2025-09,16
C0054,2021-12,1
C0745,2024-03,11
C0320,2024-09,65
C0516,2024-09,19
C0152,2024-11,45
C0621,2024-09,2
C0517,2024-09,5
C0738,2024-09,2
C0596,2024-09,1
C0108,2024-12,2
C0690,2025-01,3
C0345,2025-09,19
C0654,2025-09,2
C0642,2025-03,21
C0580,2025-01,1
C0637,2025-03,3
C0053,2025-03,2
C0582,2025-04,13
C0392,2025-06,3
C0416,2025-08,41
C0489,2025-08,2
C0175,2025-09,30
C0748,2025-12,3
C0099,2026-02,1
C0491,2026-02,1
C0706,2026-04,1
C0712,2024-02,8
C0502,2024-03,4
C0099,2024-03,1
C0498,2024-08,14
C0739,2024-08,9
C0260,2024-08,1
C0432,2024-11,2
C0681,2024-12,3
C0309,2025-08,1
C0261,2024-05,1
C0660,2024-07,3
C0531,2024-07,1
C0513,2024-11,2
C0608,2025-02,1
C0629,2022-07,2
C0559,2023-02,1
C0695,2023-06,3
C0397,2023-09,1
C0628,2025-03,2
C0449,2022-09,1
C0108,2022-12,1
C0592,2021-12,27
C0222,2021-12,58
C0443,2021-12,77
C0719,2021-10,5
C0033,2021-01,178
C0104,2021-01,114
C0072,2022-01,117
C0158,2022-01,240
C0450,2021-01,81
C0380,2020-04,30
C0347,2020-07,34
C0057,2020-07,70
C0254,2020-10,69
C0141,2021-01,171
C0589,2021-12,5
C0389,2021-10,36
C0457,2020-06,40
C0160,2021-08,7
C0323,2021-10,29
C0633,2021-01,41
C0302,2020-11,39
C0427,2021-03,29
C0439,2021-05,16
C0177,2022-04,30
C0195,2022-04,45
C0129,2022-04,70
C0311,2022-03,66
C0211,2022-04,71
C0486,2022-04,67
C0552,2022-03,25
C0455,2022-04,63
C0219,2022-02,25
C0360,2022-02,42
C0114,2022-02,35
C0176,2022-02,49
C0143,2022-03,70
C0472,2022-04,47
C0182,2022-03,21
C0003,2022-01,41
C0191,2022-02,43
C0423,2022-05,54
C0179,2022-05,21
C0138,2022-03,48
C0583,2022-05,6
C0454,2022-05,13
C0288,2022-05,5
C0027,2022-05,23
C0011,2022-03,35
C0501,2022-05,8
C0185,2020-02,42
C0537,2021-07,135
C0183,2020-01,238
C0330,2020-07,57
C0369,2020-11,80
C0300,2020-06,49
C0241,2020-10,43
C0166,2020-02,35
C0401,2021-07,33
C0070,2020-04,30
C0396,2021-07,20
C0289,2021-03,40
C0371,2020-07,29
C0225,2021-07,45
C0306,2021-10,42
C0154,2020-12,62
C0139,2020-09,17
C0016,2021-09,44
C0218,2020-03,54
C0324,2021-10,43
C0531,2021-03,1
C0685,2020-01,12
C0209,2020-01,154
C0125,2020-02,34
C0298,2021-03,46
C0236,2020-09,32
C0412,2021-07,30
C0333,2020-01,91
C0075,2020-04,42
C0304,2020-01,331
C0362,2022-06,104
C0086,2022-06,75
C0366,2022-06,45
C0394,2022-06,57
C0210,2022-06,34
C0061,2022-06,48
C0416,2022-06,38
C0489,2022-06,1
C0122,2022-08,116
C0013,2024-02,9
C0309,2022-06,6
C0460,2022-07,34
C0297,2022-07,46
C0387,2022-07,40
C0287,2024-02,35
C0016,2022-10,38
C0597,2022-01,4
C0642,2022-01,12
C0218,2022-11,68
C0424,2022-11,29
C0144,2022-11,24
C0746,2022-11,7
C0500,2022-11,2
C0237,2020-04,75
C0293,2023-01,129
C0352,2022-09,23
C0688,2022-12,8
C0587,2022-12,16
C0131,2022-12,2
C0677,2022-12,5
C0295,2023-03,40
C0114,2023-03,48
C0176,2023-03,89
C0191,2023-03,51
C0067,2023-01,421
C0301,2022-08,22
C0319,2023-03,24
C0360,2023-03,45
C0106,2022-08,52
C0219,2023-03,38
C0250,2023-01,87
C0700,2023-01,61
C0121,2023-01,101
C0618,2023-03,2
C0594,2023-03,3
C0451,2023-02,35
C0598,2023-03,12
C0136,2023-02,39
C0615,2023-03,6
C0081,2023-03,2
C0433,2023-01,15
C0462,2023-01,57
C0487,2023-01,54
C0053,2022-01,6
C0136,2023-04,42
C0058,2023-04,68
C0451,2023-04,52
C0743,2023-04,8
C0120,2023-04,15
C0026,2023-04,14
C0026,2023-02,21
C0188,2020-12,80
C0647,2023-01,17
C0101,2022-08,21
C0383,2020-09,58
C0460,2023-07,31
C0745,2023-07,5
C0297,2023-07,55
C0387,2023-07,46
C0236,2023-08,46
C0481,2023-08,52
C0139,2023-08,24
C0689,2023-08,10
C0128,2023-08,79
C0372,2023-08,19
C0383,2023-08,49
C0213,2023-08,28
C0112,2023-08,14
C0095,2023-08,3
C0538,2023-08,1
C0607,2023-08,3
C0337,2023-01,30
C0490,2023-08,10
C0286,2023-06,83
C0314,2023-08,2
C0502,2023-07,1
C0275,2020-10,50
C0298,2023-09,31
C0343,2023-09,58
C0427,2023-09,15
C0073,2023-09,68
C0039,2023-09,3
C0428,2023-09,48
C0012,2023-09,32
C0631,2023-06,5
C0327,2023-09,36
C0634,2023-09,23
C0289,2023-09,37
C0319,2023-12,17
C0295,2023-12,42
C0219,2023-12,45
C0360,2023-12,53
C0114,2023-12,58
C0176,2023-12,94
C0598,2023-12,19
C0191,2023-12,74
C0352,2023-05,21
C0072,2023-11,74
C0618,2023-12,1
C0594,2023-12,5
C0615,2023-12,5
C0645,2022-03,3
C0055,2022-03,26
C0727,2022-03,24
C0539,2022-03,9
C0169,2022-03,39
C0295,2022-02,33
C0319,2022-02,24
C0576,2022-03,9
C0637,2022-01,4
C0205,2020-01,123
C0237,2020-12,129
C0017,2020-01,94
C0031,2021-06,39
C0414,2021-04,52
C0372,2020-09,21
C0417,2021-01,75
C0044,2021-01,48
C0711,2022-05,4
C0257,2024-02,63
C0614,2022-09,9
C0358,2022-09,93
C0541,2022-09,3
C0532,2022-09,11
C0584,2022-09,17
C0604,2022-09,12
C0565,2022-09,5
C0189,2022-08,90
C0626,2022-09,5
C0616,2022-09,15
C0586,2022-09,6
C0736,2022-09,5
C0322,2022-09,1
C0190,2022-09,1
C0216,2020-06,34
C0213,2020-09,23
C0020,2020-11,45
C0411,2022-09,2
C0271,2022-08,54
C0638,2022-09,1
C0019,2020-02,28
C0058,2023-02,43
C0419,2021-07,49
C0120,2023-02,17
C0292,2020-10,14
C0529,2023-02,2
C0743,2023-02,6
C0422,2023-02,1
C0444,2024-02,10
C0411,2023-05,2
C0235,2023-06,76
C0622,2023-06,21
C0358,2023-05,83
C0261,2023-06,4
C0693,2023-06,4
C0351,2023-06,3
C0532,2023-05,12
C0642,2023-11,9
C0158,2023-11,81
C0003,2023-11,15
C0389,2023-10,33
C0165,2023-10,18
C0306,2023-10,47
C0335,2023-09,2
C0670,2023-10,9
C0270,2023-10,44
C0212,2024-09,51
C0341,2024-02,92
C0744,2024-02,35
C0126,2024-02,99
C0306,2024-01,109
C0400,2024-02,37
C0270,2024-01,147
C0324,2024-01,115
C0251,2024-01,252
C0715,2024-02,7
C0686,2021-10,12
C0208,2020-08,14
C0307,2020-10,59
C0112,2020-09,14
C0081,2022-02,1
C0340,2021-11,51
C0228,2021-07,32
C0277,2021-07,61
C0533,2021-07,16
C0415,2021-08,16
C0046,2021-07,28
C0618,2022-02,1
C0322,2021-02,7
C0403,2020-10,27
C0423,2020-05,44
C0252,2021-08,29
C0425,2020-12,8
C0481,2020-09,54
C0358,2021-02,57
C0380,2020-12,26
C0179,2020-05,19
C0506,2021-06,11
C0398,2021-07,55
C0060,2021-08,134
C0012,2021-03,42
C0714,2021-07,34
C0073,2021-03,73
C0109,2020-08,50
C0167,2021-07,40
C0161,2020-08,14
C0270,2021-10,43
C0490,2020-09,9
C0475,2021-07,60
C0097,2022-08,10
C0627,2022-08,3
C0468,2026-05,282
C0657,2022-08,2
C0547,2022-08,1
C0165,2021-10,21
C0673,2022-12,1
C0561,2022-12,4
C0477,2022-12,3
C0529,2023-04,1
C0616,2023-05,23
C0614,2023-05,2
C0604,2023-05,7
C0116,2023-05,2
C0638,2023-05,1
C0322,2023-05,3
C0669,2023-09,1
C0548,2023-06,7
C0531,2023-09,2
C0664,2023-09,1
C0226,2023-10,123
C0324,2023-10,35
C0251,2023-10,58
C0653,2023-10,2
C0521,2023-10,15
C0323,2023-10,24
C0323,2024-01,143
C0521,2024-01,36
C0226,2024-01,277
C0653,2024-01,7
C0389,2024-01,71
C0165,2024-01,69
C0165,2024-06,29
C0719,2024-01,20
C0486,2024-10,133
C0686,2024-01,16
C0321,2024-01,29
C0483,2024-04,82
C0355,2024-03,32
C0554,2024-01,17
C0034,2020-04,38
C0425,2020-04,11
C0188,2020-04,34
C0454,2020-05,26
C0154,2020-04,46
C0029,2020-10,23
C0027,2020-05,20
C0583,2020-05,7
C0288,2020-05,9
C0424,2020-03,30
C0501,2020-05,3
C0338,2020-11,43
C0144,2020-03,23
C0196,2020-08,53
C0088,2020-08,35
C0534,2020-01,5
C0540,2020-08,2
C0128,2020-09,73
C0281,2020-08,2
C0672,2020-08,3
C0095,2020-09,5
C0045,2020-07,88
C0689,2020-09,9
C0607,2020-09,4
C0181,2020-02,37
C0314,2020-09,1
C0679,2020-09,3
C0052,2020-12,6
C0070,2020-12,36
C0352,2021-02,20
C0446,2020-11,36
C0404,2021-04,2
C0075,2020-12,51
C0048,2020-11,33
C0553,2021-05,13
C0332,2021-06,14
C0256,2021-04,50
C0584,2021-02,14
C0586,2021-02,7
C0626,2021-02,3
C0614,2021-02,3
C0616,2021-02,20
C0532,2021-02,7
C0604,2021-02,4
C0736,2021-02,2
C0530,2021-06,41
C0407,2021-07,26
C0217,2021-06,32
C0430,2021-05,27
C0428,2021-03,42
C0385,2021-06,35
C0180,2021-06,5
C0391,2021-07,39
C0343,2021-03,53
C0022,2021-06,4
C0524,2021-07,2
C0563,2021-06,1
C0636,2020-06,2
C0375,2021-05,40
C0193,2021-07,9
C0521,2021-10,16
C0226,2021-10,91
C0251,2021-10,44
C0554,2021-10,4
C0083,2021-08,49
C0670,2021-10,8
C0653,2021-10,3
C0321,2021-10,5
C0418,2021-11,9
C0510,2020-02,17
C0001,2021-11,2
C0661,2021-11,2
C0678,2021-11,13
C0598,2022-02,7
C0308,2021-11,9
C0606,2024-09,6
C0584,2023-05,12
C0626,2023-05,1
C0565,2023-05,4
C0586,2023-05,4
C0468,2021-11,45
C0711,2020-05,1
C0409,2020-02,32
C0484,2020-10,35
C0520,2021-11,5
C0646,2021-08,2
C0558,2020-01,7
C0680,2020-02,16
C0619,2020-02,3
C0163,2020-02,8
C0695,2020-06,6
C0593,2020-06,10
C0002,2020-07,28
C0201,2020-07,47
C0342,2020-07,51
C0603,2020-07,19
C0662,2020-07,2
C0635,2020-07,2
C0656,2020-07,2
C0294,2020-07,1
C0124,2020-11,4
C0007,2020-11,44
C0630,2020-10,11
C0377,2020-01,4
C0499,2020-11,1
C0634,2021-03,27
C0176,2026-04,132
C0103,2020-10,54
C0034,2020-12,29
C0591,2020-11,1
C0335,2021-03,2
C0327,2021-03,23
C0664,2021-03,1
C0737,2021-03,6
C0142,2021-04,1
C0218,2025-04,94
C0434,2021-04,2
C0090,2021-08,2
C0600,2021-08,1
C0588,2021-09,1
C0079,2021-08,1
C0697,2021-12,4
C0613,2021-12,2
C0032,2021-12,3
C0092,2020-09,1
C0746,2020-03,6
C0578,2020-10,2
C0248,2024-02,1
C0733,2020-10,1
C0565,2021-02,1
C0116,2021-02,2
C0574,2021-07,2
C0504,2021-11,5
C0199,2022-01,3
C0594,2022-02,1
C0615,2022-02,4
C0726,2020-04,2
C0750,2020-04,2
C0388,2020-04,2
C0052,2020-04,1
C0441,2020-08,2
C0710,2020-08,1
C0750,2020-12,4
C0388,2020-12,3
C0361,2021-05,1
C0666,2021-05,2
C0274,2021-05,1
C0300,2024-05,42
C0030,2021-04,1
C0040,2025-05,159
C0340,2026-05,57
C0239,2025-02,37
C0219,2026-04,161
C0418,2026-05,33
C0124,2026-07,48
C0446,2026-07,172
C0007,2026-07,46
C0048,2026-07,127
C0302,2026-07,85
C0369,2026-07,160
C0144,2026-01,135
C0338,2026-07,134
C0218,2026-01,258
C0033,2025-11,73
C0357,2026-02,85
C0255,2025-01,304
C0020,2026-07,56
C0172,2026-06,81
C0746,2026-01,35
C0114,2026-04,84
C0424,2026-01,96
C0591,2026-07,4
C0107,2026-06,13
C0130,2026-08,235
C0291,2026-01,1
C0500,2026-01,13
C0016,2025-09,50
C0104,2025-11,35
C0191,2026-04,124
C0318,2026-08,48
C0453,2023-04,3
C0211,2024-10,77
C0615,2025-06,10
C0133,2024-07,84
C0044,2025-11,65
C0141,2025-11,101
C0417,2025-11,58
C0485,2025-01,242
C0219,2025-06,71
C0460,2025-07,57
C0450,2025-11,37
C0189,2025-03,97
C0098,2025-01,141
C0016,2025-10,52
C0306,2025-08,26
C0321,2025-08,22
C0478,2025-01,288
C0633,2025-11,21
C0712,2025-01,86
C0129,2024-10,79
C0709,2025-11,1
C0062,2026-02,55
C0670,2024-01,17
C0319,2026-04,28
C0106,2025-03,95
C0171,2025-05,41
C0175,2025-12,79
C0024,2025-12,72
C0267,2025-12,96
C0276,2025-12,142
C0146,2025-12,152
C0345,2025-12,25
C0069,2025-12,43
C0296,2025-12,44
C0130,2024-07,37
C0598,2026-04,38
C0629,2026-02,2
C0421,2025-12,49
C0114,2024-11,65
C0101,2025-03,28
C0301,2025-03,37
C0426,2026-03,85
C0452,2026-03,118
C0747,2026-03,64
C0230,2026-03,67
C0127,2026-03,55
C0557,2026-03,53
C0399,2026-03,77
C0429,2026-03,41
C0355,2026-02,33
C0713,2026-03,14
C0676,2026-03,14
C0223,2024-09,68
C0133,2024-04,78
C0313,2026-02,69
C0424,2025-04,51
C0323,2025-08,24
C0323,2024-06,41
C0313,2024-03,43
C0053,2023-11,2
C0308,2026-05,20
C0176,2025-06,86
C0504,2026-05,5
C0001,2026-05,5
C0520,2026-05,14
C0271,2025-03,59
C0321,2023-10,10
C0389,2024-06,36
C0678,2026-05,6
C0258,2025-05,161
C0133,2026-08,89
C0310,2026-08,32
C0153,2025-12,40
C0378,2025-02,81
C0483,2026-08,83
C0623,2026-06,12
C0249,2025-05,44
C0202,2026-08,82
C0094,2026-08,75
C0150,2026-08,32
C0526,2026-08,12
C0195,2024-10,64
C0321,2024-06,14
C0657,2025-03,8
C0036,2026-08,4
C0270,2025-08,67
C0397,2026-08,1
C0728,2024-03,31
C0569,2024-09,18
C0319,2024-11,13
C0270,2024-06,57
C0197,2024-03,29
C0658,2024-01,1
C0150,2024-04,27
C0202,2024-04,84
C0094,2024-04,44
C0310,2024-04,20
C0526,2024-04,3
C0130,2024-04,49
C0226,2024-06,107
C0318,2024-04,22
C0395,2024-09,43
C0360,2024-11,59
C0094,2024-07,47
C0176,2024-11,83
C0373,2024-04,3
C0593,2024-05,36
C0216,2024-05,25
C0457,2024-05,27
C0695,2024-05,8
C0636,2024-05,9
C0202,2024-07,83
C0144,2024-08,21
C0483,2024-07,80
C0251,2024-06,78
C0306,2024-06,48
C0310,2024-07,29
C0653,2024-06,10
C0719,2024-06,7
C0324,2024-06,40
C0670,2024-06,12
C0521,2024-06,13
C0554,2024-06,4
C0686,2024-06,4
C0218,2024-08,66
C0295,2024-11,50
C0036,2024-07,2
C0318,2024-07,33
C0150,2024-07,18
C0191,2024-11,86
C0455,2024-10,76
C0137,2024-09,67
C0472,2024-10,69
C0177,2024-10,28
C0006,2024-10,1
C0174,2024-09,18
C0219,2024-11,35
C0718,2024-09,5
C0473,2025-02,71
C0402,2025-05,71
C0598,2024-11,36
C0618,2024-11,2
C0587,2024-12,31
C0650,2025-02,4
C0459,2025-02,48
C0598,2025-06,36
C0010,2025-02,24
C0115,2025-05,60
C0165,2025-08,19
C0684,2025-02,17
C0528,2025-01,3
C0367,2025-05,51
C0320,2025-05,88
C0517,2025-05,10
C0319,2025-06,33
C0206,2025-05,96
C0545,2025-05,9
C0437,2025-05,55
C0406,2025-05,22
C0516,2025-05,16
C0601,2026-06,3
C0360,2026-04,84
C0144,2025-04,28
C0594,2026-04,5
C0240,2025-12,24
C0122,2025-03,183
C0297,2025-07,109
C0746,2025-04,11
C0295,2025-06,37
C0594,2025-06,6
C0728,2026-02,53
C0191,2025-06,92
C0197,2026-02,26
C0719,2025-08,4
C0087,2026-02,5
C0608,2026-03,3
C0615,2026-04,9
C0295,2026-04,40
C0173,2026-02,2
C0284,2021-06,1
C0114,2025-06,78
C0360,2025-06,75
C0273,2025-10,3
C0387,2025-07,55
C0099,2025-07,3
C0226,2025-08,126
C0251,2025-08,91
C0273,2025-09,3
C0588,2025-09,1
C0717,2025-09,1
C0670,2025-08,7
C0324,2025-08,43
C0389,2025-08,34
C0062,2024-03,39
C0357,2024-03,46
C0173,2024-03,4
C0686,2025-08,16
C0424,2024-08,53
C0746,2024-08,8
C0467,2024-09,1
C0734,2024-01,1
C0688,2024-12,4
C0717,2025-10,2
C0661,2026-05,1
C0097,2025-03,14
C0653,2025-08,2
C0561,2024-12,7
C0500,2025-04,7
C0745,2025-07,7
C0502,2025-07,1
C0748,2025-10,1
C0497,2025-11,1
C0535,2025-12,1
C0677,2024-12,8
C0559,2026-06,3
C0502,2022-07,1
C0699,2024-01,2
C0651,2024-02,15
C0162,2024-02,6
C0629,2024-03,3
C0087,2024-03,2
C0500,2024-08,9
C0207,2024-12,1
C0673,2024-12,2
C0615,2024-11,5
C0663,2024-12,1
C0477,2024-12,1
C0521,2025-08,10
C0554,2025-08,6
C0648,2024-02,2
C0571,2024-02,3
C0157,2024-02,1
C0081,2023-12,1
C0526,2024-07,4
C0594,2024-11,3
C0627,2025-03,3
C0745,2022-07,3
C0554,2023-10,2
C0686,2023-10,5
C0719,2023-10,1
C0699,2023-10,1
C0597,2023-11,2
C0273,2022-10,1
C0724,2023-06,1
C0148,2024-03,1
C0349,2021-12,74
C0705,2021-12,2
C0117,2021-12,52
C0113,2021-12,150
C0382,2021-12,113
C0083,2021-04,41
C0339,2021-12,30
C0194,2021-12,75
C0005,2021-12,35
C0040,2021-09,73
C0605,2021-12,3
C0042,2021-12,1
C0100,2022-04,28
C0429,2022-05,46
C0033,2020-09,62
C0383,2021-01,101
C0419,2021-06,67
C0340,2022-01,165
C0328,2020-01,182
C0468,2022-01,165
C0213,2021-01,63
C0216,2021-03,26
C0128,2021-01,210
C0678,2022-01,18
C0401,2021-06,31
C0336,2021-12,6
C0073,2020-06,69
C0520,2022-01,13
C0173,2020-03,6
C0372,2021-01,76
C0512,2021-12,1
C0514,2021-12,5
C0396,2021-06,18
C0007,2020-08,30
C0236,2021-01,73
C0400,2022-02,19
C0004,2022-04,46
C0461,2022-04,63
C0527,2022-04,8
C0056,2022-04,42
C0581,2020-01,23
C0080,2022-04,95
C0463,2022-03,36
C0418,2022-01,25
C0405,2022-03,57
C0469,2022-04,18
C0013,2022-02,17
C0448,2020-01,106
C0444,2022-02,12
C0158,2021-11,93
C0313,2022-11,42
C0126,2022-02,89
C0399,2022-05,80
C0452,2022-05,48
C0426,2022-05,59
C0127,2022-05,43
C0676,2022-05,19
C0608,2022-05,2
C0557,2022-05,33
C0230,2022-05,28
C0162,2022-02,10
C0713,2022-05,4
C0257,2022-02,46
C0747,2022-05,12
C0452,2020-05,49
C0436,2020-10,39
C0509,2020-01,21
C0435,2021-05,37
C0550,2020-01,20
C0450,2020-09,42
C0196,2020-11,60
C0009,2020-10,84
C0688,2021-02,8
C0189,2020-02,78
C0475,2021-06,45
C0012,2020-06,24
C0193,2021-06,4
C0060,2021-04,172
C0346,2020-01,104
C0317,2020-12,40
C0537,2021-06,158
C0312,2020-01,42
C0457,2021-03,23
C0355,2020-03,49
C0112,2021-01,35
C0245,2020-01,173
C0533,2021-06,9
C0538,2021-01,11
C0334,2020-01,143
C0221,2022-06,69
C0085,2022-06,33
C0438,2022-06,4
C0019,2022-08,33
C0744,2022-02,38
C0341,2022-02,70
C0170,2022-07,80
C0265,2022-07,17
C0379,2022-07,38
C0386,2022-07,41
C0739,2022-07,11
C0149,2022-07,29
C0582,2022-07,14
C0224,2022-07,34
C0159,2022-07,35
C0704,2022-07,2
C0287,2022-02,16
C0115,2021-09,42
C0426,2020-05,68
C0504,2022-01,3
C0308,2022-01,17
C0062,2022-11,42
C0437,2022-10,46
C0402,2022-10,69
C0206,2022-10,76
C0258,2022-10,92
C0728,2022-11,24
C0197,2022-11,25
C0040,2022-10,79
C0545,2022-10,5
C0381,2021-10,11
C0249,2022-10,30
C0516,2022-10,18
C0355,2022-11,35
C0171,2022-10,39
C0367,2022-10,43
C0320,2022-10,42
C0357,2022-11,28
C0406,2022-10,8
C0302,2020-08,44
C0171,2021-09,38
C0446,2020-08,35
C0638,2022-12,2
C0358,2022-12,93
C0532,2022-12,11
C0584,2022-12,22
C0352,2022-12,48
C0115,2022-10,45
C0604,2022-12,9
C0616,2022-12,23
C0586,2022-12,6
C0736,2022-12,2
C0327,2020-06,22
C0614,2022-12,5
C0541,2022-12,4
C0715,2023-03,8
C0126,2023-03,115
C0013,2023-03,14
C0341,2023-03,85
C0089,2023-01,138
C0192,2023-01,150
C0400,2023-03,25
C0444,2023-03,7
C0257,2023-03,50
C0651,2023-03,14
C0391,2021-06,31
C0393,2023-01,207
C0744,2023-03,42
C0287,2023-03,35
C0028,2023-01,117
C0330,2023-02,70
C0057,2023-02,54
C0162,2023-03,12
C0571,2023-03,2
C0111,2023-03,1
C0156,2020-12,56
C0093,2023-01,56
C0166,2022-08,29
C0371,2023-04,19
C0330,2023-04,67
C0603,2023-04,15
C0002,2023-04,54
C0045,2023-04,54
C0201,2023-04,34
C0347,2023-04,22
C0656,2023-04,5
C0057,2023-04,35
C0342,2023-04,46
C0294,2023-04,12
C0635,2023-04,9
C0140,2023-01,56
C0665,2023-01,11
C0386,2023-07,50
C0170,2023-07,72
C0265,2023-07,13
C0159,2023-07,46
C0149,2023-07,27
C0318,2023-06,22
C0224,2023-07,33
C0168,2023-01,25
C0498,2023-07,11
C0379,2023-07,25
C0417,2023-08,59
C0450,2023-08,31
C0104,2023-08,21
C0141,2023-08,56
C0033,2023-08,47
C0044,2023-08,37
C0633,2023-08,16
C0133,2023-06,62
C0045,2023-02,44
C0150,2023-06,24
C0709,2023-08,1
C0216,2023-09,26
C0300,2023-09,80
C0593,2023-09,28
C0695,2023-09,11
C0341,2023-12,94
C0013,2023-12,22
C0257,2023-12,69
C0126,2023-12,131
C0400,2023-12,39
C0715,2023-12,10
C0744,2023-12,33
C0287,2023-12,29
C0162,2023-12,14
C0444,2023-12,11
C0310,2023-06,42
C0651,2023-12,11
C0566,2022-03,3
C0555,2022-03,15
C0544,2022-03,4
C0364,2022-03,27
C0571,2022-02,4
C0674,2022-03,4
C0725,2022-03,5
C0136,2020-07,61
C0482,2021-05,79
C0398,2021-06,51
C0402,2021-09,57
C0427,2020-06,36
C0248,2022-02,3
C0319,2024-02,19
C0688,2022-09,4
C0105,2020-10,53
C0673,2022-09,1
C0677,2022-09,2
C0587,2022-09,21
C0260,2022-07,2
C0409,2022-08,39
C0561,2022-09,4
C0125,2022-08,70
C0680,2022-08,17
C0181,2022-08,8
C0185,2022-08,45
C0551,2020-10,10
C0123,2020-01,99
C0510,2022-08,58
C0477,2022-09,1
C0264,2025-01,390
C0376,2023-01,14
C0417,2020-09,31
C0347,2023-02,14
C0002,2023-02,46
C0201,2023-02,35
C0342,2023-02,43
C0095,2021-01,22
C0371,2023-02,34
C0603,2023-02,12
C0656,2023-02,1
C0635,2023-02,3
C0026,2020-07,16
C0206,2021-09,69
C0072,2021-11,67
C0151,2021-10,55
C0690,2023-03,1
C0481,2021-01,77
C0157,2023-03,1
C0130,2023-06,34
C0483,2023-06,73
C0202,2023-06,86
C0094,2023-06,39
C0561,2023-05,3
C0739,2023-07,6
C0008,2022-04,2
C0582,2023-07,8
C0260,2023-07,2
C0468,2023-11,66
C0504,2023-11,9
C0340,2023-11,60
C0678,2023-11,13
C0520,2023-11,7
C0418,2023-11,5
C0369,2020-08,78
C0191,2024-02,73
C0268,2023-10,1
C0151,2023-10,88
C0571,2023-12,1
C0308,2023-11,3
C0176,2024-02,58
C0114,2024-02,52
C0598,2024-02,21
C0219,2024-02,38
C0594,2024-02,3
C0360,2024-02,57
C0295,2024-02,40
C0235,2024-07,53
C0651,2022-02,13
C0689,2021-01,32
C0715,2022-02,4
C0003,2021-11,7
C0256,2021-08,54
C0648,2022-02,2
C0228,2021-06,49
C0058,2020-07,80
C0062,2020-03,38
C0634,2020-06,13
C0092,2021-01,5
C0407,2021-06,41
C0399,2020-05,97
C0412,2021-06,37
C0357,2020-03,24
C0048,2020-08,46
C0480,2021-05,1
C0300,2021-03,60
C0122,2020-02,119
C0101,2020-02,13
C0252,2021-04,36
C0298,2020-06,53
C0145,2020-10,41
C0714,2021-06,24
C0465,2020-10,52
C0271,2020-02,35
C0167,2021-06,34
C0227,2020-01,76
C0106,2020-02,33
C0018,2021-05,20
C0317,2020-04,48
C0490,2021-01,16
C0607,2021-01,4
C0120,2020-07,25
C0320,2021-09,42
C0277,2021-06,45
C0132,2020-10,66
C0258,2021-09,94
C0163,2022-08,16
C0619,2022-08,2
C0040,2025-09,140
C0322,2022-12,6
C0626,2022-12,5
C0565,2022-12,4
C0190,2022-12,1
C0139,2021-01,52
C0428,2020-06,36
C0662,2023-04,3
C0259,2021-10,79
C0587,2023-05,19
C0677,2023-05,8
C0673,2023-05,2
C0688,2023-05,4
C0636,2023-09,18
C0457,2023-09,13
C0259,2023-10,74
C0723,2023-10,18
C0381,2023-10,16
C0381,2024-01,63
C0151,2024-01,198
C0259,2024-01,252
C0723,2024-01,65
C0286,2024-04,107
C0073,2024-05,71
C0424,2024-03,40
C0313,2020-03,39
C0716,2020-01,8
C0556,2020-01,46
C0570,2020-01,12
C0050,2020-01,136
C0200,2020-04,33
C0518,2020-01,8
C0038,2020-04,21
C0127,2020-05,40
C0557,2020-05,56
C0429,2020-05,53
C0156,2020-04,32
C0230,2020-05,31
C0676,2020-05,11
C0713,2020-05,2
C0687,2020-04,6
C0301,2020-02,17
C0608,2020-05,2
C0097,2020-02,12
C0338,2020-08,56
C0020,2020-08,42
C0633,2020-09,19
C0104,2020-09,30
C0141,2020-09,67
C0044,2020-09,24
C0124,2020-08,4
C0289,2020-06,45
C0087,2020-03,1
C0709,2020-09,2
C0161,2020-11,18
C0664,2020-06,1
C0200,2020-12,58
C0038,2020-12,26
C0314,2021-01,5
C0632,2020-12,4
C0208,2020-11,20
C0088,2020-11,33
C0587,2021-02,10
C0031,2021-07,30
C0134,2021-05,42
C0076,2021-05,73
C0109,2020-11,47
C0217,2021-07,37
C0440,2021-05,37
C0574,2021-06,4
C0593,2021-03,15
C0046,2021-06,24
C0385,2021-07,61
C0530,2021-07,44
C0506,2021-07,13
C0332,2021-07,15
C0414,2021-08,37
C0367,2021-09,56
C0022,2021-07,4
C0451,2020-07,26
C0723,2021-10,13
C0642,2021-11,9
C0437,2021-09,43
C0648,2023-03,1
C0456,2022-03,1
C0624,2022-03,1
C0411,2022-12,1
C0160,2021-04,7
C0225,2021-06,62
C0579,2023-09,2
C0747,2020-05,3
C0406,2021-09,6
C0597,2021-11,1
C0644,2020-01,6
C0657,2020-02,3
C0343,2020-06,50
C0737,2020-06,7
C0353,2020-04,5
C0197,2020-03,27
C0135,2020-06,1
C0524,2021-06,3
C0529,2020-07,4
C0540,2020-11,7
C0296,2024-09,28
C0422,2020-07,1
C0253,2020-10,45
C0458,2020-10,27
C0672,2020-11,11
C0071,2020-10,44
C0159,2025-07,67
C0356,2020-10,2
C0499,2020-08,2
C0441,2020-11,1
C0577,2020-12,2
C0687,2020-12,8
C0695,2021-03,6
C0636,2021-03,6
C0525,2021-04,4
C0646,2021-04,4
C0600,2021-04,1
C0415,2021-04,17
C0090,2021-04,2
C0341,2024-11,90
C0560,2021-05,12
C0728,2020-03,23
C0400,2024-11,43
C0470,2020-10,2
C0404,2021-08,1
C0434,2021-08,2
C0030,2021-08,4
C0249,2021-09,32
C0516,2021-09,14
C0517,2021-09,3
C0545,2021-09,2
C0428,2024-05,46
C0466,2021-12,1
C0627,2020-02,1
C0629,2020-03,3
C0119,2020-05,1
C0039,2020-06,2
C0567,2020-10,1
C0677,2021-02,5
C0561,2021-02,1
C0353,2020-12,6
C0180,2021-07,3
C0284,2021-07,1
C0077,2021-08,1
C0199,2021-11,2
C0053,2021-11,1
C0577,2020-04,3
C0289,2024-05,42
C0663,2021-02,1
C0497,2020-09,1
C0661,2022-01,1
C0062,2026-01,220
C0072,2026-05,152
C0003,2026-05,22
C0247,2025-02,59
C0158,2026-05,106
C0357,2026-01,230
C0642,2026-05,8
C0728,2026-01,174
C0313,2026-01,508
C0109,2026-07,113
C0341,2026-04,126
C0355,2026-01,91
C0258,2025-09,152
C0208,2026-07,113
C0196,2026-07,107
C0087,2026-01,6
C0088,2026-07,92
C0444,2024-11,13
C0161,2026-07,40
C0420,2025-01,118
C0441,2026-07,7
C0197,2026-01,93
C0542,2026-06,24
C0672,2026-07,37
C0631,2026-08,7
C0170,2025-07,112
C0232,2026-06,67
C0400,2026-04,93
C0540,2026-07,7
C0315,2026-06,98
C0722,2026-07,2
C0320,2025-10,72
C0351,2026-08,16
C0064,2026-07,4
C0710,2026-07,4
C0249,2025-10,46
C0464,2026-06,71
C0367,2025-10,69
C0718,2025-12,21
C0517,2025-09,8
C0258,2025-10,150
C0040,2025-10,172
C0206,2025-10,102
C0056,2024-10,56
C0402,2025-09,67
C0286,2026-08,107
C0548,2024-04,6
C0015,2026-06,122
C0115,2025-10,78
C0383,2025-11,91
C0341,2025-06,102
C0236,2025-11,89
C0139,2025-11,37
C0128,2025-11,87
C0213,2025-11,35
C0481,2025-11,55
C0112,2025-11,22
C0538,2025-11,3
C0266,2025-01,157
C0406,2025-10,26
C0689,2025-11,10
C0363,2025-01,48
C0037,2025-01,461
C0287,2025-06,35
C0402,2025-10,88
C0545,2025-10,8
C0214,2025-01,106
C0490,2025-11,9
C0372,2025-11,13
C0171,2025-09,31
C0171,2025-10,49
C0179,2026-03,66
C0068,2025-01,109
C0326,2025-01,49
C0314,2025-11,3
C0223,2025-12,115
C0137,2025-12,100
C0395,2025-12,67
C0606,2025-12,19
C0174,2025-12,32
C0212,2025-12,78
C0469,2024-10,27
C0016,2025-05,60
C0352,2024-12,48
C0629,2026-01,4
C0126,2026-04,148
C0024,2024-09,27
C0151,2025-08,104
C0257,2025-06,57
C0178,2025-01,146
C0569,2025-12,27
C0392,2025-01,18
C0406,2025-09,20
C0235,2024-04,68
C0432,2025-01,9
C0454,2026-03,28
C0288,2026-03,15
C0144,2026-02,33
C0423,2026-03,108
C0152,2025-01,89
C0173,2024-08,5
C0583,2026-03,11
C0359,2026-03,3
C0218,2026-02,74
C0501,2026-03,24
C0651,2025-06,25
C0027,2026-03,31
C0437,2025-09,47
C0149,2025-07,40
C0148,2026-01,8
C0711,2026-03,2
C0723,2025-08,20
C0637,2026-05,2
C0597,2026-05,11
C0125,2025-03,51
C0218,2024-03,75
C0424,2026-02,62
C0327,2024-05,29
C0409,2025-03,67
C0257,2026-04,60
C0053,2026-05,1
C0431,2026-06,91
C0444,2026-04,27
C0548,2026-08,7
C0235,2026-08,84
C0622,2026-08,11
C0287,2024-11,35
C0724,2026-08,7
C0261,2026-08,1
C0379,2025-07,28
C0287,2026-04,45
C0693,2026-08,5
C0400,2025-06,37
C0173,2026-01,8
C0157,2023-12,1
C0268,2024-01,1
C0651,2024-11,19
C0622,2024-04,24
C0351,2024-04,5
C0151,2024-06,86
C0631,2024-04,8
C0100,2024-10,51
C0343,2024-05,65
C0390,2023-01,5
C0693,2024-04,5
C0724,2024-04,1
C0728,2025-04,63
C0723,2024-06,18
C0012,2024-05,34
C0298,2024-05,38
C0737,2024-05,1
C0634,2024-05,25
C0004,2024-10,55
C0531,2024-05,5
C0162,2024-11,12
C0728,2024-08,57
C0146,2024-09,98
C0669,2024-05,1
C0259,2024-06,80
C0286,2024-07,103
C0381,2024-06,23
C0163,2025-03,8
C0427,2024-05,12
C0276,2024-09,131
C0629,2025-04,2
C0548,2024-07,9
C0724,2024-07,4
C0622,2024-07,29
C0413,2024-01,1
C0631,2024-07,2
C0069,2024-09,27
C0693,2024-07,9
C0358,2024-12,112
C0461,2024-10,108
C0527,2024-10,27
C0175,2024-09,41
C0080,2024-10,103
C0355,2024-08,48
C0153,2024-09,14
C0421,2024-09,28
C0267,2024-09,61
C0019,2025-03,35
C0184,2025-02,262
C0715,2024-11,13
C0604,2024-12,9
C0345,2024-09,25
C0612,2024-10,3
C0126,2024-11,130
C0008,2024-10,1
C0185,2025-03,54
C0744,2024-11,40
C0357,2025-04,31
C0257,2024-11,78
C0013,2024-11,15
C0571,2024-11,2
C0602,2025-01,89
C0062,2025-04,34
C0082,2025-02,36
C0532,2024-12,19
C0243,2025-02,56
C0233,2025-02,76
C0021,2025-02,55
C0043,2025-02,26
C0575,2025-02,10
C0049,2025-02,11
C0197,2025-04,34
C0625,2025-02,4
C0582,2025-07,14
C0355,2025-04,47
C0584,2024-12,9
C0162,2025-06,9
C0166,2025-03,52
C0736,2024-12,6
C0313,2025-04,44
C0696,2026-06,4
C0437,2025-10,70
C0720,2026-06,4
C0325,2026-06,2
C0444,2025-06,19
C0281,2026-07,1
C0744,2026-04,56
C0545,2025-09,10
C0224,2025-07,48
C0351,2024-07,7
C0386,2025-07,44
C0586,2024-12,9
C0206,2025-09,102
C0249,2025-09,43
C0320,2025-09,55
C0367,2025-09,50
C0500,2026-02,4
C0707,2026-03,1
C0357,2024-08,32
C0013,2026-04,19
C0162,2026-04,25
C0715,2026-04,8
C0651,2026-04,12
C0571,2026-04,3
C0381,2025-08,27
C0157,2026-04,3
C0742,2026-06,3
C0197,2024-08,32
C0116,2022-12,1
C0126,2025-06,122
C0744,2025-06,43
C0259,2025-08,91
C0013,2025-06,18
C0571,2025-06,2
C0248,2025-06,4
C0157,2025-06,5
C0715,2025-06,5
C0115,2025-09,53
C0516,2025-10,16
C0498,2025-07,25
C0265,2025-07,17
C0738,2025-10,1
C0517,2025-10,5
C0738,2025-09,1
C0607,2025-11,2
C0092,2025-11,2
C0704,2025-07,3
C0746,2026-02,5
C0144,2024-03,28
C0615,2024-02,6
C0240,2024-09,15
C0062,2024-08,30
C0535,2024-09,1
C0616,2024-12,33
C0565,2024-12,2
C0614,2024-12,4
C0181,2025-03,17
C0626,2024-12,10
C0690,2026-04,1
C0680,2025-03,19
C0513,2025-01,7
C0087,2025-04,1
C0739,2025-07,10
C0095,2025-11,3
C0510,2025-03,46
C0619,2025-03,3
C0173,2025-04,2
C0148,2025-04,1
C0447,2025-02,2
C0273,2025-05,1
C0748,2025-05,1
C0111,2025-06,1
C0516,2025-09,10
C0596,2025-09,1
C0679,2025-11,1
C0281,2020-11,1
C0648,2026-04,1
C0248,2026-04,1
C0549,2026-06,1
C0500,2024-03,7
C0746,2024-03,7
C0313,2024-08,47
C0541,2024-12,1
C0629,2024-08,3
C0322,2024-12,2
C0638,2024-12,2
C0477,2023-05,1
C0618,2024-02,1
C0039,2024-05,3
C0268,2024-06,1
C0413,2024-06,1
C0698,2024-10,1
C0648,2024-11,1
C0365,2025-02,1
C0498,2022-07,1
C0207,2023-05,1
C0294,2023-02,1
C0526,2023-06,6
C0738,2022-10,1
C0517,2022-10,2
C0373,2023-06,1
C0075,2021-12,44
C0237,2021-12,121
C0188,2021-12,63
C0380,2021-12,23
C0034,2021-12,44
C0452,2021-11,57
C0388,2021-12,2
C0154,2021-12,47
C0058,2021-09,73
C0750,2021-12,4
C0228,2021-01,159
C0070,2021-12,41
C0425,2021-12,9
C0429,2021-11,55
C0423,2022-01,132
C0537,2021-01,281
C0236,2021-06,32
C0398,2021-01,115
C0475,2021-01,93
C0401,2021-01,145
C0501,2022-01,16
C0583,2022-01,7
C0127,2021-11,65
C0027,2022-01,71
C0225,2021-01,103
C0288,2022-01,17
C0454,2022-01,61
C0076,2021-10,74
C0179,2022-01,42
C0033,2021-07,60
C0136,2021-09,47
C0218,2021-03,77
C0391,2021-01,84
C0396,2021-01,74
C0448,2021-02,38
C0132,2022-04,77
C0465,2022-04,46
C0246,2022-04,6
C0105,2022-04,53
C0436,2022-04,84
C0140,2022-02,32
C0145,2022-04,47
C0009,2022-04,110
C0253,2022-04,58
C0028,2022-02,25
C0672,2022-06,9
C0071,2022-04,36
C0160,2022-03,12
C0060,2022-03,160
C0257,2023-01,202
C0458,2022-04,15
C0083,2022-03,48
C0158,2022-05,86
C0072,2022-05,57
C0362,2020-08,82
C0193,2021-01,19
C0469,2020-10,31
C0222,2020-12,53
C0412,2021-01,72
C0026,2021-09,25
C0123,2021-02,35
C0158,2020-05,76
C0031,2020-09,51
C0313,2020-06,35
C0258,2020-07,86
C0482,2021-10,64
C0217,2020-09,28
C0072,2020-05,25
C0406,2020-07,15
C0046,2021-01,50
C0419,2021-01,117
C0080,2020-10,72
C0407,2021-01,94
C0334,2021-02,53
C0277,2021-01,91
C0056,2020-10,49
C0612,2020-10,3
C0109,2022-06,56
C0196,2022-06,84
C0088,2022-06,37
C0161,2022-06,33
C0540,2022-06,9
C0208,2022-06,29
C0393,2022-02,59
C0441,2022-06,6
C0281,2022-06,1
C0286,2022-07,84
C0351,2022-07,7
C0235,2022-07,51
C0622,2022-07,23
C0631,2022-07,1
C0724,2022-07,4
C0693,2022-07,6
C0003,2022-05,9
C0359,2022-01,1
C0637,2022-05,1
C0192,2022-02,49
C0058,2022-10,59
C0634,2022-11,21
C0073,2022-11,72
C0026,2022-10,17
C0012,2022-11,26
C0136,2022-10,51
C0451,2022-10,41
C0737,2022-11,3
C0289,2022-11,41
C0428,2022-11,41
C0298,2022-11,42
C0343,2022-11,60
C0531,2022-11,3
C0427,2022-11,18
C0327,2022-11,24
C0422,2022-10,1
C0372,2021-06,23
C0333,2022-12,26
C0183,2022-12,75
C0209,2022-12,76
C0304,2022-12,134
C0534,2022-12,17
C0205,2022-12,49
C0558,2022-12,7
C0017,2022-12,44
C0377,2022-12,1
C0192,2023-03,79
C0093,2023-03,28
C0140,2023-03,45
C0028,2023-03,47
C0393,2023-03,82
C0184,2022-08,238
C0089,2023-03,41
C0400,2023-01,65
C0126,2023-01,220
C0665,2023-03,11
C0168,2023-03,15
C0444,2023-01,31
C0648,2023-01,1
C0715,2023-01,9
C0341,2023-01,151
C0120,2022-10,19
C0287,2023-01,58
C0013,2023-01,36
C0123,2022-09,30
C0227,2022-09,29
C0016,2023-04,33
C0273,2023-04,3
C0744,2023-01,56
C0003,2020-05,9
C0651,2023-01,13
C0717,2023-04,1
C0588,2023-02,1
C0139,2021-06,19
C0235,2023-07,58
C0086,2020-08,62
C0286,2023-07,73
C0328,2023-05,90
C0506,2023-08,9
C0548,2023-07,6
C0622,2023-07,21
C0530,2023-08,49
C0385,2023-08,34
C0031,2023-08,32
C0332,2023-08,11
C0217,2023-08,28
C0162,2023-01,48
C0502,2023-06,1
C0180,2023-08,4
C0460,2023-06,37
C0297,2023-06,52
C0668,2023-08,1
C0227,2021-02,29
C0387,2023-06,52
C0144,2023-09,32
C0424,2023-09,50
C0218,2023-09,76
C0245,2023-05,82
C0393,2023-12,83
C0192,2023-12,69
C0089,2023-12,36
C0028,2023-12,57
C0140,2023-12,44
C0168,2023-12,15
C0093,2023-12,26
C0135,2020-03,1
C0665,2023-12,5
C0600,2022-03,3
C0089,2022-02,33
C0415,2022-03,17
C0525,2022-03,2
C0252,2022-03,36
C0079,2022-03,3
C0646,2022-03,2
C0450,2021-07,28
C0440,2021-10,23
C0144,2021-03,29
C0010,2020-02,16
C0206,2020-07,76
C0597,2022-05,2
C0642,2022-05,6
C0082,2022-08,23
C0093,2022-02,19
C0053,2022-05,1
C0722,2022-06,1
C0245,2022-09,80
C0328,2022-09,87
C0050,2022-09,52
C0556,2022-09,40
C0448,2022-09,39
C0385,2020-09,49
C0334,2022-09,55
C0644,2022-09,5
C0570,2022-09,5
C0518,2022-09,6
C0346,2022-09,30
C0233,2022-08,61
C0550,2022-09,6
C0312,2022-09,7
C0021,2022-08,50
C0509,2022-09,6
C0247,2022-08,45
C0488,2022-09,2
C0716,2022-09,6
C0581,2022-09,4
C0043,2022-08,46
C0167,2021-01,104
C0473,2020-02,50
C0243,2022-08,70
C0364,2021-04,17
C0731,2021-05,2
C0230,2021-11,39
C0443,2020-04,56
C0016,2023-02,29
C0213,2021-06,22
C0288,2023-11,12
C0157,2023-01,7
C0273,2023-02,3
C0683,2023-03,1
C0447,2022-08,3
C0334,2023-05,47
C0448,2023-05,31
C0123,2023-05,27
C0644,2023-05,11
C0509,2023-05,18
C0716,2023-05,2
C0050,2023-05,43
C0570,2023-05,6
C0724,2023-07,2
C0351,2023-07,4
C0327,2020-03,22
C0631,2023-07,6
C0261,2023-07,1
C0693,2023-07,4
C0571,2023-01,2
C0518,2023-05,10
C0423,2023-11,84
C0179,2023-11,28
C0707,2023-11,3
C0583,2023-11,11
C0501,2023-11,11
C0027,2023-11,20
C0454,2023-11,34
C0134,2023-10,41
C0121,2024-02,61
C0067,2024-02,168
C0487,2024-02,46
C0076,2024-01,323
C0293,2024-02,58
C0250,2024-02,48
C0462,2024-02,38
C0700,2024-02,24
C0572,2025-01,70
C0647,2024-02,6
C0143,2021-08,68
C0557,2021-11,41
C0665,2022-02,12
C0040,2020-07,54
C0168,2022-02,17
C0451,2021-09,40
C0221,2020-11,64
C0728,2020-06,17
C0367,2020-07,60
C0587,2020-01,34
C0141,2021-07,63
C0443,2020-12,67
C0561,2020-01,6
C0357,2020-06,35
C0112,2021-06,9
C0104,2021-07,26
C0249,2020-07,31
C0095,2021-06,7
C0489,2020-08,2
C0332,2020-09,19
C0312,2021-02,5
C0427,2020-03,20
C0012,2020-03,55
C0061,2020-08,35
C0311,2021-08,38
C0115,2020-07,32
C0259,2021-05,61
C0120,2021-09,22
C0530,2020-09,43
C0134,2021-10,46
C0461,2020-10,42
C0575,2022-08,4
C0625,2022-08,4
C0261,2022-07,1
C0049,2022-08,4
C0138,2021-08,46
C0365,2022-08,2
C0064,2022-06,1
C0576,2021-08,5
C0664,2022-11,1
C0698,2020-10,1
C0356,2022-04,3
C0685,2022-12,2
C0589,2020-12,3
C0481,2021-06,45
C0111,2023-01,4
C0346,2023-05,42
C0556,2023-05,52
C0227,2023-05,18
C0500,2023-09,3
C0746,2023-09,7
C0560,2023-10,11
C0482,2023-10,99
C0440,2023-10,14
C0435,2023-10,30
C0076,2023-10,86
C0018,2023-10,14
C0440,2024-01,82
C0134,2024-01,87
C0482,2024-01,286
C0435,2024-01,80
C0560,2024-01,34
C0018,2024-01,75
C0105,2024-10,65
C0207,2020-01,3
C0677,2020-01,9
C0222,2020-04,71
C0592,2020-04,15
C0697,2020-04,3
C0589,2020-04,4
C0379,2024-04,19
C0289,2020-03,40
C0210,2020-08,27
C0128,2021-06,88
C0637,2020-05,1
C0100,2020-10,35
C0416,2020-08,45
C0394,2020-08,34
C0366,2020-08,41
C0506,2020-09,8
C0298,2020-03,45
C0402,2020-07,80
C0073,2020-03,54
C0022,2020-09,3
C0533,2021-01,34
C0131,2020-01,2
C0574,2021-01,3
C0746,2021-03,10
C0714,2021-01,41
C0524,2021-01,4
C0328,2021-02,60
C0004,2020-10,60
C0634,2020-03,17
C0463,2021-04,38
C0405,2021-04,53
C0245,2021-02,68
C0050,2021-02,44
C0346,2021-02,26
C0716,2021-02,3
C0556,2021-02,20
C0309,2020-08,5
C0509,2021-02,12
C0570,2021-02,3
C0581,2021-02,4
C0171,2020-07,37
C0490,2021-06,22
C0383,2021-06,50
C0437,2020-07,31
C0044,2021-07,22
C0689,2021-06,9
C0426,2021-11,68
C0607,2021-06,2
C0679,2021-06,2
C0633,2021-07,11
C0314,2021-06,2
C0417,2021-07,22
C0428,2020-03,29
C0018,2021-10,21
C0518,2021-02,5
C0560,2021-10,9
C0435,2021-10,25
C0676,2021-11,14
C0399,2021-11,84
C0713,2021-11,5
C0424,2021-03,31
C0552,2021-08,18
C0608,2021-11,2
C0581,2023-05,6
C0550,2023-05,7
C0312,2023-05,3
C0557,2026-05,56
C0488,2023-05,2
C0028,2026-04,113
C0688,2020-01,9
C0642,2020-05,2
C0032,2020-04,5
C0062,2020-06,39
C0180,2020-09,2
C0090,2022-03,1
C0551,2022-04,4
C0378,2020-02,37
C0459,2020-02,57
C0239,2020-02,34
C0684,2020-02,6
C0343,2020-03,43
C0650,2020-02,1
C0197,2020-06,25
C0355,2020-06,45
C0173,2020-06,3
C0320,2020-07,40
C0517,2020-07,5
C0516,2020-07,16
C0596,2020-07,1
C0545,2020-07,2
C0053,2020-05,2
C0621,2020-07,1
C0085,2020-11,29
C0527,2020-10,12
C0592,2020-12,19
C0673,2020-01,1
C0629,2020-06,2
C0500,2021-03,4
C0544,2021-04,1
C0721,2021-04,1
C0555,2021-04,7
C0151,2021-05,47
C0381,2021-05,5
C0674,2021-04,4
C0723,2021-05,16
C0644,2021-02,3
C0624,2021-04,4
C0725,2021-04,2
C0169,2021-08,36
C0055,2021-08,37
C0182,2021-08,17
C0011,2021-08,38
C0727,2021-08,27
C0539,2021-08,8
C0529,2021-09,4
C0726,2021-12,2
C0422,2021-09,2
C0747,2021-11,2
C0039,2020-03,2
C0531,2020-03,4
C0438,2020-11,1
C0008,2020-10,3
C0550,2021-02,3
C0488,2021-02,2
C0683,2022-02,1
C0664,2020-03,2
C0477,2020-01,2
C0738,2020-07,2
C0199,2020-05,1
C0613,2020-12,1
C0697,2020-12,5
C0032,2020-12,6
C0145,2024-10,75
C0456,2021-04,1
C0566,2021-04,1
C0538,2021-06,2
C0737,2020-03,1
C0645,2021-08,1
C0707,2022-01,2
C0711,2022-01,2
C0127,2026-05,74
C0452,2026-05,107
C0230,2026-05,63
C0713,2026-05,10
C0426,2026-05,89
C0327,2026-01,193
C0170,2026-08,152
C0429,2026-05,50
C0039,2026-01,14
C0216,2026-02,70
C0676,2026-05,30
C0399,2026-05,67
C0634,2026-01,93
C0289,2026-01,98
C0428,2026-01,177
C0221,2026-07,123
C0276,2026-06,157
C0085,2026-07,59
C0468,2026-03,253
C0073,2026-01,253
C0343,2026-01,327
C0267,2026-06,133
C0175,2026-06,81
C0184,2025-03,278
C0286,2025-07,127
C0438,2026-07,7
C0476,2025-01,236
C0170,2024-04,79
C0747,2026-05,56
C0057,2025-05,60
C0427,2026-01,118
C0396,2025-11,15
C0298,2026-01,97
C0012,2026-01,89
C0024,2026-06,91
C0093,2026-04,72
C0421,2026-06,43
C0316,2025-01,168
C0136,2025-09,49
C0170,2024-07,87
C0451,2025-09,54
C0136,2025-10,58
C0427,2024-08,21
C0093,2024-11,33
C0451,2025-10,58
C0340,2026-03,51
C0737,2026-01,12
C0435,2024-06,46
C0330,2025-05,135
C0028,2025-06,86
C0537,2025-11,240
C0407,2025-11,153
C0398,2025-11,60
C0475,2025-11,94
C0419,2025-11,70
C0412,2025-11,51
C0533,2025-11,34
C0228,2025-11,63
C0167,2025-11,33
C0391,2025-11,54
C0348,2025-01,254
C0225,2025-11,70
C0234,2025-01,105
C0277,2025-11,12
C0714,2025-11,39
C0193,2025-11,11
C0058,2025-10,93
C0401,2025-11,44
C0120,2025-09,48
C0059,2025-01,181
C0263,2025-01,209
C0134,2025-08,35
C0046,2025-11,45
C0058,2025-09,114
C0574,2025-11,5
C0240,2026-06,17
C0140,2026-04,76
C0671,2025-01,104
C0524,2025-11,10
C0575,2025-03,13
C0247,2025-03,62
C0172,2025-12,73
C0298,2025-04,32
C0665,2024-11,10
C0669,2026-01,1
C0531,2026-01,3
C0018,2025-08,34
C0660,2026-01,3
C0304,2024-12,128
C0076,2025-08,104
C0433,2024-02,2
C0636,2026-02,21
C0678,2026-03,10
C0308,2026-03,21
C0520,2026-03,11
C0386,2024-04,54
C0418,2026-03,76
C0504,2026-03,6
C0192,2026-04,95
C0001,2026-03,5
C0025,2025-01,2
C0471,2025-01,6
C0009,2024-10,209
C0235,2025-07,58
C0593,2026-02,61
C0603,2025-05,25
C0465,2024-10,62
C0479,2024-04,1
C0357,2024-05,33
C0608,2026-05,5
C0393,2026-04,92
C0356,2024-10,9
C0664,2026-01,8
C0015,2024-09,54
C0345,2026-06,27
C0296,2026-06,39
C0153,2026-06,46
C0069,2026-06,54
C0342,2025-05,46
C0089,2026-04,59
C0739,2026-08,12
C0582,2026-08,14
C0386,2026-08,37
C0265,2026-08,26
C0149,2026-08,8
C0159,2026-08,64
C0379,2026-08,38
C0498,2026-08,28
C0409,2025-02,52
C0335,2026-01,3
C0146,2026-06,121
C0120,2025-10,33
C0224,2026-08,85
C0026,2025-10,17
C0704,2026-08,1
C0012,2024-08,41
C0224,2024-04,38
C0168,2024-11,18
C0327,2024-08,42
C0313,2024-05,41
C0327,2025-04,39
C0333,2024-12,19
C0739,2024-07,14
C0159,2024-04,47
C0739,2024-04,5
C0498,2024-04,9
C0149,2024-04,30
C0039,2025-04,7
C0265,2024-04,11
C0582,2024-04,11
C0315,2024-09,67
C0728,2024-05,49
C0343,2024-08,82
C0216,2024-03,25
C0593,2024-03,30
C0185,2025-02,48
C0062,2024-05,33
C0355,2024-05,46
C0197,2024-05,28
C0582,2024-07,10
C0089,2024-11,40
C0636,2024-03,13
C0183,2024-12,97
C0440,2024-06,24
C0482,2024-06,83
C0076,2024-06,77
C0018,2024-06,33
C0134,2024-06,37
C0560,2024-06,12
C0205,2024-12,47
C0073,2024-08,71
C0300,2024-03,64
C0071,2024-10,45
C0458,2024-10,35
C0132,2024-10,98
C0140,2024-11,59
C0680,2025-02,23
C0224,2024-07,47
C0159,2024-07,51
C0265,2024-07,16
C0436,2024-10,154
C0386,2024-07,50
C0498,2024-07,15
C0379,2024-07,29
C0149,2024-07,25
C0289,2024-08,47
C0192,2024-11,67
C0551,2024-10,7
C0253,2024-10,58
C0232,2024-09,36
C0431,2024-09,77
C0393,2024-11,68
C0464,2024-09,44
C0246,2024-10,12
C0737,2024-08,2
C0696,2024-09,7
C0542,2024-09,10
C0470,2024-10,1
C0233,2025-03,85
C0590,2025-01,23
C0209,2024-12,49
C0019,2025-02,27
C0028,2024-11,64
C0181,2025-02,23
C0510,2025-02,39
C0166,2025-02,68
C0163,2025-02,13
C0125,2025-02,62
C0428,2025-04,43
C0017,2024-12,28
C0073,2025-04,80
C0201,2025-05,42
C0002,2025-05,80
C0045,2025-05,59
C0294,2025-05,6
C0012,2025-04,32
C0371,2025-05,34
C0427,2025-04,17
C0662,2025-05,5
C0635,2025-05,5
C0347,2025-05,26
C0625,2025-03,5
C0737,2025-04,7
C0248,2023-01,3
C0107,2025-12,14
C0623,2025-12,11
C0393,2025-06,86
C0482,2025-08,107
C0601,2025-12,3
C0168,2026-04,25
C0559,2025-12,1
C0093,2025-06,37
C0695,2026-02,13
C0300,2026-02,40
C0457,2026-02,42
C0665,2026-04,29
C0683,2026-04,1
C0140,2025-06,40
C0693,2025-07,9
C0435,2025-08,45
C0026,2025-09,15
C0243,2025-03,48
C0021,2025-03,54
C0359,2023-11,1
C0260,2026-08,1
C0192,2025-06,87
C0089,2025-06,39
C0665,2025-06,8
C0168,2025-06,19
C0683,2025-06,1
C0622,2025-07,24
C0724,2025-07,6
C0043,2025-03,37
C0548,2025-07,2
C0743,2025-09,9
C0351,2025-07,4
C0529,2025-10,14
C0743,2025-10,16
C0629,2024-05,4
C0289,2025-04,53
C0039,2022-11,1
C0082,2025-03,37
C0742,2024-09,9
C0720,2024-09,3
C0428,2024-08,54
C0549,2024-09,4
C0343,2025-04,95
C0534,2024-12,23
C0685,2024-12,6
C0135,2026-01,1
C0049,2025-03,4
C0447,2025-03,2
C0634,2025-04,14
C0631,2025-07,9
C0440,2025-08,18
C0560,2025-08,23
C0365,2025-03,3
C0531,2025-04,3
C0664,2025-04,2
C0656,2025-05,2
C0261,2025-07,1
C0244,2025-07,1
C0529,2025-09,5
C0119,2026-05,1
C0599,2024-02,1
C0337,2024-02,7
C0457,2024-03,22
C0480,2024-01,3
C0695,2024-03,12
C0298,2024-08,36
C0634,2024-08,16
C0660,2024-08,1
C0664,2024-08,1
C0039,2024-08,2
C0558,2024-12,4
C0135,2025-04,1
C0660,2025-04,1
C0173,2024-05,4
C0087,2024-05,2
C0260,2024-07,2
C0683,2024-11,1
C0619,2025-02,2
C0390,2025-06,1
C0548,2022-07,7
C0529,2022-10,5
C0743,2022-10,6
C0745,2023-06,2
C0141,2021-12,68
C0633,2021-12,11
C0033,2021-12,41
C0417,2021-12,49
C0450,2021-12,36
C0104,2021-12,46
C0677,2021-10,6
C0249,2022-05,34
C0057,2022-01,126
C0237,2021-07,112
C0002,2022-01,117
C0330,2022-01,157
C0201,2022-01,103
C0342,2022-01,84
C0045,2022-01,140
C0294,2022-01,15
C0009,2021-04,103
C0437,2020-05,31
C0662,2022-01,12
C0371,2022-01,64
C0603,2022-01,35
C0484,2021-08,45
C0123,2021-05,36
C0058,2021-11,55
C0401,2020-04,51
C0403,2021-08,9
C0158,2020-07,86
C0346,2021-05,42
C0396,2020-04,21
C0080,2022-03,95
C0405,2022-04,39
C0004,2022-03,64
C0100,2022-03,28
C0555,2022-04,6
C0347,2022-01,80
C0364,2022-04,28
C0674,2022-04,6
C0235,2022-02,57
C0463,2022-04,23
C0548,2022-02,4
C0456,2022-04,3
C0451,2021-11,39
C0056,2022-03,40
C0461,2022-03,60
C0194,2023-08,84
C0656,2022-01,2
C0206,2022-05,80
C0040,2022-05,84
C0437,2022-05,36
C0402,2022-05,67
C0258,2022-05,88
C0517,2022-05,6
C0115,2022-05,38
C0320,2022-05,30
C0367,2022-05,52
C0516,2022-05,13
C0406,2022-05,20
C0171,2022-05,29
C0545,2022-05,10
C0401,2020-12,59
C0339,2020-09,23
C0382,2020-09,117
C0072,2020-07,36
C0234,2020-03,50
C0277,2020-04,41
C0440,2020-01,90
C0475,2020-12,45
C0435,2020-01,98
C0398,2020-04,41
C0117,2020-09,53
C0482,2020-01,184
C0103,2021-08,52
C0412,2020-04,26
C0228,2020-12,54
C0018,2020-01,60
C0230,2021-09,29
C0277,2020-12,36
C0134,2020-01,126
C0254,2021-08,99
C0429,2021-09,47
C0478,2021-03,51
C0155,2022-06,117
C0065,2022-06,23
C0368,2022-06,41
C0066,2022-06,31
C0681,2022-06,1
C0543,2022-06,3
C0192,2022-07,54
C0393,2022-07,62
C0089,2022-07,32
C0093,2022-07,27
C0028,2022-07,38
C0140,2022-07,37
C0168,2022-07,17
C0665,2022-07,7
C0160,2020-10,16
C0476,2022-11,57
C0557,2022-10,44
C0234,2022-11,57
C0572,2022-11,10
C0671,2022-11,23
C0399,2022-10,72
C0127,2022-10,46
C0059,2022-11,46
C0316,2022-11,35
C0263,2022-11,72
C0429,2022-10,37
C0452,2022-10,59
C0348,2022-11,44
C0426,2022-10,66
C0590,2022-11,10
C0747,2022-10,6
C0608,2022-10,4
C0230,2022-10,32
C0408,2020-08,53
C0226,2022-12,129
C0251,2022-12,69
C0270,2022-12,48
C0306,2022-12,43
C0324,2022-12,55
C0719,2022-12,6
C0554,2022-12,2
C0653,2022-12,9
C0165,2022-12,23
C0389,2022-12,35
C0323,2022-12,48
C0521,2022-12,14
C0670,2022-12,5
C0170,2023-01,198
C0286,2023-03,75
C0548,2023-03,7
C0235,2023-03,76
C0386,2023-01,129
C0159,2023-01,78
C0265,2023-01,27
C0232,2022-08,43
C0622,2023-03,19
C0149,2023-01,69
C0693,2023-03,6
C0631,2023-03,7
C0676,2022-10,15
C0351,2023-03,4
C0379,2023-01,57
C0724,2023-03,5
C0315,2022-08,80
C0340,2023-04,62
C0468,2023-04,60
C0418,2023-04,18
C0171,2020-05,26
C0001,2023-04,2
C0520,2023-04,8
C0678,2023-04,9
C0224,2023-01,90
C0739,2023-01,6
C0308,2023-04,3
C0504,2023-04,4
C0238,2020-08,9
C0260,2023-01,11
C0028,2023-07,45
C0192,2023-07,77
C0393,2023-07,63
C0093,2023-07,23
C0140,2023-07,43
C0089,2023-07,34
C0113,2023-08,129
C0349,2023-08,62
C0005,2023-08,31
C0117,2023-08,38
C0514,2023-08,3
C0382,2023-08,94
C0339,2023-08,43
C0219,2023-06,47
C0188,2021-07,37
C0042,2023-08,7
C0319,2023-06,30
C0336,2023-08,5
C0512,2023-08,7
C0442,2023-01,5
C0582,2023-01,31
C0705,2023-08,1
C0360,2023-06,50
C0678,2023-02,9
C0478,2023-09,63
C0255,2023-09,60
C0098,2023-09,34
C0485,2023-09,44
C0235,2023-12,71
C0631,2023-12,10
C0724,2023-12,6
C0286,2023-12,104
C0622,2023-12,20
C0351,2023-12,9
C0548,2023-12,4
C0176,2023-06,83
C0057,2023-11,67
C0693,2023-12,7
C0045,2023-11,46
C0347,2023-11,24
C0008,2022-03,3
C0631,2022-02,4
C0527,2022-03,14
C0612,2022-03,1
C0469,2022-03,18
C0698,2022-03,1
C0286,2022-02,72
C0396,2020-12,18
C0402,2020-05,52
C0044,2021-12,21
C0040,2020-05,48
C0415,2020-10,23
C0505,2022-03,1
C0621,2022-05,1
C0259,2022-09,73
C0151,2022-09,79
C0381,2022-09,17
C0723,2022-09,17
C0464,2022-08,47
C0015,2022-08,48
C0542,2022-08,6
C0431,2022-08,53
C0194,2020-09,41
C0257,2024-04,53
C0046,2020-04,26
C0047,2020-11,69
C0326,2020-06,21
C0468,2023-02,57
C0321,2022-12,15
C0498,2023-01,23
C0340,2023-02,53
C0418,2023-02,9
C0644,2021-05,10
C0520,2023-02,6
C0294,2023-11,7
C0590,2020-03,16
C0661,2023-02,2
C0363,2020-06,20
C0504,2023-02,2
C0667,2020-11,11
C0443,2021-01,129
C0295,2023-06,34
C0114,2023-06,61
C0191,2023-06,60
C0151,2023-05,60
C0615,2023-06,7
C0259,2023-05,75
C0723,2023-05,28
C0081,2023-06,3
C0598,2023-06,11
C0665,2023-07,7
C0168,2023-07,9
C0704,2023-01,2
C0330,2023-11,87
C0662,2023-11,4
C0603,2023-11,26
C0342,2023-11,46
C0371,2023-11,37
C0201,2023-11,40
C0002,2023-11,64
C0587,2023-10,20
C0635,2023-11,3
C0656,2023-11,3
C0477,2023-10,2
C0483,2024-02,65
C0202,2024-02,86
C0150,2024-02,21
C0133,2024-02,64
C0391,2020-12,44
C0130,2024-02,50
C0094,2024-02,39
C0318,2024-02,18
C0310,2024-02,25
C0317,2021-06,56
C0693,2022-02,6
C0724,2022-02,2
C0038,2021-06,33
C0419,2020-12,40
C0466,2020-09,1
C0245,2021-05,73
C0032,2021-01,16
C0407,2020-12,21
C0537,2020-04,134
C0063,2020-08,79
C0259,2021-02,63
C0348,2020-03,29
C0398,2020-12,37
C0228,2020-04,37
C0113,2020-09,141
C0280,2020-08,33
C0367,2020-05,37
C0053,2020-07,6
C0076,2020-01,178
C0156,2021-06,53
C0083,2020-10,24
C0005,2020-09,32
C0037,2020-06,63
C0592,2021-01,42
C0152,2020-06,49
C0214,2020-06,37
C0105,2021-04,63
C0070,2021-07,43
C0436,2021-04,53
C0465,2021-04,62
C0374,2020-08,1
C0151,2021-02,44
C0242,2020-08,5
C0557,2021-09,34
C0589,2021-01,4
C0696,2022-08,4
C0742,2022-08,11
C0720,2022-08,4
C0624,2022-04,2
C0325,2022-08,1
C0686,2022-12,7
C0327,2025-01,149
C0307,2021-08,52
C0496,2022-12,1
C0712,2023-09,15
C0381,2023-05,15
C0131,2023-10,1
C0677,2023-10,6
C0688,2023-10,2
C0126,2024-04,127
C0587,2024-01,60
C0688,2024-01,15
C0207,2024-01,4
C0477,2024-01,5
C0400,2024-07,53
C0206,2020-05,46
C0328,2021-05,77
C0225,2020-04,54
C0560,2020-01,10
C0167,2020-04,31
C0419,2020-04,48
C0475,2020-04,46
C0258,2020-05,71
C0193,2020-04,9
C0320,2020-05,30
C0391,2020-04,25
C0249,2020-05,32
C0714,2020-04,11
C0115,2020-05,32
C0476,2020-03,47
C0738,2020-05,1
C0406,2020-05,13
C0331,2020-04,2
C0516,2020-05,6
C0287,2024-04,31
C0545,2020-05,4
C0407,2020-04,21
C0623,2020-02,2
C0349,2020-09,47
C0533,2020-04,6
C0517,2020-05,2
C0621,2020-05,1
C0474,2020-08,41
C0354,2020-08,70
C0278,2020-08,53
C0068,2020-06,45
C0167,2020-12,32
C0272,2020-08,16
C0051,2020-08,4
C0729,2020-08,2
C0299,2020-08,4
C0035,2020-08,3
C0336,2020-09,3
C0605,2020-09,2
C0432,2020-06,9
C0712,2021-03,9
C0514,2020-09,4
C0316,2020-03,30
C0263,2020-03,54
C0480,2020-01,2
C0091,2020-11,25
C0222,2021-01,107
C0537,2020-12,114
C0533,2020-12,21
C0574,2020-12,3
C0697,2021-01,14
C0252,2020-10,29
C0193,2020-12,9
C0060,2020-10,141
C0412,2020-12,30
C0423,2025-05,112
C0090,2020-10,2
C0186,2020-11,48
C0200,2021-06,40
C0225,2020-12,57
C0723,2021-02,18
C0381,2021-02,7
C0577,2021-06,2
C0050,2021-05,37
C0581,2021-05,7
C0353,2021-06,5
C0003,2020-07,9
C0075,2021-07,38
C0034,2021-07,45
C0687,2021-06,10
C0632,2021-06,4
C0132,2021-04,77
C0551,2021-04,3
C0448,2021-05,33
C0420,2020-06,39
C0556,2021-05,25
C0154,2021-07,37
C0750,2021-07,8
C0509,2021-05,9
C0380,2021-07,15
C0136,2021-11,55
C0726,2021-07,4
C0425,2021-07,5
C0227,2021-05,32
C0452,2021-09,66
C0587,2021-10,14
C0688,2021-10,5
C0131,2021-10,1
C0029,2021-08,28
C0426,2021-09,55
C0663,2021-10,1
C0026,2021-11,21
C0356,2021-04,5
C0264,2020-06,37
C0399,2021-09,75
C0172,2020-02,37
C0127,2021-09,57
C0275,2021-08,58
C0120,2021-11,28
C0098,2021-03,34
C0602,2020-06,18
C0266,2020-06,41
C0046,2020-12,29
C0743,2021-11,1
C0566,2022-04,1
C0725,2022-04,7
C0544,2022-04,3
C0107,2020-02,5
C0559,2020-02,1
C0671,2020-03,21
C0601,2020-02,1
C0513,2020-06,1
C0178,2020-06,39
C0392,2020-06,4
C0512,2020-09,2
C0042,2020-09,2
C0642,2020-07,2
C0519,2020-11,2
C0714,2020-12,24
C0524,2020-12,2
C0292,2021-08,11
C0485,2021-03,53
C0145,2021-04,37
C0255,2021-03,64
C0071,2021-04,28
C0253,2021-04,41
C0458,2021-04,22
C0246,2021-04,5
C0518,2021-05,7
C0334,2021-05,30
C0550,2021-05,6
C0059,2020-03,40
C0713,2021-09,8
C0241,2021-08,66
C0578,2021-08,1
C0630,2021-08,11
C0676,2021-09,13
C0709,2021-12,1
C0422,2021-11,1
C0497,2021-12,1
C0572,2020-03,12
C0471,2020-03,2
C0596,2020-05,1
C0525,2020-10,3
C0600,2020-10,2
C0079,2020-10,1
C0613,2021-01,4
C0388,2021-07,3
C0052,2021-07,2
C0312,2021-05,1
C0546,2021-01,2
C0747,2021-09,3
C0622,2022-02,10
C0351,2022-02,5
C0574,2020-04,2
C0524,2020-04,1
C0470,2021-04,1
C0570,2021-05,1
C0620,2020-10,1
C0608,2021-09,2
C0561,2021-10,1
C0673,2021-10,1
C0477,2021-10,1
C0635,2022-01,2
C0743,2026-05,28
C0059,2026-01,246
C0234,2026-01,138
C0058,2026-05,98
C0348,2026-01,360
C0026,2026-05,18
C0220,2026-02,27
C0451,2026-05,82
C0136,2026-05,51
C0126,2026-08,165
C0186,2026-07,91
C0476,2026-01,202
C0619,2026-06,15
C0091,2026-07,76
C0572,2026-01,57
C0047,2026-07,92
C0667,2026-07,12
C0471,2026-01,6
C0257,2026-08,64
C0125,2026-06,104
C0671,2026-01,72
C0163,2026-06,21
C0316,2026-01,163
C0166,2026-06,73
C0184,2024-09,272
C0631,2026-04,11
C0263,2026-01,208
C0235,2024-11,69
C0420,2024-05,51
C0519,2026-07,8
C0185,2026-06,110
C0400,2026-08,141
C0286,2026-04,113
C0019,2026-06,57
C0409,2026-06,96
C0343,2025-01,323
C0452,2025-09,65
C0426,2025-09,64
C0694,2026-02,18
C0622,2026-04,26
C0222,2025-11,91
C0192,2025-07,95
C0089,2025-07,47
C0428,2025-01,168
C0443,2025-11,135
C0179,2025-05,34
C0073,2025-01,239
C0230,2025-09,39
C0427,2025-01,70
C0592,2025-11,41
C0426,2025-10,88
C0230,2025-10,42
C0399,2025-10,60
C0452,2025-10,72
C0459,2025-12,79
C0127,2025-10,83
C0713,2025-09,9
C0286,2025-06,78
C0012,2025-01,71
C0298,2025-01,74
C0032,2025-11,5
C0378,2025-12,92
C0650,2025-12,10
C0684,2025-12,27
C0010,2025-12,108
C0473,2025-12,181
C0239,2025-12,60
C0590,2026-01,16
C0677,2025-08,7
C0289,2025-01,117
C0039,2025-01,12
C0747,2025-10,29
C0235,2026-04,93
C0476,2024-08,61
C0043,2024-09,35
C0016,2026-03,101
C0323,2024-12,52
C0181,2026-06,48
C0350,2026-02,61
C0744,2026-08,50
C0515,2026-02,15
C0270,2024-12,83
C0316,2025-04,43
C0748,2026-03,3
C0025,2026-01,2
C0303,2026-02,22
C0102,2026-02,116
C0140,2025-07,58
C0248,2024-07,1
C0389,2024-12,57
C0306,2024-12,44
C0548,2026-04,10
C0120,2026-05,28
C0341,2026-08,121
C0529,2026-05,9
C0261,2026-04,4
C0013,2024-07,14
C0257,2024-07,66
C0152,2024-05,55
C0178,2024-05,51
C0510,2026-06,55
C0680,2026-06,24
C0287,2026-08,54
C0351,2026-04,23
C0444,2026-08,43
C0651,2026-08,17
C0162,2026-08,19
C0715,2026-08,12
C0165,2024-12,22
C0093,2025-07,43
C0719,2024-12,9
C0013,2024-04,16
C0653,2024-12,6
C0013,2026-08,14
C0157,2026-08,6
C0248,2026-08,7
C0571,2026-08,3
C0690,2026-08,1
C0023,2023-11,1
C0677,2024-01,16
C0561,2024-01,9
C0663,2024-01,6
C0673,2024-01,3
C0744,2024-04,48
C0715,2024-07,11
C0341,2024-04,92
C0651,2024-04,9
C0444,2024-04,16
C0102,2024-03,63
C0400,2024-04,46
C0157,2024-04,3
C0162,2024-04,9
C0350,2024-03,69
C0572,2024-08,20
C0248,2024-04,2
C0715,2024-04,6
C0251,2024-12,107
C0648,2024-04,2
C0575,2024-09,8
C0126,2024-07,115
C0572,2025-04,14
C0315,2025-03,86
C0037,2024-05,177
C0326,2024-05,34
C0266,2024-05,50
C0264,2024-05,90
C0363,2024-05,27
C0602,2024-05,36
C0068,2024-05,22
C0285,2024-03,41
C0513,2024-05,3
C0214,2024-05,16
C0392,2024-05,7
C0421,2025-02,23
C0233,2024-09,80
C0587,2024-06,18
C0286,2024-11,79
C0263,2024-08,68
C0688,2024-06,4
C0677,2024-06,5
C0082,2024-09,52
C0477,2024-06,3
C0673,2025-08,3
C0131,2024-06,1
C0561,2024-06,1
C0341,2024-07,92
C0287,2024-07,20
C0744,2024-07,39
C0157,2024-07,1
C0651,2024-07,14
C0444,2024-07,16
C0648,2024-07,2
C0162,2024-07,8
C0316,2024-08,42
C0555,2024-10,24
C0247,2024-09,54
C0624,2024-10,5
C0405,2024-10,61
C0226,2024-12,120
C0364,2024-10,27
C0463,2024-10,42
C0456,2024-10,3
C0234,2024-08,49
C0348,2024-08,38
C0521,2024-12,15
C0243,2024-09,56
C0021,2024-09,61
C0725,2024-10,5
C0146,2025-02,99
C0674,2024-10,1
C0235,2025-06,65
C0267,2025-02,50
C0566,2024-10,3
C0276,2025-02,125
C0464,2025-03,65
C0631,2024-11,8
C0686,2024-12,7
C0634,2025-01,68
C0531,2025-01,6
C0660,2025-01,6
C0153,2025-02,27
C0135,2025-01,3
C0024,2025-02,21
C0240,2025-02,11
C0175,2025-02,48
C0345,2025-02,26
C0069,2025-02,29
C0671,2025-04,42
C0296,2025-02,21
C0263,2025-04,69
C0335,2025-01,5
C0476,2025-04,88
C0535,2025-02,3
C0348,2025-04,56
C0454,2025-05,27
C0501,2025-05,27
C0288,2025-05,8
C0583,2025-05,4
C0027,2025-05,20
C0351,2024-11,3
C0747,2025-09,25
C0234,2025-04,29
C0429,2025-09,42
C0410,2026-02,56
C0622,2025-06,29
C0207,2025-08,2
C0688,2025-08,3
C0665,2025-07,7
C0285,2026-02,74
C0594,2023-06,2
C0611,2026-02,4
C0269,2026-02,24
C0273,2026-03,2
C0422,2026-05,2
C0717,2026-03,1
C0724,2026-04,6
C0693,2026-04,7
C0587,2025-08,12
C0244,2026-04,1
C0557,2025-09,37
C0676,2025-09,16
C0631,2025-06,10
C0548,2025-06,4
C0693,2025-06,2
C0351,2025-06,4
C0059,2025-04,48
C0724,2025-06,5
C0393,2025-07,85
C0028,2025-07,77
C0683,2025-07,3
C0168,2025-07,18
C0557,2025-10,41
C0429,2025-10,48
C0676,2025-10,21
C0713,2025-10,9
C0399,2025-09,54
C0127,2025-09,68
C0015,2025-03,64
C0431,2025-03,74
C0232,2025-03,37
C0220,2024-03,14
C0410,2024-03,55
C0694,2024-03,9
C0571,2024-04,1
C0049,2024-09,4
C0324,2024-12,49
C0625,2024-09,5
C0447,2024-09,1
C0548,2024-11,3
C0321,2024-12,22
C0554,2024-12,8
C0608,2025-10,1
C0303,2024-03,19
C0119,2025-10,1
C0589,2025-11,2
C0652,2026-07,1
C0696,2025-03,6
C0590,2025-04,11
C0737,2025-01,11
C0542,2025-03,15
C0742,2025-03,4
C0325,2025-03,3
C0720,2025-03,6
C0561,2025-08,1
C0697,2025-11,2
C0549,2025-03,3
C0707,2025-05,1
C0711,2025-05,1
C0244,2025-06,1
C0608,2025-09,2
C0546,2025-11,1
C0613,2025-11,1
C0664,2025-01,2
C0508,2026-02,1
C0526,2024-02,3
C0515,2024-03,12
C0269,2024-03,48
C0305,2024-03,1
C0671,2024-08,40
C0059,2024-08,55
C0590,2024-08,4
C0025,2024-08,1
C0622,2024-11,22
C0693,2024-11,2
C0670,2024-12,7
C0699,2024-12,1
C0359,2025-05,1
C0432,2024-05,1
C0673,2024-06,2
C0207,2024-06,1
C0571,2024-07,3
C0131,2024-01,1
C0724,2024-11,7
C0588,2026-03,1
C0365,2024-09,1
C0131,2025-08,1
C0376,2022-07,1
C0390,2022-07,1
C0683,2022-07,1
C0713,2022-10,4
C0479,2023-01,1
C0731,2023-05,1
C0561,2023-10,1
C0618,2023-06,1
C0673,2023-10,2
C0611,2024-03,1
C0385,2021-12,47
C0530,2021-12,54
C0171,2021-11,43
C0040,2021-11,65
C0312,2021-10,7
C0031,2021-12,50
C0332,2021-12,10
C0217,2021-12,45
C0448,2021-10,42
C0156,2021-01,123
C0016,2022-01,100
C0506,2021-12,8
C0469,2021-04,33
C0349,2021-07,67
C0038,2021-01,79
C0195,2021-08,41
C0348,2020-06,30
C0117,2021-07,38
C0220,2021-03,21
C0200,2021-01,104
C0070,2020-09,36
C0123,2021-10,47
C0687,2021-01,20
C0252,2022-04,27
C0060,2022-04,157
C0083,2022-04,39
C0465,2022-03,62
C0159,2022-02,26
C0246,2022-03,5
C0406,2021-11,23
C0253,2022-03,48
C0105,2022-03,63
C0386,2022-02,44
C0009,2022-03,111
C0267,2022-08,36
C0249,2021-11,37
C0120,2022-05,26
C0058,2022-05,57
C0451,2022-05,52
C0136,2022-05,38
C0160,2022-04,7
C0422,2022-05,1
C0600,2022-04,4
C0071,2022-03,43
C0258,2021-11,85
C0132,2022-03,64
C0026,2022-05,12
C0203,2020-08,38
C0212,2020-02,35
C0004,2021-04,53
C0236,2020-12,44
C0671,2020-06,20
C0723,2020-01,31
C0076,2021-02,78
C0151,2020-01,145
C0236,2020-04,20
C0587,2021-05,14
C0128,2020-04,72
C0129,2021-08,63
C0481,2020-12,45
C0608,2020-07,3
C0326,2020-03,38
C0075,2020-09,35
C0697,2021-06,6
C0350,2021-03,60
C0259,2020-01,188
C0091,2022-06,31
C0047,2022-06,73
C0519,2022-06,1
C0186,2022-06,33
C0667,2022-06,10
C0341,2022-07,70
C0436,2022-03,66
C0145,2022-03,41
C0126,2022-07,123
C0744,2022-07,37
C0257,2022-07,46
C0400,2022-07,22
C0444,2022-07,9
C0287,2022-07,22
C0715,2022-07,9
C0651,2022-07,20
C0162,2022-07,9
C0013,2022-07,11
C0273,2022-01,6
C0224,2022-02,25
C0328,2021-10,64
C0486,2021-08,73
C0072,2022-10,54
C0214,2022-11,25
C0178,2022-11,51
C0037,2022-11,127
C0513,2022-11,5
C0264,2022-11,47
C0602,2022-11,23
C0158,2022-10,92
C0326,2022-11,38
C0152,2022-11,57
C0420,2022-11,40
C0053,2022-10,3
C0068,2022-11,37
C0392,2022-11,2
C0266,2022-11,43
C0482,2022-09,67
C0363,2022-11,21
C0214,2020-03,35
C0439,2022-12,32
C0682,2022-12,2
C0553,2022-12,15
C0372,2020-12,26
C0430,2022-12,25
C0134,2023-05,41
C0375,2022-12,49
C0386,2023-03,50
C0149,2023-03,41
C0379,2023-03,21
C0498,2023-03,12
C0170,2023-03,90
C0260,2023-03,1
C0159,2023-03,41
C0286,2023-01,215
C0265,2023-03,21
C0224,2023-03,38
C0582,2023-03,12
C0179,2023-02,28
C0423,2023-02,67
C0235,2023-01,125
C0739,2023-03,14
C0622,2023-01,40
C0423,2023-04,56
C0179,2023-04,22
C0288,2023-04,6
C0027,2023-04,28
C0102,2021-03,51
C0454,2023-04,20
C0583,2023-04,6
C0359,2023-04,1
C0707,2023-04,1
C0442,2023-03,1
C0501,2023-04,10
C0711,2023-04,3
C0027,2023-02,25
C0341,2023-07,77
C0287,2023-07,21
C0126,2023-07,90
C0715,2023-07,5
C0257,2023-07,49
C0162,2023-07,17
C0248,2023-07,2
C0024,2022-08,22
C0400,2023-07,23
C0444,2023-07,8
C0744,2023-07,42
C0013,2023-07,13
C0075,2023-08,35
C0154,2023-08,55
C0070,2023-08,40
C0237,2023-08,115
C0188,2023-08,65
C0034,2023-08,33
C0726,2023-08,4
C0380,2023-08,14
C0750,2023-08,6
C0425,2023-08,10
C0388,2023-08,3
C0351,2023-01,19
C0018,2023-05,17
C0293,2023-06,61
C0121,2023-06,92
C0631,2023-01,12
C0067,2023-06,168
C0435,2023-05,34
C0052,2023-08,1
C0462,2023-06,11
C0269,2023-09,56
C0410,2023-09,44
C0285,2023-09,47
C0102,2023-09,64
C0350,2023-09,64
C0303,2023-09,12
C0337,2023-06,27
C0220,2023-09,14
C0379,2023-12,35
C0170,2023-12,100
C0149,2023-12,32
C0582,2023-12,11
C0159,2023-12,58
C0224,2023-12,35
C0498,2023-12,11
C0346,2023-10,44
C0386,2023-12,68
C0328,2023-10,106
C0265,2023-12,19
C0273,2023-11,3
C0739,2023-12,3
C0458,2022-03,24
C0170,2022-02,49
C0551,2022-03,2
C0265,2022-02,7
C0379,2022-02,19
C0149,2022-02,26
C0382,2021-07,107
C0451,2020-05,33
C0237,2020-09,111
C0317,2021-01,79
C0072,2021-09,45
C0383,2020-04,31
C0113,2021-07,143
C0290,2020-08,90
C0134,2022-09,35
C0076,2022-09,91
C0440,2022-09,30
C0018,2022-09,13
C0146,2022-08,61
C0560,2022-09,10
C0069,2022-08,29
C0276,2022-08,120
C0296,2022-08,25
C0435,2022-09,32
C0175,2022-08,46
C0380,2020-09,18
C0240,2022-08,15
C0112,2020-12,15
C0345,2022-08,17
C0234,2020-06,43
C0455,2021-08,46
C0346,2024-01,140
C0003,2022-10,9
C0100,2021-04,43
C0098,2024-03,30
C0261,2023-01,7
C0194,2021-07,68
C0476,2024-05,90
C0415,2022-04,9
C0461,2021-04,63
C0548,2023-01,10
C0199,2021-09,3
C0693,2023-01,8
C0588,2022-01,1
C0501,2023-02,5
C0288,2023-02,8
C0454,2023-02,15
C0199,2022-10,1
C0707,2023-02,1
C0583,2023-02,3
C0005,2021-07,37
C0487,2023-06,46
C0647,2023-06,10
C0700,2023-06,21
C0250,2023-06,54
C0482,2023-05,100
C0433,2023-06,3
C0076,2023-05,108
C0227,2021-10,22
C0651,2023-07,6
C0571,2023-07,1
C0648,2023-07,1
C0016,2023-11,35
C0245,2023-10,59
C0509,2023-10,6
C0123,2023-10,43
C0260,2023-12,1
C0227,2023-10,28
C0050,2023-10,54
C0704,2023-12,1
C0570,2024-01,13
C0556,2024-01,229
C0297,2024-02,56
C0328,2024-01,190
C0387,2024-02,33
C0448,2024-01,131
C0227,2024-01,87
C0460,2024-02,40
C0717,2022-01,1
C0022,2021-12,3
C0556,2021-10,29
C0334,2021-10,53
C0582,2022-02,3
C0037,2020-03,73
C0498,2022-02,13
C0367,2021-11,49
C0003,2021-09,17
C0155,2020-11,105
C0739,2022-02,7
C0363,2020-03,17
C0177,2021-08,34
C0426,2020-07,68
C0056,2021-04,38
C0336,2021-07,8
C0188,2020-09,52
C0472,2021-08,57
C0112,2020-04,6
C0128,2020-12,99
C0054,2021-04,1
C0269,2021-03,48
C0572,2020-06,11
C0425,2020-09,11
C0372,2020-04,25
C0383,2020-12,43
C0422,2020-05,2
C0632,2021-01,8
C0395,2020-02,32
C0136,2020-05,65
C0137,2020-02,29
C0443,2021-06,85
C0223,2020-02,41
C0153,2022-08,19
C0421,2022-08,25
C0704,2022-02,2
C0535,2022-08,3
C0079,2022-04,1
C0646,2022-04,2
C0356,2022-03,3
C0198,2022-12,1
C0282,2020-08,33
C0724,2023-01,7
C0040,2026-05,133
C0440,2023-05,32
C0711,2023-02,1
C0560,2023-05,11
C0515,2023-09,6
C0694,2023-09,8
C0334,2023-10,58
C0644,2023-10,3
C0570,2023-10,10
C0556,2023-10,56
C0550,2023-10,6
C0716,2023-10,3
C0518,2023-10,5
C0581,2023-10,8
C0312,2023-10,3
C0123,2024-01,75
C0245,2024-01,244
C0556,2024-06,79
C0334,2024-01,100
C0050,2024-01,179
C0550,2024-01,22
C0644,2024-01,15
C0245,2024-06,91
C0393,2024-04,76
C0478,2024-03,96
C0264,2025-04,102
C0316,2024-05,43
C0068,2024-08,30
C0123,2024-06,52
C0518,2024-01,30
C0152,2024-08,64
C0381,2020-01,23
C0689,2020-04,9
C0058,2020-05,56
C0529,2020-05,1
C0264,2020-03,55
C0095,2020-04,5
C0139,2020-04,12
C0607,2020-04,5
C0481,2020-04,31
C0120,2020-05,27
C0213,2020-04,15
C0452,2020-07,61
C0026,2020-05,17
C0152,2020-03,54
C0068,2020-03,30
C0429,2020-07,44
C0164,2020-08,31
C0493,2020-08,74
C0445,2020-08,28
C0609,2020-08,3
C0564,2020-08,21
C0585,2020-08,2
C0034,2020-09,43
C0449,2020-08,3
C0154,2020-09,69
C0740,2020-08,2
C0675,2020-08,8
C0726,2020-09,3
C0263,2020-06,77
C0750,2020-09,6
C0178,2020-03,56
C0388,2020-09,6
C0066,2020-11,36
C0420,2020-03,30
C0370,2020-08,3
C0052,2020-09,4
C0476,2020-06,58
C0577,2021-01,5
C0435,2021-02,28
C0213,2020-12,19
C0405,2020-10,43
C0095,2020-12,7
C0557,2020-07,46
C0065,2020-11,22
C0490,2020-12,13
C0368,2020-11,30
C0463,2020-10,29
C0679,2020-12,1
C0482,2021-02,49
C0560,2021-02,13
C0440,2021-02,27
C0134,2021-02,42
C0018,2021-02,14
C0222,2021-06,70
C0592,2021-06,17
C0032,2021-06,2
C0392,2020-03,4
C0613,2021-06,2
C0546,2021-06,1
C0353,2021-01,7
C0211,2021-08,59
C0512,2021-07,1
C0589,2021-06,4
C0042,2021-07,3
C0158,2021-09,82
C0689,2020-12,11
C0245,2021-10,72
C0346,2021-10,45
C0581,2021-10,4
C0050,2021-10,54
C0303,2021-03,11
C0716,2021-10,5
C0550,2021-10,8
C0437,2021-11,32
C0570,2021-10,9
C0644,2021-10,4
C0402,2021-11,49
C0518,2021-10,4
C0206,2021-11,64
C0320,2021-11,56
C0642,2021-09,4
C0456,2020-10,1
C0488,2021-10,1
C0596,2021-11,1
C0545,2021-11,5
C0115,2021-11,36
C0509,2021-10,5
C0410,2021-03,32
C0420,2024-08,116
C0089,2024-07,53
C0448,2023-10,25
C0314,2020-04,6
C0432,2020-03,2
C0339,2021-07,32
C0316,2020-06,28
C0399,2020-07,96
C0517,2021-11,3
C0516,2021-11,10
C0470,2022-03,1
C0284,2021-12,2
C0525,2022-04,2
C0090,2022-04,1
C0569,2020-02,13
C0430,2024-12,24
C0174,2020-02,11
C0718,2020-02,5
C0606,2020-02,3
C0059,2020-06,35
C0590,2020-06,6
C0127,2020-07,53
C0676,2020-07,9
C0230,2020-07,26
C0747,2020-07,4
C0538,2020-04,3
C0006,2021-08,3
C0713,2020-07,4
C0364,2020-10,14
C0681,2020-11,1
C0108,2020-11,1
C0543,2020-11,3
C0607,2020-12,5
C0139,2020-12,32
C0285,2021-03,50
C0515,2021-03,6
C0694,2021-03,5
C0080,2021-04,69
C0612,2021-04,4
C0527,2021-04,12
C0677,2021-05,4
C0688,2021-05,3
C0698,2021-04,1
C0561,2021-05,1
C0705,2021-07,1
C0563,2021-12,1
C0266,2020-03,33
C0513,2020-03,7
C0602,2020-03,5
C0471,2020-06,2
C0674,2020-10,5
C0544,2020-10,2
C0555,2020-10,4
C0624,2020-10,1
C0725,2020-10,2
C0536,2020-08,2
C0508,2021-03,1
C0605,2021-07,2
C0621,2021-11,1
C0264,2024-08,80
C0413,2020-01,1
C0738,2021-11,1
C0260,2022-02,1
C0490,2020-04,7
C0329,2020-08,1
C0314,2020-12,1
C0663,2021-05,2
C0131,2021-05,1
C0673,2021-05,1
C0597,2021-09,1
C0264,2026-01,280
C0053,2021-09,1
C0170,2026-04,165
C0258,2026-05,227
C0320,2026-05,89
C0367,2026-05,80
C0420,2026-01,201
C0171,2026-05,54
C0402,2026-05,113
C0406,2026-05,60
C0437,2026-05,120
C0249,2026-05,43
C0037,2026-01,483
C0159,2026-04,111
C0206,2026-05,82
C0189,2025-12,187
C0115,2026-05,77
C0214,2026-01,162
C0066,2026-07,114
C0155,2026-07,259
C0065,2026-07,37
C0368,2026-07,41
C0178,2026-01,155
C0266,2026-01,120
C0712,2026-02,34
C0543,2026-07,9
C0386,2026-04,69
C0082,2026-06,94
C0072,2025-10,121
C0068,2026-01,108
C0184,2026-06,301
C0243,2026-06,107
C0152,2026-01,104
C0513,2026-01,21
C0247,2026-06,77
C0224,2026-04,105
C0393,2026-08,125
C0330,2026-03,119
C0072,2025-09,99
C0265,2026-04,27
C0365,2026-06,10
C0156,2025-11,106
C0575,2026-06,16
C0043,2026-06,70
C0326,2026-01,19
C0313,2025-01,208
C0062,2025-01,188
C0317,2025-11,105
C0728,2025-01,162
C0200,2025-11,59
C0577,2025-11,33
C0357,2025-01,113
C0267,2025-03,48
C0197,2025-01,102
C0015,2025-02,75
C0038,2025-11,62
C0123,2025-08,35
C0355,2025-01,124
C0158,2025-10,113
C0386,2025-06,64
C0632,2025-11,8
C0517,2026-05,10
C0353,2025-11,11
C0227,2025-08,38
C0003,2025-10,20
C0057,2026-03,63
C0069,2025-03,25
C0122,2025-12,201
C0106,2025-12,159
C0101,2025-12,77
C0271,2025-12,123
C0097,2025-12,21
C0301,2025-12,37
C0363,2026-01,26
C0003,2025-09,20
C0328,2024-06,91
C0224,2024-11,39
C0602,2026-01,15
C0312,2024-06,3
C0392,2026-01,47
C0346,2025-08,77
C0170,2025-06,124
C0525,2024-10,5
C0409,2024-09,44
C0347,2026-03,39
C0045,2026-03,60
C0002,2026-03,136
C0201,2026-03,52
C0294,2026-03,25
C0312,2024-01,38
C0371,2026-03,36
C0603,2026-03,28
C0098,2026-02,81
C0379,2025-06,31
C0656,2026-03,6
C0149,2025-06,38
C0662,2026-03,7
C0173,2025-01,8
C0053,2025-09,2
C0233,2026-06,87
C0432,2026-01,19
C0545,2026-05,14
C0596,2026-05,2
C0516,2026-05,7
C0379,2026-04,42
C0090,2024-10,1
C0224,2025-06,56
C0059,2024-05,53
C0468,2025-05,137
C0547,2025-12,1
C0021,2026-06,60
C0625,2026-06,6
C0049,2026-06,5
C0665,2026-08,23
C0447,2026-06,14
C0498,2026-04,23
C0140,2026-08,89
C0093,2026-08,56
C0168,2026-08,34
C0028,2026-08,71
C0089,2026-08,60
C0715,2025-07,12
C0028,2024-07,58
C0448,2024-06,52
C0342,2026-03,81
C0140,2024-07,50
C0513,2024-08,5
C0192,2026-08,110
C0683,2026-08,2
C0581,2024-01,13
C0509,2024-01,17
C0442,2023-12,1
C0255,2024-03,55
C0263,2024-05,69
C0140,2024-04,47
C0089,2024-04,37
C0192,2024-04,85
C0168,2024-04,15
C0376,2024-04,2
C0093,2024-04,31
C0028,2024-04,69
C0485,2024-03,56
C0644,2024-06,6
C0192,2024-07,72
C0060,2024-10,233
C0050,2024-06,76
C0185,2024-09,46
C0665,2024-04,10
C0266,2024-08,46
C0518,2024-06,8
C0234,2024-05,52
C0572,2024-05,13
C0590,2024-05,8
C0348,2024-05,45
C0671,2024-05,22
C0680,2024-09,22
C0386,2024-11,59
C0581,2024-06,6
C0334,2024-06,43
C0346,2024-06,54
C0550,2024-06,11
C0509,2024-06,12
C0502,2024-02,1
C0168,2024-07,25
C0227,2024-06,26
C0471,2024-05,1
C0393,2024-07,78
C0570,2024-06,7
C0498,2024-11,15
C0159,2025-06,53
C0716,2024-06,3
C0178,2024-08,55
C0037,2024-08,163
C0093,2024-07,36
C0252,2024-10,40
C0665,2024-07,11
C0125,2024-09,50
C0166,2024-09,75
C0415,2024-10,22
C0345,2025-03,24
C0160,2024-10,9
C0326,2024-08,26
C0083,2024-10,34
C0600,2024-10,7
C0181,2024-09,15
C0464,2025-02,50
C0019,2024-09,25
C0646,2024-10,2
C0079,2024-10,3
C0276,2025-03,124
C0240,2025-03,24
C0315,2025-02,67
C0739,2024-11,15
C0170,2024-11,105
C0159,2024-11,43
C0265,2024-11,16
C0149,2024-11,39
C0629,2025-01,10
C0379,2024-11,26
C0148,2025-01,4
C0087,2025-01,4
C0542,2025-02,13
C0431,2025-02,64
C0232,2025-02,33
C0720,2025-02,4
C0439,2024-12,21
C0742,2025-02,5
C0553,2024-12,34
C0287,2025-07,27
C0696,2025-02,4
C0266,2025-04,55
C0420,2025-04,54
C0037,2025-04,175
C0178,2025-04,71
C0341,2025-07,102
C0214,2025-04,20
C0340,2025-05,50
C0146,2025-03,121
C0520,2025-05,10
C0126,2025-07,137
C0392,2025-04,2
C0678,2025-05,11
C0418,2025-05,18
C0504,2025-05,8
C0363,2025-04,28
C0308,2025-05,6
C0152,2025-04,50
C0149,2026-04,15
C0260,2026-04,5
C0432,2024-08,4
C0681,2026-07,1
C0570,2025-08,9
C0741,2020-08,1
C0488,2024-01,2
C0312,2025-08,7
C0571,2025-07,4
C0400,2025-07,42
C0053,2025-10,3
C0296,2025-03,31
C0334,2025-08,68
C0265,2025-06,8
C0642,2025-10,25
C0199,2025-10,5
C0597,2025-10,8
C0328,2025-08,76
C0215,2025-12,2
C0657,2025-12,3
C0255,2026-02,67
C0478,2026-02,72
C0485,2026-02,58
C0068,2025-04,33
C0375,2024-12,39
C0635,2026-03,2
C0739,2026-04,11
C0582,2026-04,12
C0479,2026-04,3
C0245,2025-08,84
C0704,2026-04,3
C0621,2026-05,2
C0390,2024-04,1
C0448,2025-08,40
C0498,2025-06,19
C0582,2025-06,7
C0260,2025-06,1
C0556,2025-08,110
C0739,2025-06,7
C0744,2025-07,49
C0257,2025-07,52
C0013,2025-07,16
C0050,2025-08,88
C0162,2025-07,17
C0651,2025-07,18
C0704,2025-06,3
C0444,2025-07,11
C0158,2025-09,116
C0642,2025-09,24
C0421,2025-03,19
C0628,2025-09,1
C0518,2025-08,13
C0157,2025-07,3
C0175,2025-03,40
C0538,2020-12,2
C0024,2025-03,20
C0712,2024-03,20
C0363,2024-08,14
C0510,2024-09,49
C0163,2024-09,11
C0214,2024-08,27
C0001,2025-05,3
C0550,2025-08,14
C0619,2024-09,1
C0730,2024-09,1
C0643,2025-01,1
C0153,2025-03,24
C0326,2025-04,78
C0602,2025-04,20
C0513,2025-04,4
C0666,2024-12,3
C0442,2025-06,1
C0248,2025-07,3
C0690,2025-07,1
C0509,2025-08,6
C0199,2025-09,4
C0597,2025-09,6
C0687,2025-11,1
C0528,2026-02,1
C0716,2024-01,9
C0602,2024-08,24
C0392,2024-08,4
C0704,2024-11,1
C0198,2024-12,1
C0432,2025-04,1
C0488,2025-08,3
C0581,2025-08,4
C0644,2025-08,3
C0716,2025-08,2
C0745,2024-02,5
C0683,2024-07,1
C0582,2024-11,9
C0248,2022-07,1
C0549,2025-02,1
C0157,2022-07,1
C0748,2022-01,1
C0244,2023-01,2
C0488,2023-10,3
C0488,2024-06,1
C0260,2024-11,1
C0642,2022-10,6
C0628,2022-10,1
C0597,2022-10,1
C0528,2024-03,1
C0407,2021-12,66
C0537,2021-12,145
C0398,2021-12,54
C0714,2021-12,33
C0391,2021-12,37
C0475,2021-12,58
C0412,2021-12,34
C0419,2021-12,57
C0193,2021-12,9
C0225,2021-12,46
C0167,2021-12,34
C0401,2021-12,38
C0533,2021-12,10
C0228,2021-12,47
C0277,2021-12,58
C0237,2021-01,277
C0437,2022-01,72
C0016,2021-11,31
C0206,2022-01,197
C0516,2022-01,19
C0320,2022-01,83
C0486,2021-04,88
C0040,2022-01,173
C0171,2022-01,92
C0402,2022-01,189
C0333,2021-10,17
C0258,2022-01,168
C0367,2022-01,110
C0249,2022-01,104
C0070,2021-01,117
C0115,2022-01,66
C0380,2021-01,73
C0188,2021-01,184
C0678,2021-09,18
C0350,2020-06,68
C0396,2021-12,13
C0046,2021-12,23
C0476,2021-03,45
C0034,2021-01,73
C0154,2021-01,155
C0033,2020-04,68
C0179,2020-07,15
C0388,2021-01,12
C0469,2021-08,17
C0406,2022-01,42
C0205,2021-10,42
C0443,2021-07,68
C0165,2020-01,95
C0270,2020-01,142
C0545,2022-01,10
C0056,2021-08,40
C0616,2021-05,19
C0414,2022-04,38
C0275,2022-03,57
C0307,2022-03,31
C0254,2022-03,103
C0460,2022-02,40
C0256,2022-04,61
C0333,2024-06,18
C0484,2022-03,40
C0212,2022-08,37
C0029,2022-03,25
C0603,2022-05,21
C0002,2022-05,45
C0045,2022-05,48
C0342,2022-05,43
C0330,2022-05,50
C0578,2022-03,9
C0347,2022-05,27
C0077,2022-04,1
C0201,2022-05,35
C0057,2022-05,57
C0371,2022-05,23
C0138,2020-10,38
C0117,2021-06,49
C0033,2020-12,94
C0211,2021-04,71
C0493,2020-11,60
C0234,2021-03,40
C0450,2020-12,30
C0098,2020-03,32
C0113,2021-06,136
C0389,2020-01,94
C0425,2021-01,35
C0687,2020-09,12
C0129,2021-04,83
C0358,2021-05,77
C0251,2020-01,127
C0439,2021-02,12
C0306,2020-01,145
C0304,2021-10,122
C0455,2021-04,74
C0220,2020-06,18
C0038,2020-09,31
C0317,2020-09,42
C0104,2020-12,49
C0155,2020-08,96
C0195,2021-04,55
C0024,2020-02,23
C0102,2020-06,50
C0272,2022-06,30
C0242,2022-06,8
C0354,2022-06,80
C0063,2022-06,89
C0474,2022-06,42
C0238,2022-06,19
C0278,2022-06,87
C0035,2022-06,5
C0408,2022-06,38
C0280,2022-06,37
C0299,2022-06,4
C0187,2022-06,3
C0297,2022-02,31
C0729,2022-06,1
C0096,2022-06,1
C0294,2022-05,3
C0176,2022-07,75
C0191,2022-07,45
C0114,2022-07,42
C0360,2022-07,42
C0219,2022-07,35
C0295,2022-07,36
C0319,2022-07,16
C0103,2022-03,46
C0615,2022-07,3
C0143,2020-10,61
C0635,2022-05,3
C0517,2022-01,11
C0308,2022-10,11
C0468,2022-10,47
C0478,2022-11,82
C0255,2022-11,61
C0098,2022-11,35
C0485,2022-11,66
C0340,2022-10,55
C0439,2022-09,12
C0712,2022-11,15
C0520,2022-10,6
C0249,2023-11,32
C0333,2023-10,21
C0482,2022-12,93
C0076,2022-12,112
C0018,2022-12,22
C0134,2022-12,49
C0560,2022-12,17
C0435,2022-12,46
C0440,2022-12,30
C0387,2023-03,44
C0297,2023-03,55
C0460,2023-03,40
C0094,2023-01,79
C0318,2023-01,61
C0202,2023-01,159
C0483,2023-01,192
C0745,2023-03,8
C0130,2023-01,108
C0150,2023-01,65
C0133,2023-01,130
C0608,2023-02,4
C0678,2022-10,16
C0310,2023-01,48
C0452,2023-02,61
C0557,2023-02,27
C0452,2023-04,59
C0127,2023-04,58
C0399,2023-04,67
C0426,2023-04,54
C0429,2023-04,65
C0713,2023-04,4
C0127,2023-02,61
C0230,2023-04,29
C0557,2023-04,27
C0608,2023-04,4
C0747,2023-04,8
C0373,2023-01,7
C0429,2023-02,62
C0676,2023-04,11
C0426,2023-02,56
C0323,2020-01,141
C0219,2023-07,36
C0176,2023-07,93
C0114,2023-07,53
C0360,2023-07,50
C0191,2023-07,61
C0393,2023-06,77
C0615,2023-07,4
C0295,2023-07,38
C0319,2023-07,11
C0598,2023-07,19
C0594,2023-07,2
C0430,2023-05,15
C0375,2023-05,34
C0200,2023-08,36
C0156,2023-08,43
C0317,2023-08,55
C0038,2023-08,33
C0577,2023-08,12
C0171,2023-11,35
C0089,2023-06,49
C0192,2023-06,64
C0632,2023-08,2
C0421,2020-02,36
C0439,2023-05,13
C0687,2023-08,3
C0104,2020-04,44
C0671,2023-09,24
C0316,2023-09,43
C0059,2023-09,64
C0348,2023-09,40
C0234,2023-09,38
C0476,2023-09,72
C0263,2023-09,56
C0590,2023-09,7
C0572,2023-09,13
C0297,2023-12,78
C0460,2023-12,44
C0387,2023-12,49
C0367,2023-11,51
C0406,2023-11,21
C0320,2023-11,69
C0745,2023-12,8
C0206,2023-11,75
C0258,2023-11,100
C0241,2022-03,63
C0502,2022-02,3
C0153,2020-02,22
C0387,2022-02,51
C0403,2022-03,10
C0292,2022-03,12
C0630,2022-03,12
C0712,2020-03,8
C0240,2020-02,29
C0080,2021-08,73
C0375,2021-02,24
C0662,2022-05,3
C0656,2022-05,2
C0051,2022-06,5
C0430,2022-09,18
C0375,2022-09,28
C0316,2021-03,33
C0553,2022-09,13
C0223,2022-08,59
C0137,2022-08,54
C0174,2022-08,14
C0569,2022-08,23
C0182,2020-10,15
C0099,2022-02,1
C0230,2023-02,43
C0399,2023-02,71
C0526,2023-01,6
C0329,2020-11,1
C0676,2023-02,12
C0747,2023-02,9
C0713,2023-02,1
C0057,2020-05,57
C0430,2021-02,21
C0093,2023-06,32
C0028,2023-06,43
C0140,2023-06,42
C0168,2023-06,15
C0665,2023-06,7
C0553,2023-05,12
C0282,2026-07,95
C0402,2023-11,71
C0040,2023-11,110
C0437,2023-11,35
C0115,2023-11,38
C0516,2023-11,20
C0209,2023-10,33
C0304,2023-10,115
C0517,2023-11,7
C0205,2023-10,44
C0545,2023-11,6
C0596,2023-11,1
C0099,2023-12,2
C0017,2023-10,26
C0502,2023-12,2
C0170,2024-02,100
C0205,2024-01,206
C0159,2024-02,49
C0468,2025-09,126
C0379,2024-02,32
C0739,2024-02,8
C0498,2024-02,22
C0224,2024-02,33
C0149,2024-02,33
C0183,2024-01,210
C0209,2024-01,121
C0386,2024-02,47
C0269,2020-06,31
C0209,2021-10,48
C0288,2020-07,19
C0738,2022-01,1
C0349,2021-06,62
C0311,2020-10,44
C0146,2020-02,35
C0621,2022-01,1
C0745,2022-02,6
C0255,2020-03,58
C0177,2021-04,26
C0340,2021-09,54
C0472,2021-04,83
C0141,2020-04,53
C0336,2021-06,7
C0263,2021-03,81
C0461,2021-08,53
C0330,2020-05,47
C0698,2021-08,1
C0671,2021-03,19
C0584,2021-05,19
C0296,2020-02,15
C0164,2020-11,15
C0200,2020-09,51
C0183,2021-10,73
C0592,2021-07,18
C0450,2020-04,28
C0267,2020-02,44
C0342,2020-05,39
C0382,2021-06,109
C0052,2021-01,13
C0348,2021-03,47
C0368,2020-08,27
C0321,2020-01,26
C0222,2021-07,68
C0611,2020-06,5
C0324,2020-01,160
C0606,2022-08,8
C0395,2022-08,40
C0718,2022-08,7
C0075,2021-01,128
C0032,2021-07,5
C0681,2020-08,5
C0001,2022-10,4
C0017,2021-10,23
C0198,2023-05,1
C0183,2023-10,75
C0685,2023-10,3
C0558,2023-10,1
C0534,2023-10,4
C0304,2024-01,285
C0017,2024-01,76
C0333,2024-01,98
C0250,2024-04,41
C0037,2024-03,173
C0558,2024-01,14
C0534,2024-01,43
C0067,2024-07,196
C0102,2024-05,74
C0264,2024-03,98
C0121,2024-04,87
C0121,2024-07,67
C0521,2020-01,20
C0226,2020-01,120
C0686,2020-01,11
C0670,2020-01,7
C0719,2020-01,9
C0633,2020-04,13
C0417,2020-04,29
C0371,2020-05,30
C0002,2020-05,39
C0201,2020-05,46
C0045,2020-05,56
C0635,2020-05,1
C0044,2020-04,25
C0603,2020-05,12
C0069,2020-02,35
C0175,2020-02,32
C0662,2020-05,2
C0485,2020-03,35
C0347,2020-05,23
C0478,2020-03,58
C0065,2020-08,21
C0454,2020-07,27
C0156,2020-09,54
C0496,2020-01,1
C0066,2020-08,22
C0583,2020-07,6
C0423,2020-07,32
C0027,2020-07,27
C0632,2020-09,6
C0100,2021-08,37
C0445,2020-11,23
C0694,2020-06,3
C0577,2020-09,2
C0004,2021-08,44
C0169,2020-10,32
C0417,2020-12,40
C0141,2020-12,62
C0750,2021-01,9
C0290,2020-11,72
C0285,2020-06,42
C0276,2020-02,102
C0553,2021-02,9
C0497,2020-12,1
C0194,2021-06,61
C0512,2021-06,7
C0339,2021-06,31
C0514,2021-06,5
C0005,2021-06,22
C0042,2021-06,3
C0605,2021-06,3
C0697,2021-07,6
C0564,2020-11,15
C0552,2020-10,13
C0466,2021-06,1
C0554,2020-01,4
C0589,2021-07,1
C0534,2021-10,6
C0468,2021-09,49
C0352,2021-05,21
C0558,2021-10,7
C0572,2021-03,7
C0685,2021-10,3
C0297,2024-11,73
C0633,2020-12,18
C0294,2020-05,3
C0653,2020-01,7
C0418,2021-09,8
C0030,2022-04,6
C0404,2022-04,2
C0435,2024-12,46
C0345,2020-02,21
C0059,2021-03,48
C0303,2020-06,11
C0410,2020-06,38
C0515,2020-06,14
C0501,2020-07,4
C0282,2020-11,24
C0741,2020-11,1
C0011,2020-10,30
C0675,2020-11,8
C0055,2020-10,29
C0576,2020-10,2
C0536,2020-11,2
C0203,2020-11,22
C0740,2020-11,1
C0727,2020-10,23
C0585,2020-11,1
C0609,2020-11,2
C0136,2026-03,72
C0044,2020-12,27
C0590,2021-03,13
C0471,2021-03,4
C0726,2021-01,6
C0666,2021-02,2
C0586,2021-05,6
C0565,2021-05,3
C0736,2021-05,2
C0604,2021-05,7
C0614,2021-05,2
C0532,2021-05,4
C0541,2021-05,2
C0008,2021-08,2
C0527,2021-08,13
C0001,2021-09,3
C0612,2021-08,1
C0520,2021-09,5
C0524,2021-12,8
C0273,2021-11,1
C0574,2021-12,1
C0308,2021-09,2
C0528,2020-03,1
C0508,2020-06,1
C0353,2020-09,1
C0645,2020-10,3
C0543,2020-08,2
C0274,2021-02,1
C0361,2021-02,1
C0505,2021-08,1
C0709,2020-04,1
C0709,2020-12,1
C0738,2023-11,1
C0006,2021-04,2
C0539,2020-10,1
C0322,2021-05,3
C0626,2021-05,2
C0110,2021-05,1
C0190,2021-05,1
C0504,2021-09,1
C0661,2021-09,2
C0377,2021-10,1
C0255,2026-01,245
C0598,2025-07,45
C0016,2026-05,58
C0098,2026-01,251
C0485,2026-01,220
C0478,2026-01,169
C0445,2026-07,59
C0293,2026-08,114
C0493,2026-07,83
C0675,2026-07,45
C0290,2026-07,54
C0010,2026-06,112
C0164,2026-07,43
C0329,2026-07,4
C0203,2026-07,37
C0370,2026-07,22
C0239,2026-06,60
C0378,2026-06,138
C0067,2026-08,207
C0478,2025-04,108
C0564,2026-07,18
C0191,2025-07,109
C0712,2026-01,84
C0026,2026-03,27
C0609,2026-07,6
C0684,2026-06,46
C0473,2026-06,177
C0250,2024-07,52
C0218,2025-01,545
C0459,2026-06,97
C0536,2026-07,1
C0101,2024-09,25
C0125,2025-12,95
C0449,2026-07,2
C0075,2025-11,59
C0237,2025-11,185
C0380,2025-11,20
C0418,2025-09,14
C0188,2025-11,88
C0154,2025-11,63
C0212,2025-03,53
C0070,2025-11,68
C0425,2025-11,31
C0034,2025-11,50
C0750,2025-11,19
C0424,2025-01,88
C0183,2025-08,87
C0726,2025-11,9
C0144,2025-01,121
C0068,2026-02,37
C0099,2024-11,1
C0409,2025-12,91
C0340,2025-10,40
C0468,2025-10,146
C0712,2025-04,28
C0395,2025-03,45
C0019,2025-12,47
C0185,2025-12,107
C0680,2025-12,36
C0166,2025-12,78
C0485,2025-04,70
C0181,2025-12,31
C0163,2025-12,13
C0293,2024-04,72
C0746,2025-01,32
C0058,2026-03,98
C0036,2023-01,8
C0220,2024-05,22
C0017,2025-08,24
C0223,2025-03,66
C0120,2026-03,30
C0451,2026-03,94
C0418,2025-10,15
C0152,2026-02,36
C0178,2026-02,69
C0264,2026-02,84
C0214,2026-02,25
C0121,2026-08,160
C0319,2025-07,27
C0388,2025-11,6
C0422,2026-03,2
C0250,2026-08,54
C0529,2026-03,3
C0293,2024-07,91
C0273,2026-05,2
C0615,2025-07,11
C0297,2026-04,97
C0174,2025-03,14
C0176,2025-07,87
C0460,2026-04,82
C0650,2026-06,6
C0487,2026-08,76
C0462,2026-08,20
C0337,2026-08,17
C0647,2026-08,9
C0480,2024-12,2
C0076,2024-12,100
C0700,2026-08,14
C0420,2026-02,63
C0433,2026-08,7
C0067,2024-04,198
C0214,2024-03,33
C0265,2024-02,12
C0462,2024-07,26
C0266,2024-03,47
C0462,2024-04,24
C0337,2024-04,26
C0487,2024-04,46
C0271,2024-09,60
C0152,2024-03,55
C0647,2024-04,2
C0700,2024-04,18
C0392,2024-03,7
C0433,2024-04,3
C0647,2024-07,10
C0304,2024-06,138
C0534,2024-06,18
C0178,2024-03,52
C0485,2024-08,53
C0350,2024-05,63
C0285,2024-05,51
C0410,2024-05,43
C0303,2024-05,14
C0122,2024-09,164
C0269,2024-05,41
C0694,2024-05,6
C0594,2022-07,1
C0508,2024-05,1
C0515,2024-05,8
C0183,2024-06,77
C0017,2024-06,36
C0377,2024-06,1
C0209,2024-06,50
C0205,2024-06,61
C0440,2024-12,29
C0685,2024-06,3
C0558,2024-06,2
C0106,2024-09,89
C0718,2025-03,11
C0255,2025-04,65
C0487,2024-07,44
C0337,2024-07,10
C0134,2024-12,61
C0700,2024-07,23
C0433,2024-07,4
C0256,2024-10,81
C0189,2024-09,74
C0414,2024-10,36
C0685,2024-01,7
C0030,2024-10,7
C0077,2024-10,3
C0301,2024-09,25
C0404,2024-10,1
C0482,2024-12,121
C0460,2024-11,39
C0205,2025-08,60
C0745,2024-11,9
C0072,2025-05,94
C0500,2025-01,12
C0370,2020-11,1
C0172,2025-02,21
C0601,2025-02,5
C0107,2025-02,9
C0623,2025-02,9
C0158,2025-05,108
C0597,2025-05,4
C0137,2025-03,68
C0642,2025-05,19
C0003,2025-05,12
C0053,2025-05,1
C0199,2025-05,1
C0098,2025-04,45
C0018,2024-12,34
C0528,2026-01,3
C0392,2026-02,8
C0748,2026-05,3
C0377,2024-01,3
C0510,2025-12,35
C0460,2025-06,51
C0099,2025-06,2
C0304,2025-08,105
C0308,2025-09,9
C0619,2025-12,16
C0219,2025-07,63
C0001,2025-10,4
C0037,2026-02,176
C0602,2026-02,7
C0513,2026-02,4
C0266,2026-02,54
C0363,2026-02,11
C0432,2026-02,2
C0637,2025-05,3
C0743,2026-03,6
C0387,2026-04,40
C0745,2026-04,8
C0340,2025-09,49
C0502,2026-04,1
C0491,2026-04,1
C0099,2026-04,3
C0308,2025-10,12
C0741,2026-07,2
C0297,2025-06,98
C0387,2025-06,37
C0745,2025-06,7
C0114,2025-07,71
C0295,2025-07,39
C0360,2025-07,86
C0209,2025-08,39
C0678,2025-10,11
C0504,2025-09,6
C0661,2025-09,4
C0504,2025-10,5
C0520,2025-10,10
C0326,2026-02,4
C0434,2024-10,1
C0661,2025-10,1
C0098,2024-08,28
C0594,2025-07,5
C0678,2025-09,13
C0363,2024-03,14
C0602,2024-03,18
C0326,2024-03,25
C0420,2024-03,41
C0432,2024-03,2
C0097,2024-09,8
C0560,2024-12,17
C0657,2024-09,5
C0627,2024-09,2
C0569,2025-03,14
C0534,2025-08,19
C0478,2024-08,78
C0606,2025-03,7
C0562,2025-03,1
C0387,2024-11,40
C0333,2025-08,19
C0520,2025-09,6
C0502,2025-06,2
C0001,2025-09,1
C0255,2024-08,76
C0582,2024-02,12
C0068,2024-03,27
C0513,2024-03,1
C0712,2024-08,12
C0467,2025-03,1
C0558,2025-08,4
C0283,2025-01,1
C0377,2025-08,1
C0685,2025-08,2
C0260,2024-02,1
C0704,2024-02,1
C0528,2024-08,1
C0305,2024-05,1
C0502,2024-11,1
C0618,2022-07,2
C0598,2022-07,4
C0418,2022-10,4
C0397,2023-01,1
C0434,2022-04,1
C0411,2021-05,1
C0491,2024-11,1
C0661,2022-10,1
C0480,2022-12,1
C0083,2020-08,38
C0561,2021-12,2
C0677,2021-12,8
C0663,2021-12,1
C0450,2021-10,28
C0587,2021-12,13
C0073,2021-11,62
C0327,2021-11,37
C0457,2022-01,91
C0270,2021-01,129
C0306,2021-01,128
C0160,2020-08,12
C0251,2021-01,87
C0300,2022-01,67
C0636,2022-01,17
C0593,2022-01,38
C0226,2021-01,121
C0452,2020-03,56
C0216,2022-01,74
C0323,2021-01,101
C0072,2020-06,41
C0389,2021-01,85
C0324,2021-01,147
C0281,2021-08,1
C0719,2021-01,9
C0048,2021-04,33
C0321,2021-01,20
C0464,2022-02,33
C0564,2022-04,14
C0290,2022-04,45
C0428,2021-11,39
C0394,2022-03,34
C0493,2022-04,69
C0086,2022-03,62
C0675,2022-04,9
C0282,2022-04,27
C0164,2022-04,16
C0362,2022-03,91
C0232,2022-02,37
C0536,2022-04,2
C0203,2022-04,26
C0329,2022-04,4
C0609,2022-04,2
C0061,2022-03,61
C0015,2022-02,45
C0197,2022-05,19
C0357,2022-05,27
C0062,2022-05,45
C0313,2022-05,30
C0148,2022-05,1
C0355,2022-05,40
C0728,2022-05,21
C0366,2022-03,44
C0070,2020-01,98
C0230,2020-03,32
C0380,2020-01,107
C0237,2020-01,294
C0217,2021-05,34
C0034,2020-01,83
C0151,2020-09,53
C0339,2021-02,20
C0037,2020-07,66
C0415,2020-08,23
C0349,2021-02,55
C0256,2020-11,50
C0158,2020-06,72
C0264,2020-07,50
C0188,2020-01,229
C0169,2022-06,54
C0055,2022-06,27
C0011,2022-06,38
C0143,2022-06,71
C0138,2022-06,53
C0727,2022-06,27
C0182,2022-06,17
C0645,2022-06,1
C0552,2022-06,15
C0311,2022-06,46
C0576,2022-06,8
C0315,2022-02,52
C0210,2022-03,53
C0184,2022-07,217
C0243,2022-07,65
C0021,2022-07,38
C0043,2022-07,32
C0233,2022-07,55
C0575,2022-07,12
C0049,2022-07,4
C0082,2022-07,30
C0247,2022-07,42
C0695,2022-01,7
C0447,2022-07,3
C0127,2022-11,60
C0429,2022-11,59
C0399,2022-11,120
C0426,2022-11,73
C0557,2022-11,42
C0476,2022-10,56
C0263,2022-10,67
C0671,2022-10,19
C0230,2022-11,26
C0059,2022-10,41
C0452,2022-11,47
C0234,2022-10,27
C0676,2022-11,12
C0747,2022-11,6
C0117,2022-09,43
C0713,2022-11,7
C0382,2022-09,85
C0348,2022-10,32
C0608,2022-11,2
C0316,2022-10,40
C0183,2020-04,60
C0222,2022-12,78
C0017,2020-12,31
C0697,2022-12,7
C0443,2022-12,72
C0590,2022-10,5
C0276,2023-01,199
C0032,2022-12,6
C0592,2022-12,27
C0015,2023-03,62
C0431,2023-03,65
C0315,2023-03,67
C0720,2023-03,2
C0345,2023-01,69
C0146,2023-01,258
C0232,2023-03,54
C0464,2023-03,39
C0742,2023-03,9
C0542,2023-03,13
C0267,2023-01,88
C0069,2023-01,65
C0421,2023-01,61
C0255,2023-02,59
C0240,2023-01,45
C0339,2022-09,31
C0485,2023-04,47
C0478,2023-04,63
C0255,2023-04,53
C0024,2023-01,54
C0296,2023-01,36
C0098,2023-04,27
C0712,2023-04,8
C0175,2023-01,67
C0141,2021-10,59
C0233,2023-07,66
C0021,2023-07,42
C0184,2023-07,232
C0247,2023-07,53
C0243,2023-07,62
C0625,2023-07,3
C0082,2023-07,23
C0365,2023-07,5
C0043,2023-07,33
C0259,2023-08,76
C0151,2023-08,70
C0723,2023-08,26
C0106,2023-06,74
C0117,2021-02,36
C0381,2023-08,7
C0153,2023-01,41
C0271,2023-06,48
C0165,2021-01,56
C0049,2023-07,4
C0413,2023-08,1
C0117,2023-05,46
C0101,2023-06,27
C0468,2023-09,46
C0504,2023-09,6
C0678,2023-09,14
C0340,2023-09,46
C0661,2023-09,2
C0478,2023-02,63
C0315,2023-12,71
C0015,2023-12,57
C0593,2023-11,31
C0464,2023-12,53
C0232,2023-12,49
C0549,2023-12,4
C0431,2023-12,70
C0742,2023-12,6
C0696,2023-12,5
C0542,2023-12,12
C0122,2023-06,138
C0343,2021-11,59
C0416,2022-03,35
C0431,2022-02,53
C0542,2022-02,8
C0408,2020-10,43
C0154,2020-01,195
C0653,2021-01,9
C0068,2020-07,30
C0332,2021-05,14
C0208,2021-08,15
C0242,2020-10,8
C0005,2021-02,28
C0629,2022-05,7
C0445,2022-04,16
C0370,2022-04,5
C0539,2022-06,3
C0349,2022-09,76
C0113,2022-09,122
C0194,2022-09,76
C0605,2022-09,3
C0514,2022-09,3
C0005,2022-09,46
C0336,2022-09,6
C0286,2022-08,78
C0338,2021-04,64
C0466,2022-09,2
C0631,2022-08,4
C0622,2022-08,19
C0512,2022-09,6
C0042,2022-09,2
C0235,2022-08,48
C0477,2021-12,4
C0125,2024-04,47
C0098,2023-02,34
C0485,2023-02,39
C0712,2023-02,19
C0304,2020-04,116
C0418,2021-03,9
C0113,2021-02,121
C0388,2020-01,5
C0326,2020-07,23
C0430,2021-06,25
C0549,2023-03,1
C0696,2023-03,1
C0301,2023-06,32
C0189,2023-06,89
C0194,2023-05,67
C0113,2023-05,123
C0349,2023-05,72
C0097,2023-06,12
C0512,2023-05,6
C0336,2023-05,10
C0382,2023-05,101
C0005,2023-05,38
C0339,2023-05,31
C0627,2023-06,2
C0657,2023-06,3
C0575,2023-07,10
C0447,2023-07,3
C0216,2023-11,22
C0457,2023-11,24
C0636,2023-11,16
C0300,2023-11,47
C0044,2023-10,33
C0141,2023-10,59
C0695,2023-11,4
C0417,2023-10,49
C0033,2023-10,38
C0104,2023-10,23
C0720,2023-12,7
C0450,2023-10,27
C0308,2023-09,6
C0172,2024-02,46
C0450,2024-01,104
C0623,2024-02,8
C0007,2021-04,42
C0427,2021-11,27
C0439,2021-06,20
C0325,2022-02,1
C0033,2021-10,55
C0742,2022-02,4
C0205,2020-04,31
C0313,2020-05,57
C0003,2020-06,23
C0304,2020-12,127
C0425,2020-01,42
C0369,2021-04,92
C0259,2020-09,67
C0676,2020-03,6
C0482,2021-07,67
C0429,2020-03,62
C0076,2021-07,80
C0414,2020-11,51
C0075,2020-01,118
C0052,2020-01,10
C0333,2020-04,24
C0196,2021-08,76
C0280,2020-10,28
C0476,2021-09,58
C0382,2021-02,89
C0209,2020-12,42
C0483,2020-02,41
C0340,2021-03,61
C0310,2020-02,25
C0063,2020-10,68
C0062,2020-05,35
C0351,2022-08,9
C0724,2022-08,2
C0693,2022-08,6
C0548,2022-08,1
C0316,2021-09,41
C0318,2020-02,23
C0613,2022-12,2
C0589,2022-12,4
C0134,2021-07,41
C0152,2020-07,51
C0535,2023-01,3
C0514,2023-05,1
C0720,2022-02,3
C0520,2023-09,9
C0418,2023-09,14
C0633,2023-10,25
C0033,2024-01,179
C0141,2024-01,178
C0633,2024-01,74
C0417,2024-01,98
C0044,2024-01,94
C0104,2024-01,94
C0426,2024-08,73
C0497,2024-01,4
C0750,2020-01,5
C0420,2020-07,106
C0209,2020-04,26
C0728,2020-05,17
C0357,2020-05,24
C0173,2020-05,3
C0355,2020-05,51
C0205,2020-12,35
C0197,2020-05,23
C0178,2020-07,45
C0072,2024-05,110
C0017,2020-04,18
C0629,2020-05,8
C0385,2021-05,42
C0252,2020-08,24
C0723,2020-09,13
C0646,2020-08,3
C0413,2020-09,3
C0381,2020-09,6
C0686,2021-01,16
C0020,2021-04,48
C0363,2020-07,28
C0333,2020-12,33
C0214,2020-07,33
C0238,2020-10,13
C0272,2020-10,29
C0521,2021-01,25
C0183,2020-12,85
C0506,2021-05,11
C0127,2020-03,46
C0670,2021-01,10
C0354,2020-10,52
C0474,2020-10,42
C0133,2020-02,26
C0136,2025-01,278
C0423,2024-03,98
C0373,2020-02,1
C0513,2020-07,6
C0534,2020-12,10
C0234,2021-09,38
C0194,2021-02,46
C0514,2021-02,5
C0399,2020-03,70
C0336,2021-02,5
C0375,2021-06,34
C0031,2021-05,32
C0440,2021-07,40
C0059,2021-09,49
C0417,2021-10,41
C0446,2021-04,54
C0302,2021-04,43
C0018,2021-07,16
C0435,2021-07,45
C0130,2020-02,21
C0560,2021-07,9
C0471,2021-09,1
C0104,2021-10,27
C0348,2021-09,37
C0671,2021-09,23
C0633,2021-10,45
C0088,2021-08,41
C0044,2021-10,22
C0572,2021-09,7
C0298,2021-11,36
C0669,2021-11,1
C0012,2021-11,21
C0468,2021-03,45
C0289,2021-11,34
C0634,2021-11,10
C0309,2022-03,4
C0489,2022-03,2
C0042,2023-05,3
C0001,2023-09,5
C0726,2020-01,8
C0087,2020-05,2
C0060,2020-08,148
C0308,2021-03,11
C0713,2020-03,3
C0496,2021-01,1
C0740,2022-04,2
C0585,2022-04,3
C0741,2022-04,3
C0094,2020-02,27
C0202,2020-02,65
C0526,2020-02,2
C0150,2020-02,19
C0426,2020-03,61
C0199,2020-06,5
C0266,2020-07,44
C0602,2020-07,6
C0432,2020-07,5
C0392,2020-07,1
C0637,2020-06,1
C0278,2020-10,63
C0051,2020-10,2
C0030,2020-11,5
C0299,2020-10,6
C0512,2021-02,1
C0554,2021-01,5
C0504,2021-03,1
C0520,2021-03,6
C0678,2021-03,8
C0001,2021-03,1
C0530,2021-05,35
C0022,2021-05,2
C0180,2021-05,4
C0124,2021-04,5
C0499,2021-04,4
C0563,2021-05,1
C0161,2021-08,31
C0109,2021-08,40
C0672,2021-08,4
C0441,2021-08,3
C0590,2021-09,4
C0263,2021-09,78
C0540,2021-08,5
C0064,2021-08,1
C0207,2021-12,1
C0039,2021-11,3
C0131,2021-12,1
C0608,2020-03,3
C0557,2020-03,42
C0747,2020-03,4
C0053,2020-06,2
C0642,2020-06,3
C0597,2020-06,1
C0096,2020-10,1
C0041,2020-10,1
C0729,2020-10,3
C0035,2020-10,1
C0705,2021-02,1
C0187,2020-10,2
C0605,2021-02,1
C0531,2021-11,1
C0737,2021-11,1
C0335,2021-11,1
C0664,2021-11,1
C0660,2021-11,1
C0579,2022-01,1
C0549,2022-02,1
C0696,2022-02,2
C0534,2020-04,4
C0685,2020-04,1
C0558,2020-04,1
C0525,2020-08,3
C0141,2025-08,91
C0079,2020-08,1
C0685,2020-12,1
C0558,2020-12,1
C0591,2021-04,1
C0553,2021-06,8
C0274,2021-06,1
C0343,2026-05,99
C0452,2026-01,270
C0315,2026-04,95
C0327,2026-05,84
C0012,2026-05,30
C0039,2026-05,12
C0634,2026-05,49
C0428,2026-05,83
C0073,2026-05,88
C0557,2026-01,105
C0298,2026-05,43
C0218,2026-03,83
C0713,2026-01,48
C0676,2026-01,55
C0747,2026-01,124
C0414,2026-07,125
C0256,2026-07,93
C0399,2026-01,180
C0664,2026-05,2
C0127,2026-01,165
C0341,2026-06,126
C0224,2025-02,44
C0426,2026-01,339
C0162,2026-06,21
C0126,2026-06,130
C0230,2026-01,165
C0429,2026-01,105
C0220,2025-05,21
C0608,2026-01,19
C0077,2026-07,5
C0184,2025-07,290
C0019,2026-08,58
C0243,2025-07,60
C0247,2025-07,73
C0142,2026-07,1
C0030,2026-07,6
C0159,2025-02,49
C0542,2026-04,36
C0400,2026-06,126
C0179,2026-02,51
C0427,2026-05,35
C0434,2026-07,2
C0452,2025-04,101
C0289,2026-05,43
C0121,2025-12,194
C0510,2026-08,53
C0487,2025-12,68
C0089,2024-09,36
C0323,2025-11,60
C0250,2025-12,93
C0404,2026-07,2
C0431,2026-04,76
C0671,2025-09,43
C0270,2025-11,80
C0251,2025-11,155
C0032,2024-12,4
C0389,2025-11,68
C0306,2025-11,38
C0324,2025-11,39
C0521,2025-11,18
C0670,2025-11,12
C0165,2025-11,21
C0316,2025-10,45
C0058,2025-01,239
C0226,2025-11,111
C0658,2025-11,1
C0451,2025-01,189
C0348,2025-09,75
C0699,2025-11,4
C0316,2025-09,55
C0464,2026-04,75
C0059,2025-09,53
C0653,2025-11,10
C0321,2025-11,25
C0263,2025-10,78
C0120,2025-01,111
C0026,2025-01,45
C0476,2025-09,69
C0686,2025-11,11
C0417,2025-08,49
C0348,2025-10,91
C0554,2025-11,1
C0293,2025-12,131
C0067,2025-12,251
C0700,2025-12,30
C0462,2025-12,27
C0337,2025-12,38
C0476,2025-10,74
C0447,2025-07,2
C0059,2025-10,66
C0743,2025-01,46
C0265,2025-02,17
C0433,2025-12,14
C0125,2026-08,74
C0464,2025-06,55
C0102,2025-05,73
C0409,2024-07,57
C0043,2025-07,37
C0417,2024-06,46
C0144,2026-03,35
C0424,2026-03,89
C0423,2026-02,82
C0027,2026-02,28
C0746,2026-03,7
C0450,2025-08,28
C0500,2026-03,5
C0443,2024-12,70
C0015,2026-04,109
C0531,2026-05,2
C0166,2024-07,63
C0737,2026-05,5
C0715,2026-06,15
C0651,2026-06,25
C0744,2026-06,51
C0257,2026-06,53
C0248,2026-06,8
C0444,2026-06,50
C0287,2026-06,83
C0019,2024-04,33
C0111,2026-06,1
C0185,2026-08,63
C0680,2026-08,33
C0409,2026-08,88
C0166,2026-08,44
C0163,2026-08,4
C0181,2026-08,60
C0359,2024-03,1
C0232,2026-04,52
C0619,2026-08,6
C0510,2024-04,61
C0429,2025-04,48
C0028,2024-09,42
C0166,2024-04,42
C0633,2024-06,22
C0140,2024-09,44
C0452,2024-08,77
C0315,2024-11,86
C0493,2024-10,116
C0192,2024-09,57
C0163,2024-04,9
C0185,2024-04,54
C0409,2024-04,46
C0181,2024-04,28
C0680,2024-04,18
C0027,2024-03,28
C0619,2024-04,5
C0170,2025-02,102
C0141,2024-06,60
C0680,2024-07,26
C0125,2024-07,39
C0426,2025-04,79
C0454,2024-03,28
C0158,2024-05,88
C0464,2024-11,59
C0642,2024-05,18
C0044,2024-06,24
C0675,2024-10,18
C0168,2024-09,11
C0033,2024-06,53
C0450,2024-06,44
C0104,2024-06,23
C0399,2024-08,81
C0222,2024-12,68
C0290,2024-10,47
C0127,2024-08,55
C0429,2024-08,59
C0445,2024-10,25
C0697,2024-12,7
C0019,2024-07,44
C0163,2024-07,11
C0510,2024-07,29
C0181,2024-07,31
C0185,2024-07,41
C0619,2024-07,4
C0282,2024-10,52
C0370,2024-10,6
C0164,2024-10,15
C0203,2024-10,35
C0564,2024-10,24
C0683,2024-09,1
C0557,2024-08,42
C0609,2024-10,3
C0093,2024-09,27
C0676,2024-08,29
C0393,2024-09,51
C0740,2024-10,1
C0536,2024-10,1
C0582,2025-02,10
C0741,2024-10,2
C0015,2024-11,65
C0431,2024-11,71
C0232,2024-11,34
C0542,2024-11,15
C0529,2025-01,23
C0386,2025-02,41
C0230,2025-04,28
C0379,2025-02,30
C0498,2025-02,11
C0179,2024-03,24
C0149,2025-02,27
C0739,2025-02,4
C0127,2025-04,64
C0592,2024-12,41
C0235,2025-03,51
C0611,2025-05,3
C0269,2025-05,44
C0303,2025-05,10
C0515,2025-05,12
C0285,2025-05,67
C0350,2025-05,50
C0410,2025-05,52
C0233,2025-07,84
C0694,2025-05,5
C0454,2026-02,28
C0571,2026-06,2
C0013,2026-06,39
C0315,2025-06,72
C0021,2025-07,61
C0625,2025-07,2
C0399,2025-04,80
C0263,2025-09,58
C0234,2025-10,39
C0471,2025-10,4
C0647,2025-12,14
C0082,2025-07,49
C0501,2026-02,14
C0288,2026-02,9
C0583,2026-02,13
C0325,2023-12,1
C0260,2025-02,1
C0590,2025-10,7
C0720,2026-04,7
C0696,2026-04,5
C0742,2026-04,2
C0232,2025-06,39
C0033,2025-08,40
C0549,2026-04,4
C0549,2025-06,2
C0119,2026-01,2
C0648,2026-06,1
C0286,2025-03,115
C0049,2025-07,5
C0325,2023-03,1
C0135,2026-05,1
C0548,2025-03,5
C0431,2025-06,77
C0015,2025-06,70
C0542,2025-06,14
C0696,2025-06,4
C0325,2025-06,3
C0742,2025-06,4
C0631,2025-03,10
C0720,2025-06,8
C0575,2025-07,8
C0617,2025-07,1
C0671,2025-10,40
C0572,2025-10,13
C0572,2025-09,27
C0104,2025-08,30
C0365,2025-07,1
C0305,2025-05,2
C0707,2026-02,3
C0665,2024-09,8
C0713,2024-08,8
C0747,2024-08,11
C0376,2024-09,1
C0589,2024-12,2
C0042,2021-02,1
C0234,2025-09,33
C0003,2024-05,15
C0676,2025-04,21
C0713,2025-04,4
C0497,2025-08,2
C0496,2025-11,1
C0422,2025-01,2
C0633,2025-08,16
C0622,2025-03,25
C0724,2025-03,7
C0351,2025-03,4
C0693,2025-03,5
C0747,2025-04,21
C0557,2025-04,36
C0608,2025-04,1
C0453,2025-01,1
C0044,2025-08,35
C0719,2025-11,5
C0590,2025-09,7
C0359,2026-02,2
C0142,2020-11,1
C0497,2024-06,2
C0711,2026-02,2
C0325,2026-04,1
C0157,2026-06,2
C0107,2024-02,6
C0601,2024-02,5
C0583,2024-03,5
C0501,2024-03,12
C0288,2024-03,6
C0230,2024-08,26
C0608,2024-08,2
C0119,2024-08,1
C0546,2024-12,2
C0325,2024-11,2
C0119,2025-04,1
C0559,2024-02,1
C0199,2024-05,3
C0637,2024-05,1
C0053,2024-05,2
C0597,2024-05,5
C0720,2024-11,2
C0549,2024-11,1
C0742,2024-11,9
C0711,2024-03,1
C0696,2024-11,1
C0261,2025-03,1
C0625,2022-07,3
C0365,2022-07,1
C0261,2022-08,1
C0572,2022-10,13
C0605,2023-05,2
C0466,2023-05,1
C0471,2022-10,2
C0579,2023-11,1
C0707,2024-03,2
C0358,2021-12,102
C0736,2021-12,3
C0616,2021-12,37
C0381,2021-01,22
C0584,2021-12,19
C0110,2021-12,2
C0139,2021-10,25
C0532,2021-12,11
C0586,2021-12,7
C0352,2021-12,37
C0216,2021-11,26
C0213,2021-10,17
C0343,2022-01,96
C0604,2021-12,7
C0634,2022-01,28
C0428,2022-01,94
C0073,2022-01,117
C0427,2022-01,60
C0289,2022-01,91
C0327,2022-01,67
C0298,2022-01,83
C0475,2021-05,57
C0190,2021-12,3
C0259,2021-01,153
C0012,2022-01,68
C0614,2021-12,6
C0410,2021-09,52
C0228,2021-05,40
C0218,2020-05,57
C0398,2021-05,51
C0328,2020-12,79
C0151,2021-01,123
C0372,2021-10,19
C0155,2022-04,128
C0531,2022-01,3
C0543,2022-04,2
C0368,2022-04,32
C0066,2022-04,22
C0218,2022-05,51
C0144,2022-05,33
C0424,2022-05,55
C0601,2022-02,5
C0438,2022-03,3
C0221,2022-03,78
C0109,2021-04,55
C0317,2020-01,82
C0156,2020-01,174
C0391,2021-05,38
C0312,2020-04,19
C0134,2021-06,48
C0208,2021-04,24
C0418,2020-06,9
C0401,2021-05,26
C0123,2020-04,32
C0196,2021-04,75
C0328,2020-04,64
C0245,2020-12,69
C0389,2020-09,26
C0047,2020-10,62
C0072,2021-03,57
C0440,2021-06,29
C0555,2022-06,22
C0463,2022-06,37
C0405,2022-06,55
C0624,2022-06,4
C0725,2022-06,11
C0364,2022-06,25
C0674,2022-06,4
C0566,2022-06,3
C0500,2022-05,6
C0544,2022-06,1
C0239,2022-07,36
C0459,2022-07,46
C0010,2022-07,29
C0473,2022-07,55
C0378,2022-07,28
C0684,2022-07,9
C0094,2022-08,37
C0664,2022-01,6
C0746,2022-05,6
C0448,2020-04,39
C0102,2022-10,56
C0410,2022-10,48
C0303,2022-10,10
C0027,2022-11,31
C0179,2022-11,23
C0220,2022-10,21
C0423,2022-11,54
C0285,2022-10,50
C0454,2022-11,23
C0288,2022-11,10
C0359,2022-11,1
C0350,2022-10,49
C0501,2022-11,11
C0583,2022-11,3
C0339,2022-12,36
C0349,2022-12,79
C0382,2022-12,109
C0113,2022-12,158
C0194,2022-12,88
C0117,2022-12,62
C0005,2022-12,47
C0336,2022-12,9
C0514,2022-12,5
C0705,2022-12,1
C0605,2022-12,3
C0152,2023-02,48
C0172,2023-03,58
C0107,2023-03,8
C0326,2023-02,32
C0223,2023-01,92
C0601,2023-03,6
C0174,2023-01,43
C0137,2023-01,138
C0264,2023-02,42
C0395,2023-01,102
C0432,2023-02,1
C0423,2020-03,42
C0264,2023-04,56
C0152,2023-04,55
C0037,2023-04,125
C0068,2023-04,26
C0443,2022-09,48
C0432,2023-04,4
C0363,2023-04,18
C0602,2023-04,20
C0178,2023-04,32
C0266,2023-04,35
C0326,2023-04,41
C0214,2023-04,14
C0037,2023-02,115
C0513,2023-04,4
C0420,2023-04,28
C0212,2023-01,74
C0718,2023-01,21
C0392,2023-02,6
C0459,2023-07,56
C0378,2023-07,46
C0684,2023-07,11
C0473,2023-07,53
C0239,2023-07,39
C0010,2023-07,24
C0019,2023-06,28
C0389,2023-08,41
C0226,2023-08,131
C0670,2023-08,3
C0324,2023-08,46
C0306,2023-08,47
C0270,2023-08,48
C0323,2023-08,32
C0251,2023-08,46
C0653,2023-08,3
C0321,2023-08,13
C0521,2023-08,11
C0165,2023-08,28
C0719,2023-08,3
C0554,2023-08,4
C0686,2023-08,3
C0222,2023-05,76
C0166,2023-06,52
C0158,2023-09,93
C0003,2023-09,12
C0072,2023-09,80
C0172,2023-12,48
C0298,2023-11,43
C0107,2023-12,7
C0085,2022-03,37
C0172,2022-02,40
C0509,2020-12,17
C0286,2020-02,54
C0353,2020-01,19
C0396,2021-05,14
C0414,2020-08,44
C0746,2020-05,8
C0283,2022-05,1
C0018,2021-06,18
C0222,2022-09,80
C0613,2022-09,2
C0737,2022-01,5
C0202,2022-08,78
C0697,2022-09,2
C0592,2022-09,26
C0312,2020-12,8
C0133,2022-08,63
C0310,2022-08,24
C0589,2022-09,3
C0039,2022-01,6
C0483,2022-08,71
C0186,2020-10,57
C0032,2022-09,2
C0467,2023-01,16
C0428,2023-11,33
C0420,2023-02,34
C0363,2023-02,21
C0178,2023-02,50
C0214,2023-02,18
C0266,2023-02,49
C0068,2023-02,28
C0481,2021-10,57
C0602,2023-02,14
C0513,2023-02,1
C0236,2021-10,29
C0167,2021-05,40
C0623,2023-03,2
C0181,2023-06,17
C0185,2023-06,51
C0125,2023-06,51
C0409,2023-06,46
C0510,2023-06,39
C0163,2023-06,15
C0443,2023-05,63
C0606,2023-01,9
C0592,2023-05,34
C0680,2023-06,21
C0619,2023-06,3
C0392,2023-04,5
C0650,2023-07,6
C0343,2023-11,72
C0073,2023-11,85
C0427,2023-11,19
C0289,2023-11,46
C0012,2023-11,35
C0664,2023-11,3
C0327,2023-11,28
C0634,2023-11,24
C0039,2023-11,5
C0660,2023-11,1
C0531,2023-11,1
C0737,2023-11,4
C0335,2023-11,1
C0383,2023-10,51
C0569,2023-01,13
C0601,2023-12,4
C0095,2023-10,3
C0623,2023-12,4
C0371,2025-01,100
C0015,2024-02,66
C0431,2024-02,56
C0481,2024-01,124
C0464,2024-02,41
C0139,2023-10,22
C0720,2024-02,8
C0742,2024-02,6
C0340,2024-05,69
C0679,2024-01,6
C0128,2024-01,204
C0315,2024-02,50
C0232,2024-02,37
C0541,2021-12,3
C0135,2022-01,3
C0200,2020-01,148
C0482,2021-06,83
C0559,2022-02,1
C0446,2021-08,36
C0144,2020-05,29
C0340,2020-06,59
C0288,2020-03,10
C0038,2020-01,89
C0570,2020-04,3
C0369,2021-08,94
C0323,2020-09,36
C0306,2020-09,40
C0468,2020-06,48
C0723,2021-01,33
C0251,2020-09,44
C0435,2021-06,57
C0179,2020-03,36
C0158,2021-03,96
C0407,2021-05,33
C0439,2021-07,16
C0226,2020-09,56
C0404,2020-08,2
C0478,2020-07,74
C0269,2021-09,57
C0270,2020-09,53
C0485,2020-07,69
C0161,2021-04,24
C0050,2020-12,53
C0060,2020-11,151
C0027,2020-03,33
C0560,2021-06,8
C0334,2020-12,56
C0346,2020-04,30
C0150,2022-08,16
C0318,2022-08,17
C0130,2022-08,29
C0036,2022-08,2
C0335,2022-01,2
C0660,2022-01,1
C0526,2022-08,2
C0065,2022-04,11
C0373,2022-08,3
C0308,2020-06,15
C0454,2020-03,26
C0512,2022-12,2
C0581,2020-12,5
C0350,2021-09,47
C0466,2022-12,1
C0220,2021-09,25
C0706,2023-04,1
C0697,2023-05,5
C0589,2023-05,2
C0642,2023-09,10
C0597,2023-09,1
C0679,2023-10,2
C0128,2023-10,80
C0481,2023-10,48
C0490,2023-10,11
C0236,2023-10,43
C0689,2023-10,12
C0213,2023-10,18
C0607,2023-10,5
C0112,2023-10,14
C0490,2024-01,32
C0372,2024-01,100
C0383,2024-01,209
C0399,2024-03,83
C0213,2024-01,82
C0139,2024-01,48
C0236,2024-01,167
C0607,2024-01,5
C0121,2024-09,68
C0689,2024-01,26
C0194,2024-12,124
C0128,2024-06,81
C0127,2024-03,62
C0622,2020-02,17
C0632,2020-01,6
C0687,2020-01,13
C0556,2020-04,12
C0050,2020-04,42
C0509,2020-04,6
C0424,2020-05,33
C0235,2020-02,58
C0227,2020-04,18
C0334,2020-04,44
C0245,2020-04,54
C0256,2020-08,40
C0644,2020-04,8
C0500,2020-05,2
C0321,2020-09,10
C0324,2020-09,52
C0165,2020-09,29
C0255,2020-07,71
C0521,2020-09,11
C0554,2020-09,2
C0686,2020-09,6
C0670,2020-09,7
C0077,2020-08,4
C0091,2020-10,19
C0581,2020-04,6
C0719,2020-09,5
C0160,2020-11,14
C0117,2024-12,72
C0413,2021-01,1
C0592,2021-02,10
C0716,2020-12,4
C0644,2020-12,7
C0448,2020-12,50
C0550,2020-12,11
C0346,2020-12,27
C0572,2025-05,18
C0697,2021-02,8
C0537,2021-05,169
C0083,2020-11,28
C0443,2021-02,54
C0222,2021-02,76
C0032,2021-02,6
C0227,2020-12,30
C0076,2021-06,83
C0277,2021-05,54
C0375,2021-07,18
C0515,2021-09,11
C0490,2021-10,4
C0682,2021-07,1
C0430,2021-07,18
C0533,2021-05,18
C0553,2021-07,9
C0519,2020-10,6
C0102,2021-09,46
C0128,2021-10,90
C0607,2021-10,4
C0666,2021-07,2
C0689,2021-10,7
C0383,2021-10,31
C0095,2021-10,6
C0679,2021-10,1
C0314,2021-10,1
C0007,2021-08,51
C0593,2021-11,20
C0300,2021-11,36
C0457,2021-11,29
C0538,2021-10,2
C0611,2021-09,1
C0540,2021-04,6
C0678,2020-06,17
C0112,2021-10,6
C0046,2021-05,18
C0285,2021-09,49
C0042,2022-12,2
C0032,2023-05,6
C0637,2023-09,2
C0653,2020-09,1
C0225,2021-05,45
C0695,2021-11,4
C0636,2021-11,6
C0681,2022-04,2
C0577,2020-01,8
C0548,2020-02,4
C0724,2020-02,2
C0693,2020-02,6
C0520,2020-06,7
C0528,2020-07,1
C0098,2020-07,37
C0712,2020-07,12
C0501,2020-03,9
C0252,2020-11,50
C0415,2020-11,13
C0525,2020-11,4
C0079,2020-11,2
C0128,2025-08,66
C0646,2020-11,1
C0600,2020-11,1
C0030,2020-08,4
C0556,2020-12,17
C0518,2020-12,6
C0123,2020-12,32
C0570,2020-12,4
C0053,2021-03,1
C0589,2021-02,2
C0003,2021-03,14
C0597,2021-03,1
C0642,2021-03,5
C0672,2021-04,12
C0583,2020-03,3
C0637,2021-03,1
C0088,2021-04,32
C0419,2021-05,53
C0714,2021-05,15
C0412,2021-05,35
C0574,2021-05,3
C0441,2021-04,3
C0667,2020-10,8
C0524,2021-05,2
C0302,2021-08,36
C0048,2021-08,40
C0338,2021-08,49
C0499,2021-08,2
C0020,2021-08,55
C0591,2021-08,2
C0124,2021-08,5
C0337,2024-09,16
C0508,2021-09,2
C0546,2021-02,1
C0694,2021-09,5
C0303,2021-09,11
C0322,2021-12,3
C0565,2021-12,2
C0626,2021-12,3
C0351,2020-02,2
C0631,2020-02,2
C0707,2020-03,1
C0261,2020-02,2
C0716,2020-04,1
C0001,2020-06,1
C0504,2020-06,1
C0339,2024-12,49
C0193,2021-05,6
C0383,2024-06,51
C0550,2020-04,5
C0107,2022-02,5
C0711,2020-03,1
C0518,2020-04,2
C0488,2020-12,2
C0268,2021-01,2
C0710,2021-04,1
C0480,2021-06,1
C0305,2021-09,1
C0411,2021-12,1
C0457,2026-05,40
C0127,2026-02,67
C0593,2026-05,69
C0027,2026-01,114
C0636,2026-05,14
C0454,2026-01,117
C0423,2025-04,107
C0300,2026-05,48
C0252,2026-07,83
C0083,2026-07,60
C0060,2026-07,243
C0176,2026-06,111
C0160,2026-07,16
C0330,2025-01,269
C0295,2026-06,46
C0415,2026-07,25
C0114,2026-06,117
C0122,2026-08,180
C0501,2026-01,82
C0600,2026-07,9
C0219,2026-06,167
C0525,2026-07,5
C0191,2026-06,174
C0102,2025-09,82
C0130,2025-03,77
C0179,2026-01,108
C0615,2026-06,12
C0216,2026-05,73
C0250,2024-09,49
C0583,2026-01,22
C0423,2026-01,166
C0230,2026-02,66
C0360,2026-06,97
C0189,2026-08,191
C0594,2026-06,7
C0079,2026-07,4
C0313,2026-03,66
C0271,2026-08,82
C0234,2025-05,35
C0285,2025-09,40
C0285,2025-10,68
C0468,2024-05,106
C0201,2025-01,112
C0723,2025-11,30
C0259,2025-11,92
C0151,2025-11,95
C0381,2025-11,31
C0002,2025-01,246
C0179,2025-04,29
C0342,2025-01,192
C0057,2025-01,140
C0347,2025-01,135
C0350,2025-10,62
C0269,2025-10,49
C0215,2026-08,3
C0410,2025-10,52
C0102,2025-10,86
C0603,2025-01,48
C0635,2025-01,14
C0045,2025-01,164
C0294,2025-01,29
C0656,2025-01,24
C0094,2025-03,43
C0413,2025-11,1
C0089,2025-12,74
C0093,2025-12,49
C0028,2025-12,102
C0393,2025-12,125
C0140,2025-12,110
C0168,2025-12,19
C0454,2025-04,24
C0288,2026-01,31
C0027,2024-08,35
C0106,2024-07,76
C0172,2026-04,63
C0095,2024-01,18
C0189,2024-07,91
C0665,2025-12,23
C0189,2024-04,87
C0707,2026-01,8
C0357,2026-03,85
C0452,2026-02,75
C0062,2026-03,67
C0355,2026-03,35
C0728,2026-03,54
C0197,2026-03,35
C0239,2025-07,40
C0372,2023-10,13
C0676,2026-02,20
C0747,2026-02,47
C0101,2024-04,58
C0629,2026-03,3
C0173,2026-03,4
C0308,2024-05,7
C0112,2025-08,7
C0192,2025-12,82
C0316,2025-05,44
C0213,2025-08,13
C0220,2025-09,34
C0473,2025-07,104
C0683,2025-12,2
C0112,2024-01,36
C0433,2024-09,6
C0695,2026-05,13
C0671,2025-05,25
C0623,2025-06,19
C0271,2024-07,58
C0319,2026-06,47
C0598,2026-06,43
C0676,2024-03,20
C0426,2026-02,106
C0538,2024-01,10
C0101,2026-08,49
C0301,2026-08,32
C0106,2026-08,84
C0097,2026-08,12
C0514,2024-12,4
C0382,2024-12,97
C0350,2025-09,69
C0113,2024-12,128
C0547,2026-08,2
C0689,2025-08,6
C0711,2026-01,6
C0643,2026-03,3
C0410,2025-09,36
C0383,2025-08,60
C0657,2026-08,3
C0627,2026-08,1
C0059,2025-05,65
C0314,2024-01,4
C0097,2024-04,16
C0426,2024-03,73
C0678,2024-05,15
C0122,2024-04,156
C0230,2024-03,27
C0271,2024-04,52
C0106,2024-04,94
C0547,2024-04,3
C0301,2024-04,34
C0429,2024-03,43
C0155,2024-10,171
C0454,2024-08,17
C0452,2024-03,68
C0657,2024-04,3
C0627,2024-04,2
C0097,2024-07,15
C0215,2024-04,1
C0236,2025-08,72
C0092,2024-01,3
C0481,2024-06,61
C0661,2024-05,1
C0504,2024-05,3
C0520,2024-05,5
C0001,2024-05,1
C0112,2024-06,12
C0236,2024-06,53
C0538,2024-06,3
C0689,2024-06,9
C0213,2024-06,23
C0490,2024-06,11
C0713,2024-03,6
C0372,2024-06,22
C0607,2024-06,3
C0139,2024-06,16
C0418,2024-05,14
C0462,2024-09,17
C0314,2024-06,1
C0095,2024-06,5
C0066,2024-10,32
C0122,2024-07,156
C0101,2024-07,14
C0301,2024-07,38
C0657,2024-07,5
C0423,2024-08,82
C0293,2024-09,71
C0067,2024-09,189
C0368,2024-10,32
C0460,2025-02,39
C0065,2024-10,16
C0133,2025-03,90
C0681,2024-10,4
C0543,2024-10,5
C0487,2024-09,57
C0179,2024-08,32
C0349,2024-12,91
C0483,2025-03,88
C0172,2024-11,33
C0107,2024-11,10
C0662,2025-01,12
C0297,2025-02,88
C0387,2025-02,40
C0027,2025-04,32
C0745,2025-02,3
C0348,2025-05,63
C0476,2025-05,107
C0263,2025-05,64
C0471,2025-05,3
C0590,2025-05,10
C0608,2026-02,3
C0459,2025-07,66
C0694,2025-10,15
C0481,2025-08,61
C0220,2025-10,31
C0107,2025-06,7
C0378,2025-07,77
C0310,2025-03,24
C0202,2025-03,63
C0372,2025-08,17
C0172,2025-06,51
C0376,2025-12,2
C0399,2026-02,71
C0557,2026-02,35
C0429,2026-02,35
C0515,2022-10,10
C0010,2025-07,37
C0087,2026-03,3
C0607,2025-08,3
C0623,2026-04,13
C0107,2026-04,8
C0359,2026-01,2
C0601,2026-04,5
C0618,2026-06,1
C0081,2026-06,1
C0713,2026-02,17
C0269,2025-09,48
C0269,2022-10,52
C0601,2025-06,4
C0684,2025-07,36
C0359,2024-08,1
C0303,2025-10,11
C0515,2025-10,11
C0303,2025-09,15
C0501,2025-04,18
C0139,2025-08,22
C0538,2023-10,2
C0747,2024-03,7
C0557,2024-03,34
C0700,2024-09,33
C0647,2024-09,6
C0005,2024-12,51
C0336,2024-12,15
C0288,2025-04,9
C0694,2025-09,8
C0611,2025-10,2
C0605,2024-12,4
C0318,2025-03,34
C0150,2025-03,23
C0526,2025-03,5
C0512,2024-12,11
C0036,2025-03,1
C0042,2024-12,8
C0583,2025-04,5
C0711,2025-04,3
C0707,2025-04,2
C0650,2025-07,2
C0490,2025-08,7
C0538,2025-08,6
C0559,2025-06,1
C0515,2025-09,13
C0095,2025-08,2
C0611,2025-09,2
C0508,2025-09,2
C0542,2024-02,8
C0608,2024-03,4
C0501,2024-08,15
C0288,2024-08,6
C0583,2024-08,3
C0707,2024-08,3
C0711,2024-08,1
C0314,2025-08,3
C0696,2024-02,1
C0549,2024-02,1
C0325,2024-02,1
C0679,2024-06,1
C0627,2024-07,2
C0623,2024-11,3
C0601,2024-11,3
C0559,2024-11,1
C0502,2025-02,1
C0084,2022-07,1
C0546,2022-09,1
C0508,2022-10,2
C0694,2022-10,4
C0562,2023-01,1
C0613,2023-05,1
C0314,2023-10,1
C0123,2021-12,43
C0227,2021-12,38
C0245,2021-12,82
C0556,2021-12,36
C0570,2021-12,5
C0334,2021-12,61
C0448,2021-12,28
C0346,2021-12,40
C0050,2021-12,61
C0581,2021-12,5
C0328,2021-12,81
C0355,2021-11,50
C0488,2021-12,1
C0550,2021-12,7
C0509,2021-12,11
C0180,2021-10,1
C0256,2022-06,51
C0267,2022-02,41
C0144,2022-01,70
C0430,2021-01,82
C0214,2021-09,24
C0424,2022-01,98
C0218,2022-01,150
C0037,2021-09,83
C0237,2021-02,79
C0719,2021-06,9
C0375,2021-01,74
C0070,2021-02,31
C0324,2021-06,37
C0326,2021-09,31
C0723,2021-07,13
C0352,2020-12,37
C0339,2020-01,112
C0616,2020-12,17
C0251,2021-06,47
C0217,2021-10,24
C0278,2022-04,94
C0408,2022-04,35
C0369,2022-03,109
C0020,2022-03,51
C0272,2022-04,19
C0063,2022-04,71
C0280,2022-04,26
C0354,2022-04,81
C0048,2022-03,48
C0474,2022-04,52
C0421,2022-02,25
C0338,2022-03,60
C0240,2022-02,17
C0343,2022-05,57
C0238,2022-04,11
C0298,2022-05,33
C0073,2022-05,59
C0446,2022-03,46
C0428,2022-05,30
C0634,2022-05,19
C0737,2022-05,1
C0289,2022-05,37
C0746,2022-01,18
C0327,2022-05,28
C0012,2022-05,30
C0031,2021-10,43
C0366,2021-04,30
C0616,2020-04,18
C0072,2020-03,28
C0234,2020-07,41
C0033,2021-05,57
C0264,2021-09,36
C0439,2021-01,74
C0539,2020-11,6
C0194,2020-01,157
C0428,2020-05,32
C0609,2020-10,6
C0113,2020-01,390
C0707,2021-03,2
C0138,2020-11,47
C0154,2021-02,44
C0230,2020-06,33
C0362,2021-04,84
C0414,2022-06,45
C0030,2022-06,5
C0077,2022-06,4
C0024,2022-02,14
C0434,2022-06,1
C0146,2022-02,50
C0302,2022-03,38
C0125,2022-07,43
C0185,2022-07,43
C0166,2022-07,42
C0680,2022-07,15
C0409,2022-07,48
C0510,2022-07,39
C0163,2022-07,11
C0019,2022-07,17
C0181,2022-07,11
C0619,2022-07,3
C0068,2022-10,39
C0345,2022-02,15
C0500,2022-01,6
C0142,2022-06,1
C0642,2022-11,7
C0072,2022-11,60
C0602,2022-10,13
C0158,2022-11,96
C0266,2022-10,42
C0152,2022-10,50
C0214,2022-10,13
C0392,2022-10,3
C0264,2022-10,47
C0178,2022-10,44
C0154,2022-09,47
C0597,2022-11,1
C0420,2022-10,27
C0003,2022-11,10
C0188,2022-09,56
C0363,2022-10,20
C0034,2022-09,52
C0405,2020-08,52
C0687,2022-12,8
C0317,2022-12,55
C0038,2022-12,21
C0156,2022-12,52
C0237,2022-09,109
C0200,2022-12,44
C0577,2022-12,8
C0053,2022-11,2
C0146,2023-03,93
C0153,2023-03,26
C0276,2023-03,132
C0220,2023-02,21
C0296,2023-03,22
C0175,2023-03,31
C0421,2023-03,28
C0431,2023-01,124
C0267,2023-03,53
C0069,2023-03,27
C0170,2022-08,58
C0350,2023-02,36
C0024,2023-03,17
C0240,2023-03,19
C0269,2023-02,50
C0232,2023-01,108
C0345,2023-03,24
C0694,2023-02,5
C0654,2023-03,1
C0015,2023-01,90
C0102,2023-02,52
C0315,2023-01,97
C0070,2022-09,41
C0464,2023-01,75
C0696,2023-01,7
C0350,2023-04,54
C0220,2023-04,21
C0269,2023-04,38
C0102,2023-04,61
C0134,2020-09,45
C0410,2023-04,37
C0285,2023-04,55
C0306,2021-06,44
C0303,2023-04,6
C0742,2023-01,30
C0515,2023-04,7
C0694,2023-04,7
C0326,2022-10,27
C0542,2023-01,19
C0611,2023-04,3
C0409,2023-07,47
C0680,2023-07,26
C0019,2023-07,37
C0125,2023-07,45
C0185,2023-07,51
C0181,2023-07,15
C0510,2023-07,57
C0166,2023-07,65
C0018,2023-08,21
C0482,2023-08,81
C0076,2023-08,114
C0134,2023-08,34
C0440,2023-08,20
C0560,2023-08,7
C0237,2023-05,123
C0435,2023-08,26
C0104,2021-05,22
C0163,2023-07,15
C0459,2023-06,71
C0425,2023-05,17
C0010,2023-06,30
C0378,2023-06,37
C0179,2023-09,15
C0423,2023-09,69
C0454,2023-09,16
C0501,2023-09,16
C0711,2023-09,2
C0288,2023-09,20
C0027,2023-09,26
C0267,2023-12,45
C0240,2023-12,22
C0146,2023-12,102
C0175,2023-12,65
C0069,2023-12,21
C0421,2023-12,28
C0296,2023-12,25
C0276,2023-12,127
C0024,2023-12,30
C0345,2023-12,36
C0153,2023-12,27
C0217,2023-10,28
C0218,2023-11,89
C0072,2026-01,364
C0021,2024-04,51
C0153,2022-02,20
C0007,2022-03,54
C0316,2020-07,35
C0175,2022-02,42
C0124,2022-03,7
C0591,2022-03,3
C0499,2022-03,2
C0276,2022-02,97
C0440,2020-09,28
C0188,2021-02,32
C0427,2020-05,23
C0289,2020-05,38
C0389,2021-06,38
C0417,2021-05,27
C0452,2020-06,67
C0311,2020-11,44
C0427,2022-05,19
C0039,2022-05,1
C0051,2022-04,2
C0660,2022-05,1
C0531,2022-05,2
C0075,2022-09,48
C0380,2022-09,17
C0425,2022-09,10
C0149,2022-08,29
C0726,2022-09,3
C0388,2022-09,2
C0159,2022-08,35
C0358,2020-04,58
C0379,2022-08,28
C0750,2022-09,4
C0386,2022-08,47
C0069,2022-02,18
C0052,2022-09,5
C0265,2022-08,16
C0086,2021-04,59
C0370,2020-10,3
C0224,2022-08,32
C0144,2023-11,33
C0037,2022-10,92
C0325,2023-01,22
C0285,2023-02,47
C0632,2022-12,4
C0515,2023-02,8
C0323,2021-06,44
C0303,2023-02,11
C0410,2023-02,30
C0399,2020-06,91
C0070,2023-05,59
C0684,2023-06,15
C0650,2023-06,3
C0239,2023-06,48
C0473,2023-06,58
C0034,2023-05,36
C0188,2023-05,65
C0619,2023-07,2
C0154,2023-05,39
C0720,2023-01,5
C0671,2020-07,29
C0052,2023-05,2
C0424,2023-11,32
C0746,2023-11,3
C0500,2023-11,4
C0031,2023-10,46
C0022,2023-10,3
C0385,2023-10,30
C0718,2024-02,9
C0530,2024-01,188
C0031,2024-01,184
C0212,2024-02,48
C0137,2024-02,64
C0395,2024-02,40
C0385,2024-01,116
C0223,2024-02,62
C0606,2024-02,11
C0217,2024-01,94
C0117,2020-01,124
C0178,2021-09,43
C0420,2021-09,27
C0152,2021-09,56
C0270,2021-06,57
C0141,2021-05,57
C0296,2022-02,9
C0380,2021-02,19
C0055,2020-11,27
C0382,2020-01,234
C0158,2020-03,101
C0450,2021-05,30
C0435,2020-09,39
C0476,2020-07,59
C0018,2020-09,20
C0011,2020-11,40
C0226,2021-06,72
C0466,2020-01,4
C0076,2020-09,77
C0061,2021-04,63
C0075,2021-02,44
C0127,2020-06,52
C0221,2021-08,55
C0392,2021-09,4
C0298,2020-05,33
C0553,2021-01,25
C0364,2020-08,31
C0349,2020-01,211
C0739,2022-08,7
C0582,2022-08,9
C0498,2022-08,11
C0557,2020-06,55
C0463,2020-08,34
C0555,2020-08,12
C0353,2022-12,7
C0151,2021-07,61
C0332,2021-10,14
C0075,2023-05,47
C0380,2023-05,22
C0583,2023-09,6
C0267,2026-04,157
C0530,2023-10,49
C0180,2023-10,3
C0332,2023-10,12
C0022,2024-01,12
C0332,2024-01,57
C0506,2024-01,45
C0233,2024-04,75
C0031,2024-06,43
C0385,2024-06,40
C0514,2020-01,4
C0336,2020-01,27
C0005,2020-01,82
C0042,2020-01,10
C0512,2020-01,11
C0073,2020-05,59
C0012,2020-05,34
C0327,2020-05,20
C0343,2020-05,49
C0190,2020-04,1
C0352,2020-04,21
C0586,2020-04,4
C0634,2020-05,17
C0053,2020-03,3
C0445,2020-10,19
C0531,2020-05,2
C0584,2020-04,24
C0604,2020-04,5
C0614,2020-04,2
C0638,2020-04,1
C0322,2020-04,1
C0736,2020-04,4
C0626,2020-04,1
C0335,2020-05,2
C0674,2020-08,4
C0566,2020-08,5
C0560,2020-09,8
C0263,2020-07,94
C0482,2020-09,45
C0725,2020-08,3
C0532,2020-12,6
C0394,2021-04,54
C0480,2020-09,1
C0726,2021-02,4
C0614,2020-12,4
C0143,2020-11,39
C0282,2020-10,30
C0290,2020-10,62
C0552,2020-11,18
C0199,2020-03,4
C0638,2020-12,1
C0034,2021-02,41
C0750,2021-02,3
C0425,2021-02,11
C0604,2020-12,3
C0169,2020-11,39
C0682,2021-01,1
C0165,2021-06,29
C0686,2021-06,9
C0321,2021-06,10
C0521,2021-06,9
C0653,2021-06,4
C0728,2021-11,23
C0381,2021-07,7
C0259,2021-07,63
C0554,2021-06,1
C0530,2021-10,56
C0385,2021-10,36
C0506,2021-10,5
C0062,2021-11,45
C0357,2021-11,28
C0197,2021-11,21
C0313,2021-11,32
C0363,2021-09,19
C0666,2021-01,3
C0164,2020-10,22
C0027,2021-03,41
C0432,2021-09,2
C0348,2020-07,28
C0549,2023-01,6
C0750,2023-05,6
C0388,2023-05,4
C0460,2020-02,34
C0039,2020-05,2
C0426,2020-06,73
C0179,2021-03,50
C0605,2020-01,5
C0564,2020-10,26
C0454,2021-03,29
C0044,2021-05,23
C0629,2021-11,6
C0096,2022-04,2
C0299,2022-04,6
C0242,2022-04,4
C0035,2022-04,4
C0187,2022-04,2
C0429,2020-06,40
C0741,2020-10,3
C0502,2020-02,5
C0387,2020-02,29
C0297,2020-02,23
C0745,2020-02,1
C0491,2020-02,1
C0676,2020-06,14
C0747,2020-06,5
C0590,2020-07,8
C0737,2020-05,1
C0059,2020-07,46
C0572,2020-07,6
C0025,2020-07,1
C0493,2020-10,60
C0727,2020-11,31
C0740,2020-10,5
C0203,2020-10,23
C0576,2020-11,2
C0182,2020-11,15
C0645,2020-11,2
C0358,2020-12,76
C0119,2020-06,1
C0322,2020-12,3
C0584,2020-12,28
C0423,2021-03,69
C0501,2021-03,7
C0288,2021-03,9
C0583,2021-03,4
C0711,2021-03,2
C0416,2021-04,50
C0309,2021-04,4
C0210,2021-04,21
C0274,2021-01,1
C0642,2020-03,2
C0633,2021-05,17
C0709,2021-05,1
C0085,2021-08,29
C0266,2021-09,37
C0602,2021-09,19
C0068,2021-09,29
C0513,2021-09,4
C0438,2021-08,1
C0518,2021-12,5
C0312,2021-12,6
C0644,2021-12,6
C0716,2021-12,1
C0003,2020-03,6
C0637,2020-03,1
C0597,2020-03,1
C0608,2020-06,4
C0713,2020-06,1
C0536,2020-10,1
C0675,2020-10,6
C0329,2020-10,4
C0449,2020-10,1
C0492,2020-11,1
C0052,2021-02,3
C0388,2021-02,2
C0664,2020-05,1
C0361,2021-01,1
C0532,2020-04,6
C0541,2020-04,2
C0565,2020-04,1
C0471,2020-07,2
C0456,2020-08,1
C0586,2020-12,7
C0736,2020-12,5
C0626,2020-12,1
C0565,2020-12,2
C0541,2020-12,1
C0116,2020-12,1
C0291,2022-01,1
C0670,2021-06,3
C0357,2026-05,93
C0062,2026-05,65
C0197,2026-05,23
C0140,2026-06,103
C0642,2026-01,21
C0728,2026-05,54
C0313,2026-05,61
C0158,2026-01,315
C0024,2026-04,70
C0355,2026-05,45
C0182,2026-07,45
C0727,2026-07,46
C0138,2026-07,135
C0143,2026-07,86
C0011,2026-07,101
C0552,2026-07,38
C0169,2026-07,136
C0576,2026-07,42
C0055,2026-07,44
C0311,2026-07,38
C0170,2025-03,117
C0247,2024-07,58
C0597,2026-01,31
C0028,2026-06,95
C0539,2026-07,8
C0507,2026-07,1
C0024,2025-06,45
C0402,2025-01,186
C0184,2026-08,337
C0216,2026-03,69
C0115,2025-01,157
C0296,2026-04,51
C0082,2026-08,68
C0393,2026-06,76
C0406,2025-01,86
C0176,2025-12,143
C0082,2024-07,50
C0040,2025-01,676
C0665,2026-06,27
C0437,2025-01,166
C0452,2024-05,68
C0408,2024-10,61
C0478,2025-05,114
C0637,2026-01,7
C0375,2025-11,38
C0421,2024-11,29
C0258,2025-01,688
C0553,2025-11,40
C0171,2025-01,131
C0430,2025-11,23
C0409,2025-07,56
C0379,2025-03,30
C0003,2025-04,17
C0320,2025-01,216
C0267,2025-06,51
C0439,2025-11,28
C0361,2025-11,1
C0593,2026-03,70
C0206,2025-01,191
C0037,2025-10,180
C0178,2025-10,77
C0385,2025-08,32
C0152,2025-10,53
C0178,2025-09,59
C0363,2025-09,19
C0392,2025-09,5
C0249,2025-01,123
C0264,2025-10,111
C0125,2025-07,54
C0367,2025-01,158
C0666,2025-11,1
C0198,2025-11,1
C0676,2024-05,17
C0114,2025-12,78
C0295,2025-12,37
C0219,2025-12,126
C0191,2025-12,161
C0582,2025-03,7
C0615,2025-12,13
C0360,2025-12,72
C0516,2025-01,37
C0003,2026-01,43
C0296,2025-06,23
C0214,2025-10,27
C0319,2025-12,37
C0081,2025-12,3
C0224,2025-03,46
C0468,2024-03,87
C0038,2024-12,42
C0159,2025-03,60
C0264,2025-09,90
C0043,2024-07,36
C0053,2025-04,2
C0043,2024-04,30
C0332,2025-08,20
C0637,2025-04,4
C0181,2025-07,23
C0192,2026-06,87
C0636,2026-03,19
C0468,2026-02,191
C0300,2026-03,83
C0457,2026-03,75
C0695,2026-03,6
C0420,2025-09,97
C0199,2026-01,5
C0420,2025-10,48
C0185,2025-07,57
C0243,2026-08,99
C0173,2026-05,1
C0421,2026-04,44
C0629,2026-05,1
C0345,2026-04,24
C0175,2026-04,106
C0621,2025-01,6
C0354,2024-10,73
C0098,2025-05,44
C0296,2024-11,33
C0230,2024-05,31
C0678,2026-02,10
C0148,2026-05,1
C0093,2026-06,68
C0089,2026-06,63
C0168,2026-06,24
C0043,2026-08,73
C0247,2026-08,69
C0233,2026-08,102
C0365,2026-08,3
C0049,2026-08,10
C0021,2026-08,47
C0175,2025-06,40
C0146,2026-04,109
C0173,2021-11,1
C0053,2026-01,8
C0594,2025-12,3
C0447,2026-08,10
C0063,2024-10,72
C0625,2026-08,3
C0575,2026-08,12
C0278,2024-10,126
C0247,2024-04,65
C0184,2024-04,273
C0563,2024-01,5
C0180,2024-01,4
C0233,2024-07,76
C0668,2024-01,3
C0156,2024-12,73
C0049,2024-04,4
C0243,2024-04,76
C0082,2024-04,45
C0340,2024-03,61
C0243,2024-07,54
C0447,2024-04,2
C0072,2024-08,95
C0575,2024-04,10
C0184,2024-07,331
C0365,2024-04,1
C0217,2024-06,32
C0001,2024-03,2
C0418,2024-03,15
C0267,2024-11,49
C0146,2024-11,109
C0399,2024-05,98
C0426,2024-05,69
C0429,2024-05,51
C0127,2024-05,53
C0474,2024-10,46
C0557,2024-05,42
C0530,2024-06,60
C0276,2024-11,140
C0744,2024-09,33
C0608,2024-05,5
C0504,2024-03,4
C0747,2024-05,12
C0651,2024-09,25
C0126,2024-09,131
C0287,2024-09,22
C0332,2024-06,32
C0072,2025-04,102
C0506,2024-06,9
C0563,2024-06,3
C0180,2024-06,2
C0545,2025-01,21
C0341,2024-09,94
C0021,2024-07,71
C0365,2024-07,2
C0575,2024-07,11
C0049,2024-07,11
C0286,2025-02,83
C0625,2024-07,4
C0238,2024-10,18
C0280,2024-10,50
C0400,2024-09,46
C0272,2024-10,36
C0035,2024-10,7
C0242,2024-10,6
C0729,2024-10,2
C0187,2024-10,2
C0299,2024-10,5
C0569,2024-02,19
C0257,2024-09,63
C0374,2024-10,1
C0444,2024-09,12
C0013,2024-09,14
C0157,2024-09,4
C0096,2024-10,3
C0069,2024-11,28
C0345,2024-11,25
C0158,2025-04,105
C0687,2024-12,9
C0353,2024-12,7
C0517,2025-01,25
C0146,2025-06,124
C0166,2025-07,71
C0510,2025-07,61
C0255,2025-05,77
C0235,2025-02,58
C0317,2024-12,54
C0622,2025-02,25
C0548,2025-02,7
C0351,2025-02,11
C0693,2025-02,5
C0680,2025-07,25
C0276,2025-06,135
C0724,2025-02,7
C0530,2025-08,75
C0485,2025-05,62
C0019,2025-07,38
C0712,2025-05,23
C0683,2026-06,2
C0645,2026-07,1
C0153,2026-04,35
C0598,2025-12,41
C0274,2025-11,1
C0037,2025-09,166
C0214,2025-09,21
C0069,2025-06,26
C0284,2024-06,3
C0392,2025-10,4
C0240,2025-06,11
C0563,2025-08,1
C0618,2025-12,4
C0031,2025-08,47
C0276,2026-04,138
C0340,2026-02,65
C0418,2026-02,30
C0068,2025-10,40
C0308,2026-02,11
C0200,2024-12,49
C0661,2026-02,2
C0421,2025-06,26
C0520,2026-02,9
C0069,2026-04,60
C0240,2026-04,15
C0654,2026-04,3
C0265,2025-03,23
C0535,2026-04,2
C0024,2024-11,18
C0153,2025-06,22
C0345,2025-06,26
C0535,2025-06,2
C0266,2025-09,39
C0602,2025-09,24
C0619,2025-07,4
C0266,2025-10,32
C0152,2025-09,39
C0326,2025-09,32
C0326,2025-10,30
C0602,2025-10,20
C0363,2025-10,13
C0513,2025-10,6
C0163,2025-07,12
C0217,2025-08,48
C0504,2026-02,7
C0001,2026-02,3
C0308,2024-03,7
C0625,2024-04,1
C0678,2024-03,7
C0162,2024-09,9
C0715,2024-09,7
C0577,2024-12,25
C0648,2024-09,1
C0053,2024-08,3
C0571,2024-09,3
C0248,2024-09,1
C0041,2024-10,1
C0632,2024-12,2
C0432,2025-09,1
C0668,2025-08,2
C0087,2026-05,2
C0506,2025-08,10
C0003,2024-08,11
C0158,2024-08,94
C0153,2024-11,12
C0498,2025-03,21
C0386,2025-03,66
C0260,2025-03,1
C0432,2025-10,1
C0596,2025-01,1
C0149,2025-03,32
C0739,2025-03,11
C0704,2025-03,1
C0642,2025-04,16
C0597,2025-04,3
C0284,2024-01,3
C0513,2025-09,4
C0068,2025-09,28
C0631,2025-02,4
C0174,2024-02,12
C0520,2024-03,6
C0240,2024-11,15
C0642,2024-08,8
C0199,2024-08,4
C0597,2024-08,4
C0175,2024-11,42
C0180,2025-08,2
C0713,2024-05,3
C0447,2024-07,4
C0022,2024-06,1
C0147,2024-07,1
C0535,2024-11,1
C0654,2024-11,1
C0051,2024-10,1
C0284,2021-10,1
C0074,2023-01,1
C0432,2022-10,4
C0506,2023-10,9
C0668,2023-10,1
C0513,2022-10,1
C0563,2023-10,1
C0209,2021-12,47
C0304,2021-12,126
C0401,2021-10,32
C0205,2021-12,38
C0017,2021-12,38
C0398,2021-10,36
C0183,2021-12,70
C0524,2021-10,5
C0218,2021-11,84
C0534,2021-12,9
C0355,2022-01,105
C0062,2022-01,57
C0313,2022-01,91
C0333,2021-12,9
C0102,2020-07,52
C0197,2022-01,59
C0407,2021-10,43
C0134,2021-01,97
C0728,2022-01,46
C0306,2021-07,47
C0440,2021-01,85
C0357,2022-01,41
C0389,2021-07,43
C0708,2021-01,1
C0228,2021-10,33
C0435,2021-01,103
C0396,2021-10,11
C0558,2021-12,2
C0186,2022-04,42
C0047,2022-04,53
C0161,2022-03,28
C0223,2022-02,55
C0629,2022-01,4
C0540,2022-03,7
C0088,2022-03,32
C0137,2022-02,52
C0667,2022-04,10
C0196,2022-03,71
C0091,2022-04,29
C0457,2022-05,24
C0636,2022-05,5
C0101,2023-07,29
C0593,2022-05,20
C0300,2022-05,32
C0216,2022-05,26
C0208,2022-03,33
C0695,2022-05,7
C0372,2021-05,33
C0018,2021-01,51
C0350,2020-07,33
C0482,2021-01,147
C0200,2021-02,33
C0086,2021-08,52
C0236,2021-05,28
C0477,2020-12,2
C0149,2020-02,17
C0418,2020-03,26
C0076,2021-01,187
C0300,2020-05,35
C0221,2021-04,68
C0405,2020-11,35
C0457,2020-05,23
C0443,2020-01,182
C0452,2021-03,63
C0027,2020-06,30
C0430,2020-09,20
C0478,2021-09,65
C0155,2020-10,97
C0285,2020-07,52
C0060,2022-06,178
C0415,2022-06,22
C0160,2022-06,17
C0083,2022-06,42
C0252,2022-06,40
C0109,2022-03,48
C0600,2022-06,2
C0525,2022-06,3
C0395,2022-02,29
C0090,2022-06,1
C0646,2022-06,1
C0173,2022-01,5
C0106,2022-07,38
C0122,2022-07,135
C0301,2022-07,24
C0079,2022-06,1
C0189,2022-07,63
C0271,2022-07,52
C0097,2022-07,12
C0101,2022-07,24
C0569,2022-02,16
C0478,2022-10,80
C0520,2022-11,4
C0485,2022-10,60
C0098,2022-10,33
C0255,2022-10,52
C0340,2022-11,66
C0712,2022-10,18
C0468,2022-11,79
C0678,2022-11,15
C0308,2022-11,6
C0418,2022-11,7
C0188,2022-12,88
C0504,2022-11,4
C0148,2022-01,2
C0001,2022-11,3
C0154,2022-12,41
C0277,2021-10,45
C0070,2022-12,69
C0237,2022-12,125
C0075,2022-12,54
C0661,2022-11,1
C0380,2022-12,25
C0034,2022-12,51
C0425,2022-12,12
C0750,2022-12,10
C0137,2023-03,76
C0316,2023-02,30
C0395,2023-03,46
C0718,2023-03,6
C0212,2023-03,64
C0174,2023-03,14
C0223,2023-03,63
C0601,2023-01,11
C0172,2023-01,84
C0107,2023-01,28
C0569,2023-03,19
C0423,2020-06,56
C0059,2023-02,43
C0348,2023-02,33
C0200,2022-09,37
C0212,2022-02,45
C0263,2023-04,82
C0606,2023-03,3
C0234,2023-04,37
C0671,2023-04,25
C0059,2023-04,32
C0572,2023-04,18
C0476,2023-04,68
C0348,2023-04,22
C0590,2023-04,8
C0316,2023-04,31
C0471,2023-04,1
C0156,2022-09,50
C0234,2023-02,43
C0388,2022-12,3
C0159,2020-02,26
C0686,2021-07,8
C0106,2023-07,49
C0189,2023-07,80
C0122,2023-07,140
C0097,2023-07,16
C0301,2023-07,22
C0657,2023-07,5
C0439,2023-08,15
C0553,2023-08,9
C0247,2023-06,53
C0375,2023-08,39
C0271,2023-07,49
C0430,2023-08,18
C0184,2023-06,226
C0391,2023-10,30
C0243,2023-06,79
C0228,2024-06,36
C0274,2023-08,1
C0038,2023-05,27
C0043,2023-06,38
C0452,2023-09,63
C0230,2023-09,40
C0399,2023-09,68
C0557,2023-09,41
C0127,2023-09,47
C0426,2023-09,63
C0429,2023-09,51
C0021,2023-06,64
C0212,2023-12,41
C0223,2023-12,66
C0046,2023-10,30
C0137,2023-12,64
C0569,2023-12,20
C0395,2023-12,48
C0718,2023-12,12
C0228,2023-10,44
C0401,2023-10,25
C0537,2023-10,224
C0606,2023-12,11
C0165,2021-07,19
C0174,2023-12,19
C0239,2024-04,40
C0288,2020-06,9
C0710,2022-03,2
C0441,2022-03,1
C0672,2022-03,12
C0011,2020-08,36
C0340,2020-03,43
C0170,2020-02,50
C0386,2020-02,63
C0317,2021-02,43
C0066,2020-10,24
C0174,2022-02,13
C0038,2022-09,25
C0317,2022-09,54
C0387,2022-08,33
C0460,2022-08,25
C0687,2022-09,5
C0297,2022-08,38
C0353,2022-09,4
C0577,2022-09,5
C0099,2022-08,1
C0632,2022-09,4
C0138,2020-08,54
C0643,2022-01,1
C0476,2023-02,62
C0263,2023-02,68
C0671,2023-02,26
C0572,2023-02,7
C0590,2023-02,3
C0255,2021-09,58
C0400,2025-12,57
C0575,2023-06,14
C0625,2023-06,5
C0082,2023-06,34
C0156,2023-05,43
C0233,2023-06,69
C0353,2023-05,6
C0049,2023-06,4
C0632,2023-05,1
C0317,2023-05,68
C0627,2023-07,2
C0313,2023-11,27
C0197,2023-11,27
C0357,2023-11,32
C0277,2023-10,29
C0355,2023-11,47
C0728,2023-11,34
C0062,2023-11,42
C0398,2023-10,46
C0412,2023-10,28
C0087,2023-11,1
C0643,2023-11,2
C0629,2023-11,3
C0200,2023-05,40
C0475,2023-10,61
C0311,2020-08,45
C0276,2024-02,124
C0167,2024-01,102
C0714,2024-01,91
C0412,2024-01,103
C0267,2024-02,58
C0421,2024-02,33
C0537,2024-01,516
C0069,2024-02,28
C0153,2024-02,27
C0146,2024-02,86
C0024,2024-02,18
C0046,2024-01,76
C0225,2024-01,106
C0345,2024-02,27
C0398,2024-01,149
C0175,2024-02,34
C0537,2024-06,223
C0240,2024-02,12
C0533,2021-10,12
C0270,2021-07,51
C0718,2022-02,7
C0087,2022-01,2
C0061,2021-08,69
C0606,2022-02,7
C0723,2021-06,20
C0562,2022-02,1
C0416,2021-08,53
C0128,2021-05,66
C0224,2020-02,29
C0537,2021-10,161
C0269,2020-07,54
C0032,2020-01,12
C0674,2020-11,4
C0419,2021-10,49
C0225,2021-10,44
C0362,2021-08,84
C0222,2020-01,106
C0592,2020-01,41
C0439,2020-09,22
C0230,2021-03,20
C0383,2021-05,46
C0375,2020-09,33
C0745,2022-08,6
C0368,2020-10,36
C0726,2022-12,2
C0167,2021-10,42
C0623,2023-01,8
C0418,2026-01,96
C0577,2023-05,7
C0676,2023-09,13
C0747,2023-09,6
C0608,2023-09,4
C0475,2021-10,39
C0533,2023-10,17
C0407,2023-10,72
C0419,2023-10,67
C0225,2023-10,40
C0396,2023-10,9
C0714,2023-10,29
C0574,2023-10,1
C0167,2023-10,22
C0524,2023-10,4
C0193,2023-10,7
C0277,2024-01,97
C0391,2024-01,128
C0228,2024-01,222
C0407,2024-01,283
C0419,2024-01,198
C0475,2024-01,130
C0533,2024-01,25
C0401,2024-01,107
C0396,2024-01,57
C0524,2024-01,19
C0193,2024-01,29
C0178,2025-05,68
C0697,2020-01,16
C0379,2020-02,37
C0546,2020-01,1
C0589,2020-01,3
C0613,2020-01,7
C0677,2020-04,6
C0143,2020-08,69
C0688,2020-04,8
C0593,2020-05,6
C0216,2020-05,19
C0131,2020-04,2
C0636,2020-05,6
C0055,2020-08,37
C0552,2020-08,8
C0727,2020-08,42
C0169,2020-08,25
C0576,2020-08,1
C0682,2020-09,2
C0539,2020-08,5
C0016,2025-01,180
C0454,2020-06,24
C0553,2020-09,10
C0666,2020-09,1
C0303,2020-07,17
C0560,2021-01,23
C0410,2020-07,57
C0688,2020-12,7
C0687,2021-02,3
C0038,2021-02,25
C0220,2020-07,12
C0480,2021-01,3
C0156,2021-02,44
C0429,2021-03,74
C0127,2021-03,56
C0577,2021-02,3
C0139,2021-05,19
C0259,2021-06,52
C0324,2021-07,44
C0151,2021-06,55
C0490,2021-05,9
C0226,2021-07,88
C0426,2021-03,71
C0323,2021-07,36
C0381,2021-06,3
C0366,2021-08,37
C0321,2021-07,9
C0112,2021-05,15
C0251,2021-07,33
C0521,2021-07,4
C0670,2021-07,5
C0554,2021-07,2
C0391,2021-10,32
C0399,2021-03,84
C0193,2021-10,9
C0714,2021-10,23
C0046,2021-10,19
C0412,2021-10,28
C0424,2021-11,34
C0712,2021-09,18
C0144,2021-11,27
C0574,2021-10,3
C0394,2021-08,37
C0746,2021-11,10
C0519,2022-04,7
C0687,2023-05,7
C0713,2023-09,4
C0587,2020-04,12
C0186,2024-10,41
C0711,2020-06,1
C0676,2021-03,16
C0308,2020-03,9
C0695,2020-05,2
C0207,2020-04,2
C0065,2020-10,28
C0500,2021-11,4
C0098,2021-09,35
C0582,2020-02,10
C0479,2020-02,1
C0265,2020-02,11
C0260,2020-02,1
C0739,2020-02,2
C0463,2020-11,26
C0179,2020-06,21
C0583,2020-06,3
C0501,2020-06,7
C0694,2020-07,7
C0515,2020-07,9
C0508,2020-07,1
C0364,2020-11,22
C0108,2020-10,1
C0566,2020-11,5
C0555,2020-11,9
C0725,2020-11,1
C0544,2020-11,2
C0624,2020-11,2
C0456,2020-11,1
C0557,2021-03,33
C0747,2021-03,3
C0182,2020-08,9
C0713,2021-03,2
C0085,2021-04,28
C0608,2021-03,6
C0213,2021-05,15
C0481,2021-05,30
C0689,2021-05,11
C0314,2021-05,3
C0607,2021-05,2
C0679,2021-05,3
C0210,2021-08,38
C0485,2021-09,47
C0309,2021-08,2
C0489,2021-08,2
C0498,2020-02,3
C0678,2020-03,18
C0468,2020-03,25
C0442,2020-02,1
C0520,2020-03,3
C0707,2020-06,1
C0681,2020-10,2
C0543,2020-10,5
C0632,2021-02,2
C0353,2021-02,1
C0264,2025-05,100
C0504,2020-03,1
C0561,2020-04,3
C0477,2020-04,1
C0305,2020-07,1
C0645,2020-08,4
C0677,2020-12,3
C0587,2020-12,7
C0673,2020-12,1
C0561,2020-12,3
C0663,2020-12,1
C0095,2021-05,3
C0538,2021-05,2
C0528,2021-09,1
C0218,2026-05,72
C0424,2026-05,100
C0310,2025-02,22
C0520,2026-01,17
C0468,2026-01,782
C0634,2026-03,36
C0428,2026-03,85
C0463,2026-07,108
C0340,2026-01,127
C0555,2026-07,33
C0308,2026-01,62
C0624,2026-07,15
C0405,2026-07,77
C0364,2026-07,27
C0566,2026-07,17
C0674,2026-07,9
C0678,2026-01,40
C0725,2026-07,15
C0462,2026-06,29
C0341,2025-12,87
C0189,2025-07,100
C0121,2026-06,183
C0039,2026-03,15
C0293,2026-06,121
C0444,2025-12,25
C0250,2026-06,91
C0289,2026-03,53
C0134,2025-11,56
C0214,2025-05,31
C0664,2026-03,1
C0106,2025-07,93
C0072,2026-02,143
C0228,2025-08,33
C0504,2026-01,25
C0287,2025-12,54
C0456,2026-07,2
C0337,2026-06,31
C0471,2023-02,3
C0418,2025-04,26
C0076,2025-11,135
C0482,2025-11,147
C0018,2025-11,59
C0468,2025-04,138
C0273,2025-01,4
C0440,2025-11,22
C0435,2025-11,79
C0460,2025-03,62
C0560,2025-11,16
C0524,2025-08,8
C0225,2025-08,64
C0485,2025-10,75
C0137,2026-04,109
C0712,2025-10,29
C0144,2026-05,36
C0744,2025-12,48
C0126,2025-12,115
C0715,2025-12,11
C0257,2025-12,69
C0013,2025-12,24
C0158,2026-02,104
C0661,2026-01,6
C0188,2024-12,87
C0101,2025-07,28
C0098,2025-10,50
C0296,2024-02,25
C0001,2026-01,6
C0248,2025-12,8
C0094,2025-02,38
C0475,2025-08,61
C0255,2025-10,62
C0053,2024-03,1
C0027,2024-05,34
C0343,2026-03,111
C0073,2026-03,84
C0199,2026-02,1
C0327,2026-03,92
C0010,2026-08,104
C0223,2024-11,77
C0298,2026-03,55
C0012,2026-03,35
C0459,2026-08,72
C0427,2026-03,34
C0473,2026-08,172
C0531,2026-03,5
C0098,2025-09,39
C0174,2024-11,16
C0135,2026-03,2
C0212,2025-06,47
C0130,2025-02,50
C0365,2023-06,3
C0174,2026-04,29
C0606,2024-11,6
C0746,2026-05,6
C0072,2024-03,84
C0212,2026-04,108
C0637,2024-03,2
C0487,2026-06,91
C0067,2026-06,215
C0176,2024-09,97
C0700,2026-06,28
C0239,2026-08,50
C0223,2026-04,80
C0378,2026-08,99
C0684,2026-08,30
C0650,2026-08,8
C0237,2024-12,186
C0047,2024-10,82
C0297,2025-03,90
C0714,2025-08,47
C0084,2026-08,1
C0459,2024-04,54
C0425,2024-12,22
C0219,2024-09,47
C0524,2024-06,14
C0212,2024-11,41
C0574,2024-01,7
C0398,2024-06,66
C0473,2024-04,64
C0378,2024-04,50
C0010,2024-04,36
C0684,2024-04,26
C0407,2024-06,117
C0114,2024-09,62
C0412,2024-06,53
C0650,2024-04,1
C0158,2024-03,101
C0473,2024-07,100
C0423,2024-05,76
C0288,2024-05,9
C0501,2024-05,14
C0003,2024-03,9
C0454,2024-05,16
C0179,2024-05,18
C0583,2024-05,5
C0714,2024-06,48
C0459,2024-07,66
C0711,2024-05,1
C0360,2024-09,62
C0191,2024-09,69
C0707,2024-05,1
C0277,2024-06,55
C0475,2024-06,58
C0533,2024-06,12
C0401,2024-06,35
C0193,2024-06,5
C0419,2024-06,54
C0391,2024-06,35
C0167,2024-06,33
C0046,2024-06,30
C0396,2024-06,20
C0225,2024-06,53
C0574,2024-06,2
C0266,2025-05,50
C0378,2024-07,49
C0485,2025-09,67
C0010,2024-07,28
C0650,2024-07,6
C0684,2024-07,24
C0239,2024-07,39
C0137,2024-11,77
C0319,2024-09,17
C0091,2024-10,37
C0504,2024-08,4
C0667,2024-10,15
C0340,2025-04,60
C0519,2024-10,3
C0418,2024-08,15
C0468,2024-08,87
C0395,2024-11,50
C0154,2024-12,57
C0380,2024-12,24
C0678,2025-04,12
C0037,2025-05,153
C0202,2025-02,78
C0318,2025-02,25
C0133,2025-02,79
C0483,2025-02,75
C0150,2025-02,18
C0407,2025-08,139
C0034,2024-12,34
C0526,2025-02,6
C0420,2025-05,48
C0152,2025-05,53
C0068,2025-05,38
C0602,2025-05,32
C0363,2025-05,26
C0717,2025-01,1
C0326,2025-05,44
C0308,2025-04,6
C0647,2026-06,4
C0433,2026-06,6
C0003,2026-02,9
C0046,2025-08,32
C0174,2025-06,13
C0537,2025-08,206
C0606,2026-04,31
C0162,2025-12,13
C0651,2025-12,28
C0401,2025-08,28
C0122,2025-07,192
C0571,2025-12,2
C0690,2025-12,3
C0478,2025-10,86
C0396,2025-08,17
C0223,2025-06,54
C0467,2025-06,1
C0412,2025-08,50
C0255,2025-09,58
C0271,2025-07,61
C0157,2025-12,3
C0712,2025-09,24
C0478,2025-09,84
C0597,2026-02,5
C0642,2026-02,6
C0295,2024-09,44
C0053,2026-02,1
C0447,2023-06,2
C0569,2026-04,29
C0395,2026-04,55
C0718,2026-04,13
C0398,2025-08,56
C0649,2026-01,1
C0391,2025-08,34
C0659,2026-01,1
C0167,2025-08,34
C0606,2025-06,7
C0569,2025-06,14
C0718,2025-06,5
C0137,2025-06,57
C0395,2025-06,46
C0070,2024-12,70
C0627,2025-07,4
C0301,2025-07,34
C0097,2025-07,8
C0657,2025-07,10
C0279,2025-07,1
C0001,2025-04,5
C0669,2026-03,4
C0277,2025-08,66
C0419,2025-08,63
C0480,2025-11,2
C0528,2025-09,2
C0628,2026-02,2
C0500,2026-05,1
C0597,2024-03,4
C0642,2024-03,16
C0340,2024-08,50
C0594,2024-09,1
C0598,2024-09,24
C0081,2024-09,2
C0678,2024-08,18
C0308,2024-08,5
C0075,2024-12,61
C0750,2024-12,16
C0528,2025-10,1
C0737,2026-03,6
C0547,2022-07,2
C0660,2026-03,1
C0387,2025-03,31
C0615,2024-09,9
C0618,2024-09,1
C0504,2025-04,4
C0193,2025-08,9
C0388,2024-12,2
C0745,2025-03,8
C0502,2025-03,1
C0588,2025-01,2
C0520,2025-04,4
C0661,2025-04,1
C0392,2025-05,5
C0574,2025-08,5
C0533,2025-08,19
C0748,2025-01,1
C0432,2025-05,2
C0513,2025-05,3
C0648,2025-12,1
C0637,2026-02,1
C0535,2024-02,1
C0520,2024-08,8
C0569,2024-11,15
C0726,2024-12,4
C0359,2024-05,1
C0718,2024-11,7
C0491,2025-03,1
C0657,2022-07,3
C0719,2021-07,1
C0611,2020-07,1
C0562,2024-11,1
C0528,2022-10,1
C0617,2023-06,1
C0173,2023-11,1
C0199,2024-03,1
C0270,2021-12,61
C0226,2021-12,84
C0306,2021-12,52
C0251,2021-12,56
C0098,2021-11,39
C0389,2021-12,36
C0323,2021-12,58
C0165,2021-12,25
C0324,2021-12,57
C0521,2021-12,9
C0712,2021-11,13
C0443,2021-10,55
C0326,2022-01,53
C0037,2022-01,281
C0152,2022-01,70
C0178,2022-01,121
C0420,2022-01,62
C0266,2022-01,68
C0280,2021-08,30
C0688,2021-01,11
C0363,2022-01,42
C0214,2022-01,73
C0068,2022-01,57
C0602,2022-01,26
C0144,2021-09,29
C0300,2020-07,60
C0391,2020-01,100
C0419,2020-01,100
C0346,2021-06,32
C0440,2020-12,22
C0091,2021-04,31
C0213,2021-02,20
C0264,2022-01,110
C0218,2021-09,85
C0407,2020-01,67
C0085,2022-04,31
C0155,2022-03,119
C0221,2022-04,66
C0183,2021-07,58
C0271,2022-02,44
C0189,2022-02,81
C0100,2022-06,27
C0432,2022-01,12
C0321,2021-12,16
C0219,2022-08,32
C0657,2022-02,3
C0301,2022-02,19
C0102,2022-05,46
C0269,2022-05,49
C0285,2022-05,51
C0515,2022-05,12
C0410,2022-05,51
C0303,2022-05,16
C0368,2022-03,19
C0694,2022-05,6
C0066,2022-03,30
C0122,2022-02,127
C0220,2022-05,17
C0350,2022-05,49
C0396,2020-01,97
C0046,2020-01,40
C0352,2020-09,35
C0350,2020-05,51
C0128,2021-02,90
C0401,2020-01,206
C0444,2020-02,24
C0241,2020-08,64
C0186,2021-04,35
C0236,2021-02,29
C0126,2020-02,85
C0225,2020-01,123
C0435,2020-04,38
C0228,2020-01,248
C0328,2021-06,68
C0312,2021-06,5
C0347,2020-06,35
C0009,2020-11,100
C0398,2020-01,142
C0334,2021-06,48
C0484,2020-08,41
C0436,2020-11,37
C0004,2022-06,48
C0080,2022-06,92
C0056,2022-06,52
C0461,2022-06,59
C0469,2022-06,19
C0527,2022-06,15
C0612,2022-06,2
C0008,2022-06,1
C0698,2022-06,1
C0137,2022-07,53
C0395,2022-07,45
C0223,2022-07,60
C0569,2022-07,24
C0606,2022-07,5
C0212,2022-07,29
C0718,2022-07,6
C0400,2020-02,32
C0513,2022-01,5
C0392,2022-01,15
C0051,2021-08,3
C0354,2021-08,68
C0016,2022-11,30
C0144,2022-10,26
C0218,2022-10,57
C0538,2022-09,1
C0748,2022-11,1
C0717,2022-11,1
C0473,2023-01,87
C0139,2022-09,16
C0128,2022-09,89
C0275,2020-08,41
C0273,2022-11,1
C0587,2021-01,47
C0417,2022-12,42
C0033,2022-12,63
C0141,2022-12,68
C0633,2022-12,19
C0044,2022-12,36
C0104,2022-12,40
C0424,2022-10,33
C0450,2022-12,45
C0106,2023-03,72
C0189,2023-03,103
C0122,2023-03,144
C0289,2023-02,47
C0101,2023-03,33
C0271,2023-03,59
C0343,2023-02,53
C0301,2023-03,27
C0097,2023-03,11
C0428,2023-02,32
C0657,2023-03,3
C0319,2022-08,17
C0372,2022-09,32
C0689,2021-02,12
C0287,2020-02,26
C0239,2023-01,47
C0176,2022-08,115
C0010,2023-01,54
C0459,2023-01,81
C0073,2023-04,68
C0634,2023-04,16
C0343,2023-04,63
C0627,2023-03,1
C0298,2023-04,26
C0428,2023-04,37
C0196,2020-10,55
C0531,2023-04,4
C0039,2023-04,2
C0327,2023-04,31
C0135,2023-04,1
C0012,2023-04,20
C0246,2020-11,12
C0289,2023-04,33
C0378,2023-01,84
C0427,2023-04,21
C0427,2023-02,21
C0073,2023-02,67
C0737,2023-04,4
C0448,2021-06,42
C0569,2023-07,8
C0137,2023-07,68
C0606,2023-07,9
C0395,2023-07,47
C0223,2023-07,57
C0718,2023-07,13
C0212,2023-07,33
C0358,2023-08,85
C0352,2023-08,30
C0584,2023-08,9
C0616,2023-08,17
C0604,2023-08,6
C0532,2023-08,11
C0372,2023-05,26
C0322,2023-08,6
C0315,2023-06,66
C0586,2023-08,6
C0689,2023-05,7
C0232,2023-06,45
C0565,2023-08,1
C0541,2023-08,2
C0174,2023-07,11
C0638,2023-08,2
C0626,2023-08,4
C0411,2023-08,1
C0614,2023-08,4
C0451,2023-09,56
C0058,2023-09,77
C0026,2023-09,18
C0743,2023-09,8
C0120,2023-09,27
C0136,2023-09,48
C0189,2023-12,107
C0101,2023-12,34
C0122,2023-12,175
C0271,2023-12,54
C0106,2023-12,103
C0301,2023-12,36
C0443,2023-10,57
C0097,2023-12,10
C0657,2023-12,5
C0139,2023-05,26
C0392,2023-11,3
C0264,2023-11,57
C0101,2022-02,19
C0063,2021-08,77
C0681,2022-03,3
C0065,2022-03,18
C0108,2022-03,1
C0543,2022-03,4
C0201,2020-06,39
C0017,2021-07,25
C0537,2020-01,259
C0480,2020-12,2
C0132,2020-11,76
C0358,2020-09,65
C0292,2020-08,13
C0304,2021-07,70
C0457,2020-07,36
C0054,2022-06,1
C0481,2022-09,63
C0236,2022-09,21
C0607,2022-09,3
C0112,2022-09,13
C0383,2022-09,40
C0213,2022-09,17
C0191,2022-08,80
C0490,2022-09,6
C0095,2022-09,3
C0689,2022-09,10
C0114,2022-08,53
C0360,2022-08,56
C0105,2020-11,42
C0208,2020-10,31
C0295,2022-08,36
C0185,2024-02,39
C0222,2021-10,59
C0012,2023-02,31
C0084,2023-01,5
C0684,2023-01,11
C0634,2023-02,17
C0136,2021-03,64
C0327,2023-02,24
C0298,2023-02,24
C0737,2023-02,2
C0039,2023-02,3
C0134,2020-04,33
C0181,2024-02,24
C0531,2023-02,1
C0134,2020-12,41
C0667,2021-04,16
C0174,2022-07,9
C0464,2023-06,48
C0236,2023-05,36
C0015,2023-06,56
C0383,2023-05,49
C0431,2023-06,55
C0213,2023-05,19
C0481,2023-05,56
C0542,2023-06,7
C0128,2023-05,73
C0178,2023-11,49
C0720,2023-06,6
C0037,2023-11,145
C0266,2023-11,49
C0602,2023-11,25
C0214,2023-11,16
C0513,2023-11,5
C0326,2023-11,32
C0068,2023-11,33
C0363,2023-11,23
C0152,2023-11,41
C0592,2023-10,32
C0420,2023-11,27
C0432,2023-11,1
C0215,2023-12,1
C0627,2023-12,6
C0112,2023-05,13
C0032,2023-10,6
C0222,2023-10,68
C0510,2024-02,50
C0443,2024-01,202
C0409,2024-02,66
C0680,2024-02,21
C0125,2024-02,42
C0222,2024-01,180
C0166,2024-02,39
C0163,2024-02,6
C0216,2020-07,20
C0097,2022-02,10
C0106,2022-02,38
C0677,2021-01,14
C0209,2021-07,40
C0372,2021-02,31
C0047,2021-04,47
C0435,2020-12,32
C0403,2020-08,24
C0317,2021-05,54
C0480,2020-04,1
C0269,2020-05,59
C0167,2020-01,133
C0561,2021-01,5
C0193,2020-01,26
C0524,2020-01,16
C0383,2021-02,35
C0254,2020-08,100
C0574,2020-01,5
C0330,2020-06,56
C0096,2021-08,3
C0013,2020-02,17
C0277,2020-01,71
C0245,2021-06,65
C0058,2021-03,83
C0533,2020-01,46
C0026,2021-03,23
C0736,2020-09,4
C0081,2022-08,2
C0598,2022-08,12
C0615,2022-08,6
C0594,2022-08,1
C0307,2020-08,43
C0709,2022-12,2
C0438,2022-04,3
C0746,2022-10,6
C0650,2023-01,4
C0335,2023-04,1
C0529,2023-09,5
C0453,2023-09,1
C0422,2023-09,2
C0110,2023-08,1
C0697,2023-10,7
C0697,2024-01,24
C0592,2024-01,112
C0045,2024-05,63
C0546,2024-01,2
C0189,2025-06,131
C0443,2024-06,73
C0002,2024-05,81
C0032,2024-01,9
C0293,2025-02,64
C0206,2024-03,95
C0475,2020-01,85
C0412,2020-01,75
C0057,2020-06,60
C0341,2020-02,65
C0714,2020-01,48
C0482,2020-04,51
C0076,2020-04,66
C0560,2020-04,4
C0440,2020-04,29
C0303,2020-05,15
C0102,2020-05,50
C0220,2020-05,31
C0285,2020-05,59
C0694,2020-05,5
C0162,2020-02,12
C0410,2020-05,60
C0018,2020-04,13
C0257,2020-02,68
C0103,2020-08,53
C0578,2020-08,3
C0630,2020-08,19
C0029,2020-08,23
C0532,2020-09,13
C0016,2020-03,49
C0626,2020-09,4
C0342,2020-06,56
C0584,2020-09,14
C0586,2020-09,11
C0604,2020-09,4
C0045,2020-06,67
C0565,2020-09,1
C0541,2020-09,6
C0614,2020-09,1
C0322,2020-09,1
C0672,2020-10,15
C0616,2020-09,8
C0638,2020-09,1
C0145,2020-11,37
C0551,2020-11,11
C0076,2020-12,80
C0673,2021-01,2
C0556,2021-06,23
C0131,2021-01,1
C0139,2021-02,18
C0481,2021-02,35
C0112,2021-02,10
C0490,2021-02,10
C0253,2020-11,50
C0356,2020-11,3
C0465,2020-11,42
C0644,2021-06,6
C0227,2021-06,26
C0518,2021-06,5
C0050,2021-06,55
C0581,2021-06,7
C0550,2021-06,4
C0123,2021-06,27
C0509,2021-06,9
C0205,2021-07,41
C0570,2021-06,5
C0156,2021-05,41
C0716,2021-06,3
C0038,2021-05,31
C0333,2021-07,28
C0534,2021-07,4
C0200,2021-05,42
C0685,2021-07,2
C0592,2021-10,20
C0697,2021-10,6
C0478,2021-11,65
C0255,2021-11,38
C0088,2020-10,30
C0485,2021-11,55
C0719,2021-12,3
C0424,2021-09,40
C0109,2020-10,39
C0474,2021-08,39
C0706,2022-01,1
C0262,2022-12,1
C0607,2023-05,1
C0314,2023-05,3
C0490,2023-05,4
C0092,2023-05,3
C0095,2023-05,3
C0515,2020-05,6
C0451,2021-03,35
C0371,2020-06,30
C0408,2021-08,42
C0744,2020-02,22
C0651,2020-02,12
C0715,2020-02,7
C0648,2020-02,2
C0002,2020-06,29
C0603,2020-06,17
C0635,2020-06,2
C0636,2020-07,6
C0273,2020-03,6
C0593,2020-07,7
C0695,2020-07,3
C0294,2020-06,8
C0071,2020-11,51
C0161,2020-10,27
C0064,2020-10,1
C0458,2020-11,17
C0212,2025-07,51
C0482,2020-12,67
C0018,2020-12,14
C0116,2020-09,1
C0120,2021-03,32
C0529,2021-03,3
C0422,2021-03,5
C0171,2024-03,45
C0519,2021-04,2
C0687,2021-05,4
C0577,2021-05,5
C0278,2021-08,80
C0729,2021-08,4
C0272,2021-08,28
C0035,2021-08,5
C0746,2021-09,4
C0242,2021-08,5
C0238,2021-08,9
C0299,2021-08,3
C0500,2021-09,2
C0699,2021-12,1
C0670,2021-12,8
C0653,2021-12,4
C0686,2021-12,3
C0554,2021-12,2
C0701,2021-12,1
C0157,2020-02,1
C0571,2020-02,1
C0717,2020-03,1
C0331,2020-01,2
C0656,2020-06,3
C0662,2020-06,3
C0441,2020-10,1
C0540,2020-10,2
C0710,2020-10,1
C0470,2020-11,1
C0281,2020-10,1
C0095,2021-02,2
C0538,2021-02,2
C0477,2021-01,2
C0607,2021-02,1
C0207,2021-01,1
C0558,2021-07,1
C0632,2021-05,5
C0528,2021-11,1
C0560,2020-12,7
C0110,2020-09,1
C0353,2021-05,4
C0589,2021-10,3
C0546,2021-10,1
C0032,2021-10,2
C0496,2021-12,1
C0386,2025-12,80
C0098,2026-05,82
C0253,2026-07,73
C0485,2026-05,54
C0478,2026-05,81
C0255,2026-05,55
C0348,2026-03,104
C0009,2026-07,259
C0016,2025-04,46
C0189,2026-04,199
C0436,2026-07,256
C0458,2026-07,44
C0132,2026-07,85
C0145,2026-07,99
C0130,2026-06,228
C0105,2026-07,83
C0465,2026-07,36
C0071,2026-07,35
C0106,2025-06,120
C0246,2026-07,19
C0094,2026-06,92
C0356,2026-07,17
C0016,2026-01,199
C0443,2025-08,74
C0318,2026-06,50
C0133,2026-06,110
C0295,2025-03,40
C0202,2026-06,92
C0224,2025-12,122
C0122,2026-04,199
C0040,2026-02,129
C0551,2026-07,8
C0462,2025-02,33
C0437,2026-02,137
C0258,2026-02,193
C0310,2026-06,39
C0395,2025-07,43
C0587,2025-11,23
C0219,2025-03,33
C0218,2025-10,94
C0468,2025-01,448
C0191,2025-03,100
C0122,2025-06,184
C0424,2025-10,47
C0250,2025-02,39
C0677,2025-11,12
C0418,2025-01,53
C0207,2025-11,2
C0673,2025-11,2
C0402,2026-02,100
C0678,2025-01,45
C0477,2025-11,1
C0406,2026-02,61
C0206,2026-02,100
C0520,2025-01,27
C0308,2025-01,35
C0223,2025-07,59
C0561,2025-11,6
C0582,2025-12,11
C0170,2025-12,237
C0159,2025-12,107
C0340,2025-01,155
C0498,2025-12,26
C0379,2025-12,70
C0033,2024-12,72
C0746,2025-09,11
C0500,2025-09,14
C0371,2024-05,33
C0301,2024-11,17
C0273,2026-01,9
C0476,2026-03,93
C0016,2024-08,41
C0504,2025-01,23
C0717,2026-01,3
C0222,2025-08,53
C0097,2024-11,4
C0647,2025-02,12
C0402,2024-03,65
C0417,2024-12,53
C0671,2026-03,30
C0316,2026-03,69
C0367,2026-02,77
C0059,2026-03,84
C0171,2026-02,37
C0320,2026-02,84
C0263,2026-03,63
C0572,2026-03,21
C0598,2025-03,29
C0590,2026-03,5
C0234,2026-03,48
C0319,2025-03,21
C0424,2025-09,53
C0137,2025-07,81
C0101,2024-11,30
C0189,2024-11,89
C0342,2024-05,50
C0097,2026-04,11
C0712,2026-05,24
C0406,2024-03,14
C0172,2026-08,74
C0483,2026-06,92
C0150,2026-06,47
C0301,2026-04,38
C0526,2026-06,7
C0107,2026-08,14
C0559,2026-08,4
C0450,2024-12,43
C0271,2025-06,65
C0314,2021-02,1
C0149,2025-12,12
C0106,2026-04,112
C0313,2025-05,60
C0104,2024-12,51
C0271,2024-11,48
C0623,2026-08,14
C0101,2025-06,25
C0101,2026-04,58
C0222,2024-06,66
C0589,2024-01,4
C0613,2024-01,3
C0258,2024-03,116
C0172,2024-04,27
C0437,2024-03,24
C0040,2024-03,122
C0107,2024-04,10
C0623,2024-04,7
C0559,2024-04,1
C0320,2024-03,62
C0367,2024-03,52
C0057,2024-05,59
C0019,2024-02,31
C0201,2024-05,44
C0330,2024-05,92
C0569,2025-07,21
C0603,2024-05,26
C0294,2024-05,6
C0656,2024-05,7
C0347,2024-05,19
C0517,2024-03,4
C0601,2024-07,6
C0085,2024-10,43
C0697,2024-06,7
C0592,2024-06,29
C0516,2024-03,12
C0032,2024-06,5
C0122,2024-11,172
C0589,2024-06,3
C0546,2024-06,1
C0172,2024-07,46
C0623,2024-07,9
C0460,2024-09,42
C0107,2024-07,5
C0067,2025-02,188
C0221,2024-10,89
C0360,2025-03,55
C0297,2024-09,62
C0121,2025-02,72
C0387,2024-09,43
C0487,2025-02,60
C0106,2024-11,60
C0633,2024-12,21
C0661,2025-01,12
C0337,2025-02,18
C0433,2025-02,4
C0700,2025-02,11
C0357,2025-05,41
C0197,2025-05,16
C0176,2025-03,84
C0062,2025-05,44
C0728,2025-05,50
C0173,2025-05,1
C0355,2025-05,31
C0643,2025-05,1
C0657,2026-04,5
C0547,2026-04,3
C0588,2026-01,1
C0495,2026-07,1
C0601,2026-08,1
C0115,2026-02,79
C0249,2026-02,37
C0301,2025-06,24
C0265,2025-12,31
C0442,2025-12,1
C0739,2025-12,10
C0218,2025-09,80
C0001,2025-01,13
C0260,2025-12,1
C0517,2026-02,5
C0144,2025-09,23
C0516,2026-02,9
C0144,2025-10,36
C0471,2026-03,3
C0271,2026-04,84
C0215,2026-04,1
C0397,2026-06,2
C0470,2026-07,3
C0627,2025-06,6
C0097,2025-06,9
C0657,2025-06,4
C0718,2025-07,15
C0174,2025-07,22
C0606,2025-07,5
C0746,2025-10,6
C0044,2024-12,42
C0500,2025-10,6
C0036,2026-06,3
C0594,2025-03,1
C0115,2024-03,30
C0114,2025-03,63
C0601,2024-04,5
C0249,2024-03,38
C0745,2024-09,2
C0502,2024-09,2
C0141,2024-12,61
C0709,2024-12,2
C0748,2026-01,4
C0528,2026-05,3
C0545,2024-03,7
C0131,2025-11,1
C0688,2025-11,2
C0615,2025-03,5
C0748,2025-04,3
C0467,2025-07,1
C0592,2025-08,37
C0629,2025-05,4
C0697,2025-08,4
C0663,2025-11,1
C0596,2026-02,1
C0545,2026-02,4
C0613,2025-08,1
C0621,2026-02,1
C0704,2025-12,1
C0619,2024-02,4
C0596,2024-03,2
C0748,2024-08,3
C0273,2024-08,1
C0273,2025-04,2
C0032,2025-08,3
C0589,2025-08,4
C0546,2025-08,1
C0635,2024-05,4
C0662,2024-05,4
C0215,2024-11,1
C0627,2024-11,6
C0657,2024-11,7
C0500,2022-10,3
C0664,2023-02,2
C0135,2023-02,1
C0538,2023-05,2
C0742,2023-06,8
C0325,2023-06,2
C0589,2023-10,1
C0549,2023-06,1
C0679,2023-05,1
C0696,2023-06,1
C0546,2023-10,1
C0738,2024-03,1
C0621,2024-03,1
C0430,2021-12,34
C0439,2021-12,26
C0375,2021-12,41
C0553,2021-12,9
C0227,2021-01,62
C0263,2022-01,142
C0316,2022-01,138
C0234,2022-01,88
C0155,2021-04,101
C0590,2022-01,9
C0476,2022-01,111
C0059,2022-01,58
C0448,2021-01,117
C0443,2021-05,52
C0671,2022-01,38
C0348,2022-01,82
C0328,2021-01,184
C0572,2022-01,11
C0225,2021-02,47
C0164,2021-08,34
C0461,2020-11,45
C0401,2021-02,36
C0352,2021-07,34
C0245,2021-01,145
C0040,2021-03,50
C0556,2021-01,72
C0285,2021-11,51
C0088,2022-04,33
C0047,2022-03,59
C0305,2021-11,1
C0161,2022-04,21
C0196,2022-04,59
C0109,2022-04,40
C0540,2022-04,6
C0722,2022-04,1
C0186,2022-03,55
C0208,2022-04,29
C0255,2022-05,54
C0478,2022-05,64
C0485,2022-05,56
C0098,2022-05,30
C0712,2022-05,12
C0010,2022-02,31
C0100,2020-11,35
C0236,2020-01,61
C0469,2020-11,35
C0228,2021-02,49
C0383,2020-01,134
C0277,2021-02,41
C0584,2021-07,18
C0485,2020-05,61
C0396,2021-02,19
C0258,2021-03,102
C0358,2021-07,73
C0437,2021-03,60
C0472,2020-08,70
C0249,2021-03,56
C0151,2020-12,70
C0333,2020-09,31
C0110,2021-07,2
C0183,2020-09,64
C0391,2021-02,29
C0407,2021-02,27
C0139,2020-01,52
C0128,2020-01,235
C0593,2021-09,19
C0216,2021-09,35
C0746,2020-07,10
C0218,2020-07,67
C0455,2020-08,55
C0475,2021-02,51
C0009,2022-06,128
C0253,2022-06,54
C0105,2022-06,47
C0145,2022-06,43
C0246,2022-06,12
C0132,2022-06,80
C0071,2022-06,48
C0436,2022-06,56
C0356,2022-06,5
C0465,2022-06,44
C0458,2022-06,23
C0470,2022-06,1
C0551,2022-06,5
C0459,2022-02,56
C0239,2022-02,36
C0473,2022-02,43
C0378,2022-02,40
C0567,2022-06,1
C0495,2022-06,1
C0601,2022-07,4
C0172,2022-07,39
C0107,2022-07,5
C0372,2020-01,129
C0300,2021-09,56
C0282,2021-08,32
C0045,2022-11,63
C0398,2022-09,47
C0457,2022-10,20
C0300,2022-10,70
C0057,2022-11,69
C0342,2022-11,60
C0002,2022-11,59
C0330,2022-11,76
C0216,2022-10,24
C0371,2022-11,34
C0603,2022-11,25
C0347,2022-11,25
C0662,2022-11,3
C0201,2022-11,40
C0695,2022-10,8
C0167,2022-09,40
C0656,2022-11,5
C0636,2022-10,9
C0294,2022-11,9
C0046,2022-09,28
C0635,2022-11,4
C0228,2022-09,41
C0183,2023-08,68
C0284,2022-12,2
C0385,2022-12,59
C0530,2022-12,50
C0217,2022-12,36
C0022,2022-12,4
C0031,2022-12,51
C0332,2022-12,20
C0378,2023-03,57
C0459,2023-03,53
C0473,2023-03,54
C0122,2023-01,314
C0337,2022-08,14
C0684,2023-03,14
C0239,2023-03,39
C0106,2023-01,138
C0010,2023-03,30
C0271,2023-01,106
C0101,2023-01,72
C0089,2020-02,41
C0355,2023-02,28
C0173,2023-02,2
C0393,2020-02,65
C0189,2023-01,159
C0250,2022-08,39
C0062,2023-04,50
C0197,2023-04,29
C0355,2023-04,44
C0728,2023-04,26
C0357,2023-04,29
C0097,2023-01,26
C0313,2023-04,34
C0102,2021-11,47
C0301,2023-01,44
C0045,2020-03,70
C0087,2023-04,1
C0148,2023-04,1
C0172,2023-07,41
C0228,2023-05,30
C0107,2023-07,7
C0209,2023-08,56
C0205,2023-08,30
C0304,2023-08,110
C0032,2021-05,3
C0534,2023-08,13
C0333,2023-08,19
C0558,2023-08,3
C0267,2023-06,39
C0017,2023-08,22
C0028,2020-02,16
C0024,2023-06,30
C0057,2026-01,231
C0401,2023-05,35
C0175,2023-06,38
C0377,2023-08,1
C0657,2023-01,11
C0419,2023-05,70
C0537,2023-05,188
C0685,2023-08,2
C0115,2023-09,44
C0040,2023-09,105
C0402,2023-09,79
C0249,2023-09,37
C0258,2023-09,97
C0171,2023-09,48
C0596,2023-09,2
C0206,2023-09,66
C0320,2023-09,46
C0516,2023-09,15
C0367,2023-09,39
C0437,2023-09,45
C0473,2023-12,64
C0459,2023-12,71
C0239,2023-12,52
C0378,2023-12,60
C0684,2023-12,22
C0038,2023-10,25
C0010,2023-12,15
C0316,2023-11,43
C0234,2023-11,31
C0091,2022-03,27
C0667,2022-03,13
C0519,2022-03,5
C0672,2022-04,14
C0312,2021-01,26
C0213,2020-01,62
C0481,2020-01,96
C0509,2021-01,24
C0140,2020-02,38
C0407,2022-09,67
C0412,2022-09,41
C0277,2022-09,48
C0391,2022-09,42
C0537,2022-09,162
C0475,2022-09,63
C0462,2022-08,21
C0225,2022-09,44
C0401,2022-09,44
C0419,2022-09,55
C0396,2022-09,10
C0004,2020-11,54
C0533,2022-09,12
C0714,2022-09,29
C0304,2020-09,121
C0121,2022-08,67
C0574,2022-09,1
C0700,2022-08,22
C0487,2022-08,25
C0524,2022-09,2
C0471,2022-01,5
C0067,2022-08,140
C0193,2022-09,2
C0293,2022-08,54
C0647,2022-08,6
C0123,2021-01,103
C0180,2022-12,4
C0357,2023-02,22
C0197,2023-02,20
C0062,2023-02,50
C0206,2021-03,84
C0627,2023-01,3
C0313,2023-02,31
C0728,2023-02,37
C0629,2023-02,7
C0087,2023-02,1
C0537,2021-02,124
C0650,2023-03,2
C0412,2023-05,43
C0296,2023-06,16
C0276,2023-06,120
C0475,2023-05,58
C0146,2023-06,102
C0153,2023-06,31
C0391,2023-05,29
C0167,2023-05,40
C0240,2023-06,25
C0069,2023-06,23
C0193,2023-05,11
C0345,2023-06,26
C0225,2023-05,48
C0421,2023-06,29
C0396,2023-05,20
C0533,2023-05,17
C0398,2023-05,42
C0623,2023-07,4
C0601,2023-07,4
C0129,2020-08,67
C0057,2020-03,45
C0348,2023-11,34
C0476,2023-11,67
C0572,2023-11,16
C0059,2023-11,37
C0263,2023-11,80
C0347,2020-03,23
C0590,2023-11,4
C0671,2023-11,32
C0195,2020-08,43
C0184,2024-02,263
C0650,2023-12,2
C0406,2023-09,14
C0317,2023-10,53
C0545,2023-09,4
C0247,2024-02,50
C0243,2024-02,66
C0043,2024-02,27
C0317,2024-01,158
C0233,2024-02,63
C0021,2024-02,54
C0575,2024-02,11
C0016,2020-06,50
C0156,2024-01,178
C0082,2024-02,42
C0095,2020-01,21
C0410,2021-11,51
C0684,2022-02,5
C0112,2020-01,38
C0412,2021-02,23
C0084,2022-02,1
C0650,2022-02,3
C0538,2020-01,11
C0493,2021-08,85
C0201,2020-03,36
C0607,2020-01,7
C0329,2021-08,2
C0177,2020-08,44
C0330,2020-03,37
C0211,2020-08,74
C0716,2021-01,5
C0259,2020-04,62
C0478,2020-05,44
C0581,2021-01,22
C0209,2020-09,41
C0723,2020-12,26
C0564,2021-08,17
C0320,2021-03,40
C0486,2020-08,61
C0371,2020-03,34
C0350,2021-11,33
C0433,2022-08,3
C0200,2021-10,45
C0675,2021-08,9
C0050,2021-01,139
C0623,2022-07,2
C0593,2022-10,22
C0563,2022-12,1
C0334,2021-01,103
C0173,2023-04,4
C0629,2023-04,1
C0046,2023-05,21
C0407,2023-05,66
C0277,2023-05,46
C0524,2023-05,4
C0714,2023-05,28
C0738,2023-09,1
C0517,2023-09,4
C0200,2023-10,32
C0687,2023-10,8
C0156,2023-10,48
C0577,2023-10,9
C0200,2024-01,124
C0038,2024-01,79
C0577,2024-01,50
C0353,2024-01,13
C0687,2024-01,15
C0058,2024-03,89
C0136,2024-03,53
C0632,2024-01,11
C0490,2020-01,19
C0679,2020-01,8
C0424,2020-07,69
C0093,2020-02,42
C0689,2020-01,32
C0151,2020-04,62
C0723,2020-04,12
C0259,2020-12,60
C0255,2020-05,55
C0712,2020-05,11
C0098,2020-05,24
C0017,2020-09,29
C0534,2020-09,5
C0205,2020-09,50
C0438,2020-10,5
C0144,2020-07,35
C0268,2020-04,1
C0342,2020-03,50
C0558,2020-09,2
C0171,2021-03,35
C0346,2021-01,71
C0644,2021-01,10
C0203,2021-08,30
C0518,2021-01,20
C0115,2021-03,42
C0570,2021-01,17
C0550,2021-01,18
C0402,2021-03,56
C0066,2021-04,29
C0419,2021-02,49
C0398,2021-02,46
C0714,2021-02,22
C0046,2021-02,22
C0167,2021-02,20
C0317,2021-10,50
C0533,2021-02,16
C0587,2021-06,19
C0673,2021-06,3
C0688,2021-06,4
C0131,2021-06,2
C0368,2021-04,35
C0677,2021-06,4
C0207,2021-06,1
C0367,2021-03,39
C0532,2021-07,4
C0616,2021-07,18
C0565,2021-07,2
C0541,2021-07,4
C0586,2021-07,6
C0736,2021-07,2
C0614,2021-07,1
C0038,2021-10,23
C0156,2021-10,50
C0457,2021-09,26
C0687,2021-10,6
C0303,2021-11,14
C0353,2021-10,2
C0577,2021-10,7
C0515,2021-11,8
C0269,2021-11,60
C0632,2021-10,3
C0220,2021-11,14
C0668,2022-12,1
C0506,2022-12,3
C0604,2021-07,5
C0694,2021-11,2
C0064,2022-04,1
C0710,2022-04,2
C0441,2022-04,1
C0192,2020-02,44
C0168,2020-02,23
C0665,2020-02,7
C0294,2020-03,5
C0273,2020-06,2
C0656,2020-03,3
C0500,2020-07,1
C0092,2020-01,2
C0283,2020-07,1
C0080,2020-11,71
C0006,2020-08,4
C0221,2020-10,48
C0056,2020-11,42
C0527,2020-11,12
C0314,2020-01,3
C0008,2020-11,4
C0445,2021-08,32
C0381,2020-12,11
C0698,2020-11,1
C0516,2021-03,14
C0636,2021-09,5
C0406,2021-03,18
C0517,2021-03,4
C0545,2021-03,4
C0596,2021-03,2
C0065,2021-04,13
C0543,2021-04,3
C0222,2021-05,66
C0085,2020-10,24
C0592,2021-05,26
C0681,2021-04,2
C0589,2021-05,7
C0697,2021-05,4
C0613,2021-05,2
C0016,2024-05,54
C0741,2021-08,3
C0740,2021-08,1
C0290,2021-08,63
C0449,2021-08,3
C0695,2021-09,10
C0318,2024-09,28
C0609,2021-08,5
C0611,2021-11,1
C0274,2021-12,1
C0682,2021-12,2
C0002,2020-03,26
C0603,2020-03,19
C0662,2020-03,3
C0524,2021-02,1
C0193,2021-02,4
C0574,2021-02,1
C0685,2020-09,1
C0626,2021-07,2
C0370,2021-08,4
C0508,2021-11,1
C0666,2021-12,1
C0635,2020-03,1
C0381,2020-04,4
C0376,2020-02,1
C0390,2020-02,1
C0031,2024-12,57
C0621,2021-03,1
C0477,2021-06,1
C0459,2024-11,63
C0133,2024-09,93
C0385,2024-12,60
C0350,2026-05,90
C0285,2026-05,103
C0656,2026-01,29
C0102,2026-05,111
C0342,2026-01,205
C0303,2026-05,35
C0410,2026-05,53
C0002,2026-01,318
C0694,2026-05,8
C0515,2026-05,17
C0269,2026-05,38
C0420,2026-03,81
C0294,2026-01,49
C0473,2026-04,146
C0100,2026-07,90
C0461,2026-07,144
C0080,2026-07,107
C0201,2026-01,109
C0469,2026-07,25
C0056,2026-07,115
C0004,2026-07,109
C0635,2026-01,18
C0330,2026-01,284
C0347,2026-01,129
C0156,2025-08,62
C0662,2026-01,15
C0297,2026-06,115
C0371,2026-01,94
C0527,2026-07,21
C0612,2026-07,2
C0298,2025-05,33
C0698,2026-07,1
C0603,2026-01,60
C0387,2026-06,34
C0509,2025-11,5
C0502,2026-06,3
C0460,2026-06,71
C0208,2024-10,47
C0216,2025-09,39
C0261,2025-12,6
C0045,2026-01,147
C0288,2025-01,28
C0008,2026-07,1
C0223,2026-08,85
C0423,2025-01,252
C0459,2026-04,75
C0378,2026-04,92
C0457,2025-09,28
C0264,2026-03,100
C0196,2024-10,84
C0378,2025-06,47
C0363,2026-03,10
C0337,2025-03,29
C0227,2025-11,67
C0245,2025-11,74
C0556,2025-11,96
C0050,2025-11,118
C0328,2025-11,121
C0123,2025-11,63
C0334,2025-11,54
C0346,2025-11,70
C0581,2025-11,6
C0448,2025-11,48
C0473,2025-06,111
C0178,2026-03,102
C0219,2025-02,51
C0037,2026-03,193
C0179,2025-01,95
C0550,2025-11,7
C0644,2025-11,7
C0172,2025-07,45
C0216,2025-10,45
C0501,2025-01,53
C0716,2025-11,5
C0518,2025-11,9
C0300,2025-10,51
C0454,2025-01,85
C0027,2025-01,112
C0459,2025-06,57
C0488,2025-11,2
C0570,2025-11,3
C0286,2025-12,127
C0622,2025-12,25
C0235,2025-12,129
C0631,2025-12,12
C0602,2026-03,10
C0351,2025-12,21
C0293,2025-03,91
C0693,2025-12,14
C0088,2024-10,31
C0548,2025-12,8
C0451,2026-02,74
C0010,2024-11,27
C0330,2025-04,107
C0058,2026-02,92
C0266,2026-03,39
C0136,2026-02,64
C0214,2026-03,38
C0152,2026-03,34
C0068,2026-03,53
C0120,2026-02,31
C0513,2026-03,11
C0422,2026-02,2
C0392,2026-03,6
C0026,2026-02,18
C0202,2024-09,89
C0326,2026-03,7
C0200,2025-08,47
C0220,2026-05,27
C0212,2026-08,88
C0433,2025-03,3
C0611,2026-05,7
C0593,2025-10,66
C0745,2026-06,19
C0569,2026-08,22
C0606,2026-08,33
C0395,2026-08,64
C0718,2026-08,11
C0212,2024-04,59
C0284,2024-12,5
C0130,2024-09,46
C0327,2025-05,42
C0137,2026-08,103
C0330,2024-08,94
C0174,2026-08,18
C0057,2025-04,57
C0038,2024-06,40
C0010,2025-06,29
C0395,2024-04,43
C0137,2024-04,70
C0223,2024-04,43
C0606,2024-04,6
C0569,2024-04,20
C0026,2024-03,32
C0718,2024-04,7
C0174,2024-04,19
C0473,2024-11,82
C0672,2024-10,20
C0002,2024-08,86
C0451,2024-03,47
C0717,2024-05,1
C0332,2024-12,35
C0109,2024-10,80
C0371,2025-04,41
C0201,2024-08,42
C0632,2024-06,4
C0200,2024-06,46
C0577,2024-06,20
C0045,2024-08,55
C0156,2024-06,58
C0343,2025-05,109
C0120,2024-03,30
C0317,2024-06,35
C0687,2024-06,3
C0483,2024-09,76
C0603,2024-08,21
C0045,2025-04,56
C0212,2024-07,45
C0223,2024-07,53
C0395,2024-07,37
C0174,2024-07,12
C0137,2024-07,87
C0569,2024-07,16
C0718,2024-07,10
C0606,2024-07,4
C0150,2024-09,29
C0471,2023-11,1
C0684,2024-11,12
C0632,2025-08,2
C0161,2024-10,34
C0530,2024-12,86
C0347,2024-08,19
C0064,2024-10,4
C0057,2024-08,48
C0441,2024-10,3
C0094,2024-09,34
C0540,2024-10,10
C0342,2025-04,57
C0342,2024-08,44
C0353,2024-06,2
C0319,2025-02,15
C0722,2024-10,1
C0310,2024-09,20
C0598,2025-02,39
C0360,2025-02,60
C0378,2024-11,63
C0239,2024-11,27
C0650,2024-11,3
C0487,2025-03,53
C0073,2025-05,66
C0707,2025-01,7
C0176,2025-02,76
C0634,2025-05,28
C0506,2024-12,10
C0201,2025-04,51
C0295,2025-02,25
C0191,2025-02,74
C0114,2025-02,54
C0067,2025-03,184
C0684,2025-06,31
C0615,2025-02,5
C0662,2024-08,3
C0618,2025-02,1
C0012,2025-05,24
C0428,2025-05,61
C0289,2025-05,51
C0462,2025-03,32
C0427,2025-05,17
C0347,2025-04,25
C0656,2025-04,5
C0039,2025-05,7
C0054,2026-07,2
C0294,2025-04,15
C0317,2025-08,55
C0300,2025-09,44
C0312,2025-11,7
C0579,2025-09,2
C0593,2025-09,70
C0239,2026-04,65
C0583,2025-01,9
C0457,2025-10,27
C0239,2025-06,36
C0743,2026-02,14
C0217,2024-12,36
C0594,2025-02,2
C0025,2022-01,1
C0010,2026-04,96
C0684,2026-04,27
C0650,2026-04,6
C0508,2026-05,3
C0250,2025-03,42
C0322,2021-07,1
C0116,2021-07,1
C0353,2023-10,4
C0695,2025-10,15
C0650,2025-06,3
C0601,2025-07,6
C0623,2025-07,12
C0636,2025-10,19
C0711,2025-01,5
C0038,2025-08,22
C0002,2025-04,85
C0432,2026-03,4
C0121,2025-03,86
C0526,2024-09,8
C0371,2024-08,35
C0563,2024-12,3
C0636,2025-09,9
C0305,2026-05,2
C0294,2024-08,5
C0397,2024-09,1
C0700,2025-03,25
C0647,2025-03,12
C0603,2025-04,21
C0635,2025-04,5
C0662,2025-04,8
C0447,2024-02,4
C0107,2025-07,3
C0559,2025-07,1
C0135,2025-05,1
C0577,2025-08,34
C0687,2025-08,8
C0359,2025-01,1
C0660,2025-05,2
C0695,2025-09,8
C0724,2025-12,6
C0529,2026-02,4
C0625,2024-02,7
C0365,2024-02,2
C0049,2024-02,3
C0215,2023-01,2
C0743,2024-03,9
C0529,2024-03,5
C0635,2024-08,6
C0656,2024-08,5
C0180,2024-12,4
C0022,2024-12,2
C0668,2024-12,1
C0669,2025-05,1
C0353,2025-08,2
C0748,2024-05,2
C0588,2024-05,1
C0273,2024-05,2
C0422,2024-03,1
C0279,2023-01,1
C0535,2023-06,1
C0654,2023-06,1
C0632,2023-10,5
C0547,2023-01,1
C0076,2021-12,82
C0134,2021-12,57
C0440,2021-12,31
C0427,2021-09,32
C0482,2021-12,76
C0435,2021-12,54
C0205,2021-01,74
C0154,2021-10,43
C0018,2021-12,20
C0420,2022-05,84
C0307,2022-06,69
C0333,2021-01,75
C0410,2022-01,103
C0102,2022-01,147
C0183,2021-01,202
C0269,2022-01,156
C0694,2022-01,12
C0285,2022-01,81
C0104,2020-01,94
C0476,2021-11,56
C0220,2022-01,60
C0155,2021-08,120
C0352,2021-06,31
C0515,2022-01,16
C0017,2021-01,86
C0336,2021-05,9
C0066,2021-08,29
C0611,2022-01,1
C0350,2022-01,249
C0358,2021-06,70
C0323,2020-12,44
C0209,2021-01,133
C0369,2022-04,108
C0591,2022-04,2
C0408,2022-03,52
C0007,2022-04,56
C0020,2022-04,50
C0243,2022-02,60
C0446,2022-04,45
C0302,2022-04,38
C0278,2022-03,82
C0124,2022-04,10
C0280,2022-03,44
C0272,2022-03,35
C0063,2022-03,76
C0048,2022-04,29
C0184,2022-02,173
C0043,2022-02,35
C0233,2022-02,49
C0247,2022-02,37
C0037,2022-05,118
C0214,2022-05,28
C0266,2022-05,42
C0513,2022-05,5
C0264,2022-05,46
C0363,2022-05,20
C0178,2022-05,31
C0152,2022-05,64
C0338,2022-04,47
C0068,2022-05,30
C0354,2022-03,80
C0326,2022-05,30
C0602,2022-05,12
C0461,2020-08,44
C0304,2021-01,259
C0136,2020-03,49
C0462,2020-02,34
C0206,2020-06,54
C0328,2020-09,59
C0688,2021-07,6
C0671,2021-11,25
C0165,2020-12,34
C0306,2020-12,60
C0293,2020-02,30
C0067,2020-02,118
C0258,2020-06,78
C0113,2021-05,142
C0450,2020-01,123
C0033,2020-01,252
C0339,2021-05,33
C0226,2020-12,74
C0034,2021-10,34
C0195,2020-11,34
C0469,2020-08,24
C0249,2020-06,41
C0289,2021-09,55
C0324,2020-12,51
C0061,2020-10,55
C0241,2022-06,53
C0630,2022-06,14
C0275,2022-06,64
C0403,2022-06,14
C0578,2022-06,2
C0103,2022-06,54
C0292,2022-06,17
C0254,2022-06,113
C0029,2022-06,30
C0484,2022-06,46
C0733,2022-06,1
C0015,2022-07,49
C0431,2022-07,68
C0315,2022-07,52
C0232,2022-07,42
C0473,2024-02,69
C0542,2022-07,6
C0549,2022-07,2
C0464,2022-07,38
C0742,2022-07,7
C0303,2022-01,23
C0070,2021-10,48
C0188,2021-10,63
C0348,2021-11,35
C0327,2022-10,36
C0073,2022-10,61
C0058,2022-11,69
C0289,2022-10,30
C0343,2022-10,44
C0743,2022-11,3
C0428,2022-10,25
C0012,2022-10,29
C0451,2022-11,62
C0427,2022-10,14
C0026,2022-11,16
C0136,2022-11,39
C0120,2022-11,21
C0298,2022-10,18
C0022,2022-09,4
C0737,2022-10,2
C0529,2022-11,1
C0422,2022-11,2
C0419,2022-12,61
C0537,2022-12,199
C0396,2022-12,16
C0398,2022-12,49
C0714,2022-12,39
C0225,2022-12,66
C0277,2022-12,38
C0228,2022-12,52
C0407,2022-12,81
C0391,2022-12,47
C0401,2022-12,38
C0046,2022-12,23
C0193,2022-12,9
C0475,2022-12,66
C0167,2022-12,43
C0524,2022-12,2
C0412,2022-12,46
C0574,2022-12,1
C0533,2022-12,10
C0184,2023-03,244
C0233,2023-03,68
C0243,2023-03,78
C0043,2023-03,33
C0021,2023-03,56
C0365,2023-03,5
C0218,2023-02,39
C0082,2023-03,24
C0247,2023-03,53
C0409,2023-01,115
C0474,2022-03,38
C0447,2023-03,3
C0192,2022-08,66
C0125,2023-01,97
C0140,2022-08,46
C0168,2022-08,19
C0049,2023-03,6
C0166,2023-01,119
C0680,2023-01,34
C0123,2023-08,32
C0575,2023-03,13
C0625,2023-03,5
C0019,2023-01,39
C0031,2022-09,45
C0424,2023-04,35
C0144,2023-04,19
C0218,2023-04,67
C0211,2020-11,37
C0746,2023-04,9
C0500,2023-04,3
C0746,2023-02,8
C0185,2023-01,118
C0144,2023-02,27
C0315,2023-07,63
C0015,2023-07,57
C0431,2023-07,64
C0542,2023-07,7
C0232,2023-07,39
C0464,2023-07,33
C0334,2023-08,59
C0346,2023-08,36
C0245,2023-08,78
C0050,2023-08,64
C0227,2023-08,28
C0509,2023-08,15
C0581,2023-08,5
C0328,2023-08,83
C0448,2023-08,39
C0223,2023-06,74
C0556,2023-08,51
C0563,2023-05,2
C0550,2023-08,5
C0518,2023-08,8
C0312,2023-08,5
C0137,2023-06,67
C0716,2023-08,2
C0644,2023-08,3
C0488,2023-08,2
C0212,2023-06,37
C0180,2023-05,4
C0163,2023-01,33
C0217,2023-05,16
C0238,2022-03,13
C0016,2023-09,44
C0530,2023-05,73
C0021,2023-12,67
C0043,2023-12,42
C0233,2023-12,64
C0247,2023-12,67
C0243,2023-12,95
C0184,2023-12,285
C0575,2023-12,7
C0082,2023-12,34
C0049,2023-12,7
C0102,2023-11,67
C0447,2023-12,3
C0625,2023-12,5
C0075,2023-10,48
C0220,2023-11,27
C0299,2022-03,4
C0021,2022-02,41
C0729,2022-03,3
C0035,2022-03,3
C0242,2022-03,7
C0082,2022-02,25
C0194,2021-05,46
C0270,2020-12,62
C0037,2020-05,61
C0065,2021-08,25
C0334,2020-09,42
C0152,2020-05,44
C0309,2020-10,5
C0686,2020-12,6
C0417,2020-01,85
C0392,2022-05,3
C0366,2020-10,35
C0530,2022-09,61
C0217,2022-09,26
C0086,2020-10,77
C0385,2022-09,45
C0393,2022-08,69
C0321,2020-12,10
C0073,2021-09,77
C0486,2020-11,68
C0180,2022-09,3
C0332,2022-09,11
C0028,2022-08,39
C0506,2022-09,6
C0305,2022-01,2
C0563,2022-09,1
C0432,2022-05,2
C0089,2022-08,37
C0320,2020-06,34
C0270,2020-04,52
C0123,2020-09,38
C0634,2022-10,15
C0323,2020-04,35
C0177,2020-11,34
C0056,2020-08,43
C0500,2023-02,3
C0510,2023-01,66
C0181,2023-01,56
C0424,2023-02,27
C0324,2020-04,31
C0382,2021-05,101
C0026,2020-03,25
C0395,2023-06,42
C0569,2023-06,17
C0385,2023-05,38
C0031,2023-05,37
C0174,2023-06,14
C0332,2023-05,13
C0562,2023-06,1
C0720,2023-07,8
C0606,2023-06,8
C0325,2023-07,1
C0696,2023-07,5
C0742,2023-07,3
C0082,2025-06,51
C0718,2023-06,10
C0349,2021-05,72
C0350,2023-11,44
C0515,2023-11,10
C0285,2023-11,52
C0303,2023-11,21
C0269,2023-11,53
C0410,2023-11,42
C0237,2023-10,140
C0694,2023-11,7
C0611,2023-11,3
C0188,2023-10,50
C0154,2023-10,39
C0034,2023-10,36
C0070,2023-10,39
C0365,2023-12,3
C0239,2024-02,50
C0406,2024-05,17
C0154,2024-01,165
C0459,2024-02,66
C0684,2024-02,17
C0378,2024-02,46
C0380,2024-01,96
C0075,2024-01,167
C0010,2024-02,32
C0040,2024-05,149
C0369,2024-10,163
C0298,2021-09,37
C0447,2022-02,4
C0343,2021-09,54
C0016,2021-03,40
C0389,2020-12,35
C0380,2021-10,16
C0575,2022-02,5
C0164,2021-04,32
C0165,2020-04,32
C0685,2021-01,4
C0394,2020-10,37
C0171,2020-06,45
C0451,2020-03,32
C0120,2020-03,33
C0616,2021-06,19
C0141,2020-01,180
C0514,2021-05,7
C0282,2021-04,38
C0509,2020-09,10
C0313,2020-07,32
C0312,2020-09,34
C0370,2021-04,6
C0117,2021-05,33
C0402,2020-06,49
C0368,2021-08,37
C0362,2020-10,70
C0367,2020-06,46
C0389,2020-04,28
C0214,2020-05,31
C0115,2020-06,34
C0493,2021-04,65
C0100,2020-08,26
C0437,2020-06,46
C0363,2020-05,25
C0416,2020-10,43
C0665,2022-08,7
C0093,2022-08,23
C0135,2022-10,1
C0428,2021-09,32
C0051,2022-03,2
C0039,2022-10,2
C0316,2021-11,41
C0022,2023-05,4
C0748,2023-09,1
C0388,2023-10,3
C0425,2023-10,8
C0380,2023-10,13
C0750,2023-10,5
C0237,2024-01,357
C0070,2024-01,173
C0750,2024-01,16
C0034,2024-01,100
C0188,2024-01,223
C0045,2024-03,58
C0201,2024-03,54
C0425,2024-01,42
C0388,2024-01,5
C0136,2025-04,40
C0320,2024-05,60
C0446,2024-10,73
C0052,2024-01,6
C0276,2024-04,134
C0044,2020-01,55
C0633,2020-01,35
C0521,2020-04,17
C0226,2020-04,67
C0251,2020-04,48
C0068,2020-05,41
C0178,2020-05,39
C0266,2020-05,42
C0420,2020-05,30
C0513,2020-05,4
C0264,2020-05,23
C0306,2020-04,33
C0326,2020-05,22
C0602,2020-05,13
C0337,2020-02,12
C0262,2020-01,1
C0719,2020-04,4
C0250,2020-02,27
C0058,2020-03,51
C0080,2020-08,54
C0527,2020-08,11
C0716,2020-09,2
C0004,2020-08,44
C0346,2020-09,29
C0556,2020-09,14
C0245,2020-09,93
C0518,2020-09,6
C0050,2020-09,31
C0448,2020-09,36
C0581,2020-09,7
C0550,2020-09,4
C0570,2020-09,7
C0227,2020-09,34
C0644,2020-09,4
C0488,2020-09,1
C0062,2020-07,41
C0355,2020-07,48
C0129,2020-11,54
C0251,2020-12,43
C0558,2021-01,5
C0040,2020-06,60
C0455,2020-11,52
C0534,2021-01,8
C0385,2021-02,48
C0472,2020-11,50
C0210,2020-10,39
C0031,2021-02,27
C0563,2021-02,1
C0332,2021-02,17
C0530,2021-02,42
C0506,2021-02,3
C0217,2021-02,31
C0741,2021-04,5
C0586,2021-06,5
C0584,2021-06,17
C0614,2021-06,5
C0532,2021-06,5
C0626,2021-06,5
C0604,2021-06,7
C0609,2021-04,4
C0541,2021-06,3
C0406,2020-06,17
C0736,2021-06,3
C0005,2021-05,23
C0290,2021-04,61
C0329,2021-04,1
C0203,2021-04,28
C0587,2021-07,15
C0590,2021-11,10
C0663,2021-07,3
C0673,2021-07,1
C0677,2021-07,6
C0561,2021-07,1
C0237,2021-10,85
C0075,2021-10,41
C0726,2021-10,4
C0327,2021-09,33
C0750,2021-10,9
C0388,2021-10,6
C0263,2021-11,86
C0059,2021-11,54
C0234,2021-11,40
C0425,2021-10,8
C0096,2022-03,2
C0506,2023-05,7
C0588,2023-09,1
C0647,2020-02,7
C0564,2021-04,10
C0392,2020-05,4
C0321,2020-04,5
C0572,2021-11,11
C0121,2020-02,57
C0487,2020-02,15
C0445,2021-04,23
C0700,2020-02,14
C0433,2020-02,5
C0545,2020-06,5
C0516,2020-06,17
C0517,2020-06,3
C0197,2020-07,17
C0728,2020-07,22
C0357,2020-07,31
C0629,2020-07,7
C0173,2020-07,3
C0653,2020-12,5
C0521,2020-12,10
C0006,2020-11,1
C0422,2020-03,4
C0554,2020-12,3
C0489,2020-10,1
C0273,2021-03,3
C0588,2021-03,1
C0180,2021-02,3
C0740,2021-04,2
C0675,2021-04,7
C0726,2024-01,5
C0512,2021-05,1
C0605,2021-05,2
C0543,2021-08,2
C0634,2021-09,14
C0012,2021-09,38
C0110,2021-06,1
C0135,2021-09,3
C0664,2021-09,1
C0737,2021-09,4
C0560,2021-12,8
C0529,2020-03,3
C0497,2020-01,1
C0738,2020-06,2
C0735,2020-01,1
C0008,2020-08,1
C0022,2021-02,4
C0668,2021-02,1
C0719,2020-12,3
C0284,2021-02,1
C0639,2020-10,1
C0294,2024-03,6
C0670,2020-04,5
C0681,2021-08,2
C0108,2021-08,1
C0625,2022-02,1
C0049,2022-02,1
C0365,2022-02,1
C0041,2022-03,1
C0653,2020-04,4
C0554,2020-04,2
C0686,2020-04,1
C0432,2020-05,1
C0612,2020-08,1
C0670,2020-12,6
C0322,2021-06,6
C0411,2021-06,1
C0042,2021-05,4
C0705,2021-05,1
C0531,2021-09,2
C0207,2021-07,1
C0052,2021-10,4
C0131,2021-07,1
C0671,2026-05,56
C0348,2026-05,100
C0572,2026-05,10
C0263,2026-05,69
C0234,2026-05,32
C0120,2026-01,106
C0184,2026-04,293
C0316,2026-05,76
C0476,2026-05,52
C0059,2026-05,72
C0451,2026-01,250
C0049,2026-04,4
C0486,2026-07,219
C0159,2026-06,101
C0455,2026-07,82
C0058,2026-01,249
C0379,2026-06,50
C0211,2026-07,62
C0177,2026-07,38
C0136,2026-01,385
C0195,2026-07,109
C0129,2026-07,97
C0170,2026-06,209
C0026,2026-01,42
C0267,2026-08,177
C0146,2026-08,149
C0386,2026-06,65
C0472,2026-07,35
C0330,2024-03,91
C0224,2026-06,110
C0082,2026-04,97
C0021,2026-04,48
C0247,2026-04,58
C0043,2026-04,71
C0429,2025-01,175
C0240,2026-08,28
C0237,2025-08,123
C0006,2026-07,1
C0258,2024-05,130
C0542,2025-07,24
C0427,2025-10,17
C0665,2025-03,12
C0743,2026-01,47
C0342,2024-03,66
C0082,2024-11,49
C0028,2025-03,64
C0069,2026-08,57
C0452,2025-01,243
C0127,2025-01,175
C0205,2025-11,74
C0304,2025-11,127
C0183,2025-11,107
C0298,2025-09,37
C0017,2025-11,28
C0202,2025-12,80
C0400,2025-02,61
C0230,2025-01,111
C0333,2025-11,40
C0747,2025-01,90
C0287,2025-02,17
C0399,2025-01,215
C0426,2025-01,304
C0209,2025-11,73
C0557,2025-01,109
C0428,2025-10,58
C0634,2025-10,31
C0534,2025-11,26
C0012,2025-10,37
C0531,2025-09,3
C0343,2025-10,128
C0558,2025-11,5
C0676,2025-01,58
C0073,2025-10,85
C0233,2026-04,89
C0012,2025-09,40
C0685,2025-11,2
C0045,2026-02,48
C0713,2025-01,33
C0318,2025-12,38
C0483,2025-12,75
C0133,2025-12,85
C0130,2025-12,185
C0150,2025-12,31
C0255,2026-03,59
C0094,2025-12,54
C0391,2024-12,38
C0188,2025-08,49
C0529,2026-01,8
C0098,2026-03,96
C0243,2025-06,66
C0478,2026-03,83
C0233,2024-11,88
C0437,2024-05,33
C0712,2026-03,37
C0034,2025-08,33
C0310,2025-12,46
C0636,2025-05,15
C0052,2024-06,1
C0235,2024-09,66
C0625,2025-06,6
C0347,2026-02,28
C0485,2026-03,64
C0294,2026-02,13
C0603,2026-02,29
C0228,2024-12,48
C0347,2024-03,26
C0002,2024-03,71
C0043,2024-11,37
C0380,2025-08,16
C0021,2024-11,54
C0367,2024-05,53
C0422,2026-01,13
C0330,2026-02,131
C0043,2025-06,38
C0327,2025-09,39
C0243,2026-04,109
C0471,2026-05,5
C0342,2026-02,77
C0296,2024-07,23
C0057,2026-02,62
C0296,2026-08,48
C0498,2026-06,41
C0162,2025-02,12
C0739,2026-06,8
C0265,2026-06,24
C0582,2026-06,12
C0149,2026-06,15
C0276,2026-08,152
C0421,2026-08,45
C0153,2026-08,41
C0024,2026-08,58
C0345,2026-08,26
C0475,2024-12,74
C0034,2024-06,43
C0140,2025-03,45
C0371,2026-02,36
C0175,2026-08,88
C0442,2026-06,4
C0401,2024-12,31
C0146,2024-04,109
C0535,2026-08,1
C0651,2025-02,18
C0193,2024-12,9
C0136,2024-08,32
C0069,2024-04,23
C0296,2024-04,20
C0371,2024-03,48
C0024,2024-04,16
C0240,2024-04,24
C0421,2024-04,16
C0267,2024-04,55
C0153,2024-04,31
C0175,2024-04,36
C0302,2024-10,64
C0267,2024-07,51
C0402,2024-05,73
C0345,2024-04,28
C0184,2025-06,271
C0249,2024-05,40
C0171,2024-05,41
C0206,2024-05,94
C0115,2024-05,55
C0545,2024-05,5
C0517,2024-05,3
C0153,2024-07,22
C0516,2024-05,19
C0276,2024-07,139
C0603,2024-03,16
C0464,2025-07,78
C0075,2024-06,44
C0744,2025-02,47
C0069,2024-07,31
C0425,2024-06,10
C0188,2024-06,58
C0070,2024-06,58
C0154,2024-06,65
C0237,2024-06,133
C0380,2024-06,25
C0750,2024-06,15
C0338,2024-10,75
C0184,2024-11,287
C0167,2024-12,49
C0146,2024-07,107
C0243,2024-11,56
C0286,2024-09,68
C0020,2024-10,58
C0388,2024-06,3
C0537,2024-12,244
C0726,2024-06,4
C0240,2024-07,14
C0421,2024-07,16
C0175,2024-07,33
C0024,2024-07,23
C0058,2024-08,85
C0345,2024-07,24
C0535,2024-07,3
C0124,2024-10,13
C0007,2024-10,62
C0048,2024-10,38
C0499,2024-10,3
C0591,2024-10,3
C0451,2024-08,41
C0407,2024-12,105
C0341,2025-02,64
C0257,2025-02,43
C0398,2024-12,55
C0548,2024-09,3
C0622,2024-09,18
C0631,2024-09,6
C0026,2025-04,14
C0126,2025-02,87
C0327,2025-10,57
C0247,2024-11,55
C0049,2024-11,12
C0533,2024-12,19
C0058,2025-04,107
C0412,2024-12,51
C0233,2025-06,72
C0714,2024-12,34
C0013,2025-02,9
C0444,2025-02,16
C0393,2025-03,66
C0715,2025-02,4
C0396,2024-12,15
C0021,2025-06,76
C0593,2025-05,41
C0457,2025-05,32
C0695,2025-05,4
C0216,2025-05,20
C0300,2025-05,41
C0119,2025-01,1
C0451,2025-04,52
C0120,2025-04,33
C0260,2026-06,2
C0750,2025-08,9
C0373,2025-12,1
C0070,2025-08,75
C0343,2025-09,89
C0365,2025-06,3
C0075,2025-08,65
C0315,2025-07,91
C0289,2025-10,42
C0073,2025-09,61
C0154,2025-08,56
C0052,2025-08,3
C0335,2025-10,1
C0428,2025-09,52
C0526,2025-12,4
C0247,2025-06,77
C0002,2026-02,118
C0201,2026-02,39
C0635,2026-02,6
C0656,2026-02,6
C0662,2026-02,4
C0575,2026-04,3
C0447,2026-04,13
C0039,2025-09,5
C0625,2026-04,4
C0704,2026-06,1
C0664,2025-10,1
C0388,2025-08,5
C0365,2026-04,2
C0466,2021-05,1
C0453,2026-01,2
C0447,2025-06,4
C0049,2025-06,8
C0015,2025-07,83
C0431,2025-07,84
C0696,2025-07,6
C0232,2025-07,39
C0720,2025-07,10
C0742,2025-07,2
C0289,2025-09,36
C0575,2025-06,5
C0298,2025-10,27
C0427,2025-09,13
C0039,2025-10,6
C0531,2025-10,3
C0737,2025-10,2
C0660,2025-10,1
C0089,2025-03,38
C0425,2025-08,9
C0377,2021-01,2
C0192,2025-03,80
C0590,2026-05,5
C0662,2024-03,7
C0168,2025-03,19
C0057,2024-03,42
C0535,2024-04,1
C0724,2024-09,6
C0419,2024-12,59
C0026,2024-08,17
C0277,2024-12,55
C0225,2024-12,59
C0046,2024-12,26
C0120,2024-08,33
C0726,2025-08,5
C0634,2025-09,22
C0351,2024-09,3
C0608,2025-01,7
C0093,2025-03,38
C0331,2024-12,1
C0529,2025-04,5
C0743,2025-04,19
C0549,2025-07,3
C0422,2025-04,2
C0660,2025-09,2
C0335,2025-09,1
C0737,2025-09,2
C0664,2025-09,1
C0147,2023-03,1
C0036,2025-12,1
C0147,2026-04,2
C0650,2024-02,2
C0635,2024-03,3
C0743,2024-08,11
C0575,2024-11,14
C0529,2024-08,2
C0524,2024-12,6
C0625,2024-11,2
C0365,2024-11,1
C0325,2025-07,1
C0453,2024-08,1
C0157,2025-02,1
C0693,2024-09,1
C0571,2025-02,2
C0648,2025-02,2
C0248,2025-02,1
C0617,2025-06,1
C0325,2022-07,1
C0696,2022-07,5
C0531,2022-10,3
C0619,2023-01,4
C0726,2023-10,2
C0717,2023-09,1
C0390,2025-03,2
C0683,2025-03,1
C0335,2022-10,2
C0052,2023-10,1
C0656,2024-03,1
C0151,2021-12,62
C0381,2021-12,6
C0259,2021-12,85
C0731,2021-12,1
C0723,2021-12,22
C0326,2021-11,18
C0113,2021-10,140
C0264,2021-11,43
C0178,2021-11,45
C0478,2022-01,180
C0352,2021-01,124
C0346,2021-07,39
C0098,2022-01,86
C0485,2022-01,149
C0063,2021-04,82
C0255,2022-01,117
C0354,2021-04,85
C0183,2021-06,71
C0638,2021-01,4
C0712,2022-01,40
C0272,2021-04,33
C0075,2021-05,38
C0403,2020-11,27
C0556,2021-07,36
C0358,2021-01,247
C0061,2022-04,53
C0086,2022-04,67
C0210,2022-04,31
C0037,2021-11,102
C0362,2022-04,96
C0164,2022-03,18
C0449,2022-03,1
C0489,2022-04,3
C0493,2022-03,76
C0185,2022-02,44
C0445,2022-03,26
C0366,2022-04,35
C0394,2022-04,40
C0290,2022-03,59
C0184,2023-01,523
C0282,2022-03,34
C0476,2022-05,52
C0348,2022-05,41
C0263,2022-05,90
C0203,2022-03,26
C0316,2022-05,31
C0059,2022-05,39
C0416,2022-04,26
C0671,2022-05,18
C0234,2022-05,39
C0341,2022-08,67
C0430,2020-12,36
C0275,2020-11,44
C0369,2020-10,76
C0428,2020-07,33
C0241,2020-11,48
C0031,2020-01,204
C0176,2020-02,88
C0343,2020-07,65
C0307,2020-11,46
C0333,2021-06,25
C0316,2020-05,32
C0050,2021-07,50
C0634,2020-07,13
C0332,2020-01,60
C0033,2021-02,53
C0439,2020-04,19
C0425,2021-05,8
C0408,2021-04,50
C0124,2020-10,3
C0436,2020-08,37
C0191,2020-02,49
C0280,2021-04,37
C0177,2022-06,38
C0006,2022-06,4
C0455,2022-06,56
C0472,2022-06,70
C0195,2022-06,57
C0211,2022-06,64
C0129,2022-06,81
C0486,2022-06,87
C0572,2022-05,10
C0590,2022-05,6
C0309,2022-04,6
C0409,2022-02,42
C0267,2022-07,38
C0276,2022-07,127
C0069,2022-07,21
C0240,2022-07,17
C0175,2022-07,29
C0345,2022-07,33
C0146,2022-07,68
C0296,2022-07,14
C0153,2022-07,21
C0421,2022-07,26
C0024,2022-07,15
C0186,2021-08,55
C0249,2022-11,36
C0402,2022-11,69
C0258,2022-11,105
C0320,2022-11,50
C0062,2022-10,47
C0040,2022-11,89
C0621,2022-11,2
C0206,2022-11,68
C0437,2022-11,25
C0406,2022-11,15
C0115,2022-11,48
C0171,2022-11,53
C0545,2022-11,4
C0367,2022-11,51
C0357,2022-10,21
C0197,2022-10,23
C0313,2022-10,32
C0516,2022-11,11
C0629,2022-10,6
C0033,2022-09,44
C0551,2020-08,8
C0355,2022-10,33
C0728,2022-10,21
C0465,2020-08,58
C0216,2023-04,21
C0163,2022-02,11
C0213,2022-12,21
C0095,2022-12,8
C0689,2022-12,17
C0372,2022-12,29
C0481,2022-12,50
C0383,2022-12,49
C0128,2022-12,119
C0490,2022-12,9
C0236,2022-12,43
C0139,2022-12,36
C0517,2022-11,1
C0314,2022-12,5
C0607,2022-12,2
C0510,2023-03,53
C0125,2023-03,47
C0166,2023-03,38
C0185,2023-03,54
C0019,2023-03,26
C0233,2023-01,180
C0043,2023-01,90
C0680,2023-03,21
C0409,2023-03,43
C0181,2023-03,31
C0448,2021-07,49
C0163,2023-03,9
C0247,2023-01,94
C0021,2023-01,85
C0347,2021-03,38
C0300,2023-02,44
C0619,2023-03,3
C0635,2021-03,2
C0082,2023-01,83
C0216,2023-02,22
C0417,2022-09,39
C0243,2023-01,117
C0625,2023-01,10
C0593,2023-04,33
C0575,2023-01,29
C0695,2023-04,4
C0049,2023-01,43
C0287,2022-08,23
C0300,2023-04,47
C0457,2023-04,13
C0636,2023-04,8
C0181,2022-02,30
C0457,2023-02,23
C0175,2023-07,43
C0024,2023-07,15
C0276,2023-07,114
C0069,2023-07,33
C0421,2023-07,23
C0146,2023-07,76
C0240,2023-07,12
C0104,2023-05,30
C0044,2023-05,34
C0153,2023-07,22
C0267,2023-07,31
C0345,2023-07,22
C0296,2023-07,22
C0677,2023-08,7
C0587,2023-08,21
C0663,2023-08,2
C0688,2023-08,5
C0561,2023-08,2
C0673,2023-08,1
C0477,2023-08,2
C0057,2023-09,43
C0330,2023-09,85
C0045,2023-09,53
C0002,2023-09,57
C0371,2023-09,24
C0635,2023-09,6
C0201,2023-09,37
C0342,2023-09,36
C0019,2023-12,42
C0185,2023-12,59
C0510,2023-12,54
C0125,2023-12,47
C0409,2023-12,48
C0181,2023-12,26
C0166,2023-12,57
C0680,2023-12,20
C0382,2023-10,95
C0163,2023-12,17
C0098,2023-11,44
C0267,2025-07,75
C0117,2023-10,40
C0194,2023-10,76
C0447,2023-01,8
C0680,2022-02,18
C0564,2022-03,14
C0536,2022-03,2
C0152,2021-11,53
C0675,2022-03,13
C0585,2022-03,1
C0609,2022-03,4
C0019,2022-02,22
C0125,2022-02,40
C0370,2022-03,5
C0242,2021-04,6
C0385,2020-01,108
C0171,2020-03,35
C0141,2022-09,57
C0471,2022-05,3
C0166,2022-02,37
C0450,2022-09,40
C0044,2022-09,25
C0571,2022-08,3
C0104,2022-09,25
C0709,2022-09,2
C0633,2022-09,12
C0126,2022-08,105
C0444,2022-08,8
C0744,2022-08,46
C0257,2022-08,55
C0162,2022-08,20
C0313,2021-09,32
C0497,2022-09,1
C0651,2022-08,19
C0254,2020-11,96
C0593,2023-02,19
C0439,2020-12,31
C0715,2022-08,7
C0484,2020-11,39
C0206,2020-03,81
C0026,2020-06,18
C0695,2023-02,2
C0636,2023-02,7
C0112,2022-12,13
C0446,2020-10,33
C0417,2023-05,41
C0601,2023-06,2
C0172,2023-06,49
C0623,2023-06,4
C0709,2023-05,2
C0033,2023-05,50
C0450,2023-05,30
C0107,2023-06,4
C0535,2023-07,3
C0400,2022-08,21
C0330,2021-03,51
C0712,2023-11,9
C0255,2023-11,62
C0478,2023-11,91
C0485,2023-11,49
C0113,2023-10,113
C0349,2023-10,60
C0339,2023-10,37
C0232,2024-04,44
C0619,2023-12,1
C0122,2024-02,145
C0301,2024-02,29
C0106,2024-02,64
C0189,2024-02,106
C0113,2024-01,360
C0382,2024-01,247
C0120,2020-06,36
C0194,2024-01,370
C0097,2024-02,15
C0005,2021-10,28
C0057,2021-03,69
C0377,2021-06,2
C0528,2022-01,1
C0510,2022-02,41
C0047,2021-08,56
C0619,2022-02,5
C0584,2021-01,42
C0474,2021-04,42
C0348,2020-05,27
C0274,2020-12,1
C0327,2020-07,28
C0071,2020-08,51
C0506,2020-01,38
C0458,2020-08,28
C0304,2021-06,113
C0450,2021-02,20
C0114,2020-02,48
C0237,2021-05,94
C0371,2021-03,28
C0201,2021-03,30
C0017,2021-06,28
C0258,2020-03,75
C0380,2021-05,22
C0360,2020-02,38
C0136,2020-06,79
C0040,2020-03,43
C0009,2020-08,71
C0427,2020-07,39
C0736,2021-01,8
C0104,2021-02,22
C0367,2020-03,46
C0328,2021-07,75
C0045,2021-03,64
C0530,2020-01,112
C0615,2020-02,9
C0013,2022-08,21
C0157,2022-08,3
C0648,2022-08,1
C0248,2022-08,1
C0326,2026-05,10
C0194,2021-10,60
C0741,2022-03,3
C0105,2020-08,62
C0654,2022-07,1
C0205,2021-06,49
C0229,2022-09,1
C0538,2022-12,1
C0141,2023-05,59
C0633,2023-05,17
C0347,2023-09,20
C0603,2023-09,29
C0662,2023-09,3
C0532,2021-01,26
C0605,2023-10,3
C0512,2023-10,5
C0005,2023-10,37
C0015,2026-08,106
C0336,2023-10,8
C0349,2024-01,183
C0117,2024-01,121
C0339,2024-01,119
C0005,2024-01,127
C0512,2024-01,17
C0042,2024-01,6
C0451,2020-06,45
C0217,2020-01,85
C0022,2020-01,12
C0180,2020-01,7
C0516,2020-03,4
C0614,2021-01,7
C0563,2020-01,10
C0375,2020-04,33
C0476,2020-05,60
C0320,2020-03,34
C0059,2020-05,53
C0263,2020-05,67
C0234,2020-05,37
C0671,2020-05,16
C0219,2020-02,39
C0430,2020-04,17
C0048,2020-10,36
C0249,2020-03,63
C0437,2020-03,43
C0553,2020-04,6
C0402,2020-03,85
C0682,2020-04,2
C0590,2020-05,4
C0298,2020-07,45
C0253,2020-08,41
C0145,2020-08,35
C0356,2020-08,3
C0132,2020-08,46
C0567,2020-08,1
C0688,2020-09,8
C0587,2020-09,17
C0289,2020-07,55
C0246,2020-08,10
C0677,2020-09,3
C0115,2020-03,36
C0673,2020-09,2
C0141,2021-02,52
C0012,2020-07,29
C0091,2021-08,28
C0626,2021-01,6
C0058,2020-06,68
C0375,2020-12,31
C0604,2021-01,12
C0616,2021-01,34
C0334,2021-07,42
C0190,2021-01,1
C0541,2021-01,7
C0586,2021-01,21
C0338,2020-10,54
C0322,2021-01,10
C0406,2020-03,14
C0044,2021-02,24
C0411,2021-01,5
C0292,2020-11,19
C0209,2021-06,49
C0188,2021-05,45
C0685,2021-06,4
C0558,2021-06,8
C0644,2021-07,6
C0245,2021-07,61
C0070,2021-05,36
C0570,2021-07,10
C0581,2021-07,5
C0227,2021-07,28
C0509,2021-07,10
C0550,2021-07,9
C0123,2021-07,29
C0518,2021-07,4
C0052,2021-05,5
C0154,2021-05,50
C0488,2021-07,2
C0382,2021-10,93
C0349,2021-10,56
C0357,2021-09,24
C0512,2021-10,2
C0117,2021-10,48
C0339,2021-10,22
C0514,2021-10,3
C0062,2021-09,34
C0336,2021-10,9
C0214,2021-11,16
C0266,2021-11,43
C0420,2021-11,33
C0068,2021-11,31
C0605,2021-10,3
C0197,2021-09,25
C0363,2021-11,23
C0602,2021-11,10
C0417,2021-02,33
C0294,2023-09,2
C0656,2023-09,1
C0572,2020-05,3
C0295,2020-02,33
C0131,2020-09,2
C0716,2021-07,2
C0173,2021-09,4
C0728,2021-09,21
C0432,2021-11,1
C0705,2021-10,1
C0740,2022-03,1
C0319,2020-02,18
C0598,2020-02,2
C0284,2020-01,5
C0422,2020-06,1
C0073,2020-07,54
C0529,2020-06,4
C0335,2020-07,1
C0039,2020-07,1
C0738,2020-03,3
C0531,2020-07,2
C0737,2020-07,4
C0630,2020-11,17
C0007,2020-10,42
C0103,2020-11,53
C0020,2020-10,37
C0302,2020-10,33
C0578,2020-11,1
C0029,2020-11,22
C0477,2020-09,1
C0553,2020-12,4
C0002,2021-03,44
C0633,2021-02,10
C0342,2021-03,47
C0603,2021-03,14
C0294,2021-03,7
C0656,2021-03,2
C0035,2021-04,5
C0278,2021-04,80
C0299,2021-04,2
C0238,2021-04,14
C0729,2021-04,1
C0034,2021-05,28
C0388,2021-05,3
C0187,2021-04,2
C0081,2020-02,1
C0750,2021-05,4
C0662,2021-03,2
C0312,2021-07,2
C0667,2021-08,17
C0519,2021-08,3
C0355,2021-09,36
C0545,2020-03,2
C0621,2020-03,3
C0499,2020-10,5
C0591,2020-10,2
C0561,2020-09,2
C0051,2021-04,1
C0466,2021-10,2
C0116,2021-01,1
C0513,2021-11,2
C0392,2021-11,3
C0361,2020-04,1
C0666,2020-04,1
C0664,2020-07,3
C0682,2020-12,1
C0726,2021-05,1
C0374,2021-04,1
C0534,2021-06,2
C0629,2021-09,4
C0096,2021-04,1
C0420,2026-05,137
C0258,2026-01,970
C0409,2026-04,73
C0040,2026-01,524
C0170,2024-09,91
C0437,2026-01,296
C0037,2026-05,199
C0320,2026-01,237
C0266,2026-05,56
C0068,2026-05,41
C0152,2026-05,42
C0214,2026-05,52
C0367,2026-01,177
C0402,2026-01,232
C0738,2026-01,10
C0392,2026-05,6
C0275,2026-07,43
C0235,2026-06,83
C0307,2026-07,120
C0120,2024-05,33
C0241,2026-07,142
C0254,2026-07,252
C0578,2026-07,8
C0403,2026-07,20
C0115,2026-01,219
C0264,2026-05,86
C0484,2026-07,71
C0125,2026-04,75
C0103,2026-07,58
C0220,2026-03,31
C0292,2026-07,43
C0029,2026-07,50
C0545,2026-01,27
C0406,2026-01,193
C0166,2024-11,59
C0249,2026-01,112
C0206,2026-01,156
C0352,2025-11,99
C0315,2026-08,107
C0630,2026-07,10
C0517,2026-01,36
C0171,2026-01,136
C0102,2026-03,117
C0548,2026-06,9
C0355,2025-10,51
C0072,2025-01,330
C0313,2025-09,36
C0136,2024-05,51
C0313,2025-10,46
C0451,2024-05,46
C0350,2026-03,91
C0297,2025-12,104
C0421,2025-07,24
C0194,2024-06,105
C0258,2025-04,121
C0532,2025-11,38
C0341,2025-03,89
C0158,2025-01,342
C0402,2025-04,59
C0358,2025-11,88
C0631,2026-06,12
C0616,2025-11,33
C0357,2025-09,42
C0604,2025-11,19
C0736,2025-11,5
C0584,2025-11,6
C0565,2025-11,12
C0197,2025-10,41
C0626,2025-11,8
C0460,2025-12,85
C0194,2025-08,127
C0409,2025-06,52
C0411,2025-11,1
C0024,2025-07,32
C0166,2026-04,56
C0113,2025-08,128
C0003,2025-01,44
C0185,2025-06,56
C0387,2025-12,50
C0185,2026-04,70
C0516,2026-01,21
C0386,2024-09,53
C0355,2025-09,37
C0320,2025-04,65
C0502,2025-12,5
C0357,2025-10,64
C0117,2025-08,64
C0053,2025-01,4
C0367,2025-04,62
C0285,2026-03,98
C0515,2026-03,10
C0269,2026-03,43
C0410,2026-03,50
C0303,2026-03,30
C0508,2026-03,2
C0273,2026-02,5
C0694,2026-03,10
C0086,2024-10,80
C0464,2026-08,65
C0248,2025-03,2
C0224,2024-09,44
C0621,2026-01,9
C0642,2025-01,51
C0178,2026-05,69
C0339,2025-08,64
C0363,2026-05,11
C0602,2026-05,9
C0028,2025-02,61
C0394,2024-10,76
C0258,2024-08,143
C0117,2024-06,55
C0058,2024-05,87
C0286,2026-06,96
C0622,2026-06,21
C0693,2026-06,7
C0261,2026-06,3
C0351,2026-06,19
C0596,2026-01,1
C0140,2025-02,42
C0542,2026-08,17
C0320,2024-08,54
C0232,2026-08,51
C0431,2026-08,69
C0742,2026-08,10
C0112,2024-12,21
C0213,2024-12,33
C0383,2024-12,86
C0095,2024-12,12
C0125,2024-11,59
C0265,2024-09,12
C0696,2026-08,2
C0549,2026-08,4
C0128,2024-12,82
C0382,2025-08,101
C0349,2025-08,78
C0432,2026-05,1
C0325,2026-08,3
C0016,2026-02,79
C0720,2026-08,3
C0605,2024-01,9
C0705,2024-01,3
C0514,2024-01,8
C0336,2024-01,20
C0315,2024-04,68
C0431,2024-04,77
C0542,2024-04,13
C0015,2024-04,61
C0464,2024-04,44
C0720,2024-04,9
C0742,2024-04,10
C0171,2024-08,45
C0549,2024-04,3
C0185,2024-11,51
C0005,2024-06,33
C0232,2024-07,55
C0431,2024-07,64
C0696,2024-04,5
C0016,2024-03,48
C0325,2024-04,1
C0743,2024-05,14
C0402,2024-08,66
C0529,2024-05,10
C0422,2024-05,2
C0026,2024-05,16
C0382,2024-06,80
C0466,2024-01,1
C0409,2024-11,68
C0206,2024-08,89
C0367,2024-08,57
C0512,2024-06,10
C0113,2024-06,116
C0349,2024-06,69
C0336,2024-06,15
C0042,2024-06,1
C0339,2024-06,38
C0249,2024-08,35
C0271,2024-02,28
C0514,2024-06,3
C0605,2024-06,7
C0545,2025-04,6
C0159,2024-09,51
C0115,2024-08,52
C0139,2024-12,24
C0464,2024-07,44
C0015,2024-07,76
C0315,2024-07,65
C0742,2024-07,8
C0542,2024-07,8
C0720,2024-07,7
C0549,2024-07,2
C0696,2024-07,4
C0510,2024-11,64
C0061,2024-10,59
C0406,2024-08,19
C0366,2024-10,43
C0437,2024-08,29
C0210,2024-10,46
C0362,2024-10,91
C0379,2024-09,29
C0481,2024-12,48
C0149,2024-09,37
C0416,2024-10,43
C0309,2024-10,9
C0489,2024-10,3
C0442,2024-09,1
C0498,2024-09,10
C0089,2025-02,47
C0582,2024-09,10
C0040,2024-08,112
C0680,2024-11,27
C0181,2024-11,13
C0019,2024-11,30
C0314,2024-12,2
C0597,2025-01,25
C0126,2025-03,122
C0257,2025-03,70
C0637,2025-01,6
C0093,2025-02,29
C0393,2025-02,56
C0192,2025-02,66
C0168,2025-02,19
C0683,2025-02,2
C0715,2025-03,12
C0276,2025-07,162
C0665,2025-02,8
C0146,2025-07,129
C0500,2025-05,5
C0218,2025-05,112
C0424,2025-05,42
C0144,2025-05,25
C0040,2025-04,153
C0728,2025-09,49
C0490,2024-12,8
C0406,2025-04,17
C0171,2025-04,41
C0249,2025-04,45
C0206,2025-04,102
C0621,2025-04,2
C0746,2025-05,17
C0163,2026-04,20
C0724,2026-06,5
C0125,2025-06,50
C0181,2026-04,39
C0163,2024-11,10
C0400,2025-03,43
C0062,2025-09,35
C0175,2025-07,37
C0162,2025-03,14
C0069,2025-07,33
C0437,2025-04,60
C0296,2025-07,32
C0115,2025-04,52
C0062,2025-10,45
C0019,2025-06,35
C0101,2024-02,21
C0005,2025-08,46
C0614,2025-11,5
C0745,2025-12,9
C0099,2025-12,4
C0491,2025-12,1
C0748,2026-02,2
C0087,2025-09,2
C0611,2026-03,5
C0042,2025-08,1
C0680,2026-04,34
C0019,2026-04,42
C0510,2026-04,44
C0619,2026-04,12
C0173,2025-09,4
C0325,2024-07,1
C0166,2025-06,64
C0510,2025-06,64
C0680,2025-06,30
C0163,2025-06,16
C0181,2025-06,12
C0619,2025-06,3
C0240,2025-07,23
C0153,2025-07,36
C0345,2025-07,21
C0204,2025-06,1
C0197,2025-09,18
C0042,2023-10,4
C0728,2025-10,54
C0629,2025-10,9
C0087,2025-10,6
C0173,2025-10,2
C0190,2025-11,2
C0336,2025-08,15
C0588,2024-03,1
C0738,2024-08,1
C0739,2024-09,10
C0517,2024-08,10
C0260,2024-09,1
C0545,2024-08,9
C0236,2024-12,84
C0689,2024-12,8
C0372,2024-12,17
C0513,2026-05,3
C0704,2024-09,1
C0744,2025-03,41
C0287,2025-03,18
C0013,2025-03,11
C0571,2025-03,2
C0516,2025-04,15
C0512,2025-08,2
C0199,2025-01,5
C0607,2024-12,2
C0444,2025-03,12
C0651,2025-03,12
C0157,2025-03,1
C0738,2025-04,1
C0517,2025-04,5
C0628,2025-01,3
C0322,2025-11,2
C0541,2025-11,1
C0605,2025-08,2
C0629,2025-09,1
C0717,2026-02,5
C0305,2026-03,1
C0522,2026-04,1
C0204,2026-04,2
C0627,2024-02,6
C0092,2022-12,1
C0657,2024-02,8
C0748,2024-03,2
C0273,2024-03,1
C0547,2024-02,1
C0516,2024-08,11
C0621,2024-08,1
C0538,2024-12,2
C0535,2025-07,1
C0514,2025-08,1
C0705,2025-08,2
C0679,2022-12,1
C0619,2024-11,3
C0365,2023-01,3
C0087,2022-10,1
C0514,2023-10,3
C0705,2023-10,1
C0173,2022-10,2
C0643,2022-10,1
C0106,2021-10,51
C0176,2021-12,92
C0615,2021-12,8
C0360,2021-12,51
C0319,2021-12,23
C0295,2021-12,40
C0598,2021-12,5
C0191,2021-12,45
C0114,2021-12,69
C0186,2021-09,47
C0219,2021-12,56
C0061,2022-01,163
C0349,2024-02,72
C0394,2022-01,146
C0362,2022-01,283
C0386,2021-06,58
C0366,2022-01,75
C0416,2022-01,86
C0309,2022-01,12
C0086,2022-01,120
C0149,2021-06,29
C0170,2021-06,90
C0548,2021-01,16
C0355,2021-08,53
C0297,2021-07,29
C0210,2022-01,57
C0062,2021-08,39
C0235,2021-01,126
C0712,2022-04,11
C0485,2022-04,61
C0457,2022-03,27
C0478,2022-04,70
C0255,2022-04,77
C0443,2022-02,58
C0167,2022-07,35
C0098,2022-04,33
C0593,2022-03,23
C0222,2022-02,58
C0216,2022-03,20
C0088,2022-05,38
C0109,2022-05,60
C0196,2022-05,54
C0161,2022-05,31
C0208,2022-05,39
C0672,2022-05,12
C0441,2022-05,3
C0318,2020-09,17
C0218,2021-04,73
C0182,2020-06,16
C0196,2020-05,65
C0155,2020-07,106
C0208,2020-05,34
C0130,2020-09,43
C0395,2020-01,105
C0410,2020-10,47
C0452,2020-11,58
C0011,2020-06,34
C0127,2020-11,49
C0223,2020-01,116
C0172,2021-02,51
C0271,2021-10,44
C0102,2020-10,48
C0158,2022-06,110
C0710,2022-05,3
C0072,2022-06,64
C0003,2022-06,17
C0597,2022-06,2
C0637,2022-06,1
C0091,2022-10,26
C0642,2022-06,5
C0540,2022-05,4
C0199,2022-06,5
C0419,2022-07,66
C0277,2022-07,39
C0398,2022-07,50
C0475,2022-07,49
C0225,2022-07,47
C0193,2022-07,4
C0401,2022-07,18
C0407,2022-07,48
C0228,2022-07,32
C0537,2022-07,156
C0412,2022-07,36
C0046,2022-07,18
C0391,2022-07,22
C0714,2022-07,29
C0396,2022-07,7
C0256,2022-11,56
C0533,2022-07,12
C0524,2022-07,2
C0311,2020-06,58
C0138,2020-06,34
C0189,2021-10,68
C0047,2022-10,64
C0186,2022-10,54
C0414,2022-11,37
C0172,2022-09,56
C0030,2022-11,6
C0077,2022-11,1
C0404,2022-11,1
C0405,2023-09,51
C0232,2022-12,46
C0431,2022-12,61
C0464,2022-12,50
C0542,2022-12,6
C0315,2022-12,72
C0015,2022-12,58
C0742,2022-12,10
C0549,2022-12,3
C0720,2022-12,7
C0589,2023-03,1
C0443,2023-03,54
C0222,2023-03,68
C0592,2023-03,22
C0697,2023-03,3
C0317,2023-01,86
C0613,2023-03,2
C0200,2023-01,123
C0038,2023-01,65
C0156,2023-01,112
C0282,2023-02,41
C0353,2023-01,12
C0203,2023-02,39
C0564,2023-02,16
C0251,2022-08,45
C0493,2023-04,94
C0290,2023-04,46
C0164,2023-04,22
C0282,2023-04,46
C0445,2023-04,18
C0032,2023-03,3
C0609,2023-04,4
C0675,2023-04,13
C0370,2023-04,6
C0203,2023-04,24
C0564,2023-04,22
C0536,2023-04,2
C0306,2022-08,42
C0714,2023-07,21
C0537,2023-07,214
C0225,2023-07,61
C0419,2023-07,54
C0228,2023-07,27
C0475,2023-07,64
C0391,2023-07,43
C0412,2023-07,40
C0407,2023-07,72
C0277,2023-07,43
C0398,2023-07,63
C0396,2023-07,8
C0046,2023-07,17
C0533,2023-07,10
C0167,2023-07,28
C0094,2023-08,55
C0202,2023-08,78
C0318,2023-08,17
C0483,2023-08,65
C0133,2023-08,60
C0130,2023-08,25
C0310,2023-08,31
C0150,2023-08,23
C0401,2023-07,19
C0632,2023-01,8
C0417,2023-06,38
C0526,2023-08,3
C0687,2023-01,9
C0036,2023-08,1
C0373,2023-08,2
C0033,2023-06,70
C0104,2023-06,25
C0555,2023-09,21
C0364,2023-09,31
C0674,2023-09,3
C0725,2023-09,8
C0544,2023-09,2
C0463,2023-09,38
C0222,2023-12,63
C0592,2023-12,25
C0443,2023-12,73
C0061,2023-11,64
C0210,2023-11,42
C0697,2023-12,9
C0697,2022-02,5
C0393,2020-04,74
C0192,2020-12,58
C0636,2022-03,9
C0300,2022-03,45
C0695,2022-03,4
C0393,2020-12,59
C0310,2020-09,38
C0368,2020-07,45
C0379,2021-06,35
C0582,2021-06,10
C0161,2020-05,26
C0064,2022-05,1
C0667,2021-09,13
C0321,2022-08,12
C0270,2022-08,40
C0601,2022-09,5
C0107,2022-09,4
C0150,2020-09,26
C0426,2020-11,53
C0719,2022-08,1
C0424,2021-04,35
C0165,2022-08,24
C0389,2022-08,28
C0623,2022-09,3
C0226,2022-08,115
C0323,2022-08,26
C0137,2020-01,79
C0493,2023-02,80
C0164,2023-02,30
C0290,2023-02,39
C0445,2023-02,17
C0675,2023-02,11
C0370,2023-02,4
C0449,2023-02,1
C0741,2023-02,2
C0554,2022-08,2
C0609,2023-02,5
C0143,2020-06,64
C0141,2023-06,61
C0450,2023-06,34
C0044,2023-06,24
C0633,2023-06,10
C0329,2023-04,4
C0193,2023-07,5
C0524,2023-07,3
C0574,2023-07,2
C0577,2023-01,15
C0362,2023-11,127
C0086,2023-11,64
C0394,2023-11,44
C0366,2023-11,58
C0416,2023-11,34
C0489,2023-11,6
C0309,2023-11,5
C0311,2024-05,56
C0101,2023-10,23
C0189,2023-10,85
C0271,2023-10,51
C0032,2023-12,5
C0189,2024-01,220
C0546,2023-12,1
C0113,2024-02,132
C0382,2024-02,108
C0122,2024-01,419
C0301,2024-01,51
C0005,2024-02,36
C0194,2024-02,77
C0106,2023-10,73
C0339,2024-02,46
C0117,2024-02,46
C0106,2024-01,240
C0727,2024-05,40
C0592,2022-02,20
C0357,2021-08,27
C0010,2021-05,31
C0032,2022-02,5
C0387,2021-07,46
C0239,2021-05,46
C0122,2021-10,141
C0718,2020-01,26
C0569,2020-01,22
C0093,2020-12,31
C0665,2020-12,11
C0350,2020-10,42
C0174,2020-01,46
C0623,2021-02,1
C0212,2020-01,93
C0088,2020-05,38
C0089,2020-12,51
C0179,2020-08,14
C0286,2021-01,162
C0202,2020-09,64
C0405,2021-03,42
C0622,2021-01,38
C0093,2020-04,29
C0144,2021-04,36
C0089,2020-04,52
C0608,2020-11,2
C0053,2022-06,1
C0324,2022-08,49
C0496,2022-08,1
C0670,2022-08,7
C0521,2022-08,5
C0653,2022-08,2
C0686,2022-08,3
C0696,2022-12,3
C0325,2022-12,3
C0074,2022-12,1
C0301,2021-10,22
C0667,2022-10,11
C0741,2023-04,1
C0740,2023-04,1
C0172,2023-05,44
C0094,2020-09,29
C0566,2023-09,9
C0122,2023-10,135
C0301,2023-10,23
C0627,2023-10,2
C0215,2023-10,1
C0097,2023-10,8
C0271,2024-01,171
C0657,2024-01,14
C0097,2024-01,31
C0101,2024-01,101
C0060,2024-03,214
C0256,2020-03,45
C0192,2020-04,42
C0140,2020-04,33
C0665,2020-04,7
C0441,2020-05,1
C0109,2020-05,43
C0168,2020-04,18
C0028,2020-04,25
C0414,2020-03,47
C0064,2020-05,2
C0672,2020-05,13
C0710,2020-05,1
C0454,2020-08,25
C0027,2020-08,31
C0055,2020-06,40
C0501,2020-08,7
C0423,2020-08,35
C0583,2020-08,11
C0526,2020-09,3
C0727,2020-06,38
C0133,2020-09,43
C0483,2020-09,52
C0065,2020-07,26
C0711,2020-08,2
C0676,2020-11,21
C0467,2020-01,2
C0036,2020-09,1
C0631,2021-01,3
C0724,2021-01,3
C0364,2021-03,40
C0140,2020-12,50
C0693,2021-01,12
C0351,2021-01,14
C0285,2020-10,50
C0574,2022-07,1
C0101,2021-10,28
C0557,2020-11,39
C0107,2021-02,7
C0224,2021-06,38
C0479,2021-06,1
C0498,2021-06,5
C0265,2021-06,10
C0473,2021-05,34
C0739,2021-06,6
C0745,2021-07,11
C0460,2021-07,27
C0704,2021-06,1
C0459,2021-05,53
C0047,2021-09,64
C0097,2021-10,9
C0657,2021-10,5
C0221,2021-11,59
C0085,2021-11,27
C0260,2021-06,2
C0091,2021-09,31
C0627,2021-10,1
C0313,2021-08,41
C0623,2023-05,7
C0107,2023-05,7
C0601,2023-05,9
C0559,2023-05,1
C0159,2021-06,33
C0624,2023-09,4
C0606,2020-01,14
C0552,2020-06,21
C0099,2021-07,1
C0438,2021-11,1
C0028,2020-12,26
C0151,2020-02,52
C0259,2020-02,50
C0066,2020-07,31
C0723,2020-02,13
C0381,2020-02,5
C0539,2020-06,6
C0169,2020-06,28
C0576,2020-06,4
C0543,2020-07,2
C0429,2020-11,39
C0655,2020-01,1
C0681,2020-07,1
C0269,2020-10,47
C0399,2020-11,69
C0303,2020-10,15
C0230,2020-11,14
C0515,2020-10,9
C0747,2020-11,2
C0694,2020-10,5
C0168,2020-12,15
C0713,2020-11,4
C0674,2021-03,3
C0624,2021-03,4
C0555,2021-03,13
C0566,2021-03,1
C0463,2021-03,36
C0220,2020-10,15
C0397,2020-09,2
C0725,2021-03,5
C0261,2021-01,6
C0544,2021-03,1
C0746,2021-04,6
C0500,2021-04,4
C0378,2021-05,33
C0684,2021-05,10
C0650,2021-05,2
C0629,2021-08,5
C0728,2021-08,18
C0197,2021-08,17
C0173,2021-08,3
C0288,2020-08,6
C0148,2021-08,3
C0519,2021-09,2
C0594,2021-12,1
C0077,2020-03,4
C0030,2020-03,4
C0540,2020-05,2
C0305,2020-10,1
C0508,2020-10,1
C0611,2020-10,2
C0707,2020-08,1
C0601,2021-02,3
C0502,2021-07,3
C0720,2024-12,8
C0456,2021-03,1
C0442,2021-06,2
C0087,2021-08,2
C0613,2022-02,2
C0589,2022-02,1
C0546,2022-02,2
C0108,2020-07,1
C0489,2022-01,2
C0618,2021-12,1
C0221,2026-05,109
C0486,2025-01,322
C0048,2026-03,129
C0352,2026-06,68
C0414,2026-01,211
C0228,2025-07,35
C0230,2026-07,84
C0426,2026-07,111
C0713,2026-07,14
C0429,2026-07,48
C0127,2026-07,83
C0747,2026-07,45
C0557,2026-07,38
C0608,2026-07,8
C0399,2026-07,67
C0452,2026-07,98
C0128,2026-08,84
C0509,2025-12,22
C0030,2026-01,11
C0227,2025-12,107
C0541,2026-06,4
C0324,2025-03,40
C0589,2026-04,4
C0676,2026-07,12
C0328,2025-12,155
C0389,2025-03,46
C0391,2025-07,39
C0443,2026-04,112
C0256,2026-01,144
C0448,2025-12,81
C0358,2026-06,92
C0083,2026-02,47
C0143,2024-05,85
C0538,2024-07,1
C0077,2026-01,14
C0020,2026-03,46
C0481,2026-08,71
C0277,2025-07,76
C0592,2025-06,45
C0235,2025-11,95
C0286,2025-11,115
C0195,2025-01,273
C0622,2025-11,22
C0548,2025-11,6
C0177,2025-01,91
C0414,2025-04,51
C0443,2025-06,76
C0242,2025-05,6
C0271,2025-08,54
C0129,2025-01,191
C0122,2025-08,172
C0211,2025-01,218
C0186,2025-10,58
C0106,2024-06,86
C0455,2025-01,145
C0631,2025-11,12
C0693,2025-11,7
C0050,2025-12,94
C0600,2026-02,7
C0472,2025-01,152
C0383,2026-08,78
C0724,2025-11,11
C0351,2025-11,11
C0091,2025-10,36
C0644,2025-12,13
C0245,2025-12,97
C0334,2025-12,78
C0556,2025-12,97
C0123,2025-12,106
C0346,2025-12,74
C0312,2025-12,43
C0570,2025-12,12
C0106,2025-08,100
C0553,2025-02,18
C0434,2026-01,2
C0404,2026-01,7
C0550,2025-12,14
C0592,2026-04,55
C0238,2025-05,28
C0512,2024-02,9
C0261,2025-11,1
C0251,2025-03,104
C0167,2025-07,41
C0236,2024-07,61
C0338,2026-03,111
C0302,2026-03,62
C0369,2026-03,164
C0446,2026-03,162
C0007,2026-03,39
C0124,2026-03,61
C0401,2025-07,29
C0060,2026-02,215
C0539,2024-05,4
C0063,2025-05,92
C0415,2026-02,31
C0101,2024-06,29
C0499,2026-03,3
C0189,2024-06,73
C0301,2025-08,34
C0278,2025-05,138
C0591,2026-03,5
C0443,2024-11,90
C0236,2026-08,104
C0085,2026-05,44
C0252,2026-02,59
C0438,2026-05,6
C0412,2025-07,52
C0252,2024-03,34
C0213,2024-04,23
C0213,2024-07,22
C0083,2024-03,42
C0189,2025-08,87
C0565,2026-06,11
C0616,2026-06,37
C0626,2026-06,14
C0532,2026-06,25
C0604,2026-06,11
C0584,2026-06,4
C0586,2026-06,4
C0481,2024-04,46
C0095,2026-08,15
C0139,2026-08,12
C0372,2026-08,29
C0213,2026-08,30
C0490,2026-08,13
C0689,2026-08,11
C0112,2026-08,22
C0314,2026-08,2
C0232,2024-12,49
C0119,2026-07,1
C0322,2026-06,3
C0315,2024-12,82
C0538,2026-08,3
C0092,2026-08,2
C0679,2026-08,1
C0485,2024-10,49
C0627,2024-01,6
C0256,2024-08,69
C0138,2024-05,75
C0490,2024-04,11
C0383,2024-04,51
C0236,2024-04,49
C0128,2024-04,73
C0538,2024-04,4
C0112,2024-04,11
C0122,2024-06,134
C0139,2024-04,24
C0689,2024-04,13
C0205,2024-09,51
C0372,2024-04,15
C0095,2024-04,2
C0011,2024-05,80
C0314,2024-04,1
C0097,2024-06,13
C0079,2024-03,1
C0255,2024-10,55
C0552,2024-05,28
C0055,2024-05,26
C0182,2024-05,17
C0169,2024-05,74
C0576,2024-05,15
C0017,2024-09,30
C0645,2024-05,2
C0333,2024-09,14
C0301,2024-06,30
C0271,2024-06,44
C0336,2024-02,9
C0015,2024-12,82
C0304,2024-09,113
C0128,2024-07,73
C0627,2024-06,2
C0383,2024-07,67
C0139,2024-07,14
C0372,2024-07,20
C0481,2024-07,43
C0464,2024-12,72
C0689,2024-07,8
C0112,2024-07,10
C0095,2024-07,6
C0098,2024-10,38
C0478,2024-10,94
C0354,2025-05,76
C0712,2024-10,16
C0183,2024-09,76
C0431,2024-12,85
C0439,2025-02,15
C0209,2024-09,58
C0414,2024-08,44
C0222,2024-11,47
C0592,2024-11,28
C0384,2025-01,2
C0375,2025-02,39
C0430,2025-02,19
C0490,2024-07,7
C0361,2025-02,2
C0682,2025-02,3
C0165,2025-03,21
C0474,2025-05,46
C0280,2025-05,48
C0272,2025-05,36
C0408,2025-05,48
C0729,2025-05,2
C0270,2025-03,65
C0703,2025-05,1
C0256,2025-04,61
C0714,2025-07,29
C0323,2025-03,47
C0398,2025-07,66
C0736,2026-06,7
C0411,2026-06,2
C0190,2026-06,3
C0614,2026-06,1
C0415,2024-03,22
C0518,2025-12,14
C0716,2025-12,4
C0396,2025-07,12
C0091,2025-09,39
C0101,2025-08,21
C0537,2025-07,231
C0581,2025-12,7
C0488,2025-12,2
C0006,2025-01,8
C0160,2026-02,11
C0646,2026-02,3
C0160,2024-03,5
C0030,2025-04,9
C0521,2025-03,19
C0222,2026-04,83
C0697,2026-04,3
C0047,2025-10,94
C0613,2026-04,2
C0306,2025-03,34
C0638,2026-06,1
C0110,2026-06,1
C0627,2025-08,4
C0299,2025-05,6
C0142,2026-01,1
C0607,2026-08,1
C0032,2025-06,4
C0222,2025-06,59
C0519,2025-10,9
C0697,2025-06,2
C0613,2025-06,3
C0546,2025-06,1
C0046,2025-07,29
C0475,2025-07,64
C0407,2025-07,165
C0419,2025-07,68
C0225,2025-07,76
C0047,2025-09,89
C0533,2025-07,22
C0667,2025-10,13
C0186,2025-09,42
C0667,2025-09,13
C0142,2025-04,1
C0226,2025-03,126
C0519,2025-09,7
C0244,2021-01,1
C0359,2020-08,1
C0092,2024-04,1
C0607,2024-04,1
C0558,2024-09,7
C0377,2024-09,1
C0685,2024-09,4
C0696,2024-12,3
C0542,2024-12,13
C0719,2025-03,14
C0534,2024-09,14
C0077,2024-08,4
C0321,2025-03,14
C0554,2025-03,4
C0653,2025-03,5
C0670,2025-03,7
C0686,2025-03,3
C0589,2025-06,1
C0524,2025-07,3
C0574,2025-07,4
C0193,2025-07,3
C0035,2025-05,4
C0096,2025-05,3
C0097,2025-08,17
C0051,2025-05,1
C0525,2026-02,1
C0079,2026-02,1
C0032,2026-04,1
C0042,2024-02,1
C0646,2024-03,4
C0600,2024-03,6
C0090,2024-03,1
C0525,2024-03,2
C0404,2024-08,1
C0030,2024-08,5
C0589,2024-11,2
C0742,2024-12,6
C0549,2024-12,1
C0325,2024-12,1
C0404,2025-04,3
C0077,2025-04,3
C0187,2025-05,1
C0657,2025-08,3
C0215,2025-08,1
C0613,2023-12,2
C0514,2024-02,3
C0705,2024-02,1
C0605,2024-02,3
C0657,2024-06,1
C0314,2024-07,1
C0607,2024-07,1
C0679,2024-07,1
C0032,2024-11,3
C0697,2024-11,8
C0546,2024-11,2
C0666,2025-02,2
C0449,2023-04,1
C0536,2023-02,1
C0657,2023-10,7
C0547,2023-10,1
C0519,2022-10,3
C0497,2023-06,1
C0067,2021-12,201
C0121,2021-12,78
C0459,2021-10,53
C0250,2021-12,44
C0700,2021-12,32
C0462,2021-12,24
C0487,2021-12,25
C0293,2021-12,30
C0369,2022-01,250
C0446,2022-01,146
C0020,2022-01,116
C0302,2022-01,57
C0427,2021-08,17
C0048,2022-01,125
C0338,2022-01,117
C0170,2021-01,210
C0386,2021-01,173
C0379,2021-01,103
C0208,2021-11,21
C0007,2022-01,73
C0106,2021-05,47
C0066,2021-09,41
C0300,2021-04,29
C0647,2021-12,9
C0433,2021-12,4
C0172,2020-01,119
C0498,2021-01,13
C0159,2021-01,79
C0285,2022-04,46
C0218,2022-03,65
C0220,2022-04,22
C0317,2022-02,55
C0410,2022-04,39
C0102,2022-04,48
C0124,2022-01,21
C0144,2022-03,32
C0737,2021-08,4
C0424,2022-03,32
C0269,2022-04,40
C0515,2022-04,8
C0088,2021-11,45
C0746,2022-03,12
C0221,2022-05,80
C0085,2022-05,44
C0221,2020-05,67
C0224,2021-01,70
C0265,2021-01,19
C0137,2021-02,30
C0083,2021-03,43
C0341,2020-12,62
C0072,2020-11,48
C0298,2021-08,33
C0435,2020-02,34
C0216,2021-04,31
C0444,2020-04,18
C0400,2020-12,69
C0138,2020-03,40
C0143,2020-03,57
C0340,2020-08,68
C0440,2020-02,33
C0350,2022-04,54
C0399,2022-06,88
C0452,2022-06,65
C0426,2022-06,76
C0429,2022-06,53
C0557,2022-06,27
C0676,2022-06,15
C0230,2022-06,21
C0438,2022-05,6
C0747,2022-06,7
C0127,2022-06,38
C0608,2022-06,2
C0713,2022-06,5
C0128,2022-07,73
C0383,2022-07,44
C0490,2022-07,9
C0236,2022-07,30
C0095,2022-07,7
C0139,2022-07,28
C0372,2022-07,16
C0481,2022-07,40
C0213,2022-07,14
C0112,2022-07,6
C0314,2022-07,1
C0428,2021-08,39
C0689,2022-07,10
C0538,2022-07,5
C0239,2021-10,37
C0066,2022-10,30
C0138,2022-11,61
C0011,2022-11,66
C0311,2022-11,52
C0552,2022-11,20
C0065,2022-10,17
C0155,2022-10,156
C0727,2022-11,35
C0169,2022-11,63
C0143,2022-11,74
C0055,2022-11,24
C0543,2022-10,2
C0182,2022-11,10
C0576,2022-11,8
C0645,2022-11,3
C0267,2022-12,41
C0539,2022-11,3
C0368,2022-10,25
C0024,2022-12,24
C0153,2022-12,27
C0069,2022-12,24
C0276,2022-12,138
C0421,2022-12,40
C0146,2022-12,92
C0240,2022-12,16
C0654,2022-12,3
C0175,2022-12,52
C0345,2022-12,28
C0296,2022-12,24
C0317,2023-03,59
C0200,2023-03,61
C0156,2023-03,55
C0697,2023-01,8
C0038,2023-03,31
C0474,2023-02,32
C0063,2023-02,82
C0222,2023-01,78
C0577,2023-03,6
C0354,2023-02,66
C0443,2023-01,87
C0687,2023-03,2
C0613,2023-01,5
C0354,2023-04,50
C0272,2023-04,39
C0278,2023-04,109
C0242,2023-04,18
C0063,2023-04,74
C0474,2023-04,42
C0592,2023-01,48
C0408,2023-04,44
C0238,2023-04,16
C0035,2023-04,3
C0280,2023-04,44
C0548,2021-06,6
C0299,2023-04,5
C0729,2023-04,1
C0481,2023-07,54
C0128,2023-07,76
C0383,2023-07,44
C0372,2023-07,16
C0236,2023-07,36
C0213,2023-07,19
C0297,2023-08,64
C0112,2023-07,10
C0095,2023-07,6
C0031,2023-06,38
C0387,2023-08,48
C0460,2023-08,44
C0745,2023-08,3
C0139,2023-07,20
C0502,2023-08,1
C0032,2023-01,11
C0546,2023-01,5
C0415,2023-09,15
C0060,2023-09,169
C0252,2023-09,50
C0238,2023-02,12
C0083,2023-09,25
C0600,2023-09,6
C0156,2023-12,45
C0684,2023-10,18
C0317,2023-12,58
C0038,2023-12,37
C0632,2023-12,6
C0200,2023-12,33
C0687,2023-12,11
C0473,2023-10,55
C0124,2023-11,11
C0137,2023-05,59
C0577,2023-12,14
C0395,2022-09,45
C0369,2023-11,141
C0161,2021-11,31
C0500,2022-03,4
C0287,2020-12,30
C0150,2021-07,18
C0286,2021-06,73
C0582,2021-01,20
C0444,2020-12,14
C0156,2022-02,57
C0687,2022-02,7
C0200,2022-02,43
C0137,2022-09,56
C0569,2022-09,20
C0606,2022-09,6
C0223,2022-09,54
C0212,2022-09,42
C0174,2022-09,15
C0189,2021-05,65
C0212,2021-02,51
C0430,2022-08,34
C0562,2022-09,1
C0694,2022-04,8
C0718,2022-09,7
C0255,2020-10,44
C0678,2020-08,15
C0076,2020-02,76
C0395,2023-05,37
C0223,2021-02,40
C0400,2020-04,33
C0035,2023-02,8
C0408,2023-02,38
C0589,2023-01,5
C0272,2023-02,35
C0278,2023-02,99
C0280,2023-02,30
C0134,2020-02,46
C0187,2023-02,1
C0242,2023-02,7
C0729,2023-02,2
C0299,2023-02,7
C0158,2020-11,71
C0332,2023-06,15
C0530,2023-06,69
C0217,2023-06,31
C0223,2023-05,53
C0385,2023-06,40
C0212,2023-05,28
C0506,2023-06,8
C0180,2023-06,2
C0174,2023-05,15
C0169,2026-01,370
C0490,2023-07,8
C0689,2023-07,4
C0314,2023-07,2
C0538,2023-07,4
C0007,2023-11,49
C0446,2023-11,63
C0338,2023-11,82
C0302,2023-11,47
C0048,2023-11,56
C0020,2023-11,50
C0459,2023-10,53
C0378,2023-10,57
C0010,2023-10,17
C0499,2023-11,5
C0414,2024-05,44
C0646,2023-09,3
C0353,2023-12,5
C0101,2021-05,32
C0591,2023-11,2
C0237,2024-02,117
C0378,2024-01,141
C0070,2024-02,55
C0154,2024-02,33
C0075,2024-02,58
C0034,2024-02,49
C0750,2024-02,8
C0188,2024-02,55
C0473,2024-01,238
C0310,2021-07,25
C0149,2021-01,81
C0632,2022-02,6
C0591,2022-01,4
C0577,2022-02,4
C0038,2022-02,20
C0235,2021-06,53
C0155,2021-09,119
C0499,2022-01,3
C0014,2022-01,1
C0122,2021-05,138
C0368,2021-09,38
C0341,2020-04,60
C0011,2020-03,26
C0337,2021-12,12
C0483,2021-07,62
C0467,2021-02,1
C0085,2020-05,36
C0260,2021-01,3
C0739,2021-01,22
C0457,2021-04,27
C0060,2021-03,164
C0257,2020-12,49
C0460,2020-09,31
C0418,2020-08,5
C0442,2021-01,3
C0297,2020-09,27
C0160,2021-03,18
C0130,2021-07,35
C0478,2020-10,56
C0162,2020-12,7
C0553,2022-08,10
C0375,2022-08,30
C0439,2022-08,10
C0094,2021-07,41
C0303,2022-04,11
C0666,2022-08,2
C0133,2021-07,57
C0569,2023-05,17
C0606,2023-05,5
C0525,2023-09,5
C0160,2023-09,12
C0620,2023-09,1
C0239,2023-10,41
C0118,2022-09,1
C0239,2024-01,107
C0459,2024-01,151
C0010,2024-01,83
C0714,2024-07,42
C0684,2024-01,52
C0650,2024-01,13
C0537,2024-04,216
C0142,2024-05,1
C0475,2024-04,61
C0169,2020-03,19
C0182,2020-03,26
C0287,2020-04,15
C0744,2020-04,21
C0257,2020-04,57
C0126,2020-04,90
C0256,2020-06,50
C0571,2020-04,1
C0055,2020-03,36
C0248,2020-04,1
C0162,2020-04,12
C0013,2020-04,9
C0482,2020-02,52
C0715,2020-04,6
C0520,2020-08,4
C0468,2020-08,37
C0504,2020-08,6
C0186,2020-07,49
C0308,2020-08,11
C0387,2020-09,44
C0107,2020-01,19
C0013,2020-12,22
C0047,2020-07,58
C0157,2020-12,4
C0414,2020-06,35
C0569,2021-02,11
C0174,2021-02,8
C0593,2021-04,19
C0395,2021-02,32
C0252,2021-03,44
C0622,2021-06,13
C0301,2021-05,19
C0202,2021-07,57
C0526,2021-07,4
C0693,2021-06,4
C0271,2021-05,49
C0351,2021-06,6
C0318,2021-07,15
C0650,2021-10,7
C0378,2021-10,44
C0010,2021-10,28
C0473,2021-10,43
C0343,2021-08,57
C0684,2021-10,4
C0485,2020-10,53
C0196,2021-11,78
C0109,2021-11,72
C0098,2020-10,20
C0672,2021-11,11
C0540,2021-11,3
C0274,2022-08,1
C0718,2023-05,6
C0051,2023-02,2
C0090,2023-09,2
C0623,2020-01,4
C0651,2020-04,15
C0667,2020-07,15
C0611,2022-04,2
C0508,2022-04,1
C0311,2020-03,51
C0601,2020-01,5
C0560,2020-02,3
C0018,2020-02,15
C0645,2020-03,5
C0091,2020-07,32
C0030,2020-06,3
C0404,2020-06,2
C0595,2020-07,1
C0519,2020-07,1
C0003,2020-11,11
C0597,2020-11,1
C0126,2020-12,78
C0715,2020-12,4
C0571,2020-12,2
C0744,2020-12,25
C0079,2021-03,4
C0415,2021-03,14
C0600,2021-03,5
C0525,2021-03,6
C0636,2021-04,11
C0199,2020-11,2
C0651,2020-12,9
C0695,2021-04,1
C0661,2020-08,3
C0097,2021-05,9
C0634,2021-08,14
C0657,2021-05,2
C0327,2021-08,26
C0627,2021-05,3
C0361,2025-03,1
C0073,2021-08,52
C0289,2021-08,36
C0012,2021-08,32
C0531,2021-08,2
C0039,2021-08,3
C0267,2024-12,60
C0065,2021-09,20
C0543,2021-09,3
C0681,2021-09,7
C0722,2021-11,1
C0539,2020-03,7
C0552,2020-03,11
C0727,2020-03,27
C0576,2020-03,3
C0157,2020-04,1
C0712,2020-10,8
C0637,2020-11,1
C0502,2020-09,1
C0606,2021-02,5
C0646,2021-03,2
C0718,2021-02,2
C0664,2021-08,1
C0335,2021-08,1
C0261,2021-06,1
C0064,2021-11,1
C0441,2021-11,2
C0353,2022-02,2
C0001,2020-08,1
C0053,2020-11,1
C0648,2020-12,1
C0579,2021-04,1
C0090,2021-03,1
C0631,2021-06,2
C0719,2025-02,8
C0704,2021-01,1
C0727,2026-01,143
C0088,2026-05,67
C0540,2026-05,13
C0196,2026-05,102
C0350,2024-10,67
C0182,2026-01,137
C0208,2026-05,115
C0109,2026-05,105
C0138,2026-01,348
C0213,2025-07,36
C0672,2026-05,43
C0011,2026-01,260
C0537,2026-08,212
C0143,2026-01,383
C0156,2026-04,111
C0552,2026-01,143
C0161,2026-05,55
C0539,2026-01,30
C0306,2025-02,26
C0158,2026-07,138
C0576,2026-01,80
C0072,2026-07,133
C0055,2026-01,90
C0199,2026-07,7
C0533,2026-08,27
C0311,2026-01,188
C0003,2026-07,16
C0170,2025-11,153
C0183,2026-06,121
C0597,2026-07,8
C0167,2024-07,35
C0029,2025-01,89
C0205,2026-06,89
C0401,2024-04,19
C0383,2025-07,72
C0642,2026-07,10
C0304,2026-06,144
C0463,2026-02,112
C0053,2026-07,4
C0377,2026-06,3
C0156,2024-11,61
C0017,2026-06,32
C0010,2024-06,37
C0143,2025-04,82
C0277,2026-08,16
C0254,2025-01,475
C0159,2025-11,82
C0224,2025-11,80
C0265,2025-11,38
C0379,2025-11,41
C0103,2025-01,126
C0386,2025-11,60
C0368,2025-10,52
C0102,2024-10,59
C0307,2025-01,149
C0484,2025-01,140
C0038,2026-04,58
C0475,2026-08,92
C0251,2025-02,97
C0498,2025-11,25
C0169,2025-04,95
C0582,2025-11,16
C0459,2025-08,74
C0155,2025-09,225
C0155,2025-10,244
C0241,2025-01,147
C0275,2025-01,196
C0403,2025-01,66
C0704,2025-11,1
C0149,2025-11,12
C0481,2025-07,46
C0561,2025-12,8
C0587,2025-12,28
C0317,2026-04,86
C0555,2026-02,24
C0645,2026-01,14
C0378,2025-08,46
C0321,2025-02,14
C0239,2025-08,39
C0024,2024-12,33
C0038,2025-06,38
C0439,2025-03,33
C0095,2025-07,5
C0416,2026-03,70
C0366,2026-03,70
C0210,2026-03,145
C0394,2026-03,130
C0086,2026-03,107
C0362,2026-03,74
C0309,2026-03,7
C0038,2024-11,33
C0061,2026-03,87
C0405,2026-02,80
C0164,2025-05,21
C0650,2025-08,12
C0010,2025-08,36
C0055,2025-04,22
C0489,2026-03,5
C0065,2025-10,22
C0353,2024-11,5
C0419,2026-08,58
C0398,2026-08,80
C0046,2026-08,57
C0099,2020-09,1
C0555,2024-03,12
C0389,2025-02,44
C0138,2024-08,78
C0292,2025-01,77
C0112,2025-07,14
C0064,2026-05,1
C0558,2026-06,8
C0412,2026-08,37
C0333,2026-06,59
C0282,2025-05,68
C0534,2026-06,37
C0311,2025-04,53
C0209,2026-06,49
C0675,2025-05,41
C0401,2026-08,29
C0228,2026-08,68
C0407,2026-08,164
C0225,2026-08,60
C0391,2026-08,40
C0193,2026-08,16
C0167,2026-08,35
C0524,2026-08,9
C0714,2026-08,46
C0396,2026-08,18
C0175,2024-12,66
C0421,2024-12,38
C0364,2026-02,32
C0574,2026-08,3
C0283,2022-03,2
C0156,2025-06,65
C0225,2024-04,63
C0236,2025-07,58
C0419,2024-04,54
C0256,2024-05,71
C0069,2024-12,28
C0398,2024-04,58
C0228,2024-04,25
C0574,2024-04,1
C0167,2024-04,33
C0407,2024-04,94
C0533,2024-04,20
C0277,2024-04,67
C0412,2024-04,49
C0407,2024-07,105
C0524,2024-04,3
C0046,2024-04,26
C0220,2024-10,23
C0277,2024-07,67
C0714,2024-04,31
C0391,2024-04,29
C0396,2024-04,12
C0463,2024-03,37
C0303,2024-10,14
C0193,2024-04,7
C0405,2024-03,49
C0169,2024-08,66
C0537,2024-07,244
C0412,2024-07,48
C0404,2024-05,1
C0490,2025-07,9
C0352,2024-09,27
C0475,2024-07,67
C0419,2024-07,67
C0524,2024-07,9
C0378,2024-06,62
C0239,2024-06,35
C0459,2024-06,48
C0684,2024-06,17
C0473,2024-06,78
C0364,2024-03,38
C0727,2024-08,44
C0398,2024-07,63
C0358,2024-09,83
C0650,2024-06,1
C0200,2024-11,44
C0410,2024-10,43
C0046,2024-07,23
C0401,2024-07,21
C0533,2024-07,24
C0228,2024-07,44
C0225,2024-07,54
C0391,2024-07,46
C0193,2024-07,7
C0011,2024-08,66
C0331,2024-07,1
C0564,2025-05,34
C0396,2024-07,9
C0285,2024-10,53
C0269,2024-10,46
C0626,2024-09,3
C0276,2024-12,143
C0611,2024-10,1
C0143,2024-08,74
C0311,2024-08,55
C0521,2025-02,18
C0694,2024-10,9
C0515,2024-10,10
C0552,2025-04,28
C0616,2024-09,28
C0552,2024-08,27
C0430,2025-03,15
C0146,2024-12,101
C0240,2024-12,24
C0493,2025-05,116
C0296,2024-12,27
C0317,2024-11,57
C0182,2024-08,19
C0577,2024-11,26
C0630,2025-01,34
C0345,2024-12,28
C0578,2025-01,16
C0011,2025-04,72
C0200,2025-06,58
C0165,2025-02,20
C0226,2025-02,115
C0270,2025-02,53
C0554,2025-02,4
C0324,2025-02,39
C0323,2025-02,23
C0290,2025-05,51
C0686,2025-02,8
C0670,2025-02,8
C0653,2025-02,3
C0727,2025-04,46
C0496,2025-02,1
C0370,2025-05,10
C0138,2025-04,81
C0203,2025-05,26
C0375,2025-03,49
C0536,2025-05,3
C0445,2025-05,24
C0740,2025-05,2
C0741,2025-05,3
C0687,2025-06,7
C0637,2026-07,1
C0331,2026-08,2
C0507,2026-01,1
C0677,2025-12,6
C0473,2025-08,100
C0139,2025-07,15
C0372,2025-07,22
C0689,2025-07,9
C0066,2025-10,30
C0128,2025-07,80
C0573,2025-01,1
C0066,2025-09,32
C0207,2025-12,1
C0688,2025-12,6
C0673,2025-12,2
C0131,2025-12,1
C0566,2026-02,9
C0624,2026-02,18
C0725,2026-02,20
C0544,2026-02,3
C0674,2026-02,6
C0456,2026-02,4
C0200,2026-04,57
C0182,2025-04,28
C0577,2026-04,32
C0353,2026-04,11
C0687,2026-04,6
C0632,2026-04,7
C0685,2026-06,3
C0477,2025-12,1
C0284,2023-06,2
C0317,2025-06,53
C0353,2025-06,4
C0577,2025-06,29
C0314,2025-07,2
C0543,2025-09,8
C0368,2025-09,40
C0543,2025-10,10
C0645,2025-04,7
C0442,2025-11,3
C0739,2025-11,7
C0684,2025-08,36
C0725,2024-03,8
C0624,2024-03,8
C0190,2024-09,1
C0532,2024-09,23
C0736,2024-09,8
C0584,2024-09,4
C0586,2024-09,5
C0541,2024-09,3
C0322,2024-09,5
C0604,2024-09,11
C0565,2024-09,2
C0153,2024-12,22
C0576,2024-08,19
C0065,2025-09,14
C0710,2026-05,5
C0638,2024-09,2
C0055,2024-08,33
C0553,2025-03,26
C0539,2025-04,9
C0576,2025-04,20
C0607,2025-07,5
C0666,2025-03,1
C0679,2025-07,2
C0538,2025-07,4
C0329,2025-05,1
C0449,2025-05,2
C0609,2025-05,2
C0681,2025-09,5
C0663,2025-12,1
C0388,2024-02,2
C0380,2024-02,8
C0425,2024-02,10
C0077,2024-05,2
C0456,2024-03,1
C0566,2024-03,6
C0052,2024-02,1
C0539,2024-08,4
C0645,2024-08,2
C0654,2024-12,2
C0535,2024-12,2
C0084,2025-08,1
C0726,2024-02,2
C0030,2024-05,2
C0687,2024-11,3
C0632,2024-11,3
C0632,2025-06,1
C0607,2022-07,1
C0681,2022-10,4
C0650,2023-10,1
C0674,2024-03,1
C0108,2022-10,1
C0022,2023-06,3
C0668,2023-06,1
C0084,2024-01,1
C0341,2021-12,79
C0257,2021-12,64
C0651,2021-12,22
C0126,2021-12,95
C0394,2021-11,59
C0013,2021-12,12
C0272,2021-09,27
C0744,2021-12,38
C0287,2021-12,25
C0400,2021-12,17
C0408,2021-09,39
C0354,2021-09,60
C0162,2021-12,14
C0369,2022-05,99
C0221,2022-01,154
C0224,2021-07,33
C0085,2022-01,72
C0387,2021-06,62
C0373,2021-01,3
C0086,2021-11,64
C0130,2021-01,118
C0094,2021-01,96
C0715,2021-12,4
C0184,2021-05,199
C0291,2021-08,1
C0152,2022-04,46
C0266,2022-04,37
C0326,2022-04,58
C0214,2022-04,22
C0037,2022-04,101
C0298,2022-03,42
C0210,2021-11,35
C0178,2022-04,39
C0264,2022-04,43
C0392,2022-04,6
C0427,2022-03,17
C0420,2022-04,32
C0602,2022-04,17
C0068,2022-04,30
C0438,2022-01,8
C0289,2022-03,41
C0363,2022-04,20
C0338,2022-05,56
C0327,2022-03,30
C0428,2022-03,32
C0194,2022-02,57
C0446,2022-05,30
C0007,2022-05,45
C0020,2022-05,48
C0302,2022-05,38
C0499,2022-05,6
C0048,2022-05,36
C0124,2022-05,7
C0160,2020-03,15
C0149,2021-07,32
C0282,2020-07,44
C0069,2020-01,81
C0250,2020-12,39
C0170,2021-07,68
C0460,2021-06,40
C0203,2020-07,56
C0337,2020-04,14
C0310,2021-01,64
C0267,2020-01,145
C0296,2020-01,56
C0323,2020-02,33
C0260,2021-07,2
C0083,2020-03,43
C0133,2021-01,132
C0240,2020-01,62
C0067,2020-04,149
C0218,2021-08,68
C0067,2020-12,132
C0426,2020-08,72
C0340,2022-06,49
C0432,2022-04,2
C0468,2022-06,50
C0678,2022-06,12
C0418,2022-06,8
C0504,2022-06,6
C0520,2022-06,6
C0308,2022-06,9
C0001,2022-06,4
C0113,2022-02,120
C0634,2022-03,12
C0661,2022-06,3
C0349,2022-02,48
C0309,2021-11,8
C0217,2022-07,25
C0385,2022-07,32
C0530,2022-07,45
C0506,2022-07,17
C0031,2022-07,46
C0332,2022-07,17
C0022,2022-07,4
C0150,2021-01,40
C0181,2021-10,14
C0060,2022-11,185
C0408,2022-10,46
C0063,2022-10,86
C0278,2022-10,109
C0415,2022-11,16
C0354,2022-10,49
C0252,2022-11,30
C0272,2022-10,33
C0083,2022-11,39
C0160,2022-11,10
C0474,2022-10,41
C0090,2022-11,1
C0280,2022-10,19
C0232,2022-09,30
C0600,2022-11,4
C0348,2020-10,32
C0525,2022-11,3
C0079,2022-11,2
C0172,2022-12,60
C0601,2022-12,8
C0623,2022-12,5
C0107,2022-12,8
C0382,2023-03,80
C0113,2023-03,153
C0194,2023-03,81
C0005,2023-03,38
C0117,2023-03,45
C0349,2023-03,81
C0065,2023-02,10
C0512,2023-03,4
C0237,2023-01,240
C0154,2023-01,132
C0605,2023-03,5
C0070,2023-01,111
C0380,2023-01,46
C0336,2023-03,8
C0339,2023-03,44
C0425,2023-01,46
C0514,2023-03,5
C0042,2023-03,8
C0155,2023-02,133
C0075,2023-01,146
C0705,2023-03,1
C0188,2023-01,167
C0234,2020-10,50
C0012,2022-03,32
C0155,2023-04,129
C0368,2023-04,42
C0066,2023-04,33
C0065,2023-04,15
C0108,2023-04,2
C0726,2023-01,9
C0543,2023-04,3
C0681,2023-04,2
C0385,2023-07,36
C0506,2023-07,4
C0217,2023-07,32
C0530,2023-07,50
C0462,2020-12,18
C0031,2023-07,49
C0332,2023-07,23
C0180,2023-07,2
C0235,2023-08,50
C0286,2023-08,79
C0548,2023-08,6
C0631,2023-08,7
C0693,2023-08,5
C0383,2023-06,53
C0622,2023-08,19
C0351,2023-08,4
C0139,2023-06,27
C0724,2023-08,5
C0315,2023-05,63
C0261,2023-08,1
C0112,2023-06,18
C0727,2023-09,31
C0169,2023-09,46
C0311,2023-09,58
C0182,2023-09,12
C0552,2023-09,17
C0011,2023-09,47
C0143,2023-09,51
C0138,2023-09,60
C0576,2023-09,17
C0113,2023-12,147
C0382,2023-12,115
C0005,2023-12,43
C0194,2023-12,94
C0349,2023-12,72
C0117,2023-12,59
C0336,2023-12,10
C0339,2023-12,52
C0042,2023-12,3
C0512,2023-12,8
C0055,2023-09,34
C0221,2023-11,85
C0409,2023-10,45
C0073,2022-03,54
C0343,2022-03,61
C0737,2022-03,4
C0042,2022-02,2
C0531,2022-03,3
C0117,2022-02,39
C0247,2021-05,61
C0464,2021-02,28
C0021,2021-05,44
C0379,2021-07,26
C0082,2021-05,27
C0019,2021-10,29
C0280,2021-09,31
C0125,2021-10,47
C0591,2022-05,1
C0315,2022-09,66
C0464,2022-09,41
C0259,2022-08,71
C0742,2022-09,7
C0015,2022-09,68
C0288,2020-11,7
C0431,2022-09,66
C0696,2022-09,5
C0549,2022-09,3
C0542,2022-09,14
C0151,2022-08,68
C0381,2022-08,16
C0720,2022-09,5
C0571,2021-12,2
C0159,2021-07,23
C0423,2020-11,48
C0034,2023-01,60
C0153,2020-01,65
C0368,2023-02,20
C0066,2023-02,19
C0510,2021-10,31
C0543,2023-02,2
C0096,2022-10,2
C0325,2022-09,1
C0466,2023-03,1
C0444,2021-12,5
C0055,2021-03,41
C0270,2020-02,37
C0236,2023-06,51
C0490,2023-06,3
C0232,2023-05,42
C0372,2023-06,25
C0128,2023-06,95
C0095,2023-06,6
C0431,2023-05,55
C0542,2023-05,6
C0015,2023-05,63
C0481,2023-06,35
C0213,2023-06,23
C0689,2023-06,10
C0022,2023-07,3
C0052,2023-01,36
C0388,2023-01,11
C0339,2022-02,25
C0085,2023-11,40
C0185,2023-10,43
C0680,2023-10,25
C0125,2023-10,62
C0163,2023-10,9
C0514,2023-12,1
C0605,2023-12,1
C0166,2023-10,43
C0185,2024-01,162
C0222,2024-02,59
C0592,2024-02,29
C0443,2024-02,63
C0409,2024-06,44
C0166,2024-01,142
C0125,2024-01,132
C0514,2022-02,5
C0382,2022-02,98
C0005,2022-02,27
C0386,2021-07,38
C0605,2022-02,5
C0336,2022-02,9
C0163,2021-10,15
C0175,2020-01,73
C0035,2021-09,6
C0252,2020-03,36
C0297,2021-06,29
C0421,2020-01,101
C0622,2020-09,22
C0483,2021-01,131
C0431,2021-02,34
C0235,2020-09,68
C0020,2020-05,45
C0138,2021-03,58
C0548,2020-09,4
C0286,2020-09,62
C0318,2021-01,63
C0306,2020-02,39
C0369,2020-05,93
C0024,2020-01,106
C0250,2020-04,37
C0671,2020-10,27
C0316,2020-10,24
C0557,2020-08,33
C0493,2020-07,52
C0251,2020-02,36
C0357,2021-04,27
C0313,2021-04,41
C0370,2020-07,4
C0521,2020-02,9
C0476,2020-10,52
C0242,2021-09,2
C0061,2021-11,67
C0576,2021-03,1
C0293,2020-04,33
C0007,2020-05,43
C0337,2020-12,20
C0707,2020-11,2
C0276,2020-01,251
C0144,2021-08,24
C0324,2020-02,39
C0321,2020-02,10
C0315,2021-02,46
C0182,2021-03,14
C0727,2021-03,49
C0728,2021-04,17
C0399,2020-08,99
C0345,2020-01,88
C0723,2022-08,19
C0202,2021-01,183
C0729,2022-10,2
C0121,2020-04,58
C0121,2020-12,79
C0187,2021-09,2
C0742,2023-05,7
C0464,2023-05,37
C0549,2023-05,2
C0750,2023-01,6
C0720,2023-05,5
C0539,2023-09,4
C0293,2020-12,49
C0645,2023-09,1
C0510,2023-10,49
C0181,2023-10,15
C0019,2023-10,26
C0619,2023-10,10
C0409,2024-01,83
C0181,2024-01,52
C0163,2024-01,31
C0510,2024-01,108
C0680,2024-01,60
C0466,2023-12,1
C0019,2024-01,121
C0060,2025-04,256
C0429,2020-08,62
C0146,2020-01,172
C0415,2020-03,20
C0165,2020-02,21
C0364,2020-06,28
C0446,2020-05,27
C0462,2020-04,14
C0487,2020-04,19
C0591,2020-05,4
C0048,2020-05,27
C0700,2020-04,15
C0302,2020-05,35
C0124,2020-05,4
C0338,2020-05,45
C0647,2020-04,10
C0405,2020-06,63
C0060,2020-03,144
C0676,2020-08,7
C0230,2020-08,35
C0127,2020-08,52
C0452,2020-08,46
C0290,2020-07,71
C0747,2020-08,2
C0608,2020-08,2
C0351,2020-09,4
C0185,2021-10,43
C0654,2020-01,1
C0631,2020-09,1
C0724,2020-09,2
C0539,2021-03,5
C0693,2020-09,4
C0526,2021-01,2
C0143,2021-03,50
C0742,2021-02,5
C0232,2021-02,39
C0015,2021-02,39
C0720,2021-02,7
C0311,2021-03,60
C0164,2020-07,28
C0739,2021-07,3
C0502,2021-06,3
C0552,2021-03,26
C0745,2021-06,7
C0243,2021-05,49
C0099,2021-06,1
C0355,2021-04,64
C0582,2021-07,11
C0265,2021-07,13
C0498,2021-07,13
C0197,2021-04,20
C0166,2021-10,43
C0680,2021-10,15
C0409,2021-10,39
C0063,2021-09,71
C0362,2021-11,102
C0433,2020-04,3
C0366,2021-11,47
C0389,2020-02,30
C0416,2021-11,49
C0278,2021-09,82
C0619,2021-10,4
C0645,2021-03,4
C0696,2023-05,3
C0479,2021-07,2
C0263,2020-10,79
C0664,2022-03,1
C0039,2022-03,1
C0513,2022-04,2
C0445,2020-07,26
C0226,2020-02,64
C0670,2020-02,6
C0653,2020-02,8
C0686,2020-02,5
C0043,2021-05,42
C0566,2020-06,2
C0463,2020-06,34
C0725,2020-06,5
C0674,2020-06,4
C0555,2020-06,7
C0740,2020-07,2
C0564,2020-07,22
C0536,2020-07,2
C0456,2020-06,2
C0585,2020-07,2
C0329,2020-07,3
C0675,2020-07,6
C0741,2020-07,2
C0590,2020-10,6
C0059,2020-10,46
C0583,2020-11,4
C0454,2020-11,33
C0501,2020-11,10
C0027,2020-11,15
C0179,2020-11,9
C0487,2020-12,20
C0700,2020-12,36
C0169,2021-03,26
C0011,2021-03,40
C0572,2020-10,10
C0062,2021-04,31
C0238,2021-09,15
C0173,2021-04,2
C0575,2021-05,11
C0233,2021-05,53
C0148,2021-04,2
C0629,2021-04,3
C0447,2021-05,2
C0049,2021-05,6
C0746,2021-08,9
C0424,2021-08,46
C0500,2021-08,7
C0474,2021-09,48
C0096,2021-09,3
C0365,2021-05,2
C0729,2021-09,3
C0299,2021-09,5
C0051,2021-09,7
C0157,2021-12,3
C0648,2021-12,3
C0248,2021-12,1
C0699,2020-02,1
C0646,2020-03,4
C0079,2020-03,3
C0090,2020-03,3
C0525,2020-03,4
C0328,2024-09,73
C0499,2020-05,1
C0194,2026-04,125
C0544,2020-06,2
C0542,2021-02,6
C0696,2021-02,1
C0647,2020-12,3
C0433,2020-12,8
C0325,2021-02,1
C0489,2021-11,2
C0512,2022-02,1
C0600,2020-03,1
C0087,2021-04,1
C0449,2020-07,1
C0713,2020-08,2
C0471,2020-10,1
C0507,2021-03,1
C0374,2021-09,1
C0397,2021-01,1
C0366,2026-05,71
C0196,2026-03,129
C0060,2026-01,646
C0210,2026-05,119
C0061,2026-05,80
C0086,2026-05,103
C0394,2026-05,103
C0208,2026-03,120
C0339,2026-04,100
C0489,2026-05,6
C0646,2026-01,5
C0416,2026-05,44
C0362,2026-05,80
C0339,2025-06,54
C0405,2024-05,53
C0160,2026-01,69
C0525,2026-01,27
C0423,2026-07,87
C0179,2026-07,56
C0583,2026-07,14
C0130,2025-11,149
C0027,2026-07,27
C0382,2026-04,95
C0288,2026-07,13
C0711,2026-07,1
C0501,2026-07,38
C0454,2026-07,44
C0083,2026-01,181
C0031,2025-07,48
C0252,2026-01,291
C0600,2026-01,28
C0587,2026-06,23
C0194,2024-11,115
C0415,2026-01,65
C0334,2024-09,68
C0409,2025-08,56
C0217,2025-07,36
C0688,2026-06,10
C0435,2025-02,41
C0080,2025-01,252
C0088,2026-03,87
C0004,2025-01,224
C0707,2026-07,2
C0408,2025-09,55
C0677,2026-06,6
C0141,2026-08,130
C0109,2026-03,95
C0415,2025-04,18
C0359,2026-07,2
C0238,2025-10,26
C0104,2024-04,21
C0150,2025-11,33
C0202,2025-11,109
C0133,2025-11,79
C0117,2025-06,59
C0483,2025-11,86
C0461,2025-01,311
C0318,2025-11,44
C0094,2025-11,62
C0091,2025-05,33
C0036,2025-11,3
C0100,2025-01,82
C0526,2025-11,6
C0354,2025-09,67
C0113,2026-04,118
C0474,2025-10,43
C0056,2025-01,263
C0408,2025-10,46
C0278,2025-10,113
C0310,2025-11,36
C0238,2025-09,28
C0354,2025-10,96
C0063,2025-10,102
C0083,2025-04,50
C0304,2025-12,168
C0017,2025-12,51
C0161,2026-03,75
C0183,2025-12,134
C0209,2025-12,61
C0205,2025-12,71
C0534,2025-12,35
C0558,2025-12,9
C0333,2025-12,35
C0698,2025-01,1
C0186,2025-05,44
C0505,2025-01,1
C0252,2025-04,43
C0090,2026-01,5
C0117,2026-04,97
C0194,2025-06,120
C0280,2025-10,64
C0051,2025-10,4
C0079,2026-01,7
C0463,2024-05,54
C0420,2024-10,53
C0589,2024-02,1
C0672,2026-03,51
C0414,2026-02,91
C0441,2026-03,8
C0077,2026-02,2
C0064,2026-03,7
C0540,2026-03,7
C0181,2025-08,15
C0238,2022-10,11
C0619,2024-01,4
C0281,2026-03,2
C0438,2023-11,2
C0264,2024-10,91
C0044,2026-08,53
C0385,2025-07,51
C0349,2024-11,86
C0414,2024-03,49
C0469,2025-01,99
C0090,2025-04,2
C0104,2026-08,38
C0633,2026-08,25
C0450,2026-08,54
C0417,2026-08,56
C0033,2026-08,72
C0113,2024-11,136
C0256,2026-02,73
C0113,2025-06,104
C0497,2026-08,1
C0172,2024-12,67
C0417,2024-04,51
C0141,2024-04,58
C0030,2024-03,8
C0185,2024-06,53
C0245,2024-09,90
C0415,2024-08,19
C0044,2024-04,36
C0633,2024-04,16
C0033,2024-04,33
C0450,2024-04,26
C0060,2024-08,204
C0363,2024-10,19
C0166,2024-06,65
C0018,2025-02,37
C0346,2024-09,46
C0364,2024-05,33
C0566,2024-05,5
C0555,2024-05,20
C0256,2024-03,68
C0725,2024-05,6
C0417,2024-07,59
C0252,2024-08,39
C0163,2024-06,13
C0510,2024-06,43
C0674,2024-05,3
C0181,2024-06,29
C0624,2024-05,5
C0125,2024-06,53
C0019,2024-06,26
C0680,2024-06,18
C0037,2024-10,161
C0266,2024-10,46
C0556,2024-09,90
C0083,2024-08,46
C0050,2024-09,79
C0033,2024-07,55
C0450,2024-07,28
C0141,2024-07,75
C0633,2024-07,29
C0104,2024-07,23
C0044,2024-07,28
C0214,2024-10,31
C0227,2024-09,30
C0123,2024-09,40
C0326,2024-10,52
C0178,2024-10,56
C0152,2024-10,35
C0448,2024-09,43
C0602,2024-10,32
C0392,2024-10,5
C0068,2024-10,30
C0513,2024-10,5
C0525,2025-04,7
C0482,2025-02,107
C0432,2024-10,1
C0005,2024-11,49
C0382,2024-11,94
C0339,2024-11,57
C0117,2024-11,43
C0314,2023-06,1
C0527,2025-01,63
C0259,2025-03,82
C0019,2025-08,25
C0474,2025-09,42
C0076,2025-02,89
C0440,2025-02,24
C0134,2025-02,34
C0185,2025-08,45
C0560,2025-02,17
C0646,2024-08,1
C0054,2025-01,4
C0047,2025-05,110
C0519,2025-05,7
C0667,2025-05,12
C0278,2025-09,107
C0207,2026-06,1
C0477,2026-06,3
C0561,2026-06,2
C0663,2026-06,1
C0709,2026-08,1
C0280,2025-09,45
C0685,2025-12,2
C0299,2025-10,4
C0151,2025-03,82
C0166,2025-08,42
C0025,2020-10,1
C0377,2025-12,2
C0063,2025-09,90
C0042,2024-11,4
C0142,2026-02,1
C0509,2024-09,11
C0434,2026-02,1
C0125,2025-08,58
C0349,2026-04,53
C0710,2026-03,1
C0005,2026-04,49
C0605,2026-04,9
C0336,2026-04,13
C0514,2026-04,8
C0705,2026-04,1
C0466,2026-04,6
C0512,2026-04,8
C0042,2026-04,4
C0131,2026-06,3
C0673,2026-06,2
C0349,2025-06,77
C0336,2025-06,15
C0382,2025-06,87
C0005,2025-06,40
C0042,2025-06,4
C0605,2025-06,2
C0512,2025-06,6
C0514,2025-06,4
C0530,2025-07,91
C0506,2025-07,14
C0332,2025-07,26
C0272,2025-09,37
C0272,2025-10,35
C0242,2025-10,9
C0187,2025-10,1
C0299,2025-09,5
C0284,2025-07,2
C0035,2025-09,4
C0022,2025-07,3
C0163,2025-08,11
C0242,2025-09,7
C0680,2025-08,29
C0538,2023-06,5
C0488,2024-09,2
C0518,2024-09,13
C0550,2024-09,9
C0581,2024-09,9
C0079,2024-08,2
C0570,2024-09,5
C0644,2024-09,4
C0716,2024-09,1
C0035,2025-10,4
C0729,2025-10,2
C0041,2025-10,1
C0008,2025-01,7
C0309,2026-05,5
C0623,2024-12,9
C0107,2024-12,7
C0381,2025-03,23
C0723,2025-03,26
C0160,2025-04,12
C0646,2025-04,3
C0336,2024-11,17
C0601,2024-12,3
C0612,2025-01,8
C0600,2025-04,5
C0563,2025-07,2
C0180,2025-07,3
C0510,2025-08,57
C0668,2025-07,1
C0374,2025-10,2
C0079,2025-04,2
C0466,2025-06,1
C0041,2025-09,1
C0619,2025-08,7
C0466,2024-11,2
C0187,2025-09,2
C0030,2026-02,1
C0404,2026-02,2
C0397,2025-11,1
C0731,2025-03,1
C0032,2024-02,4
C0697,2024-02,4
C0613,2024-02,1
C0404,2024-03,2
C0600,2024-08,8
C0160,2024-08,13
C0525,2024-08,2
C0312,2024-09,2
C0605,2024-11,4
C0544,2024-05,2
C0619,2024-06,2
C0512,2024-11,6
C0514,2024-11,4
C0299,2022-10,5
C0480,2025-02,1
C0284,2022-07,1
C0242,2022-10,4
C0108,2023-02,1
C0679,2023-06,3
C0607,2023-06,2
C0035,2022-10,4
C0187,2022-10,1
C0051,2022-10,1
C0229,2024-04,1
C0168,2021-12,12
C0192,2021-12,71
C0089,2021-12,42
C0393,2021-12,75
C0082,2021-10,37
C0140,2021-12,27
C0028,2021-12,37
C0665,2021-12,4
C0048,2021-11,35
C0093,2021-12,34
C0203,2021-09,34
C0446,2021-11,58
C0369,2021-11,99
C0282,2021-09,41
C0196,2022-01,187
C0109,2022-01,145
C0441,2022-01,13
C0088,2022-01,57
C0387,2021-01,141
C0208,2022-01,89
C0051,2020-07,7
C0281,2022-01,2
C0161,2022-01,73
C0693,2021-07,12
C0185,2021-05,44
C0457,2021-08,26
C0021,2021-10,58
C0392,2020-10,5
C0672,2022-01,21
C0166,2021-05,50
C0234,2022-04,38
C0263,2022-04,95
C0572,2022-04,12
C0671,2022-04,25
C0316,2022-04,34
C0059,2022-04,37
C0476,2022-04,55
C0348,2022-04,50
C0034,2022-02,37
C0355,2022-03,43
C0540,2022-01,6
C0070,2022-02,34
C0290,2021-09,54
C0394,2022-05,42
C0416,2022-05,33
C0188,2022-02,46
C0362,2022-05,100
C0366,2022-05,43
C0061,2022-05,49
C0210,2022-05,38
C0086,2022-05,50
C0728,2022-03,24
C0313,2022-03,29
C0024,2021-02,20
C0015,2020-01,150
C0256,2021-03,74
C0386,2020-09,69
C0219,2020-04,22
C0202,2021-06,72
C0405,2020-03,42
C0319,2020-04,24
C0360,2020-12,48
C0114,2020-12,42
C0061,2020-05,51
C0464,2020-01,68
C0060,2020-06,154
C0146,2021-02,54
C0421,2021-02,23
C0363,2020-10,21
C0297,2021-01,81
C0427,2021-04,25
C0072,2020-08,44
C0431,2020-01,169
C0019,2021-05,42
C0224,2020-09,34
C0300,2021-08,29
C0184,2021-10,216
C0423,2022-06,58
C0454,2022-06,29
C0288,2022-06,10
C0583,2022-06,6
C0027,2022-06,31
C0501,2022-06,12
C0179,2022-06,26
C0711,2022-06,3
C0267,2022-09,29
C0364,2022-11,29
C0237,2022-02,77
C0310,2021-06,33
C0104,2022-07,25
C0450,2022-07,27
C0044,2022-07,26
C0417,2022-07,39
C0033,2022-07,43
C0141,2022-07,49
C0633,2022-07,13
C0091,2023-02,15
C0064,2022-01,5
C0164,2021-09,20
C0566,2022-11,1
C0405,2022-11,55
C0164,2022-10,24
C0564,2022-10,11
C0290,2022-10,56
C0493,2022-10,74
C0675,2022-10,13
C0445,2022-10,18
C0555,2022-11,27
C0370,2022-10,8
C0117,2023-01,115
C0282,2022-10,31
C0463,2022-11,25
C0146,2022-09,83
C0296,2022-09,24
C0725,2022-11,12
C0456,2022-11,1
C0624,2022-11,2
C0674,2022-11,1
C0176,2020-12,108
C0109,2023-11,86
C0569,2022-12,18
C0212,2022-12,42
C0137,2022-12,51
C0606,2022-12,9
C0395,2022-12,48
C0718,2022-12,8
C0223,2022-12,65
C0445,2021-09,39
C0174,2022-12,19
C0154,2023-03,60
C0075,2023-03,45
C0070,2023-03,56
C0194,2023-01,171
C0188,2023-03,76
C0237,2023-03,120
C0034,2023-03,42
C0336,2023-01,17
C0134,2022-08,36
C0052,2023-03,6
C0380,2023-03,21
C0425,2023-03,18
C0113,2023-01,294
C0005,2023-01,95
C0388,2023-03,7
C0726,2023-03,5
C0750,2023-03,6
C0349,2023-01,158
C0382,2023-01,201
C0062,2022-03,51
C0339,2023-01,67
C0083,2020-06,54
C0018,2022-08,17
C0047,2023-04,60
C0667,2023-04,11
C0186,2023-04,40
C0091,2023-04,22
C0069,2022-09,29
C0345,2022-09,34
C0633,2023-07,14
C0044,2023-07,29
C0033,2023-07,53
C0450,2023-07,28
C0417,2023-07,31
C0141,2023-07,59
C0159,2023-08,30
C0104,2023-07,22
C0170,2023-08,80
C0149,2023-08,25
C0498,2023-08,13
C0265,2023-08,15
C0260,2023-08,3
C0386,2023-08,33
C0379,2023-08,18
C0224,2023-08,39
C0391,2023-06,36
C0149,2020-09,42
C0582,2023-08,10
C0175,2023-05,36
C0739,2023-08,4
C0704,2023-08,1
C0225,2023-06,63
C0186,2023-02,35
C0401,2023-06,40
C0407,2023-06,65
C0419,2023-06,61
C0421,2023-05,24
C0537,2023-06,184
C0256,2023-09,57
C0414,2023-09,54
C0425,2023-12,9
C0188,2023-12,94
C0034,2023-12,45
C0075,2023-12,79
C0070,2023-12,47
C0154,2023-12,53
C0237,2023-12,136
C0380,2023-12,21
C0750,2023-12,8
C0240,2022-09,17
C0196,2023-11,66
C0388,2023-12,6
C0441,2023-11,4
C0208,2023-11,24
C0197,2022-03,30
C0338,2021-11,50
C0075,2022-02,34
C0357,2022-03,20
C0750,2022-02,7
C0629,2022-03,4
C0460,2021-01,88
C0160,2020-06,21
C0286,2021-07,79
C0364,2020-03,26
C0680,2021-05,21
C0309,2022-05,3
C0489,2022-05,2
C0482,2022-08,85
C0276,2022-09,115
C0175,2022-09,42
C0024,2022-09,15
C0535,2022-09,1
C0435,2022-08,32
C0153,2022-09,29
C0497,2022-07,1
C0076,2022-08,93
C0421,2022-09,26
C0170,2020-09,51
C0153,2021-02,24
C0654,2022-09,1
C0678,2020-11,20
C0043,2021-10,30
C0560,2022-08,26
C0440,2022-08,30
C0042,2023-01,7
C0158,2020-08,84
C0154,2022-02,37
C0514,2023-01,10
C0418,2020-11,10
C0512,2023-01,10
C0519,2023-02,4
C0605,2023-01,5
C0047,2023-02,59
C0667,2023-02,14
C0329,2022-10,2
C0289,2021-04,36
C0340,2020-11,57
C0412,2023-06,34
C0193,2023-06,13
C0475,2023-06,57
C0228,2023-06,41
C0296,2023-05,15
C0398,2023-06,63
C0524,2023-06,2
C0533,2023-06,13
C0345,2023-05,27
C0714,2023-06,35
C0146,2023-05,74
C0277,2023-06,49
C0396,2023-06,17
C0167,2023-06,29
C0046,2023-06,25
C0276,2023-05,113
C0024,2023-05,20
C0497,2023-07,1
C0540,2023-11,7
C0088,2023-11,32
C0161,2023-11,17
C0672,2023-11,17
C0722,2023-11,1
C0243,2023-10,53
C0710,2023-11,3
C0247,2023-10,48
C0043,2023-10,34
C0726,2023-12,2
C0233,2023-10,80
C0145,2025-01,181
C0052,2023-12,2
C0082,2023-10,24
C0200,2024-02,46
C0463,2024-08,55
C0184,2024-01,721
C0365,2024-01,5
C0243,2024-01,159
C0317,2024-02,55
C0038,2024-02,27
C0247,2024-01,91
C0156,2024-02,66
C0329,2021-09,4
C0493,2021-09,78
C0077,2021-03,2
C0425,2022-02,4
C0380,2022-02,23
C0388,2022-02,4
C0063,2020-07,79
C0037,2020-10,82
C0430,2020-02,26
C0379,2020-09,39
C0133,2021-06,74
C0295,2020-12,26
C0242,2020-07,4
C0474,2020-07,51
C0326,2020-10,26
C0362,2020-05,114
C0232,2020-01,85
C0068,2020-10,25
C0094,2021-06,34
C0086,2020-05,60
C0593,2021-08,19
C0468,2020-11,30
C0664,2021-04,2
C0598,2020-12,3
C0408,2020-07,39
C0416,2020-05,40
C0394,2020-05,32
C0252,2020-06,34
C0247,2021-10,33
C0722,2022-01,1
C0203,2022-10,33
C0519,2023-04,1
C0069,2023-05,21
C0267,2023-05,39
C0153,2023-05,28
C0240,2023-05,12
C0030,2023-09,3
C0243,2021-10,48
C0184,2023-10,202
C0625,2023-10,3
C0021,2023-10,51
C0049,2023-10,5
C0043,2024-01,122
C0233,2024-01,259
C0021,2024-01,133
C0082,2024-01,135
C0247,2024-06,51
C0447,2024-01,11
C0575,2024-01,35
C0049,2024-01,23
C0625,2024-01,9
C0315,2020-01,79
C0553,2020-02,6
C0463,2020-03,23
C0542,2020-01,13
C0742,2020-01,26
C0549,2020-01,7
C0295,2020-04,39
C0114,2020-04,32
C0366,2020-05,32
C0191,2020-04,46
C0360,2020-04,37
C0176,2020-04,73
C0210,2020-05,26
C0615,2020-04,8
C0191,2020-12,48
C0159,2020-09,23
C0720,2020-01,9
C0081,2020-04,2
C0415,2020-06,16
C0003,2020-08,14
C0498,2020-09,15
C0582,2020-09,8
C0053,2020-08,1
C0439,2020-02,12
C0278,2020-07,81
C0354,2020-07,51
C0265,2020-09,11
C0267,2021-02,37
C0280,2020-07,22
C0696,2020-01,3
C0739,2020-09,6
C0375,2020-02,31
C0704,2020-09,1
C0745,2021-01,9
C0319,2020-12,26
C0073,2021-04,51
C0066,2025-05,40
C0266,2020-10,46
C0219,2020-12,52
C0199,2020-08,3
C0264,2020-10,42
C0214,2020-10,27
C0240,2021-02,19
C0276,2021-02,120
C0175,2021-02,32
C0345,2021-02,27
C0296,2021-02,14
C0069,2021-02,27
C0318,2021-06,22
C0483,2021-06,58
C0150,2021-06,15
C0096,2020-07,2
C0526,2021-06,1
C0414,2021-03,49
C0409,2021-05,49
C0428,2021-04,31
C0343,2021-04,46
C0373,2021-06,1
C0335,2021-04,1
C0125,2021-05,46
C0233,2021-10,58
C0510,2021-05,32
C0235,2021-07,43
C0548,2021-07,3
C0622,2021-07,21
C0724,2021-07,3
C0513,2020-10,1
C0631,2021-07,5
C0036,2021-06,2
C0282,2025-09,66
C0308,2020-11,7
C0351,2021-07,2
C0049,2021-10,6
C0575,2021-10,8
C0741,2021-09,4
C0302,2021-11,45
C0007,2021-11,46
C0420,2020-10,41
C0499,2021-11,5
C0591,2021-11,2
C0020,2021-11,45
C0617,2021-10,2
C0625,2021-10,2
C0562,2022-12,1
C0077,2023-09,2
C0615,2020-12,10
C0404,2023-09,2
C0130,2021-06,41
C0325,2020-01,5
C0309,2020-05,3
C0237,2025-06,175
C0124,2021-11,12
C0173,2022-03,1
C0471,2022-04,2
C0590,2022-04,2
C0682,2020-02,3
C0666,2020-02,1
C0594,2020-04,3
C0525,2020-06,4
C0600,2020-06,2
C0272,2020-07,24
C0187,2020-07,1
C0299,2020-07,6
C0238,2020-07,9
C0646,2020-06,1
C0035,2020-07,3
C0729,2020-07,3
C0152,2020-10,51
C0178,2020-10,40
C0602,2020-10,11
C0520,2020-11,4
C0669,2021-04,1
C0001,2020-11,1
C0030,2021-03,6
C0012,2021-04,38
C0298,2021-04,28
C0634,2021-04,21
C0327,2021-04,19
C0135,2021-04,2
C0531,2021-04,2
C0039,2021-04,3
C0370,2021-09,5
C0181,2021-05,18
C0737,2021-04,3
C0163,2021-05,8
C0099,2021-01,2
C0674,2020-03,3
C0216,2021-08,29
C0636,2021-08,6
C0695,2021-08,6
C0740,2021-09,2
C0564,2021-09,17
C0675,2021-09,9
C0555,2020-03,11
C0725,2020-03,4
C0566,2020-03,1
C0079,2020-06,3
C0090,2020-06,3
C0642,2020-08,4
C0597,2020-08,2
C0661,2020-11,2
C0432,2020-10,2
C0535,2021-02,1
C0261,2021-07,1
C0618,2020-04,3
C0598,2020-04,1
C0645,2024-03,5
C0141,2025-07,95
C0594,2020-12,1
C0618,2020-12,1
C0397,2021-06,1
C0536,2021-09,1
C0609,2021-09,1
C0683,2021-12,1
C0390,2021-12,1
C0048,2026-05,123
C0446,2026-05,185
C0124,2026-05,45
C0302,2026-05,59
C0338,2026-05,110
C0237,2026-04,214
C0369,2026-05,165
C0188,2025-06,80
C0405,2026-01,194
C0070,2026-04,62
C0188,2026-04,67
C0463,2026-01,261
C0725,2026-01,37
C0020,2026-05,41
C0468,2026-07,256
C0385,2026-08,66
C0340,2026-07,52
C0425,2026-04,29
C0418,2026-07,60
C0364,2026-01,83
C0661,2026-07,1
C0227,2026-06,81
C0328,2026-06,127
C0504,2026-07,4
C0520,2026-07,11
C0308,2026-07,27
C0678,2026-07,15
C0311,2024-03,43
C0555,2026-01,87
C0001,2026-07,7
C0123,2026-06,113
C0674,2026-01,16
C0105,2025-01,285
C0644,2026-06,9
C0050,2026-06,98
C0334,2026-06,74
C0138,2026-02,125
C0282,2025-10,68
C0188,2024-11,56
C0143,2024-03,67
C0448,2026-06,67
C0082,2025-08,48
C0297,2025-11,83
C0387,2025-11,42
C0009,2025-01,439
C0253,2025-01,333
C0445,2025-09,32
C0246,2025-01,74
C0463,2025-04,34
C0460,2025-11,57
C0132,2025-01,197
C0071,2025-01,105
C0564,2025-10,18
C0750,2025-06,14
C0445,2025-10,25
C0184,2025-08,280
C0436,2025-01,268
C0417,2025-07,61
C0164,2025-10,32
C0356,2025-01,35
C0075,2025-06,54
C0458,2025-01,78
C0169,2026-02,119
C0104,2025-07,26
C0502,2025-11,4
C0745,2025-11,7
C0358,2025-12,84
C0616,2025-12,44
C0055,2026-02,32
C0352,2025-12,91
C0190,2025-12,3
C0624,2026-01,39
C0544,2026-01,4
C0031,2024-07,47
C0234,2024-10,40
C0565,2025-12,17
C0566,2026-01,23
C0143,2026-02,74
C0182,2026-02,36
C0203,2025-09,30
C0609,2025-10,2
C0465,2025-01,153
C0164,2025-09,25
C0233,2024-06,68
C0290,2025-10,46
C0368,2025-05,29
C0532,2025-12,31
C0203,2025-10,29
C0221,2026-03,95
C0085,2026-03,44
C0311,2026-02,50
C0405,2024-08,75
C0082,2024-06,42
C0645,2026-02,2
C0154,2026-04,60
C0438,2026-03,2
C0380,2024-11,10
C0155,2025-05,237
C0346,2026-06,80
C0332,2024-04,34
C0174,2024-12,18
C0380,2026-04,26
C0007,2026-05,45
C0034,2026-04,62
C0243,2025-08,55
C0750,2026-04,16
C0499,2026-05,3
C0466,2023-01,2
C0591,2026-05,4
C0518,2026-06,11
C0245,2026-06,87
C0550,2026-06,20
C0556,2026-06,113
C0716,2026-06,5
C0570,2026-06,10
C0488,2026-06,2
C0312,2026-06,23
C0031,2026-08,56
C0506,2026-08,21
C0530,2026-08,73
C0332,2026-08,31
C0217,2026-08,33
C0223,2024-12,84
C0137,2024-12,85
C0247,2025-08,78
C0456,2026-01,5
C0450,2025-07,39
C0563,2026-08,1
C0022,2024-04,2
C0388,2024-11,5
C0138,2024-03,61
C0727,2024-03,30
C0060,2024-05,205
C0021,2024-06,46
C0576,2024-03,19
C0530,2024-04,65
C0217,2024-04,39
C0031,2024-04,43
C0184,2024-06,289
C0385,2024-04,40
C0212,2024-12,63
C0506,2024-04,12
C0284,2024-04,2
C0364,2024-08,29
C0243,2024-06,60
C0263,2024-10,61
C0668,2024-04,1
C0169,2024-03,65
C0182,2024-03,13
C0600,2024-05,5
C0083,2024-05,43
C0160,2024-05,17
C0252,2024-05,39
C0415,2024-05,11
C0646,2024-05,5
C0525,2024-05,5
C0447,2024-06,2
C0625,2024-06,4
C0575,2024-06,13
C0043,2024-06,33
C0237,2024-11,132
C0365,2024-06,4
C0018,2025-03,23
C0049,2024-06,5
C0217,2024-07,37
C0530,2024-07,52
C0332,2024-07,23
C0723,2025-02,22
C0506,2024-07,10
C0034,2024-11,35
C0385,2024-07,26
C0180,2024-07,2
C0154,2024-11,54
C0348,2024-10,50
C0476,2024-10,84
C0671,2024-10,37
C0316,2024-10,42
C0590,2024-10,7
C0059,2024-10,44
C0471,2024-10,2
C0572,2024-10,12
C0587,2024-09,19
C0075,2024-11,51
C0070,2024-11,78
C0750,2024-11,12
C0470,2025-01,6
C0551,2025-01,18
C0076,2025-03,86
C0633,2025-07,23
C0259,2025-02,101
C0425,2024-11,18
C0151,2025-02,81
C0381,2025-02,20
C0405,2025-04,76
C0543,2025-05,10
C0681,2025-05,2
C0065,2025-05,21
C0435,2025-03,51
C0509,2026-06,7
C0625,2025-08,2
C0388,2026-04,8
C0284,2026-08,4
C0022,2026-08,2
C0584,2025-12,8
C0586,2025-12,4
C0604,2025-12,16
C0541,2025-12,5
C0055,2024-03,23
C0044,2025-07,38
C0154,2025-06,53
C0233,2025-08,101
C0721,2024-08,2
C0021,2025-08,53
C0626,2025-12,10
C0736,2025-12,5
C0075,2026-04,58
C0614,2025-12,4
C0727,2026-02,39
C0011,2026-02,67
C0560,2025-03,17
C0576,2026-02,22
C0539,2026-02,7
C0552,2026-02,18
C0011,2024-03,60
C0052,2026-04,8
C0726,2026-04,8
C0721,2026-01,1
C0034,2025-06,42
C0380,2025-06,24
C0070,2025-06,85
C0425,2025-06,12
C0052,2025-06,2
C0388,2025-06,3
C0493,2025-09,108
C0134,2025-03,52
C0290,2025-09,45
C0726,2025-06,4
C0033,2025-07,35
C0564,2025-09,19
C0675,2025-09,33
C0493,2025-10,80
C0675,2025-10,25
C0370,2025-10,7
C0741,2025-10,2
C0536,2025-10,2
C0585,2025-10,2
C0741,2025-09,4
C0395,2024-12,50
C0482,2025-03,106
C0049,2025-08,10
C0364,2025-04,33
C0555,2025-04,23
C0180,2024-04,1
C0677,2024-09,4
C0673,2024-09,3
C0477,2024-09,1
C0131,2024-09,1
C0569,2024-12,13
C0118,2024-12,1
C0718,2024-12,11
C0456,2025-04,4
C0449,2025-10,1
C0449,2025-09,2
C0688,2024-09,5
C0561,2024-09,1
C0440,2025-03,22
C0674,2025-04,9
C0725,2025-04,7
C0480,2025-03,1
C0624,2025-04,8
C0043,2025-08,39
C0539,2024-03,5
C0566,2025-04,4
C0229,2025-07,1
C0329,2025-10,1
C0099,2025-11,2
C0370,2025-09,9
C0609,2025-09,3
C0536,2025-09,1
C0575,2025-08,8
C0544,2020-03,1
C0411,2025-12,2
C0507,2026-02,1
C0353,2024-02,4
C0687,2024-02,7
C0577,2024-02,11
C0632,2024-02,4
C0552,2024-03,18
C0566,2024-08,5
C0725,2024-08,7
C0544,2024-08,3
C0624,2024-08,6
C0555,2024-08,19
C0674,2024-08,3
C0663,2024-09,1
C0207,2024-09,1
C0467,2024-12,1
C0606,2024-12,3
C0562,2024-12,1
C0544,2025-04,2
C0447,2025-08,2
C0365,2025-08,1
C0090,2024-05,2
C0022,2024-07,3
C0617,2024-01,1
C0726,2024-11,2
C0052,2024-11,1
C0413,2025-02,1
C0536,2022-10,4
C0574,2023-06,4
C0575,2023-10,8
C0609,2022-10,1
C0449,2022-10,2
C0741,2022-10,3
C0585,2022-10,1
C0740,2022-10,1
C0365,2023-10,2
C0705,2023-01,1
C0286,2021-12,72
C0235,2021-12,54
C0564,2021-11,17
C0369,2021-09,107
C0261,2021-12,3
C0141,2022-02,62
C0350,2021-08,35
C0622,2021-12,21
C0155,2022-01,314
C0290,2021-11,49
C0015,2021-10,64
C0368,2022-01,59
C0066,2022-01,84
C0285,2021-08,44
C0219,2021-01,118
C0366,2020-07,38
C0065,2022-01,45
C0465,2020-03,58
C0295,2021-01,99
C0028,2021-07,31
C0360,2021-01,125
C0700,2021-06,21
C0071,2020-03,37
C0462,2021-06,35
C0319,2021-01,79
C0338,2021-09,58
C0327,2022-04,25
C0298,2022-04,37
C0343,2022-04,65
C0428,2022-04,30
C0073,2022-04,57
C0329,2021-11,3
C0427,2022-04,13
C0152,2022-03,51
C0445,2021-11,38
C0012,2022-04,27
C0548,2021-12,7
C0531,2022-04,1
C0289,2022-04,39
C0135,2022-04,1
C0675,2021-11,14
C0108,2022-01,5
C0354,2022-05,59
C0408,2022-05,38
C0104,2022-02,21
C0474,2022-05,26
C0280,2022-05,23
C0278,2022-05,93
C0266,2022-03,36
C0063,2022-05,61
C0037,2022-03,107
C0272,2022-05,21
C0326,2022-03,39
C0664,2022-04,2
C0238,2022-05,14
C0242,2022-05,3
C0371,2022-06,20
C0096,2022-05,2
C0082,2020-01,143
C0176,2021-01,212
C0105,2020-03,60
C0184,2020-01,599
C0114,2021-01,76
C0243,2020-01,116
C0233,2020-01,178
C0019,2021-02,43
C0043,2020-01,82
C0406,2020-08,22
C0009,2020-03,82
C0153,2021-05,25
C0354,2020-05,52
C0269,2021-08,39
C0352,2020-02,28
C0258,2020-08,87
C0436,2020-03,41
C0232,2021-10,31
C0267,2021-05,43
C0402,2020-08,55
C0348,2021-04,33
C0045,2022-06,49
C0342,2022-06,50
C0201,2022-06,41
C0330,2022-06,71
C0603,2022-06,23
C0002,2022-06,46
C0057,2022-06,52
C0294,2022-06,5
C0602,2022-03,19
C0347,2022-06,39
C0662,2022-06,3
C0450,2022-02,21
C0363,2022-03,16
C0513,2022-03,5
C0635,2022-06,2
C0237,2022-07,109
C0034,2022-07,35
C0380,2022-07,16
C0154,2022-07,50
C0425,2022-07,13
C0750,2022-07,8
C0188,2022-07,44
C0075,2022-07,47
C0070,2022-07,41
C0023,2022-06,1
C0264,2022-03,42
C0033,2022-02,37
C0388,2022-07,1
C0392,2022-03,7
C0299,2022-05,5
C0009,2022-11,148
C0465,2022-11,64
C0458,2022-11,19
C0253,2022-11,57
C0020,2022-10,47
C0436,2022-11,64
C0132,2022-11,77
C0071,2022-11,53
C0007,2022-10,51
C0446,2022-10,55
C0338,2022-10,65
C0551,2022-11,4
C0124,2022-10,14
C0145,2022-11,31
C0246,2022-11,14
C0105,2022-11,65
C0409,2022-09,42
C0567,2022-11,1
C0166,2022-09,49
C0302,2022-10,35
C0048,2022-10,32
C0369,2022-10,128
C0356,2022-11,3
C0122,2022-12,159
C0189,2022-12,91
C0301,2022-12,28
C0106,2022-12,77
C0271,2022-12,58
C0101,2022-12,22
C0097,2022-12,9
C0417,2023-03,44
C0104,2023-03,29
C0141,2023-03,53
C0044,2023-03,27
C0033,2023-03,68
C0530,2023-01,154
C0688,2022-08,8
C0450,2023-03,33
C0633,2023-03,18
C0282,2026-05,94
C0031,2023-01,152
C0221,2023-02,77
C0332,2023-01,44
C0022,2023-01,24
C0217,2023-01,83
C0709,2023-03,1
C0221,2023-04,64
C0085,2023-04,45
C0211,2021-03,68
C0472,2021-03,69
C0272,2020-05,37
C0425,2023-07,7
C0237,2023-07,115
C0070,2023-07,40
C0188,2023-07,63
C0034,2023-07,30
C0075,2023-07,56
C0380,2023-07,16
C0154,2023-07,41
C0715,2023-08,9
C0341,2023-08,85
C0257,2023-08,62
C0744,2023-08,40
C0162,2023-08,14
C0126,2023-08,116
C0287,2023-08,22
C0013,2023-08,10
C0444,2023-08,12
C0651,2023-08,15
C0506,2023-01,20
C0400,2023-08,27
C0019,2022-09,28
C0385,2023-01,64
C0157,2023-08,2
C0409,2023-05,36
C0571,2023-08,1
C0648,2023-08,2
C0166,2023-05,58
C0019,2023-05,30
C0129,2023-09,75
C0472,2023-09,60
C0177,2023-09,37
C0486,2023-09,82
C0211,2023-09,65
C0195,2023-09,57
C0455,2023-09,60
C0443,2023-06,54
C0044,2023-12,27
C0633,2023-12,13
C0450,2023-12,24
C0033,2023-12,58
C0141,2023-12,54
C0417,2023-12,48
C0563,2023-01,5
C0464,2023-10,51
C0104,2023-12,24
C0229,2023-12,1
C0493,2026-05,100
C0709,2023-12,2
C0417,2022-02,35
C0020,2021-09,42
C0178,2022-03,34
C0068,2022-03,38
C0420,2022-03,36
C0214,2022-03,14
C0044,2022-02,21
C0706,2022-03,1
C0634,2022-04,11
C0633,2022-02,17
C0461,2020-06,49
C0086,2020-07,63
C0278,2020-05,78
C0313,2020-10,39
C0121,2021-06,77
C0051,2022-05,4
C0187,2022-05,2
C0041,2022-05,1
C0048,2021-09,48
C0656,2022-06,2
C0185,2022-09,45
C0181,2022-09,13
C0510,2022-09,41
C0125,2022-09,43
C0163,2022-09,8
C0694,2021-08,4
C0619,2022-09,4
C0680,2022-09,18
C0287,2020-09,22
C0315,2021-10,49
C0677,2022-08,7
C0115,2020-08,36
C0444,2020-09,21
C0180,2023-01,12
C0085,2023-02,41
C0293,2021-06,65
C0284,2023-01,5
C0163,2021-02,8
C0497,2023-03,1
C0222,2023-06,74
C0592,2023-06,33
C0163,2023-05,7
C0185,2023-05,33
C0164,2021-11,18
C0181,2023-05,22
C0697,2023-06,5
C0032,2023-06,6
C0726,2023-07,2
C0750,2023-07,2
C0052,2023-07,1
C0388,2023-07,2
C0546,2023-06,1
C0155,2023-11,197
C0368,2023-11,28
C0066,2023-11,34
C0065,2023-11,14
C0681,2023-11,4
C0325,2023-10,1
C0108,2023-11,2
C0015,2024-01,277
C0128,2024-02,88
C0464,2024-01,151
C0236,2024-02,49
C0481,2024-02,40
C0112,2024-02,8
C0383,2024-02,64
C0139,2024-02,14
C0372,2024-02,13
C0213,2024-02,22
C0315,2024-01,222
C0455,2021-03,56
C0195,2021-03,41
C0067,2021-06,149
C0486,2021-03,91
C0025,2021-04,2
C0393,2021-07,76
C0365,2020-01,20
C0257,2020-09,52
C0021,2020-01,123
C0059,2021-04,51
C0469,2020-06,29
C0089,2021-07,42
C0093,2021-07,39
C0004,2020-06,49
C0145,2020-03,43
C0181,2021-02,30
C0671,2021-04,17
C0129,2021-03,88
C0357,2020-10,20
C0474,2020-05,29
C0185,2021-02,49
C0062,2020-10,41
C0063,2020-05,69
C0276,2021-05,115
C0510,2021-02,18
C0061,2020-07,53
C0322,2020-02,4
C0016,2020-11,54
C0409,2021-02,39
C0337,2021-06,31
C0273,2020-11,2
C0247,2020-01,145
C0416,2020-07,53
C0387,2020-12,39
C0408,2020-05,40
C0309,2020-07,6
C0206,2020-08,64
C0297,2020-04,20
C0575,2020-01,16
C0367,2020-08,36
C0280,2020-05,27
C0056,2020-06,40
C0242,2020-05,5
C0587,2022-08,16
C0663,2022-08,2
C0673,2022-08,2
C0477,2022-08,1
C0191,2021-01,74
C0432,2022-03,1
C0131,2022-08,2
C0547,2022-12,2
C0657,2022-12,2
C0421,2021-05,33
C0438,2023-04,2
C0125,2023-05,55
C0680,2023-05,18
C0510,2023-05,45
C0006,2023-09,1
C0315,2023-10,66
C0431,2023-10,62
C0542,2023-10,9
C0232,2023-10,37
C0015,2023-10,56
C0549,2023-10,2
C0720,2023-10,5
C0742,2023-10,10
C0431,2024-01,153
C0232,2024-01,93
C0176,2025-11,112
C0696,2024-01,20
C0720,2024-01,20
C0542,2024-01,40
C0742,2024-01,22
C0549,2024-01,7
C0009,2024-08,199
C0194,2024-04,113
C0315,2024-06,60
C0341,2020-09,82
C0625,2020-01,3
C0171,2020-08,37
C0387,2020-04,45
C0460,2020-04,26
C0447,2020-01,8
C0238,2020-05,11
C0299,2020-05,7
C0035,2020-05,1
C0458,2020-03,20
C0187,2020-05,4
C0729,2020-05,3
C0040,2020-08,59
C0249,2020-08,37
C0320,2020-08,36
C0516,2020-08,5
C0437,2020-08,37
C0517,2020-08,4
C0126,2020-09,89
C0013,2020-09,13
C0362,2020-07,94
C0400,2020-09,24
C0527,2020-06,7
C0744,2020-09,28
C0545,2020-08,4
C0651,2020-09,13
C0307,2024-03,61
C0162,2020-09,12
C0394,2020-07,20
C0100,2020-06,45
C0157,2020-09,2
C0116,2020-02,3
C0715,2020-09,2
C0460,2020-12,43
C0598,2021-01,13
C0615,2021-01,17
C0194,2026-08,116
C0297,2020-12,35
C0166,2021-02,39
C0177,2021-03,42
C0680,2021-02,24
C0618,2021-01,1
C0125,2021-02,30
C0140,2021-07,37
C0250,2021-06,37
C0487,2021-06,16
C0316,2021-04,52
C0192,2021-07,58
C0493,2021-11,85
C0433,2021-06,4
C0647,2021-06,10
C0146,2021-05,48
C0175,2021-05,44
C0234,2021-04,35
C0168,2021-07,36
C0102,2021-08,53
C0665,2021-07,4
C0464,2021-10,38
C0431,2021-10,45
C0220,2021-08,19
C0203,2021-11,25
C0742,2021-10,4
C0616,2020-02,13
C0720,2021-10,3
C0007,2021-09,38
C0282,2021-11,38
C0536,2021-11,2
C0370,2021-11,6
C0302,2021-09,46
C0696,2021-10,2
C0542,2021-10,3
C0627,2022-12,1
C0619,2023-05,5
C0049,2020-01,11
C0051,2020-05,3
C0358,2020-02,68
C0080,2020-06,82
C0621,2020-08,2
C0446,2021-09,30
C0741,2021-11,3
C0132,2020-03,49
C0617,2020-01,1
C0541,2020-02,3
C0584,2020-02,23
C0565,2020-02,3
C0532,2020-02,6
C0604,2020-02,6
C0190,2020-02,2
C0736,2020-02,3
C0626,2020-02,2
C0008,2020-06,3
C0096,2020-05,2
C0210,2020-07,34
C0572,2021-04,9
C0612,2020-06,1
C0489,2020-07,2
C0197,2020-10,19
C0355,2020-10,43
C0728,2020-10,18
C0015,2024-06,75
C0717,2020-11,2
C0006,2021-03,2
C0476,2021-04,58
C0263,2021-04,81
C0471,2021-04,4
C0240,2021-05,20
C0024,2021-05,15
C0069,2021-05,21
C0590,2021-04,4
C0345,2021-05,31
C0253,2020-03,29
C0296,2021-05,15
C0124,2021-09,5
C0410,2021-08,41
C0303,2021-08,13
C0515,2021-08,7
C0351,2021-12,4
C0629,2020-10,2
C0693,2021-12,4
C0631,2021-12,1
C0724,2021-12,1
C0609,2021-11,1
C0614,2020-02,2
C0586,2020-02,3
C0356,2020-03,1
C0246,2020-03,4
C0551,2020-03,8
C0054,2020-06,1
C0173,2020-10,2
C0571,2020-09,1
C0619,2021-02,2
C0594,2021-01,5
C0508,2021-08,1
C0325,2021-10,1
C0585,2021-11,2
C0740,2021-11,1
C0567,2020-03,1
C0099,2020-04,1
C0745,2020-04,2
C0106,2024-12,114
C0745,2020-12,6
C0502,2020-12,2
C0491,2020-12,1
C0384,2021-03,1
C0523,2021-05,1
C0535,2021-05,1
C0499,2021-09,2
C0292,2024-03,32
C0591,2021-09,2
C0681,2022-01,3
C0543,2022-01,2
C0081,2021-01,1
C0445,2026-05,54
C0141,2026-04,91
C0436,2026-01,361
C0290,2026-05,35
C0465,2026-01,164
C0253,2026-01,392
C0380,2025-07,17
C0009,2026-01,528
C0203,2026-05,46
C0145,2026-01,182
C0564,2026-05,30
C0070,2025-07,80
C0675,2026-05,42
C0132,2026-01,186
C0458,2026-01,93
C0259,2026-06,110
C0071,2026-01,121
C0016,2026-07,68
C0113,2026-08,103
C0470,2026-01,6
C0105,2026-01,294
C0446,2025-09,100
C0151,2026-06,118
C0246,2026-01,124
C0439,2025-12,56
C0033,2026-04,78
C0417,2026-04,83
C0381,2026-06,41
C0512,2026-08,3
C0427,2024-10,11
C0271,2024-12,66
C0484,2026-02,63
C0717,2026-07,2
C0551,2026-01,18
C0088,2025-05,57
C0161,2025-05,50
C0033,2024-11,56
C0338,2025-09,91
C0369,2025-09,164
C0315,2025-08,102
C0624,2025-01,40
C0191,2025-11,164
C0219,2025-11,117
C0555,2025-01,80
C0566,2025-01,8
C0598,2025-11,40
C0208,2025-05,46
C0594,2025-11,4
C0615,2025-11,5
C0360,2025-11,86
C0114,2025-11,102
C0319,2025-11,32
C0405,2025-01,152
C0237,2025-07,167
C0295,2025-11,43
C0463,2025-01,138
C0364,2025-01,71
C0430,2025-12,46
C0007,2025-10,60
C0302,2025-10,57
C0456,2025-01,7
C0312,2025-02,4
C0375,2025-12,56
C0553,2025-12,46
C0105,2025-04,75
C0104,2025-06,36
C0356,2026-01,34
C0484,2024-03,44
C0605,2026-08,8
C0018,2024-09,31
C0497,2025-06,2
C0721,2025-01,3
C0091,2026-03,80
C0567,2026-01,1
C0633,2025-06,33
C0104,2024-11,20
C0446,2025-10,101
C0417,2025-06,64
C0132,2025-04,98
C0667,2026-03,25
C0047,2026-03,69
C0103,2026-02,62
C0186,2026-03,101
C0292,2026-02,38
C0048,2025-09,63
C0731,2026-06,4
C0403,2026-02,19
C0189,2024-12,99
C0343,2024-10,75
C0254,2026-02,202
C0097,2024-12,19
C0339,2026-08,128
C0609,2026-05,3
C0164,2026-05,26
C0370,2026-05,18
C0275,2026-02,58
C0188,2025-07,53
C0327,2024-10,35
C0634,2024-10,30
C0268,2026-06,4
C0196,2025-05,87
C0723,2026-06,37
C0307,2026-02,101
C0688,2025-03,12
C0117,2024-04,49
C0425,2025-07,13
C0104,2026-04,39
C0382,2026-08,107
C0005,2026-08,58
C0495,2026-01,2
C0349,2026-08,64
C0514,2026-08,12
C0301,2024-12,30
C0020,2025-10,54
C0048,2025-10,70
C0117,2026-08,80
C0044,2026-04,65
C0740,2026-05,2
C0007,2025-09,55
C0450,2026-04,42
C0741,2026-05,2
C0466,2026-08,1
C0336,2026-08,15
C0705,2026-08,1
C0034,2025-07,46
C0042,2026-08,2
C0339,2024-04,38
C0113,2024-04,138
C0417,2024-11,57
C0325,2024-01,4
C0461,2024-05,101
C0254,2024-03,149
C0633,2024-11,23
C0349,2024-04,70
C0241,2024-03,94
C0008,2024-05,4
C0382,2024-04,96
C0605,2024-04,8
C0005,2024-04,46
C0080,2024-05,108
C0696,2024-06,4
C0042,2024-04,5
C0436,2024-08,127
C0349,2024-07,69
C0403,2024-03,10
C0336,2024-04,10
C0275,2024-03,44
C0100,2024-05,36
C0005,2024-07,45
C0029,2024-03,32
C0705,2024-04,1
C0431,2024-06,61
C0113,2024-07,115
C0469,2024-05,17
C0004,2024-05,56
C0382,2024-07,97
C0056,2024-05,54
C0527,2024-05,18
C0262,2024-11,1
C0512,2024-04,1
C0540,2025-05,5
C0054,2024-05,1
C0698,2024-05,2
C0253,2024-08,79
C0336,2024-07,9
C0482,2024-09,116
C0464,2024-06,58
C0742,2024-06,9
C0012,2024-10,33
C0232,2024-06,38
C0009,2025-04,237
C0542,2024-06,11
C0720,2024-06,6
C0076,2024-09,86
C0194,2024-07,106
C0339,2024-07,35
C0134,2024-09,43
C0514,2024-07,7
C0117,2024-07,47
C0512,2024-07,5
C0073,2024-10,72
C0705,2024-07,2
C0605,2024-07,2
C0042,2024-07,3
C0428,2024-10,50
C0435,2024-09,32
C0289,2024-10,45
C0044,2024-11,34
C0660,2024-10,2
C0298,2024-10,28
C0105,2024-08,54
C0245,2025-02,79
C0737,2024-10,2
C0335,2024-10,1
C0039,2024-10,3
C0145,2024-08,36
C0672,2025-05,29
C0122,2024-12,155
C0448,2025-02,39
C0132,2024-08,82
C0123,2025-02,39
C0346,2025-02,64
C0141,2024-11,63
C0450,2024-11,36
C0440,2024-09,18
C0674,2025-01,21
C0101,2024-12,43
C0725,2025-01,28
C0325,2024-06,2
C0334,2025-02,42
C0488,2025-02,3
C0466,2024-07,2
C0556,2025-02,83
C0050,2025-02,71
C0328,2025-02,62
C0227,2025-02,35
C0581,2025-02,4
C0518,2025-02,13
C0550,2025-02,14
C0716,2025-02,2
C0464,2025-08,73
C0109,2025-05,112
C0509,2025-02,5
C0570,2025-02,4
C0644,2025-02,4
C0436,2025-04,227
C0465,2025-04,60
C0441,2025-05,8
C0458,2025-04,36
C0145,2025-04,66
C0064,2025-05,6
C0657,2024-12,6
C0748,2026-07,1
C0274,2025-12,1
C0015,2025-08,70
C0431,2025-08,93
C0141,2025-06,79
C0044,2025-06,38
C0450,2025-06,29
C0338,2025-10,92
C0544,2025-01,4
C0369,2025-10,186
C0587,2025-03,22
C0633,2026-04,40
C0029,2026-02,36
C0241,2026-02,113
C0124,2025-10,37
C0630,2026-02,10
C0020,2025-09,57
C0124,2025-09,33
C0709,2026-04,1
C0710,2025-05,3
C0356,2025-04,6
C0052,2025-07,2
C0033,2025-06,53
C0075,2025-07,51
C0302,2025-09,50
C0154,2025-07,57
C0726,2025-07,1
C0591,2025-10,2
C0325,2025-08,1
C0499,2025-10,6
C0232,2025-08,32
C0470,2025-04,2
C0071,2025-04,39
C0578,2026-02,7
C0737,2022-04,1
C0103,2024-03,48
C0514,2024-04,1
C0560,2024-09,18
C0246,2024-08,25
C0458,2024-08,22
C0551,2024-08,15
C0591,2025-09,1
C0519,2026-03,3
C0536,2026-05,3
C0449,2026-05,1
C0253,2025-04,68
C0551,2025-04,7
C0495,2025-04,1
C0561,2025-03,6
C0673,2025-03,2
C0207,2025-03,1
C0677,2025-03,4
C0246,2025-04,13
C0750,2025-07,4
C0388,2025-07,3
C0542,2025-08,11
C0722,2025-05,1
C0499,2025-09,3
C0720,2025-08,7
C0666,2025-12,1
C0733,2026-02,1
C0497,2026-04,2
C0384,2023-09,1
C0329,2026-05,3
C0689,2024-02,12
C0314,2024-02,4
C0095,2024-02,6
C0490,2024-02,9
C0607,2024-02,3
C0465,2024-08,43
C0578,2024-03,2
C0630,2024-03,9
C0071,2024-08,36
C0470,2024-08,2
C0567,2024-08,1
C0356,2024-08,1
C0480,2024-09,1
C0279,2024-12,1
C0627,2024-12,2
C0281,2025-05,1
C0696,2025-08,2
C0612,2024-05,1
C0549,2024-06,1
C0248,2023-08,1
C0531,2024-10,1
C0709,2024-11,1
C0543,2023-11,2
C0131,2025-03,2
C0052,2022-07,1
C0726,2022-07,1
C0438,2023-02,1
C0696,2023-10,2
C0477,2025-03,1
C0499,2022-10,2
C0613,2023-06,1
C0589,2023-06,1
C0310,2021-12,28
C0150,2021-12,23
C0130,2021-12,35
C0094,2021-12,41
C0526,2021-12,3
C0483,2021-12,59
C0202,2021-12,70
C0133,2021-12,51
C0318,2021-12,27
C0155,2021-11,130
C0004,2021-03,65
C0282,2022-01,68
C0609,2022-01,5
C0536,2022-01,3
C0203,2022-01,83
C0675,2022-01,27
C0493,2022-01,205
C0290,2022-01,92
C0744,2021-01,57
C0013,2021-01,40
C0585,2022-01,3
C0472,2020-06,83
C0459,2020-01,123
C0287,2021-01,82
C0564,2022-01,26
C0741,2022-01,10
C0250,2021-07,40
C0445,2022-01,42
C0164,2022-01,48
C0569,2021-05,18
C0121,2021-07,65
C0126,2021-01,232
C0028,2021-06,41
C0457,2022-04,23
C0300,2022-04,37
C0065,2021-11,20
C0481,2022-02,46
C0593,2022-04,15
C0216,2022-04,26
C0370,2022-01,11
C0478,2022-03,79
C0383,2022-02,47
C0607,2022-02,1
C0636,2022-04,5
C0372,2022-02,16
C0047,2022-05,67
C0519,2022-05,4
C0186,2022-05,35
C0091,2022-05,30
C0667,2022-05,13
C0056,2021-03,36
C0424,2020-10,38
C0410,2021-04,42
C0220,2021-04,24
C0444,2021-01,52
C0129,2020-06,74
C0010,2020-01,83
C0089,2021-06,41
C0257,2021-01,107
C0103,2020-03,46
C0219,2020-09,35
C0157,2021-01,8
C0403,2020-03,28
C0386,2020-04,58
C0378,2020-01,81
C0307,2020-03,41
C0211,2020-06,88
C0191,2020-09,53
C0170,2020-12,95
C0469,2021-03,25
C0218,2020-10,66
C0058,2022-06,72
C0451,2022-06,52
C0136,2022-06,46
C0026,2022-06,22
C0695,2022-04,4
C0743,2022-06,2
C0120,2022-06,27
C0236,2022-02,21
C0128,2022-02,83
C0156,2022-07,45
C0038,2022-07,29
C0317,2022-07,49
C0577,2022-07,9
C0687,2022-07,5
C0200,2022-07,40
C0329,2022-01,9
C0449,2022-01,5
C0066,2021-11,39
C0161,2022-10,21
C0307,2022-11,65
C0109,2022-10,65
C0241,2022-11,70
C0254,2022-11,123
C0029,2022-11,41
C0403,2022-11,19
C0484,2022-11,45
C0103,2022-11,58
C0189,2022-09,83
C0292,2022-11,14
C0088,2022-10,45
C0630,2022-11,19
C0275,2022-11,71
C0208,2022-10,28
C0196,2022-10,64
C0578,2022-11,6
C0271,2022-09,45
C0379,2020-12,45
C0106,2022-09,47
C0680,2022-12,26
C0409,2022-12,47
C0019,2022-12,21
C0125,2022-12,47
C0510,2022-12,46
C0181,2022-12,22
C0163,2022-12,14
C0166,2022-12,51
C0185,2022-12,59
C0619,2022-12,2
C0383,2023-03,67
C0128,2023-03,75
C0481,2023-03,39
C0236,2023-03,31
C0213,2023-03,24
C0372,2023-03,21
C0112,2023-03,12
C0095,2023-03,5
C0490,2023-03,6
C0398,2023-01,111
C0193,2023-01,24
C0228,2023-01,92
C0419,2023-01,113
C0139,2023-03,13
C0412,2023-01,69
C0407,2023-01,183
C0391,2023-01,61
C0277,2023-01,91
C0714,2023-01,65
C0358,2022-08,85
C0537,2023-01,323
C0689,2023-03,5
C0607,2023-03,5
C0167,2023-01,66
C0122,2022-09,151
C0401,2023-01,140
C0574,2023-01,4
C0396,2023-01,39
C0225,2023-01,109
C0210,2023-04,38
C0224,2020-12,37
C0416,2023-04,44
C0366,2023-04,31
C0538,2023-03,2
C0061,2023-04,65
C0086,2023-04,59
C0394,2023-04,54
C0309,2023-04,8
C0362,2023-04,86
C0475,2023-01,99
C0533,2023-01,22
C0362,2023-02,97
C0086,2023-02,60
C0195,2020-06,39
C0317,2023-07,40
C0687,2023-07,10
C0156,2023-07,59
C0189,2023-05,84
C0038,2023-07,22
C0200,2023-07,41
C0577,2023-07,11
C0101,2023-05,19
C0097,2023-05,9
C0114,2023-08,60
C0360,2023-08,61
C0176,2023-08,67
C0319,2023-08,18
C0219,2023-08,33
C0191,2023-08,72
C0598,2023-08,17
C0295,2023-08,28
C0632,2023-07,6
C0194,2023-06,86
C0615,2023-08,9
C0106,2023-05,56
C0081,2023-08,2
C0117,2023-06,62
C0113,2023-06,138
C0712,2022-03,19
C0527,2023-09,17
C0100,2023-09,28
C0080,2023-09,104
C0461,2023-09,80
C0469,2023-09,29
C0004,2023-09,48
C0056,2023-09,57
C0128,2023-12,81
C0383,2023-12,65
C0282,2023-11,45
C0236,2023-12,61
C0372,2023-12,23
C0213,2023-12,27
C0112,2023-12,15
C0139,2023-12,21
C0689,2023-12,7
C0481,2023-12,42
C0314,2023-12,3
C0490,2023-12,10
C0095,2023-12,8
C0100,2021-03,33
C0329,2023-11,4
C0445,2023-11,23
C0255,2022-03,61
C0098,2022-03,34
C0485,2022-03,57
C0213,2022-02,14
C0490,2022-02,11
C0275,2020-03,65
C0265,2020-04,10
C0529,2022-06,2
C0097,2022-09,13
C0301,2022-09,27
C0101,2022-09,27
C0140,2021-06,38
C0657,2022-09,3
C0320,2020-11,38
C0249,2020-11,36
C0616,2022-08,19
C0352,2022-08,23
C0740,2022-01,1
C0627,2022-09,1
C0736,2022-08,4
C0614,2022-08,7
C0473,2020-01,67
C0149,2020-12,40
C0162,2021-01,32
C0604,2022-08,5
C0212,2021-05,50
C0402,2020-11,67
C0224,2020-04,22
C0186,2020-05,44
C0441,2022-10,7
C0367,2020-11,54
C0366,2023-02,58
C0394,2023-02,54
C0046,2023-01,42
C0210,2023-02,42
C0061,2023-02,58
C0416,2023-02,43
C0067,2021-07,152
C0314,2023-03,3
C0667,2020-05,7
C0623,2021-10,5
C0106,2021-02,54
C0382,2023-06,93
C0271,2023-05,53
C0514,2023-06,5
C0349,2023-06,61
C0005,2023-06,38
C0339,2023-06,37
C0336,2023-06,8
C0122,2023-05,152
C0353,2023-07,6
C0290,2023-11,64
C0564,2023-11,20
C0203,2023-11,38
C0164,2023-11,21
C0493,2023-11,76
C0675,2023-11,23
C0370,2023-11,7
C0172,2023-10,42
C0740,2023-11,2
C0609,2023-11,4
C0149,2020-04,23
C0182,2025-01,101
C0607,2023-12,1
C0633,2024-02,17
C0417,2024-02,50
C0033,2024-02,42
C0141,2024-02,70
C0129,2024-05,82
C0458,2024-03,22
C0115,2020-11,49
C0139,2022-02,16
C0112,2022-02,14
C0293,2021-07,33
C0161,2021-09,29
C0192,2021-06,62
C0368,2021-11,33
C0095,2022-02,4
C0400,2021-01,119
C0080,2021-03,69
C0221,2020-07,63
C0561,2020-02,1
C0234,2021-08,38
C0746,2020-10,10
C0341,2021-01,177
C0406,2020-11,14
C0101,2021-02,17
C0016,2020-08,52
C0111,2021-01,1
C0177,2020-06,39
C0172,2021-10,44
C0059,2021-08,45
C0122,2021-02,116
C0176,2020-09,72
C0462,2021-07,24
C0208,2021-09,20
C0223,2021-05,41
C0269,2021-04,46
C0350,2021-04,31
C0091,2020-05,18
C0263,2021-08,86
C0671,2021-08,29
C0114,2020-09,50
C0144,2020-10,35
C0386,2020-12,72
C0093,2021-06,32
C0292,2020-03,23
C0271,2021-02,38
C0137,2021-05,45
C0486,2020-06,68
C0254,2020-03,80
C0393,2021-06,70
C0484,2020-03,34
C0040,2020-11,40
C0322,2022-08,2
C0584,2022-08,13
C0586,2022-08,1
C0532,2022-08,14
C0541,2022-08,4
C0316,2021-08,30
C0626,2022-08,3
C0411,2022-08,2
C0379,2020-04,38
C0540,2022-10,3
C0672,2022-10,17
C0196,2021-09,70
C0353,2022-07,1
C0337,2021-07,12
C0524,2023-01,5
C0489,2023-04,1
C0301,2023-05,19
C0657,2023-05,4
C0612,2023-09,1
C0107,2023-10,7
C0601,2023-10,4
C0623,2023-10,5
C0172,2024-01,151
C0443,2024-04,69
C0107,2024-01,25
C0601,2024-01,12
C0733,2024-08,2
C0009,2024-03,145
C0630,2024-08,9
C0559,2024-01,2
C0623,2024-01,21
C0490,2024-11,10
C0239,2020-01,67
C0684,2020-01,9
C0170,2020-04,46
C0047,2020-05,55
C0159,2020-04,22
C0582,2020-04,8
C0519,2020-05,2
C0189,2021-02,74
C0360,2020-09,50
C0598,2020-09,13
C0615,2020-09,7
C0319,2020-09,23
C0295,2020-09,29
C0618,2020-09,1
C0651,2021-01,20
C0571,2021-01,3
C0159,2020-12,40
C0715,2021-01,8
C0206,2020-11,80
C0265,2020-12,5
C0301,2021-02,20
C0627,2021-02,3
C0171,2020-11,36
C0665,2021-06,7
C0168,2021-06,14
C0648,2021-01,1
C0395,2021-05,34
C0455,2020-06,45
C0376,2021-06,1
C0285,2021-04,43
C0487,2021-07,23
C0700,2021-07,11
C0647,2021-07,5
C0612,2021-03,3
C0102,2021-04,46
C0476,2021-08,50
C0601,2021-10,4
C0107,2021-10,6
C0650,2020-01,1
C0348,2021-08,35
C0088,2021-09,40
C0108,2021-11,1
C0054,2023-09,1
C0681,2021-11,2
C0679,2022-02,1
C0689,2022-02,6
C0587,2020-02,13
C0688,2020-02,3
C0677,2020-02,7
C0131,2020-02,1
C0207,2020-02,2
C0006,2020-06,3
C0085,2020-07,32
C0258,2020-11,66
C0437,2020-11,33
C0517,2020-11,6
C0516,2020-11,13
C0545,2020-11,6
C0438,2020-07,3
C0029,2020-03,36
C0582,2020-12,13
C0498,2020-12,12
C0596,2020-11,1
C0461,2021-03,47
C0527,2021-03,5
C0097,2021-02,6
C0303,2021-04,14
C0694,2021-04,3
C0515,2021-04,12
C0718,2021-05,6
C0174,2021-05,12
C0606,2021-05,11
C0248,2021-01,4
C0572,2021-08,13
C0040,2026-07,176
C0109,2021-09,49
C0672,2021-09,13
C0710,2021-09,1
C0540,2021-09,11
C0433,2021-07,3
C0663,2020-02,1
C0241,2020-03,41
C0630,2020-03,14
C0578,2020-03,2
C0500,2020-10,2
C0673,2020-02,1
C0273,2020-08,1
C0657,2021-02,1
C0590,2021-08,4
C0471,2021-08,1
C0543,2021-11,3
C0739,2020-04,3
C0260,2020-04,2
C0498,2020-04,7
C0588,2020-08,1
C0739,2020-12,6
C0704,2020-12,1
C0484,2025-04,46
C0260,2020-12,1
C0562,2021-05,1
C0155,2026-05,207
C0368,2026-05,58
C0354,2026-03,130
C0484,2026-01,187
C0065,2026-05,27
C0543,2026-05,7
C0254,2026-01,503
C0208,2025-09,58
C0238,2026-03,26
C0367,2026-07,97
C0402,2026-07,120
C0372,2026-04,36
C0206,2026-07,118
C0320,2026-07,92
C0437,2026-07,133
C0258,2026-07,244
C0406,2026-07,63
C0307,2026-01,215
C0171,2026-07,70
C0630,2026-01,24
C0241,2026-01,184
C0249,2026-07,38
C0115,2026-07,83
C0596,2026-07,5
C0403,2026-01,76
C0251,2026-06,162
C0280,2026-03,102
C0516,2026-07,11
C0578,2026-01,16
C0306,2026-06,57
C0323,2026-06,94
C0545,2026-07,10
C0292,2026-01,87
C0270,2026-06,128
C0275,2026-01,213
C0208,2025-10,67
C0272,2026-03,50
C0066,2026-05,44
C0169,2025-01,308
C0103,2026-01,181
C0686,2026-06,25
C0321,2026-06,36
C0738,2026-07,2
C0165,2026-06,41
C0481,2026-04,68
C0383,2026-04,69
C0517,2026-07,10
C0196,2025-09,95
C0166,2024-12,63
C0486,2024-05,95
C0236,2024-11,66
C0048,2025-05,66
C0029,2026-01,93
C0621,2026-07,1
C0490,2025-06,6
C0409,2024-12,57
C0389,2026-06,74
C0435,2025-12,96
C0156,2025-07,78
C0138,2025-01,297
C0539,2025-01,19
C0341,2025-11,97
C0311,2025-01,145
C0162,2025-11,17
C0143,2025-01,307
C0287,2025-11,54
C0444,2025-11,19
C0126,2025-11,143
C0400,2025-11,50
C0744,2025-11,58
C0715,2025-11,14
C0648,2025-11,2
C0013,2025-11,21
C0307,2025-04,54
C0257,2025-11,71
C0292,2025-04,26
C0107,2025-08,6
C0727,2025-01,148
C0571,2025-11,3
C0601,2025-08,5
C0196,2025-10,100
C0161,2025-09,44
C0157,2025-11,9
C0055,2025-01,79
C0552,2025-01,107
C0651,2025-11,9
C0018,2025-12,71
C0134,2025-12,50
C0482,2025-12,128
C0076,2025-12,148
C0560,2025-12,18
C0440,2025-12,32
C0278,2026-03,145
C0139,2025-06,21
C0011,2025-01,247
C0576,2025-01,73
C0183,2025-02,67
C0216,2024-10,27
C0088,2025-10,54
C0317,2025-07,55
C0253,2026-02,100
C0088,2025-09,43
C0352,2025-03,34
C0172,2025-08,40
C0095,2024-11,11
C0353,2025-07,5
C0372,2024-11,22
C0063,2026-03,137
C0408,2026-03,62
C0125,2024-12,75
C0465,2026-02,56
C0009,2026-02,212
C0458,2026-02,45
C0071,2026-02,56
C0299,2026-03,10
C0474,2026-03,78
C0484,2024-08,50
C0035,2026-03,14
C0145,2026-02,62
C0139,2024-11,17
C0242,2026-03,6
C0132,2026-02,73
C0105,2026-02,82
C0300,2024-10,64
C0450,2024-02,38
C0481,2025-06,55
C0551,2024-03,7
C0236,2026-04,109
C0314,2025-06,5
C0481,2024-11,45
C0565,2025-03,5
C0592,2024-07,39
C0672,2025-09,27
C0241,2025-04,95
C0211,2024-05,80
C0213,2026-04,38
C0465,2024-03,39
C0490,2026-04,12
C0038,2025-07,36
C0226,2026-06,86
C0324,2026-06,34
C0658,2026-06,1
C0521,2026-06,12
C0607,2026-04,3
C0139,2026-04,26
C0443,2026-08,122
C0592,2026-08,43
C0222,2026-08,86
C0032,2026-08,6
C0181,2024-12,23
C0697,2026-08,4
C0443,2024-07,70
C0051,2026-03,2
C0163,2024-12,7
C0554,2026-06,4
C0653,2026-06,7
C0719,2026-06,3
C0254,2024-08,150
C0589,2026-08,3
C0538,2023-12,1
C0679,2023-12,1
C0253,2024-03,52
C0592,2024-04,27
C0132,2024-03,80
C0222,2024-04,63
C0697,2024-04,6
C0032,2024-04,4
C0222,2024-07,66
C0356,2024-03,9
C0275,2024-08,52
C0584,2025-03,11
C0546,2024-04,1
C0541,2025-03,4
C0105,2024-03,69
C0205,2025-02,60
C0185,2024-12,62
C0472,2024-05,51
C0177,2024-05,35
C0307,2024-08,64
C0195,2024-05,81
C0455,2024-05,65
C0006,2024-05,2
C0044,2024-02,31
C0246,2024-03,14
C0172,2024-06,52
C0623,2024-06,7
C0071,2024-03,36
C0601,2024-06,2
C0107,2024-06,5
C0559,2024-06,1
C0020,2025-05,56
C0680,2024-12,29
C0623,2025-08,5
C0032,2024-07,4
C0589,2024-07,3
C0697,2024-07,6
C0546,2024-07,1
C0593,2024-10,42
C0457,2024-10,28
C0695,2024-10,6
C0375,2024-09,36
C0636,2024-10,16
C0103,2025-04,32
C0430,2024-09,12
C0439,2024-09,22
C0338,2025-05,105
C0254,2025-04,174
C0292,2024-08,22
C0236,2025-06,71
C0019,2024-12,34
C0383,2024-11,55
C0128,2024-11,95
C0213,2024-11,33
C0103,2024-08,59
C0689,2024-11,9
C0577,2025-07,20
C0604,2025-03,15
C0645,2025-01,11
C0304,2025-02,110
C0534,2025-02,24
C0209,2025-02,40
C0372,2025-06,19
C0017,2025-02,20
C0333,2025-02,21
C0558,2025-02,3
C0377,2025-02,1
C0685,2025-02,1
C0007,2025-05,85
C0369,2025-05,173
C0302,2025-05,46
C0446,2025-05,91
C0124,2025-05,28
C0670,2026-06,8
C0546,2026-08,1
C0403,2024-08,13
C0499,2025-05,2
C0436,2026-02,188
C0064,2025-10,2
C0145,2024-03,44
C0029,2025-04,45
C0532,2025-03,28
C0281,2025-10,2
C0551,2026-02,9
C0246,2026-02,19
C0733,2026-01,1
C0112,2026-04,16
C0356,2026-02,9
C0248,2025-11,2
C0729,2026-03,4
C0128,2026-04,58
C0314,2026-04,4
C0689,2026-04,6
C0538,2026-04,1
C0095,2026-04,10
C0092,2026-04,2
C0679,2026-04,2
C0710,2025-09,6
C0112,2024-11,13
C0112,2025-06,11
C0161,2025-10,39
C0200,2025-07,42
C0116,2025-03,3
C0619,2024-12,4
C0128,2025-06,74
C0538,2025-06,8
C0383,2025-06,66
C0095,2025-06,5
C0213,2025-06,25
C0679,2025-06,3
C0559,2025-08,3
C0689,2025-06,6
C0607,2025-06,4
C0109,2025-09,74
C0672,2025-10,40
C0109,2025-10,81
C0441,2025-10,8
C0540,2025-10,5
C0540,2025-09,2
C0722,2025-10,1
C0626,2025-03,6
C0510,2024-12,52
C0512,2023-06,3
C0187,2026-03,3
C0275,2025-04,47
C0436,2024-03,110
C0104,2024-02,19
C0589,2024-04,1
C0565,2022-08,1
C0553,2024-09,25
C0029,2024-08,49
C0358,2025-03,89
C0666,2024-09,2
C0681,2026-05,1
C0096,2026-03,1
C0616,2025-03,25
C0736,2025-03,5
C0579,2024-10,1
C0586,2025-03,2
C0411,2025-03,2
C0614,2025-03,3
C0403,2025-04,8
C0630,2025-04,7
C0578,2025-04,3
C0687,2025-07,1
C0632,2025-07,6
C0591,2025-05,1
C0441,2025-09,5
C0281,2025-09,1
C0064,2025-09,3
C0480,2025-12,2
C0241,2024-08,73
C0578,2024-08,8
C0092,2024-11,1
C0733,2025-04,1
C0008,2023-09,1
C0709,2024-02,1
C0679,2024-11,1
C0607,2024-11,1
C0538,2024-11,2
C0314,2024-11,1
C0322,2025-03,3
C0092,2025-06,1
C0632,2022-07,1
C0064,2022-10,3
C0641,2023-01,1
C0309,2023-02,2
C0559,2023-10,2
C0536,2023-11,1
C0710,2022-10,1
C0042,2023-06,1
C0741,2023-11,2
C0470,2024-03,1
C0689,2021-12,10
C0607,2021-12,5
C0236,2021-12,40
C0213,2021-12,23
C0128,2021-12,84
C0383,2021-12,37
C0481,2021-12,40
C0349,2021-01,179
C0454,2021-09,16
C0330,2021-11,62
C0372,2021-12,30
C0139,2021-12,21
C0347,2021-11,26
C0112,2021-12,19
C0095,2021-12,5
C0490,2021-12,5
C0538,2021-12,2
C0120,2022-01,76
C0451,2022-01,95
C0304,2021-05,105
C0458,2021-08,22
C0058,2022-01,120
C0512,2021-01,9
C0194,2021-01,192
C0027,2021-09,26
C0136,2022-01,126
C0679,2021-12,4
C0026,2022-01,45
C0117,2021-01,111
C0154,2021-06,50
C0113,2021-01,340
C0339,2021-01,57
C0422,2022-01,3
C0352,2021-10,28
C0016,2020-05,38
C0270,2021-02,39
C0130,2022-02,25
C0311,2022-04,54
C0011,2022-04,61
C0169,2022-04,55
C0055,2022-04,18
C0143,2022-04,57
C0472,2022-03,72
C0318,2022-02,23
C0211,2022-03,56
C0138,2022-04,41
C0727,2022-04,30
C0202,2022-02,71
C0552,2022-04,14
C0310,2022-02,26
C0337,2022-07,17
C0539,2022-04,6
C0436,2021-08,61
C0195,2022-03,48
C0182,2022-04,8
C0460,2023-01,98
C0486,2022-03,85
C0129,2022-03,57
C0016,2022-05,41
C0403,2021-04,21
C0070,2021-06,42
C0592,2020-09,17
C0468,2020-07,35
C0306,2021-02,27
C0613,2020-09,1
C0299,2020-11,3
C0220,2020-03,25
C0251,2021-02,36
C0037,2021-03,99
C0232,2020-02,29
C0005,2021-01,85
C0484,2021-04,46
C0031,2020-04,44
C0254,2021-04,104
C0237,2021-06,135
C0269,2020-03,55
C0358,2021-10,71
C0098,2020-06,45
C0382,2021-01,209
C0439,2020-01,89
C0071,2021-08,37
C0152,2021-03,45
C0178,2021-03,48
C0290,2022-06,59
C0282,2022-06,35
C0564,2022-06,19
C0493,2022-06,67
C0675,2022-06,10
C0585,2022-06,2
C0203,2022-06,28
C0164,2022-06,33
C0370,2022-06,7
C0445,2022-06,15
C0094,2022-02,38
C0609,2022-06,4
C0741,2022-06,1
C0700,2022-07,25
C0293,2022-07,56
C0067,2022-07,151
C0487,2022-07,24
C0121,2022-07,60
C0250,2022-07,24
C0462,2022-07,12
C0389,2022-09,32
C0433,2022-07,2
C0743,2022-01,15
C0529,2022-01,4
C0455,2022-03,41
C0273,2022-05,2
C0423,2021-09,61
C0220,2022-11,39
C0269,2022-11,53
C0285,2022-11,61
C0350,2022-11,54
C0583,2022-10,5
C0410,2022-11,63
C0303,2022-11,14
C0694,2022-11,7
C0102,2022-11,79
C0711,2022-10,2
C0423,2022-10,49
C0454,2022-10,21
C0611,2022-11,2
C0515,2022-11,11
C0027,2022-10,31
C0288,2022-10,4
C0623,2022-08,3
C0259,2022-12,86
C0151,2022-12,70
C0723,2022-12,23
C0381,2022-12,11
C0413,2022-12,1
C0483,2023-03,55
C0130,2023-03,45
C0094,2023-03,35
C0133,2023-03,66
C0202,2023-03,76
C0310,2023-03,38
C0318,2023-03,16
C0150,2023-03,22
C0072,2023-02,61
C0387,2023-01,131
C0526,2023-03,3
C0297,2023-01,106
C0036,2023-03,1
C0670,2022-09,4
C0158,2023-04,97
C0642,2023-04,11
C0072,2023-04,55
C0003,2023-04,12
C0597,2023-04,4
C0637,2023-04,2
C0310,2023-12,33
C0067,2023-07,150
C0337,2023-07,21
C0487,2023-07,33
C0462,2023-07,13
C0121,2023-07,66
C0293,2023-07,49
C0700,2023-07,26
C0250,2023-07,45
C0222,2023-08,59
C0697,2023-08,8
C0592,2023-08,32
C0443,2023-08,58
C0400,2023-06,28
C0032,2023-08,2
C0323,2023-05,30
C0613,2023-08,2
C0589,2023-08,2
C0257,2023-06,68
C0133,2026-04,91
C0546,2023-08,1
C0389,2023-05,41
C0270,2023-05,43
C0306,2023-05,34
C0152,2023-09,58
C0037,2023-09,140
C0068,2023-09,33
C0264,2023-09,64
C0363,2023-09,15
C0178,2023-09,56
C0602,2023-09,19
C0432,2023-09,5
C0214,2023-09,14
C0266,2023-09,46
C0341,2023-06,80
C0392,2023-09,4
C0483,2023-12,74
C0318,2023-12,30
C0130,2023-12,43
C0202,2023-12,91
C0094,2023-12,38
C0150,2023-12,20
C0133,2023-12,66
C0451,2023-11,28
C0058,2023-11,76
C0373,2023-12,4
C0653,2022-09,1
C0526,2023-12,3
C0177,2022-03,46
C0418,2020-07,13
C0576,2022-04,6
C0133,2022-02,46
C0483,2022-02,42
C0375,2020-01,96
C0340,2020-07,90
C0410,2020-03,53
C0180,2020-04,2
C0588,2022-05,1
C0329,2022-06,1
C0323,2022-09,30
C0270,2022-09,61
C0226,2022-09,136
C0306,2022-09,40
C0251,2022-09,56
C0554,2022-09,2
C0165,2022-09,16
C0521,2022-09,9
C0324,2022-09,53
C0172,2022-08,60
C0686,2022-09,6
C0321,2022-09,4
C0443,2020-09,60
C0354,2020-11,63
C0474,2020-11,33
C0179,2021-09,18
C0284,2020-04,5
C0186,2020-08,52
C0324,2023-05,37
C0158,2023-02,58
C0745,2023-01,5
C0502,2023-01,4
C0003,2023-02,15
C0642,2023-02,13
C0628,2023-02,3
C0053,2023-02,1
C0597,2023-02,2
C0385,2020-12,39
C0326,2021-03,54
C0045,2021-11,71
C0373,2023-03,1
C0707,2021-09,1
C0126,2023-06,115
C0287,2023-06,34
C0744,2023-06,42
C0013,2023-06,11
C0251,2023-05,69
C0651,2023-06,12
C0162,2023-06,17
C0157,2023-06,4
C0647,2023-07,4
C0715,2023-06,5
C0653,2023-05,4
C0165,2023-05,22
C0433,2023-07,2
C0120,2023-11,30
C0743,2023-11,13
C0136,2023-11,47
C0026,2023-11,23
C0352,2023-10,36
C0529,2023-11,3
C0491,2023-01,1
C0604,2023-10,7
C0532,2024-01,43
C0622,2024-02,13
C0286,2024-02,89
C0358,2024-01,238
C0693,2024-02,7
C0351,2024-02,8
C0009,2021-08,124
C0034,2021-06,27
C0241,2021-04,58
C0430,2020-01,75
C0150,2022-02,18
C0526,2022-02,4
C0188,2021-06,61
C0156,2021-07,39
C0317,2021-07,46
C0031,2020-12,46
C0209,2021-05,53
C0200,2021-07,46
C0242,2020-11,3
C0323,2021-02,23
C0333,2021-05,34
C0553,2020-01,14
C0132,2021-08,68
C0350,2020-03,34
C0324,2021-02,39
C0075,2021-06,46
C0408,2020-11,31
C0307,2021-04,60
C0103,2021-04,42
C0380,2021-06,30
C0256,2020-10,48
C0030,2020-10,5
C0278,2020-11,86
C0255,2020-06,63
C0431,2020-02,64
C0466,2021-01,2
C0601,2022-08,1
C0414,2020-10,41
C0107,2022-08,2
C0731,2022-12,3
C0371,2021-11,30
C0514,2021-01,6
C0179,2022-10,13
C0053,2023-04,3
C0199,2023-04,3
C0444,2023-06,3
C0226,2023-05,138
C0670,2023-05,14
C0321,2023-05,9
C0521,2023-05,14
C0719,2023-05,2
C0099,2023-01,3
C0686,2023-05,4
C0326,2023-09,22
C0420,2023-09,38
C0513,2023-09,7
C0358,2023-10,81
C0616,2023-10,26
C0532,2023-10,12
C0584,2023-10,13
C0736,2023-10,5
C0638,2023-10,3
C0616,2024-01,80
C0352,2024-01,80
C0476,2024-03,69
C0614,2024-01,6
C0604,2024-01,24
C0586,2024-01,17
C0295,2024-04,33
C0565,2024-01,17
C0485,2024-05,68
C0584,2024-01,26
C0593,2025-01,194
C0626,2024-01,15
C0385,2020-04,32
C0217,2020-04,29
C0530,2020-04,42
C0315,2020-02,49
C0332,2020-04,12
C0506,2020-04,8
C0102,2020-03,36
C0022,2020-04,3
C0667,2020-08,6
C0047,2020-08,59
C0697,2020-09,13
C0485,2020-06,56
C0042,2021-01,5
C0292,2021-04,22
C0336,2021-01,13
C0682,2020-01,1
C0063,2020-11,69
C0198,2020-01,1
C0389,2021-02,29
C0165,2021-02,18
C0719,2021-02,3
C0670,2021-02,3
C0226,2021-02,74
C0554,2021-02,2
C0521,2021-02,8
C0686,2021-02,4
C0332,2020-12,21
C0217,2020-12,31
C0180,2020-12,5
C0425,2021-06,12
C0363,2021-03,27
C0303,2020-03,16
C0205,2021-05,37
C0750,2021-06,7
C0052,2021-06,6
C0105,2021-08,56
C0388,2021-06,3
C0057,2021-11,57
C0264,2021-03,58
C0726,2021-06,4
C0214,2021-03,26
C0029,2021-04,41
C0687,2021-07,10
C0308,2020-07,6
C0632,2021-07,4
C0275,2021-04,60
C0038,2021-07,24
C0392,2021-03,4
C0630,2021-04,13
C0280,2020-11,20
C0465,2021-08,57
C0616,2021-10,19
C0586,2021-10,5
C0532,2021-10,14
C0322,2021-10,4
C0584,2021-10,12
C0541,2021-10,5
C0212,2025-02,53
C0604,2021-10,3
C0342,2021-11,48
C0002,2021-11,40
C0736,2021-10,3
C0603,2021-11,20
C0190,2021-10,3
C0551,2021-08,4
C0662,2021-11,10
C0614,2021-10,4
C0294,2021-11,9
C0635,2021-11,6
C0222,2020-09,74
C0145,2021-08,34
C0554,2023-05,1
C0496,2023-05,1
C0091,2020-08,28
C0515,2020-03,4
C0273,2020-05,3
C0285,2020-03,41
C0611,2020-03,1
C0201,2021-11,37
C0183,2021-05,60
C0253,2021-08,37
C0068,2021-03,44
C0353,2021-07,4
C0015,2020-02,44
C0464,2020-02,39
C0720,2020-02,4
C0742,2020-02,5
C0549,2020-02,2
C0696,2020-02,4
C0542,2020-02,3
C0478,2020-06,50
C0712,2020-06,10
C0504,2020-07,3
C0678,2020-07,16
C0520,2020-07,6
C0661,2020-07,3
C0666,2020-01,1
C0077,2020-10,4
C0272,2020-11,22
C0187,2020-11,3
C0051,2020-11,2
C0238,2020-11,9
C0420,2021-03,34
C0506,2020-12,8
C0041,2020-11,1
C0530,2020-12,40
C0266,2021-03,49
C0321,2021-02,3
C0602,2021-03,11
C0284,2020-12,2
C0246,2021-08,6
C0017,2021-05,20
C0685,2021-05,4
C0578,2021-04,3
C0534,2021-05,2
C0377,2021-05,1
C0558,2021-05,3
C0605,2021-01,5
C0432,2021-03,3
C0288,2021-09,9
C0711,2021-09,5
C0567,2021-08,1
C0501,2021-09,6
C0356,2021-08,2
C0583,2021-09,8
C0626,2021-10,5
C0314,2021-12,3
C0656,2021-11,2
C0694,2020-03,2
C0325,2020-02,1
C0508,2020-03,1
C0528,2020-06,3
C0035,2020-11,4
C0032,2020-09,1
C0653,2021-02,2
C0133,2024-11,82
C0577,2021-07,1
C0563,2020-04,3
C0274,2020-01,1
C0519,2020-08,2
C0001,2020-07,1
C0668,2020-12,1
C0563,2020-12,1
C0022,2020-12,1
C0293,2025-07,89
C0565,2021-10,2
C0603,2026-05,28
C0330,2026-05,141
C0201,2026-05,46
C0342,2026-05,72
C0002,2026-05,107
C0371,2026-05,49
C0285,2026-01,347
C0057,2026-05,56
C0045,2026-05,57
C0350,2025-04,60
C0294,2026-05,24
C0122,2026-06,195
C0272,2026-07,52
C0354,2026-07,103
C0280,2026-07,89
C0474,2026-07,61
C0063,2026-07,125
C0278,2026-07,165
C0410,2026-01,161
C0408,2026-07,69
C0350,2026-01,258
C0096,2026-07,3
C0271,2026-06,139
C0238,2026-07,32
C0374,2026-07,2
C0269,2026-01,120
C0303,2026-01,79
C0102,2026-01,419
C0189,2026-06,179
C0101,2026-06,53
C0187,2026-07,3
C0121,2025-07,84
C0647,2025-07,12
C0041,2026-07,1
C0035,2026-07,5
C0051,2026-07,8
C0320,2026-03,74
C0242,2026-07,14
C0094,2025-06,40
C0106,2026-06,152
C0299,2026-07,12
C0437,2026-03,155
C0301,2026-06,47
C0395,2025-02,46
C0250,2025-07,49
C0694,2026-01,33
C0310,2026-04,38
C0300,2025-01,114
C0243,2025-12,120
C0258,2026-03,255
C0191,2026-08,145
C0373,2024-11,1
C0220,2026-01,90
C0043,2025-12,73
C0040,2026-03,179
C0347,2026-05,41
C0305,2020-03,4
C0261,2024-02,2
C0426,2025-05,76
C0206,2026-03,86
C0457,2025-01,154
C0113,2025-11,141
C0194,2025-11,116
C0349,2025-11,66
C0005,2025-11,59
C0230,2025-05,39
C0117,2025-11,90
C0514,2025-11,9
C0339,2025-11,97
C0382,2025-11,128
C0336,2025-11,17
C0133,2025-06,120
C0102,2025-04,79
C0605,2025-11,4
C0094,2026-04,63
C0454,2025-10,25
C0423,2025-10,116
C0216,2025-01,108
C0512,2025-11,6
C0184,2025-12,326
C0454,2025-09,26
C0263,2026-02,70
C0303,2025-04,18
C0247,2025-12,63
C0575,2025-12,9
C0049,2025-12,7
C0233,2025-12,114
C0082,2025-12,91
C0130,2025-06,92
C0337,2025-07,18
C0021,2025-12,86
C0515,2026-01,23
C0059,2026-02,90
C0625,2025-12,9
C0508,2026-01,7
C0179,2025-09,33
C0476,2026-02,62
C0638,2024-06,1
C0367,2026-03,73
C0316,2026-02,48
C0171,2026-03,65
C0738,2026-03,2
C0406,2026-03,69
C0249,2026-03,34
C0402,2026-03,107
C0545,2026-03,14
C0516,2026-03,14
C0517,2026-03,6
C0027,2025-10,35
C0361,2020-01,1
C0598,2026-08,46
C0662,2026-05,4
C0130,2026-04,209
C0656,2026-05,5
C0319,2026-08,32
C0169,2024-10,94
C0671,2024-03,30
C0150,2026-04,33
C0635,2026-05,3
C0676,2025-05,23
C0483,2026-04,99
C0234,2024-03,38
C0097,2026-06,16
C0318,2026-04,66
C0202,2026-04,100
C0547,2026-06,3
C0176,2026-08,111
C0219,2026-08,152
C0360,2026-08,94
C0114,2026-08,80
C0295,2026-08,42
C0618,2026-08,2
C0594,2026-08,6
C0094,2024-11,39
C0115,2026-03,98
C0611,2026-01,5
C0239,2024-09,38
C0305,2026-01,1
C0452,2025-05,82
C0657,2026-06,7
C0615,2026-08,7
C0067,2025-07,200
C0736,2024-01,9
C0473,2024-09,76
C0322,2024-01,9
C0190,2024-01,1
C0638,2024-01,2
C0541,2024-01,5
C0059,2024-03,60
C0532,2024-06,20
C0616,2024-06,24
C0191,2024-04,79
C0360,2024-04,58
C0176,2024-04,92
C0598,2024-04,21
C0219,2024-04,32
C0114,2024-04,56
C0319,2024-04,22
C0615,2024-04,10
C0191,2024-07,87
C0572,2024-03,17
C0316,2024-03,35
C0360,2024-07,73
C0348,2024-03,49
C0712,2024-05,20
C0598,2024-07,25
C0137,2025-02,63
C0594,2024-04,1
C0295,2024-07,40
C0478,2024-05,88
C0098,2024-05,32
C0255,2024-05,64
C0590,2024-03,8
C0143,2024-10,84
C0584,2024-06,7
C0352,2024-06,36
C0459,2024-09,63
C0358,2024-06,85
C0614,2024-06,4
C0114,2024-07,57
C0604,2024-06,9
C0736,2024-06,1
C0483,2024-11,84
C0586,2024-06,1
C0684,2024-09,26
C0626,2024-06,4
C0552,2024-10,30
C0411,2024-06,2
C0319,2024-07,11
C0285,2024-08,51
C0322,2024-06,3
C0541,2024-06,2
C0724,2024-02,6
C0565,2024-06,1
C0650,2024-09,6
C0219,2024-07,47
C0176,2024-07,88
C0259,2024-12,95
C0594,2024-07,2
C0615,2024-07,5
C0055,2024-10,28
C0011,2024-10,74
C0350,2024-08,66
C0138,2024-10,75
C0727,2024-10,42
C0102,2024-08,61
C0311,2024-10,52
C0526,2024-11,9
C0539,2024-10,4
C0576,2024-10,16
C0182,2024-10,20
C0130,2024-11,55
C0378,2024-09,43
C0645,2024-10,2
C0410,2024-08,45
C0723,2024-12,22
C0423,2025-09,98
C0269,2025-04,35
C0010,2024-09,28
C0150,2024-11,31
C0202,2024-11,103
C0285,2025-04,48
C0318,2024-11,31
C0636,2025-01,52
C0202,2025-06,81
C0579,2025-01,1
C0190,2025-08,5
C0695,2025-01,24
C0223,2025-02,56
C0569,2025-02,10
C0399,2025-05,64
C0174,2025-02,14
C0606,2025-02,6
C0718,2025-02,3
C0263,2024-03,80
C0429,2025-05,53
C0127,2025-05,71
C0557,2025-05,28
C0747,2025-05,21
C0713,2025-05,8
C0515,2025-04,13
C0483,2025-06,50
C0617,2025-12,1
C0729,2026-07,2
C0081,2024-07,2
C0081,2026-08,2
C0373,2026-04,1
C0358,2025-08,87
C0352,2025-08,34
C0433,2025-07,5
C0447,2025-12,3
C0288,2025-10,12
C0365,2025-12,2
C0348,2026-02,68
C0234,2026-02,32
C0671,2026-02,37
C0179,2025-10,22
C0572,2026-02,16
C0590,2026-02,5
C0027,2025-09,26
C0526,2026-04,9
C0397,2026-04,1
C0036,2026-04,4
C0310,2025-06,26
C0627,2026-06,1
C0150,2025-06,26
C0318,2025-06,23
C0526,2025-06,8
C0487,2025-07,61
C0700,2025-07,25
C0462,2025-07,27
C0220,2025-04,15
C0288,2025-09,6
C0501,2025-10,25
C0583,2025-10,8
C0707,2025-10,2
C0736,2025-08,6
C0359,2025-10,1
C0711,2025-10,1
C0042,2025-11,5
C0616,2025-08,31
C0322,2025-08,6
C0501,2025-09,23
C0584,2025-08,7
C0621,2026-03,1
C0623,2025-03,15
C0235,2024-02,52
C0116,2024-01,2
C0303,2024-08,12
C0220,2024-08,23
C0614,2025-08,3
C0151,2024-12,85
C0381,2024-12,20
C0410,2025-04,52
C0596,2026-03,2
C0172,2025-03,43
C0532,2025-08,22
C0107,2025-03,8
C0601,2025-03,5
C0694,2025-04,11
C0541,2025-08,2
C0608,2025-05,2
C0586,2025-08,4
C0036,2025-06,2
C0711,2025-09,1
C0583,2025-09,4
C0359,2025-09,1
C0466,2025-11,1
C0471,2026-02,2
C0631,2024-02,5
C0411,2024-01,1
C0548,2024-02,4
C0269,2024-08,48
C0694,2024-08,2
C0515,2024-08,11
C0611,2025-04,2
C0305,2025-04,1
C0626,2025-08,3
C0565,2025-08,4
C0604,2025-08,8
C0116,2025-08,1
C0638,2025-08,2
C0081,2024-04,1
C0611,2024-08,1
C0310,2024-11,16
C0467,2025-02,1
C0559,2025-03,1
C0373,2025-06,1
C0645,2022-04,2
C0096,2020-11,1
C0647,2022-07,5
C0501,2022-10,13
C0719,2022-09,1
C0248,2023-06,2
C0626,2023-10,5
C0586,2023-10,6
C0541,2023-10,1
C0707,2022-10,1
C0648,2023-06,1
C0322,2023-10,2
C0614,2023-10,1
C0565,2023-10,1
C0265,2021-12,12
C0149,2021-12,29
C0170,2021-12,66
C0379,2021-12,41
C0159,2021-12,47
C0386,2021-12,74
C0421,2021-10,33
C0082,2021-02,24
C0063,2021-11,90
C0224,2021-12,42
C0498,2021-12,10
C0474,2021-11,54
C0408,2021-11,53
C0146,2021-10,57
C0487,2021-01,30
C0293,2021-01,101
C0186,2022-01,63
C0047,2022-01,106
C0667,2022-01,34
C0136,2020-08,65
C0091,2022-01,39
C0067,2021-01,392
C0250,2021-01,105
C0582,2021-12,12
C0442,2021-12,1
C0037,2021-04,95
C0176,2021-06,96
C0243,2021-02,66
C0234,2022-03,40
C0280,2021-11,30
C0728,2022-04,27
C0357,2022-04,42
C0348,2022-03,29
C0062,2022-04,41
C0263,2022-03,76
C0519,2022-01,4
C0197,2022-04,30
C0313,2022-04,43
C0031,2022-02,27
C0354,2021-11,55
C0355,2022-04,52
C0217,2022-02,24
C0316,2022-03,41
C0530,2022-02,37
C0493,2022-05,75
C0290,2022-05,62
C0282,2022-05,36
C0329,2022-05,2
C0203,2022-05,29
C0564,2022-05,15
C0164,2022-05,21
C0675,2022-05,10
C0073,2020-10,60
C0021,2021-02,37
C0058,2020-08,59
C0619,2020-01,11
C0326,2021-04,19
C0403,2021-03,27
C0458,2020-06,28
C0019,2020-01,109
C0338,2020-07,40
C0369,2020-07,90
C0163,2020-01,52
C0164,2020-05,20
C0700,2021-01,57
C0166,2020-01,127
C0185,2020-01,165
C0219,2021-06,39
C0469,2020-03,21
C0264,2021-04,53
C0272,2021-11,27
C0145,2020-06,31
C0289,2020-10,40
C0393,2020-09,58
C0121,2021-01,121
C0183,2020-02,72
C0093,2020-09,45
C0394,2021-09,50
C0445,2022-05,20
C0016,2022-06,39
C0059,2022-03,39
C0332,2022-02,12
C0385,2022-02,44
C0123,2022-08,33
C0184,2022-09,225
C0194,2022-07,65
C0113,2022-07,127
C0336,2022-07,5
C0349,2022-07,67
C0514,2022-07,2
C0382,2022-07,90
C0005,2022-07,40
C0117,2022-07,38
C0339,2022-07,39
C0512,2022-07,2
C0605,2022-07,1
C0318,2020-12,33
C0347,2020-11,30
C0484,2021-03,45
C0588,2022-06,1
C0370,2022-05,1
C0296,2021-10,16
C0478,2021-08,53
C0080,2022-11,108
C0362,2022-10,108
C0004,2022-11,63
C0461,2022-11,84
C0366,2022-10,48
C0469,2022-11,31
C0056,2022-11,44
C0527,2022-11,17
C0086,2022-10,65
C0210,2022-10,44
C0394,2022-10,52
C0416,2022-10,42
C0100,2022-11,35
C0061,2022-10,69
C0243,2022-09,60
C0130,2020-04,31
C0459,2022-12,79
C0008,2022-11,1
C0239,2022-12,46
C0378,2022-12,42
C0473,2022-12,54
C0010,2022-12,26
C0650,2022-12,3
C0530,2023-03,65
C0104,2023-01,61
C0033,2023-01,134
C0031,2023-03,52
C0332,2023-03,13
C0385,2023-03,36
C0633,2023-01,25
C0328,2022-08,74
C0563,2023-03,1
C0217,2023-03,30
C0417,2023-01,98
C0141,2023-01,149
C0180,2023-03,7
C0161,2023-02,27
C0022,2023-03,3
C0506,2023-03,9
C0284,2023-03,1
C0109,2023-02,56
C0044,2023-01,87
C0450,2023-01,79
C0210,2021-09,31
C0109,2023-04,66
C0196,2023-04,64
C0088,2023-02,48
C0672,2023-04,14
C0675,2020-05,4
C0088,2023-04,39
C0540,2023-04,8
C0275,2021-03,60
C0441,2023-04,7
C0208,2023-04,27
C0161,2023-04,29
C0710,2023-04,2
C0705,2023-07,2
C0349,2023-07,64
C0113,2023-07,137
C0117,2023-07,42
C0194,2023-07,71
C0336,2023-07,7
C0382,2023-07,106
C0005,2023-07,32
C0393,2023-08,58
C0605,2023-07,2
C0200,2023-06,44
C0192,2023-08,53
C0028,2023-08,41
C0140,2023-08,29
C0089,2023-08,28
C0093,2023-08,23
C0168,2023-08,17
C0665,2023-08,5
C0205,2020-02,33
C0130,2020-12,42
C0339,2023-07,17
C0043,2023-05,45
C0156,2023-06,61
C0247,2023-05,47
C0287,2021-07,22
C0254,2023-09,119
C0029,2023-09,26
C0578,2023-09,3
C0103,2023-09,49
C0307,2023-09,67
C0630,2023-09,11
C0241,2023-09,53
C0317,2023-06,55
C0484,2023-09,42
C0275,2023-09,39
C0332,2023-12,19
C0385,2023-12,48
C0217,2023-12,40
C0668,2023-12,4
C0403,2023-09,16
C0047,2023-11,90
C0530,2023-12,65
C0031,2023-12,55
C0022,2023-12,3
C0506,2023-12,12
C0476,2022-03,58
C0671,2022-03,18
C0572,2022-03,13
C0590,2022-03,6
C0651,2021-07,10
C0461,2020-03,46
C0241,2021-03,55
C0105,2020-06,52
C0462,2021-01,43
C0465,2020-06,74
C0609,2022-05,2
C0740,2022-05,1
C0273,2022-06,2
C0247,2022-09,41
C0043,2022-09,38
C0447,2022-09,4
C0021,2022-09,41
C0233,2022-09,63
C0509,2022-08,7
C0575,2022-09,9
C0082,2022-09,31
C0334,2022-08,54
C0150,2020-12,21
C0049,2022-09,5
C0556,2022-08,42
C0245,2022-08,88
C0028,2020-09,30
C0346,2022-08,37
C0625,2022-09,2
C0195,2024-03,66
C0365,2022-09,2
C0448,2022-08,27
C0427,2020-10,20
C0371,2020-11,25
C0647,2021-01,15
C0086,2021-09,65
C0483,2020-04,45
C0184,2023-05,234
C0550,2022-08,10
C0175,2024-01,129
C0684,2022-12,9
C0196,2023-02,55
C0162,2021-07,12
C0656,2020-11,1
C0208,2023-02,27
C0710,2023-02,2
C0672,2023-02,12
C0540,2023-02,4
C0312,2022-08,7
C0741,2022-05,1
C0064,2023-02,2
C0202,2020-12,70
C0307,2021-03,48
C0038,2023-06,32
C0632,2023-06,8
C0082,2023-05,27
C0577,2023-06,10
C0229,2023-01,3
C0687,2023-06,4
C0514,2023-07,5
C0497,2023-01,1
C0512,2023-07,2
C0282,2020-05,32
C0630,2021-03,8
C0466,2023-07,1
C0042,2023-07,2
C0186,2023-11,47
C0667,2023-11,12
C0296,2023-10,20
C0276,2023-10,102
C0091,2023-11,19
C0519,2023-11,4
C0146,2023-10,66
C0421,2023-10,22
C0175,2023-10,31
C0353,2023-06,4
C0284,2023-12,4
C0292,2023-09,14
C0181,2020-01,70
C0398,2024-02,61
C0407,2024-02,82
C0475,2024-02,54
C0537,2024-02,224
C0419,2024-02,74
C0714,2024-02,37
C0225,2024-02,54
C0024,2024-01,107
C0421,2024-06,24
C0069,2024-01,105
C0345,2024-01,82
C0412,2024-02,40
C0021,2023-05,42
C0046,2024-02,16
C0396,2024-02,13
C0277,2024-02,60
C0167,2024-02,32
C0391,2024-02,34
C0533,2024-02,18
C0228,2024-02,41
C0240,2024-01,47
C0276,2024-01,445
C0146,2024-01,293
C0362,2021-09,107
C0180,2022-02,1
C0444,2021-07,13
C0506,2022-02,7
C0061,2021-09,65
C0024,2021-10,12
C0184,2021-02,185
C0004,2020-03,54
C0409,2020-01,123
C0341,2021-07,73
C0246,2020-06,11
C0153,2021-10,24
C0304,2020-02,116
C0150,2020-04,17
C0094,2020-04,29
C0319,2021-06,28
C0120,2020-08,29
C0202,2020-04,71
C0057,2020-11,55
C0178,2021-04,46
C0612,2020-03,3
C0436,2020-06,41
C0432,2021-04,3
C0254,2021-03,102
C0744,2021-07,31
C0140,2020-09,35
C0009,2020-06,79
C0068,2021-04,23
C0089,2020-09,40
C0680,2020-01,37
C0510,2020-01,31
C0071,2020-06,56
C0615,2021-06,9
C0192,2020-09,59
C0126,2021-07,85
C0012,2020-10,31
C0045,2020-11,67
C0050,2022-08,54
C0227,2022-08,37
C0042,2022-07,1
C0133,2020-04,37
C0518,2022-08,6
C0581,2022-08,10
C0644,2022-08,4
C0488,2022-08,2
C0570,2022-08,10
C0020,2020-07,43
C0716,2022-08,1
C0337,2021-01,58
C0025,2022-03,1
C0705,2022-07,1
C0148,2022-04,1
C0015,2021-05,48
C0233,2023-05,74
C0243,2023-05,65
C0575,2023-05,8
C0049,2023-05,4
C0447,2023-05,1
C0153,2023-10,23
C0267,2023-10,42
C0024,2023-10,16
C0069,2023-10,17
C0345,2023-10,18
C0240,2023-10,10
C0009,2024-05,193
C0267,2024-01,135
C0153,2024-01,68
C0296,2024-01,77
C0421,2024-01,89
C0357,2024-10,45
C0075,2024-04,61
C0004,2024-08,48
C0237,2024-07,141
C0129,2024-03,84
C0125,2020-01,94
C0564,2020-05,21
C0017,2020-02,32
C0290,2020-05,74
C0609,2020-05,5
C0493,2020-05,69
C0203,2020-05,27
C0740,2020-05,3
C0741,2020-05,2
C0445,2020-05,22
C0526,2020-04,4
C0056,2020-03,42
C0527,2020-03,10
C0133,2020-12,64
C0026,2020-08,12
C0451,2020-08,31
C0168,2020-09,15
C0007,2020-07,48
C0094,2020-12,42
C0665,2020-09,2
C0048,2020-07,39
C0209,2020-02,42
C0356,2020-06,4
C0635,2020-11,4
C0327,2020-10,15
C0043,2021-02,28
C0302,2020-07,38
C0253,2020-06,39
C0526,2020-12,6
C0267,2021-10,36
C0310,2020-12,33
C0420,2021-04,25
C0233,2021-02,36
C0247,2021-02,40
C0575,2021-02,10
C0343,2020-10,44
C0433,2021-01,11
C0049,2021-02,4
C0365,2021-02,3
C0292,2021-03,14
C0400,2021-07,30
C0114,2021-06,51
C0191,2021-06,41
C0295,2021-06,33
C0360,2021-06,28
C0276,2021-10,96
C0214,2021-04,28
C0618,2021-06,1
C0315,2021-05,35
C0257,2021-07,38
C0598,2021-06,8
C0594,2021-06,1
C0029,2021-03,54
C0542,2021-05,5
C0715,2021-07,3
C0298,2020-10,39
C0013,2021-07,9
C0648,2021-07,1
C0080,2020-03,56
C0240,2021-10,30
C0571,2021-07,3
C0157,2021-07,2
C0489,2021-09,2
C0069,2021-10,36
C0175,2021-10,40
C0535,2021-10,2
C0345,2021-10,19
C0278,2021-11,99
C0366,2021-09,43
C0242,2021-11,10
C0152,2021-04,46
C0238,2021-11,11
C0392,2021-04,6
C0035,2021-11,3
C0232,2021-05,37
C0365,2023-05,1
C0318,2020-04,18
C0370,2020-05,1
C0585,2020-05,1
C0187,2021-11,1
C0299,2021-11,7
C0471,2022-03,2
C0629,2022-04,1
C0173,2022-04,1
C0333,2020-02,18
C0685,2020-02,1
C0132,2020-06,79
C0567,2020-06,1
C0470,2020-06,2
C0551,2020-06,9
C0124,2020-07,7
C0100,2020-03,33
C0446,2020-07,33
C0495,2020-06,1
C0591,2020-07,1
C0499,2020-07,3
C0720,2021-05,6
C0342,2020-11,40
C0002,2020-11,33
C0634,2020-10,8
C0662,2020-11,4
C0330,2020-11,52
C0428,2020-10,32
C0201,2020-11,37
C0603,2020-11,12
C0483,2020-12,52
C0485,2021-08,45
C0294,2020-11,5
C0513,2021-04,1
C0103,2021-03,52
C0394,2025-10,91
C0266,2021-04,39
C0363,2021-04,28
C0602,2021-04,12
C0578,2021-03,3
C0431,2021-05,50
C0464,2021-05,38
C0696,2021-05,1
C0074,2021-05,1
C0329,2020-05,3
C0447,2021-02,3
C0742,2021-05,5
C0255,2021-08,52
C0098,2021-08,32
C0712,2021-08,10
C0416,2021-09,26
C0473,2024-12,108
C0309,2021-09,4
C0260,2021-12,2
C0096,2021-11,2
C0739,2021-12,8
C0704,2021-12,1
C0534,2020-02,1
C0008,2020-03,2
C0310,2020-04,25
C0135,2020-10,3
C0531,2020-10,3
C0664,2020-10,1
C0625,2021-02,1
C0733,2021-03,1
C0356,2024-05,7
C0051,2021-11,2
C0056,2025-04,81
C0022,2022-02,1
C0563,2022-02,1
C0373,2020-12,1
C0422,2020-08,1
C0325,2021-05,2
C0063,2026-05,109
C0486,2026-02,195
C0354,2026-05,137
C0280,2026-05,93
C0272,2026-05,50
C0278,2026-05,153
C0461,2026-01,395
C0474,2026-05,66
C0469,2026-01,97
C0408,2026-05,69
C0024,2025-08,21
C0056,2026-01,392
C0324,2025-12,47
C0075,2026-08,62
C0486,2024-03,99
C0004,2026-01,288
C0080,2026-01,272
C0035,2026-05,10
C0371,2026-07,54
C0002,2026-07,145
C0299,2026-05,8
C0330,2026-07,141
C0045,2026-07,60
C0603,2026-07,27
C0057,2026-07,57
C0342,2026-07,79
C0347,2026-07,25
C0100,2026-01,91
C0201,2026-07,60
C0435,2026-06,109
C0635,2026-07,9
C0211,2026-02,77
C0662,2026-07,3
C0065,2026-03,33
C0656,2026-07,10
C0440,2026-06,32
C0382,2025-07,102
C0155,2026-03,217
C0086,2025-09,95
C0294,2026-07,12
C0306,2025-12,48
C0366,2025-09,38
C0323,2025-12,188
C0530,2026-04,81
C0086,2025-10,72
C0117,2025-07,68
C0339,2025-07,67
C0134,2026-06,42
C0210,2025-09,55
C0008,2026-01,10
C0574,2024-02,4
C0380,2024-04,14
C0394,2025-09,84
C0070,2026-08,80
C0527,2026-01,66
C0251,2025-12,149
C0018,2026-06,73
C0051,2026-05,7
C0054,2020-03,2
C0060,2025-01,748
C0252,2025-01,182
C0448,2025-03,44
C0700,2025-11,37
C0293,2025-11,124
C0067,2025-11,220
C0337,2025-11,30
C0031,2025-06,58
C0487,2025-11,85
C0226,2025-12,106
C0024,2024-06,25
C0250,2025-11,92
C0121,2025-11,150
C0129,2026-02,105
C0415,2025-01,78
C0462,2025-11,23
C0600,2025-01,20
C0433,2025-11,12
C0647,2025-11,14
C0525,2025-01,18
C0061,2025-10,78
C0160,2025-01,59
C0005,2025-07,47
C0210,2025-10,72
C0385,2025-06,44
C0083,2025-01,136
C0455,2024-03,72
C0321,2025-12,30
C0389,2025-12,76
C0686,2025-12,15
C0270,2025-12,122
C0165,2025-12,50
C0670,2025-12,5
C0113,2025-07,125
C0521,2025-12,15
C0309,2025-10,5
C0612,2026-01,4
C0237,2024-04,114
C0070,2024-07,71
C0052,2024-04,5
C0195,2026-02,91
C0368,2026-03,49
C0188,2024-04,52
C0031,2024-11,44
C0066,2026-03,67
C0455,2026-02,75
C0010,2024-12,42
C0177,2026-02,33
C0543,2026-03,5
C0750,2024-07,10
C0560,2026-06,15
C0054,2026-01,3
C0681,2026-03,1
C0052,2024-07,2
C0458,2024-05,28
C0188,2024-07,54
C0238,2026-05,36
C0506,2026-04,25
C0459,2024-12,59
C0729,2026-05,10
C0227,2025-03,34
C0154,2026-08,53
C0242,2026-05,6
C0349,2025-07,78
C0221,2025-05,108
C0482,2026-06,119
C0076,2026-06,165
C0284,2024-11,2
C0237,2026-08,191
C0034,2026-08,66
C0750,2026-08,18
C0726,2026-08,11
C0380,2026-08,26
C0188,2026-08,79
C0052,2026-08,6
C0388,2026-08,8
C0031,2026-04,59
C0217,2026-04,44
C0096,2026-05,7
C0385,2026-04,65
C0425,2026-08,11
C0239,2024-12,45
C0034,2024-04,50
C0180,2023-12,2
C0535,2024-01,10
C0175,2024-06,46
C0388,2024-04,3
C0132,2024-05,85
C0296,2024-06,29
C0154,2024-04,64
C0151,2024-09,74
C0070,2024-04,57
C0345,2024-06,23
C0240,2024-06,13
C0071,2024-05,48
C0750,2024-04,11
C0425,2024-04,14
C0726,2024-04,3
C0211,2024-03,68
C0472,2024-03,64
C0276,2025-08,147
C0075,2024-07,58
C0146,2024-06,104
C0177,2024-03,43
C0105,2024-05,71
C0436,2024-05,121
C0080,2024-08,109
C0253,2024-05,72
C0145,2024-05,40
C0465,2024-05,47
C0461,2024-08,133
C0246,2024-05,10
C0551,2024-05,5
C0385,2024-11,32
C0276,2024-06,125
C0069,2024-06,19
C0267,2024-06,47
C0153,2024-06,23
C0259,2024-09,77
C0004,2025-04,53
C0100,2025-04,48
C0154,2024-07,60
C0034,2024-07,52
C0425,2024-07,14
C0380,2024-07,19
C0726,2024-07,2
C0123,2025-03,47
C0355,2024-10,49
C0197,2024-10,32
C0313,2024-10,32
C0728,2024-10,55
C0629,2024-10,7
C0723,2024-09,23
C0062,2024-10,34
C0643,2024-10,1
C0173,2024-10,3
C0469,2024-08,31
C0008,2024-08,3
C0530,2025-06,89
C0087,2024-10,1
C0461,2025-04,123
C0378,2024-12,60
C0056,2024-08,66
C0506,2024-11,9
C0530,2024-11,79
C0217,2024-11,36
C0100,2024-08,41
C0050,2025-03,91
C0090,2025-01,5
C0527,2024-08,12
C0556,2025-03,92
C0245,2025-03,82
C0345,2025-08,23
C0267,2025-08,45
C0587,2025-02,19
C0677,2025-02,4
C0207,2025-02,1
C0366,2025-10,59
C0688,2025-02,5
C0518,2025-03,15
C0194,2025-07,132
C0673,2025-02,3
C0085,2025-05,49
C0561,2025-02,2
C0080,2025-04,97
C0328,2025-03,78
C0362,2025-10,102
C0506,2025-06,18
C0554,2025-12,6
C0006,2026-02,1
C0332,2026-04,28
C0653,2025-12,7
C0284,2025-06,3
C0069,2025-08,31
C0146,2025-08,119
C0346,2025-03,63
C0416,2025-09,36
C0416,2025-10,35
C0719,2025-12,4
C0496,2025-12,1
C0006,2024-03,2
C0472,2026-02,38
C0108,2026-03,1
C0180,2026-04,3
C0022,2026-04,2
C0284,2026-04,5
C0336,2025-07,11
C0401,2024-02,21
C0217,2025-06,35
C0362,2025-09,99
C0332,2025-06,17
C0334,2025-03,55
C0180,2025-06,5
C0469,2025-04,20
C0512,2025-07,3
C0514,2025-07,7
C0421,2025-08,24
C0175,2025-08,65
C0620,2025-01,1
C0240,2025-08,18
C0489,2025-10,2
C0550,2025-03,9
C0061,2025-09,71
C0153,2025-08,36
C0079,2025-01,5
C0193,2024-02,6
C0381,2024-09,17
C0684,2024-12,18
C0646,2025-01,5
C0041,2026-05,1
C0187,2026-05,4
C0374,2026-05,1
C0527,2025-04,16
C0716,2025-03,2
C0296,2025-08,28
C0644,2025-03,7
C0581,2025-03,4
C0570,2025-03,3
C0466,2025-07,1
C0042,2025-07,6
C0605,2025-07,4
C0022,2025-06,1
C0309,2025-09,2
C0008,2025-04,4
C0489,2025-09,2
C0699,2025-12,1
C0505,2026-01,1
C0384,2024-03,1
C0524,2024-02,4
C0612,2024-08,2
C0650,2024-12,4
C0563,2024-11,2
C0332,2024-11,18
C0654,2024-01,1
C0084,2024-12,1
C0612,2025-04,1
C0470,2024-05,1
C0535,2024-06,1
C0388,2024-07,7
C0054,2024-08,1
C0180,2024-11,2
C0022,2024-11,2
C0668,2024-11,3
C0509,2025-03,5
C0466,2022-07,1
C0441,2023-02,3
C0625,2023-05,1
C0309,2022-10,6
C0654,2023-10,1
C0387,2021-12,65
C0297,2021-12,40
C0264,2021-08,43
C0460,2021-12,36
C0502,2021-12,4
C0145,2021-03,38
C0223,2021-10,53
C0063,2022-01,133
C0278,2022-01,264
C0354,2022-01,150
C0408,2022-01,94
C0089,2021-01,148
C0028,2021-01,73
C0551,2021-03,5
C0474,2022-01,84
C0099,2021-12,3
C0299,2022-01,11
C0280,2022-01,93
C0037,2021-08,85
C0238,2022-01,42
C0093,2021-01,95
C0272,2022-01,66
C0132,2021-03,77
C0121,2020-09,66
C0009,2021-03,106
C0729,2022-01,2
C0356,2021-03,3
C0537,2022-02,156
C0396,2022-02,4
C0218,2022-04,54
C0746,2022-04,6
C0424,2022-04,43
C0350,2022-03,54
C0412,2022-02,30
C0225,2022-02,41
C0398,2022-02,46
C0102,2022-03,61
C0046,2022-02,29
C0249,2022-06,38
C0220,2022-03,27
C0115,2022-06,33
C0407,2022-02,60
C0681,2022-05,1
C0543,2022-05,4
C0368,2022-05,28
C0155,2022-05,140
C0065,2022-05,21
C0285,2022-03,43
C0066,2022-05,33
C0108,2022-05,1
C0189,2020-01,239
C0196,2020-07,56
C0122,2020-01,320
C0106,2020-01,176
C0140,2021-01,65
C0208,2020-07,24
C0071,2021-03,59
C0486,2020-03,63
C0271,2020-01,131
C0401,2022-02,30
C0275,2020-06,71
C0465,2021-03,55
C0101,2020-01,134
C0109,2020-07,44
C0347,2020-08,24
C0623,2021-05,3
C0287,2021-06,23
C0300,2020-10,43
C0622,2020-04,20
C0050,2020-02,49
C0286,2020-04,67
C0700,2020-09,29
C0472,2020-03,62
C0013,2021-06,13
C0403,2020-06,29
C0393,2021-01,196
C0211,2020-03,83
C0171,2022-06,34
C0402,2022-06,64
C0258,2022-06,93
C0206,2022-06,67
C0406,2022-06,17
C0320,2022-06,35
C0040,2022-06,77
C0367,2022-06,43
C0437,2022-06,39
C0516,2022-06,13
C0545,2022-06,4
C0209,2022-08,35
C0621,2022-06,1
C0517,2022-06,6
C0144,2022-04,23
C0475,2022-02,59
C0391,2022-02,30
C0419,2022-02,46
C0303,2022-03,15
C0443,2022-07,61
C0222,2022-07,79
C0697,2022-07,4
C0592,2022-07,19
C0032,2022-07,1
C0546,2022-07,1
C0589,2022-07,4
C0096,2022-01,8
C0051,2022-01,6
C0242,2022-01,16
C0177,2022-11,43
C0472,2022-11,47
C0129,2022-11,68
C0378,2022-09,49
C0221,2022-10,61
C0486,2022-11,81
C0195,2022-11,43
C0455,2022-11,46
C0211,2022-11,77
C0035,2022-01,9
C0384,2022-11,1
C0212,2023-10,39
C0082,2022-12,44
C0021,2022-12,50
C0184,2022-12,259
C0043,2022-12,45
C0247,2022-12,50
C0233,2022-12,46
C0243,2022-12,77
C0365,2022-12,4
C0575,2022-12,14
C0537,2023-03,201
C0475,2023-03,75
C0277,2023-03,55
C0391,2023-03,40
C0167,2023-03,43
C0412,2023-03,26
C0407,2023-03,66
C0398,2023-03,56
C0213,2023-01,51
C0533,2023-03,8
C0714,2023-03,34
C0228,2023-03,35
C0046,2023-03,29
C0524,2023-03,5
C0383,2023-01,118
C0396,2023-03,18
C0401,2023-03,46
C0225,2023-03,58
C0419,2023-03,61
C0538,2023-01,10
C0128,2023-01,179
C0446,2023-02,57
C0438,2022-10,1
C0689,2023-01,16
C0372,2023-01,64
C0193,2023-03,6
C0314,2023-01,20
C0236,2023-01,63
C0112,2023-01,31
C0455,2020-03,47
C0167,2022-02,32
C0369,2023-04,118
C0020,2023-04,44
C0048,2023-04,31
C0369,2023-02,127
C0395,2021-10,38
C0124,2023-04,19
C0446,2023-04,43
C0338,2023-04,59
C0302,2023-04,37
C0007,2023-04,55
C0481,2023-01,92
C0499,2023-04,3
C0168,2021-01,60
C0607,2023-01,8
C0443,2023-07,44
C0222,2023-07,54
C0239,2023-05,41
C0378,2023-05,51
C0592,2023-07,31
C0075,2023-06,57
C0067,2023-08,154
C0121,2023-08,78
C0250,2023-08,50
C0293,2023-08,42
C0487,2023-08,44
C0070,2023-06,53
C0188,2023-06,76
C0700,2023-08,29
C0380,2023-06,21
C0462,2023-08,15
C0647,2023-08,5
C0139,2023-01,46
C0337,2023-08,11
C0095,2023-01,16
C0433,2023-08,4
C0237,2023-06,151
C0228,2022-02,35
C0009,2023-09,152
C0436,2023-09,109
C0105,2023-09,59
C0253,2023-09,62
C0132,2023-09,59
C0465,2023-09,68
C0458,2023-09,27
C0145,2023-09,28
C0246,2023-09,17
C0071,2023-09,44
C0537,2023-12,197
C0714,2023-12,30
C0277,2023-12,47
C0391,2023-12,45
C0407,2023-12,107
C0401,2023-12,36
C0475,2023-12,61
C0396,2023-12,18
C0228,2023-12,47
C0398,2023-12,62
C0412,2023-12,41
C0419,2023-12,70
C0167,2023-12,32
C0225,2023-12,59
C0533,2023-12,13
C0193,2023-12,7
C0046,2023-12,25
C0354,2023-11,62
C0524,2023-12,3
C0515,2022-03,16
C0410,2022-03,52
C0694,2022-03,5
C0269,2022-03,53
C0277,2022-02,54
C0174,2021-10,10
C0305,2022-03,1
C0214,2021-08,14
C0136,2020-11,51
C0457,2020-10,33
C0002,2020-08,34
C0235,2020-12,62
C0219,2021-07,38
C0307,2020-06,44
C0484,2020-06,56
C0533,2022-02,12
C0459,2022-09,66
C0183,2022-08,54
C0239,2022-09,40
C0473,2022-09,55
C0650,2022-09,2
C0010,2022-09,21
C0684,2022-09,7
C0333,2022-08,17
C0304,2022-08,105
C0216,2020-10,35
C0205,2022-08,28
C0371,2020-08,28
C0312,2020-02,23
C0007,2023-02,45
C0048,2023-02,37
C0338,2023-02,55
C0162,2021-06,11
C0020,2023-02,46
C0124,2023-02,11
C0302,2023-02,29
C0301,2020-01,67
C0235,2020-04,50
C0499,2023-02,2
C0591,2023-02,2
C0026,2020-11,18
C0137,2021-10,48
C0326,2021-08,12
C0154,2023-06,40
C0034,2023-06,40
C0726,2023-06,8
C0425,2023-06,11
C0459,2023-05,55
C0473,2023-05,54
C0750,2023-06,7
C0589,2023-07,2
C0032,2023-07,4
C0010,2023-05,37
C0613,2023-07,1
C0697,2023-07,1
C0280,2023-11,29
C0408,2023-11,37
C0278,2023-11,125
C0272,2023-11,30
C0063,2023-11,58
C0242,2023-11,4
C0238,2023-11,16
C0474,2023-11,41
C0035,2023-11,4
C0299,2023-11,6
C0096,2023-11,2
C0679,2023-01,7
C0004,2024-03,53
C0187,2023-11,3
C0223,2023-10,49
C0047,2026-05,67
C0137,2023-10,51
C0385,2024-02,44
C0395,2023-10,42
C0174,2024-01,73
C0223,2024-01,122
C0530,2024-02,57
C0668,2024-02,2
C0217,2024-02,33
C0022,2024-02,1
C0292,2024-05,20
C0129,2020-03,71
C0031,2024-02,41
C0137,2024-01,169
C0332,2024-02,12
C0458,2021-03,25
C0191,2021-07,42
C0193,2022-02,8
C0524,2022-02,2
C0152,2021-08,33
C0714,2022-02,17
C0176,2021-07,81
C0337,2020-09,11
C0368,2020-05,36
C0245,2020-02,64
C0453,2020-11,1
C0108,2020-05,3
C0334,2020-02,52
C0622,2020-12,22
C0126,2021-06,77
C0177,2020-03,40
C0088,2020-07,30
C0066,2020-05,36
C0436,2021-03,53
C0058,2020-11,57
C0286,2020-12,56
C0114,2021-07,48
C0293,2020-09,32
C0192,2021-01,137
C0172,2021-05,44
C0097,2020-01,50
C0420,2021-08,34
C0543,2020-05,4
C0067,2020-09,144
C0615,2021-07,3
C0319,2021-07,19
C0017,2022-08,30
C0558,2022-08,3
C0186,2021-11,47
C0534,2022-08,8
C0212,2021-10,35
C0685,2022-08,2
C0500,2022-04,5
C0123,2020-02,37
C0250,2020-09,44
C0292,2020-06,11
C0447,2022-12,2
C0625,2022-12,5
C0187,2022-01,3
C0490,2023-01,6
C0395,2024-01,121
C0591,2023-04,2
C0684,2023-05,13
C0551,2023-09,9
C0567,2023-09,2
C0606,2023-10,6
C0569,2023-10,13
C0174,2023-10,12
C0655,2023-10,1
C0718,2024-01,24
C0212,2024-01,67
C0569,2024-01,40
C0254,2024-05,169
C0251,2024-09,68
C0606,2024-01,11
C0212,2024-06,52
C0080,2024-03,103
C0461,2024-03,88
C0155,2020-05,89
C0693,2020-04,13
C0086,2025-05,73
C0261,2020-04,4
C0328,2020-02,48
C0065,2020-05,26
C0509,2020-02,7
C0195,2020-03,40
C0227,2020-02,30
C0045,2020-08,62
C0330,2020-08,44
C0342,2020-08,53
C0201,2020-08,41
C0057,2020-08,50
C0241,2020-06,50
C0603,2020-08,14
C0487,2020-09,18
C0294,2020-08,4
C0662,2020-08,10
C0462,2020-09,14
C0433,2020-09,3
C0029,2020-06,28
C0105,2021-03,53
C0665,2021-01,14
C0451,2020-11,33
C0324,2024-09,38
C0120,2020-11,21
C0098,2021-04,32
C0341,2021-06,66
C0459,2021-02,65
C0473,2021-02,35
C0010,2021-02,24
C0378,2021-02,35
C0239,2021-02,31
C0257,2021-06,41
C0400,2021-06,42
C0744,2021-06,26
C0651,2021-06,10
C0360,2021-07,39
C0444,2021-06,12
C0715,2021-06,5
C0650,2021-02,3
C0081,2021-07,2
C0091,2021-11,40
C0255,2021-04,46
C0295,2021-07,45
C0598,2021-07,5
C0351,2020-12,2
C0571,2021-06,3
C0478,2021-04,57
C0718,2021-10,4
C0569,2021-10,15
C0667,2021-11,7
C0047,2021-11,59
C0519,2021-11,7
C0085,2021-09,34
C0606,2021-10,5
C0253,2021-03,41
C0049,2022-12,2
C0508,2022-03,2
C0650,2023-05,3
C0356,2023-09,3
C0052,2023-06,3
C0647,2020-09,7
C0712,2021-04,15
C0266,2021-08,40
C0596,2022-06,1
C0291,2022-04,1
C0657,2020-01,6
C0627,2020-01,1
C0164,2026-03,25
C0581,2020-02,8
C0570,2020-02,6
C0518,2020-02,5
C0448,2020-02,27
C0346,2020-02,27
C0556,2020-02,13
C0716,2020-02,3
C0644,2020-02,1
C0550,2020-02,3
C0254,2020-06,94
C0103,2020-06,62
C0630,2020-06,16
C0161,2020-07,21
C0578,2020-06,1
C0064,2020-07,1
C0672,2020-07,7
C0540,2020-07,5
C0529,2020-11,4
C0593,2020-10,8
C0631,2020-12,8
C0412,2026-04,54
C0693,2020-12,4
C0743,2020-11,1
C0246,2021-03,5
C0567,2021-03,1
C0485,2021-04,48
C0528,2021-04,2
C0601,2021-05,9
C0438,2021-09,5
C0107,2021-05,4
C0602,2021-08,11
C0068,2021-08,34
C0363,2021-08,13
C0178,2021-08,37
C0684,2021-02,5
C0513,2021-08,3
C0221,2021-09,47
C0392,2021-08,4
C0432,2021-08,1
C0745,2021-12,2
C0157,2021-06,3
C0636,2020-10,5
C0695,2020-10,4
C0710,2020-07,1
C0548,2020-12,5
C0486,2024-08,111
C0279,2020-01,1
C0594,2021-07,1
C0006,2022-11,1
C0562,2021-10,1
C0574,2022-02,3
C0631,2020-04,5
C0724,2020-04,4
C0548,2020-04,2
C0351,2020-04,2
C0281,2020-07,1
C0722,2020-07,1
C0261,2020-12,1
C0724,2020-12,2
C0559,2021-05,1
C0683,2021-01,1
C0248,2021-06,1
C0376,2021-01,2
C0484,2024-05,47
C0041,2022-01,1
C0618,2021-07,1
C0186,2026-05,96
C0486,2026-01,416
C0211,2026-01,295
C0091,2026-05,86
C0177,2026-01,91
C0455,2026-01,149
C0396,2026-04,15
C0451,2026-07,108
C0058,2026-07,122
C0472,2026-01,192
C0129,2026-01,248
C0026,2026-07,19
C0195,2026-01,218
C0136,2026-07,80
C0038,2026-08,88
C0282,2026-03,90
C0741,2026-03,2
C0120,2026-07,44
C0743,2026-07,14
C0553,2026-06,44
C0529,2026-07,8
C0167,2024-11,45
C0439,2026-06,44
C0195,2024-08,67
C0401,2025-06,29
C0156,2026-08,95
C0401,2024-11,37
C0687,2026-08,9
C0256,2025-01,158
C0537,2026-04,235
C0080,2026-02,95
C0430,2026-06,31
C0228,2024-11,36
C0004,2026-02,94
C0156,2024-04,61
C0391,2024-11,48
C0375,2026-06,36
C0046,2025-06,22
C0493,2026-03,94
C0398,2026-04,72
C0414,2025-01,96
C0290,2026-03,49
C0203,2026-03,35
C0192,2025-11,112
C0140,2025-11,92
C0393,2025-11,108
C0028,2025-11,85
C0093,2025-11,38
C0475,2026-04,90
C0089,2025-11,65
C0665,2025-11,18
C0129,2025-04,91
C0404,2025-01,11
C0221,2025-10,115
C0168,2025-11,16
C0533,2026-04,29
C0212,2025-08,48
C0395,2025-08,46
C0221,2025-09,102
C0381,2025-12,42
C0259,2025-12,79
C0151,2025-12,122
C0222,2025-07,61
C0309,2025-05,5
C0183,2025-03,74
C0472,2024-08,50
C0030,2025-01,11
C0632,2024-04,5
C0228,2025-06,46
C0223,2025-08,72
C0391,2025-06,56
C0723,2025-12,34
C0419,2026-04,77
C0017,2025-03,35
C0352,2025-02,35
C0438,2025-09,3
C0200,2024-04,38
C0056,2026-02,105
C0675,2026-03,27
C0370,2026-03,16
C0609,2026-03,4
C0564,2026-03,17
C0445,2026-03,50
C0486,2025-04,119
C0527,2026-02,16
C0270,2024-09,62
C0329,2026-03,5
C0443,2025-07,74
C0469,2026-02,14
C0398,2024-11,64
C0307,2024-05,70
C0449,2026-03,3
C0403,2024-05,11
C0228,2026-04,63
C0472,2025-04,53
C0046,2026-04,42
C0401,2026-04,61
C0038,2024-04,27
C0205,2025-03,64
C0167,2026-04,33
C0396,2025-06,30
C0362,2025-05,113
C0438,2025-10,2
C0577,2026-08,45
C0317,2026-08,78
C0200,2026-08,33
C0455,2025-04,88
C0243,2024-12,69
C0407,2026-04,140
C0652,2026-05,1
C0667,2026-05,8
C0632,2026-08,3
C0137,2025-08,81
C0043,2024-12,40
C0365,2024-12,9
C0353,2026-08,7
C0574,2023-12,1
C0100,2024-03,29
C0103,2024-05,46
C0317,2024-04,66
C0577,2024-04,18
C0038,2024-07,22
C0353,2024-04,2
C0395,2024-06,52
C0687,2024-04,2
C0569,2024-06,17
C0419,2024-11,76
C0407,2024-11,120
C0218,2024-10,84
C0275,2024-05,57
C0241,2024-05,81
C0455,2024-08,63
C0029,2024-05,43
C0630,2024-05,10
C0129,2024-08,74
C0056,2024-03,69
C0578,2024-05,1
C0475,2024-11,68
C0247,2024-12,50
C0165,2024-09,19
C0714,2024-11,39
C0137,2024-06,67
C0606,2024-06,8
C0223,2024-06,62
C0174,2024-06,23
C0233,2024-12,90
C0718,2024-06,9
C0577,2024-07,26
C0200,2024-07,53
C0156,2024-07,61
C0317,2024-07,61
C0687,2024-07,5
C0653,2024-09,6
C0558,2025-03,9
C0353,2024-07,7
C0144,2024-10,21
C0424,2024-10,31
C0746,2024-10,8
C0500,2024-10,7
C0211,2024-08,76
C0184,2024-12,305
C0323,2024-09,30
C0554,2024-09,4
C0521,2024-09,14
C0389,2024-09,35
C0177,2024-08,49
C0537,2024-11,216
C0277,2024-11,57
C0396,2024-11,14
C0225,2024-11,54
C0412,2024-11,44
C0533,2024-11,12
C0046,2024-11,29
C0447,2024-12,6
C0082,2024-12,50
C0085,2025-09,45
C0394,2025-05,82
C0586,2025-02,9
C0358,2025-02,84
C0616,2025-02,24
C0736,2025-02,6
C0626,2025-02,8
C0584,2025-02,7
C0532,2025-02,14
C0592,2025-07,41
C0604,2025-02,12
C0614,2025-02,1
C0541,2025-02,1
C0322,2025-02,1
C0638,2025-02,2
C0077,2025-01,9
C0210,2025-05,61
C0061,2025-05,80
C0416,2025-05,42
C0366,2025-05,52
C0489,2025-05,5
C0211,2025-04,69
C0277,2026-04,23
C0304,2025-03,89
C0391,2026-04,63
C0225,2026-04,60
C0006,2026-01,10
C0536,2026-03,2
C0453,2026-07,1
C0422,2026-07,2
C0174,2025-08,24
C0006,2020-03,1
C0195,2025-04,91
C0006,2025-04,1
C0475,2025-06,45
C0612,2024-03,3
C0533,2025-06,12
C0413,2025-12,1
C0731,2025-12,2
C0461,2026-02,136
C0100,2026-02,48
C0612,2026-02,1
C0008,2026-02,3
C0412,2025-06,59
C0524,2026-04,14
C0714,2026-04,41
C0193,2026-04,17
C0398,2025-06,56
C0384,2026-01,1
C0008,2024-03,2
C0231,2026-03,1
C0361,2026-06,1
C0537,2025-06,207
C0167,2025-06,38
C0225,2025-06,59
C0407,2025-06,130
C0419,2025-06,67
C0277,2025-06,57
C0193,2025-06,12
C0714,2025-06,42
C0085,2025-10,59
C0641,2025-06,1
C0519,2026-05,1
C0697,2025-07,3
C0333,2025-03,24
C0685,2025-03,5
C0534,2025-03,14
C0718,2025-08,12
C0177,2025-04,37
C0193,2024-11,8
C0244,2020-12,1
C0469,2024-03,17
C0284,2024-02,2
C0226,2024-09,102
C0306,2024-09,29
C0321,2024-09,15
C0686,2024-09,5
C0670,2024-09,6
C0719,2024-09,2
C0699,2024-09,2
C0496,2024-09,1
C0021,2024-12,57
C0574,2026-04,5
C0574,2025-06,2
C0434,2025-01,4
C0209,2025-03,48
C0032,2025-07,2
C0546,2025-07,1
C0569,2025-08,19
C0524,2025-06,4
C0506,2024-02,7
C0527,2024-03,15
C0698,2024-03,4
C0575,2024-12,10
C0049,2024-12,10
C0625,2024-12,4
C0617,2024-12,1
C0411,2025-02,1
C0606,2025-08,5
C0180,2024-02,2
C0632,2024-07,4
C0524,2024-11,3
C0565,2025-02,1
C0613,2022-07,1
C0085,2022-10,31
C0051,2023-11,1
C0092,2023-01,2
C0388,2023-06,4
C0374,2023-11,1
C0718,2023-10,2
C0729,2023-11,1
C0054,2024-03,1
C0235,2021-10,64
C0015,2021-12,47
C0431,2021-12,68
C0364,2021-11,30
C0315,2021-12,47
C0145,2021-09,35
C0464,2021-12,39
C0132,2021-09,64
C0232,2021-12,41
C0742,2021-12,8
C0097,2021-01,24
C0011,2022-01,156
C0542,2021-12,10
C0138,2022-01,123
C0395,2020-12,46
C0106,2021-01,134
C0426,2021-04,77
C0311,2022-01,80
C0727,2022-01,64
C0122,2021-01,301
C0055,2022-01,71
C0143,2022-01,175
C0169,2022-01,93
C0555,2021-11,12
C0436,2021-09,58
C0093,2020-01,136
C0552,2022-01,36
C0286,2021-10,77
C0406,2020-10,15
C0454,2021-08,22
C0271,2021-01,121
C0101,2021-01,97
C0168,2020-01,72
C0189,2021-01,191
C0576,2022-01,15
C0184,2021-07,191
C0058,2022-04,67
C0136,2022-04,51
C0003,2022-03,15
C0451,2022-04,30
C0743,2022-04,4
C0120,2022-04,20
C0158,2022-03,123
C0026,2022-04,18
C0463,2021-11,29
C0429,2021-04,39
C0060,2022-05,156
C0252,2022-05,36
C0160,2022-05,10
C0083,2022-05,40
C0415,2022-05,18
C0072,2022-03,45
C0461,2020-07,45
C0192,2020-01,178
C0320,2020-10,42
C0383,2020-02,40
C0236,2020-02,28
C0379,2021-05,26
C0028,2020-01,108
C0393,2020-01,213
C0137,2020-04,39
C0159,2021-05,33
C0399,2021-04,65
C0009,2021-09,121
C0338,2020-03,44
C0459,2021-06,53
C0223,2020-04,43
C0062,2020-08,47
C0258,2020-10,67
C0362,2020-06,89
C0020,2020-03,47
C0019,2020-09,43
C0469,2020-07,24
C0369,2020-03,80
C0170,2021-05,61
C0163,2020-09,15
C0457,2022-06,27
C0216,2022-06,28
C0593,2022-06,27
C0300,2022-06,53
C0636,2022-06,10
C0079,2022-05,2
C0341,2022-09,63
C0600,2022-05,2
C0695,2022-06,3
C0440,2022-07,27
C0076,2022-07,81
C0435,2022-07,33
C0482,2022-07,71
C0134,2022-07,49
C0560,2022-07,10
C0369,2022-11,148
C0182,2022-01,29
C0018,2022-07,9
C0090,2022-05,1
C0539,2022-01,11
C0423,2021-08,42
C0021,2021-07,37
C0020,2022-11,36
C0436,2022-10,87
C0338,2022-11,48
C0302,2022-11,41
C0253,2022-10,57
C0071,2022-10,45
C0446,2022-11,45
C0048,2022-11,38
C0465,2022-10,43
C0105,2022-10,65
C0007,2022-11,43
C0132,2022-10,78
C0124,2022-11,13
C0145,2022-10,36
C0009,2022-10,127
C0591,2022-11,4
C0458,2022-10,24
C0499,2022-11,1
C0176,2022-12,81
C0219,2022-12,41
C0615,2022-12,9
C0114,2022-12,50
C0360,2022-12,66
C0295,2022-12,37
C0598,2022-12,11
C0191,2022-12,54
C0081,2022-12,2
C0319,2022-12,16
C0129,2023-02,59
C0195,2023-02,56
C0328,2023-01,159
C0570,2023-01,6
C0123,2023-01,60
C0227,2023-01,39
C0334,2023-01,130
C0472,2023-02,41
C0677,2023-03,8
C0455,2023-02,56
C0587,2023-03,20
C0550,2023-01,33
C0448,2023-01,78
C0556,2023-01,133
C0688,2023-03,3
C0245,2023-01,138
C0050,2023-01,159
C0006,2023-02,2
C0509,2023-01,18
C0126,2022-09,88
C0211,2023-02,64
C0346,2023-01,97
C0486,2023-04,69
C0177,2023-04,31
C0211,2023-04,69
C0455,2023-04,76
C0195,2023-04,38
C0129,2023-04,52
C0472,2023-04,42
C0131,2023-03,1
C0027,2021-08,29
C0486,2023-02,68
C0518,2023-01,11
C0482,2023-07,81
C0076,2023-07,98
C0018,2023-07,16
C0134,2023-07,40
C0126,2023-05,115
C0560,2023-07,11
C0157,2023-05,2
C0440,2023-07,29
C0321,2023-06,16
C0400,2023-05,23
C0019,2023-08,33
C0166,2023-08,55
C0510,2023-08,44
C0125,2023-08,55
C0181,2023-08,18
C0185,2023-08,45
C0409,2023-08,64
C0680,2023-08,22
C0389,2023-06,43
C0163,2023-08,7
C0619,2023-08,4
C0312,2023-01,20
C0157,2022-09,2
C0323,2023-06,33
C0324,2023-06,46
C0670,2023-06,13
C0221,2023-09,52
C0085,2023-09,41
C0587,2023-12,15
C0182,2023-11,16
C0673,2023-12,3
C0677,2023-12,10
C0311,2023-11,38
C0688,2023-12,2
C0587,2022-02,12
C0642,2022-03,6
C0597,2022-03,2
C0437,2020-10,33
C0071,2021-09,51
C0185,2020-09,41
C0367,2020-10,29
C0171,2020-10,36
C0657,2021-01,10
C0140,2020-01,59
C0416,2020-06,42
C0525,2022-05,2
C0465,2021-09,47
C0105,2021-09,61
C0646,2022-05,2
C0287,2022-09,20
C0400,2022-09,11
C0257,2022-09,59
C0651,2022-09,13
C0648,2022-09,1
C0033,2022-08,48
C0744,2022-09,37
C0424,2020-11,41
C0013,2022-09,15
C0104,2022-08,28
C0044,2022-08,25
C0210,2020-06,45
C0450,2022-08,24
C0417,2022-08,37
C0715,2022-09,4
C0162,2022-09,7
C0444,2022-09,4
C0141,2022-08,52
C0301,2021-01,57
C0571,2022-09,1
C0633,2022-08,22
C0458,2021-09,31
C0470,2022-10,1
C0581,2023-01,16
C0177,2023-02,23
C0247,2021-07,44
C0243,2021-07,63
C0166,2020-09,52
C0206,2020-10,57
C0561,2023-03,1
C0207,2023-03,1
C0477,2023-03,1
C0085,2021-03,39
C0251,2023-06,64
C0270,2023-06,69
C0744,2023-05,39
C0226,2023-06,123
C0162,2023-05,13
C0013,2023-05,9
C0341,2023-05,80
C0521,2023-06,16
C0648,2023-05,2
C0715,2023-05,5
C0287,2023-05,19
C0306,2023-06,52
C0165,2023-06,25
C0686,2023-06,4
C0699,2023-06,2
C0653,2023-06,4
C0719,2023-06,7
C0435,2023-07,26
C0716,2023-01,5
C0644,2023-01,5
C0004,2020-07,63
C0480,2023-07,2
C0011,2023-11,55
C0055,2023-11,30
C0169,2023-11,47
C0143,2023-11,65
C0727,2023-11,33
C0576,2023-11,14
C0138,2023-11,52
C0552,2023-11,16
C0492,2023-11,2
C0539,2023-11,1
C0488,2023-01,4
C0663,2023-12,1
C0257,2023-05,61
C0286,2023-10,78
C0256,2026-03,73
C0561,2023-12,4
C0358,2024-02,92
C0532,2024-02,15
C0286,2024-01,223
C0604,2024-02,7
C0616,2024-02,24
C0352,2024-02,28
C0295,2024-12,39
C0109,2024-03,80
C0565,2024-02,5
C0086,2020-06,75
C0688,2022-02,4
C0082,2021-07,39
C0452,2021-04,55
C0645,2022-01,2
C0043,2021-07,32
C0054,2020-07,2
C0224,2021-05,46
C0490,2020-02,4
C0089,2020-01,149
C0409,2020-09,47
C0355,2020-08,55
C0144,2020-11,27
C0137,2020-12,50
C0118,2020-12,1
C0139,2020-02,22
C0115,2020-10,42
C0510,2020-09,31
C0233,2021-07,46
C0010,2021-06,32
C0127,2021-04,45
C0679,2020-02,3
C0181,2020-09,28
C0223,2020-12,54
C0395,2020-04,42
C0341,2021-02,69
C0481,2020-02,40
C0473,2021-06,50
C0100,2020-07,36
C0149,2021-05,22
C0386,2021-05,46
C0128,2020-02,93
C0378,2021-06,44
C0221,2021-03,70
C0709,2022-08,1
C0394,2020-06,32
C0230,2021-04,32
C0405,2021-11,56
C0447,2021-07,5
C0690,2023-05,1
C0218,2026-07,70
C0438,2023-09,1
C0235,2023-10,54
C0622,2023-10,17
C0693,2023-10,8
C0724,2023-10,6
C0631,2023-10,3
C0351,2024-01,24
C0724,2024-01,10
C0235,2024-01,137
C0622,2024-01,34
C0693,2024-01,18
C0259,2024-04,97
C0259,2024-07,93
C0451,2024-10,69
C0040,2020-10,46
C0048,2020-03,29
C0665,2020-01,7
C0569,2020-04,17
C0060,2020-05,157
C0083,2020-05,38
C0252,2020-05,35
C0718,2020-04,6
C0415,2020-05,11
C0282,2025-01,262
C0212,2020-04,29
C0525,2020-05,3
C0357,2020-08,20
C0728,2020-08,26
C0197,2020-08,18
C0313,2020-08,42
C0212,2020-12,45
C0249,2020-10,34
C0125,2020-09,44
C0680,2020-09,21
C0087,2020-08,1
C0629,2020-08,3
C0619,2020-09,2
C0218,2020-11,64
C0008,2020-07,3
C0606,2020-12,4
C0162,2021-02,6
C0718,2020-12,6
C0715,2021-02,5
C0126,2021-02,90
C0400,2021-02,43
C0287,2021-02,22
C0257,2021-02,63
C0621,2020-10,1
C0444,2021-02,19
C0174,2020-12,14
C0157,2021-02,1
C0651,2021-02,12
C0744,2021-02,24
C0013,2021-02,12
C0056,2020-07,44
C0239,2021-06,44
C0179,2021-08,16
C0575,2021-07,12
C0557,2021-04,37
C0650,2021-06,1
C0049,2021-07,3
C0545,2020-10,5
C0527,2020-07,5
C0625,2021-07,3
C0213,2020-02,19
C0693,2021-10,5
C0356,2021-09,3
C0372,2020-02,25
C0548,2021-10,2
C0246,2021-09,11
C0351,2021-10,4
C0631,2021-10,3
C0470,2021-09,3
C0674,2021-11,5
C0725,2021-11,8
C0053,2022-03,1
C0637,2022-03,1
C0618,2022-12,1
C0651,2023-05,9
C0444,2023-05,15
C0622,2021-10,26
C0538,2020-02,3
C0600,2020-05,1
C0160,2020-05,10
C0544,2021-11,1
C0551,2021-09,6
C0199,2022-03,2
C0628,2022-03,1
C0529,2022-04,3
C0376,2020-01,2
C0095,2020-02,4
C0112,2020-02,6
C0607,2020-02,3
C0314,2020-02,1
C0689,2020-02,7
C0366,2020-06,34
C0061,2020-06,70
C0489,2020-06,2
C0080,2020-07,73
C0309,2020-06,6
C0698,2020-07,1
C0746,2020-11,12
C0402,2020-10,66
C0516,2020-10,10
C0120,2024-10,39
C0500,2020-11,1
C0569,2020-12,16
C0571,2021-02,2
C0446,2020-03,28
C0676,2021-04,14
C0438,2021-03,4
C0747,2021-04,6
C0582,2021-05,10
C0608,2021-04,3
C0265,2021-05,12
C0498,2021-05,4
C0260,2021-05,2
C0479,2021-05,1
C0739,2021-05,6
C0517,2020-10,5
C0583,2021-08,7
C0288,2021-08,12
C0501,2021-08,12
C0253,2021-09,54
C0711,2021-08,1
C0567,2021-09,2
C0495,2021-09,1
C0720,2021-12,4
C0696,2021-12,2
C0074,2021-12,1
C0302,2020-03,32
C0007,2020-03,32
C0591,2020-03,1
C0124,2020-03,1
C0738,2020-10,2
C0627,2021-01,1
C0148,2020-08,2
C0365,2021-07,1
C0456,2021-11,2
C0624,2021-11,3
C0566,2021-11,3
C0561,2022-02,1
C0677,2022-02,4
C0131,2022-02,1
C0673,2022-02,2
C0663,2022-02,1
C0499,2020-03,1
C0174,2020-04,7
C0606,2020-04,2
C0683,2020-01,1
C0713,2021-04,2
C0390,2020-01,1
C0261,2023-10,2
C0596,2020-10,2
C0684,2021-06,1
C0707,2021-08,1
C0271,2025-11,102
C0507,2022-01,1
C0088,2026-02,88
C0364,2026-05,27
C0048,2026-01,274
C0369,2026-01,387
C0555,2026-05,32
C0405,2026-05,95
C0725,2026-05,16
C0463,2026-05,125
C0020,2026-01,119
C0302,2026-01,304
C0338,2026-01,256
C0446,2026-01,509
C0144,2026-07,54
C0117,2026-06,87
C0424,2026-07,44
C0194,2026-06,124
C0677,2026-04,6
C0500,2026-07,1
C0290,2025-01,145
C0007,2026-01,95
C0339,2026-06,117
C0033,2025-03,51
C0336,2026-06,11
C0191,2024-12,102
C0030,2026-03,9
C0113,2026-06,142
C0124,2026-01,203
C0196,2026-02,109
C0382,2026-06,95
C0484,2025-05,51
C0746,2026-07,10
C0156,2025-12,98
C0124,2025-04,20
C0446,2025-04,89
C0203,2025-01,85
C0122,2025-11,195
C0301,2025-11,43
C0101,2025-11,59
C0189,2025-11,159
C0577,2025-12,24
C0164,2025-01,86
C0675,2025-01,116
C0106,2025-11,129
C0445,2025-01,66
C0493,2025-01,285
C0325,2021-12,3
C0009,2025-10,239
C0071,2025-10,49
C0076,2025-07,130
C0134,2025-07,51
C0370,2025-01,27
C0564,2025-01,45
C0105,2025-10,87
C0235,2025-08,74
C0547,2025-11,2
C0141,2025-03,72
C0458,2025-10,41
C0292,2025-05,26
C0038,2025-12,72
C0018,2025-07,42
C0200,2025-12,69
C0465,2025-09,53
C0458,2025-09,27
C0237,2024-09,110
C0499,2026-01,9
C0587,2026-04,32
C0235,2024-06,40
C0031,2025-02,36
C0356,2022-10,3
C0176,2024-12,90
C0338,2024-08,87
C0026,2024-10,19
C0435,2025-07,47
C0317,2025-12,91
C0048,2024-08,53
C0351,2025-08,5
C0110,2024-02,2
C0591,2026-01,14
C0338,2025-04,75
C0710,2026-02,4
C0104,2025-03,39
C0414,2026-03,125
C0219,2024-12,54
C0633,2025-03,20
C0034,2024-09,36
C0208,2026-02,78
C0161,2026-02,46
C0077,2026-03,2
C0086,2024-05,57
C0624,2026-05,18
C0750,2024-09,14
C0088,2024-03,46
C0672,2024-03,25
C0723,2026-08,22
C0466,2026-06,5
C0151,2026-08,117
C0540,2024-03,6
C0674,2026-05,3
C0286,2025-08,100
C0196,2024-03,96
C0005,2026-06,55
C0349,2026-06,52
C0514,2026-06,7
C0369,2024-08,137
C0512,2026-06,7
C0381,2026-08,36
C0394,2024-05,72
C0114,2024-12,73
C0353,2025-12,5
C0044,2025-03,33
C0566,2026-05,3
C0259,2026-08,92
C0145,2025-10,61
C0131,2023-12,1
C0351,2023-10,8
C0425,2024-09,20
C0246,2022-10,8
C0246,2025-09,20
C0061,2024-05,61
C0548,2024-01,12
C0723,2024-04,28
C0381,2024-04,10
C0161,2024-03,40
C0151,2024-04,86
C0124,2024-08,23
C0446,2024-08,70
C0416,2024-05,47
C0302,2024-08,48
C0188,2024-09,48
C0731,2024-04,1
C0210,2024-05,59
C0058,2024-10,107
C0560,2025-07,16
C0723,2024-07,21
C0366,2024-05,53
C0362,2024-05,93
C0489,2024-05,4
C0208,2024-03,30
C0548,2024-06,7
C0309,2024-05,9
C0007,2024-08,43
C0622,2024-06,16
C0286,2024-06,85
C0724,2024-06,4
C0351,2024-06,3
C0631,2024-06,4
C0693,2024-06,6
C0261,2024-01,2
C0631,2024-01,9
C0151,2024-07,94
C0381,2024-07,19
C0070,2024-09,72
C0136,2024-10,40
C0743,2024-10,11
C0530,2025-02,59
C0154,2024-09,39
C0007,2025-04,62
C0529,2024-10,5
C0422,2024-10,3
C0380,2024-09,14
C0132,2025-09,96
C0587,2024-11,14
C0319,2024-12,21
C0536,2025-01,7
C0332,2025-02,19
C0307,2025-05,61
C0360,2024-12,51
C0217,2025-02,32
C0506,2025-02,6
C0385,2025-02,37
C0275,2025-05,49
C0369,2025-04,165
C0180,2025-02,1
C0241,2025-05,95
C0254,2025-05,178
C0103,2025-05,41
C0630,2025-05,15
C0403,2025-05,19
C0029,2025-05,30
C0605,2026-06,7
C0042,2026-06,4
C0465,2025-10,59
C0009,2025-09,201
C0417,2025-03,60
C0075,2024-09,62
C0356,2025-09,7
C0145,2025-09,60
C0561,2025-06,5
C0109,2026-02,84
C0356,2025-10,7
C0632,2025-12,7
C0064,2026-02,4
C0672,2026-02,43
C0540,2026-02,7
C0329,2025-01,3
C0561,2026-04,5
C0663,2026-04,1
C0688,2026-04,6
C0207,2026-04,1
C0477,2026-04,1
C0434,2026-03,1
C0705,2026-06,3
C0721,2026-05,2
C0477,2025-06,1
C0587,2025-06,15
C0688,2025-06,5
C0677,2025-06,5
C0253,2025-10,69
C0609,2025-01,9
C0663,2025-06,1
C0482,2025-07,127
C0440,2025-07,25
C0673,2025-06,3
C0436,2025-09,251
C0105,2025-09,72
C0253,2025-09,60
C0071,2025-09,47
C0436,2025-10,214
C0132,2025-10,113
C0246,2025-10,26
C0048,2025-04,45
C0470,2025-10,1
C0081,2024-12,2
C0097,2025-11,9
C0740,2025-01,1
C0657,2025-11,2
C0548,2023-10,1
C0020,2025-04,58
C0470,2025-09,1
C0598,2024-12,34
C0244,2024-01,2
C0388,2024-09,3
C0615,2024-12,5
C0551,2025-10,5
C0449,2025-01,5
C0741,2025-01,14
C0142,2026-03,1
C0450,2025-03,36
C0726,2024-09,3
C0302,2025-04,45
C0631,2025-08,7
C0693,2025-08,5
C0594,2024-12,3
C0231,2025-01,1
C0622,2025-08,23
C0548,2025-08,4
C0578,2025-05,4
C0131,2025-06,1
C0724,2025-08,3
C0551,2025-09,1
C0722,2026-02,1
C0441,2026-02,2
C0404,2026-03,1
C0584,2024-02,16
C0586,2024-02,3
C0322,2024-02,2
C0541,2024-02,5
C0626,2024-02,3
C0064,2024-03,3
C0441,2024-03,3
C0281,2024-03,1
C0499,2024-08,3
C0020,2024-08,46
C0591,2024-08,4
C0052,2024-09,1
C0618,2024-12,1
C0591,2025-04,3
C0733,2025-05,1
C0244,2025-08,3
C0116,2024-02,1
C0736,2024-02,1
C0413,2024-07,1
C0677,2024-11,6
C0131,2024-11,2
C0688,2024-11,7
C0561,2024-11,1
C0673,2024-11,3
C0477,2024-11,1
C0563,2025-02,1
C0022,2025-02,2
C0668,2025-02,1
C0207,2025-06,1
C0646,2020-05,1
C0480,2022-07,1
C0551,2022-10,5
C0567,2022-10,1
C0204,2020-09,1
C0248,2023-05,2
C0554,2023-06,6
C0496,2023-06,2
C0507,2023-11,2
C0710,2024-03,1
C0006,2023-04,1
C0645,2023-11,1
C0223,2021-12,72
C0212,2021-12,41
C0718,2021-12,12
C0569,2021-12,15
C0395,2021-12,56
C0606,2021-12,10
C0310,2021-05,20
C0460,2021-10,31
C0137,2021-12,54
C0177,2021-09,41
C0183,2022-02,57
C0415,2022-01,68
C0060,2022-01,369
C0043,2021-01,85
C0252,2022-01,87
C0160,2022-01,19
C0600,2022-01,5
C0082,2021-01,120
C0021,2021-01,111
C0083,2022-01,95
C0079,2022-01,2
C0130,2021-05,37
C0243,2021-01,96
C0174,2021-12,20
C0184,2021-01,608
C0455,2021-09,59
C0101,2021-07,29
C0646,2022-01,6
C0016,2022-04,30
C0454,2022-03,25
C0110,2023-01,13
C0273,2022-04,3
C0304,2022-02,115
C0123,2024-02,34
C0179,2022-03,26
C0423,2022-03,49
C0027,2022-03,22
C0748,2022-04,1
C0205,2022-02,42
C0311,2022-05,36
C0138,2022-05,53
C0182,2022-05,17
C0143,2022-05,57
C0011,2022-05,64
C0576,2022-05,10
C0552,2022-05,12
C0727,2022-05,25
C0169,2022-05,54
C0055,2022-05,31
C0525,2022-01,7
C0539,2022-05,4
C0007,2021-03,33
C0138,2020-05,41
C0347,2020-10,26
C0196,2020-06,63
C0247,2021-01,100
C0403,2020-07,30
C0176,2020-01,222
C0369,2021-03,106
C0431,2020-12,52
C0484,2020-07,54
C0387,2021-10,48
C0431,2020-04,50
C0201,2020-10,40
C0163,2021-06,26
C0208,2020-06,20
C0300,2020-08,21
C0166,2021-06,36
C0106,2021-07,64
C0067,2021-02,138
C0371,2020-10,33
C0122,2021-07,156
C0221,2020-03,72
C0185,2021-06,67
C0552,2020-05,19
C0295,2020-01,92
C0464,2020-04,36
C0114,2020-01,75
C0182,2020-05,16
C0727,2020-05,28
C0728,2022-06,26
C0355,2022-06,50
C0062,2022-06,34
C0313,2022-06,42
C0197,2022-06,24
C0357,2022-06,31
C0087,2022-06,3
C0475,2022-08,63
C0629,2022-06,3
C0148,2022-06,1
C0226,2022-07,110
C0323,2022-07,20
C0321,2022-07,9
C0251,2022-07,56
C0324,2022-07,37
C0270,2022-07,46
C0686,2022-07,7
C0165,2022-07,23
C0521,2022-07,12
C0306,2022-07,46
C0089,2022-12,44
C0389,2022-07,28
C0670,2022-07,2
C0645,2022-05,4
C0017,2022-02,25
C0129,2021-09,80
C0486,2021-09,69
C0642,2021-08,6
C0221,2022-11,71
C0177,2022-10,31
C0085,2022-11,33
C0129,2022-10,60
C0195,2022-10,49
C0455,2022-10,67
C0211,2022-10,58
C0486,2022-10,65
C0472,2022-10,47
C0616,2023-01,46
C0211,2021-09,60
C0482,2023-06,103
C0028,2022-12,30
C0192,2022-12,65
C0393,2022-12,87
C0093,2022-12,20
C0665,2022-12,9
C0140,2022-12,42
C0168,2022-12,16
C0338,2021-03,46
C0209,2023-03,34
C0183,2023-03,80
C0304,2023-03,126
C0685,2023-03,6
C0584,2023-01,44
C0167,2022-08,39
C0532,2023-01,27
C0205,2023-03,43
C0017,2023-03,25
C0534,2023-03,8
C0458,2023-02,22
C0604,2023-01,17
C0333,2023-03,25
C0132,2023-02,72
C0358,2023-01,264
C0352,2023-01,70
C0558,2023-03,2
C0614,2023-01,8
C0465,2023-02,45
C0145,2023-04,29
C0190,2023-01,7
C0105,2023-04,57
C0132,2023-04,79
C0009,2023-04,141
C0436,2023-04,101
C0253,2023-04,50
C0465,2023-04,45
C0009,2023-02,152
C0071,2023-04,40
C0246,2023-04,12
C0003,2021-08,19
C0458,2023-04,23
C0356,2023-04,6
C0567,2023-04,1
C0226,2023-07,135
C0306,2023-07,36
C0521,2023-07,17
C0323,2023-07,28
C0324,2023-07,40
C0670,2023-07,7
C0251,2023-07,67
C0554,2023-07,6
C0270,2023-07,60
C0076,2023-06,107
C0389,2023-07,42
C0686,2023-07,4
C0321,2023-07,9
C0239,2023-08,35
C0473,2023-08,50
C0684,2023-08,13
C0459,2023-08,59
C0378,2023-08,49
C0010,2023-08,36
C0435,2023-06,47
C0134,2023-06,50
C0653,2023-07,5
C0650,2023-08,5
C0145,2023-02,23
C0565,2023-01,8
C0377,2023-03,1
C0440,2023-06,28
C0302,2023-09,52
C0446,2023-09,59
C0369,2023-09,111
C0048,2023-09,45
C0338,2023-09,66
C0020,2023-09,50
C0007,2023-09,51
C0124,2023-09,15
C0304,2023-12,140
C0183,2023-12,67
C0209,2023-12,55
C0017,2023-12,31
C0297,2023-10,48
C0205,2023-12,53
C0333,2023-12,22
C0685,2023-12,2
C0534,2023-12,12
C0252,2023-11,30
C0501,2022-03,12
C0209,2022-02,41
C0288,2022-03,10
C0583,2022-03,6
C0142,2021-11,1
C0707,2022-03,1
C0189,2021-07,95
C0319,2020-01,66
C0191,2020-01,88
C0271,2021-07,57
C0219,2020-01,128
C0254,2020-07,100
C0275,2020-07,45
C0073,2020-11,58
C0125,2021-06,47
C0311,2020-05,49
C0472,2021-09,72
C0050,2024-02,85
C0537,2022-08,224
C0090,2022-01,4
C0067,2022-09,150
C0121,2022-09,77
C0700,2022-09,36
C0277,2022-08,68
C0293,2022-09,67
C0250,2022-09,47
C0487,2022-09,34
C0412,2022-08,52
C0462,2022-09,26
C0337,2022-09,11
C0419,2022-08,58
C0225,2022-08,51
C0391,2022-08,27
C0647,2022-09,6
C0714,2022-08,37
C0599,2022-09,1
C0228,2022-08,48
C0398,2022-08,58
C0343,2020-11,60
C0407,2022-08,54
C0574,2022-08,4
C0060,2023-11,194
C0396,2022-08,9
C0401,2022-08,18
C0045,2020-10,58
C0297,2024-01,187
C0298,2020-11,38
C0346,2024-02,61
C0253,2023-02,46
C0436,2023-02,78
C0105,2023-02,62
C0333,2022-02,20
C0161,2020-06,33
C0626,2023-01,4
C0071,2023-02,51
C0246,2023-02,4
C0411,2023-01,3
C0390,2022-12,1
C0289,2020-11,46
C0551,2023-02,5
C0736,2023-01,10
C0057,2020-10,55
C0202,2021-05,61
C0533,2022-08,11
C0018,2023-06,23
C0433,2023-05,6
C0487,2023-05,34
C0293,2023-05,64
C0067,2023-05,159
C0250,2023-05,56
C0121,2023-05,51
C0719,2023-07,2
C0165,2023-07,22
C0462,2023-05,26
C0322,2023-01,14
C0560,2023-06,8
C0460,2024-01,95
C0541,2023-01,5
C0083,2023-11,30
C0600,2023-11,5
C0525,2023-11,5
C0415,2023-11,19
C0160,2023-11,4
C0646,2023-11,1
C0418,2021-04,11
C0745,2023-10,9
C0245,2024-02,72
C0334,2024-02,56
C0556,2024-02,89
C0716,2024-02,2
C0227,2024-02,28
C0550,2024-02,15
C0448,2024-02,39
C0328,2024-02,58
C0509,2024-02,13
C0581,2024-02,6
C0518,2024-02,8
C0072,2021-08,29
C0233,2021-01,172
C0558,2022-02,3
C0365,2021-01,11
C0158,2021-08,90
C0181,2021-06,19
C0685,2022-02,3
C0232,2020-04,31
C0241,2020-07,54
C0048,2021-03,42
C0055,2020-05,30
C0292,2020-07,8
C0647,2021-02,12
C0010,2020-09,27
C0088,2020-06,37
C0427,2020-11,11
C0340,2021-04,47
C0307,2020-07,59
C0216,2020-08,21
C0019,2021-06,44
C0680,2021-06,17
C0459,2020-09,55
C0594,2020-01,6
C0327,2020-11,23
C0049,2021-01,14
C0232,2020-12,36
C0046,2022-08,23
C0193,2022-08,8
C0133,2021-05,63
C0524,2022-08,5
C0315,2020-12,44
C0438,2022-11,2
C0511,2022-01,1
C0588,2022-04,1
C0586,2023-01,13
C0551,2023-04,9
C0081,2020-01,7
C0297,2021-10,39
C0647,2023-05,6
C0700,2023-05,14
C0337,2023-05,15
C0591,2023-09,4
C0387,2023-10,32
C0460,2023-10,42
C0099,2023-10,1
C0387,2024-01,132
C0086,2024-03,48
C0745,2024-01,19
C0362,2024-03,105
C0366,2024-03,50
C0360,2020-01,104
C0012,2020-11,31
C0598,2020-01,10
C0015,2020-04,46
C0549,2020-04,3
C0143,2020-05,46
C0576,2020-05,4
C0457,2020-08,31
C0011,2020-05,26
C0615,2020-01,15
C0315,2020-04,30
C0169,2020-05,30
C0085,2020-03,48
C0385,2020-02,34
C0325,2020-04,2
C0506,2020-02,12
C0332,2020-02,18
C0645,2020-05,3
C0593,2020-08,13
C0029,2020-07,27
C0650,2020-09,7
C0239,2020-09,42
C0378,2020-09,39
C0109,2020-06,29
C0443,2024-09,50
C0473,2020-09,38
C0684,2020-09,2
C0447,2021-01,7
C0015,2020-12,43
C0330,2020-10,67
C0342,2020-10,54
C0103,2020-07,64
C0575,2021-01,15
C0530,2020-02,28
C0617,2021-01,2
C0250,2021-02,37
C0487,2021-02,20
C0121,2021-02,49
C0293,2021-02,33
C0094,2021-05,38
C0433,2021-02,3
C0700,2021-02,17
C0462,2021-02,30
C0337,2021-02,11
C0409,2021-06,32
C0301,2021-07,21
C0510,2021-06,31
C0483,2021-05,72
C0619,2021-06,2
C0627,2021-07,2
C0097,2021-07,10
C0657,2021-07,3
C0318,2021-05,16
C0099,2021-10,2
C0745,2021-10,3
C0256,2021-11,62
C0031,2020-02,38
C0414,2021-11,53
C0502,2021-10,2
C0030,2021-11,5
C0683,2022-12,1
C0499,2023-09,3
C0539,2020-05,4
C0308,2021-04,7
C0404,2021-11,2
C0711,2022-03,1
C0468,2021-04,48
C0563,2020-02,1
C0217,2020-02,24
C0022,2020-02,3
C0438,2020-03,2
C0064,2020-06,1
C0441,2020-06,4
C0630,2020-07,18
C0578,2020-07,3
C0540,2020-06,5
C0002,2020-10,34
C0428,2020-11,21
C0302,2021-03,36
C0294,2020-10,3
C0634,2020-11,10
C0531,2020-11,2
C0039,2020-11,2
C0464,2020-12,43
C0542,2020-12,6
C0603,2020-10,10
C0742,2020-12,7
C0020,2021-03,42
C0446,2021-03,50
C0124,2021-03,1
C0180,2020-02,3
C0678,2021-04,10
C0526,2021-05,3
C0150,2021-05,15
C0373,2021-05,3
C0520,2021-04,1
C0053,2021-08,3
C0597,2021-08,1
C0195,2021-09,37
C0662,2020-10,2
C0625,2021-01,2
C0006,2021-09,1
C0672,2020-06,4
C0284,2020-02,2
C0618,2020-01,2
C0023,2020-10,1
C0656,2020-10,1
C0737,2020-11,1
C0001,2021-04,1
C0719,2022-07,2
C0534,2022-02,2
C0742,2020-04,3
C0542,2020-04,6
C0696,2020-04,2
C0720,2020-04,1
C0695,2020-08,1
C0636,2020-08,2
C0720,2020-12,5
C0325,2020-12,1
C0549,2020-12,2
C0036,2021-05,1
C0504,2021-04,1
C0414,2026-05,109
C0404,2026-05,9
C0461,2025-05,128
C0438,2026-01,14
C0221,2026-01,302
C0256,2026-05,73
C0117,2025-12,145
C0343,2026-07,119
C0427,2026-07,27
C0012,2026-07,50
C0156,2026-06,117
C0073,2026-07,93
C0428,2026-07,86
C0634,2026-07,50
C0085,2026-01,186
C0289,2026-07,44
C0327,2026-07,84
C0298,2026-07,40
C0017,2026-04,39
C0039,2026-07,10
C0382,2025-12,99
C0401,2025-03,30
C0304,2025-06,94
C0455,2025-09,88
C0228,2025-03,38
C0061,2024-03,66
C0184,2025-11,314
C0030,2026-05,7
C0046,2025-03,22
C0725,2026-03,18
C0200,2026-06,55
C0194,2025-12,134
C0531,2026-07,5
C0211,2025-10,64
C0129,2025-10,81
C0086,2026-02,92
C0183,2026-04,99
C0719,2025-07,8
C0362,2026-02,94
C0486,2025-09,105
C0575,2025-11,10
C0463,2026-03,136
C0737,2026-07,6
C0339,2025-12,142
C0304,2026-04,154
C0205,2026-04,88
C0021,2025-11,65
C0667,2025-01,54
C0247,2025-11,89
C0209,2026-04,58
C0047,2025-01,226
C0243,2025-11,82
C0082,2025-11,56
C0233,2025-11,88
C0043,2025-11,76
C0486,2025-10,148
C0555,2026-03,23
C0186,2025-01,125
C0416,2026-02,41
C0129,2025-09,72
C0472,2025-09,51
C0210,2026-02,97
C0091,2025-01,80
C0365,2025-11,2
C0195,2025-10,100
C0455,2025-10,74
C0323,2025-07,25
C0534,2025-06,30
C0211,2025-09,63
C0049,2025-11,8
C0472,2025-10,56
C0625,2025-11,6
C0177,2025-10,40
C0005,2025-12,47
C0113,2025-12,151
C0336,2025-12,34
C0605,2025-12,5
C0349,2025-12,67
C0364,2026-03,39
C0460,2025-08,42
C0372,2025-02,11
C0430,2026-08,13
C0519,2025-01,11
C0394,2026-02,103
C0638,2023-01,3
C0273,2024-10,1
C0405,2026-03,100
C0270,2025-07,71
C0387,2024-06,37
C0674,2026-03,13
C0624,2026-03,10
C0566,2026-03,9
C0383,2025-02,52
C0028,2024-12,75
C0639,2026-02,1
C0430,2024-07,17
C0430,2024-04,18
C0544,2026-03,2
C0077,2026-05,9
C0139,2025-02,13
C0391,2025-03,31
C0412,2025-03,53
C0389,2025-07,44
C0004,2025-05,62
C0196,2024-05,74
C0208,2024-05,38
C0038,2026-06,64
C0317,2026-06,83
C0466,2025-12,1
C0353,2026-06,8
C0685,2026-04,10
C0577,2026-06,26
C0687,2026-06,4
C0439,2026-08,22
C0666,2026-08,2
C0553,2026-08,47
C0375,2026-08,32
C0192,2024-12,84
C0168,2024-12,13
C0088,2024-05,39
C0407,2025-03,122
C0183,2025-06,82
C0333,2026-04,40
C0306,2025-07,28
C0685,2024-11,8
C0304,2024-11,113
C0093,2024-12,34
C0309,2026-02,2
C0632,2026-06,9
C0195,2025-09,67
C0377,2023-12,1
C0553,2024-07,22
C0394,2024-03,70
C0439,2024-04,18
C0553,2024-04,18
C0375,2024-04,37
C0100,2025-05,42
C0297,2024-06,62
C0361,2024-04,2
C0274,2024-04,1
C0312,2024-02,7
C0064,2024-05,3
C0109,2024-05,98
C0672,2024-05,20
C0441,2024-05,7
C0161,2024-05,42
C0540,2024-05,6
C0710,2024-05,1
C0140,2024-12,57
C0460,2024-06,43
C0745,2024-06,4
C0085,2024-08,41
C0099,2024-06,2
C0183,2024-11,79
C0221,2024-08,62
C0375,2024-07,43
C0502,2024-06,2
C0537,2025-03,215
C0205,2025-06,54
C0682,2024-07,1
C0222,2024-09,69
C0016,2024-10,47
C0251,2025-07,127
C0165,2025-07,22
C0205,2024-11,42
C0056,2025-05,77
C0592,2024-09,40
C0588,2024-10,1
C0032,2024-09,4
C0748,2024-10,1
C0333,2024-11,20
C0209,2024-11,53
C0534,2024-11,21
C0221,2025-04,110
C0017,2025-06,26
C0714,2025-03,42
C0393,2024-12,78
C0469,2025-05,35
C0481,2025-02,44
C0236,2025-02,62
C0128,2025-02,59
C0689,2025-02,8
C0112,2025-02,8
C0490,2025-02,8
C0213,2025-02,17
C0061,2026-02,73
C0089,2024-12,58
C0538,2025-02,1
C0607,2025-02,2
C0085,2025-04,39
C0080,2025-05,98
C0679,2025-02,3
C0095,2025-02,5
C0653,2025-07,7
C0612,2025-05,2
C0527,2025-05,13
C0274,2026-08,1
C0309,2024-03,8
C0079,2023-11,1
C0514,2025-12,9
C0099,2025-08,2
C0512,2025-12,15
C0502,2025-08,1
C0297,2025-08,114
C0210,2024-03,46
C0042,2025-12,4
C0177,2025-09,50
C0366,2026-02,61
C0705,2025-12,3
C0447,2025-11,7
C0456,2026-03,1
C0721,2026-03,4
C0534,2026-04,28
C0558,2026-04,8
C0377,2026-04,1
C0396,2025-03,19
C0277,2025-03,66
C0209,2025-06,40
C0333,2025-06,18
C0558,2025-06,6
C0321,2025-07,21
C0685,2025-06,6
C0226,2025-07,109
C0554,2025-07,3
C0521,2025-07,24
C0324,2025-07,56
C0686,2025-07,11
C0652,2025-01,1
C0701,2025-07,1
C0387,2025-08,42
C0416,2024-03,45
C0198,2024-04,1
C0419,2025-03,68
C0438,2024-08,3
C0613,2024-09,1
C0697,2024-09,6
C0225,2025-03,53
C0665,2024-12,7
C0398,2025-03,53
C0524,2025-03,3
C0475,2025-03,44
C0167,2025-03,31
C0533,2025-03,19
C0193,2025-03,5
C0496,2025-07,1
C0439,2024-07,10
C0006,2025-10,1
C0006,2025-09,2
C0331,2025-03,1
C0489,2026-02,1
C0488,2024-02,4
C0644,2024-02,5
C0570,2024-02,5
C0489,2024-03,1
C0683,2024-12,1
C0017,2024-11,26
C0502,2024-01,3
C0438,2025-04,1
C0698,2025-05,1
C0670,2025-07,2
C0745,2025-08,8
C0666,2024-07,1
C0281,2024-05,1
C0558,2024-11,7
C0491,2024-01,1
C0574,2025-03,2
C0008,2025-05,1
C0653,2022-07,3
C0554,2022-07,1
C0356,2023-02,1
C0090,2023-11,1
C0116,2023-01,2
C0292,2021-11,16
C0239,2021-12,43
C0459,2021-12,50
C0378,2021-12,40
C0241,2021-11,78
C0307,2021-11,51
C0010,2021-12,28
C0684,2021-12,13
C0473,2021-12,30
C0296,2021-01,53
C0650,2021-12,5
C0132,2022-01,183
C0421,2021-01,95
C0105,2022-01,146
C0253,2022-01,124
C0267,2021-01,127
C0009,2022-01,269
C0071,2022-01,139
C0103,2021-11,58
C0535,2021-01,3
C0024,2021-01,73
C0436,2022-01,129
C0465,2022-01,121
C0120,2021-08,17
C0254,2021-11,104
C0246,2022-01,15
C0408,2021-03,33
C0145,2022-01,64
C0425,2020-02,8
C0175,2021-01,88
C0347,2021-04,26
C0136,2021-08,61
C0454,2022-04,30
C0179,2022-04,20
C0423,2022-04,46
C0711,2022-04,1
C0583,2022-04,9
C0359,2022-04,1
C0484,2021-11,49
C0027,2022-04,28
C0458,2022-01,62
C0375,2022-02,23
C0280,2021-03,34
C0129,2022-05,88
C0177,2022-05,39
C0486,2022-05,82
C0455,2022-05,64
C0195,2022-05,37
C0472,2022-05,59
C0288,2022-04,7
C0016,2022-03,41
C0211,2022-05,69
C0130,2020-01,162
C0256,2020-07,54
C0276,2021-01,202
C0155,2020-03,86
C0242,2021-03,10
C0133,2020-01,200
C0483,2020-01,161
C0380,2020-02,25
C0214,2020-11,32
C0015,2021-06,50
C0510,2020-04,22
C0318,2020-01,75
C0045,2021-04,57
C0150,2020-01,51
C0468,2020-10,42
C0232,2021-06,38
C0476,2022-06,56
C0348,2022-06,36
C0263,2022-06,90
C0059,2022-06,48
C0671,2022-06,20
C0234,2022-06,38
C0316,2022-06,39
C0572,2022-06,10
C0471,2022-06,3
C0169,2022-10,46
C0666,2022-02,2
C0430,2022-02,16
C0736,2022-07,2
C0352,2022-07,24
C0358,2022-07,84
C0604,2022-07,3
C0532,2022-07,12
C0584,2022-07,14
C0614,2022-07,4
C0616,2022-07,16
C0626,2022-07,2
C0472,2020-05,47
C0356,2022-01,12
C0551,2022-01,13
C0384,2022-05,1
C0029,2021-11,32
C0058,2021-08,60
C0155,2022-11,154
C0182,2022-10,11
C0543,2022-11,3
C0368,2022-11,22
C0727,2022-10,29
C0138,2022-10,61
C0011,2022-10,42
C0065,2022-11,24
C0143,2022-10,48
C0066,2022-11,25
C0552,2022-10,29
C0379,2022-12,52
C0681,2022-11,5
C0372,2024-09,21
C0311,2022-10,38
C0265,2022-12,14
C0170,2022-12,105
C0386,2022-12,78
C0149,2022-12,16
C0159,2022-12,56
C0224,2022-12,44
C0055,2022-10,22
C0498,2022-12,20
C0739,2022-12,9
C0430,2023-03,27
C0439,2023-03,24
C0375,2023-03,32
C0165,2023-01,54
C0553,2023-03,9
C0389,2023-01,64
C0554,2023-01,8
C0226,2023-01,166
C0306,2023-01,114
C0719,2023-01,11
C0251,2023-01,145
C0354,2021-03,78
C0185,2020-12,65
C0323,2023-01,101
C0198,2023-03,1
C0083,2023-02,32
C0321,2023-01,25
C0682,2023-03,3
C0270,2023-01,97
C0252,2023-02,26
C0324,2023-01,110
C0252,2023-04,38
C0060,2023-02,153
C0686,2023-01,12
C0160,2023-04,9
C0060,2023-04,159
C0521,2023-01,33
C0282,2024-03,63
C0451,2021-08,48
C0415,2023-04,28
C0083,2023-04,38
C0166,2020-12,49
C0387,2022-09,52
C0600,2023-04,4
C0090,2023-04,4
C0358,2023-07,91
C0584,2023-07,16
C0616,2023-07,16
C0532,2023-07,12
C0736,2023-07,4
C0123,2023-06,29
C0352,2023-07,20
C0606,2023-08,10
C0223,2023-08,60
C0212,2023-08,48
C0137,2023-08,71
C0569,2023-08,26
C0395,2023-08,48
C0604,2023-07,8
C0541,2023-07,1
C0174,2023-08,17
C0718,2023-08,7
C0581,2023-06,6
C0167,2026-06,49
C0415,2023-02,9
C0278,2023-09,116
C0177,2020-05,54
C0408,2023-09,51
C0272,2023-09,29
C0474,2023-09,35
C0354,2023-09,62
C0063,2023-09,89
C0280,2023-09,32
C0238,2023-09,14
C0375,2023-12,38
C0430,2023-12,31
C0553,2023-12,24
C0439,2023-12,24
C0196,2025-01,312
C0666,2023-12,1
C0250,2023-10,48
C0448,2023-06,45
C0009,2023-11,165
C0680,2020-12,23
C0146,2021-01,192
C0439,2022-02,19
C0748,2022-03,1
C0717,2022-03,1
C0273,2022-03,2
C0543,2020-03,1
C0069,2021-01,88
C0297,2021-02,25
C0098,2020-08,46
C0153,2021-01,68
C0371,2021-04,34
C0129,2020-05,70
C0311,2021-09,49
C0590,2022-06,4
C0460,2022-09,37
C0297,2022-09,39
C0464,2021-06,28
C0137,2020-09,38
C0156,2022-08,48
C0317,2022-08,55
C0745,2022-09,5
C0200,2022-08,47
C0326,2020-11,27
C0487,2024-01,147
C0188,2020-02,38
C0055,2021-09,19
C0125,2020-12,44
C0363,2020-11,17
C0038,2022-08,23
C0653,2023-01,10
C0646,2023-02,3
C0525,2023-02,2
C0094,2020-01,79
C0160,2023-02,9
C0079,2023-02,3
C0403,2021-11,23
C0274,2023-03,1
C0666,2023-03,2
C0539,2022-10,7
C0328,2023-06,99
C0227,2023-06,38
C0334,2023-06,56
C0346,2023-06,42
C0488,2023-06,2
C0050,2023-06,59
C0245,2023-06,73
C0556,2023-06,53
C0509,2023-06,15
C0550,2023-06,4
C0570,2023-06,10
C0518,2023-06,8
C0460,2023-05,39
C0297,2023-05,50
C0586,2023-07,1
C0614,2023-07,6
C0411,2023-07,1
C0626,2023-07,4
C0565,2023-07,3
C0063,2021-03,99
C0253,2023-11,72
C0132,2023-11,70
C0436,2023-11,101
C0105,2023-11,65
C0465,2023-11,45
C0246,2023-11,8
C0071,2023-11,48
C0458,2023-11,23
C0145,2023-11,32
C0551,2023-11,10
C0487,2023-10,32
C0293,2023-10,60
C0356,2023-11,3
C0312,2023-06,2
C0647,2023-10,3
C0187,2023-09,2
C0700,2023-10,25
C0462,2023-10,22
C0067,2024-01,572
C0076,2024-02,107
C0337,2023-10,19
C0435,2024-02,20
C0134,2024-02,32
C0647,2024-01,12
C0560,2024-02,13
C0047,2024-05,89
C0482,2024-02,99
C0066,2024-08,37
C0534,2024-04,18
C0510,2020-12,29
C0037,2020-11,86
C0487,2021-10,19
C0250,2021-10,34
C0172,2021-07,38
C0553,2022-02,7
C0727,2021-09,38
C0310,2020-01,74
C0330,2021-04,72
C0266,2020-11,37
C0181,2020-04,12
C0107,2021-07,6
C0223,2020-09,44
C0121,2021-10,64
C0455,2020-05,51
C0070,2020-02,32
C0211,2020-05,69
C0486,2020-05,65
C0118,2020-09,1
C0166,2020-04,51
C0019,2020-12,39
C0202,2020-01,165
C0019,2020-04,36
C0255,2020-08,47
C0195,2020-05,31
C0047,2020-06,63
C0178,2020-11,45
C0345,2021-01,61
C0519,2020-06,3
C0152,2020-11,39
C0315,2021-06,49
C0678,2020-10,14
C0176,2021-05,84
C0360,2021-05,42
C0373,2020-01,4
C0342,2021-04,44
C0687,2022-08,4
C0577,2022-08,4
C0632,2022-08,4
C0502,2022-09,1
C0582,2022-12,6
C0108,2022-11,1
C0552,2021-09,22
C0645,2022-10,3
C0470,2022-01,4
C0670,2023-01,6
C0525,2023-04,4
C0387,2023-05,43
C0502,2023-05,4
C0035,2023-09,3
C0242,2023-09,8
C0299,2023-09,5
C0121,2023-10,60
C0433,2023-10,3
C0337,2024-01,27
C0121,2024-01,179
C0121,2024-06,71
C0293,2024-01,212
C0250,2024-01,110
C0700,2024-01,48
C0462,2024-01,71
C0029,2026-05,50
C0493,2024-03,86
C0293,2024-06,90
C0154,2020-02,47
C0237,2020-02,66
C0409,2020-04,42
C0185,2020-04,46
C0680,2020-04,18
C0163,2020-04,11
C0125,2020-04,41
C0478,2020-08,43
C0485,2020-08,62
C0212,2020-09,36
C0066,2020-03,37
C0395,2020-09,39
C0091,2020-06,27
C0569,2020-09,13
C0606,2020-09,7
C0174,2020-09,14
C0718,2020-09,7
C0181,2020-12,23
C0240,2021-01,53
C0163,2020-12,18
C0057,2021-04,54
C0409,2020-12,54
C0179,2024-10,32
C0294,2021-04,10
C0623,2021-07,2
C0460,2021-02,44
C0264,2020-11,32
C0414,2020-07,53
C0075,2020-02,27
C0387,2021-02,34
C0418,2020-10,9
C0319,2021-05,17
C0431,2021-06,64
C0051,2021-03,3
C0720,2021-06,4
C0742,2021-06,11
C0542,2021-06,2
C0308,2020-10,7
C0635,2021-04,6
C0079,2023-04,2
C0169,2021-09,46
C0191,2021-05,52
C0601,2021-07,3
C0067,2021-10,159
C0143,2021-09,58
C0647,2021-10,8
C0462,2021-10,23
C0293,2021-10,37
C0275,2021-11,41
C0337,2021-10,9
C0700,2021-10,11
C0420,2020-11,42
C0433,2021-10,7
C0630,2021-11,21
C0491,2023-05,1
C0099,2023-05,2
C0703,2023-09,2
C0374,2023-09,1
C0067,2023-10,153
C0034,2020-02,32
C0204,2020-04,1
C0186,2020-06,50
C0578,2021-11,8
C0707,2022-04,1
C0501,2022-04,9
C0526,2020-01,2
C0368,2020-03,26
C0750,2020-02,5
C0667,2020-06,10
C0142,2020-07,1
C0030,2020-07,4
C0065,2020-03,24
C0077,2020-07,3
C0504,2020-10,1
C0340,2020-10,52
C0602,2020-11,13
C0068,2020-11,33
C0513,2020-11,3
C0474,2021-03,31
C0432,2020-11,2
C0392,2020-11,2
C0619,2020-12,4
C0278,2021-03,69
C0238,2021-03,17
C0272,2021-03,31
C0703,2021-03,1
C0299,2021-03,4
C0041,2021-03,1
C0096,2021-03,1
C0201,2021-04,32
C0603,2021-04,18
C0002,2021-04,34
C0187,2021-03,1
C0662,2021-04,5
C0011,2021-09,42
C0114,2021-05,47
C0219,2021-05,36
C0615,2021-05,5
C0295,2021-05,42
C0598,2021-05,7
C0138,2021-09,53
C0026,2021-08,14
C0182,2021-09,7
C0576,2021-09,4
C0539,2021-09,3
C0182,2025-09,23
C0388,2020-02,2
C0681,2020-03,2
C0397,2020-01,2
C0520,2020-10,5
C0661,2020-10,1
C0001,2020-10,1
C0502,2021-02,4
C0745,2021-02,7
C0035,2021-03,1
C0066,2025-04,33
C0743,2021-08,2
C0529,2021-08,2
C0682,2022-02,1
C0619,2020-04,1
C0712,2020-08,10
C0656,2021-04,1
C0379,2024-12,50
C0325,2021-06,1
C0645,2021-09,1
C0439,2026-04,33
C0292,2026-05,53
C0307,2026-05,98
C0066,2026-01,368
C0241,2026-05,125
C0254,2026-05,255
C0578,2026-05,4
C0484,2026-05,78
C0275,2026-05,74
C0155,2026-01,638
C0103,2026-05,59
C0065,2026-01,204
C0420,2026-07,54
C0037,2026-07,224
C0264,2026-07,70
C0602,2026-07,16
C0178,2026-07,99
C0266,2026-07,42
C0430,2026-04,39
C0068,2026-07,50
C0152,2026-07,38
C0214,2026-07,43
C0391,2026-06,55
C0250,2025-08,45
C0368,2026-01,104
C0412,2026-06,59
C0326,2026-07,10
C0475,2026-06,82
C0407,2026-06,134
C0203,2024-03,36
C0714,2026-06,58
C0109,2025-01,306
C0392,2026-07,7
C0443,2025-02,75
C0363,2026-07,13
C0228,2026-06,76
C0405,2025-05,54
C0432,2026-07,1
C0104,2025-12,59
C0537,2026-06,226
C0004,2026-03,106
C0138,2025-09,83
C0539,2025-09,6
C0543,2026-01,14
C0193,2026-06,36
C0626,2025-07,9
C0091,2024-05,43
C0208,2025-01,218
C0156,2025-03,70
C0143,2025-09,68
C0368,2024-08,43
C0046,2026-06,45
C0304,2026-08,154
C0027,2024-10,26
C0024,2025-11,44
C0146,2025-11,157
C0345,2025-11,28
C0552,2025-09,26
C0296,2025-11,32
C0069,2025-11,35
C0182,2025-10,23
C0421,2025-11,31
C0153,2025-11,34
C0121,2025-08,89
C0175,2025-11,76
C0155,2025-04,244
C0038,2025-03,30
C0276,2025-11,169
C0267,2025-11,67
C0055,2025-10,32
C0240,2025-11,25
C0011,2025-10,88
C0337,2024-06,14
C0141,2025-12,90
C0430,2025-06,18
C0100,2026-03,89
C0433,2025-08,3
C0138,2025-10,107
C0161,2025-01,176
C0552,2025-10,33
C0493,2026-02,86
C0672,2025-01,65
C0450,2025-12,49
C0033,2025-12,67
C0417,2025-12,75
C0044,2025-12,54
C0633,2025-12,21
C0361,2025-06,2
C0534,2026-08,40
C0088,2025-01,98
C0681,2026-01,6
C0164,2024-03,33
C0200,2025-03,38
C0709,2025-12,2
C0095,2024-09,8
C0018,2024-02,22
C0164,2026-02,29
C0056,2026-03,113
C0461,2026-03,111
C0675,2026-02,44
C0080,2026-03,106
C0469,2026-03,20
C0282,2026-02,93
C0224,2024-12,54
C0527,2026-03,22
C0498,2024-12,25
C0352,2025-07,37
C0329,2026-02,8
C0293,2025-08,77
C0403,2026-05,21
C0290,2026-02,35
C0055,2025-09,28
C0534,2024-07,20
C0565,2025-07,7
C0630,2026-05,6
C0274,2023-12,1
C0169,2025-09,88
C0311,2025-10,46
C0667,2024-05,13
C0398,2026-06,80
C0225,2026-06,59
C0419,2026-06,69
C0401,2026-06,62
C0370,2026-02,14
C0277,2026-06,22
C0533,2026-06,26
C0396,2026-06,20
C0524,2026-06,7
C0375,2026-04,37
C0209,2026-08,52
C0183,2026-08,91
C0558,2026-08,7
C0017,2026-08,24
C0333,2026-08,50
C0322,2023-07,2
C0652,2020-06,1
C0008,2026-03,3
C0564,2026-02,28
C0205,2026-08,83
C0170,2024-12,139
C0377,2026-08,3
C0685,2026-08,4
C0553,2026-04,47
C0361,2023-12,1
C0682,2023-12,1
C0205,2024-07,57
C0433,2024-01,13
C0487,2024-06,58
C0304,2024-04,110
C0183,2024-04,71
C0205,2024-04,47
C0017,2024-04,24
C0333,2024-04,13
C0209,2024-04,51
C0685,2024-04,5
C0128,2024-09,74
C0159,2024-12,69
C0558,2024-04,3
C0236,2024-09,67
C0329,2024-03,6
C0186,2024-05,47
C0067,2024-06,171
C0155,2024-08,197
C0741,2024-03,3
C0519,2024-05,6
C0169,2025-10,93
C0681,2024-08,3
C0462,2024-06,23
C0700,2024-06,25
C0250,2024-06,68
C0481,2024-09,51
C0440,2024-02,15
C0375,2024-11,37
C0433,2024-06,3
C0647,2024-06,6
C0304,2024-07,121
C0183,2024-07,87
C0209,2024-07,60
C0017,2024-07,30
C0685,2024-07,3
C0558,2024-07,7
C0333,2024-07,24
C0583,2024-10,5
C0423,2024-10,97
C0288,2024-10,5
C0501,2024-10,20
C0454,2024-10,20
C0689,2024-09,11
C0112,2024-09,8
C0383,2024-09,43
C0679,2024-09,1
C0607,2024-09,4
C0139,2024-09,20
C0430,2024-11,21
C0553,2024-11,28
C0490,2024-09,8
C0067,2025-08,204
C0368,2025-04,41
C0386,2024-12,82
C0722,2025-01,5
C0064,2025-01,2
C0710,2025-01,9
C0441,2025-01,11
C0149,2024-12,44
C0222,2025-02,61
C0592,2025-02,27
C0032,2025-02,3
C0725,2025-05,7
C0589,2025-02,2
C0697,2025-02,3
C0546,2025-02,2
C0143,2025-10,95
C0613,2025-02,2
C0566,2025-05,3
C0624,2025-05,12
C0674,2025-05,6
C0463,2025-05,38
C0555,2025-05,22
C0616,2025-07,39
C0364,2025-05,34
C0065,2025-04,25
C0574,2026-06,5
C0576,2022-10,2
C0604,2025-07,19
C0553,2025-06,37
C0449,2024-03,4
C0497,2025-12,3
C0337,2025-08,8
C0311,2025-09,60
C0540,2025-01,22
C0358,2025-07,106
C0203,2026-02,39
C0741,2026-02,5
C0445,2026-02,25
C0609,2026-02,4
C0108,2026-01,2
C0281,2025-01,5
C0645,2025-10,8
C0727,2025-09,45
C0322,2025-07,5
C0331,2026-06,1
C0274,2026-04,2
C0513,2026-07,3
C0078,2026-03,1
C0666,2025-06,2
C0375,2025-06,50
C0439,2025-06,27
C0532,2025-07,22
C0576,2025-09,25
C0584,2025-07,10
C0614,2025-07,8
C0541,2025-07,1
C0736,2025-07,6
C0411,2025-07,1
C0011,2025-09,71
C0456,2025-05,2
C0727,2025-10,60
C0576,2025-10,35
C0539,2025-10,6
C0645,2025-09,4
C0632,2025-03,7
C0445,2024-03,19
C0262,2025-12,2
C0462,2025-08,17
C0564,2024-03,18
C0675,2024-03,28
C0543,2024-08,7
C0213,2024-09,22
C0439,2024-11,13
C0314,2024-09,3
C0359,2024-10,1
C0739,2024-12,6
C0582,2024-12,8
C0265,2024-12,18
C0092,2024-09,1
C0317,2025-03,72
C0577,2025-03,34
C0700,2025-08,27
C0442,2024-12,2
C0353,2025-03,2
C0487,2025-08,58
C0687,2025-03,6
C0681,2025-04,3
C0543,2025-04,5
C0190,2025-07,1
C0586,2025-07,1
C0682,2025-06,1
C0647,2025-08,7
C0721,2025-05,2
C0666,2026-04,2
C0682,2026-04,1
C0290,2024-03,41
C0740,2024-03,2
C0370,2024-03,8
C0609,2024-03,2
C0065,2024-08,20
C0411,2022-07,2
C0260,2024-12,1
C0707,2024-10,1
C0108,2025-04,1
C0544,2025-05,2
C0480,2024-02,1
C0652,2024-05,1
C0666,2024-11,1
C0274,2025-06,1
C0565,2022-07,5
C0586,2022-07,1
C0541,2022-07,3
C0322,2022-07,2
C0198,2023-12,1
C0638,2022-07,1
C0353,2022-08,1
C0699,2023-01,2
C0745,2023-05,1
C0644,2023-06,4
C0716,2023-06,3
C0231,2024-03,1
C0185,2021-12,50
C0019,2021-12,27
C0181,2021-12,26
C0680,2021-12,27
C0510,2021-12,36
C0125,2021-12,36
C0619,2021-12,6
C0166,2021-12,42
C0409,2021-12,57
C0056,2021-11,38
C0060,2021-09,157
C0177,2022-01,79
C0211,2022-01,149
C0455,2022-01,95
C0129,2022-01,120
C0004,2021-11,59
C0172,2021-01,96
C0486,2022-01,184
C0472,2022-01,135
C0195,2022-01,116
C0249,2021-04,41
C0400,2021-10,29
C0437,2021-04,25
C0415,2021-09,19
C0163,2021-12,5
C0597,2022-04,3
C0451,2022-03,42
C0151,2022-02,54
C0158,2022-04,79
C0072,2022-04,40
C0402,2021-04,48
C0120,2022-03,23
C0050,2022-07,55
C0136,2022-03,55
C0026,2022-03,14
C0130,2022-12,38
C0474,2022-11,55
C0527,2021-11,14
C0071,2022-05,56
C0253,2022-05,47
C0458,2022-05,17
C0105,2022-05,49
C0145,2022-05,25
C0436,2022-05,61
C0009,2022-05,130
C0132,2022-05,89
C0465,2022-05,55
C0551,2022-05,5
C0246,2022-05,11
C0058,2022-03,69
C0474,2020-03,44
C0170,2020-01,302
C0452,2020-10,74
C0015,2020-09,54
C0386,2020-01,192
C0242,2020-03,15
C0408,2020-03,41
C0203,2020-06,29
C0399,2020-10,71
C0280,2020-03,35
C0040,2021-04,47
C0149,2020-01,94
C0316,2020-08,44
C0239,2020-12,28
C0224,2020-01,79
C0379,2020-01,93
C0016,2021-08,47
C0093,2021-05,25
C0222,2020-02,58
C0473,2020-12,44
C0485,2022-06,54
C0098,2022-06,33
C0255,2022-06,65
C0712,2022-06,14
C0356,2022-05,3
C0478,2022-06,76
C0123,2022-07,24
C0259,2022-02,69
C0528,2022-06,2
C0245,2022-07,56
C0328,2022-07,54
C0346,2022-07,46
C0556,2022-07,45
C0227,2022-07,33
C0334,2022-07,50
C0003,2022-04,6
C0550,2022-07,8
C0448,2022-07,34
C0312,2022-07,4
C0518,2022-07,6
C0570,2022-07,9
C0716,2022-07,6
C0644,2022-07,2
C0509,2022-07,9
C0482,2023-01,207
C0581,2022-07,6
C0341,2021-10,72
C0278,2022-11,119
C0063,2022-11,83
C0415,2022-10,23
C0354,2022-11,69
C0272,2022-11,40
C0060,2022-10,183
C0280,2022-11,33
C0238,2022-11,18
C0252,2022-10,35
C0160,2022-10,6
C0408,2022-11,38
C0035,2022-11,7
C0600,2022-10,3
C0083,2022-10,33
C0242,2022-11,4
C0444,2023-10,14
C0465,2020-05,45
C0113,2022-08,125
C0187,2022-11,1
C0382,2022-08,113
C0622,2022-09,22
C0235,2022-09,57
C0299,2022-11,5
C0718,2021-06,13
C0133,2022-12,67
C0483,2022-12,81
C0310,2022-12,50
C0202,2022-12,107
C0094,2022-12,48
C0150,2022-12,24
C0703,2022-11,1
C0318,2022-12,17
C0272,2020-03,44
C0151,2023-03,91
C0259,2023-03,75
C0311,2023-02,37
C0723,2023-03,29
C0268,2023-03,1
C0076,2023-01,224
C0134,2023-01,81
C0381,2023-03,7
C0440,2023-01,54
C0018,2023-01,82
C0005,2022-08,29
C0336,2022-08,10
C0286,2022-09,73
C0435,2023-01,83
C0011,2023-02,57
C0138,2023-02,50
C0351,2021-02,3
C0055,2023-04,31
C0727,2023-04,34
C0138,2023-04,40
C0552,2023-04,15
C0143,2023-04,71
C0311,2023-04,58
C0011,2023-04,53
C0169,2023-04,44
C0560,2023-01,13
C0102,2020-11,45
C0182,2023-04,12
C0576,2023-04,9
C0143,2023-02,59
C0346,2023-07,48
C0245,2023-07,82
C0334,2023-07,46
C0328,2023-07,73
C0556,2023-07,55
C0123,2023-07,40
C0509,2023-07,10
C0227,2023-07,34
C0644,2023-07,1
C0050,2023-07,65
C0581,2023-07,9
C0448,2023-07,24
C0431,2023-08,63
C0015,2023-08,60
C0232,2023-08,31
C0315,2023-08,66
C0742,2023-08,3
C0696,2023-08,7
C0720,2023-08,7
C0464,2023-08,34
C0542,2023-08,9
C0235,2023-05,63
C0352,2023-06,33
C0325,2023-08,1
C0549,2023-08,1
C0155,2023-09,142
C0543,2023-09,7
C0368,2023-09,29
C0066,2023-09,33
C0065,2023-09,22
C0320,2021-04,37
C0723,2023-12,26
C0259,2023-12,70
C0486,2023-11,84
C0151,2023-12,82
C0287,2023-10,21
C0381,2023-12,14
C0455,2023-11,56
C0013,2023-10,12
C0257,2023-10,68
C0385,2024-09,42
C0743,2022-03,6
C0381,2022-02,6
C0422,2022-03,1
C0529,2022-03,5
C0164,2020-06,38
C0013,2021-10,11
C0066,2021-03,27
C0206,2021-04,42
C0010,2020-12,35
C0290,2020-06,76
C0405,2020-07,46
C0159,2020-01,84
C0028,2021-05,18
C0724,2022-09,1
C0349,2022-08,67
C0339,2022-08,49
C0693,2022-09,9
C0194,2022-08,71
C0631,2022-09,4
C0258,2021-04,85
C0351,2022-09,2
C0117,2022-08,39
C0548,2022-09,3
C0400,2024-06,39
C0378,2020-12,35
C0324,2024-02,41
C0480,2023-01,18
C0169,2023-02,53
C0055,2023-02,25
C0552,2023-02,23
C0727,2023-02,19
C0182,2023-02,9
C0083,2021-09,51
C0445,2020-06,24
C0645,2023-02,2
C0469,2021-11,24
C0576,2023-02,8
C0539,2023-02,4
C0232,2020-09,37
C0616,2023-06,24
C0190,2023-06,4
C0358,2023-06,87
C0548,2023-05,8
C0116,2023-06,1
C0586,2023-06,9
C0631,2023-05,10
C0351,2023-05,4
C0584,2023-06,9
C0532,2023-06,12
C0286,2023-05,70
C0565,2023-06,4
C0716,2023-07,3
C0570,2023-07,4
C0518,2023-07,1
C0155,2021-03,86
C0312,2023-07,4
C0550,2023-07,5
C0195,2023-11,62
C0129,2023-11,71
C0211,2023-11,59
C0177,2023-11,33
C0472,2023-11,47
C0252,2021-09,56
C0006,2023-11,1
C0004,2026-05,72
C0651,2023-10,17
C0413,2023-12,2
C0400,2023-10,20
C0226,2024-02,123
C0257,2024-01,181
C0341,2024-01,180
C0270,2024-02,53
C0389,2024-02,51
C0323,2024-02,26
C0251,2024-02,58
C0653,2024-02,3
C0686,2024-02,8
C0223,2021-06,54
C0165,2024-02,14
C0554,2024-02,3
C0063,2024-08,78
C0321,2024-02,15
C0744,2024-01,91
C0306,2024-02,27
C0699,2024-02,2
C0723,2022-02,19
C0100,2021-11,39
C0421,2021-07,21
C0024,2021-07,20
C0257,2021-10,54
C0429,2020-10,60
C0265,2020-01,30
C0267,2021-07,38
C0676,2020-10,14
C0436,2020-05,37
C0132,2020-05,56
C0315,2020-09,49
C0235,2021-02,44
C0431,2020-09,60
C0107,2021-01,15
C0145,2020-05,27
C0153,2021-07,49
C0459,2020-04,54
C0282,2020-06,56
C0009,2020-05,69
C0063,2020-03,74
C0276,2021-07,109
C0303,2020-11,20
C0582,2020-01,27
C0127,2020-10,43
C0071,2020-05,46
C0395,2021-06,31
C0286,2021-02,54
C0069,2021-07,39
C0605,2022-08,2
C0512,2022-08,6
C0042,2022-08,2
C0514,2022-08,4
C0354,2020-03,78
C0526,2022-12,3
C0036,2022-12,2
C0237,2025-02,147
C0244,2022-09,1
C0539,2023-04,3
C0645,2023-04,1
C0622,2023-05,20
C0693,2023-05,7
C0724,2023-05,2
C0461,2026-05,146
C0681,2023-09,2
C0162,2021-10,11
C0126,2023-10,113
C0341,2023-10,86
C0744,2023-10,39
C0162,2023-10,10
C0715,2023-10,8
C0648,2023-10,1
C0651,2024-01,61
C0126,2024-01,388
C0013,2024-01,34
C0444,2024-01,50
C0287,2024-01,68
C0400,2024-01,102
C0715,2024-01,18
C0162,2024-01,42
C0648,2024-01,5
C0278,2020-03,43
C0498,2020-01,15
C0239,2020-04,29
C0378,2020-04,42
C0473,2020-04,31
C0246,2020-05,7
C0105,2020-05,49
C0010,2020-04,29
C0458,2020-05,24
C0684,2020-04,6
C0253,2020-05,31
C0096,2020-03,4
C0348,2020-08,29
C0299,2020-03,5
C0551,2020-05,8
C0476,2020-08,46
C0263,2020-08,85
C0572,2020-08,7
C0234,2020-08,36
C0059,2020-08,51
C0671,2020-08,19
C0464,2020-09,34
C0493,2020-06,63
C0742,2020-09,6
C0720,2020-09,4
C0542,2020-09,8
C0696,2020-09,3
C0459,2020-12,45
C0325,2020-09,3
C0463,2020-07,24
C0187,2020-03,2
C0350,2020-11,28
C0601,2021-01,7
C0564,2020-06,18
C0212,2021-06,54
C0684,2020-12,4
C0285,2020-11,54
C0548,2021-02,9
C0065,2021-03,33
C0393,2021-05,60
C0694,2020-11,7
C0220,2020-11,28
C0622,2021-02,25
C0230,2020-10,31
C0569,2021-06,11
C0089,2021-05,44
C0606,2021-06,7
C0345,2021-07,21
C0137,2021-06,59
C0368,2021-03,35
C0240,2021-07,28
C0174,2021-06,10
C0146,2021-07,40
C0367,2021-04,43
C0557,2020-10,37
C0406,2021-04,17
C0175,2021-07,41
C0296,2021-07,15
C0140,2021-05,39
C0535,2021-07,2
C0744,2021-10,37
C0287,2021-10,13
C0126,2021-10,75
C0648,2021-10,1
C0715,2021-10,5
C0444,2021-10,4
C0461,2021-11,61
C0080,2021-11,92
C0612,2021-11,2
C0571,2021-10,2
C0651,2021-10,7
C0160,2021-09,11
C0674,2020-07,4
C0642,2022-04,2
C0739,2020-01,6
C0590,2020-08,7
C0443,2020-02,49
C0260,2020-01,8
C0592,2020-02,6
C0032,2020-02,2
C0697,2020-02,2
C0329,2020-06,3
C0609,2020-06,4
C0741,2020-06,3
C0449,2020-06,3
C0675,2020-06,9
C0370,2020-06,2
C0536,2020-06,3
C0566,2020-07,7
C0364,2020-07,31
C0555,2020-07,9
C0725,2020-07,2
C0410,2020-11,37
C0426,2020-10,73
C0269,2020-11,45
C0515,2020-11,11
C0305,2020-11,2
C0238,2020-03,16
C0623,2021-01,4
C0650,2020-12,2
C0171,2021-04,48
C0681,2021-03,2
C0543,2021-03,1
C0115,2021-04,27
C0516,2021-04,10
C0545,2021-04,4
C0517,2021-04,7
C0192,2021-05,47
C0738,2021-04,2
C0168,2021-05,15
C0665,2021-05,5
C0608,2020-10,3
C0376,2021-05,2
C0588,2021-08,1
C0273,2021-08,3
C0600,2021-09,2
C0079,2021-09,1
C0646,2021-09,3
C0035,2020-03,3
C0703,2020-03,1
C0729,2020-03,3
C0470,2020-05,1
C0356,2020-05,2
C0740,2020-06,1
C0713,2020-10,3
C0747,2020-10,2
C0693,2021-02,3
C0724,2021-02,3
C0631,2021-02,2
C0008,2021-11,1
C0054,2021-11,2
C0698,2021-11,1
C0650,2020-04,1
C0041,2020-03,1
C0471,2020-08,1
C0704,2020-01,1
C0621,2021-04,2
C0596,2021-04,1
C0090,2021-09,1
C0157,2021-10,3
C0470,2022-05,1
C0006,2022-01,3
C0056,2026-05,90
C0100,2026-05,85
C0537,2025-12,274
C0527,2026-05,19
C0080,2026-05,104
C0408,2026-01,286
C0280,2026-01,239
C0469,2026-05,14
C0278,2026-01,540
C0269,2026-07,44
C0285,2026-07,106
C0350,2026-07,79
C0102,2026-07,121
C0410,2026-07,59
C0033,2026-06,83
C0474,2026-01,135
C0303,2026-07,25
C0220,2026-07,33
C0188,2025-02,63
C0354,2026-01,366
C0497,2026-06,2
C0130,2024-12,81
C0063,2026-01,215
C0242,2026-01,19
C0238,2026-01,76
C0694,2026-07,14
C0417,2026-06,72
C0450,2026-06,51
C0633,2026-06,32
C0210,2025-01,230
C0103,2026-03,53
C0299,2026-01,21
C0150,2024-12,28
C0044,2026-06,66
C0275,2026-03,66
C0272,2026-01,104
C0318,2024-12,28
C0354,2024-08,58
C0515,2026-07,6
C0193,2025-12,22
C0031,2024-09,45
C0141,2026-06,136
C0613,2020-02,1
C0394,2025-01,263
C0172,2025-11,61
C0086,2025-01,257
C0107,2025-11,10
C0623,2025-11,12
C0061,2025-01,192
C0416,2025-01,153
C0366,2025-01,155
C0407,2025-12,151
C0083,2025-09,53
C0252,2025-09,41
C0252,2025-10,70
C0419,2025-12,67
C0241,2026-03,109
C0060,2025-10,246
C0091,2026-02,88
C0063,2025-04,82
C0398,2025-12,82
C0117,2025-03,53
C0362,2025-01,284
C0292,2026-03,50
C0151,2026-04,114
C0475,2025-12,116
C0083,2025-10,46
C0448,2025-07,48
C0651,2025-08,17
C0225,2025-12,59
C0714,2025-12,47
C0167,2025-12,44
C0228,2025-12,80
C0046,2025-12,54
C0391,2025-12,72
C0533,2025-12,40
C0401,2025-12,46
C0396,2025-12,25
C0509,2025-07,11
C0412,2025-12,74
C0060,2025-09,182
C0035,2026-01,17
C0403,2026-03,22
C0729,2026-01,22
C0051,2026-01,11
C0238,2025-04,22
C0489,2025-01,9
C0346,2025-07,74
C0257,2025-08,76
C0484,2026-03,83
C0254,2026-03,226
C0573,2026-03,1
C0307,2026-03,114
C0493,2024-05,117
C0029,2026-03,49
C0187,2026-01,6
C0578,2026-03,6
C0630,2026-03,10
C0186,2026-02,93
C0259,2026-04,94
C0341,2025-08,77
C0227,2025-07,36
C0053,2022-04,3
C0571,2024-01,7
C0339,2025-03,51
C0151,2025-06,67
C0042,2025-03,3
C0723,2026-04,25
C0675,2024-05,24
C0047,2024-03,77
C0008,2026-05,3
C0104,2026-06,46
C0094,2024-12,32
C0474,2024-08,42
C0587,2026-08,18
C0561,2026-08,4
C0688,2026-08,4
C0091,2024-03,29
C0310,2024-12,32
C0673,2026-08,4
C0299,2025-04,8
C0133,2024-12,113
C0096,2026-01,15
C0744,2025-08,38
C0382,2025-03,93
C0677,2026-08,6
C0477,2026-08,3
C0341,2024-06,80
C0561,2024-04,2
C0408,2024-08,57
C0203,2024-05,27
C0157,2024-01,9
C0248,2024-01,8
C0587,2024-04,19
C0126,2024-06,112
C0186,2024-03,38
C0131,2024-04,1
C0587,2024-07,20
C0370,2024-05,10
C0688,2024-04,1
C0677,2024-04,4
C0673,2024-04,1
C0445,2024-05,27
C0715,2024-06,8
C0287,2024-06,25
C0282,2024-05,52
C0290,2024-05,64
C0564,2024-05,27
C0329,2024-05,7
C0164,2024-05,25
C0740,2024-05,1
C0536,2024-05,2
C0162,2024-06,12
C0257,2024-06,53
C0744,2024-06,36
C0444,2024-06,12
C0651,2024-06,19
C0158,2024-10,90
C0648,2024-06,2
C0013,2024-06,6
C0571,2024-06,2
C0278,2024-08,116
C0580,2024-06,1
C0157,2024-06,1
C0408,2025-04,58
C0677,2024-07,6
C0673,2024-07,4
C0072,2024-10,97
C0272,2024-08,29
C0332,2024-09,24
C0151,2024-11,84
C0217,2024-09,31
C0506,2024-09,16
C0003,2024-10,15
C0597,2024-10,2
C0284,2024-09,6
C0642,2024-10,14
C0280,2024-08,44
C0238,2024-08,14
C0199,2024-10,1
C0530,2024-09,68
C0202,2024-12,78
C0637,2024-10,3
C0278,2025-04,154
C0051,2024-08,1
C0483,2024-12,80
C0259,2024-11,88
C0381,2024-11,19
C0113,2025-03,126
C0309,2025-01,9
C0034,2025-02,43
C0070,2025-02,63
C0075,2025-02,61
C0750,2025-02,8
C0154,2025-02,52
C0425,2025-02,17
C0388,2025-02,5
C0194,2025-03,117
C0096,2024-08,2
C0380,2025-02,19
C0052,2025-02,3
C0005,2025-03,39
C0726,2025-02,2
C0414,2025-05,56
C0256,2025-05,90
C0035,2025-04,12
C0077,2025-05,3
C0336,2025-03,27
C0404,2025-05,1
C0030,2025-05,7
C0508,2026-07,1
C0444,2025-08,14
C0381,2026-04,42
C0524,2025-12,11
C0574,2025-12,3
C0277,2025-12,20
C0400,2025-08,40
C0600,2025-09,8
C0312,2025-07,2
C0624,2020-07,1
C0123,2025-07,46
C0354,2025-04,71
C0272,2025-04,47
C0600,2025-10,15
C0280,2025-04,50
C0328,2025-07,97
C0047,2026-02,66
C0667,2026-02,10
C0556,2025-07,109
C0731,2026-04,1
C0041,2026-01,2
C0051,2025-04,1
C0415,2025-10,17
C0160,2025-10,10
C0611,2026-07,1
C0242,2025-04,4
C0259,2025-06,90
C0723,2025-06,28
C0381,2025-06,20
C0413,2025-06,2
C0245,2025-07,98
C0518,2025-07,13
C0334,2025-07,77
C0050,2025-07,78
C0570,2025-07,8
C0550,2025-07,8
C0581,2025-07,4
C0126,2025-08,130
C0716,2025-07,3
C0525,2025-10,2
C0079,2025-10,2
C0079,2025-09,1
C0162,2025-08,16
C0646,2025-10,2
C0525,2025-09,3
C0709,2026-06,1
C0559,2025-11,2
C0415,2025-09,6
C0466,2025-03,1
C0013,2025-08,8
C0287,2025-08,23
C0733,2026-03,2
C0729,2025-04,3
C0612,2026-05,1
C0022,2024-09,3
C0187,2024-08,3
C0563,2024-09,1
C0514,2025-03,8
C0349,2025-03,63
C0474,2025-04,41
C0605,2025-03,1
C0512,2025-03,3
C0488,2025-07,1
C0644,2025-07,5
C0715,2025-08,10
C0142,2025-05,2
C0648,2025-08,1
C0160,2025-09,5
C0646,2025-09,3
C0090,2025-09,1
C0157,2025-08,3
C0519,2026-02,1
C0025,2020-08,1
C0741,2024-05,2
C0229,2026-06,1
C0670,2024-02,4
C0521,2024-02,6
C0719,2024-02,7
C0667,2024-03,13
C0519,2024-03,3
C0729,2024-08,3
C0035,2024-08,5
C0242,2024-08,4
C0299,2024-08,6
C0688,2024-07,4
C0723,2024-11,21
C0703,2024-08,1
C0668,2024-09,1
C0526,2024-12,3
C0477,2024-04,1
C0036,2024-12,1
C0096,2025-04,1
C0690,2025-08,2
C0571,2025-08,3
C0609,2024-05,1
C0585,2024-05,1
C0449,2024-05,1
C0561,2024-07,2
C0413,2024-11,1
C0705,2025-03,1
C0525,2021-09,1
C0525,2022-10,4
C0646,2022-10,2
C0614,2023-06,3
C0736,2023-06,6
C0604,2023-06,10
C0157,2023-10,2
C0571,2023-10,2
C0079,2022-10,1
C0090,2022-10,2
C0541,2023-06,2
C0626,2023-06,1
C0322,2023-06,1
C0411,2023-06,1
C0276,2021-12,100
C0345,2021-12,36
C0415,2021-11,17
C0296,2021-12,26
C0252,2021-11,35
C0083,2021-11,37
C0146,2021-12,79
C0175,2021-12,33
C0267,2021-12,52
C0421,2021-12,51
C0240,2021-12,25
C0149,2021-10,31
C0153,2021-12,24
C0069,2021-12,22
C0704,2021-10,6
C0079,2021-11,4
C0386,2021-10,52
C0004,2021-09,69
C0171,2022-04,41
C0256,2022-01,145
C0678,2021-08,9
C0122,2021-06,121
C0414,2022-01,69
C0080,2021-09,87
C0056,2021-09,48
C0024,2021-12,23
C0009,2020-07,105
C0400,2020-01,130
C0531,2020-08,3
C0402,2022-04,60
C0429,2022-03,52
C0230,2022-03,22
C0258,2022-04,87
C0406,2022-04,13
C0367,2022-04,45
C0206,2022-04,71
C0437,2022-04,41
C0676,2022-03,16
C0570,2022-02,6
C0040,2022-04,62
C0020,2020-06,45
C0517,2022-04,2
C0115,2022-04,16
C0320,2022-04,43
C0249,2022-04,28
C0245,2022-02,61
C0463,2022-05,31
C0405,2022-05,50
C0555,2022-05,15
C0364,2022-05,29
C0334,2022-02,43
C0399,2022-03,93
C0557,2022-03,53
C0300,2020-11,54
C0436,2020-07,31
C0287,2020-01,79
C0401,2020-02,44
C0192,2021-02,47
C0161,2021-03,45
C0013,2020-01,34
C0105,2020-07,54
C0072,2021-04,49
C0157,2020-01,11
C0684,2021-01,10
C0444,2020-01,78
C0366,2020-03,30
C0257,2020-01,145
C0239,2021-01,51
C0162,2020-01,39
C0208,2021-03,26
C0446,2020-06,44
C0021,2020-09,37
C0166,2021-07,55
C0520,2021-08,6
C0335,2020-08,1
C0218,2022-06,58
C0424,2022-06,45
C0144,2022-06,25
C0100,2022-10,28
C0500,2022-06,6
C0746,2022-06,10
C0426,2022-03,67
C0725,2022-05,4
C0346,2022-02,44
C0060,2021-11,153
C0259,2022-07,89
C0151,2022-07,60
C0723,2022-07,18
C0381,2022-07,13
C0731,2022-07,3
C0404,2022-01,11
C0394,2022-11,50
C0309,2022-11,7
C0061,2022-11,62
C0362,2022-11,113
C0080,2022-10,80
C0461,2022-10,62
C0210,2022-11,41
C0416,2022-11,57
C0086,2022-11,55
C0366,2022-11,46
C0527,2022-10,13
C0056,2022-10,41
C0004,2022-10,36
C0089,2022-09,40
C0121,2022-12,81
C0067,2022-12,175
C0293,2022-12,82
C0250,2022-12,41
C0487,2022-12,32
C0647,2022-12,9
C0433,2022-12,5
C0337,2022-12,16
C0700,2022-12,38
C0462,2022-12,25
C0245,2023-03,98
C0227,2023-03,23
C0334,2023-03,55
C0448,2023-03,38
C0328,2023-03,71
C0509,2023-03,15
C0346,2023-03,43
C0050,2023-03,68
C0123,2023-03,49
C0556,2023-03,57
C0312,2023-03,7
C0716,2023-03,3
C0275,2023-02,60
C0427,2020-08,20
C0644,2023-03,5
C0518,2023-03,6
C0550,2023-03,7
C0428,2020-08,30
C0488,2023-03,3
C0570,2023-03,5
C0307,2023-02,44
C0581,2023-03,4
C0312,2022-02,8
C0677,2023-01,10
C0086,2020-03,54
C0630,2023-04,12
C0254,2023-04,118
C0275,2023-04,50
C0587,2023-01,21
C0103,2023-04,56
C0241,2023-04,63
C0029,2023-04,19
C0307,2023-04,53
C0484,2023-04,56
C0403,2023-04,10
C0292,2023-02,22
C0292,2023-04,11
C0578,2023-04,4
C0208,2023-09,43
C0151,2023-07,69
C0723,2023-07,26
C0259,2023-07,70
C0308,2021-08,12
C0184,2023-08,245
C0043,2023-08,32
C0247,2023-08,51
C0243,2023-08,47
C0082,2023-08,27
C0233,2023-08,65
C0021,2023-08,58
C0439,2023-06,25
C0049,2023-08,8
C0625,2023-08,1
C0575,2023-08,2
C0393,2023-05,85
C0089,2023-05,36
C0028,2023-05,50
C0375,2023-06,39
C0381,2023-07,9
C0365,2023-08,2
C0447,2023-08,2
C0161,2023-09,27
C0196,2023-09,64
C0109,2023-09,54
C0672,2023-09,18
C0088,2023-09,32
C0441,2023-09,2
C0710,2023-09,3
C0328,2023-12,94
C0334,2023-12,61
C0245,2023-12,76
C0448,2023-12,44
C0123,2023-12,44
C0346,2023-12,47
C0050,2023-12,78
C0556,2023-12,73
C0227,2023-12,35
C0550,2023-12,11
C0570,2023-12,5
C0379,2023-10,42
C0509,2023-12,12
C0644,2023-12,4
C0488,2023-12,1
C0050,2022-02,46
C0608,2022-03,4
C0127,2022-03,40
C0046,2020-02,20
C0452,2022-03,49
C0391,2020-02,35
C0448,2022-02,47
C0142,2022-01,2
C0713,2022-03,2
C0170,2021-10,80
C0227,2022-02,21
C0030,2022-01,7
C0747,2022-03,7
C0328,2022-02,60
C0378,2021-01,84
C0082,2020-09,26
C0396,2020-02,14
C0189,2021-06,96
C0412,2020-02,29
C0010,2021-01,79
C0298,2020-08,36
C0369,2020-06,64
C0061,2020-03,56
C0674,2022-05,3
C0566,2022-05,2
C0624,2022-05,2
C0393,2022-09,68
C0140,2022-09,51
C0093,2022-09,33
C0192,2022-09,68
C0665,2022-09,5
C0028,2022-09,36
C0216,2020-11,28
C0031,2022-08,33
C0168,2022-09,19
C0530,2022-08,53
C0567,2020-07,3
C0077,2022-01,4
C0301,2021-06,22
C0683,2022-09,1
C0385,2022-08,32
C0217,2022-08,35
C0332,2022-08,11
C0451,2020-10,53
C0117,2024-09,55
C0338,2020-06,56
C0228,2020-02,46
C0199,2021-04,2
C0506,2022-08,9
C0207,2023-01,17
C0103,2023-02,54
C0484,2023-02,38
C0241,2023-02,56
C0254,2023-02,124
C0029,2023-02,42
C0185,2021-07,45
C0106,2021-06,56
C0028,2021-02,25
C0578,2023-02,2
C0673,2023-01,3
C0403,2023-02,7
C0630,2023-02,9
C0233,2020-09,48
C0256,2023-11,66
C0008,2021-09,1
C0469,2021-09,31
C0688,2023-01,15
C0430,2023-06,24
C0665,2023-05,7
C0192,2023-05,58
C0553,2023-06,19
C0140,2023-05,41
C0731,2023-07,2
C0414,2023-11,48
C0170,2023-10,78
C0030,2023-11,6
C0666,2023-06,2
C0386,2023-10,38
C0518,2023-12,11
C0159,2023-10,59
C0581,2023-12,4
C0224,2023-10,37
C0461,2021-09,48
C0561,2023-01,4
C0379,2024-01,109
C0017,2024-02,23
C0304,2024-02,99
C0209,2024-02,34
C0205,2024-02,41
C0170,2024-01,346
C0333,2024-02,19
C0558,2024-02,4
C0183,2024-02,65
C0534,2024-02,16
C0265,2024-01,44
C0271,2021-06,49
C0556,2022-02,34
C0123,2022-02,42
C0468,2021-08,39
C0243,2020-09,66
C0651,2020-01,34
C0550,2022-02,9
C0458,2020-07,29
C0418,2021-08,9
C0644,2022-02,4
C0434,2022-01,2
C0158,2021-04,83
C0101,2021-06,25
C0362,2020-03,95
C0159,2021-10,27
C0398,2020-02,36
C0247,2020-09,35
C0473,2021-01,62
C0246,2020-07,6
C0459,2021-01,96
C0265,2021-10,17
C0058,2020-10,69
C0510,2021-07,33
C0393,2021-02,44
C0533,2020-02,16
C0196,2021-03,79
C0136,2020-10,50
C0184,2020-09,178
C0132,2020-07,72
C0125,2021-07,74
C0309,2020-03,9
C0601,2020-12,7
C0340,2021-08,59
C0475,2020-02,52
C0120,2020-10,42
C0277,2020-02,37
C0225,2020-02,42
C0302,2020-06,32
C0394,2020-03,33
C0022,2022-08,3
C0180,2022-08,3
C0563,2022-08,1
C0284,2022-08,1
C0379,2021-10,24
C0612,2021-09,3
C0733,2023-04,1
C0093,2023-05,30
C0168,2023-05,25
C0683,2023-05,1
C0064,2023-09,1
C0540,2023-09,5
C0413,2023-07,1
C0281,2023-09,4
C0498,2023-10,8
C0265,2024-06,12
C0149,2023-10,39
C0739,2023-10,7
C0265,2023-10,11
C0582,2023-10,7
C0224,2024-01,90
C0582,2024-01,45
C0149,2024-01,72
C0386,2024-01,163
C0739,2024-01,25
C0498,2024-01,31
C0159,2024-01,119
C0260,2024-01,4
C0076,2024-04,116
C0126,2020-01,181
C0341,2020-01,182
C0172,2020-04,38
C0571,2020-01,6
C0744,2020-01,62
C0715,2020-01,8
C0463,2020-05,25
C0364,2020-05,23
C0465,2020-07,41
C0107,2020-04,5
C0405,2020-05,32
C0601,2020-04,4
C0674,2020-05,5
C0210,2020-03,36
C0555,2020-05,10
C0012,2020-08,31
C0327,2020-08,17
C0343,2020-08,50
C0071,2020-07,58
C0073,2020-08,67
C0289,2020-08,49
C0043,2020-09,32
C0634,2020-08,19
C0145,2020-07,42
C0049,2020-09,4
C0048,2020-06,38
C0575,2020-09,7
C0019,2021-07,29
C0625,2020-09,3
C0551,2020-07,7
C0737,2020-08,2
C0648,2020-01,2
C0617,2020-09,1
C0135,2020-08,2
C0107,2020-12,6
C0486,2025-05,127
C0351,2021-05,1
C0650,2021-01,3
C0140,2021-02,39
C0089,2021-02,34
C0093,2021-02,32
C0457,2020-11,29
C0109,2021-03,50
C0053,2021-04,3
C0168,2021-02,17
C0627,2021-06,2
C0097,2021-06,5
C0100,2021-09,33
C0547,2021-06,2
C0540,2021-03,7
C0163,2021-07,13
C0181,2021-07,27
C0680,2021-07,31
C0537,2020-02,83
C0416,2020-03,61
C0390,2021-02,1
C0582,2021-10,8
C0498,2021-10,13
C0739,2021-10,5
C0419,2020-02,44
C0160,2021-11,10
C0442,2021-10,1
C0260,2021-10,1
C0479,2021-10,2
C0235,2021-05,54
C0268,2023-07,1
C0566,2020-05,3
C0725,2020-05,4
C0409,2021-07,51
C0721,2020-05,1
C0253,2020-07,37
C0224,2021-10,31
C0527,2021-09,9
C0646,2021-11,1
C0516,2022-04,18
C0545,2022-04,4
C0738,2022-04,1
C0167,2020-02,31
C0714,2020-02,17
C0407,2020-02,16
C0193,2020-02,6
C0524,2020-02,1
C0499,2020-06,5
C0007,2020-06,47
C0356,2020-07,4
C0248,2020-01,3
C0422,2020-10,2
C0581,2022-02,4
C0026,2020-10,11
C0636,2020-11,4
C0695,2020-11,3
C0593,2020-11,11
C0172,2020-12,49
C0623,2020-12,1
C0088,2021-03,41
C0064,2021-03,1
C0672,2021-03,6
C0441,2021-03,2
C0281,2021-03,3
C0003,2021-04,10
C0622,2021-05,18
C0693,2021-05,9
C0286,2021-05,62
C0548,2021-05,2
C0631,2021-05,2
C0724,2021-05,2
C0504,2021-08,5
C0086,2026-01,308
C0535,2021-12,1
C0489,2020-03,2
C0591,2020-06,3
C0124,2020-06,3
C0529,2020-10,2
C0050,2026-04,78
C0665,2021-02,1
C0376,2021-02,1
C0261,2021-05,1
C0661,2021-08,1
C0001,2021-08,2
C0623,2020-04,1
C0619,2021-07,1
C0111,2020-01,1
C0525,2021-11,3
C0456,2022-05,1
C0518,2022-02,7
C0488,2022-02,1
C0509,2022-02,2
C0690,2020-01,1
C0495,2020-07,1
C0664,2020-08,2
C0039,2020-08,2
C0637,2021-04,1
C0657,2021-06,1
C0698,2021-09,1
C0600,2021-11,1
C0083,2026-05,58
C0060,2026-05,225
C0210,2026-01,304
C0252,2026-05,85
C0362,2026-01,233
C0061,2026-01,197
C0415,2026-05,22
C0457,2026-07,55
C0300,2026-07,56
C0636,2026-07,15
C0237,2026-06,214
C0593,2026-07,89
C0216,2026-07,77
C0366,2026-01,178
C0328,2026-04,113
C0188,2026-06,112
C0224,2025-08,37
C0394,2026-01,320
C0556,2026-04,112
C0070,2026-06,69
C0695,2026-07,8
C0154,2026-06,69
C0416,2026-01,186
C0258,2024-10,132
C0385,2025-03,34
C0750,2026-06,22
C0425,2026-06,21
C0380,2026-06,39
C0309,2026-01,17
C0443,2025-12,159
C0570,2026-04,10
C0076,2026-08,122
C0477,2023-01,2
C0354,2025-01,370
C0056,2025-09,74
C0334,2026-04,51
C0265,2025-08,22
C0362,2025-04,106
C0378,2025-11,113
C0280,2025-01,216
C0461,2025-10,116
C0010,2025-11,93
C0239,2025-11,63
C0459,2025-11,77
C0473,2025-11,137
C0278,2025-01,488
C0238,2025-01,75
C0381,2025-07,20
C0474,2025-01,117
C0650,2025-11,7
C0063,2025-01,195
C0100,2025-10,54
C0684,2025-11,36
C0408,2025-01,212
C0080,2025-10,113
C0159,2025-08,46
C0056,2025-10,92
C0004,2025-09,65
C0328,2025-06,71
C0346,2026-04,61
C0008,2025-10,2
C0527,2025-10,19
C0272,2025-01,96
C0509,2025-06,6
C0697,2025-12,6
C0222,2025-12,97
C0032,2025-12,4
C0560,2024-04,17
C0004,2025-10,80
C0339,2024-09,61
C0489,2026-01,17
C0170,2025-08,132
C0195,2025-05,63
C0129,2025-05,85
C0416,2025-04,43
C0100,2025-09,49
C0033,2025-02,43
C0151,2025-07,97
C0366,2025-04,58
C0040,2024-10,133
C0055,2026-03,46
C0446,2024-05,64
C0299,2025-01,21
C0647,2024-12,14
C0550,2025-06,22
C0210,2025-04,47
C0011,2026-03,100
C0169,2026-03,126
C0138,2026-03,140
C0576,2026-03,28
C0182,2026-03,49
C0221,2026-02,84
C0552,2026-03,31
C0143,2026-03,120
C0134,2026-08,52
C0539,2026-03,11
C0311,2026-03,68
C0727,2026-03,37
C0067,2024-12,234
C0250,2024-12,56
C0187,2025-01,2
C0242,2025-01,22
C0160,2026-05,12
C0600,2026-05,8
C0525,2026-05,3
C0440,2026-08,21
C0469,2022-10,18
C0480,2024-07,1
C0309,2024-08,5
C0211,2025-05,68
C0550,2026-04,12
C0509,2026-04,7
C0123,2026-04,97
C0090,2026-05,1
C0034,2026-06,72
C0435,2026-08,69
C0388,2026-06,7
C0075,2026-06,60
C0018,2026-08,67
C0052,2026-06,6
C0482,2026-08,130
C0448,2026-04,56
C0723,2025-07,35
C0560,2026-08,28
C0462,2024-12,40
C0217,2025-03,28
C0592,2025-12,38
C0048,2024-05,48
C0159,2024-06,54
C0338,2024-05,63
C0085,2024-03,28
C0312,2023-12,3
C0482,2024-04,112
C0440,2024-04,27
C0018,2024-04,37
C0134,2024-04,49
C0435,2024-04,42
C0369,2024-05,175
C0194,2024-09,124
C0113,2024-09,126
C0349,2024-09,54
C0479,2024-01,3
C0394,2024-08,56
C0124,2024-05,18
C0302,2024-05,45
C0007,2024-05,53
C0020,2024-05,44
C0076,2024-07,105
C0591,2024-05,4
C0224,2024-06,43
C0582,2024-06,11
C0386,2024-06,54
C0170,2024-06,123
C0382,2024-09,81
C0739,2024-06,10
C0498,2024-06,18
C0366,2024-08,61
C0123,2024-11,40
C0379,2024-06,23
C0149,2024-06,38
C0260,2024-06,3
C0115,2024-10,48
C0061,2024-08,64
C0328,2024-11,74
C0362,2024-08,100
C0086,2024-08,69
C0346,2024-11,51
C0050,2024-11,82
C0442,2024-01,1
C0516,2024-10,22
C0482,2024-07,106
C0134,2024-07,40
C0206,2024-10,87
C0440,2024-07,21
C0435,2024-07,31
C0556,2024-11,74
C0560,2024-07,14
C0018,2024-07,37
C0367,2024-10,55
C0320,2024-10,78
C0171,2024-10,38
C0402,2024-10,67
C0336,2024-09,16
C0437,2024-10,44
C0556,2025-06,80
C0249,2024-10,41
C0545,2024-10,6
C0621,2024-10,1
C0406,2024-10,22
C0489,2024-08,3
C0612,2025-09,2
C0517,2024-10,3
C0472,2025-05,59
C0633,2025-02,13
C0005,2024-09,55
C0245,2024-11,85
C0227,2024-11,29
C0334,2024-11,54
C0448,2024-11,46
C0570,2024-11,8
C0581,2024-11,7
C0293,2024-12,114
C0466,2024-09,1
C0530,2025-03,82
C0374,2025-01,1
C0245,2025-06,80
C0035,2025-01,13
C0141,2025-02,71
C0417,2025-02,48
C0096,2025-01,11
C0044,2025-02,34
C0450,2025-02,34
C0337,2024-12,13
C0104,2025-02,27
C0487,2024-12,59
C0123,2025-06,41
C0061,2025-04,85
C0259,2025-07,102
C0455,2025-05,83
C0177,2025-05,30
C0394,2025-04,69
C0086,2025-04,71
C0332,2025-03,20
C0346,2025-06,63
C0245,2026-04,94
C0726,2026-06,8
C0581,2026-04,9
C0121,2024-12,79
C0312,2025-06,7
C0469,2025-10,22
C0080,2025-09,84
C0050,2025-06,117
C0448,2025-06,54
C0051,2025-01,9
C0386,2025-08,53
C0312,2024-11,9
C0085,2026-02,47
C0527,2025-09,25
C0644,2026-04,6
C0227,2026-04,71
C0488,2026-04,3
C0518,2026-04,8
C0312,2026-04,13
C0716,2026-04,1
C0031,2025-03,39
C0227,2025-06,33
C0334,2025-06,61
C0518,2025-06,15
C0570,2025-06,5
C0644,2025-06,13
C0581,2025-06,10
C0729,2025-01,4
C0550,2024-11,7
C0461,2025-09,94
C0612,2025-10,8
C0698,2025-10,1
C0613,2025-12,1
C0221,2024-03,80
C0210,2024-08,36
C0514,2024-09,5
C0605,2024-09,2
C0512,2024-09,5
C0716,2024-11,3
C0700,2024-12,33
C0433,2024-12,5
C0506,2025-03,9
C0309,2025-04,9
C0041,2025-01,3
C0582,2025-08,12
C0739,2025-08,5
C0180,2025-03,1
C0284,2025-03,1
C0489,2025-04,5
C0149,2025-08,30
C0498,2025-08,18
C0006,2025-05,1
C0488,2025-06,2
C0379,2025-08,18
C0469,2025-09,17
C0698,2025-09,1
C0008,2025-09,1
C0008,2022-10,2
C0438,2026-02,3
C0645,2026-03,1
C0438,2024-03,1
C0685,2024-02,4
C0416,2024-08,43
C0509,2024-11,9
C0442,2025-08,1
C0499,2024-05,3
C0014,2024-05,1
C0488,2024-11,5
C0644,2024-11,4
C0518,2024-11,7
C0709,2025-02,1
C0131,2023-01,4
C0470,2020-07,1
C0698,2022-10,1
C0442,2023-10,2
C0479,2023-10,1
C0260,2023-10,2
C0142,2023-11,1
C0612,2022-10,1
C0480,2024-04,1
C0682,2023-06,1
C0704,2023-10,1
C0429,2021-08,59
C0107,2021-12,10
C0172,2021-12,43
C0254,2021-09,108
C0484,2021-09,44
C0311,2021-11,57
C0297,2021-05,26
C0045,2022-04,45
C0405,2022-01,133
C0211,2020-07,79
C0725,2022-01,9
C0195,2020-07,35
C0181,2021-01,73
C0364,2022-01,61
C0166,2021-01,134
C0544,2022-01,3
C0463,2022-01,84
C0185,2021-01,133
C0019,2021-01,121
C0555,2022-01,23
C0276,2020-12,91
C0674,2022-01,9
C0387,2021-05,44
C0647,2020-01,16
C0101,2020-09,33
C0371,2022-04,24
C0330,2022-04,64
C0057,2022-04,48
C0002,2022-04,48
C0201,2022-04,41
C0342,2022-04,48
C0169,2021-11,45
C0347,2022-04,18
C0143,2021-11,65
C0327,2022-06,32
C0468,2022-03,48
C0603,2022-04,22
C0256,2022-05,49
C0414,2022-05,35
C0189,2020-09,90
C0291,2020-08,1
C0121,2020-01,116
C0125,2021-01,99
C0472,2020-07,62
C0021,2021-06,45
C0033,2020-02,50
C0218,2020-08,53
C0250,2020-01,110
C0459,2021-07,46
C0122,2020-09,117
C0175,2020-12,43
C0067,2020-01,365
C0163,2021-01,41
C0024,2020-12,28
C0146,2020-12,63
C0421,2020-12,37
C0421,2020-04,52
C0247,2021-06,45
C0455,2020-07,30
C0337,2020-01,59
C0293,2020-01,122
C0109,2020-03,43
C0428,2022-06,32
C0073,2022-06,63
C0289,2022-06,35
C0012,2022-06,43
C0343,2022-06,51
C0634,2022-06,18
C0298,2022-06,35
C0427,2022-06,24
C0678,2022-03,19
C0135,2022-06,1
C0358,2022-02,72
C0531,2022-06,5
C0553,2022-07,10
C0430,2022-07,23
C0335,2022-06,2
C0439,2022-07,18
C0662,2022-04,8
C0375,2022-07,23
C0682,2022-07,1
C0029,2021-09,23
C0361,2022-07,1
C0737,2022-06,3
C0202,2021-10,68
C0088,2022-11,49
C0208,2022-11,24
C0292,2022-10,10
C0630,2022-10,15
C0307,2022-10,53
C0109,2022-11,67
C0254,2022-10,114
C0029,2022-10,43
C0196,2022-11,66
C0484,2022-10,44
C0672,2022-11,14
C0103,2022-10,70
C0004,2023-02,39
C0275,2022-10,36
C0295,2022-09,49
C0161,2022-11,31
C0578,2022-10,4
C0710,2022-11,1
C0441,2022-11,3
C0540,2022-11,9
C0281,2022-11,1
C0403,2022-10,9
C0594,2022-09,2
C0722,2022-11,1
C0126,2022-12,117
C0444,2022-12,19
C0341,2022-12,77
C0744,2022-12,63
C0013,2022-12,13
C0162,2022-12,15
C0287,2022-12,27
C0257,2022-12,67
C0715,2022-12,8
C0400,2022-12,17
C0241,2022-10,69
C0651,2022-12,9
C0157,2022-12,1
C0626,2023-03,4
C0358,2023-03,87
C0304,2023-01,220
C0614,2023-03,3
C0616,2023-03,23
C0586,2023-03,8
C0565,2023-03,1
C0541,2023-03,3
C0183,2023-01,185
C0129,2020-07,74
C0322,2023-03,5
C0584,2023-03,15
C0352,2023-03,33
C0205,2023-01,63
C0604,2023-03,7
C0532,2023-03,14
C0461,2023-02,88
C0190,2023-03,1
C0209,2023-01,112
C0630,2021-09,15
C0080,2023-02,82
C0017,2023-01,80
C0116,2023-03,1
C0685,2023-01,11
C0534,2023-01,16
C0100,2023-02,21
C0056,2023-04,41
C0469,2023-04,21
C0191,2022-09,51
C0100,2023-04,30
C0080,2023-04,87
C0461,2023-04,77
C0004,2023-04,40
C0527,2023-04,8
C0008,2023-04,2
C0736,2023-03,3
C0358,2023-12,108
C0553,2023-07,12
C0189,2023-08,76
C0375,2023-07,36
C0439,2023-07,12
C0101,2023-08,19
C0106,2023-08,49
C0122,2023-08,124
C0301,2023-08,19
C0430,2023-07,18
C0657,2023-08,2
C0271,2023-08,36
C0097,2023-08,12
C0547,2023-08,1
C0176,2023-05,76
C0219,2023-05,40
C0558,2023-01,7
C0191,2023-05,53
C0210,2023-09,36
C0061,2023-09,75
C0362,2023-09,105
C0086,2023-09,67
C0394,2023-09,57
C0366,2023-09,52
C0416,2023-09,34
C0604,2023-12,10
C0352,2023-12,46
C0616,2023-12,32
C0584,2023-12,11
C0586,2023-12,5
C0532,2023-12,19
C0565,2023-12,3
C0130,2023-10,47
C0310,2023-10,31
C0202,2023-10,77
C0411,2023-12,1
C0405,2023-11,50
C0626,2023-12,5
C0463,2023-11,33
C0409,2021-01,119
C0340,2022-03,47
C0138,2021-11,67
C0352,2022-02,25
C0411,2022-02,1
C0661,2022-03,2
C0001,2022-03,3
C0504,2022-03,3
C0418,2022-03,11
C0520,2022-03,4
C0308,2022-03,5
C0271,2020-09,59
C0184,2021-06,210
C0161,2020-03,21
C0267,2020-04,30
C0404,2022-05,2
C0030,2022-05,7
C0077,2022-05,3
C0319,2022-09,15
C0039,2022-06,3
C0360,2022-09,55
C0176,2022-09,73
C0598,2022-09,8
C0219,2022-09,32
C0112,2022-08,9
C0372,2022-08,29
C0114,2022-09,54
C0615,2022-09,7
C0103,2021-09,63
C0049,2021-06,7
C0069,2020-04,27
C0213,2022-08,20
C0128,2022-08,81
C0236,2022-08,29
C0383,2022-08,38
C0618,2022-09,1
C0104,2020-02,29
C0106,2020-09,55
C0333,2023-01,26
C0377,2023-01,31
C0527,2023-02,14
C0056,2023-02,50
C0469,2023-02,22
C0403,2021-09,18
C0130,2021-10,24
C0698,2023-02,1
C0319,2023-05,17
C0008,2023-02,2
C0275,2021-09,71
C0362,2021-03,107
C0423,2021-04,51
C0151,2023-06,73
C0114,2023-05,63
C0615,2023-05,6
C0259,2023-06,69
C0723,2023-06,21
C0381,2023-06,13
C0666,2023-07,1
C0251,2026-08,136
C0378,2021-07,49
C0682,2023-07,1
C0364,2023-11,25
C0566,2023-11,6
C0086,2021-03,53
C0624,2023-11,5
C0555,2023-11,8
C0725,2023-11,6
C0133,2023-10,59
C0674,2023-11,3
C0322,2023-12,2
C0094,2023-10,38
C0736,2023-12,2
C0150,2023-10,20
C0638,2023-12,2
C0182,2021-11,10
C0190,2023-12,1
C0614,2023-12,1
C0150,2024-01,89
C0133,2024-01,251
C0544,2023-11,1
C0663,2024-02,1
C0202,2024-01,197
C0161,2024-08,38
C0369,2024-03,106
C0043,2021-06,31
C0133,2021-10,54
C0307,2021-09,62
C0241,2021-09,48
C0541,2022-02,3
C0584,2022-02,14
C0532,2022-02,5
C0616,2022-02,15
C0586,2022-02,6
C0604,2022-02,2
C0626,2022-02,5
C0624,2022-01,2
C0176,2021-02,59
C0146,2020-04,47
C0256,2020-05,40
C0417,2020-02,25
C0486,2020-07,58
C0062,2020-11,33
C0301,2020-09,26
C0700,2020-01,62
C0196,2020-03,64
C0424,2020-08,40
C0082,2021-06,34
C0267,2020-12,50
C0433,2020-01,12
C0069,2020-12,19
C0510,2021-01,50
C0288,2021-04,10
C0088,2020-03,37
C0438,2020-06,5
C0210,2021-03,44
C0016,2020-10,50
C0175,2020-04,27
C0633,2020-02,13
C0450,2020-02,30
C0233,2021-06,58
C0010,2021-07,31
C0487,2020-01,20
C0024,2020-04,22
C0355,2020-11,60
C0177,2020-07,40
C0394,2021-03,47
C0689,2022-08,11
C0481,2022-08,48
C0139,2022-08,22
C0490,2022-08,6
C0607,2022-08,2
C0095,2022-08,1
C0538,2022-08,1
C0314,2022-08,1
C0294,2022-04,6
C0566,2022-01,5
C0571,2022-12,2
C0274,2022-07,1
C0027,2021-04,24
C0295,2023-05,42
C0360,2023-05,46
C0598,2023-05,7
C0489,2023-09,2
C0309,2023-09,6
C0483,2023-10,73
C0318,2023-10,26
C0483,2024-01,231
C0130,2024-01,157
C0226,2024-04,149
C0310,2024-01,71
C0094,2024-01,91
C0318,2024-01,88
C0161,2026-01,177
C0324,2024-04,41
C0526,2024-01,8
C0462,2020-01,62
C0276,2020-04,134
C0153,2020-04,26
C0296,2020-04,21
C0345,2020-04,25
C0414,2020-05,31
C0030,2020-05,2
C0535,2020-04,1
C0208,2020-03,25
C0500,2020-08,2
C0144,2020-08,25
C0221,2020-06,60
C0097,2020-09,10
C0416,2021-03,58
C0657,2020-09,1
C0153,2020-12,18
C0345,2020-12,27
C0619,2021-01,3
C0680,2021-01,25
C0583,2021-04,2
C0179,2021-04,10
C0239,2021-07,34
C0066,2025-01,256
C0296,2020-12,19
C0114,2021-02,32
C0460,2021-05,34
C0615,2021-02,8
C0360,2021-02,58
C0191,2021-02,48
C0295,2021-02,27
C0219,2021-02,30
C0270,2024-04,47
C0061,2021-03,54
C0319,2021-02,17
C0243,2021-06,64
C0575,2021-06,9
C0684,2021-07,10
C0447,2021-06,3
C0357,2020-11,23
C0617,2021-06,1
C0473,2021-07,41
C0625,2021-06,3
C0365,2021-06,2
C0230,2021-08,28
C0426,2021-08,65
C0650,2021-07,1
C0310,2021-10,32
C0094,2021-10,25
C0127,2021-08,47
C0483,2021-10,58
C0318,2021-10,14
C0552,2021-11,22
C0727,2021-11,29
C0011,2021-11,42
C0150,2021-10,15
C0526,2021-10,4
C0399,2021-08,87
C0313,2020-11,41
C0036,2021-10,1
C0645,2021-11,3
C0679,2022-08,1
C0594,2023-05,2
C0085,2020-06,27
C0077,2020-05,3
C0141,2020-02,46
C0746,2020-08,4
C0055,2021-11,15
C0539,2021-11,2
C0446,2024-03,63
C0635,2022-04,2
C0656,2022-04,1
C0044,2020-02,25
C0404,2020-05,2
C0384,2020-07,1
C0197,2020-11,23
C0728,2020-11,27
C0643,2020-11,1
C0629,2020-11,2
C0240,2020-12,22
C0148,2020-11,1
C0366,2021-03,48
C0489,2021-03,1
C0133,2024-06,125
C0309,2021-03,2
C0639,2021-03,1
C0454,2021-04,25
C0501,2021-04,6
C0502,2021-05,3
C0745,2021-05,4
C0287,2024-12,82
C0557,2021-08,56
C0452,2021-08,63
C0676,2021-08,16
C0713,2021-08,1
C0578,2021-09,7
C0292,2021-09,9
C0747,2021-08,5
C0623,2021-12,1
C0601,2021-12,1
C0070,2025-12,78
C0672,2020-03,7
C0281,2020-03,2
C0441,2020-03,6
C0540,2020-03,5
C0672,2024-08,23
C0133,2025-08,89
C0748,2020-10,1
C0273,2020-10,2
C0588,2020-10,1
C0598,2021-02,7
C0618,2021-02,1
C0204,2021-01,1
C0576,2021-11,2
C0322,2022-02,4
C0736,2022-02,3
C0565,2022-02,1
C0614,2022-02,1
C0240,2020-04,16
C0654,2020-04,1
C0173,2020-11,1
C0156,2024-09,65
C0654,2020-12,1
C0707,2021-04,1
C0484,2025-09,38
C0711,2021-04,2
C0099,2021-05,3
C0081,2021-02,1
C0721,2022-01,1
C0143,2026-05,106
C0169,2026-05,114
C0138,2026-05,103
C0011,2026-05,89
C0109,2026-01,341
C0182,2026-05,51
C0727,2026-05,48
C0281,2026-01,3
C0208,2026-01,288
C0196,2026-01,331
C0208,2024-08,43
C0576,2026-05,26
C0062,2026-07,64
C0728,2026-07,70
C0355,2026-07,44
C0313,2026-07,72
C0155,2025-01,623
C0197,2026-07,29
C0357,2026-07,103
C0629,2026-07,2
C0087,2026-07,3
C0226,2026-08,106
C0237,2025-12,302
C0088,2026-01,144
C0643,2026-07,2
C0032,2026-06,5
C0672,2026-01,106
C0441,2026-01,13
C0292,2025-09,18
C0323,2026-08,67
C0443,2026-06,165
C0352,2026-04,63
C0139,2025-03,11
C0252,2026-03,89
C0103,2025-09,40
C0204,2025-11,1
C0653,2026-08,21
C0275,2025-10,44
C0228,2025-02,41
C0369,2026-02,121
C0540,2026-01,42
C0415,2026-03,24
C0009,2025-05,241
C0222,2026-06,89
C0306,2026-08,34
C0275,2025-09,62
C0686,2026-08,22
C0383,2025-03,70
C0241,2025-10,125
C0270,2026-08,134
C0166,2025-11,70
C0029,2025-09,32
C0019,2025-11,41
C0510,2025-11,34
C0403,2025-10,14
C0185,2025-11,85
C0125,2025-11,90
C0409,2025-11,87
C0680,2025-11,21
C0065,2025-01,79
C0368,2025-01,98
C0254,2025-10,193
C0196,2025-04,94
C0163,2025-11,9
C0029,2025-10,40
C0094,2025-08,40
C0352,2025-06,39
C0310,2025-08,24
C0202,2025-08,67
C0075,2025-12,65
C0034,2025-12,68
C0619,2025-11,15
C0307,2025-10,51
C0048,2026-02,97
C0307,2025-09,57
C0681,2025-01,6
C0543,2025-01,19
C0181,2025-11,25
C0484,2025-10,55
C0130,2025-08,68
C0439,2025-07,18
C0292,2025-10,24
C0188,2025-12,100
C0425,2025-12,35
C0154,2025-12,90
C0726,2025-12,4
C0380,2025-12,33
C0225,2025-02,59
C0052,2025-12,10
C0388,2025-12,12
C0318,2025-08,29
C0196,2024-08,74
C0060,2026-03,206
C0600,2026-03,16
C0710,2026-01,8
C0071,2025-05,39
C0254,2025-09,172
C0750,2025-12,18
C0038,2024-09,32
C0306,2024-04,44
C0446,2026-02,134
C0604,2025-06,11
C0539,2026-05,9
C0083,2026-03,71
C0160,2026-03,17
C0208,2025-04,34
C0090,2026-03,1
C0616,2026-04,26
C0248,2024-12,2
C0646,2026-03,5
C0352,2024-11,35
C0403,2025-09,12
C0132,2025-05,101
C0147,2021-06,1
C0311,2026-05,42
C0552,2026-05,34
C0055,2026-05,26
C0541,2026-04,10
C0481,2025-03,49
C0389,2024-07,36
C0270,2024-07,56
C0372,2025-03,28
C0200,2024-09,43
C0124,2024-03,16
C0048,2024-03,54
C0592,2026-06,44
C0221,2024-05,91
C0589,2026-06,3
C0697,2026-06,4
C0321,2026-08,32
C0324,2026-08,34
C0521,2026-08,17
C0389,2026-08,81
C0699,2026-08,2
C0165,2026-08,34
C0670,2026-08,8
C0554,2026-08,3
C0341,2024-12,80
C0400,2024-12,51
C0150,2025-08,34
C0064,2026-01,5
C0401,2025-02,22
C0719,2026-08,4
C0162,2024-12,17
C0251,2024-07,70
C0456,2023-11,1
C0541,2023-12,2
C0302,2024-03,40
C0338,2024-03,68
C0274,2023-07,1
C0251,2024-04,87
C0389,2024-04,48
C0521,2024-04,20
C0323,2024-04,22
C0321,2024-04,14
C0126,2024-12,143
C0554,2024-04,4
C0686,2024-04,8
C0165,2024-04,19
C0670,2024-04,7
C0007,2024-03,39
C0109,2024-08,74
C0324,2024-07,74
C0577,2024-09,22
C0085,2024-05,49
C0002,2024-10,85
C0226,2024-07,105
C0419,2025-02,53
C0202,2024-06,81
C0318,2024-06,27
C0150,2024-06,23
C0094,2024-06,29
C0130,2024-06,49
C0310,2024-06,27
C0483,2024-06,64
C0236,2025-03,74
C0686,2024-07,9
C0045,2024-10,73
C0526,2024-06,3
C0373,2024-06,1
C0358,2024-11,65
C0373,2024-01,2
C0521,2024-07,19
C0604,2024-11,8
C0397,2024-06,1
C0323,2024-07,31
C0165,2024-07,22
C0653,2024-07,5
C0306,2024-07,34
C0321,2024-07,15
C0057,2024-10,53
C0330,2024-10,96
C0603,2024-10,29
C0201,2024-10,54
C0353,2024-09,8
C0294,2024-10,9
C0371,2024-10,47
C0436,2025-05,249
C0342,2024-10,55
C0347,2024-10,10
C0475,2025-02,34
C0537,2025-02,218
C0656,2024-10,4
C0317,2024-09,71
C0635,2024-10,6
C0632,2024-09,5
C0277,2025-02,69
C0213,2025-03,27
C0088,2024-08,38
C0407,2025-02,105
C0662,2024-10,3
C0391,2025-02,34
C0616,2024-11,27
C0532,2024-11,28
C0190,2024-11,3
C0396,2025-02,8
C0167,2025-02,31
C0046,2025-02,10
C0398,2025-02,51
C0412,2025-02,45
C0193,2025-02,8
C0714,2025-02,33
C0253,2025-05,65
C0524,2025-02,10
C0444,2024-12,12
C0574,2025-02,1
C0533,2025-02,14
C0109,2025-04,97
C0036,2024-01,3
C0672,2025-04,34
C0587,2024-02,13
C0458,2025-05,25
C0145,2025-05,66
C0105,2025-05,57
C0465,2025-05,55
C0088,2025-04,55
C0551,2025-05,8
C0128,2025-03,58
C0356,2025-05,5
C0246,2025-05,13
C0161,2025-04,47
C0613,2026-06,2
C0173,2026-07,3
C0148,2026-07,1
C0358,2025-06,82
C0430,2025-07,17
C0007,2026-02,35
C0338,2026-02,115
C0302,2026-02,66
C0124,2026-02,43
C0020,2026-02,42
C0131,2024-02,2
C0490,2025-03,9
C0358,2026-04,75
C0604,2026-04,9
C0532,2026-04,36
C0626,2026-04,7
C0108,2025-01,1
C0584,2026-04,10
C0614,2026-04,3
C0736,2026-04,1
C0586,2026-04,4
C0722,2026-01,1
C0565,2026-04,6
C0190,2026-04,4
C0322,2026-04,1
C0013,2024-12,16
C0322,2025-06,2
C0584,2025-06,8
C0532,2025-06,29
C0616,2025-06,27
C0586,2025-06,3
C0565,2025-06,2
C0638,2025-06,2
C0095,2025-03,7
C0541,2025-06,3
C0626,2025-06,6
C0736,2025-06,9
C0314,2025-03,4
C0375,2025-07,42
C0553,2025-07,24
C0198,2025-07,1
C0103,2025-10,47
C0578,2025-10,11
C0630,2025-10,6
C0112,2025-03,14
C0679,2025-03,2
C0241,2025-09,86
C0441,2025-04,7
C0483,2025-08,91
C0274,2025-07,2
C0653,2024-04,2
C0591,2024-03,4
C0020,2024-03,48
C0687,2024-09,4
C0715,2024-12,10
C0651,2024-12,17
C0744,2024-12,35
C0626,2024-11,6
C0157,2024-12,4
C0322,2024-11,3
C0525,2026-03,2
C0507,2026-05,1
C0645,2026-05,1
C0257,2024-12,66
C0689,2025-03,8
C0710,2025-04,3
C0584,2024-11,12
C0586,2024-11,3
C0538,2025-03,1
C0607,2025-03,2
C0281,2025-04,1
C0540,2025-04,6
C0614,2025-06,2
C0666,2025-07,1
C0630,2025-09,8
C0578,2025-09,3
C0733,2025-09,1
C0079,2026-03,1
C0673,2024-02,1
C0688,2024-02,8
C0561,2024-02,2
C0441,2024-08,4
C0540,2024-08,5
C0722,2024-08,1
C0670,2024-07,5
C0710,2024-08,2
C0571,2024-12,4
C0722,2025-04,1
C0526,2025-08,1
C0677,2024-02,5
C0036,2024-06,1
C0554,2024-07,3
C0006,2020-07,2
C0719,2024-07,2
C0614,2024-11,3
C0110,2024-11,1
C0736,2024-11,4
C0190,2025-06,1
C0087,2020-11,1
C0733,2022-10,1
C0190,2022-02,1
C0731,2023-06,1
C0268,2023-06,1
C0721,2023-11,1
C0499,2024-03,1
C0612,2023-04,1
C0526,2023-10,2
C0468,2021-12,51
C0340,2021-12,71
C0520,2021-12,6
C0146,2021-08,73
C0443,2021-11,55
C0712,2021-10,13
C0113,2022-01,282
C0005,2022-01,77
C0308,2021-12,4
C0349,2022-01,180
C0382,2022-01,203
C0194,2022-01,146
C0117,2022-01,101
C0339,2022-01,76
C0183,2020-03,56
C0514,2022-01,10
C0451,2021-01,118
C0098,2021-10,34
C0057,2020-09,67
C0026,2021-01,32
C0136,2021-01,136
C0296,2021-08,23
C0422,2021-01,5
C0452,2020-12,57
C0058,2021-01,148
C0255,2021-10,50
C0042,2022-01,9
C0122,2022-04,119
C0271,2022-04,52
C0172,2022-03,41
C0097,2022-04,13
C0101,2022-04,25
C0301,2022-04,23
C0341,2022-06,76
C0106,2022-04,67
C0189,2022-04,71
C0418,2021-12,10
C0221,2022-02,53
C0215,2022-04,1
C0627,2022-04,3
C0085,2022-02,30
C0091,2022-07,31
C0258,2021-06,111
C0317,2022-05,47
C0577,2022-05,9
C0038,2022-05,24
C0200,2022-05,41
C0419,2021-09,45
C0156,2022-05,54
C0632,2022-05,4
C0300,2021-02,48
C0127,2020-12,43
C0093,2020-11,30
C0218,2020-01,347
C0236,2020-07,32
C0469,2020-02,21
C0395,2021-04,43
C0120,2021-01,94
C0267,2021-08,37
C0333,2020-03,33
C0529,2021-01,6
C0137,2021-04,44
C0429,2020-12,47
C0002,2020-09,42
C0239,2020-10,41
C0126,2022-06,100
C0687,2022-05,4
C0257,2022-06,48
C0715,2022-06,12
C0744,2022-06,36
C0571,2022-06,2
C0400,2022-06,25
C0162,2022-06,7
C0013,2022-06,17
C0287,2022-06,28
C0444,2022-06,10
C0651,2022-06,9
C0157,2022-06,2
C0648,2022-06,2
C0336,2022-01,11
C0047,2022-07,62
C0519,2022-07,4
C0186,2022-07,50
C0667,2022-07,8
C0512,2022-01,9
C0605,2022-01,5
C0225,2022-10,48
C0304,2022-11,130
C0209,2022-11,43
C0419,2022-10,66
C0205,2022-11,45
C0537,2022-10,185
C0167,2022-10,30
C0475,2022-10,58
C0398,2022-10,50
C0407,2022-10,72
C0333,2022-11,24
C0391,2022-10,39
C0412,2022-10,41
C0046,2022-10,28
C0277,2022-10,55
C0534,2022-11,9
C0228,2022-10,39
C0183,2022-11,87
C0685,2022-11,5
C0396,2022-10,12
C0558,2022-11,7
C0017,2022-11,32
C0524,2022-10,5
C0401,2022-10,21
C0193,2022-10,6
C0574,2022-10,4
C0343,2022-12,79
C0298,2022-12,41
C0073,2022-12,84
C0289,2022-12,45
C0012,2022-12,39
C0401,2021-09,27
C0427,2022-12,29
C0109,2023-01,144
C0327,2022-12,32
C0737,2022-12,7
C0634,2022-12,12
C0428,2022-12,46
C0335,2022-12,1
C0085,2023-03,40
C0221,2023-03,77
C0044,2023-02,27
C0672,2023-01,37
C0161,2023-01,103
C0417,2023-02,32
C0107,2022-03,6
C0033,2023-02,37
C0104,2023-02,18
C0196,2023-01,157
C0208,2023-01,91
C0450,2023-02,34
C0391,2021-09,33
C0033,2023-04,48
C0046,2021-09,31
C0088,2023-01,91
C0141,2023-04,53
C0104,2023-04,26
C0417,2023-04,35
C0089,2020-11,35
C0044,2023-04,19
C0450,2023-04,20
C0633,2023-04,18
C0216,2022-09,41
C0091,2023-07,29
C0047,2023-07,60
C0186,2023-07,37
C0667,2023-07,15
C0445,2023-06,24
C0057,2023-08,43
C0371,2023-08,17
C0342,2023-08,48
C0347,2023-08,15
C0201,2023-08,36
C0002,2023-08,55
C0330,2023-08,84
C0603,2023-08,19
C0045,2023-08,51
C0250,2020-08,40
C0635,2023-08,6
C0294,2023-08,1
C0281,2023-01,11
C0282,2023-06,48
C0662,2023-08,3
C0290,2023-06,60
C0656,2023-08,1
C0221,2023-12,80
C0085,2023-12,40
C0194,2023-11,113
C0587,2023-09,15
C0382,2023-11,95
C0024,2021-08,13
C0209,2020-03,50
C0746,2020-01,28
C0115,2021-06,27
C0045,2020-09,79
C0426,2020-04,69
C0452,2020-04,49
C0353,2022-05,4
C0457,2022-09,24
C0111,2022-06,1
C0690,2022-06,1
C0636,2022-09,7
C0300,2022-09,64
C0211,2022-08,64
C0593,2022-09,33
C0371,2020-09,20
C0285,2021-05,53
C0486,2022-08,65
C0129,2022-08,78
C0695,2022-09,3
C0195,2022-08,44
C0455,2022-08,63
C0177,2022-08,38
C0350,2021-05,38
C0117,2023-11,38
C0473,2020-10,36
C0067,2020-08,128
C0441,2023-01,37
C0714,2022-10,31
C0064,2023-01,13
C0141,2023-02,60
C0349,2023-11,69
C0709,2023-02,1
C0424,2020-01,119
C0633,2023-02,17
C0399,2020-12,90
C0438,2023-03,1
C0675,2023-06,16
C0564,2023-06,17
C0203,2023-06,36
C0536,2023-06,3
C0493,2023-06,81
C0370,2023-06,8
C0329,2023-06,6
C0164,2023-06,21
C0741,2023-06,2
C0519,2023-07,2
C0457,2023-05,30
C0540,2023-01,10
C0113,2023-11,125
C0005,2023-11,53
C0514,2023-11,4
C0098,2023-10,33
C0042,2023-11,5
C0339,2023-11,35
C0336,2023-11,9
C0512,2023-11,6
C0688,2023-09,5
C0605,2023-11,3
C0466,2023-11,1
C0416,2024-02,49
C0362,2024-02,116
C0061,2024-02,68
C0255,2024-01,270
C0478,2024-01,250
C0366,2024-02,51
C0210,2024-02,47
C0394,2024-02,52
C0086,2024-02,66
C0694,2021-05,7
C0277,2021-09,61
C0206,2021-06,58
C0402,2021-06,84
C0393,2020-11,74
C0228,2021-09,40
C0396,2021-09,14
C0240,2021-08,23
C0678,2021-12,14
C0347,2020-09,24
C0192,2020-11,51
C0478,2021-10,56
C0144,2020-01,89
C0040,2021-06,69
C0481,2020-07,53
C0276,2021-08,122
C0330,2020-09,48
C0304,2020-03,113
C0128,2020-07,99
C0569,2021-04,16
C0112,2020-07,10
C0736,2020-06,9
C0352,2020-06,42
C0367,2021-06,59
C0459,2020-10,43
C0490,2020-07,3
C0038,2020-05,17
C0223,2021-04,31
C0080,2020-02,57
C0317,2020-05,48
C0345,2021-08,22
C0171,2021-06,39
C0016,2021-07,48
C0457,2021-02,22
C0462,2020-08,14
C0342,2020-09,47
C0472,2022-08,63
C0353,2020-05,5
C0604,2020-06,3
C0102,2021-05,51
C0216,2021-02,22
C0664,2022-12,1
C0303,2021-05,12
C0167,2021-09,44
C0466,2022-01,1
C0531,2022-12,1
C0225,2021-09,53
C0216,2023-05,25
C0300,2023-05,38
C0636,2023-05,9
C0593,2023-05,22
C0677,2023-09,2
C0673,2023-09,3
C0255,2023-10,53
C0478,2023-10,72
C0712,2023-10,14
C0485,2023-10,33
C0485,2024-01,227
C0098,2024-01,105
C0050,2024-03,73
C0245,2024-03,66
C0556,2024-03,72
C0712,2024-01,56
C0155,2024-04,190
C0358,2024-05,102
C0127,2020-04,37
C0399,2020-04,78
C0608,2020-04,5
C0017,2020-03,22
C0577,2020-05,3
C0156,2020-05,34
C0557,2020-04,35
C0676,2020-04,14
C0429,2020-04,47
C0004,2020-02,44
C0230,2020-04,23
C0687,2020-05,6
C0249,2021-06,32
C0121,2020-08,57
C0293,2020-08,32
C0487,2020-08,13
C0010,2020-10,26
C0616,2020-06,16
C0201,2020-09,44
C0358,2020-06,76
C0603,2020-09,14
C0337,2020-08,17
C0584,2020-06,18
C0433,2020-08,2
C0635,2020-09,1
C0662,2020-09,5
C0100,2020-02,34
C0294,2020-09,2
C0212,2021-04,46
C0139,2020-07,14
C0230,2020-12,32
C0383,2020-07,41
C0608,2020-12,4
C0593,2021-02,12
C0453,2021-01,2
C0695,2021-02,3
C0743,2021-01,5
C0168,2020-11,23
C0028,2020-11,28
C0437,2021-06,31
C0516,2021-06,13
C0174,2021-04,11
C0320,2021-06,30
C0406,2021-06,16
C0557,2020-12,28
C0621,2021-06,1
C0118,2021-04,1
C0545,2021-06,3
C0561,2021-03,4
C0748,2021-07,1
C0485,2021-10,63
C0269,2021-05,58
C0410,2021-05,48
C0421,2021-08,32
C0398,2021-09,44
C0193,2021-09,3
C0697,2021-11,7
C0032,2021-11,4
C0527,2020-02,11
C0412,2021-09,46
C0475,2021-09,53
C0066,2026-08,86
C0695,2023-05,8
C0200,2020-05,46
C0500,2020-01,5
C0377,2020-03,1
C0700,2020-08,14
C0056,2020-02,32
C0205,2020-03,38
C0222,2021-11,65
C0592,2021-11,16
C0657,2022-04,2
C0461,2020-02,36
C0411,2020-06,1
C0586,2020-06,5
C0614,2020-06,6
C0747,2020-04,3
C0213,2020-07,20
C0314,2020-07,1
C0110,2020-06,1
C0372,2020-07,28
C0607,2020-07,3
C0322,2020-06,4
C0092,2020-07,1
C0689,2020-07,11
C0095,2020-07,2
C0538,2020-07,2
C0378,2020-10,33
C0140,2020-11,39
C0376,2020-11,1
C0665,2020-11,3
C0426,2020-12,49
C0175,2021-08,36
C0676,2020-12,12
C0677,2021-03,5
C0587,2021-03,14
C0688,2021-03,6
C0396,2025-09,12
C0220,2021-05,25
C0515,2021-05,9
C0606,2021-04,8
C0611,2021-05,2
C0718,2021-04,4
C0153,2021-08,18
C0069,2021-08,31
C0407,2021-09,39
C0537,2021-09,158
C0533,2021-09,10
C0714,2021-09,25
C0524,2021-09,6
C0131,2021-03,2
C0504,2021-12,2
C0661,2021-12,1
C0713,2020-04,2
C0612,2020-02,2
C0283,2020-01,1
C0685,2020-03,3
C0228,2025-09,48
C0638,2020-06,1
C0532,2020-06,1
C0541,2020-06,4
C0684,2020-10,7
C0650,2020-10,2
C0579,2021-02,1
C0636,2021-02,3
C0713,2020-12,6
C0207,2021-03,1
C0427,2024-12,26
C0273,2021-07,1
C0613,2021-11,3
C0589,2021-11,1
C0438,2022-02,1
C0647,2020-08,4
C0747,2020-12,6
C0467,2021-04,1
C0508,2021-05,1
C0574,2021-09,1
C0719,2025-01,16
C0001,2021-12,1
C0237,2026-03,214
C0160,2025-12,14
C0183,2026-01,326
C0443,2026-05,120
C0304,2026-01,346
C0222,2026-05,69
C0697,2026-05,6
C0205,2026-01,332
C0592,2026-05,41
C0028,2026-07,83
C0192,2026-07,92
C0393,2026-07,117
C0093,2026-07,79
C0143,2026-06,110
C0140,2026-07,112
C0089,2026-07,66
C0168,2026-07,34
C0539,2026-06,11
C0683,2026-07,4
C0333,2026-01,244
C0534,2026-01,90
C0665,2026-07,15
C0055,2026-06,40
C0195,2025-03,68
C0017,2026-01,102
C0155,2024-07,214
C0209,2026-01,146
C0227,2026-02,53
C0556,2026-02,87
C0419,2025-09,56
C0182,2026-06,44
C0169,2026-06,126
C0391,2025-10,52
C0645,2026-06,3
C0311,2026-06,53
C0537,2025-09,207
C0486,2025-03,136
C0685,2026-01,18
C0251,2025-01,358
C0451,2025-11,75
C0270,2025-01,170
C0136,2025-11,67
C0475,2025-10,64
C0058,2025-11,122
C0120,2025-11,29
C0306,2025-01,130
C0529,2025-11,10
C0026,2025-11,12
C0091,2025-07,47
C0226,2025-01,297
C0165,2025-01,93
C0653,2025-01,11
C0321,2025-01,44
C0389,2025-01,102
C0743,2025-11,10
C0412,2025-10,42
C0537,2025-10,234
C0524,2025-09,8
C0183,2025-04,68
C0401,2025-09,34
C0186,2025-07,56
C0046,2025-10,26
C0167,2025-10,33
C0334,2026-02,65
C0324,2025-01,100
C0323,2025-01,182
C0422,2025-11,5
C0419,2025-10,51
C0398,2025-09,65
C0415,2025-12,37
C0060,2025-12,255
C0252,2025-12,99
C0600,2025-12,15
C0083,2025-12,62
C0154,2026-03,85
C0525,2025-12,5
C0686,2025-01,36
C0123,2026-02,90
C0558,2026-01,13
C0307,2025-02,49
C0101,2024-10,32
C0521,2025-01,36
C0108,2024-07,1
C0714,2025-10,68
C0398,2025-10,74
C0328,2026-02,132
C0052,2026-03,2
C0070,2026-03,86
C0034,2026-03,66
C0380,2026-03,37
C0438,2023-12,2
C0750,2026-03,19
C0075,2026-03,57
C0726,2026-03,13
C0425,2026-03,27
C0346,2026-02,74
C0576,2026-06,46
C0388,2026-03,7
C0217,2025-05,43
C0221,2026-04,115
C0589,2026-05,1
C0129,2025-03,78
C0227,2024-03,33
C0271,2024-10,59
C0106,2024-10,94
C0550,2026-02,7
C0284,2025-05,2
C0066,2024-07,28
C0029,2025-02,29
C0138,2026-06,137
C0613,2026-05,3
C0011,2026-06,84
C0727,2026-06,45
C0552,2026-06,38
C0032,2026-05,7
C0368,2026-08,65
C0039,2024-12,5
C0428,2024-12,46
C0188,2026-03,80
C0155,2026-08,252
C0391,2025-09,36
C0065,2026-08,19
C0681,2026-08,4
C0543,2026-08,6
C0346,2024-03,45
C0368,2024-04,34
C0065,2024-04,13
C0066,2024-04,38
C0584,2024-05,11
C0478,2024-06,109
C0334,2024-03,45
C0255,2024-06,75
C0681,2024-04,2
C0543,2024-04,6
C0448,2024-03,40
C0189,2024-10,91
C0485,2024-06,64
C0509,2024-03,9
C0328,2024-03,61
C0614,2024-05,2
C0532,2024-05,24
C0190,2024-05,2
C0098,2024-06,38
C0616,2024-05,28
C0626,2024-05,5
C0205,2024-08,53
C0528,2024-01,3
C0604,2024-05,9
C0205,2025-04,57
C0352,2024-05,27
C0736,2024-05,5
C0322,2024-05,3
C0565,2024-05,2
C0712,2024-06,15
C0368,2024-07,26
C0472,2025-03,52
C0414,2024-09,41
C0017,2024-08,39
C0065,2024-07,12
C0681,2024-07,5
C0543,2024-07,6
C0301,2024-10,34
C0122,2024-10,146
C0256,2024-09,93
C0183,2024-08,77
C0097,2024-10,14
C0085,2025-06,42
C0627,2024-10,2
C0657,2024-10,3
C0343,2024-12,70
C0012,2024-12,43
C0085,2024-11,45
C0221,2024-11,75
C0670,2025-01,18
C0554,2025-01,9
C0634,2024-12,20
C0254,2025-02,190
C0484,2025-02,43
C0275,2025-02,44
C0103,2025-02,38
C0578,2025-02,5
C0630,2025-02,13
C0292,2025-02,29
C0241,2025-02,67
C0142,2024-09,1
C0448,2026-02,46
C0403,2025-02,11
C0289,2024-12,53
C0530,2025-05,114
C0534,2025-04,27
C0506,2025-05,8
C0385,2025-05,50
C0332,2025-05,31
C0031,2025-05,50
C0017,2025-04,21
C0455,2025-03,75
C0407,2025-09,130
C0108,2026-08,1
C0047,2025-07,107
C0228,2025-10,45
C0190,2020-06,1
C0646,2025-12,3
C0304,2025-04,109
C0485,2025-08,69
C0304,2024-08,110
C0478,2025-08,123
C0193,2025-09,15
C0401,2025-10,40
C0412,2025-09,49
C0098,2025-08,32
C0396,2025-10,11
C0407,2025-10,154
C0475,2025-09,51
C0079,2025-12,2
C0245,2026-02,83
C0570,2026-02,5
C0050,2026-02,66
C0312,2026-02,13
C0225,2025-10,75
C0518,2026-02,18
C0488,2026-02,3
C0644,2026-02,8
C0581,2026-02,4
C0716,2026-02,2
C0085,2026-04,60
C0438,2026-04,7
C0221,2025-06,104
C0255,2025-08,65
C0519,2025-07,8
C0667,2025-07,17
C0333,2025-04,32
C0046,2025-09,24
C0225,2025-09,53
C0167,2025-09,39
C0277,2025-09,57
C0533,2025-10,28
C0277,2025-10,62
C0714,2025-09,39
C0193,2025-10,3
C0638,2024-05,1
C0524,2025-10,2
C0377,2025-04,1
C0712,2025-08,32
C0209,2025-04,51
C0331,2025-10,1
C0327,2024-12,34
C0509,2026-02,13
C0312,2024-03,4
C0644,2024-03,11
C0550,2024-03,7
C0123,2024-03,28
C0073,2024-12,72
C0404,2024-09,1
C0298,2024-12,34
C0669,2024-12,1
C0737,2024-12,5
C0177,2025-03,29
C0574,2025-10,1
C0453,2025-11,1
C0030,2024-09,4
C0211,2025-03,67
C0734,2025-01,1
C0006,2025-03,2
C0533,2025-09,17
C0574,2025-09,2
C0496,2025-01,1
C0309,2024-02,3
C0518,2024-03,9
C0716,2024-03,3
C0488,2024-03,1
C0581,2024-03,3
C0333,2024-08,23
C0570,2024-03,5
C0685,2024-08,4
C0534,2024-08,16
C0209,2024-08,52
C0558,2024-08,2
C0738,2021-06,1
C0558,2025-04,3
C0664,2024-12,1
C0531,2024-12,1
C0135,2024-12,1
C0685,2025-04,3
C0022,2025-05,1
C0658,2025-01,1
C0528,2025-08,2
C0541,2024-05,1
C0586,2024-05,4
C0116,2024-05,1
C0108,2024-04,1
C0077,2024-09,1
C0438,2025-06,1
C0547,2024-10,1
C0248,2022-06,1
C0305,2021-05,1
C0722,2023-01,1
C0231,2023-06,1
C0477,2023-09,1
C0533,2022-10,4
C0609,2023-06,4
C0449,2023-06,1
C0528,2023-10,1
C0423,2021-12,70
C0454,2021-12,29
C0027,2021-12,30
C0179,2021-12,15
C0711,2021-12,6
C0102,2021-10,63
C0501,2021-12,9
C0437,2021-01,70
C0038,2021-11,28
C0395,2022-03,32
C0034,2022-01,60
C0237,2022-01,224
C0075,2022-01,136
C0304,2020-06,128
C0188,2022-01,164
C0015,2021-08,54
C0545,2021-01,10
C0320,2021-01,87
C0052,2022-01,8
C0315,2021-08,45
C0070,2022-01,102
C0154,2022-01,106
C0402,2021-01,144
C0249,2021-01,113
C0509,2021-03,8
C0750,2022-01,10
C0040,2021-01,154
C0380,2022-01,59
C0057,2021-07,50
C0255,2021-05,74
C0136,2021-06,78
C0406,2021-01,48
C0401,2020-07,43
C0367,2021-01,107
C0517,2021-01,12
C0378,2022-04,32
C0010,2022-04,31
C0425,2022-01,38
C0684,2022-04,12
C0239,2022-04,32
C0109,2022-02,52
C0459,2022-04,45
C0137,2022-03,50
C0358,2022-11,98
C0473,2022-04,51
C0222,2022-05,67
C0174,2022-03,12
C0443,2022-05,51
C0697,2022-05,6
C0592,2022-05,21
C0593,2020-01,33
C0072,2020-04,31
C0158,2020-12,71
C0216,2020-01,119
C0072,2020-12,57
C0330,2021-07,73
C0448,2021-03,46
C0319,2020-08,20
C0228,2020-07,47
C0257,2020-11,49
C0218,2021-02,60
C0358,2020-03,70
C0300,2020-01,101
C0334,2021-03,52
C0457,2020-01,100
C0171,2021-01,107
C0245,2021-03,70
C0372,2021-09,17
C0398,2020-07,58
C0192,2022-06,62
C0168,2022-06,11
C0028,2022-06,57
C0089,2022-06,35
C0140,2022-06,31
C0393,2022-06,65
C0093,2022-06,28
C0683,2022-06,2
C0665,2022-06,7
C0161,2022-02,26
C0212,2022-03,51
C0066,2022-07,32
C0155,2022-07,112
C0543,2022-07,6
C0368,2022-07,19
C0065,2022-07,16
C0681,2022-07,3
C0223,2022-03,57
C0390,2022-06,2
C0246,2020-02,10
C0328,2021-03,51
C0726,2022-01,10
C0376,2022-06,1
C0350,2021-10,42
C0586,2022-11,6
C0213,2022-10,12
C0352,2022-11,22
C0112,2022-10,11
C0481,2022-10,43
C0584,2022-11,19
C0139,2022-10,26
C0383,2022-10,46
C0616,2022-11,20
C0128,2022-10,74
C0541,2022-11,1
C0565,2022-11,2
C0095,2022-10,4
C0372,2022-10,13
C0236,2022-10,39
C0532,2022-11,12
C0736,2022-11,6
C0144,2022-09,31
C0322,2022-11,4
C0638,2022-11,3
C0190,2022-11,3
C0604,2022-11,7
C0626,2022-11,3
C0614,2022-11,3
C0116,2022-11,1
C0313,2022-12,55
C0629,2022-12,4
C0355,2022-12,49
C0062,2022-12,38
C0197,2022-12,28
C0728,2022-12,24
C0357,2022-12,36
C0465,2020-02,52
C0173,2022-12,8
C0208,2023-03,28
C0196,2023-03,77
C0109,2023-03,77
C0031,2023-02,43
C0088,2023-03,49
C0672,2023-03,7
C0241,2022-08,52
C0540,2023-03,4
C0221,2023-01,192
C0064,2023-03,5
C0161,2023-03,30
C0441,2023-03,3
C0484,2022-08,54
C0139,2021-09,16
C0145,2020-02,33
C0530,2023-04,62
C0217,2023-04,35
C0220,2021-10,31
C0385,2023-04,43
C0613,2022-05,2
C0506,2023-04,10
C0200,2021-11,56
C0031,2023-04,34
C0332,2023-04,9
C0506,2023-02,9
C0180,2023-04,3
C0066,2023-07,26
C0155,2023-07,154
C0065,2023-07,16
C0368,2023-07,26
C0543,2023-07,3
C0016,2023-08,37
C0273,2023-08,4
C0238,2023-06,17
C0063,2023-06,67
C0085,2023-01,60
C0438,2023-01,10
C0280,2023-06,33
C0278,2023-06,88
C0570,2021-03,6
C0410,2024-01,121
C0035,2023-06,6
C0269,2021-10,55
C0334,2023-09,58
C0556,2023-09,54
C0123,2023-09,38
C0050,2023-09,59
C0328,2023-09,74
C0716,2023-09,6
C0312,2023-09,6
C0245,2023-09,75
C0227,2023-09,29
C0346,2023-09,39
C0448,2023-09,38
C0088,2023-12,39
C0208,2023-12,54
C0109,2023-12,79
C0196,2023-12,95
C0710,2023-12,2
C0161,2023-12,21
C0070,2023-11,58
C0441,2023-12,7
C0237,2023-11,119
C0540,2023-12,5
C0285,2023-10,44
C0672,2023-12,17
C0350,2023-10,41
C0569,2022-03,14
C0441,2022-02,3
C0606,2022-03,7
C0088,2022-02,38
C0196,2022-02,63
C0208,2022-02,28
C0562,2022-03,1
C0718,2022-03,5
C0478,2021-05,50
C0312,2021-03,16
C0346,2021-03,38
C0396,2020-07,27
C0258,2021-01,189
C0106,2020-10,52
C0603,2021-07,19
C0032,2022-05,4
C0546,2022-05,1
C0218,2022-09,66
C0275,2022-08,58
C0424,2022-09,40
C0307,2022-08,51
C0271,2020-10,55
C0391,2020-07,33
C0189,2020-10,75
C0400,2020-11,45
C0403,2022-08,10
C0630,2022-08,11
C0500,2022-09,3
C0424,2021-02,39
C0254,2022-08,121
C0746,2022-09,4
C0332,2023-02,16
C0287,2020-11,24
C0103,2022-08,44
C0444,2020-11,17
C0029,2022-08,35
C0371,2021-07,28
C0206,2021-01,164
C0217,2023-02,25
C0530,2023-02,48
C0385,2023-02,41
C0120,2021-06,27
C0022,2023-02,5
C0284,2023-02,1
C0668,2023-02,1
C0045,2021-07,82
C0026,2021-06,20
C0180,2023-02,2
C0236,2021-09,35
C0383,2021-09,48
C0272,2023-06,37
C0096,2023-06,2
C0218,2023-05,76
C0408,2023-06,38
C0474,2023-06,33
C0354,2023-06,58
C0299,2023-06,8
C0144,2023-05,24
C0051,2023-06,3
C0187,2023-06,4
C0681,2023-07,1
C0167,2020-07,56
C0537,2020-07,127
C0242,2023-06,5
C0154,2023-11,43
C0075,2023-11,61
C0034,2023-11,36
C0425,2023-11,9
C0750,2023-11,8
C0188,2023-11,47
C0380,2023-11,14
C0726,2023-11,4
C0112,2021-09,10
C0102,2023-10,59
C0410,2023-10,47
C0446,2024-02,64
C0007,2024-02,38
C0302,2024-02,41
C0048,2024-02,45
C0338,2024-02,76
C0369,2024-02,130
C0591,2024-02,2
C0694,2024-01,10
C0124,2024-02,21
C0269,2024-01,144
C0020,2024-02,55
C0213,2021-09,11
C0128,2021-09,90
C0388,2022-01,1
C0422,2021-06,3
C0156,2021-11,52
C0115,2021-01,60
C0722,2022-02,2
C0672,2022-02,7
C0347,2021-07,25
C0540,2022-02,6
C0710,2022-02,1
C0205,2020-06,29
C0407,2020-07,29
C0303,2021-10,15
C0098,2021-05,34
C0003,2020-12,25
C0714,2020-07,16
C0201,2021-07,42
C0002,2021-07,45
C0101,2020-10,28
C0550,2021-03,7
C0050,2021-03,70
C0009,2020-02,81
C0017,2020-06,35
C0352,2020-03,24
C0071,2020-02,41
C0341,2020-11,69
C0105,2020-02,54
C0122,2020-10,103
C0443,2020-05,57
C0232,2021-08,32
C0209,2020-06,57
C0292,2022-08,15
C0578,2022-08,7
C0733,2022-08,1
C0110,2022-11,1
C0411,2022-11,1
C0538,2022-10,3
C0087,2022-12,2
C0668,2023-04,1
C0563,2023-04,2
C0424,2023-05,50
C0284,2023-04,1
C0500,2023-05,1
C0518,2023-09,10
C0581,2023-09,8
C0509,2023-09,10
C0550,2023-09,8
C0570,2023-09,2
C0269,2023-10,35
C0220,2023-10,17
C0303,2023-10,9
C0515,2023-10,11
C0694,2023-10,10
C0350,2024-01,263
C0304,2024-05,131
C0102,2024-01,249
C0220,2024-01,51
C0285,2024-01,183
C0515,2024-01,22
C0303,2024-01,42
C0508,2024-01,2
C0715,2020-11,8
C0458,2020-02,26
C0636,2020-01,10
C0183,2020-06,56
C0579,2020-01,1
C0695,2020-01,12
C0158,2020-04,74
C0222,2020-05,81
C0697,2020-05,5
C0436,2020-02,36
C0592,2020-05,11
C0589,2020-05,2
C0114,2020-08,46
C0176,2020-08,72
C0219,2020-08,32
C0360,2020-08,45
C0295,2020-08,32
C0598,2020-08,8
C0191,2020-08,46
C0412,2020-07,28
C0016,2020-09,53
C0615,2020-08,5
C0553,2025-01,104
C0475,2020-07,61
C0273,2020-09,3
C0748,2020-09,1
C0162,2020-11,7
C0516,2021-01,19
C0225,2020-07,55
C0253,2020-02,30
C0533,2020-07,6
C0642,2020-12,2
C0746,2021-02,7
C0144,2021-02,29
C0058,2021-06,62
C0451,2021-06,36
C0635,2021-07,5
C0529,2021-06,6
C0333,2020-06,29
C0743,2021-06,2
C0485,2021-05,67
C0172,2021-04,43
C0342,2021-07,52
C0662,2021-07,4
C0294,2021-07,6
C0656,2021-07,4
C0277,2020-07,35
C0410,2021-10,47
C0285,2021-10,56
C0694,2021-10,6
C0508,2021-10,1
C0515,2021-10,6
C0481,2021-09,44
C0317,2021-11,43
C0632,2021-11,4
C0577,2021-11,7
C0314,2021-09,1
C0687,2021-11,10
C0611,2021-10,1
C0123,2021-03,38
C0746,2023-05,5
C0291,2023-05,1
C0644,2023-09,5
C0488,2023-09,1
C0003,2020-04,11
C0614,2020-03,2
C0567,2020-02,1
C0132,2020-02,77
C0470,2020-02,3
C0356,2020-02,2
C0551,2020-02,3
C0584,2020-03,29
C0685,2020-06,5
C0053,2020-04,2
C0419,2020-07,55
C0227,2021-03,23
C0046,2020-07,27
C0524,2020-07,2
C0604,2020-03,11
C0301,2020-10,17
C0193,2020-07,4
C0126,2020-11,67
C0013,2020-11,8
C0744,2020-11,25
C0032,2020-05,3
C0657,2020-10,4
C0651,2020-11,13
C0157,2020-11,1
C0331,2020-07,2
C0571,2020-11,1
C0556,2021-03,25
C0581,2021-03,10
C0644,2021-03,8
C0518,2021-03,6
C0107,2021-04,9
C0601,2021-04,3
C0712,2021-05,10
C0431,2021-08,61
C0464,2021-08,30
C0696,2021-08,4
C0542,2021-08,5
C0689,2021-09,8
C0095,2021-09,2
C0325,2021-08,1
C0490,2021-09,8
C0742,2021-08,5
C0538,2021-09,3
C0607,2021-09,2
C0707,2021-12,2
C0288,2021-12,2
C0583,2021-12,7
C0322,2020-03,4
C0532,2020-03,7
C0638,2020-03,2
C0616,2020-03,13
C0411,2020-03,1
C0541,2020-03,3
C0586,2020-03,9
C0190,2020-03,2
C0565,2020-03,3
C0736,2020-03,4
C0626,2020-03,1
C0613,2020-05,1
C0558,2020-06,2
C0534,2020-06,1
C0627,2020-10,1
C0097,2020-10,8
C0642,2020-04,3
C0648,2020-11,1
C0500,2021-02,3
C0283,2021-02,1
C0488,2021-03,1
C0716,2021-03,2
C0053,2020-12,4
C0720,2021-08,4
C0064,2022-02,1
C0281,2022-02,1
C0597,2020-04,1
C0637,2020-04,2
C0199,2020-04,1
C0081,2020-08,1
C0618,2020-08,1
C0486,2025-02,102
C0199,2020-12,1
C0738,2021-01,1
C0623,2021-04,1
C0528,2021-05,1
C0092,2021-09,1
C0621,2021-01,1
C0156,2026-05,90
C0208,2026-04,123
C0317,2026-05,78
C0604,2026-01,62
C0208,2025-06,50
C0200,2026-05,44
C0358,2026-01,229
C0455,2025-02,64
C0038,2026-05,60
C0577,2026-05,37
C0616,2026-01,66
C0161,2026-04,69
C0341,2026-07,129
C0126,2026-07,154
C0744,2026-07,56
C0400,2026-07,131
C0257,2026-07,58
C0287,2026-07,66
C0532,2026-01,80
C0571,2026-07,5
C0013,2026-07,27
C0651,2026-07,18
C0205,2024-05,43
C0715,2026-07,18
C0444,2026-07,34
C0091,2026-08,68
C0352,2026-01,173
C0162,2026-07,15
C0565,2026-01,47
C0213,2025-09,29
C0638,2026-01,10
C0194,2026-03,110
C0248,2026-07,6
C0626,2026-01,28
C0414,2026-06,134
C0110,2026-01,1
C0236,2025-09,69
C0383,2025-09,51
C0349,2026-03,60
C0736,2026-01,15
C0186,2026-08,92
C0690,2026-07,1
C0088,2025-06,67
C0372,2025-09,18
C0339,2026-03,100
C0388,2023-11,3
C0128,2025-10,75
C0367,2025-11,99
C0406,2025-11,49
C0115,2025-11,107
C0402,2025-11,119
C0320,2025-11,104
C0258,2025-11,193
C0171,2025-11,52
C0437,2025-11,142
C0249,2025-11,36
C0206,2025-11,77
C0040,2025-11,141
C0439,2025-01,65
C0517,2025-11,6
C0545,2025-11,13
C0095,2025-09,7
C0405,2025-12,110
C0196,2025-06,96
C0516,2025-11,17
C0236,2025-10,68
C0463,2025-12,117
C0481,2025-10,67
C0364,2025-12,38
C0725,2025-12,22
C0566,2025-12,14
C0614,2026-01,8
C0190,2026-01,4
C0195,2025-02,64
C0586,2026-01,10
C0541,2026-01,9
C0584,2026-01,13
C0322,2026-01,10
C0005,2026-03,69
C0117,2026-03,116
C0010,2024-10,33
C0352,2024-08,34
C0624,2025-12,16
C0102,2024-06,62
C0113,2026-03,105
C0382,2026-03,96
C0587,2026-02,23
C0357,2024-12,47
C0336,2026-03,16
C0514,2026-03,7
C0605,2026-03,10
C0042,2026-03,4
C0512,2026-03,13
C0705,2026-03,1
C0466,2026-03,4
C0350,2025-08,52
C0368,2025-07,37
C0410,2025-08,57
C0116,2026-01,1
C0065,2025-07,23
C0674,2025-12,26
C0361,2025-01,4
C0430,2025-01,64
C0292,2025-03,30
C0186,2024-04,35
C0350,2024-06,77
C0052,2023-11,2
C0632,2026-05,5
C0473,2024-10,87
C0213,2025-10,27
C0161,2025-06,46
C0687,2026-05,5
C0029,2025-03,38
C0047,2026-08,79
C0256,2026-06,94
C0077,2026-06,2
C0030,2026-06,5
C0088,2026-04,86
C0064,2026-04,2
C0087,2024-12,4
C0062,2024-12,59
C0128,2025-09,56
C0033,2025-05,61
C0353,2026-05,9
C0196,2026-04,134
C0544,2025-12,2
C0667,2026-08,19
C0519,2026-08,3
C0459,2024-10,57
C0355,2024-12,48
C0047,2024-04,83
C0091,2024-04,39
C0519,2024-04,6
C0417,2025-05,64
C0667,2024-04,8
C0143,2024-09,88
C0358,2024-08,96
C0169,2024-09,66
C0209,2024-05,51
C0534,2024-05,23
C0183,2024-05,85
C0377,2024-05,1
C0017,2024-05,22
C0611,2024-01,2
C0552,2024-09,27
C0333,2024-05,22
C0685,2024-05,6
C0558,2024-05,8
C0091,2024-07,33
C0138,2024-09,62
C0269,2024-06,51
C0410,2024-06,51
C0220,2024-06,23
C0285,2024-06,45
C0611,2024-06,2
C0694,2024-06,6
C0616,2024-08,22
C0303,2024-06,11
C0047,2024-07,75
C0515,2024-06,2
C0011,2024-09,69
C0667,2024-07,15
C0186,2024-07,32
C0727,2024-09,50
C0313,2024-12,44
C0378,2024-10,45
C0239,2024-10,33
C0084,2024-10,2
C0684,2024-10,12
C0614,2024-08,3
C0275,2025-03,40
C0254,2025-03,173
C0109,2024-11,79
C0182,2024-09,23
C0055,2024-09,29
C0196,2024-11,72
C0672,2024-11,34
C0208,2024-11,43
C0540,2024-11,4
C0088,2024-11,35
C0375,2025-01,132
C0666,2025-01,3
C0728,2024-12,44
C0584,2025-04,12
C0532,2025-04,31
C0044,2025-05,45
C0161,2024-11,41
C0472,2025-02,48
C0129,2025-02,63
C0211,2025-02,65
C0177,2025-02,33
C0616,2025-04,36
C0484,2025-03,40
C0543,2025-07,6
C0197,2024-12,37
C0586,2025-04,9
C0358,2025-04,101
C0515,2025-08,13
C0141,2025-05,67
C0450,2025-05,43
C0109,2025-06,83
C0104,2025-05,16
C0633,2025-05,20
C0481,2025-09,46
C0383,2025-10,60
C0139,2025-09,17
C0157,2026-07,2
C0555,2025-12,25
C0155,2025-07,220
C0672,2025-06,33
C0066,2025-07,36
C0352,2025-04,30
C0565,2024-08,1
C0403,2025-03,13
C0241,2025-03,94
C0721,2025-12,2
C0456,2025-12,3
C0095,2025-10,11
C0477,2026-02,1
C0673,2026-02,3
C0672,2026-04,40
C0109,2026-04,103
C0540,2026-04,8
C0710,2026-04,4
C0441,2026-04,4
C0372,2025-10,13
C0139,2025-10,12
C0411,2026-01,2
C0404,2026-06,3
C0441,2025-06,5
C0540,2025-06,7
C0064,2025-06,4
C0710,2025-06,5
C0285,2025-08,41
C0681,2025-07,3
C0538,2025-09,3
C0689,2025-10,11
C0112,2025-09,13
C0490,2025-10,8
C0314,2025-10,2
C0490,2025-09,7
C0112,2025-10,7
C0694,2025-08,7
C0604,2025-04,6
C0102,2025-08,75
C0198,2025-01,1
C0269,2025-08,46
C0679,2025-10,2
C0307,2025-03,56
C0677,2024-03,5
C0586,2024-08,3
C0576,2024-09,17
C0311,2024-09,56
C0190,2024-08,2
C0173,2024-12,4
C0596,2025-11,1
C0722,2023-12,1
C0689,2025-09,7
C0736,2024-08,6
C0305,2024-01,1
C0539,2024-09,4
C0645,2024-09,4
C0629,2024-12,6
C0103,2025-03,45
C0578,2025-03,6
C0630,2025-03,18
C0733,2025-03,1
C0303,2025-08,10
C0538,2025-10,2
C0274,2025-01,1
C0565,2025-04,6
C0638,2025-04,4
C0322,2025-04,5
C0682,2025-01,1
C0626,2025-04,5
C0614,2025-04,4
C0190,2025-04,1
C0220,2025-08,16
C0092,2025-10,1
C0621,2025-11,2
C0722,2025-06,1
C0679,2025-09,1
C0611,2025-08,2
C0314,2025-09,2
C0607,2025-09,1
C0688,2026-02,3
C0561,2026-02,2
C0677,2026-02,1
C0688,2024-03,6
C0587,2024-03,14
C0663,2024-03,1
C0673,2024-03,3
C0584,2024-08,13
C0322,2024-08,2
C0532,2024-08,17
C0305,2024-06,1
C0626,2024-08,2
C0604,2024-08,7
C0638,2024-08,2
C0411,2024-08,1
C0541,2024-08,2
C0353,2021-11,1
C0541,2025-04,3
C0736,2025-04,2
C0709,2025-05,1
C0108,2025-07,1
C0305,2025-08,1
C0064,2023-12,1
C0499,2024-02,2
C0519,2024-07,7
C0650,2024-10,1
C0441,2024-11,7
C0064,2024-11,2
C0710,2024-11,2
C0314,2022-10,2
C0689,2022-10,12
C0490,2022-10,13
C0022,2023-04,1
C0041,2023-06,1
C0611,2023-10,1
C0607,2022-10,4
C0429,2021-12,54
C0747,2021-12,9
C0127,2021-12,61
C0399,2021-12,89
C0426,2021-12,61
C0557,2021-12,40
C0230,2021-12,32
C0676,2021-12,9
C0380,2021-11,22
C0452,2021-12,61
C0052,2021-11,3
C0075,2021-11,58
C0450,2021-09,35
C0188,2021-11,57
C0713,2021-12,4
C0184,2022-04,184
C0200,2022-01,117
C0040,2020-09,52
C0172,2021-08,36
C0156,2022-01,136
C0317,2022-01,91
C0608,2021-12,6
C0577,2022-01,8
C0687,2022-01,9
C0058,2021-07,67
C0038,2022-01,71
C0016,2021-01,126
C0332,2020-07,15
C0330,2021-06,77
C0632,2022-01,6
C0247,2022-04,52
C0021,2022-04,44
C0421,2022-03,36
C0233,2022-04,57
C0007,2022-02,39
C0136,2021-07,59
C0293,2022-06,47
C0276,2022-03,114
C0237,2021-11,113
C0243,2022-04,43
C0043,2022-04,40
C0082,2022-04,37
C0575,2022-04,11
C0267,2022-03,34
C0296,2022-03,25
C0024,2022-03,21
C0365,2022-04,5
C0194,2022-05,60
C0005,2022-05,55
C0382,2022-05,86
C0117,2022-05,48
C0113,2022-05,137
C0339,2022-05,31
C0349,2022-05,57
C0048,2022-02,43
C0336,2022-05,6
C0042,2022-05,7
C0115,2020-09,39
C0428,2020-01,112
C0315,2021-04,58
C0050,2020-06,41
C0037,2021-05,74
C0427,2020-01,107
C0298,2020-01,116
C0403,2020-02,46
C0070,2021-11,40
C0556,2020-06,23
C0360,2020-11,46
C0444,2020-08,14
C0678,2020-12,16
C0371,2021-06,35
C0176,2020-11,52
C0183,2021-03,71
C0417,2021-09,33
C0328,2020-06,88
C0166,2020-10,42
C0113,2020-05,152
C0104,2021-09,24
C0126,2020-08,85
C0017,2021-03,32
C0484,2020-02,47
C0135,2020-01,6
C0121,2022-06,67
C0067,2022-06,152
C0250,2022-06,48
C0433,2022-06,6
C0700,2022-06,24
C0487,2022-06,33
C0462,2022-06,16
C0337,2022-06,17
C0512,2022-05,7
C0033,2021-09,54
C0369,2022-02,93
C0445,2022-07,20
C0164,2022-07,28
C0282,2022-07,35
C0290,2022-07,64
C0493,2022-07,72
C0564,2022-07,9
C0609,2022-07,4
C0675,2022-07,17
C0203,2022-07,48
C0370,2022-07,4
C0329,2022-07,1
C0185,2020-10,54
C0343,2020-01,160
C0449,2022-07,1
C0353,2022-01,13
C0647,2022-06,5
C0471,2021-10,4
C0033,2022-10,38
C0104,2022-10,24
C0450,2022-10,32
C0044,2022-10,40
C0587,2022-11,16
C0131,2022-11,1
C0688,2022-11,7
C0073,2020-01,156
C0663,2022-11,1
C0673,2022-11,1
C0677,2022-11,4
C0141,2022-10,48
C0417,2022-10,40
C0156,2023-11,62
C0347,2021-06,33
C0437,2023-08,50
C0218,2022-12,86
C0424,2022-12,44
C0091,2023-06,24
C0144,2022-12,36
C0746,2022-12,9
C0302,2023-03,45
C0020,2023-03,50
C0369,2023-03,118
C0338,2023-03,61
C0446,2023-03,55
C0362,2023-01,286
C0048,2023-03,46
C0007,2023-03,58
C0124,2023-03,14
C0401,2023-02,32
C0416,2023-01,114
C0086,2023-01,140
C0020,2022-02,44
C0366,2023-01,73
C0061,2023-01,204
C0489,2023-01,3
C0436,2022-08,83
C0146,2022-03,63
C0210,2023-01,101
C0591,2023-03,3
C0398,2023-02,59
C0533,2023-04,13
C0394,2023-01,135
C0499,2023-03,1
C0193,2023-02,5
C0225,2023-02,56
C0537,2023-04,176
C0401,2023-04,38
C0714,2023-04,25
C0407,2023-04,72
C0574,2023-04,3
C0475,2023-04,68
C0167,2023-04,42
C0391,2023-04,37
C0277,2023-04,37
C0412,2023-04,35
C0046,2023-04,23
C0225,2023-04,52
C0396,2023-04,15
C0419,2023-04,41
C0228,2023-04,24
C0398,2023-04,51
C0193,2023-04,11
C0537,2023-02,185
C0228,2023-02,35
C0277,2023-02,59
C0524,2023-04,1
C0493,2023-07,73
C0290,2023-07,55
C0203,2023-07,37
C0445,2023-07,20
C0370,2023-07,2
C0282,2023-07,32
C0040,2023-08,106
C0206,2023-08,66
C0249,2023-08,30
C0367,2023-08,44
C0115,2023-08,59
C0516,2023-08,12
C0320,2023-08,35
C0171,2023-08,34
C0258,2023-08,103
C0402,2023-08,61
C0517,2023-08,4
C0329,2023-07,2
C0406,2023-08,8
C0161,2024-02,35
C0545,2023-08,3
C0675,2023-07,15
C0316,2021-10,51
C0304,2023-09,96
C0205,2023-09,58
C0209,2023-09,34
C0164,2023-07,19
C0183,2023-09,66
C0369,2023-12,125
C0020,2023-12,61
C0338,2023-12,69
C0007,2023-12,45
C0302,2023-12,36
C0446,2023-12,64
C0124,2023-12,17
C0048,2023-12,42
C0316,2023-10,33
C0017,2023-09,22
C0038,2023-11,26
C0175,2022-03,34
C0069,2022-03,17
C0345,2022-03,27
C0153,2022-03,20
C0240,2022-03,27
C0446,2022-02,54
C0535,2022-03,1
C0418,2020-12,18
C0254,2020-02,84
C0451,2021-07,40
C0264,2021-05,45
C0209,2021-03,42
C0171,2020-09,25
C0514,2022-05,2
C0605,2022-05,1
C0629,2022-09,1
C0246,2022-08,11
C0357,2022-09,34
C0400,2020-08,42
C0319,2020-11,57
C0197,2022-09,32
C0346,2020-06,35
C0313,2022-09,47
C0551,2022-08,7
C0062,2022-09,42
C0728,2022-09,21
C0123,2020-06,35
C0071,2022-08,32
C0355,2022-09,38
C0105,2022-08,61
C0013,2020-08,12
C0009,2022-08,124
C0114,2020-11,40
C0145,2022-08,26
C0132,2022-08,62
C0465,2022-08,52
C0173,2022-09,5
C0123,2024-05,41
C0087,2022-09,2
C0458,2022-08,21
C0406,2020-09,19
C0191,2020-11,50
C0402,2020-09,56
C0295,2020-11,35
C0309,2023-01,24
C0289,2020-01,124
C0412,2023-02,35
C0167,2023-02,31
C0524,2023-02,5
C0046,2023-02,17
C0475,2023-02,44
C0419,2023-02,48
C0714,2023-02,37
C0407,2023-02,54
C0533,2023-02,20
C0026,2021-07,30
C0391,2023-02,28
C0340,2020-12,70
C0396,2023-02,8
C0574,2023-02,1
C0214,2021-05,25
C0667,2023-06,12
C0173,2023-05,3
C0062,2023-05,44
C0728,2023-05,28
C0047,2023-06,75
C0186,2023-06,29
C0197,2023-05,31
C0564,2023-07,17
C0741,2023-07,3
C0355,2023-05,44
C0449,2023-07,1
C0740,2023-07,1
C0200,2023-11,43
C0577,2023-11,9
C0317,2023-11,55
C0590,2023-10,8
C0687,2023-11,9
C0476,2023-10,84
C0632,2023-11,4
C0234,2023-10,43
C0572,2023-10,8
C0499,2023-12,3
C0272,2024-04,39
C0591,2023-12,1
C0109,2024-02,62
C0672,2024-02,19
C0196,2024-02,72
C0208,2024-02,26
C0088,2024-02,39
C0476,2024-01,214
C0441,2024-02,3
C0572,2024-01,70
C0339,2020-05,20
C0338,2022-02,50
C0302,2022-02,40
C0124,2022-02,8
C0499,2022-02,1
C0284,2020-07,2
C0678,2020-04,20
C0312,2020-06,9
C0227,2020-06,32
C0217,2020-07,37
C0012,2020-01,64
C0340,2020-04,63
C0181,2020-10,14
C0194,2020-05,31
C0205,2021-03,32
C0327,2020-01,49
C0367,2020-09,52
C0326,2021-05,46
C0005,2020-05,25
C0437,2020-09,34
C0163,2020-10,11
C0308,2020-04,13
C0392,2021-05,6
C0420,2021-05,35
C0717,2021-01,3
C0103,2020-02,44
C0530,2020-07,56
C0342,2021-06,43
C0257,2020-08,61
C0258,2020-09,80
C0117,2020-05,35
C0249,2020-09,52
C0031,2020-07,36
C0125,2020-10,40
C0015,2021-04,77
C0081,2020-11,1
C0349,2020-05,58
C0355,2021-02,42
C0334,2020-06,45
C0304,2021-03,119
C0253,2022-08,39
C0356,2022-08,2
C0148,2022-09,1
C0500,2022-12,6
C0363,2021-05,23
C0045,2021-06,66
C0292,2020-02,12
C0313,2023-05,40
C0357,2023-05,34
C0333,2023-09,20
C0534,2023-09,7
C0685,2023-09,2
C0558,2023-09,3
C0059,2023-10,60
C0348,2023-10,36
C0263,2023-10,73
C0671,2023-10,28
C0377,2023-09,1
C0059,2024-01,127
C0348,2024-01,169
C0278,2024-04,110
C0354,2024-07,66
C0234,2024-01,108
C0671,2024-01,58
C0316,2024-01,118
C0263,2024-01,244
C0278,2024-07,137
C0590,2024-01,18
C0471,2024-01,6
C0531,2020-01,5
C0029,2020-02,31
C0634,2020-01,22
C0520,2020-04,2
C0512,2020-05,6
C0382,2020-05,98
C0042,2020-05,7
C0468,2020-04,45
C0418,2020-04,13
C0630,2020-02,14
C0336,2020-05,4
C0744,2020-08,26
C0651,2020-08,15
C0206,2020-09,59
C0287,2020-08,14
C0245,2020-06,76
C0516,2020-09,14
C0348,2021-10,27
C0162,2020-08,13
C0320,2020-09,47
C0385,2020-07,64
C0545,2020-09,8
C0157,2020-08,3
C0517,2020-09,3
C0738,2020-09,2
C0294,2021-06,9
C0468,2020-12,33
C0448,2020-06,46
C0603,2021-06,20
C0120,2021-07,34
C0273,2021-01,6
C0062,2021-02,41
C0728,2021-02,20
C0313,2021-02,34
C0357,2021-02,25
C0087,2021-02,2
C0197,2021-02,21
C0629,2021-02,3
C0643,2021-02,1
C0057,2021-06,55
C0068,2021-05,23
C0201,2021-06,45
C0002,2021-06,34
C0232,2021-04,38
C0476,2021-10,49
C0644,2020-06,7
C0325,2021-04,2
C0377,2021-03,2
C0633,2021-09,19
C0141,2021-09,70
C0266,2021-05,32
C0529,2021-07,4
C0743,2021-07,2
C0263,2021-10,75
C0234,2021-10,35
C0671,2021-10,21
C0059,2021-10,44
C0572,2021-10,3
C0590,2021-10,5
C0388,2021-11,2
C0154,2021-11,63
C0044,2021-09,21
C0275,2020-02,52
C0510,2020-10,34
C0019,2020-10,40
C0241,2020-02,45
C0425,2021-11,7
C0726,2021-11,3
C0034,2021-11,34
C0083,2026-06,97
C0737,2020-01,4
C0039,2020-01,6
C0341,2020-08,65
C0605,2020-05,1
C0715,2020-08,6
C0152,2021-05,47
C0431,2021-04,64
C0447,2022-04,1
C0625,2022-04,4
C0049,2022-04,5
C0617,2022-04,1
C0307,2020-02,38
C0131,2020-03,2
C0677,2020-03,4
C0509,2020-06,12
C0550,2020-06,2
C0668,2020-07,1
C0581,2020-06,2
C0664,2020-01,3
C0506,2020-07,6
C0570,2020-06,1
C0587,2020-03,5
C0598,2020-11,10
C0219,2020-11,28
C0409,2020-10,38
C0680,2020-10,23
C0615,2020-11,3
C0594,2020-11,1
C0618,2020-11,3
C0248,2020-08,1
C0333,2021-03,23
C0534,2021-03,7
C0558,2021-03,3
C0178,2021-05,39
C0542,2021-04,6
C0720,2021-04,5
C0464,2021-04,33
C0742,2021-04,8
C0619,2020-10,2
C0696,2021-04,1
C0602,2021-05,15
C0513,2021-05,3
C0107,2021-08,8
C0176,2026-07,112
C0601,2021-08,3
C0578,2020-02,2
C0688,2020-03,5
C0514,2020-05,1
C0335,2020-01,2
C0518,2020-06,3
C0716,2020-06,1
C0488,2020-06,1
C0180,2020-07,1
C0596,2020-09,1
C0308,2020-12,5
C0148,2021-02,1
C0173,2021-02,2
C0685,2021-03,3
C0588,2021-01,3
C0623,2021-08,4
C0453,2021-07,1
C0422,2021-07,1
C0662,2021-06,6
C0559,2021-08,1
C0750,2021-11,4
C0591,2022-02,1
C0477,2020-03,1
C0001,2020-04,1
C0661,2020-04,2
C0504,2020-04,2
C0022,2020-07,1
C0648,2020-08,1
C0001,2020-12,1
C0661,2020-12,1
C0520,2020-12,3
C0656,2021-06,1
C0635,2021-06,1
C0034,2026-05,65
C0237,2026-05,214
C0425,2026-05,32
C0052,2026-05,5
C0075,2026-05,57
C0154,2026-05,58
C0134,2025-01,106
C0070,2026-05,56
C0587,2026-01,60
C0188,2026-05,80
C0354,2026-08,83
C0446,2026-04,196
C0360,2026-07,100
C0252,2026-06,101
C0219,2026-07,187
C0114,2026-07,94
C0598,2026-07,51
C0191,2026-07,150
C0319,2026-07,38
C0295,2026-07,45
C0302,2026-04,67
C0594,2026-07,10
C0615,2026-07,8
C0688,2026-01,13
C0278,2026-08,137
C0338,2024-11,75
C0081,2026-07,1
C0561,2026-01,10
C0060,2026-06,271
C0213,2025-05,21
C0280,2026-08,83
C0477,2026-01,4
C0238,2026-08,34
C0380,2026-05,34
C0063,2026-08,117
C0618,2026-07,3
C0138,2025-12,123
C0673,2026-01,5
C0358,2026-02,76
C0018,2025-01,116
C0348,2025-08,72
C0016,2025-11,79
C0141,2025-09,83
C0141,2025-10,85
C0482,2025-01,292
C0446,2025-06,85
C0145,2025-03,48
C0273,2025-11,5
C0572,2025-08,23
C0076,2025-01,359
C0440,2025-01,66
C0588,2025-11,2
C0110,2026-02,2
C0316,2025-08,47
C0560,2025-01,31
C0048,2025-06,60
C0104,2025-09,32
C0007,2026-04,53
C0352,2024-03,33
C0408,2026-08,59
C0033,2025-09,57
C0633,2025-10,19
C0435,2025-01,137
C0011,2025-12,103
C0143,2025-12,123
C0169,2025-12,139
C0182,2025-12,34
C0311,2025-12,82
C0048,2024-11,61
C0552,2025-12,22
C0055,2025-12,44
C0144,2024-12,35
C0033,2025-10,43
C0600,2026-06,18
C0677,2026-01,8
C0576,2025-12,38
C0222,2026-03,64
C0550,2024-05,16
C0124,2024-11,34
C0164,2025-07,33
C0474,2024-04,44
C0639,2023-01,1
C0587,2025-04,29
C0727,2025-12,52
C0352,2026-02,60
C0443,2026-03,136
C0032,2026-03,5
C0592,2026-03,42
C0247,2024-10,59
C0348,2024-06,54
C0131,2026-01,2
C0082,2024-10,47
C0613,2026-03,4
C0338,2025-06,78
C0302,2025-06,48
C0124,2025-06,30
C0207,2026-01,5
C0572,2024-06,19
C0750,2026-05,13
C0328,2024-05,70
C0369,2026-04,160
C0338,2026-04,113
C0020,2026-04,40
C0280,2024-07,50
C0044,2025-10,40
C0043,2024-10,33
C0417,2025-10,70
C0465,2025-03,54
C0096,2024-07,2
C0048,2026-04,104
C0726,2026-05,6
C0415,2026-06,22
C0388,2026-05,2
C0090,2026-06,3
C0160,2026-06,23
C0369,2024-11,142
C0272,2026-08,43
C0474,2026-08,62
C0051,2026-08,4
C0299,2026-08,6
C0242,2026-08,13
C0041,2026-08,1
C0009,2025-03,215
C0525,2026-06,8
C0124,2026-04,44
C0096,2026-08,3
C0218,2024-12,95
C0035,2026-08,7
C0187,2026-08,2
C0729,2026-08,2
C0358,2024-03,85
C0354,2024-04,72
C0346,2024-05,53
C0408,2024-07,55
C0280,2024-04,41
C0408,2024-04,41
C0238,2024-04,22
C0063,2024-04,98
C0299,2024-04,6
C0050,2024-05,72
C0035,2024-04,3
C0051,2024-04,4
C0096,2024-04,2
C0242,2024-04,6
C0299,2024-07,9
C0703,2024-04,2
C0063,2024-07,87
C0626,2024-03,4
C0245,2024-05,77
C0312,2024-05,4
C0334,2024-05,41
C0556,2024-05,83
C0184,2024-10,266
C0518,2024-05,6
C0488,2024-05,3
C0448,2024-05,31
C0570,2024-05,5
C0644,2024-05,6
C0227,2024-05,34
C0581,2024-05,10
C0476,2024-06,71
C0316,2024-06,38
C0059,2024-06,53
C0263,2024-06,72
C0471,2024-06,3
C0671,2024-06,24
C0234,2024-06,33
C0590,2024-06,9
C0021,2024-10,62
C0446,2024-11,70
C0481,2025-05,57
C0302,2024-11,49
C0242,2024-07,10
C0474,2024-07,50
C0272,2024-07,35
C0041,2024-07,1
C0233,2024-10,86
C0238,2024-07,15
C0035,2024-07,2
C0243,2024-10,67
C0725,2024-09,7
C0049,2024-10,5
C0007,2024-11,28
C0071,2025-03,44
C0365,2024-10,5
C0625,2024-10,4
C0447,2024-10,5
C0575,2024-10,8
C0463,2024-09,40
C0587,2024-08,12
C0132,2025-03,83
C0405,2024-09,43
C0131,2024-08,1
C0147,2024-10,2
C0469,2025-02,20
C0638,2024-03,3
C0527,2025-02,19
C0056,2025-02,74
C0004,2025-02,55
C0020,2024-11,48
C0499,2024-11,3
C0424,2024-12,54
C0461,2025-02,94
C0080,2025-02,90
C0100,2025-02,35
C0290,2025-07,52
C0128,2025-05,73
C0008,2025-02,3
C0383,2025-05,48
C0372,2025-05,29
C0236,2025-05,72
C0675,2025-07,27
C0246,2025-03,22
C0490,2025-05,11
C0689,2025-05,6
C0748,2025-11,2
C0633,2025-09,29
C0679,2025-05,2
C0112,2025-05,8
C0139,2025-05,19
C0253,2025-03,72
C0450,2025-10,31
C0374,2026-08,1
C0104,2025-10,31
C0282,2025-07,61
C0564,2025-07,19
C0131,2025-04,4
C0105,2025-03,58
C0539,2025-12,7
C0480,2025-01,1
C0532,2026-02,32
C0616,2026-02,30
C0565,2026-02,17
C0584,2026-02,7
C0604,2026-02,12
C0626,2026-02,6
C0589,2026-03,4
C0044,2025-09,24
C0697,2026-03,3
C0591,2026-04,5
C0674,2024-09,5
C0671,2025-08,43
C0499,2026-04,4
C0741,2025-07,6
C0059,2025-08,40
C0417,2025-09,65
C0079,2026-06,4
C0477,2022-11,1
C0369,2025-06,175
C0203,2025-07,43
C0020,2025-06,39
C0007,2025-06,54
C0263,2025-08,67
C0493,2025-07,125
C0370,2025-07,13
C0445,2025-07,22
C0449,2025-07,1
C0585,2025-07,2
C0329,2025-07,3
C0497,2025-09,2
C0450,2025-09,34
C0364,2024-09,24
C0436,2025-03,182
C0207,2025-04,3
C0458,2025-03,23
C0476,2025-08,78
C0673,2025-04,3
C0654,2022-03,2
C0614,2026-02,5
C0736,2026-02,2
C0546,2026-03,1
C0532,2024-03,15
C0616,2024-03,28
C0477,2024-08,4
C0555,2024-09,22
C0456,2024-09,1
C0746,2024-12,10
C0095,2025-05,4
C0541,2026-02,3
C0187,2024-07,2
C0566,2024-09,2
C0624,2024-09,4
C0356,2025-03,6
C0677,2025-04,6
C0551,2025-03,9
C0688,2025-04,6
C0609,2025-07,1
C0740,2025-07,3
C0234,2025-08,41
C0471,2025-08,1
C0497,2025-10,1
C0717,2025-11,1
C0607,2025-05,2
C0538,2025-05,4
C0314,2025-05,1
C0645,2025-12,1
C0507,2025-12,1
C0322,2026-02,1
C0411,2026-02,3
C0511,2026-06,1
C0710,2024-02,3
C0540,2024-02,5
C0614,2024-03,1
C0541,2024-03,1
C0586,2024-03,8
C0584,2024-03,7
C0565,2024-03,3
C0604,2024-03,11
C0322,2024-03,1
C0207,2024-08,1
C0561,2024-08,3
C0677,2024-08,7
C0688,2024-08,4
C0673,2024-08,2
C0509,2024-05,5
C0500,2024-12,4
C0353,2023-11,3
C0590,2025-08,11
C0281,2024-02,1
C0621,2023-08,1
C0729,2024-04,1
C0051,2024-07,4
C0729,2024-07,1
C0591,2024-11,3
C0612,2025-02,1
C0709,2025-10,1
C0536,2022-07,1
C0705,2022-05,1
C0633,2022-10,10
C0643,2023-05,1
C0025,2023-10,1
C0116,2024-03,2
C0629,2023-05,1
C0519,2023-06,2
C0471,2023-10,1
C0110,2024-03,1
C0037,2021-10,97
C0158,2021-12,105
C0214,2021-10,25
C0072,2021-12,68
C0113,2021-11,144
C0003,2021-12,16
C0432,2021-10,1
C0194,2021-11,67
C0222,2022-01,120
C0339,2021-11,27
C0053,2021-12,7
C0443,2022-01,113
C0347,2021-01,122
C0033,2020-07,54
C0592,2022-01,49
C0040,2021-07,71
C0642,2021-12,3
C0032,2022-01,6
C0358,2021-03,94
C0371,2021-01,89
C0697,2022-01,9
C0549,2022-03,1
C0019,2022-04,33
C0510,2022-04,33
C0070,2022-05,43
C0185,2022-04,45
C0446,2023-01,176
C0181,2022-04,27
C0409,2022-04,43
C0589,2022-01,1
C0166,2022-04,43
C0015,2022-03,57
C0125,2022-04,35
C0680,2022-04,20
C0394,2022-02,48
C0319,2022-06,26
C0315,2022-03,63
C0123,2022-11,47
C0546,2022-01,2
C0327,2022-09,31
C0210,2022-02,49
C0034,2022-05,43
C0237,2022-05,94
C0232,2022-03,41
C0075,2022-05,45
C0431,2022-03,59
C0100,2022-08,26
C0154,2022-05,47
C0188,2022-05,52
C0613,2022-01,4
C0163,2022-04,3
C0136,2020-09,61
C0312,2020-03,9
C0556,2020-03,11
C0233,2020-10,48
C0671,2021-05,24
C0184,2020-10,170
C0316,2021-05,39
C0237,2020-05,86
C0320,2021-07,38
C0352,2021-03,38
C0073,2021-02,53
C0267,2021-04,38
C0211,2020-02,78
C0141,2020-07,64
C0245,2020-03,76
C0472,2020-02,65
C0026,2020-09,18
C0406,2021-07,19
C0363,2021-10,24
C0393,2020-08,47
C0530,2021-09,59
C0057,2021-01,154
C0736,2021-03,3
C0206,2021-07,76
C0062,2020-01,74
C0058,2020-09,53
C0342,2021-01,74
C0045,2021-01,161
C0146,2021-04,56
C0448,2020-03,35
C0195,2020-02,38
C0075,2020-05,52
C0423,2020-12,54
C0191,2022-06,51
C0176,2022-06,98
C0219,2022-06,42
C0360,2022-06,64
C0295,2022-06,32
C0114,2022-06,50
C0598,2022-06,12
C0615,2022-06,6
C0086,2022-02,48
C0081,2022-06,3
C0366,2022-02,38
C0464,2022-03,39
C0063,2022-07,69
C0280,2022-07,27
C0278,2022-07,82
C0380,2022-05,14
C0272,2022-07,35
C0354,2022-07,56
C0238,2022-07,14
C0242,2022-07,8
C0408,2022-07,51
C0474,2022-07,35
C0035,2022-07,5
C0729,2022-07,3
C0041,2022-07,1
C0703,2022-07,2
C0052,2022-05,1
C0264,2021-10,37
C0402,2021-07,75
C0245,2022-11,81
C0334,2022-11,59
C0346,2022-11,35
C0716,2022-11,4
C0385,2022-10,37
C0328,2022-11,93
C0530,2022-10,60
C0448,2022-11,36
C0050,2022-11,59
C0556,2022-11,52
C0289,2022-09,46
C0217,2022-10,27
C0570,2022-11,9
C0031,2022-10,28
C0227,2022-11,29
C0332,2022-10,9
C0073,2022-09,63
C0312,2022-11,6
C0509,2022-11,15
C0581,2022-11,6
C0518,2022-11,3
C0644,2022-11,4
C0223,2021-08,60
C0488,2022-11,1
C0332,2021-09,17
C0550,2022-11,6
C0593,2022-12,25
C0636,2022-12,11
C0457,2022-12,21
C0300,2022-12,91
C0369,2023-01,307
C0216,2022-12,35
C0366,2023-03,44
C0416,2023-03,43
C0210,2023-03,42
C0362,2023-03,114
C0086,2023-03,76
C0056,2022-08,53
C0338,2023-01,108
C0061,2023-03,67
C0302,2023-01,39
C0394,2023-03,49
C0048,2023-01,99
C0309,2023-03,4
C0020,2023-01,116
C0236,2023-02,47
C0383,2023-02,34
C0343,2022-09,76
C0007,2023-01,90
C0489,2023-03,1
C0428,2022-09,35
C0481,2023-04,43
C0607,2023-04,6
C0213,2023-04,20
C0139,2023-04,22
C0236,2023-04,41
C0128,2023-04,65
C0372,2023-04,18
C0383,2023-04,56
C0095,2023-04,6
C0538,2023-04,3
C0112,2023-04,12
C0451,2020-09,34
C0372,2023-02,19
C0490,2023-04,9
C0689,2023-04,6
C0679,2023-04,1
C0278,2023-07,80
C0729,2023-07,3
C0272,2023-07,34
C0063,2023-07,84
C0408,2023-07,41
C0280,2023-07,35
C0474,2023-07,39
C0354,2023-07,40
C0238,2023-07,14
C0058,2023-08,71
C0451,2023-08,35
C0136,2023-08,42
C0026,2023-08,14
C0743,2023-08,10
C0120,2023-08,24
C0529,2023-08,2
C0368,2023-06,43
C0289,2023-05,38
C0035,2023-07,4
C0066,2023-06,41
C0242,2023-07,8
C0358,2023-09,79
C0584,2023-09,11
C0616,2023-09,29
C0532,2023-09,11
C0565,2023-09,2
C0604,2023-09,10
C0352,2023-09,20
C0210,2023-12,50
C0061,2023-12,91
C0416,2023-12,45
C0366,2023-12,47
C0394,2023-12,71
C0362,2023-12,148
C0086,2023-12,74
C0264,2023-10,63
C0123,2024-08,67
C0309,2023-12,7
C0032,2023-11,2
C0443,2023-11,63
C0742,2022-03,10
C0362,2022-02,72
C0696,2022-03,4
C0720,2022-03,2
C0325,2022-03,1
C0061,2022-02,51
C0416,2022-02,44
C0421,2021-04,24
C0089,2020-08,38
C0288,2020-12,7
C0313,2020-01,125
C0276,2021-04,119
C0140,2020-08,46
C0250,2020-11,40
C0120,2020-09,27
C0028,2020-08,31
C0049,2020-10,4
C0425,2022-05,9
C0750,2022-05,3
C0004,2022-08,44
C0298,2022-09,34
C0012,2022-09,22
C0039,2022-09,3
C0427,2022-09,21
C0531,2022-09,1
C0634,2022-09,14
C0461,2022-08,73
C0469,2022-08,23
C0080,2022-08,79
C0330,2021-01,110
C0664,2022-09,5
C0335,2022-09,1
C0737,2022-09,3
C0135,2022-09,1
C0044,2020-07,27
C0014,2023-01,1
C0437,2021-07,40
C0335,2023-05,2
C0359,2020-04,2
C0197,2020-01,72
C0314,2023-02,2
C0490,2023-02,4
C0095,2023-02,5
C0689,2023-02,7
C0128,2023-02,57
C0450,2020-07,34
C0423,2020-04,33
C0481,2023-02,48
C0124,2023-01,23
C0092,2023-02,1
C0367,2021-07,57
C0112,2023-02,7
C0607,2023-02,3
C0117,2021-11,41
C0213,2023-02,20
C0139,2023-02,10
C0355,2020-01,176
C0579,2022-12,1
C0289,2021-02,28
C0629,2020-01,12
C0486,2020-02,38
C0679,2023-02,1
C0327,2023-05,35
C0155,2023-06,116
C0427,2023-05,12
C0065,2023-06,13
C0543,2023-06,2
C0428,2023-05,42
C0681,2023-06,3
C0634,2023-05,21
C0299,2023-07,3
C0298,2023-05,38
C0051,2023-07,1
C0096,2023-07,2
C0194,2026-05,124
C0041,2023-07,1
C0258,2021-07,83
C0187,2023-07,1
C0326,2023-10,28
C0222,2023-11,53
C0592,2023-11,28
C0266,2023-10,38
C0178,2023-10,51
C0420,2023-10,53
C0152,2023-10,54
C0697,2023-11,2
C0591,2023-01,4
C0392,2023-10,4
C0432,2023-10,4
C0589,2023-11,2
C0214,2023-10,24
C0420,2024-01,84
C0085,2024-02,49
C0152,2024-01,120
C0264,2024-01,308
C0363,2023-10,16
C0037,2024-01,402
C0178,2024-01,112
C0304,2024-03,125
C0221,2024-02,95
C0214,2024-01,99
C0201,2021-01,70
C0428,2021-02,35
C0243,2020-10,51
C0294,2021-01,19
C0643,2020-01,1
C0005,2021-11,21
C0357,2020-01,53
C0501,2020-04,6
C0137,2021-08,38
C0298,2021-02,40
C0171,2021-07,47
C0067,2020-11,130
C0380,2020-05,19
C0427,2021-02,10
C0234,2021-05,44
C0027,2020-12,49
C0247,2020-10,35
C0021,2020-10,37
C0217,2021-09,27
C0059,2021-05,44
C0293,2020-11,34
C0518,2020-03,7
C0328,2020-03,59
C0616,2021-03,19
C0346,2020-03,36
C0509,2020-03,7
C0043,2020-10,31
C0621,2021-07,1
C0527,2022-08,10
C0082,2020-10,27
C0008,2022-08,3
C0016,2021-06,52
C0603,2021-01,37
C0726,2022-05,1
C0594,2022-06,2
C0454,2020-12,35
C0073,2023-05,67
C0343,2023-05,57
C0012,2023-05,29
C0586,2023-09,7
C0322,2023-09,2
C0190,2023-09,1
C0614,2023-09,2
C0638,2023-09,3
C0326,2021-10,19
C0626,2023-09,6
C0110,2023-09,1
C0068,2023-10,27
C0037,2023-10,126
C0602,2023-10,21
C0326,2024-01,75
C0266,2024-01,128
C0252,2024-09,54
C0602,2024-01,64
C0083,2024-09,39
C0363,2024-01,48
C0513,2024-01,6
C0068,2024-01,100
C0728,2020-01,53
C0123,2020-03,30
C0154,2020-05,48
C0070,2020-05,33
C0034,2020-05,33
C0455,2020-02,43
C0454,2020-04,29
C0188,2020-05,45
C0177,2020-02,40
C0027,2020-04,37
C0726,2020-05,1
C0425,2020-05,11
C0388,2020-05,6
C0583,2020-04,8
C0179,2020-04,17
C0750,2020-05,2
C0115,2021-07,38
C0093,2020-08,39
C0665,2020-08,5
C0192,2020-08,48
C0104,2020-07,37
C0168,2020-08,12
C0227,2020-03,27
C0121,2020-11,66
C0166,2024-10,51
C0002,2021-01,81
C0647,2020-11,7
C0662,2021-01,6
C0635,2021-01,7
C0707,2020-12,1
C0462,2020-11,21
C0385,2021-09,32
C0737,2021-02,2
C0343,2021-02,52
C0664,2021-02,3
C0012,2021-02,29
C0327,2021-02,24
C0335,2021-02,1
C0634,2021-02,12
C0531,2021-02,1
C0148,2020-01,2
C0178,2021-10,52
C0626,2021-03,3
C0175,2021-04,39
C0487,2020-11,13
C0249,2021-07,49
C0190,2021-03,2
C0296,2021-04,11
C0263,2021-05,66
C0748,2021-06,1
C0590,2021-05,17
C0516,2021-07,13
C0420,2021-10,31
C0173,2020-01,8
C0348,2021-05,31
C0031,2021-09,44
C0382,2021-11,97
C0545,2021-07,2
C0024,2021-04,17
C0212,2021-08,42
C0129,2020-02,61
C0068,2021-10,41
C0152,2021-10,45
C0266,2021-10,37
C0513,2021-10,1
C0602,2021-10,21
C0392,2021-10,3
C0514,2021-11,4
C0349,2021-11,56
C0506,2022-10,14
C0512,2021-11,5
C0336,2021-11,7
C0042,2021-11,4
C0656,2021-01,1
C0542,2022-03,4
C0695,2022-12,3
C0531,2023-05,4
C0039,2023-05,2
C0737,2023-05,1
C0664,2023-05,2
C0736,2023-09,2
C0541,2023-09,1
C0644,2020-03,6
C0052,2020-05,1
C0288,2020-04,4
C0179,2020-12,14
C0605,2021-11,2
C0718,2021-08,6
C0587,2020-06,16
C0688,2020-06,10
C0207,2020-06,1
C0677,2020-06,3
C0334,2020-03,46
C0633,2020-07,17
C0417,2020-07,35
C0395,2021-08,28
C0700,2020-11,15
C0337,2020-11,11
C0433,2020-11,4
C0501,2020-12,10
C0583,2020-12,4
C0050,2020-03,47
C0604,2021-03,5
C0584,2021-03,17
C0411,2021-03,2
C0614,2021-03,3
C0532,2021-03,6
C0586,2021-03,5
C0116,2021-03,1
C0153,2021-04,24
C0069,2021-04,19
C0345,2021-04,32
C0240,2021-04,22
C0322,2021-03,2
C0476,2021-05,53
C0535,2021-04,2
C0572,2021-05,4
C0471,2021-05,2
C0174,2021-08,12
C0569,2021-08,16
C0022,2021-09,4
C0506,2021-09,9
C0180,2021-09,1
C0581,2020-03,5
C0006,2020-02,2
C0384,2020-02,1
C0550,2020-03,3
C0570,2020-03,6
C0711,2020-04,4
C0575,2020-10,6
C0447,2020-10,2
C0365,2020-10,2
C0625,2020-10,3
C0376,2020-08,2
C0565,2021-03,1
C0738,2021-07,1
C0422,2020-09,1
C0606,2021-08,2
C0517,2021-07,1
C0309,2022-02,1
C0489,2022-02,1
C0716,2020-03,1
C0711,2020-12,2
C0359,2020-12,1
C0541,2021-03,1
C0638,2021-03,1
C0273,2021-06,2
C0588,2021-06,1
C0717,2021-06,1
C0282,2024-07,68
C0628,2021-12,1
C0637,2021-12,1
C0113,2026-05,130
C0339,2026-05,109
C0227,2026-01,207
C0382,2026-05,96
C0005,2026-05,56
C0550,2026-01,52
C0038,2026-03,53
C0448,2026-01,138
C0245,2026-01,257
C0117,2026-05,101
C0050,2026-01,211
C0349,2026-05,60
C0336,2026-05,17
C0605,2026-05,6
C0334,2026-01,121
C0067,2026-07,251
C0487,2026-07,86
C0346,2026-01,215
C0121,2026-07,202
C0556,2026-01,293
C0293,2026-07,120
C0570,2026-01,18
C0123,2026-01,151
C0433,2026-07,8
C0250,2026-07,82
C0700,2026-07,20
C0405,2026-06,104
C0337,2026-07,25
C0328,2026-01,221
C0581,2026-01,20
C0203,2024-07,31
C0463,2026-06,125
C0183,2026-02,94
C0462,2026-07,12
C0647,2026-07,7
C0210,2026-04,112
C0644,2026-01,18
C0264,2025-08,87
C0445,2026-08,43
C0304,2026-02,128
C0086,2026-04,95
C0408,2025-07,53
C0624,2026-06,18
C0238,2025-07,23
C0509,2026-01,26
C0716,2026-01,8
C0394,2024-11,70
C0414,2025-12,103
C0156,2026-03,115
C0488,2026-01,15
C0394,2026-04,123
C0518,2026-01,43
C0108,2023-06,3
C0330,2025-11,141
C0332,2025-10,28
C0057,2025-11,65
C0037,2025-08,162
C0002,2025-11,137
C0723,2025-01,61
C0100,2025-03,30
C0461,2025-03,104
C0603,2025-11,28
C0392,2024-01,17
C0045,2025-11,53
C0371,2025-11,23
C0201,2025-11,42
C0259,2025-01,294
C0294,2025-11,12
C0347,2025-11,36
C0342,2025-11,80
C0394,2025-06,85
C0280,2025-07,51
C0381,2025-01,69
C0662,2025-11,6
C0363,2025-08,17
C0506,2025-09,13
C0506,2025-10,15
C0731,2025-01,2
C0332,2025-09,31
C0151,2025-01,235
C0328,2025-04,98
C0514,2026-05,10
C0063,2025-07,114
C0364,2026-06,44
C0635,2025-11,5
C0256,2025-12,68
C0086,2025-06,74
C0030,2025-12,9
C0354,2025-07,67
C0312,2026-01,22
C0587,2024-05,9
C0105,2025-02,60
C0164,2024-04,27
C0228,2025-05,38
C0164,2026-08,42
C0434,2025-12,61
C0080,2025-03,102
C0019,2024-10,35
C0178,2025-08,67
C0407,2025-05,130
C0530,2025-10,87
C0458,2025-02,25
C0031,2025-09,58
C0203,2026-08,31
C0317,2026-03,72
C0225,2025-05,51
C0200,2026-03,46
C0632,2026-03,7
C0577,2026-03,32
C0216,2024-12,55
C0017,2026-02,32
C0385,2025-09,38
C0077,2025-12,3
C0401,2025-05,22
C0205,2026-02,72
C0493,2026-08,105
C0466,2026-05,7
C0362,2026-04,88
C0309,2025-06,7
C0185,2024-10,57
C0004,2025-03,63
C0266,2025-08,56
C0042,2026-05,5
C0512,2026-05,1
C0290,2026-08,52
C0544,2026-06,2
C0210,2025-06,49
C0725,2026-06,19
C0555,2026-06,24
C0009,2025-02,159
C0282,2026-08,99
C0675,2026-08,34
C0370,2026-08,16
C0536,2026-08,1
C0564,2026-08,19
C0123,2025-04,44
C0457,2024-12,33
C0695,2024-12,12
C0300,2024-12,66
C0353,2026-03,7
C0566,2026-06,15
C0741,2026-08,3
C0740,2026-08,1
C0299,2025-07,9
C0071,2025-02,40
C0370,2024-04,10
C0290,2024-04,49
C0558,2024-03,6
C0432,2024-01,5
C0210,2024-11,56
C0493,2024-07,121
C0203,2024-04,32
C0493,2024-04,110
C0125,2024-10,44
C0564,2024-04,16
C0282,2024-04,47
C0391,2025-05,38
C0445,2024-04,29
C0675,2024-04,20
C0449,2024-04,1
C0741,2024-04,5
C0017,2024-03,33
C0209,2024-03,49
C0037,2024-06,132
C0536,2024-04,3
C0183,2024-03,87
C0205,2024-03,49
C0245,2024-08,71
C0740,2024-04,3
C0609,2024-04,5
C0564,2024-07,24
C0346,2024-08,40
C0266,2024-06,53
C0673,2024-05,2
C0561,2024-05,2
C0231,2024-04,1
C0688,2024-05,8
C0056,2025-03,73
C0445,2024-07,24
C0556,2024-08,83
C0513,2024-06,5
C0420,2024-06,40
C0214,2024-06,26
C0264,2024-06,95
C0178,2024-06,59
C0326,2024-06,28
C0068,2024-06,24
C0152,2024-06,52
C0060,2024-09,206
C0363,2024-06,20
C0432,2024-06,3
C0602,2024-06,13
C0392,2024-06,5
C0050,2024-08,75
C0366,2024-11,37
C0290,2024-07,65
C0675,2024-07,25
C0740,2024-07,1
C0536,2024-07,2
C0164,2024-07,18
C0370,2024-07,8
C0409,2024-10,56
C0510,2024-10,48
C0680,2024-10,19
C0163,2024-10,8
C0619,2024-10,3
C0181,2024-10,23
C0448,2024-08,40
C0160,2024-09,9
C0362,2024-11,86
C0436,2025-02,135
C0415,2024-09,25
C0730,2024-10,1
C0474,2025-07,52
C0245,2025-04,91
C0086,2024-11,62
C0416,2024-11,38
C0061,2024-11,65
C0489,2024-11,3
C0278,2025-07,140
C0537,2025-05,236
C0593,2024-12,54
C0050,2025-04,107
C0145,2025-02,57
C0465,2025-02,52
C0132,2025-02,73
C0246,2025-02,18
C0475,2025-05,63
C0253,2025-02,53
C0551,2025-02,7
C0419,2025-05,64
C0356,2025-02,5
C0214,2025-08,30
C0334,2025-04,67
C0644,2025-04,6
C0495,2025-02,1
C0398,2025-05,71
C0524,2025-05,5
C0412,2025-05,45
C0277,2025-05,75
C0533,2025-05,22
C0167,2025-05,47
C0714,2025-05,36
C0448,2025-04,44
C0396,2025-05,14
C0046,2025-05,32
C0574,2025-05,3
C0193,2025-05,10
C0509,2025-04,7
C0456,2026-06,4
C0674,2026-06,8
C0609,2026-08,1
C0585,2026-08,1
C0231,2026-08,1
C0328,2024-08,69
C0227,2025-04,45
C0334,2024-08,68
C0180,2025-09,3
C0530,2025-09,78
C0217,2025-09,38
C0031,2025-10,43
C0404,2025-12,8
C0385,2025-10,52
C0068,2025-08,36
C0333,2026-02,53
C0209,2026-02,56
C0558,2026-02,8
C0534,2026-02,39
C0420,2025-08,46
C0377,2026-02,2
C0061,2026-04,67
C0366,2026-04,77
C0416,2026-04,57
C0309,2026-04,8
C0527,2025-03,22
C0489,2026-04,4
C0366,2025-06,46
C0008,2025-03,1
C0329,2026-08,3
C0061,2025-06,71
C0362,2025-06,94
C0416,2025-06,49
C0272,2025-07,20
C0035,2025-07,3
C0729,2025-07,3
C0217,2025-10,41
C0180,2025-10,2
C0563,2025-10,1
C0656,2025-11,5
C0051,2025-07,2
C0413,2025-01,1
C0556,2025-04,119
C0346,2025-04,57
C0518,2025-04,13
C0685,2026-02,3
C0687,2026-03,1
C0534,2024-03,14
C0329,2024-04,2
C0227,2024-08,32
C0646,2024-09,1
C0600,2024-09,11
C0079,2024-09,3
C0525,2024-09,2
C0581,2024-08,6
C0636,2024-12,12
C0022,2025-10,1
C0152,2025-08,50
C0312,2025-04,1
C0314,2023-04,1
C0469,2025-03,24
C0716,2025-04,6
C0581,2025-04,9
C0612,2025-03,3
C0570,2025-04,3
C0550,2025-04,11
C0242,2025-07,7
C0096,2025-07,3
C0268,2025-01,2
C0041,2025-07,1
C0187,2025-07,1
C0602,2025-08,22
C0326,2025-08,40
C0550,2024-08,12
C0432,2025-08,2
C0563,2025-09,1
C0022,2025-09,1
C0284,2025-09,1
C0142,2025-12,2
C0312,2024-08,1
C0677,2024-05,7
C0333,2024-03,18
C0685,2024-03,2
C0509,2024-08,8
C0644,2024-08,2
C0488,2024-08,1
C0570,2024-08,4
C0518,2024-08,6
C0392,2025-08,3
C0663,2024-05,1
C0449,2024-07,1
C0585,2024-07,1
C0609,2024-07,1
C0329,2024-07,2
C0741,2024-07,1
C0309,2024-11,5
C0619,2022-04,1
C0051,2022-07,1
C0187,2022-07,1
C0299,2022-07,2
C0022,2022-10,4
C0135,2023-05,1
C0499,2023-01,3
C0538,2023-02,1
C0377,2024-03,1
C0437,2021-12,42
C0115,2021-12,35
C0249,2021-12,26
C0206,2021-12,77
C0402,2021-12,73
C0258,2021-12,97
C0320,2021-12,41
C0349,2021-09,51
C0339,2021-09,31
C0382,2021-09,123
C0040,2021-12,62
C0217,2021-11,33
C0367,2021-12,47
C0313,2021-10,37
C0171,2021-12,54
C0621,2021-12,4
C0516,2021-12,19
C0406,2021-12,10
C0517,2021-12,5
C0280,2022-02,30
C0167,2022-01,87
C0225,2022-01,94
C0537,2022-01,370
C0475,2022-01,67
C0113,2021-09,133
C0391,2022-01,65
C0046,2022-01,34
C0714,2022-01,52
C0228,2022-01,136
C0419,2022-01,115
C0407,2022-01,123
C0401,2022-01,90
C0277,2022-01,81
C0412,2022-01,48
C0398,2022-01,134
C0533,2022-01,25
C0524,2022-01,6
C0027,2021-01,81
C0396,2022-01,42
C0166,2021-04,50
C0185,2021-04,35
C0440,2020-06,25
C0189,2021-08,99
C0193,2022-01,22
C0454,2021-01,61
C0428,2021-05,34
C0423,2021-01,146
C0332,2021-11,18
C0276,2022-04,94
C0069,2022-04,30
C0278,2022-02,87
C0146,2022-04,70
C0267,2022-04,30
C0175,2022-04,45
C0240,2022-04,26
C0184,2022-03,191
C0445,2023-01,33
C0348,2022-09,34
C0082,2022-03,31
C0153,2022-04,13
C0024,2022-04,15
C0408,2022-02,35
C0296,2022-04,19
C0474,2022-02,43
C0345,2022-04,19
C0063,2022-02,66
C0421,2022-04,31
C0574,2022-01,5
C0194,2021-09,60
C0506,2021-11,12
C0035,2022-02,3
C0243,2022-03,51
C0141,2022-05,56
C0044,2022-05,21
C0417,2022-05,30
C0033,2022-05,56
C0233,2022-03,46
C0633,2022-05,20
C0104,2022-05,22
C0214,2020-01,123
C0178,2020-01,114
C0359,2021-01,2
C0326,2020-01,70
C0072,2021-07,37
C0420,2020-01,110
C0452,2020-09,64
C0188,2020-07,42
C0363,2020-01,83
C0104,2020-05,23
C0127,2020-09,45
C0513,2020-01,11
C0264,2020-01,146
C0315,2020-10,39
C0141,2020-05,61
C0037,2020-01,269
C0439,2021-03,16
C0330,2020-12,65
C0235,2020-08,47
C0101,2021-08,24
C0117,2021-09,65
C0297,2022-06,39
C0387,2022-06,46
C0460,2022-06,44
C0745,2022-06,6
C0354,2022-02,50
C0654,2022-04,1
C0450,2022-05,27
C0061,2022-07,65
C0099,2022-06,1
C0366,2022-07,30
C0394,2022-07,68
C0210,2022-07,34
C0416,2022-07,43
C0362,2022-07,96
C0086,2022-07,46
C0489,2022-07,3
C0676,2020-09,19
C0021,2022-03,47
C0229,2022-05,1
C0331,2022-01,1
C0382,2022-10,104
C0194,2022-10,80
C0339,2022-10,30
C0259,2022-11,95
C0113,2022-10,140
C0151,2022-11,69
C0381,2022-11,15
C0005,2022-10,36
C0117,2022-10,52
C0723,2022-11,22
C0418,2021-06,10
C0042,2022-10,1
C0413,2022-11,1
C0349,2022-10,62
C0512,2022-10,6
C0102,2022-12,77
C0285,2022-12,57
C0269,2022-12,60
C0515,2022-12,9
C0410,2022-12,56
C0350,2022-12,89
C0329,2023-01,6
C0303,2022-12,16
C0220,2022-12,29
C0694,2022-12,4
C0238,2023-03,13
C0063,2023-03,88
C0278,2023-03,92
C0354,2023-03,80
C0474,2023-03,52
C0408,2023-03,45
C0272,2023-03,32
C0280,2023-03,32
C0242,2023-03,7
C0493,2023-01,218
C0164,2023-01,90
C0237,2020-07,100
C0282,2023-01,92
C0290,2023-01,105
C0317,2023-02,53
C0096,2023-03,4
C0196,2023-06,85
C0203,2023-01,55
C0035,2023-03,4
C0564,2023-01,38
C0609,2023-01,8
C0083,2022-08,41
C0741,2023-01,12
C0317,2023-04,38
C0200,2023-04,46
C0234,2022-09,39
C0299,2023-03,5
C0156,2023-04,63
C0687,2023-04,4
C0038,2023-04,20
C0632,2023-04,4
C0577,2023-04,7
C0371,2020-12,48
C0187,2023-03,1
C0045,2020-12,85
C0353,2023-04,2
C0038,2023-02,22
C0086,2023-07,54
C0210,2023-07,47
C0362,2023-07,102
C0061,2023-07,61
C0366,2023-07,51
C0672,2023-06,17
C0127,2023-08,45
C0416,2023-07,30
C0394,2023-07,49
C0161,2023-06,41
C0426,2023-08,74
C0230,2023-08,32
C0557,2023-08,40
C0452,2023-08,55
C0429,2023-08,50
C0399,2023-08,82
C0747,2023-08,9
C0713,2023-08,4
C0309,2023-07,7
C0676,2023-08,11
C0675,2023-01,24
C0608,2023-08,2
C0449,2023-01,9
C0375,2023-09,40
C0553,2023-09,13
C0370,2023-01,20
C0430,2023-09,23
C0439,2023-09,17
C0408,2023-12,31
C0278,2023-12,122
C0354,2023-12,80
C0063,2023-12,89
C0280,2023-12,28
C0238,2023-12,25
C0272,2023-12,33
C0228,2023-11,49
C0537,2023-11,210
C0474,2023-12,49
C0469,2024-09,25
C0299,2023-12,6
C0035,2023-12,2
C0396,2023-11,8
C0043,2022-03,26
C0575,2022-03,15
C0247,2022-03,37
C0365,2022-03,1
C0238,2022-02,13
C0617,2022-03,1
C0049,2022-03,5
C0330,2020-04,41
C0347,2020-04,31
C0286,2020-08,66
C0106,2021-08,59
C0355,2021-10,49
C0033,2020-05,54
C0308,2021-06,5
C0671,2021-02,18
C0671,2022-09,22
C0316,2022-09,49
C0476,2022-09,62
C0252,2022-08,40
C0263,2022-09,62
C0059,2022-09,54
C0271,2021-08,41
C0060,2022-08,177
C0309,2022-07,4
C0572,2022-09,16
C0590,2022-09,5
C0160,2022-08,9
C0150,2020-11,23
C0091,2024-02,46
C0471,2022-09,1
C0426,2020-09,76
C0031,2021-11,50
C0156,2023-02,51
C0200,2023-02,30
C0577,2023-02,11
C0687,2023-02,7
C0603,2020-04,14
C0310,2020-11,24
C0632,2023-02,3
C0122,2021-08,134
C0048,2026-08,144
C0429,2020-09,50
C0399,2020-09,89
C0585,2023-01,1
C0374,2023-03,1
C0729,2023-03,1
C0088,2023-06,52
C0441,2023-06,4
C0316,2023-05,43
C0590,2023-05,4
C0208,2023-06,44
C0234,2023-05,38
C0348,2023-05,32
C0109,2023-06,61
C0476,2023-05,78
C0710,2023-06,2
C0059,2023-05,50
C0489,2023-07,1
C0671,2023-05,17
C0277,2023-11,53
C0398,2023-11,54
C0407,2023-11,95
C0167,2023-11,26
C0419,2023-11,68
C0225,2023-11,51
C0401,2023-11,19
C0475,2023-11,69
C0412,2023-11,44
C0391,2023-11,38
C0046,2023-11,24
C0714,2023-11,28
C0533,2023-11,10
C0409,2021-04,44
C0425,2020-07,9
C0193,2023-11,4
C0524,2023-11,4
C0187,2023-12,1
C0355,2023-10,43
C0242,2023-12,5
C0100,2024-09,40
C0729,2023-12,2
C0047,2024-02,77
C0186,2024-02,43
C0519,2024-02,4
C0357,2024-01,116
C0667,2024-02,11
C0018,2020-06,15
C0289,2021-05,41
C0284,2021-11,3
C0272,2022-02,20
C0242,2022-02,6
C0299,2022-02,10
C0298,2021-05,52
C0259,2020-03,61
C0380,2020-07,24
C0130,2020-11,33
C0347,2020-12,41
C0435,2020-06,43
C0266,2020-01,73
C0019,2021-04,46
C0075,2020-07,42
C0327,2021-05,21
C0392,2020-01,19
C0133,2020-11,42
C0070,2020-07,30
C0057,2020-04,60
C0015,2020-10,51
C0076,2020-06,85
C0199,2021-07,2
C0316,2021-02,37
C0375,2021-03,33
C0044,2020-05,18
C0125,2021-04,47
C0263,2021-02,52
C0158,2021-07,92
C0073,2021-05,58
C0152,2020-01,94
C0680,2021-04,22
C0600,2022-08,3
C0525,2022-08,4
C0415,2022-08,18
C0502,2022-06,1
C0079,2022-08,1
C0508,2022-12,2
C0468,2021-06,47
C0145,2026-06,102
C0263,2023-05,72
C0572,2023-05,17
C0471,2023-05,1
C0313,2023-10,28
C0062,2023-10,37
C0357,2023-10,31
C0629,2023-10,4
C0728,2023-10,33
C0197,2023-10,29
C0355,2024-01,119
C0313,2024-01,177
C0728,2024-01,141
C0087,2024-01,2
C0197,2024-01,64
C0062,2024-01,141
C0269,2024-12,53
C0643,2024-01,3
C0629,2024-01,8
C0355,2024-06,40
C0068,2020-01,74
C0432,2020-01,12
C0602,2020-01,26
C0045,2020-04,53
C0002,2020-04,26
C0662,2020-04,3
C0371,2020-04,27
C0450,2020-05,18
C0256,2020-02,47
C0548,2020-08,4
C0201,2020-04,48
C0342,2020-04,52
C0713,2020-09,7
C0417,2020-05,22
C0633,2020-05,23
C0404,2020-02,3
C0693,2020-08,5
C0724,2020-08,1
C0622,2020-08,21
C0557,2020-09,32
C0230,2020-09,35
C0747,2020-09,10
C0134,2020-06,40
C0608,2020-09,3
C0154,2020-07,50
C0057,2020-12,72
C0427,2021-05,13
C0179,2021-01,46
C0583,2021-01,10
C0181,2021-04,23
C0501,2021-01,16
C0294,2020-12,10
C0094,2020-11,42
C0572,2021-02,9
C0707,2021-01,2
C0151,2020-03,43
C0201,2020-12,34
C0711,2021-01,3
C0476,2021-02,55
C0234,2021-02,31
C0059,2021-02,44
C0348,2021-02,26
C0340,2021-06,56
C0678,2021-06,16
C0343,2021-05,57
C0504,2021-06,5
C0163,2021-04,8
C0062,2021-10,40
C0357,2021-10,22
C0197,2021-10,24
C0385,2021-11,54
C0629,2021-10,5
C0728,2021-10,13
C0180,2021-11,4
C0530,2021-11,40
C0087,2021-10,2
C0336,2021-09,9
C0625,2022-03,3
C0288,2021-01,18
C0003,2021-07,12
C0682,2023-09,1
C0709,2020-05,1
C0430,2021-03,35
C0642,2021-07,2
C0267,2024-10,59
C0042,2021-09,7
C0560,2020-06,10
C0414,2020-02,34
C0030,2020-02,4
C0482,2020-06,59
C0480,2020-06,1
C0034,2020-07,36
C0052,2020-07,2
C0750,2020-07,1
C0388,2020-07,4
C0542,2020-10,5
C0464,2020-10,41
C0483,2020-11,45
C0232,2020-10,34
C0202,2020-11,53
C0742,2020-10,7
C0526,2020-11,4
C0431,2020-10,42
C0198,2021-03,1
C0318,2020-11,11
C0342,2020-12,44
C0002,2020-12,39
C0603,2020-12,10
C0656,2020-12,2
C0682,2021-03,3
C0274,2021-03,2
C0553,2021-03,5
C0666,2021-03,1
C0510,2021-04,29
C0012,2021-05,30
C0039,2021-05,1
C0634,2021-05,19
C0619,2021-04,2
C0737,2021-05,3
C0531,2021-05,4
C0664,2021-05,1
C0301,2021-08,24
C0657,2021-08,3
C0005,2021-09,24
C0605,2021-09,5
C0514,2021-09,4
C0512,2021-09,1
C0381,2020-03,7
C0545,2021-12,8
C0738,2021-12,1
C0434,2020-02,2
C0723,2020-03,14
C0294,2020-04,2
C0497,2020-05,1
C0720,2020-10,4
C0696,2020-10,3
C0549,2020-10,1
C0590,2021-02,7
C0119,2020-09,1
C0635,2020-12,4
C0471,2021-02,1
C0097,2021-08,6
C0022,2021-11,2
C0563,2021-11,1
C0187,2022-02,2
C0656,2020-04,2
C0726,2020-07,4
C0643,2021-10,1
C0631,2020-08,1
C0351,2020-08,1
C0662,2020-12,8
C0361,2021-03,2
C0520,2021-06,3
C0148,2021-10,1
C0077,2020-02,1
C0280,2026-04,76
C0354,2026-04,84
C0385,2026-05,54
C0332,2026-05,24
C0381,2026-01,130
C0217,2026-05,45
C0530,2026-05,85
C0031,2026-05,54
C0022,2026-05,3
C0506,2026-05,14
C0151,2026-01,259
C0130,2026-07,215
C0318,2026-07,57
C0202,2026-07,96
C0483,2026-07,89
C0150,2026-07,33
C0094,2026-07,93
C0133,2026-07,86
C0310,2026-07,32
C0009,2026-06,242
C0238,2026-04,38
C0259,2026-01,261
C0526,2026-07,6
C0465,2026-06,52
C0246,2026-06,26
C0723,2026-01,68
C0080,2024-09,101
C0105,2026-06,88
C0324,2024-03,39
C0436,2026-06,240
C0486,2025-12,336
C0349,2025-09,90
C0272,2026-04,68
C0071,2026-06,52
C0372,2026-03,27
C0408,2026-04,91
C0086,2025-07,87
C0356,2026-06,16
C0113,2025-09,97
C0236,2026-03,82
C0007,2026-08,35
C0383,2026-03,98
C0117,2025-09,50
C0458,2026-06,52
C0394,2025-07,97
C0083,2025-03,23
C0112,2026-03,17
C0124,2024-04,28
C0024,2024-10,26
C0389,2026-02,74
C0382,2025-09,96
C0227,2025-01,98
C0514,2025-10,5
C0501,2025-11,28
C0346,2025-01,190
C0423,2025-11,81
C0408,2025-06,52
C0338,2026-08,114
C0027,2025-11,24
C0448,2025-01,148
C0194,2025-10,120
C0334,2025-01,108
C0556,2025-01,335
C0280,2025-06,76
C0711,2025-11,2
C0245,2025-01,243
C0454,2025-11,21
C0288,2025-11,12
C0339,2025-10,67
C0123,2025-01,98
C0113,2025-10,124
C0050,2025-01,230
C0336,2025-09,23
C0194,2025-09,128
C0509,2025-01,30
C0339,2025-09,73
C0005,2025-09,46
C0179,2025-11,60
C0382,2025-10,105
C0550,2025-01,37
C0644,2025-01,14
C0062,2025-08,43
C0328,2025-01,186
C0707,2025-11,3
C0583,2025-11,10
C0124,2026-08,45
C0211,2025-12,90
C0455,2025-12,110
C0177,2025-12,43
C0472,2025-12,72
C0129,2025-12,118
C0195,2025-12,105
C0063,2025-06,83
C0435,2024-05,50
C0226,2026-02,91
C0474,2025-06,59
C0048,2024-04,63
C0242,2025-06,7
C0581,2025-01,16
C0132,2026-06,81
C0421,2024-10,38
C0446,2024-07,72
C0362,2025-07,120
C0463,2025-02,40
C0231,2023-01,3
C0102,2024-12,69
C0512,2025-10,9
C0165,2026-02,27
C0481,2026-03,70
C0538,2026-03,6
C0324,2026-02,29
C0689,2026-03,11
C0350,2024-12,111
C0323,2026-02,61
C0251,2026-02,113
C0446,2026-08,172
C0139,2026-03,28
C0128,2026-03,98
C0607,2026-03,7
C0095,2026-03,8
C0306,2026-02,41
C0490,2026-03,14
C0314,2026-03,5
C0272,2025-06,45
C0309,2025-07,11
C0302,2024-07,46
C0312,2025-01,24
C0042,2025-10,2
C0213,2026-03,38
C0369,2024-04,150
C0051,2023-03,1
C0151,2024-08,83
C0180,2026-05,3
C0004,2024-09,42
C0389,2024-03,46
C0187,2026-04,2
C0270,2026-02,93
C0063,2024-11,88
C0284,2026-05,3
C0253,2026-06,117
C0354,2025-06,95
C0495,2026-06,2
C0238,2024-11,20
C0551,2026-06,9
C0369,2026-08,127
C0020,2026-08,41
C0302,2026-08,77
C0488,2025-01,5
C0410,2024-12,43
C0285,2024-12,60
C0220,2024-12,27
C0679,2026-03,4
C0063,2026-04,117
C0299,2026-04,13
C0474,2026-04,66
C0035,2026-04,4
C0499,2026-08,2
C0359,2025-11,2
C0056,2024-09,71
C0251,2024-03,66
C0270,2024-03,47
C0007,2024-04,51
C0369,2024-07,153
C0338,2024-04,71
C0165,2024-03,18
C0302,2024-04,41
C0521,2024-03,20
C0446,2024-04,61
C0020,2024-04,53
C0276,2024-10,137
C0306,2024-03,34
C0173,2024-01,7
C0323,2024-03,34
C0591,2024-04,2
C0259,2024-08,77
C0670,2024-03,6
C0062,2024-06,34
C0007,2024-07,51
C0146,2024-10,99
C0482,2024-05,89
C0076,2024-05,101
C0440,2024-05,33
C0134,2024-05,43
C0018,2024-05,37
C0560,2024-05,12
C0728,2024-06,47
C0313,2024-06,47
C0197,2024-06,23
C0357,2024-06,30
C0148,2024-06,1
C0461,2024-09,79
C0278,2024-11,145
C0629,2024-06,1
C0060,2025-03,201
C0725,2025-02,3
C0338,2024-07,59
C0173,2024-06,1
C0048,2024-07,48
C0020,2024-07,52
C0226,2024-03,127
C0499,2024-07,4
C0124,2024-07,16
C0321,2024-03,12
C0069,2024-10,28
C0087,2024-06,1
C0153,2024-10,28
C0175,2024-10,59
C0240,2024-10,18
C0296,2024-10,20
C0345,2024-10,24
C0723,2024-08,20
C0381,2024-08,16
C0535,2024-10,2
C0698,2024-09,1
C0527,2024-09,17
C0354,2024-11,51
C0408,2024-11,50
C0280,2024-11,43
C0474,2024-11,38
C0090,2025-03,2
C0518,2025-01,25
C0592,2025-05,40
C0686,2024-03,8
C0570,2025-01,10
C0259,2025-04,105
C0443,2025-05,81
C0716,2025-01,5
C0222,2025-05,64
C0405,2025-02,63
C0555,2025-02,12
C0674,2025-02,4
C0624,2025-02,11
C0364,2025-02,17
C0611,2024-12,3
C0566,2025-02,3
C0694,2024-12,12
C0728,2025-08,76
C0697,2025-05,2
C0117,2025-10,59
C0470,2026-06,5
C0238,2025-06,24
C0591,2026-08,3
C0355,2025-08,38
C0210,2025-07,60
C0006,2025-12,2
C0051,2025-06,3
C0521,2026-02,11
C0719,2026-02,4
C0670,2026-02,3
C0357,2025-08,48
C0686,2026-02,11
C0096,2025-06,3
C0554,2026-02,2
C0381,2025-04,27
C0278,2026-04,139
C0092,2026-03,1
C0321,2026-02,18
C0729,2026-04,4
C0096,2026-04,4
C0051,2026-04,3
C0242,2026-04,6
C0299,2025-06,10
C0373,2026-07,1
C0349,2025-10,69
C0135,2021-05,2
C0366,2025-07,64
C0413,2020-03,1
C0278,2025-06,124
C0035,2025-06,6
C0061,2025-07,74
C0416,2025-07,37
C0723,2025-04,29
C0032,2025-05,3
C0005,2025-10,45
C0605,2025-10,6
C0336,2025-10,23
C0705,2025-10,1
C0197,2025-08,24
C0612,2024-09,2
C0415,2025-03,21
C0413,2026-01,1
C0466,2025-09,1
C0466,2022-10,1
C0499,2024-04,1
C0515,2024-12,16
C0303,2024-12,15
C0466,2025-10,1
C0151,2025-04,100
C0563,2026-05,2
C0525,2025-03,10
C0252,2025-03,34
C0160,2025-03,10
C0079,2025-03,3
C0489,2025-07,1
C0313,2025-08,45
C0187,2025-06,3
C0589,2025-05,1
C0729,2025-06,3
C0041,2025-06,2
C0514,2025-09,4
C0605,2025-09,3
C0087,2025-08,2
C0512,2025-09,9
C0705,2025-09,1
C0272,2024-11,36
C0699,2026-02,1
C0653,2026-02,1
C0653,2024-03,4
C0554,2024-03,2
C0719,2024-03,6
C0305,2022-12,1
C0008,2024-09,1
C0729,2024-11,4
C0173,2025-08,3
C0629,2025-08,1
C0361,2023-09,1
C0591,2024-07,2
C0299,2024-11,5
C0242,2024-11,6
C0035,2024-11,2
C0041,2024-11,1
C0096,2024-11,2
C0148,2024-01,1
C0544,2025-02,1
C0646,2025-03,1
C0090,2022-08,1
C0536,2023-01,4
C0605,2022-10,2
C0514,2022-10,1
C0336,2022-10,8
C0051,2023-12,1
C0740,2023-01,1
C0722,2023-06,1
C0064,2023-06,1
C0540,2023-06,3
C0574,2023-11,1
C0600,2025-03,5
C0268,2022-11,1
C0173,2023-10,2
C0087,2023-10,1
C0026,2021-12,22
C0451,2021-12,56
C0058,2021-12,53
C0380,2021-09,19
C0529,2021-12,4
C0417,2021-11,29
C0120,2021-12,46
C0104,2021-11,31
C0136,2021-12,56
C0427,2021-10,12
C0033,2021-11,71
C0044,2021-11,26
C0141,2021-11,70
C0237,2021-09,110
C0128,2022-01,161
C0139,2022-01,59
C0481,2022-01,74
C0383,2022-01,91
C0689,2022-01,23
C0236,2022-01,50
C0213,2022-01,51
C0372,2022-01,64
C0340,2021-01,189
C0607,2022-01,4
C0112,2022-01,25
C0010,2021-08,29
C0095,2022-01,10
C0214,2021-02,28
C0082,2021-04,33
C0327,2021-10,26
C0418,2021-01,37
C0423,2021-06,71
C0021,2021-04,35
C0583,2021-06,10
C0166,2022-03,45
C0315,2022-04,60
C0015,2022-04,61
C0490,2022-01,10
C0185,2022-03,56
C0464,2022-04,30
C0181,2022-03,36
C0445,2022-02,15
C0431,2022-04,40
C0187,2023-01,41
C0742,2022-04,7
C0232,2022-04,31
C0538,2022-01,3
C0409,2022-03,40
C0163,2022-03,6
C0318,2022-06,19
C0290,2022-02,34
C0164,2022-02,15
C0506,2022-05,10
C0284,2022-05,1
C0031,2022-05,32
C0385,2022-05,32
C0530,2022-05,49
C0332,2022-05,6
C0217,2022-05,18
C0019,2022-03,22
C0022,2022-05,4
C0311,2020-02,49
C0072,2020-09,42
C0435,2020-03,32
C0251,2021-03,48
C0070,2021-09,32
C0316,2020-01,139
C0138,2020-02,51
C0267,2020-10,27
C0678,2021-01,24
C0037,2021-02,71
C0452,2021-07,73
C0234,2020-01,130
C0165,2021-03,26
C0348,2020-01,102
C0421,2020-10,34
C0382,2020-07,97
C0146,2020-10,34
C0429,2021-07,53
C0355,2021-05,50
C0343,2021-10,51
C0076,2020-03,66
C0389,2021-03,37
C0530,2020-05,36
C0027,2021-06,33
C0332,2020-05,14
C0263,2020-01,157
C0468,2021-01,109
C0202,2022-06,81
C0526,2022-06,6
C0310,2022-06,21
C0130,2022-06,41
C0150,2022-06,23
C0133,2022-06,71
C0483,2022-06,58
C0326,2022-09,21
C0094,2022-06,33
C0493,2022-02,68
C0373,2022-06,6
C0369,2022-07,107
C0007,2022-07,35
C0338,2022-07,51
C0302,2022-07,29
C0048,2022-07,44
C0446,2022-07,48
C0020,2022-07,60
C0159,2020-08,30
C0378,2021-08,42
C0124,2022-07,6
C0563,2022-05,2
C0034,2021-09,42
C0435,2022-11,31
C0076,2022-11,109
C0380,2022-10,15
C0034,2022-10,41
C0188,2022-10,60
C0075,2022-10,48
C0482,2022-11,86
C0560,2022-11,12
C0440,2022-11,23
C0425,2022-10,9
C0070,2022-10,41
C0237,2022-10,88
C0134,2022-11,39
C0068,2022-09,47
C0726,2022-10,1
C0018,2022-11,24
C0282,2022-02,27
C0052,2022-10,2
C0214,2022-09,14
C0154,2022-10,36
C0420,2022-09,40
C0480,2022-11,1
C0478,2022-12,87
C0098,2022-12,54
C0485,2022-12,71
C0255,2022-12,64
C0712,2022-12,16
C0290,2023-03,55
C0675,2023-03,15
C0493,2023-03,96
C0278,2023-01,330
C0203,2023-03,25
C0536,2023-03,1
C0729,2023-01,2
C0035,2023-01,25
C0445,2023-03,28
C0564,2023-03,18
C0164,2023-03,22
C0282,2023-03,39
C0474,2023-01,83
C0329,2023-03,2
C0280,2023-01,75
C0370,2023-03,2
C0443,2023-02,53
C0238,2023-01,36
C0354,2023-01,102
C0288,2021-06,7
C0741,2023-03,3
C0408,2023-01,117
C0609,2023-03,2
C0063,2023-01,144
C0585,2023-03,1
C0405,2022-08,46
C0272,2023-01,57
C0125,2022-03,46
C0222,2023-04,56
C0032,2023-04,4
C0592,2023-04,13
C0443,2023-04,39
C0613,2023-04,2
C0697,2023-04,7
C0264,2023-05,53
C0589,2023-04,3
C0048,2023-07,41
C0369,2023-07,130
C0446,2023-07,47
C0302,2023-07,40
C0338,2023-07,76
C0007,2023-07,39
C0020,2023-07,40
C0124,2023-07,10
C0158,2023-08,93
C0072,2023-08,69
C0597,2023-08,1
C0642,2023-08,10
C0085,2023-06,42
C0003,2023-08,8
C0326,2023-05,21
C0242,2023-01,18
C0420,2023-05,73
C0096,2023-01,4
C0165,2023-09,22
C0251,2023-09,56
C0306,2023-09,33
C0323,2023-09,24
C0226,2023-09,127
C0389,2023-09,38
C0270,2023-09,35
C0554,2023-09,2
C0324,2023-09,36
C0521,2023-09,14
C0670,2023-09,7
C0445,2023-12,37
C0493,2023-12,98
C0203,2023-12,32
C0282,2023-12,59
C0675,2023-12,17
C0290,2023-12,52
C0428,2023-10,29
C0164,2023-12,22
C0343,2023-10,70
C0564,2023-12,22
C0609,2023-12,8
C0370,2023-12,6
C0607,2023-11,1
C0329,2023-12,6
C0299,2023-01,15
C0664,2023-10,1
C0680,2022-03,16
C0510,2022-03,41
C0696,2022-04,2
C0619,2022-03,4
C0542,2022-04,4
C0564,2022-02,24
C0720,2022-04,3
C0482,2020-03,46
C0298,2021-10,39
C0194,2020-07,58
C0661,2021-01,5
C0386,2020-08,56
C0339,2020-07,39
C0037,2022-09,115
C0602,2022-09,17
C0178,2022-09,50
C0266,2022-09,38
C0152,2022-09,60
C0264,2022-09,59
C0363,2022-09,22
C0188,2021-09,54
C0555,2022-08,16
C0364,2022-08,25
C0432,2022-09,2
C0463,2022-08,42
C0725,2022-08,7
C0513,2022-09,5
C0095,2023-11,5
C0213,2023-11,19
C0379,2020-08,28
C0674,2022-08,5
C0051,2023-01,28
C0589,2023-02,2
C0222,2023-02,70
C0041,2023-01,3
C0592,2023-02,27
C0697,2023-02,8
C0032,2023-02,5
C0613,2023-02,1
C0073,2021-10,65
C0221,2023-06,73
C0152,2023-05,50
C0392,2023-05,5
C0037,2023-05,123
C0432,2023-05,2
C0068,2023-05,24
C0214,2023-05,19
C0499,2023-07,1
C0481,2023-11,47
C0128,2023-11,78
C0236,2023-11,44
C0139,2023-11,16
C0383,2023-11,50
C0372,2023-11,12
C0327,2023-10,36
C0490,2023-11,8
C0538,2023-11,3
C0112,2023-11,8
C0289,2023-10,35
C0689,2023-11,8
C0449,2023-12,3
C0585,2023-12,1
C0427,2023-10,15
C0740,2023-12,1
C0634,2023-10,20
C0428,2024-01,128
C0327,2024-01,122
C0155,2024-02,183
C0368,2024-02,29
C0065,2024-02,14
C0343,2024-01,253
C0066,2024-02,30
C0073,2024-01,198
C0259,2024-05,89
C0634,2021-10,22
C0609,2022-02,4
C0203,2022-02,22
C0370,2022-02,4
C0679,2022-01,1
C0314,2022-01,1
C0675,2022-02,15
C0449,2022-02,1
C0459,2021-08,51
C0003,2020-09,16
C0016,2020-12,49
C0062,2021-05,51
C0466,2020-07,3
C0243,2021-04,72
C0069,2020-10,37
C0031,2020-05,31
C0276,2020-10,98
C0413,2020-06,1
C0363,2021-02,23
C0024,2020-10,18
C0676,2021-07,17
C0365,2021-04,3
C0075,2021-09,32
C0175,2020-10,36
C0149,2020-08,35
C0127,2021-07,49
C0043,2021-04,35
C0259,2020-06,75
C0182,2020-02,19
C0184,2021-04,176
C0158,2020-09,89
C0521,2021-03,13
C0113,2020-07,164
C0323,2021-03,41
C0134,2020-03,40
C0426,2021-07,64
C0016,2020-04,40
C0178,2021-02,48
C0473,2021-08,45
C0217,2020-05,40
C0170,2020-08,59
C0230,2021-07,25
C0273,2020-12,7
C0264,2021-02,31
C0554,2021-03,5
C0624,2022-08,3
C0544,2022-08,1
C0566,2022-08,5
C0289,2021-10,40
C0059,2020-01,81
C0092,2022-01,1
C0450,2021-11,28
C0011,2020-02,30
C0363,2023-05,21
C0178,2023-05,50
C0266,2023-05,40
C0602,2023-05,21
C0686,2023-09,9
C0321,2023-09,10
C0425,2021-09,8
C0449,2023-03,1
C0298,2023-10,36
C0073,2023-10,57
C0012,2023-10,37
C0039,2023-10,3
C0298,2024-01,84
C0012,2024-01,70
C0362,2024-04,135
C0416,2024-04,66
C0634,2024-01,47
C0289,2024-01,114
C0428,2024-06,59
C0427,2024-01,76
C0210,2024-07,40
C0154,2025-10,60
C0590,2020-01,24
C0476,2020-01,100
C0671,2020-01,40
C0385,2020-05,31
C0151,2020-06,60
C0506,2020-05,13
C0723,2020-06,24
C0143,2020-02,59
C0180,2020-05,1
C0153,2020-10,24
C0224,2020-08,33
C0265,2020-08,11
C0498,2020-08,8
C0582,2020-08,11
C0392,2021-02,1
C0560,2020-03,8
C0642,2020-09,3
C0240,2020-10,19
C0381,2020-06,9
C0270,2021-03,62
C0018,2020-03,11
C0117,2020-07,42
C0053,2020-09,3
C0520,2021-01,8
C0308,2021-01,25
C0306,2021-03,43
C0504,2021-01,6
C0068,2021-02,34
C0420,2021-02,31
C0266,2021-02,43
C0602,2021-02,14
C0152,2021-02,46
C0349,2020-07,75
C0454,2021-06,22
C0179,2021-06,22
C0460,2020-11,38
C0728,2021-05,15
C0399,2021-07,93
C0557,2021-07,33
C0501,2021-06,8
C0313,2021-05,27
C0247,2021-04,48
C0321,2021-03,11
C0357,2021-05,23
C0282,2025-06,85
C0428,2021-10,24
C0012,2021-10,36
C0154,2021-09,54
C0737,2021-10,6
C0039,2021-10,4
C0633,2021-11,11
C0335,2021-10,3
C0709,2021-11,1
C0018,2025-04,25
C0719,2023-09,2
C0653,2023-09,1
C0572,2020-01,8
C0022,2020-05,1
C0563,2020-05,2
C0326,2021-02,30
C0199,2020-09,5
C0750,2021-09,6
C0549,2022-04,1
C0169,2020-02,15
C0055,2020-02,30
C0727,2020-02,26
C0645,2020-02,5
C0552,2020-02,16
C0492,2020-02,1
C0507,2020-02,1
C0336,2020-07,10
C0042,2020-07,2
C0005,2020-07,36
C0512,2020-07,4
C0471,2020-01,5
C0387,2020-11,48
C0345,2020-10,26
C0296,2020-10,18
C0297,2020-11,33
C0745,2020-11,5
C0491,2020-11,3
C0502,2020-11,1
C0099,2020-11,1
C0440,2020-03,38
C0226,2021-03,68
C0324,2021-03,51
C0670,2021-03,12
C0719,2021-03,3
C0653,2021-03,7
C0686,2021-03,3
C0233,2021-04,50
C0432,2021-02,2
C0049,2021-04,2
C0197,2021-05,34
C0447,2021-04,3
C0575,2021-04,5
C0629,2021-05,3
C0173,2021-05,2
C0684,2021-08,8
C0239,2021-08,48
C0650,2021-08,4
C0747,2021-07,5
C0388,2021-09,6
C0422,2021-12,1
C0576,2020-02,2
C0539,2020-02,2
C0273,2020-04,1
C0513,2021-02,2
C0637,2020-09,1
C0608,2021-07,1
C0713,2021-07,1
C0052,2021-09,4
C0497,2021-11,3
C0329,2022-02,5
C0536,2022-02,1
C0585,2022-02,1
C0741,2022-02,2
C0740,2022-02,1
C0605,2020-07,1
C0514,2020-07,2
C0739,2020-08,5
C0704,2020-08,1
C0260,2020-08,2
C0625,2021-04,3
C0015,2024-10,59
C0707,2021-06,1
C0087,2021-05,1
C0726,2021-09,2
C0588,2020-12,1
C0531,2021-10,2
C0076,2026-01,409
C0033,2026-05,79
C0450,2026-05,54
C0193,2026-03,16
C0417,2026-05,63
C0633,2026-05,33
C0553,2026-02,34
C0018,2026-01,149
C0435,2026-01,210
C0104,2026-05,42
C0044,2026-05,45
C0141,2026-05,98
C0398,2026-03,62
C0560,2026-01,34
C0418,2025-11,34
C0297,2026-07,102
C0460,2026-07,80
C0004,2026-06,94
C0537,2026-03,247
C0482,2026-01,287
C0387,2026-07,47
C0527,2026-06,26
C0056,2026-06,113
C0445,2026-04,53
C0440,2026-01,49
C0080,2026-06,121
C0134,2026-01,93
C0401,2026-03,126
C0048,2025-07,74
C0745,2026-07,7
C0282,2026-04,108
C0484,2025-12,89
C0362,2026-08,75
C0203,2025-06,33
C0329,2026-04,3
C0100,2026-06,105
C0099,2026-07,7
C0277,2026-03,27
C0237,2025-10,168
C0430,2026-02,22
C0237,2025-09,166
C0307,2025-12,146
C0380,2025-09,17
C0461,2026-06,143
C0225,2026-03,53
C0435,2025-04,59
C0489,2026-08,5
C0468,2025-11,192
C0290,2024-11,65
C0034,2025-10,46
C0327,2025-08,44
C0070,2025-09,67
C0154,2025-09,56
C0340,2025-11,62
C0308,2025-11,23
C0678,2025-11,14
C0070,2025-10,78
C0001,2025-11,6
C0210,2026-08,124
C0750,2025-10,9
C0412,2026-03,77
C0338,2025-07,86
C0520,2025-11,5
C0587,2025-01,72
C0493,2025-06,118
C0504,2025-11,9
C0200,2025-05,53
C0156,2025-05,69
C0254,2025-12,232
C0275,2025-12,66
C0630,2025-12,18
C0292,2025-12,48
C0103,2025-12,73
C0241,2025-12,116
C0029,2025-12,52
C0403,2025-12,15
C0721,2025-03,4
C0289,2025-08,43
C0380,2025-10,19
C0369,2025-07,201
C0428,2025-08,51
C0210,2024-04,50
C0458,2024-09,30
C0164,2024-11,22
C0252,2025-02,48
C0343,2025-08,97
C0419,2026-03,67
C0228,2026-03,91
C0391,2026-03,41
C0714,2026-03,39
C0407,2026-03,115
C0396,2026-03,39
C0167,2026-03,39
C0533,2026-03,43
C0052,2025-10,2
C0098,2024-12,42
C0046,2026-03,54
C0524,2026-03,9
C0475,2026-03,82
C0039,2024-01,8
C0574,2026-03,5
C0677,2025-01,16
C0427,2025-08,16
C0327,2024-06,35
C0439,2026-02,20
C0232,2024-10,38
C0394,2024-04,76
C0020,2025-07,59
C0416,2026-08,44
C0561,2025-01,10
C0362,2024-07,100
C0164,2025-06,18
C0482,2025-04,106
C0709,2026-05,1
C0675,2024-11,31
C0370,2026-04,13
C0469,2026-06,14
C0290,2026-04,40
C0394,2026-08,115
C0086,2026-08,93
C0366,2026-08,68
C0061,2026-08,73
C0075,2025-09,53
C0134,2025-04,45
C0361,2026-02,1
C0309,2026-08,4
C0679,2023-11,1
C0151,2024-05,86
C0436,2024-09,136
C0366,2024-04,47
C0531,2024-01,5
C0737,2024-01,8
C0431,2024-10,54
C0061,2024-04,68
C0430,2024-03,26
C0246,2024-09,10
C0086,2024-04,72
C0634,2024-06,20
C0309,2024-04,2
C0061,2024-07,76
C0309,2024-07,8
C0343,2024-06,61
C0723,2024-05,18
C0018,2024-08,31
C0439,2024-03,13
C0464,2024-10,48
C0381,2024-05,14
C0009,2024-09,170
C0012,2024-06,27
C0039,2024-06,2
C0073,2024-06,68
C0289,2024-06,53
C0298,2024-06,32
C0482,2024-08,96
C0427,2024-06,12
C0255,2024-12,82
C0375,2024-03,48
C0076,2024-08,94
C0134,2024-08,42
C0282,2024-11,45
C0060,2025-02,198
C0664,2024-06,1
C0086,2024-07,71
C0366,2024-07,54
C0416,2024-07,37
C0394,2024-07,76
C0315,2024-10,77
C0542,2024-10,15
C0720,2024-10,6
C0105,2024-09,54
C0463,2025-03,44
C0564,2024-11,11
C0696,2024-10,4
C0071,2024-09,34
C0325,2024-10,2
C0132,2024-09,96
C0742,2024-10,5
C0445,2024-11,34
C0456,2025-03,1
C0145,2024-09,60
C0203,2024-11,30
C0445,2025-06,22
C0632,2025-05,4
C0549,2024-10,2
C0493,2024-11,116
C0675,2025-06,31
C0478,2024-12,116
C0405,2025-03,60
C0688,2025-01,13
C0663,2025-01,4
C0712,2024-12,29
C0131,2025-01,3
C0600,2025-02,7
C0525,2025-02,2
C0160,2025-02,6
C0415,2025-02,19
C0083,2025-02,28
C0090,2025-02,1
C0317,2025-05,59
C0038,2025-05,33
C0577,2025-05,24
C0449,2026-04,2
C0164,2026-04,14
C0612,2026-06,3
C0353,2025-05,4
C0446,2025-07,106
C0564,2026-04,14
C0502,2026-07,3
C0188,2025-09,74
C0591,2025-07,4
C0674,2025-03,5
C0388,2025-10,6
C0188,2025-10,53
C0364,2025-03,22
C0073,2025-08,56
C0750,2025-09,16
C0012,2025-08,38
C0578,2025-12,6
C0493,2026-04,107
C0034,2025-09,31
C0375,2026-02,38
C0425,2025-10,18
C0477,2025-01,1
C0284,2020-05,1
C0274,2026-02,2
C0331,2026-03,2
C0480,2026-01,3
C0675,2026-04,48
C0203,2026-04,35
C0634,2025-08,13
C0740,2026-04,2
C0741,2026-04,6
C0536,2026-04,2
C0008,2026-06,3
C0054,2026-06,1
C0231,2026-04,9
C0564,2025-06,34
C0290,2025-06,50
C0370,2025-06,6
C0741,2025-06,2
C0609,2025-06,8
C0449,2025-06,1
C0725,2025-03,8
C0124,2025-07,33
C0007,2025-07,58
C0302,2025-07,56
C0499,2025-07,8
C0425,2025-09,8
C0075,2025-10,64
C0560,2025-04,19
C0682,2026-02,2
C0335,2024-01,2
C0135,2024-01,5
C0639,2024-04,1
C0253,2024-09,56
C0737,2024-06,3
C0465,2024-09,52
C0435,2024-08,33
C0551,2024-09,6
C0646,2025-02,2
C0356,2024-09,2
C0726,2025-10,5
C0497,2026-05,1
C0485,2024-12,72
C0440,2025-04,23
C0298,2025-08,27
C0673,2025-01,6
C0076,2025-04,117
C0555,2025-03,25
C0207,2025-01,1
C0566,2025-03,3
C0624,2025-03,10
C0135,2025-08,1
C0687,2025-05,3
C0740,2025-06,1
C0329,2025-06,2
C0726,2025-09,3
C0052,2025-09,1
C0585,2026-04,2
C0543,2024-02,6
C0274,2024-03,1
C0553,2024-03,14
C0560,2024-08,20
C0440,2024-08,20
C0480,2024-08,2
C0531,2025-08,6
C0737,2025-08,2
C0669,2025-08,2
C0664,2024-01,2
C0681,2024-02,2
C0314,2023-11,2
C0489,2024-07,1
C0370,2024-11,8
C0609,2024-11,2
C0741,2024-11,5
C0740,2024-11,2
C0536,2024-11,1
C0449,2024-11,1
C0585,2024-11,1
C0329,2024-11,3
C0620,2025-02,1
C0536,2025-06,1
C0499,2022-07,3
C0014,2022-07,1
C0392,2022-09,1
C0388,2022-10,3
C0374,2023-01,1
C0438,2023-06,2
C0531,2023-10,4
C0660,2023-10,3
C0335,2023-10,1
C0199,2023-08,1
C0750,2022-10,4
C0737,2023-10,3
C0528,2022-12,1
C0128,2021-11,95
C0002,2021-12,56
C0057,2021-12,58
C0045,2021-12,82
C0371,2021-12,40
C0342,2021-12,52
C0330,2021-12,74
C0372,2021-11,26
C0662,2021-12,8
C0294,2021-12,12
C0347,2021-12,38
C0603,2021-12,17
C0201,2021-12,38
C0417,2022-01,60
C0044,2022-01,54
C0141,2022-01,152
C0104,2022-01,73
C0401,2020-05,28
C0452,2021-06,82
C0285,2020-01,89
C0072,2021-01,114
C0033,2022-01,151
C0206,2020-04,66
C0450,2022-01,73
C0497,2022-01,2
C0423,2021-07,54
C0158,2021-01,251
C0709,2022-01,1
C0179,2021-07,19
C0027,2021-07,28
C0681,2022-02,2
C0155,2022-02,109
C0172,2022-04,39
C0622,2022-06,27
C0301,2022-03,29
C0189,2022-03,76
C0112,2021-11,14
C0122,2022-03,131
C0066,2022-02,33
C0537,2022-05,152
C0407,2022-05,62
C0391,2022-05,31
C0277,2022-05,70
C0419,2022-05,54
C0398,2022-05,54
C0167,2022-05,26
C0228,2022-05,32
C0225,2022-05,40
C0714,2022-05,23
C0412,2022-05,35
C0475,2022-05,56
C0401,2022-05,17
C0046,2022-05,23
C0396,2022-05,16
C0533,2022-05,16
C0193,2022-05,3
C0101,2022-03,25
C0303,2020-01,36
C0270,2020-06,71
C0127,2021-06,46
C0437,2020-12,45
C0478,2021-02,53
C0223,2020-10,31
C0378,2021-04,35
C0418,2020-09,10
C0460,2020-08,34
C0156,2021-09,53
C0230,2021-06,31
C0365,2021-08,2
C0399,2021-06,82
C0259,2021-03,70
C0429,2021-06,49
C0137,2020-10,42
C0115,2020-12,40
C0258,2020-04,64
C0021,2021-08,44
C0115,2020-04,37
C0255,2021-02,54
C0306,2020-06,49
C0661,2020-09,3
C0305,2020-01,2
C0206,2020-12,67
C0102,2020-01,177
C0396,2020-05,15
C0324,2020-06,45
C0286,2022-06,81
C0235,2022-06,57
C0548,2022-06,4
C0351,2022-06,4
C0106,2022-03,57
C0724,2022-06,4
C0631,2022-06,4
C0261,2022-06,1
C0693,2022-06,4
C0196,2022-07,58
C0161,2022-07,16
C0109,2022-07,57
C0672,2022-07,15
C0088,2022-07,27
C0208,2022-07,17
C0710,2022-07,3
C0107,2022-04,10
C0441,2022-07,3
C0368,2022-02,33
C0524,2022-05,6
C0722,2022-07,1
C0575,2021-08,7
C0540,2022-07,5
C0317,2022-10,38
C0038,2022-10,28
C0553,2022-11,10
C0375,2022-11,45
C0098,2022-09,32
C0430,2022-11,22
C0439,2022-11,11
C0200,2022-10,28
C0156,2022-10,40
C0143,2022-08,62
C0682,2022-11,2
C0666,2022-11,4
C0200,2021-09,50
C0577,2022-10,9
C0266,2022-12,49
C0326,2022-12,20
C0037,2022-12,132
C0178,2022-12,55
C0152,2022-12,66
C0363,2022-12,24
C0068,2022-12,36
C0420,2022-12,52
C0602,2022-12,26
C0264,2022-12,65
C0214,2022-12,22
C0155,2023-03,187
C0368,2023-03,37
C0065,2023-03,17
C0667,2023-01,32
C0117,2023-02,42
C0047,2023-01,126
C0066,2023-03,27
C0543,2023-03,5
C0727,2022-08,38
C0055,2022-08,33
C0382,2023-02,106
C0040,2020-12,45
C0194,2023-02,60
C0005,2023-02,35
C0681,2023-03,5
C0228,2020-05,60
C0194,2023-04,85
C0113,2023-04,117
C0339,2023-04,25
C0117,2023-04,37
C0349,2023-04,57
C0382,2023-04,90
C0005,2023-04,38
C0113,2023-02,112
C0139,2021-11,17
C0336,2023-04,7
C0512,2023-04,9
C0042,2023-04,3
C0161,2023-07,31
C0196,2023-07,63
C0109,2023-07,65
C0091,2023-01,38
C0064,2023-07,2
C0086,2023-06,81
C0208,2023-07,30
C0468,2023-08,55
C0340,2023-08,57
C0678,2023-08,14
C0520,2023-08,8
C0418,2023-08,13
C0308,2023-08,4
C0504,2023-08,6
C0661,2023-08,1
C0001,2023-08,2
C0394,2023-06,60
C0259,2023-09,71
C0723,2023-09,26
C0151,2023-09,68
C0381,2023-09,15
C0155,2023-12,186
C0066,2023-12,34
C0368,2023-12,28
C0681,2023-12,5
C0065,2023-12,14
C0104,2023-11,34
C0543,2023-12,3
C0271,2022-03,37
C0097,2022-03,15
C0657,2022-03,5
C0627,2022-03,2
C0065,2022-02,14
C0218,2021-05,65
C0553,2020-03,5
C0430,2020-03,21
C0697,2020-07,6
C0350,2020-01,293
C0574,2022-05,1
C0478,2022-09,92
C0485,2022-09,61
C0255,2022-09,55
C0712,2022-09,13
C0323,2020-06,34
C0182,2022-08,9
C0170,2020-11,68
C0003,2021-01,44
C0138,2022-08,56
C0311,2022-08,47
C0678,2020-09,21
C0149,2020-11,44
C0159,2020-11,26
C0169,2022-08,59
C0199,2021-01,8
C0038,2021-09,30
C0519,2023-01,13
C0186,2023-01,57
C0309,2023-06,5
C0349,2023-02,62
C0392,2022-12,5
C0426,2021-06,66
C0514,2023-02,2
C0336,2023-02,13
C0512,2023-02,5
C0339,2023-02,27
C0432,2022-12,3
C0605,2023-02,3
C0042,2023-02,7
C0236,2021-11,39
C0340,2020-09,51
C0167,2020-05,28
C0061,2023-06,55
C0416,2023-06,38
C0362,2023-06,101
C0210,2023-06,46
C0366,2023-06,41
C0098,2023-05,37
C0088,2023-07,36
C0672,2023-07,11
C0710,2023-07,3
C0281,2023-07,1
C0419,2020-05,57
C0540,2023-07,4
C0424,2021-05,28
C0441,2023-07,4
C0044,2023-11,31
C0141,2023-11,68
C0417,2023-11,45
C0033,2023-11,42
C0450,2023-11,28
C0633,2023-11,16
C0709,2023-11,1
C0237,2025-05,163
C0268,2023-09,1
C0216,2023-10,25
C0290,2024-02,55
C0203,2024-02,31
C0695,2024-01,28
C0282,2024-02,52
C0370,2024-02,6
C0138,2025-03,86
C0457,2024-01,153
C0564,2024-02,22
C0493,2024-02,84
C0445,2024-02,20
C0221,2024-07,102
C0633,2022-01,22
C0300,2021-10,22
C0213,2021-11,21
C0543,2022-02,3
C0410,2020-01,100
C0405,2020-02,31
C0171,2020-12,50
C0723,2021-03,17
C0308,2020-09,14
C0184,2021-08,198
C0459,2021-04,55
C0387,2020-08,39
C0386,2020-11,30
C0251,2020-06,46
C0725,2020-02,7
C0443,2020-07,57
C0165,2020-06,34
C0468,2020-09,41
C0243,2021-08,63
C0220,2020-01,68
C0247,2021-08,51
C0406,2020-04,19
C0545,2020-12,4
C0391,2020-05,33
C0515,2020-01,19
C0249,2020-04,36
C0475,2020-05,55
C0225,2020-05,42
C0473,2021-04,43
C0379,2020-11,25
C0576,2022-08,7
C0011,2022-08,49
C0258,2020-12,91
C0552,2022-08,19
C0539,2022-08,4
C0645,2022-08,4
C0492,2022-08,2
C0623,2022-04,1
C0513,2022-12,2
C0735,2022-01,1
C0485,2023-05,49
C0478,2023-05,88
C0255,2023-05,54
C0457,2023-10,15
C0593,2023-10,40
C0636,2023-10,8
C0300,2023-10,48
C0695,2023-10,3
C0636,2024-01,49
C0216,2024-01,101
C0300,2024-01,73
C0593,2024-01,144
C0389,2024-05,46
C0085,2024-04,35
C0164,2024-02,21
C0269,2020-01,194
C0694,2020-01,12
C0171,2020-04,29
C0402,2020-04,57
C0437,2020-04,26
C0040,2020-04,57
C0226,2020-06,78
C0524,2020-05,2
C0398,2020-05,37
C0517,2020-04,4
C0046,2020-05,26
C0277,2020-05,43
C0320,2020-04,37
C0412,2020-05,21
C0407,2020-05,18
C0367,2020-04,46
C0714,2020-05,13
C0375,2020-03,42
C0545,2020-04,6
C0516,2020-04,14
C0193,2020-05,3
C0533,2020-05,10
C0297,2020-08,32
C0745,2020-08,6
C0521,2020-06,8
C0504,2020-09,2
C0395,2020-10,44
C0520,2020-09,4
C0557,2021-06,27
C0249,2020-12,39
C0367,2020-12,43
C0516,2020-12,10
C0320,2020-12,35
C0597,2021-01,2
C0738,2020-12,3
C0642,2021-01,9
C0637,2021-01,5
C0066,2024-11,26
C0188,2025-05,61
C0592,2020-07,18
C0402,2020-12,68
C0712,2021-02,7
C0485,2021-02,40
C0098,2021-02,28
C0010,2021-04,28
C0463,2020-02,20
C0676,2021-06,9
C0713,2021-06,7
C0583,2021-07,8
C0383,2021-11,55
C0144,2021-05,33
C0151,2021-03,71
C0747,2021-06,2
C0454,2021-07,33
C0666,2020-03,2
C0501,2021-07,8
C0707,2021-07,2
C0288,2021-07,4
C0711,2021-07,1
C0216,2021-10,27
C0457,2021-10,37
C0593,2021-10,18
C0636,2021-10,2
C0695,2021-10,2
C0239,2021-04,44
C0095,2021-11,7
C0490,2021-11,7
C0481,2021-11,42
C0317,2021-09,40
C0043,2021-08,44
C0689,2021-11,10
C0314,2021-11,1
C0406,2020-12,21
C0222,2020-07,82
C0712,2023-05,14
C0413,2023-09,1
C0566,2020-02,4
C0537,2020-05,129
C0508,2020-01,1
C0331,2020-05,1
C0389,2020-06,34
C0212,2020-10,49
C0053,2021-01,5
C0607,2021-11,3
C0601,2022-04,4
C0555,2020-02,12
C0718,2020-10,9
C0364,2020-02,16
C0674,2020-02,2
C0456,2020-02,1
C0544,2020-02,2
C0686,2020-06,4
C0719,2020-06,2
C0321,2020-06,6
C0653,2020-06,1
C0554,2020-06,3
C0670,2020-06,11
C0546,2020-07,2
C0032,2020-07,6
C0589,2020-07,1
C0569,2020-10,17
C0224,2020-11,32
C0174,2020-10,10
C0582,2020-11,9
C0265,2020-11,10
C0498,2020-11,8
C0739,2020-11,5
C0606,2020-10,6
C0381,2021-03,6
C0684,2021-04,7
C0650,2021-04,4
C0608,2021-06,2
C0082,2021-08,32
C0746,2021-05,13
C0500,2021-05,3
C0233,2021-08,51
C0687,2021-09,8
C0353,2021-09,5
C0632,2021-09,5
C0577,2021-09,7
C0635,2021-12,4
C0439,2020-03,16
C0528,2021-02,2
C0049,2021-08,2
C0617,2021-08,1
C0625,2021-08,1
C0538,2021-11,1
C0281,2022-07,1
C0682,2020-03,1
C0491,2020-08,1
C0502,2020-08,2
C0613,2020-07,1
C0517,2020-12,3
C0413,2021-03,1
C0128,2026-05,98
C0236,2026-05,90
C0481,2026-05,72
C0112,2026-05,17
C0375,2026-01,147
C0439,2026-01,98
C0213,2026-05,35
C0372,2026-05,39
C0383,2026-05,76
C0689,2026-05,9
C0208,2025-07,39
C0472,2026-06,49
C0224,2026-07,108
C0386,2026-07,47
C0170,2026-07,198
C0159,2026-07,88
C0455,2026-06,100
C0486,2026-06,224
C0265,2026-07,38
C0129,2026-06,130
C0379,2026-07,32
C0553,2026-01,117
C0134,2024-03,55
C0195,2026-06,105
C0149,2026-07,18
C0498,2026-07,25
C0739,2026-07,9
C0458,2025-12,83
C0006,2026-06,8
C0582,2026-07,11
C0177,2026-06,38
C0430,2026-01,59
C0577,2025-10,23
C0196,2025-07,100
C0332,2026-03,32
C0479,2026-07,1
C0134,2026-02,42
C0156,2025-09,66
C0356,2025-12,20
C0506,2026-03,25
C0490,2026-05,8
C0484,2024-09,44
C0375,2025-04,45
C0256,2025-02,81
C0072,2025-11,145
C0352,2025-01,100
C0632,2025-09,6
C0158,2025-11,126
C0616,2025-01,61
C0637,2025-11,4
C0003,2025-11,25
C0540,2025-07,11
C0161,2025-07,50
C0311,2025-03,51
C0604,2025-01,41
C0626,2025-01,14
C0169,2025-03,98
C0038,2025-10,39
C0358,2025-01,278
C0584,2025-01,42
C0105,2025-12,100
C0066,2025-06,25
C0088,2025-07,71
C0353,2025-10,5
C0736,2025-01,13
C0632,2025-10,4
C0532,2025-01,77
C0156,2025-10,69
C0597,2025-11,8
C0143,2025-03,75
C0436,2025-12,241
C0009,2025-12,239
C0465,2025-12,97
C0253,2025-12,119
C0190,2025-01,3
C0145,2025-12,80
C0132,2025-12,102
C0246,2025-12,33
C0425,2025-05,16
C0200,2025-10,66
C0274,2026-01,2
C0071,2025-12,54
C0216,2024-06,37
C0270,2024-05,65
C0565,2025-01,13
C0666,2026-01,3
C0172,2024-10,58
C0216,2025-08,18
C0494,2026-01,2
C0420,2024-12,56
C0385,2026-03,68
C0031,2026-03,67
C0217,2026-03,33
C0180,2026-03,3
C0530,2026-03,62
C0284,2026-03,9
C0435,2026-02,68
C0221,2024-04,98
C0368,2026-04,51
C0139,2026-05,28
C0679,2026-05,2
C0095,2026-05,10
C0018,2026-02,63
C0593,2024-06,34
C0038,2025-09,36
C0211,2026-06,90
C0553,2024-08,27
C0200,2025-09,51
C0607,2026-05,3
C0551,2025-12,10
C0178,2024-12,68
C0152,2024-12,56
C0497,2023-11,3
C0260,2026-07,1
C0221,2026-08,99
C0065,2026-04,21
C0085,2026-08,59
C0214,2024-12,33
C0300,2025-08,59
C0108,2023-12,1
C0076,2024-03,86
C0266,2024-12,57
C0326,2024-12,24
C0251,2024-05,83
C0482,2024-03,93
C0065,2024-11,25
C0435,2024-03,33
C0226,2024-05,121
C0154,2025-05,63
C0375,2024-08,28
C0292,2024-09,25
C0329,2024-02,1
C0521,2024-05,21
C0324,2024-05,36
C0321,2024-05,10
C0306,2024-05,35
C0323,2024-05,38
C0165,2024-05,23
C0496,2024-05,1
C0719,2024-05,7
C0438,2024-04,6
C0300,2024-06,59
C0457,2024-06,33
C0636,2024-06,16
C0670,2024-05,9
C0695,2024-06,5
C0307,2024-09,47
C0579,2024-06,1
C0438,2024-07,3
C0085,2024-07,42
C0254,2024-09,156
C0630,2024-09,18
C0155,2024-11,203
C0037,2024-12,185
C0430,2024-08,10
C0559,2024-10,1
C0107,2024-10,7
C0623,2024-10,6
C0601,2024-10,3
C0602,2024-12,40
C0029,2024-09,43
C0241,2024-09,76
C0553,2025-04,29
C0439,2024-08,15
C0368,2024-11,23
C0543,2024-11,7
C0011,2025-03,92
C0586,2025-01,23
C0264,2024-12,113
C0322,2025-01,6
C0541,2025-01,7
C0109,2025-07,109
C0414,2025-02,51
C0077,2025-02,2
C0672,2025-07,29
C0432,2024-12,4
C0075,2025-05,45
C0030,2025-02,3
C0750,2025-05,7
C0070,2025-05,63
C0034,2025-05,59
C0439,2025-04,24
C0380,2025-05,26
C0430,2025-04,17
C0668,2026-03,2
C0384,2026-06,3
C0066,2026-04,57
C0704,2026-07,1
C0438,2026-08,1
C0368,2025-06,37
C0574,2020-05,1
C0411,2025-01,2
C0638,2025-01,4
C0116,2025-01,2
C0155,2025-06,218
C0440,2024-03,14
C0053,2025-11,2
C0103,2024-09,29
C0482,2026-02,108
C0076,2026-02,126
C0440,2026-02,15
C0457,2025-08,37
C0560,2026-02,14
C0155,2026-04,250
C0681,2026-04,4
C0543,2026-04,4
C0108,2026-04,1
C0065,2025-06,25
C0543,2025-06,8
C0441,2025-07,6
C0710,2025-07,4
C0577,2025-09,30
C0317,2025-09,69
C0317,2025-10,70
C0614,2025-01,5
C0687,2025-10,6
C0275,2024-09,65
C0642,2025-11,10
C0470,2025-12,2
C0593,2025-08,54
C0388,2025-05,2
C0392,2024-12,8
C0182,2025-03,17
C0538,2026-05,1
C0560,2024-03,11
C0018,2024-03,19
C0578,2024-09,6
C0403,2024-09,11
C0274,2024-08,1
C0068,2024-12,33
C0363,2024-12,33
C0727,2025-03,47
C0055,2025-03,30
C0314,2026-05,1
C0092,2026-05,1
C0740,2024-02,2
C0576,2025-03,20
C0552,2025-03,23
C0492,2025-03,1
C0539,2025-03,3
C0064,2025-07,2
C0722,2025-07,1
C0110,2025-01,1
C0636,2025-08,11
C0695,2025-08,6
C0681,2025-06,2
C0353,2025-09,5
C0687,2025-09,1
C0726,2025-05,1
C0645,2025-03,2
C0361,2026-01,1
C0274,2020-03,1
C0675,2024-02,16
C0449,2024-02,1
C0609,2024-02,4
C0741,2024-02,4
C0536,2024-02,1
C0554,2024-05,3
C0513,2024-12,4
C0666,2025-04,1
C0052,2025-05,1
C0585,2024-02,1
C0686,2024-05,4
C0653,2024-05,4
C0666,2024-08,1
C0681,2024-11,3
C0404,2025-02,2
C0260,2020-11,1
C0064,2022-07,1
C0353,2022-10,2
C0568,2022-10,1
C0489,2023-06,6
C0687,2022-10,4
C0652,2023-01,1
C0122,2021-12,138
C0206,2021-08,69
C0189,2021-12,81
C0472,2021-11,59
C0271,2021-12,58
C0106,2021-12,67
C0177,2021-11,49
C0129,2021-11,68
C0211,2021-11,64
C0097,2021-12,12
C0176,2021-10,82
C0301,2021-12,24
C0487,2021-05,17
C0056,2022-01,98
C0100,2022-01,52
C0461,2022-01,199
C0080,2022-01,159
C0469,2022-01,57
C0004,2022-01,114
C0008,2022-01,13
C0527,2022-01,21
C0195,2021-11,50
C0315,2021-01,99
C0657,2021-12,3
C0040,2021-08,69
C0015,2021-01,101
C0223,2021-07,47
C0101,2021-12,29
C0267,2021-06,46
C0282,2021-03,36
C0011,2020-07,36
C0057,2022-03,59
C0347,2022-03,21
C0468,2022-04,49
C0270,2022-02,49
C0308,2022-04,8
C0323,2022-02,27
C0165,2022-02,17
C0001,2022-04,4
C0251,2022-02,47
C0520,2022-04,7
C0371,2022-03,33
C0045,2022-03,54
C0678,2022-04,7
C0340,2022-04,55
C0226,2022-02,121
C0418,2022-04,9
C0002,2022-03,54
C0486,2021-11,83
C0103,2022-05,41
C0254,2022-05,118
C0275,2022-05,51
C0307,2022-05,58
C0029,2022-05,29
C0241,2022-05,46
C0630,2022-05,12
C0578,2022-05,5
C0094,2022-09,38
C0484,2022-05,31
C0612,2022-01,4
C0330,2022-03,47
C0403,2022-05,8
C0292,2022-05,21
C0107,2020-09,8
C0082,2020-04,34
C0462,2021-05,19
C0137,2021-07,49
C0288,2020-10,9
C0184,2020-04,176
C0067,2021-05,168
C0645,2020-07,4
C0247,2020-12,50
C0082,2020-12,40
C0311,2020-07,59
C0293,2021-05,42
C0179,2020-10,24
C0320,2021-08,25
C0102,2020-08,68
C0460,2020-01,100
C0360,2021-10,40
C0258,2021-08,93
C0243,2020-12,60
C0150,2021-02,15
C0152,2022-06,59
C0178,2022-06,42
C0068,2022-06,39
C0037,2022-06,115
C0420,2022-06,38
C0602,2022-06,17
C0363,2022-06,18
C0214,2022-06,22
C0264,2022-06,47
C0513,2022-06,3
C0266,2022-06,43
C0326,2022-06,26
C0183,2022-07,63
C0686,2022-02,10
C0392,2022-06,3
C0209,2022-07,39
C0205,2022-07,38
C0304,2022-07,116
C0685,2022-07,3
C0558,2022-07,1
C0017,2022-07,22
C0333,2022-07,13
C0534,2022-07,7
C0249,2021-08,34
C0306,2022-02,38
C0615,2021-10,7
C0256,2022-10,66
C0047,2022-11,72
C0091,2022-11,24
C0186,2022-11,45
C0414,2022-10,30
C0310,2022-09,27
C0667,2022-11,10
C0519,2022-11,5
C0133,2022-09,75
C0404,2022-10,1
C0286,2022-12,92
C0724,2022-12,8
C0235,2022-12,67
C0622,2022-12,17
C0548,2022-12,8
C0261,2022-12,2
C0631,2022-12,8
C0130,2022-09,42
C0693,2022-12,6
C0226,2023-03,122
C0323,2023-03,34
C0251,2023-03,61
C0270,2023-03,65
C0521,2023-03,12
C0389,2023-03,38
C0165,2023-03,31
C0324,2023-03,42
C0306,2023-03,48
C0686,2023-03,6
C0430,2023-01,53
C0670,2023-03,8
C0439,2023-01,75
C0719,2023-03,5
C0405,2023-02,37
C0463,2023-02,31
C0653,2023-03,6
C0321,2023-03,11
C0375,2023-01,101
C0496,2023-03,1
C0463,2023-04,37
C0566,2023-04,4
C0055,2020-07,33
C0364,2023-04,36
C0405,2023-04,40
C0725,2023-04,10
C0456,2023-04,5
C0555,2023-04,15
C0171,2021-08,31
C0624,2023-04,4
C0674,2023-02,3
C0674,2023-04,3
C0304,2023-07,88
C0183,2023-07,68
C0333,2023-07,25
C0209,2023-07,49
C0017,2023-07,26
C0558,2023-07,1
C0172,2023-08,40
C0205,2023-07,46
C0107,2023-08,8
C0623,2023-08,3
C0601,2023-08,2
C0445,2023-09,15
C0130,2023-05,40
C0203,2023-09,30
C0290,2023-09,63
C0493,2023-09,86
C0164,2023-09,18
C0675,2023-09,17
C0282,2023-09,46
C0310,2023-05,30
C0564,2023-09,17
C0306,2023-12,36
C0324,2023-12,60
C0251,2023-12,66
C0323,2023-12,49
C0226,2023-12,119
C0609,2023-09,4
C0270,2023-12,56
C0389,2023-12,39
C0360,2023-10,48
C0056,2023-11,60
C0100,2023-11,30
C0587,2023-06,21
C0321,2023-12,16
C0653,2023-12,7
C0165,2023-12,19
C0670,2023-12,6
C0686,2023-12,6
C0719,2023-12,5
C0318,2023-05,16
C0008,2023-11,2
C0469,2023-11,24
C0521,2023-12,11
C0004,2023-11,77
C0603,2022-03,16
C0342,2022-03,51
C0201,2022-03,39
C0389,2022-02,27
C0324,2022-02,39
C0294,2022-03,5
C0635,2022-03,4
C0656,2022-03,1
C0719,2022-02,1
C0047,2020-03,55
C0290,2021-03,77
C0437,2021-08,39
C0307,2020-05,39
C0297,2020-01,88
C0554,2022-02,2
C0432,2022-06,4
C0526,2022-09,6
C0202,2022-09,71
C0483,2022-09,67
C0318,2022-09,20
C0150,2022-09,19
C0476,2020-11,51
C0222,2022-08,75
C0032,2022-08,2
C0091,2020-03,41
C0592,2022-08,33
C0402,2021-08,69
C0153,2021-06,30
C0047,2025-04,109
C0443,2022-08,52
C0212,2021-07,43
C0274,2023-01,5
C0269,2020-08,49
C0624,2023-02,4
C0555,2023-02,14
C0553,2023-01,21
C0351,2022-12,4
C0364,2023-02,30
C0456,2023-02,3
C0234,2020-11,35
C0566,2023-02,4
C0725,2023-02,10
C0554,2023-03,2
C0464,2021-01,48
C0016,2021-04,41
C0094,2023-05,46
C0150,2023-05,28
C0202,2023-05,74
C0133,2023-05,67
C0677,2023-06,6
C0688,2023-06,5
C0207,2023-06,1
C0131,2023-06,2
C0534,2023-07,7
C0685,2023-07,1
C0080,2023-11,88
C0461,2023-11,87
C0527,2023-11,17
C0176,2023-10,72
C0114,2023-10,52
C0219,2023-10,37
C0496,2023-12,1
C0554,2023-12,3
C0370,2023-09,7
C0151,2024-02,83
C0360,2024-01,178
C0381,2024-02,15
C0259,2024-02,85
C0176,2024-01,216
C0146,2021-06,66
C0321,2022-02,14
C0699,2022-02,1
C0175,2021-06,50
C0006,2021-11,1
C0521,2022-02,14
C0670,2022-02,4
C0241,2020-05,65
C0339,2020-02,25
C0243,2020-04,43
C0021,2020-04,38
C0233,2020-12,56
C0606,2021-07,14
C0329,2021-03,5
C0720,2021-01,15
C0103,2020-05,46
C0113,2020-02,150
C0094,2021-02,29
C0275,2020-05,49
C0254,2020-05,73
C0250,2021-05,30
C0310,2021-02,19
C0403,2020-05,34
C0232,2021-01,98
C0247,2020-04,41
C0130,2021-02,29
C0155,2020-06,105
C0099,2020-01,6
C0138,2020-07,42
C0194,2020-02,47
C0431,2021-01,134
C0598,2021-10,10
C0184,2020-12,202
C0021,2020-12,52
C0066,2020-06,30
C0421,2021-06,28
C0546,2022-08,1
C0697,2022-08,2
C0589,2022-08,3
C0397,2022-09,1
C0544,2023-04,1
C0483,2023-05,70
C0526,2023-05,2
C0741,2023-09,3
C0191,2023-10,67
C0319,2023-10,12
C0615,2023-10,5
C0295,2023-10,34
C0598,2023-10,10
C0219,2024-01,143
C0191,2024-01,202
C0295,2024-01,114
C0598,2024-01,62
C0114,2024-01,193
C0615,2024-01,11
C0193,2024-09,6
C0319,2024-01,28
C0604,2024-04,14
C0382,2020-02,102
C0387,2020-01,157
C0745,2020-01,6
C0233,2020-04,41
C0117,2020-02,46
C0578,2020-05,2
C0484,2020-05,28
C0043,2020-04,28
C0029,2020-05,22
C0502,2020-01,3
C0667,2020-03,9
C0575,2020-04,6
C0336,2020-02,6
C0630,2020-05,13
C0515,2020-08,11
C0285,2020-08,38
C0410,2020-08,53
C0182,2020-07,20
C0727,2020-07,31
C0172,2020-09,69
C0694,2020-08,3
C0164,2021-03,21
C0065,2020-06,18
C0742,2021-01,25
C0575,2020-12,7
C0696,2021-01,4
C0542,2021-01,20
C0133,2021-02,47
C0454,2020-10,35
C0576,2020-07,4
C0059,2020-11,43
C0348,2020-11,24
C0186,2020-03,52
C0324,2024-11,37
C0143,2020-07,56
C0483,2021-02,58
C0202,2021-02,77
C0318,2021-02,20
C0263,2020-11,59
C0316,2020-11,36
C0325,2021-01,8
C0043,2020-12,41
C0296,2021-06,14
C0240,2021-06,22
C0069,2021-06,24
C0337,2021-05,17
C0024,2021-06,30
C0276,2021-06,101
C0535,2021-06,2
C0345,2021-06,30
C0395,2021-07,47
C0625,2020-12,3
C0700,2021-05,28
C0414,2021-09,53
C0169,2020-07,17
C0368,2020-06,26
C0671,2020-11,21
C0433,2021-05,6
C0569,2021-07,20
C0718,2021-07,8
C0517,2021-08,2
C0191,2021-10,47
C0219,2021-10,37
C0114,2021-10,47
C0319,2021-10,27
C0295,2021-10,36
C0504,2022-04,2
C0406,2021-08,13
C0455,2021-11,50
C0594,2021-10,1
C0256,2021-09,43
C0350,2020-08,37
C0036,2023-05,2
C0740,2023-09,1
C0303,2020-08,14
C0220,2020-08,30
C0292,2020-05,4
C0423,2020-10,50
C0601,2020-09,2
C0174,2021-07,7
C0653,2022-02,3
C0349,2020-02,61
C0005,2020-02,34
C0514,2020-02,6
C0042,2020-02,3
C0512,2020-02,5
C0552,2020-07,15
C0539,2020-07,3
C0027,2020-10,21
C0711,2020-10,3
C0583,2020-10,4
C0572,2020-11,2
C0590,2020-11,4
C0675,2021-03,8
C0493,2021-03,55
C0203,2021-03,41
C0609,2021-03,2
C0564,2021-03,16
C0445,2021-03,19
C0370,2021-03,3
C0536,2021-03,1
C0449,2021-03,2
C0121,2021-05,62
C0623,2020-09,3
C0647,2021-05,4
C0516,2021-08,12
C0115,2021-08,30
C0367,2021-08,51
C0030,2021-09,3
C0545,2021-08,4
C0142,2021-09,1
C0077,2021-09,1
C0215,2021-12,1
C0547,2021-12,1
C0627,2021-12,3
C0605,2020-02,2
C0519,2020-03,3
C0447,2020-04,4
C0681,2020-06,1
C0543,2020-06,1
C0501,2020-10,5
C0365,2020-04,3
C0036,2021-02,1
C0526,2021-02,2
C0471,2020-11,1
C0585,2021-03,3
C0319,2025-08,20
C0740,2021-03,1
C0621,2021-08,1
C0467,2021-07,2
C0049,2020-04,3
C0625,2020-04,1
C0305,2020-08,1
C0447,2020-12,4
C0365,2020-12,2
C0049,2020-12,1
C0273,2021-04,2
C0596,2021-08,1
C0177,2026-05,37
C0486,2026-05,202
C0455,2026-05,80
C0195,2026-05,127
C0211,2026-05,83
C0091,2026-01,121
C0129,2026-05,122
C0472,2026-05,56
C0270,2026-04,99
C0186,2026-01,242
C0006,2026-05,2
C0348,2026-07,90
C0316,2026-07,68
C0263,2026-07,58
C0059,2026-07,94
C0047,2026-01,185
C0671,2026-07,49
C0476,2026-07,70
C0236,2026-06,96
C0616,2026-08,24
C0234,2026-07,26
C0572,2026-07,19
C0165,2026-04,44
C0145,2026-03,86
C0155,2024-05,191
C0128,2026-06,83
C0383,2026-06,97
C0458,2026-03,49
C0272,2024-03,38
C0389,2025-06,45
C0252,2025-05,48
C0667,2026-01,51
C0356,2026-03,18
C0083,2025-05,44
C0213,2026-06,42
C0352,2024-07,37
C0323,2026-04,76
C0306,2026-04,48
C0590,2026-07,5
C0519,2026-01,11
C0139,2026-06,23
C0286,2024-12,103
C0372,2026-06,43
C0191,2025-08,125
C0183,2025-07,82
C0481,2026-06,69
C0238,2026-02,27
C0015,2025-11,100
C0217,2025-12,56
C0105,2026-03,87
C0251,2026-04,146
C0232,2025-11,38
C0415,2025-05,14
C0063,2026-02,135
C0474,2026-02,55
C0321,2026-04,24
C0176,2024-06,102
C0112,2026-06,29
C0315,2025-11,92
C0464,2025-11,78
C0431,2025-11,81
C0542,2025-11,19
C0742,2025-11,5
C0253,2026-03,79
C0251,2025-06,79
C0221,2025-01,283
C0389,2026-04,73
C0256,2025-09,85
C0332,2025-12,52
C0205,2025-07,55
C0720,2025-11,8
C0085,2025-01,159
C0696,2025-11,11
C0304,2025-07,116
C0530,2025-12,84
C0031,2025-12,74
C0506,2025-12,27
C0176,2025-08,91
C0385,2025-12,67
C0226,2026-04,101
C0278,2026-02,125
C0180,2025-12,6
C0404,2025-09,3
C0219,2024-06,54
C0280,2026-02,58
C0009,2026-03,251
C0132,2026-03,89
C0408,2026-02,65
C0465,2026-03,56
C0436,2026-03,196
C0071,2026-03,42
C0246,2026-03,32
C0551,2026-03,8
C0272,2026-02,56
C0284,2025-12,4
C0222,2025-03,50
C0017,2025-07,22
C0554,2026-04,7
C0324,2026-04,47
C0396,2024-09,16
C0354,2026-02,90
C0584,2026-08,5
C0280,2024-03,53
C0270,2024-11,78
C0414,2025-09,38
C0095,2026-06,9
C0490,2026-06,18
C0679,2026-06,4
C0358,2026-08,82
C0352,2026-08,54
C0604,2026-08,10
C0586,2026-08,3
C0235,2024-12,66
C0626,2026-08,10
C0438,2025-01,7
C0443,2025-03,78
C0614,2026-08,2
C0532,2026-08,35
C0565,2026-08,6
C0736,2026-08,5
C0638,2026-08,1
C0322,2026-08,4
C0156,2025-02,57
C0391,2024-09,38
C0226,2024-11,99
C0278,2024-03,140
C0618,2024-01,2
C0200,2025-02,39
C0594,2024-01,8
C0358,2024-04,90
C0565,2024-04,4
C0352,2024-04,37
C0584,2024-04,9
C0616,2024-04,25
C0191,2024-06,60
C0190,2024-04,1
C0532,2024-04,19
C0586,2024-04,3
C0322,2024-04,4
C0063,2024-03,94
C0114,2024-06,62
C0736,2024-04,5
C0354,2024-03,92
C0238,2024-03,17
C0541,2024-04,3
C0116,2024-04,1
C0360,2024-06,53
C0614,2024-04,8
C0408,2024-03,31
C0474,2024-03,43
C0626,2024-04,2
C0475,2024-09,60
C0046,2024-09,30
C0066,2024-05,33
C0114,2025-08,85
C0681,2024-05,6
C0060,2025-05,205
C0543,2024-05,4
C0598,2024-06,21
C0368,2024-05,34
C0065,2024-05,19
C0295,2024-06,34
C0389,2024-11,54
C0091,2025-04,31
C0319,2024-06,15
C0419,2024-09,62
C0615,2024-06,6
C0047,2024-08,67
C0594,2024-06,2
C0081,2024-06,2
C0723,2024-02,16
C0412,2024-09,46
C0167,2024-09,32
C0537,2024-09,222
C0532,2024-07,21
C0358,2024-07,64
C0584,2024-07,10
C0322,2024-07,4
C0190,2024-07,2
C0638,2024-07,1
C0604,2024-07,11
C0616,2024-07,19
C0565,2024-07,4
C0614,2024-07,3
C0468,2024-10,120
C0340,2024-10,49
C0401,2024-09,26
C0398,2024-09,58
C0228,2024-09,36
C0678,2024-10,17
C0504,2024-10,3
C0592,2025-03,43
C0418,2024-10,19
C0661,2024-10,1
C0308,2024-10,5
C0091,2024-08,33
C0520,2024-10,4
C0631,2024-12,7
C0714,2024-09,31
C0306,2024-11,29
C0521,2024-11,19
C0251,2024-11,91
C0323,2024-11,33
C0165,2024-11,19
C0719,2024-11,1
C0317,2025-02,49
C0038,2025-02,21
C0186,2024-08,45
C0653,2025-06,5
C0687,2025-02,4
C0577,2025-02,20
C0353,2025-02,4
C0306,2025-06,32
C0209,2025-07,81
C0226,2025-06,95
C0632,2025-02,3
C0186,2025-04,32
C0534,2025-07,28
C0256,2025-10,68
C0600,2025-05,7
C0090,2025-05,2
C0667,2025-04,10
C0525,2025-05,7
C0160,2025-05,15
C0277,2024-09,60
C0511,2025-05,1
C0270,2025-06,67
C0538,2026-06,4
C0689,2026-06,6
C0030,2025-10,7
C0323,2025-06,53
C0022,2025-12,4
C0333,2025-07,29
C0321,2025-06,18
C0686,2025-06,11
C0414,2025-10,53
C0477,2023-06,1
C0242,2026-02,7
C0374,2026-02,1
C0686,2026-04,14
C0035,2026-02,5
C0295,2025-08,34
C0299,2026-02,8
C0729,2026-02,10
C0470,2026-03,1
C0051,2026-02,2
C0521,2026-04,20
C0719,2026-04,2
C0653,2026-04,10
C0670,2026-04,3
C0314,2026-06,1
C0471,2026-07,2
C0219,2025-08,38
C0092,2026-06,1
C0190,2026-08,2
C0110,2026-08,1
C0077,2022-10,6
C0165,2025-06,16
C0521,2025-06,20
C0670,2025-06,9
C0554,2025-06,8
C0324,2025-06,37
C0719,2025-06,10
C0558,2025-07,5
C0598,2025-08,38
C0685,2025-07,3
C0404,2025-10,3
C0519,2025-04,3
C0736,2024-07,4
C0519,2024-08,5
C0360,2025-08,66
C0434,2025-10,3
C0377,2025-07,1
C0638,2024-04,1
C0533,2024-09,13
C0407,2024-09,129
C0524,2024-09,5
C0411,2024-07,1
C0622,2024-12,24
C0351,2024-12,7
C0077,2025-10,1
C0225,2024-09,53
C0652,2026-01,1
C0541,2026-08,1
C0548,2024-12,4
C0081,2024-01,4
C0724,2024-12,5
C0697,2025-03,4
C0615,2025-08,9
C0693,2024-12,6
C0244,2024-12,1
C0032,2025-03,4
C0594,2025-08,2
C0549,2025-11,1
C0646,2025-05,4
C0030,2025-09,6
C0618,2025-08,1
C0077,2025-09,1
C0325,2025-11,2
C0081,2025-08,1
C0096,2026-02,2
C0413,2024-02,2
C0299,2024-03,4
C0035,2024-03,4
C0242,2024-03,3
C0667,2024-08,14
C0626,2024-07,2
C0321,2024-11,7
C0541,2024-07,4
C0261,2024-12,1
C0686,2024-11,9
C0574,2024-09,1
C0329,2023-09,1
C0586,2024-07,3
C0554,2024-11,6
C0670,2024-11,9
C0653,2024-11,10
C0699,2024-11,1
C0613,2025-03,1
C0546,2025-03,1
C0699,2025-06,1
C0078,2022-01,1
C0377,2022-07,1
C0411,2024-04,1
C0361,2023-01,2
C0030,2022-10,4
C0666,2023-01,3
C0544,2023-02,1
C0618,2023-10,1
C0612,2023-11,1
C0108,2020-06,1
C0589,2025-03,1
C0561,2023-06,2
C0673,2023-06,1
C0051,2024-03,2
C0428,2021-12,27
C0343,2021-12,58
C0427,2021-12,33
C0289,2021-12,56
C0634,2021-12,16
C0435,2021-09,28
C0073,2021-12,45
C0531,2021-12,5
C0327,2021-12,29
C0298,2021-12,47
C0587,2021-11,14
C0012,2021-12,29
C0058,2021-10,62
C0220,2021-06,30
C0405,2022-02,33
C0352,2022-01,67
C0255,2021-01,130
C0358,2022-01,235
C0380,2020-03,31
C0249,2021-05,31
C0532,2022-01,29
C0586,2022-01,24
C0616,2022-01,47
C0584,2022-01,39
C0443,2021-03,72
C0393,2021-04,69
C0604,2022-01,14
C0178,2020-09,37
C0565,2022-01,8
C0322,2022-01,7
C0170,2020-10,67
C0285,2021-06,37
C0136,2021-10,60
C0258,2021-05,99
C0426,2020-01,111
C0098,2021-01,76
C0622,2022-04,21
C0341,2022-03,75
C0235,2022-04,46
C0286,2022-04,69
C0631,2022-04,10
C0400,2022-03,26
C0126,2022-03,91
C0548,2022-04,5
C0190,2022-01,3
C0402,2021-05,58
C0351,2022-04,9
C0556,2022-05,51
C0509,2022-05,11
C0050,2022-05,49
C0334,2022-05,55
C0346,2022-05,32
C0123,2022-05,29
C0245,2022-05,66
C0570,2022-05,10
C0518,2022-05,8
C0644,2022-05,5
C0227,2022-05,33
C0445,2022-08,21
C0448,2022-05,40
C0328,2022-05,50
C0716,2022-05,1
C0614,2022-01,7
C0312,2022-05,4
C0463,2022-02,25
C0218,2020-12,92
C0218,2020-04,63
C0237,2020-03,102
C0154,2020-03,56
C0037,2020-09,94
C0440,2021-09,32
C0452,2020-01,130
C0293,2021-08,40
C0424,2020-04,34
C0040,2021-05,64
C0230,2020-01,79
C0067,2021-08,125
C0146,2020-08,60
C0075,2020-03,47
C0421,2020-08,26
C0478,2021-01,154
C0172,2022-06,34
C0107,2022-06,6
C0601,2022-06,2
C0364,2022-02,21
C0444,2022-03,14
C0261,2022-04,2
C0071,2022-07,34
C0436,2022-07,64
C0145,2022-07,40
C0009,2022-07,103
C0132,2022-07,66
C0465,2022-07,50
C0105,2022-07,45
C0253,2022-07,53
C0458,2022-07,19
C0246,2022-07,9
C0356,2022-07,1
C0713,2020-01,10
C0581,2022-05,5
C0110,2022-01,1
C0026,2021-10,23
C0188,2022-11,61
C0134,2022-10,34
C0034,2022-11,58
C0018,2022-10,22
C0482,2022-10,86
C0076,2022-10,89
C0070,2022-11,40
C0237,2022-11,99
C0425,2022-11,12
C0726,2022-11,5
C0075,2022-11,54
C0380,2022-11,18
C0154,2022-11,56
C0328,2020-05,52
C0435,2022-10,33
C0388,2022-11,4
C0750,2022-11,9
C0340,2022-12,61
C0504,2022-12,6
C0520,2022-12,7
C0468,2022-12,56
C0308,2022-12,13
C0418,2022-12,23
C0678,2022-12,9
C0405,2023-03,55
C0566,2023-03,4
C0463,2023-03,40
C0364,2023-03,20
C0555,2023-03,26
C0252,2023-01,93
C0160,2023-01,28
C0725,2023-03,7
C0060,2023-01,370
C0389,2023-02,40
C0287,2022-03,23
C0411,2022-01,2
C0083,2023-01,102
C0251,2023-02,64
C0674,2023-03,1
C0624,2023-03,5
C0001,2022-12,2
C0072,2022-09,57
C0551,2022-07,3
C0456,2023-03,2
C0306,2023-02,35
C0415,2023-01,43
C0134,2021-09,44
C0079,2023-01,13
C0251,2023-04,59
C0226,2023-04,115
C0324,2023-04,41
C0165,2023-02,22
C0521,2023-04,22
C0323,2023-04,36
C0165,2023-04,18
C0321,2023-04,12
C0686,2023-04,6
C0270,2023-04,63
C0306,2023-04,33
C0389,2023-04,30
C0653,2023-04,6
C0699,2023-04,4
C0715,2022-03,3
C0554,2023-04,3
C0267,2020-08,31
C0465,2023-07,40
C0356,2023-07,4
C0132,2023-07,62
C0009,2023-07,115
C0253,2023-07,45
C0436,2023-07,80
C0145,2023-07,27
C0211,2023-06,76
C0105,2023-07,48
C0551,2023-07,7
C0458,2023-07,35
C0071,2023-07,42
C0264,2023-08,54
C0326,2023-08,22
C0513,2023-08,3
C0214,2023-08,25
C0178,2023-08,60
C0420,2023-08,29
C0037,2023-08,107
C0152,2023-08,54
C0602,2023-08,19
C0068,2023-08,23
C0486,2023-06,111
C0266,2023-08,42
C0363,2023-08,24
C0600,2023-01,10
C0129,2023-06,81
C0368,2020-02,34
C0432,2023-08,2
C0326,2020-09,31
C0158,2023-05,101
C0195,2023-06,42
C0222,2023-09,64
C0443,2023-09,61
C0592,2023-09,38
C0697,2023-09,4
C0405,2023-12,49
C0463,2023-12,40
C0555,2023-12,17
C0725,2023-12,7
C0364,2023-12,30
C0674,2023-12,5
C0624,2023-12,6
C0566,2023-12,4
C0352,2023-11,26
C0744,2022-03,25
C0257,2022-03,46
C0162,2022-03,11
C0053,2021-02,1
C0555,2022-02,11
C0648,2022-03,1
C0013,2022-03,12
C0651,2022-03,8
C0157,2022-03,4
C0158,2021-02,52
C0264,2020-09,39
C0557,2020-01,75
C0005,2020-06,26
C0747,2020-01,23
C0382,2020-06,107
C0509,2020-05,10
C0072,2021-02,33
C0135,2021-12,2
C0716,2020-05,6
C0488,2022-05,1
C0550,2022-05,6
C0623,2022-06,2
C0642,2022-09,15
C0158,2022-09,104
C0675,2022-08,22
C0003,2022-09,14
C0203,2022-08,24
C0290,2022-08,51
C0493,2022-08,110
C0564,2022-08,29
C0637,2022-09,1
C0199,2022-09,1
C0420,2020-09,41
C0345,2020-08,37
C0188,2025-04,66
C0058,2024-01,209
C0440,2022-10,24
C0324,2023-02,37
C0270,2023-02,36
C0226,2023-02,103
C0323,2023-02,23
C0521,2023-02,15
C0686,2023-02,4
C0670,2023-02,6
C0653,2023-02,8
C0399,2020-01,205
C0321,2023-02,6
C0554,2023-02,2
C0719,2023-02,5
C0269,2021-06,44
C0544,2023-03,1
C0472,2023-06,55
C0177,2023-06,30
C0455,2023-06,67
C0072,2023-05,66
C0006,2023-06,2
C0246,2023-07,8
C0090,2023-01,13
C0425,2024-08,12
C0567,2023-07,1
C0212,2026-07,136
C0358,2023-11,100
C0532,2023-11,24
C0736,2023-11,7
C0616,2023-11,30
C0604,2023-11,8
C0116,2023-11,1
C0120,2023-10,29
C0614,2023-11,2
C0584,2023-11,9
C0626,2023-11,5
C0586,2023-11,3
C0565,2023-11,2
C0024,2020-08,23
C0136,2023-10,41
C0237,2024-08,115
C0004,2024-04,49
C0451,2023-10,48
C0058,2023-10,63
C0143,2024-02,64
C0311,2024-02,59
C0727,2024-02,26
C0169,2024-02,67
C0138,2024-02,53
C0576,2024-02,18
C0011,2024-02,53
C0055,2024-02,23
C0626,2022-01,4
C0350,2021-06,66
C0392,2020-09,4
C0725,2022-02,6
C0234,2021-07,34
C0736,2022-01,6
C0541,2022-01,2
C0117,2020-06,56
C0566,2022-02,7
C0379,2020-10,36
C0386,2020-10,48
C0334,2020-05,34
C0192,2021-04,54
C0065,2020-02,22
C0363,2020-09,22
C0746,2020-12,14
C0093,2021-04,38
C0712,2021-01,22
C0155,2020-02,86
C0214,2020-09,24
C0582,2020-10,11
C0367,2021-05,39
C0223,2020-11,36
C0137,2020-11,45
C0224,2020-10,27
C0159,2020-10,32
C0028,2021-04,35
C0676,2020-01,33
C0316,2021-07,28
C0303,2021-06,19
C0250,2021-08,35
C0320,2021-05,26
C0113,2020-06,160
C0144,2020-04,28
C0127,2020-01,95
C0349,2020-06,58
C0339,2020-06,40
C0395,2020-11,30
C0312,2020-05,40
C0188,2020-03,47
C0296,2020-08,8
C0070,2020-03,32
C0140,2021-04,29
C0206,2021-05,46
C0164,2022-08,39
C0282,2022-08,32
C0263,2021-07,87
C0740,2022-08,3
C0329,2022-08,3
C0370,2022-08,5
C0741,2022-08,2
C0449,2022-08,1
C0585,2022-08,1
C0609,2022-08,2
C0052,2022-11,1
C0111,2022-03,1
C0661,2022-12,2
C0003,2023-05,11
C0102,2021-06,53
C0646,2023-01,6
C0026,2023-10,13
C0743,2023-10,2
C0033,2025-01,242
C0451,2024-01,140
C0136,2024-01,237
C0004,2024-07,50
C0743,2024-01,31
C0120,2024-01,106
C0026,2024-01,35
C0525,2023-01,11
C0369,2024-09,149
C0429,2020-01,127
C0066,2020-02,38
C0608,2020-01,2
C0346,2020-05,22
C0050,2020-05,31
C0245,2020-05,68
C0644,2020-05,8
C0448,2020-05,41
C0123,2020-05,21
C0570,2020-05,4
C0227,2020-05,24
C0746,2020-04,7
C0488,2020-05,1
C0556,2020-05,15
C0518,2020-05,6
C0034,2020-03,44
C0581,2020-05,4
C0276,2020-08,120
C0175,2020-08,42
C0240,2020-08,18
C0069,2020-08,30
C0153,2020-08,20
C0266,2020-09,32
C0602,2020-09,15
C0068,2020-09,29
C0152,2020-09,48
C0513,2020-09,2
C0151,2020-07,59
C0121,2021-08,63
C0485,2021-01,133
C0381,2020-07,5
C0194,2020-06,59
C0144,2020-12,45
C0052,2020-03,2
C0545,2021-05,7
C0089,2021-04,47
C0514,2020-06,4
C0605,2020-06,2
C0199,2021-02,2
C0003,2021-02,8
C0569,2020-11,17
C0410,2021-06,48
C0671,2021-07,19
C0059,2021-07,48
C0476,2021-07,58
C0437,2021-05,47
C0694,2021-06,8
C0451,2021-10,36
C0517,2021-05,6
C0515,2021-06,9
C0348,2021-07,31
C0590,2021-07,11
C0406,2021-05,18
C0171,2021-05,38
C0422,2021-10,3
C0743,2021-10,2
C0337,2021-08,12
C0120,2021-10,23
C0018,2021-09,20
C0487,2021-08,18
C0688,2021-11,7
C0561,2021-11,3
C0571,2022-03,1
C0642,2023-05,16
C0597,2023-05,3
C0719,2023-04,1
C0053,2023-05,3
C0589,2023-09,2
C0032,2023-09,1
C0546,2023-09,1
C0212,2020-11,57
C0677,2021-11,2
C0131,2021-11,1
C0693,2022-04,1
C0724,2022-04,3
C0681,2020-02,1
C0336,2020-06,5
C0723,2020-07,21
C0259,2020-07,67
C0042,2020-06,2
C0466,2020-06,2
C0149,2020-10,34
C0498,2020-10,7
C0606,2020-11,6
C0562,2020-11,2
C0739,2020-10,4
C0424,2020-12,36
C0174,2020-11,4
C0718,2020-11,4
C0222,2021-03,65
C0613,2021-03,2
C0592,2021-03,27
C0697,2021-03,9
C0589,2021-03,2
C0642,2021-02,1
C0032,2021-03,2
C0462,2021-08,31
C0168,2021-04,12
C0115,2021-05,34
C0516,2021-05,13
C0596,2021-05,2
C0738,2021-05,1
C0482,2021-09,69
C0433,2021-08,6
C0700,2021-08,11
C0471,2021-07,3
C0076,2021-09,68
C0560,2021-09,10
C0527,2024-07,20
C0647,2021-08,4
C0737,2021-12,3
C0388,2020-03,2
C0750,2020-03,5
C0425,2020-03,9
C0726,2020-03,1
C0070,2026-01,175
C0512,2020-06,3
C0265,2020-10,10
C0704,2020-10,2
C0432,2020-09,1
C0442,2020-10,2
C0597,2021-02,1
C0435,2025-09,41
C0572,2021-07,2
C0663,2021-11,1
C0207,2021-11,2
C0500,2020-04,2
C0731,2020-07,1
C0654,2020-08,1
C0500,2020-12,2
C0665,2021-04,4
C0611,2021-06,1
C0529,2021-10,1
C0237,2026-01,563
C0098,2025-11,90
C0154,2026-01,299
C0038,2026-02,49
C0405,2026-04,112
C0034,2026-01,184
C0208,2025-12,144
C0463,2026-04,96
C0086,2026-06,127
C0395,2026-07,69
C0223,2026-07,101
C0137,2026-07,119
C0075,2026-01,166
C0174,2026-07,19
C0718,2026-07,7
C0304,2026-03,138
C0188,2026-01,261
C0425,2026-01,68
C0606,2026-07,29
C0569,2026-07,22
C0461,2026-08,144
C0468,2024-12,114
C0380,2026-01,105
C0394,2026-06,134
C0458,2025-07,28
C0210,2026-06,130
C0100,2026-08,71
C0726,2026-01,27
C0238,2025-02,19
C0463,2025-06,54
C0750,2026-01,40
C0205,2026-03,72
C0366,2026-06,71
C0096,2025-02,3
C0622,2024-10,17
C0164,2025-03,23
C0633,2025-01,76
C0478,2025-11,90
C0253,2025-07,73
C0246,2025-07,27
C0450,2025-01,125
C0134,2025-09,51
C0018,2025-09,43
C0405,2025-06,77
C0485,2025-11,50
C0712,2025-11,28
C0255,2025-11,63
C0282,2025-03,73
C0134,2025-10,58
C0109,2025-12,110
C0018,2025-10,48
C0141,2025-01,183
C0417,2025-01,121
C0076,2025-10,88
C0482,2025-10,131
C0183,2026-03,143
C0104,2025-01,100
C0440,2025-10,18
C0435,2025-10,49
C0156,2026-02,77
C0044,2025-01,121
C0672,2025-12,48
C0161,2025-12,58
C0088,2025-12,97
C0196,2025-12,131
C0418,2024-12,27
C0052,2024-08,5
C0052,2026-01,14
C0333,2026-03,38
C0017,2026-03,28
C0317,2026-02,67
C0200,2026-02,46
C0209,2026-03,51
C0558,2026-03,11
C0416,2026-06,53
C0534,2026-03,38
C0237,2025-04,128
C0156,2024-03,68
C0353,2026-02,7
C0339,2024-05,33
C0685,2026-03,2
C0465,2025-07,65
C0188,2024-08,47
C0477,2026-05,3
C0056,2026-08,107
C0561,2026-05,3
C0677,2026-05,10
C0555,2026-04,23
C0182,2024-02,19
C0587,2026-05,18
C0673,2026-05,4
C0663,2026-05,1
C0354,2025-02,73
C0422,2023-10,2
C0105,2025-07,71
C0286,2024-10,102
C0154,2025-04,62
C0688,2026-05,4
C0364,2026-04,31
C0061,2026-06,80
C0362,2026-06,87
C0489,2026-06,4
C0469,2026-08,20
C0004,2026-08,65
C0080,2026-08,99
C0527,2026-08,23
C0505,2026-08,2
C0388,2026-01,15
C0308,2024-12,8
C0054,2026-08,1
C0698,2026-08,1
C0482,2025-09,128
C0038,2024-03,26
C0008,2026-08,3
C0456,2023-12,1
C0113,2024-05,148
C0080,2024-04,108
C0422,2024-01,2
C0675,2025-03,26
C0349,2024-05,65
C0529,2024-01,12
C0469,2024-04,27
C0461,2024-04,116
C0056,2024-04,55
C0100,2024-04,34
C0527,2024-04,13
C0382,2024-05,82
C0461,2024-07,102
C0317,2024-03,47
C0034,2024-08,32
C0612,2024-04,2
C0370,2025-03,7
C0120,2024-06,28
C0080,2024-07,108
C0353,2024-03,6
C0302,2024-09,36
C0048,2024-09,47
C0008,2024-04,3
C0514,2024-05,5
C0005,2024-05,42
C0194,2024-05,104
C0117,2024-05,37
C0042,2024-05,3
C0100,2024-07,46
C0075,2024-08,47
C0512,2024-05,3
C0336,2024-05,13
C0451,2024-06,62
C0058,2024-06,110
C0743,2024-06,10
C0026,2024-06,16
C0136,2024-06,39
C0338,2024-09,54
C0056,2024-07,55
C0446,2024-09,68
C0705,2024-05,2
C0529,2024-06,1
C0469,2024-07,26
C0235,2024-10,73
C0724,2024-10,3
C0351,2024-10,5
C0380,2024-08,13
C0693,2024-10,10
C0548,2024-10,9
C0631,2024-10,5
C0154,2024-08,56
C0493,2025-03,122
C0463,2024-11,39
C0280,2025-02,40
C0624,2024-11,5
C0555,2024-11,37
C0364,2024-11,31
C0405,2024-11,59
C0678,2024-12,16
C0075,2025-04,68
C0439,2025-05,20
C0497,2025-01,2
C0278,2025-02,124
C0063,2025-02,69
C0242,2025-02,5
C0408,2025-02,44
C0136,2025-08,51
C0474,2025-02,37
C0009,2025-07,236
C0272,2025-02,27
C0703,2025-02,1
C0729,2025-02,1
C0299,2025-02,7
C0725,2024-11,7
C0375,2025-05,46
C0058,2025-08,98
C0380,2025-04,19
C0430,2025-05,22
C0553,2025-05,15
C0309,2026-06,11
C0422,2025-08,1
C0070,2024-08,72
C0540,2025-12,9
C0120,2025-08,30
C0687,2024-03,5
C0034,2025-04,47
C0076,2025-09,86
C0132,2025-07,119
C0145,2025-07,67
C0441,2025-12,7
C0064,2025-12,3
C0624,2026-04,17
C0007,2024-09,37
C0451,2025-08,61
C0577,2026-02,34
C0632,2026-02,9
C0070,2025-04,63
C0566,2026-04,12
C0544,2026-04,1
C0456,2026-04,1
C0674,2026-04,8
C0725,2026-04,13
C0388,2025-04,8
C0741,2025-03,3
C0203,2025-03,29
C0131,2026-05,1
C0555,2025-06,26
C0725,2025-06,14
C0364,2025-06,27
C0566,2025-06,5
C0624,2025-06,10
C0674,2025-06,4
C0436,2025-07,224
C0551,2025-07,5
C0356,2025-07,9
C0071,2025-07,48
C0560,2025-10,14
C0480,2025-10,1
C0560,2025-09,19
C0440,2025-09,17
C0425,2025-04,9
C0261,2024-10,1
C0026,2025-08,13
C0445,2025-03,24
C0528,2025-11,1
C0529,2025-08,10
C0687,2026-02,1
C0200,2024-03,47
C0577,2024-03,8
C0632,2024-03,4
C0124,2024-09,23
C0020,2024-09,39
C0499,2024-09,4
C0520,2024-12,11
C0453,2024-01,2
C0340,2024-12,58
C0504,2024-12,10
C0564,2025-03,23
C0591,2024-09,2
C0290,2025-03,56
C0750,2025-04,11
C0709,2025-01,3
C0035,2025-02,5
C0609,2025-03,4
C0726,2025-04,2
C0470,2025-07,1
C0274,2025-05,1
C0585,2025-03,1
C0743,2025-08,16
C0052,2025-04,2
C0721,2026-04,3
C0552,2024-02,15
C0539,2024-02,5
C0388,2024-08,2
C0750,2024-08,5
C0726,2024-08,1
C0674,2024-11,10
C0661,2024-12,1
C0645,2024-02,1
C0422,2024-06,1
C0605,2024-05,2
C0698,2024-07,1
C0054,2024-07,2
C0566,2024-11,3
C0051,2025-02,1
C0740,2025-03,2
C0329,2025-03,2
C0536,2025-03,1
C0456,2025-06,1
C0116,2022-01,1
C0495,2022-07,1
C0536,2022-08,1
C0560,2022-10,6
C0529,2023-10,6
C0449,2025-03,3
C0384,2023-06,1
C0541,2023-11,1
C0197,2021-12,29
C0313,2021-12,39
C0355,2021-12,47
C0062,2021-12,41
C0357,2021-12,27
C0728,2021-12,28
C0258,2021-10,77
C0040,2021-10,78
C0206,2021-10,77
C0328,2021-11,74
C0346,2021-11,24
C0212,2022-06,39
C0304,2022-01,237
C0183,2022-01,178
C0350,2021-01,240
C0205,2022-01,72
C0333,2022-01,43
C0685,2022-01,8
C0176,2021-08,64
C0017,2022-01,101
C0269,2021-01,183
C0249,2021-10,30
C0285,2021-01,81
C0694,2021-01,11
C0227,2021-11,39
C0303,2021-01,39
C0534,2022-01,10
C0209,2022-01,97
C0194,2020-03,45
C0148,2021-12,2
C0102,2021-01,148
C0123,2021-11,47
C0611,2021-01,2
C0400,2021-04,29
C0028,2022-03,35
C0159,2022-04,40
C0386,2022-04,63
C0089,2022-03,42
C0379,2022-04,20
C0170,2022-04,65
C0083,2022-02,35
C0265,2022-04,15
C0060,2022-02,157
C0224,2022-04,33
C0393,2022-03,61
C0140,2022-03,45
C0149,2022-04,33
C0582,2022-04,14
C0100,2022-07,23
C0587,2022-05,12
C0739,2022-04,8
C0300,2020-04,32
C0300,2020-12,83
C0367,2021-10,41
C0695,2020-04,5
C0316,2020-09,30
C0037,2021-07,75
C0072,2020-01,97
C0339,2020-03,28
C0452,2021-02,59
C0237,2020-06,84
C0742,2020-08,7
C0154,2020-06,75
C0091,2020-02,26
C0718,2022-06,13
C0569,2022-06,25
C0137,2022-06,41
C0223,2022-06,52
C0395,2022-06,55
C0174,2022-06,14
C0606,2022-06,6
C0677,2022-05,8
C0461,2022-07,69
C0056,2022-07,42
C0004,2022-07,49
C0080,2022-07,80
C0469,2022-07,12
C0527,2022-07,6
C0612,2022-07,4
C0131,2022-05,2
C0688,2022-05,5
C0406,2021-10,20
C0005,2022-11,30
C0382,2022-11,93
C0339,2022-11,28
C0151,2022-10,73
C0194,2022-11,79
C0349,2022-11,63
C0723,2022-10,25
C0259,2022-10,71
C0113,2022-11,124
C0452,2022-09,61
C0117,2022-11,47
C0605,2022-11,5
C0705,2022-11,2
C0336,2022-11,5
C0514,2022-11,2
C0354,2022-08,71
C0512,2022-11,5
C0423,2022-12,80
C0179,2022-12,22
C0454,2022-12,32
C0501,2022-12,4
C0027,2022-12,34
C0230,2022-09,37
C0399,2022-09,83
C0060,2023-03,183
C0083,2023-03,34
C0439,2023-02,17
C0405,2023-01,128
C0429,2023-05,51
C0463,2023-01,70
C0252,2023-03,33
C0600,2023-03,5
C0160,2023-03,10
C0415,2023-03,18
C0525,2023-03,3
C0364,2023-01,76
C0430,2023-02,16
C0646,2023-03,2
C0238,2022-08,16
C0375,2023-04,24
C0439,2023-04,15
C0430,2023-04,18
C0200,2021-03,43
C0053,2020-01,7
C0553,2023-02,9
C0566,2023-01,14
C0029,2023-06,31
C0093,2022-03,33
C0555,2023-01,32
C0359,2022-12,1
C0553,2023-04,14
C0274,2023-04,1
C0666,2023-02,3
C0443,2024-03,74
C0461,2023-07,77
C0527,2023-07,10
C0004,2023-07,41
C0056,2023-07,58
C0080,2023-07,79
C0275,2023-06,62
C0307,2023-06,61
C0100,2023-07,32
C0469,2023-07,18
C0263,2023-08,76
C0348,2023-08,49
C0234,2023-08,44
C0476,2023-08,90
C0316,2023-08,46
C0671,2023-08,21
C0249,2023-10,32
C0590,2023-08,3
C0572,2023-08,13
C0059,2023-08,62
C0725,2023-01,12
C0484,2023-06,61
C0426,2023-05,73
C0008,2023-07,1
C0471,2023-08,1
C0353,2023-09,7
C0200,2023-09,40
C0156,2023-09,41
C0577,2023-09,15
C0687,2023-09,9
C0317,2023-09,54
C0038,2023-09,33
C0060,2023-12,203
C0252,2023-12,43
C0415,2023-12,24
C0437,2023-10,39
C0320,2023-10,46
C0304,2023-11,100
C0083,2023-12,42
C0367,2023-10,61
C0525,2023-12,5
C0646,2023-12,3
C0280,2025-03,59
C0160,2023-12,8
C0320,2024-01,190
C0192,2022-03,50
C0168,2022-03,17
C0151,2021-09,64
C0665,2022-03,8
C0090,2022-02,5
C0415,2022-02,11
C0508,2021-01,1
C0234,2020-09,45
C0255,2021-06,39
C0477,2022-05,1
C0673,2022-05,1
C0429,2022-09,58
C0426,2022-09,65
C0676,2022-09,16
C0557,2022-09,52
C0127,2022-09,43
C0063,2022-08,78
C0590,2020-09,9
C0713,2022-09,2
C0608,2022-09,6
C0280,2022-08,25
C0408,2022-08,45
C0272,2022-08,34
C0474,2022-08,49
C0747,2022-09,3
C0136,2021-05,43
C0299,2022-08,2
C0216,2020-04,31
C0456,2023-01,42
C0219,2021-08,30
C0721,2023-01,5
C0682,2023-02,1
C0375,2023-02,25
C0134,2020-07,50
C0363,2021-07,24
C0079,2023-03,4
C0260,2022-04,1
C0026,2021-05,23
C0256,2024-02,64
C0090,2023-03,1
C0254,2023-06,120
C0292,2023-06,17
C0452,2023-05,53
C0630,2023-06,8
C0241,2023-06,52
C0103,2023-06,57
C0230,2023-05,30
C0557,2023-05,51
C0403,2023-06,11
C0578,2023-06,4
C0127,2023-05,56
C0676,2023-05,12
C0612,2023-07,2
C0105,2026-08,88
C0173,2021-12,3
C0183,2023-11,68
C0685,2023-11,3
C0209,2023-11,60
C0333,2023-11,22
C0674,2023-01,11
C0205,2023-11,47
C0402,2023-10,72
C0017,2023-11,28
C0534,2023-11,13
C0558,2023-11,4
C0622,2020-10,18
C0258,2023-10,88
C0040,2023-10,81
C0115,2023-10,35
C0377,2023-11,1
C0600,2023-12,2
C0171,2023-10,28
C0030,2024-02,11
C0206,2024-01,177
C0206,2024-06,68
C0414,2024-02,57
C0437,2024-01,128
C0249,2024-01,129
C0406,2024-01,71
C0258,2024-01,490
C0040,2024-01,508
C0171,2024-01,116
C0206,2025-08,89
C0558,2022-01,2
C0410,2021-01,101
C0252,2022-02,20
C0259,2021-09,73
C0600,2022-02,4
C0160,2022-02,14
C0615,2021-08,5
C0646,2022-02,2
C0156,2021-03,39
C0127,2021-02,59
C0257,2021-04,59
C0642,2020-01,15
C0360,2021-08,60
C0216,2020-12,45
C0235,2020-10,58
C0305,2021-01,2
C0076,2020-07,89
C0003,2020-01,48
C0326,2021-07,21
C0264,2021-07,46
C0232,2020-08,36
C0380,2020-06,29
C0214,2021-07,24
C0178,2021-07,62
C0220,2021-01,57
C0113,2020-03,153
C0059,2020-09,42
C0677,2020-05,10
C0172,2020-11,31
C0432,2021-07,3
C0348,2020-09,20
C0593,2020-12,16
C0457,2020-04,18
C0444,2021-04,19
C0720,2020-08,6
C0070,2020-06,42
C0098,2021-06,35
C0676,2021-02,15
C0278,2022-08,109
C0115,2021-10,39
C0035,2022-08,6
C0242,2022-08,4
C0041,2022-08,1
C0096,2022-08,1
C0623,2020-11,4
C0320,2021-10,32
C0583,2022-12,5
C0288,2022-12,9
C0711,2022-12,1
C0704,2022-04,1
C0509,2021-11,11
C0466,2022-11,1
C0624,2023-01,4
C0666,2023-04,1
C0058,2021-05,82
C0682,2023-04,1
C0399,2023-05,100
C0632,2023-09,1
C0206,2023-10,94
C0516,2023-10,10
C0545,2023-10,4
C0402,2024-01,191
C0115,2024-01,116
C0367,2024-01,127
C0517,2024-01,12
C0516,2024-01,27
C0075,2024-05,63
C0402,2024-06,73
C0170,2024-10,125
C0258,2024-06,160
C0158,2020-01,297
C0425,2020-06,6
C0382,2020-03,89
C0186,2020-02,37
C0636,2020-04,3
C0034,2020-06,41
C0688,2020-05,10
C0587,2020-05,13
C0593,2020-04,12
C0199,2020-01,7
C0561,2020-05,6
C0207,2020-05,1
C0431,2020-08,56
C0015,2020-08,54
C0315,2020-08,50
C0464,2020-08,33
C0671,2020-09,18
C0476,2020-09,50
C0263,2020-09,77
C0435,2020-07,35
C0325,2020-08,3
C0696,2020-08,2
C0572,2020-09,8
C0429,2021-02,53
C0188,2020-06,65
C0171,2024-06,59
C0349,2020-03,83
C0471,2020-09,3
C0557,2021-02,42
C0457,2020-12,31
C0230,2021-02,33
C0515,2021-01,16
C0341,2021-04,66
C0426,2021-02,56
C0399,2021-02,78
C0317,2021-03,56
C0747,2021-02,2
C0478,2021-06,45
C0120,2021-05,32
C0485,2021-06,52
C0287,2021-04,17
C0712,2021-06,11
C0266,2021-07,34
C0038,2021-03,37
C0126,2021-04,82
C0013,2021-04,13
C0420,2021-07,49
C0068,2021-07,27
C0602,2021-07,18
C0152,2021-07,43
C0392,2021-07,7
C0402,2021-10,58
C0171,2021-10,30
C0437,2021-10,36
C0516,2021-10,13
C0545,2021-10,3
C0517,2021-10,2
C0245,2021-11,95
C0556,2021-11,37
C0550,2021-11,9
C0334,2021-11,47
C0050,2021-11,57
C0286,2020-10,51
C0644,2021-11,8
C0667,2020-02,8
C0581,2021-11,6
C0047,2020-02,43
C0162,2021-04,16
C0079,2022-02,1
C0707,2022-12,3
C0042,2022-11,1
C0448,2021-11,42
C0608,2023-05,5
C0747,2023-05,5
C0713,2023-05,3
C0312,2021-11,5
C0117,2020-03,38
C0451,2021-05,46
C0482,2020-07,71
C0018,2020-07,15
C0518,2021-11,9
C0005,2020-03,42
C0194,2026-01,283
C0498,2022-04,6
C0637,2020-01,3
C0519,2020-02,2
C0750,2020-06,9
C0075,2020-06,49
C0560,2020-07,7
C0440,2020-07,47
C0724,2020-10,2
C0695,2020-12,1
C0601,2020-11,3
C0394,2024-09,57
C0107,2020-11,8
C0249,2024-06,51
C0577,2021-03,6
C0632,2021-03,7
C0687,2021-03,6
C0353,2021-03,3
C0744,2021-04,23
C0651,2021-04,15
C0571,2021-04,1
C0248,2021-04,2
C0422,2021-05,3
C0743,2021-05,3
C0295,2021-08,45
C0529,2021-05,2
C0598,2021-08,12
C0114,2021-08,43
C0191,2021-08,46
C0319,2021-08,17
C0618,2021-08,2
C0723,2021-09,14
C0548,2020-10,11
C0381,2021-09,8
C0594,2021-08,2
C0513,2021-07,3
C0268,2021-09,1
C0643,2021-12,1
C0087,2021-12,4
C0629,2021-12,1
C0042,2020-03,3
C0628,2020-01,1
C0512,2020-03,2
C0514,2020-03,4
C0705,2020-03,1
C0336,2020-03,7
C0388,2020-06,4
C0726,2020-06,1
C0052,2020-06,2
C0693,2020-10,8
C0117,2024-08,53
C0542,2020-08,8
C0351,2020-10,2
C0713,2021-02,1
C0040,2024-06,124
C0145,2024-04,37
C0570,2021-11,1
C0194,2025-04,114
C0716,2021-11,1
C0074,2020-08,1
C0636,2020-12,3
C0715,2021-04,1
C0157,2021-04,1
C0648,2021-04,1
C0406,2024-06,27
C0050,2026-05,79
C0123,2026-05,86
C0334,2026-05,77
C0245,2026-05,76
C0644,2026-05,10
C0556,2026-05,114
C0227,2026-05,63
C0346,2026-05,84
C0509,2026-05,9
C0113,2026-01,318
C0448,2026-05,52
C0328,2026-05,123
C0550,2026-05,9
C0518,2026-05,18
C0005,2026-01,130
C0369,2026-06,165
C0446,2026-06,188
C0117,2026-01,173
C0350,2025-11,52
C0466,2026-01,6
C0339,2026-01,250
C0527,2025-07,26
C0172,2026-07,65
C0302,2026-06,81
C0352,2026-03,89
C0382,2026-01,239
C0623,2026-07,14
C0338,2026-06,116
C0004,2025-07,60
C0425,2024-05,19
C0042,2026-01,11
C0132,2026-08,84
C0272,2025-03,36
C0060,2025-06,214
C0020,2026-06,43
C0102,2025-11,116
C0048,2026-06,156
C0385,2025-01,154
C0007,2026-06,47
C0443,2026-02,127
C0349,2026-01,148
C0083,2026-04,70
C0559,2026-07,1
C0514,2026-01,16
C0601,2026-07,2
C0512,2025-04,4
C0107,2026-07,4
C0009,2026-08,264
C0124,2026-06,43
C0415,2024-11,21
C0423,2024-12,117
C0188,2024-05,53
C0354,2025-03,84
C0408,2025-03,48
C0303,2025-11,23
C0221,2025-12,116
C0063,2025-03,91
C0336,2026-01,49
C0042,2025-04,5
C0060,2026-04,235
C0100,2025-07,50
C0269,2025-11,54
C0220,2025-11,25
C0515,2025-11,14
C0410,2025-11,53
C0406,2025-08,24
C0285,2025-11,89
C0332,2025-01,81
C0258,2025-08,164
C0253,2026-08,101
C0249,2025-08,28
C0694,2025-11,13
C0217,2025-01,94
C0320,2025-08,59
C0506,2025-01,46
C0305,2025-11,1
C0085,2025-12,54
C0616,2026-03,29
C0705,2026-01,4
C0164,2025-02,24
C0145,2026-08,108
C0086,2024-09,77
C0252,2026-04,87
C0358,2026-03,82
C0031,2025-01,162
C0284,2025-01,6
C0605,2026-01,25
C0738,2023-10,2
C0512,2026-01,27
C0022,2025-01,9
C0115,2025-08,60
C0379,2024-10,28
C0458,2024-07,28
C0052,2024-05,1
C0458,2024-04,22
C0532,2026-03,27
C0604,2026-03,15
C0322,2026-03,3
C0584,2026-03,7
C0565,2026-03,14
C0586,2026-03,2
C0415,2026-04,22
C0736,2026-03,8
C0614,2026-03,4
C0626,2026-03,3
C0541,2026-03,6
C0224,2024-10,31
C0025,2020-09,1
C0469,2025-07,20
C0083,2025-06,44
C0323,2025-05,32
C0032,2026-02,7
C0386,2024-10,59
C0581,2026-05,7
C0436,2026-08,280
C0716,2026-05,4
C0312,2026-05,14
C0159,2024-10,61
C0251,2025-05,89
C0413,2022-10,2
C0723,2025-10,30
C0056,2025-07,89
C0488,2026-05,2
C0570,2026-05,6
C0437,2024-06,35
C0461,2025-07,128
C0499,2026-06,2
C0160,2026-04,24
C0458,2026-08,48
C0071,2026-08,39
C0465,2026-08,30
C0551,2026-08,7
C0356,2026-08,26
C0246,2026-08,27
C0320,2024-06,65
C0179,2024-12,39
C0470,2026-08,3
C0402,2025-08,74
C0083,2024-11,49
C0567,2026-08,1
C0495,2026-08,1
C0151,2025-10,79
C0090,2023-12,2
C0381,2025-10,29
C0545,2024-01,17
C0382,2024-08,108
C0237,2024-05,131
C0253,2024-04,67
C0009,2024-04,169
C0034,2024-05,39
C0339,2024-08,29
C0596,2024-01,4
C0071,2024-04,48
C0005,2024-08,48
C0465,2024-04,51
C0436,2024-04,125
C0105,2024-04,61
C0105,2024-07,81
C0551,2024-04,6
C0132,2024-04,95
C0356,2024-04,5
C0454,2024-12,26
C0246,2024-04,11
C0592,2024-03,25
C0516,2024-06,14
C0282,2025-02,46
C0366,2024-09,41
C0115,2024-06,44
C0009,2024-07,206
C0070,2024-05,79
C0349,2024-08,79
C0154,2024-05,48
C0080,2025-07,130
C0380,2024-05,18
C0194,2024-08,122
C0750,2024-05,11
C0545,2024-06,11
C0388,2024-05,3
C0113,2024-08,116
C0367,2024-06,45
C0517,2024-06,5
C0362,2024-09,105
C0621,2024-01,3
C0145,2024-07,58
C0253,2024-07,46
C0436,2024-07,126
C0071,2024-07,31
C0132,2024-07,87
C0465,2024-07,54
C0356,2024-07,7
C0551,2024-07,6
C0246,2024-07,16
C0027,2024-12,39
C0567,2024-07,1
C0582,2024-10,16
C0498,2024-10,15
C0149,2024-10,27
C0612,2025-07,4
C0290,2025-02,46
C0479,2024-10,1
C0060,2024-11,267
C0739,2024-10,4
C0265,2024-10,12
C0117,2025-04,44
C0061,2024-09,71
C0252,2024-11,51
C0530,2025-01,229
C0160,2024-11,7
C0501,2024-12,21
C0278,2025-03,129
C0493,2025-02,89
C0449,2025-02,2
C0203,2025-02,25
C0445,2025-02,31
C0329,2025-02,4
C0564,2025-02,12
C0370,2025-02,6
C0349,2025-04,70
C0741,2025-02,2
C0675,2025-02,18
C0336,2025-04,21
C0005,2025-04,38
C0359,2024-12,1
C0382,2025-04,96
C0609,2025-02,1
C0563,2025-01,4
C0113,2025-04,119
C0288,2024-12,13
C0321,2025-05,22
C0226,2025-05,120
C0339,2025-04,40
C0670,2025-05,5
C0270,2025-05,64
C0324,2025-05,36
C0719,2025-05,4
C0521,2025-05,26
C0165,2025-05,21
C0474,2025-03,38
C0306,2025-05,38
C0389,2025-05,32
C0415,2025-06,24
C0406,2023-10,11
C0437,2025-08,65
C0252,2025-06,51
C0040,2025-08,149
C0151,2025-09,67
C0438,2025-12,5
C0035,2025-03,8
C0222,2026-02,77
C0592,2026-02,41
C0697,2026-02,2
C0259,2025-09,71
C0638,2026-03,3
C0116,2026-03,1
C0367,2025-08,58
C0190,2026-03,2
C0600,2026-04,15
C0525,2026-04,5
C0160,2025-06,17
C0646,2026-04,1
C0090,2026-04,3
C0014,2026-06,2
C0591,2026-06,1
C0222,2024-03,75
C0416,2024-09,42
C0517,2025-08,8
C0259,2025-10,93
C0686,2025-05,7
C0525,2025-06,2
C0079,2025-06,3
C0600,2025-06,9
C0723,2025-09,25
C0008,2025-07,2
C0381,2025-09,34
C0413,2025-10,1
C0613,2026-02,1
C0411,2026-03,2
C0238,2025-03,18
C0032,2024-03,5
C0589,2024-03,5
C0210,2024-09,42
C0489,2024-09,3
C0171,2025-08,36
C0731,2025-10,1
C0079,2026-04,2
C0738,2024-01,1
C0545,2025-08,8
C0180,2025-01,3
C0711,2024-12,4
C0707,2024-12,2
C0583,2024-12,3
C0299,2025-03,5
C0096,2025-03,2
C0242,2025-03,4
C0051,2025-03,3
C0514,2025-04,6
C0605,2025-04,3
C0698,2025-07,1
C0516,2025-08,20
C0653,2025-05,7
C0699,2025-05,1
C0413,2025-09,1
C0508,2025-11,1
C0611,2025-11,1
C0554,2025-05,3
C0697,2024-03,5
C0613,2024-03,2
C0042,2024-08,2
C0514,2024-08,6
C0512,2024-08,10
C0336,2024-08,10
C0726,2024-05,1
C0605,2024-08,4
C0596,2025-08,1
C0621,2025-08,1
C0738,2025-08,1
C0077,2024-02,1
C0596,2024-06,1
C0495,2024-07,1
C0470,2024-07,1
C0600,2024-11,5
C0090,2024-11,1
C0646,2024-11,2
C0525,2024-11,1
C0536,2025-02,1
C0090,2025-06,1
C0054,2022-07,1
C0008,2022-07,1
C0381,2022-10,9
C0544,2023-01,2
C0517,2023-10,2
C0729,2025-03,1
C0424,2021-12,47
C0144,2021-12,23
C0218,2021-12,75
C0500,2021-12,3
C0205,2021-11,46
C0209,2021-11,38
C0346,2022-01,68
C0323,2021-09,36
C0050,2022-01,120
C0518,2022-01,13
C0334,2022-01,98
C0227,2022-01,43
C0123,2022-01,52
C0245,2022-01,146
C0448,2022-01,83
C0328,2022-01,127
C0556,2022-01,100
C0326,2021-06,19
C0590,2021-01,15
C0509,2022-01,23
C0570,2022-01,6
C0059,2021-01,56
C0360,2021-04,52
C0513,2021-06,5
C0156,2020-06,62
C0219,2021-04,34
C0306,2021-09,40
C0045,2021-05,46
C0234,2021-01,93
C0263,2021-01,129
C0316,2021-01,113
C0550,2022-01,24
C0242,2020-02,10
C0644,2022-01,9
C0581,2022-01,21
C0746,2021-12,6
C0341,2021-08,77
C0716,2022-01,7
C0460,2022-04,36
C0414,2022-02,46
C0297,2022-04,30
C0462,2022-03,22
C0250,2022-03,40
C0293,2022-03,46
C0647,2022-03,11
C0030,2022-02,4
C0745,2022-04,9
C0700,2022-03,22
C0091,2022-08,26
C0017,2021-11,28
C0256,2022-02,49
C0387,2022-04,55
C0267,2022-06,35
C0121,2022-03,71
C0352,2022-05,35
C0358,2022-05,80
C0541,2022-05,6
C0616,2022-05,21
C0584,2022-05,15
C0604,2022-05,5
C0532,2022-05,19
C0190,2022-05,1
C0067,2022-03,152
C0736,2022-05,4
C0330,2021-05,64
C0191,2021-04,56
C0176,2021-04,105
C0623,2020-08,3
C0427,2020-12,28
C0308,2020-01,47
C0678,2020-01,26
C0220,2020-09,19
C0348,2021-01,90
C0347,2021-05,28
C0468,2020-01,138
C0380,2021-03,23
C0027,2021-02,22
C0102,2020-09,66
C0418,2020-01,49
C0319,2021-04,16
C0240,2022-06,23
C0276,2022-06,117
C0146,2022-06,62
C0345,2022-06,28
C0069,2022-06,36
C0535,2022-06,2
C0024,2022-06,21
C0421,2022-06,26
C0175,2022-06,44
C0153,2022-06,14
C0296,2022-06,24
C0211,2022-07,70
C0486,2022-07,80
C0195,2022-07,42
C0177,2022-07,46
C0455,2022-07,54
C0472,2022-07,68
C0129,2022-07,78
C0006,2022-07,3
C0312,2022-01,9
C0614,2022-05,3
C0443,2022-11,40
C0324,2022-10,41
C0226,2022-10,108
C0222,2022-11,69
C0182,2023-01,46
C0521,2022-10,10
C0592,2022-11,16
C0251,2022-10,49
C0719,2022-10,3
C0323,2022-10,31
C0306,2022-10,37
C0667,2022-08,10
C0032,2022-11,6
C0165,2022-10,21
C0546,2022-11,1
C0554,2022-10,2
C0270,2022-10,59
C0670,2022-10,5
C0613,2022-11,2
C0697,2022-11,4
C0130,2020-10,36
C0389,2022-10,35
C0589,2022-11,1
C0050,2023-11,61
C0653,2022-10,4
C0230,2022-12,41
C0399,2022-12,100
C0127,2022-12,79
C0557,2022-12,59
C0426,2022-12,61
C0452,2022-12,72
C0429,2022-12,49
C0747,2022-12,9
C0676,2022-12,17
C0713,2022-12,4
C0414,2023-03,36
C0256,2023-03,66
C0055,2023-01,61
C0076,2023-02,78
C0539,2023-01,11
C0138,2023-01,121
C0011,2023-01,161
C0727,2023-01,77
C0143,2023-01,187
C0389,2021-09,42
C0552,2023-01,61
C0280,2020-02,29
C0077,2023-03,2
C0645,2023-01,5
C0311,2023-01,93
C0169,2023-01,112
C0134,2023-02,49
C0428,2020-12,40
C0076,2023-04,102
C0435,2023-04,42
C0482,2023-04,94
C0560,2023-04,12
C0440,2023-04,21
C0134,2023-04,39
C0070,2021-03,36
C0018,2023-04,20
C0423,2022-09,68
C0152,2021-06,52
C0455,2023-07,62
C0129,2023-07,69
C0195,2023-07,49
C0486,2023-07,88
C0211,2023-07,69
C0465,2023-06,47
C0472,2023-07,63
C0177,2023-07,40
C0105,2023-06,56
C0027,2023-05,19
C0410,2023-08,61
C0102,2023-08,66
C0220,2023-08,33
C0303,2023-08,10
C0356,2023-06,4
C0269,2023-08,47
C0285,2023-08,49
C0508,2023-08,2
C0694,2023-08,10
C0611,2023-08,1
C0515,2023-08,9
C0350,2023-08,39
C0458,2023-06,35
C0145,2023-06,39
C0009,2023-06,160
C0071,2023-06,44
C0576,2023-01,22
C0075,2023-09,65
C0154,2023-09,62
C0070,2023-09,46
C0237,2023-09,108
C0034,2023-09,39
C0380,2023-09,20
C0726,2023-09,1
C0188,2023-09,56
C0388,2023-09,5
C0256,2023-12,71
C0414,2023-12,42
C0030,2023-12,10
C0016,2023-10,36
C0227,2023-11,48
C0487,2022-03,31
C0337,2022-03,10
C0404,2022-02,1
C0264,2021-06,42
C0431,2020-11,45
C0188,2021-03,64
C0408,2020-02,39
C0068,2021-06,35
C0471,2021-01,8
C0154,2021-03,63
C0671,2021-01,27
C0626,2022-05,5
C0322,2022-05,2
C0586,2022-05,3
C0502,2022-04,2
C0565,2022-05,2
C0454,2022-09,19
C0179,2022-09,20
C0501,2022-09,10
C0150,2020-10,22
C0583,2022-09,2
C0047,2022-08,53
C0186,2022-08,56
C0027,2022-09,19
C0295,2021-04,40
C0707,2022-09,4
C0288,2022-09,6
C0359,2022-09,3
C0294,2021-05,5
C0285,2020-09,52
C0485,2021-07,65
C0435,2023-02,28
C0482,2023-02,87
C0440,2023-02,22
C0096,2020-02,1
C0560,2023-02,10
C0018,2023-02,12
C0012,2020-12,30
C0430,2020-07,22
C0298,2020-12,48
C0013,2021-08,6
C0434,2023-03,1
C0603,2021-05,19
C0470,2023-06,3
C0246,2023-06,11
C0436,2023-06,97
C0132,2023-06,79
C0423,2023-05,79
C0253,2023-06,70
C0179,2023-05,19
C0551,2023-06,4
C0324,2021-09,49
C0556,2023-11,83
C0334,2023-11,54
C0328,2023-11,68
C0245,2023-11,72
C0448,2023-11,30
C0123,2023-11,29
C0346,2023-11,53
C0644,2023-11,7
C0509,2023-11,8
C0570,2023-11,5
C0550,2023-11,8
C0518,2023-11,7
C0488,2023-11,3
C0581,2023-11,1
C0716,2023-11,2
C0077,2023-12,3
C0425,2023-09,13
C0273,2023-10,2
C0060,2024-02,209
C0420,2021-06,48
C0237,2021-03,118
C0252,2024-02,28
C0016,2024-01,131
C0254,2024-04,167
C0183,2021-11,62
C0077,2022-02,1
C0434,2022-02,1
C0476,2021-01,106
C0653,2021-09,8
C0298,2020-04,42
C0604,2020-05,4
C0016,2021-10,44
C0238,2020-02,10
C0075,2021-03,42
C0303,2020-09,20
C0266,2021-06,37
C0098,2021-07,35
C0269,2020-09,53
C0343,2020-04,56
C0400,2021-08,24
C0037,2021-06,79
C0200,2020-06,45
C0443,2020-03,36
C0694,2020-09,9
C0289,2020-12,38
C0201,2021-05,43
C0350,2020-09,49
C0358,2020-05,79
C0343,2020-12,56
C0162,2021-08,11
C0439,2020-07,20
C0410,2020-09,54
C0478,2021-07,52
C0222,2020-03,63
C0340,2020-01,220
C0073,2020-04,63
C0094,2020-10,24
C0327,2020-12,32
C0133,2020-10,48
C0270,2021-09,51
C0432,2021-06,5
C0686,2022-10,6
C0708,2023-04,1
C0501,2023-05,11
C0454,2023-05,26
C0750,2023-09,8
C0484,2024-07,44
C0275,2024-07,67
C0382,2024-03,116
C0113,2024-03,124
C0015,2020-11,62
C0661,2020-01,5
C0327,2020-04,23
C0428,2020-04,30
C0012,2020-04,24
C0736,2020-05,4
C0616,2020-05,14
C0354,2020-02,47
C0352,2020-05,18
C0584,2020-05,29
C0427,2020-04,18
C0532,2020-05,7
C0322,2020-05,3
C0634,2020-04,13
C0737,2020-04,3
C0586,2020-05,5
C0335,2020-04,2
C0172,2020-08,42
C0474,2020-02,45
C0515,2020-09,12
C0107,2020-08,3
C0508,2020-09,2
C0375,2020-07,18
C0321,2021-09,5
C0634,2020-12,15
C0572,2021-01,15
C0737,2020-12,4
C0315,2020-11,33
C0073,2020-12,66
C0317,2020-06,50
C0278,2020-02,58
C0251,2021-09,51
C0423,2021-02,51
C0483,2020-10,40
C0179,2021-02,20
C0707,2021-02,2
C0583,2021-02,5
C0454,2021-02,18
C0711,2021-02,3
C0202,2020-10,83
C0602,2021-06,14
C0178,2021-06,38
C0363,2021-06,14
C0392,2021-06,12
C0214,2021-06,21
C0057,2021-05,49
C0034,2021-03,43
C0712,2021-07,14
C0255,2021-07,61
C0226,2021-09,99
C0371,2021-05,28
C0333,2021-11,33
C0310,2020-10,26
C0444,2021-08,9
C0304,2021-11,104
C0126,2021-08,101
C0165,2021-09,27
C0063,2020-02,56
C0748,2021-10,2
C0273,2021-10,3
C0534,2021-11,5
C0488,2022-01,2
C0651,2021-08,17
C0519,2022-08,1
C0608,2022-12,3
C0288,2023-05,9
C0583,2023-05,7
C0289,2020-04,41
C0504,2020-01,5
C0520,2020-01,6
C0541,2020-05,1
C0614,2020-05,2
C0411,2020-05,1
C0038,2020-06,27
C0157,2021-08,2
C0685,2021-11,2
C0433,2022-03,2
C0051,2020-02,1
C0272,2020-02,26
C0299,2020-02,5
C0729,2020-02,2
C0035,2020-02,2
C0577,2020-06,3
C0687,2020-06,5
C0553,2020-07,6
C0353,2020-06,2
C0287,2021-08,19
C0232,2020-11,31
C0464,2020-11,38
C0742,2020-11,7
C0318,2020-10,11
C0696,2020-11,1
C0542,2020-11,6
C0325,2020-11,1
C0388,2021-03,5
C0750,2021-03,5
C0615,2021-04,8
C0726,2021-03,3
C0114,2021-04,39
C0501,2021-02,5
C0342,2021-05,34
C0002,2021-05,55
C0662,2021-05,7
C0618,2021-04,1
C0598,2021-04,4
C0052,2021-03,1
C0635,2021-05,3
C0656,2021-05,2
C0257,2021-08,68
C0744,2021-08,46
C0571,2021-08,2
C0111,2021-08,1
C0715,2021-08,4
C0670,2021-09,4
C0686,2021-09,6
C0521,2021-09,11
C0554,2021-09,5
C0719,2021-09,2
C0283,2021-12,1
C0703,2020-02,1
C0592,2020-03,13
C0697,2020-03,8
C0032,2020-03,6
C0589,2020-03,1
C0626,2020-05,1
C0187,2020-02,1
C0039,2020-04,1
C0373,2020-10,1
C0526,2020-10,3
C0720,2020-11,2
C0664,2020-12,2
C0288,2021-02,3
C0425,2021-03,2
C0594,2021-04,1
C0248,2021-08,2
C0039,2020-12,2
C0558,2021-11,1
C0194,2024-03,134
C0142,2022-02,1
C0613,2020-03,1
C0546,2020-03,1
C0664,2020-04,3
C0669,2020-04,1
C0531,2020-04,2
C0601,2020-08,4
C0531,2020-12,1
C0669,2020-12,1
C0699,2021-09,2
C0734,2021-09,1
C0592,2026-01,146
C0183,2026-05,115
C0066,2025-02,28
C0205,2026-05,86
C0534,2026-05,29
C0304,2026-05,130
C0277,2025-01,100
C0222,2026-01,230
C0209,2026-05,59
C0017,2026-05,36
C0443,2026-01,429
C0333,2026-05,46
C0464,2026-07,98
C0232,2026-07,65
C0315,2026-07,124
C0431,2026-07,83
C0208,2026-06,136
C0161,2026-06,67
C0542,2026-07,32
C0015,2026-07,102
C0742,2026-07,4
C0486,2025-07,150
C0088,2026-06,84
C0292,2026-08,53
C0414,2026-04,111
C0696,2026-07,5
C0196,2026-06,107
C0672,2026-06,56
C0720,2026-07,8
C0537,2025-01,610
C0129,2025-07,79
C0210,2025-12,115
C0156,2024-05,54
C0083,2024-02,42
C0275,2024-04,53
C0228,2025-01,281
C0275,2026-08,55
C0251,2025-09,98
C0747,2024-12,29
C0382,2026-02,87
C0029,2024-07,58
C0103,2026-08,68
C0654,2022-06,1
C0256,2026-04,73
C0263,2025-11,54
C0193,2025-01,28
C0389,2025-10,38
C0348,2025-11,88
C0671,2025-11,38
C0419,2025-01,196
C0475,2025-01,173
C0234,2025-11,45
C0047,2025-03,89
C0032,2026-01,24
C0059,2025-11,104
C0476,2025-11,64
C0316,2025-11,71
C0714,2025-01,93
C0046,2025-01,99
C0167,2025-01,95
C0572,2025-11,26
C0225,2025-01,98
C0407,2025-01,319
C0401,2025-01,135
C0396,2025-01,94
C0533,2025-01,38
C0394,2025-12,104
C0251,2025-10,94
C0226,2025-10,141
C0256,2025-06,81
C0398,2025-01,166
C0412,2025-01,135
C0521,2025-10,26
C0391,2025-01,164
C0590,2025-11,8
C0306,2025-09,38
C0270,2025-10,73
C0086,2025-12,147
C0362,2025-12,96
C0061,2025-12,95
C0416,2025-12,55
C0366,2025-12,84
C0339,2024-03,39
C0211,2025-07,59
C0489,2025-12,7
C0321,2025-10,24
C0241,2026-08,143
C0323,2025-09,31
C0270,2025-09,77
C0443,2024-08,65
C0339,2026-02,83
C0455,2025-07,104
C0697,2026-01,15
C0016,2025-08,35
C0025,2021-01,1
C0460,2024-10,44
C0091,2025-03,26
C0677,2026-03,9
C0194,2026-02,91
C0307,2026-08,89
C0472,2025-07,54
C0587,2026-03,18
C0663,2026-03,1
C0484,2026-08,49
C0477,2026-03,3
C0688,2026-03,11
C0389,2025-09,47
C0254,2026-08,251
C0117,2026-02,83
C0561,2026-03,7
C0324,2025-09,54
C0653,2025-10,6
C0165,2025-10,18
C0113,2026-02,109
C0222,2025-04,60
C0452,2024-12,83
C0103,2024-07,41
C0589,2026-01,8
C0414,2024-11,45
C0151,2025-05,106
C0005,2026-02,56
C0540,2026-06,7
C0578,2026-08,4
C0630,2026-08,9
C0403,2026-08,31
C0029,2026-08,36
C0230,2024-12,48
C0325,2026-07,2
C0323,2025-10,46
C0109,2026-06,96
C0064,2026-06,2
C0441,2026-06,4
C0349,2024-03,76
C0117,2024-03,47
C0307,2024-07,63
C0273,2024-01,7
C0592,2024-08,30
C0403,2024-04,15
C0307,2024-04,61
C0103,2024-04,38
C0578,2024-04,8
C0241,2024-04,66
C0029,2024-04,43
C0484,2024-04,43
C0292,2024-04,16
C0630,2024-04,9
C0221,2024-09,83
C0415,2024-02,18
C0127,2024-12,76
C0038,2024-05,33
C0317,2024-05,62
C0200,2024-05,50
C0577,2024-05,11
C0632,2024-05,3
C0353,2024-05,2
C0687,2024-05,3
C0160,2024-02,11
C0697,2024-08,8
C0512,2024-03,4
C0016,2024-06,57
C0273,2024-06,4
C0717,2024-06,1
C0748,2024-06,1
C0676,2024-12,26
C0466,2024-03,2
C0292,2024-07,25
C0254,2024-07,166
C0241,2024-07,93
C0403,2024-07,8
C0630,2024-07,12
C0578,2024-07,8
C0502,2024-10,1
C0387,2024-10,46
C0297,2024-10,66
C0745,2024-10,5
C0592,2025-04,37
C0155,2025-02,186
C0557,2024-12,61
C0429,2024-12,62
C0186,2025-03,45
C0336,2024-03,14
C0723,2025-05,25
C0256,2024-11,70
C0030,2024-11,5
C0524,2025-01,18
C0368,2025-02,36
C0259,2025-05,91
C0519,2025-03,8
C0443,2025-04,73
C0065,2025-02,22
C0681,2025-02,3
C0426,2024-12,58
C0108,2025-02,3
C0414,2025-06,51
C0543,2025-02,2
C0574,2025-01,18
C0381,2025-05,31
C0309,2025-12,4
C0404,2025-06,5
C0710,2026-06,4
C0030,2026-04,7
C0733,2026-08,1
C0434,2025-06,2
C0195,2025-07,80
C0165,2025-09,24
C0306,2025-10,38
C0042,2026-02,2
C0349,2026-02,46
C0512,2026-02,4
C0336,2026-02,14
C0605,2026-02,10
C0466,2026-02,1
C0514,2026-02,5
C0207,2026-03,2
C0077,2026-04,2
C0030,2025-06,4
C0404,2026-04,6
C0549,2026-07,1
C0116,2020-05,1
C0077,2025-06,4
C0177,2025-07,46
C0324,2025-10,41
C0226,2025-09,104
C0719,2025-10,9
C0670,2025-10,7
C0686,2025-10,8
C0554,2025-10,6
C0471,2025-11,1
C0005,2024-03,48
C0273,2025-08,5
C0608,2024-12,4
C0521,2025-09,20
C0321,2022-10,12
C0514,2024-03,2
C0085,2024-09,49
C0222,2024-08,81
C0032,2024-08,5
C0438,2024-09,1
C0713,2024-12,7
C0734,2025-10,1
C0613,2026-01,4
C0558,2026-05,6
C0685,2026-05,2
C0399,2024-12,85
C0613,2025-04,1
C0697,2025-04,11
C0667,2025-03,17
C0404,2024-11,2
C0546,2025-04,3
C0321,2025-09,16
C0032,2025-04,2
C0268,2025-05,1
C0699,2025-09,2
C0670,2025-09,11
C0554,2025-09,3
C0653,2025-09,9
C0686,2025-09,5
C0719,2025-09,9
C0006,2025-07,1
C0705,2026-02,1
C0331,2025-01,1
C0434,2026-04,1
C0281,2026-06,4
C0722,2026-06,1
C0600,2024-02,4
C0525,2024-02,3
C0646,2024-02,1
C0042,2024-03,5
C0605,2024-03,2
C0613,2024-08,2
C0589,2024-08,4
C0589,2025-04,2
C0748,2025-08,4
C0717,2025-08,1
C0717,2024-01,2
C0090,2024-02,2
C0620,2024-02,1
C0079,2024-02,1
C0733,2024-07,1
C0077,2024-11,2
C0099,2024-10,1
C0434,2024-11,1
C0652,2025-03,1
C0699,2022-10,1
C0567,2023-06,1
C0312,2023-11,2
C0711,2022-09,1
C0507,2023-01,1
C0495,2023-06,1
C0705,2024-03,1
C0216,2021-12,34
C0457,2021-12,30
C0695,2021-12,4
C0300,2021-12,58
C0067,2021-04,117
C0358,2021-11,110
C0045,2021-10,56
C0178,2021-01,76
C0593,2021-12,22
C0089,2021-08,46
C0168,2021-08,21
C0636,2021-12,11
C0183,2022-05,65
C0192,2021-08,49
C0347,2021-10,24
C0266,2021-01,57
C0587,2022-01,31
C0350,2021-07,46
C0688,2022-01,15
C0561,2022-01,6
C0663,2022-01,2
C0102,2021-07,49
C0445,2020-02,28
C0214,2021-01,82
C0264,2021-01,140
C0152,2021-01,73
C0330,2021-10,56
C0339,2021-03,25
C0432,2021-01,8
C0376,2021-08,1
C0205,2020-05,30
C0421,2020-11,33
C0483,2022-04,65
C0318,2022-04,16
C0130,2022-04,27
C0311,2022-02,33
C0133,2022-04,66
C0176,2022-03,72
C0219,2022-03,26
C0360,2022-03,56
C0310,2022-04,38
C0094,2022-04,36
C0142,2023-01,2
C0202,2022-04,77
C0138,2022-02,42
C0055,2022-02,25
C0526,2022-04,2
C0209,2022-05,49
C0304,2022-05,87
C0558,2022-05,8
C0534,2022-05,7
C0333,2022-05,19
C0205,2022-05,33
C0017,2022-05,24
C0137,2020-08,47
C0423,2020-01,177
C0678,2021-02,14
C0200,2020-03,40
C0353,2020-03,5
C0117,2021-03,53
C0037,2021-01,289
C0313,2020-12,20
C0304,2020-05,110
C0359,2020-01,1
C0267,2020-11,39
C0464,2022-06,39
C0315,2022-06,58
C0232,2022-06,37
C0015,2022-06,42
C0696,2022-06,3
C0742,2022-06,6
C0431,2022-06,50
C0720,2022-06,1
C0542,2022-06,7
C0549,2022-06,2
C0169,2022-02,34
C0114,2022-03,46
C0191,2022-03,61
C0241,2022-07,51
C0029,2022-07,25
C0254,2022-07,107
C0103,2022-07,48
C0275,2022-07,58
C0630,2022-07,15
C0403,2022-07,14
C0484,2022-07,36
C0307,2022-07,42
C0292,2022-07,10
C0337,2021-04,17
C0733,2022-07,1
C0207,2022-01,3
C0477,2022-01,3
C0677,2022-01,11
C0578,2022-07,5
C0038,2022-11,42
C0317,2022-11,54
C0156,2022-11,51
C0200,2022-11,50
C0577,2022-11,7
C0375,2022-10,34
C0430,2022-10,19
C0091,2025-02,35
C0687,2022-11,8
C0632,2022-11,3
C0353,2022-11,2
C0316,2021-06,39
C0065,2022-08,19
C0003,2022-12,18
C0158,2022-12,102
C0642,2022-12,11
C0072,2022-12,83
C0055,2023-03,38
C0143,2023-03,64
C0011,2023-03,55
C0138,2023-03,63
C0539,2023-03,5
C0169,2023-03,55
C0727,2023-03,28
C0182,2023-03,20
C0151,2023-02,66
C0311,2023-03,44
C0256,2023-01,132
C0552,2023-03,19
C0576,2023-03,11
C0645,2023-03,3
C0381,2023-02,9
C0203,2020-02,28
C0143,2022-02,50
C0414,2023-01,71
C0151,2023-04,83
C0723,2023-04,23
C0259,2023-04,70
C0413,2023-04,1
C0030,2023-01,17
C0199,2022-12,2
C0241,2023-07,57
C0307,2023-07,67
C0029,2023-07,20
C0103,2023-07,68
C0254,2023-07,115
C0461,2023-06,77
C0275,2023-07,70
C0630,2023-07,15
C0004,2023-06,66
C0484,2023-07,46
C0292,2023-07,21
C0478,2023-08,74
C0098,2023-08,39
C0712,2023-08,15
C0485,2023-08,56
C0255,2023-08,51
C0733,2023-07,1
C0056,2023-06,51
C0469,2023-06,23
C0326,2021-01,53
C0113,2023-09,113
C0349,2023-09,65
C0382,2023-09,89
C0512,2023-09,6
C0194,2023-09,74
C0005,2023-09,33
C0117,2023-09,45
C0339,2023-09,30
C0143,2023-12,64
C0138,2023-12,67
C0352,2021-11,26
C0011,2023-12,57
C0727,2023-12,29
C0576,2023-12,18
C0055,2023-12,32
C0169,2023-12,53
C0311,2023-12,41
C0552,2023-12,19
C0645,2023-12,4
C0295,2022-03,39
C0319,2022-03,15
C0598,2022-03,11
C0594,2022-03,2
C0539,2022-02,5
C0615,2022-03,4
C0618,2022-03,1
C0011,2022-02,48
C0182,2022-02,10
C0645,2022-02,1
C0269,2021-07,59
C0164,2020-02,33
C0675,2020-02,10
C0308,2021-02,7
C0348,2021-06,40
C0313,2020-04,33
C0393,2021-08,59
C0685,2022-05,1
C0155,2022-08,129
C0340,2022-09,61
C0520,2022-09,8
C0468,2022-09,48
C0418,2022-09,12
C0066,2022-08,29
C0308,2022-09,5
C0678,2022-09,13
C0363,2021-01,62
C0420,2021-01,109
C0504,2022-09,7
C0368,2022-08,28
C0476,2021-06,59
C0276,2020-11,116
C0404,2023-01,5
C0553,2022-10,6
C0355,2020-04,41
C0259,2023-02,55
C0413,2023-02,3
C0603,2021-10,16
C0723,2023-02,26
C0355,2020-12,61
C0590,2021-06,6
C0333,2020-05,21
C0194,2021-03,57
C0439,2021-09,18
C0454,2020-01,113
C0100,2023-06,33
C0080,2023-06,83
C0468,2023-05,72
C0527,2023-06,16
C0340,2023-05,55
C0057,2021-10,50
C0381,2023-04,5
C0578,2023-07,4
C0661,2023-05,2
C0604,2021-11,5
C0403,2023-07,13
C0342,2021-10,51
C0077,2023-01,10
C0038,2020-03,30
C0054,2023-06,1
C0561,2023-11,1
C0677,2023-11,6
C0688,2023-11,7
C0587,2023-11,14
C0371,2023-10,38
C0673,2023-11,2
C0375,2021-09,33
C0182,2023-12,8
C0294,2023-10,4
C0045,2023-10,65
C0539,2023-12,3
C0330,2023-10,76
C0023,2023-10,1
C0371,2024-01,77
C0057,2023-10,51
C0364,2024-02,31
C0463,2024-02,39
C0721,2024-02,1
C0002,2024-01,207
C0201,2024-01,123
C0405,2024-02,54
C0057,2024-01,132
C0624,2024-02,9
C0342,2024-01,153
C0250,2021-04,38
C0727,2022-02,19
C0576,2022-02,5
C0552,2022-02,16
C0673,2022-01,4
C0140,2021-08,35
C0371,2021-10,22
C0345,2020-11,25
C0255,2020-09,46
C0602,2021-01,31
C0183,2020-05,57
C0392,2021-01,9
C0324,2020-07,39
C0222,2020-06,60
C0226,2020-07,86
C0577,2020-03,4
C0462,2021-04,26
C0290,2020-02,67
C0293,2021-04,60
C0113,2021-03,115
C0485,2020-09,58
C0349,2021-03,80
C0357,2020-12,28
C0285,2021-07,36
C0165,2020-07,28
C0156,2020-03,34
C0282,2020-02,26
C0496,2020-07,1
C0045,2024-01,161
C0681,2022-08,5
C0543,2022-08,4
C0197,2020-12,21
C0053,2022-12,2
C0597,2022-12,1
C0439,2022-10,9
C0504,2023-05,3
C0418,2023-05,9
C0520,2023-05,5
C0308,2023-05,8
C0024,2020-11,22
C0336,2023-09,5
C0042,2023-09,5
C0514,2023-09,4
C0002,2023-10,55
C0342,2023-10,42
C0603,2023-10,19
C0201,2023-10,47
C0223,2020-08,41
C0347,2024-01,127
C0656,2024-01,9
C0330,2024-01,205
C0603,2024-01,55
C0045,2024-06,54
C0155,2025-03,225
C0294,2024-01,25
C0662,2024-01,18
C0635,2024-01,14
C0129,2024-04,77
C0583,2020-01,6
C0288,2020-01,28
C0027,2020-01,87
C0306,2020-07,35
C0179,2020-01,49
C0501,2020-01,19
C0062,2020-04,37
C0728,2020-04,19
C0357,2020-04,18
C0209,2020-05,33
C0017,2020-05,29
C0629,2020-04,1
C0377,2020-05,1
C0212,2020-08,35
C0197,2020-04,20
C0329,2020-02,4
C0323,2020-07,48
C0395,2020-08,47
C0174,2020-08,7
C0569,2020-08,20
C0718,2020-08,8
C0478,2020-09,56
C0370,2020-02,4
C0707,2020-01,1
C0098,2020-09,27
C0270,2020-07,52
C0712,2020-09,9
C0528,2020-09,1
C0521,2020-07,11
C0068,2021-01,65
C0297,2020-10,22
C0443,2020-06,55
C0062,2020-12,43
C0066,2025-03,27
C0005,2021-03,37
C0175,2020-11,48
C0513,2021-01,4
C0468,2021-02,56
C0340,2021-02,59
C0240,2020-11,23
C0121,2021-04,50
C0572,2021-06,7
C0234,2021-06,41
C0263,2021-06,68
C0059,2021-06,44
C0671,2021-06,21
C0382,2021-03,115
C0016,2021-05,54
C0273,2021-05,1
C0471,2021-06,3
C0028,2021-08,30
C0303,2021-07,21
C0410,2021-07,56
C0694,2021-07,7
C0515,2021-07,9
C0220,2021-07,13
C0305,2021-07,2
C0201,2021-10,39
C0662,2021-10,4
C0002,2021-10,46
C0093,2021-08,21
C0586,2021-11,6
C0736,2021-11,5
C0616,2021-11,23
C0635,2021-10,1
C0294,2021-10,8
C0584,2021-11,17
C0626,2021-11,4
C0532,2021-11,8
C0001,2023-05,3
C0678,2023-05,6
C0466,2023-09,1
C0705,2023-09,1
C0711,2020-01,14
C0558,2020-05,3
C0389,2020-07,35
C0116,2021-11,1
C0411,2021-11,1
C0150,2022-04,10
C0373,2022-04,1
C0460,2020-10,33
C0493,2020-02,49
C0564,2020-02,16
C0741,2020-02,3
C0609,2020-02,1
C0592,2020-06,13
C0697,2020-06,6
C0251,2020-07,38
C0686,2020-07,8
C0670,2020-07,7
C0719,2020-07,7
C0699,2020-07,2
C0321,2020-07,9
C0418,2021-02,12
C0554,2020-07,1
C0069,2020-11,30
C0146,2020-11,44
C0296,2020-11,21
C0387,2020-10,40
C0153,2020-11,23
C0032,2020-06,5
C0728,2020-12,18
C0534,2020-05,2
C0514,2021-03,6
C0336,2021-03,8
C0042,2021-03,4
C0487,2021-04,22
C0700,2021-04,15
C0647,2021-04,10
C0433,2021-04,2
C0748,2021-05,2
C0466,2021-03,1
C0430,2021-09,18
C0553,2021-09,8
C0274,2021-09,3
C0449,2020-02,1
C0317,2020-03,31
C0632,2020-03,3
C0687,2020-03,9
C0685,2020-05,1
C0502,2020-10,2
C0745,2020-10,1
C0504,2021-02,2
C0661,2021-02,3
C0520,2021-02,3
C0001,2021-02,1
C0512,2021-03,2
C0605,2021-03,2
C0508,2021-07,2
C0665,2021-08,3
C0148,2020-04,1
C0541,2021-11,1
C0614,2021-11,4
C0638,2021-11,2
C0565,2021-11,2
C0322,2021-11,1
C0666,2021-09,2
C0173,2020-04,3
C0536,2020-02,1
C0653,2020-07,2
C0153,2026-07,47
C0606,2020-08,1
C0173,2020-12,3
C0629,2020-12,3
C0656,2021-10,1
C0156,2026-01,240
C0532,2026-05,33
C0328,2026-03,129
C0383,2025-01,233
C0358,2026-05,80
C0236,2025-01,278
C0237,2026-02,224
C0616,2026-05,28
C0352,2026-05,79
C0541,2026-05,5
C0024,2026-07,80
C0345,2026-07,23
C0175,2026-07,81
C0146,2026-07,143
C0267,2026-07,176
C0276,2026-07,147
C0240,2026-07,24
C0069,2026-07,65
C0421,2026-07,36
C0317,2026-01,196
C0169,2026-04,127
C0577,2026-01,102
C0237,2024-03,130
C0208,2024-09,52
C0038,2026-01,143
C0353,2026-01,16
C0200,2026-01,241
C0539,2026-04,9
C0296,2026-07,29
C0221,2026-06,118
C0050,2026-03,86
C0420,2025-11,63
C0369,2025-12,189
C0143,2026-04,86
C0311,2026-04,51
C0435,2025-05,52
C0177,2026-08,53
C0550,2026-03,21
C0318,2024-10,36
C0138,2026-04,133
C0338,2025-12,124
C0434,2023-01,1
C0403,2025-07,17
C0130,2024-10,52
C0156,2024-08,50
C0264,2025-11,74
C0311,2025-06,44
C0139,2025-01,68
C0347,2024-06,30
C0425,2024-03,17
C0307,2025-07,54
C0112,2025-01,33
C0029,2025-07,43
C0037,2025-11,188
C0214,2025-11,20
C0372,2025-01,141
C0178,2025-11,84
C0143,2025-06,69
C0182,2026-04,38
C0152,2025-11,36
C0266,2025-11,51
C0363,2025-11,13
C0068,2025-11,52
C0188,2026-02,61
C0334,2026-03,63
C0123,2026-03,95
C0392,2025-11,9
C0128,2025-01,192
C0490,2025-01,40
C0169,2025-06,99
C0430,2025-10,14
C0513,2025-11,10
C0602,2025-11,8
C0330,2025-08,112
C0553,2025-09,33
C0213,2025-01,79
C0439,2025-10,15
C0481,2025-01,156
C0538,2025-01,15
C0446,2025-12,177
C0020,2025-12,55
C0302,2025-12,63
C0375,2025-10,31
C0124,2025-12,46
C0048,2025-12,102
C0484,2025-07,57
C0632,2026-01,18
C0002,2025-08,97
C0202,2024-10,80
C0211,2024-07,92
C0472,2024-04,70
C0211,2024-04,67
C0553,2025-10,23
C0007,2025-12,53
C0486,2024-04,112
C0486,2024-07,139
C0576,2026-04,35
C0182,2025-06,21
C0687,2026-01,9
C0057,2024-06,41
C0095,2025-01,24
C0200,2024-08,56
C0018,2025-05,31
C0057,2025-08,60
C0556,2026-03,92
C0312,2026-03,53
C0245,2026-03,92
C0346,2026-03,64
C0227,2026-03,68
C0448,2026-03,66
C0581,2026-03,6
C0052,2026-02,2
C0070,2024-03,71
C0518,2026-03,13
C0034,2026-02,54
C0570,2026-03,5
C0509,2026-03,12
C0644,2026-03,7
C0347,2023-10,20
C0342,2025-08,69
C0488,2026-03,4
C0075,2026-02,55
C0371,2025-08,45
C0455,2024-04,71
C0552,2025-06,33
C0626,2026-05,8
C0411,2026-05,3
C0604,2026-05,10
C0584,2026-05,7
C0565,2026-05,13
C0190,2026-05,3
C0736,2026-05,5
C0311,2024-11,56
C0455,2024-07,69
C0154,2026-02,65
C0055,2026-04,33
C0085,2026-06,63
C0486,2026-08,169
C0455,2026-08,80
C0129,2026-08,119
C0211,2026-08,42
C0472,2026-08,38
C0195,2026-08,96
C0072,2024-12,138
C0440,2025-05,27
C0294,2025-08,6
C0070,2026-02,69
C0750,2026-02,25
C0006,2026-08,3
C0592,2024-05,26
C0330,2024-06,102
C0196,2024-09,91
C0222,2024-05,49
C0201,2024-06,51
C0177,2024-04,47
C0195,2024-04,60
C0188,2024-03,52
C0129,2024-07,83
C0380,2024-03,14
C0156,2025-04,50
C0143,2024-11,73
C0674,2024-02,4
C0034,2024-03,51
C0430,2025-09,24
C0443,2024-05,66
C0697,2024-05,5
C0032,2024-05,2
C0158,2024-12,122
C0672,2024-09,25
C0002,2024-06,61
C0603,2024-06,25
C0342,2024-06,56
C0294,2024-06,15
C0662,2024-06,4
C0371,2024-06,37
C0161,2024-09,40
C0577,2024-08,21
C0169,2024-11,75
C0656,2024-06,2
C0109,2024-09,74
C0635,2024-06,3
C0546,2024-05,1
C0195,2024-07,83
C0472,2024-07,60
C0317,2024-08,59
C0576,2024-11,19
C0177,2024-07,44
C0150,2024-10,34
C0483,2024-10,77
C0310,2024-10,30
C0133,2024-10,78
C0094,2024-10,36
C0373,2024-10,2
C0036,2024-10,1
C0038,2024-08,36
C0088,2024-09,36
C0526,2024-10,3
C0727,2024-11,46
C0138,2024-11,86
C0011,2024-11,71
C0552,2024-11,37
C0689,2025-01,21
C0679,2025-01,8
C0607,2025-01,16
C0577,2025-04,35
C0200,2025-04,41
C0482,2025-05,111
C0047,2025-02,85
C0667,2025-02,10
C0186,2025-02,43
C0576,2025-06,28
C0519,2025-02,4
C0292,2025-07,29
C0038,2025-04,31
C0134,2025-05,46
C0560,2025-05,16
C0076,2025-05,106
C0201,2025-08,55
C0654,2026-07,1
C0716,2026-03,3
C0645,2026-04,2
C0055,2024-11,23
C0138,2025-06,79
C0347,2025-08,19
C0241,2025-07,106
C0275,2025-07,54
C0375,2025-09,48
C0008,2023-06,1
C0499,2025-12,3
C0380,2026-02,20
C0726,2026-02,7
C0425,2026-02,23
C0388,2026-02,7
C0439,2025-09,26
C0011,2026-04,92
C0727,2026-04,45
C0552,2026-04,27
C0438,2026-06,3
C0055,2025-06,31
C0231,2020-02,3
C0116,2026-05,1
C0727,2025-06,51
C0011,2025-06,80
C0492,2025-06,2
C0539,2025-06,3
C0254,2025-07,217
C0630,2025-07,13
C0103,2025-07,38
C0045,2025-08,51
C0578,2025-07,7
C0317,2025-04,79
C0361,2025-10,1
C0494,2025-10,1
C0326,2025-11,4
C0353,2025-04,3
C0065,2025-03,17
C0075,2024-03,52
C0154,2024-03,54
C0388,2024-03,3
C0441,2024-09,2
C0710,2024-09,3
C0540,2024-09,7
C0656,2025-08,7
C0064,2024-09,2
C0642,2024-12,16
C0003,2024-12,12
C0053,2024-12,2
C0322,2026-05,3
C0586,2026-05,1
C0638,2026-05,1
C0110,2026-05,2
C0281,2024-09,1
C0722,2024-09,1
C0368,2025-03,40
C0635,2025-08,5
C0603,2025-08,20
C0314,2025-01,2
C0632,2025-04,5
C0645,2025-06,2
C0274,2025-09,1
C0666,2025-09,3
C0092,2025-01,3
C0591,2025-12,1
C0432,2025-11,1
C0725,2024-02,9
C0555,2024-02,18
C0566,2024-02,6
C0750,2024-03,5
C0353,2024-08,1
C0052,2024-03,2
C0687,2024-08,2
C0632,2024-08,2
C0182,2024-11,27
C0539,2024-11,2
C0597,2024-12,6
C0637,2024-12,1
C0687,2025-04,1
C0662,2025-08,3
C0544,2024-02,1
C0613,2024-05,1
C0006,2024-04,1
C0589,2024-05,1
C0006,2024-07,1
C0645,2024-11,3
C0543,2025-03,4
C0377,2022-05,1
C0635,2023-10,5
C0662,2023-10,2
C0656,2023-10,3
C0274,2022-10,1
C0505,2023-06,1
C0612,2023-06,1
C0269,2021-12,60
C0515,2021-12,10
C0220,2021-12,32
C0285,2021-12,38
C0102,2021-12,64
C0430,2021-11,22
C0350,2021-12,61
C0410,2021-12,41
C0303,2021-12,12
C0508,2021-12,2
C0197,2021-01,66
C0076,2022-01,185
C0313,2021-01,100
C0018,2022-01,64
C0398,2020-06,46
C0134,2022-01,81
C0435,2022-01,74
C0440,2022-01,68
C0482,2022-01,189
C0289,2021-06,49
C0396,2020-06,14
C0401,2020-06,48
C0372,2020-03,26
C0228,2020-06,58
C0062,2021-01,79
C0235,2021-08,53
C0173,2021-01,7
C0560,2022-01,13
C0121,2022-04,52
C0250,2022-04,44
C0293,2022-04,36
C0067,2022-04,142
C0103,2022-02,46
C0241,2022-02,54
C0700,2022-04,21
C0484,2022-02,49
C0487,2022-04,33
C0462,2022-04,30
C0647,2022-04,4
C0387,2022-03,49
C0630,2022-02,21
C0270,2022-05,56
C0226,2022-05,109
C0575,2022-06,10
C0324,2022-05,34
C0389,2022-05,39
C0165,2022-05,23
C0251,2022-05,65
C0323,2022-05,19
C0306,2022-05,39
C0337,2022-04,11
C0686,2022-05,4
C0460,2022-03,42
C0321,2022-05,6
C0182,2022-07,8
C0209,2020-07,46
C0338,2020-02,39
C0270,2020-05,39
C0340,2021-05,56
C0330,2020-01,126
C0689,2020-03,15
C0423,2021-10,49
C0037,2020-12,73
C0468,2021-05,46
C0020,2020-02,59
C0236,2020-03,25
C0139,2020-03,21
C0662,2020-01,14
C0501,2021-10,7
C0217,2021-03,23
C0219,2020-10,25
C0347,2020-01,122
C0166,2020-11,55
C0407,2020-06,27
C0216,2021-07,21
C0603,2020-01,37
C0144,2020-09,36
C0306,2020-05,45
C0073,2021-06,53
C0243,2022-06,62
C0184,2022-06,205
C0247,2022-06,54
C0021,2022-06,47
C0043,2022-06,34
C0233,2022-06,57
C0049,2022-06,4
C0082,2022-06,38
C0625,2022-06,3
C0307,2022-02,40
C0254,2022-02,98
C0169,2022-07,42
C0138,2022-07,57
C0311,2022-07,54
C0143,2022-07,65
C0727,2022-07,35
C0011,2022-07,33
C0055,2022-07,23
C0552,2022-07,27
C0576,2022-07,6
C0496,2022-05,1
C0653,2022-05,1
C0539,2022-07,3
C0236,2022-11,38
C0112,2022-11,13
C0358,2022-10,70
C0689,2022-11,11
C0616,2022-10,17
C0383,2022-11,45
C0128,2022-11,104
C0481,2022-11,43
C0352,2022-10,24
C0095,2022-11,3
C0213,2022-11,24
C0604,2022-10,6
C0584,2022-10,14
C0586,2022-10,2
C0538,2022-11,4
C0372,2022-11,14
C0275,2022-02,51
C0139,2022-11,16
C0490,2022-11,11
C0638,2022-10,3
C0314,2022-11,1
C0206,2022-12,75
C0196,2022-08,69
C0092,2022-11,2
C0607,2022-11,1
C0258,2022-12,95
C0367,2022-12,61
C0402,2022-12,62
C0545,2022-12,9
C0437,2022-12,52
C0249,2022-12,33
C0040,2022-12,108
C0320,2022-12,46
C0115,2022-12,34
C0516,2022-12,11
C0517,2022-12,4
C0171,2022-12,38
C0406,2022-12,17
C0241,2023-03,75
C0254,2023-03,145
C0484,2023-03,53
C0029,2023-03,43
C0292,2023-03,21
C0103,2023-03,70
C0307,2023-03,80
C0275,2023-03,42
C0630,2023-03,10
C0472,2023-01,128
C0211,2023-01,195
C0486,2023-01,239
C0403,2023-03,16
C0455,2023-01,120
C0578,2023-03,2
C0195,2023-01,95
C0733,2023-03,1
C0245,2023-02,77
C0328,2023-02,70
C0227,2023-02,25
C0447,2022-06,1
C0123,2023-02,37
C0334,2023-02,62
C0312,2023-04,4
C0245,2023-04,70
C0428,2021-06,42
C0050,2023-04,64
C0328,2023-04,61
C0334,2023-04,54
C0556,2023-04,58
C0581,2023-04,9
C0123,2023-04,32
C0346,2023-02,29
C0448,2023-04,27
C0227,2023-04,30
C0346,2023-04,36
C0518,2023-04,9
C0550,2023-04,9
C0509,2023-04,5
C0129,2023-01,98
C0644,2023-04,8
C0189,2020-08,76
C0177,2023-01,89
C0550,2023-02,6
C0716,2023-04,3
C0011,2023-07,41
C0169,2023-07,46
C0727,2023-07,31
C0138,2023-07,67
C0552,2023-07,18
C0143,2023-07,59
C0311,2023-07,54
C0055,2023-07,30
C0645,2023-07,9
C0252,2023-06,63
C0160,2023-06,7
C0424,2023-08,40
C0218,2023-08,70
C0539,2023-07,3
C0500,2023-08,5
C0678,2021-05,6
C0746,2023-08,11
C0182,2023-07,9
C0144,2023-08,22
C0071,2024-02,46
C0553,2026-05,35
C0217,2023-09,39
C0530,2023-09,54
C0630,2023-12,11
C0241,2023-12,84
C0275,2023-12,54
C0254,2023-12,162
C0307,2023-12,69
C0484,2023-12,69
C0103,2023-12,57
C0029,2023-12,40
C0454,2023-10,13
C0292,2023-12,40
C0403,2023-12,11
C0423,2023-10,83
C0578,2023-12,2
C0297,2022-03,44
C0745,2022-03,6
C0029,2022-02,39
C0326,2020-04,28
C0389,2020-05,21
C0112,2020-03,9
C0357,2021-01,59
C0271,2020-08,50
C0122,2020-08,116
C0327,2021-06,43
C0521,2022-05,7
C0670,2022-05,6
C0554,2022-05,1
C0719,2022-05,2
C0365,2022-06,2
C0016,2022-09,36
C0185,2020-11,48
C0672,2022-08,20
C0717,2022-09,1
C0161,2022-08,15
C0176,2020-10,78
C0181,2020-11,22
C0208,2022-08,25
C0385,2021-03,54
C0191,2020-10,33
C0109,2022-08,73
C0165,2020-05,25
C0748,2022-09,1
C0037,2020-04,76
C0441,2022-08,1
C0556,2023-02,40
C0581,2023-02,5
C0050,2023-02,64
C0518,2023-02,8
C0448,2023-02,29
C0371,2020-01,87
C0570,2023-02,4
C0716,2023-02,2
C0509,2023-02,4
C0424,2020-09,50
C0644,2023-02,2
C0110,2021-09,1
C0060,2023-06,192
C0415,2023-06,21
C0525,2023-06,4
C0016,2023-05,48
C0083,2023-06,46
C0600,2023-06,8
C0748,2023-05,1
C0576,2023-07,9
C0507,2023-07,1
C0500,2020-09,5
C0482,2023-11,99
C0076,2023-11,127
C0440,2023-11,31
C0018,2023-11,24
C0134,2023-11,45
C0435,2023-11,31
C0560,2023-11,13
C0027,2023-10,30
C0332,2023-09,14
C0480,2023-11,1
C0284,2023-09,3
C0179,2023-10,22
C0253,2024-02,46
C0009,2024-02,181
C0423,2024-01,192
C0465,2024-02,53
C0132,2024-02,92
C0436,2024-02,132
C0458,2024-02,33
C0145,2024-02,51
C0105,2024-02,66
C0369,2020-02,81
C0427,2021-06,18
C0300,2021-07,27
C0403,2022-02,13
C0213,2020-03,22
C0178,2020-12,42
C0101,2020-08,28
C0358,2021-09,76
C0291,2020-09,1
C0310,2021-04,40
C0027,2021-10,28
C0302,2020-02,26
C0002,2020-01,89
C0277,2020-06,46
C0391,2020-06,43
C0057,2020-01,162
C0409,2020-11,37
C0446,2020-02,28
C0106,2020-08,38
C0264,2020-12,36
C0019,2020-11,41
C0475,2020-06,57
C0179,2021-10,27
C0133,2021-04,47
C0201,2020-01,99
C0728,2021-01,44
C0333,2020-07,28
C0286,2021-08,82
C0007,2020-02,34
C0457,2021-07,30
C0352,2021-09,28
C0579,2021-07,2
C0308,2021-05,5
C0226,2020-05,89
C0225,2020-06,47
C0481,2020-03,46
C0214,2020-12,23
C0343,2021-06,59
C0088,2022-08,45
C0540,2022-08,4
C0064,2022-08,1
C0281,2022-08,1
C0295,2020-10,52
C0621,2022-12,1
C0016,2021-02,45
C0480,2022-01,1
C0332,2021-03,21
C0570,2023-04,5
C0488,2023-04,1
C0006,2023-01,2
C0385,2023-09,35
C0031,2023-09,32
C0506,2023-09,8
C0711,2021-10,3
C0288,2023-10,5
C0501,2023-10,16
C0583,2023-10,3
C0583,2024-01,9
C0419,2024-05,70
C0288,2024-01,26
C0179,2024-01,56
C0121,2024-10,69
C0501,2024-01,45
C0027,2024-01,75
C0454,2024-01,98
C0675,2025-12,37
C0412,2024-05,53
C0045,2020-01,128
C0326,2020-12,28
C0342,2020-01,79
C0294,2020-01,16
C0635,2020-01,7
C0068,2020-04,28
C0214,2020-04,25
C0264,2020-04,40
C0178,2020-04,35
C0363,2020-04,22
C0152,2020-04,33
C0324,2020-05,51
C0554,2020-05,4
C0251,2020-05,38
C0266,2020-04,42
C0602,2020-04,8
C0420,2020-04,29
C0419,2020-06,41
C0301,2020-08,16
C0128,2020-03,104
C0521,2020-05,7
C0670,2020-05,11
C0321,2020-05,6
C0686,2020-05,1
C0323,2020-05,27
C0533,2020-06,9
C0657,2020-08,4
C0097,2020-08,7
C0218,2020-09,68
C0412,2020-06,35
C0432,2020-04,4
C0304,2020-07,112
C0392,2020-04,4
C0048,2020-02,23
C0017,2020-07,28
C0183,2020-07,71
C0266,2020-12,35
C0383,2020-03,48
C0746,2020-09,10
C0537,2020-06,142
C0355,2021-01,129
C0152,2020-12,50
C0319,2020-10,28
C0420,2020-12,41
C0318,2021-04,19
C0033,2024-03,52
C0125,2020-11,40
C0148,2021-01,2
C0014,2020-02,1
C0629,2021-01,5
C0363,2020-12,35
C0506,2021-03,7
C0298,2021-06,39
C0150,2021-04,10
C0012,2021-06,25
C0737,2021-06,4
C0094,2021-04,49
C0634,2021-06,11
C0130,2021-04,44
C0092,2020-03,2
C0593,2021-07,13
C0483,2021-04,54
C0584,2021-09,25
C0202,2021-04,68
C0636,2021-07,5
C0695,2021-07,5
C0622,2021-08,17
C0360,2020-10,33
C0707,2021-10,2
C0375,2021-11,33
C0288,2021-10,6
C0454,2021-10,26
C0553,2021-11,10
C0583,2021-10,4
C0666,2021-11,2
C0040,2024-12,155
C0502,2022-03,1
C0722,2022-08,1
C0180,2023-09,1
C0022,2023-09,1
C0719,2020-05,5
C0205,2020-07,39
C0095,2020-03,5
C0548,2021-08,2
C0439,2021-11,16
C0433,2022-04,3
C0292,2022-02,8
C0499,2020-02,4
C0685,2020-07,8
C0124,2020-02,1
C0046,2020-06,31
C0167,2020-06,32
C0714,2020-06,13
C0524,2020-06,7
C0534,2020-07,5
C0558,2020-07,1
C0114,2020-10,47
C0510,2020-11,21
C0618,2020-10,1
C0163,2020-11,8
C0490,2020-03,4
C0680,2020-11,10
C0619,2020-11,1
C0602,2020-12,9
C0068,2020-12,24
C0031,2021-03,46
C0530,2021-03,42
C0180,2021-03,4
C0513,2020-12,3
C0402,2024-12,89
C0504,2021-05,2
C0001,2021-05,1
C0373,2021-04,1
C0036,2021-04,1
C0526,2021-04,1
C0520,2021-05,5
C0418,2021-05,5
C0432,2020-12,12
C0087,2021-01,2
C0724,2021-08,5
C0538,2020-03,3
C0604,2021-09,8
C0616,2021-09,22
C0532,2021-09,10
C0586,2021-09,5
C0351,2021-08,3
C0736,2021-09,8
C0631,2021-08,4
C0693,2021-08,3
C0322,2021-09,4
C0626,2021-09,2
C0284,2021-03,2
C0565,2021-09,3
C0638,2021-09,4
C0541,2021-09,3
C0694,2021-12,7
C0614,2021-09,1
C0607,2020-03,2
C0679,2020-03,4
C0193,2020-06,8
C0314,2020-03,2
C0653,2020-05,1
C0598,2020-10,3
C0615,2020-10,6
C0574,2020-06,1
C0627,2020-08,2
C0081,2020-10,1
C0594,2020-10,1
C0273,2021-02,4
C0392,2020-12,8
C0022,2021-03,1
C0682,2021-11,1
C0578,2022-02,5
C0377,2020-07,2
C0656,2020-01,2
C0547,2020-08,1
C0215,2020-08,1
C0406,2024-12,18
C0335,2021-06,2
C0531,2021-06,1
C0664,2021-06,1
C0190,2021-09,3
C0643,2021-01,1
C0375,2026-05,30
C0383,2026-01,282
C0414,2026-08,116
C0439,2026-05,33
C0095,2026-01,33
C0236,2026-01,330
C0181,2026-07,38
C0490,2026-01,42
C0185,2026-07,86
C0163,2026-07,15
C0125,2026-07,98
C0166,2026-07,58
C0679,2026-01,6
C0510,2026-07,40
C0019,2026-07,56
C0409,2026-07,97
C0680,2026-07,29
C0208,2025-03,44
C0481,2026-01,169
C0538,2026-01,13
C0282,2025-12,96
C0372,2026-01,162
C0091,2026-06,86
C0139,2026-01,94
C0169,2025-07,95
C0213,2026-01,135
C0619,2026-07,11
C0128,2026-01,197
C0292,2025-06,27
C0307,2026-04,116
C0186,2026-06,127
C0258,2024-12,148
C0112,2026-01,57
C0275,2026-04,80
C0246,2024-02,11
C0604,2025-09,5
C0689,2026-01,20
C0587,2025-05,17
C0213,2024-08,22
C0357,2025-11,98
C0728,2025-11,63
C0355,2025-11,50
C0313,2025-11,58
C0173,2025-11,5
C0317,2025-01,172
C0062,2025-11,67
C0254,2025-06,173
C0156,2025-01,172
C0322,2025-09,3
C0228,2024-05,32
C0103,2026-04,68
C0423,2025-08,113
C0200,2025-01,141
C0358,2025-10,89
C0197,2025-11,28
C0352,2025-10,37
C0445,2025-12,42
C0038,2025-01,113
C0584,2025-10,4
C0179,2025-08,33
C0112,2025-04,20
C0320,2024-12,65
C0196,2025-03,90
C0161,2025-03,46
C0577,2025-01,73
C0493,2025-12,107
C0164,2025-12,30
C0203,2025-12,42
C0290,2025-12,53
C0275,2025-06,62
C0564,2025-12,31
C0151,2026-03,115
C0092,2026-01,7
C0314,2026-01,6
C0632,2025-01,11
C0723,2026-03,43
C0241,2025-06,105
C0450,2026-02,55
C0607,2026-01,9
C0277,2024-05,67
C0481,2024-08,50
C0329,2025-12,4
C0250,2024-10,55
C0647,2024-10,8
C0027,2025-08,23
C0384,2023-01,1
C0095,2024-08,6
C0484,2025-06,55
C0259,2026-03,95
C0381,2026-03,55
C0104,2026-02,36
C0417,2026-02,70
C0484,2024-11,50
C0033,2026-02,58
C0029,2026-04,38
C0066,2024-09,28
C0370,2025-12,9
C0352,2025-09,36
C0135,2021-06,1
C0727,2025-07,74
C0293,2024-10,72
C0484,2026-04,64
C0430,2026-05,23
C0044,2026-02,46
C0630,2026-04,11
C0139,2025-04,23
C0047,2026-06,87
C0361,2026-05,1
C0667,2026-06,19
C0519,2026-06,7
C0256,2026-08,71
C0404,2026-08,2
C0077,2026-08,1
C0367,2024-12,52
C0434,2026-08,2
C0128,2024-08,96
C0532,2025-09,31
C0403,2026-04,29
C0391,2024-05,36
C0423,2024-06,79
C0155,2024-09,198
C0256,2024-04,69
C0398,2024-05,69
C0537,2024-05,229
C0046,2024-05,19
C0414,2024-04,56
C0030,2024-04,8
C0404,2024-04,1
C0138,2025-07,123
C0256,2024-07,79
C0450,2024-03,24
C0141,2024-03,64
C0221,2025-02,77
C0236,2024-08,71
C0167,2024-05,41
C0225,2024-05,49
C0533,2024-05,15
C0475,2024-05,55
C0401,2024-05,24
C0714,2024-05,43
C0407,2024-05,113
C0193,2024-05,10
C0700,2024-10,21
C0396,2024-05,8
C0707,2024-01,5
C0551,2024-02,5
C0524,2024-05,7
C0359,2024-01,2
C0633,2024-03,16
C0501,2024-06,13
C0027,2024-06,28
C0179,2024-06,30
C0583,2024-06,3
C0288,2024-06,14
C0454,2024-06,26
C0067,2024-10,195
C0711,2024-06,3
C0206,2024-12,89
C0030,2024-07,4
C0414,2024-07,50
C0254,2024-11,154
C0707,2024-06,1
C0104,2024-03,21
C0433,2024-10,5
C0368,2024-09,40
C0372,2024-08,16
C0516,2024-12,22
C0337,2024-10,10
C0462,2024-10,21
C0487,2024-10,42
C0275,2024-11,57
C0143,2025-07,74
C0112,2024-08,10
C0249,2024-12,38
C0128,2025-04,73
C0055,2025-07,40
C0307,2024-11,66
C0241,2024-11,84
C0103,2024-11,41
C0029,2024-11,43
C0630,2024-11,11
C0437,2024-12,38
C0171,2024-12,43
C0687,2025-01,11
C0403,2025-06,20
C0115,2024-12,53
C0532,2025-10,23
C0088,2025-03,53
C0029,2025-06,39
C0292,2024-11,26
C0236,2025-04,69
C0085,2025-02,40
C0065,2024-09,15
C0438,2025-02,3
C0481,2025-04,48
C0673,2025-05,2
C0383,2025-04,61
C0011,2025-07,87
C0688,2025-05,3
C0677,2025-05,7
C0372,2025-04,14
C0274,2026-05,1
C0292,2026-04,43
C0307,2025-06,53
C0030,2026-08,3
C0207,2025-05,1
C0288,2025-08,13
C0182,2025-07,21
C0311,2025-07,56
C0358,2025-09,85
C0353,2025-01,18
C0630,2025-06,12
C0741,2025-12,3
C0585,2025-12,4
C0103,2025-06,28
C0536,2025-12,1
C0254,2026-04,231
C0609,2025-12,7
C0604,2025-10,13
C0141,2026-02,79
C0633,2026-02,26
C0454,2025-08,19
C0541,2025-10,2
C0241,2026-04,121
C0578,2026-04,3
C0087,2025-11,6
C0403,2024-11,9
C0540,2025-03,7
C0578,2025-06,7
C0576,2025-07,25
C0552,2025-07,28
C0501,2025-08,22
C0616,2025-10,37
C0586,2025-10,4
C0190,2025-10,2
C0736,2025-10,5
C0626,2025-10,5
C0565,2025-10,5
C0614,2025-10,3
C0322,2025-10,2
C0638,2025-10,1
C0710,2025-03,2
C0190,2025-09,1
C0614,2025-09,2
C0629,2025-11,3
C0616,2025-09,25
C0586,2025-09,6
C0490,2024-08,8
C0417,2024-03,48
C0044,2024-03,33
C0543,2024-09,8
C0681,2024-09,5
C0736,2022-10,3
C0517,2024-12,4
C0545,2024-12,5
C0738,2024-12,3
C0707,2025-08,2
C0116,2025-09,1
C0383,2024-08,49
C0666,2026-05,1
C0109,2025-03,79
C0672,2025-03,20
C0689,2025-04,6
C0213,2025-04,24
C0131,2025-05,1
C0314,2025-04,1
C0539,2025-07,3
C0583,2025-08,3
C0064,2025-03,2
C0441,2025-03,7
C0095,2025-04,5
C0538,2025-04,1
C0645,2025-07,1
C0411,2025-10,1
C0643,2025-11,1
C0663,2025-05,1
C0584,2025-09,5
C0626,2025-09,7
C0565,2025-09,3
C0541,2025-09,2
C0736,2025-09,2
C0411,2022-10,2
C0497,2026-02,5
C0359,2025-08,1
C0733,2026-04,1
C0595,2026-06,1
C0356,2024-02,1
C0139,2024-08,19
C0689,2024-08,11
C0314,2024-08,2
C0538,2024-08,2
C0607,2024-08,1
C0711,2024-01,1
C0621,2024-12,1
C0490,2025-04,4
C0477,2025-05,1
C0567,2024-02,2
C0305,2021-12,1
C0574,2024-05,1
C0077,2024-07,2
C0404,2024-07,1
C0578,2024-11,4
C0492,2022-07,1
C0532,2022-10,11
C0565,2022-10,1
C0626,2022-10,5
C0116,2022-10,2
C0711,2023-10,3
C0707,2023-10,2
C0322,2022-10,1
C0541,2022-10,1
C0190,2022-10,1
C0614,2022-10,3
C0488,2023-02,1
C0312,2023-02,1
C0079,2023-06,1
C0090,2023-06,2
C0098,2021-12,38
C0485,2021-12,78
C0255,2021-12,60
C0712,2021-12,18
C0323,2021-11,30
C0478,2021-12,56
C0165,2021-11,25
C0521,2021-11,14
C0209,2021-09,65
C0073,2021-01,128
C0308,2021-10,11
C0389,2021-11,31
C0149,2021-08,35
C0327,2021-01,66
C0306,2021-11,42
C0251,2021-11,48
C0270,2021-11,62
C0256,2022-07,62
C0259,2022-01,171
C0151,2022-01,127
C0428,2021-01,108
C0418,2021-10,10
C0723,2022-01,40
C0381,2022-01,22
C0731,2022-01,1
C0379,2021-08,29
C0228,2020-03,65
C0427,2021-01,57
C0298,2021-01,81
C0401,2020-03,48
C0213,2020-06,28
C0615,2022-04,7
C0219,2022-04,29
C0318,2022-03,16
C0360,2022-04,49
C0133,2022-03,49
C0094,2022-03,36
C0191,2022-04,49
C0295,2022-04,37
C0114,2022-04,51
C0472,2022-02,50
C0598,2022-04,4
C0319,2022-04,15
C0211,2022-02,59
C0483,2022-03,62
C0486,2022-02,62
C0130,2022-03,43
C0413,2022-01,4
C0176,2022-04,79
C0185,2022-06,58
C0177,2022-02,42
C0682,2022-05,1
C0553,2022-05,7
C0430,2022-05,20
C0195,2022-02,41
C0375,2022-05,37
C0439,2022-05,10
C0358,2020-07,75
C0184,2020-11,155
C0450,2021-03,35
C0057,2021-02,50
C0343,2021-01,114
C0387,2021-04,50
C0236,2020-06,34
C0454,2021-05,27
C0347,2021-02,27
C0313,2021-06,47
C0225,2020-03,38
C0016,2020-01,136
C0300,2020-09,50
C0362,2020-02,93
C0218,2021-07,60
C0033,2021-03,61
C0044,2021-03,31
C0316,2020-12,58
C0216,2020-09,24
C0082,2020-11,30
C0067,2020-10,118
C0125,2022-06,48
C0409,2022-06,37
C0680,2022-06,25
C0510,2022-06,43
C0166,2022-06,58
C0181,2022-06,17
C0019,2022-06,28
C0163,2022-06,11
C0371,2022-09,26
C0129,2022-02,55
C0619,2022-06,2
C0414,2022-07,36
C0210,2020-02,34
C0150,2022-03,20
C0316,2020-04,29
C0225,2022-11,48
C0412,2022-11,26
C0277,2022-11,37
C0537,2022-11,215
C0407,2022-11,79
C0475,2022-11,68
C0391,2022-11,42
C0017,2022-10,30
C0304,2022-10,113
C0419,2022-11,42
C0228,2022-11,25
C0167,2022-11,34
C0685,2022-10,5
C0209,2022-10,47
C0333,2022-10,20
C0714,2022-11,30
C0205,2022-10,39
C0398,2022-11,47
C0046,2022-11,24
C0401,2022-11,27
C0057,2022-09,60
C0183,2022-10,43
C0533,2022-11,13
C0342,2022-09,57
C0029,2023-01,74
C0574,2022-11,1
C0193,2022-11,9
C0603,2022-09,17
C0201,2022-09,42
C0396,2022-11,10
C0330,2022-09,63
C0524,2022-11,5
C0120,2022-12,39
C0045,2022-09,62
C0136,2022-12,72
C0058,2022-12,77
C0026,2022-12,29
C0331,2022-11,1
C0529,2022-12,2
C0743,2022-12,5
C0451,2022-12,47
C0195,2023-03,68
C0129,2023-03,67
C0211,2023-03,85
C0455,2023-03,68
C0177,2023-03,34
C0472,2023-03,60
C0241,2023-01,138
C0486,2023-03,89
C0254,2023-01,335
C0484,2023-01,111
C0103,2023-01,78
C0307,2023-01,104
C0275,2023-01,123
C0403,2023-01,43
C0630,2023-01,27
C0677,2023-02,5
C0673,2023-04,1
C0587,2023-04,12
C0375,2020-05,24
C0391,2020-03,36
C0265,2021-08,10
C0677,2023-04,4
C0688,2023-04,4
C0561,2023-04,1
C0207,2023-04,3
C0292,2023-01,67
C0405,2023-06,59
C0725,2023-06,11
C0414,2023-07,55
C0256,2023-07,64
C0216,2023-08,18
C0045,2023-05,48
C0636,2023-08,13
C0330,2023-05,94
C0593,2023-08,31
C0457,2023-08,25
C0033,2023-09,54
C0463,2023-06,50
C0300,2023-08,50
C0352,2020-07,27
C0555,2023-06,12
C0201,2023-05,42
C0695,2023-08,2
C0603,2023-05,13
C0141,2023-09,44
C0450,2023-09,29
C0417,2023-09,52
C0044,2023-09,23
C0104,2023-09,38
C0633,2023-09,16
C0486,2023-12,116
C0195,2023-12,62
C0211,2023-12,94
C0177,2023-12,42
C0129,2023-12,83
C0472,2023-12,56
C0455,2023-12,72
C0259,2023-11,84
C0202,2022-03,85
C0455,2022-02,56
C0170,2021-08,62
C0310,2022-03,24
C0373,2022-03,1
C0526,2022-03,5
C0746,2021-07,10
C0396,2020-03,20
C0457,2020-09,26
C0086,2020-02,61
C0348,2020-12,29
C0423,2021-05,42
C0002,2022-09,50
C0462,2020-10,10
C0043,2020-11,30
C0221,2022-08,74
C0662,2022-09,5
C0347,2022-09,13
C0656,2022-09,3
C0294,2022-09,9
C0635,2022-09,2
C0401,2025-04,22
C0233,2020-11,63
C0243,2020-11,50
C0558,2022-10,4
C0534,2022-10,9
C0314,2024-05,3
C0453,2022-12,1
C0131,2023-02,1
C0205,2021-09,37
C0578,2023-01,8
C0424,2021-07,37
C0688,2023-02,4
C0590,2020-04,6
C0587,2023-02,9
C0673,2023-02,2
C0355,2021-06,52
C0430,2020-05,11
C0324,2021-11,58
C0167,2020-03,43
C0364,2023-06,22
C0294,2023-05,12
C0002,2023-05,54
C0371,2023-05,22
C0624,2023-06,1
C0104,2021-03,28
C0057,2023-05,49
C0030,2023-07,6
C0183,2021-09,65
C0139,2020-06,17
C0151,2023-11,92
C0723,2023-11,25
C0381,2023-11,10
C0468,2023-10,54
C0391,2024-08,33
C0678,2025-08,10
C0268,2023-11,2
C0340,2023-10,54
C0461,2024-02,101
C0340,2024-01,145
C0004,2024-02,41
C0080,2024-02,118
C0469,2024-02,29
C0527,2024-02,11
C0056,2024-02,48
C0100,2024-02,51
C0468,2024-01,291
C0340,2021-10,49
C0012,2021-01,49
C0039,2021-01,12
C0062,2021-06,38
C0234,2020-04,47
C0059,2020-04,40
C0159,2021-08,32
C0475,2020-03,52
C0412,2020-03,30
C0476,2020-12,44
C0193,2020-03,5
C0061,2020-02,62
C0460,2021-04,34
C0141,2021-03,49
C0289,2021-01,108
C0337,2020-10,18
C0010,2020-08,21
C0584,2020-07,28
C0582,2021-08,13
C0277,2020-03,29
C0030,2022-07,6
C0128,2020-06,88
C0085,2022-08,36
C0438,2022-08,1
C0386,2021-08,51
C0663,2023-04,1
C0477,2023-04,1
C0006,2023-03,1
C0342,2023-05,46
C0709,2023-09,1
C0661,2023-10,1
C0504,2023-10,2
C0308,2023-10,7
C0678,2023-10,10
C0418,2024-01,55
C0383,2024-05,64
C0530,2024-03,64
C0678,2024-01,37
C0213,2024-05,20
C0308,2024-01,17
C0236,2024-05,53
C0011,2024-04,81
C0193,2024-08,3
C0128,2024-05,80
C0143,2024-07,90
C0504,2024-01,13
C0348,2020-04,23
C0717,2020-01,3
C0273,2020-01,12
C0333,2021-09,27
C0476,2020-04,49
C0263,2020-04,70
C0671,2020-04,20
C0394,2020-02,32
C0416,2020-02,44
C0553,2020-05,4
C0439,2020-05,11
C0636,2020-09,4
C0572,2020-04,9
C0537,2020-03,88
C0378,2020-08,41
C0459,2020-08,50
C0473,2020-08,33
C0239,2020-08,42
C0695,2020-09,4
C0383,2020-06,46
C0593,2020-09,10
C0419,2020-03,48
C0586,2020-07,5
C0121,2020-10,65
C0234,2020-12,78
C0634,2021-01,13
C0335,2021-01,1
C0737,2021-01,8
C0531,2021-01,8
C0433,2020-10,1
C0263,2020-12,79
C0293,2020-10,27
C0021,2020-11,42
C0372,2020-06,32
C0700,2020-10,11
C0664,2021-01,3
C0228,2025-04,40
C0330,2021-02,59
C0045,2021-02,66
C0603,2021-02,12
C0371,2021-02,33
C0201,2021-02,35
C0002,2021-02,29
C0662,2021-02,5
C0342,2021-02,41
C0304,2021-09,104
C0173,2021-06,2
C0728,2021-06,26
C0144,2021-07,25
C0357,2021-06,26
C0025,2020-12,1
C0027,2021-05,25
C0197,2021-06,31
C0297,2021-04,34
C0684,2020-08,4
C0288,2021-05,14
C0583,2021-05,7
C0504,2021-10,2
C0468,2021-10,36
C0046,2020-03,23
C0745,2021-04,4
C0226,2021-11,105
C0686,2021-11,8
C0678,2021-10,10
C0321,2021-11,5
C0001,2021-10,1
C0017,2021-09,22
C0670,2021-11,6
C0719,2021-11,4
C0653,2021-11,3
C0500,2021-07,1
C0347,2023-05,17
C0662,2023-05,2
C0656,2023-05,1
C0497,2023-09,1
C0366,2020-02,31
C0250,2020-10,28
C0179,2021-05,18
C0594,2022-04,1
C0309,2020-02,4
C0481,2020-06,37
C0112,2020-06,12
C0490,2020-06,11
C0689,2020-06,10
C0616,2020-07,15
C0095,2020-06,5
C0532,2020-07,9
C0736,2020-07,4
C0604,2020-07,8
C0541,2020-07,2
C0614,2020-07,5
C0322,2020-07,2
C0487,2020-10,27
C0617,2020-11,1
C0447,2020-11,1
C0247,2020-11,37
C0625,2020-11,4
C0049,2020-11,3
C0398,2020-03,50
C0575,2020-11,5
C0365,2020-11,3
C0274,2020-05,1
C0671,2020-12,22
C0590,2020-12,8
C0572,2020-12,5
C0059,2020-12,40
C0647,2020-10,6
C0417,2021-03,37
C0633,2021-03,16
C0635,2021-02,2
C0502,2021-04,2
C0501,2021-05,9
C0224,2021-08,26
C0739,2021-08,10
C0498,2021-08,11
C0534,2021-09,7
C0685,2021-09,3
C0558,2021-09,2
C0520,2021-10,3
C0528,2021-12,1
C0714,2020-03,13
C0489,2020-02,1
C0407,2020-03,19
C0533,2020-03,12
C0574,2020-03,1
C0538,2020-06,3
C0679,2020-06,1
C0607,2020-06,3
C0294,2021-02,4
C0656,2021-02,1
C0283,2021-07,1
C0479,2021-08,1
C0554,2021-11,3
C0471,2020-04,2
C0331,2020-03,2
C0626,2020-07,1
C0190,2020-07,1
C0707,2021-05,1
C0087,2021-06,1
C0629,2021-06,1
C0092,2020-06,1
C0704,2021-08,1
C0407,2026-01,322
C0270,2026-05,112
C0251,2026-05,134
C0306,2026-05,58
C0537,2026-01,548
C0226,2026-05,79
C0533,2026-01,80
C0324,2026-05,50
C0714,2026-01,96
C0321,2026-05,47
C0323,2026-05,71
C0401,2026-01,155
C0208,2025-02,35
C0389,2026-05,75
C0686,2026-05,19
C0228,2026-01,360
C0455,2026-04,87
C0398,2026-01,208
C0046,2026-01,133
C0475,2026-01,264
C0243,2026-07,114
C0247,2026-07,82
C0575,2026-07,12
C0184,2026-07,343
C0167,2026-01,90
C0065,2026-06,36
C0043,2026-07,66
C0391,2026-01,186
C0082,2026-07,79
C0365,2026-07,3
C0021,2026-07,60
C0524,2026-01,31
C0233,2026-07,94
C0298,2025-11,41
C0574,2026-01,15
C0049,2026-07,7
C0412,2026-01,140
C0066,2026-06,87
C0486,2026-04,209
C0063,2025-12,196
C0277,2026-01,60
C0136,2024-12,48
C0419,2026-01,212
C0225,2026-01,119
C0139,2024-05,16
C0418,2023-10,7
C0507,2026-08,2
C0385,2024-03,51
C0058,2024-12,128
C0447,2026-07,8
C0625,2026-07,11
C0278,2025-12,163
C0472,2026-04,47
C0435,2026-03,106
C0333,2025-09,24
C0396,2026-01,47
C0328,2025-05,94
C0129,2026-04,105
C0193,2026-01,42
C0354,2025-12,127
C0486,2025-06,167
C0543,2026-06,6
C0217,2026-02,36
C0468,2024-06,92
C0165,2026-05,25
C0418,2024-06,25
C0138,2024-07,98
C0524,2020-03,1
C0443,2025-01,286
C0256,2025-07,84
C0327,2025-11,66
C0222,2025-01,194
C0634,2025-11,31
C0428,2025-11,94
C0343,2025-11,90
C0289,2025-11,39
C0012,2025-11,31
C0073,2025-11,90
C0737,2025-11,7
C0227,2025-05,31
C0427,2025-11,15
C0531,2025-11,1
C0120,2024-12,34
C0407,2025-04,149
C0209,2025-10,52
C0304,2025-09,98
C0211,2025-06,70
C0183,2025-09,92
C0504,2025-08,6
C0304,2025-10,132
C0205,2025-10,71
C0592,2025-01,133
C0468,2025-08,111
C0183,2025-10,107
C0530,2026-02,70
C0660,2025-11,2
C0669,2025-11,1
C0272,2025-12,43
C0280,2025-12,112
C0238,2025-12,58
C0408,2025-12,64
C0474,2025-12,79
C0299,2025-12,12
C0729,2025-12,4
C0472,2024-11,43
C0195,2026-04,126
C0195,2025-06,80
C0129,2025-06,90
C0242,2025-12,8
C0455,2024-11,75
C0187,2025-12,5
C0589,2025-01,5
C0018,2026-03,73
C0482,2026-03,121
C0076,2026-03,134
C0134,2026-03,61
C0560,2026-03,17
C0440,2026-03,30
C0169,2026-08,118
C0138,2026-08,135
C0372,2024-05,25
C0196,2025-02,77
C0017,2025-09,25
C0414,2025-07,57
C0398,2024-08,50
C0228,2024-08,32
C0653,2026-05,9
C0521,2026-05,14
C0211,2026-04,96
C0554,2026-05,8
C0670,2026-05,6
C0506,2026-02,14
C0169,2024-07,73
C0155,2026-06,241
C0719,2026-05,2
C0576,2026-08,31
C0368,2026-06,63
C0209,2025-09,49
C0681,2026-06,6
C0006,2026-04,10
C0143,2026-08,73
C0182,2026-08,47
C0552,2026-08,41
C0311,2026-08,27
C0727,2026-08,48
C0055,2026-08,47
C0026,2024-12,29
C0492,2026-08,1
C0011,2026-08,83
C0617,2026-07,1
C0539,2026-08,9
C0001,2024-01,8
C0661,2024-01,5
C0520,2024-01,14
C0412,2025-04,48
C0524,2024-08,4
C0311,2024-04,61
C0182,2024-04,19
C0191,2024-10,77
C0138,2024-04,63
C0143,2024-04,67
C0169,2024-04,68
C0055,2024-04,25
C0727,2024-04,33
C0576,2024-04,12
C0552,2024-04,15
C0537,2024-08,267
C0031,2024-03,46
C0645,2024-04,2
C0539,2024-04,4
C0481,2024-05,52
C0046,2024-08,33
C0490,2024-05,13
C0689,2024-05,5
C0112,2024-05,11
C0537,2025-04,237
C0277,2024-08,54
C0607,2024-05,5
C0407,2024-08,115
C0727,2024-07,48
C0095,2024-05,4
C0678,2024-06,12
C0001,2024-06,3
C0340,2024-06,54
C0506,2024-03,8
C0047,2024-09,87
C0504,2024-06,7
C0520,2024-06,11
C0114,2024-10,67
C0486,2024-11,130
C0360,2024-10,73
C0308,2024-06,5
C0419,2024-08,83
C0011,2024-07,55
C0311,2024-07,50
C0539,2024-07,11
C0217,2024-03,23
C0055,2024-07,33
C0645,2024-07,2
C0576,2024-07,12
C0552,2024-07,28
C0182,2024-07,13
C0319,2024-10,24
C0598,2024-10,26
C0176,2024-10,106
C0615,2024-10,8
C0219,2024-10,45
C0295,2024-10,26
C0451,2024-12,63
C0396,2024-08,9
C0085,2025-03,39
C0594,2024-10,3
C0743,2024-12,16
C0091,2024-09,37
C0109,2025-02,82
C0475,2025-04,59
C0129,2024-11,78
C0195,2024-11,64
C0177,2024-11,41
C0046,2025-04,24
C0211,2024-11,70
C0081,2024-10,2
C0697,2025-01,16
C0546,2025-01,3
C0277,2025-04,84
C0032,2025-01,11
C0346,2025-05,73
C0161,2025-02,48
C0088,2025-02,38
C0672,2025-02,19
C0441,2025-02,7
C0722,2025-02,1
C0534,2025-09,25
C0710,2025-02,3
C0540,2025-02,6
C0050,2025-05,105
C0518,2025-05,18
C0556,2025-05,113
C0391,2025-04,60
C0550,2025-05,12
C0334,2025-05,51
C0570,2025-05,5
C0245,2025-05,89
C0448,2025-05,38
C0581,2025-05,9
C0509,2025-05,8
C0419,2025-04,58
C0123,2025-05,40
C0312,2025-05,6
C0472,2025-06,64
C0398,2025-04,60
C0488,2025-05,4
C0385,2026-02,49
C0308,2025-08,9
C0332,2026-02,34
C0177,2026-04,39
C0147,2026-07,1
C0533,2025-04,19
C0096,2025-12,1
C0374,2025-12,2
C0017,2025-10,24
C0340,2025-08,48
C0534,2025-10,23
C0031,2026-02,35
C0180,2026-02,3
C0455,2025-06,62
C0496,2026-05,1
C0030,2025-07,4
C0645,2026-08,1
C0284,2024-03,2
C0401,2024-08,15
C0396,2025-04,19
C0177,2025-06,38
C0193,2025-04,8
C0006,2025-06,1
C0384,2025-06,1
C0167,2025-04,48
C0205,2025-09,48
C0685,2025-09,5
C0685,2025-10,4
C0558,2025-10,7
C0333,2025-10,20
C0221,2025-03,96
C0039,2025-11,5
C0335,2025-11,1
C0035,2025-12,7
C0418,2025-08,14
C0714,2025-04,50
C0051,2025-12,3
C0225,2025-04,76
C0022,2026-02,4
C0480,2026-03,1
C0332,2024-03,21
C0006,2023-12,2
C0668,2024-03,1
C0412,2024-08,39
C0186,2024-09,32
C0519,2024-09,3
C0667,2024-09,16
C0225,2024-08,48
C0475,2024-08,70
C0529,2024-12,3
C0284,2026-02,2
C0613,2025-01,4
C0438,2025-03,2
C0574,2025-04,1
C0520,2025-08,12
C0524,2025-04,7
C0404,2025-07,4
C0077,2025-07,1
C0644,2025-05,5
C0558,2025-09,2
C0008,2024-02,3
C0714,2024-08,37
C0180,2024-03,3
C0167,2024-08,35
C0384,2022-02,1
C0574,2024-08,2
C0533,2024-08,15
C0422,2024-12,3
C0453,2024-12,1
C0001,2025-08,2
C0661,2025-08,1
C0679,2024-05,1
C0006,2024-11,1
C0064,2025-02,1
C0404,2022-07,2
C0663,2023-02,1
C0635,2023-05,3
C0023,2023-05,1
C0520,2023-10,8
C0721,2023-06,1
C0674,2023-06,1
C0022,2024-03,1
C0016,2021-12,60
C0424,2021-10,39
C0391,2021-11,24
C0443,2021-09,54
C0225,2021-11,58
C0714,2021-11,31
C0218,2021-10,102
C0396,2021-11,16
C0046,2021-11,28
C0212,2022-04,37
C0385,2022-01,56
C0127,2021-01,96
C0230,2021-01,71
C0031,2022-01,121
C0217,2022-01,68
C0399,2021-01,195
C0530,2022-01,128
C0072,2021-06,59
C0158,2021-06,85
C0019,2021-08,32
C0451,2020-12,61
C0557,2021-01,83
C0136,2020-12,64
C0429,2021-01,127
C0452,2021-01,162
C0003,2021-06,14
C0047,2022-02,56
C0180,2022-01,2
C0332,2022-01,43
C0395,2022-04,42
C0174,2022-04,10
C0223,2022-04,37
C0378,2022-03,48
C0563,2022-01,4
C0718,2022-04,7
C0137,2022-04,46
C0459,2022-03,52
C0186,2022-02,36
C0506,2022-01,19
C0236,2022-05,29
C0481,2022-05,34
C0490,2022-05,13
C0383,2022-05,38
C0139,2022-05,11
C0128,2022-05,69
C0112,2022-05,10
C0606,2022-04,5
C0689,2022-05,6
C0684,2022-03,14
C0372,2022-05,29
C0213,2022-05,22
C0415,2020-02,16
C0301,2021-04,26
C0027,2020-09,29
C0483,2020-08,64
C0236,2020-05,29
C0435,2021-03,34
C0439,2020-06,27
C0426,2021-01,109
C0098,2020-01,71
C0324,2020-03,47
C0102,2021-02,47
C0220,2021-02,27
C0156,2020-07,42
C0317,2020-07,60
C0200,2020-07,44
C0224,2022-06,34
C0498,2022-06,6
C0170,2022-06,92
C0149,2022-06,31
C0379,2022-06,31
C0739,2022-06,13
C0159,2022-06,30
C0265,2022-06,9
C0386,2022-06,62
C0650,2022-03,4
C0091,2022-02,16
C0582,2022-06,11
C0519,2022-02,3
C0256,2022-08,49
C0085,2022-07,26
C0221,2022-07,64
C0260,2022-06,3
C0239,2022-03,51
C0438,2022-07,3
C0385,2023-11,32
C0228,2021-11,40
C0166,2021-08,40
C0592,2022-10,29
C0323,2022-11,14
C0165,2022-11,26
C0521,2022-11,11
C0251,2022-11,69
C0226,2022-11,144
C0270,2022-11,50
C0670,2022-11,8
C0306,2022-11,35
C0350,2022-09,47
C0443,2022-10,54
C0686,2022-11,5
C0321,2022-11,10
C0222,2022-10,82
C0324,2022-11,40
C0022,2022-01,5
C0653,2022-11,4
C0389,2022-11,30
C0546,2022-10,2
C0554,2022-11,2
C0699,2022-11,1
C0719,2022-11,1
C0288,2023-08,7
C0059,2022-12,58
C0476,2022-12,70
C0671,2022-12,18
C0316,2022-12,51
C0263,2022-12,81
C0348,2022-12,34
C0572,2022-12,13
C0590,2022-12,4
C0186,2023-03,36
C0155,2023-01,372
C0667,2023-03,12
C0047,2023-03,65
C0091,2023-03,28
C0108,2023-01,5
C0066,2023-01,53
C0368,2023-01,85
C0380,2023-02,13
C0318,2020-08,21
C0425,2023-02,7
C0519,2023-03,3
C0070,2023-04,56
C0154,2023-04,40
C0237,2023-04,103
C0188,2023-04,57
C0188,2023-02,45
C0034,2023-04,40
C0185,2021-08,49
C0075,2023-04,44
C0380,2023-04,15
C0065,2023-01,31
C0425,2023-04,9
C0750,2023-02,10
C0237,2023-02,102
C0388,2023-04,3
C0750,2023-04,10
C0221,2023-07,77
C0446,2023-06,61
C0048,2023-06,44
C0085,2023-07,32
C0338,2023-06,71
C0423,2023-08,52
C0027,2023-08,29
C0454,2023-08,14
C0179,2023-08,14
C0501,2023-08,10
C0711,2023-08,1
C0350,2023-05,46
C0591,2023-06,5
C0707,2023-08,1
C0076,2023-09,95
C0134,2023-09,28
C0440,2023-09,25
C0482,2023-09,93
C0480,2023-09,1
C0560,2023-09,20
C0435,2023-09,25
C0018,2023-09,30
C0047,2023-12,66
C0186,2023-12,46
C0091,2023-12,22
C0667,2023-12,17
C0031,2023-11,34
C0473,2022-03,45
C0167,2021-11,46
C0010,2022-03,27
C0136,2020-04,65
C0340,2021-07,61
C0128,2020-05,82
C0038,2020-07,21
C0134,2021-03,54
C0306,2020-03,43
C0607,2022-05,1
C0095,2022-05,3
C0303,2022-09,13
C0102,2022-09,56
C0410,2022-09,44
C0285,2022-09,64
C0220,2022-09,26
C0269,2022-09,42
C0508,2022-09,4
C0150,2020-08,19
C0414,2022-08,52
C0515,2022-09,9
C0694,2022-09,2
C0623,2020-10,2
C0350,2021-02,46
C0172,2020-10,64
C0130,2020-08,44
C0418,2021-07,8
C0286,2020-11,72
C0300,2021-05,41
C0154,2023-02,50
C0034,2023-02,39
C0070,2023-02,51
C0075,2023-02,58
C0681,2023-01,5
C0388,2023-02,2
C0234,2022-12,53
C0122,2021-04,110
C0726,2023-02,3
C0052,2023-02,3
C0430,2020-06,24
C0401,2021-11,28
C0412,2021-11,37
C0369,2023-06,106
C0020,2023-06,54
C0124,2023-06,21
C0007,2023-06,50
C0302,2023-06,54
C0499,2023-06,3
C0052,2023-04,2
C0102,2023-05,47
C0269,2023-05,42
C0285,2023-05,42
C0438,2023-07,3
C0216,2021-05,29
C0133,2020-08,40
C0530,2023-11,51
C0332,2023-11,15
C0506,2023-11,11
C0217,2023-11,28
C0022,2023-11,2
C0218,2023-10,61
C0543,2023-01,4
C0686,2026-01,44
C0284,2023-11,3
C0668,2023-11,1
C0519,2023-12,1
C0238,2024-02,18
C0278,2024-02,107
C0218,2024-01,444
C0354,2024-02,58
C0408,2024-02,42
C0280,2024-02,39
C0299,2024-02,9
C0063,2024-02,70
C0109,2024-04,79
C0272,2024-02,39
C0723,2024-03,19
C0211,2024-09,68
C0101,2021-04,28
C0667,2022-02,2
C0537,2021-11,152
C0181,2021-08,16
C0457,2021-05,31
C0468,2021-07,42
C0478,2020-01,154
C0189,2021-04,82
C0060,2020-02,130
C0076,2021-03,69
C0308,2021-07,12
C0285,2021-02,54
C0676,2021-01,32
C0179,2020-09,19
C0139,2020-05,14
C0120,2020-12,45
C0112,2020-05,6
C0485,2020-01,174
C0269,2021-02,25
C0125,2021-08,38
C0454,2020-09,29
C0747,2021-01,21
C0481,2020-05,46
C0165,2020-03,26
C0119,2021-01,2
C0383,2020-05,32
C0712,2020-01,38
C0106,2021-04,51
C0077,2022-08,3
C0284,2022-01,1
C0678,2021-07,15
C0030,2022-08,3
C0404,2022-08,1
C0707,2020-09,1
C0305,2022-09,1
C0704,2022-06,1
C0442,2022-06,1
C0726,2023-04,4
C0410,2023-05,35
C0694,2023-05,9
C0303,2023-05,14
C0515,2023-05,6
C0220,2023-05,19
C0589,2021-09,1
C0424,2023-10,39
C0500,2023-10,4
C0144,2023-10,22
C0746,2023-10,12
C0424,2024-01,72
C0746,2024-01,15
C0251,2024-08,84
C0144,2024-01,98
C0500,2024-01,15
C0109,2024-07,86
C0259,2024-03,80
C0255,2020-01,155
C0451,2020-04,39
C0083,2020-02,34
C0058,2020-04,60
C0026,2020-04,21
C0213,2020-05,12
C0120,2020-04,24
C0095,2020-05,5
C0372,2020-05,25
C0252,2020-02,27
C0538,2020-05,2
C0607,2020-05,5
C0689,2020-05,10
C0422,2020-04,2
C0490,2020-05,2
C0202,2020-08,60
C0375,2020-06,39
C0094,2020-08,31
C0423,2020-09,46
C0526,2020-08,2
C0058,2020-12,65
C0310,2020-08,23
C0288,2020-09,14
C0583,2020-09,7
C0321,2020-03,7
C0501,2020-09,13
C0711,2020-09,1
C0359,2020-09,1
C0687,2020-07,6
C0713,2021-01,11
C0026,2020-12,22
C0622,2020-11,17
C0303,2021-02,15
C0410,2021-02,32
C0515,2021-02,12
C0694,2021-02,2
C0482,2021-03,68
C0608,2021-01,10
C0440,2021-03,39
C0018,2021-03,18
C0199,2021-06,5
C0637,2021-06,2
C0271,2021-04,50
C0504,2021-07,3
C0520,2021-07,8
C0642,2021-06,3
C0097,2021-04,14
C0053,2021-06,2
C0144,2021-10,27
C0746,2021-10,8
C0500,2021-10,2
C0419,2021-11,51
C0277,2021-11,42
C0398,2021-11,47
C0475,2021-11,63
C0422,2020-12,1
C0001,2021-07,1
C0407,2021-11,40
C0088,2024-04,47
C0724,2020-11,1
C0409,2021-08,37
C0533,2021-11,6
C0471,2022-12,2
C0597,2021-06,1
C0314,2020-05,4
C0670,2020-03,10
C0160,2020-02,15
C0323,2020-03,27
C0163,2021-08,11
C0569,2022-04,16
C0118,2022-04,1
C0090,2020-02,1
C0251,2020-03,36
C0525,2020-02,1
C0646,2020-02,2
C0553,2020-06,5
C0682,2020-06,2
C0577,2020-07,2
C0235,2026-07,88
C0632,2020-07,1
C0693,2020-11,6
C0235,2020-11,35
C0107,2020-10,3
C0631,2020-11,1
C0548,2020-11,4
C0528,2020-01,2
C0261,2020-11,1
C0353,2020-07,2
C0351,2020-11,1
C0719,2020-03,3
C0529,2020-12,1
C0560,2021-03,5
C0194,2025-05,115
C0627,2021-04,2
C0636,2021-05,5
C0593,2021-05,9
C0611,2021-02,3
C0695,2021-05,5
C0510,2021-08,37
C0680,2021-08,15
C0592,2021-09,18
C0032,2021-09,1
C0222,2021-09,64
C0619,2021-08,2
C0193,2021-11,3
C0748,2021-12,1
C0226,2020-03,51
C0270,2020-03,35
C0389,2020-03,26
C0521,2020-03,7
C0734,2020-03,1
C0079,2020-02,1
C0653,2020-03,1
C0554,2020-03,1
C0699,2020-03,1
C0666,2020-06,1
C0559,2020-10,1
C0601,2020-10,4
C0657,2021-04,2
C0524,2021-11,2
C0686,2020-03,1
C0208,2024-07,31
C0743,2020-04,1
C0373,2020-08,3
C0397,2020-08,1
C0547,2021-04,1
C0613,2021-09,2
C0273,2021-12,2
C0167,2026-05,43
C0537,2026-05,229
C0398,2026-05,67
C0419,2026-05,64
C0391,2026-05,61
C0475,2026-05,92
C0714,2026-05,45
C0323,2026-01,228
C0277,2026-05,18
C0407,2026-05,121
C0412,2026-05,40
C0251,2026-01,512
C0225,2026-05,62
C0396,2026-05,16
C0401,2026-05,33
C0228,2026-05,60
C0321,2026-01,89
C0046,2026-05,38
C0275,2026-06,56
C0286,2026-07,126
C0270,2026-01,246
C0324,2026-01,78
C0033,2026-03,126
C0631,2026-07,7
C0333,2025-01,122
C0151,2026-02,107
C0241,2026-06,116
C0165,2026-01,115
C0209,2025-01,132
C0351,2026-07,19
C0389,2026-01,123
C0226,2026-01,267
C0484,2026-06,87
C0622,2026-07,13
C0304,2025-01,323
C0306,2026-01,139
C0254,2026-06,211
C0548,2026-07,4
C0424,2025-08,46
C0533,2026-05,45
C0004,2025-12,104
C0143,2025-02,86
C0307,2026-06,120
C0724,2026-07,8
C0103,2026-06,69
C0196,2026-08,87
C0693,2026-07,4
C0527,2025-12,27
C0719,2026-01,10
C0104,2026-03,53
C0521,2026-01,29
C0186,2026-04,85
C0630,2026-06,11
C0244,2026-07,1
C0667,2024-11,20
C0670,2026-01,23
C0554,2026-01,17
C0339,2025-05,70
C0701,2026-01,2
C0186,2025-06,41
C0443,2025-10,106
C0292,2026-06,43
C0230,2025-11,77
C0127,2025-11,65
C0429,2025-11,37
C0426,2025-11,92
C0452,2025-11,98
C0091,2025-06,36
C0017,2025-01,91
C0747,2025-11,48
C0557,2025-11,50
C0676,2025-11,23
C0091,2026-04,82
C0399,2025-11,80
C0044,2026-03,69
C0251,2025-04,77
C0085,2025-07,45
C0205,2025-01,236
C0443,2025-09,67
C0713,2025-11,8
C0183,2025-01,269
C0100,2025-12,65
C0144,2025-08,38
C0259,2026-02,80
C0534,2025-01,62
C0558,2025-01,17
C0119,2025-11,2
C0608,2025-11,6
C0042,2025-05,7
C0461,2025-12,155
C0540,2026-08,13
C0080,2025-12,127
C0056,2025-12,105
C0469,2025-12,30
C0270,2024-08,72
C0008,2025-12,4
C0054,2025-12,2
C0316,2024-12,66
C0221,2025-07,136
C0196,2024-04,64
C0486,2024-09,140
C0524,2026-05,9
C0218,2024-06,99
C0653,2026-01,15
C0592,2025-10,40
C0141,2026-03,95
C0450,2026-03,61
C0417,2026-03,69
C0633,2026-03,35
C0256,2025-03,71
C0497,2026-03,1
C0414,2025-03,62
C0129,2024-09,73
C0161,2024-04,35
C0496,2026-01,3
C0091,2024-11,42
C0193,2026-05,19
C0331,2026-05,1
C0174,2024-10,17
C0667,2026-04,17
C0047,2026-04,78
C0029,2026-06,48
C0403,2026-06,25
C0161,2026-08,55
C0208,2026-08,73
C0088,2026-08,87
C0441,2026-08,7
C0672,2026-08,51
C0476,2024-12,96
C0218,2025-08,85
C0348,2024-12,75
C0109,2026-08,112
C0064,2026-08,2
C0281,2026-08,2
C0151,2024-03,84
C0381,2024-03,22
C0672,2024-04,25
C0324,2024-08,34
C0196,2024-07,88
C0281,2024-04,3
C0540,2024-04,10
C0389,2024-08,46
C0208,2024-04,43
C0722,2024-04,3
C0710,2024-04,2
C0064,2024-04,1
C0137,2024-10,79
C0441,2024-04,4
C0283,2024-01,1
C0047,2024-11,123
C0439,2024-05,21
C0430,2024-05,24
C0731,2024-03,1
C0169,2025-02,82
C0088,2024-07,47
C0553,2024-05,24
C0375,2024-05,43
C0182,2025-02,19
C0424,2024-06,44
C0746,2024-06,9
C0144,2024-06,28
C0500,2024-06,6
C0226,2024-08,118
C0161,2024-07,41
C0441,2024-07,6
C0672,2024-07,20
C0281,2024-07,3
C0306,2024-08,30
C0540,2024-07,4
C0606,2024-10,12
C0223,2024-10,58
C0212,2024-10,57
C0718,2024-10,9
C0455,2024-09,67
C0472,2024-09,51
C0263,2024-12,77
C0395,2024-10,44
C0569,2024-10,14
C0727,2025-02,39
C0336,2025-05,11
C0311,2025-02,37
C0474,2024-02,53
C0686,2024-08,5
C0195,2024-09,66
C0177,2024-09,44
C0222,2025-09,60
C0186,2024-11,27
C0519,2024-11,8
C0047,2025-06,80
C0685,2025-01,10
C0226,2025-04,106
C0576,2025-02,17
C0011,2025-02,75
C0138,2025-02,63
C0055,2025-02,24
C0521,2025-04,24
C0552,2025-02,28
C0117,2025-05,50
C0539,2025-02,2
C0507,2025-02,1
C0234,2024-12,39
C0113,2025-05,133
C0349,2025-05,70
C0382,2025-05,90
C0005,2025-05,46
C0270,2025-04,69
C0605,2025-05,6
C0514,2025-05,8
C0323,2025-04,37
C0512,2025-05,10
C0578,2026-06,3
C0261,2026-07,1
C0059,2024-12,54
C0710,2026-08,3
C0686,2025-04,12
C0612,2025-12,6
C0381,2026-02,30
C0723,2026-02,35
C0519,2026-04,11
C0667,2025-06,10
C0389,2025-04,24
C0222,2025-10,58
C0204,2021-08,1
C0519,2025-06,2
C0438,2025-07,2
C0592,2025-09,31
C0032,2025-10,3
C0165,2025-04,24
C0306,2025-04,37
C0746,2025-08,12
C0324,2025-04,44
C0032,2025-09,1
C0613,2025-09,2
C0030,2025-03,8
C0670,2024-08,10
C0321,2024-08,12
C0323,2024-08,31
C0590,2024-12,4
C0572,2024-12,21
C0671,2024-12,35
C0697,2025-10,4
C0699,2026-01,3
C0719,2025-04,5
C0670,2025-04,9
C0321,2025-04,15
C0404,2025-03,3
C0653,2025-04,2
C0554,2025-04,6
C0699,2025-04,1
C0589,2025-10,1
C0697,2025-09,3
C0589,2025-09,1
C0377,2025-01,1
C0613,2025-10,1
C0291,2024-01,1
C0733,2026-06,1
C0242,2024-02,7
C0096,2024-02,3
C0051,2024-02,1
C0187,2024-02,1
C0413,2024-03,2
C0521,2024-08,13
C0165,2024-08,15
C0554,2024-08,8
C0653,2024-08,4
C0719,2024-08,3
C0006,2024-09,1
C0500,2025-08,3
C0729,2024-02,2
C0035,2024-02,2
C0041,2024-02,1
C0361,2024-05,1
C0274,2024-05,1
C0291,2024-06,1
C0064,2024-07,2
C0645,2025-02,2
C0697,2022-10,6
C0077,2025-03,1
C0032,2022-10,1
C0613,2022-10,1
C0268,2024-03,1
C0316,2021-12,37
C0476,2021-12,79
C0234,2021-12,45
C0059,2021-12,51
C0263,2021-12,86
C0671,2021-12,27
C0590,2021-12,12
C0348,2021-12,38
C0076,2021-11,89
C0289,2021-07,50
C0572,2021-12,7
C0072,2021-05,54
C0375,2022-01,91
C0033,2020-03,66
C0228,2021-03,44
C0440,2021-11,30
C0693,2021-04,11
C0218,2021-01,289
C0553,2022-01,19
C0430,2022-01,57
C0130,2021-08,42
C0046,2021-03,30
C0300,2021-06,39
C0145,2022-02,33
C0028,2022-04,34
C0446,2022-08,56
C0105,2022-02,50
C0393,2022-04,61
C0386,2022-03,61
C0265,2022-03,10
C0192,2022-04,46
C0089,2022-04,39
C0093,2022-04,34
C0224,2022-03,38
C0465,2022-02,47
C0170,2022-03,74
C0140,2022-04,29
C0159,2022-03,43
C0253,2022-02,37
C0134,2021-11,45
C0723,2022-05,21
C0151,2022-05,59
C0132,2022-02,71
C0259,2022-05,76
C0498,2022-03,8
C0149,2022-03,33
C0381,2022-05,8
C0123,2020-07,29
C0450,2020-03,33
C0133,2021-08,67
C0136,2020-01,205
C0298,2021-07,37
C0120,2020-01,127
C0452,2021-10,45
C0150,2021-08,15
C0058,2020-01,160
C0400,2020-10,36
C0399,2021-10,79
C0401,2021-03,39
C0385,2020-06,41
C0162,2020-10,13
C0427,2021-07,18
C0286,2021-04,69
C0728,2020-09,28
C0396,2021-03,15
C0444,2020-10,26
C0530,2020-06,38
C0158,2021-05,92
C0235,2021-04,50
C0587,2021-09,13
C0255,2020-04,47
C0451,2020-01,149
C0101,2020-11,19
C0398,2021-03,40
C0258,2021-02,77
C0144,2021-01,73
C0391,2021-03,44
C0355,2020-09,56
C0556,2020-07,12
C0473,2022-06,55
C0459,2022-06,45
C0684,2022-06,12
C0239,2022-06,36
C0378,2022-06,45
C0010,2022-06,28
C0439,2022-01,62
C0436,2022-02,66
C0258,2022-09,96
C0725,2022-07,9
C0463,2022-07,37
C0555,2022-07,15
C0405,2022-07,49
C0544,2022-07,2
C0566,2022-07,3
C0364,2022-07,24
C0674,2022-07,3
C0624,2022-07,3
C0731,2022-05,1
C0739,2022-03,9
C0417,2022-11,43
C0450,2022-11,32
C0104,2022-11,29
C0141,2022-11,70
C0033,2022-11,51
C0633,2022-11,12
C0044,2022-11,20
C0677,2022-10,6
C0029,2024-02,40
C0688,2022-10,4
C0402,2022-09,64
C0402,2021-02,66
C0320,2022-09,46
C0497,2022-11,1
C0357,2023-08,36
C0680,2020-08,22
C0402,2023-05,75
C0016,2022-12,52
C0367,2022-09,49
C0458,2023-03,25
C0436,2023-03,82
C0253,2023-03,60
C0009,2023-03,173
C0071,2023-03,47
C0105,2023-03,60
C0246,2023-03,14
C0356,2023-03,2
C0465,2023-03,56
C0132,2023-03,81
C0004,2023-01,104
C0461,2023-01,208
C0100,2023-01,59
C0145,2023-03,43
C0080,2023-01,158
C0056,2023-01,117
C0205,2023-02,40
C0183,2023-02,70
C0470,2023-03,2
C0369,2022-08,102
C0469,2023-01,98
C0551,2023-03,4
C0304,2023-02,114
C0379,2022-03,21
C0216,2021-06,34
C0333,2023-02,13
C0217,2020-06,30
C0017,2023-02,27
C0698,2023-01,1
C0183,2023-04,84
C0333,2023-04,11
C0304,2023-04,112
C0017,2023-04,29
C0209,2023-04,34
C0205,2023-04,45
C0534,2023-04,9
C0685,2023-04,2
C0527,2023-01,27
C0463,2023-07,50
C0364,2023-07,23
C0456,2023-07,2
C0405,2023-07,47
C0355,2023-08,50
C0725,2023-07,8
C0313,2023-08,47
C0555,2023-07,15
C0197,2023-08,33
C0062,2023-08,41
C0629,2023-08,2
C0728,2023-08,24
C0292,2024-02,12
C0087,2023-08,3
C0173,2023-08,2
C0040,2023-05,99
C0256,2023-06,53
C0320,2023-05,56
C0171,2023-05,27
C0401,2023-09,36
C0537,2023-09,197
C0277,2023-09,37
C0475,2023-09,50
C0252,2024-07,41
C0046,2023-09,19
C0167,2023-09,34
C0407,2023-09,78
C0398,2023-09,45
C0419,2023-09,61
C0714,2023-09,20
C0228,2023-09,48
C0412,2023-09,44
C0391,2023-09,42
C0465,2023-12,58
C0145,2023-12,54
C0132,2023-12,97
C0009,2023-12,164
C0458,2023-12,22
C0105,2023-12,58
C0071,2023-12,49
C0436,2023-12,100
C0253,2023-12,59
C0439,2023-11,22
C0553,2023-11,14
C0452,2023-10,62
C0246,2023-12,15
C0682,2022-01,2
C0495,2023-12,2
C0054,2023-01,3
C0328,2020-07,56
C0458,2022-02,32
C0009,2022-02,114
C0582,2022-03,13
C0071,2022-02,36
C0197,2020-09,25
C0260,2022-03,1
C0168,2022-04,10
C0665,2022-04,3
C0743,2020-01,2
C0126,2020-10,66
C0428,2021-07,40
C0196,2020-02,54
C0257,2020-10,59
C0318,2021-08,17
C0478,2020-12,54
C0357,2020-09,26
C0189,2020-11,97
C0650,2022-06,1
C0642,2021-05,4
C0206,2022-09,69
C0040,2022-09,94
C0516,2022-09,10
C0171,2022-09,31
C0115,2022-09,36
C0437,2022-09,46
C0022,2020-06,12
C0249,2022-09,33
C0499,2022-08,5
C0545,2022-09,3
C0302,2022-08,38
C0338,2022-08,56
C0517,2022-09,3
C0406,2022-09,13
C0206,2021-02,58
C0746,2021-01,16
C0151,2020-05,55
C0271,2020-11,53
C0048,2022-08,46
C0020,2022-08,53
C0098,2020-04,30
C0019,2020-08,28
C0209,2023-02,41
C0040,2021-02,43
C0208,2020-02,14
C0470,2023-12,3
C0429,2021-10,49
C0534,2023-02,13
C0558,2023-02,6
C0026,2020-01,47
C0685,2023-02,6
C0018,2026-05,56
C0377,2023-02,1
C0008,2023-01,10
C0567,2023-03,1
C0030,2023-06,4
C0406,2023-05,12
C0258,2023-05,106
C0545,2023-05,7
C0414,2023-06,41
C0206,2023-05,66
C0115,2023-05,43
C0077,2023-06,4
C0566,2023-07,3
C0624,2023-07,6
C0434,2023-06,2
C0544,2023-07,1
C0375,2023-11,39
C0127,2023-10,53
C0430,2023-11,21
C0230,2023-10,33
C0429,2023-10,47
C0551,2023-12,6
C0437,2023-05,40
C0356,2023-12,2
C0103,2024-02,31
C0230,2024-01,88
C0557,2024-01,117
C0452,2024-01,222
C0429,2024-01,130
C0676,2024-01,57
C0275,2024-02,48
C0241,2024-02,60
C0254,2024-02,140
C0307,2024-02,56
C0426,2024-01,225
C0484,2024-02,36
C0094,2021-08,39
C0202,2021-08,49
C0712,2020-04,7
C0361,2022-01,1
C0457,2021-06,28
C0246,2022-02,9
C0356,2022-02,3
C0537,2021-03,133
C0485,2020-12,58
C0485,2020-04,45
C0313,2020-09,41
C0435,2021-11,29
C0407,2021-03,31
C0557,2021-10,47
C0312,2020-07,7
C0181,2020-08,19
C0548,2021-04,12
C0106,2020-11,53
C0031,2020-06,40
C0104,2020-03,34
C0648,2020-10,2
C0343,2021-07,44
C0167,2021-03,42
C0039,2021-07,2
C0367,2021-02,38
C0712,2020-12,12
C0284,2020-06,3
C0334,2020-07,53
C0230,2021-10,32
C0062,2020-09,28
C0424,2021-01,92
C0007,2022-08,29
C0124,2022-08,12
C0448,2020-07,32
C0098,2020-12,34
C0210,2025-02,55
C0717,2022-12,1
C0748,2022-12,1
C0612,2023-01,2
C0558,2023-04,2
C0166,2020-08,47
C0517,2023-05,6
C0249,2023-05,39
C0516,2023-05,10
C0367,2023-05,56
C0225,2023-09,39
C0533,2023-09,8
C0193,2023-09,6
C0524,2023-09,5
C0331,2023-09,1
C0396,2023-09,9
C0399,2023-10,82
C0676,2023-10,10
C0557,2023-10,35
C0426,2023-10,55
C0713,2023-10,4
C0747,2023-10,2
C0399,2024-01,221
C0127,2024-01,140
C0713,2024-01,23
C0009,2024-11,179
C0747,2024-01,48
C0399,2024-06,81
C0060,2024-04,185
C0128,2024-03,82
C0417,2024-08,42
C0097,2020-11,7
C0422,2020-01,4
C0259,2020-05,69
C0185,2020-08,32
C0723,2020-05,13
C0381,2020-05,2
C0109,2020-02,38
C0478,2020-04,35
C0332,2020-06,13
C0417,2020-03,20
C0506,2020-06,8
C0044,2020-03,25
C0163,2020-08,7
C0115,2021-02,33
C0510,2020-08,11
C0409,2020-08,45
C0125,2020-08,51
C0122,2020-11,105
C0173,2020-09,2
C0633,2020-03,15
C0629,2020-09,4
C0225,2021-03,41
C0141,2020-03,63
C0500,2021-01,11
C0245,2020-07,84
C0301,2020-11,28
C0437,2021-02,28
C0148,2020-09,1
C0320,2021-02,27
C0465,2025-06,46
C0550,2020-07,6
C0287,2020-10,20
C0018,2021-11,13
C0171,2021-02,22
C0516,2021-02,16
C0406,2021-02,21
C0277,2021-03,53
C0249,2021-02,26
C0517,2021-02,2
C0229,2020-03,1
C0327,2021-07,26
C0579,2021-06,2
C0695,2021-06,7
C0593,2021-06,10
C0073,2021-07,61
C0193,2021-03,7
C0261,2021-04,2
C0636,2021-06,6
C0634,2021-07,12
C0737,2021-07,6
C0531,2021-07,5
C0012,2021-07,23
C0660,2021-07,1
C0412,2021-03,35
C0426,2021-10,57
C0346,2020-07,26
C0676,2021-10,15
C0127,2021-10,54
C0713,2021-10,2
C0664,2021-07,1
C0482,2021-11,63
C0475,2021-03,72
C0088,2020-02,31
C0747,2021-10,2
C0560,2021-11,10
C0050,2020-07,46
C0483,2021-08,51
C0480,2021-11,1
C0273,2022-12,4
C0574,2023-09,4
C0274,2022-01,2
C0341,2020-10,72
C0268,2020-05,1
C0207,2021-09,2
C0390,2022-04,1
C0529,2020-01,10
C0441,2020-02,3
C0672,2020-02,11
C0710,2020-02,1
C0161,2020-02,24
C0540,2020-02,2
C0064,2020-02,1
C0227,2020-07,27
C0509,2020-07,13
C0716,2020-07,3
C0570,2020-07,7
C0518,2020-07,6
C0644,2020-07,6
C0581,2020-07,7
C0744,2020-10,30
C0547,2020-11,1
C0657,2020-11,3
C0627,2020-11,2
C0255,2020-12,55
C0013,2020-10,16
C0180,2020-06,2
C0714,2021-03,32
C0419,2021-03,41
C0533,2021-03,12
C0574,2021-03,4
C0622,2021-04,25
C0003,2021-05,12
C0724,2021-04,3
C0637,2021-05,1
C0524,2021-03,2
C0310,2021-08,17
C0688,2021-09,6
C0157,2020-10,3
C0561,2021-09,3
C0677,2021-09,6
C0673,2021-09,2
C0025,2021-12,1
C0668,2020-06,1
C0651,2020-10,14
C0715,2020-10,3
C0248,2020-10,2
C0545,2021-02,3
C0135,2021-07,1
C0526,2021-08,2
C0397,2021-08,1
C0551,2022-02,3
C0281,2020-02,1
C0709,2020-03,1
C0528,2020-04,1
C0488,2020-07,1
C0453,2020-01,2
C0619,2020-08,2
C0631,2021-04,3
C0351,2021-04,2
C0131,2021-09,1
C0608,2021-10,1
C0666,2022-01,2
C0104,2026-01,88
C0044,2026-01,140
C0237,2025-01,493
C0076,2026-05,127
C0435,2026-05,94
C0560,2026-05,19
C0482,2026-05,129
C0033,2026-01,310
C0188,2025-01,257
C0134,2026-05,38
C0450,2026-01,147
C0189,2026-07,194
C0122,2026-07,200
C0106,2026-07,113
C0271,2026-07,77
C0101,2026-07,65
C0417,2026-01,122
C0063,2026-06,173
C0141,2026-01,221
C0272,2026-06,51
C0238,2026-06,49
C0301,2026-07,44
C0097,2026-07,4
C0547,2026-07,4
C0633,2026-01,123
C0299,2026-06,10
C0408,2026-06,88
C0033,2024-08,32
C0354,2026-06,99
C0253,2026-04,128
C0251,2026-03,154
C0280,2026-06,99
C0477,2021-09,1
C0323,2026-03,86
C0657,2026-07,6
C0145,2025-06,57
C0105,2026-04,106
C0725,2025-07,6
C0105,2025-06,72
C0034,2025-01,136
C0403,2024-02,12
C0052,2025-01,7
C0145,2026-04,85
C0557,2024-06,38
C0368,2025-12,68
C0083,2024-04,44
C0020,2025-03,53
C0424,2025-11,59
C0144,2025-11,33
C0048,2025-03,75
C0218,2025-11,72
C0750,2025-01,23
C0075,2025-01,171
C0246,2025-06,15
C0746,2025-11,11
C0141,2025-04,74
C0230,2025-08,24
C0405,2025-07,90
C0380,2025-01,84
C0070,2025-01,191
C0154,2025-01,179
C0324,2026-03,32
C0736,2025-05,7
C0155,2025-12,252
C0278,2026-06,154
C0065,2025-12,30
C0306,2026-03,48
C0676,2025-08,21
C0016,2024-12,68
C0066,2025-12,80
C0497,2026-01,5
C0236,2026-02,84
C0394,2025-02,69
C0446,2025-03,71
C0309,2025-02,9
C0425,2025-01,67
C0086,2025-02,65
C0543,2025-12,9
C0436,2026-04,225
C0608,2024-01,8
C0452,2025-08,78
C0071,2026-04,37
C0083,2024-07,45
C0165,2026-03,39
C0190,2025-05,4
C0465,2024-11,48
C0112,2024-03,10
C0674,2025-07,10
C0477,2025-10,4
C0389,2026-03,108
C0270,2026-03,115
C0112,2026-02,11
C0554,2026-03,5
C0653,2026-03,1
C0140,2024-10,54
C0321,2026-03,31
C0699,2026-03,1
C0686,2026-03,3
C0496,2026-03,2
C0521,2026-03,15
C0670,2026-03,9
C0383,2026-02,76
C0060,2026-08,259
C0213,2026-02,32
C0127,2025-08,67
C0128,2026-02,85
C0372,2026-02,27
C0415,2024-04,12
C0383,2024-03,51
C0440,2026-05,23
C0132,2026-04,83
C0356,2026-04,20
C0465,2026-04,56
C0282,2024-09,50
C0028,2024-10,56
C0600,2026-08,10
C0132,2024-11,63
C0246,2026-04,39
C0474,2026-06,72
C0729,2026-06,9
C0242,2026-06,17
C0139,2026-02,17
C0083,2026-08,44
C0252,2026-08,70
C0525,2026-08,13
C0160,2026-08,17
C0079,2026-08,1
C0452,2024-06,73
C0463,2025-07,58
C0226,2026-03,84
C0557,2025-08,44
C0719,2026-03,2
C0035,2026-06,15
C0415,2026-08,18
C0236,2024-03,60
C0252,2024-04,29
C0426,2024-06,60
C0506,2024-05,12
C0160,2024-04,8
C0079,2024-04,1
C0490,2024-03,7
C0372,2024-03,17
C0060,2024-07,221
C0332,2024-05,23
C0168,2024-10,17
C0747,2024-06,19
C0600,2024-04,12
C0213,2024-03,20
C0139,2024-03,19
C0646,2024-04,2
C0564,2024-09,23
C0385,2024-05,24
C0217,2024-05,26
C0530,2024-05,75
C0031,2024-05,56
C0481,2024-03,46
C0022,2024-05,2
C0180,2024-05,3
C0668,2024-05,3
C0127,2024-06,66
C0429,2024-06,48
C0230,2024-06,37
C0676,2024-06,20
C0713,2024-06,4
C0203,2024-09,22
C0164,2024-09,18
C0105,2024-11,78
C0104,2024-08,30
C0608,2024-06,4
C0366,2025-02,51
C0093,2024-10,34
C0493,2024-09,98
C0302,2025-03,59
C0646,2024-07,4
C0415,2024-07,25
C0600,2024-07,3
C0089,2024-10,63
C0665,2024-10,12
C0192,2024-10,59
C0393,2024-10,81
C0445,2024-09,42
C0633,2024-08,23
C0160,2024-07,4
C0609,2024-09,3
C0683,2024-10,1
C0141,2024-08,57
C0104,2025-04,23
C0726,2025-01,18
C0290,2024-09,47
C0675,2024-09,23
C0673,2025-10,6
C0741,2024-09,5
C0071,2024-11,47
C0436,2024-11,149
C0253,2024-11,80
C0145,2024-11,49
C0246,2024-11,14
C0458,2024-11,27
C0356,2024-11,4
C0044,2025-04,42
C0416,2025-02,41
C0061,2025-02,65
C0362,2025-02,85
C0713,2025-08,5
C0007,2025-03,54
C0009,2025-06,220
C0604,2025-05,14
C0417,2025-04,70
C0565,2025-05,2
C0616,2025-05,46
C0358,2025-05,101
C0532,2025-05,30
C0322,2025-05,6
C0584,2025-05,12
C0352,2025-05,30
C0541,2025-05,2
C0033,2025-04,42
C0626,2025-05,7
C0051,2026-06,5
C0458,2026-04,43
C0187,2026-06,2
C0229,2026-01,1
C0215,2026-07,1
C0108,2025-12,1
C0009,2026-04,272
C0544,2025-07,3
C0399,2025-08,71
C0253,2025-06,64
C0388,2025-01,12
C0458,2025-06,31
C0369,2025-03,168
C0681,2025-12,6
C0587,2025-09,15
C0481,2026-02,64
C0095,2026-02,12
C0490,2026-02,9
C0262,2026-01,1
C0314,2026-02,3
C0689,2026-02,6
C0551,2026-04,9
C0470,2026-04,2
C0356,2025-06,7
C0374,2026-06,1
C0646,2026-08,1
C0370,2024-09,9
C0436,2025-06,208
C0090,2024-04,1
C0132,2025-06,102
C0071,2025-06,45
C0551,2025-06,6
C0364,2025-07,46
C0555,2025-07,30
C0450,2025-04,40
C0624,2025-07,11
C0207,2025-09,1
C0587,2025-10,17
C0677,2025-10,5
C0673,2025-09,7
C0207,2025-10,2
C0429,2025-08,42
C0561,2025-10,2
C0663,2025-10,1
C0688,2025-10,4
C0747,2025-08,21
C0477,2025-09,1
C0663,2025-09,2
C0411,2025-05,2
C0500,2025-11,3
C0633,2025-04,17
C0679,2026-02,3
C0607,2024-03,4
C0679,2024-03,1
C0525,2024-04,1
C0551,2024-11,8
C0536,2024-09,3
C0449,2024-09,3
C0329,2024-09,1
C0499,2025-03,6
C0450,2024-08,34
C0630,2024-02,9
C0717,2024-12,2
C0591,2025-03,4
C0338,2025-03,90
C0273,2024-12,1
C0748,2024-12,3
C0124,2025-03,18
C0262,2025-04,1
C0566,2025-07,4
C0456,2025-07,4
C0426,2025-08,59
C0614,2025-05,4
C0586,2025-05,1
C0638,2025-05,1
C0677,2025-09,9
C0561,2025-09,2
C0688,2025-09,3
C0607,2026-02,1
C0495,2026-04,1
C0096,2026-06,1
C0041,2026-06,2
C0578,2024-02,6
C0689,2024-03,7
C0538,2024-03,2
C0095,2024-03,4
C0314,2024-03,1
C0497,2024-08,2
C0044,2024-08,37
C0470,2024-11,1
C0608,2025-08,6
C0284,2024-05,1
C0090,2024-07,1
C0525,2024-07,4
C0079,2024-07,1
C0567,2024-11,3
C0489,2025-02,1
C0456,2022-07,2
C0673,2022-10,2
C0587,2022-10,9
C0561,2022-10,1
C0377,2023-04,1
C0608,2023-10,5
C0477,2022-10,1
C0663,2022-10,1
C0092,2024-03,1
C0021,2021-12,49
C0184,2021-12,214
C0082,2021-12,47
C0233,2021-12,62
C0093,2021-10,31
C0043,2021-12,41
C0132,2021-11,65
C0247,2021-12,57
C0223,2021-01,140
C0243,2021-12,73
C0465,2021-11,51
C0009,2021-11,120
C0105,2021-11,55
C0575,2021-12,13
C0089,2021-10,49
C0307,2022-01,123
C0029,2022-01,68
C0254,2022-01,294
C0241,2022-01,156
C0103,2022-01,154
C0275,2022-01,129
C0630,2022-01,26
C0403,2022-01,48
C0024,2020-09,28
C0484,2022-01,100
C0137,2021-01,84
C0101,2020-04,29
C0326,2020-08,20
C0292,2022-01,42
C0248,2021-05,2
C0174,2021-01,44
C0395,2021-01,102
C0365,2021-12,5
C0171,2022-03,33
C0557,2022-04,39
C0399,2022-04,71
C0426,2022-04,52
C0249,2022-03,37
C0452,2022-04,52
C0230,2022-04,26
C0134,2022-02,42
C0437,2022-03,33
C0127,2022-04,33
C0100,2022-05,35
C0076,2022-02,84
C0676,2022-04,19
C0258,2022-03,95
C0608,2022-04,4
C0145,2021-11,33
C0040,2022-03,67
C0402,2022-03,74
C0429,2022-04,53
C0713,2022-04,5
C0206,2022-03,78
C0406,2022-03,13
C0469,2022-05,30
C0080,2022-05,102
C0461,2022-05,66
C0527,2022-05,4
C0056,2022-05,48
C0004,2022-05,49
C0320,2022-03,44
C0192,2021-10,66
C0057,2021-08,56
C0255,2020-11,63
C0101,2020-12,28
C0122,2020-04,117
C0287,2021-05,25
C0136,2021-04,66
C0451,2021-04,52
C0126,2021-05,81
C0371,2021-08,32
C0542,2021-07,12
C0342,2021-08,44
C0045,2021-08,58
C0235,2020-01,138
C0056,2020-05,36
C0461,2020-05,51
C0493,2020-03,55
C0271,2020-12,65
C0445,2020-03,22
C0442,2021-02,2
C0242,2020-06,4
C0400,2021-05,42
C0164,2020-03,33
C0420,2020-08,34
C0252,2020-07,40
C0410,2022-06,60
C0285,2022-06,48
C0102,2022-06,68
C0515,2022-06,12
C0694,2022-06,6
C0350,2022-06,72
C0269,2022-06,39
C0303,2022-06,13
C0220,2022-06,21
C0611,2022-06,1
C0482,2022-02,63
C0440,2022-02,27
C0587,2022-07,11
C0677,2022-07,6
C0673,2022-07,3
C0688,2022-07,4
C0578,2022-01,11
C0071,2021-11,51
C0028,2021-10,31
C0347,2021-08,23
C0564,2022-11,21
C0493,2022-11,79
C0203,2022-11,27
C0445,2022-11,15
C0405,2022-10,50
C0151,2023-01,144
C0290,2022-11,49
C0164,2022-11,18
C0170,2022-09,83
C0675,2022-11,15
C0282,2022-11,38
C0609,2022-11,3
C0370,2022-11,11
C0379,2022-09,26
C0725,2022-10,6
C0740,2022-11,3
C0536,2022-11,1
C0387,2022-12,68
C0463,2022-10,38
C0460,2022-12,51
C0297,2022-12,60
C0159,2022-09,39
C0364,2022-10,15
C0491,2022-12,2
C0745,2022-12,3
C0134,2023-03,52
C0560,2023-03,12
C0435,2023-03,29
C0440,2023-03,25
C0076,2023-03,123
C0018,2023-03,29
C0188,2022-08,50
C0259,2023-01,178
C0482,2023-03,87
C0237,2022-08,101
C0070,2022-08,48
C0414,2023-02,35
C0381,2023-01,24
C0498,2022-09,13
C0256,2023-04,69
C0425,2022-08,10
C0414,2023-04,52
C0091,2021-03,28
C0545,2022-03,3
C0077,2023-04,3
C0363,2020-08,24
C0030,2023-04,3
C0404,2023-04,1
C0038,2020-02,24
C0723,2023-01,29
C0587,2023-07,17
C0131,2023-07,1
C0663,2023-07,1
C0688,2023-07,6
C0183,2023-06,86
C0276,2023-08,111
C0146,2023-08,66
C0240,2023-08,23
C0296,2023-08,23
C0345,2023-08,22
C0421,2023-08,27
C0175,2023-08,39
C0153,2023-08,30
C0069,2023-08,17
C0267,2023-08,32
C0304,2023-06,111
C0159,2023-05,27
C0024,2023-08,10
C0535,2023-08,1
C0268,2023-01,8
C0170,2023-05,83
C0582,2023-05,9
C0149,2023-05,41
C0224,2023-05,23
C0047,2023-09,62
C0186,2023-09,47
C0667,2023-09,13
C0091,2023-09,27
C0560,2023-12,16
C0076,2023-12,128
C0134,2023-12,52
C0018,2023-12,25
C0482,2023-12,109
C0440,2023-12,40
C0028,2023-10,50
C0168,2023-10,13
C0435,2023-12,37
C0307,2023-11,44
C0029,2023-11,38
C0115,2022-03,39
C0367,2022-03,54
C0072,2020-10,42
C0146,2020-09,43
C0189,2020-12,93
C0516,2022-03,10
C0596,2022-03,1
C0435,2022-02,21
C0018,2022-02,14
C0517,2022-03,2
C0060,2020-07,161
C0037,2020-08,76
C0083,2020-07,40
C0341,2021-05,75
C0122,2020-12,106
C0560,2022-02,12
C0008,2022-05,2
C0224,2022-09,32
C0739,2022-09,10
C0386,2022-09,53
C0149,2022-09,32
C0034,2022-08,42
C0582,2022-09,17
C0272,2020-06,34
C0265,2022-09,10
C0380,2022-08,24
C0120,2021-04,39
C0154,2022-08,43
C0260,2022-09,1
C0212,2021-01,90
C0267,2020-09,41
C0479,2022-09,2
C0187,2024-05,3
C0566,2022-10,7
C0413,2023-01,2
C0624,2022-10,5
C0256,2023-02,69
C0106,2020-12,65
C0090,2020-07,2
C0142,2023-02,1
C0280,2020-06,36
C0030,2023-02,7
C0404,2023-02,1
C0330,2021-08,65
C0189,2020-04,79
C0017,2023-06,26
C0205,2023-06,42
C0265,2023-05,10
C0379,2023-05,28
C0386,2023-05,42
C0333,2023-06,20
C0209,2023-06,36
C0534,2023-06,9
C0558,2023-06,3
C0673,2023-07,2
C0677,2023-07,3
C0254,2023-11,132
C0241,2023-11,64
C0275,2023-11,57
C0103,2023-11,44
C0484,2023-11,42
C0292,2023-11,19
C0630,2023-11,12
C0578,2023-11,5
C0063,2020-06,73
C0403,2023-11,12
C0089,2023-10,31
C0354,2020-06,79
C0093,2024-01,121
C0393,2024-01,210
C0375,2024-02,34
C0553,2024-02,20
C0140,2024-01,107
C0245,2024-04,64
C0564,2024-08,21
C0168,2024-01,57
C0246,2021-11,14
C0436,2021-11,63
C0569,2021-01,22
C0622,2020-01,49
C0004,2020-05,46
C0240,2020-09,17
C0612,2020-05,3
C0415,2020-07,20
C0158,2020-10,81
C0162,2021-05,9
C0149,2021-02,31
C0603,2021-08,11
C0266,2020-08,43
C0107,2021-06,5
C0606,2021-01,4
C0257,2021-05,52
C0421,2020-09,31
C0469,2020-05,16
C0276,2020-09,115
C0026,2021-04,19
C0408,2020-06,54
C0458,2021-11,24
C0286,2020-01,205
C0386,2021-02,52
C0393,2021-10,59
C0047,2021-03,56
C0351,2020-01,12
C0172,2021-06,47
C0463,2021-09,36
C0444,2021-05,14
C0075,2022-08,53
C0388,2022-08,4
C0106,2020-04,40
C0052,2022-08,4
C0747,2022-04,6
C0750,2022-08,7
C0704,2022-09,2
C0301,2020-12,21
C0731,2023-01,1
C0519,2023-09,7
C0652,2023-09,1
C0093,2023-10,14
C0393,2023-10,57
C0665,2023-10,6
C0140,2023-10,38
C0192,2023-10,60
C0192,2024-01,205
C0089,2024-01,130
C0346,2024-04,56
C0028,2024-01,158
C0048,2025-01,200
C0683,2024-01,2
C0123,2024-04,55
C0334,2024-04,65
C0050,2024-04,73
C0089,2024-06,34
C0445,2024-08,33
C0100,2020-05,17
C0693,2020-01,9
C0527,2020-05,13
C0271,2020-04,45
C0097,2020-04,12
C0203,2020-03,32
C0301,2020-04,19
C0080,2020-05,74
C0564,2020-03,9
C0200,2020-02,43
C0008,2020-05,4
C0657,2020-04,1
C0054,2020-05,2
C0068,2020-08,28
C0152,2020-08,62
C0178,2020-08,36
C0264,2020-08,40
C0602,2020-08,15
C0278,2020-06,61
C0345,2020-09,27
C0175,2020-09,30
C0328,2024-07,94
C0513,2020-08,2
C0214,2020-08,25
C0153,2020-09,29
C0069,2020-09,26
C0392,2020-08,4
C0098,2020-11,30
C0290,2020-03,61
C0296,2020-09,27
C0187,2020-06,2
C0015,2021-07,52
C0003,2020-10,6
C0718,2021-01,11
C0282,2020-03,34
C0159,2021-02,23
C0405,2021-09,51
C0224,2021-02,24
C0170,2021-02,55
C0379,2021-02,20
C0582,2021-02,7
C0739,2021-02,5
C0431,2021-07,57
C0260,2021-02,2
C0601,2021-06,3
C0742,2021-07,7
C0559,2021-06,1
C0232,2021-07,48
C0464,2021-07,29
C0623,2021-06,4
C0315,2021-07,39
C0696,2021-07,5
C0720,2021-07,5
C0013,2021-05,12
C0140,2021-10,55
C0201,2021-08,38
C0253,2021-11,47
C0631,2020-01,5
C0356,2021-11,2
C0168,2021-10,9
C0635,2021-08,1
C0364,2021-09,33
C0317,2020-02,37
C0551,2021-11,4
C0738,2022-03,1
C0058,2021-04,60
C0665,2021-10,10
C0502,2022-12,2
C0498,2023-05,9
C0704,2023-05,1
C0739,2023-05,10
C0434,2023-04,1
C0260,2023-05,3
C0548,2020-01,9
C0156,2020-02,55
C0675,2020-03,5
C0698,2020-05,2
C0447,2021-12,4
C0344,2022-04,1
C0724,2020-01,2
C0261,2020-01,4
C0577,2020-02,5
C0687,2020-02,5
C0051,2020-06,2
C0238,2020-06,13
C0299,2020-06,7
C0474,2020-06,43
C0035,2020-06,4
C0160,2020-07,9
C0096,2020-06,3
C0600,2020-07,1
C0525,2020-07,4
C0018,2024-11,38
C0485,2020-11,66
C0478,2020-11,54
C0712,2020-11,10
C0528,2020-11,1
C0097,2020-12,15
C0186,2021-03,49
C0667,2021-03,16
C0519,2021-03,3
C0744,2021-05,27
C0651,2021-05,11
C0498,2021-02,8
C0422,2021-04,2
C0157,2021-05,3
C0715,2021-05,3
C0002,2021-08,43
C0294,2021-08,7
C0656,2021-08,2
C0555,2021-09,15
C0456,2021-09,6
C0725,2021-09,2
C0674,2021-09,4
C0282,2026-01,273
C0625,2021-12,3
C0740,2020-03,6
C0370,2020-03,4
C0741,2020-03,2
C0449,2020-03,1
C0729,2020-06,4
C0199,2020-10,2
C0654,2020-09,1
C0637,2020-10,1
C0053,2020-10,1
C0265,2021-02,11
C0329,2020-03,5
C0325,2021-07,1
C0662,2021-08,2
C0567,2021-11,1
C0480,2022-02,1
C0609,2020-03,1
C0627,2020-04,1
C0627,2020-12,1
C0657,2020-12,2
C0547,2020-12,1
C0215,2020-12,1
C0467,2021-01,1
C0624,2021-09,1
C0376,2021-10,2
C0566,2021-09,1
C0071,2026-05,37
C0009,2026-05,216
C0675,2026-01,161
C0436,2026-05,254
C0105,2026-05,90
C0145,2026-05,90
C0506,2026-06,24
C0132,2026-05,106
C0465,2026-05,56
C0113,2025-02,118
C0458,2026-05,40
C0445,2026-01,73
C0253,2026-05,101
C0290,2026-01,123
C0493,2026-01,294
C0551,2026-05,8
C0356,2026-05,26
C0098,2026-07,121
C0478,2026-07,103
C0485,2026-07,66
C0255,2026-07,81
C0712,2026-07,37
C0164,2026-01,82
C0284,2026-06,9
C0609,2026-01,9
C0486,2026-03,206
C0237,2025-03,139
C0182,2025-05,22
C0556,2026-08,119
C0203,2026-01,64
C0552,2025-05,28
C0665,2024-06,11
C0490,2025-12,22
C0369,2025-01,412
C0434,2023-02,1
C0138,2025-05,82
C0564,2026-01,55
C0139,2025-12,36
C0530,2026-06,78
C0213,2025-12,32
C0112,2025-12,29
C0338,2025-01,200
C0385,2026-06,74
C0020,2025-01,137
C0435,2026-04,141
C0143,2025-05,91
C0031,2026-06,58
C0195,2026-03,137
C0236,2025-12,116
C0645,2025-05,2
C0370,2026-01,45
C0134,2026-04,52
C0354,2024-05,83
C0405,2025-09,59
C0455,2026-03,66
C0028,2024-06,60
C0395,2025-11,83
C0124,2025-01,93
C0223,2025-11,71
C0134,2025-06,50
C0569,2025-11,22
C0393,2025-08,87
C0425,2025-03,17
C0606,2025-11,21
C0137,2025-11,104
C0174,2025-11,20
C0445,2025-04,27
C0302,2025-01,230
C0212,2025-11,61
C0674,2025-10,11
C0446,2025-01,381
C0282,2025-04,53
C0718,2025-11,13
C0725,2025-09,8
C0364,2025-09,29
C0609,2024-08,3
C0018,2025-06,36
C0591,2025-01,6
C0463,2025-10,84
C0435,2025-06,52
C0007,2025-01,100
C0380,2025-03,21
C0070,2025-03,68
C0128,2025-12,87
C0435,2024-11,33
C0481,2025-12,75
C0383,2025-12,94
C0607,2025-12,4
C0679,2025-12,1
C0095,2025-12,11
C0129,2026-03,118
C0104,2024-09,30
C0372,2025-12,35
C0689,2025-12,13
C0449,2026-01,6
C0168,2025-08,21
C0466,2025-02,1
C0328,2024-04,73
C0448,2026-08,65
C0346,2026-08,77
C0741,2026-01,15
C0076,2026-04,123
C0328,2026-08,90
C0665,2025-08,9
C0339,2025-02,38
C0089,2025-08,46
C0099,2024-12,3
C0164,2025-04,25
C0272,2024-05,38
C0299,2024-05,7
C0536,2026-01,5
C0211,2026-03,102
C0066,2026-02,58
C0312,2024-04,2
C0280,2024-05,40
C0585,2026-01,1
C0177,2026-03,27
C0472,2026-03,67
C0006,2026-03,1
C0368,2026-02,46
C0329,2026-01,10
C0065,2026-02,32
C0245,2026-08,93
C0479,2021-02,1
C0246,2026-05,23
C0430,2024-02,23
C0388,2025-03,5
C0440,2026-04,23
C0018,2026-04,59
C0134,2024-11,34
C0217,2026-06,31
C0238,2024-05,20
C0022,2026-06,2
C0482,2026-04,129
C0332,2026-06,26
C0180,2026-06,2
C0123,2026-08,74
C0312,2026-08,22
C0050,2026-08,98
C0334,2026-08,62
C0509,2026-08,11
C0550,2026-08,22
C0644,2026-08,8
C0227,2026-08,67
C0155,2026-02,200
C0570,2026-08,8
C0518,2026-08,14
C0581,2026-08,8
C0716,2026-08,3
C0665,2024-01,14
C0376,2024-01,3
C0474,2024-05,42
C0155,2024-03,165
C0278,2024-05,132
C0192,2024-06,70
C0227,2024-07,37
C0203,2024-08,26
C0063,2024-05,91
C0518,2024-04,9
C0393,2024-06,55
C0448,2024-04,34
C0644,2024-04,5
C0033,2024-09,52
C0556,2024-04,65
C0227,2024-04,27
C0245,2024-07,70
C0581,2024-04,8
C0346,2024-07,60
C0550,2024-04,14
C0368,2024-03,31
C0426,2024-10,65
C0488,2024-04,1
C0716,2024-04,3
C0509,2024-04,12
C0408,2024-05,52
C0557,2024-10,59
C0066,2024-03,32
C0242,2024-05,6
C0051,2024-05,1
C0633,2024-09,13
C0556,2024-07,82
C0168,2024-06,14
C0140,2024-06,53
C0194,2025-02,97
C0093,2024-06,32
C0290,2024-08,61
C0399,2024-10,90
C0560,2024-11,18
C0417,2024-09,55
C0460,2024-12,46
C0747,2024-10,12
C0570,2024-07,6
C0448,2024-07,36
C0334,2024-07,50
C0050,2024-07,73
C0518,2024-07,9
C0076,2024-11,95
C0123,2024-07,43
C0550,2024-07,9
C0509,2024-07,9
C0493,2024-08,98
C0312,2024-07,4
C0429,2024-10,44
C0127,2024-10,59
C0452,2024-10,71
C0450,2024-09,30
C0230,2024-10,41
C0676,2024-10,15
C0482,2024-11,114
C0713,2024-10,4
C0440,2024-11,32
C0141,2024-09,62
C0028,2025-08,69
C0075,2025-03,69
C0608,2024-10,3
C0297,2024-12,80
C0169,2025-05,115
C0387,2024-12,44
C0382,2025-02,94
C0117,2025-02,40
C0005,2025-02,41
C0349,2025-02,65
C0290,2025-04,44
C0514,2025-02,5
C0705,2025-02,3
C0512,2025-02,10
C0042,2025-02,2
C0336,2025-02,8
C0564,2025-04,15
C0605,2025-02,3
C0482,2025-06,113
C0576,2025-05,26
C0154,2025-03,65
C0543,2024-03,10
C0011,2025-05,73
C0539,2025-05,7
C0140,2025-08,51
C0311,2025-05,52
C0727,2025-05,49
C0188,2025-03,69
C0055,2025-05,25
C0563,2026-06,1
C0463,2025-09,42
C0065,2024-03,20
C0439,2024-02,12
C0390,2021-10,1
C0688,2025-07,9
C0440,2025-06,16
C0282,2024-08,66
C0076,2025-06,91
C0203,2025-04,22
C0014,2025-01,2
C0587,2025-07,19
C0405,2025-10,62
C0674,2025-09,7
C0034,2025-03,32
C0538,2025-12,5
C0314,2025-12,1
C0681,2026-02,8
C0543,2026-02,10
C0560,2026-04,20
C0544,2022-10,2
C0035,2024-05,2
C0560,2025-06,13
C0480,2025-06,1
C0192,2025-08,61
C0677,2025-07,10
C0555,2025-09,18
C0555,2025-10,24
C0364,2025-10,21
C0624,2025-10,10
C0725,2025-10,4
C0729,2024-05,1
C0456,2025-10,5
C0493,2025-04,107
C0544,2025-10,1
C0624,2025-09,13
C0207,2023-07,1
C0108,2026-02,2
C0570,2024-04,2
C0044,2024-09,34
C0164,2024-08,17
C0502,2024-12,3
C0745,2024-12,7
C0566,2025-10,4
C0231,2026-01,1
C0675,2025-04,23
C0499,2025-01,9
C0750,2025-03,9
C0052,2025-03,4
C0370,2025-04,12
C0609,2025-04,2
C0741,2025-04,1
C0329,2025-04,1
C0093,2025-08,27
C0561,2025-07,3
C0673,2025-07,2
C0131,2025-07,1
C0721,2025-09,1
C0456,2025-09,1
C0566,2025-09,4
C0231,2020-03,1
C0361,2024-02,1
C0108,2024-03,1
C0681,2024-03,2
C0581,2024-07,4
C0329,2024-08,3
C0370,2024-08,12
C0675,2024-08,30
C0536,2024-08,4
C0741,2024-08,1
C0740,2024-08,2
C0231,2024-08,1
C0432,2020-08,1
C0536,2025-04,1
C0449,2025-04,2
C0376,2024-06,1
C0585,2025-04,1
C0683,2025-08,1
C0376,2025-08,1
C0274,2024-02,1
C0703,2024-05,1
C0374,2024-05,1
C0683,2024-06,2
C0644,2024-07,4
C0488,2024-07,1
C0054,2022-05,1
C0726,2025-03,4
C0119,2022-04,1
C0131,2022-07,1
C0477,2022-07,1
C0207,2022-07,1
C0561,2022-07,1
C0555,2022-10,11
C0741,2022-11,1
C0480,2023-12,1
C0674,2022-10,4
C0685,2023-06,2
C0479,2023-05,1
C0392,2021-12,14
C0068,2021-12,31
C0037,2021-12,108
C0178,2021-12,54
C0266,2021-12,47
C0602,2021-12,15
C0158,2021-10,91
C0264,2021-12,44
C0326,2021-12,28
C0420,2021-12,40
C0072,2021-10,41
C0152,2021-12,56
C0363,2021-12,24
C0513,2021-12,7
C0300,2021-01,84
C0312,2021-09,5
C0214,2021-12,22
C0286,2022-03,77
C0122,2022-06,122
C0306,2022-01,123
C0165,2022-01,79
C0226,2022-01,168
C0389,2022-01,82
C0251,2022-01,118
C0521,2022-01,29
C0270,2022-01,117
C0324,2022-01,143
C0216,2021-01,77
C0653,2022-01,8
C0699,2022-01,2
C0457,2021-01,81
C0323,2022-01,118
C0429,2021-05,54
C0170,2021-04,70
C0192,2020-10,40
C0040,2020-01,139
C0695,2021-01,10
C0149,2021-04,35
C0554,2022-01,5
C0126,2022-04,89
C0257,2022-04,54
C0461,2022-02,63
C0341,2022-04,69
C0744,2022-04,38
C0287,2022-04,21
C0622,2022-03,22
C0162,2022-04,9
C0670,2022-01,12
C0400,2022-04,23
C0651,2022-04,19
C0321,2022-01,24
C0080,2022-02,91
C0056,2022-02,42
C0013,2022-04,10
C0271,2022-06,50
C0444,2022-04,11
C0083,2022-07,26
C0235,2022-03,57
C0482,2022-05,75
C0435,2022-05,29
C0076,2022-05,88
C0134,2022-05,32
C0440,2022-05,20
C0560,2022-05,11
C0719,2022-01,9
C0018,2022-05,13
C0258,2020-01,208
C0141,2020-06,40
C0298,2020-09,42
C0018,2020-05,10
C0372,2021-03,26
C0236,2021-03,42
C0115,2020-01,76
C0033,2020-06,92
C0249,2020-01,96
C0144,2021-06,31
C0073,2020-09,73
C0136,2021-02,60
C0120,2021-02,24
C0062,2021-07,51
C0139,2021-03,20
C0044,2020-06,24
C0393,2020-10,61
C0343,2020-09,59
C0593,2021-01,30
C0058,2021-02,57
C0428,2020-09,41
C0206,2020-01,156
C0171,2020-01,117
C0406,2020-01,59
C0076,2020-05,83
C0106,2022-06,75
C0189,2022-06,72
C0301,2022-06,29
C0101,2022-06,30
C0097,2022-06,13
C0215,2022-06,3
C0261,2022-03,1
C0004,2022-02,48
C0627,2022-06,3
C0657,2022-06,6
C0415,2022-07,11
C0090,2022-07,2
C0060,2022-07,162
C0394,2022-08,64
C0646,2022-07,5
C0252,2022-07,21
C0160,2022-07,9
C0525,2022-07,2
C0079,2022-07,1
C0600,2022-07,2
C0224,2021-04,37
C0686,2022-01,11
C0159,2021-04,39
C0031,2022-11,52
C0217,2022-11,24
C0385,2022-11,47
C0245,2022-10,72
C0328,2022-10,87
C0448,2022-10,31
C0668,2022-11,1
C0530,2022-11,49
C0050,2022-10,39
C0123,2022-10,44
C0346,2022-10,43
C0570,2022-10,9
C0332,2022-11,21
C0556,2022-10,33
C0506,2022-11,12
C0509,2022-10,10
C0227,2022-10,27
C0180,2022-11,2
C0563,2022-11,1
C0022,2022-11,5
C0451,2022-09,43
C0102,2020-12,71
C0002,2022-12,63
C0201,2022-12,47
C0371,2022-12,40
C0342,2022-12,52
C0057,2022-12,65
C0603,2022-12,30
C0330,2022-12,63
C0045,2022-12,59
C0656,2022-12,4
C0284,2022-11,1
C0662,2022-12,4
C0347,2022-12,32
C0469,2023-03,19
C0461,2023-03,84
C0100,2023-03,35
C0080,2023-03,112
C0056,2023-03,55
C0253,2023-01,170
C0086,2022-08,60
C0465,2023-01,111
C0527,2023-03,22
C0436,2023-01,159
C0009,2023-01,308
C0105,2023-01,149
C0071,2023-01,140
C0004,2023-03,40
C0334,2022-10,37
C0132,2023-01,143
C0416,2022-08,33
C0061,2022-08,69
C0352,2023-02,21
C0458,2023-01,47
C0551,2023-01,17
C0698,2023-03,1
C0616,2023-04,27
C0358,2023-04,64
C0246,2023-01,24
C0352,2023-04,32
C0565,2023-04,1
C0586,2023-04,8
C0584,2023-04,17
C0604,2023-04,9
C0626,2023-04,2
C0322,2023-04,2
C0145,2023-01,69
C0021,2020-08,52
C0638,2023-04,3
C0736,2023-04,4
C0532,2023-04,10
C0190,2023-04,1
C0358,2023-02,86
C0252,2023-07,41
C0060,2023-07,185
C0083,2023-07,44
C0415,2023-07,20
C0160,2023-07,5
C0012,2023-08,26
C0428,2023-08,36
C0634,2023-08,17
C0073,2023-08,68
C0343,2023-08,66
C0289,2023-08,39
C0327,2023-08,32
C0470,2023-01,3
C0298,2023-08,40
C0427,2023-08,13
C0356,2023-01,13
C0055,2023-06,28
C0737,2023-08,1
C0531,2023-08,1
C0311,2023-06,57
C0039,2023-08,3
C0138,2023-06,69
C0135,2023-08,1
C0335,2023-08,1
C0383,2023-09,49
C0128,2023-09,71
C0236,2023-09,46
C0213,2023-09,17
C0481,2023-09,45
C0139,2023-09,17
C0080,2023-12,119
C0461,2023-12,87
C0100,2023-12,50
C0056,2023-12,56
C0004,2023-12,59
C0469,2023-12,23
C0072,2023-10,75
C0612,2023-12,1
C0323,2023-11,39
C0527,2023-12,17
C0391,2024-03,41
C0251,2023-11,69
C0321,2023-11,14
C0270,2023-11,56
C0387,2021-08,49
C0082,2020-08,24
C0693,2022-03,14
C0100,2022-02,33
C0320,2020-01,104
C0351,2022-03,3
C0724,2022-03,5
C0548,2022-03,2
C0527,2022-02,10
C0625,2020-08,2
C0350,2020-04,29
C0221,2020-02,75
C0269,2020-12,52
C0424,2021-06,32
C0010,2020-11,27
C0379,2021-04,28
C0128,2021-03,120
C0452,2021-05,60
C0450,2020-06,30
C0058,2022-09,70
C0136,2022-09,63
C0026,2022-09,21
C0362,2022-08,116
C0422,2022-09,1
C0120,2022-09,20
C0389,2023-11,31
C0210,2022-08,45
C0529,2022-09,3
C0357,2021-07,25
C0453,2022-09,1
C0743,2022-09,2
C0366,2022-08,39
C0327,2020-09,22
C0473,2020-11,30
C0309,2022-08,1
C0184,2020-08,200
C0312,2022-10,11
C0197,2021-07,24
C0140,2020-10,39
C0616,2023-02,25
C0604,2023-02,9
C0008,2023-03,1
C0716,2022-10,2
C0218,2021-06,74
C0322,2023-02,5
C0532,2023-02,20
C0736,2023-02,4
C0134,2020-05,35
C0565,2023-02,5
C0541,2023-02,3
C0026,2021-02,23
C0584,2023-02,9
C0586,2023-02,5
C0626,2023-02,1
C0346,2021-09,39
C0245,2021-09,66
C0054,2023-03,1
C0143,2023-06,71
C0576,2023-06,10
C0552,2023-06,30
C0011,2023-06,53
C0451,2023-05,40
C0026,2023-05,29
C0169,2023-06,55
C0136,2023-05,53
C0120,2023-05,27
C0727,2023-06,31
C0182,2023-06,14
C0645,2023-06,3
C0058,2023-05,64
C0525,2023-07,6
C0090,2023-07,3
C0646,2023-07,2
C0303,2020-04,11
C0079,2023-07,1
C0600,2023-07,5
C0324,2023-11,36
C0306,2023-11,36
C0165,2023-11,21
C0226,2023-11,124
C0653,2023-11,3
C0670,2023-11,6
C0521,2023-11,9
C0686,2023-11,5
C0719,2023-11,4
C0328,2021-09,60
C0554,2023-11,3
C0003,2023-10,21
C0195,2024-02,74
C0129,2024-02,80
C0158,2024-01,302
C0472,2024-02,52
C0211,2024-02,56
C0486,2024-02,104
C0455,2024-02,61
C0177,2024-02,47
C0072,2024-01,242
C0530,2024-08,78
C0435,2020-05,37
C0469,2022-02,16
C0112,2021-03,9
C0460,2021-08,29
C0334,2021-09,49
C0284,2020-03,2
C0259,2021-11,80
C0230,2021-05,37
C0716,2021-09,3
C0233,2020-08,59
C0636,2021-01,11
C0556,2021-09,23
C0265,2021-04,11
C0093,2020-10,40
C0437,2020-01,99
C0621,2020-01,5
C0427,2020-09,27
C0350,2020-12,91
C0028,2020-10,22
C0297,2021-08,31
C0313,2021-07,37
C0530,2020-03,40
C0089,2020-10,41
C0517,2020-01,19
C0180,2020-03,6
C0127,2021-05,46
C0269,2020-04,40
C0739,2021-04,7
C0410,2020-04,49
C0355,2021-07,55
C0737,2020-09,2
C0402,2020-01,162
C0151,2021-11,60
C0367,2020-01,108
C0489,2022-08,2
C0612,2022-02,2
C0294,2022-12,5
C0642,2021-10,6
C0213,2021-03,21
C0541,2023-04,1
C0614,2023-04,2
C0529,2023-05,5
C0743,2023-05,8
C0095,2023-09,8
C0112,2023-09,9
C0679,2023-09,4
C0314,2023-09,4
C0372,2023-09,24
C0607,2023-09,2
C0689,2023-09,3
C0092,2023-09,3
C0490,2023-09,3
C0158,2023-10,94
C0642,2023-10,16
C0003,2024-01,49
C0100,2024-11,42
C0642,2024-01,43
C0597,2024-01,5
C0516,2020-01,24
C0385,2020-03,46
C0545,2020-01,11
C0285,2020-04,42
C0482,2020-05,49
C0031,2020-03,35
C0440,2020-05,29
C0102,2020-04,43
C0220,2020-04,18
C0506,2020-03,13
C0217,2020-03,30
C0560,2020-05,6
C0043,2020-08,36
C0243,2020-08,53
C0677,2020-07,2
C0451,2021-02,33
C0247,2020-08,42
C0587,2020-07,10
C0575,2020-08,7
C0660,2020-09,1
C0289,2020-09,43
C0049,2020-08,3
C0617,2020-08,1
C0417,2020-06,21
C0104,2020-06,44
C0012,2020-09,18
C0634,2020-09,9
C0135,2020-09,1
C0335,2020-09,2
C0039,2020-09,1
C0220,2020-12,42
C0410,2020-12,41
C0194,2025-01,361
C0515,2020-12,7
C0285,2020-12,35
C0239,2020-11,37
C0683,2020-10,3
C0378,2020-11,41
C0386,2021-04,47
C0529,2021-02,3
C0173,2021-07,3
C0399,2021-05,81
C0746,2021-06,15
C0728,2021-07,15
C0676,2021-05,11
C0629,2021-07,6
C0679,2021-03,4
C0123,2021-09,46
C0643,2021-07,2
C0481,2021-03,42
C0448,2021-09,27
C0227,2021-09,32
C0003,2021-10,10
C0628,2021-10,1
C0723,2021-11,19
C0509,2021-09,9
C0635,2022-12,2
C0422,2023-05,1
C0738,2020-01,5
C0085,2020-02,33
C0168,2020-10,28
C0050,2021-09,46
C0631,2022-03,2
C0157,2022-04,1
C0571,2022-04,1
C0715,2022-04,5
C0248,2022-04,1
C0633,2020-06,18
C0688,2020-07,5
C0561,2020-07,3
C0665,2020-10,4
C0459,2020-11,59
C0650,2020-11,3
C0684,2020-11,2
C0477,2020-07,1
C0332,2020-03,18
C0689,2021-03,9
C0490,2021-03,7
C0383,2021-03,42
C0538,2021-03,3
C0314,2021-03,2
C0498,2021-04,8
C0582,2021-04,9
C0426,2021-05,74
C0557,2021-05,48
C0608,2021-05,3
C0747,2021-05,7
C0303,2020-12,9
C0581,2021-09,3
C0450,2024-05,31
C0570,2021-09,6
C0550,2021-09,3
C0518,2021-09,5
C0745,2021-08,5
C0644,2021-09,8
C0488,2021-09,1
C0432,2021-12,4
C0381,2021-11,8
C0053,2021-10,1
C0022,2020-03,5
C0438,2020-02,2
C0422,2021-02,2
C0095,2021-03,3
C0502,2021-08,2
C0611,2020-04,2
C0694,2020-04,2
C0515,2020-04,5
C0508,2020-04,2
C0207,2020-07,1
C0447,2020-08,1
C0563,2020-03,1
C0365,2020-08,2
C0694,2020-12,3
C0611,2020-12,1
C0607,2021-03,3
C0500,2021-06,1
C0597,2021-10,1
C0148,2021-07,2
C0637,2021-10,1
C0199,2021-10,1
C0259,2026-05,105
C0151,2026-05,92
C0445,2026-06,42
C0723,2026-05,26
C0369,2025-02,129
C0385,2026-01,174
C0332,2026-01,90
C0282,2026-06,115
C0473,2026-07,192
C0329,2026-06,1
C0010,2026-07,107
C0459,2026-07,87
C0378,2026-07,83
C0684,2026-07,42
C0650,2026-07,8
C0239,2026-07,71
C0031,2026-01,146
C0164,2026-06,47
C0124,2025-02,20
C0330,2024-12,100
C0714,2024-03,52
C0167,2024-03,41
C0180,2026-01,7
C0284,2026-01,10
C0060,2025-07,228
C0100,2025-06,40
C0527,2026-04,20
C0228,2024-03,35
C0061,2025-03,72
C0050,2025-09,101
C0203,2026-06,27
C0530,2026-01,198
C0463,2026-08,104
C0217,2026-01,115
C0004,2025-06,49
C0227,2025-10,49
C0506,2026-01,68
C0328,2025-10,89
C0675,2026-06,39
C0205,2025-05,71
C0080,2026-04,125
C0401,2026-02,28
C0685,2025-05,4
C0053,2024-06,4
C0167,2026-02,32
C0083,2025-07,43
C0593,2025-11,66
C0349,2025-01,198
C0382,2025-01,255
C0457,2025-11,42
C0216,2025-11,53
C0695,2025-11,7
C0072,2025-08,103
C0332,2025-04,28
C0334,2025-10,79
C0300,2025-11,60
C0113,2025-01,346
C0448,2025-10,50
C0636,2025-11,16
C0339,2025-01,206
C0123,2025-09,42
C0100,2026-04,94
C0005,2025-01,130
C0123,2025-10,41
C0117,2025-01,105
C0186,2025-12,123
C0047,2025-12,98
C0091,2025-12,71
C0519,2025-12,4
C0056,2025-06,78
C0375,2026-03,39
C0031,2025-04,48
C0405,2026-08,88
C0469,2026-04,29
C0057,2024-12,54
C0013,2024-10,20
C0624,2026-08,21
C0407,2026-02,111
C0338,2025-02,79
C0570,2025-10,3
C0553,2026-03,50
C0446,2025-02,68
C0550,2025-09,10
C0187,2024-09,1
C0430,2026-03,25
C0537,2026-02,236
C0228,2026-02,75
C0475,2026-02,81
C0439,2026-03,30
C0277,2026-02,25
C0391,2026-02,50
C0347,2024-12,46
C0252,2025-07,55
C0053,2025-08,2
C0666,2026-03,1
C0401,2024-03,43
C0053,2023-10,1
C0381,2026-05,44
C0398,2026-02,72
C0158,2024-06,102
C0033,2024-05,51
C0544,2026-08,2
C0555,2024-07,21
C0394,2025-03,74
C0056,2026-04,96
C0004,2026-04,80
C0274,2026-03,1
C0268,2026-05,2
C0210,2025-03,58
C0493,2026-06,108
C0398,2024-03,68
C0290,2026-06,54
C0564,2026-06,28
C0449,2026-06,4
C0609,2026-06,3
C0370,2026-06,13
C0225,2026-02,71
C0364,2026-08,28
C0555,2026-08,23
C0725,2026-08,14
C0566,2026-08,9
C0705,2025-01,4
C0371,2024-12,52
C0714,2026-02,40
C0385,2025-04,41
C0731,2026-05,2
C0674,2026-08,7
C0456,2026-08,1
C0539,2023-06,3
C0412,2024-03,36
C0407,2024-03,102
C0637,2024-01,2
C0475,2024-03,78
C0537,2024-03,199
C0008,2023-12,1
C0004,2024-11,53
C0217,2024-08,33
C0405,2024-04,70
C0463,2024-04,40
C0364,2024-04,34
C0072,2024-06,90
C0242,2024-09,5
C0555,2024-04,16
C0624,2024-04,8
C0725,2024-04,6
C0277,2024-03,59
C0278,2024-09,109
C0533,2024-03,17
C0141,2024-05,71
C0302,2025-02,49
C0417,2024-05,60
C0044,2024-05,34
C0104,2024-05,17
C0385,2024-08,40
C0633,2024-05,24
C0225,2024-03,64
C0063,2024-09,80
C0408,2024-09,55
C0709,2024-05,2
C0642,2024-06,15
C0003,2024-06,13
C0126,2024-10,96
C0056,2024-11,70
C0597,2024-06,5
C0199,2024-01,1
C0201,2024-12,46
C0624,2024-07,13
C0342,2024-12,53
C0566,2024-07,5
C0405,2024-07,51
C0364,2024-07,19
C0463,2024-07,41
C0674,2024-07,5
C0461,2024-11,104
C0725,2024-07,7
C0400,2024-10,51
C0257,2024-10,50
C0744,2024-10,47
C0248,2024-10,1
C0238,2024-09,20
C0580,2024-10,1
C0354,2024-09,63
C0280,2024-09,65
C0051,2024-09,7
C0162,2024-10,13
C0341,2024-10,81
C0080,2024-11,114
C0571,2024-10,1
C0715,2024-10,9
C0651,2024-10,20
C0444,2024-10,20
C0031,2024-08,36
C0474,2024-09,49
C0287,2024-10,19
C0035,2024-09,5
C0362,2025-03,99
C0008,2024-11,2
C0514,2025-01,15
C0042,2025-01,10
C0530,2025-04,83
C0336,2025-01,38
C0605,2025-01,13
C0512,2025-01,18
C0556,2025-09,99
C0245,2025-10,73
C0020,2025-02,38
C0007,2025-02,48
C0048,2025-02,54
C0591,2025-02,5
C0499,2025-02,2
C0461,2025-06,123
C0366,2025-03,61
C0183,2025-05,85
C0209,2025-05,39
C0017,2025-05,28
C0534,2025-05,30
C0304,2025-05,103
C0333,2025-05,23
C0558,2025-05,10
C0741,2026-06,6
C0667,2025-12,16
C0328,2025-09,103
C0002,2024-12,89
C0227,2025-09,29
C0509,2025-09,10
C0334,2025-09,55
C0312,2025-09,7
C0158,2025-08,83
C0415,2025-07,21
C0312,2025-10,5
C0466,2025-01,2
C0506,2024-08,10
C0396,2024-03,12
C0419,2026-02,71
C0046,2026-02,48
C0533,2026-02,40
C0193,2026-02,15
C0412,2026-02,61
C0396,2026-02,20
C0524,2026-02,5
C0461,2026-04,117
C0346,2025-10,89
C0080,2025-06,90
C0574,2026-02,3
C0008,2026-04,3
C0612,2026-04,3
C0448,2025-09,38
C0469,2024-11,23
C0585,2026-06,1
C0309,2025-03,4
C0006,2024-02,2
C0054,2026-04,1
C0469,2025-06,13
C0698,2025-06,3
C0527,2025-06,21
C0008,2025-06,4
C0612,2025-06,3
C0525,2025-07,7
C0600,2025-07,15
C0160,2025-07,5
C0556,2025-10,113
C0550,2025-10,11
C0050,2025-10,108
C0509,2025-10,11
C0518,2025-10,13
C0644,2025-10,8
C0086,2025-03,82
C0527,2024-11,22
C0642,2025-08,23
C0716,2025-10,4
C0346,2025-09,74
C0581,2025-09,4
C0682,2026-03,1
C0419,2024-03,50
C0046,2024-03,26
C0456,2024-04,2
C0566,2024-04,2
C0180,2024-08,3
C0299,2024-09,2
C0563,2024-08,2
C0332,2024-08,21
C0690,2024-10,1
C0045,2024-12,63
C0656,2024-12,8
C0294,2024-12,10
C0635,2024-12,3
C0488,2025-10,2
C0581,2025-10,5
C0518,2025-09,15
C0668,2026-01,1
C0272,2024-09,30
C0729,2024-09,2
C0735,2024-05,1
C0506,2025-04,11
C0217,2025-04,34
C0603,2024-12,27
C0416,2025-03,33
C0489,2025-03,3
C0022,2025-04,3
C0054,2025-06,1
C0646,2025-07,1
C0597,2025-08,6
C0090,2025-07,1
C0245,2025-09,67
C0570,2025-09,7
C0488,2025-09,3
C0644,2025-09,5
C0716,2025-09,2
C0563,2026-01,1
C0698,2026-04,1
C0496,2023-11,1
C0524,2024-03,7
C0193,2024-03,8
C0574,2024-03,5
C0022,2024-08,3
C0668,2024-08,1
C0612,2024-11,2
C0668,2025-04,1
C0180,2025-04,1
C0637,2025-08,2
C0003,2025-08,9
C0497,2024-05,1
C0199,2024-06,1
C0544,2024-07,1
C0054,2024-11,1
C0505,2024-11,2
C0053,2024-01,1
C0054,2022-02,1
C0644,2022-10,5
C0488,2022-10,1
C0518,2022-10,9
C0550,2022-10,1
C0638,2023-02,1
C0538,2023-09,1
C0581,2022-10,3
C0614,2023-02,1
C0190,2023-02,1
C0597,2023-10,1
C0628,2023-10,1
C0199,2023-10,1
