category_id,period,papers
F0001,2021Q3,122
F0001,2021Q4,141
F0001,2022Q1,201
F0001,2022Q2,158
F0001,2022Q3,128
F0001,2022Q4,142
F0001,2023Q1,200
F0001,2023Q2,141
F0001,2023Q3,143
F0001,2023Q4,151
F0001,2024Q1,269
F0001,2024Q2,215
F0001,2024Q3,237
F0001,2024Q4,235
F0001,2025Q1,360
F0001,2025Q2,230
F0001,2025Q3,254
F0001,2025Q4,273
F0001,2026Q1,552
F0001,2026Q2,389
F0002,2021Q3,45
F0002,2021Q4,43
F0002,2022Q1,56
F0002,2022Q2,44
F0002,2022Q3,42
F0002,2022Q4,44
F0002,2023Q1,62
F0002,2023Q2,42
F0002,2023Q3,54
F0002,2023Q4,40
F0002,2024Q1,60
F0002,2024Q2,37
F0002,2024Q3,29
F0002,2024Q4,47
F0002,2025Q1,85
F0002,2025Q2,41
F0002,2025Q3,62
F0002,2025Q4,118
F0002,2026Q1,182
F0002,2026Q2,114
F0003,2021Q3,192
F0003,2021Q4,228
F0003,2022Q1,254
F0003,2022Q2,191
F0003,2022Q3,185
F0003,2022Q4,209
F0003,2023Q1,285
F0003,2023Q2,197
F0003,2023Q3,165
F0003,2023Q4,192
F0003,2024Q1,280
F0003,2024Q2,164
F0003,2024Q3,147
F0003,2024Q4,137
F0003,2025Q1,201
F0003,2025Q2,116
F0003,2025Q3,141
F0003,2025Q4,180
F0003,2026Q1,251
F0003,2026Q2,146
F0004,2021Q3,54
F0004,2021Q4,76
F0004,2022Q1,88
F0004,2022Q2,54
F0004,2022Q3,66
F0004,2022Q4,71
F0004,2023Q1,91
F0004,2023Q2,62
F0004,2023Q3,55
F0004,2023Q4,82
F0004,2024Q1,115
F0004,2024Q2,75
F0004,2024Q3,74
F0004,2024Q4,97
F0004,2025Q1,142
F0004,2025Q2,96
F0004,2025Q3,97
F0004,2025Q4,85
F0004,2026Q1,125
F0004,2026Q2,83
F0005,2021Q3,17
F0005,2021Q4,33
F0005,2022Q1,43
F0005,2022Q2,22
F0005,2022Q3,27
F0005,2022Q4,29
F0005,2023Q1,24
F0005,2023Q2,20
F0005,2023Q3,24
F0005,2023Q4,19
F0005,2024Q1,58
F0005,2024Q2,24
F0005,2024Q3,18
F0005,2024Q4,40
F0005,2025Q1,60
F0005,2025Q2,31
F0005,2025Q3,27
F0005,2025Q4,33
F0005,2026Q1,61
F0005,2026Q2,43
F0006,2021Q3,26
F0006,2021Q4,29
F0006,2022Q1,51
F0006,2022Q2,15
F0006,2022Q3,19
F0006,2022Q4,23
F0006,2023Q1,40
F0006,2023Q2,23
F0006,2023Q3,28
F0006,2023Q4,29
F0006,2024Q1,46
F0006,2024Q2,31
F0006,2024Q3,19
F0006,2024Q4,38
F0006,2025Q1,61
F0006,2025Q2,42
F0006,2025Q3,35
F0006,2025Q4,37
F0006,2026Q1,66
F0006,2026Q2,49
F0007,2021Q3,138
F0007,2021Q4,165
F0007,2022Q1,248
F0007,2022Q2,157
F0007,2022Q3,183
F0007,2022Q4,200
F0007,2023Q1,285
F0007,2023Q2,220
F0007,2023Q3,200
F0007,2023Q4,211
F0007,2024Q1,280
F0007,2024Q2,189
F0007,2024Q3,148
F0007,2024Q4,156
F0007,2025Q1,256
F0007,2025Q2,174
F0007,2025Q3,174
F0007,2025Q4,269
F0007,2026Q1,360
F0007,2026Q2,225
F0008,2021Q3,139
F0008,2021Q4,132
F0008,2022Q1,162
F0008,2022Q2,116
F0008,2022Q3,129
F0008,2022Q4,114
F0008,2023Q1,182
F0008,2023Q2,110
F0008,2023Q3,137
F0008,2023Q4,142
F0008,2024Q1,167
F0008,2024Q2,108
F0008,2024Q3,143
F0008,2024Q4,136
F0008,2025Q1,154
F0008,2025Q2,131
F0008,2025Q3,89
F0008,2025Q4,88
F0008,2026Q1,113
F0008,2026Q2,86
F0009,2021Q3,112
F0009,2021Q4,129
F0009,2022Q1,181
F0009,2022Q2,132
F0009,2022Q3,129
F0009,2022Q4,120
F0009,2023Q1,222
F0009,2023Q2,143
F0009,2023Q3,120
F0009,2023Q4,130
F0009,2024Q1,175
F0009,2024Q2,103
F0009,2024Q3,81
F0009,2024Q4,73
F0009,2025Q1,149
F0009,2025Q2,63
F0009,2025Q3,94
F0009,2025Q4,198
F0009,2026Q1,302
F0009,2026Q2,195
F0010,2021Q3,21
F0010,2021Q4,20
F0010,2022Q1,42
F0010,2022Q2,26
F0010,2022Q3,22
F0010,2022Q4,15
F0010,2023Q1,35
F0010,2023Q2,13
F0010,2023Q3,14
F0010,2023Q4,20
F0010,2024Q1,71
F0010,2024Q2,38
F0010,2024Q3,56
F0010,2024Q4,64
F0010,2025Q1,99
F0010,2025Q2,62
F0010,2025Q3,43
F0010,2025Q4,40
F0010,2026Q1,85
F0010,2026Q2,66
F0011,2021Q3,55
F0011,2021Q4,59
F0011,2022Q1,83
F0011,2022Q2,58
F0011,2022Q3,59
F0011,2022Q4,69
F0011,2023Q1,86
F0011,2023Q2,46
F0011,2023Q3,58
F0011,2023Q4,67
F0011,2024Q1,110
F0011,2024Q2,69
F0011,2024Q3,91
F0011,2024Q4,87
F0011,2025Q1,125
F0011,2025Q2,110
F0011,2025Q3,85
F0011,2025Q4,40
F0011,2026Q1,62
F0011,2026Q2,34
F0012,2021Q3,29
F0012,2021Q4,29
F0012,2022Q1,42
F0012,2022Q2,26
F0012,2022Q3,44
F0012,2022Q4,30
F0012,2023Q1,44
F0012,2023Q2,22
F0012,2023Q3,27
F0012,2023Q4,30
F0012,2024Q1,67
F0012,2024Q2,39
F0012,2024Q3,21
F0012,2024Q4,48
F0012,2025Q1,54
F0012,2025Q2,33
F0012,2025Q3,18
F0012,2025Q4,5
F0012,2026Q1,6
F0012,2026Q2,5
F0013,2021Q3,141
F0013,2021Q4,123
F0013,2022Q1,163
F0013,2022Q2,110
F0013,2022Q3,117
F0013,2022Q4,128
F0013,2023Q1,188
F0013,2023Q2,122
F0013,2023Q3,100
F0013,2023Q4,127
F0013,2024Q1,284
F0013,2024Q2,206
F0013,2024Q3,202
F0013,2024Q4,243
F0013,2025Q1,366
F0013,2025Q2,272
F0013,2025Q3,248
F0013,2025Q4,309
F0013,2026Q1,489
F0013,2026Q2,369
F0014,2021Q3,193
F0014,2021Q4,183
F0014,2022Q1,207
F0014,2022Q2,169
F0014,2022Q3,181
F0014,2022Q4,173
F0014,2023Q1,212
F0014,2023Q2,220
F0014,2023Q3,212
F0014,2023Q4,201
F0014,2024Q1,195
F0014,2024Q2,136
F0014,2024Q3,89
F0014,2024Q4,54
F0014,2025Q1,111
F0014,2025Q2,68
F0014,2025Q3,121
F0014,2025Q4,288
F0014,2026Q1,376
F0014,2026Q2,186
F0015,2021Q3,34
F0015,2021Q4,39
F0015,2022Q1,56
F0015,2022Q2,34
F0015,2022Q3,30
F0015,2022Q4,32
F0015,2023Q1,52
F0015,2023Q2,33
F0015,2023Q3,36
F0015,2023Q4,35
F0015,2024Q1,106
F0015,2024Q2,57
F0015,2024Q3,72
F0015,2024Q4,92
F0015,2025Q1,124
F0015,2025Q2,83
F0015,2025Q3,66
F0015,2025Q4,5
F0015,2026Q1,5
F0015,2026Q2,8
F0016,2021Q3,120
F0016,2021Q4,116
F0016,2022Q1,168
F0016,2022Q2,126
F0016,2022Q3,146
F0016,2022Q4,127
F0016,2023Q1,249
F0016,2023Q2,142
F0016,2023Q3,135
F0016,2023Q4,186
F0016,2024Q1,324
F0016,2024Q2,207
F0016,2024Q3,241
F0016,2024Q4,243
F0016,2025Q1,364
F0016,2025Q2,246
F0016,2025Q3,205
F0016,2025Q4,253
F0016,2026Q1,398
F0016,2026Q2,358
F0017,2021Q3,33
F0017,2021Q4,41
F0017,2022Q1,74
F0017,2022Q2,42
F0017,2022Q3,40
F0017,2022Q4,54
F0017,2023Q1,71
F0017,2023Q2,48
F0017,2023Q3,46
F0017,2023Q4,41
F0017,2024Q1,60
F0017,2024Q2,38
F0017,2024Q3,39
F0017,2024Q4,38
F0017,2025Q1,90
F0017,2025Q2,41
F0017,2025Q3,54
F0017,2025Q4,124
F0017,2026Q1,180
F0017,2026Q2,159
F0018,2021Q3,55
F0018,2021Q4,75
F0018,2022Q1,75
F0018,2022Q2,59
F0018,2022Q3,78
F0018,2022Q4,62
F0018,2023Q1,92
F0018,2023Q2,57
F0018,2023Q3,56
F0018,2023Q4,61
F0018,2024Q1,158
F0018,2024Q2,95
F0018,2024Q3,110
F0018,2024Q4,113
F0018,2025Q1,155
F0018,2025Q2,111
F0018,2025Q3,85
F0018,2025Q4,69
F0018,2026Q1,116
F0018,2026Q2,108
F0019,2021Q3,490
F0019,2021Q4,474
F0019,2022Q1,536
F0019,2022Q2,425
F0019,2022Q3,451
F0019,2022Q4,521
F0019,2023Q1,641
F0019,2023Q2,474
F0019,2023Q3,465
F0019,2023Q4,527
F0019,2024Q1,733
F0019,2024Q2,514
F0019,2024Q3,467
F0019,2024Q4,547
F0019,2025Q1,799
F0019,2025Q2,548
F0019,2025Q3,552
F0019,2025Q4,612
F0019,2026Q1,834
F0019,2026Q2,588
F0020,2021Q3,65
F0020,2021Q4,74
F0020,2022Q1,85
F0020,2022Q2,77
F0020,2022Q3,67
F0020,2022Q4,69
F0020,2023Q1,85
F0020,2023Q2,73
F0020,2023Q3,69
F0020,2023Q4,71
F0020,2024Q1,112
F0020,2024Q2,98
F0020,2024Q3,64
F0020,2024Q4,70
F0020,2025Q1,94
F0020,2025Q2,86
F0020,2025Q3,50
F0020,2025Q4,54
F0020,2026Q1,81
F0020,2026Q2,55
F0021,2021Q3,52
F0021,2021Q4,73
F0021,2022Q1,105
F0021,2022Q2,48
F0021,2022Q3,67
F0021,2022Q4,65
F0021,2023Q1,116
F0021,2023Q2,59
F0021,2023Q3,65
F0021,2023Q4,72
F0021,2024Q1,195
F0021,2024Q2,139
F0021,2024Q3,140
F0021,2024Q4,168
F0021,2025Q1,312
F0021,2025Q2,196
F0021,2025Q3,151
F0021,2025Q4,156
F0021,2026Q1,271
F0021,2026Q2,200
F0022,2021Q3,144
F0022,2021Q4,136
F0022,2022Q1,219
F0022,2022Q2,142
F0022,2022Q3,117
F0022,2022Q4,119
F0022,2023Q1,202
F0022,2023Q2,136
F0022,2023Q3,112
F0022,2023Q4,173
F0022,2024Q1,724
F0022,2024Q2,342
F0022,2024Q3,299
F0022,2024Q4,409
F0022,2025Q1,741
F0022,2025Q2,395
F0022,2025Q3,291
F0022,2025Q4,11
F0022,2026Q1,5
F0022,2026Q2,20
F0023,2021Q3,79
F0023,2021Q4,80
F0023,2022Q1,114
F0023,2022Q2,76
F0023,2022Q3,75
F0023,2022Q4,61
F0023,2023Q1,85
F0023,2023Q2,80
F0023,2023Q3,88
F0023,2023Q4,90
F0023,2024Q1,154
F0023,2024Q2,110
F0023,2024Q3,107
F0023,2024Q4,145
F0023,2025Q1,178
F0023,2025Q2,134
F0023,2025Q3,108
F0023,2025Q4,77
F0023,2026Q1,145
F0023,2026Q2,85
F0024,2021Q3,242
F0024,2021Q4,224
F0024,2022Q1,279
F0024,2022Q2,236
F0024,2022Q3,228
F0024,2022Q4,210
F0024,2023Q1,287
F0024,2023Q2,233
F0024,2023Q3,200
F0024,2023Q4,216
F0024,2024Q1,369
F0024,2024Q2,259
F0024,2024Q3,259
F0024,2024Q4,270
F0024,2025Q1,321
F0024,2025Q2,273
F0024,2025Q3,254
F0024,2025Q4,131
F0024,2026Q1,112
F0024,2026Q2,96
F0025,2021Q3,112
F0025,2021Q4,121
F0025,2022Q1,184
F0025,2022Q2,104
F0025,2022Q3,100
F0025,2022Q4,130
F0025,2023Q1,171
F0025,2023Q2,117
F0025,2023Q3,99
F0025,2023Q4,113
F0025,2024Q1,365
F0025,2024Q2,229
F0025,2024Q3,234
F0025,2024Q4,287
F0025,2025Q1,492
F0025,2025Q2,281
F0025,2025Q3,278
F0025,2025Q4,222
F0025,2026Q1,448
F0025,2026Q2,292
F0026,2021Q3,165
F0026,2021Q4,213
F0026,2022Q1,247
F0026,2022Q2,206
F0026,2022Q3,212
F0026,2022Q4,206
F0026,2023Q1,257
F0026,2023Q2,212
F0026,2023Q3,193
F0026,2023Q4,181
F0026,2024Q1,158
F0026,2024Q2,124
F0026,2024Q3,97
F0026,2024Q4,106
F0026,2025Q1,168
F0026,2025Q2,84
F0026,2025Q3,101
F0026,2025Q4,232
F0026,2026Q1,321
F0026,2026Q2,217
F0027,2021Q3,135
F0027,2021Q4,124
F0027,2022Q1,165
F0027,2022Q2,91
F0027,2022Q3,127
F0027,2022Q4,127
F0027,2023Q1,178
F0027,2023Q2,141
F0027,2023Q3,137
F0027,2023Q4,138
F0027,2024Q1,150
F0027,2024Q2,103
F0027,2024Q3,94
F0027,2024Q4,90
F0027,2025Q1,160
F0027,2025Q2,81
F0027,2025Q3,97
F0027,2025Q4,213
F0027,2026Q1,312
F0027,2026Q2,165
F0028,2021Q3,27
F0028,2021Q4,49
F0028,2022Q1,65
F0028,2022Q2,54
F0028,2022Q3,39
F0028,2022Q4,52
F0028,2023Q1,56
F0028,2023Q2,51
F0028,2023Q3,52
F0028,2023Q4,58
F0028,2024Q1,42
F0028,2024Q2,35
F0028,2024Q3,31
F0028,2024Q4,22
F0028,2025Q1,54
F0028,2025Q2,29
F0028,2025Q3,29
F0028,2025Q4,101
F0028,2026Q1,170
F0028,2026Q2,134
F0029,2021Q3,591
F0029,2021Q4,630
F0029,2022Q1,762
F0029,2022Q2,664
F0029,2022Q3,638
F0029,2022Q4,688
F0029,2023Q1,849
F0029,2023Q2,726
F0029,2023Q3,719
F0029,2023Q4,783
F0029,2024Q1,629
F0029,2024Q2,388
F0029,2024Q3,254
F0029,2024Q4,195
F0029,2025Q1,332
F0029,2025Q2,223
F0029,2025Q3,429
F0029,2025Q4,1145
F0029,2026Q1,1288
F0029,2026Q2,681
F0030,2021Q3,67
F0030,2021Q4,71
F0030,2022Q1,99
F0030,2022Q2,47
F0030,2022Q3,62
F0030,2022Q4,70
F0030,2023Q1,86
F0030,2023Q2,64
F0030,2023Q3,59
F0030,2023Q4,63
F0030,2024Q1,145
F0030,2024Q2,68
F0030,2024Q3,55
F0030,2024Q4,81
F0030,2025Q1,115
F0030,2025Q2,75
F0030,2025Q3,40
F0030,2025Q4,10
F0030,2026Q1,25
F0030,2026Q2,14
F0031,2021Q3,136
F0031,2021Q4,149
F0031,2022Q1,194
F0031,2022Q2,128
F0031,2022Q3,143
F0031,2022Q4,150
F0031,2023Q1,202
F0031,2023Q2,154
F0031,2023Q3,160
F0031,2023Q4,158
F0031,2024Q1,229
F0031,2024Q2,126
F0031,2024Q3,121
F0031,2024Q4,121
F0031,2025Q1,166
F0031,2025Q2,133
F0031,2025Q3,136
F0031,2025Q4,185
F0031,2026Q1,262
F0031,2026Q2,229
F0032,2021Q3,58
F0032,2021Q4,37
F0032,2022Q1,78
F0032,2022Q2,41
F0032,2022Q3,49
F0032,2022Q4,38
F0032,2023Q1,78
F0032,2023Q2,54
F0032,2023Q3,42
F0032,2023Q4,54
F0032,2024Q1,156
F0032,2024Q2,73
F0032,2024Q3,87
F0032,2024Q4,71
F0032,2025Q1,165
F0032,2025Q2,96
F0032,2025Q3,102
F0032,2025Q4,128
F0032,2026Q1,218
F0032,2026Q2,134
F0033,2021Q3,70
F0033,2021Q4,70
F0033,2022Q1,100
F0033,2022Q2,75
F0033,2022Q3,61
F0033,2022Q4,70
F0033,2023Q1,100
F0033,2023Q2,77
F0033,2023Q3,61
F0033,2023Q4,66
F0033,2024Q1,89
F0033,2024Q2,58
F0033,2024Q3,43
F0033,2024Q4,58
F0033,2025Q1,85
F0033,2025Q2,51
F0033,2025Q3,49
F0033,2025Q4,111
F0033,2026Q1,185
F0033,2026Q2,157
F0034,2021Q3,44
F0034,2021Q4,35
F0034,2022Q1,77
F0034,2022Q2,34
F0034,2022Q3,45
F0034,2022Q4,38
F0034,2023Q1,61
F0034,2023Q2,36
F0034,2023Q3,37
F0034,2023Q4,46
F0034,2024Q1,113
F0034,2024Q2,71
F0034,2024Q3,85
F0034,2024Q4,97
F0034,2025Q1,128
F0034,2025Q2,90
F0034,2025Q3,86
F0034,2025Q4,76
F0034,2026Q1,121
F0034,2026Q2,72
F0035,2021Q3,233
F0035,2021Q4,199
F0035,2022Q1,282
F0035,2022Q2,218
F0035,2022Q3,205
F0035,2022Q4,227
F0035,2023Q1,328
F0035,2023Q2,220
F0035,2023Q3,235
F0035,2023Q4,247
F0035,2024Q1,312
F0035,2024Q2,216
F0035,2024Q3,194
F0035,2024Q4,213
F0035,2025Q1,247
F0035,2025Q2,199
F0035,2025Q3,145
F0035,2025Q4,37
F0035,2026Q1,52
F0035,2026Q2,47
F0036,2021Q3,89
F0036,2021Q4,121
F0036,2022Q1,159
F0036,2022Q2,106
F0036,2022Q3,127
F0036,2022Q4,125
F0036,2023Q1,197
F0036,2023Q2,142
F0036,2023Q3,142
F0036,2023Q4,172
F0036,2024Q1,285
F0036,2024Q2,196
F0036,2024Q3,236
F0036,2024Q4,235
F0036,2025Q1,395
F0036,2025Q2,267
F0036,2025Q3,246
F0036,2025Q4,301
F0036,2026Q1,476
F0036,2026Q2,334
F0037,2021Q3,124
F0037,2021Q4,120
F0037,2022Q1,197
F0037,2022Q2,124
F0037,2022Q3,109
F0037,2022Q4,131
F0037,2023Q1,201
F0037,2023Q2,127
F0037,2023Q3,116
F0037,2023Q4,140
F0037,2024Q1,400
F0037,2024Q2,234
F0037,2024Q3,205
F0037,2024Q4,270
F0037,2025Q1,492
F0037,2025Q2,292
F0037,2025Q3,195
F0037,2025Q4,12
F0037,2026Q1,40
F0037,2026Q2,24
F0038,2021Q3,159
F0038,2021Q4,164
F0038,2022Q1,258
F0038,2022Q2,158
F0038,2022Q3,125
F0038,2022Q4,193
F0038,2023Q1,259
F0038,2023Q2,147
F0038,2023Q3,134
F0038,2023Q4,145
F0038,2024Q1,260
F0038,2024Q2,163
F0038,2024Q3,155
F0038,2024Q4,187
F0038,2025Q1,284
F0038,2025Q2,180
F0038,2025Q3,150
F0038,2025Q4,138
F0038,2026Q1,225
F0038,2026Q2,148
F0039,2021Q3,161
F0039,2021Q4,196
F0039,2022Q1,274
F0039,2022Q2,163
F0039,2022Q3,178
F0039,2022Q4,182
F0039,2023Q1,240
F0039,2023Q2,165
F0039,2023Q3,155
F0039,2023Q4,175
F0039,2024Q1,256
F0039,2024Q2,163
F0039,2024Q3,140
F0039,2024Q4,161
F0039,2025Q1,213
F0039,2025Q2,130
F0039,2025Q3,106
F0039,2025Q4,182
F0039,2026Q1,222
F0039,2026Q2,123
F0040,2021Q3,122
F0040,2021Q4,130
F0040,2022Q1,162
F0040,2022Q2,121
F0040,2022Q3,154
F0040,2022Q4,152
F0040,2023Q1,183
F0040,2023Q2,148
F0040,2023Q3,127
F0040,2023Q4,120
F0040,2024Q1,206
F0040,2024Q2,119
F0040,2024Q3,114
F0040,2024Q4,99
F0040,2025Q1,282
F0040,2025Q2,130
F0040,2025Q3,150
F0040,2025Q4,328
F0040,2026Q1,681
F0040,2026Q2,326
F0041,2021Q3,32
F0041,2021Q4,35
F0041,2022Q1,46
F0041,2022Q2,41
F0041,2022Q3,25
F0041,2022Q4,50
F0041,2023Q1,47
F0041,2023Q2,36
F0041,2023Q3,39
F0041,2023Q4,34
F0041,2024Q1,80
F0041,2024Q2,65
F0041,2024Q3,77
F0041,2024Q4,71
F0041,2025Q1,156
F0041,2025Q2,65
F0041,2025Q3,85
F0041,2025Q4,155
F0041,2026Q1,341
F0041,2026Q2,233
F0042,2021Q3,137
F0042,2021Q4,134
F0042,2022Q1,177
F0042,2022Q2,111
F0042,2022Q3,120
F0042,2022Q4,115
F0042,2023Q1,172
F0042,2023Q2,146
F0042,2023Q3,126
F0042,2023Q4,122
F0042,2024Q1,235
F0042,2024Q2,158
F0042,2024Q3,148
F0042,2024Q4,173
F0042,2025Q1,251
F0042,2025Q2,209
F0042,2025Q3,158
F0042,2025Q4,186
F0042,2026Q1,260
F0042,2026Q2,213
F0043,2021Q3,112
F0043,2021Q4,104
F0043,2022Q1,142
F0043,2022Q2,119
F0043,2022Q3,112
F0043,2022Q4,127
F0043,2023Q1,169
F0043,2023Q2,119
F0043,2023Q3,111
F0043,2023Q4,129
F0043,2024Q1,171
F0043,2024Q2,89
F0043,2024Q3,70
F0043,2024Q4,83
F0043,2025Q1,222
F0043,2025Q2,68
F0043,2025Q3,140
F0043,2025Q4,376
F0043,2026Q1,477
F0043,2026Q2,300
F0044,2021Q3,65
F0044,2021Q4,84
F0044,2022Q1,102
F0044,2022Q2,90
F0044,2022Q3,81
F0044,2022Q4,84
F0044,2023Q1,158
F0044,2023Q2,97
F0044,2023Q3,88
F0044,2023Q4,126
F0044,2024Q1,192
F0044,2024Q2,147
F0044,2024Q3,134
F0044,2024Q4,144
F0044,2025Q1,262
F0044,2025Q2,212
F0044,2025Q3,220
F0044,2025Q4,264
F0044,2026Q1,364
F0044,2026Q2,319
F0045,2021Q3,119
F0045,2021Q4,161
F0045,2022Q1,230
F0045,2022Q2,183
F0045,2022Q3,239
F0045,2022Q4,213
F0045,2023Q1,273
F0045,2023Q2,211
F0045,2023Q3,208
F0045,2023Q4,220
F0045,2024Q1,439
F0045,2024Q2,310
F0045,2024Q3,348
F0045,2024Q4,400
F0045,2025Q1,577
F0045,2025Q2,389
F0045,2025Q3,332
F0045,2025Q4,162
F0045,2026Q1,264
F0045,2026Q2,223
F0046,2021Q3,224
F0046,2021Q4,203
F0046,2022Q1,281
F0046,2022Q2,228
F0046,2022Q3,215
F0046,2022Q4,211
F0046,2023Q1,311
F0046,2023Q2,234
F0046,2023Q3,244
F0046,2023Q4,244
F0046,2024Q1,343
F0046,2024Q2,245
F0046,2024Q3,221
F0046,2024Q4,253
F0046,2025Q1,423
F0046,2025Q2,244
F0046,2025Q3,261
F0046,2025Q4,376
F0046,2026Q1,457
F0046,2026Q2,428
F0047,2021Q3,68
F0047,2021Q4,85
F0047,2022Q1,120
F0047,2022Q2,79
F0047,2022Q3,103
F0047,2022Q4,102
F0047,2023Q1,125
F0047,2023Q2,111
F0047,2023Q3,102
F0047,2023Q4,116
F0047,2024Q1,195
F0047,2024Q2,113
F0047,2024Q3,111
F0047,2024Q4,106
F0047,2025Q1,169
F0047,2025Q2,77
F0047,2025Q3,117
F0047,2025Q4,98
F0047,2026Q1,105
F0047,2026Q2,88
F0048,2021Q3,72
F0048,2021Q4,94
F0048,2022Q1,78
F0048,2022Q2,58
F0048,2022Q3,77
F0048,2022Q4,58
F0048,2023Q1,97
F0048,2023Q2,66
F0048,2023Q3,53
F0048,2023Q4,59
F0048,2024Q1,74
F0048,2024Q2,58
F0048,2024Q3,76
F0048,2024Q4,50
F0048,2025Q1,87
F0048,2025Q2,56
F0048,2025Q3,62
F0048,2025Q4,86
F0048,2026Q1,140
F0048,2026Q2,87
F0049,2021Q3,134
F0049,2021Q4,174
F0049,2022Q1,223
F0049,2022Q2,170
F0049,2022Q3,181
F0049,2022Q4,194
F0049,2023Q1,239
F0049,2023Q2,185
F0049,2023Q3,187
F0049,2023Q4,176
F0049,2024Q1,185
F0049,2024Q2,131
F0049,2024Q3,103
F0049,2024Q4,120
F0049,2025Q1,203
F0049,2025Q2,67
F0049,2025Q3,107
F0049,2025Q4,262
F0049,2026Q1,342
F0049,2026Q2,214
F0050,2021Q3,77
F0050,2021Q4,77
F0050,2022Q1,118
F0050,2022Q2,84
F0050,2022Q3,76
F0050,2022Q4,87
F0050,2023Q1,141
F0050,2023Q2,79
F0050,2023Q3,76
F0050,2023Q4,85
F0050,2024Q1,136
F0050,2024Q2,89
F0050,2024Q3,77
F0050,2024Q4,94
F0050,2025Q1,131
F0050,2025Q2,86
F0050,2025Q3,76
F0050,2025Q4,111
F0050,2026Q1,179
F0050,2026Q2,109
F0051,2021Q3,62
F0051,2021Q4,52
F0051,2022Q1,94
F0051,2022Q2,55
F0051,2022Q3,74
F0051,2022Q4,56
F0051,2023Q1,94
F0051,2023Q2,48
F0051,2023Q3,42
F0051,2023Q4,53
F0051,2024Q1,110
F0051,2024Q2,79
F0051,2024Q3,82
F0051,2024Q4,73
F0051,2025Q1,128
F0051,2025Q2,71
F0051,2025Q3,53
F0051,2025Q4,99
F0051,2026Q1,187
F0051,2026Q2,111
F0052,2021Q3,60
F0052,2021Q4,73
F0052,2022Q1,76
F0052,2022Q2,54
F0052,2022Q3,68
F0052,2022Q4,76
F0052,2023Q1,81
F0052,2023Q2,66
F0052,2023Q3,65
F0052,2023Q4,84
F0052,2024Q1,129
F0052,2024Q2,60
F0052,2024Q3,83
F0052,2024Q4,97
F0052,2025Q1,125
F0052,2025Q2,84
F0052,2025Q3,83
F0052,2025Q4,102
F0052,2026Q1,213
F0052,2026Q2,129
F0053,2021Q3,99
F0053,2021Q4,83
F0053,2022Q1,111
F0053,2022Q2,66
F0053,2022Q3,83
F0053,2022Q4,81
F0053,2023Q1,122
F0053,2023Q2,79
F0053,2023Q3,88
F0053,2023Q4,66
F0053,2024Q1,124
F0053,2024Q2,77
F0053,2024Q3,71
F0053,2024Q4,59
F0053,2025Q1,118
F0053,2025Q2,62
F0053,2025Q3,62
F0053,2025Q4,75
F0053,2026Q1,124
F0053,2026Q2,71
F0054,2021Q3,98
F0054,2021Q4,109
F0054,2022Q1,203
F0054,2022Q2,123
F0054,2022Q3,123
F0054,2022Q4,117
F0054,2023Q1,191
F0054,2023Q2,142
F0054,2023Q3,131
F0054,2023Q4,139
F0054,2024Q1,259
F0054,2024Q2,172
F0054,2024Q3,196
F0054,2024Q4,199
F0054,2025Q1,254
F0054,2025Q2,185
F0054,2025Q3,116
F0054,2025Q4,7
F0054,2026Q1,4
F0054,2026Q2,8
F0055,2021Q3,40
F0055,2021Q4,38
F0055,2022Q1,49
F0055,2022Q2,36
F0055,2022Q3,31
F0055,2022Q4,44
F0055,2023Q1,55
F0055,2023Q2,32
F0055,2023Q3,48
F0055,2023Q4,68
F0055,2024Q1,126
F0055,2024Q2,78
F0055,2024Q3,73
F0055,2024Q4,105
F0055,2025Q1,155
F0055,2025Q2,101
F0055,2025Q3,64
F0055,2025Q4,5
F0055,2026Q1,5
F0055,2026Q2,4
F0056,2021Q3,206
F0056,2021Q4,212
F0056,2022Q1,289
F0056,2022Q2,221
F0056,2022Q3,220
F0056,2022Q4,194
F0056,2023Q1,350
F0056,2023Q2,249
F0056,2023Q3,239
F0056,2023Q4,229
F0056,2024Q1,335
F0056,2024Q2,210
F0056,2024Q3,235
F0056,2024Q4,233
F0056,2025Q1,368
F0056,2025Q2,266
F0056,2025Q3,268
F0056,2025Q4,314
F0056,2026Q1,718
F0056,2026Q2,351
F0057,2021Q3,105
F0057,2021Q4,84
F0057,2022Q1,156
F0057,2022Q2,102
F0057,2022Q3,109
F0057,2022Q4,103
F0057,2023Q1,178
F0057,2023Q2,113
F0057,2023Q3,107
F0057,2023Q4,125
F0057,2024Q1,255
F0057,2024Q2,152
F0057,2024Q3,172
F0057,2024Q4,182
F0057,2025Q1,314
F0057,2025Q2,228
F0057,2025Q3,217
F0057,2025Q4,238
F0057,2026Q1,340
F0057,2026Q2,259
F0058,2021Q3,37
F0058,2021Q4,27
F0058,2022Q1,43
F0058,2022Q2,22
F0058,2022Q3,38
F0058,2022Q4,38
F0058,2023Q1,44
F0058,2023Q2,44
F0058,2023Q3,23
F0058,2023Q4,34
F0058,2024Q1,43
F0058,2024Q2,26
F0058,2024Q3,25
F0058,2024Q4,28
F0058,2025Q1,69
F0058,2025Q2,34
F0058,2025Q3,33
F0058,2025Q4,67
F0058,2026Q1,111
F0058,2026Q2,90
F0059,2021Q3,250
F0059,2021Q4,258
F0059,2022Q1,421
F0059,2022Q2,266
F0059,2022Q3,268
F0059,2022Q4,273
F0059,2023Q1,430
F0059,2023Q2,257
F0059,2023Q3,252
F0059,2023Q4,299
F0059,2024Q1,468
F0059,2024Q2,287
F0059,2024Q3,317
F0059,2024Q4,314
F0059,2025Q1,464
F0059,2025Q2,342
F0059,2025Q3,301
F0059,2025Q4,270
F0059,2026Q1,340
F0059,2026Q2,208
F0060,2021Q3,71
F0060,2021Q4,60
F0060,2022Q1,66
F0060,2022Q2,56
F0060,2022Q3,46
F0060,2022Q4,65
F0060,2023Q1,100
F0060,2023Q2,78
F0060,2023Q3,74
F0060,2023Q4,74
F0060,2024Q1,69
F0060,2024Q2,40
F0060,2024Q3,36
F0060,2024Q4,46
F0060,2025Q1,81
F0060,2025Q2,30
F0060,2025Q3,53
F0060,2025Q4,146
F0060,2026Q1,221
F0060,2026Q2,111
F0061,2021Q3,26
F0061,2021Q4,41
F0061,2022Q1,50
F0061,2022Q2,36
F0061,2022Q3,31
F0061,2022Q4,47
F0061,2023Q1,46
F0061,2023Q2,37
F0061,2023Q3,37
F0061,2023Q4,30
F0061,2024Q1,52
F0061,2024Q2,29
F0061,2024Q3,37
F0061,2024Q4,49
F0061,2025Q1,60
F0061,2025Q2,47
F0061,2025Q3,61
F0061,2025Q4,84
F0061,2026Q1,143
F0061,2026Q2,103
F0062,2021Q3,24
F0062,2021Q4,34
F0062,2022Q1,41
F0062,2022Q2,42
F0062,2022Q3,28
F0062,2022Q4,25
F0062,2023Q1,44
F0062,2023Q2,28
F0062,2023Q3,28
F0062,2023Q4,25
F0062,2024Q1,87
F0062,2024Q2,65
F0062,2024Q3,67
F0062,2024Q4,79
F0062,2025Q1,126
F0062,2025Q2,88
F0062,2025Q3,59
F0062,2025Q4,7
F0062,2026Q1,7
F0062,2026Q2,3
F0063,2021Q3,140
F0063,2021Q4,102
F0063,2022Q1,189
F0063,2022Q2,94
F0063,2022Q3,117
F0063,2022Q4,142
F0063,2023Q1,248
F0063,2023Q2,122
F0063,2023Q3,130
F0063,2023Q4,161
F0063,2024Q1,439
F0063,2024Q2,298
F0063,2024Q3,365
F0063,2024Q4,417
F0063,2025Q1,600
F0063,2025Q2,407
F0063,2025Q3,349
F0063,2025Q4,3
F0063,2026Q1,0
F0063,2026Q2,2
F0064,2021Q3,118
F0064,2021Q4,122
F0064,2022Q1,177
F0064,2022Q2,142
F0064,2022Q3,129
F0064,2022Q4,145
F0064,2023Q1,180
F0064,2023Q2,161
F0064,2023Q3,158
F0064,2023Q4,170
F0064,2024Q1,227
F0064,2024Q2,116
F0064,2024Q3,115
F0064,2024Q4,111
F0064,2025Q1,274
F0064,2025Q2,106
F0064,2025Q3,114
F0064,2025Q4,228
F0064,2026Q1,461
F0064,2026Q2,185
F0065,2021Q3,74
F0065,2021Q4,72
F0065,2022Q1,103
F0065,2022Q2,80
F0065,2022Q3,68
F0065,2022Q4,102
F0065,2023Q1,115
F0065,2023Q2,80
F0065,2023Q3,81
F0065,2023Q4,90
F0065,2024Q1,177
F0065,2024Q2,117
F0065,2024Q3,147
F0065,2024Q4,148
F0065,2025Q1,201
F0065,2025Q2,155
F0065,2025Q3,158
F0065,2025Q4,75
F0065,2026Q1,120
F0065,2026Q2,104
F0066,2021Q3,29
F0066,2021Q4,22
F0066,2022Q1,48
F0066,2022Q2,32
F0066,2022Q3,30
F0066,2022Q4,34
F0066,2023Q1,43
F0066,2023Q2,30
F0066,2023Q3,27
F0066,2023Q4,36
F0066,2024Q1,59
F0066,2024Q2,38
F0066,2024Q3,45
F0066,2024Q4,43
F0066,2025Q1,77
F0066,2025Q2,56
F0066,2025Q3,59
F0066,2025Q4,17
F0066,2026Q1,38
F0066,2026Q2,24
F0067,2021Q3,125
F0067,2021Q4,128
F0067,2022Q1,212
F0067,2022Q2,156
F0067,2022Q3,148
F0067,2022Q4,178
F0067,2023Q1,310
F0067,2023Q2,180
F0067,2023Q3,197
F0067,2023Q4,232
F0067,2024Q1,479
F0067,2024Q2,253
F0067,2024Q3,246
F0067,2024Q4,281
F0067,2025Q1,595
F0067,2025Q2,367
F0067,2025Q3,358
F0067,2025Q4,483
F0067,2026Q1,892
F0067,2026Q2,540
F0068,2021Q3,44
F0068,2021Q4,35
F0068,2022Q1,57
F0068,2022Q2,33
F0068,2022Q3,43
F0068,2022Q4,33
F0068,2023Q1,66
F0068,2023Q2,30
F0068,2023Q3,37
F0068,2023Q4,41
F0068,2024Q1,65
F0068,2024Q2,38
F0068,2024Q3,32
F0068,2024Q4,31
F0068,2025Q1,59
F0068,2025Q2,27
F0068,2025Q3,23
F0068,2025Q4,36
F0068,2026Q1,77
F0068,2026Q2,35
F0069,2021Q3,215
F0069,2021Q4,209
F0069,2022Q1,262
F0069,2022Q2,199
F0069,2022Q3,225
F0069,2022Q4,234
F0069,2023Q1,280
F0069,2023Q2,219
F0069,2023Q3,208
F0069,2023Q4,229
F0069,2024Q1,378
F0069,2024Q2,238
F0069,2024Q3,258
F0069,2024Q4,279
F0069,2025Q1,358
F0069,2025Q2,243
F0069,2025Q3,208
F0069,2025Q4,58
F0069,2026Q1,104
F0069,2026Q2,95
F0070,2021Q3,35
F0070,2021Q4,33
F0070,2022Q1,38
F0070,2022Q2,36
F0070,2022Q3,51
F0070,2022Q4,51
F0070,2023Q1,52
F0070,2023Q2,41
F0070,2023Q3,30
F0070,2023Q4,36
F0070,2024Q1,131
F0070,2024Q2,92
F0070,2024Q3,134
F0070,2024Q4,134
F0070,2025Q1,192
F0070,2025Q2,126
F0070,2025Q3,82
F0070,2025Q4,3
F0070,2026Q1,6
F0070,2026Q2,3
F0071,2021Q3,54
F0071,2021Q4,58
F0071,2022Q1,78
F0071,2022Q2,69
F0071,2022Q3,53
F0071,2022Q4,62
F0071,2023Q1,77
F0071,2023Q2,64
F0071,2023Q3,50
F0071,2023Q4,51
F0071,2024Q1,73
F0071,2024Q2,55
F0071,2024Q3,36
F0071,2024Q4,32
F0071,2025Q1,74
F0071,2025Q2,27
F0071,2025Q3,48
F0071,2025Q4,195
F0071,2026Q1,230
F0071,2026Q2,135
F0072,2021Q3,107
F0072,2021Q4,127
F0072,2022Q1,148
F0072,2022Q2,115
F0072,2022Q3,157
F0072,2022Q4,146
F0072,2023Q1,157
F0072,2023Q2,116
F0072,2023Q3,132
F0072,2023Q4,139
F0072,2024Q1,364
F0072,2024Q2,260
F0072,2024Q3,305
F0072,2024Q4,328
F0072,2025Q1,530
F0072,2025Q2,383
F0072,2025Q3,271
F0072,2025Q4,196
F0072,2026Q1,307
F0072,2026Q2,333
F0073,2021Q3,80
F0073,2021Q4,63
F0073,2022Q1,196
F0073,2022Q2,72
F0073,2022Q3,75
F0073,2022Q4,75
F0073,2023Q1,518
F0073,2023Q2,70
F0073,2023Q3,83
F0073,2023Q4,83
F0073,2024Q1,217
F0073,2024Q2,179
F0073,2024Q3,165
F0073,2024Q4,168
F0073,2025Q1,509
F0073,2025Q2,210
F0073,2025Q3,290
F0073,2025Q4,520
F0073,2026Q1,1209
F0073,2026Q2,708
F0074,2021Q3,103
F0074,2021Q4,72
F0074,2022Q1,137
F0074,2022Q2,76
F0074,2022Q3,89
F0074,2022Q4,81
F0074,2023Q1,122
F0074,2023Q2,82
F0074,2023Q3,96
F0074,2023Q4,90
F0074,2024Q1,387
F0074,2024Q2,246
F0074,2024Q3,297
F0074,2024Q4,348
F0074,2025Q1,546
F0074,2025Q2,324
F0074,2025Q3,320
F0074,2025Q4,196
F0074,2026Q1,406
F0074,2026Q2,310
F0075,2021Q3,174
F0075,2021Q4,169
F0075,2022Q1,220
F0075,2022Q2,170
F0075,2022Q3,206
F0075,2022Q4,224
F0075,2023Q1,224
F0075,2023Q2,203
F0075,2023Q3,190
F0075,2023Q4,218
F0075,2024Q1,280
F0075,2024Q2,172
F0075,2024Q3,163
F0075,2024Q4,167
F0075,2025Q1,221
F0075,2025Q2,142
F0075,2025Q3,171
F0075,2025Q4,286
F0075,2026Q1,418
F0075,2026Q2,246
F0076,2021Q3,92
F0076,2021Q4,86
F0076,2022Q1,152
F0076,2022Q2,90
F0076,2022Q3,97
F0076,2022Q4,114
F0076,2023Q1,147
F0076,2023Q2,94
F0076,2023Q3,85
F0076,2023Q4,92
F0076,2024Q1,201
F0076,2024Q2,97
F0076,2024Q3,112
F0076,2024Q4,102
F0076,2025Q1,205
F0076,2025Q2,132
F0076,2025Q3,132
F0076,2025Q4,198
F0076,2026Q1,361
F0076,2026Q2,246
F0077,2021Q3,428
F0077,2021Q4,402
F0077,2022Q1,471
F0077,2022Q2,381
F0077,2022Q3,441
F0077,2022Q4,449
F0077,2023Q1,544
F0077,2023Q2,470
F0077,2023Q3,487
F0077,2023Q4,485
F0077,2024Q1,615
F0077,2024Q2,385
F0077,2024Q3,366
F0077,2024Q4,341
F0077,2025Q1,537
F0077,2025Q2,337
F0077,2025Q3,419
F0077,2025Q4,737
F0077,2026Q1,1037
F0077,2026Q2,668
F0078,2021Q3,121
F0078,2021Q4,131
F0078,2022Q1,139
F0078,2022Q2,108
F0078,2022Q3,156
F0078,2022Q4,159
F0078,2023Q1,185
F0078,2023Q2,177
F0078,2023Q3,152
F0078,2023Q4,209
F0078,2024Q1,293
F0078,2024Q2,212
F0078,2024Q3,249
F0078,2024Q4,287
F0078,2025Q1,403
F0078,2025Q2,279
F0078,2025Q3,306
F0078,2025Q4,332
F0078,2026Q1,447
F0078,2026Q2,297
F0079,2021Q3,40
F0079,2021Q4,39
F0079,2022Q1,47
F0079,2022Q2,38
F0079,2022Q3,31
F0079,2022Q4,42
F0079,2023Q1,49
F0079,2023Q2,27
F0079,2023Q3,27
F0079,2023Q4,29
F0079,2024Q1,92
F0079,2024Q2,59
F0079,2024Q3,76
F0079,2024Q4,103
F0079,2025Q1,113
F0079,2025Q2,79
F0079,2025Q3,54
F0079,2025Q4,23
F0079,2026Q1,52
F0079,2026Q2,29
F0080,2021Q3,94
F0080,2021Q4,92
F0080,2022Q1,126
F0080,2022Q2,120
F0080,2022Q3,95
F0080,2022Q4,127
F0080,2023Q1,165
F0080,2023Q2,110
F0080,2023Q3,135
F0080,2023Q4,156
F0080,2024Q1,188
F0080,2024Q2,148
F0080,2024Q3,135
F0080,2024Q4,130
F0080,2025Q1,207
F0080,2025Q2,131
F0080,2025Q3,141
F0080,2025Q4,196
F0080,2026Q1,288
F0080,2026Q2,138
F0081,2021Q3,68
F0081,2021Q4,71
F0081,2022Q1,107
F0081,2022Q2,66
F0081,2022Q3,58
F0081,2022Q4,98
F0081,2023Q1,130
F0081,2023Q2,79
F0081,2023Q3,80
F0081,2023Q4,102
F0081,2024Q1,137
F0081,2024Q2,114
F0081,2024Q3,104
F0081,2024Q4,80
F0081,2025Q1,183
F0081,2025Q2,89
F0081,2025Q3,112
F0081,2025Q4,170
F0081,2026Q1,308
F0081,2026Q2,164
F0082,2021Q3,27
F0082,2021Q4,29
F0082,2022Q1,29
F0082,2022Q2,22
F0082,2022Q3,26
F0082,2022Q4,24
F0082,2023Q1,40
F0082,2023Q2,26
F0082,2023Q3,19
F0082,2023Q4,38
F0082,2024Q1,73
F0082,2024Q2,42
F0082,2024Q3,87
F0082,2024Q4,72
F0082,2025Q1,95
F0082,2025Q2,56
F0082,2025Q3,51
F0082,2025Q4,8
F0082,2026Q1,15
F0082,2026Q2,17
F0083,2021Q3,16
F0083,2021Q4,24
F0083,2022Q1,49
F0083,2022Q2,27
F0083,2022Q3,38
F0083,2022Q4,30
F0083,2023Q1,49
F0083,2023Q2,14
F0083,2023Q3,23
F0083,2023Q4,30
F0083,2024Q1,155
F0083,2024Q2,136
F0083,2024Q3,134
F0083,2024Q4,182
F0083,2025Q1,259
F0083,2025Q2,184
F0083,2025Q3,142
F0083,2025Q4,11
F0083,2026Q1,43
F0083,2026Q2,32
F0084,2021Q3,159
F0084,2021Q4,175
F0084,2022Q1,271
F0084,2022Q2,173
F0084,2022Q3,177
F0084,2022Q4,212
F0084,2023Q1,243
F0084,2023Q2,164
F0084,2023Q3,200
F0084,2023Q4,181
F0084,2024Q1,337
F0084,2024Q2,252
F0084,2024Q3,220
F0084,2024Q4,244
F0084,2025Q1,388
F0084,2025Q2,228
F0084,2025Q3,243
F0084,2025Q4,398
F0084,2026Q1,568
F0084,2026Q2,346
F0085,2021Q3,121
F0085,2021Q4,128
F0085,2022Q1,160
F0085,2022Q2,130
F0085,2022Q3,124
F0085,2022Q4,108
F0085,2023Q1,156
F0085,2023Q2,116
F0085,2023Q3,129
F0085,2023Q4,113
F0085,2024Q1,196
F0085,2024Q2,88
F0085,2024Q3,101
F0085,2024Q4,117
F0085,2025Q1,229
F0085,2025Q2,114
F0085,2025Q3,135
F0085,2025Q4,226
F0085,2026Q1,467
F0085,2026Q2,265
F0086,2021Q3,3
F0086,2021Q4,3
F0086,2022Q1,0
F0086,2022Q2,3
F0086,2022Q3,4
F0086,2022Q4,0
F0086,2023Q1,6
F0086,2023Q2,4
F0086,2023Q3,4
F0086,2023Q4,4
F0086,2024Q1,6
F0086,2024Q2,3
F0086,2024Q3,2
F0086,2024Q4,3
F0086,2025Q1,13
F0086,2025Q2,6
F0086,2025Q3,11
F0086,2025Q4,17
F0086,2026Q1,57
F0086,2026Q2,50
F0087,2021Q3,497
F0087,2021Q4,500
F0087,2022Q1,650
F0087,2022Q2,440
F0087,2022Q3,446
F0087,2022Q4,503
F0087,2023Q1,681
F0087,2023Q2,502
F0087,2023Q3,478
F0087,2023Q4,556
F0087,2024Q1,771
F0087,2024Q2,474
F0087,2024Q3,464
F0087,2024Q4,439
F0087,2025Q1,773
F0087,2025Q2,461
F0087,2025Q3,538
F0087,2025Q4,714
F0087,2026Q1,1006
F0087,2026Q2,704
F0088,2021Q3,119
F0088,2021Q4,134
F0088,2022Q1,197
F0088,2022Q2,131
F0088,2022Q3,124
F0088,2022Q4,139
F0088,2023Q1,214
F0088,2023Q2,161
F0088,2023Q3,123
F0088,2023Q4,130
F0088,2024Q1,161
F0088,2024Q2,110
F0088,2024Q3,109
F0088,2024Q4,79
F0088,2025Q1,132
F0088,2025Q2,81
F0088,2025Q3,80
F0088,2025Q4,121
F0088,2026Q1,156
F0088,2026Q2,127
F0089,2021Q3,46
F0089,2021Q4,37
F0089,2022Q1,65
F0089,2022Q2,50
F0089,2022Q3,56
F0089,2022Q4,64
F0089,2023Q1,96
F0089,2023Q2,63
F0089,2023Q3,47
F0089,2023Q4,58
F0089,2024Q1,150
F0089,2024Q2,114
F0089,2024Q3,133
F0089,2024Q4,124
F0089,2025Q1,215
F0089,2025Q2,160
F0089,2025Q3,110
F0089,2025Q4,132
F0089,2026Q1,194
F0089,2026Q2,121
F0090,2021Q3,51
F0090,2021Q4,46
F0090,2022Q1,46
F0090,2022Q2,47
F0090,2022Q3,32
F0090,2022Q4,31
F0090,2023Q1,55
F0090,2023Q2,39
F0090,2023Q3,32
F0090,2023Q4,51
F0090,2024Q1,134
F0090,2024Q2,75
F0090,2024Q3,82
F0090,2024Q4,96
F0090,2025Q1,128
F0090,2025Q2,86
F0090,2025Q3,74
F0090,2025Q4,37
F0090,2026Q1,57
F0090,2026Q2,43
F0091,2021Q3,116
F0091,2021Q4,111
F0091,2022Q1,132
F0091,2022Q2,102
F0091,2022Q3,91
F0091,2022Q4,109
F0091,2023Q1,139
F0091,2023Q2,97
F0091,2023Q3,101
F0091,2023Q4,112
F0091,2024Q1,187
F0091,2024Q2,115
F0091,2024Q3,140
F0091,2024Q4,130
F0091,2025Q1,226
F0091,2025Q2,148
F0091,2025Q3,158
F0091,2025Q4,183
F0091,2026Q1,279
F0091,2026Q2,157
F0092,2021Q3,10
F0092,2021Q4,15
F0092,2022Q1,15
F0092,2022Q2,19
F0092,2022Q3,18
F0092,2022Q4,14
F0092,2023Q1,19
F0092,2023Q2,11
F0092,2023Q3,8
F0092,2023Q4,9
F0092,2024Q1,31
F0092,2024Q2,27
F0092,2024Q3,21
F0092,2024Q4,25
F0092,2025Q1,41
F0092,2025Q2,40
F0092,2025Q3,17
F0092,2025Q4,13
F0092,2026Q1,20
F0092,2026Q2,18
F0093,2021Q3,243
F0093,2021Q4,320
F0093,2022Q1,392
F0093,2022Q2,260
F0093,2022Q3,264
F0093,2022Q4,344
F0093,2023Q1,368
F0093,2023Q2,285
F0093,2023Q3,353
F0093,2023Q4,313
F0093,2024Q1,347
F0093,2024Q2,202
F0093,2024Q3,182
F0093,2024Q4,143
F0093,2025Q1,229
F0093,2025Q2,131
F0093,2025Q3,214
F0093,2025Q4,433
F0093,2026Q1,605
F0093,2026Q2,386
F0094,2021Q3,19
F0094,2021Q4,19
F0094,2022Q1,45
F0094,2022Q2,13
F0094,2022Q3,21
F0094,2022Q4,19
F0094,2023Q1,57
F0094,2023Q2,16
F0094,2023Q3,21
F0094,2023Q4,29
F0094,2024Q1,76
F0094,2024Q2,54
F0094,2024Q3,39
F0094,2024Q4,38
F0094,2025Q1,82
F0094,2025Q2,45
F0094,2025Q3,45
F0094,2025Q4,41
F0094,2026Q1,60
F0094,2026Q2,71
F0095,2021Q3,430
F0095,2021Q4,451
F0095,2022Q1,546
F0095,2022Q2,403
F0095,2022Q3,390
F0095,2022Q4,462
F0095,2023Q1,546
F0095,2023Q2,386
F0095,2023Q3,367
F0095,2023Q4,386
F0095,2024Q1,668
F0095,2024Q2,417
F0095,2024Q3,448
F0095,2024Q4,446
F0095,2025Q1,605
F0095,2025Q2,395
F0095,2025Q3,378
F0095,2025Q4,348
F0095,2026Q1,476
F0095,2026Q2,341
F0096,2021Q3,94
F0096,2021Q4,107
F0096,2022Q1,122
F0096,2022Q2,93
F0096,2022Q3,102
F0096,2022Q4,90
F0096,2023Q1,115
F0096,2023Q2,83
F0096,2023Q3,94
F0096,2023Q4,113
F0096,2024Q1,128
F0096,2024Q2,78
F0096,2024Q3,69
F0096,2024Q4,71
F0096,2025Q1,140
F0096,2025Q2,82
F0096,2025Q3,85
F0096,2025Q4,179
F0096,2026Q1,364
F0096,2026Q2,256
F0097,2021Q3,40
F0097,2021Q4,38
F0097,2022Q1,66
F0097,2022Q2,43
F0097,2022Q3,41
F0097,2022Q4,36
F0097,2023Q1,61
F0097,2023Q2,33
F0097,2023Q3,52
F0097,2023Q4,41
F0097,2024Q1,83
F0097,2024Q2,34
F0097,2024Q3,42
F0097,2024Q4,41
F0097,2025Q1,75
F0097,2025Q2,53
F0097,2025Q3,57
F0097,2025Q4,126
F0097,2026Q1,198
F0097,2026Q2,116
F0098,2021Q3,88
F0098,2021Q4,94
F0098,2022Q1,172
F0098,2022Q2,101
F0098,2022Q3,127
F0098,2022Q4,122
F0098,2023Q1,176
F0098,2023Q2,114
F0098,2023Q3,123
F0098,2023Q4,129
F0098,2024Q1,122
F0098,2024Q2,56
F0098,2024Q3,64
F0098,2024Q4,35
F0098,2025Q1,121
F0098,2025Q2,53
F0098,2025Q3,117
F0098,2025Q4,382
F0098,2026Q1,763
F0098,2026Q2,520
F0099,2021Q3,57
F0099,2021Q4,55
F0099,2022Q1,65
F0099,2022Q2,48
F0099,2022Q3,55
F0099,2022Q4,46
F0099,2023Q1,85
F0099,2023Q2,54
F0099,2023Q3,52
F0099,2023Q4,61
F0099,2024Q1,51
F0099,2024Q2,34
F0099,2024Q3,31
F0099,2024Q4,23
F0099,2025Q1,77
F0099,2025Q2,35
F0099,2025Q3,58
F0099,2025Q4,173
F0099,2026Q1,282
F0099,2026Q2,173
F0100,2021Q3,18
F0100,2021Q4,18
F0100,2022Q1,35
F0100,2022Q2,22
F0100,2022Q3,13
F0100,2022Q4,22
F0100,2023Q1,48
F0100,2023Q2,19
F0100,2023Q3,15
F0100,2023Q4,16
F0100,2024Q1,33
F0100,2024Q2,21
F0100,2024Q3,10
F0100,2024Q4,25
F0100,2025Q1,30
F0100,2025Q2,15
F0100,2025Q3,15
F0100,2025Q4,23
F0100,2026Q1,27
F0100,2026Q2,27
F0101,2021Q3,91
F0101,2021Q4,68
F0101,2022Q1,87
F0101,2022Q2,71
F0101,2022Q3,76
F0101,2022Q4,78
F0101,2023Q1,87
F0101,2023Q2,84
F0101,2023Q3,88
F0101,2023Q4,77
F0101,2024Q1,86
F0101,2024Q2,57
F0101,2024Q3,50
F0101,2024Q4,50
F0101,2025Q1,66
F0101,2025Q2,53
F0101,2025Q3,56
F0101,2025Q4,122
F0101,2026Q1,157
F0101,2026Q2,107
F0102,2021Q3,113
F0102,2021Q4,132
F0102,2022Q1,187
F0102,2022Q2,121
F0102,2022Q3,134
F0102,2022Q4,156
F0102,2023Q1,173
F0102,2023Q2,123
F0102,2023Q3,129
F0102,2023Q4,145
F0102,2024Q1,120
F0102,2024Q2,72
F0102,2024Q3,78
F0102,2024Q4,57
F0102,2025Q1,119
F0102,2025Q2,63
F0102,2025Q3,81
F0102,2025Q4,224
F0102,2026Q1,351
F0102,2026Q2,178
F0103,2021Q3,69
F0103,2021Q4,73
F0103,2022Q1,147
F0103,2022Q2,85
F0103,2022Q3,83
F0103,2022Q4,93
F0103,2023Q1,132
F0103,2023Q2,67
F0103,2023Q3,72
F0103,2023Q4,71
F0103,2024Q1,492
F0103,2024Q2,322
F0103,2024Q3,394
F0103,2024Q4,472
F0103,2025Q1,764
F0103,2025Q2,509
F0103,2025Q3,433
F0103,2025Q4,173
F0103,2026Q1,392
F0103,2026Q2,477
F0104,2021Q3,245
F0104,2021Q4,221
F0104,2022Q1,330
F0104,2022Q2,207
F0104,2022Q3,215
F0104,2022Q4,231
F0104,2023Q1,305
F0104,2023Q2,235
F0104,2023Q3,218
F0104,2023Q4,217
F0104,2024Q1,316
F0104,2024Q2,185
F0104,2024Q3,148
F0104,2024Q4,169
F0104,2025Q1,282
F0104,2025Q2,158
F0104,2025Q3,138
F0104,2025Q4,31
F0104,2026Q1,91
F0104,2026Q2,72
F0105,2021Q3,76
F0105,2021Q4,79
F0105,2022Q1,125
F0105,2022Q2,93
F0105,2022Q3,88
F0105,2022Q4,99
F0105,2023Q1,132
F0105,2023Q2,79
F0105,2023Q3,83
F0105,2023Q4,83
F0105,2024Q1,191
F0105,2024Q2,143
F0105,2024Q3,133
F0105,2024Q4,175
F0105,2025Q1,254
F0105,2025Q2,175
F0105,2025Q3,125
F0105,2025Q4,74
F0105,2026Q1,89
F0105,2026Q2,52
F0106,2021Q3,184
F0106,2021Q4,211
F0106,2022Q1,338
F0106,2022Q2,240
F0106,2022Q3,239
F0106,2022Q4,278
F0106,2023Q1,351
F0106,2023Q2,278
F0106,2023Q3,243
F0106,2023Q4,287
F0106,2024Q1,395
F0106,2024Q2,267
F0106,2024Q3,276
F0106,2024Q4,278
F0106,2025Q1,414
F0106,2025Q2,265
F0106,2025Q3,283
F0106,2025Q4,367
F0106,2026Q1,473
F0106,2026Q2,341
F0107,2021Q3,43
F0107,2021Q4,50
F0107,2022Q1,69
F0107,2022Q2,32
F0107,2022Q3,33
F0107,2022Q4,41
F0107,2023Q1,71
F0107,2023Q2,38
F0107,2023Q3,39
F0107,2023Q4,39
F0107,2024Q1,74
F0107,2024Q2,27
F0107,2024Q3,22
F0107,2024Q4,23
F0107,2025Q1,117
F0107,2025Q2,34
F0107,2025Q3,63
F0107,2025Q4,194
F0107,2026Q1,296
F0107,2026Q2,190
F0108,2021Q3,23
F0108,2021Q4,26
F0108,2022Q1,54
F0108,2022Q2,29
F0108,2022Q3,29
F0108,2022Q4,27
F0108,2023Q1,49
F0108,2023Q2,37
F0108,2023Q3,34
F0108,2023Q4,39
F0108,2024Q1,133
F0108,2024Q2,97
F0108,2024Q3,91
F0108,2024Q4,82
F0108,2025Q1,148
F0108,2025Q2,87
F0108,2025Q3,66
F0108,2025Q4,9
F0108,2026Q1,18
F0108,2026Q2,19
F0109,2021Q3,361
F0109,2021Q4,309
F0109,2022Q1,473
F0109,2022Q2,341
F0109,2022Q3,379
F0109,2022Q4,353
F0109,2023Q1,470
F0109,2023Q2,390
F0109,2023Q3,331
F0109,2023Q4,374
F0109,2024Q1,503
F0109,2024Q2,291
F0109,2024Q3,264
F0109,2024Q4,308
F0109,2025Q1,619
F0109,2025Q2,300
F0109,2025Q3,324
F0109,2025Q4,653
F0109,2026Q1,957
F0109,2026Q2,663
F0110,2021Q3,98
F0110,2021Q4,90
F0110,2022Q1,122
F0110,2022Q2,80
F0110,2022Q3,106
F0110,2022Q4,96
F0110,2023Q1,95
F0110,2023Q2,72
F0110,2023Q3,80
F0110,2023Q4,103
F0110,2024Q1,158
F0110,2024Q2,81
F0110,2024Q3,78
F0110,2024Q4,83
F0110,2025Q1,207
F0110,2025Q2,102
F0110,2025Q3,132
F0110,2025Q4,290
F0110,2026Q1,714
F0110,2026Q2,476
F0111,2021Q3,155
F0111,2021Q4,158
F0111,2022Q1,254
F0111,2022Q2,205
F0111,2022Q3,172
F0111,2022Q4,168
F0111,2023Q1,229
F0111,2023Q2,175
F0111,2023Q3,213
F0111,2023Q4,168
F0111,2024Q1,235
F0111,2024Q2,161
F0111,2024Q3,142
F0111,2024Q4,158
F0111,2025Q1,229
F0111,2025Q2,143
F0111,2025Q3,137
F0111,2025Q4,108
F0111,2026Q1,144
F0111,2026Q2,101
F0112,2021Q3,109
F0112,2021Q4,93
F0112,2022Q1,177
F0112,2022Q2,85
F0112,2022Q3,111
F0112,2022Q4,101
F0112,2023Q1,152
F0112,2023Q2,83
F0112,2023Q3,92
F0112,2023Q4,91
F0112,2024Q1,203
F0112,2024Q2,134
F0112,2024Q3,151
F0112,2024Q4,161
F0112,2025Q1,319
F0112,2025Q2,184
F0112,2025Q3,150
F0112,2025Q4,192
F0112,2026Q1,341
F0112,2026Q2,238
F0113,2021Q3,66
F0113,2021Q4,83
F0113,2022Q1,95
F0113,2022Q2,85
F0113,2022Q3,75
F0113,2022Q4,79
F0113,2023Q1,87
F0113,2023Q2,87
F0113,2023Q3,62
F0113,2023Q4,75
F0113,2024Q1,78
F0113,2024Q2,48
F0113,2024Q3,78
F0113,2024Q4,46
F0113,2025Q1,89
F0113,2025Q2,50
F0113,2025Q3,66
F0113,2025Q4,82
F0113,2026Q1,147
F0113,2026Q2,117
F0114,2021Q3,35
F0114,2021Q4,33
F0114,2022Q1,64
F0114,2022Q2,27
F0114,2022Q3,26
F0114,2022Q4,38
F0114,2023Q1,46
F0114,2023Q2,27
F0114,2023Q3,23
F0114,2023Q4,31
F0114,2024Q1,138
F0114,2024Q2,63
F0114,2024Q3,86
F0114,2024Q4,99
F0114,2025Q1,152
F0114,2025Q2,89
F0114,2025Q3,66
F0114,2025Q4,41
F0114,2026Q1,92
F0114,2026Q2,69
F0115,2021Q3,62
F0115,2021Q4,66
F0115,2022Q1,53
F0115,2022Q2,42
F0115,2022Q3,43
F0115,2022Q4,49
F0115,2023Q1,59
F0115,2023Q2,38
F0115,2023Q3,41
F0115,2023Q4,41
F0115,2024Q1,63
F0115,2024Q2,51
F0115,2024Q3,42
F0115,2024Q4,64
F0115,2025Q1,111
F0115,2025Q2,57
F0115,2025Q3,48
F0115,2025Q4,35
F0115,2026Q1,53
F0115,2026Q2,53
F0116,2021Q3,77
F0116,2021Q4,89
F0116,2022Q1,82
F0116,2022Q2,74
F0116,2022Q3,82
F0116,2022Q4,90
F0116,2023Q1,95
F0116,2023Q2,91
F0116,2023Q3,77
F0116,2023Q4,87
F0116,2024Q1,92
F0116,2024Q2,68
F0116,2024Q3,57
F0116,2024Q4,68
F0116,2025Q1,94
F0116,2025Q2,61
F0116,2025Q3,73
F0116,2025Q4,162
F0116,2026Q1,207
F0116,2026Q2,140
F0117,2021Q3,73
F0117,2021Q4,74
F0117,2022Q1,94
F0117,2022Q2,93
F0117,2022Q3,79
F0117,2022Q4,89
F0117,2023Q1,114
F0117,2023Q2,119
F0117,2023Q3,116
F0117,2023Q4,128
F0117,2024Q1,168
F0117,2024Q2,118
F0117,2024Q3,127
F0117,2024Q4,83
F0117,2025Q1,213
F0117,2025Q2,148
F0117,2025Q3,181
F0117,2025Q4,283
F0117,2026Q1,381
F0117,2026Q2,265
F0118,2021Q3,452
F0118,2021Q4,430
F0118,2022Q1,476
F0118,2022Q2,436
F0118,2022Q3,440
F0118,2022Q4,428
F0118,2023Q1,459
F0118,2023Q2,409
F0118,2023Q3,371
F0118,2023Q4,379
F0118,2024Q1,555
F0118,2024Q2,374
F0118,2024Q3,353
F0118,2024Q4,367
F0118,2025Q1,544
F0118,2025Q2,395
F0118,2025Q3,363
F0118,2025Q4,596
F0118,2026Q1,791
F0118,2026Q2,545
F0119,2021Q3,34
F0119,2021Q4,23
F0119,2022Q1,48
F0119,2022Q2,26
F0119,2022Q3,20
F0119,2022Q4,32
F0119,2023Q1,61
F0119,2023Q2,29
F0119,2023Q3,27
F0119,2023Q4,25
F0119,2024Q1,126
F0119,2024Q2,63
F0119,2024Q3,73
F0119,2024Q4,91
F0119,2025Q1,178
F0119,2025Q2,93
F0119,2025Q3,83
F0119,2025Q4,103
F0119,2026Q1,184
F0119,2026Q2,122
F0120,2021Q3,57
F0120,2021Q4,88
F0120,2022Q1,77
F0120,2022Q2,66
F0120,2022Q3,70
F0120,2022Q4,81
F0120,2023Q1,104
F0120,2023Q2,84
F0120,2023Q3,96
F0120,2023Q4,82
F0120,2024Q1,60
F0120,2024Q2,46
F0120,2024Q3,40
F0120,2024Q4,32
F0120,2025Q1,52
F0120,2025Q2,39
F0120,2025Q3,63
F0120,2025Q4,156
F0120,2026Q1,162
F0120,2026Q2,112
F0121,2021Q3,112
F0121,2021Q4,114
F0121,2022Q1,219
F0121,2022Q2,122
F0121,2022Q3,141
F0121,2022Q4,108
F0121,2023Q1,216
F0121,2023Q2,112
F0121,2023Q3,122
F0121,2023Q4,128
F0121,2024Q1,654
F0121,2024Q2,337
F0121,2024Q3,388
F0121,2024Q4,461
F0121,2025Q1,886
F0121,2025Q2,433
F0121,2025Q3,401
F0121,2025Q4,413
F0121,2026Q1,944
F0121,2026Q2,738
F0122,2021Q3,64
F0122,2021Q4,70
F0122,2022Q1,105
F0122,2022Q2,70
F0122,2022Q3,59
F0122,2022Q4,79
F0122,2023Q1,121
F0122,2023Q2,71
F0122,2023Q3,70
F0122,2023Q4,80
F0122,2024Q1,134
F0122,2024Q2,87
F0122,2024Q3,79
F0122,2024Q4,103
F0122,2025Q1,199
F0122,2025Q2,110
F0122,2025Q3,104
F0122,2025Q4,195
F0122,2026Q1,327
F0122,2026Q2,281
F0123,2021Q3,109
F0123,2021Q4,133
F0123,2022Q1,182
F0123,2022Q2,130
F0123,2022Q3,144
F0123,2022Q4,153
F0123,2023Q1,204
F0123,2023Q2,142
F0123,2023Q3,159
F0123,2023Q4,170
F0123,2024Q1,239
F0123,2024Q2,176
F0123,2024Q3,176
F0123,2024Q4,177
F0123,2025Q1,231
F0123,2025Q2,163
F0123,2025Q3,154
F0123,2025Q4,63
F0123,2026Q1,78
F0123,2026Q2,60
F0124,2021Q3,50
F0124,2021Q4,65
F0124,2022Q1,89
F0124,2022Q2,63
F0124,2022Q3,55
F0124,2022Q4,67
F0124,2023Q1,96
F0124,2023Q2,62
F0124,2023Q3,57
F0124,2023Q4,70
F0124,2024Q1,138
F0124,2024Q2,87
F0124,2024Q3,97
F0124,2024Q4,91
F0124,2025Q1,171
F0124,2025Q2,119
F0124,2025Q3,103
F0124,2025Q4,122
F0124,2026Q1,190
F0124,2026Q2,134
F0125,2021Q3,20
F0125,2021Q4,32
F0125,2022Q1,42
F0125,2022Q2,26
F0125,2022Q3,33
F0125,2022Q4,31
F0125,2023Q1,40
F0125,2023Q2,33
F0125,2023Q3,27
F0125,2023Q4,39
F0125,2024Q1,43
F0125,2024Q2,31
F0125,2024Q3,23
F0125,2024Q4,33
F0125,2025Q1,60
F0125,2025Q2,27
F0125,2025Q3,30
F0125,2025Q4,48
F0125,2026Q1,59
F0125,2026Q2,60
F0126,2021Q3,48
F0126,2021Q4,44
F0126,2022Q1,55
F0126,2022Q2,51
F0126,2022Q3,37
F0126,2022Q4,47
F0126,2023Q1,75
F0126,2023Q2,36
F0126,2023Q3,35
F0126,2023Q4,50
F0126,2024Q1,172
F0126,2024Q2,99
F0126,2024Q3,126
F0126,2024Q4,122
F0126,2025Q1,262
F0126,2025Q2,153
F0126,2025Q3,130
F0126,2025Q4,140
F0126,2026Q1,270
F0126,2026Q2,182
F0127,2021Q3,51
F0127,2021Q4,51
F0127,2022Q1,103
F0127,2022Q2,61
F0127,2022Q3,81
F0127,2022Q4,69
F0127,2023Q1,124
F0127,2023Q2,93
F0127,2023Q3,98
F0127,2023Q4,130
F0127,2024Q1,225
F0127,2024Q2,172
F0127,2024Q3,159
F0127,2024Q4,196
F0127,2025Q1,336
F0127,2025Q2,232
F0127,2025Q3,191
F0127,2025Q4,192
F0127,2026Q1,296
F0127,2026Q2,263
F0128,2021Q3,229
F0128,2021Q4,236
F0128,2022Q1,320
F0128,2022Q2,232
F0128,2022Q3,194
F0128,2022Q4,230
F0128,2023Q1,298
F0128,2023Q2,214
F0128,2023Q3,222
F0128,2023Q4,218
F0128,2024Q1,279
F0128,2024Q2,160
F0128,2024Q3,145
F0128,2024Q4,163
F0128,2025Q1,232
F0128,2025Q2,151
F0128,2025Q3,163
F0128,2025Q4,245
F0128,2026Q1,248
F0128,2026Q2,200
F0129,2021Q3,233
F0129,2021Q4,229
F0129,2022Q1,240
F0129,2022Q2,188
F0129,2022Q3,248
F0129,2022Q4,270
F0129,2023Q1,271
F0129,2023Q2,203
F0129,2023Q3,224
F0129,2023Q4,217
F0129,2024Q1,302
F0129,2024Q2,184
F0129,2024Q3,180
F0129,2024Q4,198
F0129,2025Q1,336
F0129,2025Q2,205
F0129,2025Q3,200
F0129,2025Q4,367
F0129,2026Q1,536
F0129,2026Q2,365
F0130,2021Q3,76
F0130,2021Q4,66
F0130,2022Q1,152
F0130,2022Q2,94
F0130,2022Q3,73
F0130,2022Q4,83
F0130,2023Q1,135
F0130,2023Q2,89
F0130,2023Q3,86
F0130,2023Q4,77
F0130,2024Q1,140
F0130,2024Q2,54
F0130,2024Q3,56
F0130,2024Q4,64
F0130,2025Q1,353
F0130,2025Q2,94
F0130,2025Q3,188
F0130,2025Q4,633
F0130,2026Q1,1002
F0130,2026Q2,745
F0131,2021Q3,163
F0131,2021Q4,211
F0131,2022Q1,299
F0131,2022Q2,192
F0131,2022Q3,199
F0131,2022Q4,219
F0131,2023Q1,312
F0131,2023Q2,169
F0131,2023Q3,200
F0131,2023Q4,240
F0131,2024Q1,430
F0131,2024Q2,305
F0131,2024Q3,307
F0131,2024Q4,329
F0131,2025Q1,512
F0131,2025Q2,303
F0131,2025Q3,250
F0131,2025Q4,212
F0131,2026Q1,298
F0131,2026Q2,208
F0132,2021Q3,363
F0132,2021Q4,394
F0132,2022Q1,423
F0132,2022Q2,278
F0132,2022Q3,277
F0132,2022Q4,362
F0132,2023Q1,413
F0132,2023Q2,292
F0132,2023Q3,279
F0132,2023Q4,482
F0132,2024Q1,275
F0132,2024Q2,203
F0132,2024Q3,241
F0132,2024Q4,263
F0132,2025Q1,169
F0132,2025Q2,124
F0132,2025Q3,82
F0132,2025Q4,0
F0132,2026Q1,0
F0132,2026Q2,1
F0133,2021Q3,72
F0133,2021Q4,72
F0133,2022Q1,94
F0133,2022Q2,73
F0133,2022Q3,72
F0133,2022Q4,70
F0133,2023Q1,106
F0133,2023Q2,77
F0133,2023Q3,82
F0133,2023Q4,104
F0133,2024Q1,106
F0133,2024Q2,97
F0133,2024Q3,74
F0133,2024Q4,101
F0133,2025Q1,184
F0133,2025Q2,107
F0133,2025Q3,118
F0133,2025Q4,157
F0133,2026Q1,225
F0133,2026Q2,158
F0134,2021Q3,102
F0134,2021Q4,103
F0134,2022Q1,134
F0134,2022Q2,95
F0134,2022Q3,101
F0134,2022Q4,123
F0134,2023Q1,122
F0134,2023Q2,89
F0134,2023Q3,77
F0134,2023Q4,95
F0134,2024Q1,106
F0134,2024Q2,82
F0134,2024Q3,75
F0134,2024Q4,86
F0134,2025Q1,122
F0134,2025Q2,76
F0134,2025Q3,86
F0134,2025Q4,107
F0134,2026Q1,180
F0134,2026Q2,120
F0135,2021Q3,173
F0135,2021Q4,168
F0135,2022Q1,250
F0135,2022Q2,177
F0135,2022Q3,171
F0135,2022Q4,187
F0135,2023Q1,274
F0135,2023Q2,190
F0135,2023Q3,208
F0135,2023Q4,186
F0135,2024Q1,330
F0135,2024Q2,187
F0135,2024Q3,179
F0135,2024Q4,170
F0135,2025Q1,368
F0135,2025Q2,195
F0135,2025Q3,226
F0135,2025Q4,407
F0135,2026Q1,783
F0135,2026Q2,489
F0136,2021Q3,4
F0136,2021Q4,15
F0136,2022Q1,21
F0136,2022Q2,13
F0136,2022Q3,14
F0136,2022Q4,14
F0136,2023Q1,26
F0136,2023Q2,13
F0136,2023Q3,8
F0136,2023Q4,16
F0136,2024Q1,47
F0136,2024Q2,40
F0136,2024Q3,46
F0136,2024Q4,38
F0136,2025Q1,66
F0136,2025Q2,63
F0136,2025Q3,39
F0136,2025Q4,17
F0136,2026Q1,46
F0136,2026Q2,40
F0137,2021Q3,8
F0137,2021Q4,15
F0137,2022Q1,18
F0137,2022Q2,8
F0137,2022Q3,6
F0137,2022Q4,12
F0137,2023Q1,21
F0137,2023Q2,10
F0137,2023Q3,9
F0137,2023Q4,18
F0137,2024Q1,32
F0137,2024Q2,25
F0137,2024Q3,15
F0137,2024Q4,23
F0137,2025Q1,35
F0137,2025Q2,15
F0137,2025Q3,16
F0137,2025Q4,3
F0137,2026Q1,7
F0137,2026Q2,7
F0138,2021Q3,52
F0138,2021Q4,80
F0138,2022Q1,84
F0138,2022Q2,66
F0138,2022Q3,78
F0138,2022Q4,77
F0138,2023Q1,79
F0138,2023Q2,53
F0138,2023Q3,67
F0138,2023Q4,68
F0138,2024Q1,125
F0138,2024Q2,75
F0138,2024Q3,106
F0138,2024Q4,110
F0138,2025Q1,188
F0138,2025Q2,137
F0138,2025Q3,130
F0138,2025Q4,196
F0138,2026Q1,318
F0138,2026Q2,250
F0139,2021Q3,327
F0139,2021Q4,368
F0139,2022Q1,504
F0139,2022Q2,400
F0139,2022Q3,393
F0139,2022Q4,465
F0139,2023Q1,599
F0139,2023Q2,454
F0139,2023Q3,427
F0139,2023Q4,465
F0139,2024Q1,775
F0139,2024Q2,501
F0139,2024Q3,477
F0139,2024Q4,506
F0139,2025Q1,942
F0139,2025Q2,584
F0139,2025Q3,545
F0139,2025Q4,665
F0139,2026Q1,1184
F0139,2026Q2,778
F0140,2021Q3,95
F0140,2021Q4,85
F0140,2022Q1,116
F0140,2022Q2,99
F0140,2022Q3,103
F0140,2022Q4,85
F0140,2023Q1,103
F0140,2023Q2,78
F0140,2023Q3,90
F0140,2023Q4,76
F0140,2024Q1,106
F0140,2024Q2,81
F0140,2024Q3,93
F0140,2024Q4,75
F0140,2025Q1,131
F0140,2025Q2,72
F0140,2025Q3,90
F0140,2025Q4,93
F0140,2026Q1,147
F0140,2026Q2,74
F0141,2021Q3,58
F0141,2021Q4,42
F0141,2022Q1,73
F0141,2022Q2,43
F0141,2022Q3,28
F0141,2022Q4,44
F0141,2023Q1,69
F0141,2023Q2,39
F0141,2023Q3,46
F0141,2023Q4,43
F0141,2024Q1,73
F0141,2024Q2,40
F0141,2024Q3,39
F0141,2024Q4,70
F0141,2025Q1,87
F0141,2025Q2,34
F0141,2025Q3,50
F0141,2025Q4,106
F0141,2026Q1,187
F0141,2026Q2,107
F0142,2021Q3,701
F0142,2021Q4,762
F0142,2022Q1,1109
F0142,2022Q2,739
F0142,2022Q3,749
F0142,2022Q4,791
F0142,2023Q1,1169
F0142,2023Q2,814
F0142,2023Q3,770
F0142,2023Q4,847
F0142,2024Q1,1397
F0142,2024Q2,958
F0142,2024Q3,931
F0142,2024Q4,1017
F0142,2025Q1,1645
F0142,2025Q2,1041
F0142,2025Q3,1005
F0142,2025Q4,1206
F0142,2026Q1,1775
F0142,2026Q2,1201
F0143,2021Q3,85
F0143,2021Q4,86
F0143,2022Q1,201
F0143,2022Q2,101
F0143,2022Q3,93
F0143,2022Q4,90
F0143,2023Q1,288
F0143,2023Q2,88
F0143,2023Q3,84
F0143,2023Q4,109
F0143,2024Q1,629
F0143,2024Q2,396
F0143,2024Q3,408
F0143,2024Q4,530
F0143,2025Q1,938
F0143,2025Q2,569
F0143,2025Q3,476
F0143,2025Q4,205
F0143,2026Q1,551
F0143,2026Q2,431
F0144,2021Q3,187
F0144,2021Q4,197
F0144,2022Q1,265
F0144,2022Q2,199
F0144,2022Q3,196
F0144,2022Q4,234
F0144,2023Q1,272
F0144,2023Q2,213
F0144,2023Q3,231
F0144,2023Q4,211
F0144,2024Q1,236
F0144,2024Q2,140
F0144,2024Q3,121
F0144,2024Q4,114
F0144,2025Q1,181
F0144,2025Q2,112
F0144,2025Q3,121
F0144,2025Q4,323
F0144,2026Q1,456
F0144,2026Q2,307
F0145,2021Q3,157
F0145,2021Q4,200
F0145,2022Q1,295
F0145,2022Q2,175
F0145,2022Q3,146
F0145,2022Q4,182
F0145,2023Q1,307
F0145,2023Q2,161
F0145,2023Q3,122
F0145,2023Q4,200
F0145,2024Q1,494
F0145,2024Q2,203
F0145,2024Q3,210
F0145,2024Q4,284
F0145,2025Q1,360
F0145,2025Q2,220
F0145,2025Q3,154
F0145,2025Q4,1
F0145,2026Q1,2
F0145,2026Q2,2
F0146,2021Q3,71
F0146,2021Q4,85
F0146,2022Q1,58
F0146,2022Q2,59
F0146,2022Q3,68
F0146,2022Q4,56
F0146,2023Q1,85
F0146,2023Q2,77
F0146,2023Q3,43
F0146,2023Q4,67
F0146,2024Q1,98
F0146,2024Q2,50
F0146,2024Q3,76
F0146,2024Q4,66
F0146,2025Q1,109
F0146,2025Q2,94
F0146,2025Q3,74
F0146,2025Q4,101
F0146,2026Q1,117
F0146,2026Q2,117
F0147,2021Q3,66
F0147,2021Q4,51
F0147,2022Q1,90
F0147,2022Q2,49
F0147,2022Q3,47
F0147,2022Q4,62
F0147,2023Q1,142
F0147,2023Q2,54
F0147,2023Q3,58
F0147,2023Q4,71
F0147,2024Q1,186
F0147,2024Q2,97
F0147,2024Q3,124
F0147,2024Q4,110
F0147,2025Q1,347
F0147,2025Q2,137
F0147,2025Q3,161
F0147,2025Q4,275
F0147,2026Q1,511
F0147,2026Q2,397
F0148,2021Q3,162
F0148,2021Q4,173
F0148,2022Q1,249
F0148,2022Q2,188
F0148,2022Q3,212
F0148,2022Q4,219
F0148,2023Q1,266
F0148,2023Q2,199
F0148,2023Q3,178
F0148,2023Q4,219
F0148,2024Q1,274
F0148,2024Q2,182
F0148,2024Q3,153
F0148,2024Q4,182
F0148,2025Q1,237
F0148,2025Q2,157
F0148,2025Q3,157
F0148,2025Q4,201
F0148,2026Q1,294
F0148,2026Q2,212
F0149,2021Q3,45
F0149,2021Q4,50
F0149,2022Q1,77
F0149,2022Q2,37
F0149,2022Q3,51
F0149,2022Q4,51
F0149,2023Q1,104
F0149,2023Q2,32
F0149,2023Q3,31
F0149,2023Q4,46
F0149,2024Q1,215
F0149,2024Q2,123
F0149,2024Q3,144
F0149,2024Q4,189
F0149,2025Q1,247
F0149,2025Q2,176
F0149,2025Q3,134
F0149,2025Q4,60
F0149,2026Q1,114
F0149,2026Q2,69
F0150,2021Q3,22
F0150,2021Q4,21
F0150,2022Q1,56
F0150,2022Q2,28
F0150,2022Q3,19
F0150,2022Q4,23
F0150,2023Q1,41
F0150,2023Q2,17
F0150,2023Q3,15
F0150,2023Q4,26
F0150,2024Q1,104
F0150,2024Q2,80
F0150,2024Q3,74
F0150,2024Q4,65
F0150,2025Q1,138
F0150,2025Q2,73
F0150,2025Q3,67
F0150,2025Q4,24
F0150,2026Q1,51
F0150,2026Q2,63
F0151,2021Q3,184
F0151,2021Q4,169
F0151,2022Q1,248
F0151,2022Q2,165
F0151,2022Q3,169
F0151,2022Q4,170
F0151,2023Q1,203
F0151,2023Q2,152
F0151,2023Q3,147
F0151,2023Q4,157
F0151,2024Q1,233
F0151,2024Q2,139
F0151,2024Q3,143
F0151,2024Q4,134
F0151,2025Q1,197
F0151,2025Q2,139
F0151,2025Q3,152
F0151,2025Q4,172
F0151,2026Q1,242
F0151,2026Q2,157
F0152,2021Q3,22
F0152,2021Q4,21
F0152,2022Q1,25
F0152,2022Q2,14
F0152,2022Q3,18
F0152,2022Q4,32
F0152,2023Q1,47
F0152,2023Q2,25
F0152,2023Q3,30
F0152,2023Q4,31
F0152,2024Q1,52
F0152,2024Q2,42
F0152,2024Q3,42
F0152,2024Q4,41
F0152,2025Q1,65
F0152,2025Q2,47
F0152,2025Q3,38
F0152,2025Q4,57
F0152,2026Q1,81
F0152,2026Q2,33
F0153,2021Q3,1
F0153,2021Q4,0
F0153,2022Q1,1
F0153,2022Q2,1
F0153,2022Q3,6
F0153,2022Q4,2
F0153,2023Q1,3
F0153,2023Q2,2
F0153,2023Q3,1
F0153,2023Q4,4
F0153,2024Q1,6
F0153,2024Q2,2
F0153,2024Q3,0
F0153,2024Q4,6
F0153,2025Q1,4
F0153,2025Q2,1
F0153,2025Q3,2
F0153,2025Q4,1
F0153,2026Q1,2
F0153,2026Q2,3
F0154,2021Q3,160
F0154,2021Q4,165
F0154,2022Q1,217
F0154,2022Q2,176
F0154,2022Q3,151
F0154,2022Q4,167
F0154,2023Q1,234
F0154,2023Q2,159
F0154,2023Q3,171
F0154,2023Q4,177
F0154,2024Q1,219
F0154,2024Q2,133
F0154,2024Q3,119
F0154,2024Q4,122
F0154,2025Q1,236
F0154,2025Q2,142
F0154,2025Q3,152
F0154,2025Q4,345
F0154,2026Q1,609
F0154,2026Q2,334
F0155,2021Q3,56
F0155,2021Q4,60
F0155,2022Q1,94
F0155,2022Q2,48
F0155,2022Q3,71
F0155,2022Q4,54
F0155,2023Q1,112
F0155,2023Q2,31
F0155,2023Q3,36
F0155,2023Q4,63
F0155,2024Q1,259
F0155,2024Q2,140
F0155,2024Q3,190
F0155,2024Q4,231
F0155,2025Q1,298
F0155,2025Q2,216
F0155,2025Q3,161
F0155,2025Q4,12
F0155,2026Q1,25
F0155,2026Q2,19
F0156,2021Q3,147
F0156,2021Q4,136
F0156,2022Q1,167
F0156,2022Q2,120
F0156,2022Q3,120
F0156,2022Q4,135
F0156,2023Q1,162
F0156,2023Q2,127
F0156,2023Q3,130
F0156,2023Q4,130
F0156,2024Q1,97
F0156,2024Q2,54
F0156,2024Q3,48
F0156,2024Q4,29
F0156,2025Q1,38
F0156,2025Q2,21
F0156,2025Q3,32
F0156,2025Q4,98
F0156,2026Q1,98
F0156,2026Q2,69
F0157,2021Q3,99
F0157,2021Q4,91
F0157,2022Q1,121
F0157,2022Q2,73
F0157,2022Q3,95
F0157,2022Q4,99
F0157,2023Q1,140
F0157,2023Q2,84
F0157,2023Q3,85
F0157,2023Q4,97
F0157,2024Q1,237
F0157,2024Q2,182
F0157,2024Q3,202
F0157,2024Q4,204
F0157,2025Q1,359
F0157,2025Q2,266
F0157,2025Q3,213
F0157,2025Q4,139
F0157,2026Q1,289
F0157,2026Q2,294
F0158,2021Q3,69
F0158,2021Q4,72
F0158,2022Q1,106
F0158,2022Q2,61
F0158,2022Q3,86
F0158,2022Q4,87
F0158,2023Q1,109
F0158,2023Q2,90
F0158,2023Q3,101
F0158,2023Q4,110
F0158,2024Q1,172
F0158,2024Q2,111
F0158,2024Q3,102
F0158,2024Q4,109
F0158,2025Q1,164
F0158,2025Q2,104
F0158,2025Q3,94
F0158,2025Q4,2
F0158,2026Q1,3
F0158,2026Q2,2
F0159,2021Q3,264
F0159,2021Q4,291
F0159,2022Q1,332
F0159,2022Q2,279
F0159,2022Q3,310
F0159,2022Q4,340
F0159,2023Q1,383
F0159,2023Q2,349
F0159,2023Q3,333
F0159,2023Q4,367
F0159,2024Q1,324
F0159,2024Q2,212
F0159,2024Q3,161
F0159,2024Q4,136
F0159,2025Q1,278
F0159,2025Q2,211
F0159,2025Q3,363
F0159,2025Q4,918
F0159,2026Q1,1167
F0159,2026Q2,643
F0160,2021Q3,140
F0160,2021Q4,121
F0160,2022Q1,179
F0160,2022Q2,104
F0160,2022Q3,102
F0160,2022Q4,113
F0160,2023Q1,184
F0160,2023Q2,118
F0160,2023Q3,128
F0160,2023Q4,119
F0160,2024Q1,158
F0160,2024Q2,113
F0160,2024Q3,116
F0160,2024Q4,87
F0160,2025Q1,158
F0160,2025Q2,106
F0160,2025Q3,74
F0160,2025Q4,19
F0160,2026Q1,40
F0160,2026Q2,35
F0161,2021Q3,38
F0161,2021Q4,43
F0161,2022Q1,55
F0161,2022Q2,34
F0161,2022Q3,43
F0161,2022Q4,32
F0161,2023Q1,55
F0161,2023Q2,43
F0161,2023Q3,45
F0161,2023Q4,47
F0161,2024Q1,67
F0161,2024Q2,41
F0161,2024Q3,55
F0161,2024Q4,52
F0161,2025Q1,81
F0161,2025Q2,62
F0161,2025Q3,73
F0161,2025Q4,104
F0161,2026Q1,113
F0161,2026Q2,91
F0162,2021Q3,90
F0162,2021Q4,90
F0162,2022Q1,157
F0162,2022Q2,90
F0162,2022Q3,97
F0162,2022Q4,90
F0162,2023Q1,129
F0162,2023Q2,75
F0162,2023Q3,78
F0162,2023Q4,78
F0162,2024Q1,151
F0162,2024Q2,102
F0162,2024Q3,96
F0162,2024Q4,102
F0162,2025Q1,157
F0162,2025Q2,89
F0162,2025Q3,82
F0162,2025Q4,76
F0162,2026Q1,107
F0162,2026Q2,82
F0163,2021Q3,56
F0163,2021Q4,73
F0163,2022Q1,96
F0163,2022Q2,46
F0163,2022Q3,59
F0163,2022Q4,68
F0163,2023Q1,94
F0163,2023Q2,55
F0163,2023Q3,59
F0163,2023Q4,50
F0163,2024Q1,90
F0163,2024Q2,53
F0163,2024Q3,38
F0163,2024Q4,36
F0163,2025Q1,69
F0163,2025Q2,34
F0163,2025Q3,43
F0163,2025Q4,96
F0163,2026Q1,164
F0163,2026Q2,95
F0164,2021Q3,31
F0164,2021Q4,27
F0164,2022Q1,36
F0164,2022Q2,17
F0164,2022Q3,21
F0164,2022Q4,31
F0164,2023Q1,44
F0164,2023Q2,29
F0164,2023Q3,51
F0164,2023Q4,29
F0164,2024Q1,32
F0164,2024Q2,33
F0164,2024Q3,28
F0164,2024Q4,29
F0164,2025Q1,56
F0164,2025Q2,31
F0164,2025Q3,24
F0164,2025Q4,39
F0164,2026Q1,69
F0164,2026Q2,52
F0165,2021Q3,19
F0165,2021Q4,18
F0165,2022Q1,32
F0165,2022Q2,19
F0165,2022Q3,14
F0165,2022Q4,25
F0165,2023Q1,37
F0165,2023Q2,16
F0165,2023Q3,24
F0165,2023Q4,18
F0165,2024Q1,45
F0165,2024Q2,38
F0165,2024Q3,34
F0165,2024Q4,46
F0165,2025Q1,103
F0165,2025Q2,55
F0165,2025Q3,72
F0165,2025Q4,94
F0165,2026Q1,108
F0165,2026Q2,68
F0166,2021Q3,19
F0166,2021Q4,3
F0166,2022Q1,9
F0166,2022Q2,16
F0166,2022Q3,6
F0166,2022Q4,12
F0166,2023Q1,18
F0166,2023Q2,27
F0166,2023Q3,5
F0166,2023Q4,12
F0166,2024Q1,18
F0166,2024Q2,19
F0166,2024Q3,15
F0166,2024Q4,4
F0166,2025Q1,27
F0166,2025Q2,39
F0166,2025Q3,27
F0166,2025Q4,42
F0166,2026Q1,94
F0166,2026Q2,137
F0167,2021Q3,127
F0167,2021Q4,76
F0167,2022Q1,132
F0167,2022Q2,89
F0167,2022Q3,77
F0167,2022Q4,103
F0167,2023Q1,130
F0167,2023Q2,87
F0167,2023Q3,82
F0167,2023Q4,110
F0167,2024Q1,161
F0167,2024Q2,121
F0167,2024Q3,125
F0167,2024Q4,110
F0167,2025Q1,159
F0167,2025Q2,94
F0167,2025Q3,89
F0167,2025Q4,86
F0167,2026Q1,95
F0167,2026Q2,75
F0168,2021Q3,70
F0168,2021Q4,75
F0168,2022Q1,109
F0168,2022Q2,82
F0168,2022Q3,94
F0168,2022Q4,95
F0168,2023Q1,113
F0168,2023Q2,84
F0168,2023Q3,73
F0168,2023Q4,102
F0168,2024Q1,101
F0168,2024Q2,55
F0168,2024Q3,33
F0168,2024Q4,28
F0168,2025Q1,118
F0168,2025Q2,42
F0168,2025Q3,89
F0168,2025Q4,273
F0168,2026Q1,402
F0168,2026Q2,219
F0169,2021Q3,257
F0169,2021Q4,273
F0169,2022Q1,348
F0169,2022Q2,282
F0169,2022Q3,288
F0169,2022Q4,318
F0169,2023Q1,368
F0169,2023Q2,339
F0169,2023Q3,310
F0169,2023Q4,312
F0169,2024Q1,498
F0169,2024Q2,313
F0169,2024Q3,301
F0169,2024Q4,337
F0169,2025Q1,633
F0169,2025Q2,327
F0169,2025Q3,381
F0169,2025Q4,694
F0169,2026Q1,1144
F0169,2026Q2,787
F0170,2021Q3,31
F0170,2021Q4,54
F0170,2022Q1,48
F0170,2022Q2,34
F0170,2022Q3,26
F0170,2022Q4,30
F0170,2023Q1,44
F0170,2023Q2,39
F0170,2023Q3,31
F0170,2023Q4,36
F0170,2024Q1,66
F0170,2024Q2,43
F0170,2024Q3,43
F0170,2024Q4,51
F0170,2025Q1,101
F0170,2025Q2,74
F0170,2025Q3,65
F0170,2025Q4,132
F0170,2026Q1,311
F0170,2026Q2,217
F0171,2021Q3,118
F0171,2021Q4,121
F0171,2022Q1,154
F0171,2022Q2,124
F0171,2022Q3,111
F0171,2022Q4,127
F0171,2023Q1,160
F0171,2023Q2,108
F0171,2023Q3,131
F0171,2023Q4,141
F0171,2024Q1,167
F0171,2024Q2,101
F0171,2024Q3,126
F0171,2024Q4,94
F0171,2025Q1,182
F0171,2025Q2,110
F0171,2025Q3,147
F0171,2025Q4,227
F0171,2026Q1,323
F0171,2026Q2,196
F0172,2021Q3,35
F0172,2021Q4,44
F0172,2022Q1,79
F0172,2022Q2,43
F0172,2022Q3,43
F0172,2022Q4,29
F0172,2023Q1,78
F0172,2023Q2,37
F0172,2023Q3,43
F0172,2023Q4,38
F0172,2024Q1,66
F0172,2024Q2,35
F0172,2024Q3,42
F0172,2024Q4,52
F0172,2025Q1,66
F0172,2025Q2,41
F0172,2025Q3,32
F0172,2025Q4,30
F0172,2026Q1,44
F0172,2026Q2,55
F0173,2021Q3,54
F0173,2021Q4,57
F0173,2022Q1,78
F0173,2022Q2,51
F0173,2022Q3,38
F0173,2022Q4,64
F0173,2023Q1,77
F0173,2023Q2,40
F0173,2023Q3,40
F0173,2023Q4,52
F0173,2024Q1,132
F0173,2024Q2,81
F0173,2024Q3,83
F0173,2024Q4,111
F0173,2025Q1,169
F0173,2025Q2,107
F0173,2025Q3,74
F0173,2025Q4,34
F0173,2026Q1,36
F0173,2026Q2,24
F0174,2021Q3,161
F0174,2021Q4,169
F0174,2022Q1,205
F0174,2022Q2,171
F0174,2022Q3,186
F0174,2022Q4,178
F0174,2023Q1,231
F0174,2023Q2,189
F0174,2023Q3,188
F0174,2023Q4,195
F0174,2024Q1,250
F0174,2024Q2,129
F0174,2024Q3,139
F0174,2024Q4,108
F0174,2025Q1,211
F0174,2025Q2,127
F0174,2025Q3,181
F0174,2025Q4,394
F0174,2026Q1,568
F0174,2026Q2,330
F0175,2021Q3,104
F0175,2021Q4,114
F0175,2022Q1,91
F0175,2022Q2,75
F0175,2022Q3,141
F0175,2022Q4,65
F0175,2023Q1,92
F0175,2023Q2,81
F0175,2023Q3,107
F0175,2023Q4,68
F0175,2024Q1,41
F0175,2024Q2,21
F0175,2024Q3,10
F0175,2024Q4,11
F0175,2025Q1,11
F0175,2025Q2,1
F0175,2025Q3,5
F0175,2025Q4,4
F0175,2026Q1,8
F0175,2026Q2,6
F0176,2021Q3,31
F0176,2021Q4,46
F0176,2022Q1,65
F0176,2022Q2,37
F0176,2022Q3,47
F0176,2022Q4,46
F0176,2023Q1,72
F0176,2023Q2,35
F0176,2023Q3,39
F0176,2023Q4,48
F0176,2024Q1,126
F0176,2024Q2,74
F0176,2024Q3,68
F0176,2024Q4,106
F0176,2025Q1,191
F0176,2025Q2,85
F0176,2025Q3,125
F0176,2025Q4,198
F0176,2026Q1,410
F0176,2026Q2,312
F0177,2021Q3,43
F0177,2021Q4,45
F0177,2022Q1,43
F0177,2022Q2,38
F0177,2022Q3,26
F0177,2022Q4,35
F0177,2023Q1,86
F0177,2023Q2,22
F0177,2023Q3,35
F0177,2023Q4,46
F0177,2024Q1,153
F0177,2024Q2,99
F0177,2024Q3,110
F0177,2024Q4,126
F0177,2025Q1,243
F0177,2025Q2,151
F0177,2025Q3,149
F0177,2025Q4,160
F0177,2026Q1,404
F0177,2026Q2,339
F0178,2021Q3,72
F0178,2021Q4,47
F0178,2022Q1,77
F0178,2022Q2,35
F0178,2022Q3,33
F0178,2022Q4,36
F0178,2023Q1,77
F0178,2023Q2,31
F0178,2023Q3,33
F0178,2023Q4,40
F0178,2024Q1,194
F0178,2024Q2,105
F0178,2024Q3,114
F0178,2024Q4,157
F0178,2025Q1,220
F0178,2025Q2,155
F0178,2025Q3,108
F0178,2025Q4,53
F0178,2026Q1,194
F0178,2026Q2,150
F0179,2021Q3,51
F0179,2021Q4,56
F0179,2022Q1,106
F0179,2022Q2,55
F0179,2022Q3,61
F0179,2022Q4,66
F0179,2023Q1,145
F0179,2023Q2,65
F0179,2023Q3,65
F0179,2023Q4,73
F0179,2024Q1,299
F0179,2024Q2,192
F0179,2024Q3,179
F0179,2024Q4,247
F0179,2025Q1,418
F0179,2025Q2,272
F0179,2025Q3,203
F0179,2025Q4,189
F0179,2026Q1,279
F0179,2026Q2,246
F0180,2021Q3,159
F0180,2021Q4,165
F0180,2022Q1,188
F0180,2022Q2,145
F0180,2022Q3,164
F0180,2022Q4,163
F0180,2023Q1,235
F0180,2023Q2,170
F0180,2023Q3,177
F0180,2023Q4,183
F0180,2024Q1,173
F0180,2024Q2,115
F0180,2024Q3,63
F0180,2024Q4,79
F0180,2025Q1,113
F0180,2025Q2,61
F0180,2025Q3,94
F0180,2025Q4,213
F0180,2026Q1,273
F0180,2026Q2,158
F0181,2021Q3,86
F0181,2021Q4,81
F0181,2022Q1,103
F0181,2022Q2,85
F0181,2022Q3,81
F0181,2022Q4,77
F0181,2023Q1,157
F0181,2023Q2,99
F0181,2023Q3,78
F0181,2023Q4,94
F0181,2024Q1,290
F0181,2024Q2,161
F0181,2024Q3,170
F0181,2024Q4,211
F0181,2025Q1,279
F0181,2025Q2,227
F0181,2025Q3,143
F0181,2025Q4,4
F0181,2026Q1,3
F0181,2026Q2,1
F0182,2021Q3,186
F0182,2021Q4,214
F0182,2022Q1,237
F0182,2022Q2,195
F0182,2022Q3,184
F0182,2022Q4,206
F0182,2023Q1,230
F0182,2023Q2,220
F0182,2023Q3,218
F0182,2023Q4,227
F0182,2024Q1,219
F0182,2024Q2,123
F0182,2024Q3,94
F0182,2024Q4,99
F0182,2025Q1,152
F0182,2025Q2,79
F0182,2025Q3,133
F0182,2025Q4,416
F0182,2026Q1,625
F0182,2026Q2,371
F0183,2021Q3,42
F0183,2021Q4,39
F0183,2022Q1,59
F0183,2022Q2,48
F0183,2022Q3,52
F0183,2022Q4,44
F0183,2023Q1,64
F0183,2023Q2,50
F0183,2023Q3,45
F0183,2023Q4,53
F0183,2024Q1,103
F0183,2024Q2,61
F0183,2024Q3,59
F0183,2024Q4,61
F0183,2025Q1,102
F0183,2025Q2,88
F0183,2025Q3,65
F0183,2025Q4,25
F0183,2026Q1,58
F0183,2026Q2,42
F0184,2021Q3,85
F0184,2021Q4,126
F0184,2022Q1,141
F0184,2022Q2,120
F0184,2022Q3,130
F0184,2022Q4,138
F0184,2023Q1,141
F0184,2023Q2,121
F0184,2023Q3,106
F0184,2023Q4,146
F0184,2024Q1,273
F0184,2024Q2,171
F0184,2024Q3,188
F0184,2024Q4,217
F0184,2025Q1,374
F0184,2025Q2,225
F0184,2025Q3,230
F0184,2025Q4,323
F0184,2026Q1,619
F0184,2026Q2,399
F0185,2021Q3,93
F0185,2021Q4,71
F0185,2022Q1,100
F0185,2022Q2,77
F0185,2022Q3,71
F0185,2022Q4,88
F0185,2023Q1,125
F0185,2023Q2,69
F0185,2023Q3,83
F0185,2023Q4,83
F0185,2024Q1,136
F0185,2024Q2,92
F0185,2024Q3,79
F0185,2024Q4,79
F0185,2025Q1,127
F0185,2025Q2,107
F0185,2025Q3,91
F0185,2025Q4,126
F0185,2026Q1,184
F0185,2026Q2,140
F0186,2021Q3,124
F0186,2021Q4,132
F0186,2022Q1,200
F0186,2022Q2,142
F0186,2022Q3,123
F0186,2022Q4,140
F0186,2023Q1,174
F0186,2023Q2,131
F0186,2023Q3,157
F0186,2023Q4,160
F0186,2024Q1,159
F0186,2024Q2,109
F0186,2024Q3,126
F0186,2024Q4,91
F0186,2025Q1,162
F0186,2025Q2,76
F0186,2025Q3,97
F0186,2025Q4,178
F0186,2026Q1,205
F0186,2026Q2,124
F0187,2021Q3,45
F0187,2021Q4,40
F0187,2022Q1,55
F0187,2022Q2,41
F0187,2022Q3,46
F0187,2022Q4,53
F0187,2023Q1,59
F0187,2023Q2,42
F0187,2023Q3,27
F0187,2023Q4,43
F0187,2024Q1,57
F0187,2024Q2,29
F0187,2024Q3,33
F0187,2024Q4,29
F0187,2025Q1,62
F0187,2025Q2,30
F0187,2025Q3,47
F0187,2025Q4,64
F0187,2026Q1,101
F0187,2026Q2,81
F0188,2021Q3,22
F0188,2021Q4,14
F0188,2022Q1,35
F0188,2022Q2,11
F0188,2022Q3,16
F0188,2022Q4,26
F0188,2023Q1,34
F0188,2023Q2,12
F0188,2023Q3,12
F0188,2023Q4,8
F0188,2024Q1,68
F0188,2024Q2,56
F0188,2024Q3,56
F0188,2024Q4,60
F0188,2025Q1,109
F0188,2025Q2,84
F0188,2025Q3,40
F0188,2025Q4,34
F0188,2026Q1,60
F0188,2026Q2,36
F0189,2021Q3,38
F0189,2021Q4,43
F0189,2022Q1,67
F0189,2022Q2,38
F0189,2022Q3,30
F0189,2022Q4,56
F0189,2023Q1,81
F0189,2023Q2,56
F0189,2023Q3,36
F0189,2023Q4,42
F0189,2024Q1,67
F0189,2024Q2,35
F0189,2024Q3,25
F0189,2024Q4,42
F0189,2025Q1,52
F0189,2025Q2,18
F0189,2025Q3,27
F0189,2025Q4,67
F0189,2026Q1,114
F0189,2026Q2,76
F0190,2021Q3,354
F0190,2021Q4,420
F0190,2022Q1,505
F0190,2022Q2,390
F0190,2022Q3,412
F0190,2022Q4,445
F0190,2023Q1,603
F0190,2023Q2,456
F0190,2023Q3,454
F0190,2023Q4,490
F0190,2024Q1,880
F0190,2024Q2,518
F0190,2024Q3,497
F0190,2024Q4,551
F0190,2025Q1,980
F0190,2025Q2,614
F0190,2025Q3,578
F0190,2025Q4,729
F0190,2026Q1,1188
F0190,2026Q2,791
F0191,2021Q3,98
F0191,2021Q4,102
F0191,2022Q1,94
F0191,2022Q2,94
F0191,2022Q3,95
F0191,2022Q4,113
F0191,2023Q1,92
F0191,2023Q2,95
F0191,2023Q3,83
F0191,2023Q4,82
F0191,2024Q1,109
F0191,2024Q2,89
F0191,2024Q3,98
F0191,2024Q4,93
F0191,2025Q1,138
F0191,2025Q2,82
F0191,2025Q3,95
F0191,2025Q4,192
F0191,2026Q1,319
F0191,2026Q2,226
F0192,2021Q3,184
F0192,2021Q4,184
F0192,2022Q1,315
F0192,2022Q2,233
F0192,2022Q3,176
F0192,2022Q4,217
F0192,2023Q1,295
F0192,2023Q2,200
F0192,2023Q3,188
F0192,2023Q4,218
F0192,2024Q1,352
F0192,2024Q2,361
F0192,2024Q3,241
F0192,2024Q4,320
F0192,2025Q1,372
F0192,2025Q2,360
F0192,2025Q3,235
F0192,2025Q4,44
F0192,2026Q1,56
F0192,2026Q2,36
F0193,2021Q3,207
F0193,2021Q4,230
F0193,2022Q1,264
F0193,2022Q2,223
F0193,2022Q3,250
F0193,2022Q4,275
F0193,2023Q1,298
F0193,2023Q2,234
F0193,2023Q3,238
F0193,2023Q4,250
F0193,2024Q1,348
F0193,2024Q2,256
F0193,2024Q3,256
F0193,2024Q4,249
F0193,2025Q1,331
F0193,2025Q2,276
F0193,2025Q3,287
F0193,2025Q4,393
F0193,2026Q1,442
F0193,2026Q2,348
F0194,2021Q3,17
F0194,2021Q4,18
F0194,2022Q1,25
F0194,2022Q2,24
F0194,2022Q3,19
F0194,2022Q4,22
F0194,2023Q1,34
F0194,2023Q2,9
F0194,2023Q3,24
F0194,2023Q4,17
F0194,2024Q1,78
F0194,2024Q2,49
F0194,2024Q3,58
F0194,2024Q4,61
F0194,2025Q1,126
F0194,2025Q2,66
F0194,2025Q3,62
F0194,2025Q4,81
F0194,2026Q1,263
F0194,2026Q2,249
F0195,2021Q3,178
F0195,2021Q4,183
F0195,2022Q1,226
F0195,2022Q2,150
F0195,2022Q3,158
F0195,2022Q4,182
F0195,2023Q1,212
F0195,2023Q2,182
F0195,2023Q3,157
F0195,2023Q4,183
F0195,2024Q1,249
F0195,2024Q2,167
F0195,2024Q3,138
F0195,2024Q4,150
F0195,2025Q1,220
F0195,2025Q2,186
F0195,2025Q3,176
F0195,2025Q4,145
F0195,2026Q1,256
F0195,2026Q2,153
F0196,2021Q3,10
F0196,2021Q4,12
F0196,2022Q1,17
F0196,2022Q2,5
F0196,2022Q3,13
F0196,2022Q4,7
F0196,2023Q1,19
F0196,2023Q2,11
F0196,2023Q3,10
F0196,2023Q4,10
F0196,2024Q1,62
F0196,2024Q2,26
F0196,2024Q3,44
F0196,2024Q4,35
F0196,2025Q1,73
F0196,2025Q2,55
F0196,2025Q3,39
F0196,2025Q4,21
F0196,2026Q1,61
F0196,2026Q2,42
F0197,2021Q3,36
F0197,2021Q4,40
F0197,2022Q1,52
F0197,2022Q2,49
F0197,2022Q3,32
F0197,2022Q4,47
F0197,2023Q1,55
F0197,2023Q2,36
F0197,2023Q3,35
F0197,2023Q4,37
F0197,2024Q1,76
F0197,2024Q2,33
F0197,2024Q3,46
F0197,2024Q4,42
F0197,2025Q1,65
F0197,2025Q2,48
F0197,2025Q3,37
F0197,2025Q4,59
F0197,2026Q1,62
F0197,2026Q2,45
F0198,2021Q3,173
F0198,2021Q4,196
F0198,2022Q1,199
F0198,2022Q2,172
F0198,2022Q3,181
F0198,2022Q4,192
F0198,2023Q1,252
F0198,2023Q2,217
F0198,2023Q3,211
F0198,2023Q4,200
F0198,2024Q1,267
F0198,2024Q2,149
F0198,2024Q3,132
F0198,2024Q4,137
F0198,2025Q1,203
F0198,2025Q2,126
F0198,2025Q3,173
F0198,2025Q4,306
F0198,2026Q1,396
F0198,2026Q2,286
F0199,2021Q3,254
F0199,2021Q4,239
F0199,2022Q1,322
F0199,2022Q2,255
F0199,2022Q3,294
F0199,2022Q4,295
F0199,2023Q1,366
F0199,2023Q2,321
F0199,2023Q3,284
F0199,2023Q4,355
F0199,2024Q1,407
F0199,2024Q2,261
F0199,2024Q3,229
F0199,2024Q4,219
F0199,2025Q1,402
F0199,2025Q2,206
F0199,2025Q3,264
F0199,2025Q4,530
F0199,2026Q1,761
F0199,2026Q2,412
F0200,2021Q3,4
F0200,2021Q4,8
F0200,2022Q1,9
F0200,2022Q2,14
F0200,2022Q3,9
F0200,2022Q4,8
F0200,2023Q1,13
F0200,2023Q2,6
F0200,2023Q3,9
F0200,2023Q4,12
F0200,2024Q1,17
F0200,2024Q2,11
F0200,2024Q3,10
F0200,2024Q4,17
F0200,2025Q1,13
F0200,2025Q2,5
F0200,2025Q3,10
F0200,2025Q4,2
F0200,2026Q1,6
F0200,2026Q2,3
F0201,2021Q3,81
F0201,2021Q4,80
F0201,2022Q1,133
F0201,2022Q2,91
F0201,2022Q3,82
F0201,2022Q4,100
F0201,2023Q1,139
F0201,2023Q2,114
F0201,2023Q3,83
F0201,2023Q4,110
F0201,2024Q1,116
F0201,2024Q2,64
F0201,2024Q3,66
F0201,2024Q4,77
F0201,2025Q1,296
F0201,2025Q2,71
F0201,2025Q3,148
F0201,2025Q4,340
F0201,2026Q1,612
F0201,2026Q2,350
F0202,2021Q3,95
F0202,2021Q4,106
F0202,2022Q1,150
F0202,2022Q2,104
F0202,2022Q3,96
F0202,2022Q4,126
F0202,2023Q1,155
F0202,2023Q2,104
F0202,2023Q3,126
F0202,2023Q4,97
F0202,2024Q1,177
F0202,2024Q2,126
F0202,2024Q3,115
F0202,2024Q4,128
F0202,2025Q1,258
F0202,2025Q2,127
F0202,2025Q3,160
F0202,2025Q4,279
F0202,2026Q1,525
F0202,2026Q2,345
F0203,2021Q3,94
F0203,2021Q4,112
F0203,2022Q1,160
F0203,2022Q2,110
F0203,2022Q3,83
F0203,2022Q4,92
F0203,2023Q1,141
F0203,2023Q2,114
F0203,2023Q3,80
F0203,2023Q4,93
F0203,2024Q1,103
F0203,2024Q2,75
F0203,2024Q3,73
F0203,2024Q4,54
F0203,2025Q1,129
F0203,2025Q2,64
F0203,2025Q3,75
F0203,2025Q4,144
F0203,2026Q1,269
F0203,2026Q2,185
F0204,2021Q3,73
F0204,2021Q4,80
F0204,2022Q1,86
F0204,2022Q2,63
F0204,2022Q3,52
F0204,2022Q4,63
F0204,2023Q1,93
F0204,2023Q2,67
F0204,2023Q3,76
F0204,2023Q4,66
F0204,2024Q1,294
F0204,2024Q2,204
F0204,2024Q3,213
F0204,2024Q4,266
F0204,2025Q1,446
F0204,2025Q2,278
F0204,2025Q3,217
F0204,2025Q4,72
F0204,2026Q1,146
F0204,2026Q2,99
F0205,2021Q3,32
F0205,2021Q4,40
F0205,2022Q1,74
F0205,2022Q2,50
F0205,2022Q3,41
F0205,2022Q4,47
F0205,2023Q1,54
F0205,2023Q2,51
F0205,2023Q3,52
F0205,2023Q4,41
F0205,2024Q1,77
F0205,2024Q2,62
F0205,2024Q3,50
F0205,2024Q4,69
F0205,2025Q1,77
F0205,2025Q2,52
F0205,2025Q3,55
F0205,2025Q4,70
F0205,2026Q1,100
F0205,2026Q2,63
F0206,2021Q3,117
F0206,2021Q4,118
F0206,2022Q1,200
F0206,2022Q2,135
F0206,2022Q3,131
F0206,2022Q4,143
F0206,2023Q1,147
F0206,2023Q2,133
F0206,2023Q3,119
F0206,2023Q4,124
F0206,2024Q1,183
F0206,2024Q2,123
F0206,2024Q3,138
F0206,2024Q4,125
F0206,2025Q1,186
F0206,2025Q2,121
F0206,2025Q3,139
F0206,2025Q4,244
F0206,2026Q1,326
F0206,2026Q2,230
F0207,2021Q3,196
F0207,2021Q4,250
F0207,2022Q1,249
F0207,2022Q2,185
F0207,2022Q3,198
F0207,2022Q4,299
F0207,2023Q1,242
F0207,2023Q2,233
F0207,2023Q3,194
F0207,2023Q4,245
F0207,2024Q1,323
F0207,2024Q2,259
F0207,2024Q3,263
F0207,2024Q4,316
F0207,2025Q1,270
F0207,2025Q2,229
F0207,2025Q3,149
F0207,2025Q4,2
F0207,2026Q1,1
F0207,2026Q2,1
F0208,2021Q3,195
F0208,2021Q4,266
F0208,2022Q1,343
F0208,2022Q2,281
F0208,2022Q3,252
F0208,2022Q4,334
F0208,2023Q1,442
F0208,2023Q2,344
F0208,2023Q3,340
F0208,2023Q4,386
F0208,2024Q1,578
F0208,2024Q2,348
F0208,2024Q3,399
F0208,2024Q4,421
F0208,2025Q1,727
F0208,2025Q2,482
F0208,2025Q3,547
F0208,2025Q4,682
F0208,2026Q1,973
F0208,2026Q2,608
F0209,2021Q3,65
F0209,2021Q4,60
F0209,2022Q1,66
F0209,2022Q2,50
F0209,2022Q3,39
F0209,2022Q4,65
F0209,2023Q1,93
F0209,2023Q2,58
F0209,2023Q3,42
F0209,2023Q4,48
F0209,2024Q1,170
F0209,2024Q2,92
F0209,2024Q3,83
F0209,2024Q4,129
F0209,2025Q1,200
F0209,2025Q2,120
F0209,2025Q3,82
F0209,2025Q4,11
F0209,2026Q1,29
F0209,2026Q2,22
F0210,2021Q3,81
F0210,2021Q4,80
F0210,2022Q1,100
F0210,2022Q2,82
F0210,2022Q3,83
F0210,2022Q4,74
F0210,2023Q1,139
F0210,2023Q2,87
F0210,2023Q3,96
F0210,2023Q4,128
F0210,2024Q1,219
F0210,2024Q2,164
F0210,2024Q3,129
F0210,2024Q4,152
F0210,2025Q1,410
F0210,2025Q2,256
F0210,2025Q3,278
F0210,2025Q4,431
F0210,2026Q1,830
F0210,2026Q2,561
F0211,2021Q3,75
F0211,2021Q4,58
F0211,2022Q1,80
F0211,2022Q2,47
F0211,2022Q3,57
F0211,2022Q4,64
F0211,2023Q1,63
F0211,2023Q2,57
F0211,2023Q3,70
F0211,2023Q4,63
F0211,2024Q1,79
F0211,2024Q2,57
F0211,2024Q3,59
F0211,2024Q4,49
F0211,2025Q1,131
F0211,2025Q2,53
F0211,2025Q3,66
F0211,2025Q4,180
F0211,2026Q1,309
F0211,2026Q2,211
F0212,2021Q3,19
F0212,2021Q4,16
F0212,2022Q1,32
F0212,2022Q2,19
F0212,2022Q3,29
F0212,2022Q4,27
F0212,2023Q1,33
F0212,2023Q2,24
F0212,2023Q3,28
F0212,2023Q4,24
F0212,2024Q1,40
F0212,2024Q2,21
F0212,2024Q3,29
F0212,2024Q4,34
F0212,2025Q1,70
F0212,2025Q2,49
F0212,2025Q3,42
F0212,2025Q4,75
F0212,2026Q1,144
F0212,2026Q2,72
F0213,2021Q3,64
F0213,2021Q4,77
F0213,2022Q1,96
F0213,2022Q2,76
F0213,2022Q3,74
F0213,2022Q4,88
F0213,2023Q1,148
F0213,2023Q2,85
F0213,2023Q3,88
F0213,2023Q4,104
F0213,2024Q1,179
F0213,2024Q2,90
F0213,2024Q3,75
F0213,2024Q4,100
F0213,2025Q1,215
F0213,2025Q2,130
F0213,2025Q3,187
F0213,2025Q4,315
F0213,2026Q1,668
F0213,2026Q2,466
F0214,2021Q3,159
F0214,2021Q4,135
F0214,2022Q1,204
F0214,2022Q2,141
F0214,2022Q3,144
F0214,2022Q4,165
F0214,2023Q1,225
F0214,2023Q2,154
F0214,2023Q3,132
F0214,2023Q4,164
F0214,2024Q1,240
F0214,2024Q2,159
F0214,2024Q3,127
F0214,2024Q4,113
F0214,2025Q1,194
F0214,2025Q2,147
F0214,2025Q3,139
F0214,2025Q4,240
F0214,2026Q1,349
F0214,2026Q2,232
F0215,2021Q3,23
F0215,2021Q4,35
F0215,2022Q1,46
F0215,2022Q2,32
F0215,2022Q3,28
F0215,2022Q4,37
F0215,2023Q1,46
F0215,2023Q2,36
F0215,2023Q3,30
F0215,2023Q4,34
F0215,2024Q1,36
F0215,2024Q2,15
F0215,2024Q3,18
F0215,2024Q4,18
F0215,2025Q1,43
F0215,2025Q2,12
F0215,2025Q3,34
F0215,2025Q4,109
F0215,2026Q1,169
F0215,2026Q2,98
F0216,2021Q3,74
F0216,2021Q4,83
F0216,2022Q1,133
F0216,2022Q2,94
F0216,2022Q3,92
F0216,2022Q4,94
F0216,2023Q1,157
F0216,2023Q2,70
F0216,2023Q3,78
F0216,2023Q4,85
F0216,2024Q1,274
F0216,2024Q2,141
F0216,2024Q3,150
F0216,2024Q4,182
F0216,2025Q1,343
F0216,2025Q2,221
F0216,2025Q3,168
F0216,2025Q4,105
F0216,2026Q1,171
F0216,2026Q2,131
F0217,2021Q3,49
F0217,2021Q4,68
F0217,2022Q1,98
F0217,2022Q2,55
F0217,2022Q3,62
F0217,2022Q4,95
F0217,2023Q1,143
F0217,2023Q2,88
F0217,2023Q3,88
F0217,2023Q4,100
F0217,2024Q1,173
F0217,2024Q2,96
F0217,2024Q3,102
F0217,2024Q4,97
F0217,2025Q1,270
F0217,2025Q2,147
F0217,2025Q3,132
F0217,2025Q4,234
F0217,2026Q1,421
F0217,2026Q2,277
F0218,2021Q3,34
F0218,2021Q4,48
F0218,2022Q1,53
F0218,2022Q2,38
F0218,2022Q3,34
F0218,2022Q4,34
F0218,2023Q1,61
F0218,2023Q2,41
F0218,2023Q3,33
F0218,2023Q4,39
F0218,2024Q1,80
F0218,2024Q2,30
F0218,2024Q3,52
F0218,2024Q4,59
F0218,2025Q1,89
F0218,2025Q2,61
F0218,2025Q3,59
F0218,2025Q4,57
F0218,2026Q1,111
F0218,2026Q2,87
F0219,2021Q3,41
F0219,2021Q4,48
F0219,2022Q1,59
F0219,2022Q2,40
F0219,2022Q3,55
F0219,2022Q4,46
F0219,2023Q1,62
F0219,2023Q2,42
F0219,2023Q3,40
F0219,2023Q4,50
F0219,2024Q1,77
F0219,2024Q2,34
F0219,2024Q3,61
F0219,2024Q4,38
F0219,2025Q1,70
F0219,2025Q2,46
F0219,2025Q3,53
F0219,2025Q4,34
F0219,2026Q1,41
F0219,2026Q2,25
F0220,2021Q3,64
F0220,2021Q4,57
F0220,2022Q1,96
F0220,2022Q2,57
F0220,2022Q3,50
F0220,2022Q4,64
F0220,2023Q1,112
F0220,2023Q2,65
F0220,2023Q3,61
F0220,2023Q4,59
F0220,2024Q1,146
F0220,2024Q2,72
F0220,2024Q3,74
F0220,2024Q4,69
F0220,2025Q1,125
F0220,2025Q2,83
F0220,2025Q3,61
F0220,2025Q4,18
F0220,2026Q1,29
F0220,2026Q2,26
F0221,2021Q3,182
F0221,2021Q4,196
F0221,2022Q1,236
F0221,2022Q2,194
F0221,2022Q3,158
F0221,2022Q4,178
F0221,2023Q1,257
F0221,2023Q2,200
F0221,2023Q3,194
F0221,2023Q4,183
F0221,2024Q1,340
F0221,2024Q2,236
F0221,2024Q3,250
F0221,2024Q4,277
F0221,2025Q1,403
F0221,2025Q2,260
F0221,2025Q3,280
F0221,2025Q4,393
F0221,2026Q1,502
F0221,2026Q2,369
F0222,2021Q3,64
F0222,2021Q4,49
F0222,2022Q1,69
F0222,2022Q2,40
F0222,2022Q3,52
F0222,2022Q4,39
F0222,2023Q1,80
F0222,2023Q2,68
F0222,2023Q3,50
F0222,2023Q4,60
F0222,2024Q1,90
F0222,2024Q2,49
F0222,2024Q3,50
F0222,2024Q4,39
F0222,2025Q1,123
F0222,2025Q2,66
F0222,2025Q3,73
F0222,2025Q4,96
F0222,2026Q1,184
F0222,2026Q2,90
F0223,2021Q3,33
F0223,2021Q4,26
F0223,2022Q1,56
F0223,2022Q2,23
F0223,2022Q3,26
F0223,2022Q4,32
F0223,2023Q1,48
F0223,2023Q2,27
F0223,2023Q3,14
F0223,2023Q4,40
F0223,2024Q1,82
F0223,2024Q2,18
F0223,2024Q3,27
F0223,2024Q4,44
F0223,2025Q1,49
F0223,2025Q2,42
F0223,2025Q3,31
F0223,2025Q4,0
F0223,2026Q1,0
F0223,2026Q2,0
F0224,2021Q3,133
F0224,2021Q4,166
F0224,2022Q1,199
F0224,2022Q2,144
F0224,2022Q3,142
F0224,2022Q4,201
F0224,2023Q1,184
F0224,2023Q2,161
F0224,2023Q3,152
F0224,2023Q4,161
F0224,2024Q1,277
F0224,2024Q2,204
F0224,2024Q3,150
F0224,2024Q4,193
F0224,2025Q1,349
F0224,2025Q2,210
F0224,2025Q3,176
F0224,2025Q4,349
F0224,2026Q1,597
F0224,2026Q2,390
F0225,2021Q3,60
F0225,2021Q4,60
F0225,2022Q1,81
F0225,2022Q2,48
F0225,2022Q3,55
F0225,2022Q4,59
F0225,2023Q1,90
F0225,2023Q2,48
F0225,2023Q3,59
F0225,2023Q4,71
F0225,2024Q1,105
F0225,2024Q2,62
F0225,2024Q3,44
F0225,2024Q4,64
F0225,2025Q1,100
F0225,2025Q2,61
F0225,2025Q3,56
F0225,2025Q4,49
F0225,2026Q1,62
F0225,2026Q2,41
F0226,2021Q3,117
F0226,2021Q4,118
F0226,2022Q1,165
F0226,2022Q2,146
F0226,2022Q3,123
F0226,2022Q4,151
F0226,2023Q1,203
F0226,2023Q2,134
F0226,2023Q3,147
F0226,2023Q4,148
F0226,2024Q1,276
F0226,2024Q2,203
F0226,2024Q3,175
F0226,2024Q4,191
F0226,2025Q1,360
F0226,2025Q2,233
F0226,2025Q3,230
F0226,2025Q4,289
F0226,2026Q1,488
F0226,2026Q2,363
F0227,2021Q3,91
F0227,2021Q4,99
F0227,2022Q1,134
F0227,2022Q2,97
F0227,2022Q3,113
F0227,2022Q4,130
F0227,2023Q1,178
F0227,2023Q2,86
F0227,2023Q3,96
F0227,2023Q4,98
F0227,2024Q1,223
F0227,2024Q2,181
F0227,2024Q3,206
F0227,2024Q4,202
F0227,2025Q1,251
F0227,2025Q2,211
F0227,2025Q3,173
F0227,2025Q4,30
F0227,2026Q1,41
F0227,2026Q2,27
F0228,2021Q3,72
F0228,2021Q4,80
F0228,2022Q1,96
F0228,2022Q2,84
F0228,2022Q3,70
F0228,2022Q4,79
F0228,2023Q1,112
F0228,2023Q2,98
F0228,2023Q3,87
F0228,2023Q4,103
F0228,2024Q1,163
F0228,2024Q2,95
F0228,2024Q3,114
F0228,2024Q4,112
F0228,2025Q1,183
F0228,2025Q2,113
F0228,2025Q3,130
F0228,2025Q4,209
F0228,2026Q1,353
F0228,2026Q2,228
F0229,2021Q3,78
F0229,2021Q4,105
F0229,2022Q1,148
F0229,2022Q2,92
F0229,2022Q3,107
F0229,2022Q4,104
F0229,2023Q1,175
F0229,2023Q2,77
F0229,2023Q3,82
F0229,2023Q4,105
F0229,2024Q1,458
F0229,2024Q2,237
F0229,2024Q3,323
F0229,2024Q4,362
F0229,2025Q1,606
F0229,2025Q2,367
F0229,2025Q3,304
F0229,2025Q4,132
F0229,2026Q1,168
F0229,2026Q2,110
F0230,2021Q3,485
F0230,2021Q4,508
F0230,2022Q1,655
F0230,2022Q2,488
F0230,2022Q3,487
F0230,2022Q4,555
F0230,2023Q1,829
F0230,2023Q2,604
F0230,2023Q3,558
F0230,2023Q4,593
F0230,2024Q1,825
F0230,2024Q2,529
F0230,2024Q3,480
F0230,2024Q4,506
F0230,2025Q1,849
F0230,2025Q2,668
F0230,2025Q3,699
F0230,2025Q4,1111
F0230,2026Q1,1268
F0230,2026Q2,884
F0231,2021Q3,40
F0231,2021Q4,56
F0231,2022Q1,60
F0231,2022Q2,50
F0231,2022Q3,33
F0231,2022Q4,44
F0231,2023Q1,64
F0231,2023Q2,63
F0231,2023Q3,45
F0231,2023Q4,45
F0231,2024Q1,70
F0231,2024Q2,52
F0231,2024Q3,41
F0231,2024Q4,40
F0231,2025Q1,135
F0231,2025Q2,59
F0231,2025Q3,64
F0231,2025Q4,173
F0231,2026Q1,383
F0231,2026Q2,258
F0232,2021Q3,68
F0232,2021Q4,70
F0232,2022Q1,98
F0232,2022Q2,70
F0232,2022Q3,72
F0232,2022Q4,60
F0232,2023Q1,100
F0232,2023Q2,47
F0232,2023Q3,71
F0232,2023Q4,58
F0232,2024Q1,107
F0232,2024Q2,66
F0232,2024Q3,88
F0232,2024Q4,80
F0232,2025Q1,112
F0232,2025Q2,91
F0232,2025Q3,78
F0232,2025Q4,13
F0232,2026Q1,30
F0232,2026Q2,19
F0233,2021Q3,17
F0233,2021Q4,27
F0233,2022Q1,22
F0233,2022Q2,17
F0233,2022Q3,13
F0233,2022Q4,24
F0233,2023Q1,41
F0233,2023Q2,14
F0233,2023Q3,14
F0233,2023Q4,23
F0233,2024Q1,76
F0233,2024Q2,46
F0233,2024Q3,41
F0233,2024Q4,62
F0233,2025Q1,89
F0233,2025Q2,66
F0233,2025Q3,49
F0233,2025Q4,53
F0233,2026Q1,120
F0233,2026Q2,64
F0234,2021Q3,152
F0234,2021Q4,175
F0234,2022Q1,200
F0234,2022Q2,164
F0234,2022Q3,133
F0234,2022Q4,183
F0234,2023Q1,187
F0234,2023Q2,174
F0234,2023Q3,159
F0234,2023Q4,155
F0234,2024Q1,197
F0234,2024Q2,122
F0234,2024Q3,119
F0234,2024Q4,118
F0234,2025Q1,182
F0234,2025Q2,105
F0234,2025Q3,120
F0234,2025Q4,226
F0234,2026Q1,302
F0234,2026Q2,169
F0235,2021Q3,125
F0235,2021Q4,101
F0235,2022Q1,147
F0235,2022Q2,121
F0235,2022Q3,95
F0235,2022Q4,139
F0235,2023Q1,172
F0235,2023Q2,108
F0235,2023Q3,105
F0235,2023Q4,129
F0235,2024Q1,228
F0235,2024Q2,144
F0235,2024Q3,144
F0235,2024Q4,142
F0235,2025Q1,236
F0235,2025Q2,156
F0235,2025Q3,153
F0235,2025Q4,98
F0235,2026Q1,123
F0235,2026Q2,69
F0236,2021Q3,11
F0236,2021Q4,13
F0236,2022Q1,17
F0236,2022Q2,14
F0236,2022Q3,8
F0236,2022Q4,23
F0236,2023Q1,25
F0236,2023Q2,14
F0236,2023Q3,14
F0236,2023Q4,11
F0236,2024Q1,28
F0236,2024Q2,16
F0236,2024Q3,16
F0236,2024Q4,21
F0236,2025Q1,26
F0236,2025Q2,17
F0236,2025Q3,17
F0236,2025Q4,13
F0236,2026Q1,21
F0236,2026Q2,29
F0237,2021Q3,40
F0237,2021Q4,43
F0237,2022Q1,61
F0237,2022Q2,35
F0237,2022Q3,35
F0237,2022Q4,33
F0237,2023Q1,53
F0237,2023Q2,23
F0237,2023Q3,35
F0237,2023Q4,42
F0237,2024Q1,74
F0237,2024Q2,48
F0237,2024Q3,41
F0237,2024Q4,67
F0237,2025Q1,100
F0237,2025Q2,80
F0237,2025Q3,52
F0237,2025Q4,95
F0237,2026Q1,142
F0237,2026Q2,92
F0238,2021Q3,46
F0238,2021Q4,66
F0238,2022Q1,123
F0238,2022Q2,57
F0238,2022Q3,64
F0238,2022Q4,76
F0238,2023Q1,156
F0238,2023Q2,63
F0238,2023Q3,72
F0238,2023Q4,95
F0238,2024Q1,528
F0238,2024Q2,355
F0238,2024Q3,454
F0238,2024Q4,491
F0238,2025Q1,997
F0238,2025Q2,643
F0238,2025Q3,604
F0238,2025Q4,104
F0238,2026Q1,252
F0238,2026Q2,199
F0239,2021Q3,44
F0239,2021Q4,32
F0239,2022Q1,63
F0239,2022Q2,39
F0239,2022Q3,46
F0239,2022Q4,46
F0239,2023Q1,69
F0239,2023Q2,52
F0239,2023Q3,41
F0239,2023Q4,40
F0239,2024Q1,118
F0239,2024Q2,43
F0239,2024Q3,62
F0239,2024Q4,65
F0239,2025Q1,113
F0239,2025Q2,61
F0239,2025Q3,56
F0239,2025Q4,18
F0239,2026Q1,28
F0239,2026Q2,15
F0240,2021Q3,94
F0240,2021Q4,74
F0240,2022Q1,128
F0240,2022Q2,80
F0240,2022Q3,86
F0240,2022Q4,104
F0240,2023Q1,125
F0240,2023Q2,84
F0240,2023Q3,100
F0240,2023Q4,88
F0240,2024Q1,181
F0240,2024Q2,91
F0240,2024Q3,113
F0240,2024Q4,128
F0240,2025Q1,173
F0240,2025Q2,118
F0240,2025Q3,97
F0240,2025Q4,84
F0240,2026Q1,106
F0240,2026Q2,72
F0241,2021Q3,95
F0241,2021Q4,124
F0241,2022Q1,155
F0241,2022Q2,110
F0241,2022Q3,94
F0241,2022Q4,128
F0241,2023Q1,158
F0241,2023Q2,85
F0241,2023Q3,92
F0241,2023Q4,93
F0241,2024Q1,161
F0241,2024Q2,102
F0241,2024Q3,66
F0241,2024Q4,79
F0241,2025Q1,183
F0241,2025Q2,97
F0241,2025Q3,116
F0241,2025Q4,143
F0241,2026Q1,371
F0241,2026Q2,213
F0242,2021Q3,80
F0242,2021Q4,71
F0242,2022Q1,122
F0242,2022Q2,91
F0242,2022Q3,82
F0242,2022Q4,94
F0242,2023Q1,114
F0242,2023Q2,107
F0242,2023Q3,85
F0242,2023Q4,80
F0242,2024Q1,97
F0242,2024Q2,78
F0242,2024Q3,80
F0242,2024Q4,77
F0242,2025Q1,112
F0242,2025Q2,75
F0242,2025Q3,59
F0242,2025Q4,127
F0242,2026Q1,200
F0242,2026Q2,93
F0243,2021Q3,92
F0243,2021Q4,110
F0243,2022Q1,174
F0243,2022Q2,106
F0243,2022Q3,104
F0243,2022Q4,105
F0243,2023Q1,149
F0243,2023Q2,104
F0243,2023Q3,122
F0243,2023Q4,102
F0243,2024Q1,184
F0243,2024Q2,114
F0243,2024Q3,90
F0243,2024Q4,102
F0243,2025Q1,228
F0243,2025Q2,139
F0243,2025Q3,186
F0243,2025Q4,348
F0243,2026Q1,620
F0243,2026Q2,426
F0244,2021Q3,23
F0244,2021Q4,23
F0244,2022Q1,44
F0244,2022Q2,24
F0244,2022Q3,29
F0244,2022Q4,26
F0244,2023Q1,25
F0244,2023Q2,26
F0244,2023Q3,24
F0244,2023Q4,24
F0244,2024Q1,73
F0244,2024Q2,48
F0244,2024Q3,54
F0244,2024Q4,51
F0244,2025Q1,75
F0244,2025Q2,71
F0244,2025Q3,42
F0244,2025Q4,2
F0244,2026Q1,6
F0244,2026Q2,4
F0245,2021Q3,295
F0245,2021Q4,332
F0245,2022Q1,387
F0245,2022Q2,300
F0245,2022Q3,333
F0245,2022Q4,347
F0245,2023Q1,421
F0245,2023Q2,345
F0245,2023Q3,348
F0245,2023Q4,334
F0245,2024Q1,379
F0245,2024Q2,226
F0245,2024Q3,176
F0245,2024Q4,184
F0245,2025Q1,265
F0245,2025Q2,147
F0245,2025Q3,144
F0245,2025Q4,265
F0245,2026Q1,303
F0245,2026Q2,186
F0246,2021Q3,136
F0246,2021Q4,117
F0246,2022Q1,172
F0246,2022Q2,119
F0246,2022Q3,134
F0246,2022Q4,179
F0246,2023Q1,176
F0246,2023Q2,148
F0246,2023Q3,136
F0246,2023Q4,134
F0246,2024Q1,202
F0246,2024Q2,139
F0246,2024Q3,147
F0246,2024Q4,158
F0246,2025Q1,263
F0246,2025Q2,178
F0246,2025Q3,165
F0246,2025Q4,416
F0246,2026Q1,507
F0246,2026Q2,366
F0247,2021Q3,67
F0247,2021Q4,70
F0247,2022Q1,126
F0247,2022Q2,64
F0247,2022Q3,87
F0247,2022Q4,83
F0247,2023Q1,124
F0247,2023Q2,79
F0247,2023Q3,94
F0247,2023Q4,81
F0247,2024Q1,180
F0247,2024Q2,143
F0247,2024Q3,133
F0247,2024Q4,127
F0247,2025Q1,196
F0247,2025Q2,176
F0247,2025Q3,134
F0247,2025Q4,37
F0247,2026Q1,55
F0247,2026Q2,58
F0248,2021Q3,37
F0248,2021Q4,51
F0248,2022Q1,92
F0248,2022Q2,59
F0248,2022Q3,50
F0248,2022Q4,66
F0248,2023Q1,90
F0248,2023Q2,55
F0248,2023Q3,62
F0248,2023Q4,75
F0248,2024Q1,297
F0248,2024Q2,155
F0248,2024Q3,152
F0248,2024Q4,181
F0248,2025Q1,341
F0248,2025Q2,215
F0248,2025Q3,188
F0248,2025Q4,102
F0248,2026Q1,228
F0248,2026Q2,182
F0249,2021Q3,63
F0249,2021Q4,68
F0249,2022Q1,109
F0249,2022Q2,61
F0249,2022Q3,76
F0249,2022Q4,97
F0249,2023Q1,123
F0249,2023Q2,91
F0249,2023Q3,87
F0249,2023Q4,98
F0249,2024Q1,131
F0249,2024Q2,76
F0249,2024Q3,55
F0249,2024Q4,85
F0249,2025Q1,128
F0249,2025Q2,84
F0249,2025Q3,88
F0249,2025Q4,218
F0249,2026Q1,354
F0249,2026Q2,164
F0250,2021Q3,23
F0250,2021Q4,24
F0250,2022Q1,40
F0250,2022Q2,29
F0250,2022Q3,13
F0250,2022Q4,21
F0250,2023Q1,36
F0250,2023Q2,30
F0250,2023Q3,21
F0250,2023Q4,26
F0250,2024Q1,36
F0250,2024Q2,13
F0250,2024Q3,17
F0250,2024Q4,22
F0250,2025Q1,42
F0250,2025Q2,36
F0250,2025Q3,29
F0250,2025Q4,82
F0250,2026Q1,89
F0250,2026Q2,68
F0251,2021Q3,69
F0251,2021Q4,74
F0251,2022Q1,94
F0251,2022Q2,78
F0251,2022Q3,67
F0251,2022Q4,67
F0251,2023Q1,98
F0251,2023Q2,83
F0251,2023Q3,76
F0251,2023Q4,75
F0251,2024Q1,226
F0251,2024Q2,147
F0251,2024Q3,165
F0251,2024Q4,171
F0251,2025Q1,327
F0251,2025Q2,186
F0251,2025Q3,186
F0251,2025Q4,111
F0251,2026Q1,228
F0251,2026Q2,159
F0252,2021Q3,112
F0252,2021Q4,111
F0252,2022Q1,134
F0252,2022Q2,103
F0252,2022Q3,113
F0252,2022Q4,137
F0252,2023Q1,160
F0252,2023Q2,117
F0252,2023Q3,106
F0252,2023Q4,151
F0252,2024Q1,162
F0252,2024Q2,109
F0252,2024Q3,106
F0252,2024Q4,91
F0252,2025Q1,278
F0252,2025Q2,112
F0252,2025Q3,219
F0252,2025Q4,645
F0252,2026Q1,1265
F0252,2026Q2,740
F0253,2021Q3,276
F0253,2021Q4,296
F0253,2022Q1,394
F0253,2022Q2,266
F0253,2022Q3,319
F0253,2022Q4,327
F0253,2023Q1,394
F0253,2023Q2,367
F0253,2023Q3,329
F0253,2023Q4,377
F0253,2024Q1,500
F0253,2024Q2,374
F0253,2024Q3,353
F0253,2024Q4,354
F0253,2025Q1,621
F0253,2025Q2,339
F0253,2025Q3,391
F0253,2025Q4,675
F0253,2026Q1,1139
F0253,2026Q2,667
F0254,2021Q3,14
F0254,2021Q4,23
F0254,2022Q1,28
F0254,2022Q2,37
F0254,2022Q3,32
F0254,2022Q4,36
F0254,2023Q1,40
F0254,2023Q2,26
F0254,2023Q3,22
F0254,2023Q4,32
F0254,2024Q1,24
F0254,2024Q2,23
F0254,2024Q3,14
F0254,2024Q4,24
F0254,2025Q1,20
F0254,2025Q2,13
F0254,2025Q3,13
F0254,2025Q4,0
F0254,2026Q1,0
F0254,2026Q2,0
F0255,2021Q3,65
F0255,2021Q4,74
F0255,2022Q1,117
F0255,2022Q2,53
F0255,2022Q3,79
F0255,2022Q4,70
F0255,2023Q1,106
F0255,2023Q2,71
F0255,2023Q3,74
F0255,2023Q4,70
F0255,2024Q1,145
F0255,2024Q2,122
F0255,2024Q3,104
F0255,2024Q4,142
F0255,2025Q1,146
F0255,2025Q2,120
F0255,2025Q3,62
F0255,2025Q4,1
F0255,2026Q1,1
F0255,2026Q2,3
F0256,2021Q3,105
F0256,2021Q4,143
F0256,2022Q1,155
F0256,2022Q2,116
F0256,2022Q3,128
F0256,2022Q4,139
F0256,2023Q1,186
F0256,2023Q2,115
F0256,2023Q3,139
F0256,2023Q4,125
F0256,2024Q1,115
F0256,2024Q2,70
F0256,2024Q3,83
F0256,2024Q4,79
F0256,2025Q1,139
F0256,2025Q2,67
F0256,2025Q3,93
F0256,2025Q4,174
F0256,2026Q1,299
F0256,2026Q2,118
F0257,2021Q3,76
F0257,2021Q4,75
F0257,2022Q1,101
F0257,2022Q2,80
F0257,2022Q3,91
F0257,2022Q4,82
F0257,2023Q1,117
F0257,2023Q2,88
F0257,2023Q3,83
F0257,2023Q4,77
F0257,2024Q1,123
F0257,2024Q2,61
F0257,2024Q3,53
F0257,2024Q4,55
F0257,2025Q1,123
F0257,2025Q2,58
F0257,2025Q3,70
F0257,2025Q4,187
F0257,2026Q1,310
F0257,2026Q2,175
F0258,2021Q3,86
F0258,2021Q4,83
F0258,2022Q1,99
F0258,2022Q2,93
F0258,2022Q3,99
F0258,2022Q4,80
F0258,2023Q1,89
F0258,2023Q2,96
F0258,2023Q3,68
F0258,2023Q4,90
F0258,2024Q1,86
F0258,2024Q2,51
F0258,2024Q3,58
F0258,2024Q4,64
F0258,2025Q1,94
F0258,2025Q2,59
F0258,2025Q3,59
F0258,2025Q4,112
F0258,2026Q1,170
F0258,2026Q2,97
F0259,2021Q3,187
F0259,2021Q4,176
F0259,2022Q1,185
F0259,2022Q2,177
F0259,2022Q3,203
F0259,2022Q4,215
F0259,2023Q1,382
F0259,2023Q2,195
F0259,2023Q3,175
F0259,2023Q4,188
F0259,2024Q1,440
F0259,2024Q2,317
F0259,2024Q3,341
F0259,2024Q4,356
F0259,2025Q1,553
F0259,2025Q2,366
F0259,2025Q3,317
F0259,2025Q4,216
F0259,2026Q1,392
F0259,2026Q2,312
F0260,2021Q3,146
F0260,2021Q4,136
F0260,2022Q1,178
F0260,2022Q2,155
F0260,2022Q3,130
F0260,2022Q4,154
F0260,2023Q1,202
F0260,2023Q2,134
F0260,2023Q3,129
F0260,2023Q4,124
F0260,2024Q1,254
F0260,2024Q2,139
F0260,2024Q3,156
F0260,2024Q4,167
F0260,2025Q1,249
F0260,2025Q2,181
F0260,2025Q3,159
F0260,2025Q4,166
F0260,2026Q1,267
F0260,2026Q2,198
F0261,2021Q3,165
F0261,2021Q4,185
F0261,2022Q1,225
F0261,2022Q2,164
F0261,2022Q3,160
F0261,2022Q4,177
F0261,2023Q1,296
F0261,2023Q2,165
F0261,2023Q3,152
F0261,2023Q4,182
F0261,2024Q1,555
F0261,2024Q2,339
F0261,2024Q3,389
F0261,2024Q4,440
F0261,2025Q1,518
F0261,2025Q2,441
F0261,2025Q3,281
F0261,2025Q4,6
F0261,2026Q1,0
F0261,2026Q2,0
F0262,2021Q3,48
F0262,2021Q4,42
F0262,2022Q1,60
F0262,2022Q2,53
F0262,2022Q3,35
F0262,2022Q4,51
F0262,2023Q1,80
F0262,2023Q2,48
F0262,2023Q3,48
F0262,2023Q4,49
F0262,2024Q1,111
F0262,2024Q2,65
F0262,2024Q3,52
F0262,2024Q4,64
F0262,2025Q1,115
F0262,2025Q2,59
F0262,2025Q3,61
F0262,2025Q4,22
F0262,2026Q1,34
F0262,2026Q2,27
F0263,2021Q3,10
F0263,2021Q4,11
F0263,2022Q1,26
F0263,2022Q2,21
F0263,2022Q3,21
F0263,2022Q4,15
F0263,2023Q1,21
F0263,2023Q2,10
F0263,2023Q3,11
F0263,2023Q4,22
F0263,2024Q1,10
F0263,2024Q2,10
F0263,2024Q3,7
F0263,2024Q4,15
F0263,2025Q1,16
F0263,2025Q2,7
F0263,2025Q3,6
F0263,2025Q4,6
F0263,2026Q1,12
F0263,2026Q2,2
F0264,2021Q3,15
F0264,2021Q4,27
F0264,2022Q1,40
F0264,2022Q2,14
F0264,2022Q3,26
F0264,2022Q4,32
F0264,2023Q1,33
F0264,2023Q2,22
F0264,2023Q3,31
F0264,2023Q4,33
F0264,2024Q1,117
F0264,2024Q2,59
F0264,2024Q3,74
F0264,2024Q4,92
F0264,2025Q1,174
F0264,2025Q2,86
F0264,2025Q3,95
F0264,2025Q4,94
F0264,2026Q1,208
F0264,2026Q2,128
F0265,2021Q3,41
F0265,2021Q4,39
F0265,2022Q1,56
F0265,2022Q2,46
F0265,2022Q3,40
F0265,2022Q4,39
F0265,2023Q1,65
F0265,2023Q2,36
F0265,2023Q3,31
F0265,2023Q4,37
F0265,2024Q1,120
F0265,2024Q2,87
F0265,2024Q3,91
F0265,2024Q4,119
F0265,2025Q1,149
F0265,2025Q2,108
F0265,2025Q3,99
F0265,2025Q4,62
F0265,2026Q1,104
F0265,2026Q2,80
F0266,2021Q3,93
F0266,2021Q4,146
F0266,2022Q1,178
F0266,2022Q2,131
F0266,2022Q3,149
F0266,2022Q4,131
F0266,2023Q1,201
F0266,2023Q2,126
F0266,2023Q3,139
F0266,2023Q4,141
F0266,2024Q1,248
F0266,2024Q2,139
F0266,2024Q3,167
F0266,2024Q4,173
F0266,2025Q1,284
F0266,2025Q2,163
F0266,2025Q3,198
F0266,2025Q4,231
F0266,2026Q1,338
F0266,2026Q2,235
F0267,2021Q3,145
F0267,2021Q4,139
F0267,2022Q1,175
F0267,2022Q2,135
F0267,2022Q3,151
F0267,2022Q4,129
F0267,2023Q1,194
F0267,2023Q2,116
F0267,2023Q3,116
F0267,2023Q4,127
F0267,2024Q1,119
F0267,2024Q2,67
F0267,2024Q3,56
F0267,2024Q4,59
F0267,2025Q1,93
F0267,2025Q2,48
F0267,2025Q3,57
F0267,2025Q4,174
F0267,2026Q1,198
F0267,2026Q2,122
F0268,2021Q3,30
F0268,2021Q4,36
F0268,2022Q1,49
F0268,2022Q2,35
F0268,2022Q3,29
F0268,2022Q4,31
F0268,2023Q1,45
F0268,2023Q2,29
F0268,2023Q3,23
F0268,2023Q4,21
F0268,2024Q1,55
F0268,2024Q2,29
F0268,2024Q3,39
F0268,2024Q4,37
F0268,2025Q1,66
F0268,2025Q2,26
F0268,2025Q3,26
F0268,2025Q4,48
F0268,2026Q1,66
F0268,2026Q2,56
F0269,2021Q3,170
F0269,2021Q4,177
F0269,2022Q1,246
F0269,2022Q2,158
F0269,2022Q3,173
F0269,2022Q4,195
F0269,2023Q1,226
F0269,2023Q2,202
F0269,2023Q3,205
F0269,2023Q4,203
F0269,2024Q1,288
F0269,2024Q2,165
F0269,2024Q3,163
F0269,2024Q4,139
F0269,2025Q1,341
F0269,2025Q2,161
F0269,2025Q3,219
F0269,2025Q4,469
F0269,2026Q1,897
F0269,2026Q2,455
F0270,2021Q3,203
F0270,2021Q4,221
F0270,2022Q1,336
F0270,2022Q2,213
F0270,2022Q3,242
F0270,2022Q4,222
F0270,2023Q1,308
F0270,2023Q2,270
F0270,2023Q3,232
F0270,2023Q4,241
F0270,2024Q1,444
F0270,2024Q2,282
F0270,2024Q3,273
F0270,2024Q4,279
F0270,2025Q1,523
F0270,2025Q2,336
F0270,2025Q3,314
F0270,2025Q4,356
F0270,2026Q1,685
F0270,2026Q2,418
F0271,2021Q3,391
F0271,2021Q4,416
F0271,2022Q1,514
F0271,2022Q2,404
F0271,2022Q3,403
F0271,2022Q4,476
F0271,2023Q1,628
F0271,2023Q2,470
F0271,2023Q3,456
F0271,2023Q4,518
F0271,2024Q1,1000
F0271,2024Q2,580
F0271,2024Q3,711
F0271,2024Q4,783
F0271,2025Q1,1211
F0271,2025Q2,750
F0271,2025Q3,785
F0271,2025Q4,892
F0271,2026Q1,1455
F0271,2026Q2,1065
F0272,2021Q3,4
F0272,2021Q4,8
F0272,2022Q1,4
F0272,2022Q2,5
F0272,2022Q3,3
F0272,2022Q4,3
F0272,2023Q1,13
F0272,2023Q2,8
F0272,2023Q3,1
F0272,2023Q4,3
F0272,2024Q1,15
F0272,2024Q2,0
F0272,2024Q3,9
F0272,2024Q4,8
F0272,2025Q1,31
F0272,2025Q2,10
F0272,2025Q3,10
F0272,2025Q4,11
F0272,2026Q1,54
F0272,2026Q2,12
F0273,2021Q3,157
F0273,2021Q4,150
F0273,2022Q1,202
F0273,2022Q2,164
F0273,2022Q3,135
F0273,2022Q4,161
F0273,2023Q1,190
F0273,2023Q2,157
F0273,2023Q3,148
F0273,2023Q4,129
F0273,2024Q1,245
F0273,2024Q2,136
F0273,2024Q3,111
F0273,2024Q4,134
F0273,2025Q1,251
F0273,2025Q2,132
F0273,2025Q3,122
F0273,2025Q4,208
F0273,2026Q1,315
F0273,2026Q2,211
F0274,2021Q3,81
F0274,2021Q4,69
F0274,2022Q1,122
F0274,2022Q2,78
F0274,2022Q3,78
F0274,2022Q4,79
F0274,2023Q1,126
F0274,2023Q2,82
F0274,2023Q3,78
F0274,2023Q4,99
F0274,2024Q1,103
F0274,2024Q2,77
F0274,2024Q3,82
F0274,2024Q4,80
F0274,2025Q1,127
F0274,2025Q2,59
F0274,2025Q3,84
F0274,2025Q4,88
F0274,2026Q1,150
F0274,2026Q2,90
F0275,2021Q3,54
F0275,2021Q4,44
F0275,2022Q1,102
F0275,2022Q2,43
F0275,2022Q3,57
F0275,2022Q4,50
F0275,2023Q1,112
F0275,2023Q2,31
F0275,2023Q3,47
F0275,2023Q4,66
F0275,2024Q1,325
F0275,2024Q2,216
F0275,2024Q3,259
F0275,2024Q4,290
F0275,2025Q1,495
F0275,2025Q2,363
F0275,2025Q3,261
F0275,2025Q4,118
F0275,2026Q1,265
F0275,2026Q2,275
F0276,2021Q3,47
F0276,2021Q4,65
F0276,2022Q1,77
F0276,2022Q2,67
F0276,2022Q3,53
F0276,2022Q4,64
F0276,2023Q1,112
F0276,2023Q2,80
F0276,2023Q3,62
F0276,2023Q4,66
F0276,2024Q1,188
F0276,2024Q2,127
F0276,2024Q3,87
F0276,2024Q4,156
F0276,2025Q1,199
F0276,2025Q2,138
F0276,2025Q3,86
F0276,2025Q4,8
F0276,2026Q1,14
F0276,2026Q2,13
F0277,2021Q3,12
F0277,2021Q4,25
F0277,2022Q1,27
F0277,2022Q2,17
F0277,2022Q3,14
F0277,2022Q4,24
F0277,2023Q1,31
F0277,2023Q2,20
F0277,2023Q3,22
F0277,2023Q4,31
F0277,2024Q1,30
F0277,2024Q2,15
F0277,2024Q3,17
F0277,2024Q4,13
F0277,2025Q1,48
F0277,2025Q2,24
F0277,2025Q3,20
F0277,2025Q4,76
F0277,2026Q1,129
F0277,2026Q2,83
F0278,2021Q3,47
F0278,2021Q4,41
F0278,2022Q1,53
F0278,2022Q2,32
F0278,2022Q3,31
F0278,2022Q4,44
F0278,2023Q1,49
F0278,2023Q2,38
F0278,2023Q3,53
F0278,2023Q4,35
F0278,2024Q1,68
F0278,2024Q2,51
F0278,2024Q3,60
F0278,2024Q4,46
F0278,2025Q1,89
F0278,2025Q2,58
F0278,2025Q3,47
F0278,2025Q4,63
F0278,2026Q1,106
F0278,2026Q2,73
F0279,2021Q3,83
F0279,2021Q4,85
F0279,2022Q1,86
F0279,2022Q2,70
F0279,2022Q3,79
F0279,2022Q4,81
F0279,2023Q1,95
F0279,2023Q2,83
F0279,2023Q3,68
F0279,2023Q4,75
F0279,2024Q1,95
F0279,2024Q2,54
F0279,2024Q3,53
F0279,2024Q4,59
F0279,2025Q1,109
F0279,2025Q2,63
F0279,2025Q3,78
F0279,2025Q4,152
F0279,2026Q1,249
F0279,2026Q2,131
F0280,2021Q3,63
F0280,2021Q4,51
F0280,2022Q1,87
F0280,2022Q2,56
F0280,2022Q3,55
F0280,2022Q4,58
F0280,2023Q1,72
F0280,2023Q2,56
F0280,2023Q3,64
F0280,2023Q4,68
F0280,2024Q1,105
F0280,2024Q2,56
F0280,2024Q3,69
F0280,2024Q4,76
F0280,2025Q1,96
F0280,2025Q2,77
F0280,2025Q3,58
F0280,2025Q4,87
F0280,2026Q1,112
F0280,2026Q2,70
F0281,2021Q3,90
F0281,2021Q4,105
F0281,2022Q1,122
F0281,2022Q2,86
F0281,2022Q3,91
F0281,2022Q4,129
F0281,2023Q1,110
F0281,2023Q2,105
F0281,2023Q3,91
F0281,2023Q4,125
F0281,2024Q1,129
F0281,2024Q2,92
F0281,2024Q3,90
F0281,2024Q4,95
F0281,2025Q1,82
F0281,2025Q2,73
F0281,2025Q3,63
F0281,2025Q4,14
F0281,2026Q1,16
F0281,2026Q2,13
F0282,2021Q3,101
F0282,2021Q4,103
F0282,2022Q1,128
F0282,2022Q2,102
F0282,2022Q3,105
F0282,2022Q4,98
F0282,2023Q1,126
F0282,2023Q2,103
F0282,2023Q3,114
F0282,2023Q4,93
F0282,2024Q1,114
F0282,2024Q2,107
F0282,2024Q3,79
F0282,2024Q4,70
F0282,2025Q1,90
F0282,2025Q2,81
F0282,2025Q3,70
F0282,2025Q4,88
F0282,2026Q1,91
F0282,2026Q2,66
F0283,2021Q3,60
F0283,2021Q4,41
F0283,2022Q1,81
F0283,2022Q2,38
F0283,2022Q3,64
F0283,2022Q4,39
F0283,2023Q1,93
F0283,2023Q2,49
F0283,2023Q3,58
F0283,2023Q4,68
F0283,2024Q1,183
F0283,2024Q2,158
F0283,2024Q3,164
F0283,2024Q4,156
F0283,2025Q1,268
F0283,2025Q2,171
F0283,2025Q3,181
F0283,2025Q4,141
F0283,2026Q1,226
F0283,2026Q2,219
F0284,2021Q3,131
F0284,2021Q4,135
F0284,2022Q1,209
F0284,2022Q2,159
F0284,2022Q3,158
F0284,2022Q4,179
F0284,2023Q1,241
F0284,2023Q2,204
F0284,2023Q3,191
F0284,2023Q4,191
F0284,2024Q1,337
F0284,2024Q2,225
F0284,2024Q3,209
F0284,2024Q4,243
F0284,2025Q1,415
F0284,2025Q2,290
F0284,2025Q3,281
F0284,2025Q4,345
F0284,2026Q1,504
F0284,2026Q2,324
F0285,2021Q3,53
F0285,2021Q4,59
F0285,2022Q1,63
F0285,2022Q2,49
F0285,2022Q3,43
F0285,2022Q4,42
F0285,2023Q1,73
F0285,2023Q2,54
F0285,2023Q3,53
F0285,2023Q4,48
F0285,2024Q1,66
F0285,2024Q2,40
F0285,2024Q3,41
F0285,2024Q4,46
F0285,2025Q1,52
F0285,2025Q2,40
F0285,2025Q3,39
F0285,2025Q4,49
F0285,2026Q1,61
F0285,2026Q2,48
F0286,2021Q3,343
F0286,2021Q4,369
F0286,2022Q1,460
F0286,2022Q2,376
F0286,2022Q3,385
F0286,2022Q4,451
F0286,2023Q1,570
F0286,2023Q2,434
F0286,2023Q3,373
F0286,2023Q4,439
F0286,2024Q1,769
F0286,2024Q2,484
F0286,2024Q3,436
F0286,2024Q4,438
F0286,2025Q1,791
F0286,2025Q2,580
F0286,2025Q3,646
F0286,2025Q4,971
F0286,2026Q1,1301
F0286,2026Q2,850
F0287,2021Q3,135
F0287,2021Q4,157
F0287,2022Q1,212
F0287,2022Q2,135
F0287,2022Q3,142
F0287,2022Q4,175
F0287,2023Q1,256
F0287,2023Q2,118
F0287,2023Q3,134
F0287,2023Q4,177
F0287,2024Q1,365
F0287,2024Q2,265
F0287,2024Q3,265
F0287,2024Q4,324
F0287,2025Q1,480
F0287,2025Q2,326
F0287,2025Q3,258
F0287,2025Q4,160
F0287,2026Q1,285
F0287,2026Q2,168
F0288,2021Q3,42
F0288,2021Q4,47
F0288,2022Q1,68
F0288,2022Q2,36
F0288,2022Q3,40
F0288,2022Q4,64
F0288,2023Q1,69
F0288,2023Q2,58
F0288,2023Q3,36
F0288,2023Q4,54
F0288,2024Q1,73
F0288,2024Q2,49
F0288,2024Q3,59
F0288,2024Q4,60
F0288,2025Q1,71
F0288,2025Q2,55
F0288,2025Q3,51
F0288,2025Q4,79
F0288,2026Q1,141
F0288,2026Q2,115
F0289,2021Q3,57
F0289,2021Q4,52
F0289,2022Q1,103
F0289,2022Q2,54
F0289,2022Q3,73
F0289,2022Q4,74
F0289,2023Q1,98
F0289,2023Q2,98
F0289,2023Q3,98
F0289,2023Q4,120
F0289,2024Q1,134
F0289,2024Q2,97
F0289,2024Q3,71
F0289,2024Q4,101
F0289,2025Q1,177
F0289,2025Q2,107
F0289,2025Q3,108
F0289,2025Q4,213
F0289,2026Q1,334
F0289,2026Q2,199
F0290,2021Q3,54
F0290,2021Q4,57
F0290,2022Q1,64
F0290,2022Q2,35
F0290,2022Q3,35
F0290,2022Q4,38
F0290,2023Q1,54
F0290,2023Q2,32
F0290,2023Q3,51
F0290,2023Q4,47
F0290,2024Q1,85
F0290,2024Q2,56
F0290,2024Q3,35
F0290,2024Q4,56
F0290,2025Q1,94
F0290,2025Q2,55
F0290,2025Q3,46
F0290,2025Q4,120
F0290,2026Q1,175
F0290,2026Q2,129
F0291,2021Q3,130
F0291,2021Q4,115
F0291,2022Q1,136
F0291,2022Q2,106
F0291,2022Q3,121
F0291,2022Q4,110
F0291,2023Q1,132
F0291,2023Q2,123
F0291,2023Q3,140
F0291,2023Q4,122
F0291,2024Q1,164
F0291,2024Q2,127
F0291,2024Q3,112
F0291,2024Q4,140
F0291,2025Q1,173
F0291,2025Q2,143
F0291,2025Q3,157
F0291,2025Q4,243
F0291,2026Q1,417
F0291,2026Q2,249
F0292,2021Q3,11
F0292,2021Q4,7
F0292,2022Q1,16
F0292,2022Q2,5
F0292,2022Q3,6
F0292,2022Q4,10
F0292,2023Q1,19
F0292,2023Q2,7
F0292,2023Q3,3
F0292,2023Q4,6
F0292,2024Q1,36
F0292,2024Q2,29
F0292,2024Q3,20
F0292,2024Q4,28
F0292,2025Q1,49
F0292,2025Q2,30
F0292,2025Q3,20
F0292,2025Q4,22
F0292,2026Q1,46
F0292,2026Q2,33
F0293,2021Q3,129
F0293,2021Q4,138
F0293,2022Q1,183
F0293,2022Q2,146
F0293,2022Q3,147
F0293,2022Q4,151
F0293,2023Q1,207
F0293,2023Q2,167
F0293,2023Q3,157
F0293,2023Q4,192
F0293,2024Q1,205
F0293,2024Q2,165
F0293,2024Q3,143
F0293,2024Q4,138
F0293,2025Q1,233
F0293,2025Q2,167
F0293,2025Q3,181
F0293,2025Q4,240
F0293,2026Q1,308
F0293,2026Q2,179
F0294,2021Q3,41
F0294,2021Q4,34
F0294,2022Q1,26
F0294,2022Q2,25
F0294,2022Q3,25
F0294,2022Q4,24
F0294,2023Q1,35
F0294,2023Q2,25
F0294,2023Q3,26
F0294,2023Q4,19
F0294,2024Q1,25
F0294,2024Q2,48
F0294,2024Q3,31
F0294,2024Q4,28
F0294,2025Q1,43
F0294,2025Q2,19
F0294,2025Q3,35
F0294,2025Q4,51
F0294,2026Q1,85
F0294,2026Q2,70
F0295,2021Q3,47
F0295,2021Q4,61
F0295,2022Q1,73
F0295,2022Q2,48
F0295,2022Q3,41
F0295,2022Q4,57
F0295,2023Q1,65
F0295,2023Q2,58
F0295,2023Q3,40
F0295,2023Q4,53
F0295,2024Q1,80
F0295,2024Q2,50
F0295,2024Q3,57
F0295,2024Q4,45
F0295,2025Q1,77
F0295,2025Q2,53
F0295,2025Q3,48
F0295,2025Q4,60
F0295,2026Q1,111
F0295,2026Q2,62
F0296,2021Q3,41
F0296,2021Q4,33
F0296,2022Q1,71
F0296,2022Q2,41
F0296,2022Q3,34
F0296,2022Q4,55
F0296,2023Q1,73
F0296,2023Q2,36
F0296,2023Q3,46
F0296,2023Q4,51
F0296,2024Q1,58
F0296,2024Q2,47
F0296,2024Q3,50
F0296,2024Q4,50
F0296,2025Q1,96
F0296,2025Q2,45
F0296,2025Q3,40
F0296,2025Q4,97
F0296,2026Q1,157
F0296,2026Q2,87
F0297,2021Q3,188
F0297,2021Q4,211
F0297,2022Q1,260
F0297,2022Q2,205
F0297,2022Q3,215
F0297,2022Q4,231
F0297,2023Q1,390
F0297,2023Q2,243
F0297,2023Q3,251
F0297,2023Q4,273
F0297,2024Q1,362
F0297,2024Q2,196
F0297,2024Q3,174
F0297,2024Q4,195
F0297,2025Q1,303
F0297,2025Q2,199
F0297,2025Q3,238
F0297,2025Q4,546
F0297,2026Q1,693
F0297,2026Q2,449
F0298,2021Q3,66
F0298,2021Q4,80
F0298,2022Q1,133
F0298,2022Q2,72
F0298,2022Q3,85
F0298,2022Q4,66
F0298,2023Q1,114
F0298,2023Q2,93
F0298,2023Q3,68
F0298,2023Q4,73
F0298,2024Q1,129
F0298,2024Q2,79
F0298,2024Q3,77
F0298,2024Q4,89
F0298,2025Q1,159
F0298,2025Q2,87
F0298,2025Q3,116
F0298,2025Q4,138
F0298,2026Q1,250
F0298,2026Q2,128
F0299,2021Q3,52
F0299,2021Q4,49
F0299,2022Q1,53
F0299,2022Q2,41
F0299,2022Q3,33
F0299,2022Q4,50
F0299,2023Q1,67
F0299,2023Q2,40
F0299,2023Q3,52
F0299,2023Q4,61
F0299,2024Q1,60
F0299,2024Q2,44
F0299,2024Q3,38
F0299,2024Q4,36
F0299,2025Q1,76
F0299,2025Q2,47
F0299,2025Q3,51
F0299,2025Q4,114
F0299,2026Q1,151
F0299,2026Q2,108
F0300,2021Q3,183
F0300,2021Q4,212
F0300,2022Q1,318
F0300,2022Q2,238
F0300,2022Q3,259
F0300,2022Q4,260
F0300,2023Q1,380
F0300,2023Q2,276
F0300,2023Q3,235
F0300,2023Q4,271
F0300,2024Q1,459
F0300,2024Q2,279
F0300,2024Q3,255
F0300,2024Q4,274
F0300,2025Q1,492
F0300,2025Q2,253
F0300,2025Q3,308
F0300,2025Q4,463
F0300,2026Q1,635
F0300,2026Q2,354
F0301,2021Q3,116
F0301,2021Q4,136
F0301,2022Q1,174
F0301,2022Q2,135
F0301,2022Q3,120
F0301,2022Q4,133
F0301,2023Q1,210
F0301,2023Q2,144
F0301,2023Q3,133
F0301,2023Q4,153
F0301,2024Q1,176
F0301,2024Q2,98
F0301,2024Q3,112
F0301,2024Q4,78
F0301,2025Q1,146
F0301,2025Q2,108
F0301,2025Q3,141
F0301,2025Q4,232
F0301,2026Q1,322
F0301,2026Q2,213
F0302,2021Q3,62
F0302,2021Q4,68
F0302,2022Q1,91
F0302,2022Q2,79
F0302,2022Q3,77
F0302,2022Q4,59
F0302,2023Q1,84
F0302,2023Q2,65
F0302,2023Q3,59
F0302,2023Q4,92
F0302,2024Q1,118
F0302,2024Q2,91
F0302,2024Q3,99
F0302,2024Q4,111
F0302,2025Q1,145
F0302,2025Q2,116
F0302,2025Q3,106
F0302,2025Q4,69
F0302,2026Q1,116
F0302,2026Q2,78
F0303,2021Q3,27
F0303,2021Q4,44
F0303,2022Q1,63
F0303,2022Q2,26
F0303,2022Q3,41
F0303,2022Q4,39
F0303,2023Q1,42
F0303,2023Q2,42
F0303,2023Q3,38
F0303,2023Q4,36
F0303,2024Q1,68
F0303,2024Q2,38
F0303,2024Q3,35
F0303,2024Q4,57
F0303,2025Q1,99
F0303,2025Q2,53
F0303,2025Q3,44
F0303,2025Q4,84
F0303,2026Q1,163
F0303,2026Q2,123
F0304,2021Q3,116
F0304,2021Q4,135
F0304,2022Q1,223
F0304,2022Q2,152
F0304,2022Q3,178
F0304,2022Q4,165
F0304,2023Q1,286
F0304,2023Q2,201
F0304,2023Q3,230
F0304,2023Q4,209
F0304,2024Q1,366
F0304,2024Q2,278
F0304,2024Q3,270
F0304,2024Q4,291
F0304,2025Q1,474
F0304,2025Q2,288
F0304,2025Q3,300
F0304,2025Q4,468
F0304,2026Q1,694
F0304,2026Q2,517
F0305,2021Q3,160
F0305,2021Q4,180
F0305,2022Q1,249
F0305,2022Q2,175
F0305,2022Q3,178
F0305,2022Q4,186
F0305,2023Q1,239
F0305,2023Q2,165
F0305,2023Q3,176
F0305,2023Q4,209
F0305,2024Q1,346
F0305,2024Q2,204
F0305,2024Q3,200
F0305,2024Q4,207
F0305,2025Q1,415
F0305,2025Q2,216
F0305,2025Q3,231
F0305,2025Q4,343
F0305,2026Q1,571
F0305,2026Q2,366
F0306,2021Q3,66
F0306,2021Q4,68
F0306,2022Q1,72
F0306,2022Q2,68
F0306,2022Q3,61
F0306,2022Q4,68
F0306,2023Q1,85
F0306,2023Q2,87
F0306,2023Q3,76
F0306,2023Q4,69
F0306,2024Q1,106
F0306,2024Q2,81
F0306,2024Q3,80
F0306,2024Q4,81
F0306,2025Q1,155
F0306,2025Q2,93
F0306,2025Q3,105
F0306,2025Q4,171
F0306,2026Q1,344
F0306,2026Q2,207
F0307,2021Q3,56
F0307,2021Q4,67
F0307,2022Q1,86
F0307,2022Q2,66
F0307,2022Q3,58
F0307,2022Q4,71
F0307,2023Q1,91
F0307,2023Q2,71
F0307,2023Q3,74
F0307,2023Q4,76
F0307,2024Q1,153
F0307,2024Q2,92
F0307,2024Q3,91
F0307,2024Q4,89
F0307,2025Q1,192
F0307,2025Q2,117
F0307,2025Q3,150
F0307,2025Q4,244
F0307,2026Q1,433
F0307,2026Q2,297
F0308,2021Q3,406
F0308,2021Q4,443
F0308,2022Q1,618
F0308,2022Q2,429
F0308,2022Q3,429
F0308,2022Q4,436
F0308,2023Q1,687
F0308,2023Q2,450
F0308,2023Q3,441
F0308,2023Q4,429
F0308,2024Q1,694
F0308,2024Q2,392
F0308,2024Q3,384
F0308,2024Q4,401
F0308,2025Q1,681
F0308,2025Q2,350
F0308,2025Q3,355
F0308,2025Q4,563
F0308,2026Q1,959
F0308,2026Q2,519
F0309,2021Q3,28
F0309,2021Q4,23
F0309,2022Q1,35
F0309,2022Q2,25
F0309,2022Q3,20
F0309,2022Q4,19
F0309,2023Q1,47
F0309,2023Q2,22
F0309,2023Q3,27
F0309,2023Q4,28
F0309,2024Q1,67
F0309,2024Q2,34
F0309,2024Q3,38
F0309,2024Q4,60
F0309,2025Q1,131
F0309,2025Q2,64
F0309,2025Q3,71
F0309,2025Q4,194
F0309,2026Q1,238
F0309,2026Q2,135
F0310,2021Q3,15
F0310,2021Q4,19
F0310,2022Q1,34
F0310,2022Q2,15
F0310,2022Q3,15
F0310,2022Q4,14
F0310,2023Q1,23
F0310,2023Q2,9
F0310,2023Q3,6
F0310,2023Q4,21
F0310,2024Q1,53
F0310,2024Q2,29
F0310,2024Q3,35
F0310,2024Q4,51
F0310,2025Q1,75
F0310,2025Q2,63
F0310,2025Q3,40
F0310,2025Q4,42
F0310,2026Q1,87
F0310,2026Q2,63
F0311,2021Q3,114
F0311,2021Q4,111
F0311,2022Q1,140
F0311,2022Q2,97
F0311,2022Q3,101
F0311,2022Q4,112
F0311,2023Q1,156
F0311,2023Q2,102
F0311,2023Q3,86
F0311,2023Q4,98
F0311,2024Q1,171
F0311,2024Q2,108
F0311,2024Q3,89
F0311,2024Q4,104
F0311,2025Q1,193
F0311,2025Q2,93
F0311,2025Q3,107
F0311,2025Q4,124
F0311,2026Q1,251
F0311,2026Q2,153
F0312,2021Q3,135
F0312,2021Q4,121
F0312,2022Q1,157
F0312,2022Q2,111
F0312,2022Q3,116
F0312,2022Q4,118
F0312,2023Q1,165
F0312,2023Q2,127
F0312,2023Q3,115
F0312,2023Q4,118
F0312,2024Q1,137
F0312,2024Q2,109
F0312,2024Q3,121
F0312,2024Q4,105
F0312,2025Q1,193
F0312,2025Q2,96
F0312,2025Q3,125
F0312,2025Q4,282
F0312,2026Q1,381
F0312,2026Q2,273
F0313,2021Q3,147
F0313,2021Q4,132
F0313,2022Q1,198
F0313,2022Q2,135
F0313,2022Q3,152
F0313,2022Q4,152
F0313,2023Q1,171
F0313,2023Q2,124
F0313,2023Q3,114
F0313,2023Q4,117
F0313,2024Q1,129
F0313,2024Q2,72
F0313,2024Q3,63
F0313,2024Q4,52
F0313,2025Q1,86
F0313,2025Q2,47
F0313,2025Q3,67
F0313,2025Q4,121
F0313,2026Q1,122
F0313,2026Q2,91
F0314,2021Q3,37
F0314,2021Q4,41
F0314,2022Q1,43
F0314,2022Q2,49
F0314,2022Q3,31
F0314,2022Q4,33
F0314,2023Q1,40
F0314,2023Q2,40
F0314,2023Q3,29
F0314,2023Q4,33
F0314,2024Q1,92
F0314,2024Q2,49
F0314,2024Q3,57
F0314,2024Q4,52
F0314,2025Q1,111
F0314,2025Q2,51
F0314,2025Q3,49
F0314,2025Q4,13
F0314,2026Q1,17
F0314,2026Q2,18
F0315,2021Q3,30
F0315,2021Q4,45
F0315,2022Q1,49
F0315,2022Q2,35
F0315,2022Q3,40
F0315,2022Q4,41
F0315,2023Q1,57
F0315,2023Q2,44
F0315,2023Q3,33
F0315,2023Q4,33
F0315,2024Q1,45
F0315,2024Q2,27
F0315,2024Q3,23
F0315,2024Q4,31
F0315,2025Q1,67
F0315,2025Q2,41
F0315,2025Q3,51
F0315,2025Q4,107
F0315,2026Q1,185
F0315,2026Q2,128
F0316,2021Q3,193
F0316,2021Q4,204
F0316,2022Q1,282
F0316,2022Q2,200
F0316,2022Q3,183
F0316,2022Q4,198
F0316,2023Q1,332
F0316,2023Q2,214
F0316,2023Q3,179
F0316,2023Q4,221
F0316,2024Q1,486
F0316,2024Q2,289
F0316,2024Q3,293
F0316,2024Q4,351
F0316,2025Q1,473
F0316,2025Q2,341
F0316,2025Q3,236
F0316,2025Q4,46
F0316,2026Q1,100
F0316,2026Q2,82
F0317,2021Q3,32
F0317,2021Q4,42
F0317,2022Q1,49
F0317,2022Q2,38
F0317,2022Q3,39
F0317,2022Q4,35
F0317,2023Q1,63
F0317,2023Q2,42
F0317,2023Q3,42
F0317,2023Q4,45
F0317,2024Q1,43
F0317,2024Q2,41
F0317,2024Q3,39
F0317,2024Q4,39
F0317,2025Q1,49
F0317,2025Q2,28
F0317,2025Q3,37
F0317,2025Q4,60
F0317,2026Q1,97
F0317,2026Q2,68
F0318,2021Q3,25
F0318,2021Q4,29
F0318,2022Q1,65
F0318,2022Q2,34
F0318,2022Q3,28
F0318,2022Q4,15
F0318,2023Q1,70
F0318,2023Q2,15
F0318,2023Q3,19
F0318,2023Q4,42
F0318,2024Q1,178
F0318,2024Q2,95
F0318,2024Q3,99
F0318,2024Q4,114
F0318,2025Q1,220
F0318,2025Q2,133
F0318,2025Q3,121
F0318,2025Q4,103
F0318,2026Q1,326
F0318,2026Q2,193
F0319,2021Q3,275
F0319,2021Q4,259
F0319,2022Q1,348
F0319,2022Q2,226
F0319,2022Q3,259
F0319,2022Q4,264
F0319,2023Q1,295
F0319,2023Q2,253
F0319,2023Q3,229
F0319,2023Q4,222
F0319,2024Q1,499
F0319,2024Q2,257
F0319,2024Q3,241
F0319,2024Q4,271
F0319,2025Q1,559
F0319,2025Q2,280
F0319,2025Q3,264
F0319,2025Q4,435
F0319,2026Q1,917
F0319,2026Q2,482
F0320,2021Q3,77
F0320,2021Q4,90
F0320,2022Q1,103
F0320,2022Q2,66
F0320,2022Q3,68
F0320,2022Q4,78
F0320,2023Q1,158
F0320,2023Q2,61
F0320,2023Q3,62
F0320,2023Q4,80
F0320,2024Q1,157
F0320,2024Q2,117
F0320,2024Q3,105
F0320,2024Q4,122
F0320,2025Q1,188
F0320,2025Q2,123
F0320,2025Q3,86
F0320,2025Q4,141
F0320,2026Q1,214
F0320,2026Q2,150
F0321,2021Q3,37
F0321,2021Q4,33
F0321,2022Q1,50
F0321,2022Q2,35
F0321,2022Q3,32
F0321,2022Q4,22
F0321,2023Q1,51
F0321,2023Q2,41
F0321,2023Q3,27
F0321,2023Q4,35
F0321,2024Q1,60
F0321,2024Q2,45
F0321,2024Q3,36
F0321,2024Q4,33
F0321,2025Q1,80
F0321,2025Q2,45
F0321,2025Q3,24
F0321,2025Q4,42
F0321,2026Q1,75
F0321,2026Q2,63
F0322,2021Q3,29
F0322,2021Q4,24
F0322,2022Q1,33
F0322,2022Q2,24
F0322,2022Q3,23
F0322,2022Q4,26
F0322,2023Q1,44
F0322,2023Q2,26
F0322,2023Q3,29
F0322,2023Q4,27
F0322,2024Q1,37
F0322,2024Q2,28
F0322,2024Q3,24
F0322,2024Q4,21
F0322,2025Q1,45
F0322,2025Q2,30
F0322,2025Q3,33
F0322,2025Q4,85
F0322,2026Q1,104
F0322,2026Q2,74
F0323,2021Q3,44
F0323,2021Q4,68
F0323,2022Q1,84
F0323,2022Q2,52
F0323,2022Q3,54
F0323,2022Q4,50
F0323,2023Q1,81
F0323,2023Q2,55
F0323,2023Q3,57
F0323,2023Q4,45
F0323,2024Q1,159
F0323,2024Q2,76
F0323,2024Q3,75
F0323,2024Q4,134
F0323,2025Q1,391
F0323,2025Q2,167
F0323,2025Q3,215
F0323,2025Q4,581
F0323,2026Q1,1109
F0323,2026Q2,780
F0324,2021Q3,65
F0324,2021Q4,54
F0324,2022Q1,59
F0324,2022Q2,55
F0324,2022Q3,65
F0324,2022Q4,77
F0324,2023Q1,71
F0324,2023Q2,42
F0324,2023Q3,49
F0324,2023Q4,62
F0324,2024Q1,86
F0324,2024Q2,69
F0324,2024Q3,74
F0324,2024Q4,59
F0324,2025Q1,89
F0324,2025Q2,66
F0324,2025Q3,75
F0324,2025Q4,96
F0324,2026Q1,143
F0324,2026Q2,98
F0325,2021Q3,42
F0325,2021Q4,50
F0325,2022Q1,65
F0325,2022Q2,39
F0325,2022Q3,58
F0325,2022Q4,62
F0325,2023Q1,77
F0325,2023Q2,42
F0325,2023Q3,39
F0325,2023Q4,49
F0325,2024Q1,56
F0325,2024Q2,33
F0325,2024Q3,31
F0325,2024Q4,33
F0325,2025Q1,62
F0325,2025Q2,33
F0325,2025Q3,44
F0325,2025Q4,62
F0325,2026Q1,103
F0325,2026Q2,52
F0326,2021Q3,49
F0326,2021Q4,45
F0326,2022Q1,77
F0326,2022Q2,48
F0326,2022Q3,51
F0326,2022Q4,52
F0326,2023Q1,66
F0326,2023Q2,54
F0326,2023Q3,55
F0326,2023Q4,34
F0326,2024Q1,61
F0326,2024Q2,41
F0326,2024Q3,33
F0326,2024Q4,44
F0326,2025Q1,108
F0326,2025Q2,37
F0326,2025Q3,32
F0326,2025Q4,105
F0326,2026Q1,210
F0326,2026Q2,133
F0327,2021Q3,789
F0327,2021Q4,844
F0327,2022Q1,1118
F0327,2022Q2,787
F0327,2022Q3,858
F0327,2022Q4,917
F0327,2023Q1,1145
F0327,2023Q2,853
F0327,2023Q3,864
F0327,2023Q4,978
F0327,2024Q1,1278
F0327,2024Q2,889
F0327,2024Q3,753
F0327,2024Q4,736
F0327,2025Q1,1112
F0327,2025Q2,734
F0327,2025Q3,735
F0327,2025Q4,732
F0327,2026Q1,1035
F0327,2026Q2,726
F0328,2021Q3,47
F0328,2021Q4,44
F0328,2022Q1,79
F0328,2022Q2,39
F0328,2022Q3,39
F0328,2022Q4,58
F0328,2023Q1,62
F0328,2023Q2,50
F0328,2023Q3,40
F0328,2023Q4,56
F0328,2024Q1,191
F0328,2024Q2,140
F0328,2024Q3,121
F0328,2024Q4,164
F0328,2025Q1,223
F0328,2025Q2,149
F0328,2025Q3,113
F0328,2025Q4,5
F0328,2026Q1,14
F0328,2026Q2,9
F0329,2021Q3,64
F0329,2021Q4,77
F0329,2022Q1,119
F0329,2022Q2,58
F0329,2022Q3,77
F0329,2022Q4,76
F0329,2023Q1,115
F0329,2023Q2,58
F0329,2023Q3,61
F0329,2023Q4,65
F0329,2024Q1,134
F0329,2024Q2,85
F0329,2024Q3,74
F0329,2024Q4,62
F0329,2025Q1,140
F0329,2025Q2,101
F0329,2025Q3,97
F0329,2025Q4,142
F0329,2026Q1,181
F0329,2026Q2,159
F0330,2021Q3,73
F0330,2021Q4,72
F0330,2022Q1,118
F0330,2022Q2,75
F0330,2022Q3,80
F0330,2022Q4,94
F0330,2023Q1,103
F0330,2023Q2,95
F0330,2023Q3,86
F0330,2023Q4,90
F0330,2024Q1,158
F0330,2024Q2,122
F0330,2024Q3,117
F0330,2024Q4,139
F0330,2025Q1,231
F0330,2025Q2,136
F0330,2025Q3,142
F0330,2025Q4,270
F0330,2026Q1,399
F0330,2026Q2,250
F0331,2021Q3,128
F0331,2021Q4,151
F0331,2022Q1,186
F0331,2022Q2,136
F0331,2022Q3,163
F0331,2022Q4,158
F0331,2023Q1,192
F0331,2023Q2,155
F0331,2023Q3,164
F0331,2023Q4,179
F0331,2024Q1,208
F0331,2024Q2,108
F0331,2024Q3,93
F0331,2024Q4,87
F0331,2025Q1,148
F0331,2025Q2,70
F0331,2025Q3,92
F0331,2025Q4,163
F0331,2026Q1,232
F0331,2026Q2,141
F0332,2021Q3,32
F0332,2021Q4,27
F0332,2022Q1,33
F0332,2022Q2,38
F0332,2022Q3,17
F0332,2022Q4,31
F0332,2023Q1,36
F0332,2023Q2,32
F0332,2023Q3,22
F0332,2023Q4,27
F0332,2024Q1,47
F0332,2024Q2,15
F0332,2024Q3,12
F0332,2024Q4,16
F0332,2025Q1,30
F0332,2025Q2,15
F0332,2025Q3,13
F0332,2025Q4,13
F0332,2026Q1,21
F0332,2026Q2,9
F0333,2021Q3,99
F0333,2021Q4,143
F0333,2022Q1,171
F0333,2022Q2,106
F0333,2022Q3,116
F0333,2022Q4,134
F0333,2023Q1,153
F0333,2023Q2,134
F0333,2023Q3,112
F0333,2023Q4,108
F0333,2024Q1,144
F0333,2024Q2,78
F0333,2024Q3,60
F0333,2024Q4,96
F0333,2025Q1,115
F0333,2025Q2,65
F0333,2025Q3,89
F0333,2025Q4,155
F0333,2026Q1,238
F0333,2026Q2,134
F0334,2021Q3,29
F0334,2021Q4,24
F0334,2022Q1,35
F0334,2022Q2,29
F0334,2022Q3,26
F0334,2022Q4,37
F0334,2023Q1,72
F0334,2023Q2,35
F0334,2023Q3,32
F0334,2023Q4,39
F0334,2024Q1,52
F0334,2024Q2,25
F0334,2024Q3,18
F0334,2024Q4,19
F0334,2025Q1,40
F0334,2025Q2,27
F0334,2025Q3,32
F0334,2025Q4,48
F0334,2026Q1,73
F0334,2026Q2,56
F0335,2021Q3,186
F0335,2021Q4,183
F0335,2022Q1,246
F0335,2022Q2,218
F0335,2022Q3,228
F0335,2022Q4,266
F0335,2023Q1,274
F0335,2023Q2,273
F0335,2023Q3,268
F0335,2023Q4,287
F0335,2024Q1,456
F0335,2024Q2,308
F0335,2024Q3,326
F0335,2024Q4,328
F0335,2025Q1,502
F0335,2025Q2,368
F0335,2025Q3,351
F0335,2025Q4,477
F0335,2026Q1,688
F0335,2026Q2,506
F0336,2021Q3,235
F0336,2021Q4,266
F0336,2022Q1,370
F0336,2022Q2,253
F0336,2022Q3,295
F0336,2022Q4,283
F0336,2023Q1,380
F0336,2023Q2,295
F0336,2023Q3,276
F0336,2023Q4,327
F0336,2024Q1,533
F0336,2024Q2,385
F0336,2024Q3,378
F0336,2024Q4,479
F0336,2025Q1,578
F0336,2025Q2,411
F0336,2025Q3,408
F0336,2025Q4,381
F0336,2026Q1,549
F0336,2026Q2,410
F0337,2021Q3,54
F0337,2021Q4,62
F0337,2022Q1,116
F0337,2022Q2,65
F0337,2022Q3,77
F0337,2022Q4,71
F0337,2023Q1,111
F0337,2023Q2,63
F0337,2023Q3,61
F0337,2023Q4,79
F0337,2024Q1,169
F0337,2024Q2,96
F0337,2024Q3,145
F0337,2024Q4,151
F0337,2025Q1,218
F0337,2025Q2,122
F0337,2025Q3,136
F0337,2025Q4,79
F0337,2026Q1,204
F0337,2026Q2,133
F0338,2021Q3,94
F0338,2021Q4,89
F0338,2022Q1,121
F0338,2022Q2,74
F0338,2022Q3,71
F0338,2022Q4,69
F0338,2023Q1,128
F0338,2023Q2,74
F0338,2023Q3,77
F0338,2023Q4,95
F0338,2024Q1,138
F0338,2024Q2,78
F0338,2024Q3,83
F0338,2024Q4,80
F0338,2025Q1,139
F0338,2025Q2,96
F0338,2025Q3,127
F0338,2025Q4,165
F0338,2026Q1,235
F0338,2026Q2,155
F0339,2021Q3,106
F0339,2021Q4,99
F0339,2022Q1,133
F0339,2022Q2,94
F0339,2022Q3,83
F0339,2022Q4,102
F0339,2023Q1,124
F0339,2023Q2,100
F0339,2023Q3,97
F0339,2023Q4,88
F0339,2024Q1,113
F0339,2024Q2,64
F0339,2024Q3,67
F0339,2024Q4,56
F0339,2025Q1,101
F0339,2025Q2,62
F0339,2025Q3,81
F0339,2025Q4,169
F0339,2026Q1,220
F0339,2026Q2,140
F0340,2021Q3,82
F0340,2021Q4,92
F0340,2022Q1,125
F0340,2022Q2,69
F0340,2022Q3,91
F0340,2022Q4,99
F0340,2023Q1,117
F0340,2023Q2,96
F0340,2023Q3,102
F0340,2023Q4,123
F0340,2024Q1,110
F0340,2024Q2,72
F0340,2024Q3,66
F0340,2024Q4,55
F0340,2025Q1,122
F0340,2025Q2,54
F0340,2025Q3,77
F0340,2025Q4,176
F0340,2026Q1,261
F0340,2026Q2,168
F0341,2021Q3,146
F0341,2021Q4,157
F0341,2022Q1,269
F0341,2022Q2,146
F0341,2022Q3,185
F0341,2022Q4,177
F0341,2023Q1,372
F0341,2023Q2,155
F0341,2023Q3,172
F0341,2023Q4,203
F0341,2024Q1,812
F0341,2024Q2,553
F0341,2024Q3,552
F0341,2024Q4,719
F0341,2025Q1,1102
F0341,2025Q2,794
F0341,2025Q3,678
F0341,2025Q4,205
F0341,2026Q1,317
F0341,2026Q2,288
F0342,2021Q3,119
F0342,2021Q4,125
F0342,2022Q1,123
F0342,2022Q2,110
F0342,2022Q3,133
F0342,2022Q4,164
F0342,2023Q1,117
F0342,2023Q2,110
F0342,2023Q3,119
F0342,2023Q4,107
F0342,2024Q1,169
F0342,2024Q2,107
F0342,2024Q3,91
F0342,2024Q4,114
F0342,2025Q1,141
F0342,2025Q2,94
F0342,2025Q3,93
F0342,2025Q4,152
F0342,2026Q1,237
F0342,2026Q2,179
F0343,2021Q3,136
F0343,2021Q4,139
F0343,2022Q1,170
F0343,2022Q2,129
F0343,2022Q3,149
F0343,2022Q4,159
F0343,2023Q1,211
F0343,2023Q2,155
F0343,2023Q3,155
F0343,2023Q4,150
F0343,2024Q1,222
F0343,2024Q2,141
F0343,2024Q3,169
F0343,2024Q4,177
F0343,2025Q1,264
F0343,2025Q2,153
F0343,2025Q3,169
F0343,2025Q4,183
F0343,2026Q1,271
F0343,2026Q2,165
F0344,2021Q3,86
F0344,2021Q4,95
F0344,2022Q1,145
F0344,2022Q2,91
F0344,2022Q3,83
F0344,2022Q4,111
F0344,2023Q1,143
F0344,2023Q2,80
F0344,2023Q3,78
F0344,2023Q4,76
F0344,2024Q1,201
F0344,2024Q2,109
F0344,2024Q3,125
F0344,2024Q4,156
F0344,2025Q1,189
F0344,2025Q2,138
F0344,2025Q3,103
F0344,2025Q4,131
F0344,2026Q1,174
F0344,2026Q2,162
F0345,2021Q3,113
F0345,2021Q4,137
F0345,2022Q1,186
F0345,2022Q2,147
F0345,2022Q3,125
F0345,2022Q4,137
F0345,2023Q1,169
F0345,2023Q2,133
F0345,2023Q3,145
F0345,2023Q4,149
F0345,2024Q1,226
F0345,2024Q2,141
F0345,2024Q3,134
F0345,2024Q4,152
F0345,2025Q1,193
F0345,2025Q2,146
F0345,2025Q3,124
F0345,2025Q4,142
F0345,2026Q1,156
F0345,2026Q2,107
F0346,2021Q3,330
F0346,2021Q4,343
F0346,2022Q1,404
F0346,2022Q2,308
F0346,2022Q3,364
F0346,2022Q4,365
F0346,2023Q1,395
F0346,2023Q2,313
F0346,2023Q3,318
F0346,2023Q4,329
F0346,2024Q1,538
F0346,2024Q2,344
F0346,2024Q3,298
F0346,2024Q4,331
F0346,2025Q1,526
F0346,2025Q2,314
F0346,2025Q3,331
F0346,2025Q4,507
F0346,2026Q1,671
F0346,2026Q2,507
F0347,2021Q3,169
F0347,2021Q4,160
F0347,2022Q1,241
F0347,2022Q2,168
F0347,2022Q3,152
F0347,2022Q4,151
F0347,2023Q1,254
F0347,2023Q2,151
F0347,2023Q3,171
F0347,2023Q4,171
F0347,2024Q1,321
F0347,2024Q2,199
F0347,2024Q3,200
F0347,2024Q4,268
F0347,2025Q1,354
F0347,2025Q2,257
F0347,2025Q3,204
F0347,2025Q4,222
F0347,2026Q1,400
F0347,2026Q2,225
F0348,2021Q3,41
F0348,2021Q4,53
F0348,2022Q1,71
F0348,2022Q2,39
F0348,2022Q3,51
F0348,2022Q4,54
F0348,2023Q1,62
F0348,2023Q2,73
F0348,2023Q3,43
F0348,2023Q4,55
F0348,2024Q1,113
F0348,2024Q2,77
F0348,2024Q3,57
F0348,2024Q4,70
F0348,2025Q1,146
F0348,2025Q2,100
F0348,2025Q3,100
F0348,2025Q4,125
F0348,2026Q1,236
F0348,2026Q2,173
F0349,2021Q3,26
F0349,2021Q4,28
F0349,2022Q1,44
F0349,2022Q2,20
F0349,2022Q3,36
F0349,2022Q4,42
F0349,2023Q1,45
F0349,2023Q2,33
F0349,2023Q3,26
F0349,2023Q4,28
F0349,2024Q1,56
F0349,2024Q2,36
F0349,2024Q3,39
F0349,2024Q4,34
F0349,2025Q1,91
F0349,2025Q2,42
F0349,2025Q3,70
F0349,2025Q4,123
F0349,2026Q1,182
F0349,2026Q2,116
F0350,2021Q3,85
F0350,2021Q4,103
F0350,2022Q1,120
F0350,2022Q2,110
F0350,2022Q3,121
F0350,2022Q4,90
F0350,2023Q1,118
F0350,2023Q2,111
F0350,2023Q3,95
F0350,2023Q4,101
F0350,2024Q1,149
F0350,2024Q2,67
F0350,2024Q3,76
F0350,2024Q4,70
F0350,2025Q1,155
F0350,2025Q2,83
F0350,2025Q3,105
F0350,2025Q4,177
F0350,2026Q1,309
F0350,2026Q2,189
F0351,2021Q3,708
F0351,2021Q4,704
F0351,2022Q1,921
F0351,2022Q2,751
F0351,2022Q3,760
F0351,2022Q4,799
F0351,2023Q1,944
F0351,2023Q2,768
F0351,2023Q3,725
F0351,2023Q4,828
F0351,2024Q1,983
F0351,2024Q2,593
F0351,2024Q3,525
F0351,2024Q4,462
F0351,2025Q1,688
F0351,2025Q2,489
F0351,2025Q3,523
F0351,2025Q4,669
F0351,2026Q1,752
F0351,2026Q2,526
F0352,2021Q3,17
F0352,2021Q4,20
F0352,2022Q1,50
F0352,2022Q2,19
F0352,2022Q3,18
F0352,2022Q4,18
F0352,2023Q1,38
F0352,2023Q2,19
F0352,2023Q3,17
F0352,2023Q4,29
F0352,2024Q1,122
F0352,2024Q2,65
F0352,2024Q3,90
F0352,2024Q4,104
F0352,2025Q1,194
F0352,2025Q2,104
F0352,2025Q3,94
F0352,2025Q4,51
F0352,2026Q1,101
F0352,2026Q2,95
F0353,2021Q3,73
F0353,2021Q4,80
F0353,2022Q1,102
F0353,2022Q2,88
F0353,2022Q3,92
F0353,2022Q4,71
F0353,2023Q1,112
F0353,2023Q2,87
F0353,2023Q3,67
F0353,2023Q4,82
F0353,2024Q1,61
F0353,2024Q2,49
F0353,2024Q3,34
F0353,2024Q4,34
F0353,2025Q1,56
F0353,2025Q2,42
F0353,2025Q3,37
F0353,2025Q4,61
F0353,2026Q1,63
F0353,2026Q2,50
F0354,2021Q3,25
F0354,2021Q4,37
F0354,2022Q1,45
F0354,2022Q2,24
F0354,2022Q3,31
F0354,2022Q4,38
F0354,2023Q1,53
F0354,2023Q2,38
F0354,2023Q3,23
F0354,2023Q4,21
F0354,2024Q1,106
F0354,2024Q2,64
F0354,2024Q3,66
F0354,2024Q4,84
F0354,2025Q1,153
F0354,2025Q2,82
F0354,2025Q3,80
F0354,2025Q4,43
F0354,2026Q1,83
F0354,2026Q2,58
F0355,2021Q3,101
F0355,2021Q4,111
F0355,2022Q1,156
F0355,2022Q2,103
F0355,2022Q3,128
F0355,2022Q4,128
F0355,2023Q1,123
F0355,2023Q2,108
F0355,2023Q3,113
F0355,2023Q4,132
F0355,2024Q1,171
F0355,2024Q2,104
F0355,2024Q3,102
F0355,2024Q4,98
F0355,2025Q1,174
F0355,2025Q2,103
F0355,2025Q3,140
F0355,2025Q4,259
F0355,2026Q1,346
F0355,2026Q2,251
F0356,2021Q3,64
F0356,2021Q4,76
F0356,2022Q1,77
F0356,2022Q2,57
F0356,2022Q3,52
F0356,2022Q4,59
F0356,2023Q1,96
F0356,2023Q2,79
F0356,2023Q3,54
F0356,2023Q4,63
F0356,2024Q1,108
F0356,2024Q2,79
F0356,2024Q3,77
F0356,2024Q4,94
F0356,2025Q1,141
F0356,2025Q2,72
F0356,2025Q3,93
F0356,2025Q4,184
F0356,2026Q1,297
F0356,2026Q2,173
F0357,2021Q3,32
F0357,2021Q4,34
F0357,2022Q1,47
F0357,2022Q2,37
F0357,2022Q3,37
F0357,2022Q4,36
F0357,2023Q1,40
F0357,2023Q2,33
F0357,2023Q3,41
F0357,2023Q4,47
F0357,2024Q1,68
F0357,2024Q2,43
F0357,2024Q3,41
F0357,2024Q4,64
F0357,2025Q1,101
F0357,2025Q2,42
F0357,2025Q3,54
F0357,2025Q4,76
F0357,2026Q1,113
F0357,2026Q2,85
F0358,2021Q3,48
F0358,2021Q4,42
F0358,2022Q1,51
F0358,2022Q2,44
F0358,2022Q3,44
F0358,2022Q4,36
F0358,2023Q1,62
F0358,2023Q2,54
F0358,2023Q3,50
F0358,2023Q4,49
F0358,2024Q1,53
F0358,2024Q2,32
F0358,2024Q3,28
F0358,2024Q4,21
F0358,2025Q1,56
F0358,2025Q2,39
F0358,2025Q3,42
F0358,2025Q4,117
F0358,2026Q1,157
F0358,2026Q2,116
F0359,2021Q3,72
F0359,2021Q4,45
F0359,2022Q1,82
F0359,2022Q2,47
F0359,2022Q3,44
F0359,2022Q4,45
F0359,2023Q1,57
F0359,2023Q2,29
F0359,2023Q3,33
F0359,2023Q4,39
F0359,2024Q1,234
F0359,2024Q2,141
F0359,2024Q3,133
F0359,2024Q4,167
F0359,2025Q1,284
F0359,2025Q2,169
F0359,2025Q3,148
F0359,2025Q4,119
F0359,2026Q1,301
F0359,2026Q2,191
F0360,2021Q3,152
F0360,2021Q4,191
F0360,2022Q1,250
F0360,2022Q2,191
F0360,2022Q3,154
F0360,2022Q4,201
F0360,2023Q1,252
F0360,2023Q2,211
F0360,2023Q3,229
F0360,2023Q4,288
F0360,2024Q1,453
F0360,2024Q2,334
F0360,2024Q3,310
F0360,2024Q4,318
F0360,2025Q1,693
F0360,2025Q2,361
F0360,2025Q3,483
F0360,2025Q4,1005
F0360,2026Q1,1306
F0360,2026Q2,883
F0361,2021Q3,86
F0361,2021Q4,91
F0361,2022Q1,103
F0361,2022Q2,87
F0361,2022Q3,76
F0361,2022Q4,73
F0361,2023Q1,112
F0361,2023Q2,91
F0361,2023Q3,74
F0361,2023Q4,100
F0361,2024Q1,90
F0361,2024Q2,81
F0361,2024Q3,73
F0361,2024Q4,61
F0361,2025Q1,92
F0361,2025Q2,54
F0361,2025Q3,88
F0361,2025Q4,136
F0361,2026Q1,181
F0361,2026Q2,125
F0362,2021Q3,53
F0362,2021Q4,65
F0362,2022Q1,94
F0362,2022Q2,41
F0362,2022Q3,60
F0362,2022Q4,60
F0362,2023Q1,84
F0362,2023Q2,45
F0362,2023Q3,54
F0362,2023Q4,62
F0362,2024Q1,106
F0362,2024Q2,55
F0362,2024Q3,65
F0362,2024Q4,71
F0362,2025Q1,119
F0362,2025Q2,63
F0362,2025Q3,69
F0362,2025Q4,92
F0362,2026Q1,175
F0362,2026Q2,113
F0363,2021Q3,102
F0363,2021Q4,98
F0363,2022Q1,121
F0363,2022Q2,82
F0363,2022Q3,90
F0363,2022Q4,92
F0363,2023Q1,134
F0363,2023Q2,94
F0363,2023Q3,84
F0363,2023Q4,103
F0363,2024Q1,232
F0363,2024Q2,157
F0363,2024Q3,134
F0363,2024Q4,192
F0363,2025Q1,237
F0363,2025Q2,181
F0363,2025Q3,131
F0363,2025Q4,83
F0363,2026Q1,124
F0363,2026Q2,99
F0364,2021Q3,106
F0364,2021Q4,134
F0364,2022Q1,224
F0364,2022Q2,154
F0364,2022Q3,148
F0364,2022Q4,173
F0364,2023Q1,298
F0364,2023Q2,157
F0364,2023Q3,175
F0364,2023Q4,215
F0364,2024Q1,618
F0364,2024Q2,400
F0364,2024Q3,464
F0364,2024Q4,521
F0364,2025Q1,824
F0364,2025Q2,526
F0364,2025Q3,512
F0364,2025Q4,270
F0364,2026Q1,362
F0364,2026Q2,249
F0365,2021Q3,37
F0365,2021Q4,59
F0365,2022Q1,64
F0365,2022Q2,40
F0365,2022Q3,37
F0365,2022Q4,26
F0365,2023Q1,55
F0365,2023Q2,42
F0365,2023Q3,28
F0365,2023Q4,35
F0365,2024Q1,145
F0365,2024Q2,76
F0365,2024Q3,102
F0365,2024Q4,118
F0365,2025Q1,154
F0365,2025Q2,76
F0365,2025Q3,76
F0365,2025Q4,3
F0365,2026Q1,3
F0365,2026Q2,4
F0366,2021Q3,266
F0366,2021Q4,353
F0366,2022Q1,315
F0366,2022Q2,237
F0366,2022Q3,245
F0366,2022Q4,316
F0366,2023Q1,382
F0366,2023Q2,252
F0366,2023Q3,237
F0366,2023Q4,288
F0366,2024Q1,311
F0366,2024Q2,329
F0366,2024Q3,310
F0366,2024Q4,323
F0366,2025Q1,384
F0366,2025Q2,269
F0366,2025Q3,236
F0366,2025Q4,285
F0366,2026Q1,473
F0366,2026Q2,399
F0367,2021Q3,120
F0367,2021Q4,121
F0367,2022Q1,218
F0367,2022Q2,117
F0367,2022Q3,129
F0367,2022Q4,172
F0367,2023Q1,268
F0367,2023Q2,176
F0367,2023Q3,140
F0367,2023Q4,199
F0367,2024Q1,347
F0367,2024Q2,240
F0367,2024Q3,247
F0367,2024Q4,282
F0367,2025Q1,461
F0367,2025Q2,286
F0367,2025Q3,304
F0367,2025Q4,300
F0367,2026Q1,418
F0367,2026Q2,326
F0368,2021Q3,69
F0368,2021Q4,37
F0368,2022Q1,86
F0368,2022Q2,58
F0368,2022Q3,70
F0368,2022Q4,61
F0368,2023Q1,97
F0368,2023Q2,72
F0368,2023Q3,63
F0368,2023Q4,98
F0368,2024Q1,139
F0368,2024Q2,83
F0368,2024Q3,82
F0368,2024Q4,79
F0368,2025Q1,213
F0368,2025Q2,115
F0368,2025Q3,122
F0368,2025Q4,202
F0368,2026Q1,453
F0368,2026Q2,267
F0369,2021Q3,221
F0369,2021Q4,214
F0369,2022Q1,310
F0369,2022Q2,193
F0369,2022Q3,221
F0369,2022Q4,222
F0369,2023Q1,410
F0369,2023Q2,225
F0369,2023Q3,225
F0369,2023Q4,283
F0369,2024Q1,403
F0369,2024Q2,200
F0369,2024Q3,170
F0369,2024Q4,154
F0369,2025Q1,584
F0369,2025Q2,159
F0369,2025Q3,255
F0369,2025Q4,752
F0369,2026Q1,1135
F0369,2026Q2,718
F0370,2021Q3,404
F0370,2021Q4,433
F0370,2022Q1,588
F0370,2022Q2,455
F0370,2022Q3,440
F0370,2022Q4,500
F0370,2023Q1,729
F0370,2023Q2,465
F0370,2023Q3,461
F0370,2023Q4,544
F0370,2024Q1,773
F0370,2024Q2,508
F0370,2024Q3,504
F0370,2024Q4,505
F0370,2025Q1,796
F0370,2025Q2,509
F0370,2025Q3,522
F0370,2025Q4,584
F0370,2026Q1,1013
F0370,2026Q2,723
F0371,2021Q3,168
F0371,2021Q4,139
F0371,2022Q1,193
F0371,2022Q2,126
F0371,2022Q3,142
F0371,2022Q4,135
F0371,2023Q1,168
F0371,2023Q2,140
F0371,2023Q3,113
F0371,2023Q4,152
F0371,2024Q1,181
F0371,2024Q2,117
F0371,2024Q3,106
F0371,2024Q4,109
F0371,2025Q1,148
F0371,2025Q2,80
F0371,2025Q3,83
F0371,2025Q4,75
F0371,2026Q1,74
F0371,2026Q2,38
F0372,2021Q3,53
F0372,2021Q4,83
F0372,2022Q1,106
F0372,2022Q2,61
F0372,2022Q3,63
F0372,2022Q4,86
F0372,2023Q1,104
F0372,2023Q2,73
F0372,2023Q3,66
F0372,2023Q4,68
F0372,2024Q1,131
F0372,2024Q2,102
F0372,2024Q3,93
F0372,2024Q4,125
F0372,2025Q1,178
F0372,2025Q2,145
F0372,2025Q3,128
F0372,2025Q4,115
F0372,2026Q1,148
F0372,2026Q2,128
F0373,2021Q3,132
F0373,2021Q4,138
F0373,2022Q1,138
F0373,2022Q2,119
F0373,2022Q3,135
F0373,2022Q4,127
F0373,2023Q1,165
F0373,2023Q2,115
F0373,2023Q3,115
F0373,2023Q4,110
F0373,2024Q1,175
F0373,2024Q2,128
F0373,2024Q3,112
F0373,2024Q4,103
F0373,2025Q1,161
F0373,2025Q2,137
F0373,2025Q3,105
F0373,2025Q4,175
F0373,2026Q1,245
F0373,2026Q2,170
F0374,2021Q3,30
F0374,2021Q4,22
F0374,2022Q1,53
F0374,2022Q2,25
F0374,2022Q3,20
F0374,2022Q4,36
F0374,2023Q1,54
F0374,2023Q2,24
F0374,2023Q3,23
F0374,2023Q4,22
F0374,2024Q1,120
F0374,2024Q2,72
F0374,2024Q3,83
F0374,2024Q4,96
F0374,2025Q1,174
F0374,2025Q2,96
F0374,2025Q3,95
F0374,2025Q4,95
F0374,2026Q1,207
F0374,2026Q2,171
F0375,2021Q3,73
F0375,2021Q4,85
F0375,2022Q1,119
F0375,2022Q2,81
F0375,2022Q3,85
F0375,2022Q4,108
F0375,2023Q1,134
F0375,2023Q2,101
F0375,2023Q3,91
F0375,2023Q4,93
F0375,2024Q1,118
F0375,2024Q2,56
F0375,2024Q3,68
F0375,2024Q4,46
F0375,2025Q1,105
F0375,2025Q2,50
F0375,2025Q3,84
F0375,2025Q4,210
F0375,2026Q1,319
F0375,2026Q2,175
F0376,2021Q3,58
F0376,2021Q4,69
F0376,2022Q1,62
F0376,2022Q2,44
F0376,2022Q3,56
F0376,2022Q4,59
F0376,2023Q1,63
F0376,2023Q2,59
F0376,2023Q3,50
F0376,2023Q4,67
F0376,2024Q1,92
F0376,2024Q2,73
F0376,2024Q3,65
F0376,2024Q4,79
F0376,2025Q1,155
F0376,2025Q2,83
F0376,2025Q3,74
F0376,2025Q4,175
F0376,2026Q1,203
F0376,2026Q2,181
F0377,2021Q3,776
F0377,2021Q4,888
F0377,2022Q1,1115
F0377,2022Q2,864
F0377,2022Q3,862
F0377,2022Q4,930
F0377,2023Q1,1168
F0377,2023Q2,941
F0377,2023Q3,908
F0377,2023Q4,959
F0377,2024Q1,1347
F0377,2024Q2,772
F0377,2024Q3,787
F0377,2024Q4,843
F0377,2025Q1,1319
F0377,2025Q2,827
F0377,2025Q3,916
F0377,2025Q4,1218
F0377,2026Q1,1574
F0377,2026Q2,942
F0378,2021Q3,75
F0378,2021Q4,79
F0378,2022Q1,109
F0378,2022Q2,82
F0378,2022Q3,73
F0378,2022Q4,87
F0378,2023Q1,143
F0378,2023Q2,85
F0378,2023Q3,82
F0378,2023Q4,101
F0378,2024Q1,211
F0378,2024Q2,128
F0378,2024Q3,130
F0378,2024Q4,154
F0378,2025Q1,199
F0378,2025Q2,177
F0378,2025Q3,104
F0378,2025Q4,5
F0378,2026Q1,4
F0378,2026Q2,4
F0379,2021Q3,312
F0379,2021Q4,292
F0379,2022Q1,434
F0379,2022Q2,308
F0379,2022Q3,288
F0379,2022Q4,345
F0379,2023Q1,483
F0379,2023Q2,367
F0379,2023Q3,346
F0379,2023Q4,286
F0379,2024Q1,472
F0379,2024Q2,312
F0379,2024Q3,260
F0379,2024Q4,235
F0379,2025Q1,435
F0379,2025Q2,235
F0379,2025Q3,268
F0379,2025Q4,411
F0379,2026Q1,862
F0379,2026Q2,465
F0380,2021Q3,186
F0380,2021Q4,197
F0380,2022Q1,260
F0380,2022Q2,170
F0380,2022Q3,176
F0380,2022Q4,187
F0380,2023Q1,261
F0380,2023Q2,174
F0380,2023Q3,185
F0380,2023Q4,197
F0380,2024Q1,341
F0380,2024Q2,200
F0380,2024Q3,195
F0380,2024Q4,219
F0380,2025Q1,323
F0380,2025Q2,166
F0380,2025Q3,195
F0380,2025Q4,147
F0380,2026Q1,279
F0380,2026Q2,212
F0381,2021Q3,104
F0381,2021Q4,116
F0381,2022Q1,194
F0381,2022Q2,113
F0381,2022Q3,118
F0381,2022Q4,126
F0381,2023Q1,231
F0381,2023Q2,93
F0381,2023Q3,113
F0381,2023Q4,110
F0381,2024Q1,444
F0381,2024Q2,294
F0381,2024Q3,325
F0381,2024Q4,377
F0381,2025Q1,606
F0381,2025Q2,452
F0381,2025Q3,299
F0381,2025Q4,118
F0381,2026Q1,155
F0381,2026Q2,131
F0382,2021Q3,169
F0382,2021Q4,182
F0382,2022Q1,205
F0382,2022Q2,203
F0382,2022Q3,189
F0382,2022Q4,199
F0382,2023Q1,250
F0382,2023Q2,154
F0382,2023Q3,199
F0382,2023Q4,202
F0382,2024Q1,329
F0382,2024Q2,205
F0382,2024Q3,200
F0382,2024Q4,186
F0382,2025Q1,309
F0382,2025Q2,196
F0382,2025Q3,220
F0382,2025Q4,206
F0382,2026Q1,318
F0382,2026Q2,186
F0383,2021Q3,89
F0383,2021Q4,85
F0383,2022Q1,113
F0383,2022Q2,105
F0383,2022Q3,126
F0383,2022Q4,115
F0383,2023Q1,120
F0383,2023Q2,134
F0383,2023Q3,114
F0383,2023Q4,111
F0383,2024Q1,149
F0383,2024Q2,75
F0383,2024Q3,92
F0383,2024Q4,70
F0383,2025Q1,101
F0383,2025Q2,80
F0383,2025Q3,102
F0383,2025Q4,156
F0383,2026Q1,229
F0383,2026Q2,144
F0384,2021Q3,69
F0384,2021Q4,65
F0384,2022Q1,141
F0384,2022Q2,59
F0384,2022Q3,88
F0384,2022Q4,70
F0384,2023Q1,156
F0384,2023Q2,65
F0384,2023Q3,74
F0384,2023Q4,80
F0384,2024Q1,391
F0384,2024Q2,187
F0384,2024Q3,215
F0384,2024Q4,278
F0384,2025Q1,532
F0384,2025Q2,283
F0384,2025Q3,241
F0384,2025Q4,167
F0384,2026Q1,379
F0384,2026Q2,265
F0385,2021Q3,70
F0385,2021Q4,74
F0385,2022Q1,136
F0385,2022Q2,53
F0385,2022Q3,63
F0385,2022Q4,72
F0385,2023Q1,128
F0385,2023Q2,59
F0385,2023Q3,50
F0385,2023Q4,65
F0385,2024Q1,258
F0385,2024Q2,152
F0385,2024Q3,188
F0385,2024Q4,190
F0385,2025Q1,360
F0385,2025Q2,210
F0385,2025Q3,221
F0385,2025Q4,136
F0385,2026Q1,329
F0385,2026Q2,230
F0386,2021Q3,409
F0386,2021Q4,407
F0386,2022Q1,642
F0386,2022Q2,412
F0386,2022Q3,421
F0386,2022Q4,528
F0386,2023Q1,727
F0386,2023Q2,482
F0386,2023Q3,486
F0386,2023Q4,546
F0386,2024Q1,979
F0386,2024Q2,596
F0386,2024Q3,638
F0386,2024Q4,620
F0386,2025Q1,1024
F0386,2025Q2,624
F0386,2025Q3,688
F0386,2025Q4,777
F0386,2026Q1,1136
F0386,2026Q2,694
F0387,2021Q3,122
F0387,2021Q4,116
F0387,2022Q1,149
F0387,2022Q2,106
F0387,2022Q3,124
F0387,2022Q4,123
F0387,2023Q1,153
F0387,2023Q2,136
F0387,2023Q3,113
F0387,2023Q4,119
F0387,2024Q1,182
F0387,2024Q2,120
F0387,2024Q3,116
F0387,2024Q4,147
F0387,2025Q1,179
F0387,2025Q2,138
F0387,2025Q3,100
F0387,2025Q4,159
F0387,2026Q1,187
F0387,2026Q2,144
F0388,2021Q3,60
F0388,2021Q4,91
F0388,2022Q1,77
F0388,2022Q2,67
F0388,2022Q3,60
F0388,2022Q4,60
F0388,2023Q1,96
F0388,2023Q2,74
F0388,2023Q3,55
F0388,2023Q4,44
F0388,2024Q1,64
F0388,2024Q2,44
F0388,2024Q3,61
F0388,2024Q4,66
F0388,2025Q1,109
F0388,2025Q2,57
F0388,2025Q3,53
F0388,2025Q4,102
F0388,2026Q1,159
F0388,2026Q2,96
F0389,2021Q3,35
F0389,2021Q4,60
F0389,2022Q1,61
F0389,2022Q2,35
F0389,2022Q3,41
F0389,2022Q4,54
F0389,2023Q1,67
F0389,2023Q2,52
F0389,2023Q3,40
F0389,2023Q4,45
F0389,2024Q1,78
F0389,2024Q2,46
F0389,2024Q3,40
F0389,2024Q4,52
F0389,2025Q1,106
F0389,2025Q2,54
F0389,2025Q3,73
F0389,2025Q4,220
F0389,2026Q1,343
F0389,2026Q2,179
F0390,2021Q3,61
F0390,2021Q4,72
F0390,2022Q1,70
F0390,2022Q2,59
F0390,2022Q3,62
F0390,2022Q4,57
F0390,2023Q1,83
F0390,2023Q2,57
F0390,2023Q3,50
F0390,2023Q4,66
F0390,2024Q1,101
F0390,2024Q2,76
F0390,2024Q3,100
F0390,2024Q4,72
F0390,2025Q1,98
F0390,2025Q2,71
F0390,2025Q3,79
F0390,2025Q4,103
F0390,2026Q1,130
F0390,2026Q2,137
F0391,2021Q3,38
F0391,2021Q4,40
F0391,2022Q1,57
F0391,2022Q2,51
F0391,2022Q3,53
F0391,2022Q4,51
F0391,2023Q1,73
F0391,2023Q2,68
F0391,2023Q3,46
F0391,2023Q4,74
F0391,2024Q1,136
F0391,2024Q2,59
F0391,2024Q3,85
F0391,2024Q4,80
F0391,2025Q1,139
F0391,2025Q2,108
F0391,2025Q3,118
F0391,2025Q4,98
F0391,2026Q1,146
F0391,2026Q2,98
F0392,2021Q3,62
F0392,2021Q4,80
F0392,2022Q1,109
F0392,2022Q2,47
F0392,2022Q3,52
F0392,2022Q4,78
F0392,2023Q1,171
F0392,2023Q2,56
F0392,2023Q3,60
F0392,2023Q4,83
F0392,2024Q1,170
F0392,2024Q2,143
F0392,2024Q3,140
F0392,2024Q4,177
F0392,2025Q1,251
F0392,2025Q2,184
F0392,2025Q3,159
F0392,2025Q4,82
F0392,2026Q1,138
F0392,2026Q2,133
F0393,2021Q3,97
F0393,2021Q4,84
F0393,2022Q1,131
F0393,2022Q2,70
F0393,2022Q3,99
F0393,2022Q4,109
F0393,2023Q1,144
F0393,2023Q2,104
F0393,2023Q3,93
F0393,2023Q4,92
F0393,2024Q1,183
F0393,2024Q2,107
F0393,2024Q3,122
F0393,2024Q4,127
F0393,2025Q1,204
F0393,2025Q2,131
F0393,2025Q3,150
F0393,2025Q4,167
F0393,2026Q1,228
F0393,2026Q2,160
F0394,2021Q3,143
F0394,2021Q4,126
F0394,2022Q1,216
F0394,2022Q2,130
F0394,2022Q3,119
F0394,2022Q4,154
F0394,2023Q1,210
F0394,2023Q2,149
F0394,2023Q3,149
F0394,2023Q4,128
F0394,2024Q1,203
F0394,2024Q2,129
F0394,2024Q3,134
F0394,2024Q4,126
F0394,2025Q1,169
F0394,2025Q2,102
F0394,2025Q3,99
F0394,2025Q4,26
F0394,2026Q1,27
F0394,2026Q2,24
F0395,2021Q3,44
F0395,2021Q4,38
F0395,2022Q1,82
F0395,2022Q2,44
F0395,2022Q3,49
F0395,2022Q4,63
F0395,2023Q1,91
F0395,2023Q2,54
F0395,2023Q3,39
F0395,2023Q4,57
F0395,2024Q1,85
F0395,2024Q2,48
F0395,2024Q3,51
F0395,2024Q4,60
F0395,2025Q1,72
F0395,2025Q2,45
F0395,2025Q3,25
F0395,2025Q4,0
F0395,2026Q1,3
F0395,2026Q2,0
F0396,2021Q3,52
F0396,2021Q4,55
F0396,2022Q1,80
F0396,2022Q2,57
F0396,2022Q3,45
F0396,2022Q4,58
F0396,2023Q1,74
F0396,2023Q2,65
F0396,2023Q3,65
F0396,2023Q4,79
F0396,2024Q1,61
F0396,2024Q2,49
F0396,2024Q3,28
F0396,2024Q4,33
F0396,2025Q1,93
F0396,2025Q2,32
F0396,2025Q3,60
F0396,2025Q4,128
F0396,2026Q1,261
F0396,2026Q2,146
F0397,2021Q3,98
F0397,2021Q4,110
F0397,2022Q1,178
F0397,2022Q2,100
F0397,2022Q3,99
F0397,2022Q4,101
F0397,2023Q1,163
F0397,2023Q2,106
F0397,2023Q3,122
F0397,2023Q4,122
F0397,2024Q1,175
F0397,2024Q2,141
F0397,2024Q3,144
F0397,2024Q4,168
F0397,2025Q1,234
F0397,2025Q2,170
F0397,2025Q3,146
F0397,2025Q4,114
F0397,2026Q1,227
F0397,2026Q2,122
F0398,2021Q3,179
F0398,2021Q4,124
F0398,2022Q1,200
F0398,2022Q2,132
F0398,2022Q3,131
F0398,2022Q4,141
F0398,2023Q1,163
F0398,2023Q2,142
F0398,2023Q3,129
F0398,2023Q4,123
F0398,2024Q1,245
F0398,2024Q2,154
F0398,2024Q3,158
F0398,2024Q4,208
F0398,2025Q1,340
F0398,2025Q2,188
F0398,2025Q3,219
F0398,2025Q4,351
F0398,2026Q1,630
F0398,2026Q2,382
F0399,2021Q3,204
F0399,2021Q4,221
F0399,2022Q1,239
F0399,2022Q2,163
F0399,2022Q3,170
F0399,2022Q4,220
F0399,2023Q1,238
F0399,2023Q2,230
F0399,2023Q3,247
F0399,2023Q4,240
F0399,2024Q1,598
F0399,2024Q2,247
F0399,2024Q3,263
F0399,2024Q4,328
F0399,2025Q1,725
F0399,2025Q2,363
F0399,2025Q3,392
F0399,2025Q4,460
F0399,2026Q1,572
F0399,2026Q2,421
F0400,2021Q3,53
F0400,2021Q4,59
F0400,2022Q1,56
F0400,2022Q2,53
F0400,2022Q3,69
F0400,2022Q4,61
F0400,2023Q1,80
F0400,2023Q2,62
F0400,2023Q3,54
F0400,2023Q4,58
F0400,2024Q1,75
F0400,2024Q2,45
F0400,2024Q3,53
F0400,2024Q4,61
F0400,2025Q1,71
F0400,2025Q2,54
F0400,2025Q3,52
F0400,2025Q4,66
F0400,2026Q1,112
F0400,2026Q2,52
F0401,2021Q3,28
F0401,2021Q4,23
F0401,2022Q1,41
F0401,2022Q2,21
F0401,2022Q3,22
F0401,2022Q4,18
F0401,2023Q1,44
F0401,2023Q2,21
F0401,2023Q3,21
F0401,2023Q4,19
F0401,2024Q1,48
F0401,2024Q2,22
F0401,2024Q3,15
F0401,2024Q4,27
F0401,2025Q1,124
F0401,2025Q2,38
F0401,2025Q3,43
F0401,2025Q4,136
F0401,2026Q1,282
F0401,2026Q2,186
F0402,2021Q3,41
F0402,2021Q4,60
F0402,2022Q1,106
F0402,2022Q2,72
F0402,2022Q3,71
F0402,2022Q4,73
F0402,2023Q1,98
F0402,2023Q2,68
F0402,2023Q3,59
F0402,2023Q4,59
F0402,2024Q1,87
F0402,2024Q2,76
F0402,2024Q3,71
F0402,2024Q4,59
F0402,2025Q1,93
F0402,2025Q2,64
F0402,2025Q3,80
F0402,2025Q4,77
F0402,2026Q1,171
F0402,2026Q2,84
F0403,2021Q3,83
F0403,2021Q4,85
F0403,2022Q1,97
F0403,2022Q2,58
F0403,2022Q3,87
F0403,2022Q4,69
F0403,2023Q1,100
F0403,2023Q2,76
F0403,2023Q3,85
F0403,2023Q4,77
F0403,2024Q1,112
F0403,2024Q2,60
F0403,2024Q3,54
F0403,2024Q4,47
F0403,2025Q1,94
F0403,2025Q2,74
F0403,2025Q3,61
F0403,2025Q4,136
F0403,2026Q1,172
F0403,2026Q2,132
F0404,2021Q3,58
F0404,2021Q4,51
F0404,2022Q1,79
F0404,2022Q2,70
F0404,2022Q3,62
F0404,2022Q4,64
F0404,2023Q1,73
F0404,2023Q2,54
F0404,2023Q3,60
F0404,2023Q4,64
F0404,2024Q1,89
F0404,2024Q2,55
F0404,2024Q3,61
F0404,2024Q4,73
F0404,2025Q1,79
F0404,2025Q2,75
F0404,2025Q3,68
F0404,2025Q4,50
F0404,2026Q1,74
F0404,2026Q2,55
F0405,2021Q3,73
F0405,2021Q4,90
F0405,2022Q1,158
F0405,2022Q2,99
F0405,2022Q3,76
F0405,2022Q4,96
F0405,2023Q1,187
F0405,2023Q2,87
F0405,2023Q3,82
F0405,2023Q4,97
F0405,2024Q1,349
F0405,2024Q2,208
F0405,2024Q3,254
F0405,2024Q4,288
F0405,2025Q1,555
F0405,2025Q2,269
F0405,2025Q3,284
F0405,2025Q4,221
F0405,2026Q1,429
F0405,2026Q2,376
F0406,2021Q3,149
F0406,2021Q4,153
F0406,2022Q1,171
F0406,2022Q2,136
F0406,2022Q3,182
F0406,2022Q4,159
F0406,2023Q1,191
F0406,2023Q2,158
F0406,2023Q3,165
F0406,2023Q4,166
F0406,2024Q1,188
F0406,2024Q2,117
F0406,2024Q3,117
F0406,2024Q4,110
F0406,2025Q1,209
F0406,2025Q2,107
F0406,2025Q3,126
F0406,2025Q4,192
F0406,2026Q1,227
F0406,2026Q2,168
F0407,2021Q3,63
F0407,2021Q4,67
F0407,2022Q1,77
F0407,2022Q2,68
F0407,2022Q3,47
F0407,2022Q4,44
F0407,2023Q1,65
F0407,2023Q2,44
F0407,2023Q3,41
F0407,2023Q4,52
F0407,2024Q1,73
F0407,2024Q2,47
F0407,2024Q3,60
F0407,2024Q4,54
F0407,2025Q1,99
F0407,2025Q2,51
F0407,2025Q3,68
F0407,2025Q4,123
F0407,2026Q1,251
F0407,2026Q2,187
F0408,2021Q3,204
F0408,2021Q4,194
F0408,2022Q1,286
F0408,2022Q2,173
F0408,2022Q3,182
F0408,2022Q4,254
F0408,2023Q1,253
F0408,2023Q2,164
F0408,2023Q3,183
F0408,2023Q4,210
F0408,2024Q1,380
F0408,2024Q2,227
F0408,2024Q3,295
F0408,2024Q4,265
F0408,2025Q1,402
F0408,2025Q2,271
F0408,2025Q3,284
F0408,2025Q4,241
F0408,2026Q1,429
F0408,2026Q2,270
F0409,2021Q3,79
F0409,2021Q4,108
F0409,2022Q1,125
F0409,2022Q2,93
F0409,2022Q3,91
F0409,2022Q4,103
F0409,2023Q1,173
F0409,2023Q2,72
F0409,2023Q3,76
F0409,2023Q4,129
F0409,2024Q1,357
F0409,2024Q2,256
F0409,2024Q3,273
F0409,2024Q4,314
F0409,2025Q1,499
F0409,2025Q2,320
F0409,2025Q3,296
F0409,2025Q4,195
F0409,2026Q1,371
F0409,2026Q2,271
F0410,2021Q3,53
F0410,2021Q4,57
F0410,2022Q1,85
F0410,2022Q2,52
F0410,2022Q3,53
F0410,2022Q4,49
F0410,2023Q1,81
F0410,2023Q2,60
F0410,2023Q3,49
F0410,2023Q4,58
F0410,2024Q1,185
F0410,2024Q2,132
F0410,2024Q3,126
F0410,2024Q4,153
F0410,2025Q1,251
F0410,2025Q2,144
F0410,2025Q3,134
F0410,2025Q4,119
F0410,2026Q1,234
F0410,2026Q2,144
F0411,2021Q3,120
F0411,2021Q4,118
F0411,2022Q1,175
F0411,2022Q2,113
F0411,2022Q3,145
F0411,2022Q4,168
F0411,2023Q1,140
F0411,2023Q2,127
F0411,2023Q3,118
F0411,2023Q4,135
F0411,2024Q1,251
F0411,2024Q2,146
F0411,2024Q3,174
F0411,2024Q4,211
F0411,2025Q1,296
F0411,2025Q2,207
F0411,2025Q3,178
F0411,2025Q4,244
F0411,2026Q1,342
F0411,2026Q2,235
F0412,2021Q3,68
F0412,2021Q4,82
F0412,2022Q1,116
F0412,2022Q2,71
F0412,2022Q3,76
F0412,2022Q4,83
F0412,2023Q1,101
F0412,2023Q2,95
F0412,2023Q3,81
F0412,2023Q4,81
F0412,2024Q1,94
F0412,2024Q2,61
F0412,2024Q3,64
F0412,2024Q4,63
F0412,2025Q1,113
F0412,2025Q2,61
F0412,2025Q3,72
F0412,2025Q4,92
F0412,2026Q1,121
F0412,2026Q2,75
F0413,2021Q3,125
F0413,2021Q4,124
F0413,2022Q1,189
F0413,2022Q2,152
F0413,2022Q3,142
F0413,2022Q4,173
F0413,2023Q1,240
F0413,2023Q2,166
F0413,2023Q3,165
F0413,2023Q4,125
F0413,2024Q1,246
F0413,2024Q2,150
F0413,2024Q3,125
F0413,2024Q4,163
F0413,2025Q1,244
F0413,2025Q2,125
F0413,2025Q3,160
F0413,2025Q4,223
F0413,2026Q1,359
F0413,2026Q2,252
F0414,2021Q3,76
F0414,2021Q4,75
F0414,2022Q1,98
F0414,2022Q2,71
F0414,2022Q3,73
F0414,2022Q4,79
F0414,2023Q1,87
F0414,2023Q2,72
F0414,2023Q3,80
F0414,2023Q4,106
F0414,2024Q1,136
F0414,2024Q2,89
F0414,2024Q3,89
F0414,2024Q4,124
F0414,2025Q1,148
F0414,2025Q2,94
F0414,2025Q3,100
F0414,2025Q4,131
F0414,2026Q1,163
F0414,2026Q2,113
F0415,2021Q3,236
F0415,2021Q4,277
F0415,2022Q1,427
F0415,2022Q2,303
F0415,2022Q3,306
F0415,2022Q4,318
F0415,2023Q1,542
F0415,2023Q2,361
F0415,2023Q3,333
F0415,2023Q4,371
F0415,2024Q1,676
F0415,2024Q2,417
F0415,2024Q3,365
F0415,2024Q4,349
F0415,2025Q1,606
F0415,2025Q2,348
F0415,2025Q3,318
F0415,2025Q4,135
F0415,2026Q1,215
F0415,2026Q2,176
F0416,2021Q3,89
F0416,2021Q4,79
F0416,2022Q1,146
F0416,2022Q2,103
F0416,2022Q3,83
F0416,2022Q4,104
F0416,2023Q1,203
F0416,2023Q2,112
F0416,2023Q3,97
F0416,2023Q4,108
F0416,2024Q1,231
F0416,2024Q2,147
F0416,2024Q3,183
F0416,2024Q4,214
F0416,2025Q1,286
F0416,2025Q2,241
F0416,2025Q3,157
F0416,2025Q4,2
F0416,2026Q1,0
F0416,2026Q2,0
F0417,2021Q3,89
F0417,2021Q4,96
F0417,2022Q1,124
F0417,2022Q2,85
F0417,2022Q3,80
F0417,2022Q4,114
F0417,2023Q1,141
F0417,2023Q2,124
F0417,2023Q3,97
F0417,2023Q4,119
F0417,2024Q1,124
F0417,2024Q2,89
F0417,2024Q3,61
F0417,2024Q4,90
F0417,2025Q1,164
F0417,2025Q2,73
F0417,2025Q3,79
F0417,2025Q4,113
F0417,2026Q1,192
F0417,2026Q2,106
F0418,2021Q3,268
F0418,2021Q4,260
F0418,2022Q1,328
F0418,2022Q2,194
F0418,2022Q3,236
F0418,2022Q4,281
F0418,2023Q1,358
F0418,2023Q2,313
F0418,2023Q3,311
F0418,2023Q4,276
F0418,2024Q1,342
F0418,2024Q2,191
F0418,2024Q3,187
F0418,2024Q4,174
F0418,2025Q1,281
F0418,2025Q2,170
F0418,2025Q3,159
F0418,2025Q4,134
F0418,2026Q1,243
F0418,2026Q2,101
F0419,2021Q3,228
F0419,2021Q4,239
F0419,2022Q1,302
F0419,2022Q2,221
F0419,2022Q3,180
F0419,2022Q4,230
F0419,2023Q1,301
F0419,2023Q2,227
F0419,2023Q3,228
F0419,2023Q4,221
F0419,2024Q1,322
F0419,2024Q2,178
F0419,2024Q3,194
F0419,2024Q4,193
F0419,2025Q1,244
F0419,2025Q2,176
F0419,2025Q3,170
F0419,2025Q4,170
F0419,2026Q1,231
F0419,2026Q2,136
F0420,2021Q3,127
F0420,2021Q4,126
F0420,2022Q1,139
F0420,2022Q2,102
F0420,2022Q3,86
F0420,2022Q4,121
F0420,2023Q1,155
F0420,2023Q2,108
F0420,2023Q3,120
F0420,2023Q4,83
F0420,2024Q1,143
F0420,2024Q2,97
F0420,2024Q3,86
F0420,2024Q4,86
F0420,2025Q1,104
F0420,2025Q2,69
F0420,2025Q3,55
F0420,2025Q4,23
F0420,2026Q1,21
F0420,2026Q2,15
F0421,2021Q3,145
F0421,2021Q4,177
F0421,2022Q1,204
F0421,2022Q2,158
F0421,2022Q3,169
F0421,2022Q4,192
F0421,2023Q1,264
F0421,2023Q2,172
F0421,2023Q3,194
F0421,2023Q4,191
F0421,2024Q1,357
F0421,2024Q2,241
F0421,2024Q3,266
F0421,2024Q4,231
F0421,2025Q1,399
F0421,2025Q2,286
F0421,2025Q3,290
F0421,2025Q4,280
F0421,2026Q1,350
F0421,2026Q2,232
F0422,2021Q3,81
F0422,2021Q4,94
F0422,2022Q1,103
F0422,2022Q2,56
F0422,2022Q3,63
F0422,2022Q4,64
F0422,2023Q1,132
F0422,2023Q2,78
F0422,2023Q3,69
F0422,2023Q4,76
F0422,2024Q1,233
F0422,2024Q2,138
F0422,2024Q3,164
F0422,2024Q4,177
F0422,2025Q1,377
F0422,2025Q2,212
F0422,2025Q3,207
F0422,2025Q4,286
F0422,2026Q1,687
F0422,2026Q2,483
F0423,2021Q3,34
F0423,2021Q4,45
F0423,2022Q1,42
F0423,2022Q2,25
F0423,2022Q3,46
F0423,2022Q4,53
F0423,2023Q1,56
F0423,2023Q2,47
F0423,2023Q3,59
F0423,2023Q4,47
F0423,2024Q1,44
F0423,2024Q2,38
F0423,2024Q3,21
F0423,2024Q4,16
F0423,2025Q1,40
F0423,2025Q2,20
F0423,2025Q3,30
F0423,2025Q4,115
F0423,2026Q1,181
F0423,2026Q2,104
F0424,2021Q3,169
F0424,2021Q4,207
F0424,2022Q1,225
F0424,2022Q2,146
F0424,2022Q3,165
F0424,2022Q4,170
F0424,2023Q1,191
F0424,2023Q2,155
F0424,2023Q3,149
F0424,2023Q4,148
F0424,2024Q1,183
F0424,2024Q2,124
F0424,2024Q3,119
F0424,2024Q4,91
F0424,2025Q1,165
F0424,2025Q2,92
F0424,2025Q3,130
F0424,2025Q4,264
F0424,2026Q1,341
F0424,2026Q2,177
F0425,2021Q3,68
F0425,2021Q4,61
F0425,2022Q1,100
F0425,2022Q2,45
F0425,2022Q3,50
F0425,2022Q4,60
F0425,2023Q1,101
F0425,2023Q2,68
F0425,2023Q3,62
F0425,2023Q4,62
F0425,2024Q1,114
F0425,2024Q2,62
F0425,2024Q3,57
F0425,2024Q4,56
F0425,2025Q1,104
F0425,2025Q2,55
F0425,2025Q3,74
F0425,2025Q4,70
F0425,2026Q1,133
F0425,2026Q2,66
F0426,2021Q3,90
F0426,2021Q4,88
F0426,2022Q1,120
F0426,2022Q2,74
F0426,2022Q3,83
F0426,2022Q4,87
F0426,2023Q1,118
F0426,2023Q2,94
F0426,2023Q3,90
F0426,2023Q4,96
F0426,2024Q1,73
F0426,2024Q2,52
F0426,2024Q3,40
F0426,2024Q4,32
F0426,2025Q1,52
F0426,2025Q2,27
F0426,2025Q3,41
F0426,2025Q4,75
F0426,2026Q1,115
F0426,2026Q2,66
F0427,2021Q3,48
F0427,2021Q4,42
F0427,2022Q1,47
F0427,2022Q2,42
F0427,2022Q3,43
F0427,2022Q4,27
F0427,2023Q1,36
F0427,2023Q2,39
F0427,2023Q3,44
F0427,2023Q4,41
F0427,2024Q1,61
F0427,2024Q2,50
F0427,2024Q3,34
F0427,2024Q4,42
F0427,2025Q1,50
F0427,2025Q2,38
F0427,2025Q3,21
F0427,2025Q4,7
F0427,2026Q1,11
F0427,2026Q2,11
F0428,2021Q3,178
F0428,2021Q4,195
F0428,2022Q1,266
F0428,2022Q2,186
F0428,2022Q3,158
F0428,2022Q4,161
F0428,2023Q1,220
F0428,2023Q2,181
F0428,2023Q3,154
F0428,2023Q4,163
F0428,2024Q1,223
F0428,2024Q2,161
F0428,2024Q3,151
F0428,2024Q4,153
F0428,2025Q1,178
F0428,2025Q2,162
F0428,2025Q3,145
F0428,2025Q4,120
F0428,2026Q1,195
F0428,2026Q2,126
F0429,2021Q3,29
F0429,2021Q4,41
F0429,2022Q1,76
F0429,2022Q2,45
F0429,2022Q3,45
F0429,2022Q4,57
F0429,2023Q1,67
F0429,2023Q2,32
F0429,2023Q3,50
F0429,2023Q4,32
F0429,2024Q1,91
F0429,2024Q2,55
F0429,2024Q3,70
F0429,2024Q4,64
F0429,2025Q1,115
F0429,2025Q2,52
F0429,2025Q3,72
F0429,2025Q4,79
F0429,2026Q1,101
F0429,2026Q2,95
F0430,2021Q3,54
F0430,2021Q4,53
F0430,2022Q1,52
F0430,2022Q2,35
F0430,2022Q3,24
F0430,2022Q4,27
F0430,2023Q1,73
F0430,2023Q2,37
F0430,2023Q3,43
F0430,2023Q4,37
F0430,2024Q1,92
F0430,2024Q2,65
F0430,2024Q3,72
F0430,2024Q4,87
F0430,2025Q1,136
F0430,2025Q2,77
F0430,2025Q3,62
F0430,2025Q4,29
F0430,2026Q1,73
F0430,2026Q2,90
F0431,2021Q3,79
F0431,2021Q4,66
F0431,2022Q1,125
F0431,2022Q2,83
F0431,2022Q3,81
F0431,2022Q4,92
F0431,2023Q1,112
F0431,2023Q2,77
F0431,2023Q3,82
F0431,2023Q4,82
F0431,2024Q1,176
F0431,2024Q2,103
F0431,2024Q3,119
F0431,2024Q4,130
F0431,2025Q1,220
F0431,2025Q2,125
F0431,2025Q3,127
F0431,2025Q4,194
F0431,2026Q1,246
F0431,2026Q2,206
F0432,2021Q3,135
F0432,2021Q4,158
F0432,2022Q1,180
F0432,2022Q2,137
F0432,2022Q3,155
F0432,2022Q4,148
F0432,2023Q1,192
F0432,2023Q2,155
F0432,2023Q3,148
F0432,2023Q4,157
F0432,2024Q1,230
F0432,2024Q2,114
F0432,2024Q3,120
F0432,2024Q4,121
F0432,2025Q1,213
F0432,2025Q2,120
F0432,2025Q3,117
F0432,2025Q4,257
F0432,2026Q1,425
F0432,2026Q2,234
F0433,2021Q3,42
F0433,2021Q4,51
F0433,2022Q1,76
F0433,2022Q2,37
F0433,2022Q3,51
F0433,2022Q4,58
F0433,2023Q1,91
F0433,2023Q2,67
F0433,2023Q3,45
F0433,2023Q4,57
F0433,2024Q1,129
F0433,2024Q2,50
F0433,2024Q3,61
F0433,2024Q4,73
F0433,2025Q1,177
F0433,2025Q2,80
F0433,2025Q3,85
F0433,2025Q4,111
F0433,2026Q1,210
F0433,2026Q2,115
F0434,2021Q3,118
F0434,2021Q4,108
F0434,2022Q1,145
F0434,2022Q2,119
F0434,2022Q3,112
F0434,2022Q4,134
F0434,2023Q1,189
F0434,2023Q2,151
F0434,2023Q3,139
F0434,2023Q4,157
F0434,2024Q1,299
F0434,2024Q2,163
F0434,2024Q3,151
F0434,2024Q4,154
F0434,2025Q1,292
F0434,2025Q2,162
F0434,2025Q3,156
F0434,2025Q4,198
F0434,2026Q1,370
F0434,2026Q2,220
F0435,2021Q3,49
F0435,2021Q4,52
F0435,2022Q1,62
F0435,2022Q2,43
F0435,2022Q3,35
F0435,2022Q4,44
F0435,2023Q1,80
F0435,2023Q2,59
F0435,2023Q3,39
F0435,2023Q4,39
F0435,2024Q1,62
F0435,2024Q2,32
F0435,2024Q3,33
F0435,2024Q4,34
F0435,2025Q1,69
F0435,2025Q2,36
F0435,2025Q3,47
F0435,2025Q4,71
F0435,2026Q1,118
F0435,2026Q2,55
F0436,2021Q3,41
F0436,2021Q4,39
F0436,2022Q1,49
F0436,2022Q2,47
F0436,2022Q3,31
F0436,2022Q4,39
F0436,2023Q1,62
F0436,2023Q2,28
F0436,2023Q3,38
F0436,2023Q4,49
F0436,2024Q1,57
F0436,2024Q2,40
F0436,2024Q3,37
F0436,2024Q4,43
F0436,2025Q1,84
F0436,2025Q2,27
F0436,2025Q3,42
F0436,2025Q4,101
F0436,2026Q1,121
F0436,2026Q2,102
F0437,2021Q3,38
F0437,2021Q4,48
F0437,2022Q1,69
F0437,2022Q2,46
F0437,2022Q3,53
F0437,2022Q4,58
F0437,2023Q1,56
F0437,2023Q2,45
F0437,2023Q3,51
F0437,2023Q4,40
F0437,2024Q1,70
F0437,2024Q2,34
F0437,2024Q3,36
F0437,2024Q4,38
F0437,2025Q1,53
F0437,2025Q2,25
F0437,2025Q3,44
F0437,2025Q4,76
F0437,2026Q1,115
F0437,2026Q2,67
F0438,2021Q3,102
F0438,2021Q4,95
F0438,2022Q1,108
F0438,2022Q2,90
F0438,2022Q3,100
F0438,2022Q4,110
F0438,2023Q1,116
F0438,2023Q2,97
F0438,2023Q3,100
F0438,2023Q4,103
F0438,2024Q1,143
F0438,2024Q2,89
F0438,2024Q3,92
F0438,2024Q4,105
F0438,2025Q1,137
F0438,2025Q2,93
F0438,2025Q3,84
F0438,2025Q4,124
F0438,2026Q1,213
F0438,2026Q2,140
F0439,2021Q3,49
F0439,2021Q4,65
F0439,2022Q1,81
F0439,2022Q2,50
F0439,2022Q3,58
F0439,2022Q4,56
F0439,2023Q1,77
F0439,2023Q2,50
F0439,2023Q3,76
F0439,2023Q4,60
F0439,2024Q1,82
F0439,2024Q2,60
F0439,2024Q3,62
F0439,2024Q4,70
F0439,2025Q1,110
F0439,2025Q2,65
F0439,2025Q3,61
F0439,2025Q4,103
F0439,2026Q1,147
F0439,2026Q2,100
F0440,2021Q3,48
F0440,2021Q4,44
F0440,2022Q1,57
F0440,2022Q2,39
F0440,2022Q3,38
F0440,2022Q4,33
F0440,2023Q1,64
F0440,2023Q2,40
F0440,2023Q3,29
F0440,2023Q4,41
F0440,2024Q1,128
F0440,2024Q2,82
F0440,2024Q3,91
F0440,2024Q4,95
F0440,2025Q1,174
F0440,2025Q2,127
F0440,2025Q3,81
F0440,2025Q4,86
F0440,2026Q1,201
F0440,2026Q2,140
F0441,2021Q3,15
F0441,2021Q4,15
F0441,2022Q1,27
F0441,2022Q2,15
F0441,2022Q3,19
F0441,2022Q4,21
F0441,2023Q1,24
F0441,2023Q2,16
F0441,2023Q3,17
F0441,2023Q4,9
F0441,2024Q1,61
F0441,2024Q2,40
F0441,2024Q3,40
F0441,2024Q4,56
F0441,2025Q1,79
F0441,2025Q2,57
F0441,2025Q3,58
F0441,2025Q4,42
F0441,2026Q1,68
F0441,2026Q2,76
F0442,2021Q3,97
F0442,2021Q4,82
F0442,2022Q1,173
F0442,2022Q2,83
F0442,2022Q3,90
F0442,2022Q4,98
F0442,2023Q1,198
F0442,2023Q2,101
F0442,2023Q3,87
F0442,2023Q4,106
F0442,2024Q1,461
F0442,2024Q2,288
F0442,2024Q3,297
F0442,2024Q4,397
F0442,2025Q1,684
F0442,2025Q2,423
F0442,2025Q3,356
F0442,2025Q4,312
F0442,2026Q1,641
F0442,2026Q2,523
F0443,2021Q3,129
F0443,2021Q4,131
F0443,2022Q1,178
F0443,2022Q2,115
F0443,2022Q3,123
F0443,2022Q4,124
F0443,2023Q1,208
F0443,2023Q2,135
F0443,2023Q3,116
F0443,2023Q4,136
F0443,2024Q1,260
F0443,2024Q2,149
F0443,2024Q3,192
F0443,2024Q4,208
F0443,2025Q1,312
F0443,2025Q2,168
F0443,2025Q3,159
F0443,2025Q4,159
F0443,2026Q1,238
F0443,2026Q2,230
F0444,2021Q3,58
F0444,2021Q4,51
F0444,2022Q1,72
F0444,2022Q2,65
F0444,2022Q3,71
F0444,2022Q4,61
F0444,2023Q1,79
F0444,2023Q2,66
F0444,2023Q3,73
F0444,2023Q4,62
F0444,2024Q1,71
F0444,2024Q2,49
F0444,2024Q3,36
F0444,2024Q4,43
F0444,2025Q1,66
F0444,2025Q2,35
F0444,2025Q3,44
F0444,2025Q4,79
F0444,2026Q1,97
F0444,2026Q2,50
F0445,2021Q3,87
F0445,2021Q4,102
F0445,2022Q1,147
F0445,2022Q2,95
F0445,2022Q3,106
F0445,2022Q4,128
F0445,2023Q1,150
F0445,2023Q2,111
F0445,2023Q3,111
F0445,2023Q4,101
F0445,2024Q1,215
F0445,2024Q2,137
F0445,2024Q3,147
F0445,2024Q4,145
F0445,2025Q1,245
F0445,2025Q2,141
F0445,2025Q3,169
F0445,2025Q4,137
F0445,2026Q1,227
F0445,2026Q2,147
F0446,2021Q3,233
F0446,2021Q4,230
F0446,2022Q1,293
F0446,2022Q2,258
F0446,2022Q3,216
F0446,2022Q4,263
F0446,2023Q1,335
F0446,2023Q2,255
F0446,2023Q3,276
F0446,2023Q4,239
F0446,2024Q1,396
F0446,2024Q2,357
F0446,2024Q3,288
F0446,2024Q4,315
F0446,2025Q1,461
F0446,2025Q2,365
F0446,2025Q3,308
F0446,2025Q4,436
F0446,2026Q1,641
F0446,2026Q2,432
F0447,2021Q3,101
F0447,2021Q4,101
F0447,2022Q1,125
F0447,2022Q2,88
F0447,2022Q3,92
F0447,2022Q4,108
F0447,2023Q1,147
F0447,2023Q2,87
F0447,2023Q3,105
F0447,2023Q4,105
F0447,2024Q1,330
F0447,2024Q2,162
F0447,2024Q3,208
F0447,2024Q4,221
F0447,2025Q1,393
F0447,2025Q2,236
F0447,2025Q3,154
F0447,2025Q4,2
F0447,2026Q1,7
F0447,2026Q2,7
F0448,2021Q3,203
F0448,2021Q4,189
F0448,2022Q1,215
F0448,2022Q2,209
F0448,2022Q3,191
F0448,2022Q4,217
F0448,2023Q1,213
F0448,2023Q2,190
F0448,2023Q3,201
F0448,2023Q4,197
F0448,2024Q1,183
F0448,2024Q2,111
F0448,2024Q3,89
F0448,2024Q4,70
F0448,2025Q1,148
F0448,2025Q2,64
F0448,2025Q3,100
F0448,2025Q4,295
F0448,2026Q1,385
F0448,2026Q2,213
F0449,2021Q3,116
F0449,2021Q4,125
F0449,2022Q1,197
F0449,2022Q2,127
F0449,2022Q3,139
F0449,2022Q4,157
F0449,2023Q1,207
F0449,2023Q2,146
F0449,2023Q3,136
F0449,2023Q4,170
F0449,2024Q1,288
F0449,2024Q2,187
F0449,2024Q3,212
F0449,2024Q4,229
F0449,2025Q1,331
F0449,2025Q2,233
F0449,2025Q3,209
F0449,2025Q4,146
F0449,2026Q1,207
F0449,2026Q2,143
F0450,2021Q3,78
F0450,2021Q4,79
F0450,2022Q1,130
F0450,2022Q2,91
F0450,2022Q3,95
F0450,2022Q4,98
F0450,2023Q1,126
F0450,2023Q2,83
F0450,2023Q3,84
F0450,2023Q4,87
F0450,2024Q1,117
F0450,2024Q2,71
F0450,2024Q3,61
F0450,2024Q4,95
F0450,2025Q1,110
F0450,2025Q2,72
F0450,2025Q3,70
F0450,2025Q4,76
F0450,2026Q1,106
F0450,2026Q2,94
F0451,2021Q3,187
F0451,2021Q4,203
F0451,2022Q1,317
F0451,2022Q2,237
F0451,2022Q3,218
F0451,2022Q4,287
F0451,2023Q1,337
F0451,2023Q2,254
F0451,2023Q3,241
F0451,2023Q4,287
F0451,2024Q1,792
F0451,2024Q2,553
F0451,2024Q3,645
F0451,2024Q4,767
F0451,2025Q1,1177
F0451,2025Q2,764
F0451,2025Q3,690
F0451,2025Q4,599
F0451,2026Q1,948
F0451,2026Q2,685
F0452,2021Q3,40
F0452,2021Q4,37
F0452,2022Q1,65
F0452,2022Q2,27
F0452,2022Q3,27
F0452,2022Q4,28
F0452,2023Q1,33
F0452,2023Q2,39
F0452,2023Q3,23
F0452,2023Q4,35
F0452,2024Q1,57
F0452,2024Q2,33
F0452,2024Q3,33
F0452,2024Q4,40
F0452,2025Q1,80
F0452,2025Q2,49
F0452,2025Q3,44
F0452,2025Q4,68
F0452,2026Q1,102
F0452,2026Q2,62
F0453,2021Q3,95
F0453,2021Q4,89
F0453,2022Q1,148
F0453,2022Q2,84
F0453,2022Q3,89
F0453,2022Q4,87
F0453,2023Q1,137
F0453,2023Q2,85
F0453,2023Q3,75
F0453,2023Q4,105
F0453,2024Q1,111
F0453,2024Q2,93
F0453,2024Q3,95
F0453,2024Q4,89
F0453,2025Q1,143
F0453,2025Q2,112
F0453,2025Q3,94
F0453,2025Q4,109
F0453,2026Q1,156
F0453,2026Q2,115
F0454,2021Q3,124
F0454,2021Q4,103
F0454,2022Q1,126
F0454,2022Q2,123
F0454,2022Q3,120
F0454,2022Q4,116
F0454,2023Q1,113
F0454,2023Q2,133
F0454,2023Q3,102
F0454,2023Q4,120
F0454,2024Q1,133
F0454,2024Q2,88
F0454,2024Q3,82
F0454,2024Q4,62
F0454,2025Q1,104
F0454,2025Q2,66
F0454,2025Q3,103
F0454,2025Q4,172
F0454,2026Q1,265
F0454,2026Q2,140
F0455,2021Q3,213
F0455,2021Q4,224
F0455,2022Q1,259
F0455,2022Q2,248
F0455,2022Q3,230
F0455,2022Q4,249
F0455,2023Q1,246
F0455,2023Q2,235
F0455,2023Q3,224
F0455,2023Q4,200
F0455,2024Q1,316
F0455,2024Q2,191
F0455,2024Q3,210
F0455,2024Q4,196
F0455,2025Q1,255
F0455,2025Q2,164
F0455,2025Q3,202
F0455,2025Q4,190
F0455,2026Q1,308
F0455,2026Q2,196
F0456,2021Q3,68
F0456,2021Q4,70
F0456,2022Q1,85
F0456,2022Q2,79
F0456,2022Q3,54
F0456,2022Q4,62
F0456,2023Q1,92
F0456,2023Q2,65
F0456,2023Q3,80
F0456,2023Q4,89
F0456,2024Q1,128
F0456,2024Q2,79
F0456,2024Q3,58
F0456,2024Q4,83
F0456,2025Q1,140
F0456,2025Q2,77
F0456,2025Q3,88
F0456,2025Q4,252
F0456,2026Q1,364
F0456,2026Q2,242
F0457,2021Q3,33
F0457,2021Q4,44
F0457,2022Q1,75
F0457,2022Q2,46
F0457,2022Q3,44
F0457,2022Q4,58
F0457,2023Q1,88
F0457,2023Q2,39
F0457,2023Q3,53
F0457,2023Q4,46
F0457,2024Q1,126
F0457,2024Q2,77
F0457,2024Q3,84
F0457,2024Q4,62
F0457,2025Q1,157
F0457,2025Q2,111
F0457,2025Q3,76
F0457,2025Q4,76
F0457,2026Q1,95
F0457,2026Q2,82
F0458,2021Q3,63
F0458,2021Q4,81
F0458,2022Q1,94
F0458,2022Q2,76
F0458,2022Q3,93
F0458,2022Q4,62
F0458,2023Q1,118
F0458,2023Q2,100
F0458,2023Q3,76
F0458,2023Q4,81
F0458,2024Q1,103
F0458,2024Q2,68
F0458,2024Q3,59
F0458,2024Q4,57
F0458,2025Q1,105
F0458,2025Q2,64
F0458,2025Q3,78
F0458,2025Q4,141
F0458,2026Q1,138
F0458,2026Q2,87
F0459,2021Q3,45
F0459,2021Q4,50
F0459,2022Q1,85
F0459,2022Q2,46
F0459,2022Q3,48
F0459,2022Q4,52
F0459,2023Q1,86
F0459,2023Q2,53
F0459,2023Q3,44
F0459,2023Q4,63
F0459,2024Q1,198
F0459,2024Q2,136
F0459,2024Q3,110
F0459,2024Q4,162
F0459,2025Q1,265
F0459,2025Q2,153
F0459,2025Q3,162
F0459,2025Q4,181
F0459,2026Q1,313
F0459,2026Q2,217
F0460,2021Q3,102
F0460,2021Q4,104
F0460,2022Q1,156
F0460,2022Q2,121
F0460,2022Q3,137
F0460,2022Q4,122
F0460,2023Q1,166
F0460,2023Q2,125
F0460,2023Q3,105
F0460,2023Q4,104
F0460,2024Q1,124
F0460,2024Q2,103
F0460,2024Q3,99
F0460,2024Q4,109
F0460,2025Q1,124
F0460,2025Q2,82
F0460,2025Q3,68
F0460,2025Q4,48
F0460,2026Q1,61
F0460,2026Q2,49
F0461,2021Q3,48
F0461,2021Q4,48
F0461,2022Q1,102
F0461,2022Q2,58
F0461,2022Q3,56
F0461,2022Q4,62
F0461,2023Q1,134
F0461,2023Q2,57
F0461,2023Q3,73
F0461,2023Q4,77
F0461,2024Q1,263
F0461,2024Q2,160
F0461,2024Q3,209
F0461,2024Q4,208
F0461,2025Q1,365
F0461,2025Q2,220
F0461,2025Q3,169
F0461,2025Q4,83
F0461,2026Q1,155
F0461,2026Q2,123
F0462,2021Q3,107
F0462,2021Q4,105
F0462,2022Q1,136
F0462,2022Q2,95
F0462,2022Q3,96
F0462,2022Q4,105
F0462,2023Q1,139
F0462,2023Q2,96
F0462,2023Q3,98
F0462,2023Q4,95
F0462,2024Q1,170
F0462,2024Q2,124
F0462,2024Q3,121
F0462,2024Q4,146
F0462,2025Q1,235
F0462,2025Q2,134
F0462,2025Q3,158
F0462,2025Q4,285
F0462,2026Q1,537
F0462,2026Q2,306
F0463,2021Q3,145
F0463,2021Q4,140
F0463,2022Q1,185
F0463,2022Q2,170
F0463,2022Q3,175
F0463,2022Q4,158
F0463,2023Q1,246
F0463,2023Q2,178
F0463,2023Q3,154
F0463,2023Q4,200
F0463,2024Q1,194
F0463,2024Q2,125
F0463,2024Q3,118
F0463,2024Q4,134
F0463,2025Q1,180
F0463,2025Q2,137
F0463,2025Q3,156
F0463,2025Q4,316
F0463,2026Q1,459
F0463,2026Q2,292
F0464,2021Q3,65
F0464,2021Q4,78
F0464,2022Q1,135
F0464,2022Q2,65
F0464,2022Q3,61
F0464,2022Q4,71
F0464,2023Q1,94
F0464,2023Q2,56
F0464,2023Q3,76
F0464,2023Q4,56
F0464,2024Q1,174
F0464,2024Q2,100
F0464,2024Q3,101
F0464,2024Q4,91
F0464,2025Q1,206
F0464,2025Q2,112
F0464,2025Q3,106
F0464,2025Q4,165
F0464,2026Q1,270
F0464,2026Q2,157
F0465,2021Q3,44
F0465,2021Q4,37
F0465,2022Q1,43
F0465,2022Q2,40
F0465,2022Q3,38
F0465,2022Q4,40
F0465,2023Q1,48
F0465,2023Q2,51
F0465,2023Q3,40
F0465,2023Q4,36
F0465,2024Q1,50
F0465,2024Q2,37
F0465,2024Q3,40
F0465,2024Q4,45
F0465,2025Q1,57
F0465,2025Q2,42
F0465,2025Q3,47
F0465,2025Q4,112
F0465,2026Q1,120
F0465,2026Q2,80
F0466,2021Q3,71
F0466,2021Q4,76
F0466,2022Q1,108
F0466,2022Q2,75
F0466,2022Q3,84
F0466,2022Q4,92
F0466,2023Q1,115
F0466,2023Q2,83
F0466,2023Q3,76
F0466,2023Q4,86
F0466,2024Q1,119
F0466,2024Q2,54
F0466,2024Q3,58
F0466,2024Q4,55
F0466,2025Q1,118
F0466,2025Q2,63
F0466,2025Q3,62
F0466,2025Q4,90
F0466,2026Q1,102
F0466,2026Q2,78
F0467,2021Q3,119
F0467,2021Q4,101
F0467,2022Q1,120
F0467,2022Q2,114
F0467,2022Q3,104
F0467,2022Q4,117
F0467,2023Q1,107
F0467,2023Q2,90
F0467,2023Q3,115
F0467,2023Q4,107
F0467,2024Q1,171
F0467,2024Q2,105
F0467,2024Q3,103
F0467,2024Q4,153
F0467,2025Q1,218
F0467,2025Q2,133
F0467,2025Q3,134
F0467,2025Q4,200
F0467,2026Q1,292
F0467,2026Q2,224
F0468,2021Q3,54
F0468,2021Q4,67
F0468,2022Q1,71
F0468,2022Q2,61
F0468,2022Q3,46
F0468,2022Q4,49
F0468,2023Q1,73
F0468,2023Q2,53
F0468,2023Q3,67
F0468,2023Q4,68
F0468,2024Q1,78
F0468,2024Q2,53
F0468,2024Q3,50
F0468,2024Q4,29
F0468,2025Q1,78
F0468,2025Q2,36
F0468,2025Q3,41
F0468,2025Q4,110
F0468,2026Q1,175
F0468,2026Q2,100
F0469,2021Q3,55
F0469,2021Q4,72
F0469,2022Q1,91
F0469,2022Q2,73
F0469,2022Q3,51
F0469,2022Q4,79
F0469,2023Q1,121
F0469,2023Q2,76
F0469,2023Q3,76
F0469,2023Q4,87
F0469,2024Q1,133
F0469,2024Q2,93
F0469,2024Q3,86
F0469,2024Q4,94
F0469,2025Q1,310
F0469,2025Q2,151
F0469,2025Q3,265
F0469,2025Q4,646
F0469,2026Q1,998
F0469,2026Q2,620
F0470,2021Q3,84
F0470,2021Q4,84
F0470,2022Q1,103
F0470,2022Q2,79
F0470,2022Q3,72
F0470,2022Q4,66
F0470,2023Q1,121
F0470,2023Q2,72
F0470,2023Q3,83
F0470,2023Q4,65
F0470,2024Q1,164
F0470,2024Q2,89
F0470,2024Q3,102
F0470,2024Q4,118
F0470,2025Q1,211
F0470,2025Q2,133
F0470,2025Q3,143
F0470,2025Q4,281
F0470,2026Q1,464
F0470,2026Q2,308
F0471,2021Q3,37
F0471,2021Q4,31
F0471,2022Q1,45
F0471,2022Q2,27
F0471,2022Q3,29
F0471,2022Q4,26
F0471,2023Q1,38
F0471,2023Q2,36
F0471,2023Q3,33
F0471,2023Q4,29
F0471,2024Q1,33
F0471,2024Q2,27
F0471,2024Q3,31
F0471,2024Q4,31
F0471,2025Q1,56
F0471,2025Q2,21
F0471,2025Q3,26
F0471,2025Q4,84
F0471,2026Q1,159
F0471,2026Q2,111
F0472,2021Q3,38
F0472,2021Q4,38
F0472,2022Q1,40
F0472,2022Q2,29
F0472,2022Q3,44
F0472,2022Q4,39
F0472,2023Q1,41
F0472,2023Q2,42
F0472,2023Q3,22
F0472,2023Q4,26
F0472,2024Q1,129
F0472,2024Q2,59
F0472,2024Q3,61
F0472,2024Q4,79
F0472,2025Q1,125
F0472,2025Q2,72
F0472,2025Q3,79
F0472,2025Q4,76
F0472,2026Q1,134
F0472,2026Q2,109
F0473,2021Q3,121
F0473,2021Q4,100
F0473,2022Q1,108
F0473,2022Q2,89
F0473,2022Q3,103
F0473,2022Q4,110
F0473,2023Q1,113
F0473,2023Q2,99
F0473,2023Q3,106
F0473,2023Q4,131
F0473,2024Q1,112
F0473,2024Q2,91
F0473,2024Q3,67
F0473,2024Q4,58
F0473,2025Q1,120
F0473,2025Q2,77
F0473,2025Q3,79
F0473,2025Q4,180
F0473,2026Q1,267
F0473,2026Q2,189
F0474,2021Q3,73
F0474,2021Q4,55
F0474,2022Q1,99
F0474,2022Q2,78
F0474,2022Q3,56
F0474,2022Q4,57
F0474,2023Q1,118
F0474,2023Q2,56
F0474,2023Q3,56
F0474,2023Q4,81
F0474,2024Q1,135
F0474,2024Q2,91
F0474,2024Q3,109
F0474,2024Q4,125
F0474,2025Q1,167
F0474,2025Q2,95
F0474,2025Q3,117
F0474,2025Q4,147
F0474,2026Q1,233
F0474,2026Q2,155
F0475,2021Q3,209
F0475,2021Q4,191
F0475,2022Q1,300
F0475,2022Q2,175
F0475,2022Q3,159
F0475,2022Q4,170
F0475,2023Q1,415
F0475,2023Q2,227
F0475,2023Q3,175
F0475,2023Q4,213
F0475,2024Q1,766
F0475,2024Q2,422
F0475,2024Q3,437
F0475,2024Q4,589
F0475,2025Q1,798
F0475,2025Q2,493
F0475,2025Q3,279
F0475,2025Q4,5
F0475,2026Q1,6
F0475,2026Q2,5
F0476,2021Q3,103
F0476,2021Q4,105
F0476,2022Q1,178
F0476,2022Q2,109
F0476,2022Q3,99
F0476,2022Q4,126
F0476,2023Q1,177
F0476,2023Q2,100
F0476,2023Q3,107
F0476,2023Q4,111
F0476,2024Q1,184
F0476,2024Q2,114
F0476,2024Q3,95
F0476,2024Q4,110
F0476,2025Q1,191
F0476,2025Q2,97
F0476,2025Q3,121
F0476,2025Q4,155
F0476,2026Q1,256
F0476,2026Q2,118
F0477,2021Q3,116
F0477,2021Q4,117
F0477,2022Q1,177
F0477,2022Q2,136
F0477,2022Q3,146
F0477,2022Q4,175
F0477,2023Q1,182
F0477,2023Q2,168
F0477,2023Q3,159
F0477,2023Q4,188
F0477,2024Q1,245
F0477,2024Q2,177
F0477,2024Q3,164
F0477,2024Q4,155
F0477,2025Q1,295
F0477,2025Q2,172
F0477,2025Q3,172
F0477,2025Q4,227
F0477,2026Q1,290
F0477,2026Q2,209
F0478,2021Q3,31
F0478,2021Q4,32
F0478,2022Q1,41
F0478,2022Q2,23
F0478,2022Q3,24
F0478,2022Q4,37
F0478,2023Q1,50
F0478,2023Q2,37
F0478,2023Q3,22
F0478,2023Q4,27
F0478,2024Q1,59
F0478,2024Q2,35
F0478,2024Q3,45
F0478,2024Q4,35
F0478,2025Q1,58
F0478,2025Q2,58
F0478,2025Q3,53
F0478,2025Q4,55
F0478,2026Q1,106
F0478,2026Q2,101
F0479,2021Q3,225
F0479,2021Q4,234
F0479,2022Q1,326
F0479,2022Q2,231
F0479,2022Q3,237
F0479,2022Q4,271
F0479,2023Q1,351
F0479,2023Q2,250
F0479,2023Q3,237
F0479,2023Q4,269
F0479,2024Q1,468
F0479,2024Q2,282
F0479,2024Q3,256
F0479,2024Q4,323
F0479,2025Q1,508
F0479,2025Q2,363
F0479,2025Q3,403
F0479,2025Q4,489
F0479,2026Q1,670
F0479,2026Q2,443
F0480,2021Q3,29
F0480,2021Q4,37
F0480,2022Q1,43
F0480,2022Q2,29
F0480,2022Q3,25
F0480,2022Q4,27
F0480,2023Q1,31
F0480,2023Q2,16
F0480,2023Q3,28
F0480,2023Q4,25
F0480,2024Q1,87
F0480,2024Q2,48
F0480,2024Q3,66
F0480,2024Q4,59
F0480,2025Q1,95
F0480,2025Q2,70
F0480,2025Q3,52
F0480,2025Q4,2
F0480,2026Q1,4
F0480,2026Q2,3
F0481,2021Q3,50
F0481,2021Q4,54
F0481,2022Q1,59
F0481,2022Q2,34
F0481,2022Q3,35
F0481,2022Q4,40
F0481,2023Q1,67
F0481,2023Q2,31
F0481,2023Q3,44
F0481,2023Q4,47
F0481,2024Q1,164
F0481,2024Q2,85
F0481,2024Q3,97
F0481,2024Q4,109
F0481,2025Q1,157
F0481,2025Q2,96
F0481,2025Q3,82
F0481,2025Q4,1
F0481,2026Q1,0
F0481,2026Q2,1
F0482,2021Q3,151
F0482,2021Q4,163
F0482,2022Q1,227
F0482,2022Q2,172
F0482,2022Q3,176
F0482,2022Q4,177
F0482,2023Q1,299
F0482,2023Q2,189
F0482,2023Q3,190
F0482,2023Q4,210
F0482,2024Q1,441
F0482,2024Q2,244
F0482,2024Q3,264
F0482,2024Q4,320
F0482,2025Q1,503
F0482,2025Q2,295
F0482,2025Q3,319
F0482,2025Q4,326
F0482,2026Q1,631
F0482,2026Q2,435
F0483,2021Q3,207
F0483,2021Q4,191
F0483,2022Q1,285
F0483,2022Q2,217
F0483,2022Q3,219
F0483,2022Q4,218
F0483,2023Q1,340
F0483,2023Q2,213
F0483,2023Q3,237
F0483,2023Q4,230
F0483,2024Q1,248
F0483,2024Q2,135
F0483,2024Q3,101
F0483,2024Q4,85
F0483,2025Q1,348
F0483,2025Q2,116
F0483,2025Q3,325
F0483,2025Q4,1096
F0483,2026Q1,1907
F0483,2026Q2,1014
F0484,2021Q3,228
F0484,2021Q4,255
F0484,2022Q1,295
F0484,2022Q2,225
F0484,2022Q3,228
F0484,2022Q4,267
F0484,2023Q1,309
F0484,2023Q2,219
F0484,2023Q3,237
F0484,2023Q4,227
F0484,2024Q1,399
F0484,2024Q2,256
F0484,2024Q3,269
F0484,2024Q4,268
F0484,2025Q1,448
F0484,2025Q2,321
F0484,2025Q3,279
F0484,2025Q4,205
F0484,2026Q1,319
F0484,2026Q2,198
F0485,2021Q3,142
F0485,2021Q4,142
F0485,2022Q1,248
F0485,2022Q2,147
F0485,2022Q3,143
F0485,2022Q4,167
F0485,2023Q1,240
F0485,2023Q2,146
F0485,2023Q3,166
F0485,2023Q4,169
F0485,2024Q1,288
F0485,2024Q2,161
F0485,2024Q3,188
F0485,2024Q4,181
F0485,2025Q1,316
F0485,2025Q2,170
F0485,2025Q3,207
F0485,2025Q4,292
F0485,2026Q1,528
F0485,2026Q2,304
F0486,2021Q3,38
F0486,2021Q4,41
F0486,2022Q1,46
F0486,2022Q2,43
F0486,2022Q3,46
F0486,2022Q4,38
F0486,2023Q1,41
F0486,2023Q2,34
F0486,2023Q3,39
F0486,2023Q4,32
F0486,2024Q1,48
F0486,2024Q2,34
F0486,2024Q3,28
F0486,2024Q4,36
F0486,2025Q1,51
F0486,2025Q2,41
F0486,2025Q3,35
F0486,2025Q4,68
F0486,2026Q1,118
F0486,2026Q2,83
F0487,2021Q3,216
F0487,2021Q4,210
F0487,2022Q1,259
F0487,2022Q2,191
F0487,2022Q3,212
F0487,2022Q4,224
F0487,2023Q1,258
F0487,2023Q2,251
F0487,2023Q3,227
F0487,2023Q4,210
F0487,2024Q1,187
F0487,2024Q2,134
F0487,2024Q3,95
F0487,2024Q4,66
F0487,2025Q1,88
F0487,2025Q2,55
F0487,2025Q3,93
F0487,2025Q4,227
F0487,2026Q1,245
F0487,2026Q2,137
F0488,2021Q3,18
F0488,2021Q4,12
F0488,2022Q1,34
F0488,2022Q2,17
F0488,2022Q3,5
F0488,2022Q4,15
F0488,2023Q1,23
F0488,2023Q2,11
F0488,2023Q3,8
F0488,2023Q4,13
F0488,2024Q1,57
F0488,2024Q2,14
F0488,2024Q3,23
F0488,2024Q4,14
F0488,2025Q1,62
F0488,2025Q2,10
F0488,2025Q3,19
F0488,2025Q4,47
F0488,2026Q1,107
F0488,2026Q2,52
F0489,2021Q3,48
F0489,2021Q4,52
F0489,2022Q1,108
F0489,2022Q2,60
F0489,2022Q3,43
F0489,2022Q4,59
F0489,2023Q1,83
F0489,2023Q2,51
F0489,2023Q3,39
F0489,2023Q4,61
F0489,2024Q1,87
F0489,2024Q2,50
F0489,2024Q3,62
F0489,2024Q4,44
F0489,2025Q1,107
F0489,2025Q2,59
F0489,2025Q3,49
F0489,2025Q4,83
F0489,2026Q1,124
F0489,2026Q2,91
F0490,2021Q3,51
F0490,2021Q4,54
F0490,2022Q1,53
F0490,2022Q2,56
F0490,2022Q3,46
F0490,2022Q4,41
F0490,2023Q1,55
F0490,2023Q2,48
F0490,2023Q3,38
F0490,2023Q4,52
F0490,2024Q1,71
F0490,2024Q2,59
F0490,2024Q3,34
F0490,2024Q4,34
F0490,2025Q1,80
F0490,2025Q2,48
F0490,2025Q3,48
F0490,2025Q4,71
F0490,2026Q1,110
F0490,2026Q2,83
F0491,2021Q3,27
F0491,2021Q4,45
F0491,2022Q1,46
F0491,2022Q2,39
F0491,2022Q3,26
F0491,2022Q4,29
F0491,2023Q1,56
F0491,2023Q2,50
F0491,2023Q3,30
F0491,2023Q4,45
F0491,2024Q1,82
F0491,2024Q2,60
F0491,2024Q3,74
F0491,2024Q4,88
F0491,2025Q1,166
F0491,2025Q2,81
F0491,2025Q3,81
F0491,2025Q4,90
F0491,2026Q1,219
F0491,2026Q2,145
F0492,2021Q3,13
F0492,2021Q4,30
F0492,2022Q1,46
F0492,2022Q2,29
F0492,2022Q3,26
F0492,2022Q4,29
F0492,2023Q1,45
F0492,2023Q2,26
F0492,2023Q3,19
F0492,2023Q4,35
F0492,2024Q1,94
F0492,2024Q2,53
F0492,2024Q3,68
F0492,2024Q4,91
F0492,2025Q1,125
F0492,2025Q2,73
F0492,2025Q3,78
F0492,2025Q4,68
F0492,2026Q1,131
F0492,2026Q2,87
F0493,2021Q3,45
F0493,2021Q4,46
F0493,2022Q1,89
F0493,2022Q2,59
F0493,2022Q3,59
F0493,2022Q4,57
F0493,2023Q1,74
F0493,2023Q2,62
F0493,2023Q3,50
F0493,2023Q4,64
F0493,2024Q1,150
F0493,2024Q2,94
F0493,2024Q3,81
F0493,2024Q4,98
F0493,2025Q1,191
F0493,2025Q2,90
F0493,2025Q3,95
F0493,2025Q4,136
F0493,2026Q1,225
F0493,2026Q2,175
F0494,2021Q3,49
F0494,2021Q4,52
F0494,2022Q1,126
F0494,2022Q2,59
F0494,2022Q3,75
F0494,2022Q4,74
F0494,2023Q1,139
F0494,2023Q2,70
F0494,2023Q3,82
F0494,2023Q4,102
F0494,2024Q1,195
F0494,2024Q2,97
F0494,2024Q3,92
F0494,2024Q4,144
F0494,2025Q1,212
F0494,2025Q2,134
F0494,2025Q3,93
F0494,2025Q4,4
F0494,2026Q1,7
F0494,2026Q2,13
F0495,2021Q3,84
F0495,2021Q4,57
F0495,2022Q1,103
F0495,2022Q2,66
F0495,2022Q3,83
F0495,2022Q4,82
F0495,2023Q1,109
F0495,2023Q2,80
F0495,2023Q3,84
F0495,2023Q4,58
F0495,2024Q1,118
F0495,2024Q2,59
F0495,2024Q3,64
F0495,2024Q4,45
F0495,2025Q1,121
F0495,2025Q2,41
F0495,2025Q3,82
F0495,2025Q4,157
F0495,2026Q1,313
F0495,2026Q2,194
F0496,2021Q3,341
F0496,2021Q4,416
F0496,2022Q1,533
F0496,2022Q2,410
F0496,2022Q3,369
F0496,2022Q4,394
F0496,2023Q1,594
F0496,2023Q2,386
F0496,2023Q3,396
F0496,2023Q4,467
F0496,2024Q1,469
F0496,2024Q2,290
F0496,2024Q3,220
F0496,2024Q4,192
F0496,2025Q1,338
F0496,2025Q2,177
F0496,2025Q3,276
F0496,2025Q4,379
F0496,2026Q1,450
F0496,2026Q2,235
F0497,2021Q3,120
F0497,2021Q4,100
F0497,2022Q1,138
F0497,2022Q2,96
F0497,2022Q3,91
F0497,2022Q4,114
F0497,2023Q1,153
F0497,2023Q2,105
F0497,2023Q3,106
F0497,2023Q4,116
F0497,2024Q1,136
F0497,2024Q2,76
F0497,2024Q3,81
F0497,2024Q4,97
F0497,2025Q1,122
F0497,2025Q2,75
F0497,2025Q3,77
F0497,2025Q4,260
F0497,2026Q1,346
F0497,2026Q2,243
F0498,2021Q3,22
F0498,2021Q4,31
F0498,2022Q1,43
F0498,2022Q2,38
F0498,2022Q3,32
F0498,2022Q4,33
F0498,2023Q1,45
F0498,2023Q2,29
F0498,2023Q3,30
F0498,2023Q4,28
F0498,2024Q1,67
F0498,2024Q2,60
F0498,2024Q3,62
F0498,2024Q4,48
F0498,2025Q1,105
F0498,2025Q2,62
F0498,2025Q3,102
F0498,2025Q4,195
F0498,2026Q1,292
F0498,2026Q2,242
F0499,2021Q3,67
F0499,2021Q4,53
F0499,2022Q1,78
F0499,2022Q2,55
F0499,2022Q3,60
F0499,2022Q4,67
F0499,2023Q1,90
F0499,2023Q2,65
F0499,2023Q3,46
F0499,2023Q4,51
F0499,2024Q1,146
F0499,2024Q2,83
F0499,2024Q3,69
F0499,2024Q4,84
F0499,2025Q1,151
F0499,2025Q2,100
F0499,2025Q3,123
F0499,2025Q4,170
F0499,2026Q1,300
F0499,2026Q2,169
F0500,2021Q3,89
F0500,2021Q4,72
F0500,2022Q1,138
F0500,2022Q2,94
F0500,2022Q3,100
F0500,2022Q4,100
F0500,2023Q1,141
F0500,2023Q2,95
F0500,2023Q3,115
F0500,2023Q4,115
F0500,2024Q1,234
F0500,2024Q2,166
F0500,2024Q3,161
F0500,2024Q4,223
F0500,2025Q1,340
F0500,2025Q2,224
F0500,2025Q3,185
F0500,2025Q4,146
F0500,2026Q1,302
F0500,2026Q2,269
