category_id,period,papers
F0001,2021Q3,58
F0001,2021Q4,84
F0001,2022Q1,136
F0001,2022Q2,77
F0001,2022Q3,69
F0001,2022Q4,74
F0001,2023Q1,139
F0001,2023Q2,81
F0001,2023Q3,80
F0001,2023Q4,83
F0001,2024Q1,143
F0001,2024Q2,119
F0001,2024Q3,125
F0001,2024Q4,133
F0001,2025Q1,163
F0001,2025Q2,119
F0001,2025Q3,135
F0001,2025Q4,158
F0001,2026Q1,285
F0001,2026Q2,179
F0002,2021Q3,33
F0002,2021Q4,30
F0002,2022Q1,48
F0002,2022Q2,34
F0002,2022Q3,34
F0002,2022Q4,32
F0002,2023Q1,52
F0002,2023Q2,35
F0002,2023Q3,45
F0002,2023Q4,34
F0002,2024Q1,42
F0002,2024Q2,30
F0002,2024Q3,27
F0002,2024Q4,38
F0002,2025Q1,59
F0002,2025Q2,30
F0002,2025Q3,49
F0002,2025Q4,99
F0002,2026Q1,114
F0002,2026Q2,93
F0003,2021Q3,75
F0003,2021Q4,113
F0003,2022Q1,165
F0003,2022Q2,72
F0003,2022Q3,86
F0003,2022Q4,106
F0003,2023Q1,183
F0003,2023Q2,101
F0003,2023Q3,69
F0003,2023Q4,106
F0003,2024Q1,152
F0003,2024Q2,87
F0003,2024Q3,75
F0003,2024Q4,75
F0003,2025Q1,110
F0003,2025Q2,69
F0003,2025Q3,76
F0003,2025Q4,85
F0003,2026Q1,107
F0003,2026Q2,77
F0004,2021Q3,33
F0004,2021Q4,58
F0004,2022Q1,60
F0004,2022Q2,36
F0004,2022Q3,53
F0004,2022Q4,49
F0004,2023Q1,72
F0004,2023Q2,47
F0004,2023Q3,38
F0004,2023Q4,56
F0004,2024Q1,69
F0004,2024Q2,55
F0004,2024Q3,52
F0004,2024Q4,75
F0004,2025Q1,92
F0004,2025Q2,70
F0004,2025Q3,71
F0004,2025Q4,59
F0004,2026Q1,79
F0004,2026Q2,58
F0005,2021Q3,10
F0005,2021Q4,19
F0005,2022Q1,34
F0005,2022Q2,16
F0005,2022Q3,20
F0005,2022Q4,24
F0005,2023Q1,22
F0005,2023Q2,13
F0005,2023Q3,20
F0005,2023Q4,14
F0005,2024Q1,46
F0005,2024Q2,20
F0005,2024Q3,14
F0005,2024Q4,28
F0005,2025Q1,45
F0005,2025Q2,24
F0005,2025Q3,21
F0005,2025Q4,26
F0005,2026Q1,44
F0005,2026Q2,30
F0006,2021Q3,20
F0006,2021Q4,24
F0006,2022Q1,41
F0006,2022Q2,13
F0006,2022Q3,16
F0006,2022Q4,22
F0006,2023Q1,33
F0006,2023Q2,21
F0006,2023Q3,27
F0006,2023Q4,28
F0006,2024Q1,40
F0006,2024Q2,30
F0006,2024Q3,16
F0006,2024Q4,36
F0006,2025Q1,53
F0006,2025Q2,36
F0006,2025Q3,32
F0006,2025Q4,32
F0006,2026Q1,45
F0006,2026Q2,40
F0007,2021Q3,84
F0007,2021Q4,106
F0007,2022Q1,173
F0007,2022Q2,88
F0007,2022Q3,110
F0007,2022Q4,125
F0007,2023Q1,197
F0007,2023Q2,123
F0007,2023Q3,110
F0007,2023Q4,124
F0007,2024Q1,177
F0007,2024Q2,109
F0007,2024Q3,91
F0007,2024Q4,112
F0007,2025Q1,177
F0007,2025Q2,113
F0007,2025Q3,123
F0007,2025Q4,163
F0007,2026Q1,246
F0007,2026Q2,139
F0008,2021Q3,77
F0008,2021Q4,77
F0008,2022Q1,85
F0008,2022Q2,73
F0008,2022Q3,86
F0008,2022Q4,77
F0008,2023Q1,131
F0008,2023Q2,72
F0008,2023Q3,87
F0008,2023Q4,99
F0008,2024Q1,106
F0008,2024Q2,71
F0008,2024Q3,83
F0008,2024Q4,84
F0008,2025Q1,87
F0008,2025Q2,79
F0008,2025Q3,66
F0008,2025Q4,59
F0008,2026Q1,75
F0008,2026Q2,47
F0009,2021Q3,92
F0009,2021Q4,114
F0009,2022Q1,162
F0009,2022Q2,114
F0009,2022Q3,110
F0009,2022Q4,106
F0009,2023Q1,195
F0009,2023Q2,118
F0009,2023Q3,104
F0009,2023Q4,113
F0009,2024Q1,142
F0009,2024Q2,88
F0009,2024Q3,66
F0009,2024Q4,61
F0009,2025Q1,119
F0009,2025Q2,54
F0009,2025Q3,77
F0009,2025Q4,179
F0009,2026Q1,235
F0009,2026Q2,161
F0010,2021Q3,15
F0010,2021Q4,15
F0010,2022Q1,26
F0010,2022Q2,20
F0010,2022Q3,16
F0010,2022Q4,14
F0010,2023Q1,31
F0010,2023Q2,10
F0010,2023Q3,11
F0010,2023Q4,16
F0010,2024Q1,43
F0010,2024Q2,26
F0010,2024Q3,37
F0010,2024Q4,40
F0010,2025Q1,63
F0010,2025Q2,49
F0010,2025Q3,35
F0010,2025Q4,36
F0010,2026Q1,60
F0010,2026Q2,53
F0011,2021Q3,24
F0011,2021Q4,37
F0011,2022Q1,41
F0011,2022Q2,33
F0011,2022Q3,29
F0011,2022Q4,32
F0011,2023Q1,65
F0011,2023Q2,30
F0011,2023Q3,30
F0011,2023Q4,35
F0011,2024Q1,44
F0011,2024Q2,38
F0011,2024Q3,40
F0011,2024Q4,37
F0011,2025Q1,60
F0011,2025Q2,55
F0011,2025Q3,32
F0011,2025Q4,21
F0011,2026Q1,30
F0011,2026Q2,19
F0012,2021Q3,16
F0012,2021Q4,20
F0012,2022Q1,28
F0012,2022Q2,22
F0012,2022Q3,38
F0012,2022Q4,26
F0012,2023Q1,34
F0012,2023Q2,16
F0012,2023Q3,23
F0012,2023Q4,24
F0012,2024Q1,42
F0012,2024Q2,30
F0012,2024Q3,16
F0012,2024Q4,39
F0012,2025Q1,30
F0012,2025Q2,26
F0012,2025Q3,15
F0012,2025Q4,4
F0012,2026Q1,5
F0012,2026Q2,5
F0013,2021Q3,89
F0013,2021Q4,76
F0013,2022Q1,122
F0013,2022Q2,74
F0013,2022Q3,70
F0013,2022Q4,84
F0013,2023Q1,153
F0013,2023Q2,90
F0013,2023Q3,75
F0013,2023Q4,87
F0013,2024Q1,155
F0013,2024Q2,116
F0013,2024Q3,109
F0013,2024Q4,130
F0013,2025Q1,200
F0013,2025Q2,151
F0013,2025Q3,151
F0013,2025Q4,202
F0013,2026Q1,297
F0013,2026Q2,184
F0014,2021Q3,91
F0014,2021Q4,92
F0014,2022Q1,105
F0014,2022Q2,86
F0014,2022Q3,79
F0014,2022Q4,78
F0014,2023Q1,131
F0014,2023Q2,110
F0014,2023Q3,100
F0014,2023Q4,85
F0014,2024Q1,92
F0014,2024Q2,77
F0014,2024Q3,64
F0014,2024Q4,35
F0014,2025Q1,66
F0014,2025Q2,51
F0014,2025Q3,73
F0014,2025Q4,160
F0014,2026Q1,177
F0014,2026Q2,116
F0015,2021Q3,15
F0015,2021Q4,19
F0015,2022Q1,30
F0015,2022Q2,17
F0015,2022Q3,17
F0015,2022Q4,15
F0015,2023Q1,35
F0015,2023Q2,18
F0015,2023Q3,20
F0015,2023Q4,21
F0015,2024Q1,61
F0015,2024Q2,37
F0015,2024Q3,50
F0015,2024Q4,61
F0015,2025Q1,82
F0015,2025Q2,60
F0015,2025Q3,44
F0015,2025Q4,4
F0015,2026Q1,5
F0015,2026Q2,7
F0016,2021Q3,80
F0016,2021Q4,68
F0016,2022Q1,115
F0016,2022Q2,73
F0016,2022Q3,89
F0016,2022Q4,79
F0016,2023Q1,202
F0016,2023Q2,99
F0016,2023Q3,85
F0016,2023Q4,125
F0016,2024Q1,196
F0016,2024Q2,130
F0016,2024Q3,144
F0016,2024Q4,149
F0016,2025Q1,213
F0016,2025Q2,162
F0016,2025Q3,129
F0016,2025Q4,181
F0016,2026Q1,242
F0016,2026Q2,223
F0017,2021Q3,18
F0017,2021Q4,31
F0017,2022Q1,61
F0017,2022Q2,29
F0017,2022Q3,30
F0017,2022Q4,44
F0017,2023Q1,60
F0017,2023Q2,35
F0017,2023Q3,40
F0017,2023Q4,30
F0017,2024Q1,50
F0017,2024Q2,31
F0017,2024Q3,34
F0017,2024Q4,33
F0017,2025Q1,67
F0017,2025Q2,34
F0017,2025Q3,44
F0017,2025Q4,109
F0017,2026Q1,111
F0017,2026Q2,140
F0018,2021Q3,36
F0018,2021Q4,44
F0018,2022Q1,48
F0018,2022Q2,37
F0018,2022Q3,48
F0018,2022Q4,38
F0018,2023Q1,66
F0018,2023Q2,38
F0018,2023Q3,31
F0018,2023Q4,37
F0018,2024Q1,77
F0018,2024Q2,47
F0018,2024Q3,48
F0018,2024Q4,48
F0018,2025Q1,71
F0018,2025Q2,58
F0018,2025Q3,50
F0018,2025Q4,41
F0018,2026Q1,60
F0018,2026Q2,61
F0019,2021Q3,221
F0019,2021Q4,246
F0019,2022Q1,282
F0019,2022Q2,199
F0019,2022Q3,214
F0019,2022Q4,267
F0019,2023Q1,413
F0019,2023Q2,241
F0019,2023Q3,259
F0019,2023Q4,239
F0019,2024Q1,317
F0019,2024Q2,256
F0019,2024Q3,234
F0019,2024Q4,255
F0019,2025Q1,351
F0019,2025Q2,296
F0019,2025Q3,285
F0019,2025Q4,333
F0019,2026Q1,352
F0019,2026Q2,287
F0020,2021Q3,33
F0020,2021Q4,41
F0020,2022Q1,44
F0020,2022Q2,38
F0020,2022Q3,38
F0020,2022Q4,40
F0020,2023Q1,68
F0020,2023Q2,29
F0020,2023Q3,36
F0020,2023Q4,37
F0020,2024Q1,63
F0020,2024Q2,54
F0020,2024Q3,32
F0020,2024Q4,37
F0020,2025Q1,59
F0020,2025Q2,42
F0020,2025Q3,26
F0020,2025Q4,31
F0020,2026Q1,44
F0020,2026Q2,26
F0021,2021Q3,33
F0021,2021Q4,42
F0021,2022Q1,69
F0021,2022Q2,23
F0021,2022Q3,44
F0021,2022Q4,43
F0021,2023Q1,96
F0021,2023Q2,45
F0021,2023Q3,42
F0021,2023Q4,52
F0021,2024Q1,128
F0021,2024Q2,80
F0021,2024Q3,96
F0021,2024Q4,109
F0021,2025Q1,178
F0021,2025Q2,126
F0021,2025Q3,100
F0021,2025Q4,120
F0021,2026Q1,176
F0021,2026Q2,128
F0022,2021Q3,79
F0022,2021Q4,89
F0022,2022Q1,120
F0022,2022Q2,104
F0022,2022Q3,72
F0022,2022Q4,84
F0022,2023Q1,149
F0022,2023Q2,110
F0022,2023Q3,86
F0022,2023Q4,130
F0022,2024Q1,344
F0022,2024Q2,272
F0022,2024Q3,232
F0022,2024Q4,316
F0022,2025Q1,390
F0022,2025Q2,316
F0022,2025Q3,227
F0022,2025Q4,6
F0022,2026Q1,5
F0022,2026Q2,16
F0023,2021Q3,48
F0023,2021Q4,54
F0023,2022Q1,74
F0023,2022Q2,51
F0023,2022Q3,52
F0023,2022Q4,44
F0023,2023Q1,64
F0023,2023Q2,58
F0023,2023Q3,66
F0023,2023Q4,63
F0023,2024Q1,96
F0023,2024Q2,80
F0023,2024Q3,80
F0023,2024Q4,99
F0023,2025Q1,109
F0023,2025Q2,93
F0023,2025Q3,78
F0023,2025Q4,54
F0023,2026Q1,85
F0023,2026Q2,64
F0024,2021Q3,163
F0024,2021Q4,170
F0024,2022Q1,201
F0024,2022Q2,173
F0024,2022Q3,154
F0024,2022Q4,152
F0024,2023Q1,233
F0024,2023Q2,171
F0024,2023Q3,144
F0024,2023Q4,164
F0024,2024Q1,246
F0024,2024Q2,182
F0024,2024Q3,181
F0024,2024Q4,185
F0024,2025Q1,224
F0024,2025Q2,196
F0024,2025Q3,200
F0024,2025Q4,92
F0024,2026Q1,75
F0024,2026Q2,69
F0025,2021Q3,89
F0025,2021Q4,76
F0025,2022Q1,134
F0025,2022Q2,86
F0025,2022Q3,76
F0025,2022Q4,109
F0025,2023Q1,138
F0025,2023Q2,96
F0025,2023Q3,87
F0025,2023Q4,84
F0025,2024Q1,262
F0025,2024Q2,187
F0025,2024Q3,183
F0025,2024Q4,228
F0025,2025Q1,319
F0025,2025Q2,226
F0025,2025Q3,229
F0025,2025Q4,184
F0025,2026Q1,258
F0025,2026Q2,216
F0026,2021Q3,139
F0026,2021Q4,181
F0026,2022Q1,199
F0026,2022Q2,174
F0026,2022Q3,182
F0026,2022Q4,173
F0026,2023Q1,230
F0026,2023Q2,175
F0026,2023Q3,159
F0026,2023Q4,148
F0026,2024Q1,126
F0026,2024Q2,111
F0026,2024Q3,81
F0026,2024Q4,90
F0026,2025Q1,129
F0026,2025Q2,74
F0026,2025Q3,84
F0026,2025Q4,204
F0026,2026Q1,260
F0026,2026Q2,188
F0027,2021Q3,73
F0027,2021Q4,66
F0027,2022Q1,100
F0027,2022Q2,40
F0027,2022Q3,57
F0027,2022Q4,68
F0027,2023Q1,111
F0027,2023Q2,66
F0027,2023Q3,63
F0027,2023Q4,82
F0027,2024Q1,79
F0027,2024Q2,54
F0027,2024Q3,51
F0027,2024Q4,64
F0027,2025Q1,101
F0027,2025Q2,53
F0027,2025Q3,56
F0027,2025Q4,129
F0027,2026Q1,148
F0027,2026Q2,83
F0028,2021Q3,15
F0028,2021Q4,29
F0028,2022Q1,42
F0028,2022Q2,29
F0028,2022Q3,23
F0028,2022Q4,39
F0028,2023Q1,36
F0028,2023Q2,38
F0028,2023Q3,36
F0028,2023Q4,35
F0028,2024Q1,19
F0028,2024Q2,23
F0028,2024Q3,21
F0028,2024Q4,18
F0028,2025Q1,35
F0028,2025Q2,21
F0028,2025Q3,19
F0028,2025Q4,83
F0028,2026Q1,108
F0028,2026Q2,100
F0029,2021Q3,298
F0029,2021Q4,312
F0029,2022Q1,453
F0029,2022Q2,326
F0029,2022Q3,319
F0029,2022Q4,335
F0029,2023Q1,526
F0029,2023Q2,328
F0029,2023Q3,350
F0029,2023Q4,364
F0029,2024Q1,367
F0029,2024Q2,212
F0029,2024Q3,182
F0029,2024Q4,177
F0029,2025Q1,218
F0029,2025Q2,204
F0029,2025Q3,313
F0029,2025Q4,606
F0029,2026Q1,574
F0029,2026Q2,447
F0030,2021Q3,61
F0030,2021Q4,61
F0030,2022Q1,73
F0030,2022Q2,40
F0030,2022Q3,55
F0030,2022Q4,66
F0030,2023Q1,77
F0030,2023Q2,58
F0030,2023Q3,51
F0030,2023Q4,59
F0030,2024Q1,99
F0030,2024Q2,60
F0030,2024Q3,45
F0030,2024Q4,72
F0030,2025Q1,79
F0030,2025Q2,58
F0030,2025Q3,36
F0030,2025Q4,9
F0030,2026Q1,18
F0030,2026Q2,12
F0031,2021Q3,65
F0031,2021Q4,76
F0031,2022Q1,96
F0031,2022Q2,52
F0031,2022Q3,78
F0031,2022Q4,73
F0031,2023Q1,121
F0031,2023Q2,77
F0031,2023Q3,78
F0031,2023Q4,70
F0031,2024Q1,99
F0031,2024Q2,65
F0031,2024Q3,66
F0031,2024Q4,70
F0031,2025Q1,75
F0031,2025Q2,69
F0031,2025Q3,78
F0031,2025Q4,95
F0031,2026Q1,103
F0031,2026Q2,120
F0032,2021Q3,39
F0032,2021Q4,29
F0032,2022Q1,60
F0032,2022Q2,35
F0032,2022Q3,36
F0032,2022Q4,28
F0032,2023Q1,63
F0032,2023Q2,38
F0032,2023Q3,32
F0032,2023Q4,47
F0032,2024Q1,87
F0032,2024Q2,55
F0032,2024Q3,53
F0032,2024Q4,50
F0032,2025Q1,90
F0032,2025Q2,67
F0032,2025Q3,69
F0032,2025Q4,103
F0032,2026Q1,110
F0032,2026Q2,101
F0033,2021Q3,50
F0033,2021Q4,51
F0033,2022Q1,70
F0033,2022Q2,60
F0033,2022Q3,38
F0033,2022Q4,56
F0033,2023Q1,76
F0033,2023Q2,65
F0033,2023Q3,45
F0033,2023Q4,57
F0033,2024Q1,74
F0033,2024Q2,48
F0033,2024Q3,36
F0033,2024Q4,47
F0033,2025Q1,64
F0033,2025Q2,44
F0033,2025Q3,43
F0033,2025Q4,103
F0033,2026Q1,147
F0033,2026Q2,139
F0034,2021Q3,23
F0034,2021Q4,19
F0034,2022Q1,63
F0034,2022Q2,24
F0034,2022Q3,22
F0034,2022Q4,26
F0034,2023Q1,42
F0034,2023Q2,23
F0034,2023Q3,19
F0034,2023Q4,31
F0034,2024Q1,56
F0034,2024Q2,38
F0034,2024Q3,52
F0034,2024Q4,50
F0034,2025Q1,64
F0034,2025Q2,37
F0034,2025Q3,37
F0034,2025Q4,48
F0034,2026Q1,70
F0034,2026Q2,33
F0035,2021Q3,154
F0035,2021Q4,123
F0035,2022Q1,199
F0035,2022Q2,149
F0035,2022Q3,134
F0035,2022Q4,158
F0035,2023Q1,254
F0035,2023Q2,150
F0035,2023Q3,174
F0035,2023Q4,168
F0035,2024Q1,214
F0035,2024Q2,163
F0035,2024Q3,134
F0035,2024Q4,156
F0035,2025Q1,182
F0035,2025Q2,130
F0035,2025Q3,110
F0035,2025Q4,26
F0035,2026Q1,34
F0035,2026Q2,32
F0036,2021Q3,49
F0036,2021Q4,73
F0036,2022Q1,113
F0036,2022Q2,53
F0036,2022Q3,72
F0036,2022Q4,73
F0036,2023Q1,156
F0036,2023Q2,89
F0036,2023Q3,75
F0036,2023Q4,113
F0036,2024Q1,165
F0036,2024Q2,116
F0036,2024Q3,144
F0036,2024Q4,147
F0036,2025Q1,239
F0036,2025Q2,154
F0036,2025Q3,145
F0036,2025Q4,218
F0036,2026Q1,287
F0036,2026Q2,201
F0037,2021Q3,91
F0037,2021Q4,87
F0037,2022Q1,153
F0037,2022Q2,105
F0037,2022Q3,83
F0037,2022Q4,111
F0037,2023Q1,178
F0037,2023Q2,104
F0037,2023Q3,94
F0037,2023Q4,113
F0037,2024Q1,311
F0037,2024Q2,176
F0037,2024Q3,164
F0037,2024Q4,215
F0037,2025Q1,370
F0037,2025Q2,230
F0037,2025Q3,148
F0037,2025Q4,10
F0037,2026Q1,28
F0037,2026Q2,16
F0038,2021Q3,121
F0038,2021Q4,124
F0038,2022Q1,207
F0038,2022Q2,107
F0038,2022Q3,85
F0038,2022Q4,143
F0038,2023Q1,217
F0038,2023Q2,124
F0038,2023Q3,109
F0038,2023Q4,111
F0038,2024Q1,197
F0038,2024Q2,120
F0038,2024Q3,115
F0038,2024Q4,138
F0038,2025Q1,212
F0038,2025Q2,143
F0038,2025Q3,98
F0038,2025Q4,107
F0038,2026Q1,173
F0038,2026Q2,89
F0039,2021Q3,62
F0039,2021Q4,104
F0039,2022Q1,170
F0039,2022Q2,71
F0039,2022Q3,92
F0039,2022Q4,86
F0039,2023Q1,151
F0039,2023Q2,69
F0039,2023Q3,79
F0039,2023Q4,71
F0039,2024Q1,137
F0039,2024Q2,78
F0039,2024Q3,65
F0039,2024Q4,75
F0039,2025Q1,102
F0039,2025Q2,60
F0039,2025Q3,55
F0039,2025Q4,90
F0039,2026Q1,108
F0039,2026Q2,59
F0040,2021Q3,76
F0040,2021Q4,82
F0040,2022Q1,124
F0040,2022Q2,90
F0040,2022Q3,108
F0040,2022Q4,119
F0040,2023Q1,145
F0040,2023Q2,112
F0040,2023Q3,89
F0040,2023Q4,84
F0040,2024Q1,112
F0040,2024Q2,91
F0040,2024Q3,74
F0040,2024Q4,77
F0040,2025Q1,133
F0040,2025Q2,102
F0040,2025Q3,118
F0040,2025Q4,265
F0040,2026Q1,371
F0040,2026Q2,287
F0041,2021Q3,15
F0041,2021Q4,23
F0041,2022Q1,32
F0041,2022Q2,26
F0041,2022Q3,18
F0041,2022Q4,32
F0041,2023Q1,35
F0041,2023Q2,24
F0041,2023Q3,23
F0041,2023Q4,23
F0041,2024Q1,38
F0041,2024Q2,37
F0041,2024Q3,46
F0041,2024Q4,44
F0041,2025Q1,69
F0041,2025Q2,32
F0041,2025Q3,52
F0041,2025Q4,105
F0041,2026Q1,180
F0041,2026Q2,139
F0042,2021Q3,86
F0042,2021Q4,90
F0042,2022Q1,122
F0042,2022Q2,69
F0042,2022Q3,71
F0042,2022Q4,76
F0042,2023Q1,130
F0042,2023Q2,94
F0042,2023Q3,80
F0042,2023Q4,88
F0042,2024Q1,134
F0042,2024Q2,110
F0042,2024Q3,95
F0042,2024Q4,113
F0042,2025Q1,133
F0042,2025Q2,148
F0042,2025Q3,100
F0042,2025Q4,130
F0042,2026Q1,156
F0042,2026Q2,134
F0043,2021Q3,52
F0043,2021Q4,58
F0043,2022Q1,87
F0043,2022Q2,62
F0043,2022Q3,62
F0043,2022Q4,80
F0043,2023Q1,116
F0043,2023Q2,64
F0043,2023Q3,69
F0043,2023Q4,76
F0043,2024Q1,88
F0043,2024Q2,61
F0043,2024Q3,47
F0043,2024Q4,63
F0043,2025Q1,111
F0043,2025Q2,40
F0043,2025Q3,104
F0043,2025Q4,232
F0043,2026Q1,270
F0043,2026Q2,196
F0044,2021Q3,43
F0044,2021Q4,60
F0044,2022Q1,73
F0044,2022Q2,57
F0044,2022Q3,49
F0044,2022Q4,60
F0044,2023Q1,124
F0044,2023Q2,80
F0044,2023Q3,61
F0044,2023Q4,91
F0044,2024Q1,139
F0044,2024Q2,105
F0044,2024Q3,86
F0044,2024Q4,91
F0044,2025Q1,168
F0044,2025Q2,145
F0044,2025Q3,164
F0044,2025Q4,197
F0044,2026Q1,266
F0044,2026Q2,230
F0045,2021Q3,77
F0045,2021Q4,95
F0045,2022Q1,121
F0045,2022Q2,105
F0045,2022Q3,144
F0045,2022Q4,125
F0045,2023Q1,170
F0045,2023Q2,124
F0045,2023Q3,109
F0045,2023Q4,131
F0045,2024Q1,179
F0045,2024Q2,176
F0045,2024Q3,185
F0045,2024Q4,217
F0045,2025Q1,303
F0045,2025Q2,220
F0045,2025Q3,194
F0045,2025Q4,111
F0045,2026Q1,141
F0045,2026Q2,133
F0046,2021Q3,119
F0046,2021Q4,111
F0046,2022Q1,165
F0046,2022Q2,121
F0046,2022Q3,121
F0046,2022Q4,120
F0046,2023Q1,198
F0046,2023Q2,145
F0046,2023Q3,148
F0046,2023Q4,158
F0046,2024Q1,203
F0046,2024Q2,153
F0046,2024Q3,142
F0046,2024Q4,167
F0046,2025Q1,254
F0046,2025Q2,154
F0046,2025Q3,167
F0046,2025Q4,217
F0046,2026Q1,269
F0046,2026Q2,290
F0047,2021Q3,52
F0047,2021Q4,62
F0047,2022Q1,101
F0047,2022Q2,65
F0047,2022Q3,82
F0047,2022Q4,90
F0047,2023Q1,108
F0047,2023Q2,86
F0047,2023Q3,75
F0047,2023Q4,91
F0047,2024Q1,130
F0047,2024Q2,90
F0047,2024Q3,97
F0047,2024Q4,85
F0047,2025Q1,123
F0047,2025Q2,58
F0047,2025Q3,106
F0047,2025Q4,88
F0047,2026Q1,86
F0047,2026Q2,78
F0048,2021Q3,62
F0048,2021Q4,79
F0048,2022Q1,67
F0048,2022Q2,51
F0048,2022Q3,69
F0048,2022Q4,48
F0048,2023Q1,81
F0048,2023Q2,59
F0048,2023Q3,43
F0048,2023Q4,53
F0048,2024Q1,62
F0048,2024Q2,54
F0048,2024Q3,65
F0048,2024Q4,45
F0048,2025Q1,75
F0048,2025Q2,44
F0048,2025Q3,47
F0048,2025Q4,77
F0048,2026Q1,104
F0048,2026Q2,81
F0049,2021Q3,100
F0049,2021Q4,130
F0049,2022Q1,175
F0049,2022Q2,131
F0049,2022Q3,141
F0049,2022Q4,141
F0049,2023Q1,179
F0049,2023Q2,131
F0049,2023Q3,130
F0049,2023Q4,121
F0049,2024Q1,123
F0049,2024Q2,102
F0049,2024Q3,88
F0049,2024Q4,97
F0049,2025Q1,126
F0049,2025Q2,58
F0049,2025Q3,77
F0049,2025Q4,219
F0049,2026Q1,225
F0049,2026Q2,179
F0050,2021Q3,67
F0050,2021Q4,70
F0050,2022Q1,100
F0050,2022Q2,77
F0050,2022Q3,68
F0050,2022Q4,79
F0050,2023Q1,130
F0050,2023Q2,72
F0050,2023Q3,70
F0050,2023Q4,80
F0050,2024Q1,118
F0050,2024Q2,71
F0050,2024Q3,63
F0050,2024Q4,83
F0050,2025Q1,103
F0050,2025Q2,69
F0050,2025Q3,57
F0050,2025Q4,99
F0050,2026Q1,127
F0050,2026Q2,70
F0051,2021Q3,49
F0051,2021Q4,43
F0051,2022Q1,79
F0051,2022Q2,52
F0051,2022Q3,58
F0051,2022Q4,48
F0051,2023Q1,79
F0051,2023Q2,38
F0051,2023Q3,37
F0051,2023Q4,47
F0051,2024Q1,82
F0051,2024Q2,61
F0051,2024Q3,66
F0051,2024Q4,60
F0051,2025Q1,104
F0051,2025Q2,59
F0051,2025Q3,44
F0051,2025Q4,86
F0051,2026Q1,139
F0051,2026Q2,83
F0052,2021Q3,33
F0052,2021Q4,54
F0052,2022Q1,60
F0052,2022Q2,41
F0052,2022Q3,43
F0052,2022Q4,49
F0052,2023Q1,60
F0052,2023Q2,46
F0052,2023Q3,46
F0052,2023Q4,55
F0052,2024Q1,77
F0052,2024Q2,41
F0052,2024Q3,64
F0052,2024Q4,56
F0052,2025Q1,74
F0052,2025Q2,66
F0052,2025Q3,62
F0052,2025Q4,81
F0052,2026Q1,131
F0052,2026Q2,111
F0053,2021Q3,69
F0053,2021Q4,61
F0053,2022Q1,90
F0053,2022Q2,50
F0053,2022Q3,54
F0053,2022Q4,57
F0053,2023Q1,90
F0053,2023Q2,68
F0053,2023Q3,62
F0053,2023Q4,54
F0053,2024Q1,84
F0053,2024Q2,53
F0053,2024Q3,54
F0053,2024Q4,42
F0053,2025Q1,76
F0053,2025Q2,51
F0053,2025Q3,47
F0053,2025Q4,61
F0053,2026Q1,90
F0053,2026Q2,57
F0054,2021Q3,75
F0054,2021Q4,85
F0054,2022Q1,156
F0054,2022Q2,101
F0054,2022Q3,96
F0054,2022Q4,96
F0054,2023Q1,163
F0054,2023Q2,112
F0054,2023Q3,100
F0054,2023Q4,115
F0054,2024Q1,187
F0054,2024Q2,130
F0054,2024Q3,137
F0054,2024Q4,153
F0054,2025Q1,183
F0054,2025Q2,135
F0054,2025Q3,83
F0054,2025Q4,6
F0054,2026Q1,4
F0054,2026Q2,7
F0055,2021Q3,25
F0055,2021Q4,25
F0055,2022Q1,40
F0055,2022Q2,24
F0055,2022Q3,23
F0055,2022Q4,40
F0055,2023Q1,46
F0055,2023Q2,27
F0055,2023Q3,41
F0055,2023Q4,47
F0055,2024Q1,79
F0055,2024Q2,64
F0055,2024Q3,58
F0055,2024Q4,81
F0055,2025Q1,110
F0055,2025Q2,83
F0055,2025Q3,53
F0055,2025Q4,4
F0055,2026Q1,2
F0055,2026Q2,4
F0056,2021Q3,176
F0056,2021Q4,189
F0056,2022Q1,255
F0056,2022Q2,199
F0056,2022Q3,196
F0056,2022Q4,173
F0056,2023Q1,315
F0056,2023Q2,227
F0056,2023Q3,198
F0056,2023Q4,207
F0056,2024Q1,289
F0056,2024Q2,187
F0056,2024Q3,207
F0056,2024Q4,205
F0056,2025Q1,318
F0056,2025Q2,225
F0056,2025Q3,232
F0056,2025Q4,279
F0056,2026Q1,497
F0056,2026Q2,264
F0057,2021Q3,48
F0057,2021Q4,46
F0057,2022Q1,96
F0057,2022Q2,49
F0057,2022Q3,49
F0057,2022Q4,48
F0057,2023Q1,117
F0057,2023Q2,51
F0057,2023Q3,49
F0057,2023Q4,50
F0057,2024Q1,112
F0057,2024Q2,74
F0057,2024Q3,85
F0057,2024Q4,76
F0057,2025Q1,150
F0057,2025Q2,103
F0057,2025Q3,118
F0057,2025Q4,138
F0057,2026Q1,181
F0057,2026Q2,145
F0058,2021Q3,25
F0058,2021Q4,22
F0058,2022Q1,35
F0058,2022Q2,16
F0058,2022Q3,29
F0058,2022Q4,29
F0058,2023Q1,36
F0058,2023Q2,35
F0058,2023Q3,20
F0058,2023Q4,26
F0058,2024Q1,32
F0058,2024Q2,16
F0058,2024Q3,20
F0058,2024Q4,23
F0058,2025Q1,38
F0058,2025Q2,27
F0058,2025Q3,29
F0058,2025Q4,62
F0058,2026Q1,91
F0058,2026Q2,79
F0059,2021Q3,157
F0059,2021Q4,170
F0059,2022Q1,316
F0059,2022Q2,171
F0059,2022Q3,150
F0059,2022Q4,177
F0059,2023Q1,336
F0059,2023Q2,161
F0059,2023Q3,159
F0059,2023Q4,201
F0059,2024Q1,321
F0059,2024Q2,169
F0059,2024Q3,206
F0059,2024Q4,213
F0059,2025Q1,303
F0059,2025Q2,225
F0059,2025Q3,197
F0059,2025Q4,161
F0059,2026Q1,209
F0059,2026Q2,132
F0060,2021Q3,41
F0060,2021Q4,33
F0060,2022Q1,33
F0060,2022Q2,34
F0060,2022Q3,24
F0060,2022Q4,39
F0060,2023Q1,70
F0060,2023Q2,47
F0060,2023Q3,45
F0060,2023Q4,41
F0060,2024Q1,44
F0060,2024Q2,16
F0060,2024Q3,23
F0060,2024Q4,30
F0060,2025Q1,31
F0060,2025Q2,18
F0060,2025Q3,33
F0060,2025Q4,88
F0060,2026Q1,85
F0060,2026Q2,75
F0061,2021Q3,17
F0061,2021Q4,22
F0061,2022Q1,26
F0061,2022Q2,18
F0061,2022Q3,19
F0061,2022Q4,22
F0061,2023Q1,31
F0061,2023Q2,20
F0061,2023Q3,21
F0061,2023Q4,21
F0061,2024Q1,26
F0061,2024Q2,18
F0061,2024Q3,21
F0061,2024Q4,31
F0061,2025Q1,37
F0061,2025Q2,29
F0061,2025Q3,41
F0061,2025Q4,55
F0061,2026Q1,90
F0061,2026Q2,76
F0062,2021Q3,14
F0062,2021Q4,18
F0062,2022Q1,29
F0062,2022Q2,23
F0062,2022Q3,16
F0062,2022Q4,18
F0062,2023Q1,34
F0062,2023Q2,25
F0062,2023Q3,18
F0062,2023Q4,17
F0062,2024Q1,66
F0062,2024Q2,45
F0062,2024Q3,46
F0062,2024Q4,60
F0062,2025Q1,93
F0062,2025Q2,68
F0062,2025Q3,44
F0062,2025Q4,6
F0062,2026Q1,5
F0062,2026Q2,3
F0063,2021Q3,83
F0063,2021Q4,69
F0063,2022Q1,133
F0063,2022Q2,55
F0063,2022Q3,79
F0063,2022Q4,98
F0063,2023Q1,191
F0063,2023Q2,84
F0063,2023Q3,90
F0063,2023Q4,115
F0063,2024Q1,272
F0063,2024Q2,195
F0063,2024Q3,212
F0063,2024Q4,271
F0063,2025Q1,386
F0063,2025Q2,244
F0063,2025Q3,228
F0063,2025Q4,2
F0063,2026Q1,0
F0063,2026Q2,2
F0064,2021Q3,75
F0064,2021Q4,78
F0064,2022Q1,106
F0064,2022Q2,80
F0064,2022Q3,74
F0064,2022Q4,79
F0064,2023Q1,119
F0064,2023Q2,101
F0064,2023Q3,96
F0064,2023Q4,100
F0064,2024Q1,100
F0064,2024Q2,76
F0064,2024Q3,82
F0064,2024Q4,75
F0064,2025Q1,97
F0064,2025Q2,78
F0064,2025Q3,78
F0064,2025Q4,157
F0064,2026Q1,216
F0064,2026Q2,149
F0065,2021Q3,49
F0065,2021Q4,48
F0065,2022Q1,65
F0065,2022Q2,40
F0065,2022Q3,48
F0065,2022Q4,66
F0065,2023Q1,84
F0065,2023Q2,48
F0065,2023Q3,48
F0065,2023Q4,64
F0065,2024Q1,101
F0065,2024Q2,66
F0065,2024Q3,82
F0065,2024Q4,90
F0065,2025Q1,109
F0065,2025Q2,83
F0065,2025Q3,89
F0065,2025Q4,46
F0065,2026Q1,67
F0065,2026Q2,62
F0066,2021Q3,23
F0066,2021Q4,16
F0066,2022Q1,38
F0066,2022Q2,24
F0066,2022Q3,22
F0066,2022Q4,26
F0066,2023Q1,37
F0066,2023Q2,24
F0066,2023Q3,20
F0066,2023Q4,27
F0066,2024Q1,40
F0066,2024Q2,29
F0066,2024Q3,36
F0066,2024Q4,31
F0066,2025Q1,58
F0066,2025Q2,41
F0066,2025Q3,46
F0066,2025Q4,16
F0066,2026Q1,28
F0066,2026Q2,13
F0067,2021Q3,84
F0067,2021Q4,91
F0067,2022Q1,165
F0067,2022Q2,119
F0067,2022Q3,99
F0067,2022Q4,111
F0067,2023Q1,248
F0067,2023Q2,118
F0067,2023Q3,131
F0067,2023Q4,158
F0067,2024Q1,327
F0067,2024Q2,180
F0067,2024Q3,166
F0067,2024Q4,196
F0067,2025Q1,342
F0067,2025Q2,264
F0067,2025Q3,246
F0067,2025Q4,366
F0067,2026Q1,518
F0067,2026Q2,402
F0068,2021Q3,35
F0068,2021Q4,32
F0068,2022Q1,46
F0068,2022Q2,29
F0068,2022Q3,32
F0068,2022Q4,28
F0068,2023Q1,57
F0068,2023Q2,28
F0068,2023Q3,34
F0068,2023Q4,37
F0068,2024Q1,44
F0068,2024Q2,35
F0068,2024Q3,31
F0068,2024Q4,25
F0068,2025Q1,45
F0068,2025Q2,24
F0068,2025Q3,18
F0068,2025Q4,31
F0068,2026Q1,58
F0068,2026Q2,30
F0069,2021Q3,126
F0069,2021Q4,131
F0069,2022Q1,160
F0069,2022Q2,118
F0069,2022Q3,136
F0069,2022Q4,133
F0069,2023Q1,194
F0069,2023Q2,145
F0069,2023Q3,127
F0069,2023Q4,144
F0069,2024Q1,207
F0069,2024Q2,169
F0069,2024Q3,171
F0069,2024Q4,197
F0069,2025Q1,201
F0069,2025Q2,162
F0069,2025Q3,135
F0069,2025Q4,43
F0069,2026Q1,61
F0069,2026Q2,48
F0070,2021Q3,15
F0070,2021Q4,14
F0070,2022Q1,26
F0070,2022Q2,26
F0070,2022Q3,35
F0070,2022Q4,31
F0070,2023Q1,41
F0070,2023Q2,27
F0070,2023Q3,22
F0070,2023Q4,31
F0070,2024Q1,88
F0070,2024Q2,68
F0070,2024Q3,93
F0070,2024Q4,90
F0070,2025Q1,135
F0070,2025Q2,89
F0070,2025Q3,44
F0070,2025Q4,3
F0070,2026Q1,6
F0070,2026Q2,2
F0071,2021Q3,42
F0071,2021Q4,42
F0071,2022Q1,59
F0071,2022Q2,45
F0071,2022Q3,42
F0071,2022Q4,44
F0071,2023Q1,63
F0071,2023Q2,42
F0071,2023Q3,38
F0071,2023Q4,37
F0071,2024Q1,42
F0071,2024Q2,45
F0071,2024Q3,30
F0071,2024Q4,25
F0071,2025Q1,51
F0071,2025Q2,20
F0071,2025Q3,35
F0071,2025Q4,161
F0071,2026Q1,157
F0071,2026Q2,107
F0072,2021Q3,44
F0072,2021Q4,58
F0072,2022Q1,74
F0072,2022Q2,46
F0072,2022Q3,65
F0072,2022Q4,74
F0072,2023Q1,79
F0072,2023Q2,67
F0072,2023Q3,72
F0072,2023Q4,68
F0072,2024Q1,138
F0072,2024Q2,100
F0072,2024Q3,121
F0072,2024Q4,142
F0072,2025Q1,198
F0072,2025Q2,159
F0072,2025Q3,124
F0072,2025Q4,122
F0072,2026Q1,140
F0072,2026Q2,139
F0073,2021Q3,60
F0073,2021Q4,47
F0073,2022Q1,167
F0073,2022Q2,57
F0073,2022Q3,58
F0073,2022Q4,54
F0073,2023Q1,484
F0073,2023Q2,51
F0073,2023Q3,62
F0073,2023Q4,67
F0073,2024Q1,145
F0073,2024Q2,143
F0073,2024Q3,129
F0073,2024Q4,130
F0073,2025Q1,369
F0073,2025Q2,160
F0073,2025Q3,238
F0073,2025Q4,448
F0073,2026Q1,991
F0073,2026Q2,564
F0074,2021Q3,55
F0074,2021Q4,46
F0074,2022Q1,103
F0074,2022Q2,56
F0074,2022Q3,59
F0074,2022Q4,61
F0074,2023Q1,100
F0074,2023Q2,59
F0074,2023Q3,69
F0074,2023Q4,67
F0074,2024Q1,196
F0074,2024Q2,143
F0074,2024Q3,188
F0074,2024Q4,197
F0074,2025Q1,310
F0074,2025Q2,190
F0074,2025Q3,199
F0074,2025Q4,142
F0074,2026Q1,266
F0074,2026Q2,180
F0075,2021Q3,87
F0075,2021Q4,81
F0075,2022Q1,111
F0075,2022Q2,77
F0075,2022Q3,82
F0075,2022Q4,111
F0075,2023Q1,126
F0075,2023Q2,96
F0075,2023Q3,87
F0075,2023Q4,102
F0075,2024Q1,130
F0075,2024Q2,87
F0075,2024Q3,72
F0075,2024Q4,95
F0075,2025Q1,80
F0075,2025Q2,74
F0075,2025Q3,92
F0075,2025Q4,134
F0075,2026Q1,173
F0075,2026Q2,130
F0076,2021Q3,69
F0076,2021Q4,68
F0076,2022Q1,125
F0076,2022Q2,64
F0076,2022Q3,69
F0076,2022Q4,82
F0076,2023Q1,125
F0076,2023Q2,70
F0076,2023Q3,65
F0076,2023Q4,69
F0076,2024Q1,141
F0076,2024Q2,64
F0076,2024Q3,76
F0076,2024Q4,69
F0076,2025Q1,142
F0076,2025Q2,94
F0076,2025Q3,96
F0076,2025Q4,167
F0076,2026Q1,229
F0076,2026Q2,151
F0077,2021Q3,175
F0077,2021Q4,172
F0077,2022Q1,252
F0077,2022Q2,165
F0077,2022Q3,189
F0077,2022Q4,221
F0077,2023Q1,303
F0077,2023Q2,213
F0077,2023Q3,220
F0077,2023Q4,222
F0077,2024Q1,273
F0077,2024Q2,186
F0077,2024Q3,194
F0077,2024Q4,184
F0077,2025Q1,256
F0077,2025Q2,186
F0077,2025Q3,229
F0077,2025Q4,396
F0077,2026Q1,507
F0077,2026Q2,370
F0078,2021Q3,54
F0078,2021Q4,62
F0078,2022Q1,70
F0078,2022Q2,38
F0078,2022Q3,69
F0078,2022Q4,67
F0078,2023Q1,107
F0078,2023Q2,74
F0078,2023Q3,60
F0078,2023Q4,93
F0078,2024Q1,118
F0078,2024Q2,100
F0078,2024Q3,90
F0078,2024Q4,128
F0078,2025Q1,166
F0078,2025Q2,121
F0078,2025Q3,132
F0078,2025Q4,149
F0078,2026Q1,194
F0078,2026Q2,140
F0079,2021Q3,24
F0079,2021Q4,30
F0079,2022Q1,38
F0079,2022Q2,26
F0079,2022Q3,24
F0079,2022Q4,34
F0079,2023Q1,38
F0079,2023Q2,23
F0079,2023Q3,23
F0079,2023Q4,24
F0079,2024Q1,67
F0079,2024Q2,44
F0079,2024Q3,58
F0079,2024Q4,84
F0079,2025Q1,77
F0079,2025Q2,56
F0079,2025Q3,35
F0079,2025Q4,19
F0079,2026Q1,30
F0079,2026Q2,17
F0080,2021Q3,40
F0080,2021Q4,44
F0080,2022Q1,70
F0080,2022Q2,51
F0080,2022Q3,56
F0080,2022Q4,68
F0080,2023Q1,110
F0080,2023Q2,58
F0080,2023Q3,67
F0080,2023Q4,87
F0080,2024Q1,114
F0080,2024Q2,69
F0080,2024Q3,74
F0080,2024Q4,81
F0080,2025Q1,107
F0080,2025Q2,99
F0080,2025Q3,80
F0080,2025Q4,118
F0080,2026Q1,157
F0080,2026Q2,83
F0081,2021Q3,48
F0081,2021Q4,44
F0081,2022Q1,80
F0081,2022Q2,55
F0081,2022Q3,44
F0081,2022Q4,81
F0081,2023Q1,106
F0081,2023Q2,60
F0081,2023Q3,63
F0081,2023Q4,79
F0081,2024Q1,106
F0081,2024Q2,88
F0081,2024Q3,86
F0081,2024Q4,65
F0081,2025Q1,120
F0081,2025Q2,69
F0081,2025Q3,96
F0081,2025Q4,155
F0081,2026Q1,230
F0081,2026Q2,142
F0082,2021Q3,22
F0082,2021Q4,22
F0082,2022Q1,21
F0082,2022Q2,13
F0082,2022Q3,21
F0082,2022Q4,15
F0082,2023Q1,30
F0082,2023Q2,21
F0082,2023Q3,18
F0082,2023Q4,31
F0082,2024Q1,56
F0082,2024Q2,32
F0082,2024Q3,74
F0082,2024Q4,54
F0082,2025Q1,63
F0082,2025Q2,38
F0082,2025Q3,38
F0082,2025Q4,8
F0082,2026Q1,8
F0082,2026Q2,12
F0083,2021Q3,9
F0083,2021Q4,17
F0083,2022Q1,30
F0083,2022Q2,16
F0083,2022Q3,21
F0083,2022Q4,16
F0083,2023Q1,32
F0083,2023Q2,10
F0083,2023Q3,16
F0083,2023Q4,21
F0083,2024Q1,88
F0083,2024Q2,72
F0083,2024Q3,79
F0083,2024Q4,111
F0083,2025Q1,129
F0083,2025Q2,118
F0083,2025Q3,78
F0083,2025Q4,7
F0083,2026Q1,27
F0083,2026Q2,23
F0084,2021Q3,83
F0084,2021Q4,112
F0084,2022Q1,182
F0084,2022Q2,97
F0084,2022Q3,86
F0084,2022Q4,113
F0084,2023Q1,156
F0084,2023Q2,85
F0084,2023Q3,97
F0084,2023Q4,101
F0084,2024Q1,170
F0084,2024Q2,126
F0084,2024Q3,96
F0084,2024Q4,112
F0084,2025Q1,205
F0084,2025Q2,113
F0084,2025Q3,123
F0084,2025Q4,219
F0084,2026Q1,310
F0084,2026Q2,170
F0085,2021Q3,80
F0085,2021Q4,95
F0085,2022Q1,119
F0085,2022Q2,89
F0085,2022Q3,88
F0085,2022Q4,73
F0085,2023Q1,129
F0085,2023Q2,90
F0085,2023Q3,86
F0085,2023Q4,79
F0085,2024Q1,114
F0085,2024Q2,60
F0085,2024Q3,75
F0085,2024Q4,93
F0085,2025Q1,129
F0085,2025Q2,93
F0085,2025Q3,114
F0085,2025Q4,169
F0085,2026Q1,271
F0085,2026Q2,217
F0086,2021Q3,3
F0086,2021Q4,3
F0086,2022Q1,0
F0086,2022Q2,1
F0086,2022Q3,4
F0086,2022Q4,0
F0086,2023Q1,4
F0086,2023Q2,4
F0086,2023Q3,4
F0086,2023Q4,4
F0086,2024Q1,5
F0086,2024Q2,3
F0086,2024Q3,1
F0086,2024Q4,3
F0086,2025Q1,9
F0086,2025Q2,6
F0086,2025Q3,10
F0086,2025Q4,14
F0086,2026Q1,41
F0086,2026Q2,46
F0087,2021Q3,262
F0087,2021Q4,317
F0087,2022Q1,434
F0087,2022Q2,249
F0087,2022Q3,254
F0087,2022Q4,302
F0087,2023Q1,494
F0087,2023Q2,303
F0087,2023Q3,291
F0087,2023Q4,332
F0087,2024Q1,478
F0087,2024Q2,302
F0087,2024Q3,256
F0087,2024Q4,288
F0087,2025Q1,476
F0087,2025Q2,298
F0087,2025Q3,313
F0087,2025Q4,477
F0087,2026Q1,637
F0087,2026Q2,439
F0088,2021Q3,93
F0088,2021Q4,115
F0088,2022Q1,158
F0088,2022Q2,106
F0088,2022Q3,101
F0088,2022Q4,110
F0088,2023Q1,180
F0088,2023Q2,122
F0088,2023Q3,89
F0088,2023Q4,107
F0088,2024Q1,119
F0088,2024Q2,85
F0088,2024Q3,86
F0088,2024Q4,67
F0088,2025Q1,109
F0088,2025Q2,66
F0088,2025Q3,72
F0088,2025Q4,103
F0088,2026Q1,119
F0088,2026Q2,110
F0089,2021Q3,21
F0089,2021Q4,21
F0089,2022Q1,41
F0089,2022Q2,24
F0089,2022Q3,29
F0089,2022Q4,39
F0089,2023Q1,79
F0089,2023Q2,37
F0089,2023Q3,23
F0089,2023Q4,39
F0089,2024Q1,93
F0089,2024Q2,49
F0089,2024Q3,78
F0089,2024Q4,74
F0089,2025Q1,138
F0089,2025Q2,91
F0089,2025Q3,64
F0089,2025Q4,87
F0089,2026Q1,102
F0089,2026Q2,85
F0090,2021Q3,38
F0090,2021Q4,33
F0090,2022Q1,33
F0090,2022Q2,35
F0090,2022Q3,22
F0090,2022Q4,23
F0090,2023Q1,44
F0090,2023Q2,30
F0090,2023Q3,22
F0090,2023Q4,37
F0090,2024Q1,80
F0090,2024Q2,56
F0090,2024Q3,59
F0090,2024Q4,68
F0090,2025Q1,72
F0090,2025Q2,56
F0090,2025Q3,52
F0090,2025Q4,26
F0090,2026Q1,32
F0090,2026Q2,23
F0091,2021Q3,76
F0091,2021Q4,63
F0091,2022Q1,94
F0091,2022Q2,76
F0091,2022Q3,51
F0091,2022Q4,66
F0091,2023Q1,100
F0091,2023Q2,61
F0091,2023Q3,58
F0091,2023Q4,63
F0091,2024Q1,114
F0091,2024Q2,72
F0091,2024Q3,90
F0091,2024Q4,85
F0091,2025Q1,135
F0091,2025Q2,110
F0091,2025Q3,104
F0091,2025Q4,132
F0091,2026Q1,149
F0091,2026Q2,111
F0092,2021Q3,7
F0092,2021Q4,12
F0092,2022Q1,12
F0092,2022Q2,16
F0092,2022Q3,15
F0092,2022Q4,9
F0092,2023Q1,18
F0092,2023Q2,9
F0092,2023Q3,8
F0092,2023Q4,8
F0092,2024Q1,26
F0092,2024Q2,20
F0092,2024Q3,13
F0092,2024Q4,22
F0092,2025Q1,33
F0092,2025Q2,27
F0092,2025Q3,13
F0092,2025Q4,12
F0092,2026Q1,14
F0092,2026Q2,12
F0093,2021Q3,142
F0093,2021Q4,191
F0093,2022Q1,266
F0093,2022Q2,170
F0093,2022Q3,157
F0093,2022Q4,189
F0093,2023Q1,231
F0093,2023Q2,166
F0093,2023Q3,213
F0093,2023Q4,183
F0093,2024Q1,222
F0093,2024Q2,136
F0093,2024Q3,126
F0093,2024Q4,102
F0093,2025Q1,163
F0093,2025Q2,100
F0093,2025Q3,152
F0093,2025Q4,271
F0093,2026Q1,329
F0093,2026Q2,269
F0094,2021Q3,16
F0094,2021Q4,14
F0094,2022Q1,29
F0094,2022Q2,6
F0094,2022Q3,11
F0094,2022Q4,13
F0094,2023Q1,49
F0094,2023Q2,10
F0094,2023Q3,16
F0094,2023Q4,23
F0094,2024Q1,38
F0094,2024Q2,28
F0094,2024Q3,28
F0094,2024Q4,27
F0094,2025Q1,46
F0094,2025Q2,27
F0094,2025Q3,26
F0094,2025Q4,34
F0094,2026Q1,33
F0094,2026Q2,50
F0095,2021Q3,219
F0095,2021Q4,254
F0095,2022Q1,321
F0095,2022Q2,228
F0095,2022Q3,207
F0095,2022Q4,246
F0095,2023Q1,369
F0095,2023Q2,222
F0095,2023Q3,206
F0095,2023Q4,213
F0095,2024Q1,385
F0095,2024Q2,225
F0095,2024Q3,249
F0095,2024Q4,240
F0095,2025Q1,295
F0095,2025Q2,223
F0095,2025Q3,211
F0095,2025Q4,208
F0095,2026Q1,274
F0095,2026Q2,190
F0096,2021Q3,62
F0096,2021Q4,80
F0096,2022Q1,88
F0096,2022Q2,61
F0096,2022Q3,69
F0096,2022Q4,66
F0096,2023Q1,81
F0096,2023Q2,55
F0096,2023Q3,61
F0096,2023Q4,76
F0096,2024Q1,89
F0096,2024Q2,53
F0096,2024Q3,53
F0096,2024Q4,55
F0096,2025Q1,83
F0096,2025Q2,53
F0096,2025Q3,66
F0096,2025Q4,137
F0096,2026Q1,214
F0096,2026Q2,156
F0097,2021Q3,25
F0097,2021Q4,30
F0097,2022Q1,39
F0097,2022Q2,16
F0097,2022Q3,23
F0097,2022Q4,30
F0097,2023Q1,45
F0097,2023Q2,23
F0097,2023Q3,34
F0097,2023Q4,25
F0097,2024Q1,51
F0097,2024Q2,24
F0097,2024Q3,30
F0097,2024Q4,30
F0097,2025Q1,41
F0097,2025Q2,37
F0097,2025Q3,38
F0097,2025Q4,92
F0097,2026Q1,128
F0097,2026Q2,84
F0098,2021Q3,56
F0098,2021Q4,52
F0098,2022Q1,125
F0098,2022Q2,65
F0098,2022Q3,74
F0098,2022Q4,72
F0098,2023Q1,122
F0098,2023Q2,71
F0098,2023Q3,74
F0098,2023Q4,87
F0098,2024Q1,79
F0098,2024Q2,44
F0098,2024Q3,54
F0098,2024Q4,29
F0098,2025Q1,70
F0098,2025Q2,50
F0098,2025Q3,95
F0098,2025Q4,266
F0098,2026Q1,430
F0098,2026Q2,457
F0099,2021Q3,39
F0099,2021Q4,42
F0099,2022Q1,54
F0099,2022Q2,32
F0099,2022Q3,43
F0099,2022Q4,37
F0099,2023Q1,75
F0099,2023Q2,39
F0099,2023Q3,41
F0099,2023Q4,50
F0099,2024Q1,45
F0099,2024Q2,24
F0099,2024Q3,27
F0099,2024Q4,19
F0099,2025Q1,55
F0099,2025Q2,29
F0099,2025Q3,45
F0099,2025Q4,148
F0099,2026Q1,180
F0099,2026Q2,150
F0100,2021Q3,15
F0100,2021Q4,15
F0100,2022Q1,28
F0100,2022Q2,22
F0100,2022Q3,12
F0100,2022Q4,21
F0100,2023Q1,37
F0100,2023Q2,17
F0100,2023Q3,14
F0100,2023Q4,14
F0100,2024Q1,26
F0100,2024Q2,19
F0100,2024Q3,9
F0100,2024Q4,24
F0100,2025Q1,21
F0100,2025Q2,13
F0100,2025Q3,12
F0100,2025Q4,19
F0100,2026Q1,17
F0100,2026Q2,24
F0101,2021Q3,44
F0101,2021Q4,29
F0101,2022Q1,46
F0101,2022Q2,27
F0101,2022Q3,38
F0101,2022Q4,36
F0101,2023Q1,50
F0101,2023Q2,45
F0101,2023Q3,47
F0101,2023Q4,41
F0101,2024Q1,49
F0101,2024Q2,26
F0101,2024Q3,34
F0101,2024Q4,29
F0101,2025Q1,33
F0101,2025Q2,28
F0101,2025Q3,32
F0101,2025Q4,85
F0101,2026Q1,93
F0101,2026Q2,69
F0102,2021Q3,62
F0102,2021Q4,78
F0102,2022Q1,104
F0102,2022Q2,81
F0102,2022Q3,67
F0102,2022Q4,93
F0102,2023Q1,95
F0102,2023Q2,52
F0102,2023Q3,73
F0102,2023Q4,76
F0102,2024Q1,73
F0102,2024Q2,50
F0102,2024Q3,54
F0102,2024Q4,42
F0102,2025Q1,87
F0102,2025Q2,48
F0102,2025Q3,53
F0102,2025Q4,127
F0102,2026Q1,187
F0102,2026Q2,125
F0103,2021Q3,34
F0103,2021Q4,44
F0103,2022Q1,109
F0103,2022Q2,52
F0103,2022Q3,46
F0103,2022Q4,54
F0103,2023Q1,97
F0103,2023Q2,44
F0103,2023Q3,44
F0103,2023Q4,42
F0103,2024Q1,204
F0103,2024Q2,133
F0103,2024Q3,168
F0103,2024Q4,210
F0103,2025Q1,328
F0103,2025Q2,231
F0103,2025Q3,211
F0103,2025Q4,113
F0103,2026Q1,195
F0103,2026Q2,179
F0104,2021Q3,144
F0104,2021Q4,133
F0104,2022Q1,231
F0104,2022Q2,127
F0104,2022Q3,147
F0104,2022Q4,158
F0104,2023Q1,230
F0104,2023Q2,152
F0104,2023Q3,133
F0104,2023Q4,143
F0104,2024Q1,223
F0104,2024Q2,129
F0104,2024Q3,111
F0104,2024Q4,124
F0104,2025Q1,178
F0104,2025Q2,102
F0104,2025Q3,92
F0104,2025Q4,21
F0104,2026Q1,49
F0104,2026Q2,45
F0105,2021Q3,46
F0105,2021Q4,55
F0105,2022Q1,92
F0105,2022Q2,56
F0105,2022Q3,48
F0105,2022Q4,60
F0105,2023Q1,99
F0105,2023Q2,53
F0105,2023Q3,53
F0105,2023Q4,48
F0105,2024Q1,126
F0105,2024Q2,77
F0105,2024Q3,79
F0105,2024Q4,101
F0105,2025Q1,139
F0105,2025Q2,95
F0105,2025Q3,66
F0105,2025Q4,54
F0105,2026Q1,52
F0105,2026Q2,29
F0106,2021Q3,139
F0106,2021Q4,167
F0106,2022Q1,261
F0106,2022Q2,183
F0106,2022Q3,182
F0106,2022Q4,204
F0106,2023Q1,288
F0106,2023Q2,205
F0106,2023Q3,167
F0106,2023Q4,214
F0106,2024Q1,294
F0106,2024Q2,201
F0106,2024Q3,199
F0106,2024Q4,207
F0106,2025Q1,301
F0106,2025Q2,215
F0106,2025Q3,221
F0106,2025Q4,267
F0106,2026Q1,312
F0106,2026Q2,207
F0107,2021Q3,32
F0107,2021Q4,34
F0107,2022Q1,48
F0107,2022Q2,24
F0107,2022Q3,26
F0107,2022Q4,30
F0107,2023Q1,49
F0107,2023Q2,31
F0107,2023Q3,32
F0107,2023Q4,25
F0107,2024Q1,46
F0107,2024Q2,15
F0107,2024Q3,19
F0107,2024Q4,19
F0107,2025Q1,61
F0107,2025Q2,23
F0107,2025Q3,47
F0107,2025Q4,140
F0107,2026Q1,163
F0107,2026Q2,144
F0108,2021Q3,11
F0108,2021Q4,16
F0108,2022Q1,33
F0108,2022Q2,18
F0108,2022Q3,17
F0108,2022Q4,15
F0108,2023Q1,35
F0108,2023Q2,21
F0108,2023Q3,19
F0108,2023Q4,24
F0108,2024Q1,55
F0108,2024Q2,66
F0108,2024Q3,64
F0108,2024Q4,51
F0108,2025Q1,84
F0108,2025Q2,64
F0108,2025Q3,42
F0108,2025Q4,8
F0108,2026Q1,12
F0108,2026Q2,11
F0109,2021Q3,265
F0109,2021Q4,229
F0109,2022Q1,366
F0109,2022Q2,268
F0109,2022Q3,294
F0109,2022Q4,269
F0109,2023Q1,402
F0109,2023Q2,302
F0109,2023Q3,240
F0109,2023Q4,284
F0109,2024Q1,352
F0109,2024Q2,230
F0109,2024Q3,216
F0109,2024Q4,250
F0109,2025Q1,441
F0109,2025Q2,245
F0109,2025Q3,257
F0109,2025Q4,521
F0109,2026Q1,632
F0109,2026Q2,506
F0110,2021Q3,62
F0110,2021Q4,53
F0110,2022Q1,92
F0110,2022Q2,53
F0110,2022Q3,71
F0110,2022Q4,66
F0110,2023Q1,73
F0110,2023Q2,51
F0110,2023Q3,53
F0110,2023Q4,77
F0110,2024Q1,98
F0110,2024Q2,58
F0110,2024Q3,56
F0110,2024Q4,61
F0110,2025Q1,103
F0110,2025Q2,74
F0110,2025Q3,107
F0110,2025Q4,238
F0110,2026Q1,428
F0110,2026Q2,391
F0111,2021Q3,136
F0111,2021Q4,140
F0111,2022Q1,219
F0111,2022Q2,179
F0111,2022Q3,150
F0111,2022Q4,150
F0111,2023Q1,206
F0111,2023Q2,164
F0111,2023Q3,187
F0111,2023Q4,146
F0111,2024Q1,187
F0111,2024Q2,142
F0111,2024Q3,123
F0111,2024Q4,139
F0111,2025Q1,188
F0111,2025Q2,121
F0111,2025Q3,116
F0111,2025Q4,97
F0111,2026Q1,98
F0111,2026Q2,79
F0112,2021Q3,47
F0112,2021Q4,42
F0112,2022Q1,107
F0112,2022Q2,34
F0112,2022Q3,49
F0112,2022Q4,48
F0112,2023Q1,108
F0112,2023Q2,41
F0112,2023Q3,43
F0112,2023Q4,43
F0112,2024Q1,94
F0112,2024Q2,62
F0112,2024Q3,68
F0112,2024Q4,77
F0112,2025Q1,153
F0112,2025Q2,80
F0112,2025Q3,75
F0112,2025Q4,102
F0112,2026Q1,193
F0112,2026Q2,109
F0113,2021Q3,41
F0113,2021Q4,59
F0113,2022Q1,66
F0113,2022Q2,70
F0113,2022Q3,50
F0113,2022Q4,43
F0113,2023Q1,59
F0113,2023Q2,72
F0113,2023Q3,46
F0113,2023Q4,55
F0113,2024Q1,54
F0113,2024Q2,36
F0113,2024Q3,64
F0113,2024Q4,37
F0113,2025Q1,47
F0113,2025Q2,40
F0113,2025Q3,54
F0113,2025Q4,57
F0113,2026Q1,80
F0113,2026Q2,77
F0114,2021Q3,26
F0114,2021Q4,25
F0114,2022Q1,42
F0114,2022Q2,17
F0114,2022Q3,15
F0114,2022Q4,28
F0114,2023Q1,36
F0114,2023Q2,23
F0114,2023Q3,19
F0114,2023Q4,27
F0114,2024Q1,80
F0114,2024Q2,39
F0114,2024Q3,51
F0114,2024Q4,65
F0114,2025Q1,82
F0114,2025Q2,60
F0114,2025Q3,45
F0114,2025Q4,34
F0114,2026Q1,48
F0114,2026Q2,44
F0115,2021Q3,54
F0115,2021Q4,57
F0115,2022Q1,42
F0115,2022Q2,37
F0115,2022Q3,33
F0115,2022Q4,42
F0115,2023Q1,51
F0115,2023Q2,30
F0115,2023Q3,31
F0115,2023Q4,41
F0115,2024Q1,54
F0115,2024Q2,42
F0115,2024Q3,35
F0115,2024Q4,59
F0115,2025Q1,88
F0115,2025Q2,42
F0115,2025Q3,36
F0115,2025Q4,33
F0115,2026Q1,38
F0115,2026Q2,36
F0116,2021Q3,37
F0116,2021Q4,39
F0116,2022Q1,50
F0116,2022Q2,39
F0116,2022Q3,46
F0116,2022Q4,39
F0116,2023Q1,55
F0116,2023Q2,42
F0116,2023Q3,40
F0116,2023Q4,43
F0116,2024Q1,41
F0116,2024Q2,34
F0116,2024Q3,34
F0116,2024Q4,40
F0116,2025Q1,43
F0116,2025Q2,30
F0116,2025Q3,39
F0116,2025Q4,91
F0116,2026Q1,86
F0116,2026Q2,78
F0117,2021Q3,37
F0117,2021Q4,40
F0117,2022Q1,54
F0117,2022Q2,49
F0117,2022Q3,33
F0117,2022Q4,42
F0117,2023Q1,64
F0117,2023Q2,63
F0117,2023Q3,51
F0117,2023Q4,59
F0117,2024Q1,57
F0117,2024Q2,56
F0117,2024Q3,55
F0117,2024Q4,39
F0117,2025Q1,84
F0117,2025Q2,81
F0117,2025Q3,88
F0117,2025Q4,150
F0117,2026Q1,141
F0117,2026Q2,145
F0118,2021Q3,215
F0118,2021Q4,242
F0118,2022Q1,258
F0118,2022Q2,219
F0118,2022Q3,232
F0118,2022Q4,229
F0118,2023Q1,314
F0118,2023Q2,247
F0118,2023Q3,199
F0118,2023Q4,222
F0118,2024Q1,296
F0118,2024Q2,222
F0118,2024Q3,210
F0118,2024Q4,228
F0118,2025Q1,287
F0118,2025Q2,249
F0118,2025Q3,246
F0118,2025Q4,421
F0118,2026Q1,477
F0118,2026Q2,398
F0119,2021Q3,26
F0119,2021Q4,17
F0119,2022Q1,28
F0119,2022Q2,20
F0119,2022Q3,15
F0119,2022Q4,21
F0119,2023Q1,48
F0119,2023Q2,25
F0119,2023Q3,21
F0119,2023Q4,19
F0119,2024Q1,63
F0119,2024Q2,38
F0119,2024Q3,41
F0119,2024Q4,55
F0119,2025Q1,100
F0119,2025Q2,65
F0119,2025Q3,62
F0119,2025Q4,81
F0119,2026Q1,128
F0119,2026Q2,84
F0120,2021Q3,32
F0120,2021Q4,56
F0120,2022Q1,52
F0120,2022Q2,49
F0120,2022Q3,49
F0120,2022Q4,59
F0120,2023Q1,79
F0120,2023Q2,64
F0120,2023Q3,65
F0120,2023Q4,58
F0120,2024Q1,48
F0120,2024Q2,35
F0120,2024Q3,30
F0120,2024Q4,26
F0120,2025Q1,39
F0120,2025Q2,33
F0120,2025Q3,46
F0120,2025Q4,109
F0120,2026Q1,117
F0120,2026Q2,90
F0121,2021Q3,61
F0121,2021Q4,63
F0121,2022Q1,104
F0121,2022Q2,81
F0121,2022Q3,90
F0121,2022Q4,79
F0121,2023Q1,142
F0121,2023Q2,89
F0121,2023Q3,91
F0121,2023Q4,95
F0121,2024Q1,316
F0121,2024Q2,235
F0121,2024Q3,250
F0121,2024Q4,320
F0121,2025Q1,442
F0121,2025Q2,303
F0121,2025Q3,263
F0121,2025Q4,290
F0121,2026Q1,477
F0121,2026Q2,420
F0122,2021Q3,55
F0122,2021Q4,56
F0122,2022Q1,90
F0122,2022Q2,56
F0122,2022Q3,49
F0122,2022Q4,70
F0122,2023Q1,101
F0122,2023Q2,59
F0122,2023Q3,60
F0122,2023Q4,65
F0122,2024Q1,103
F0122,2024Q2,69
F0122,2024Q3,61
F0122,2024Q4,86
F0122,2025Q1,130
F0122,2025Q2,88
F0122,2025Q3,79
F0122,2025Q4,154
F0122,2026Q1,233
F0122,2026Q2,241
F0123,2021Q3,71
F0123,2021Q4,79
F0123,2022Q1,124
F0123,2022Q2,75
F0123,2022Q3,63
F0123,2022Q4,94
F0123,2023Q1,154
F0123,2023Q2,86
F0123,2023Q3,91
F0123,2023Q4,99
F0123,2024Q1,147
F0123,2024Q2,99
F0123,2024Q3,93
F0123,2024Q4,116
F0123,2025Q1,150
F0123,2025Q2,94
F0123,2025Q3,89
F0123,2025Q4,43
F0123,2026Q1,52
F0123,2026Q2,30
F0124,2021Q3,31
F0124,2021Q4,35
F0124,2022Q1,60
F0124,2022Q2,39
F0124,2022Q3,32
F0124,2022Q4,45
F0124,2023Q1,66
F0124,2023Q2,41
F0124,2023Q3,30
F0124,2023Q4,44
F0124,2024Q1,81
F0124,2024Q2,39
F0124,2024Q3,53
F0124,2024Q4,47
F0124,2025Q1,89
F0124,2025Q2,57
F0124,2025Q3,54
F0124,2025Q4,79
F0124,2026Q1,95
F0124,2026Q2,78
F0125,2021Q3,15
F0125,2021Q4,25
F0125,2022Q1,33
F0125,2022Q2,21
F0125,2022Q3,21
F0125,2022Q4,22
F0125,2023Q1,36
F0125,2023Q2,26
F0125,2023Q3,25
F0125,2023Q4,26
F0125,2024Q1,35
F0125,2024Q2,25
F0125,2024Q3,17
F0125,2024Q4,24
F0125,2025Q1,43
F0125,2025Q2,21
F0125,2025Q3,24
F0125,2025Q4,39
F0125,2026Q1,38
F0125,2026Q2,49
F0126,2021Q3,35
F0126,2021Q4,34
F0126,2022Q1,38
F0126,2022Q2,36
F0126,2022Q3,25
F0126,2022Q4,35
F0126,2023Q1,54
F0126,2023Q2,27
F0126,2023Q3,29
F0126,2023Q4,37
F0126,2024Q1,98
F0126,2024Q2,66
F0126,2024Q3,80
F0126,2024Q4,77
F0126,2025Q1,155
F0126,2025Q2,109
F0126,2025Q3,98
F0126,2025Q4,106
F0126,2026Q1,186
F0126,2026Q2,128
F0127,2021Q3,28
F0127,2021Q4,26
F0127,2022Q1,70
F0127,2022Q2,35
F0127,2022Q3,43
F0127,2022Q4,39
F0127,2023Q1,85
F0127,2023Q2,43
F0127,2023Q3,48
F0127,2023Q4,82
F0127,2024Q1,125
F0127,2024Q2,87
F0127,2024Q3,69
F0127,2024Q4,101
F0127,2025Q1,182
F0127,2025Q2,133
F0127,2025Q3,102
F0127,2025Q4,129
F0127,2026Q1,173
F0127,2026Q2,150
F0128,2021Q3,147
F0128,2021Q4,166
F0128,2022Q1,247
F0128,2022Q2,155
F0128,2022Q3,129
F0128,2022Q4,161
F0128,2023Q1,238
F0128,2023Q2,144
F0128,2023Q3,164
F0128,2023Q4,168
F0128,2024Q1,214
F0128,2024Q2,122
F0128,2024Q3,110
F0128,2024Q4,123
F0128,2025Q1,193
F0128,2025Q2,113
F0128,2025Q3,122
F0128,2025Q4,187
F0128,2026Q1,180
F0128,2026Q2,151
F0129,2021Q3,124
F0129,2021Q4,124
F0129,2022Q1,122
F0129,2022Q2,98
F0129,2022Q3,141
F0129,2022Q4,149
F0129,2023Q1,152
F0129,2023Q2,125
F0129,2023Q3,121
F0129,2023Q4,110
F0129,2024Q1,130
F0129,2024Q2,108
F0129,2024Q3,101
F0129,2024Q4,111
F0129,2025Q1,151
F0129,2025Q2,107
F0129,2025Q3,121
F0129,2025Q4,231
F0129,2026Q1,276
F0129,2026Q2,235
F0130,2021Q3,51
F0130,2021Q4,49
F0130,2022Q1,107
F0130,2022Q2,69
F0130,2022Q3,47
F0130,2022Q4,58
F0130,2023Q1,103
F0130,2023Q2,64
F0130,2023Q3,63
F0130,2023Q4,55
F0130,2024Q1,94
F0130,2024Q2,44
F0130,2024Q3,40
F0130,2024Q4,48
F0130,2025Q1,206
F0130,2025Q2,79
F0130,2025Q3,157
F0130,2025Q4,542
F0130,2026Q1,668
F0130,2026Q2,590
F0131,2021Q3,71
F0131,2021Q4,119
F0131,2022Q1,199
F0131,2022Q2,92
F0131,2022Q3,97
F0131,2022Q4,109
F0131,2023Q1,223
F0131,2023Q2,97
F0131,2023Q3,97
F0131,2023Q4,129
F0131,2024Q1,228
F0131,2024Q2,150
F0131,2024Q3,150
F0131,2024Q4,161
F0131,2025Q1,266
F0131,2025Q2,163
F0131,2025Q3,123
F0131,2025Q4,126
F0131,2026Q1,159
F0131,2026Q2,107
F0132,2021Q3,345
F0132,2021Q4,383
F0132,2022Q1,406
F0132,2022Q2,262
F0132,2022Q3,262
F0132,2022Q4,347
F0132,2023Q1,400
F0132,2023Q2,284
F0132,2023Q3,272
F0132,2023Q4,469
F0132,2024Q1,245
F0132,2024Q2,194
F0132,2024Q3,229
F0132,2024Q4,252
F0132,2025Q1,157
F0132,2025Q2,116
F0132,2025Q3,81
F0132,2025Q4,0
F0132,2026Q1,0
F0132,2026Q2,1
F0133,2021Q3,38
F0133,2021Q4,38
F0133,2022Q1,59
F0133,2022Q2,44
F0133,2022Q3,41
F0133,2022Q4,35
F0133,2023Q1,71
F0133,2023Q2,34
F0133,2023Q3,48
F0133,2023Q4,55
F0133,2024Q1,47
F0133,2024Q2,52
F0133,2024Q3,38
F0133,2024Q4,43
F0133,2025Q1,85
F0133,2025Q2,62
F0133,2025Q3,59
F0133,2025Q4,90
F0133,2026Q1,99
F0133,2026Q2,83
F0134,2021Q3,93
F0134,2021Q4,97
F0134,2022Q1,105
F0134,2022Q2,86
F0134,2022Q3,84
F0134,2022Q4,110
F0134,2023Q1,102
F0134,2023Q2,82
F0134,2023Q3,71
F0134,2023Q4,87
F0134,2024Q1,87
F0134,2024Q2,74
F0134,2024Q3,71
F0134,2024Q4,81
F0134,2025Q1,96
F0134,2025Q2,62
F0134,2025Q3,83
F0134,2025Q4,100
F0134,2026Q1,144
F0134,2026Q2,107
F0135,2021Q3,124
F0135,2021Q4,140
F0135,2022Q1,185
F0135,2022Q2,123
F0135,2022Q3,123
F0135,2022Q4,148
F0135,2023Q1,222
F0135,2023Q2,145
F0135,2023Q3,152
F0135,2023Q4,147
F0135,2024Q1,238
F0135,2024Q2,140
F0135,2024Q3,140
F0135,2024Q4,130
F0135,2025Q1,285
F0135,2025Q2,154
F0135,2025Q3,174
F0135,2025Q4,333
F0135,2026Q1,515
F0135,2026Q2,371
F0136,2021Q3,3
F0136,2021Q4,12
F0136,2022Q1,11
F0136,2022Q2,11
F0136,2022Q3,10
F0136,2022Q4,13
F0136,2023Q1,21
F0136,2023Q2,11
F0136,2023Q3,7
F0136,2023Q4,16
F0136,2024Q1,22
F0136,2024Q2,21
F0136,2024Q3,22
F0136,2024Q4,21
F0136,2025Q1,34
F0136,2025Q2,36
F0136,2025Q3,20
F0136,2025Q4,13
F0136,2026Q1,24
F0136,2026Q2,25
F0137,2021Q3,6
F0137,2021Q4,12
F0137,2022Q1,13
F0137,2022Q2,7
F0137,2022Q3,6
F0137,2022Q4,9
F0137,2023Q1,16
F0137,2023Q2,10
F0137,2023Q3,8
F0137,2023Q4,13
F0137,2024Q1,18
F0137,2024Q2,19
F0137,2024Q3,14
F0137,2024Q4,19
F0137,2025Q1,23
F0137,2025Q2,13
F0137,2025Q3,12
F0137,2025Q4,2
F0137,2026Q1,2
F0137,2026Q2,4
F0138,2021Q3,35
F0138,2021Q4,40
F0138,2022Q1,54
F0138,2022Q2,38
F0138,2022Q3,43
F0138,2022Q4,46
F0138,2023Q1,56
F0138,2023Q2,33
F0138,2023Q3,48
F0138,2023Q4,36
F0138,2024Q1,59
F0138,2024Q2,42
F0138,2024Q3,55
F0138,2024Q4,61
F0138,2025Q1,101
F0138,2025Q2,75
F0138,2025Q3,80
F0138,2025Q4,144
F0138,2026Q1,211
F0138,2026Q2,176
F0139,2021Q3,208
F0139,2021Q4,235
F0139,2022Q1,332
F0139,2022Q2,252
F0139,2022Q3,260
F0139,2022Q4,302
F0139,2023Q1,436
F0139,2023Q2,299
F0139,2023Q3,263
F0139,2023Q4,310
F0139,2024Q1,430
F0139,2024Q2,329
F0139,2024Q3,302
F0139,2024Q4,334
F0139,2025Q1,524
F0139,2025Q2,408
F0139,2025Q3,369
F0139,2025Q4,454
F0139,2026Q1,721
F0139,2026Q2,526
F0140,2021Q3,62
F0140,2021Q4,56
F0140,2022Q1,77
F0140,2022Q2,65
F0140,2022Q3,64
F0140,2022Q4,50
F0140,2023Q1,68
F0140,2023Q2,60
F0140,2023Q3,62
F0140,2023Q4,55
F0140,2024Q1,77
F0140,2024Q2,57
F0140,2024Q3,59
F0140,2024Q4,46
F0140,2025Q1,84
F0140,2025Q2,45
F0140,2025Q3,58
F0140,2025Q4,59
F0140,2026Q1,85
F0140,2026Q2,52
F0141,2021Q3,38
F0141,2021Q4,31
F0141,2022Q1,48
F0141,2022Q2,30
F0141,2022Q3,23
F0141,2022Q4,34
F0141,2023Q1,47
F0141,2023Q2,31
F0141,2023Q3,37
F0141,2023Q4,32
F0141,2024Q1,37
F0141,2024Q2,34
F0141,2024Q3,25
F0141,2024Q4,62
F0141,2025Q1,54
F0141,2025Q2,23
F0141,2025Q3,35
F0141,2025Q4,84
F0141,2026Q1,108
F0141,2026Q2,85
F0142,2021Q3,492
F0142,2021Q4,557
F0142,2022Q1,871
F0142,2022Q2,529
F0142,2022Q3,516
F0142,2022Q4,569
F0142,2023Q1,945
F0142,2023Q2,580
F0142,2023Q3,563
F0142,2023Q4,621
F0142,2024Q1,986
F0142,2024Q2,678
F0142,2024Q3,604
F0142,2024Q4,720
F0142,2025Q1,1148
F0142,2025Q2,720
F0142,2025Q3,716
F0142,2025Q4,886
F0142,2026Q1,1278
F0142,2026Q2,785
F0143,2021Q3,44
F0143,2021Q4,58
F0143,2022Q1,149
F0143,2022Q2,57
F0143,2022Q3,56
F0143,2022Q4,68
F0143,2023Q1,248
F0143,2023Q2,66
F0143,2023Q3,53
F0143,2023Q4,70
F0143,2024Q1,363
F0143,2024Q2,229
F0143,2024Q3,224
F0143,2024Q4,291
F0143,2025Q1,527
F0143,2025Q2,339
F0143,2025Q3,268
F0143,2025Q4,145
F0143,2026Q1,373
F0143,2026Q2,207
F0144,2021Q3,125
F0144,2021Q4,139
F0144,2022Q1,201
F0144,2022Q2,140
F0144,2022Q3,138
F0144,2022Q4,171
F0144,2023Q1,215
F0144,2023Q2,156
F0144,2023Q3,157
F0144,2023Q4,137
F0144,2024Q1,161
F0144,2024Q2,110
F0144,2024Q3,85
F0144,2024Q4,91
F0144,2025Q1,128
F0144,2025Q2,93
F0144,2025Q3,94
F0144,2025Q4,252
F0144,2026Q1,304
F0144,2026Q2,253
F0145,2021Q3,105
F0145,2021Q4,130
F0145,2022Q1,208
F0145,2022Q2,122
F0145,2022Q3,98
F0145,2022Q4,120
F0145,2023Q1,238
F0145,2023Q2,115
F0145,2023Q3,90
F0145,2023Q4,157
F0145,2024Q1,319
F0145,2024Q2,157
F0145,2024Q3,159
F0145,2024Q4,219
F0145,2025Q1,233
F0145,2025Q2,174
F0145,2025Q3,123
F0145,2025Q4,0
F0145,2026Q1,1
F0145,2026Q2,2
F0146,2021Q3,41
F0146,2021Q4,53
F0146,2022Q1,45
F0146,2022Q2,44
F0146,2022Q3,41
F0146,2022Q4,41
F0146,2023Q1,65
F0146,2023Q2,60
F0146,2023Q3,31
F0146,2023Q4,52
F0146,2024Q1,61
F0146,2024Q2,32
F0146,2024Q3,58
F0146,2024Q4,46
F0146,2025Q1,68
F0146,2025Q2,68
F0146,2025Q3,60
F0146,2025Q4,68
F0146,2026Q1,74
F0146,2026Q2,75
F0147,2021Q3,48
F0147,2021Q4,35
F0147,2022Q1,62
F0147,2022Q2,38
F0147,2022Q3,38
F0147,2022Q4,53
F0147,2023Q1,104
F0147,2023Q2,42
F0147,2023Q3,49
F0147,2023Q4,60
F0147,2024Q1,120
F0147,2024Q2,73
F0147,2024Q3,98
F0147,2024Q4,87
F0147,2025Q1,216
F0147,2025Q2,91
F0147,2025Q3,124
F0147,2025Q4,215
F0147,2026Q1,317
F0147,2026Q2,275
F0148,2021Q3,88
F0148,2021Q4,111
F0148,2022Q1,157
F0148,2022Q2,108
F0148,2022Q3,127
F0148,2022Q4,155
F0148,2023Q1,193
F0148,2023Q2,116
F0148,2023Q3,105
F0148,2023Q4,129
F0148,2024Q1,179
F0148,2024Q2,112
F0148,2024Q3,94
F0148,2024Q4,120
F0148,2025Q1,153
F0148,2025Q2,97
F0148,2025Q3,110
F0148,2025Q4,141
F0148,2026Q1,192
F0148,2026Q2,147
F0149,2021Q3,26
F0149,2021Q4,37
F0149,2022Q1,57
F0149,2022Q2,16
F0149,2022Q3,26
F0149,2022Q4,29
F0149,2023Q1,94
F0149,2023Q2,19
F0149,2023Q3,23
F0149,2023Q4,31
F0149,2024Q1,110
F0149,2024Q2,58
F0149,2024Q3,63
F0149,2024Q4,99
F0149,2025Q1,131
F0149,2025Q2,90
F0149,2025Q3,84
F0149,2025Q4,52
F0149,2026Q1,75
F0149,2026Q2,48
F0150,2021Q3,10
F0150,2021Q4,14
F0150,2022Q1,43
F0150,2022Q2,10
F0150,2022Q3,6
F0150,2022Q4,10
F0150,2023Q1,35
F0150,2023Q2,10
F0150,2023Q3,8
F0150,2023Q4,15
F0150,2024Q1,39
F0150,2024Q2,27
F0150,2024Q3,18
F0150,2024Q4,23
F0150,2025Q1,56
F0150,2025Q2,35
F0150,2025Q3,23
F0150,2025Q4,14
F0150,2026Q1,28
F0150,2026Q2,11
F0151,2021Q3,90
F0151,2021Q4,78
F0151,2022Q1,145
F0151,2022Q2,75
F0151,2022Q3,79
F0151,2022Q4,76
F0151,2023Q1,119
F0151,2023Q2,85
F0151,2023Q3,63
F0151,2023Q4,89
F0151,2024Q1,122
F0151,2024Q2,68
F0151,2024Q3,81
F0151,2024Q4,75
F0151,2025Q1,104
F0151,2025Q2,67
F0151,2025Q3,91
F0151,2025Q4,84
F0151,2026Q1,118
F0151,2026Q2,86
F0152,2021Q3,19
F0152,2021Q4,17
F0152,2022Q1,18
F0152,2022Q2,8
F0152,2022Q3,15
F0152,2022Q4,20
F0152,2023Q1,33
F0152,2023Q2,18
F0152,2023Q3,22
F0152,2023Q4,24
F0152,2024Q1,24
F0152,2024Q2,37
F0152,2024Q3,36
F0152,2024Q4,32
F0152,2025Q1,39
F0152,2025Q2,41
F0152,2025Q3,29
F0152,2025Q4,51
F0152,2026Q1,51
F0152,2026Q2,25
F0153,2021Q3,0
F0153,2021Q4,0
F0153,2022Q1,0
F0153,2022Q2,1
F0153,2022Q3,4
F0153,2022Q4,1
F0153,2023Q1,3
F0153,2023Q2,2
F0153,2023Q3,0
F0153,2023Q4,2
F0153,2024Q1,4
F0153,2024Q2,2
F0153,2024Q3,0
F0153,2024Q4,5
F0153,2025Q1,4
F0153,2025Q2,1
F0153,2025Q3,1
F0153,2025Q4,1
F0153,2026Q1,1
F0153,2026Q2,3
F0154,2021Q3,116
F0154,2021Q4,128
F0154,2022Q1,161
F0154,2022Q2,135
F0154,2022Q3,113
F0154,2022Q4,114
F0154,2023Q1,191
F0154,2023Q2,122
F0154,2023Q3,117
F0154,2023Q4,141
F0154,2024Q1,152
F0154,2024Q2,100
F0154,2024Q3,99
F0154,2024Q4,93
F0154,2025Q1,133
F0154,2025Q2,112
F0154,2025Q3,130
F0154,2025Q4,292
F0154,2026Q1,356
F0154,2026Q2,283
F0155,2021Q3,30
F0155,2021Q4,37
F0155,2022Q1,59
F0155,2022Q2,31
F0155,2022Q3,36
F0155,2022Q4,30
F0155,2023Q1,88
F0155,2023Q2,20
F0155,2023Q3,17
F0155,2023Q4,40
F0155,2024Q1,140
F0155,2024Q2,71
F0155,2024Q3,80
F0155,2024Q4,117
F0155,2025Q1,146
F0155,2025Q2,104
F0155,2025Q3,80
F0155,2025Q4,10
F0155,2026Q1,13
F0155,2026Q2,8
F0156,2021Q3,77
F0156,2021Q4,75
F0156,2022Q1,86
F0156,2022Q2,61
F0156,2022Q3,60
F0156,2022Q4,74
F0156,2023Q1,98
F0156,2023Q2,77
F0156,2023Q3,68
F0156,2023Q4,67
F0156,2024Q1,57
F0156,2024Q2,33
F0156,2024Q3,38
F0156,2024Q4,24
F0156,2025Q1,27
F0156,2025Q2,19
F0156,2025Q3,26
F0156,2025Q4,47
F0156,2026Q1,60
F0156,2026Q2,48
F0157,2021Q3,59
F0157,2021Q4,47
F0157,2022Q1,83
F0157,2022Q2,42
F0157,2022Q3,49
F0157,2022Q4,60
F0157,2023Q1,98
F0157,2023Q2,60
F0157,2023Q3,55
F0157,2023Q4,46
F0157,2024Q1,135
F0157,2024Q2,106
F0157,2024Q3,108
F0157,2024Q4,110
F0157,2025Q1,202
F0157,2025Q2,151
F0157,2025Q3,123
F0157,2025Q4,95
F0157,2026Q1,175
F0157,2026Q2,144
F0158,2021Q3,39
F0158,2021Q4,39
F0158,2022Q1,71
F0158,2022Q2,45
F0158,2022Q3,46
F0158,2022Q4,53
F0158,2023Q1,81
F0158,2023Q2,58
F0158,2023Q3,58
F0158,2023Q4,77
F0158,2024Q1,103
F0158,2024Q2,65
F0158,2024Q3,61
F0158,2024Q4,66
F0158,2025Q1,111
F0158,2025Q2,70
F0158,2025Q3,63
F0158,2025Q4,0
F0158,2026Q1,2
F0158,2026Q2,2
F0159,2021Q3,152
F0159,2021Q4,165
F0159,2022Q1,232
F0159,2022Q2,179
F0159,2022Q3,188
F0159,2022Q4,207
F0159,2023Q1,269
F0159,2023Q2,235
F0159,2023Q3,211
F0159,2023Q4,253
F0159,2024Q1,222
F0159,2024Q2,145
F0159,2024Q3,131
F0159,2024Q4,123
F0159,2025Q1,186
F0159,2025Q2,189
F0159,2025Q3,300
F0159,2025Q4,627
F0159,2026Q1,627
F0159,2026Q2,482
F0160,2021Q3,103
F0160,2021Q4,91
F0160,2022Q1,144
F0160,2022Q2,74
F0160,2022Q3,73
F0160,2022Q4,82
F0160,2023Q1,155
F0160,2023Q2,91
F0160,2023Q3,94
F0160,2023Q4,91
F0160,2024Q1,122
F0160,2024Q2,91
F0160,2024Q3,87
F0160,2024Q4,67
F0160,2025Q1,117
F0160,2025Q2,76
F0160,2025Q3,57
F0160,2025Q4,15
F0160,2026Q1,29
F0160,2026Q2,25
F0161,2021Q3,26
F0161,2021Q4,35
F0161,2022Q1,47
F0161,2022Q2,28
F0161,2022Q3,36
F0161,2022Q4,25
F0161,2023Q1,47
F0161,2023Q2,35
F0161,2023Q3,32
F0161,2023Q4,36
F0161,2024Q1,51
F0161,2024Q2,35
F0161,2024Q3,49
F0161,2024Q4,46
F0161,2025Q1,65
F0161,2025Q2,50
F0161,2025Q3,57
F0161,2025Q4,78
F0161,2026Q1,72
F0161,2026Q2,69
F0162,2021Q3,47
F0162,2021Q4,56
F0162,2022Q1,118
F0162,2022Q2,59
F0162,2022Q3,62
F0162,2022Q4,47
F0162,2023Q1,93
F0162,2023Q2,49
F0162,2023Q3,42
F0162,2023Q4,49
F0162,2024Q1,101
F0162,2024Q2,65
F0162,2024Q3,62
F0162,2024Q4,62
F0162,2025Q1,81
F0162,2025Q2,50
F0162,2025Q3,57
F0162,2025Q4,51
F0162,2026Q1,67
F0162,2026Q2,44
F0163,2021Q3,45
F0163,2021Q4,56
F0163,2022Q1,83
F0163,2022Q2,39
F0163,2022Q3,45
F0163,2022Q4,59
F0163,2023Q1,83
F0163,2023Q2,47
F0163,2023Q3,48
F0163,2023Q4,40
F0163,2024Q1,63
F0163,2024Q2,39
F0163,2024Q3,26
F0163,2024Q4,27
F0163,2025Q1,53
F0163,2025Q2,32
F0163,2025Q3,37
F0163,2025Q4,81
F0163,2026Q1,106
F0163,2026Q2,65
F0164,2021Q3,21
F0164,2021Q4,20
F0164,2022Q1,31
F0164,2022Q2,13
F0164,2022Q3,17
F0164,2022Q4,26
F0164,2023Q1,38
F0164,2023Q2,25
F0164,2023Q3,43
F0164,2023Q4,27
F0164,2024Q1,25
F0164,2024Q2,29
F0164,2024Q3,24
F0164,2024Q4,24
F0164,2025Q1,36
F0164,2025Q2,25
F0164,2025Q3,17
F0164,2025Q4,31
F0164,2026Q1,41
F0164,2026Q2,42
F0165,2021Q3,12
F0165,2021Q4,11
F0165,2022Q1,27
F0165,2022Q2,10
F0165,2022Q3,10
F0165,2022Q4,24
F0165,2023Q1,31
F0165,2023Q2,8
F0165,2023Q3,17
F0165,2023Q4,9
F0165,2024Q1,32
F0165,2024Q2,26
F0165,2024Q3,24
F0165,2024Q4,29
F0165,2025Q1,64
F0165,2025Q2,38
F0165,2025Q3,50
F0165,2025Q4,62
F0165,2026Q1,70
F0165,2026Q2,47
F0166,2021Q3,4
F0166,2021Q4,3
F0166,2022Q1,9
F0166,2022Q2,16
F0166,2022Q3,5
F0166,2022Q4,10
F0166,2023Q1,15
F0166,2023Q2,26
F0166,2023Q3,5
F0166,2023Q4,11
F0166,2024Q1,15
F0166,2024Q2,17
F0166,2024Q3,15
F0166,2024Q4,3
F0166,2025Q1,12
F0166,2025Q2,38
F0166,2025Q3,26
F0166,2025Q4,41
F0166,2026Q1,76
F0166,2026Q2,132
F0167,2021Q3,109
F0167,2021Q4,62
F0167,2022Q1,118
F0167,2022Q2,76
F0167,2022Q3,64
F0167,2022Q4,88
F0167,2023Q1,110
F0167,2023Q2,74
F0167,2023Q3,64
F0167,2023Q4,94
F0167,2024Q1,120
F0167,2024Q2,101
F0167,2024Q3,100
F0167,2024Q4,84
F0167,2025Q1,116
F0167,2025Q2,68
F0167,2025Q3,67
F0167,2025Q4,70
F0167,2026Q1,73
F0167,2026Q2,58
F0168,2021Q3,50
F0168,2021Q4,47
F0168,2022Q1,77
F0168,2022Q2,52
F0168,2022Q3,64
F0168,2022Q4,67
F0168,2023Q1,80
F0168,2023Q2,43
F0168,2023Q3,51
F0168,2023Q4,73
F0168,2024Q1,73
F0168,2024Q2,39
F0168,2024Q3,23
F0168,2024Q4,20
F0168,2025Q1,70
F0168,2025Q2,39
F0168,2025Q3,70
F0168,2025Q4,200
F0168,2026Q1,252
F0168,2026Q2,176
F0169,2021Q3,131
F0169,2021Q4,121
F0169,2022Q1,170
F0169,2022Q2,118
F0169,2022Q3,141
F0169,2022Q4,141
F0169,2023Q1,207
F0169,2023Q2,159
F0169,2023Q3,145
F0169,2023Q4,136
F0169,2024Q1,226
F0169,2024Q2,181
F0169,2024Q3,160
F0169,2024Q4,183
F0169,2025Q1,277
F0169,2025Q2,190
F0169,2025Q3,242
F0169,2025Q4,395
F0169,2026Q1,514
F0169,2026Q2,420
F0170,2021Q3,20
F0170,2021Q4,36
F0170,2022Q1,40
F0170,2022Q2,21
F0170,2022Q3,21
F0170,2022Q4,20
F0170,2023Q1,33
F0170,2023Q2,28
F0170,2023Q3,22
F0170,2023Q4,22
F0170,2024Q1,46
F0170,2024Q2,36
F0170,2024Q3,32
F0170,2024Q4,40
F0170,2025Q1,72
F0170,2025Q2,58
F0170,2025Q3,56
F0170,2025Q4,106
F0170,2026Q1,215
F0170,2026Q2,191
F0171,2021Q3,81
F0171,2021Q4,90
F0171,2022Q1,116
F0171,2022Q2,91
F0171,2022Q3,78
F0171,2022Q4,98
F0171,2023Q1,119
F0171,2023Q2,85
F0171,2023Q3,90
F0171,2023Q4,103
F0171,2024Q1,113
F0171,2024Q2,71
F0171,2024Q3,98
F0171,2024Q4,76
F0171,2025Q1,125
F0171,2025Q2,88
F0171,2025Q3,107
F0171,2025Q4,168
F0171,2026Q1,193
F0171,2026Q2,151
F0172,2021Q3,26
F0172,2021Q4,36
F0172,2022Q1,52
F0172,2022Q2,33
F0172,2022Q3,29
F0172,2022Q4,24
F0172,2023Q1,64
F0172,2023Q2,32
F0172,2023Q3,34
F0172,2023Q4,31
F0172,2024Q1,53
F0172,2024Q2,31
F0172,2024Q3,26
F0172,2024Q4,42
F0172,2025Q1,46
F0172,2025Q2,29
F0172,2025Q3,25
F0172,2025Q4,21
F0172,2026Q1,30
F0172,2026Q2,35
F0173,2021Q3,35
F0173,2021Q4,51
F0173,2022Q1,58
F0173,2022Q2,42
F0173,2022Q3,26
F0173,2022Q4,50
F0173,2023Q1,61
F0173,2023Q2,36
F0173,2023Q3,34
F0173,2023Q4,45
F0173,2024Q1,96
F0173,2024Q2,60
F0173,2024Q3,62
F0173,2024Q4,92
F0173,2025Q1,132
F0173,2025Q2,85
F0173,2025Q3,62
F0173,2025Q4,24
F0173,2026Q1,21
F0173,2026Q2,17
F0174,2021Q3,106
F0174,2021Q4,89
F0174,2022Q1,133
F0174,2022Q2,97
F0174,2022Q3,111
F0174,2022Q4,94
F0174,2023Q1,159
F0174,2023Q2,110
F0174,2023Q3,110
F0174,2023Q4,125
F0174,2024Q1,160
F0174,2024Q2,83
F0174,2024Q3,97
F0174,2024Q4,81
F0174,2025Q1,132
F0174,2025Q2,98
F0174,2025Q3,122
F0174,2025Q4,255
F0174,2026Q1,285
F0174,2026Q2,228
F0175,2021Q3,34
F0175,2021Q4,32
F0175,2022Q1,27
F0175,2022Q2,22
F0175,2022Q3,57
F0175,2022Q4,22
F0175,2023Q1,50
F0175,2023Q2,31
F0175,2023Q3,64
F0175,2023Q4,29
F0175,2024Q1,33
F0175,2024Q2,16
F0175,2024Q3,6
F0175,2024Q4,9
F0175,2025Q1,8
F0175,2025Q2,1
F0175,2025Q3,3
F0175,2025Q4,4
F0175,2026Q1,5
F0175,2026Q2,6
F0176,2021Q3,21
F0176,2021Q4,38
F0176,2022Q1,45
F0176,2022Q2,28
F0176,2022Q3,32
F0176,2022Q4,32
F0176,2023Q1,53
F0176,2023Q2,26
F0176,2023Q3,22
F0176,2023Q4,37
F0176,2024Q1,73
F0176,2024Q2,51
F0176,2024Q3,39
F0176,2024Q4,78
F0176,2025Q1,107
F0176,2025Q2,60
F0176,2025Q3,84
F0176,2025Q4,144
F0176,2026Q1,260
F0176,2026Q2,202
F0177,2021Q3,32
F0177,2021Q4,20
F0177,2022Q1,34
F0177,2022Q2,29
F0177,2022Q3,20
F0177,2022Q4,27
F0177,2023Q1,66
F0177,2023Q2,14
F0177,2023Q3,25
F0177,2023Q4,33
F0177,2024Q1,91
F0177,2024Q2,69
F0177,2024Q3,73
F0177,2024Q4,94
F0177,2025Q1,150
F0177,2025Q2,102
F0177,2025Q3,100
F0177,2025Q4,129
F0177,2026Q1,257
F0177,2026Q2,233
F0178,2021Q3,22
F0178,2021Q4,31
F0178,2022Q1,41
F0178,2022Q2,23
F0178,2022Q3,22
F0178,2022Q4,27
F0178,2023Q1,60
F0178,2023Q2,23
F0178,2023Q3,28
F0178,2023Q4,36
F0178,2024Q1,134
F0178,2024Q2,89
F0178,2024Q3,97
F0178,2024Q4,131
F0178,2025Q1,138
F0178,2025Q2,121
F0178,2025Q3,76
F0178,2025Q4,36
F0178,2026Q1,118
F0178,2026Q2,88
F0179,2021Q3,31
F0179,2021Q4,39
F0179,2022Q1,71
F0179,2022Q2,38
F0179,2022Q3,44
F0179,2022Q4,44
F0179,2023Q1,118
F0179,2023Q2,51
F0179,2023Q3,46
F0179,2023Q4,56
F0179,2024Q1,171
F0179,2024Q2,134
F0179,2024Q3,108
F0179,2024Q4,176
F0179,2025Q1,217
F0179,2025Q2,176
F0179,2025Q3,132
F0179,2025Q4,143
F0179,2026Q1,182
F0179,2026Q2,157
F0180,2021Q3,93
F0180,2021Q4,97
F0180,2022Q1,116
F0180,2022Q2,92
F0180,2022Q3,85
F0180,2022Q4,88
F0180,2023Q1,145
F0180,2023Q2,74
F0180,2023Q3,103
F0180,2023Q4,104
F0180,2024Q1,109
F0180,2024Q2,75
F0180,2024Q3,37
F0180,2024Q4,60
F0180,2025Q1,79
F0180,2025Q2,49
F0180,2025Q3,66
F0180,2025Q4,115
F0180,2026Q1,142
F0180,2026Q2,104
F0181,2021Q3,43
F0181,2021Q4,61
F0181,2022Q1,69
F0181,2022Q2,47
F0181,2022Q3,54
F0181,2022Q4,55
F0181,2023Q1,110
F0181,2023Q2,74
F0181,2023Q3,52
F0181,2023Q4,64
F0181,2024Q1,155
F0181,2024Q2,125
F0181,2024Q3,112
F0181,2024Q4,157
F0181,2025Q1,162
F0181,2025Q2,165
F0181,2025Q3,89
F0181,2025Q4,2
F0181,2026Q1,1
F0181,2026Q2,1
F0182,2021Q3,106
F0182,2021Q4,123
F0182,2022Q1,130
F0182,2022Q2,98
F0182,2022Q3,102
F0182,2022Q4,117
F0182,2023Q1,125
F0182,2023Q2,108
F0182,2023Q3,117
F0182,2023Q4,122
F0182,2024Q1,111
F0182,2024Q2,58
F0182,2024Q3,58
F0182,2024Q4,68
F0182,2025Q1,72
F0182,2025Q2,48
F0182,2025Q3,86
F0182,2025Q4,213
F0182,2026Q1,258
F0182,2026Q2,234
F0183,2021Q3,27
F0183,2021Q4,24
F0183,2022Q1,32
F0183,2022Q2,28
F0183,2022Q3,35
F0183,2022Q4,24
F0183,2023Q1,45
F0183,2023Q2,29
F0183,2023Q3,27
F0183,2023Q4,29
F0183,2024Q1,55
F0183,2024Q2,29
F0183,2024Q3,33
F0183,2024Q4,35
F0183,2025Q1,58
F0183,2025Q2,57
F0183,2025Q3,31
F0183,2025Q4,18
F0183,2026Q1,31
F0183,2026Q2,20
F0184,2021Q3,51
F0184,2021Q4,76
F0184,2022Q1,94
F0184,2022Q2,76
F0184,2022Q3,86
F0184,2022Q4,89
F0184,2023Q1,107
F0184,2023Q2,77
F0184,2023Q3,67
F0184,2023Q4,108
F0184,2024Q1,159
F0184,2024Q2,124
F0184,2024Q3,124
F0184,2024Q4,144
F0184,2025Q1,221
F0184,2025Q2,157
F0184,2025Q3,164
F0184,2025Q4,238
F0184,2026Q1,363
F0184,2026Q2,248
F0185,2021Q3,69
F0185,2021Q4,51
F0185,2022Q1,74
F0185,2022Q2,52
F0185,2022Q3,45
F0185,2022Q4,59
F0185,2023Q1,102
F0185,2023Q2,48
F0185,2023Q3,53
F0185,2023Q4,51
F0185,2024Q1,72
F0185,2024Q2,59
F0185,2024Q3,47
F0185,2024Q4,55
F0185,2025Q1,74
F0185,2025Q2,71
F0185,2025Q3,66
F0185,2025Q4,87
F0185,2026Q1,121
F0185,2026Q2,80
F0186,2021Q3,71
F0186,2021Q4,82
F0186,2022Q1,132
F0186,2022Q2,92
F0186,2022Q3,65
F0186,2022Q4,83
F0186,2023Q1,127
F0186,2023Q2,84
F0186,2023Q3,103
F0186,2023Q4,103
F0186,2024Q1,91
F0186,2024Q2,69
F0186,2024Q3,84
F0186,2024Q4,63
F0186,2025Q1,96
F0186,2025Q2,50
F0186,2025Q3,74
F0186,2025Q4,123
F0186,2026Q1,117
F0186,2026Q2,92
F0187,2021Q3,30
F0187,2021Q4,32
F0187,2022Q1,45
F0187,2022Q2,30
F0187,2022Q3,35
F0187,2022Q4,42
F0187,2023Q1,46
F0187,2023Q2,33
F0187,2023Q3,21
F0187,2023Q4,29
F0187,2024Q1,42
F0187,2024Q2,22
F0187,2024Q3,28
F0187,2024Q4,25
F0187,2025Q1,46
F0187,2025Q2,21
F0187,2025Q3,39
F0187,2025Q4,55
F0187,2026Q1,77
F0187,2026Q2,60
F0188,2021Q3,14
F0188,2021Q4,9
F0188,2022Q1,25
F0188,2022Q2,4
F0188,2022Q3,11
F0188,2022Q4,15
F0188,2023Q1,31
F0188,2023Q2,11
F0188,2023Q3,10
F0188,2023Q4,7
F0188,2024Q1,37
F0188,2024Q2,35
F0188,2024Q3,34
F0188,2024Q4,35
F0188,2025Q1,68
F0188,2025Q2,48
F0188,2025Q3,28
F0188,2025Q4,27
F0188,2026Q1,33
F0188,2026Q2,23
F0189,2021Q3,20
F0189,2021Q4,30
F0189,2022Q1,42
F0189,2022Q2,21
F0189,2022Q3,10
F0189,2022Q4,31
F0189,2023Q1,47
F0189,2023Q2,30
F0189,2023Q3,15
F0189,2023Q4,16
F0189,2024Q1,27
F0189,2024Q2,20
F0189,2024Q3,11
F0189,2024Q4,30
F0189,2025Q1,29
F0189,2025Q2,13
F0189,2025Q3,18
F0189,2025Q4,44
F0189,2026Q1,56
F0189,2026Q2,54
F0190,2021Q3,241
F0190,2021Q4,299
F0190,2022Q1,348
F0190,2022Q2,271
F0190,2022Q3,284
F0190,2022Q4,323
F0190,2023Q1,477
F0190,2023Q2,338
F0190,2023Q3,314
F0190,2023Q4,370
F0190,2024Q1,554
F0190,2024Q2,386
F0190,2024Q3,359
F0190,2024Q4,405
F0190,2025Q1,594
F0190,2025Q2,488
F0190,2025Q3,457
F0190,2025Q4,577
F0190,2026Q1,739
F0190,2026Q2,618
F0191,2021Q3,67
F0191,2021Q4,63
F0191,2022Q1,67
F0191,2022Q2,70
F0191,2022Q3,60
F0191,2022Q4,80
F0191,2023Q1,62
F0191,2023Q2,59
F0191,2023Q3,56
F0191,2023Q4,59
F0191,2024Q1,62
F0191,2024Q2,56
F0191,2024Q3,77
F0191,2024Q4,69
F0191,2025Q1,85
F0191,2025Q2,64
F0191,2025Q3,70
F0191,2025Q4,136
F0191,2026Q1,166
F0191,2026Q2,173
F0192,2021Q3,131
F0192,2021Q4,136
F0192,2022Q1,207
F0192,2022Q2,158
F0192,2022Q3,141
F0192,2022Q4,167
F0192,2023Q1,197
F0192,2023Q2,128
F0192,2023Q3,127
F0192,2023Q4,146
F0192,2024Q1,236
F0192,2024Q2,220
F0192,2024Q3,172
F0192,2024Q4,247
F0192,2025Q1,247
F0192,2025Q2,216
F0192,2025Q3,154
F0192,2025Q4,32
F0192,2026Q1,39
F0192,2026Q2,15
F0193,2021Q3,110
F0193,2021Q4,112
F0193,2022Q1,135
F0193,2022Q2,95
F0193,2022Q3,122
F0193,2022Q4,123
F0193,2023Q1,150
F0193,2023Q2,115
F0193,2023Q3,112
F0193,2023Q4,100
F0193,2024Q1,142
F0193,2024Q2,125
F0193,2024Q3,122
F0193,2024Q4,114
F0193,2025Q1,149
F0193,2025Q2,121
F0193,2025Q3,142
F0193,2025Q4,199
F0193,2026Q1,208
F0193,2026Q2,204
F0194,2021Q3,14
F0194,2021Q4,14
F0194,2022Q1,20
F0194,2022Q2,20
F0194,2022Q3,18
F0194,2022Q4,18
F0194,2023Q1,29
F0194,2023Q2,7
F0194,2023Q3,17
F0194,2023Q4,16
F0194,2024Q1,50
F0194,2024Q2,42
F0194,2024Q3,46
F0194,2024Q4,47
F0194,2025Q1,79
F0194,2025Q2,49
F0194,2025Q3,43
F0194,2025Q4,71
F0194,2026Q1,156
F0194,2026Q2,205
F0195,2021Q3,74
F0195,2021Q4,102
F0195,2022Q1,146
F0195,2022Q2,66
F0195,2022Q3,73
F0195,2022Q4,85
F0195,2023Q1,136
F0195,2023Q2,81
F0195,2023Q3,83
F0195,2023Q4,84
F0195,2024Q1,120
F0195,2024Q2,71
F0195,2024Q3,63
F0195,2024Q4,93
F0195,2025Q1,112
F0195,2025Q2,105
F0195,2025Q3,88
F0195,2025Q4,62
F0195,2026Q1,117
F0195,2026Q2,72
F0196,2021Q3,7
F0196,2021Q4,6
F0196,2022Q1,10
F0196,2022Q2,3
F0196,2022Q3,7
F0196,2022Q4,4
F0196,2023Q1,14
F0196,2023Q2,9
F0196,2023Q3,9
F0196,2023Q4,7
F0196,2024Q1,34
F0196,2024Q2,18
F0196,2024Q3,32
F0196,2024Q4,29
F0196,2025Q1,50
F0196,2025Q2,40
F0196,2025Q3,31
F0196,2025Q4,14
F0196,2026Q1,33
F0196,2026Q2,20
F0197,2021Q3,19
F0197,2021Q4,25
F0197,2022Q1,41
F0197,2022Q2,25
F0197,2022Q3,18
F0197,2022Q4,30
F0197,2023Q1,39
F0197,2023Q2,20
F0197,2023Q3,23
F0197,2023Q4,17
F0197,2024Q1,48
F0197,2024Q2,20
F0197,2024Q3,22
F0197,2024Q4,26
F0197,2025Q1,39
F0197,2025Q2,36
F0197,2025Q3,24
F0197,2025Q4,41
F0197,2026Q1,40
F0197,2026Q2,29
F0198,2021Q3,87
F0198,2021Q4,111
F0198,2022Q1,121
F0198,2022Q2,86
F0198,2022Q3,89
F0198,2022Q4,101
F0198,2023Q1,162
F0198,2023Q2,113
F0198,2023Q3,113
F0198,2023Q4,108
F0198,2024Q1,166
F0198,2024Q2,85
F0198,2024Q3,76
F0198,2024Q4,100
F0198,2025Q1,111
F0198,2025Q2,80
F0198,2025Q3,107
F0198,2025Q4,173
F0198,2026Q1,213
F0198,2026Q2,151
F0199,2021Q3,176
F0199,2021Q4,163
F0199,2022Q1,221
F0199,2022Q2,178
F0199,2022Q3,204
F0199,2022Q4,212
F0199,2023Q1,270
F0199,2023Q2,213
F0199,2023Q3,190
F0199,2023Q4,231
F0199,2024Q1,238
F0199,2024Q2,193
F0199,2024Q3,164
F0199,2024Q4,163
F0199,2025Q1,226
F0199,2025Q2,167
F0199,2025Q3,186
F0199,2025Q4,409
F0199,2026Q1,445
F0199,2026Q2,325
F0200,2021Q3,2
F0200,2021Q4,6
F0200,2022Q1,9
F0200,2022Q2,13
F0200,2022Q3,9
F0200,2022Q4,8
F0200,2023Q1,10
F0200,2023Q2,5
F0200,2023Q3,9
F0200,2023Q4,12
F0200,2024Q1,14
F0200,2024Q2,10
F0200,2024Q3,9
F0200,2024Q4,16
F0200,2025Q1,11
F0200,2025Q2,4
F0200,2025Q3,10
F0200,2025Q4,2
F0200,2026Q1,6
F0200,2026Q2,3
F0201,2021Q3,62
F0201,2021Q4,60
F0201,2022Q1,92
F0201,2022Q2,76
F0201,2022Q3,69
F0201,2022Q4,80
F0201,2023Q1,101
F0201,2023Q2,94
F0201,2023Q3,64
F0201,2023Q4,88
F0201,2024Q1,65
F0201,2024Q2,45
F0201,2024Q3,50
F0201,2024Q4,58
F0201,2025Q1,124
F0201,2025Q2,44
F0201,2025Q3,99
F0201,2025Q4,247
F0201,2026Q1,333
F0201,2026Q2,261
F0202,2021Q3,65
F0202,2021Q4,73
F0202,2022Q1,100
F0202,2022Q2,78
F0202,2022Q3,66
F0202,2022Q4,91
F0202,2023Q1,126
F0202,2023Q2,71
F0202,2023Q3,88
F0202,2023Q4,65
F0202,2024Q1,119
F0202,2024Q2,88
F0202,2024Q3,78
F0202,2024Q4,98
F0202,2025Q1,162
F0202,2025Q2,94
F0202,2025Q3,123
F0202,2025Q4,208
F0202,2026Q1,335
F0202,2026Q2,260
F0203,2021Q3,81
F0203,2021Q4,94
F0203,2022Q1,132
F0203,2022Q2,99
F0203,2022Q3,70
F0203,2022Q4,77
F0203,2023Q1,123
F0203,2023Q2,98
F0203,2023Q3,73
F0203,2023Q4,77
F0203,2024Q1,86
F0203,2024Q2,67
F0203,2024Q3,64
F0203,2024Q4,46
F0203,2025Q1,101
F0203,2025Q2,56
F0203,2025Q3,67
F0203,2025Q4,128
F0203,2026Q1,205
F0203,2026Q2,165
F0204,2021Q3,43
F0204,2021Q4,47
F0204,2022Q1,51
F0204,2022Q2,48
F0204,2022Q3,31
F0204,2022Q4,37
F0204,2023Q1,66
F0204,2023Q2,44
F0204,2023Q3,54
F0204,2023Q4,47
F0204,2024Q1,153
F0204,2024Q2,150
F0204,2024Q3,122
F0204,2024Q4,167
F0204,2025Q1,235
F0204,2025Q2,187
F0204,2025Q3,137
F0204,2025Q4,54
F0204,2026Q1,87
F0204,2026Q2,65
F0205,2021Q3,24
F0205,2021Q4,30
F0205,2022Q1,57
F0205,2022Q2,36
F0205,2022Q3,32
F0205,2022Q4,33
F0205,2023Q1,39
F0205,2023Q2,29
F0205,2023Q3,44
F0205,2023Q4,35
F0205,2024Q1,53
F0205,2024Q2,49
F0205,2024Q3,39
F0205,2024Q4,52
F0205,2025Q1,59
F0205,2025Q2,40
F0205,2025Q3,42
F0205,2025Q4,53
F0205,2026Q1,73
F0205,2026Q2,37
F0206,2021Q3,87
F0206,2021Q4,84
F0206,2022Q1,155
F0206,2022Q2,112
F0206,2022Q3,96
F0206,2022Q4,110
F0206,2023Q1,121
F0206,2023Q2,99
F0206,2023Q3,91
F0206,2023Q4,92
F0206,2024Q1,127
F0206,2024Q2,80
F0206,2024Q3,87
F0206,2024Q4,83
F0206,2025Q1,111
F0206,2025Q2,73
F0206,2025Q3,98
F0206,2025Q4,178
F0206,2026Q1,222
F0206,2026Q2,136
F0207,2021Q3,180
F0207,2021Q4,231
F0207,2022Q1,219
F0207,2022Q2,176
F0207,2022Q3,191
F0207,2022Q4,277
F0207,2023Q1,233
F0207,2023Q2,224
F0207,2023Q3,183
F0207,2023Q4,236
F0207,2024Q1,282
F0207,2024Q2,247
F0207,2024Q3,244
F0207,2024Q4,291
F0207,2025Q1,247
F0207,2025Q2,206
F0207,2025Q3,131
F0207,2025Q4,2
F0207,2026Q1,1
F0207,2026Q2,1
F0208,2021Q3,113
F0208,2021Q4,165
F0208,2022Q1,228
F0208,2022Q2,149
F0208,2022Q3,150
F0208,2022Q4,190
F0208,2023Q1,322
F0208,2023Q2,198
F0208,2023Q3,191
F0208,2023Q4,235
F0208,2024Q1,328
F0208,2024Q2,209
F0208,2024Q3,247
F0208,2024Q4,253
F0208,2025Q1,402
F0208,2025Q2,307
F0208,2025Q3,367
F0208,2025Q4,453
F0208,2026Q1,578
F0208,2026Q2,356
F0209,2021Q3,49
F0209,2021Q4,42
F0209,2022Q1,45
F0209,2022Q2,32
F0209,2022Q3,26
F0209,2022Q4,47
F0209,2023Q1,79
F0209,2023Q2,48
F0209,2023Q3,26
F0209,2023Q4,37
F0209,2024Q1,103
F0209,2024Q2,71
F0209,2024Q3,55
F0209,2024Q4,100
F0209,2025Q1,121
F0209,2025Q2,86
F0209,2025Q3,52
F0209,2025Q4,8
F0209,2026Q1,19
F0209,2026Q2,16
F0210,2021Q3,52
F0210,2021Q4,52
F0210,2022Q1,74
F0210,2022Q2,55
F0210,2022Q3,56
F0210,2022Q4,55
F0210,2023Q1,111
F0210,2023Q2,66
F0210,2023Q3,68
F0210,2023Q4,100
F0210,2024Q1,135
F0210,2024Q2,124
F0210,2024Q3,96
F0210,2024Q4,115
F0210,2025Q1,237
F0210,2025Q2,190
F0210,2025Q3,216
F0210,2025Q4,361
F0210,2026Q1,507
F0210,2026Q2,433
F0211,2021Q3,54
F0211,2021Q4,44
F0211,2022Q1,52
F0211,2022Q2,33
F0211,2022Q3,42
F0211,2022Q4,38
F0211,2023Q1,48
F0211,2023Q2,35
F0211,2023Q3,47
F0211,2023Q4,43
F0211,2024Q1,50
F0211,2024Q2,42
F0211,2024Q3,49
F0211,2024Q4,31
F0211,2025Q1,80
F0211,2025Q2,40
F0211,2025Q3,56
F0211,2025Q4,143
F0211,2026Q1,177
F0211,2026Q2,172
F0212,2021Q3,15
F0212,2021Q4,14
F0212,2022Q1,30
F0212,2022Q2,14
F0212,2022Q3,24
F0212,2022Q4,24
F0212,2023Q1,28
F0212,2023Q2,20
F0212,2023Q3,26
F0212,2023Q4,20
F0212,2024Q1,31
F0212,2024Q2,17
F0212,2024Q3,23
F0212,2024Q4,29
F0212,2025Q1,48
F0212,2025Q2,44
F0212,2025Q3,36
F0212,2025Q4,73
F0212,2026Q1,105
F0212,2026Q2,59
F0213,2021Q3,51
F0213,2021Q4,60
F0213,2022Q1,81
F0213,2022Q2,63
F0213,2022Q3,55
F0213,2022Q4,68
F0213,2023Q1,121
F0213,2023Q2,72
F0213,2023Q3,66
F0213,2023Q4,79
F0213,2024Q1,116
F0213,2024Q2,64
F0213,2024Q3,54
F0213,2024Q4,87
F0213,2025Q1,120
F0213,2025Q2,99
F0213,2025Q3,154
F0213,2025Q4,270
F0213,2026Q1,415
F0213,2026Q2,413
F0214,2021Q3,66
F0214,2021Q4,73
F0214,2022Q1,120
F0214,2022Q2,67
F0214,2022Q3,61
F0214,2022Q4,84
F0214,2023Q1,146
F0214,2023Q2,75
F0214,2023Q3,71
F0214,2023Q4,88
F0214,2024Q1,150
F0214,2024Q2,75
F0214,2024Q3,66
F0214,2024Q4,62
F0214,2025Q1,100
F0214,2025Q2,78
F0214,2025Q3,70
F0214,2025Q4,138
F0214,2026Q1,181
F0214,2026Q2,109
F0215,2021Q3,18
F0215,2021Q4,29
F0215,2022Q1,38
F0215,2022Q2,23
F0215,2022Q3,20
F0215,2022Q4,30
F0215,2023Q1,39
F0215,2023Q2,32
F0215,2023Q3,22
F0215,2023Q4,27
F0215,2024Q1,33
F0215,2024Q2,12
F0215,2024Q3,16
F0215,2024Q4,17
F0215,2025Q1,31
F0215,2025Q2,9
F0215,2025Q3,31
F0215,2025Q4,83
F0215,2026Q1,114
F0215,2026Q2,85
F0216,2021Q3,50
F0216,2021Q4,63
F0216,2022Q1,101
F0216,2022Q2,62
F0216,2022Q3,64
F0216,2022Q4,61
F0216,2023Q1,130
F0216,2023Q2,47
F0216,2023Q3,51
F0216,2023Q4,56
F0216,2024Q1,171
F0216,2024Q2,102
F0216,2024Q3,97
F0216,2024Q4,109
F0216,2025Q1,222
F0216,2025Q2,132
F0216,2025Q3,101
F0216,2025Q4,80
F0216,2026Q1,114
F0216,2026Q2,84
F0217,2021Q3,41
F0217,2021Q4,56
F0217,2022Q1,83
F0217,2022Q2,49
F0217,2022Q3,54
F0217,2022Q4,79
F0217,2023Q1,113
F0217,2023Q2,72
F0217,2023Q3,62
F0217,2023Q4,76
F0217,2024Q1,92
F0217,2024Q2,76
F0217,2024Q3,90
F0217,2024Q4,75
F0217,2025Q1,162
F0217,2025Q2,121
F0217,2025Q3,108
F0217,2025Q4,212
F0217,2026Q1,257
F0217,2026Q2,247
F0218,2021Q3,28
F0218,2021Q4,42
F0218,2022Q1,46
F0218,2022Q2,34
F0218,2022Q3,28
F0218,2022Q4,31
F0218,2023Q1,54
F0218,2023Q2,32
F0218,2023Q3,27
F0218,2023Q4,30
F0218,2024Q1,58
F0218,2024Q2,19
F0218,2024Q3,45
F0218,2024Q4,50
F0218,2025Q1,68
F0218,2025Q2,53
F0218,2025Q3,46
F0218,2025Q4,50
F0218,2026Q1,78
F0218,2026Q2,66
F0219,2021Q3,19
F0219,2021Q4,20
F0219,2022Q1,32
F0219,2022Q2,21
F0219,2022Q3,27
F0219,2022Q4,16
F0219,2023Q1,34
F0219,2023Q2,24
F0219,2023Q3,19
F0219,2023Q4,19
F0219,2024Q1,36
F0219,2024Q2,11
F0219,2024Q3,30
F0219,2024Q4,18
F0219,2025Q1,31
F0219,2025Q2,24
F0219,2025Q3,19
F0219,2025Q4,23
F0219,2026Q1,27
F0219,2026Q2,12
F0220,2021Q3,50
F0220,2021Q4,49
F0220,2022Q1,82
F0220,2022Q2,49
F0220,2022Q3,41
F0220,2022Q4,51
F0220,2023Q1,100
F0220,2023Q2,55
F0220,2023Q3,48
F0220,2023Q4,51
F0220,2024Q1,107
F0220,2024Q2,57
F0220,2024Q3,62
F0220,2024Q4,62
F0220,2025Q1,96
F0220,2025Q2,69
F0220,2025Q3,54
F0220,2025Q4,15
F0220,2026Q1,18
F0220,2026Q2,20
F0221,2021Q3,87
F0221,2021Q4,102
F0221,2022Q1,127
F0221,2022Q2,102
F0221,2022Q3,81
F0221,2022Q4,90
F0221,2023Q1,168
F0221,2023Q2,116
F0221,2023Q3,90
F0221,2023Q4,112
F0221,2024Q1,163
F0221,2024Q2,135
F0221,2024Q3,136
F0221,2024Q4,150
F0221,2025Q1,192
F0221,2025Q2,125
F0221,2025Q3,157
F0221,2025Q4,250
F0221,2026Q1,276
F0221,2026Q2,198
F0222,2021Q3,50
F0222,2021Q4,34
F0222,2022Q1,47
F0222,2022Q2,28
F0222,2022Q3,35
F0222,2022Q4,29
F0222,2023Q1,63
F0222,2023Q2,51
F0222,2023Q3,37
F0222,2023Q4,44
F0222,2024Q1,58
F0222,2024Q2,37
F0222,2024Q3,39
F0222,2024Q4,27
F0222,2025Q1,73
F0222,2025Q2,51
F0222,2025Q3,49
F0222,2025Q4,79
F0222,2026Q1,105
F0222,2026Q2,65
F0223,2021Q3,18
F0223,2021Q4,12
F0223,2022Q1,32
F0223,2022Q2,12
F0223,2022Q3,16
F0223,2022Q4,18
F0223,2023Q1,34
F0223,2023Q2,17
F0223,2023Q3,10
F0223,2023Q4,25
F0223,2024Q1,58
F0223,2024Q2,8
F0223,2024Q3,21
F0223,2024Q4,25
F0223,2025Q1,35
F0223,2025Q2,30
F0223,2025Q3,20
F0223,2025Q4,0
F0223,2026Q1,0
F0223,2026Q2,0
F0224,2021Q3,80
F0224,2021Q4,104
F0224,2022Q1,135
F0224,2022Q2,79
F0224,2022Q3,84
F0224,2022Q4,135
F0224,2023Q1,126
F0224,2023Q2,100
F0224,2023Q3,99
F0224,2023Q4,99
F0224,2024Q1,155
F0224,2024Q2,130
F0224,2024Q3,93
F0224,2024Q4,112
F0224,2025Q1,200
F0224,2025Q2,132
F0224,2025Q3,117
F0224,2025Q4,236
F0224,2026Q1,318
F0224,2026Q2,273
F0225,2021Q3,37
F0225,2021Q4,44
F0225,2022Q1,63
F0225,2022Q2,29
F0225,2022Q3,37
F0225,2022Q4,45
F0225,2023Q1,79
F0225,2023Q2,36
F0225,2023Q3,48
F0225,2023Q4,50
F0225,2024Q1,88
F0225,2024Q2,44
F0225,2024Q3,35
F0225,2024Q4,58
F0225,2025Q1,81
F0225,2025Q2,44
F0225,2025Q3,45
F0225,2025Q4,42
F0225,2026Q1,49
F0225,2026Q2,33
F0226,2021Q3,65
F0226,2021Q4,69
F0226,2022Q1,116
F0226,2022Q2,91
F0226,2022Q3,81
F0226,2022Q4,97
F0226,2023Q1,164
F0226,2023Q2,83
F0226,2023Q3,97
F0226,2023Q4,102
F0226,2024Q1,182
F0226,2024Q2,118
F0226,2024Q3,101
F0226,2024Q4,120
F0226,2025Q1,228
F0226,2025Q2,154
F0226,2025Q3,149
F0226,2025Q4,207
F0226,2026Q1,341
F0226,2026Q2,177
F0227,2021Q3,40
F0227,2021Q4,56
F0227,2022Q1,78
F0227,2022Q2,49
F0227,2022Q3,55
F0227,2022Q4,66
F0227,2023Q1,111
F0227,2023Q2,47
F0227,2023Q3,51
F0227,2023Q4,57
F0227,2024Q1,98
F0227,2024Q2,97
F0227,2024Q3,89
F0227,2024Q4,97
F0227,2025Q1,120
F0227,2025Q2,116
F0227,2025Q3,84
F0227,2025Q4,22
F0227,2026Q1,30
F0227,2026Q2,16
F0228,2021Q3,40
F0228,2021Q4,52
F0228,2022Q1,73
F0228,2022Q2,53
F0228,2022Q3,36
F0228,2022Q4,52
F0228,2023Q1,90
F0228,2023Q2,55
F0228,2023Q3,48
F0228,2023Q4,54
F0228,2024Q1,106
F0228,2024Q2,64
F0228,2024Q3,68
F0228,2024Q4,79
F0228,2025Q1,108
F0228,2025Q2,73
F0228,2025Q3,90
F0228,2025Q4,143
F0228,2026Q1,203
F0228,2026Q2,150
F0229,2021Q3,50
F0229,2021Q4,75
F0229,2022Q1,93
F0229,2022Q2,66
F0229,2022Q3,71
F0229,2022Q4,68
F0229,2023Q1,126
F0229,2023Q2,58
F0229,2023Q3,56
F0229,2023Q4,74
F0229,2024Q1,236
F0229,2024Q2,163
F0229,2024Q3,206
F0229,2024Q4,242
F0229,2025Q1,336
F0229,2025Q2,247
F0229,2025Q3,188
F0229,2025Q4,95
F0229,2026Q1,107
F0229,2026Q2,77
F0230,2021Q3,325
F0230,2021Q4,332
F0230,2022Q1,454
F0230,2022Q2,287
F0230,2022Q3,311
F0230,2022Q4,365
F0230,2023Q1,628
F0230,2023Q2,381
F0230,2023Q3,358
F0230,2023Q4,394
F0230,2024Q1,560
F0230,2024Q2,367
F0230,2024Q3,343
F0230,2024Q4,365
F0230,2025Q1,585
F0230,2025Q2,518
F0230,2025Q3,507
F0230,2025Q4,760
F0230,2026Q1,778
F0230,2026Q2,576
F0231,2021Q3,28
F0231,2021Q4,42
F0231,2022Q1,50
F0231,2022Q2,38
F0231,2022Q3,28
F0231,2022Q4,37
F0231,2023Q1,51
F0231,2023Q2,48
F0231,2023Q3,36
F0231,2023Q4,39
F0231,2024Q1,54
F0231,2024Q2,47
F0231,2024Q3,36
F0231,2024Q4,34
F0231,2025Q1,81
F0231,2025Q2,53
F0231,2025Q3,56
F0231,2025Q4,129
F0231,2026Q1,188
F0231,2026Q2,193
F0232,2021Q3,50
F0232,2021Q4,67
F0232,2022Q1,76
F0232,2022Q2,62
F0232,2022Q3,64
F0232,2022Q4,52
F0232,2023Q1,91
F0232,2023Q2,42
F0232,2023Q3,69
F0232,2023Q4,52
F0232,2024Q1,93
F0232,2024Q2,57
F0232,2024Q3,69
F0232,2024Q4,74
F0232,2025Q1,107
F0232,2025Q2,81
F0232,2025Q3,70
F0232,2025Q4,11
F0232,2026Q1,22
F0232,2026Q2,14
F0233,2021Q3,11
F0233,2021Q4,12
F0233,2022Q1,11
F0233,2022Q2,10
F0233,2022Q3,8
F0233,2022Q4,15
F0233,2023Q1,30
F0233,2023Q2,12
F0233,2023Q3,9
F0233,2023Q4,17
F0233,2024Q1,47
F0233,2024Q2,36
F0233,2024Q3,29
F0233,2024Q4,54
F0233,2025Q1,54
F0233,2025Q2,55
F0233,2025Q3,31
F0233,2025Q4,36
F0233,2026Q1,85
F0233,2026Q2,53
F0234,2021Q3,79
F0234,2021Q4,82
F0234,2022Q1,115
F0234,2022Q2,91
F0234,2022Q3,75
F0234,2022Q4,91
F0234,2023Q1,110
F0234,2023Q2,85
F0234,2023Q3,72
F0234,2023Q4,82
F0234,2024Q1,91
F0234,2024Q2,75
F0234,2024Q3,64
F0234,2024Q4,80
F0234,2025Q1,84
F0234,2025Q2,67
F0234,2025Q3,62
F0234,2025Q4,141
F0234,2026Q1,140
F0234,2026Q2,113
F0235,2021Q3,74
F0235,2021Q4,68
F0235,2022Q1,95
F0235,2022Q2,78
F0235,2022Q3,56
F0235,2022Q4,97
F0235,2023Q1,125
F0235,2023Q2,79
F0235,2023Q3,64
F0235,2023Q4,99
F0235,2024Q1,151
F0235,2024Q2,101
F0235,2024Q3,103
F0235,2024Q4,96
F0235,2025Q1,160
F0235,2025Q2,106
F0235,2025Q3,97
F0235,2025Q4,55
F0235,2026Q1,67
F0235,2026Q2,49
F0236,2021Q3,8
F0236,2021Q4,9
F0236,2022Q1,11
F0236,2022Q2,12
F0236,2022Q3,4
F0236,2022Q4,18
F0236,2023Q1,20
F0236,2023Q2,11
F0236,2023Q3,10
F0236,2023Q4,9
F0236,2024Q1,19
F0236,2024Q2,12
F0236,2024Q3,11
F0236,2024Q4,15
F0236,2025Q1,18
F0236,2025Q2,10
F0236,2025Q3,14
F0236,2025Q4,11
F0236,2026Q1,14
F0236,2026Q2,24
F0237,2021Q3,20
F0237,2021Q4,35
F0237,2022Q1,50
F0237,2022Q2,29
F0237,2022Q3,27
F0237,2022Q4,32
F0237,2023Q1,46
F0237,2023Q2,19
F0237,2023Q3,22
F0237,2023Q4,34
F0237,2024Q1,47
F0237,2024Q2,32
F0237,2024Q3,33
F0237,2024Q4,51
F0237,2025Q1,66
F0237,2025Q2,61
F0237,2025Q3,38
F0237,2025Q4,86
F0237,2026Q1,101
F0237,2026Q2,76
F0238,2021Q3,31
F0238,2021Q4,50
F0238,2022Q1,84
F0238,2022Q2,40
F0238,2022Q3,38
F0238,2022Q4,50
F0238,2023Q1,133
F0238,2023Q2,47
F0238,2023Q3,53
F0238,2023Q4,68
F0238,2024Q1,297
F0238,2024Q2,219
F0238,2024Q3,265
F0238,2024Q4,270
F0238,2025Q1,502
F0238,2025Q2,349
F0238,2025Q3,318
F0238,2025Q4,59
F0238,2026Q1,150
F0238,2026Q2,97
F0239,2021Q3,32
F0239,2021Q4,19
F0239,2022Q1,39
F0239,2022Q2,30
F0239,2022Q3,25
F0239,2022Q4,30
F0239,2023Q1,50
F0239,2023Q2,33
F0239,2023Q3,28
F0239,2023Q4,26
F0239,2024Q1,49
F0239,2024Q2,35
F0239,2024Q3,46
F0239,2024Q4,49
F0239,2025Q1,57
F0239,2025Q2,41
F0239,2025Q3,40
F0239,2025Q4,15
F0239,2026Q1,16
F0239,2026Q2,11
F0240,2021Q3,49
F0240,2021Q4,50
F0240,2022Q1,100
F0240,2022Q2,36
F0240,2022Q3,45
F0240,2022Q4,66
F0240,2023Q1,87
F0240,2023Q2,47
F0240,2023Q3,57
F0240,2023Q4,53
F0240,2024Q1,94
F0240,2024Q2,52
F0240,2024Q3,60
F0240,2024Q4,74
F0240,2025Q1,95
F0240,2025Q2,60
F0240,2025Q3,51
F0240,2025Q4,57
F0240,2026Q1,65
F0240,2026Q2,41
F0241,2021Q3,82
F0241,2021Q4,112
F0241,2022Q1,139
F0241,2022Q2,96
F0241,2022Q3,77
F0241,2022Q4,103
F0241,2023Q1,142
F0241,2023Q2,71
F0241,2023Q3,78
F0241,2023Q4,81
F0241,2024Q1,123
F0241,2024Q2,85
F0241,2024Q3,55
F0241,2024Q4,64
F0241,2025Q1,133
F0241,2025Q2,76
F0241,2025Q3,100
F0241,2025Q4,121
F0241,2026Q1,229
F0241,2026Q2,157
F0242,2021Q3,68
F0242,2021Q4,56
F0242,2022Q1,102
F0242,2022Q2,70
F0242,2022Q3,66
F0242,2022Q4,76
F0242,2023Q1,94
F0242,2023Q2,89
F0242,2023Q3,60
F0242,2023Q4,62
F0242,2024Q1,68
F0242,2024Q2,63
F0242,2024Q3,54
F0242,2024Q4,61
F0242,2025Q1,78
F0242,2025Q2,51
F0242,2025Q3,48
F0242,2025Q4,104
F0242,2026Q1,121
F0242,2026Q2,73
F0243,2021Q3,67
F0243,2021Q4,88
F0243,2022Q1,152
F0243,2022Q2,90
F0243,2022Q3,90
F0243,2022Q4,90
F0243,2023Q1,131
F0243,2023Q2,82
F0243,2023Q3,99
F0243,2023Q4,84
F0243,2024Q1,140
F0243,2024Q2,99
F0243,2024Q3,81
F0243,2024Q4,80
F0243,2025Q1,159
F0243,2025Q2,122
F0243,2025Q3,142
F0243,2025Q4,291
F0243,2026Q1,440
F0243,2026Q2,360
F0244,2021Q3,13
F0244,2021Q4,16
F0244,2022Q1,26
F0244,2022Q2,18
F0244,2022Q3,14
F0244,2022Q4,21
F0244,2023Q1,18
F0244,2023Q2,24
F0244,2023Q3,20
F0244,2023Q4,17
F0244,2024Q1,47
F0244,2024Q2,30
F0244,2024Q3,37
F0244,2024Q4,34
F0244,2025Q1,45
F0244,2025Q2,48
F0244,2025Q3,28
F0244,2025Q4,2
F0244,2026Q1,5
F0244,2026Q2,4
F0245,2021Q3,88
F0245,2021Q4,124
F0245,2022Q1,166
F0245,2022Q2,95
F0245,2022Q3,127
F0245,2022Q4,128
F0245,2023Q1,221
F0245,2023Q2,129
F0245,2023Q3,144
F0245,2023Q4,136
F0245,2024Q1,170
F0245,2024Q2,108
F0245,2024Q3,73
F0245,2024Q4,90
F0245,2025Q1,137
F0245,2025Q2,74
F0245,2025Q3,69
F0245,2025Q4,112
F0245,2026Q1,148
F0245,2026Q2,97
F0246,2021Q3,92
F0246,2021Q4,76
F0246,2022Q1,103
F0246,2022Q2,74
F0246,2022Q3,95
F0246,2022Q4,126
F0246,2023Q1,133
F0246,2023Q2,111
F0246,2023Q3,102
F0246,2023Q4,107
F0246,2024Q1,131
F0246,2024Q2,90
F0246,2024Q3,94
F0246,2024Q4,113
F0246,2025Q1,176
F0246,2025Q2,136
F0246,2025Q3,123
F0246,2025Q4,340
F0246,2026Q1,341
F0246,2026Q2,254
F0247,2021Q3,49
F0247,2021Q4,52
F0247,2022Q1,103
F0247,2022Q2,47
F0247,2022Q3,59
F0247,2022Q4,60
F0247,2023Q1,103
F0247,2023Q2,52
F0247,2023Q3,77
F0247,2023Q4,56
F0247,2024Q1,123
F0247,2024Q2,104
F0247,2024Q3,97
F0247,2024Q4,82
F0247,2025Q1,135
F0247,2025Q2,116
F0247,2025Q3,86
F0247,2025Q4,31
F0247,2026Q1,36
F0247,2026Q2,26
F0248,2021Q3,22
F0248,2021Q4,37
F0248,2022Q1,59
F0248,2022Q2,44
F0248,2022Q3,36
F0248,2022Q4,59
F0248,2023Q1,67
F0248,2023Q2,45
F0248,2023Q3,43
F0248,2023Q4,55
F0248,2024Q1,152
F0248,2024Q2,119
F0248,2024Q3,114
F0248,2024Q4,137
F0248,2025Q1,195
F0248,2025Q2,167
F0248,2025Q3,128
F0248,2025Q4,86
F0248,2026Q1,150
F0248,2026Q2,113
F0249,2021Q3,51
F0249,2021Q4,56
F0249,2022Q1,88
F0249,2022Q2,51
F0249,2022Q3,60
F0249,2022Q4,87
F0249,2023Q1,102
F0249,2023Q2,78
F0249,2023Q3,67
F0249,2023Q4,73
F0249,2024Q1,95
F0249,2024Q2,64
F0249,2024Q3,47
F0249,2024Q4,76
F0249,2025Q1,89
F0249,2025Q2,67
F0249,2025Q3,79
F0249,2025Q4,191
F0249,2026Q1,236
F0249,2026Q2,149
F0250,2021Q3,18
F0250,2021Q4,15
F0250,2022Q1,34
F0250,2022Q2,18
F0250,2022Q3,11
F0250,2022Q4,18
F0250,2023Q1,30
F0250,2023Q2,21
F0250,2023Q3,18
F0250,2023Q4,21
F0250,2024Q1,26
F0250,2024Q2,11
F0250,2024Q3,13
F0250,2024Q4,18
F0250,2025Q1,28
F0250,2025Q2,34
F0250,2025Q3,26
F0250,2025Q4,74
F0250,2026Q1,58
F0250,2026Q2,51
F0251,2021Q3,46
F0251,2021Q4,58
F0251,2022Q1,67
F0251,2022Q2,50
F0251,2022Q3,43
F0251,2022Q4,48
F0251,2023Q1,75
F0251,2023Q2,63
F0251,2023Q3,51
F0251,2023Q4,52
F0251,2024Q1,145
F0251,2024Q2,104
F0251,2024Q3,115
F0251,2024Q4,119
F0251,2025Q1,227
F0251,2025Q2,131
F0251,2025Q3,118
F0251,2025Q4,88
F0251,2026Q1,152
F0251,2026Q2,108
F0252,2021Q3,68
F0252,2021Q4,85
F0252,2022Q1,109
F0252,2022Q2,84
F0252,2022Q3,92
F0252,2022Q4,106
F0252,2023Q1,131
F0252,2023Q2,92
F0252,2023Q3,77
F0252,2023Q4,106
F0252,2024Q1,104
F0252,2024Q2,85
F0252,2024Q3,91
F0252,2024Q4,78
F0252,2025Q1,159
F0252,2025Q2,88
F0252,2025Q3,181
F0252,2025Q4,529
F0252,2026Q1,781
F0252,2026Q2,633
F0253,2021Q3,185
F0253,2021Q4,218
F0253,2022Q1,293
F0253,2022Q2,197
F0253,2022Q3,227
F0253,2022Q4,212
F0253,2023Q1,302
F0253,2023Q2,266
F0253,2023Q3,235
F0253,2023Q4,262
F0253,2024Q1,335
F0253,2024Q2,268
F0253,2024Q3,255
F0253,2024Q4,274
F0253,2025Q1,385
F0253,2025Q2,268
F0253,2025Q3,282
F0253,2025Q4,510
F0253,2026Q1,714
F0253,2026Q2,483
F0254,2021Q3,13
F0254,2021Q4,21
F0254,2022Q1,26
F0254,2022Q2,36
F0254,2022Q3,28
F0254,2022Q4,35
F0254,2023Q1,40
F0254,2023Q2,25
F0254,2023Q3,21
F0254,2023Q4,32
F0254,2024Q1,21
F0254,2024Q2,23
F0254,2024Q3,13
F0254,2024Q4,21
F0254,2025Q1,15
F0254,2025Q2,11
F0254,2025Q3,10
F0254,2025Q4,0
F0254,2026Q1,0
F0254,2026Q2,0
F0255,2021Q3,50
F0255,2021Q4,57
F0255,2022Q1,84
F0255,2022Q2,37
F0255,2022Q3,59
F0255,2022Q4,57
F0255,2023Q1,89
F0255,2023Q2,59
F0255,2023Q3,66
F0255,2023Q4,63
F0255,2024Q1,110
F0255,2024Q2,99
F0255,2024Q3,82
F0255,2024Q4,114
F0255,2025Q1,115
F0255,2025Q2,96
F0255,2025Q3,45
F0255,2025Q4,1
F0255,2026Q1,1
F0255,2026Q2,2
F0256,2021Q3,95
F0256,2021Q4,134
F0256,2022Q1,133
F0256,2022Q2,106
F0256,2022Q3,118
F0256,2022Q4,127
F0256,2023Q1,172
F0256,2023Q2,111
F0256,2023Q3,128
F0256,2023Q4,117
F0256,2024Q1,104
F0256,2024Q2,61
F0256,2024Q3,76
F0256,2024Q4,67
F0256,2025Q1,122
F0256,2025Q2,57
F0256,2025Q3,73
F0256,2025Q4,160
F0256,2026Q1,225
F0256,2026Q2,101
F0257,2021Q3,53
F0257,2021Q4,48
F0257,2022Q1,59
F0257,2022Q2,53
F0257,2022Q3,47
F0257,2022Q4,56
F0257,2023Q1,81
F0257,2023Q2,42
F0257,2023Q3,43
F0257,2023Q4,44
F0257,2024Q1,69
F0257,2024Q2,35
F0257,2024Q3,36
F0257,2024Q4,32
F0257,2025Q1,75
F0257,2025Q2,37
F0257,2025Q3,43
F0257,2025Q4,117
F0257,2026Q1,158
F0257,2026Q2,121
F0258,2021Q3,39
F0258,2021Q4,35
F0258,2022Q1,42
F0258,2022Q2,53
F0258,2022Q3,43
F0258,2022Q4,34
F0258,2023Q1,48
F0258,2023Q2,48
F0258,2023Q3,31
F0258,2023Q4,34
F0258,2024Q1,44
F0258,2024Q2,32
F0258,2024Q3,29
F0258,2024Q4,43
F0258,2025Q1,41
F0258,2025Q2,33
F0258,2025Q3,35
F0258,2025Q4,54
F0258,2026Q1,63
F0258,2026Q2,56
F0259,2021Q3,98
F0259,2021Q4,91
F0259,2022Q1,95
F0259,2022Q2,102
F0259,2022Q3,109
F0259,2022Q4,113
F0259,2023Q1,292
F0259,2023Q2,117
F0259,2023Q3,86
F0259,2023Q4,110
F0259,2024Q1,219
F0259,2024Q2,165
F0259,2024Q3,156
F0259,2024Q4,188
F0259,2025Q1,272
F0259,2025Q2,184
F0259,2025Q3,169
F0259,2025Q4,134
F0259,2026Q1,201
F0259,2026Q2,156
F0260,2021Q3,51
F0260,2021Q4,72
F0260,2022Q1,108
F0260,2022Q2,89
F0260,2022Q3,66
F0260,2022Q4,88
F0260,2023Q1,129
F0260,2023Q2,76
F0260,2023Q3,69
F0260,2023Q4,75
F0260,2024Q1,130
F0260,2024Q2,87
F0260,2024Q3,91
F0260,2024Q4,86
F0260,2025Q1,113
F0260,2025Q2,92
F0260,2025Q3,96
F0260,2025Q4,108
F0260,2026Q1,114
F0260,2026Q2,116
F0261,2021Q3,92
F0261,2021Q4,111
F0261,2022Q1,139
F0261,2022Q2,109
F0261,2022Q3,106
F0261,2022Q4,131
F0261,2023Q1,218
F0261,2023Q2,118
F0261,2023Q3,111
F0261,2023Q4,135
F0261,2024Q1,344
F0261,2024Q2,250
F0261,2024Q3,274
F0261,2024Q4,323
F0261,2025Q1,338
F0261,2025Q2,319
F0261,2025Q3,212
F0261,2025Q4,4
F0261,2026Q1,0
F0261,2026Q2,0
F0262,2021Q3,27
F0262,2021Q4,29
F0262,2022Q1,52
F0262,2022Q2,34
F0262,2022Q3,20
F0262,2022Q4,33
F0262,2023Q1,67
F0262,2023Q2,32
F0262,2023Q3,31
F0262,2023Q4,36
F0262,2024Q1,73
F0262,2024Q2,35
F0262,2024Q3,30
F0262,2024Q4,35
F0262,2025Q1,79
F0262,2025Q2,32
F0262,2025Q3,34
F0262,2025Q4,17
F0262,2026Q1,25
F0262,2026Q2,15
F0263,2021Q3,9
F0263,2021Q4,9
F0263,2022Q1,26
F0263,2022Q2,18
F0263,2022Q3,15
F0263,2022Q4,12
F0263,2023Q1,20
F0263,2023Q2,9
F0263,2023Q3,11
F0263,2023Q4,19
F0263,2024Q1,9
F0263,2024Q2,8
F0263,2024Q3,7
F0263,2024Q4,13
F0263,2025Q1,15
F0263,2025Q2,7
F0263,2025Q3,6
F0263,2025Q4,5
F0263,2026Q1,8
F0263,2026Q2,2
F0264,2021Q3,7
F0264,2021Q4,21
F0264,2022Q1,25
F0264,2022Q2,8
F0264,2022Q3,13
F0264,2022Q4,19
F0264,2023Q1,25
F0264,2023Q2,17
F0264,2023Q3,21
F0264,2023Q4,23
F0264,2024Q1,64
F0264,2024Q2,38
F0264,2024Q3,47
F0264,2024Q4,62
F0264,2025Q1,97
F0264,2025Q2,54
F0264,2025Q3,60
F0264,2025Q4,54
F0264,2026Q1,112
F0264,2026Q2,73
F0265,2021Q3,23
F0265,2021Q4,26
F0265,2022Q1,42
F0265,2022Q2,28
F0265,2022Q3,21
F0265,2022Q4,32
F0265,2023Q1,55
F0265,2023Q2,26
F0265,2023Q3,20
F0265,2023Q4,27
F0265,2024Q1,77
F0265,2024Q2,52
F0265,2024Q3,46
F0265,2024Q4,78
F0265,2025Q1,78
F0265,2025Q2,70
F0265,2025Q3,63
F0265,2025Q4,42
F0265,2026Q1,62
F0265,2026Q2,48
F0266,2021Q3,66
F0266,2021Q4,112
F0266,2022Q1,141
F0266,2022Q2,97
F0266,2022Q3,108
F0266,2022Q4,89
F0266,2023Q1,163
F0266,2023Q2,91
F0266,2023Q3,98
F0266,2023Q4,104
F0266,2024Q1,179
F0266,2024Q2,98
F0266,2024Q3,118
F0266,2024Q4,133
F0266,2025Q1,193
F0266,2025Q2,113
F0266,2025Q3,157
F0266,2025Q4,167
F0266,2026Q1,218
F0266,2026Q2,173
F0267,2021Q3,126
F0267,2021Q4,123
F0267,2022Q1,150
F0267,2022Q2,120
F0267,2022Q3,126
F0267,2022Q4,117
F0267,2023Q1,180
F0267,2023Q2,99
F0267,2023Q3,101
F0267,2023Q4,111
F0267,2024Q1,104
F0267,2024Q2,61
F0267,2024Q3,51
F0267,2024Q4,54
F0267,2025Q1,79
F0267,2025Q2,45
F0267,2025Q3,52
F0267,2025Q4,150
F0267,2026Q1,162
F0267,2026Q2,115
F0268,2021Q3,23
F0268,2021Q4,23
F0268,2022Q1,36
F0268,2022Q2,28
F0268,2022Q3,21
F0268,2022Q4,20
F0268,2023Q1,32
F0268,2023Q2,20
F0268,2023Q3,15
F0268,2023Q4,16
F0268,2024Q1,32
F0268,2024Q2,17
F0268,2024Q3,28
F0268,2024Q4,31
F0268,2025Q1,38
F0268,2025Q2,18
F0268,2025Q3,18
F0268,2025Q4,29
F0268,2026Q1,37
F0268,2026Q2,37
F0269,2021Q3,113
F0269,2021Q4,128
F0269,2022Q1,181
F0269,2022Q2,107
F0269,2022Q3,121
F0269,2022Q4,135
F0269,2023Q1,173
F0269,2023Q2,130
F0269,2023Q3,144
F0269,2023Q4,141
F0269,2024Q1,178
F0269,2024Q2,119
F0269,2024Q3,116
F0269,2024Q4,102
F0269,2025Q1,166
F0269,2025Q2,115
F0269,2025Q3,166
F0269,2025Q4,364
F0269,2026Q1,455
F0269,2026Q2,341
F0270,2021Q3,172
F0270,2021Q4,184
F0270,2022Q1,287
F0270,2022Q2,183
F0270,2022Q3,224
F0270,2022Q4,199
F0270,2023Q1,269
F0270,2023Q2,233
F0270,2023Q3,209
F0270,2023Q4,215
F0270,2024Q1,322
F0270,2024Q2,236
F0270,2024Q3,230
F0270,2024Q4,248
F0270,2025Q1,373
F0270,2025Q2,271
F0270,2025Q3,243
F0270,2025Q4,295
F0270,2026Q1,471
F0270,2026Q2,334
F0271,2021Q3,280
F0271,2021Q4,278
F0271,2022Q1,347
F0271,2022Q2,294
F0271,2022Q3,263
F0271,2022Q4,358
F0271,2023Q1,490
F0271,2023Q2,355
F0271,2023Q3,315
F0271,2023Q4,389
F0271,2024Q1,641
F0271,2024Q2,408
F0271,2024Q3,512
F0271,2024Q4,543
F0271,2025Q1,770
F0271,2025Q2,520
F0271,2025Q3,555
F0271,2025Q4,674
F0271,2026Q1,945
F0271,2026Q2,780
F0272,2021Q3,4
F0272,2021Q4,5
F0272,2022Q1,4
F0272,2022Q2,4
F0272,2022Q3,3
F0272,2022Q4,3
F0272,2023Q1,13
F0272,2023Q2,8
F0272,2023Q3,1
F0272,2023Q4,3
F0272,2024Q1,13
F0272,2024Q2,0
F0272,2024Q3,8
F0272,2024Q4,5
F0272,2025Q1,26
F0272,2025Q2,8
F0272,2025Q3,10
F0272,2025Q4,8
F0272,2026Q1,48
F0272,2026Q2,9
F0273,2021Q3,104
F0273,2021Q4,91
F0273,2022Q1,114
F0273,2022Q2,107
F0273,2022Q3,79
F0273,2022Q4,110
F0273,2023Q1,138
F0273,2023Q2,107
F0273,2023Q3,106
F0273,2023Q4,92
F0273,2024Q1,136
F0273,2024Q2,99
F0273,2024Q3,75
F0273,2024Q4,97
F0273,2025Q1,121
F0273,2025Q2,87
F0273,2025Q3,92
F0273,2025Q4,158
F0273,2026Q1,183
F0273,2026Q2,170
F0274,2021Q3,53
F0274,2021Q4,48
F0274,2022Q1,84
F0274,2022Q2,54
F0274,2022Q3,57
F0274,2022Q4,57
F0274,2023Q1,92
F0274,2023Q2,55
F0274,2023Q3,54
F0274,2023Q4,71
F0274,2024Q1,76
F0274,2024Q2,54
F0274,2024Q3,51
F0274,2024Q4,59
F0274,2025Q1,86
F0274,2025Q2,40
F0274,2025Q3,59
F0274,2025Q4,63
F0274,2026Q1,91
F0274,2026Q2,61
F0275,2021Q3,37
F0275,2021Q4,31
F0275,2022Q1,83
F0275,2022Q2,22
F0275,2022Q3,28
F0275,2022Q4,33
F0275,2023Q1,104
F0275,2023Q2,21
F0275,2023Q3,36
F0275,2023Q4,44
F0275,2024Q1,169
F0275,2024Q2,100
F0275,2024Q3,135
F0275,2024Q4,151
F0275,2025Q1,258
F0275,2025Q2,191
F0275,2025Q3,141
F0275,2025Q4,79
F0275,2026Q1,183
F0275,2026Q2,154
F0276,2021Q3,32
F0276,2021Q4,48
F0276,2022Q1,59
F0276,2022Q2,53
F0276,2022Q3,36
F0276,2022Q4,45
F0276,2023Q1,91
F0276,2023Q2,58
F0276,2023Q3,46
F0276,2023Q4,50
F0276,2024Q1,115
F0276,2024Q2,107
F0276,2024Q3,73
F0276,2024Q4,138
F0276,2025Q1,142
F0276,2025Q2,116
F0276,2025Q3,75
F0276,2025Q4,7
F0276,2026Q1,10
F0276,2026Q2,8
F0277,2021Q3,8
F0277,2021Q4,22
F0277,2022Q1,23
F0277,2022Q2,16
F0277,2022Q3,11
F0277,2022Q4,18
F0277,2023Q1,27
F0277,2023Q2,18
F0277,2023Q3,18
F0277,2023Q4,22
F0277,2024Q1,21
F0277,2024Q2,13
F0277,2024Q3,12
F0277,2024Q4,8
F0277,2025Q1,33
F0277,2025Q2,20
F0277,2025Q3,16
F0277,2025Q4,65
F0277,2026Q1,88
F0277,2026Q2,70
F0278,2021Q3,30
F0278,2021Q4,31
F0278,2022Q1,38
F0278,2022Q2,25
F0278,2022Q3,15
F0278,2022Q4,26
F0278,2023Q1,40
F0278,2023Q2,25
F0278,2023Q3,29
F0278,2023Q4,25
F0278,2024Q1,35
F0278,2024Q2,31
F0278,2024Q3,36
F0278,2024Q4,28
F0278,2025Q1,54
F0278,2025Q2,37
F0278,2025Q3,32
F0278,2025Q4,48
F0278,2026Q1,60
F0278,2026Q2,52
F0279,2021Q3,46
F0279,2021Q4,53
F0279,2022Q1,60
F0279,2022Q2,34
F0279,2022Q3,46
F0279,2022Q4,48
F0279,2023Q1,58
F0279,2023Q2,45
F0279,2023Q3,35
F0279,2023Q4,46
F0279,2024Q1,48
F0279,2024Q2,34
F0279,2024Q3,32
F0279,2024Q4,37
F0279,2025Q1,59
F0279,2025Q2,41
F0279,2025Q3,49
F0279,2025Q4,91
F0279,2026Q1,116
F0279,2026Q2,85
F0280,2021Q3,37
F0280,2021Q4,33
F0280,2022Q1,57
F0280,2022Q2,34
F0280,2022Q3,40
F0280,2022Q4,36
F0280,2023Q1,51
F0280,2023Q2,34
F0280,2023Q3,27
F0280,2023Q4,43
F0280,2024Q1,75
F0280,2024Q2,30
F0280,2024Q3,39
F0280,2024Q4,53
F0280,2025Q1,56
F0280,2025Q2,52
F0280,2025Q3,37
F0280,2025Q4,64
F0280,2026Q1,67
F0280,2026Q2,44
F0281,2021Q3,55
F0281,2021Q4,73
F0281,2022Q1,80
F0281,2022Q2,56
F0281,2022Q3,48
F0281,2022Q4,87
F0281,2023Q1,78
F0281,2023Q2,63
F0281,2023Q3,61
F0281,2023Q4,71
F0281,2024Q1,85
F0281,2024Q2,57
F0281,2024Q3,60
F0281,2024Q4,46
F0281,2025Q1,44
F0281,2025Q2,46
F0281,2025Q3,34
F0281,2025Q4,9
F0281,2026Q1,12
F0281,2026Q2,7
F0282,2021Q3,49
F0282,2021Q4,54
F0282,2022Q1,83
F0282,2022Q2,40
F0282,2022Q3,57
F0282,2022Q4,56
F0282,2023Q1,79
F0282,2023Q2,57
F0282,2023Q3,56
F0282,2023Q4,54
F0282,2024Q1,56
F0282,2024Q2,60
F0282,2024Q3,51
F0282,2024Q4,52
F0282,2025Q1,55
F0282,2025Q2,52
F0282,2025Q3,43
F0282,2025Q4,56
F0282,2026Q1,51
F0282,2026Q2,35
F0283,2021Q3,38
F0283,2021Q4,29
F0283,2022Q1,54
F0283,2022Q2,26
F0283,2022Q3,35
F0283,2022Q4,21
F0283,2023Q1,77
F0283,2023Q2,30
F0283,2023Q3,38
F0283,2023Q4,44
F0283,2024Q1,86
F0283,2024Q2,89
F0283,2024Q3,90
F0283,2024Q4,73
F0283,2025Q1,130
F0283,2025Q2,84
F0283,2025Q3,99
F0283,2025Q4,106
F0283,2026Q1,129
F0283,2026Q2,118
F0284,2021Q3,75
F0284,2021Q4,85
F0284,2022Q1,142
F0284,2022Q2,75
F0284,2022Q3,69
F0284,2022Q4,95
F0284,2023Q1,153
F0284,2023Q2,105
F0284,2023Q3,89
F0284,2023Q4,105
F0284,2024Q1,179
F0284,2024Q2,100
F0284,2024Q3,91
F0284,2024Q4,118
F0284,2025Q1,213
F0284,2025Q2,151
F0284,2025Q3,149
F0284,2025Q4,188
F0284,2026Q1,247
F0284,2026Q2,157
F0285,2021Q3,32
F0285,2021Q4,30
F0285,2022Q1,40
F0285,2022Q2,31
F0285,2022Q3,25
F0285,2022Q4,24
F0285,2023Q1,48
F0285,2023Q2,34
F0285,2023Q3,36
F0285,2023Q4,35
F0285,2024Q1,47
F0285,2024Q2,27
F0285,2024Q3,23
F0285,2024Q4,30
F0285,2025Q1,33
F0285,2025Q2,19
F0285,2025Q3,27
F0285,2025Q4,35
F0285,2026Q1,34
F0285,2026Q2,35
F0286,2021Q3,202
F0286,2021Q4,213
F0286,2022Q1,313
F0286,2022Q2,206
F0286,2022Q3,198
F0286,2022Q4,253
F0286,2023Q1,385
F0286,2023Q2,244
F0286,2023Q3,204
F0286,2023Q4,244
F0286,2024Q1,461
F0286,2024Q2,274
F0286,2024Q3,271
F0286,2024Q4,280
F0286,2025Q1,472
F0286,2025Q2,378
F0286,2025Q3,431
F0286,2025Q4,610
F0286,2026Q1,699
F0286,2026Q2,483
F0287,2021Q3,78
F0287,2021Q4,98
F0287,2022Q1,141
F0287,2022Q2,80
F0287,2022Q3,76
F0287,2022Q4,83
F0287,2023Q1,194
F0287,2023Q2,70
F0287,2023Q3,75
F0287,2023Q4,112
F0287,2024Q1,217
F0287,2024Q2,139
F0287,2024Q3,136
F0287,2024Q4,171
F0287,2025Q1,268
F0287,2025Q2,178
F0287,2025Q3,139
F0287,2025Q4,98
F0287,2026Q1,163
F0287,2026Q2,78
F0288,2021Q3,33
F0288,2021Q4,37
F0288,2022Q1,58
F0288,2022Q2,26
F0288,2022Q3,33
F0288,2022Q4,57
F0288,2023Q1,67
F0288,2023Q2,45
F0288,2023Q3,30
F0288,2023Q4,47
F0288,2024Q1,62
F0288,2024Q2,37
F0288,2024Q3,51
F0288,2024Q4,51
F0288,2025Q1,46
F0288,2025Q2,42
F0288,2025Q3,43
F0288,2025Q4,63
F0288,2026Q1,99
F0288,2026Q2,98
F0289,2021Q3,42
F0289,2021Q4,33
F0289,2022Q1,71
F0289,2022Q2,30
F0289,2022Q3,44
F0289,2022Q4,54
F0289,2023Q1,72
F0289,2023Q2,68
F0289,2023Q3,67
F0289,2023Q4,79
F0289,2024Q1,78
F0289,2024Q2,72
F0289,2024Q3,55
F0289,2024Q4,79
F0289,2025Q1,111
F0289,2025Q2,85
F0289,2025Q3,76
F0289,2025Q4,153
F0289,2026Q1,208
F0289,2026Q2,145
F0290,2021Q3,42
F0290,2021Q4,48
F0290,2022Q1,47
F0290,2022Q2,25
F0290,2022Q3,20
F0290,2022Q4,33
F0290,2023Q1,43
F0290,2023Q2,29
F0290,2023Q3,44
F0290,2023Q4,41
F0290,2024Q1,59
F0290,2024Q2,42
F0290,2024Q3,23
F0290,2024Q4,42
F0290,2025Q1,63
F0290,2025Q2,45
F0290,2025Q3,37
F0290,2025Q4,100
F0290,2026Q1,107
F0290,2026Q2,113
F0291,2021Q3,90
F0291,2021Q4,75
F0291,2022Q1,85
F0291,2022Q2,74
F0291,2022Q3,87
F0291,2022Q4,72
F0291,2023Q1,89
F0291,2023Q2,86
F0291,2023Q3,92
F0291,2023Q4,82
F0291,2024Q1,100
F0291,2024Q2,76
F0291,2024Q3,64
F0291,2024Q4,99
F0291,2025Q1,102
F0291,2025Q2,98
F0291,2025Q3,113
F0291,2025Q4,162
F0291,2026Q1,235
F0291,2026Q2,185
F0292,2021Q3,9
F0292,2021Q4,5
F0292,2022Q1,11
F0292,2022Q2,4
F0292,2022Q3,6
F0292,2022Q4,10
F0292,2023Q1,16
F0292,2023Q2,7
F0292,2023Q3,3
F0292,2023Q4,5
F0292,2024Q1,17
F0292,2024Q2,18
F0292,2024Q3,12
F0292,2024Q4,20
F0292,2025Q1,29
F0292,2025Q2,21
F0292,2025Q3,14
F0292,2025Q4,21
F0292,2026Q1,39
F0292,2026Q2,26
F0293,2021Q3,64
F0293,2021Q4,80
F0293,2022Q1,118
F0293,2022Q2,74
F0293,2022Q3,76
F0293,2022Q4,79
F0293,2023Q1,145
F0293,2023Q2,97
F0293,2023Q3,88
F0293,2023Q4,113
F0293,2024Q1,97
F0293,2024Q2,87
F0293,2024Q3,77
F0293,2024Q4,78
F0293,2025Q1,137
F0293,2025Q2,106
F0293,2025Q3,118
F0293,2025Q4,137
F0293,2026Q1,158
F0293,2026Q2,116
F0294,2021Q3,41
F0294,2021Q4,27
F0294,2022Q1,21
F0294,2022Q2,23
F0294,2022Q3,24
F0294,2022Q4,23
F0294,2023Q1,29
F0294,2023Q2,24
F0294,2023Q3,25
F0294,2023Q4,19
F0294,2024Q1,22
F0294,2024Q2,48
F0294,2024Q3,31
F0294,2024Q4,28
F0294,2025Q1,37
F0294,2025Q2,17
F0294,2025Q3,32
F0294,2025Q4,49
F0294,2026Q1,72
F0294,2026Q2,68
F0295,2021Q3,30
F0295,2021Q4,45
F0295,2022Q1,58
F0295,2022Q2,31
F0295,2022Q3,22
F0295,2022Q4,37
F0295,2023Q1,50
F0295,2023Q2,37
F0295,2023Q3,21
F0295,2023Q4,35
F0295,2024Q1,58
F0295,2024Q2,38
F0295,2024Q3,34
F0295,2024Q4,22
F0295,2025Q1,52
F0295,2025Q2,31
F0295,2025Q3,32
F0295,2025Q4,44
F0295,2026Q1,67
F0295,2026Q2,37
F0296,2021Q3,31
F0296,2021Q4,31
F0296,2022Q1,47
F0296,2022Q2,37
F0296,2022Q3,29
F0296,2022Q4,52
F0296,2023Q1,62
F0296,2023Q2,31
F0296,2023Q3,41
F0296,2023Q4,42
F0296,2024Q1,49
F0296,2024Q2,31
F0296,2024Q3,41
F0296,2024Q4,44
F0296,2025Q1,74
F0296,2025Q2,37
F0296,2025Q3,33
F0296,2025Q4,92
F0296,2026Q1,131
F0296,2026Q2,79
F0297,2021Q3,111
F0297,2021Q4,133
F0297,2022Q1,180
F0297,2022Q2,126
F0297,2022Q3,127
F0297,2022Q4,133
F0297,2023Q1,288
F0297,2023Q2,155
F0297,2023Q3,149
F0297,2023Q4,172
F0297,2024Q1,228
F0297,2024Q2,129
F0297,2024Q3,126
F0297,2024Q4,129
F0297,2025Q1,190
F0297,2025Q2,129
F0297,2025Q3,157
F0297,2025Q4,328
F0297,2026Q1,373
F0297,2026Q2,297
F0298,2021Q3,55
F0298,2021Q4,59
F0298,2022Q1,109
F0298,2022Q2,54
F0298,2022Q3,60
F0298,2022Q4,49
F0298,2023Q1,96
F0298,2023Q2,76
F0298,2023Q3,57
F0298,2023Q4,56
F0298,2024Q1,90
F0298,2024Q2,62
F0298,2024Q3,57
F0298,2024Q4,55
F0298,2025Q1,101
F0298,2025Q2,63
F0298,2025Q3,85
F0298,2025Q4,100
F0298,2026Q1,162
F0298,2026Q2,94
F0299,2021Q3,29
F0299,2021Q4,31
F0299,2022Q1,35
F0299,2022Q2,28
F0299,2022Q3,18
F0299,2022Q4,32
F0299,2023Q1,43
F0299,2023Q2,22
F0299,2023Q3,26
F0299,2023Q4,40
F0299,2024Q1,41
F0299,2024Q2,29
F0299,2024Q3,25
F0299,2024Q4,22
F0299,2025Q1,43
F0299,2025Q2,33
F0299,2025Q3,40
F0299,2025Q4,70
F0299,2026Q1,84
F0299,2026Q2,64
F0300,2021Q3,92
F0300,2021Q4,95
F0300,2022Q1,229
F0300,2022Q2,106
F0300,2022Q3,120
F0300,2022Q4,115
F0300,2023Q1,250
F0300,2023Q2,123
F0300,2023Q3,120
F0300,2023Q4,126
F0300,2024Q1,249
F0300,2024Q2,139
F0300,2024Q3,115
F0300,2024Q4,128
F0300,2025Q1,241
F0300,2025Q2,118
F0300,2025Q3,156
F0300,2025Q4,255
F0300,2026Q1,331
F0300,2026Q2,205
F0301,2021Q3,84
F0301,2021Q4,99
F0301,2022Q1,150
F0301,2022Q2,94
F0301,2022Q3,91
F0301,2022Q4,100
F0301,2023Q1,162
F0301,2023Q2,109
F0301,2023Q3,106
F0301,2023Q4,116
F0301,2024Q1,131
F0301,2024Q2,74
F0301,2024Q3,92
F0301,2024Q4,63
F0301,2025Q1,105
F0301,2025Q2,81
F0301,2025Q3,114
F0301,2025Q4,178
F0301,2026Q1,221
F0301,2026Q2,178
F0302,2021Q3,28
F0302,2021Q4,28
F0302,2022Q1,52
F0302,2022Q2,45
F0302,2022Q3,39
F0302,2022Q4,26
F0302,2023Q1,66
F0302,2023Q2,29
F0302,2023Q3,27
F0302,2023Q4,46
F0302,2024Q1,66
F0302,2024Q2,45
F0302,2024Q3,54
F0302,2024Q4,54
F0302,2025Q1,72
F0302,2025Q2,62
F0302,2025Q3,57
F0302,2025Q4,33
F0302,2026Q1,67
F0302,2026Q2,43
F0303,2021Q3,18
F0303,2021Q4,33
F0303,2022Q1,45
F0303,2022Q2,19
F0303,2022Q3,31
F0303,2022Q4,33
F0303,2023Q1,35
F0303,2023Q2,27
F0303,2023Q3,29
F0303,2023Q4,25
F0303,2024Q1,50
F0303,2024Q2,30
F0303,2024Q3,24
F0303,2024Q4,42
F0303,2025Q1,72
F0303,2025Q2,35
F0303,2025Q3,29
F0303,2025Q4,68
F0303,2026Q1,109
F0303,2026Q2,106
F0304,2021Q3,56
F0304,2021Q4,69
F0304,2022Q1,136
F0304,2022Q2,76
F0304,2022Q3,102
F0304,2022Q4,79
F0304,2023Q1,190
F0304,2023Q2,109
F0304,2023Q3,124
F0304,2023Q4,114
F0304,2024Q1,213
F0304,2024Q2,158
F0304,2024Q3,141
F0304,2024Q4,165
F0304,2025Q1,251
F0304,2025Q2,147
F0304,2025Q3,173
F0304,2025Q4,295
F0304,2026Q1,371
F0304,2026Q2,271
F0305,2021Q3,104
F0305,2021Q4,115
F0305,2022Q1,175
F0305,2022Q2,126
F0305,2022Q3,128
F0305,2022Q4,133
F0305,2023Q1,184
F0305,2023Q2,119
F0305,2023Q3,132
F0305,2023Q4,152
F0305,2024Q1,216
F0305,2024Q2,142
F0305,2024Q3,142
F0305,2024Q4,156
F0305,2025Q1,255
F0305,2025Q2,161
F0305,2025Q3,174
F0305,2025Q4,288
F0305,2026Q1,363
F0305,2026Q2,286
F0306,2021Q3,43
F0306,2021Q4,40
F0306,2022Q1,48
F0306,2022Q2,40
F0306,2022Q3,32
F0306,2022Q4,42
F0306,2023Q1,62
F0306,2023Q2,51
F0306,2023Q3,49
F0306,2023Q4,45
F0306,2024Q1,70
F0306,2024Q2,55
F0306,2024Q3,58
F0306,2024Q4,52
F0306,2025Q1,85
F0306,2025Q2,70
F0306,2025Q3,74
F0306,2025Q4,114
F0306,2026Q1,184
F0306,2026Q2,137
F0307,2021Q3,32
F0307,2021Q4,43
F0307,2022Q1,65
F0307,2022Q2,42
F0307,2022Q3,41
F0307,2022Q4,52
F0307,2023Q1,63
F0307,2023Q2,50
F0307,2023Q3,50
F0307,2023Q4,57
F0307,2024Q1,101
F0307,2024Q2,73
F0307,2024Q3,67
F0307,2024Q4,61
F0307,2025Q1,119
F0307,2025Q2,94
F0307,2025Q3,107
F0307,2025Q4,190
F0307,2026Q1,280
F0307,2026Q2,239
F0308,2021Q3,294
F0308,2021Q4,332
F0308,2022Q1,474
F0308,2022Q2,304
F0308,2022Q3,320
F0308,2022Q4,301
F0308,2023Q1,558
F0308,2023Q2,338
F0308,2023Q3,325
F0308,2023Q4,337
F0308,2024Q1,467
F0308,2024Q2,298
F0308,2024Q3,287
F0308,2024Q4,307
F0308,2025Q1,463
F0308,2025Q2,272
F0308,2025Q3,277
F0308,2025Q4,456
F0308,2026Q1,630
F0308,2026Q2,398
F0309,2021Q3,22
F0309,2021Q4,20
F0309,2022Q1,26
F0309,2022Q2,16
F0309,2022Q3,15
F0309,2022Q4,16
F0309,2023Q1,35
F0309,2023Q2,18
F0309,2023Q3,24
F0309,2023Q4,22
F0309,2024Q1,42
F0309,2024Q2,29
F0309,2024Q3,33
F0309,2024Q4,44
F0309,2025Q1,90
F0309,2025Q2,48
F0309,2025Q3,53
F0309,2025Q4,160
F0309,2026Q1,166
F0309,2026Q2,106
F0310,2021Q3,10
F0310,2021Q4,10
F0310,2022Q1,24
F0310,2022Q2,11
F0310,2022Q3,9
F0310,2022Q4,8
F0310,2023Q1,18
F0310,2023Q2,8
F0310,2023Q3,2
F0310,2023Q4,12
F0310,2024Q1,25
F0310,2024Q2,17
F0310,2024Q3,18
F0310,2024Q4,32
F0310,2025Q1,38
F0310,2025Q2,37
F0310,2025Q3,24
F0310,2025Q4,33
F0310,2026Q1,58
F0310,2026Q2,45
F0311,2021Q3,73
F0311,2021Q4,77
F0311,2022Q1,105
F0311,2022Q2,74
F0311,2022Q3,75
F0311,2022Q4,95
F0311,2023Q1,128
F0311,2023Q2,83
F0311,2023Q3,57
F0311,2023Q4,83
F0311,2024Q1,139
F0311,2024Q2,82
F0311,2024Q3,76
F0311,2024Q4,86
F0311,2025Q1,147
F0311,2025Q2,75
F0311,2025Q3,83
F0311,2025Q4,105
F0311,2026Q1,161
F0311,2026Q2,115
F0312,2021Q3,102
F0312,2021Q4,88
F0312,2022Q1,111
F0312,2022Q2,79
F0312,2022Q3,83
F0312,2022Q4,86
F0312,2023Q1,130
F0312,2023Q2,92
F0312,2023Q3,82
F0312,2023Q4,89
F0312,2024Q1,95
F0312,2024Q2,80
F0312,2024Q3,94
F0312,2024Q4,84
F0312,2025Q1,128
F0312,2025Q2,77
F0312,2025Q3,95
F0312,2025Q4,215
F0312,2026Q1,254
F0312,2026Q2,217
F0313,2021Q3,84
F0313,2021Q4,69
F0313,2022Q1,118
F0313,2022Q2,58
F0313,2022Q3,84
F0313,2022Q4,97
F0313,2023Q1,118
F0313,2023Q2,73
F0313,2023Q3,61
F0313,2023Q4,65
F0313,2024Q1,61
F0313,2024Q2,43
F0313,2024Q3,48
F0313,2024Q4,39
F0313,2025Q1,54
F0313,2025Q2,31
F0313,2025Q3,50
F0313,2025Q4,72
F0313,2026Q1,64
F0313,2026Q2,58
F0314,2021Q3,23
F0314,2021Q4,22
F0314,2022Q1,23
F0314,2022Q2,35
F0314,2022Q3,20
F0314,2022Q4,22
F0314,2023Q1,31
F0314,2023Q2,33
F0314,2023Q3,16
F0314,2023Q4,20
F0314,2024Q1,63
F0314,2024Q2,36
F0314,2024Q3,38
F0314,2024Q4,36
F0314,2025Q1,59
F0314,2025Q2,38
F0314,2025Q3,32
F0314,2025Q4,13
F0314,2026Q1,13
F0314,2026Q2,15
F0315,2021Q3,24
F0315,2021Q4,35
F0315,2022Q1,43
F0315,2022Q2,30
F0315,2022Q3,36
F0315,2022Q4,34
F0315,2023Q1,47
F0315,2023Q2,42
F0315,2023Q3,26
F0315,2023Q4,31
F0315,2024Q1,41
F0315,2024Q2,22
F0315,2024Q3,18
F0315,2024Q4,25
F0315,2025Q1,53
F0315,2025Q2,38
F0315,2025Q3,46
F0315,2025Q4,94
F0315,2026Q1,136
F0315,2026Q2,119
F0316,2021Q3,136
F0316,2021Q4,151
F0316,2022Q1,204
F0316,2022Q2,143
F0316,2022Q3,135
F0316,2022Q4,137
F0316,2023Q1,256
F0316,2023Q2,164
F0316,2023Q3,134
F0316,2023Q4,173
F0316,2024Q1,313
F0316,2024Q2,220
F0316,2024Q3,204
F0316,2024Q4,244
F0316,2025Q1,316
F0316,2025Q2,260
F0316,2025Q3,171
F0316,2025Q4,37
F0316,2026Q1,52
F0316,2026Q2,51
F0317,2021Q3,30
F0317,2021Q4,32
F0317,2022Q1,40
F0317,2022Q2,32
F0317,2022Q3,30
F0317,2022Q4,23
F0317,2023Q1,52
F0317,2023Q2,35
F0317,2023Q3,31
F0317,2023Q4,34
F0317,2024Q1,30
F0317,2024Q2,31
F0317,2024Q3,35
F0317,2024Q4,31
F0317,2025Q1,35
F0317,2025Q2,23
F0317,2025Q3,31
F0317,2025Q4,49
F0317,2026Q1,61
F0317,2026Q2,52
F0318,2021Q3,15
F0318,2021Q4,19
F0318,2022Q1,33
F0318,2022Q2,20
F0318,2022Q3,14
F0318,2022Q4,11
F0318,2023Q1,52
F0318,2023Q2,14
F0318,2023Q3,14
F0318,2023Q4,19
F0318,2024Q1,126
F0318,2024Q2,73
F0318,2024Q3,79
F0318,2024Q4,90
F0318,2025Q1,141
F0318,2025Q2,105
F0318,2025Q3,89
F0318,2025Q4,80
F0318,2026Q1,169
F0318,2026Q2,128
F0319,2021Q3,173
F0319,2021Q4,190
F0319,2022Q1,271
F0319,2022Q2,175
F0319,2022Q3,179
F0319,2022Q4,178
F0319,2023Q1,228
F0319,2023Q2,188
F0319,2023Q3,155
F0319,2023Q4,151
F0319,2024Q1,293
F0319,2024Q2,199
F0319,2024Q3,176
F0319,2024Q4,202
F0319,2025Q1,282
F0319,2025Q2,218
F0319,2025Q3,206
F0319,2025Q4,345
F0319,2026Q1,464
F0319,2026Q2,387
F0320,2021Q3,42
F0320,2021Q4,52
F0320,2022Q1,68
F0320,2022Q2,37
F0320,2022Q3,32
F0320,2022Q4,38
F0320,2023Q1,123
F0320,2023Q2,38
F0320,2023Q3,37
F0320,2023Q4,46
F0320,2024Q1,83
F0320,2024Q2,66
F0320,2024Q3,51
F0320,2024Q4,55
F0320,2025Q1,85
F0320,2025Q2,68
F0320,2025Q3,44
F0320,2025Q4,80
F0320,2026Q1,121
F0320,2026Q2,63
F0321,2021Q3,35
F0321,2021Q4,26
F0321,2022Q1,42
F0321,2022Q2,28
F0321,2022Q3,29
F0321,2022Q4,22
F0321,2023Q1,48
F0321,2023Q2,37
F0321,2023Q3,24
F0321,2023Q4,30
F0321,2024Q1,50
F0321,2024Q2,43
F0321,2024Q3,30
F0321,2024Q4,27
F0321,2025Q1,50
F0321,2025Q2,39
F0321,2025Q3,20
F0321,2025Q4,38
F0321,2026Q1,63
F0321,2026Q2,54
F0322,2021Q3,27
F0322,2021Q4,19
F0322,2022Q1,26
F0322,2022Q2,20
F0322,2022Q3,19
F0322,2022Q4,21
F0322,2023Q1,39
F0322,2023Q2,22
F0322,2023Q3,26
F0322,2023Q4,21
F0322,2024Q1,30
F0322,2024Q2,27
F0322,2024Q3,24
F0322,2024Q4,18
F0322,2025Q1,34
F0322,2025Q2,25
F0322,2025Q3,31
F0322,2025Q4,71
F0322,2026Q1,75
F0322,2026Q2,62
F0323,2021Q3,30
F0323,2021Q4,43
F0323,2022Q1,56
F0323,2022Q2,36
F0323,2022Q3,32
F0323,2022Q4,41
F0323,2023Q1,57
F0323,2023Q2,42
F0323,2023Q3,46
F0323,2023Q4,27
F0323,2024Q1,99
F0323,2024Q2,58
F0323,2024Q3,59
F0323,2024Q4,98
F0323,2025Q1,218
F0323,2025Q2,131
F0323,2025Q3,177
F0323,2025Q4,452
F0323,2026Q1,707
F0323,2026Q2,540
F0324,2021Q3,30
F0324,2021Q4,27
F0324,2022Q1,32
F0324,2022Q2,26
F0324,2022Q3,22
F0324,2022Q4,41
F0324,2023Q1,41
F0324,2023Q2,21
F0324,2023Q3,25
F0324,2023Q4,26
F0324,2024Q1,40
F0324,2024Q2,30
F0324,2024Q3,31
F0324,2024Q4,24
F0324,2025Q1,40
F0324,2025Q2,34
F0324,2025Q3,40
F0324,2025Q4,68
F0324,2026Q1,70
F0324,2026Q2,52
F0325,2021Q3,39
F0325,2021Q4,43
F0325,2022Q1,55
F0325,2022Q2,31
F0325,2022Q3,49
F0325,2022Q4,59
F0325,2023Q1,71
F0325,2023Q2,39
F0325,2023Q3,35
F0325,2023Q4,45
F0325,2024Q1,45
F0325,2024Q2,28
F0325,2024Q3,27
F0325,2024Q4,30
F0325,2025Q1,45
F0325,2025Q2,26
F0325,2025Q3,39
F0325,2025Q4,55
F0325,2026Q1,65
F0325,2026Q2,38
F0326,2021Q3,32
F0326,2021Q4,26
F0326,2022Q1,35
F0326,2022Q2,31
F0326,2022Q3,27
F0326,2022Q4,34
F0326,2023Q1,39
F0326,2023Q2,35
F0326,2023Q3,32
F0326,2023Q4,18
F0326,2024Q1,35
F0326,2024Q2,30
F0326,2024Q3,22
F0326,2024Q4,29
F0326,2025Q1,51
F0326,2025Q2,22
F0326,2025Q3,18
F0326,2025Q4,66
F0326,2026Q1,94
F0326,2026Q2,74
F0327,2021Q3,311
F0327,2021Q4,365
F0327,2022Q1,572
F0327,2022Q2,300
F0327,2022Q3,341
F0327,2022Q4,403
F0327,2023Q1,629
F0327,2023Q2,349
F0327,2023Q3,347
F0327,2023Q4,432
F0327,2024Q1,616
F0327,2024Q2,410
F0327,2024Q3,371
F0327,2024Q4,364
F0327,2025Q1,620
F0327,2025Q2,343
F0327,2025Q3,355
F0327,2025Q4,343
F0327,2026Q1,550
F0327,2026Q2,351
F0328,2021Q3,34
F0328,2021Q4,36
F0328,2022Q1,64
F0328,2022Q2,32
F0328,2022Q3,31
F0328,2022Q4,44
F0328,2023Q1,47
F0328,2023Q2,42
F0328,2023Q3,29
F0328,2023Q4,48
F0328,2024Q1,110
F0328,2024Q2,114
F0328,2024Q3,95
F0328,2024Q4,131
F0328,2025Q1,154
F0328,2025Q2,119
F0328,2025Q3,89
F0328,2025Q4,5
F0328,2026Q1,14
F0328,2026Q2,5
F0329,2021Q3,38
F0329,2021Q4,49
F0329,2022Q1,90
F0329,2022Q2,40
F0329,2022Q3,49
F0329,2022Q4,58
F0329,2023Q1,90
F0329,2023Q2,42
F0329,2023Q3,35
F0329,2023Q4,49
F0329,2024Q1,81
F0329,2024Q2,62
F0329,2024Q3,59
F0329,2024Q4,39
F0329,2025Q1,84
F0329,2025Q2,76
F0329,2025Q3,67
F0329,2025Q4,113
F0329,2026Q1,104
F0329,2026Q2,118
F0330,2021Q3,50
F0330,2021Q4,52
F0330,2022Q1,83
F0330,2022Q2,54
F0330,2022Q3,51
F0330,2022Q4,72
F0330,2023Q1,78
F0330,2023Q2,68
F0330,2023Q3,62
F0330,2023Q4,65
F0330,2024Q1,109
F0330,2024Q2,89
F0330,2024Q3,84
F0330,2024Q4,108
F0330,2025Q1,168
F0330,2025Q2,95
F0330,2025Q3,105
F0330,2025Q4,207
F0330,2026Q1,260
F0330,2026Q2,188
F0331,2021Q3,62
F0331,2021Q4,75
F0331,2022Q1,110
F0331,2022Q2,66
F0331,2022Q3,84
F0331,2022Q4,81
F0331,2023Q1,109
F0331,2023Q2,83
F0331,2023Q3,66
F0331,2023Q4,90
F0331,2024Q1,108
F0331,2024Q2,60
F0331,2024Q3,54
F0331,2024Q4,51
F0331,2025Q1,87
F0331,2025Q2,46
F0331,2025Q3,55
F0331,2025Q4,73
F0331,2026Q1,105
F0331,2026Q2,87
F0332,2021Q3,24
F0332,2021Q4,20
F0332,2022Q1,23
F0332,2022Q2,33
F0332,2022Q3,12
F0332,2022Q4,27
F0332,2023Q1,29
F0332,2023Q2,25
F0332,2023Q3,20
F0332,2023Q4,22
F0332,2024Q1,38
F0332,2024Q2,13
F0332,2024Q3,9
F0332,2024Q4,13
F0332,2025Q1,18
F0332,2025Q2,13
F0332,2025Q3,12
F0332,2025Q4,12
F0332,2026Q1,15
F0332,2026Q2,5
F0333,2021Q3,62
F0333,2021Q4,100
F0333,2022Q1,107
F0333,2022Q2,72
F0333,2022Q3,71
F0333,2022Q4,87
F0333,2023Q1,108
F0333,2023Q2,88
F0333,2023Q3,69
F0333,2023Q4,75
F0333,2024Q1,83
F0333,2024Q2,62
F0333,2024Q3,44
F0333,2024Q4,61
F0333,2025Q1,74
F0333,2025Q2,48
F0333,2025Q3,74
F0333,2025Q4,120
F0333,2026Q1,152
F0333,2026Q2,96
F0334,2021Q3,25
F0334,2021Q4,17
F0334,2022Q1,25
F0334,2022Q2,23
F0334,2022Q3,25
F0334,2022Q4,26
F0334,2023Q1,64
F0334,2023Q2,30
F0334,2023Q3,29
F0334,2023Q4,35
F0334,2024Q1,40
F0334,2024Q2,21
F0334,2024Q3,14
F0334,2024Q4,16
F0334,2025Q1,27
F0334,2025Q2,25
F0334,2025Q3,30
F0334,2025Q4,45
F0334,2026Q1,57
F0334,2026Q2,52
F0335,2021Q3,56
F0335,2021Q4,67
F0335,2022Q1,93
F0335,2022Q2,68
F0335,2022Q3,98
F0335,2022Q4,105
F0335,2023Q1,134
F0335,2023Q2,95
F0335,2023Q3,119
F0335,2023Q4,121
F0335,2024Q1,186
F0335,2024Q2,139
F0335,2024Q3,155
F0335,2024Q4,125
F0335,2025Q1,226
F0335,2025Q2,209
F0335,2025Q3,165
F0335,2025Q4,270
F0335,2026Q1,361
F0335,2026Q2,276
F0336,2021Q3,103
F0336,2021Q4,110
F0336,2022Q1,188
F0336,2022Q2,123
F0336,2022Q3,124
F0336,2022Q4,145
F0336,2023Q1,231
F0336,2023Q2,135
F0336,2023Q3,130
F0336,2023Q4,155
F0336,2024Q1,249
F0336,2024Q2,166
F0336,2024Q3,162
F0336,2024Q4,215
F0336,2025Q1,263
F0336,2025Q2,173
F0336,2025Q3,193
F0336,2025Q4,179
F0336,2026Q1,280
F0336,2026Q2,180
F0337,2021Q3,25
F0337,2021Q4,34
F0337,2022Q1,86
F0337,2022Q2,36
F0337,2022Q3,40
F0337,2022Q4,36
F0337,2023Q1,82
F0337,2023Q2,33
F0337,2023Q3,29
F0337,2023Q4,49
F0337,2024Q1,92
F0337,2024Q2,62
F0337,2024Q3,71
F0337,2024Q4,67
F0337,2025Q1,105
F0337,2025Q2,65
F0337,2025Q3,70
F0337,2025Q4,43
F0337,2026Q1,96
F0337,2026Q2,67
F0338,2021Q3,56
F0338,2021Q4,56
F0338,2022Q1,83
F0338,2022Q2,41
F0338,2022Q3,40
F0338,2022Q4,38
F0338,2023Q1,99
F0338,2023Q2,50
F0338,2023Q3,52
F0338,2023Q4,69
F0338,2024Q1,89
F0338,2024Q2,45
F0338,2024Q3,58
F0338,2024Q4,58
F0338,2025Q1,78
F0338,2025Q2,54
F0338,2025Q3,80
F0338,2025Q4,101
F0338,2026Q1,137
F0338,2026Q2,104
F0339,2021Q3,54
F0339,2021Q4,50
F0339,2022Q1,81
F0339,2022Q2,51
F0339,2022Q3,41
F0339,2022Q4,64
F0339,2023Q1,69
F0339,2023Q2,61
F0339,2023Q3,48
F0339,2023Q4,46
F0339,2024Q1,62
F0339,2024Q2,43
F0339,2024Q3,37
F0339,2024Q4,30
F0339,2025Q1,59
F0339,2025Q2,38
F0339,2025Q3,49
F0339,2025Q4,92
F0339,2026Q1,117
F0339,2026Q2,89
F0340,2021Q3,49
F0340,2021Q4,47
F0340,2022Q1,71
F0340,2022Q2,37
F0340,2022Q3,37
F0340,2022Q4,55
F0340,2023Q1,73
F0340,2023Q2,49
F0340,2023Q3,59
F0340,2023Q4,58
F0340,2024Q1,60
F0340,2024Q2,50
F0340,2024Q3,40
F0340,2024Q4,40
F0340,2025Q1,63
F0340,2025Q2,38
F0340,2025Q3,50
F0340,2025Q4,90
F0340,2026Q1,127
F0340,2026Q2,109
F0341,2021Q3,94
F0341,2021Q4,111
F0341,2022Q1,209
F0341,2022Q2,88
F0341,2022Q3,104
F0341,2022Q4,119
F0341,2023Q1,302
F0341,2023Q2,113
F0341,2023Q3,120
F0341,2023Q4,156
F0341,2024Q1,477
F0341,2024Q2,348
F0341,2024Q3,335
F0341,2024Q4,429
F0341,2025Q1,646
F0341,2025Q2,498
F0341,2025Q3,391
F0341,2025Q4,140
F0341,2026Q1,199
F0341,2026Q2,128
F0342,2021Q3,41
F0342,2021Q4,42
F0342,2022Q1,46
F0342,2022Q2,41
F0342,2022Q3,55
F0342,2022Q4,51
F0342,2023Q1,53
F0342,2023Q2,35
F0342,2023Q3,44
F0342,2023Q4,47
F0342,2024Q1,62
F0342,2024Q2,46
F0342,2024Q3,48
F0342,2024Q4,50
F0342,2025Q1,57
F0342,2025Q2,49
F0342,2025Q3,57
F0342,2025Q4,84
F0342,2026Q1,116
F0342,2026Q2,121
F0343,2021Q3,98
F0343,2021Q4,89
F0343,2022Q1,119
F0343,2022Q2,81
F0343,2022Q3,105
F0343,2022Q4,121
F0343,2023Q1,163
F0343,2023Q2,110
F0343,2023Q3,114
F0343,2023Q4,118
F0343,2024Q1,149
F0343,2024Q2,101
F0343,2024Q3,113
F0343,2024Q4,119
F0343,2025Q1,155
F0343,2025Q2,99
F0343,2025Q3,106
F0343,2025Q4,134
F0343,2026Q1,185
F0343,2026Q2,116
F0344,2021Q3,68
F0344,2021Q4,74
F0344,2022Q1,114
F0344,2022Q2,75
F0344,2022Q3,64
F0344,2022Q4,89
F0344,2023Q1,123
F0344,2023Q2,68
F0344,2023Q3,62
F0344,2023Q4,66
F0344,2024Q1,141
F0344,2024Q2,81
F0344,2024Q3,103
F0344,2024Q4,124
F0344,2025Q1,131
F0344,2025Q2,106
F0344,2025Q3,84
F0344,2025Q4,116
F0344,2026Q1,131
F0344,2026Q2,123
F0345,2021Q3,62
F0345,2021Q4,73
F0345,2022Q1,110
F0345,2022Q2,75
F0345,2022Q3,58
F0345,2022Q4,80
F0345,2023Q1,106
F0345,2023Q2,69
F0345,2023Q3,66
F0345,2023Q4,88
F0345,2024Q1,136
F0345,2024Q2,67
F0345,2024Q3,65
F0345,2024Q4,75
F0345,2025Q1,93
F0345,2025Q2,80
F0345,2025Q3,63
F0345,2025Q4,73
F0345,2026Q1,93
F0345,2026Q2,67
F0346,2021Q3,133
F0346,2021Q4,156
F0346,2022Q1,192
F0346,2022Q2,134
F0346,2022Q3,142
F0346,2022Q4,169
F0346,2023Q1,223
F0346,2023Q2,130
F0346,2023Q3,142
F0346,2023Q4,158
F0346,2024Q1,213
F0346,2024Q2,158
F0346,2024Q3,126
F0346,2024Q4,146
F0346,2025Q1,219
F0346,2025Q2,167
F0346,2025Q3,176
F0346,2025Q4,303
F0346,2026Q1,306
F0346,2026Q2,292
F0347,2021Q3,138
F0347,2021Q4,151
F0347,2022Q1,207
F0347,2022Q2,144
F0347,2022Q3,131
F0347,2022Q4,146
F0347,2023Q1,236
F0347,2023Q2,137
F0347,2023Q3,149
F0347,2023Q4,155
F0347,2024Q1,274
F0347,2024Q2,179
F0347,2024Q3,182
F0347,2024Q4,244
F0347,2025Q1,304
F0347,2025Q2,235
F0347,2025Q3,178
F0347,2025Q4,201
F0347,2026Q1,291
F0347,2026Q2,186
F0348,2021Q3,29
F0348,2021Q4,40
F0348,2022Q1,54
F0348,2022Q2,23
F0348,2022Q3,29
F0348,2022Q4,36
F0348,2023Q1,45
F0348,2023Q2,44
F0348,2023Q3,26
F0348,2023Q4,33
F0348,2024Q1,63
F0348,2024Q2,49
F0348,2024Q3,33
F0348,2024Q4,42
F0348,2025Q1,84
F0348,2025Q2,52
F0348,2025Q3,62
F0348,2025Q4,82
F0348,2026Q1,142
F0348,2026Q2,125
F0349,2021Q3,23
F0349,2021Q4,25
F0349,2022Q1,40
F0349,2022Q2,17
F0349,2022Q3,28
F0349,2022Q4,33
F0349,2023Q1,43
F0349,2023Q2,29
F0349,2023Q3,19
F0349,2023Q4,22
F0349,2024Q1,47
F0349,2024Q2,32
F0349,2024Q3,34
F0349,2024Q4,31
F0349,2025Q1,65
F0349,2025Q2,37
F0349,2025Q3,61
F0349,2025Q4,108
F0349,2026Q1,125
F0349,2026Q2,92
F0350,2021Q3,51
F0350,2021Q4,69
F0350,2022Q1,86
F0350,2022Q2,75
F0350,2022Q3,88
F0350,2022Q4,60
F0350,2023Q1,85
F0350,2023Q2,81
F0350,2023Q3,78
F0350,2023Q4,76
F0350,2024Q1,102
F0350,2024Q2,49
F0350,2024Q3,62
F0350,2024Q4,57
F0350,2025Q1,87
F0350,2025Q2,69
F0350,2025Q3,78
F0350,2025Q4,150
F0350,2026Q1,174
F0350,2026Q2,157
F0351,2021Q3,339
F0351,2021Q4,392
F0351,2022Q1,570
F0351,2022Q2,378
F0351,2022Q3,389
F0351,2022Q4,419
F0351,2023Q1,596
F0351,2023Q2,411
F0351,2023Q3,387
F0351,2023Q4,476
F0351,2024Q1,552
F0351,2024Q2,336
F0351,2024Q3,308
F0351,2024Q4,309
F0351,2025Q1,393
F0351,2025Q2,307
F0351,2025Q3,330
F0351,2025Q4,387
F0351,2026Q1,375
F0351,2026Q2,315
F0352,2021Q3,9
F0352,2021Q4,12
F0352,2022Q1,40
F0352,2022Q2,13
F0352,2022Q3,10
F0352,2022Q4,11
F0352,2023Q1,32
F0352,2023Q2,13
F0352,2023Q3,12
F0352,2023Q4,22
F0352,2024Q1,74
F0352,2024Q2,32
F0352,2024Q3,42
F0352,2024Q4,52
F0352,2025Q1,103
F0352,2025Q2,42
F0352,2025Q3,52
F0352,2025Q4,35
F0352,2026Q1,67
F0352,2026Q2,43
F0353,2021Q3,61
F0353,2021Q4,69
F0353,2022Q1,87
F0353,2022Q2,77
F0353,2022Q3,82
F0353,2022Q4,64
F0353,2023Q1,104
F0353,2023Q2,78
F0353,2023Q3,54
F0353,2023Q4,76
F0353,2024Q1,48
F0353,2024Q2,41
F0353,2024Q3,30
F0353,2024Q4,31
F0353,2025Q1,44
F0353,2025Q2,40
F0353,2025Q3,33
F0353,2025Q4,53
F0353,2026Q1,52
F0353,2026Q2,46
F0354,2021Q3,14
F0354,2021Q4,27
F0354,2022Q1,34
F0354,2022Q2,15
F0354,2022Q3,17
F0354,2022Q4,22
F0354,2023Q1,34
F0354,2023Q2,32
F0354,2023Q3,17
F0354,2023Q4,16
F0354,2024Q1,66
F0354,2024Q2,48
F0354,2024Q3,48
F0354,2024Q4,58
F0354,2025Q1,90
F0354,2025Q2,58
F0354,2025Q3,56
F0354,2025Q4,34
F0354,2026Q1,47
F0354,2026Q2,44
F0355,2021Q3,61
F0355,2021Q4,79
F0355,2022Q1,120
F0355,2022Q2,71
F0355,2022Q3,79
F0355,2022Q4,91
F0355,2023Q1,87
F0355,2023Q2,86
F0355,2023Q3,84
F0355,2023Q4,92
F0355,2024Q1,116
F0355,2024Q2,69
F0355,2024Q3,82
F0355,2024Q4,73
F0355,2025Q1,128
F0355,2025Q2,85
F0355,2025Q3,105
F0355,2025Q4,177
F0355,2026Q1,186
F0355,2026Q2,195
F0356,2021Q3,44
F0356,2021Q4,53
F0356,2022Q1,54
F0356,2022Q2,41
F0356,2022Q3,36
F0356,2022Q4,45
F0356,2023Q1,69
F0356,2023Q2,60
F0356,2023Q3,42
F0356,2023Q4,46
F0356,2024Q1,71
F0356,2024Q2,60
F0356,2024Q3,59
F0356,2024Q4,71
F0356,2025Q1,93
F0356,2025Q2,45
F0356,2025Q3,68
F0356,2025Q4,149
F0356,2026Q1,175
F0356,2026Q2,134
F0357,2021Q3,19
F0357,2021Q4,19
F0357,2022Q1,31
F0357,2022Q2,29
F0357,2022Q3,29
F0357,2022Q4,25
F0357,2023Q1,32
F0357,2023Q2,27
F0357,2023Q3,35
F0357,2023Q4,41
F0357,2024Q1,47
F0357,2024Q2,36
F0357,2024Q3,35
F0357,2024Q4,60
F0357,2025Q1,69
F0357,2025Q2,37
F0357,2025Q3,41
F0357,2025Q4,64
F0357,2026Q1,75
F0357,2026Q2,72
F0358,2021Q3,24
F0358,2021Q4,27
F0358,2022Q1,29
F0358,2022Q2,22
F0358,2022Q3,32
F0358,2022Q4,21
F0358,2023Q1,36
F0358,2023Q2,34
F0358,2023Q3,27
F0358,2023Q4,36
F0358,2024Q1,31
F0358,2024Q2,25
F0358,2024Q3,22
F0358,2024Q4,12
F0358,2025Q1,33
F0358,2025Q2,33
F0358,2025Q3,34
F0358,2025Q4,89
F0358,2026Q1,92
F0358,2026Q2,98
F0359,2021Q3,33
F0359,2021Q4,17
F0359,2022Q1,49
F0359,2022Q2,22
F0359,2022Q3,26
F0359,2022Q4,37
F0359,2023Q1,48
F0359,2023Q2,25
F0359,2023Q3,29
F0359,2023Q4,27
F0359,2024Q1,142
F0359,2024Q2,105
F0359,2024Q3,101
F0359,2024Q4,118
F0359,2025Q1,180
F0359,2025Q2,138
F0359,2025Q3,119
F0359,2025Q4,95
F0359,2026Q1,170
F0359,2026Q2,106
F0360,2021Q3,105
F0360,2021Q4,141
F0360,2022Q1,179
F0360,2022Q2,149
F0360,2022Q3,115
F0360,2022Q4,143
F0360,2023Q1,197
F0360,2023Q2,149
F0360,2023Q3,156
F0360,2023Q4,211
F0360,2024Q1,317
F0360,2024Q2,257
F0360,2024Q3,244
F0360,2024Q4,247
F0360,2025Q1,455
F0360,2025Q2,285
F0360,2025Q3,385
F0360,2025Q4,803
F0360,2026Q1,905
F0360,2026Q2,703
F0361,2021Q3,50
F0361,2021Q4,61
F0361,2022Q1,80
F0361,2022Q2,58
F0361,2022Q3,52
F0361,2022Q4,50
F0361,2023Q1,82
F0361,2023Q2,64
F0361,2023Q3,52
F0361,2023Q4,63
F0361,2024Q1,59
F0361,2024Q2,56
F0361,2024Q3,55
F0361,2024Q4,44
F0361,2025Q1,56
F0361,2025Q2,41
F0361,2025Q3,67
F0361,2025Q4,86
F0361,2026Q1,97
F0361,2026Q2,84
F0362,2021Q3,41
F0362,2021Q4,46
F0362,2022Q1,67
F0362,2022Q2,34
F0362,2022Q3,46
F0362,2022Q4,37
F0362,2023Q1,73
F0362,2023Q2,36
F0362,2023Q3,36
F0362,2023Q4,46
F0362,2024Q1,69
F0362,2024Q2,37
F0362,2024Q3,45
F0362,2024Q4,53
F0362,2025Q1,69
F0362,2025Q2,43
F0362,2025Q3,54
F0362,2025Q4,72
F0362,2026Q1,128
F0362,2026Q2,84
F0363,2021Q3,62
F0363,2021Q4,66
F0363,2022Q1,78
F0363,2022Q2,60
F0363,2022Q3,63
F0363,2022Q4,63
F0363,2023Q1,104
F0363,2023Q2,53
F0363,2023Q3,55
F0363,2023Q4,75
F0363,2024Q1,118
F0363,2024Q2,113
F0363,2024Q3,87
F0363,2024Q4,127
F0363,2025Q1,138
F0363,2025Q2,111
F0363,2025Q3,88
F0363,2025Q4,63
F0363,2026Q1,85
F0363,2026Q2,83
F0364,2021Q3,65
F0364,2021Q4,91
F0364,2022Q1,176
F0364,2022Q2,89
F0364,2022Q3,87
F0364,2022Q4,113
F0364,2023Q1,234
F0364,2023Q2,107
F0364,2023Q3,110
F0364,2023Q4,141
F0364,2024Q1,374
F0364,2024Q2,231
F0364,2024Q3,259
F0364,2024Q4,294
F0364,2025Q1,487
F0364,2025Q2,276
F0364,2025Q3,254
F0364,2025Q4,165
F0364,2026Q1,216
F0364,2026Q2,146
F0365,2021Q3,24
F0365,2021Q4,37
F0365,2022Q1,30
F0365,2022Q2,21
F0365,2022Q3,23
F0365,2022Q4,19
F0365,2023Q1,34
F0365,2023Q2,26
F0365,2023Q3,15
F0365,2023Q4,19
F0365,2024Q1,107
F0365,2024Q2,58
F0365,2024Q3,83
F0365,2024Q4,93
F0365,2025Q1,113
F0365,2025Q2,61
F0365,2025Q3,59
F0365,2025Q4,2
F0365,2026Q1,2
F0365,2026Q2,3
F0366,2021Q3,224
F0366,2021Q4,252
F0366,2022Q1,277
F0366,2022Q2,211
F0366,2022Q3,220
F0366,2022Q4,290
F0366,2023Q1,323
F0366,2023Q2,216
F0366,2023Q3,210
F0366,2023Q4,265
F0366,2024Q1,254
F0366,2024Q2,300
F0366,2024Q3,286
F0366,2024Q4,293
F0366,2025Q1,307
F0366,2025Q2,231
F0366,2025Q3,215
F0366,2025Q4,256
F0366,2026Q1,395
F0366,2026Q2,361
F0367,2021Q3,73
F0367,2021Q4,85
F0367,2022Q1,167
F0367,2022Q2,66
F0367,2022Q3,84
F0367,2022Q4,106
F0367,2023Q1,225
F0367,2023Q2,126
F0367,2023Q3,91
F0367,2023Q4,132
F0367,2024Q1,258
F0367,2024Q2,159
F0367,2024Q3,173
F0367,2024Q4,195
F0367,2025Q1,331
F0367,2025Q2,182
F0367,2025Q3,195
F0367,2025Q4,205
F0367,2026Q1,271
F0367,2026Q2,202
F0368,2021Q3,37
F0368,2021Q4,19
F0368,2022Q1,63
F0368,2022Q2,36
F0368,2022Q3,49
F0368,2022Q4,39
F0368,2023Q1,67
F0368,2023Q2,48
F0368,2023Q3,38
F0368,2023Q4,64
F0368,2024Q1,69
F0368,2024Q2,54
F0368,2024Q3,57
F0368,2024Q4,56
F0368,2025Q1,126
F0368,2025Q2,79
F0368,2025Q3,104
F0368,2025Q4,145
F0368,2026Q1,260
F0368,2026Q2,197
F0369,2021Q3,157
F0369,2021Q4,164
F0369,2022Q1,231
F0369,2022Q2,150
F0369,2022Q3,176
F0369,2022Q4,180
F0369,2023Q1,340
F0369,2023Q2,174
F0369,2023Q3,174
F0369,2023Q4,222
F0369,2024Q1,310
F0369,2024Q2,161
F0369,2024Q3,152
F0369,2024Q4,130
F0369,2025Q1,429
F0369,2025Q2,136
F0369,2025Q3,214
F0369,2025Q4,639
F0369,2026Q1,868
F0369,2026Q2,625
F0370,2021Q3,224
F0370,2021Q4,248
F0370,2022Q1,406
F0370,2022Q2,233
F0370,2022Q3,224
F0370,2022Q4,263
F0370,2023Q1,523
F0370,2023Q2,264
F0370,2023Q3,243
F0370,2023Q4,331
F0370,2024Q1,484
F0370,2024Q2,298
F0370,2024Q3,296
F0370,2024Q4,315
F0370,2025Q1,502
F0370,2025Q2,319
F0370,2025Q3,333
F0370,2025Q4,351
F0370,2026Q1,632
F0370,2026Q2,365
F0371,2021Q3,77
F0371,2021Q4,64
F0371,2022Q1,97
F0371,2022Q2,67
F0371,2022Q3,67
F0371,2022Q4,66
F0371,2023Q1,111
F0371,2023Q2,70
F0371,2023Q3,60
F0371,2023Q4,87
F0371,2024Q1,90
F0371,2024Q2,61
F0371,2024Q3,60
F0371,2024Q4,59
F0371,2025Q1,81
F0371,2025Q2,39
F0371,2025Q3,49
F0371,2025Q4,41
F0371,2026Q1,43
F0371,2026Q2,27
F0372,2021Q3,34
F0372,2021Q4,39
F0372,2022Q1,63
F0372,2022Q2,33
F0372,2022Q3,31
F0372,2022Q4,51
F0372,2023Q1,70
F0372,2023Q2,42
F0372,2023Q3,42
F0372,2023Q4,45
F0372,2024Q1,66
F0372,2024Q2,61
F0372,2024Q3,51
F0372,2024Q4,77
F0372,2025Q1,101
F0372,2025Q2,68
F0372,2025Q3,61
F0372,2025Q4,79
F0372,2026Q1,78
F0372,2026Q2,77
F0373,2021Q3,72
F0373,2021Q4,81
F0373,2022Q1,85
F0373,2022Q2,70
F0373,2022Q3,76
F0373,2022Q4,88
F0373,2023Q1,111
F0373,2023Q2,66
F0373,2023Q3,71
F0373,2023Q4,67
F0373,2024Q1,103
F0373,2024Q2,76
F0373,2024Q3,75
F0373,2024Q4,70
F0373,2025Q1,76
F0373,2025Q2,89
F0373,2025Q3,74
F0373,2025Q4,115
F0373,2026Q1,146
F0373,2026Q2,94
F0374,2021Q3,14
F0374,2021Q4,16
F0374,2022Q1,33
F0374,2022Q2,16
F0374,2022Q3,12
F0374,2022Q4,22
F0374,2023Q1,44
F0374,2023Q2,14
F0374,2023Q3,16
F0374,2023Q4,18
F0374,2024Q1,59
F0374,2024Q2,48
F0374,2024Q3,49
F0374,2024Q4,56
F0374,2025Q1,111
F0374,2025Q2,64
F0374,2025Q3,60
F0374,2025Q4,69
F0374,2026Q1,116
F0374,2026Q2,90
F0375,2021Q3,42
F0375,2021Q4,51
F0375,2022Q1,67
F0375,2022Q2,55
F0375,2022Q3,35
F0375,2022Q4,54
F0375,2023Q1,87
F0375,2023Q2,60
F0375,2023Q3,54
F0375,2023Q4,56
F0375,2024Q1,65
F0375,2024Q2,42
F0375,2024Q3,43
F0375,2024Q4,35
F0375,2025Q1,60
F0375,2025Q2,38
F0375,2025Q3,63
F0375,2025Q4,126
F0375,2026Q1,168
F0375,2026Q2,111
F0376,2021Q3,40
F0376,2021Q4,39
F0376,2022Q1,40
F0376,2022Q2,31
F0376,2022Q3,37
F0376,2022Q4,38
F0376,2023Q1,45
F0376,2023Q2,39
F0376,2023Q3,29
F0376,2023Q4,51
F0376,2024Q1,39
F0376,2024Q2,51
F0376,2024Q3,32
F0376,2024Q4,44
F0376,2025Q1,74
F0376,2025Q2,54
F0376,2025Q3,53
F0376,2025Q4,137
F0376,2026Q1,113
F0376,2026Q2,142
F0377,2021Q3,326
F0377,2021Q4,388
F0377,2022Q1,603
F0377,2022Q2,378
F0377,2022Q3,354
F0377,2022Q4,359
F0377,2023Q1,629
F0377,2023Q2,360
F0377,2023Q3,347
F0377,2023Q4,437
F0377,2024Q1,590
F0377,2024Q2,347
F0377,2024Q3,356
F0377,2024Q4,379
F0377,2025Q1,588
F0377,2025Q2,397
F0377,2025Q3,453
F0377,2025Q4,521
F0377,2026Q1,599
F0377,2026Q2,408
F0378,2021Q3,34
F0378,2021Q4,40
F0378,2022Q1,69
F0378,2022Q2,44
F0378,2022Q3,47
F0378,2022Q4,52
F0378,2023Q1,96
F0378,2023Q2,60
F0378,2023Q3,52
F0378,2023Q4,59
F0378,2024Q1,114
F0378,2024Q2,78
F0378,2024Q3,77
F0378,2024Q4,103
F0378,2025Q1,107
F0378,2025Q2,100
F0378,2025Q3,61
F0378,2025Q4,3
F0378,2026Q1,2
F0378,2026Q2,2
F0379,2021Q3,254
F0379,2021Q4,233
F0379,2022Q1,357
F0379,2022Q2,238
F0379,2022Q3,218
F0379,2022Q4,277
F0379,2023Q1,396
F0379,2023Q2,301
F0379,2023Q3,257
F0379,2023Q4,224
F0379,2024Q1,376
F0379,2024Q2,229
F0379,2024Q3,212
F0379,2024Q4,188
F0379,2025Q1,330
F0379,2025Q2,182
F0379,2025Q3,220
F0379,2025Q4,316
F0379,2026Q1,517
F0379,2026Q2,339
F0380,2021Q3,139
F0380,2021Q4,136
F0380,2022Q1,192
F0380,2022Q2,121
F0380,2022Q3,127
F0380,2022Q4,142
F0380,2023Q1,213
F0380,2023Q2,141
F0380,2023Q3,145
F0380,2023Q4,143
F0380,2024Q1,233
F0380,2024Q2,153
F0380,2024Q3,155
F0380,2024Q4,177
F0380,2025Q1,232
F0380,2025Q2,119
F0380,2025Q3,157
F0380,2025Q4,111
F0380,2026Q1,178
F0380,2026Q2,149
F0381,2021Q3,51
F0381,2021Q4,72
F0381,2022Q1,153
F0381,2022Q2,55
F0381,2022Q3,56
F0381,2022Q4,73
F0381,2023Q1,172
F0381,2023Q2,55
F0381,2023Q3,69
F0381,2023Q4,68
F0381,2024Q1,227
F0381,2024Q2,153
F0381,2024Q3,133
F0381,2024Q4,185
F0381,2025Q1,314
F0381,2025Q2,215
F0381,2025Q3,138
F0381,2025Q4,67
F0381,2026Q1,85
F0381,2026Q2,59
F0382,2021Q3,84
F0382,2021Q4,98
F0382,2022Q1,131
F0382,2022Q2,116
F0382,2022Q3,115
F0382,2022Q4,111
F0382,2023Q1,167
F0382,2023Q2,102
F0382,2023Q3,108
F0382,2023Q4,119
F0382,2024Q1,177
F0382,2024Q2,113
F0382,2024Q3,121
F0382,2024Q4,105
F0382,2025Q1,152
F0382,2025Q2,117
F0382,2025Q3,137
F0382,2025Q4,133
F0382,2026Q1,166
F0382,2026Q2,115
F0383,2021Q3,35
F0383,2021Q4,31
F0383,2022Q1,39
F0383,2022Q2,37
F0383,2022Q3,40
F0383,2022Q4,56
F0383,2023Q1,55
F0383,2023Q2,59
F0383,2023Q3,44
F0383,2023Q4,39
F0383,2024Q1,67
F0383,2024Q2,33
F0383,2024Q3,44
F0383,2024Q4,39
F0383,2025Q1,52
F0383,2025Q2,46
F0383,2025Q3,60
F0383,2025Q4,66
F0383,2026Q1,107
F0383,2026Q2,78
F0384,2021Q3,48
F0384,2021Q4,43
F0384,2022Q1,112
F0384,2022Q2,41
F0384,2022Q3,61
F0384,2022Q4,50
F0384,2023Q1,129
F0384,2023Q2,51
F0384,2023Q3,60
F0384,2023Q4,68
F0384,2024Q1,232
F0384,2024Q2,132
F0384,2024Q3,142
F0384,2024Q4,212
F0384,2025Q1,313
F0384,2025Q2,188
F0384,2025Q3,166
F0384,2025Q4,128
F0384,2026Q1,228
F0384,2026Q2,168
F0385,2021Q3,61
F0385,2021Q4,64
F0385,2022Q1,123
F0385,2022Q2,41
F0385,2022Q3,49
F0385,2022Q4,49
F0385,2023Q1,119
F0385,2023Q2,48
F0385,2023Q3,44
F0385,2023Q4,61
F0385,2024Q1,179
F0385,2024Q2,110
F0385,2024Q3,135
F0385,2024Q4,120
F0385,2025Q1,235
F0385,2025Q2,132
F0385,2025Q3,146
F0385,2025Q4,110
F0385,2026Q1,242
F0385,2026Q2,139
F0386,2021Q3,202
F0386,2021Q4,224
F0386,2022Q1,394
F0386,2022Q2,193
F0386,2022Q3,189
F0386,2022Q4,252
F0386,2023Q1,487
F0386,2023Q2,228
F0386,2023Q3,206
F0386,2023Q4,268
F0386,2024Q1,501
F0386,2024Q2,292
F0386,2024Q3,296
F0386,2024Q4,312
F0386,2025Q1,495
F0386,2025Q2,309
F0386,2025Q3,314
F0386,2025Q4,315
F0386,2026Q1,483
F0386,2026Q2,298
F0387,2021Q3,50
F0387,2021Q4,55
F0387,2022Q1,91
F0387,2022Q2,40
F0387,2022Q3,57
F0387,2022Q4,61
F0387,2023Q1,96
F0387,2023Q2,68
F0387,2023Q3,53
F0387,2023Q4,52
F0387,2024Q1,93
F0387,2024Q2,54
F0387,2024Q3,50
F0387,2024Q4,80
F0387,2025Q1,92
F0387,2025Q2,75
F0387,2025Q3,51
F0387,2025Q4,82
F0387,2026Q1,89
F0387,2026Q2,82
F0388,2021Q3,31
F0388,2021Q4,57
F0388,2022Q1,51
F0388,2022Q2,43
F0388,2022Q3,32
F0388,2022Q4,48
F0388,2023Q1,65
F0388,2023Q2,63
F0388,2023Q3,36
F0388,2023Q4,33
F0388,2024Q1,38
F0388,2024Q2,34
F0388,2024Q3,42
F0388,2024Q4,49
F0388,2025Q1,64
F0388,2025Q2,39
F0388,2025Q3,35
F0388,2025Q4,72
F0388,2026Q1,92
F0388,2026Q2,75
F0389,2021Q3,24
F0389,2021Q4,42
F0389,2022Q1,46
F0389,2022Q2,28
F0389,2022Q3,30
F0389,2022Q4,40
F0389,2023Q1,47
F0389,2023Q2,38
F0389,2023Q3,32
F0389,2023Q4,31
F0389,2024Q1,57
F0389,2024Q2,37
F0389,2024Q3,32
F0389,2024Q4,41
F0389,2025Q1,70
F0389,2025Q2,46
F0389,2025Q3,63
F0389,2025Q4,178
F0389,2026Q1,229
F0389,2026Q2,142
F0390,2021Q3,51
F0390,2021Q4,55
F0390,2022Q1,61
F0390,2022Q2,54
F0390,2022Q3,48
F0390,2022Q4,53
F0390,2023Q1,75
F0390,2023Q2,46
F0390,2023Q3,41
F0390,2023Q4,59
F0390,2024Q1,89
F0390,2024Q2,66
F0390,2024Q3,87
F0390,2024Q4,66
F0390,2025Q1,79
F0390,2025Q2,63
F0390,2025Q3,64
F0390,2025Q4,98
F0390,2026Q1,98
F0390,2026Q2,122
F0391,2021Q3,19
F0391,2021Q4,29
F0391,2022Q1,37
F0391,2022Q2,24
F0391,2022Q3,25
F0391,2022Q4,27
F0391,2023Q1,52
F0391,2023Q2,41
F0391,2023Q3,26
F0391,2023Q4,39
F0391,2024Q1,88
F0391,2024Q2,32
F0391,2024Q3,39
F0391,2024Q4,51
F0391,2025Q1,71
F0391,2025Q2,72
F0391,2025Q3,70
F0391,2025Q4,65
F0391,2026Q1,79
F0391,2026Q2,50
F0392,2021Q3,37
F0392,2021Q4,51
F0392,2022Q1,84
F0392,2022Q2,26
F0392,2022Q3,33
F0392,2022Q4,46
F0392,2023Q1,147
F0392,2023Q2,38
F0392,2023Q3,34
F0392,2023Q4,58
F0392,2024Q1,119
F0392,2024Q2,94
F0392,2024Q3,89
F0392,2024Q4,97
F0392,2025Q1,166
F0392,2025Q2,113
F0392,2025Q3,102
F0392,2025Q4,58
F0392,2026Q1,89
F0392,2026Q2,61
F0393,2021Q3,52
F0393,2021Q4,51
F0393,2022Q1,92
F0393,2022Q2,37
F0393,2022Q3,59
F0393,2022Q4,70
F0393,2023Q1,119
F0393,2023Q2,66
F0393,2023Q3,62
F0393,2023Q4,63
F0393,2024Q1,126
F0393,2024Q2,61
F0393,2024Q3,72
F0393,2024Q4,80
F0393,2025Q1,114
F0393,2025Q2,73
F0393,2025Q3,94
F0393,2025Q4,100
F0393,2026Q1,130
F0393,2026Q2,97
F0394,2021Q3,88
F0394,2021Q4,86
F0394,2022Q1,165
F0394,2022Q2,85
F0394,2022Q3,69
F0394,2022Q4,113
F0394,2023Q1,159
F0394,2023Q2,99
F0394,2023Q3,96
F0394,2023Q4,88
F0394,2024Q1,138
F0394,2024Q2,93
F0394,2024Q3,89
F0394,2024Q4,91
F0394,2025Q1,132
F0394,2025Q2,73
F0394,2025Q3,65
F0394,2025Q4,18
F0394,2026Q1,20
F0394,2026Q2,14
F0395,2021Q3,24
F0395,2021Q4,30
F0395,2022Q1,59
F0395,2022Q2,33
F0395,2022Q3,39
F0395,2022Q4,43
F0395,2023Q1,71
F0395,2023Q2,38
F0395,2023Q3,31
F0395,2023Q4,48
F0395,2024Q1,57
F0395,2024Q2,34
F0395,2024Q3,36
F0395,2024Q4,48
F0395,2025Q1,48
F0395,2025Q2,33
F0395,2025Q3,20
F0395,2025Q4,0
F0395,2026Q1,3
F0395,2026Q2,0
F0396,2021Q3,34
F0396,2021Q4,45
F0396,2022Q1,60
F0396,2022Q2,47
F0396,2022Q3,37
F0396,2022Q4,45
F0396,2023Q1,61
F0396,2023Q2,52
F0396,2023Q3,47
F0396,2023Q4,67
F0396,2024Q1,49
F0396,2024Q2,44
F0396,2024Q3,22
F0396,2024Q4,27
F0396,2025Q1,57
F0396,2025Q2,24
F0396,2025Q3,51
F0396,2025Q4,109
F0396,2026Q1,166
F0396,2026Q2,126
F0397,2021Q3,52
F0397,2021Q4,60
F0397,2022Q1,133
F0397,2022Q2,53
F0397,2022Q3,54
F0397,2022Q4,62
F0397,2023Q1,120
F0397,2023Q2,62
F0397,2023Q3,76
F0397,2023Q4,81
F0397,2024Q1,102
F0397,2024Q2,75
F0397,2024Q3,70
F0397,2024Q4,80
F0397,2025Q1,127
F0397,2025Q2,91
F0397,2025Q3,81
F0397,2025Q4,70
F0397,2026Q1,147
F0397,2026Q2,72
F0398,2021Q3,104
F0398,2021Q4,96
F0398,2022Q1,154
F0398,2022Q2,105
F0398,2022Q3,98
F0398,2022Q4,105
F0398,2023Q1,127
F0398,2023Q2,108
F0398,2023Q3,95
F0398,2023Q4,98
F0398,2024Q1,175
F0398,2024Q2,126
F0398,2024Q3,130
F0398,2024Q4,166
F0398,2025Q1,236
F0398,2025Q2,134
F0398,2025Q3,174
F0398,2025Q4,270
F0398,2026Q1,392
F0398,2026Q2,285
F0399,2021Q3,135
F0399,2021Q4,151
F0399,2022Q1,193
F0399,2022Q2,121
F0399,2022Q3,139
F0399,2022Q4,170
F0399,2023Q1,201
F0399,2023Q2,184
F0399,2023Q3,186
F0399,2023Q4,173
F0399,2024Q1,320
F0399,2024Q2,204
F0399,2024Q3,195
F0399,2024Q4,254
F0399,2025Q1,365
F0399,2025Q2,276
F0399,2025Q3,321
F0399,2025Q4,361
F0399,2026Q1,329
F0399,2026Q2,307
F0400,2021Q3,43
F0400,2021Q4,49
F0400,2022Q1,46
F0400,2022Q2,48
F0400,2022Q3,61
F0400,2022Q4,53
F0400,2023Q1,73
F0400,2023Q2,58
F0400,2023Q3,46
F0400,2023Q4,43
F0400,2024Q1,61
F0400,2024Q2,39
F0400,2024Q3,48
F0400,2024Q4,51
F0400,2025Q1,60
F0400,2025Q2,49
F0400,2025Q3,45
F0400,2025Q4,59
F0400,2026Q1,70
F0400,2026Q2,40
F0401,2021Q3,23
F0401,2021Q4,16
F0401,2022Q1,27
F0401,2022Q2,17
F0401,2022Q3,14
F0401,2022Q4,14
F0401,2023Q1,29
F0401,2023Q2,14
F0401,2023Q3,16
F0401,2023Q4,15
F0401,2024Q1,23
F0401,2024Q2,20
F0401,2024Q3,13
F0401,2024Q4,20
F0401,2025Q1,48
F0401,2025Q2,28
F0401,2025Q3,29
F0401,2025Q4,89
F0401,2026Q1,158
F0401,2026Q2,125
F0402,2021Q3,37
F0402,2021Q4,56
F0402,2022Q1,95
F0402,2022Q2,62
F0402,2022Q3,62
F0402,2022Q4,65
F0402,2023Q1,84
F0402,2023Q2,57
F0402,2023Q3,50
F0402,2023Q4,55
F0402,2024Q1,81
F0402,2024Q2,71
F0402,2024Q3,62
F0402,2024Q4,53
F0402,2025Q1,80
F0402,2025Q2,51
F0402,2025Q3,65
F0402,2025Q4,66
F0402,2026Q1,115
F0402,2026Q2,64
F0403,2021Q3,31
F0403,2021Q4,36
F0403,2022Q1,49
F0403,2022Q2,30
F0403,2022Q3,45
F0403,2022Q4,33
F0403,2023Q1,62
F0403,2023Q2,38
F0403,2023Q3,40
F0403,2023Q4,36
F0403,2024Q1,58
F0403,2024Q2,30
F0403,2024Q3,31
F0403,2024Q4,28
F0403,2025Q1,39
F0403,2025Q2,42
F0403,2025Q3,34
F0403,2025Q4,76
F0403,2026Q1,75
F0403,2026Q2,72
F0404,2021Q3,38
F0404,2021Q4,31
F0404,2022Q1,54
F0404,2022Q2,46
F0404,2022Q3,41
F0404,2022Q4,42
F0404,2023Q1,50
F0404,2023Q2,39
F0404,2023Q3,37
F0404,2023Q4,43
F0404,2024Q1,63
F0404,2024Q2,33
F0404,2024Q3,36
F0404,2024Q4,48
F0404,2025Q1,48
F0404,2025Q2,46
F0404,2025Q3,53
F0404,2025Q4,34
F0404,2026Q1,50
F0404,2026Q2,41
F0405,2021Q3,39
F0405,2021Q4,48
F0405,2022Q1,93
F0405,2022Q2,46
F0405,2022Q3,40
F0405,2022Q4,43
F0405,2023Q1,128
F0405,2023Q2,57
F0405,2023Q3,47
F0405,2023Q4,62
F0405,2024Q1,177
F0405,2024Q2,132
F0405,2024Q3,146
F0405,2024Q4,159
F0405,2025Q1,303
F0405,2025Q2,161
F0405,2025Q3,173
F0405,2025Q4,140
F0405,2026Q1,251
F0405,2026Q2,182
F0406,2021Q3,72
F0406,2021Q4,68
F0406,2022Q1,93
F0406,2022Q2,71
F0406,2022Q3,83
F0406,2022Q4,87
F0406,2023Q1,112
F0406,2023Q2,80
F0406,2023Q3,94
F0406,2023Q4,90
F0406,2024Q1,91
F0406,2024Q2,66
F0406,2024Q3,70
F0406,2024Q4,52
F0406,2025Q1,101
F0406,2025Q2,65
F0406,2025Q3,67
F0406,2025Q4,109
F0406,2026Q1,126
F0406,2026Q2,120
F0407,2021Q3,53
F0407,2021Q4,51
F0407,2022Q1,67
F0407,2022Q2,60
F0407,2022Q3,40
F0407,2022Q4,31
F0407,2023Q1,56
F0407,2023Q2,33
F0407,2023Q3,33
F0407,2023Q4,44
F0407,2024Q1,59
F0407,2024Q2,38
F0407,2024Q3,53
F0407,2024Q4,46
F0407,2025Q1,78
F0407,2025Q2,37
F0407,2025Q3,53
F0407,2025Q4,93
F0407,2026Q1,184
F0407,2026Q2,165
F0408,2021Q3,116
F0408,2021Q4,118
F0408,2022Q1,201
F0408,2022Q2,104
F0408,2022Q3,108
F0408,2022Q4,164
F0408,2023Q1,194
F0408,2023Q2,114
F0408,2023Q3,121
F0408,2023Q4,143
F0408,2024Q1,246
F0408,2024Q2,156
F0408,2024Q3,184
F0408,2024Q4,164
F0408,2025Q1,253
F0408,2025Q2,181
F0408,2025Q3,189
F0408,2025Q4,171
F0408,2026Q1,283
F0408,2026Q2,165
F0409,2021Q3,55
F0409,2021Q4,76
F0409,2022Q1,71
F0409,2022Q2,63
F0409,2022Q3,60
F0409,2022Q4,72
F0409,2023Q1,133
F0409,2023Q2,60
F0409,2023Q3,55
F0409,2023Q4,95
F0409,2024Q1,250
F0409,2024Q2,190
F0409,2024Q3,219
F0409,2024Q4,247
F0409,2025Q1,346
F0409,2025Q2,235
F0409,2025Q3,221
F0409,2025Q4,138
F0409,2026Q1,203
F0409,2026Q2,156
F0410,2021Q3,37
F0410,2021Q4,33
F0410,2022Q1,59
F0410,2022Q2,37
F0410,2022Q3,31
F0410,2022Q4,35
F0410,2023Q1,57
F0410,2023Q2,40
F0410,2023Q3,36
F0410,2023Q4,45
F0410,2024Q1,123
F0410,2024Q2,99
F0410,2024Q3,100
F0410,2024Q4,124
F0410,2025Q1,163
F0410,2025Q2,105
F0410,2025Q3,101
F0410,2025Q4,84
F0410,2026Q1,143
F0410,2026Q2,106
F0411,2021Q3,53
F0411,2021Q4,61
F0411,2022Q1,81
F0411,2022Q2,59
F0411,2022Q3,61
F0411,2022Q4,86
F0411,2023Q1,84
F0411,2023Q2,61
F0411,2023Q3,57
F0411,2023Q4,64
F0411,2024Q1,97
F0411,2024Q2,66
F0411,2024Q3,81
F0411,2024Q4,105
F0411,2025Q1,115
F0411,2025Q2,84
F0411,2025Q3,79
F0411,2025Q4,139
F0411,2026Q1,152
F0411,2026Q2,109
F0412,2021Q3,40
F0412,2021Q4,44
F0412,2022Q1,73
F0412,2022Q2,36
F0412,2022Q3,40
F0412,2022Q4,45
F0412,2023Q1,65
F0412,2023Q2,51
F0412,2023Q3,41
F0412,2023Q4,43
F0412,2024Q1,64
F0412,2024Q2,34
F0412,2024Q3,33
F0412,2024Q4,36
F0412,2025Q1,55
F0412,2025Q2,33
F0412,2025Q3,42
F0412,2025Q4,58
F0412,2026Q1,63
F0412,2026Q2,42
F0413,2021Q3,67
F0413,2021Q4,57
F0413,2022Q1,121
F0413,2022Q2,86
F0413,2022Q3,87
F0413,2022Q4,82
F0413,2023Q1,155
F0413,2023Q2,91
F0413,2023Q3,96
F0413,2023Q4,77
F0413,2024Q1,135
F0413,2024Q2,79
F0413,2024Q3,62
F0413,2024Q4,96
F0413,2025Q1,136
F0413,2025Q2,64
F0413,2025Q3,97
F0413,2025Q4,147
F0413,2026Q1,197
F0413,2026Q2,132
F0414,2021Q3,35
F0414,2021Q4,46
F0414,2022Q1,49
F0414,2022Q2,43
F0414,2022Q3,37
F0414,2022Q4,47
F0414,2023Q1,55
F0414,2023Q2,37
F0414,2023Q3,42
F0414,2023Q4,54
F0414,2024Q1,61
F0414,2024Q2,48
F0414,2024Q3,34
F0414,2024Q4,63
F0414,2025Q1,67
F0414,2025Q2,47
F0414,2025Q3,59
F0414,2025Q4,84
F0414,2026Q1,86
F0414,2026Q2,63
F0415,2021Q3,161
F0415,2021Q4,197
F0415,2022Q1,309
F0415,2022Q2,203
F0415,2022Q3,213
F0415,2022Q4,229
F0415,2023Q1,428
F0415,2023Q2,242
F0415,2023Q3,212
F0415,2023Q4,254
F0415,2024Q1,450
F0415,2024Q2,315
F0415,2024Q3,258
F0415,2024Q4,249
F0415,2025Q1,405
F0415,2025Q2,270
F0415,2025Q3,228
F0415,2025Q4,98
F0415,2026Q1,143
F0415,2026Q2,127
F0416,2021Q3,65
F0416,2021Q4,55
F0416,2022Q1,113
F0416,2022Q2,75
F0416,2022Q3,51
F0416,2022Q4,79
F0416,2023Q1,163
F0416,2023Q2,88
F0416,2023Q3,75
F0416,2023Q4,79
F0416,2024Q1,147
F0416,2024Q2,98
F0416,2024Q3,124
F0416,2024Q4,138
F0416,2025Q1,178
F0416,2025Q2,156
F0416,2025Q3,103
F0416,2025Q4,2
F0416,2026Q1,0
F0416,2026Q2,0
F0417,2021Q3,78
F0417,2021Q4,92
F0417,2022Q1,108
F0417,2022Q2,73
F0417,2022Q3,70
F0417,2022Q4,101
F0417,2023Q1,123
F0417,2023Q2,114
F0417,2023Q3,87
F0417,2023Q4,103
F0417,2024Q1,91
F0417,2024Q2,83
F0417,2024Q3,51
F0417,2024Q4,80
F0417,2025Q1,103
F0417,2025Q2,64
F0417,2025Q3,65
F0417,2025Q4,101
F0417,2026Q1,135
F0417,2026Q2,101
F0418,2021Q3,105
F0418,2021Q4,112
F0418,2022Q1,139
F0418,2022Q2,68
F0418,2022Q3,99
F0418,2022Q4,114
F0418,2023Q1,188
F0418,2023Q2,124
F0418,2023Q3,118
F0418,2023Q4,124
F0418,2024Q1,158
F0418,2024Q2,101
F0418,2024Q3,97
F0418,2024Q4,94
F0418,2025Q1,133
F0418,2025Q2,99
F0418,2025Q3,82
F0418,2025Q4,62
F0418,2026Q1,101
F0418,2026Q2,58
F0419,2021Q3,147
F0419,2021Q4,166
F0419,2022Q1,242
F0419,2022Q2,160
F0419,2022Q3,141
F0419,2022Q4,159
F0419,2023Q1,246
F0419,2023Q2,165
F0419,2023Q3,161
F0419,2023Q4,168
F0419,2024Q1,244
F0419,2024Q2,138
F0419,2024Q3,151
F0419,2024Q4,151
F0419,2025Q1,184
F0419,2025Q2,128
F0419,2025Q3,117
F0419,2025Q4,134
F0419,2026Q1,155
F0419,2026Q2,104
F0420,2021Q3,72
F0420,2021Q4,82
F0420,2022Q1,99
F0420,2022Q2,65
F0420,2022Q3,49
F0420,2022Q4,79
F0420,2023Q1,112
F0420,2023Q2,71
F0420,2023Q3,83
F0420,2023Q4,52
F0420,2024Q1,90
F0420,2024Q2,68
F0420,2024Q3,62
F0420,2024Q4,66
F0420,2025Q1,71
F0420,2025Q2,53
F0420,2025Q3,39
F0420,2025Q4,13
F0420,2026Q1,15
F0420,2026Q2,10
F0421,2021Q3,78
F0421,2021Q4,113
F0421,2022Q1,122
F0421,2022Q2,77
F0421,2022Q3,97
F0421,2022Q4,109
F0421,2023Q1,177
F0421,2023Q2,95
F0421,2023Q3,99
F0421,2023Q4,110
F0421,2024Q1,205
F0421,2024Q2,134
F0421,2024Q3,127
F0421,2024Q4,130
F0421,2025Q1,202
F0421,2025Q2,165
F0421,2025Q3,153
F0421,2025Q4,173
F0421,2026Q1,181
F0421,2026Q2,117
F0422,2021Q3,53
F0422,2021Q4,71
F0422,2022Q1,77
F0422,2022Q2,40
F0422,2022Q3,41
F0422,2022Q4,41
F0422,2023Q1,110
F0422,2023Q2,55
F0422,2023Q3,46
F0422,2023Q4,65
F0422,2024Q1,148
F0422,2024Q2,90
F0422,2024Q3,107
F0422,2024Q4,131
F0422,2025Q1,253
F0422,2025Q2,157
F0422,2025Q3,151
F0422,2025Q4,219
F0422,2026Q1,425
F0422,2026Q2,359
F0423,2021Q3,22
F0423,2021Q4,30
F0423,2022Q1,27
F0423,2022Q2,17
F0423,2022Q3,30
F0423,2022Q4,36
F0423,2023Q1,37
F0423,2023Q2,25
F0423,2023Q3,35
F0423,2023Q4,31
F0423,2024Q1,31
F0423,2024Q2,23
F0423,2024Q3,13
F0423,2024Q4,12
F0423,2025Q1,28
F0423,2025Q2,14
F0423,2025Q3,19
F0423,2025Q4,80
F0423,2026Q1,101
F0423,2026Q2,87
F0424,2021Q3,105
F0424,2021Q4,145
F0424,2022Q1,148
F0424,2022Q2,98
F0424,2022Q3,99
F0424,2022Q4,101
F0424,2023Q1,142
F0424,2023Q2,95
F0424,2023Q3,99
F0424,2023Q4,97
F0424,2024Q1,129
F0424,2024Q2,78
F0424,2024Q3,91
F0424,2024Q4,66
F0424,2025Q1,114
F0424,2025Q2,70
F0424,2025Q3,84
F0424,2025Q4,175
F0424,2026Q1,201
F0424,2026Q2,123
F0425,2021Q3,44
F0425,2021Q4,44
F0425,2022Q1,79
F0425,2022Q2,28
F0425,2022Q3,29
F0425,2022Q4,42
F0425,2023Q1,85
F0425,2023Q2,46
F0425,2023Q3,49
F0425,2023Q4,51
F0425,2024Q1,87
F0425,2024Q2,45
F0425,2024Q3,37
F0425,2024Q4,43
F0425,2025Q1,75
F0425,2025Q2,40
F0425,2025Q3,53
F0425,2025Q4,51
F0425,2026Q1,95
F0425,2026Q2,49
F0426,2021Q3,35
F0426,2021Q4,43
F0426,2022Q1,62
F0426,2022Q2,30
F0426,2022Q3,31
F0426,2022Q4,40
F0426,2023Q1,69
F0426,2023Q2,40
F0426,2023Q3,43
F0426,2023Q4,47
F0426,2024Q1,35
F0426,2024Q2,33
F0426,2024Q3,32
F0426,2024Q4,28
F0426,2025Q1,33
F0426,2025Q2,21
F0426,2025Q3,32
F0426,2025Q4,41
F0426,2026Q1,54
F0426,2026Q2,43
F0427,2021Q3,21
F0427,2021Q4,25
F0427,2022Q1,27
F0427,2022Q2,25
F0427,2022Q3,25
F0427,2022Q4,16
F0427,2023Q1,22
F0427,2023Q2,16
F0427,2023Q3,25
F0427,2023Q4,22
F0427,2024Q1,23
F0427,2024Q2,35
F0427,2024Q3,21
F0427,2024Q4,26
F0427,2025Q1,33
F0427,2025Q2,18
F0427,2025Q3,12
F0427,2025Q4,3
F0427,2026Q1,8
F0427,2026Q2,6
F0428,2021Q3,128
F0428,2021Q4,156
F0428,2022Q1,209
F0428,2022Q2,145
F0428,2022Q3,120
F0428,2022Q4,126
F0428,2023Q1,189
F0428,2023Q2,148
F0428,2023Q3,123
F0428,2023Q4,128
F0428,2024Q1,176
F0428,2024Q2,134
F0428,2024Q3,122
F0428,2024Q4,132
F0428,2025Q1,148
F0428,2025Q2,137
F0428,2025Q3,121
F0428,2025Q4,99
F0428,2026Q1,144
F0428,2026Q2,93
F0429,2021Q3,13
F0429,2021Q4,21
F0429,2022Q1,49
F0429,2022Q2,20
F0429,2022Q3,21
F0429,2022Q4,29
F0429,2023Q1,44
F0429,2023Q2,15
F0429,2023Q3,21
F0429,2023Q4,20
F0429,2024Q1,57
F0429,2024Q2,27
F0429,2024Q3,36
F0429,2024Q4,32
F0429,2025Q1,57
F0429,2025Q2,26
F0429,2025Q3,32
F0429,2025Q4,49
F0429,2026Q1,61
F0429,2026Q2,30
F0430,2021Q3,42
F0430,2021Q4,43
F0430,2022Q1,44
F0430,2022Q2,28
F0430,2022Q3,19
F0430,2022Q4,22
F0430,2023Q1,62
F0430,2023Q2,32
F0430,2023Q3,38
F0430,2023Q4,30
F0430,2024Q1,59
F0430,2024Q2,51
F0430,2024Q3,58
F0430,2024Q4,67
F0430,2025Q1,90
F0430,2025Q2,65
F0430,2025Q3,47
F0430,2025Q4,23
F0430,2026Q1,42
F0430,2026Q2,45
F0431,2021Q3,56
F0431,2021Q4,54
F0431,2022Q1,89
F0431,2022Q2,67
F0431,2022Q3,59
F0431,2022Q4,66
F0431,2023Q1,96
F0431,2023Q2,58
F0431,2023Q3,69
F0431,2023Q4,60
F0431,2024Q1,104
F0431,2024Q2,83
F0431,2024Q3,88
F0431,2024Q4,107
F0431,2025Q1,167
F0431,2025Q2,97
F0431,2025Q3,102
F0431,2025Q4,165
F0431,2026Q1,173
F0431,2026Q2,152
F0432,2021Q3,80
F0432,2021Q4,79
F0432,2022Q1,109
F0432,2022Q2,82
F0432,2022Q3,75
F0432,2022Q4,81
F0432,2023Q1,120
F0432,2023Q2,90
F0432,2023Q3,82
F0432,2023Q4,100
F0432,2024Q1,106
F0432,2024Q2,68
F0432,2024Q3,79
F0432,2024Q4,63
F0432,2025Q1,95
F0432,2025Q2,78
F0432,2025Q3,71
F0432,2025Q4,142
F0432,2026Q1,205
F0432,2026Q2,143
F0433,2021Q3,32
F0433,2021Q4,42
F0433,2022Q1,63
F0433,2022Q2,27
F0433,2022Q3,45
F0433,2022Q4,42
F0433,2023Q1,78
F0433,2023Q2,60
F0433,2023Q3,37
F0433,2023Q4,39
F0433,2024Q1,96
F0433,2024Q2,41
F0433,2024Q3,45
F0433,2024Q4,63
F0433,2025Q1,115
F0433,2025Q2,63
F0433,2025Q3,67
F0433,2025Q4,96
F0433,2026Q1,139
F0433,2026Q2,106
F0434,2021Q3,73
F0434,2021Q4,65
F0434,2022Q1,95
F0434,2022Q2,69
F0434,2022Q3,72
F0434,2022Q4,88
F0434,2023Q1,143
F0434,2023Q2,100
F0434,2023Q3,91
F0434,2023Q4,102
F0434,2024Q1,151
F0434,2024Q2,128
F0434,2024Q3,113
F0434,2024Q4,110
F0434,2025Q1,174
F0434,2025Q2,117
F0434,2025Q3,110
F0434,2025Q4,158
F0434,2026Q1,179
F0434,2026Q2,181
F0435,2021Q3,41
F0435,2021Q4,45
F0435,2022Q1,56
F0435,2022Q2,32
F0435,2022Q3,30
F0435,2022Q4,34
F0435,2023Q1,72
F0435,2023Q2,49
F0435,2023Q3,32
F0435,2023Q4,33
F0435,2024Q1,48
F0435,2024Q2,28
F0435,2024Q3,25
F0435,2024Q4,29
F0435,2025Q1,51
F0435,2025Q2,28
F0435,2025Q3,37
F0435,2025Q4,61
F0435,2026Q1,83
F0435,2026Q2,42
F0436,2021Q3,29
F0436,2021Q4,23
F0436,2022Q1,30
F0436,2022Q2,23
F0436,2022Q3,24
F0436,2022Q4,26
F0436,2023Q1,50
F0436,2023Q2,23
F0436,2023Q3,28
F0436,2023Q4,35
F0436,2024Q1,34
F0436,2024Q2,29
F0436,2024Q3,26
F0436,2024Q4,32
F0436,2025Q1,45
F0436,2025Q2,23
F0436,2025Q3,33
F0436,2025Q4,75
F0436,2026Q1,72
F0436,2026Q2,84
F0437,2021Q3,26
F0437,2021Q4,40
F0437,2022Q1,58
F0437,2022Q2,36
F0437,2022Q3,43
F0437,2022Q4,51
F0437,2023Q1,49
F0437,2023Q2,33
F0437,2023Q3,41
F0437,2023Q4,31
F0437,2024Q1,56
F0437,2024Q2,24
F0437,2024Q3,26
F0437,2024Q4,25
F0437,2025Q1,38
F0437,2025Q2,22
F0437,2025Q3,34
F0437,2025Q4,60
F0437,2026Q1,85
F0437,2026Q2,52
F0438,2021Q3,68
F0438,2021Q4,70
F0438,2022Q1,79
F0438,2022Q2,61
F0438,2022Q3,71
F0438,2022Q4,90
F0438,2023Q1,94
F0438,2023Q2,67
F0438,2023Q3,73
F0438,2023Q4,75
F0438,2024Q1,105
F0438,2024Q2,60
F0438,2024Q3,72
F0438,2024Q4,80
F0438,2025Q1,92
F0438,2025Q2,72
F0438,2025Q3,65
F0438,2025Q4,94
F0438,2026Q1,133
F0438,2026Q2,116
F0439,2021Q3,24
F0439,2021Q4,39
F0439,2022Q1,49
F0439,2022Q2,26
F0439,2022Q3,27
F0439,2022Q4,33
F0439,2023Q1,49
F0439,2023Q2,30
F0439,2023Q3,55
F0439,2023Q4,43
F0439,2024Q1,40
F0439,2024Q2,41
F0439,2024Q3,39
F0439,2024Q4,51
F0439,2025Q1,64
F0439,2025Q2,39
F0439,2025Q3,36
F0439,2025Q4,76
F0439,2026Q1,92
F0439,2026Q2,68
F0440,2021Q3,38
F0440,2021Q4,27
F0440,2022Q1,42
F0440,2022Q2,30
F0440,2022Q3,20
F0440,2022Q4,21
F0440,2023Q1,55
F0440,2023Q2,31
F0440,2023Q3,23
F0440,2023Q4,28
F0440,2024Q1,77
F0440,2024Q2,52
F0440,2024Q3,69
F0440,2024Q4,63
F0440,2025Q1,101
F0440,2025Q2,91
F0440,2025Q3,56
F0440,2025Q4,67
F0440,2026Q1,127
F0440,2026Q2,93
F0441,2021Q3,11
F0441,2021Q4,11
F0441,2022Q1,22
F0441,2022Q2,10
F0441,2022Q3,14
F0441,2022Q4,17
F0441,2023Q1,19
F0441,2023Q2,14
F0441,2023Q3,11
F0441,2023Q4,5
F0441,2024Q1,30
F0441,2024Q2,28
F0441,2024Q3,15
F0441,2024Q4,34
F0441,2025Q1,41
F0441,2025Q2,31
F0441,2025Q3,36
F0441,2025Q4,37
F0441,2026Q1,47
F0441,2026Q2,58
F0442,2021Q3,67
F0442,2021Q4,62
F0442,2022Q1,113
F0442,2022Q2,55
F0442,2022Q3,59
F0442,2022Q4,72
F0442,2023Q1,160
F0442,2023Q2,75
F0442,2023Q3,69
F0442,2023Q4,76
F0442,2024Q1,243
F0442,2024Q2,189
F0442,2024Q3,187
F0442,2024Q4,269
F0442,2025Q1,365
F0442,2025Q2,277
F0442,2025Q3,241
F0442,2025Q4,233
F0442,2026Q1,386
F0442,2026Q2,324
F0443,2021Q3,85
F0443,2021Q4,86
F0443,2022Q1,127
F0443,2022Q2,74
F0443,2022Q3,82
F0443,2022Q4,78
F0443,2023Q1,158
F0443,2023Q2,86
F0443,2023Q3,70
F0443,2023Q4,86
F0443,2024Q1,169
F0443,2024Q2,90
F0443,2024Q3,111
F0443,2024Q4,132
F0443,2025Q1,196
F0443,2025Q2,103
F0443,2025Q3,91
F0443,2025Q4,95
F0443,2026Q1,143
F0443,2026Q2,113
F0444,2021Q3,49
F0444,2021Q4,46
F0444,2022Q1,61
F0444,2022Q2,59
F0444,2022Q3,66
F0444,2022Q4,49
F0444,2023Q1,73
F0444,2023Q2,62
F0444,2023Q3,69
F0444,2023Q4,58
F0444,2024Q1,62
F0444,2024Q2,48
F0444,2024Q3,31
F0444,2024Q4,33
F0444,2025Q1,61
F0444,2025Q2,27
F0444,2025Q3,40
F0444,2025Q4,67
F0444,2026Q1,87
F0444,2026Q2,40
F0445,2021Q3,44
F0445,2021Q4,62
F0445,2022Q1,106
F0445,2022Q2,58
F0445,2022Q3,59
F0445,2022Q4,78
F0445,2023Q1,104
F0445,2023Q2,62
F0445,2023Q3,59
F0445,2023Q4,66
F0445,2024Q1,129
F0445,2024Q2,74
F0445,2024Q3,87
F0445,2024Q4,74
F0445,2025Q1,134
F0445,2025Q2,76
F0445,2025Q3,100
F0445,2025Q4,75
F0445,2026Q1,124
F0445,2026Q2,86
F0446,2021Q3,111
F0446,2021Q4,107
F0446,2022Q1,158
F0446,2022Q2,127
F0446,2022Q3,121
F0446,2022Q4,143
F0446,2023Q1,214
F0446,2023Q2,136
F0446,2023Q3,122
F0446,2023Q4,111
F0446,2024Q1,179
F0446,2024Q2,150
F0446,2024Q3,129
F0446,2024Q4,133
F0446,2025Q1,201
F0446,2025Q2,177
F0446,2025Q3,169
F0446,2025Q4,262
F0446,2026Q1,328
F0446,2026Q2,239
F0447,2021Q3,65
F0447,2021Q4,60
F0447,2022Q1,68
F0447,2022Q2,62
F0447,2022Q3,55
F0447,2022Q4,75
F0447,2023Q1,98
F0447,2023Q2,55
F0447,2023Q3,76
F0447,2023Q4,69
F0447,2024Q1,139
F0447,2024Q2,121
F0447,2024Q3,141
F0447,2024Q4,162
F0447,2025Q1,183
F0447,2025Q2,171
F0447,2025Q3,117
F0447,2025Q4,2
F0447,2026Q1,3
F0447,2026Q2,5
F0448,2021Q3,93
F0448,2021Q4,85
F0448,2022Q1,105
F0448,2022Q2,88
F0448,2022Q3,73
F0448,2022Q4,101
F0448,2023Q1,128
F0448,2023Q2,77
F0448,2023Q3,86
F0448,2023Q4,91
F0448,2024Q1,81
F0448,2024Q2,55
F0448,2024Q3,54
F0448,2024Q4,37
F0448,2025Q1,68
F0448,2025Q2,35
F0448,2025Q3,63
F0448,2025Q4,167
F0448,2026Q1,147
F0448,2026Q2,128
F0449,2021Q3,65
F0449,2021Q4,67
F0449,2022Q1,124
F0449,2022Q2,68
F0449,2022Q3,67
F0449,2022Q4,97
F0449,2023Q1,153
F0449,2023Q2,80
F0449,2023Q3,71
F0449,2023Q4,92
F0449,2024Q1,155
F0449,2024Q2,92
F0449,2024Q3,113
F0449,2024Q4,113
F0449,2025Q1,179
F0449,2025Q2,140
F0449,2025Q3,117
F0449,2025Q4,84
F0449,2026Q1,115
F0449,2026Q2,82
F0450,2021Q3,46
F0450,2021Q4,58
F0450,2022Q1,90
F0450,2022Q2,62
F0450,2022Q3,66
F0450,2022Q4,69
F0450,2023Q1,88
F0450,2023Q2,64
F0450,2023Q3,55
F0450,2023Q4,55
F0450,2024Q1,73
F0450,2024Q2,47
F0450,2024Q3,42
F0450,2024Q4,74
F0450,2025Q1,53
F0450,2025Q2,46
F0450,2025Q3,47
F0450,2025Q4,61
F0450,2026Q1,58
F0450,2026Q2,69
F0451,2021Q3,59
F0451,2021Q4,81
F0451,2022Q1,161
F0451,2022Q2,80
F0451,2022Q3,57
F0451,2022Q4,126
F0451,2023Q1,203
F0451,2023Q2,112
F0451,2023Q3,84
F0451,2023Q4,93
F0451,2024Q1,283
F0451,2024Q2,202
F0451,2024Q3,197
F0451,2024Q4,264
F0451,2025Q1,446
F0451,2025Q2,296
F0451,2025Q3,282
F0451,2025Q4,299
F0451,2026Q1,456
F0451,2026Q2,287
F0452,2021Q3,29
F0452,2021Q4,27
F0452,2022Q1,42
F0452,2022Q2,21
F0452,2022Q3,19
F0452,2022Q4,22
F0452,2023Q1,29
F0452,2023Q2,36
F0452,2023Q3,16
F0452,2023Q4,29
F0452,2024Q1,44
F0452,2024Q2,31
F0452,2024Q3,28
F0452,2024Q4,35
F0452,2025Q1,63
F0452,2025Q2,44
F0452,2025Q3,35
F0452,2025Q4,57
F0452,2026Q1,76
F0452,2026Q2,54
F0453,2021Q3,60
F0453,2021Q4,62
F0453,2022Q1,106
F0453,2022Q2,60
F0453,2022Q3,53
F0453,2022Q4,54
F0453,2023Q1,103
F0453,2023Q2,59
F0453,2023Q3,53
F0453,2023Q4,72
F0453,2024Q1,68
F0453,2024Q2,66
F0453,2024Q3,67
F0453,2024Q4,60
F0453,2025Q1,100
F0453,2025Q2,68
F0453,2025Q3,62
F0453,2025Q4,81
F0453,2026Q1,95
F0453,2026Q2,74
F0454,2021Q3,65
F0454,2021Q4,49
F0454,2022Q1,81
F0454,2022Q2,67
F0454,2022Q3,55
F0454,2022Q4,59
F0454,2023Q1,69
F0454,2023Q2,76
F0454,2023Q3,50
F0454,2023Q4,61
F0454,2024Q1,67
F0454,2024Q2,55
F0454,2024Q3,42
F0454,2024Q4,34
F0454,2025Q1,46
F0454,2025Q2,40
F0454,2025Q3,68
F0454,2025Q4,94
F0454,2026Q1,120
F0454,2026Q2,88
F0455,2021Q3,103
F0455,2021Q4,100
F0455,2022Q1,140
F0455,2022Q2,108
F0455,2022Q3,107
F0455,2022Q4,112
F0455,2023Q1,125
F0455,2023Q2,103
F0455,2023Q3,120
F0455,2023Q4,89
F0455,2024Q1,143
F0455,2024Q2,81
F0455,2024Q3,104
F0455,2024Q4,100
F0455,2025Q1,120
F0455,2025Q2,76
F0455,2025Q3,95
F0455,2025Q4,88
F0455,2026Q1,112
F0455,2026Q2,72
F0456,2021Q3,38
F0456,2021Q4,29
F0456,2022Q1,45
F0456,2022Q2,38
F0456,2022Q3,26
F0456,2022Q4,24
F0456,2023Q1,59
F0456,2023Q2,36
F0456,2023Q3,43
F0456,2023Q4,48
F0456,2024Q1,63
F0456,2024Q2,48
F0456,2024Q3,33
F0456,2024Q4,48
F0456,2025Q1,62
F0456,2025Q2,52
F0456,2025Q3,52
F0456,2025Q4,148
F0456,2026Q1,165
F0456,2026Q2,142
F0457,2021Q3,24
F0457,2021Q4,29
F0457,2022Q1,61
F0457,2022Q2,40
F0457,2022Q3,25
F0457,2022Q4,38
F0457,2023Q1,67
F0457,2023Q2,24
F0457,2023Q3,40
F0457,2023Q4,39
F0457,2024Q1,73
F0457,2024Q2,41
F0457,2024Q3,62
F0457,2024Q4,44
F0457,2025Q1,105
F0457,2025Q2,74
F0457,2025Q3,56
F0457,2025Q4,59
F0457,2026Q1,63
F0457,2026Q2,51
F0458,2021Q3,30
F0458,2021Q4,49
F0458,2022Q1,59
F0458,2022Q2,41
F0458,2022Q3,53
F0458,2022Q4,37
F0458,2023Q1,83
F0458,2023Q2,58
F0458,2023Q3,42
F0458,2023Q4,41
F0458,2024Q1,63
F0458,2024Q2,43
F0458,2024Q3,44
F0458,2024Q4,39
F0458,2025Q1,71
F0458,2025Q2,45
F0458,2025Q3,59
F0458,2025Q4,93
F0458,2026Q1,82
F0458,2026Q2,64
F0459,2021Q3,25
F0459,2021Q4,39
F0459,2022Q1,50
F0459,2022Q2,34
F0459,2022Q3,38
F0459,2022Q4,43
F0459,2023Q1,63
F0459,2023Q2,47
F0459,2023Q3,35
F0459,2023Q4,52
F0459,2024Q1,134
F0459,2024Q2,104
F0459,2024Q3,81
F0459,2024Q4,129
F0459,2025Q1,171
F0459,2025Q2,114
F0459,2025Q3,131
F0459,2025Q4,160
F0459,2026Q1,181
F0459,2026Q2,161
F0460,2021Q3,96
F0460,2021Q4,94
F0460,2022Q1,131
F0460,2022Q2,107
F0460,2022Q3,124
F0460,2022Q4,110
F0460,2023Q1,155
F0460,2023Q2,120
F0460,2023Q3,95
F0460,2023Q4,96
F0460,2024Q1,101
F0460,2024Q2,86
F0460,2024Q3,90
F0460,2024Q4,100
F0460,2025Q1,104
F0460,2025Q2,74
F0460,2025Q3,64
F0460,2025Q4,40
F0460,2026Q1,52
F0460,2026Q2,43
F0461,2021Q3,29
F0461,2021Q4,32
F0461,2022Q1,82
F0461,2022Q2,41
F0461,2022Q3,33
F0461,2022Q4,45
F0461,2023Q1,116
F0461,2023Q2,41
F0461,2023Q3,52
F0461,2023Q4,65
F0461,2024Q1,179
F0461,2024Q2,107
F0461,2024Q3,118
F0461,2024Q4,132
F0461,2025Q1,234
F0461,2025Q2,148
F0461,2025Q3,116
F0461,2025Q4,70
F0461,2026Q1,113
F0461,2026Q2,69
F0462,2021Q3,72
F0462,2021Q4,75
F0462,2022Q1,99
F0462,2022Q2,61
F0462,2022Q3,58
F0462,2022Q4,74
F0462,2023Q1,109
F0462,2023Q2,64
F0462,2023Q3,63
F0462,2023Q4,67
F0462,2024Q1,106
F0462,2024Q2,78
F0462,2024Q3,88
F0462,2024Q4,104
F0462,2025Q1,158
F0462,2025Q2,99
F0462,2025Q3,95
F0462,2025Q4,189
F0462,2026Q1,307
F0462,2026Q2,222
F0463,2021Q3,95
F0463,2021Q4,92
F0463,2022Q1,132
F0463,2022Q2,115
F0463,2022Q3,121
F0463,2022Q4,114
F0463,2023Q1,173
F0463,2023Q2,125
F0463,2023Q3,106
F0463,2023Q4,141
F0463,2024Q1,124
F0463,2024Q2,87
F0463,2024Q3,89
F0463,2024Q4,89
F0463,2025Q1,120
F0463,2025Q2,82
F0463,2025Q3,102
F0463,2025Q4,191
F0463,2026Q1,292
F0463,2026Q2,192
F0464,2021Q3,48
F0464,2021Q4,59
F0464,2022Q1,100
F0464,2022Q2,46
F0464,2022Q3,43
F0464,2022Q4,57
F0464,2023Q1,83
F0464,2023Q2,49
F0464,2023Q3,62
F0464,2023Q4,50
F0464,2024Q1,128
F0464,2024Q2,81
F0464,2024Q3,78
F0464,2024Q4,63
F0464,2025Q1,149
F0464,2025Q2,91
F0464,2025Q3,79
F0464,2025Q4,137
F0464,2026Q1,179
F0464,2026Q2,125
F0465,2021Q3,22
F0465,2021Q4,21
F0465,2022Q1,25
F0465,2022Q2,19
F0465,2022Q3,23
F0465,2022Q4,21
F0465,2023Q1,29
F0465,2023Q2,26
F0465,2023Q3,25
F0465,2023Q4,19
F0465,2024Q1,29
F0465,2024Q2,18
F0465,2024Q3,28
F0465,2024Q4,26
F0465,2025Q1,32
F0465,2025Q2,16
F0465,2025Q3,35
F0465,2025Q4,67
F0465,2026Q1,60
F0465,2026Q2,53
F0466,2021Q3,49
F0466,2021Q4,66
F0466,2022Q1,95
F0466,2022Q2,51
F0466,2022Q3,59
F0466,2022Q4,75
F0466,2023Q1,101
F0466,2023Q2,71
F0466,2023Q3,65
F0466,2023Q4,70
F0466,2024Q1,102
F0466,2024Q2,43
F0466,2024Q3,45
F0466,2024Q4,49
F0466,2025Q1,93
F0466,2025Q2,48
F0466,2025Q3,50
F0466,2025Q4,68
F0466,2026Q1,72
F0466,2026Q2,58
F0467,2021Q3,83
F0467,2021Q4,65
F0467,2022Q1,83
F0467,2022Q2,77
F0467,2022Q3,55
F0467,2022Q4,78
F0467,2023Q1,78
F0467,2023Q2,57
F0467,2023Q3,76
F0467,2023Q4,69
F0467,2024Q1,107
F0467,2024Q2,68
F0467,2024Q3,70
F0467,2024Q4,113
F0467,2025Q1,134
F0467,2025Q2,81
F0467,2025Q3,90
F0467,2025Q4,137
F0467,2026Q1,166
F0467,2026Q2,146
F0468,2021Q3,32
F0468,2021Q4,44
F0468,2022Q1,42
F0468,2022Q2,35
F0468,2022Q3,32
F0468,2022Q4,37
F0468,2023Q1,53
F0468,2023Q2,32
F0468,2023Q3,37
F0468,2023Q4,42
F0468,2024Q1,46
F0468,2024Q2,38
F0468,2024Q3,37
F0468,2024Q4,21
F0468,2025Q1,40
F0468,2025Q2,28
F0468,2025Q3,31
F0468,2025Q4,81
F0468,2026Q1,108
F0468,2026Q2,71
F0469,2021Q3,45
F0469,2021Q4,53
F0469,2022Q1,75
F0469,2022Q2,59
F0469,2022Q3,38
F0469,2022Q4,59
F0469,2023Q1,106
F0469,2023Q2,57
F0469,2023Q3,63
F0469,2023Q4,68
F0469,2024Q1,99
F0469,2024Q2,78
F0469,2024Q3,64
F0469,2024Q4,75
F0469,2025Q1,209
F0469,2025Q2,120
F0469,2025Q3,217
F0469,2025Q4,501
F0469,2026Q1,706
F0469,2026Q2,517
F0470,2021Q3,53
F0470,2021Q4,58
F0470,2022Q1,71
F0470,2022Q2,60
F0470,2022Q3,48
F0470,2022Q4,44
F0470,2023Q1,100
F0470,2023Q2,44
F0470,2023Q3,60
F0470,2023Q4,44
F0470,2024Q1,103
F0470,2024Q2,70
F0470,2024Q3,64
F0470,2024Q4,88
F0470,2025Q1,123
F0470,2025Q2,93
F0470,2025Q3,101
F0470,2025Q4,206
F0470,2026Q1,271
F0470,2026Q2,236
F0471,2021Q3,20
F0471,2021Q4,17
F0471,2022Q1,26
F0471,2022Q2,15
F0471,2022Q3,19
F0471,2022Q4,18
F0471,2023Q1,25
F0471,2023Q2,27
F0471,2023Q3,18
F0471,2023Q4,19
F0471,2024Q1,20
F0471,2024Q2,10
F0471,2024Q3,14
F0471,2024Q4,20
F0471,2025Q1,28
F0471,2025Q2,18
F0471,2025Q3,18
F0471,2025Q4,57
F0471,2026Q1,90
F0471,2026Q2,67
F0472,2021Q3,32
F0472,2021Q4,29
F0472,2022Q1,25
F0472,2022Q2,25
F0472,2022Q3,30
F0472,2022Q4,30
F0472,2023Q1,32
F0472,2023Q2,35
F0472,2023Q3,20
F0472,2023Q4,23
F0472,2024Q1,67
F0472,2024Q2,39
F0472,2024Q3,39
F0472,2024Q4,51
F0472,2025Q1,84
F0472,2025Q2,51
F0472,2025Q3,59
F0472,2025Q4,68
F0472,2026Q1,104
F0472,2026Q2,90
F0473,2021Q3,65
F0473,2021Q4,58
F0473,2022Q1,68
F0473,2022Q2,58
F0473,2022Q3,63
F0473,2022Q4,66
F0473,2023Q1,74
F0473,2023Q2,64
F0473,2023Q3,63
F0473,2023Q4,77
F0473,2024Q1,59
F0473,2024Q2,55
F0473,2024Q3,46
F0473,2024Q4,40
F0473,2025Q1,61
F0473,2025Q2,48
F0473,2025Q3,54
F0473,2025Q4,127
F0473,2026Q1,139
F0473,2026Q2,139
F0474,2021Q3,53
F0474,2021Q4,46
F0474,2022Q1,85
F0474,2022Q2,60
F0474,2022Q3,35
F0474,2022Q4,39
F0474,2023Q1,107
F0474,2023Q2,44
F0474,2023Q3,41
F0474,2023Q4,69
F0474,2024Q1,102
F0474,2024Q2,67
F0474,2024Q3,90
F0474,2024Q4,103
F0474,2025Q1,128
F0474,2025Q2,69
F0474,2025Q3,93
F0474,2025Q4,129
F0474,2026Q1,173
F0474,2026Q2,113
F0475,2021Q3,142
F0475,2021Q4,125
F0475,2022Q1,184
F0475,2022Q2,132
F0475,2022Q3,130
F0475,2022Q4,141
F0475,2023Q1,334
F0475,2023Q2,177
F0475,2023Q3,134
F0475,2023Q4,170
F0475,2024Q1,561
F0475,2024Q2,325
F0475,2024Q3,343
F0475,2024Q4,484
F0475,2025Q1,636
F0475,2025Q2,410
F0475,2025Q3,223
F0475,2025Q4,3
F0475,2026Q1,5
F0475,2026Q2,5
F0476,2021Q3,80
F0476,2021Q4,92
F0476,2022Q1,149
F0476,2022Q2,97
F0476,2022Q3,79
F0476,2022Q4,113
F0476,2023Q1,161
F0476,2023Q2,92
F0476,2023Q3,97
F0476,2023Q4,93
F0476,2024Q1,146
F0476,2024Q2,103
F0476,2024Q3,81
F0476,2024Q4,95
F0476,2025Q1,160
F0476,2025Q2,84
F0476,2025Q3,103
F0476,2025Q4,137
F0476,2026Q1,188
F0476,2026Q2,96
F0477,2021Q3,48
F0477,2021Q4,61
F0477,2022Q1,93
F0477,2022Q2,49
F0477,2022Q3,61
F0477,2022Q4,68
F0477,2023Q1,106
F0477,2023Q2,70
F0477,2023Q3,66
F0477,2023Q4,86
F0477,2024Q1,105
F0477,2024Q2,81
F0477,2024Q3,67
F0477,2024Q4,73
F0477,2025Q1,113
F0477,2025Q2,81
F0477,2025Q3,79
F0477,2025Q4,98
F0477,2026Q1,105
F0477,2026Q2,93
F0478,2021Q3,22
F0478,2021Q4,24
F0478,2022Q1,30
F0478,2022Q2,20
F0478,2022Q3,19
F0478,2022Q4,24
F0478,2023Q1,44
F0478,2023Q2,25
F0478,2023Q3,20
F0478,2023Q4,23
F0478,2024Q1,37
F0478,2024Q2,22
F0478,2024Q3,26
F0478,2024Q4,25
F0478,2025Q1,34
F0478,2025Q2,35
F0478,2025Q3,27
F0478,2025Q4,37
F0478,2026Q1,67
F0478,2026Q2,73
F0479,2021Q3,150
F0479,2021Q4,158
F0479,2022Q1,239
F0479,2022Q2,158
F0479,2022Q3,147
F0479,2022Q4,182
F0479,2023Q1,260
F0479,2023Q2,170
F0479,2023Q3,162
F0479,2023Q4,178
F0479,2024Q1,298
F0479,2024Q2,198
F0479,2024Q3,167
F0479,2024Q4,217
F0479,2025Q1,325
F0479,2025Q2,250
F0479,2025Q3,274
F0479,2025Q4,322
F0479,2026Q1,405
F0479,2026Q2,283
F0480,2021Q3,10
F0480,2021Q4,12
F0480,2022Q1,23
F0480,2022Q2,16
F0480,2022Q3,13
F0480,2022Q4,24
F0480,2023Q1,23
F0480,2023Q2,11
F0480,2023Q3,20
F0480,2023Q4,18
F0480,2024Q1,56
F0480,2024Q2,36
F0480,2024Q3,41
F0480,2024Q4,42
F0480,2025Q1,60
F0480,2025Q2,47
F0480,2025Q3,35
F0480,2025Q4,2
F0480,2026Q1,2
F0480,2026Q2,2
F0481,2021Q3,32
F0481,2021Q4,39
F0481,2022Q1,41
F0481,2022Q2,25
F0481,2022Q3,29
F0481,2022Q4,32
F0481,2023Q1,54
F0481,2023Q2,28
F0481,2023Q3,37
F0481,2023Q4,37
F0481,2024Q1,112
F0481,2024Q2,71
F0481,2024Q3,83
F0481,2024Q4,96
F0481,2025Q1,100
F0481,2025Q2,78
F0481,2025Q3,64
F0481,2025Q4,1
F0481,2026Q1,0
F0481,2026Q2,0
F0482,2021Q3,73
F0482,2021Q4,93
F0482,2022Q1,135
F0482,2022Q2,113
F0482,2022Q3,116
F0482,2022Q4,104
F0482,2023Q1,218
F0482,2023Q2,124
F0482,2023Q3,121
F0482,2023Q4,136
F0482,2024Q1,226
F0482,2024Q2,142
F0482,2024Q3,142
F0482,2024Q4,194
F0482,2025Q1,264
F0482,2025Q2,165
F0482,2025Q3,207
F0482,2025Q4,212
F0482,2026Q1,343
F0482,2026Q2,233
F0483,2021Q3,137
F0483,2021Q4,143
F0483,2022Q1,212
F0483,2022Q2,149
F0483,2022Q3,147
F0483,2022Q4,149
F0483,2023Q1,264
F0483,2023Q2,155
F0483,2023Q3,144
F0483,2023Q4,157
F0483,2024Q1,174
F0483,2024Q2,108
F0483,2024Q3,83
F0483,2024Q4,72
F0483,2025Q1,231
F0483,2025Q2,104
F0483,2025Q3,260
F0483,2025Q4,772
F0483,2026Q1,1162
F0483,2026Q2,811
F0484,2021Q3,132
F0484,2021Q4,146
F0484,2022Q1,200
F0484,2022Q2,112
F0484,2022Q3,121
F0484,2022Q4,159
F0484,2023Q1,214
F0484,2023Q2,141
F0484,2023Q3,145
F0484,2023Q4,134
F0484,2024Q1,218
F0484,2024Q2,144
F0484,2024Q3,130
F0484,2024Q4,159
F0484,2025Q1,239
F0484,2025Q2,180
F0484,2025Q3,162
F0484,2025Q4,134
F0484,2026Q1,161
F0484,2026Q2,121
F0485,2021Q3,110
F0485,2021Q4,112
F0485,2022Q1,208
F0485,2022Q2,108
F0485,2022Q3,108
F0485,2022Q4,124
F0485,2023Q1,201
F0485,2023Q2,103
F0485,2023Q3,123
F0485,2023Q4,132
F0485,2024Q1,220
F0485,2024Q2,135
F0485,2024Q3,148
F0485,2024Q4,149
F0485,2025Q1,230
F0485,2025Q2,142
F0485,2025Q3,158
F0485,2025Q4,233
F0485,2026Q1,299
F0485,2026Q2,237
F0486,2021Q3,22
F0486,2021Q4,25
F0486,2022Q1,30
F0486,2022Q2,24
F0486,2022Q3,26
F0486,2022Q4,26
F0486,2023Q1,29
F0486,2023Q2,22
F0486,2023Q3,25
F0486,2023Q4,24
F0486,2024Q1,28
F0486,2024Q2,19
F0486,2024Q3,12
F0486,2024Q4,27
F0486,2025Q1,31
F0486,2025Q2,30
F0486,2025Q3,26
F0486,2025Q4,53
F0486,2026Q1,69
F0486,2026Q2,53
F0487,2021Q3,103
F0487,2021Q4,107
F0487,2022Q1,154
F0487,2022Q2,92
F0487,2022Q3,108
F0487,2022Q4,128
F0487,2023Q1,140
F0487,2023Q2,136
F0487,2023Q3,115
F0487,2023Q4,117
F0487,2024Q1,120
F0487,2024Q2,80
F0487,2024Q3,72
F0487,2024Q4,51
F0487,2025Q1,68
F0487,2025Q2,47
F0487,2025Q3,69
F0487,2025Q4,124
F0487,2026Q1,124
F0487,2026Q2,100
F0488,2021Q3,9
F0488,2021Q4,4
F0488,2022Q1,17
F0488,2022Q2,10
F0488,2022Q3,1
F0488,2022Q4,2
F0488,2023Q1,16
F0488,2023Q2,5
F0488,2023Q3,6
F0488,2023Q4,4
F0488,2024Q1,43
F0488,2024Q2,3
F0488,2024Q3,17
F0488,2024Q4,11
F0488,2025Q1,50
F0488,2025Q2,4
F0488,2025Q3,8
F0488,2025Q4,43
F0488,2026Q1,98
F0488,2026Q2,48
F0489,2021Q3,41
F0489,2021Q4,45
F0489,2022Q1,65
F0489,2022Q2,52
F0489,2022Q3,38
F0489,2022Q4,49
F0489,2023Q1,73
F0489,2023Q2,46
F0489,2023Q3,33
F0489,2023Q4,56
F0489,2024Q1,69
F0489,2024Q2,47
F0489,2024Q3,53
F0489,2024Q4,40
F0489,2025Q1,82
F0489,2025Q2,56
F0489,2025Q3,42
F0489,2025Q4,76
F0489,2026Q1,86
F0489,2026Q2,81
F0490,2021Q3,33
F0490,2021Q4,41
F0490,2022Q1,33
F0490,2022Q2,36
F0490,2022Q3,29
F0490,2022Q4,26
F0490,2023Q1,37
F0490,2023Q2,32
F0490,2023Q3,23
F0490,2023Q4,40
F0490,2024Q1,38
F0490,2024Q2,41
F0490,2024Q3,24
F0490,2024Q4,26
F0490,2025Q1,37
F0490,2025Q2,39
F0490,2025Q3,39
F0490,2025Q4,55
F0490,2026Q1,60
F0490,2026Q2,64
F0491,2021Q3,20
F0491,2021Q4,34
F0491,2022Q1,34
F0491,2022Q2,32
F0491,2022Q3,23
F0491,2022Q4,22
F0491,2023Q1,41
F0491,2023Q2,41
F0491,2023Q3,21
F0491,2023Q4,32
F0491,2024Q1,55
F0491,2024Q2,45
F0491,2024Q3,59
F0491,2024Q4,69
F0491,2025Q1,113
F0491,2025Q2,57
F0491,2025Q3,64
F0491,2025Q4,71
F0491,2026Q1,144
F0491,2026Q2,100
F0492,2021Q3,9
F0492,2021Q4,15
F0492,2022Q1,31
F0492,2022Q2,19
F0492,2022Q3,16
F0492,2022Q4,21
F0492,2023Q1,38
F0492,2023Q2,19
F0492,2023Q3,14
F0492,2023Q4,28
F0492,2024Q1,56
F0492,2024Q2,37
F0492,2024Q3,50
F0492,2024Q4,57
F0492,2025Q1,78
F0492,2025Q2,54
F0492,2025Q3,55
F0492,2025Q4,56
F0492,2026Q1,90
F0492,2026Q2,65
F0493,2021Q3,29
F0493,2021Q4,32
F0493,2022Q1,46
F0493,2022Q2,32
F0493,2022Q3,39
F0493,2022Q4,33
F0493,2023Q1,45
F0493,2023Q2,43
F0493,2023Q3,32
F0493,2023Q4,44
F0493,2024Q1,84
F0493,2024Q2,74
F0493,2024Q3,61
F0493,2024Q4,77
F0493,2025Q1,98
F0493,2025Q2,70
F0493,2025Q3,64
F0493,2025Q4,109
F0493,2026Q1,135
F0493,2026Q2,132
F0494,2021Q3,33
F0494,2021Q4,41
F0494,2022Q1,107
F0494,2022Q2,38
F0494,2022Q3,51
F0494,2022Q4,49
F0494,2023Q1,124
F0494,2023Q2,47
F0494,2023Q3,64
F0494,2023Q4,76
F0494,2024Q1,153
F0494,2024Q2,63
F0494,2024Q3,66
F0494,2024Q4,102
F0494,2025Q1,161
F0494,2025Q2,97
F0494,2025Q3,62
F0494,2025Q4,3
F0494,2026Q1,6
F0494,2026Q2,9
F0495,2021Q3,70
F0495,2021Q4,39
F0495,2022Q1,88
F0495,2022Q2,55
F0495,2022Q3,59
F0495,2022Q4,65
F0495,2023Q1,88
F0495,2023Q2,65
F0495,2023Q3,67
F0495,2023Q4,52
F0495,2024Q1,97
F0495,2024Q2,45
F0495,2024Q3,44
F0495,2024Q4,39
F0495,2025Q1,91
F0495,2025Q2,37
F0495,2025Q3,66
F0495,2025Q4,136
F0495,2026Q1,201
F0495,2026Q2,130
F0496,2021Q3,185
F0496,2021Q4,243
F0496,2022Q1,382
F0496,2022Q2,230
F0496,2022Q3,201
F0496,2022Q4,212
F0496,2023Q1,423
F0496,2023Q2,210
F0496,2023Q3,226
F0496,2023Q4,247
F0496,2024Q1,293
F0496,2024Q2,170
F0496,2024Q3,139
F0496,2024Q4,143
F0496,2025Q1,215
F0496,2025Q2,112
F0496,2025Q3,182
F0496,2025Q4,244
F0496,2026Q1,267
F0496,2026Q2,173
F0497,2021Q3,63
F0497,2021Q4,63
F0497,2022Q1,85
F0497,2022Q2,49
F0497,2022Q3,58
F0497,2022Q4,74
F0497,2023Q1,109
F0497,2023Q2,67
F0497,2023Q3,70
F0497,2023Q4,83
F0497,2024Q1,81
F0497,2024Q2,54
F0497,2024Q3,59
F0497,2024Q4,72
F0497,2025Q1,74
F0497,2025Q2,60
F0497,2025Q3,56
F0497,2025Q4,191
F0497,2026Q1,216
F0497,2026Q2,191
F0498,2021Q3,17
F0498,2021Q4,27
F0498,2022Q1,36
F0498,2022Q2,22
F0498,2022Q3,23
F0498,2022Q4,20
F0498,2023Q1,34
F0498,2023Q2,19
F0498,2023Q3,20
F0498,2023Q4,16
F0498,2024Q1,37
F0498,2024Q2,28
F0498,2024Q3,36
F0498,2024Q4,30
F0498,2025Q1,67
F0498,2025Q2,40
F0498,2025Q3,62
F0498,2025Q4,147
F0498,2026Q1,202
F0498,2026Q2,143
F0499,2021Q3,47
F0499,2021Q4,39
F0499,2022Q1,45
F0499,2022Q2,39
F0499,2022Q3,37
F0499,2022Q4,48
F0499,2023Q1,67
F0499,2023Q2,43
F0499,2023Q3,31
F0499,2023Q4,34
F0499,2024Q1,80
F0499,2024Q2,56
F0499,2024Q3,51
F0499,2024Q4,57
F0499,2025Q1,89
F0499,2025Q2,66
F0499,2025Q3,84
F0499,2025Q4,127
F0499,2026Q1,177
F0499,2026Q2,124
F0500,2021Q3,38
F0500,2021Q4,42
F0500,2022Q1,71
F0500,2022Q2,43
F0500,2022Q3,40
F0500,2022Q4,51
F0500,2023Q1,86
F0500,2023Q2,40
F0500,2023Q3,61
F0500,2023Q4,59
F0500,2024Q1,121
F0500,2024Q2,80
F0500,2024Q3,76
F0500,2024Q4,107
F0500,2025Q1,145
F0500,2025Q2,109
F0500,2025Q3,89
F0500,2025Q4,71
F0500,2026Q1,137
F0500,2026Q2,103
