category_id,period,papers
F0001,2021Q3,87
F0001,2021Q4,99
F0001,2022Q1,125
F0001,2022Q2,97
F0001,2022Q3,83
F0001,2022Q4,86
F0001,2023Q1,123
F0001,2023Q2,85
F0001,2023Q3,92
F0001,2023Q4,94
F0001,2024Q1,166
F0001,2024Q2,154
F0001,2024Q3,157
F0001,2024Q4,154
F0001,2025Q1,254
F0001,2025Q2,155
F0001,2025Q3,187
F0001,2025Q4,204
F0001,2026Q1,408
F0001,2026Q2,287
F0002,2021Q3,34
F0002,2021Q4,33
F0002,2022Q1,43
F0002,2022Q2,32
F0002,2022Q3,35
F0002,2022Q4,35
F0002,2023Q1,52
F0002,2023Q2,33
F0002,2023Q3,39
F0002,2023Q4,29
F0002,2024Q1,49
F0002,2024Q2,32
F0002,2024Q3,29
F0002,2024Q4,40
F0002,2025Q1,69
F0002,2025Q2,37
F0002,2025Q3,53
F0002,2025Q4,101
F0002,2026Q1,151
F0002,2026Q2,94
F0003,2021Q3,147
F0003,2021Q4,169
F0003,2022Q1,201
F0003,2022Q2,140
F0003,2022Q3,141
F0003,2022Q4,160
F0003,2023Q1,218
F0003,2023Q2,147
F0003,2023Q3,124
F0003,2023Q4,142
F0003,2024Q1,238
F0003,2024Q2,144
F0003,2024Q3,125
F0003,2024Q4,123
F0003,2025Q1,175
F0003,2025Q2,103
F0003,2025Q3,118
F0003,2025Q4,142
F0003,2026Q1,209
F0003,2026Q2,123
F0004,2021Q3,38
F0004,2021Q4,46
F0004,2022Q1,64
F0004,2022Q2,48
F0004,2022Q3,50
F0004,2022Q4,48
F0004,2023Q1,64
F0004,2023Q2,45
F0004,2023Q3,43
F0004,2023Q4,61
F0004,2024Q1,97
F0004,2024Q2,64
F0004,2024Q3,64
F0004,2024Q4,77
F0004,2025Q1,116
F0004,2025Q2,74
F0004,2025Q3,70
F0004,2025Q4,64
F0004,2026Q1,101
F0004,2026Q2,67
F0005,2021Q3,12
F0005,2021Q4,20
F0005,2022Q1,29
F0005,2022Q2,14
F0005,2022Q3,19
F0005,2022Q4,16
F0005,2023Q1,18
F0005,2023Q2,15
F0005,2023Q3,11
F0005,2023Q4,14
F0005,2024Q1,43
F0005,2024Q2,16
F0005,2024Q3,14
F0005,2024Q4,25
F0005,2025Q1,47
F0005,2025Q2,26
F0005,2025Q3,19
F0005,2025Q4,29
F0005,2026Q1,53
F0005,2026Q2,33
F0006,2021Q3,19
F0006,2021Q4,20
F0006,2022Q1,43
F0006,2022Q2,12
F0006,2022Q3,15
F0006,2022Q4,19
F0006,2023Q1,31
F0006,2023Q2,16
F0006,2023Q3,19
F0006,2023Q4,28
F0006,2024Q1,37
F0006,2024Q2,27
F0006,2024Q3,15
F0006,2024Q4,29
F0006,2025Q1,51
F0006,2025Q2,36
F0006,2025Q3,26
F0006,2025Q4,32
F0006,2026Q1,54
F0006,2026Q2,35
F0007,2021Q3,121
F0007,2021Q4,154
F0007,2022Q1,236
F0007,2022Q2,144
F0007,2022Q3,176
F0007,2022Q4,186
F0007,2023Q1,266
F0007,2023Q2,207
F0007,2023Q3,190
F0007,2023Q4,193
F0007,2024Q1,267
F0007,2024Q2,176
F0007,2024Q3,135
F0007,2024Q4,149
F0007,2025Q1,248
F0007,2025Q2,167
F0007,2025Q3,162
F0007,2025Q4,262
F0007,2026Q1,340
F0007,2026Q2,212
F0008,2021Q3,92
F0008,2021Q4,87
F0008,2022Q1,105
F0008,2022Q2,81
F0008,2022Q3,87
F0008,2022Q4,76
F0008,2023Q1,110
F0008,2023Q2,61
F0008,2023Q3,87
F0008,2023Q4,88
F0008,2024Q1,120
F0008,2024Q2,70
F0008,2024Q3,102
F0008,2024Q4,88
F0008,2025Q1,109
F0008,2025Q2,100
F0008,2025Q3,54
F0008,2025Q4,48
F0008,2026Q1,73
F0008,2026Q2,57
F0009,2021Q3,92
F0009,2021Q4,95
F0009,2022Q1,145
F0009,2022Q2,110
F0009,2022Q3,96
F0009,2022Q4,80
F0009,2023Q1,166
F0009,2023Q2,108
F0009,2023Q3,84
F0009,2023Q4,101
F0009,2024Q1,125
F0009,2024Q2,77
F0009,2024Q3,68
F0009,2024Q4,62
F0009,2025Q1,129
F0009,2025Q2,48
F0009,2025Q3,82
F0009,2025Q4,157
F0009,2026Q1,243
F0009,2026Q2,167
F0010,2021Q3,18
F0010,2021Q4,13
F0010,2022Q1,30
F0010,2022Q2,21
F0010,2022Q3,16
F0010,2022Q4,10
F0010,2023Q1,27
F0010,2023Q2,10
F0010,2023Q3,9
F0010,2023Q4,12
F0010,2024Q1,59
F0010,2024Q2,29
F0010,2024Q3,41
F0010,2024Q4,50
F0010,2025Q1,76
F0010,2025Q2,47
F0010,2025Q3,35
F0010,2025Q4,35
F0010,2026Q1,66
F0010,2026Q2,53
F0011,2021Q3,38
F0011,2021Q4,35
F0011,2022Q1,47
F0011,2022Q2,41
F0011,2022Q3,38
F0011,2022Q4,46
F0011,2023Q1,63
F0011,2023Q2,33
F0011,2023Q3,36
F0011,2023Q4,37
F0011,2024Q1,73
F0011,2024Q2,40
F0011,2024Q3,63
F0011,2024Q4,57
F0011,2025Q1,80
F0011,2025Q2,75
F0011,2025Q3,63
F0011,2025Q4,29
F0011,2026Q1,45
F0011,2026Q2,26
F0012,2021Q3,29
F0012,2021Q4,26
F0012,2022Q1,37
F0012,2022Q2,21
F0012,2022Q3,37
F0012,2022Q4,25
F0012,2023Q1,39
F0012,2023Q2,19
F0012,2023Q3,21
F0012,2023Q4,26
F0012,2024Q1,51
F0012,2024Q2,34
F0012,2024Q3,21
F0012,2024Q4,44
F0012,2025Q1,50
F0012,2025Q2,27
F0012,2025Q3,16
F0012,2025Q4,3
F0012,2026Q1,5
F0012,2026Q2,3
F0013,2021Q3,85
F0013,2021Q4,64
F0013,2022Q1,108
F0013,2022Q2,62
F0013,2022Q3,71
F0013,2022Q4,72
F0013,2023Q1,123
F0013,2023Q2,75
F0013,2023Q3,52
F0013,2023Q4,74
F0013,2024Q1,181
F0013,2024Q2,130
F0013,2024Q3,131
F0013,2024Q4,165
F0013,2025Q1,256
F0013,2025Q2,180
F0013,2025Q3,167
F0013,2025Q4,206
F0013,2026Q1,342
F0013,2026Q2,281
F0014,2021Q3,132
F0014,2021Q4,131
F0014,2022Q1,138
F0014,2022Q2,115
F0014,2022Q3,136
F0014,2022Q4,123
F0014,2023Q1,148
F0014,2023Q2,146
F0014,2023Q3,152
F0014,2023Q4,143
F0014,2024Q1,140
F0014,2024Q2,102
F0014,2024Q3,70
F0014,2024Q4,41
F0014,2025Q1,88
F0014,2025Q2,55
F0014,2025Q3,94
F0014,2025Q4,213
F0014,2026Q1,280
F0014,2026Q2,145
F0015,2021Q3,27
F0015,2021Q4,38
F0015,2022Q1,51
F0015,2022Q2,28
F0015,2022Q3,28
F0015,2022Q4,30
F0015,2023Q1,50
F0015,2023Q2,28
F0015,2023Q3,30
F0015,2023Q4,30
F0015,2024Q1,94
F0015,2024Q2,51
F0015,2024Q3,63
F0015,2024Q4,79
F0015,2025Q1,105
F0015,2025Q2,62
F0015,2025Q3,54
F0015,2025Q4,4
F0015,2026Q1,3
F0015,2026Q2,7
F0016,2021Q3,95
F0016,2021Q4,77
F0016,2022Q1,124
F0016,2022Q2,84
F0016,2022Q3,114
F0016,2022Q4,96
F0016,2023Q1,189
F0016,2023Q2,104
F0016,2023Q3,104
F0016,2023Q4,136
F0016,2024Q1,236
F0016,2024Q2,160
F0016,2024Q3,179
F0016,2024Q4,188
F0016,2025Q1,292
F0016,2025Q2,204
F0016,2025Q3,166
F0016,2025Q4,215
F0016,2026Q1,318
F0016,2026Q2,297
F0017,2021Q3,24
F0017,2021Q4,25
F0017,2022Q1,48
F0017,2022Q2,37
F0017,2022Q3,27
F0017,2022Q4,31
F0017,2023Q1,52
F0017,2023Q2,25
F0017,2023Q3,35
F0017,2023Q4,32
F0017,2024Q1,43
F0017,2024Q2,28
F0017,2024Q3,27
F0017,2024Q4,27
F0017,2025Q1,72
F0017,2025Q2,32
F0017,2025Q3,39
F0017,2025Q4,99
F0017,2026Q1,141
F0017,2026Q2,127
F0018,2021Q3,41
F0018,2021Q4,54
F0018,2022Q1,62
F0018,2022Q2,46
F0018,2022Q3,59
F0018,2022Q4,48
F0018,2023Q1,65
F0018,2023Q2,40
F0018,2023Q3,38
F0018,2023Q4,43
F0018,2024Q1,123
F0018,2024Q2,75
F0018,2024Q3,89
F0018,2024Q4,87
F0018,2025Q1,131
F0018,2025Q2,86
F0018,2025Q3,63
F0018,2025Q4,54
F0018,2026Q1,99
F0018,2026Q2,92
F0019,2021Q3,381
F0019,2021Q4,385
F0019,2022Q1,426
F0019,2022Q2,349
F0019,2022Q3,349
F0019,2022Q4,412
F0019,2023Q1,512
F0019,2023Q2,371
F0019,2023Q3,370
F0019,2023Q4,414
F0019,2024Q1,576
F0019,2024Q2,421
F0019,2024Q3,371
F0019,2024Q4,439
F0019,2025Q1,648
F0019,2025Q2,451
F0019,2025Q3,455
F0019,2025Q4,515
F0019,2026Q1,678
F0019,2026Q2,486
F0020,2021Q3,55
F0020,2021Q4,57
F0020,2022Q1,65
F0020,2022Q2,61
F0020,2022Q3,48
F0020,2022Q4,64
F0020,2023Q1,66
F0020,2023Q2,63
F0020,2023Q3,53
F0020,2023Q4,56
F0020,2024Q1,101
F0020,2024Q2,82
F0020,2024Q3,53
F0020,2024Q4,62
F0020,2025Q1,78
F0020,2025Q2,81
F0020,2025Q3,45
F0020,2025Q4,48
F0020,2026Q1,72
F0020,2026Q2,49
F0021,2021Q3,30
F0021,2021Q4,38
F0021,2022Q1,66
F0021,2022Q2,32
F0021,2022Q3,42
F0021,2022Q4,36
F0021,2023Q1,69
F0021,2023Q2,36
F0021,2023Q3,44
F0021,2023Q4,35
F0021,2024Q1,144
F0021,2024Q2,91
F0021,2024Q3,93
F0021,2024Q4,118
F0021,2025Q1,210
F0021,2025Q2,133
F0021,2025Q3,99
F0021,2025Q4,114
F0021,2026Q1,199
F0021,2026Q2,149
F0022,2021Q3,115
F0022,2021Q4,110
F0022,2022Q1,189
F0022,2022Q2,106
F0022,2022Q3,98
F0022,2022Q4,100
F0022,2023Q1,168
F0022,2023Q2,108
F0022,2023Q3,93
F0022,2023Q4,132
F0022,2024Q1,585
F0022,2024Q2,288
F0022,2024Q3,238
F0022,2024Q4,339
F0022,2025Q1,615
F0022,2025Q2,313
F0022,2025Q3,231
F0022,2025Q4,7
F0022,2026Q1,3
F0022,2026Q2,13
F0023,2021Q3,62
F0023,2021Q4,65
F0023,2022Q1,83
F0023,2022Q2,58
F0023,2022Q3,57
F0023,2022Q4,43
F0023,2023Q1,57
F0023,2023Q2,61
F0023,2023Q3,68
F0023,2023Q4,70
F0023,2024Q1,122
F0023,2024Q2,88
F0023,2024Q3,81
F0023,2024Q4,115
F0023,2025Q1,149
F0023,2025Q2,104
F0023,2025Q3,83
F0023,2025Q4,56
F0023,2026Q1,97
F0023,2026Q2,65
F0024,2021Q3,219
F0024,2021Q4,205
F0024,2022Q1,255
F0024,2022Q2,213
F0024,2022Q3,208
F0024,2022Q4,197
F0024,2023Q1,256
F0024,2023Q2,217
F0024,2023Q3,181
F0024,2023Q4,190
F0024,2024Q1,338
F0024,2024Q2,239
F0024,2024Q3,237
F0024,2024Q4,245
F0024,2025Q1,286
F0024,2025Q2,250
F0024,2025Q3,225
F0024,2025Q4,113
F0024,2026Q1,89
F0024,2026Q2,80
F0025,2021Q3,66
F0025,2021Q4,63
F0025,2022Q1,97
F0025,2022Q2,61
F0025,2022Q3,54
F0025,2022Q4,69
F0025,2023Q1,87
F0025,2023Q2,61
F0025,2023Q3,46
F0025,2023Q4,55
F0025,2024Q1,244
F0025,2024Q2,140
F0025,2024Q3,166
F0025,2024Q4,209
F0025,2025Q1,340
F0025,2025Q2,182
F0025,2025Q3,190
F0025,2025Q4,131
F0025,2026Q1,304
F0025,2026Q2,213
F0026,2021Q3,133
F0026,2021Q4,183
F0026,2022Q1,196
F0026,2022Q2,176
F0026,2022Q3,189
F0026,2022Q4,183
F0026,2023Q1,208
F0026,2023Q2,177
F0026,2023Q3,156
F0026,2023Q4,158
F0026,2024Q1,123
F0026,2024Q2,107
F0026,2024Q3,75
F0026,2024Q4,87
F0026,2025Q1,127
F0026,2025Q2,64
F0026,2025Q3,86
F0026,2025Q4,198
F0026,2026Q1,258
F0026,2026Q2,179
F0027,2021Q3,118
F0027,2021Q4,105
F0027,2022Q1,150
F0027,2022Q2,79
F0027,2022Q3,114
F0027,2022Q4,117
F0027,2023Q1,159
F0027,2023Q2,123
F0027,2023Q3,129
F0027,2023Q4,126
F0027,2024Q1,136
F0027,2024Q2,89
F0027,2024Q3,89
F0027,2024Q4,85
F0027,2025Q1,153
F0027,2025Q2,77
F0027,2025Q3,85
F0027,2025Q4,190
F0027,2026Q1,287
F0027,2026Q2,150
F0028,2021Q3,22
F0028,2021Q4,40
F0028,2022Q1,57
F0028,2022Q2,46
F0028,2022Q3,38
F0028,2022Q4,47
F0028,2023Q1,51
F0028,2023Q2,45
F0028,2023Q3,42
F0028,2023Q4,48
F0028,2024Q1,38
F0028,2024Q2,34
F0028,2024Q3,27
F0028,2024Q4,21
F0028,2025Q1,47
F0028,2025Q2,28
F0028,2025Q3,27
F0028,2025Q4,86
F0028,2026Q1,158
F0028,2026Q2,120
F0029,2021Q3,500
F0029,2021Q4,514
F0029,2022Q1,650
F0029,2022Q2,547
F0029,2022Q3,509
F0029,2022Q4,569
F0029,2023Q1,701
F0029,2023Q2,595
F0029,2023Q3,586
F0029,2023Q4,657
F0029,2024Q1,512
F0029,2024Q2,313
F0029,2024Q3,213
F0029,2024Q4,157
F0029,2025Q1,282
F0029,2025Q2,186
F0029,2025Q3,374
F0029,2025Q4,1001
F0029,2026Q1,1141
F0029,2026Q2,606
F0030,2021Q3,54
F0030,2021Q4,65
F0030,2022Q1,86
F0030,2022Q2,39
F0030,2022Q3,52
F0030,2022Q4,54
F0030,2023Q1,75
F0030,2023Q2,57
F0030,2023Q3,50
F0030,2023Q4,57
F0030,2024Q1,128
F0030,2024Q2,61
F0030,2024Q3,44
F0030,2024Q4,70
F0030,2025Q1,105
F0030,2025Q2,65
F0030,2025Q3,39
F0030,2025Q4,7
F0030,2026Q1,20
F0030,2026Q2,13
F0031,2021Q3,104
F0031,2021Q4,112
F0031,2022Q1,143
F0031,2022Q2,89
F0031,2022Q3,101
F0031,2022Q4,119
F0031,2023Q1,137
F0031,2023Q2,116
F0031,2023Q3,136
F0031,2023Q4,118
F0031,2024Q1,178
F0031,2024Q2,92
F0031,2024Q3,86
F0031,2024Q4,86
F0031,2025Q1,134
F0031,2025Q2,104
F0031,2025Q3,105
F0031,2025Q4,142
F0031,2026Q1,211
F0031,2026Q2,183
F0032,2021Q3,41
F0032,2021Q4,29
F0032,2022Q1,51
F0032,2022Q2,31
F0032,2022Q3,29
F0032,2022Q4,26
F0032,2023Q1,55
F0032,2023Q2,42
F0032,2023Q3,32
F0032,2023Q4,35
F0032,2024Q1,124
F0032,2024Q2,61
F0032,2024Q3,69
F0032,2024Q4,57
F0032,2025Q1,141
F0032,2025Q2,79
F0032,2025Q3,83
F0032,2025Q4,102
F0032,2026Q1,171
F0032,2026Q2,122
F0033,2021Q3,63
F0033,2021Q4,62
F0033,2022Q1,89
F0033,2022Q2,65
F0033,2022Q3,55
F0033,2022Q4,61
F0033,2023Q1,90
F0033,2023Q2,65
F0033,2023Q3,55
F0033,2023Q4,57
F0033,2024Q1,77
F0033,2024Q2,52
F0033,2024Q3,39
F0033,2024Q4,58
F0033,2025Q1,77
F0033,2025Q2,43
F0033,2025Q3,38
F0033,2025Q4,88
F0033,2026Q1,155
F0033,2026Q2,135
F0034,2021Q3,35
F0034,2021Q4,29
F0034,2022Q1,64
F0034,2022Q2,22
F0034,2022Q3,37
F0034,2022Q4,29
F0034,2023Q1,43
F0034,2023Q2,27
F0034,2023Q3,26
F0034,2023Q4,36
F0034,2024Q1,94
F0034,2024Q2,60
F0034,2024Q3,73
F0034,2024Q4,80
F0034,2025Q1,107
F0034,2025Q2,73
F0034,2025Q3,69
F0034,2025Q4,68
F0034,2026Q1,108
F0034,2026Q2,61
F0035,2021Q3,196
F0035,2021Q4,165
F0035,2022Q1,240
F0035,2022Q2,181
F0035,2022Q3,171
F0035,2022Q4,192
F0035,2023Q1,274
F0035,2023Q2,188
F0035,2023Q3,195
F0035,2023Q4,207
F0035,2024Q1,263
F0035,2024Q2,179
F0035,2024Q3,149
F0035,2024Q4,173
F0035,2025Q1,200
F0035,2025Q2,158
F0035,2025Q3,115
F0035,2025Q4,33
F0035,2026Q1,45
F0035,2026Q2,41
F0036,2021Q3,62
F0036,2021Q4,86
F0036,2022Q1,106
F0036,2022Q2,65
F0036,2022Q3,89
F0036,2022Q4,92
F0036,2023Q1,131
F0036,2023Q2,101
F0036,2023Q3,99
F0036,2023Q4,124
F0036,2024Q1,204
F0036,2024Q2,138
F0036,2024Q3,181
F0036,2024Q4,162
F0036,2025Q1,296
F0036,2025Q2,207
F0036,2025Q3,194
F0036,2025Q4,231
F0036,2026Q1,390
F0036,2026Q2,274
F0037,2021Q3,98
F0037,2021Q4,86
F0037,2022Q1,155
F0037,2022Q2,104
F0037,2022Q3,87
F0037,2022Q4,109
F0037,2023Q1,162
F0037,2023Q2,110
F0037,2023Q3,86
F0037,2023Q4,113
F0037,2024Q1,338
F0037,2024Q2,205
F0037,2024Q3,169
F0037,2024Q4,236
F0037,2025Q1,423
F0037,2025Q2,250
F0037,2025Q3,161
F0037,2025Q4,11
F0037,2026Q1,33
F0037,2026Q2,19
F0038,2021Q3,123
F0038,2021Q4,127
F0038,2022Q1,194
F0038,2022Q2,121
F0038,2022Q3,100
F0038,2022Q4,146
F0038,2023Q1,206
F0038,2023Q2,106
F0038,2023Q3,105
F0038,2023Q4,114
F0038,2024Q1,204
F0038,2024Q2,136
F0038,2024Q3,117
F0038,2024Q4,152
F0038,2025Q1,212
F0038,2025Q2,141
F0038,2025Q3,108
F0038,2025Q4,112
F0038,2026Q1,185
F0038,2026Q2,124
F0039,2021Q3,115
F0039,2021Q4,151
F0039,2022Q1,206
F0039,2022Q2,116
F0039,2022Q3,136
F0039,2022Q4,142
F0039,2023Q1,181
F0039,2023Q2,124
F0039,2023Q3,114
F0039,2023Q4,125
F0039,2024Q1,189
F0039,2024Q2,128
F0039,2024Q3,114
F0039,2024Q4,139
F0039,2025Q1,177
F0039,2025Q2,111
F0039,2025Q3,88
F0039,2025Q4,136
F0039,2026Q1,182
F0039,2026Q2,95
F0040,2021Q3,86
F0040,2021Q4,83
F0040,2022Q1,117
F0040,2022Q2,74
F0040,2022Q3,104
F0040,2022Q4,106
F0040,2023Q1,123
F0040,2023Q2,107
F0040,2023Q3,87
F0040,2023Q4,78
F0040,2024Q1,155
F0040,2024Q2,93
F0040,2024Q3,81
F0040,2024Q4,68
F0040,2025Q1,229
F0040,2025Q2,109
F0040,2025Q3,114
F0040,2025Q4,239
F0040,2026Q1,521
F0040,2026Q2,224
F0041,2021Q3,25
F0041,2021Q4,25
F0041,2022Q1,37
F0041,2022Q2,30
F0041,2022Q3,19
F0041,2022Q4,39
F0041,2023Q1,32
F0041,2023Q2,26
F0041,2023Q3,32
F0041,2023Q4,26
F0041,2024Q1,63
F0041,2024Q2,53
F0041,2024Q3,52
F0041,2024Q4,53
F0041,2025Q1,116
F0041,2025Q2,39
F0041,2025Q3,58
F0041,2025Q4,118
F0041,2026Q1,276
F0041,2026Q2,195
F0042,2021Q3,77
F0042,2021Q4,81
F0042,2022Q1,108
F0042,2022Q2,73
F0042,2022Q3,75
F0042,2022Q4,72
F0042,2023Q1,104
F0042,2023Q2,83
F0042,2023Q3,79
F0042,2023Q4,78
F0042,2024Q1,143
F0042,2024Q2,104
F0042,2024Q3,106
F0042,2024Q4,118
F0042,2025Q1,153
F0042,2025Q2,133
F0042,2025Q3,101
F0042,2025Q4,134
F0042,2026Q1,192
F0042,2026Q2,157
F0043,2021Q3,69
F0043,2021Q4,65
F0043,2022Q1,79
F0043,2022Q2,76
F0043,2022Q3,69
F0043,2022Q4,85
F0043,2023Q1,111
F0043,2023Q2,74
F0043,2023Q3,73
F0043,2023Q4,91
F0043,2024Q1,122
F0043,2024Q2,70
F0043,2024Q3,49
F0043,2024Q4,48
F0043,2025Q1,161
F0043,2025Q2,51
F0043,2025Q3,97
F0043,2025Q4,295
F0043,2026Q1,349
F0043,2026Q2,225
F0044,2021Q3,49
F0044,2021Q4,74
F0044,2022Q1,92
F0044,2022Q2,79
F0044,2022Q3,67
F0044,2022Q4,74
F0044,2023Q1,143
F0044,2023Q2,83
F0044,2023Q3,76
F0044,2023Q4,99
F0044,2024Q1,170
F0044,2024Q2,129
F0044,2024Q3,115
F0044,2024Q4,126
F0044,2025Q1,234
F0044,2025Q2,191
F0044,2025Q3,195
F0044,2025Q4,231
F0044,2026Q1,325
F0044,2026Q2,272
F0045,2021Q3,85
F0045,2021Q4,126
F0045,2022Q1,167
F0045,2022Q2,126
F0045,2022Q3,188
F0045,2022Q4,149
F0045,2023Q1,194
F0045,2023Q2,150
F0045,2023Q3,152
F0045,2023Q4,160
F0045,2024Q1,352
F0045,2024Q2,253
F0045,2024Q3,286
F0045,2024Q4,332
F0045,2025Q1,481
F0045,2025Q2,317
F0045,2025Q3,270
F0045,2025Q4,137
F0045,2026Q1,215
F0045,2026Q2,182
F0046,2021Q3,216
F0046,2021Q4,194
F0046,2022Q1,267
F0046,2022Q2,214
F0046,2022Q3,203
F0046,2022Q4,195
F0046,2023Q1,292
F0046,2023Q2,222
F0046,2023Q3,223
F0046,2023Q4,231
F0046,2024Q1,330
F0046,2024Q2,233
F0046,2024Q3,211
F0046,2024Q4,249
F0046,2025Q1,414
F0046,2025Q2,235
F0046,2025Q3,253
F0046,2025Q4,349
F0046,2026Q1,431
F0046,2026Q2,410
F0047,2021Q3,56
F0047,2021Q4,70
F0047,2022Q1,93
F0047,2022Q2,60
F0047,2022Q3,82
F0047,2022Q4,80
F0047,2023Q1,106
F0047,2023Q2,84
F0047,2023Q3,84
F0047,2023Q4,97
F0047,2024Q1,161
F0047,2024Q2,90
F0047,2024Q3,96
F0047,2024Q4,80
F0047,2025Q1,142
F0047,2025Q2,63
F0047,2025Q3,98
F0047,2025Q4,91
F0047,2026Q1,84
F0047,2026Q2,77
F0048,2021Q3,66
F0048,2021Q4,86
F0048,2022Q1,65
F0048,2022Q2,52
F0048,2022Q3,67
F0048,2022Q4,51
F0048,2023Q1,83
F0048,2023Q2,58
F0048,2023Q3,46
F0048,2023Q4,49
F0048,2024Q1,65
F0048,2024Q2,51
F0048,2024Q3,71
F0048,2024Q4,43
F0048,2025Q1,82
F0048,2025Q2,51
F0048,2025Q3,55
F0048,2025Q4,76
F0048,2026Q1,125
F0048,2026Q2,76
F0049,2021Q3,68
F0049,2021Q4,97
F0049,2022Q1,123
F0049,2022Q2,94
F0049,2022Q3,98
F0049,2022Q4,104
F0049,2023Q1,127
F0049,2023Q2,100
F0049,2023Q3,100
F0049,2023Q4,92
F0049,2024Q1,124
F0049,2024Q2,82
F0049,2024Q3,65
F0049,2024Q4,90
F0049,2025Q1,139
F0049,2025Q2,51
F0049,2025Q3,64
F0049,2025Q4,154
F0049,2026Q1,224
F0049,2026Q2,138
F0050,2021Q3,53
F0050,2021Q4,63
F0050,2022Q1,96
F0050,2022Q2,61
F0050,2022Q3,58
F0050,2022Q4,67
F0050,2023Q1,104
F0050,2023Q2,56
F0050,2023Q3,57
F0050,2023Q4,64
F0050,2024Q1,106
F0050,2024Q2,71
F0050,2024Q3,59
F0050,2024Q4,77
F0050,2025Q1,111
F0050,2025Q2,63
F0050,2025Q3,58
F0050,2025Q4,86
F0050,2026Q1,149
F0050,2026Q2,91
F0051,2021Q3,45
F0051,2021Q4,34
F0051,2022Q1,63
F0051,2022Q2,31
F0051,2022Q3,48
F0051,2022Q4,34
F0051,2023Q1,63
F0051,2023Q2,30
F0051,2023Q3,28
F0051,2023Q4,34
F0051,2024Q1,75
F0051,2024Q2,63
F0051,2024Q3,60
F0051,2024Q4,52
F0051,2025Q1,95
F0051,2025Q2,50
F0051,2025Q3,40
F0051,2025Q4,67
F0051,2026Q1,140
F0051,2026Q2,79
F0052,2021Q3,48
F0052,2021Q4,58
F0052,2022Q1,56
F0052,2022Q2,42
F0052,2022Q3,49
F0052,2022Q4,59
F0052,2023Q1,63
F0052,2023Q2,48
F0052,2023Q3,45
F0052,2023Q4,66
F0052,2024Q1,111
F0052,2024Q2,46
F0052,2024Q3,72
F0052,2024Q4,86
F0052,2025Q1,105
F0052,2025Q2,74
F0052,2025Q3,73
F0052,2025Q4,87
F0052,2026Q1,180
F0052,2026Q2,111
F0053,2021Q3,61
F0053,2021Q4,52
F0053,2022Q1,67
F0053,2022Q2,37
F0053,2022Q3,50
F0053,2022Q4,46
F0053,2023Q1,77
F0053,2023Q2,55
F0053,2023Q3,57
F0053,2023Q4,46
F0053,2024Q1,92
F0053,2024Q2,49
F0053,2024Q3,45
F0053,2024Q4,45
F0053,2025Q1,82
F0053,2025Q2,41
F0053,2025Q3,44
F0053,2025Q4,42
F0053,2026Q1,72
F0053,2026Q2,45
F0054,2021Q3,76
F0054,2021Q4,77
F0054,2022Q1,147
F0054,2022Q2,84
F0054,2022Q3,80
F0054,2022Q4,93
F0054,2023Q1,150
F0054,2023Q2,105
F0054,2023Q3,91
F0054,2023Q4,104
F0054,2024Q1,187
F0054,2024Q2,138
F0054,2024Q3,147
F0054,2024Q4,157
F0054,2025Q1,199
F0054,2025Q2,152
F0054,2025Q3,87
F0054,2025Q4,3
F0054,2026Q1,4
F0054,2026Q2,3
F0055,2021Q3,31
F0055,2021Q4,34
F0055,2022Q1,41
F0055,2022Q2,29
F0055,2022Q3,23
F0055,2022Q4,33
F0055,2023Q1,43
F0055,2023Q2,20
F0055,2023Q3,38
F0055,2023Q4,48
F0055,2024Q1,110
F0055,2024Q2,63
F0055,2024Q3,63
F0055,2024Q4,85
F0055,2025Q1,129
F0055,2025Q2,82
F0055,2025Q3,52
F0055,2025Q4,5
F0055,2026Q1,5
F0055,2026Q2,4
F0056,2021Q3,150
F0056,2021Q4,156
F0056,2022Q1,183
F0056,2022Q2,167
F0056,2022Q3,161
F0056,2022Q4,138
F0056,2023Q1,260
F0056,2023Q2,177
F0056,2023Q3,161
F0056,2023Q4,170
F0056,2024Q1,264
F0056,2024Q2,181
F0056,2024Q3,191
F0056,2024Q4,193
F0056,2025Q1,297
F0056,2025Q2,216
F0056,2025Q3,223
F0056,2025Q4,238
F0056,2026Q1,547
F0056,2026Q2,277
F0057,2021Q3,81
F0057,2021Q4,67
F0057,2022Q1,123
F0057,2022Q2,78
F0057,2022Q3,87
F0057,2022Q4,80
F0057,2023Q1,134
F0057,2023Q2,78
F0057,2023Q3,77
F0057,2023Q4,103
F0057,2024Q1,189
F0057,2024Q2,123
F0057,2024Q3,130
F0057,2024Q4,148
F0057,2025Q1,249
F0057,2025Q2,187
F0057,2025Q3,179
F0057,2025Q4,198
F0057,2026Q1,283
F0057,2026Q2,215
F0058,2021Q3,25
F0058,2021Q4,25
F0058,2022Q1,29
F0058,2022Q2,18
F0058,2022Q3,28
F0058,2022Q4,25
F0058,2023Q1,30
F0058,2023Q2,29
F0058,2023Q3,17
F0058,2023Q4,24
F0058,2024Q1,33
F0058,2024Q2,19
F0058,2024Q3,21
F0058,2024Q4,22
F0058,2025Q1,54
F0058,2025Q2,25
F0058,2025Q3,26
F0058,2025Q4,57
F0058,2026Q1,80
F0058,2026Q2,69
F0059,2021Q3,201
F0059,2021Q4,191
F0059,2022Q1,355
F0059,2022Q2,206
F0059,2022Q3,209
F0059,2022Q4,212
F0059,2023Q1,346
F0059,2023Q2,204
F0059,2023Q3,194
F0059,2023Q4,250
F0059,2024Q1,401
F0059,2024Q2,247
F0059,2024Q3,273
F0059,2024Q4,268
F0059,2025Q1,403
F0059,2025Q2,298
F0059,2025Q3,252
F0059,2025Q4,208
F0059,2026Q1,272
F0059,2026Q2,172
F0060,2021Q3,60
F0060,2021Q4,51
F0060,2022Q1,54
F0060,2022Q2,46
F0060,2022Q3,37
F0060,2022Q4,52
F0060,2023Q1,81
F0060,2023Q2,63
F0060,2023Q3,60
F0060,2023Q4,58
F0060,2024Q1,57
F0060,2024Q2,32
F0060,2024Q3,31
F0060,2024Q4,38
F0060,2025Q1,71
F0060,2025Q2,25
F0060,2025Q3,46
F0060,2025Q4,129
F0060,2026Q1,192
F0060,2026Q2,105
F0061,2021Q3,20
F0061,2021Q4,31
F0061,2022Q1,34
F0061,2022Q2,29
F0061,2022Q3,26
F0061,2022Q4,38
F0061,2023Q1,38
F0061,2023Q2,29
F0061,2023Q3,28
F0061,2023Q4,23
F0061,2024Q1,41
F0061,2024Q2,22
F0061,2024Q3,25
F0061,2024Q4,44
F0061,2025Q1,52
F0061,2025Q2,39
F0061,2025Q3,41
F0061,2025Q4,73
F0061,2026Q1,119
F0061,2026Q2,83
F0062,2021Q3,14
F0062,2021Q4,22
F0062,2022Q1,31
F0062,2022Q2,27
F0062,2022Q3,17
F0062,2022Q4,16
F0062,2023Q1,30
F0062,2023Q2,21
F0062,2023Q3,18
F0062,2023Q4,19
F0062,2024Q1,66
F0062,2024Q2,55
F0062,2024Q3,50
F0062,2024Q4,64
F0062,2025Q1,102
F0062,2025Q2,61
F0062,2025Q3,39
F0062,2025Q4,6
F0062,2026Q1,7
F0062,2026Q2,3
F0063,2021Q3,115
F0063,2021Q4,89
F0063,2022Q1,164
F0063,2022Q2,87
F0063,2022Q3,97
F0063,2022Q4,108
F0063,2023Q1,211
F0063,2023Q2,94
F0063,2023Q3,105
F0063,2023Q4,125
F0063,2024Q1,362
F0063,2024Q2,257
F0063,2024Q3,299
F0063,2024Q4,339
F0063,2025Q1,483
F0063,2025Q2,335
F0063,2025Q3,278
F0063,2025Q4,2
F0063,2026Q1,0
F0063,2026Q2,2
F0064,2021Q3,93
F0064,2021Q4,102
F0064,2022Q1,144
F0064,2022Q2,120
F0064,2022Q3,110
F0064,2022Q4,119
F0064,2023Q1,142
F0064,2023Q2,125
F0064,2023Q3,130
F0064,2023Q4,128
F0064,2024Q1,189
F0064,2024Q2,97
F0064,2024Q3,93
F0064,2024Q4,96
F0064,2025Q1,245
F0064,2025Q2,90
F0064,2025Q3,94
F0064,2025Q4,194
F0064,2026Q1,394
F0064,2026Q2,149
F0065,2021Q3,63
F0065,2021Q4,53
F0065,2022Q1,79
F0065,2022Q2,60
F0065,2022Q3,56
F0065,2022Q4,75
F0065,2023Q1,87
F0065,2023Q2,58
F0065,2023Q3,61
F0065,2023Q4,66
F0065,2024Q1,152
F0065,2024Q2,90
F0065,2024Q3,120
F0065,2024Q4,118
F0065,2025Q1,170
F0065,2025Q2,130
F0065,2025Q3,130
F0065,2025Q4,64
F0065,2026Q1,97
F0065,2026Q2,94
F0066,2021Q3,24
F0066,2021Q4,17
F0066,2022Q1,32
F0066,2022Q2,23
F0066,2022Q3,24
F0066,2022Q4,25
F0066,2023Q1,33
F0066,2023Q2,23
F0066,2023Q3,23
F0066,2023Q4,21
F0066,2024Q1,43
F0066,2024Q2,32
F0066,2024Q3,34
F0066,2024Q4,33
F0066,2025Q1,58
F0066,2025Q2,42
F0066,2025Q3,44
F0066,2025Q4,13
F0066,2026Q1,26
F0066,2026Q2,14
F0067,2021Q3,112
F0067,2021Q4,115
F0067,2022Q1,198
F0067,2022Q2,143
F0067,2022Q3,142
F0067,2022Q4,153
F0067,2023Q1,272
F0067,2023Q2,165
F0067,2023Q3,173
F0067,2023Q4,207
F0067,2024Q1,448
F0067,2024Q2,232
F0067,2024Q3,236
F0067,2024Q4,271
F0067,2025Q1,569
F0067,2025Q2,349
F0067,2025Q3,334
F0067,2025Q4,424
F0067,2026Q1,759
F0067,2026Q2,475
F0068,2021Q3,37
F0068,2021Q4,28
F0068,2022Q1,40
F0068,2022Q2,23
F0068,2022Q3,31
F0068,2022Q4,19
F0068,2023Q1,47
F0068,2023Q2,23
F0068,2023Q3,28
F0068,2023Q4,31
F0068,2024Q1,52
F0068,2024Q2,30
F0068,2024Q3,26
F0068,2024Q4,27
F0068,2025Q1,42
F0068,2025Q2,20
F0068,2025Q3,13
F0068,2025Q4,25
F0068,2026Q1,63
F0068,2026Q2,27
F0069,2021Q3,156
F0069,2021Q4,156
F0069,2022Q1,190
F0069,2022Q2,143
F0069,2022Q3,168
F0069,2022Q4,172
F0069,2023Q1,218
F0069,2023Q2,153
F0069,2023Q3,153
F0069,2023Q4,172
F0069,2024Q1,284
F0069,2024Q2,183
F0069,2024Q3,195
F0069,2024Q4,217
F0069,2025Q1,276
F0069,2025Q2,199
F0069,2025Q3,152
F0069,2025Q4,46
F0069,2026Q1,80
F0069,2026Q2,77
F0070,2021Q3,26
F0070,2021Q4,25
F0070,2022Q1,25
F0070,2022Q2,28
F0070,2022Q3,27
F0070,2022Q4,39
F0070,2023Q1,44
F0070,2023Q2,28
F0070,2023Q3,18
F0070,2023Q4,23
F0070,2024Q1,89
F0070,2024Q2,63
F0070,2024Q3,93
F0070,2024Q4,93
F0070,2025Q1,151
F0070,2025Q2,97
F0070,2025Q3,59
F0070,2025Q4,3
F0070,2026Q1,4
F0070,2026Q2,3
F0071,2021Q3,40
F0071,2021Q4,34
F0071,2022Q1,56
F0071,2022Q2,39
F0071,2022Q3,36
F0071,2022Q4,41
F0071,2023Q1,55
F0071,2023Q2,42
F0071,2023Q3,32
F0071,2023Q4,37
F0071,2024Q1,51
F0071,2024Q2,37
F0071,2024Q3,23
F0071,2024Q4,23
F0071,2025Q1,59
F0071,2025Q2,19
F0071,2025Q3,43
F0071,2025Q4,152
F0071,2026Q1,168
F0071,2026Q2,99
F0072,2021Q3,81
F0072,2021Q4,95
F0072,2022Q1,115
F0072,2022Q2,95
F0072,2022Q3,127
F0072,2022Q4,117
F0072,2023Q1,131
F0072,2023Q2,86
F0072,2023Q3,96
F0072,2023Q4,105
F0072,2024Q1,298
F0072,2024Q2,225
F0072,2024Q3,259
F0072,2024Q4,269
F0072,2025Q1,432
F0072,2025Q2,323
F0072,2025Q3,235
F0072,2025Q4,158
F0072,2026Q1,270
F0072,2026Q2,298
F0073,2021Q3,69
F0073,2021Q4,43
F0073,2022Q1,176
F0073,2022Q2,54
F0073,2022Q3,57
F0073,2022Q4,66
F0073,2023Q1,483
F0073,2023Q2,49
F0073,2023Q3,70
F0073,2023Q4,60
F0073,2024Q1,178
F0073,2024Q2,153
F0073,2024Q3,131
F0073,2024Q4,130
F0073,2025Q1,447
F0073,2025Q2,158
F0073,2025Q3,251
F0073,2025Q4,486
F0073,2026Q1,1107
F0073,2026Q2,645
F0074,2021Q3,77
F0074,2021Q4,57
F0074,2022Q1,102
F0074,2022Q2,56
F0074,2022Q3,60
F0074,2022Q4,56
F0074,2023Q1,89
F0074,2023Q2,60
F0074,2023Q3,74
F0074,2023Q4,58
F0074,2024Q1,305
F0074,2024Q2,184
F0074,2024Q3,222
F0074,2024Q4,268
F0074,2025Q1,418
F0074,2025Q2,259
F0074,2025Q3,243
F0074,2025Q4,136
F0074,2026Q1,312
F0074,2026Q2,251
F0075,2021Q3,136
F0075,2021Q4,127
F0075,2022Q1,161
F0075,2022Q2,124
F0075,2022Q3,160
F0075,2022Q4,176
F0075,2023Q1,163
F0075,2023Q2,159
F0075,2023Q3,142
F0075,2023Q4,160
F0075,2024Q1,199
F0075,2024Q2,134
F0075,2024Q3,123
F0075,2024Q4,132
F0075,2025Q1,159
F0075,2025Q2,104
F0075,2025Q3,132
F0075,2025Q4,230
F0075,2026Q1,308
F0075,2026Q2,186
F0076,2021Q3,67
F0076,2021Q4,58
F0076,2022Q1,120
F0076,2022Q2,61
F0076,2022Q3,72
F0076,2022Q4,83
F0076,2023Q1,107
F0076,2023Q2,74
F0076,2023Q3,67
F0076,2023Q4,67
F0076,2024Q1,149
F0076,2024Q2,68
F0076,2024Q3,80
F0076,2024Q4,80
F0076,2025Q1,153
F0076,2025Q2,90
F0076,2025Q3,91
F0076,2025Q4,137
F0076,2026Q1,281
F0076,2026Q2,200
F0077,2021Q3,282
F0077,2021Q4,263
F0077,2022Q1,312
F0077,2022Q2,263
F0077,2022Q3,294
F0077,2022Q4,292
F0077,2023Q1,372
F0077,2023Q2,316
F0077,2023Q3,325
F0077,2023Q4,310
F0077,2024Q1,420
F0077,2024Q2,255
F0077,2024Q3,255
F0077,2024Q4,255
F0077,2025Q1,383
F0077,2025Q2,245
F0077,2025Q3,304
F0077,2025Q4,520
F0077,2026Q1,745
F0077,2026Q2,500
F0078,2021Q3,85
F0078,2021Q4,99
F0078,2022Q1,100
F0078,2022Q2,81
F0078,2022Q3,98
F0078,2022Q4,120
F0078,2023Q1,143
F0078,2023Q2,133
F0078,2023Q3,111
F0078,2023Q4,156
F0078,2024Q1,241
F0078,2024Q2,161
F0078,2024Q3,205
F0078,2024Q4,242
F0078,2025Q1,316
F0078,2025Q2,222
F0078,2025Q3,255
F0078,2025Q4,263
F0078,2026Q1,364
F0078,2026Q2,255
F0079,2021Q3,33
F0079,2021Q4,27
F0079,2022Q1,39
F0079,2022Q2,30
F0079,2022Q3,21
F0079,2022Q4,31
F0079,2023Q1,38
F0079,2023Q2,21
F0079,2023Q3,22
F0079,2023Q4,24
F0079,2024Q1,76
F0079,2024Q2,47
F0079,2024Q3,64
F0079,2024Q4,87
F0079,2025Q1,92
F0079,2025Q2,63
F0079,2025Q3,35
F0079,2025Q4,17
F0079,2026Q1,40
F0079,2026Q2,22
F0080,2021Q3,68
F0080,2021Q4,73
F0080,2022Q1,92
F0080,2022Q2,93
F0080,2022Q3,72
F0080,2022Q4,94
F0080,2023Q1,137
F0080,2023Q2,81
F0080,2023Q3,111
F0080,2023Q4,102
F0080,2024Q1,151
F0080,2024Q2,115
F0080,2024Q3,117
F0080,2024Q4,111
F0080,2025Q1,169
F0080,2025Q2,113
F0080,2025Q3,127
F0080,2025Q4,153
F0080,2026Q1,232
F0080,2026Q2,110
F0081,2021Q3,51
F0081,2021Q4,52
F0081,2022Q1,82
F0081,2022Q2,53
F0081,2022Q3,40
F0081,2022Q4,83
F0081,2023Q1,105
F0081,2023Q2,69
F0081,2023Q3,59
F0081,2023Q4,73
F0081,2024Q1,116
F0081,2024Q2,103
F0081,2024Q3,84
F0081,2024Q4,66
F0081,2025Q1,157
F0081,2025Q2,75
F0081,2025Q3,93
F0081,2025Q4,151
F0081,2026Q1,258
F0081,2026Q2,139
F0082,2021Q3,15
F0082,2021Q4,20
F0082,2022Q1,22
F0082,2022Q2,12
F0082,2022Q3,17
F0082,2022Q4,16
F0082,2023Q1,28
F0082,2023Q2,13
F0082,2023Q3,17
F0082,2023Q4,28
F0082,2024Q1,58
F0082,2024Q2,29
F0082,2024Q3,58
F0082,2024Q4,54
F0082,2025Q1,69
F0082,2025Q2,40
F0082,2025Q3,41
F0082,2025Q4,8
F0082,2026Q1,13
F0082,2026Q2,13
F0083,2021Q3,14
F0083,2021Q4,19
F0083,2022Q1,37
F0083,2022Q2,21
F0083,2022Q3,31
F0083,2022Q4,22
F0083,2023Q1,43
F0083,2023Q2,13
F0083,2023Q3,19
F0083,2023Q4,26
F0083,2024Q1,133
F0083,2024Q2,115
F0083,2024Q3,117
F0083,2024Q4,156
F0083,2025Q1,217
F0083,2025Q2,152
F0083,2025Q3,119
F0083,2025Q4,8
F0083,2026Q1,39
F0083,2026Q2,29
F0084,2021Q3,104
F0084,2021Q4,107
F0084,2022Q1,195
F0084,2022Q2,101
F0084,2022Q3,113
F0084,2022Q4,133
F0084,2023Q1,159
F0084,2023Q2,110
F0084,2023Q3,116
F0084,2023Q4,121
F0084,2024Q1,251
F0084,2024Q2,190
F0084,2024Q3,170
F0084,2024Q4,202
F0084,2025Q1,308
F0084,2025Q2,180
F0084,2025Q3,185
F0084,2025Q4,293
F0084,2026Q1,436
F0084,2026Q2,288
F0085,2021Q3,84
F0085,2021Q4,106
F0085,2022Q1,121
F0085,2022Q2,97
F0085,2022Q3,96
F0085,2022Q4,80
F0085,2023Q1,106
F0085,2023Q2,82
F0085,2023Q3,97
F0085,2023Q4,83
F0085,2024Q1,162
F0085,2024Q2,70
F0085,2024Q3,91
F0085,2024Q4,98
F0085,2025Q1,209
F0085,2025Q2,99
F0085,2025Q3,110
F0085,2025Q4,185
F0085,2026Q1,379
F0085,2026Q2,212
F0086,2021Q3,3
F0086,2021Q4,3
F0086,2022Q1,0
F0086,2022Q2,2
F0086,2022Q3,4
F0086,2022Q4,0
F0086,2023Q1,5
F0086,2023Q2,4
F0086,2023Q3,2
F0086,2023Q4,4
F0086,2024Q1,6
F0086,2024Q2,3
F0086,2024Q3,1
F0086,2024Q4,2
F0086,2025Q1,12
F0086,2025Q2,4
F0086,2025Q3,8
F0086,2025Q4,10
F0086,2026Q1,43
F0086,2026Q2,42
F0087,2021Q3,433
F0087,2021Q4,440
F0087,2022Q1,590
F0087,2022Q2,397
F0087,2022Q3,396
F0087,2022Q4,452
F0087,2023Q1,602
F0087,2023Q2,446
F0087,2023Q3,435
F0087,2023Q4,492
F0087,2024Q1,680
F0087,2024Q2,422
F0087,2024Q3,402
F0087,2024Q4,390
F0087,2025Q1,681
F0087,2025Q2,388
F0087,2025Q3,484
F0087,2025Q4,649
F0087,2026Q1,925
F0087,2026Q2,652
F0088,2021Q3,95
F0088,2021Q4,110
F0088,2022Q1,154
F0088,2022Q2,107
F0088,2022Q3,102
F0088,2022Q4,114
F0088,2023Q1,166
F0088,2023Q2,137
F0088,2023Q3,105
F0088,2023Q4,109
F0088,2024Q1,140
F0088,2024Q2,99
F0088,2024Q3,99
F0088,2024Q4,63
F0088,2025Q1,114
F0088,2025Q2,76
F0088,2025Q3,69
F0088,2025Q4,108
F0088,2026Q1,130
F0088,2026Q2,101
F0089,2021Q3,34
F0089,2021Q4,30
F0089,2022Q1,43
F0089,2022Q2,40
F0089,2022Q3,42
F0089,2022Q4,45
F0089,2023Q1,69
F0089,2023Q2,45
F0089,2023Q3,39
F0089,2023Q4,42
F0089,2024Q1,115
F0089,2024Q2,84
F0089,2024Q3,92
F0089,2024Q4,87
F0089,2025Q1,162
F0089,2025Q2,120
F0089,2025Q3,81
F0089,2025Q4,113
F0089,2026Q1,159
F0089,2026Q2,99
F0090,2021Q3,40
F0090,2021Q4,40
F0090,2022Q1,35
F0090,2022Q2,39
F0090,2022Q3,23
F0090,2022Q4,22
F0090,2023Q1,47
F0090,2023Q2,25
F0090,2023Q3,24
F0090,2023Q4,41
F0090,2024Q1,97
F0090,2024Q2,51
F0090,2024Q3,70
F0090,2024Q4,72
F0090,2025Q1,96
F0090,2025Q2,64
F0090,2025Q3,62
F0090,2025Q4,28
F0090,2026Q1,40
F0090,2026Q2,32
F0091,2021Q3,63
F0091,2021Q4,66
F0091,2022Q1,79
F0091,2022Q2,53
F0091,2022Q3,52
F0091,2022Q4,62
F0091,2023Q1,67
F0091,2023Q2,46
F0091,2023Q3,62
F0091,2023Q4,47
F0091,2024Q1,114
F0091,2024Q2,70
F0091,2024Q3,82
F0091,2024Q4,81
F0091,2025Q1,149
F0091,2025Q2,98
F0091,2025Q3,107
F0091,2025Q4,117
F0091,2026Q1,191
F0091,2026Q2,109
F0092,2021Q3,10
F0092,2021Q4,11
F0092,2022Q1,15
F0092,2022Q2,15
F0092,2022Q3,18
F0092,2022Q4,14
F0092,2023Q1,15
F0092,2023Q2,8
F0092,2023Q3,7
F0092,2023Q4,7
F0092,2024Q1,28
F0092,2024Q2,26
F0092,2024Q3,21
F0092,2024Q4,25
F0092,2025Q1,38
F0092,2025Q2,36
F0092,2025Q3,15
F0092,2025Q4,11
F0092,2026Q1,18
F0092,2026Q2,17
F0093,2021Q3,149
F0093,2021Q4,203
F0093,2022Q1,242
F0093,2022Q2,174
F0093,2022Q3,159
F0093,2022Q4,209
F0093,2023Q1,236
F0093,2023Q2,181
F0093,2023Q3,236
F0093,2023Q4,197
F0093,2024Q1,223
F0093,2024Q2,130
F0093,2024Q3,125
F0093,2024Q4,103
F0093,2025Q1,169
F0093,2025Q2,97
F0093,2025Q3,144
F0093,2025Q4,299
F0093,2026Q1,412
F0093,2026Q2,272
F0094,2021Q3,11
F0094,2021Q4,13
F0094,2022Q1,34
F0094,2022Q2,10
F0094,2022Q3,14
F0094,2022Q4,14
F0094,2023Q1,40
F0094,2023Q2,9
F0094,2023Q3,15
F0094,2023Q4,26
F0094,2024Q1,63
F0094,2024Q2,38
F0094,2024Q3,33
F0094,2024Q4,32
F0094,2025Q1,68
F0094,2025Q2,35
F0094,2025Q3,39
F0094,2025Q4,35
F0094,2026Q1,47
F0094,2026Q2,64
F0095,2021Q3,287
F0095,2021Q4,274
F0095,2022Q1,330
F0095,2022Q2,238
F0095,2022Q3,243
F0095,2022Q4,289
F0095,2023Q1,330
F0095,2023Q2,230
F0095,2023Q3,236
F0095,2023Q4,232
F0095,2024Q1,428
F0095,2024Q2,288
F0095,2024Q3,288
F0095,2024Q4,302
F0095,2025Q1,406
F0095,2025Q2,269
F0095,2025Q3,262
F0095,2025Q4,232
F0095,2026Q1,336
F0095,2026Q2,233
F0096,2021Q3,68
F0096,2021Q4,69
F0096,2022Q1,92
F0096,2022Q2,67
F0096,2022Q3,75
F0096,2022Q4,64
F0096,2023Q1,81
F0096,2023Q2,64
F0096,2023Q3,63
F0096,2023Q4,84
F0096,2024Q1,94
F0096,2024Q2,53
F0096,2024Q3,56
F0096,2024Q4,54
F0096,2025Q1,112
F0096,2025Q2,64
F0096,2025Q3,66
F0096,2025Q4,143
F0096,2026Q1,290
F0096,2026Q2,211
F0097,2021Q3,34
F0097,2021Q4,30
F0097,2022Q1,47
F0097,2022Q2,27
F0097,2022Q3,31
F0097,2022Q4,30
F0097,2023Q1,47
F0097,2023Q2,22
F0097,2023Q3,41
F0097,2023Q4,27
F0097,2024Q1,65
F0097,2024Q2,29
F0097,2024Q3,35
F0097,2024Q4,34
F0097,2025Q1,63
F0097,2025Q2,46
F0097,2025Q3,55
F0097,2025Q4,103
F0097,2026Q1,170
F0097,2026Q2,98
F0098,2021Q3,69
F0098,2021Q4,57
F0098,2022Q1,126
F0098,2022Q2,66
F0098,2022Q3,88
F0098,2022Q4,83
F0098,2023Q1,126
F0098,2023Q2,83
F0098,2023Q3,89
F0098,2023Q4,97
F0098,2024Q1,89
F0098,2024Q2,44
F0098,2024Q3,44
F0098,2024Q4,28
F0098,2025Q1,101
F0098,2025Q2,47
F0098,2025Q3,90
F0098,2025Q4,314
F0098,2026Q1,599
F0098,2026Q2,418
F0099,2021Q3,37
F0099,2021Q4,32
F0099,2022Q1,36
F0099,2022Q2,33
F0099,2022Q3,34
F0099,2022Q4,27
F0099,2023Q1,54
F0099,2023Q2,35
F0099,2023Q3,28
F0099,2023Q4,41
F0099,2024Q1,34
F0099,2024Q2,20
F0099,2024Q3,26
F0099,2024Q4,19
F0099,2025Q1,60
F0099,2025Q2,24
F0099,2025Q3,42
F0099,2025Q4,132
F0099,2026Q1,212
F0099,2026Q2,129
F0100,2021Q3,17
F0100,2021Q4,16
F0100,2022Q1,32
F0100,2022Q2,18
F0100,2022Q3,13
F0100,2022Q4,20
F0100,2023Q1,42
F0100,2023Q2,17
F0100,2023Q3,13
F0100,2023Q4,15
F0100,2024Q1,30
F0100,2024Q2,19
F0100,2024Q3,9
F0100,2024Q4,22
F0100,2025Q1,26
F0100,2025Q2,13
F0100,2025Q3,13
F0100,2025Q4,18
F0100,2026Q1,20
F0100,2026Q2,17
F0101,2021Q3,72
F0101,2021Q4,58
F0101,2022Q1,70
F0101,2022Q2,58
F0101,2022Q3,65
F0101,2022Q4,65
F0101,2023Q1,70
F0101,2023Q2,69
F0101,2023Q3,64
F0101,2023Q4,62
F0101,2024Q1,73
F0101,2024Q2,46
F0101,2024Q3,40
F0101,2024Q4,37
F0101,2025Q1,54
F0101,2025Q2,35
F0101,2025Q3,47
F0101,2025Q4,105
F0101,2026Q1,136
F0101,2026Q2,95
F0102,2021Q3,73
F0102,2021Q4,83
F0102,2022Q1,120
F0102,2022Q2,73
F0102,2022Q3,81
F0102,2022Q4,96
F0102,2023Q1,106
F0102,2023Q2,71
F0102,2023Q3,78
F0102,2023Q4,79
F0102,2024Q1,78
F0102,2024Q2,45
F0102,2024Q3,49
F0102,2024Q4,43
F0102,2025Q1,89
F0102,2025Q2,45
F0102,2025Q3,53
F0102,2025Q4,153
F0102,2026Q1,238
F0102,2026Q2,124
F0103,2021Q3,49
F0103,2021Q4,52
F0103,2022Q1,101
F0103,2022Q2,61
F0103,2022Q3,53
F0103,2022Q4,70
F0103,2023Q1,103
F0103,2023Q2,45
F0103,2023Q3,54
F0103,2023Q4,55
F0103,2024Q1,368
F0103,2024Q2,246
F0103,2024Q3,286
F0103,2024Q4,363
F0103,2025Q1,573
F0103,2025Q2,387
F0103,2025Q3,332
F0103,2025Q4,129
F0103,2026Q1,317
F0103,2026Q2,383
F0104,2021Q3,178
F0104,2021Q4,151
F0104,2022Q1,237
F0104,2022Q2,152
F0104,2022Q3,147
F0104,2022Q4,161
F0104,2023Q1,222
F0104,2023Q2,165
F0104,2023Q3,143
F0104,2023Q4,147
F0104,2024Q1,237
F0104,2024Q2,143
F0104,2024Q3,112
F0104,2024Q4,122
F0104,2025Q1,217
F0104,2025Q2,120
F0104,2025Q3,106
F0104,2025Q4,29
F0104,2026Q1,78
F0104,2026Q2,68
F0105,2021Q3,53
F0105,2021Q4,61
F0105,2022Q1,93
F0105,2022Q2,56
F0105,2022Q3,63
F0105,2022Q4,70
F0105,2023Q1,100
F0105,2023Q2,50
F0105,2023Q3,55
F0105,2023Q4,54
F0105,2024Q1,150
F0105,2024Q2,112
F0105,2024Q3,106
F0105,2024Q4,141
F0105,2025Q1,199
F0105,2025Q2,133
F0105,2025Q3,99
F0105,2025Q4,58
F0105,2026Q1,67
F0105,2026Q2,39
F0106,2021Q3,166
F0106,2021Q4,185
F0106,2022Q1,300
F0106,2022Q2,217
F0106,2022Q3,215
F0106,2022Q4,239
F0106,2023Q1,318
F0106,2023Q2,257
F0106,2023Q3,229
F0106,2023Q4,262
F0106,2024Q1,339
F0106,2024Q2,240
F0106,2024Q3,242
F0106,2024Q4,243
F0106,2025Q1,371
F0106,2025Q2,239
F0106,2025Q3,257
F0106,2025Q4,347
F0106,2026Q1,442
F0106,2026Q2,321
F0107,2021Q3,22
F0107,2021Q4,25
F0107,2022Q1,43
F0107,2022Q2,18
F0107,2022Q3,13
F0107,2022Q4,26
F0107,2023Q1,38
F0107,2023Q2,23
F0107,2023Q3,24
F0107,2023Q4,22
F0107,2024Q1,54
F0107,2024Q2,21
F0107,2024Q3,17
F0107,2024Q4,18
F0107,2025Q1,87
F0107,2025Q2,28
F0107,2025Q3,42
F0107,2025Q4,145
F0107,2026Q1,222
F0107,2026Q2,148
F0108,2021Q3,16
F0108,2021Q4,17
F0108,2022Q1,30
F0108,2022Q2,16
F0108,2022Q3,20
F0108,2022Q4,19
F0108,2023Q1,29
F0108,2023Q2,24
F0108,2023Q3,26
F0108,2023Q4,26
F0108,2024Q1,89
F0108,2024Q2,59
F0108,2024Q3,53
F0108,2024Q4,57
F0108,2025Q1,91
F0108,2025Q2,59
F0108,2025Q3,41
F0108,2025Q4,7
F0108,2026Q1,16
F0108,2026Q2,18
F0109,2021Q3,283
F0109,2021Q4,234
F0109,2022Q1,356
F0109,2022Q2,254
F0109,2022Q3,293
F0109,2022Q4,263
F0109,2023Q1,358
F0109,2023Q2,280
F0109,2023Q3,237
F0109,2023Q4,285
F0109,2024Q1,379
F0109,2024Q2,211
F0109,2024Q3,209
F0109,2024Q4,229
F0109,2025Q1,464
F0109,2025Q2,222
F0109,2025Q3,249
F0109,2025Q4,521
F0109,2026Q1,771
F0109,2026Q2,553
F0110,2021Q3,83
F0110,2021Q4,66
F0110,2022Q1,104
F0110,2022Q2,59
F0110,2022Q3,85
F0110,2022Q4,70
F0110,2023Q1,73
F0110,2023Q2,52
F0110,2023Q3,64
F0110,2023Q4,68
F0110,2024Q1,138
F0110,2024Q2,70
F0110,2024Q3,70
F0110,2024Q4,73
F0110,2025Q1,173
F0110,2025Q2,92
F0110,2025Q3,120
F0110,2025Q4,251
F0110,2026Q1,596
F0110,2026Q2,422
F0111,2021Q3,111
F0111,2021Q4,113
F0111,2022Q1,183
F0111,2022Q2,133
F0111,2022Q3,121
F0111,2022Q4,119
F0111,2023Q1,156
F0111,2023Q2,121
F0111,2023Q3,140
F0111,2023Q4,124
F0111,2024Q1,182
F0111,2024Q2,116
F0111,2024Q3,111
F0111,2024Q4,116
F0111,2025Q1,174
F0111,2025Q2,113
F0111,2025Q3,99
F0111,2025Q4,86
F0111,2026Q1,110
F0111,2026Q2,76
F0112,2021Q3,66
F0112,2021Q4,55
F0112,2022Q1,119
F0112,2022Q2,52
F0112,2022Q3,74
F0112,2022Q4,61
F0112,2023Q1,104
F0112,2023Q2,56
F0112,2023Q3,54
F0112,2023Q4,64
F0112,2024Q1,148
F0112,2024Q2,102
F0112,2024Q3,124
F0112,2024Q4,127
F0112,2025Q1,257
F0112,2025Q2,159
F0112,2025Q3,119
F0112,2025Q4,137
F0112,2026Q1,261
F0112,2026Q2,195
F0113,2021Q3,52
F0113,2021Q4,58
F0113,2022Q1,74
F0113,2022Q2,71
F0113,2022Q3,56
F0113,2022Q4,64
F0113,2023Q1,67
F0113,2023Q2,74
F0113,2023Q3,46
F0113,2023Q4,52
F0113,2024Q1,58
F0113,2024Q2,34
F0113,2024Q3,68
F0113,2024Q4,38
F0113,2025Q1,80
F0113,2025Q2,40
F0113,2025Q3,59
F0113,2025Q4,69
F0113,2026Q1,123
F0113,2026Q2,105
F0114,2021Q3,30
F0114,2021Q4,24
F0114,2022Q1,55
F0114,2022Q2,22
F0114,2022Q3,22
F0114,2022Q4,22
F0114,2023Q1,38
F0114,2023Q2,20
F0114,2023Q3,16
F0114,2023Q4,22
F0114,2024Q1,110
F0114,2024Q2,44
F0114,2024Q3,64
F0114,2024Q4,77
F0114,2025Q1,120
F0114,2025Q2,74
F0114,2025Q3,47
F0114,2025Q4,35
F0114,2026Q1,77
F0114,2026Q2,60
F0115,2021Q3,51
F0115,2021Q4,55
F0115,2022Q1,41
F0115,2022Q2,34
F0115,2022Q3,33
F0115,2022Q4,40
F0115,2023Q1,49
F0115,2023Q2,32
F0115,2023Q3,33
F0115,2023Q4,32
F0115,2024Q1,53
F0115,2024Q2,44
F0115,2024Q3,39
F0115,2024Q4,58
F0115,2025Q1,96
F0115,2025Q2,47
F0115,2025Q3,41
F0115,2025Q4,31
F0115,2026Q1,39
F0115,2026Q2,48
F0116,2021Q3,58
F0116,2021Q4,69
F0116,2022Q1,66
F0116,2022Q2,60
F0116,2022Q3,58
F0116,2022Q4,67
F0116,2023Q1,71
F0116,2023Q2,56
F0116,2023Q3,52
F0116,2023Q4,63
F0116,2024Q1,60
F0116,2024Q2,49
F0116,2024Q3,38
F0116,2024Q4,50
F0116,2025Q1,70
F0116,2025Q2,43
F0116,2025Q3,52
F0116,2025Q4,126
F0116,2026Q1,161
F0116,2026Q2,109
F0117,2021Q3,68
F0117,2021Q4,68
F0117,2022Q1,85
F0117,2022Q2,84
F0117,2022Q3,72
F0117,2022Q4,80
F0117,2023Q1,104
F0117,2023Q2,111
F0117,2023Q3,107
F0117,2023Q4,116
F0117,2024Q1,157
F0117,2024Q2,113
F0117,2024Q3,126
F0117,2024Q4,78
F0117,2025Q1,207
F0117,2025Q2,144
F0117,2025Q3,170
F0117,2025Q4,265
F0117,2026Q1,358
F0117,2026Q2,255
F0118,2021Q3,408
F0118,2021Q4,394
F0118,2022Q1,435
F0118,2022Q2,400
F0118,2022Q3,402
F0118,2022Q4,392
F0118,2023Q1,422
F0118,2023Q2,368
F0118,2023Q3,336
F0118,2023Q4,351
F0118,2024Q1,492
F0118,2024Q2,338
F0118,2024Q3,315
F0118,2024Q4,327
F0118,2025Q1,496
F0118,2025Q2,355
F0118,2025Q3,327
F0118,2025Q4,544
F0118,2026Q1,726
F0118,2026Q2,509
F0119,2021Q3,28
F0119,2021Q4,19
F0119,2022Q1,39
F0119,2022Q2,21
F0119,2022Q3,17
F0119,2022Q4,23
F0119,2023Q1,51
F0119,2023Q2,21
F0119,2023Q3,22
F0119,2023Q4,17
F0119,2024Q1,97
F0119,2024Q2,50
F0119,2024Q3,56
F0119,2024Q4,64
F0119,2025Q1,151
F0119,2025Q2,75
F0119,2025Q3,71
F0119,2025Q4,87
F0119,2026Q1,160
F0119,2026Q2,114
F0120,2021Q3,46
F0120,2021Q4,69
F0120,2022Q1,63
F0120,2022Q2,55
F0120,2022Q3,54
F0120,2022Q4,59
F0120,2023Q1,84
F0120,2023Q2,67
F0120,2023Q3,82
F0120,2023Q4,67
F0120,2024Q1,44
F0120,2024Q2,39
F0120,2024Q3,29
F0120,2024Q4,28
F0120,2025Q1,47
F0120,2025Q2,34
F0120,2025Q3,56
F0120,2025Q4,135
F0120,2026Q1,133
F0120,2026Q2,100
F0121,2021Q3,64
F0121,2021Q4,78
F0121,2022Q1,151
F0121,2022Q2,87
F0121,2022Q3,98
F0121,2022Q4,77
F0121,2023Q1,152
F0121,2023Q2,79
F0121,2023Q3,82
F0121,2023Q4,89
F0121,2024Q1,488
F0121,2024Q2,244
F0121,2024Q3,279
F0121,2024Q4,344
F0121,2025Q1,669
F0121,2025Q2,316
F0121,2025Q3,282
F0121,2025Q4,297
F0121,2026Q1,725
F0121,2026Q2,557
F0122,2021Q3,52
F0122,2021Q4,56
F0122,2022Q1,89
F0122,2022Q2,62
F0122,2022Q3,52
F0122,2022Q4,66
F0122,2023Q1,97
F0122,2023Q2,58
F0122,2023Q3,64
F0122,2023Q4,69
F0122,2024Q1,120
F0122,2024Q2,73
F0122,2024Q3,68
F0122,2024Q4,93
F0122,2025Q1,181
F0122,2025Q2,94
F0122,2025Q3,85
F0122,2025Q4,173
F0122,2026Q1,294
F0122,2026Q2,234
F0123,2021Q3,65
F0123,2021Q4,81
F0123,2022Q1,115
F0123,2022Q2,85
F0123,2022Q3,87
F0123,2022Q4,99
F0123,2023Q1,119
F0123,2023Q2,89
F0123,2023Q3,100
F0123,2023Q4,105
F0123,2024Q1,162
F0123,2024Q2,121
F0123,2024Q3,130
F0123,2024Q4,116
F0123,2025Q1,165
F0123,2025Q2,120
F0123,2025Q3,113
F0123,2025Q4,39
F0123,2026Q1,53
F0123,2026Q2,42
F0124,2021Q3,39
F0124,2021Q4,49
F0124,2022Q1,76
F0124,2022Q2,43
F0124,2022Q3,45
F0124,2022Q4,52
F0124,2023Q1,76
F0124,2023Q2,50
F0124,2023Q3,44
F0124,2023Q4,52
F0124,2024Q1,104
F0124,2024Q2,72
F0124,2024Q3,76
F0124,2024Q4,74
F0124,2025Q1,143
F0124,2025Q2,93
F0124,2025Q3,80
F0124,2025Q4,106
F0124,2026Q1,154
F0124,2026Q2,111
F0125,2021Q3,14
F0125,2021Q4,24
F0125,2022Q1,27
F0125,2022Q2,22
F0125,2022Q3,18
F0125,2022Q4,20
F0125,2023Q1,23
F0125,2023Q2,24
F0125,2023Q3,19
F0125,2023Q4,27
F0125,2024Q1,29
F0125,2024Q2,18
F0125,2024Q3,18
F0125,2024Q4,20
F0125,2025Q1,51
F0125,2025Q2,21
F0125,2025Q3,22
F0125,2025Q4,39
F0125,2026Q1,54
F0125,2026Q2,53
F0126,2021Q3,39
F0126,2021Q4,29
F0126,2022Q1,38
F0126,2022Q2,39
F0126,2022Q3,24
F0126,2022Q4,42
F0126,2023Q1,57
F0126,2023Q2,24
F0126,2023Q3,26
F0126,2023Q4,35
F0126,2024Q1,141
F0126,2024Q2,86
F0126,2024Q3,106
F0126,2024Q4,99
F0126,2025Q1,220
F0126,2025Q2,136
F0126,2025Q3,111
F0126,2025Q4,114
F0126,2026Q1,222
F0126,2026Q2,161
F0127,2021Q3,46
F0127,2021Q4,38
F0127,2022Q1,81
F0127,2022Q2,49
F0127,2022Q3,63
F0127,2022Q4,53
F0127,2023Q1,95
F0127,2023Q2,70
F0127,2023Q3,75
F0127,2023Q4,93
F0127,2024Q1,183
F0127,2024Q2,145
F0127,2024Q3,138
F0127,2024Q4,163
F0127,2025Q1,291
F0127,2025Q2,202
F0127,2025Q3,164
F0127,2025Q4,163
F0127,2026Q1,252
F0127,2026Q2,225
F0128,2021Q3,191
F0128,2021Q4,212
F0128,2022Q1,272
F0128,2022Q2,196
F0128,2022Q3,167
F0128,2022Q4,202
F0128,2023Q1,249
F0128,2023Q2,185
F0128,2023Q3,195
F0128,2023Q4,190
F0128,2024Q1,233
F0128,2024Q2,134
F0128,2024Q3,121
F0128,2024Q4,137
F0128,2025Q1,190
F0128,2025Q2,120
F0128,2025Q3,144
F0128,2025Q4,209
F0128,2026Q1,210
F0128,2026Q2,175
F0129,2021Q3,176
F0129,2021Q4,177
F0129,2022Q1,187
F0129,2022Q2,150
F0129,2022Q3,194
F0129,2022Q4,215
F0129,2023Q1,211
F0129,2023Q2,155
F0129,2023Q3,175
F0129,2023Q4,173
F0129,2024Q1,237
F0129,2024Q2,151
F0129,2024Q3,141
F0129,2024Q4,157
F0129,2025Q1,271
F0129,2025Q2,173
F0129,2025Q3,162
F0129,2025Q4,299
F0129,2026Q1,451
F0129,2026Q2,287
F0130,2021Q3,42
F0130,2021Q4,35
F0130,2022Q1,88
F0130,2022Q2,54
F0130,2022Q3,42
F0130,2022Q4,48
F0130,2023Q1,88
F0130,2023Q2,40
F0130,2023Q3,45
F0130,2023Q4,42
F0130,2024Q1,97
F0130,2024Q2,37
F0130,2024Q3,40
F0130,2024Q4,52
F0130,2025Q1,272
F0130,2025Q2,74
F0130,2025Q3,141
F0130,2025Q4,479
F0130,2026Q1,770
F0130,2026Q2,583
F0131,2021Q3,93
F0131,2021Q4,127
F0131,2022Q1,212
F0131,2022Q2,133
F0131,2022Q3,117
F0131,2022Q4,144
F0131,2023Q1,210
F0131,2023Q2,105
F0131,2023Q3,138
F0131,2023Q4,150
F0131,2024Q1,272
F0131,2024Q2,209
F0131,2024Q3,208
F0131,2024Q4,213
F0131,2025Q1,359
F0131,2025Q2,206
F0131,2025Q3,189
F0131,2025Q4,155
F0131,2026Q1,214
F0131,2026Q2,176
F0132,2021Q3,342
F0132,2021Q4,378
F0132,2022Q1,377
F0132,2022Q2,253
F0132,2022Q3,257
F0132,2022Q4,337
F0132,2023Q1,381
F0132,2023Q2,273
F0132,2023Q3,264
F0132,2023Q4,453
F0132,2024Q1,250
F0132,2024Q2,190
F0132,2024Q3,230
F0132,2024Q4,240
F0132,2025Q1,158
F0132,2025Q2,115
F0132,2025Q3,80
F0132,2025Q4,0
F0132,2026Q1,0
F0132,2026Q2,1
F0133,2021Q3,51
F0133,2021Q4,55
F0133,2022Q1,67
F0133,2022Q2,55
F0133,2022Q3,47
F0133,2022Q4,53
F0133,2023Q1,73
F0133,2023Q2,55
F0133,2023Q3,45
F0133,2023Q4,68
F0133,2024Q1,77
F0133,2024Q2,76
F0133,2024Q3,61
F0133,2024Q4,76
F0133,2025Q1,146
F0133,2025Q2,90
F0133,2025Q3,95
F0133,2025Q4,122
F0133,2026Q1,175
F0133,2026Q2,128
F0134,2021Q3,82
F0134,2021Q4,71
F0134,2022Q1,111
F0134,2022Q2,78
F0134,2022Q3,77
F0134,2022Q4,105
F0134,2023Q1,96
F0134,2023Q2,70
F0134,2023Q3,67
F0134,2023Q4,67
F0134,2024Q1,83
F0134,2024Q2,64
F0134,2024Q3,57
F0134,2024Q4,64
F0134,2025Q1,105
F0134,2025Q2,55
F0134,2025Q3,71
F0134,2025Q4,85
F0134,2026Q1,149
F0134,2026Q2,93
F0135,2021Q3,112
F0135,2021Q4,119
F0135,2022Q1,156
F0135,2022Q2,121
F0135,2022Q3,122
F0135,2022Q4,133
F0135,2023Q1,189
F0135,2023Q2,132
F0135,2023Q3,146
F0135,2023Q4,124
F0135,2024Q1,243
F0135,2024Q2,137
F0135,2024Q3,139
F0135,2024Q4,126
F0135,2025Q1,286
F0135,2025Q2,148
F0135,2025Q3,171
F0135,2025Q4,322
F0135,2026Q1,635
F0135,2026Q2,411
F0136,2021Q3,3
F0136,2021Q4,12
F0136,2022Q1,19
F0136,2022Q2,11
F0136,2022Q3,14
F0136,2022Q4,10
F0136,2023Q1,24
F0136,2023Q2,12
F0136,2023Q3,6
F0136,2023Q4,13
F0136,2024Q1,43
F0136,2024Q2,36
F0136,2024Q3,42
F0136,2024Q4,32
F0136,2025Q1,52
F0136,2025Q2,54
F0136,2025Q3,32
F0136,2025Q4,15
F0136,2026Q1,42
F0136,2026Q2,39
F0137,2021Q3,6
F0137,2021Q4,14
F0137,2022Q1,14
F0137,2022Q2,7
F0137,2022Q3,4
F0137,2022Q4,10
F0137,2023Q1,20
F0137,2023Q2,8
F0137,2023Q3,7
F0137,2023Q4,16
F0137,2024Q1,25
F0137,2024Q2,18
F0137,2024Q3,14
F0137,2024Q4,17
F0137,2025Q1,32
F0137,2025Q2,13
F0137,2025Q3,14
F0137,2025Q4,3
F0137,2026Q1,7
F0137,2026Q2,5
F0138,2021Q3,31
F0138,2021Q4,63
F0138,2022Q1,56
F0138,2022Q2,44
F0138,2022Q3,54
F0138,2022Q4,56
F0138,2023Q1,50
F0138,2023Q2,33
F0138,2023Q3,41
F0138,2023Q4,43
F0138,2024Q1,89
F0138,2024Q2,55
F0138,2024Q3,78
F0138,2024Q4,87
F0138,2025Q1,150
F0138,2025Q2,117
F0138,2025Q3,108
F0138,2025Q4,146
F0138,2026Q1,242
F0138,2026Q2,193
F0139,2021Q3,204
F0139,2021Q4,222
F0139,2022Q1,316
F0139,2022Q2,263
F0139,2022Q3,250
F0139,2022Q4,305
F0139,2023Q1,400
F0139,2023Q2,305
F0139,2023Q3,272
F0139,2023Q4,293
F0139,2024Q1,521
F0139,2024Q2,315
F0139,2024Q3,301
F0139,2024Q4,330
F0139,2025Q1,604
F0139,2025Q2,372
F0139,2025Q3,372
F0139,2025Q4,451
F0139,2026Q1,836
F0139,2026Q2,583
F0140,2021Q3,79
F0140,2021Q4,64
F0140,2022Q1,92
F0140,2022Q2,81
F0140,2022Q3,84
F0140,2022Q4,71
F0140,2023Q1,78
F0140,2023Q2,58
F0140,2023Q3,72
F0140,2023Q4,60
F0140,2024Q1,78
F0140,2024Q2,69
F0140,2024Q3,81
F0140,2024Q4,64
F0140,2025Q1,115
F0140,2025Q2,62
F0140,2025Q3,75
F0140,2025Q4,79
F0140,2026Q1,132
F0140,2026Q2,64
F0141,2021Q3,49
F0141,2021Q4,34
F0141,2022Q1,56
F0141,2022Q2,39
F0141,2022Q3,26
F0141,2022Q4,36
F0141,2023Q1,55
F0141,2023Q2,33
F0141,2023Q3,36
F0141,2023Q4,37
F0141,2024Q1,70
F0141,2024Q2,36
F0141,2024Q3,34
F0141,2024Q4,66
F0141,2025Q1,78
F0141,2025Q2,31
F0141,2025Q3,41
F0141,2025Q4,95
F0141,2026Q1,152
F0141,2026Q2,97
F0142,2021Q3,536
F0142,2021Q4,576
F0142,2022Q1,828
F0142,2022Q2,552
F0142,2022Q3,536
F0142,2022Q4,587
F0142,2023Q1,870
F0142,2023Q2,622
F0142,2023Q3,559
F0142,2023Q4,644
F0142,2024Q1,1053
F0142,2024Q2,743
F0142,2024Q3,710
F0142,2024Q4,793
F0142,2025Q1,1303
F0142,2025Q2,831
F0142,2025Q3,806
F0142,2025Q4,949
F0142,2026Q1,1446
F0142,2026Q2,1003
F0143,2021Q3,56
F0143,2021Q4,64
F0143,2022Q1,142
F0143,2022Q2,61
F0143,2022Q3,69
F0143,2022Q4,61
F0143,2023Q1,212
F0143,2023Q2,54
F0143,2023Q3,55
F0143,2023Q4,80
F0143,2024Q1,480
F0143,2024Q2,311
F0143,2024Q3,304
F0143,2024Q4,399
F0143,2025Q1,693
F0143,2025Q2,441
F0143,2025Q3,351
F0143,2025Q4,138
F0143,2026Q1,420
F0143,2026Q2,349
F0144,2021Q3,136
F0144,2021Q4,150
F0144,2022Q1,206
F0144,2022Q2,149
F0144,2022Q3,138
F0144,2022Q4,173
F0144,2023Q1,204
F0144,2023Q2,154
F0144,2023Q3,163
F0144,2023Q4,151
F0144,2024Q1,183
F0144,2024Q2,119
F0144,2024Q3,92
F0144,2024Q4,93
F0144,2025Q1,145
F0144,2025Q2,93
F0144,2025Q3,83
F0144,2025Q4,236
F0144,2026Q1,352
F0144,2026Q2,223
F0145,2021Q3,126
F0145,2021Q4,176
F0145,2022Q1,257
F0145,2022Q2,161
F0145,2022Q3,128
F0145,2022Q4,159
F0145,2023Q1,273
F0145,2023Q2,134
F0145,2023Q3,107
F0145,2023Q4,178
F0145,2024Q1,443
F0145,2024Q2,183
F0145,2024Q3,184
F0145,2024Q4,258
F0145,2025Q1,314
F0145,2025Q2,193
F0145,2025Q3,133
F0145,2025Q4,1
F0145,2026Q1,2
F0145,2026Q2,2
F0146,2021Q3,49
F0146,2021Q4,52
F0146,2022Q1,39
F0146,2022Q2,39
F0146,2022Q3,50
F0146,2022Q4,37
F0146,2023Q1,59
F0146,2023Q2,49
F0146,2023Q3,30
F0146,2023Q4,49
F0146,2024Q1,73
F0146,2024Q2,35
F0146,2024Q3,50
F0146,2024Q4,50
F0146,2025Q1,86
F0146,2025Q2,69
F0146,2025Q3,56
F0146,2025Q4,81
F0146,2026Q1,100
F0146,2026Q2,90
F0147,2021Q3,46
F0147,2021Q4,27
F0147,2022Q1,67
F0147,2022Q2,31
F0147,2022Q3,32
F0147,2022Q4,43
F0147,2023Q1,105
F0147,2023Q2,40
F0147,2023Q3,38
F0147,2023Q4,44
F0147,2024Q1,138
F0147,2024Q2,72
F0147,2024Q3,102
F0147,2024Q4,82
F0147,2025Q1,257
F0147,2025Q2,103
F0147,2025Q3,110
F0147,2025Q4,209
F0147,2026Q1,369
F0147,2026Q2,297
F0148,2021Q3,120
F0148,2021Q4,123
F0148,2022Q1,179
F0148,2022Q2,142
F0148,2022Q3,144
F0148,2022Q4,150
F0148,2023Q1,186
F0148,2023Q2,133
F0148,2023Q3,122
F0148,2023Q4,152
F0148,2024Q1,212
F0148,2024Q2,135
F0148,2024Q3,129
F0148,2024Q4,151
F0148,2025Q1,204
F0148,2025Q2,135
F0148,2025Q3,127
F0148,2025Q4,149
F0148,2026Q1,214
F0148,2026Q2,159
F0149,2021Q3,34
F0149,2021Q4,39
F0149,2022Q1,61
F0149,2022Q2,30
F0149,2022Q3,36
F0149,2022Q4,36
F0149,2023Q1,90
F0149,2023Q2,20
F0149,2023Q3,24
F0149,2023Q4,34
F0149,2024Q1,177
F0149,2024Q2,102
F0149,2024Q3,110
F0149,2024Q4,150
F0149,2025Q1,204
F0149,2025Q2,145
F0149,2025Q3,114
F0149,2025Q4,48
F0149,2026Q1,90
F0149,2026Q2,54
F0150,2021Q3,14
F0150,2021Q4,11
F0150,2022Q1,39
F0150,2022Q2,13
F0150,2022Q3,13
F0150,2022Q4,15
F0150,2023Q1,34
F0150,2023Q2,13
F0150,2023Q3,13
F0150,2023Q4,21
F0150,2024Q1,87
F0150,2024Q2,63
F0150,2024Q3,48
F0150,2024Q4,51
F0150,2025Q1,103
F0150,2025Q2,50
F0150,2025Q3,50
F0150,2025Q4,17
F0150,2026Q1,45
F0150,2026Q2,53
F0151,2021Q3,102
F0151,2021Q4,98
F0151,2022Q1,161
F0151,2022Q2,103
F0151,2022Q3,107
F0151,2022Q4,101
F0151,2023Q1,132
F0151,2023Q2,82
F0151,2023Q3,92
F0151,2023Q4,106
F0151,2024Q1,166
F0151,2024Q2,94
F0151,2024Q3,105
F0151,2024Q4,85
F0151,2025Q1,143
F0151,2025Q2,108
F0151,2025Q3,107
F0151,2025Q4,125
F0151,2026Q1,155
F0151,2026Q2,114
F0152,2021Q3,14
F0152,2021Q4,14
F0152,2022Q1,22
F0152,2022Q2,12
F0152,2022Q3,15
F0152,2022Q4,28
F0152,2023Q1,36
F0152,2023Q2,17
F0152,2023Q3,21
F0152,2023Q4,23
F0152,2024Q1,38
F0152,2024Q2,29
F0152,2024Q3,30
F0152,2024Q4,34
F0152,2025Q1,50
F0152,2025Q2,38
F0152,2025Q3,32
F0152,2025Q4,52
F0152,2026Q1,69
F0152,2026Q2,29
F0153,2021Q3,1
F0153,2021Q4,0
F0153,2022Q1,0
F0153,2022Q2,1
F0153,2022Q3,5
F0153,2022Q4,2
F0153,2023Q1,3
F0153,2023Q2,2
F0153,2023Q3,1
F0153,2023Q4,4
F0153,2024Q1,6
F0153,2024Q2,2
F0153,2024Q3,0
F0153,2024Q4,6
F0153,2025Q1,3
F0153,2025Q2,1
F0153,2025Q3,2
F0153,2025Q4,0
F0153,2026Q1,1
F0153,2026Q2,1
F0154,2021Q3,141
F0154,2021Q4,141
F0154,2022Q1,183
F0154,2022Q2,147
F0154,2022Q3,128
F0154,2022Q4,146
F0154,2023Q1,196
F0154,2023Q2,133
F0154,2023Q3,144
F0154,2023Q4,145
F0154,2024Q1,194
F0154,2024Q2,121
F0154,2024Q3,109
F0154,2024Q4,109
F0154,2025Q1,217
F0154,2025Q2,133
F0154,2025Q3,143
F0154,2025Q4,308
F0154,2026Q1,550
F0154,2026Q2,292
F0155,2021Q3,30
F0155,2021Q4,37
F0155,2022Q1,64
F0155,2022Q2,27
F0155,2022Q3,48
F0155,2022Q4,38
F0155,2023Q1,80
F0155,2023Q2,22
F0155,2023Q3,24
F0155,2023Q4,44
F0155,2024Q1,196
F0155,2024Q2,103
F0155,2024Q3,147
F0155,2024Q4,180
F0155,2025Q1,227
F0155,2025Q2,155
F0155,2025Q3,128
F0155,2025Q4,7
F0155,2026Q1,18
F0155,2026Q2,13
F0156,2021Q3,93
F0156,2021Q4,87
F0156,2022Q1,88
F0156,2022Q2,68
F0156,2022Q3,69
F0156,2022Q4,81
F0156,2023Q1,101
F0156,2023Q2,78
F0156,2023Q3,67
F0156,2023Q4,87
F0156,2024Q1,53
F0156,2024Q2,25
F0156,2024Q3,36
F0156,2024Q4,16
F0156,2025Q1,29
F0156,2025Q2,12
F0156,2025Q3,19
F0156,2025Q4,70
F0156,2026Q1,75
F0156,2026Q2,57
F0157,2021Q3,65
F0157,2021Q4,49
F0157,2022Q1,73
F0157,2022Q2,42
F0157,2022Q3,49
F0157,2022Q4,68
F0157,2023Q1,90
F0157,2023Q2,49
F0157,2023Q3,52
F0157,2023Q4,53
F0157,2024Q1,155
F0157,2024Q2,110
F0157,2024Q3,131
F0157,2024Q4,137
F0157,2025Q1,252
F0157,2025Q2,180
F0157,2025Q3,145
F0157,2025Q4,96
F0157,2026Q1,196
F0157,2026Q2,208
F0158,2021Q3,42
F0158,2021Q4,49
F0158,2022Q1,76
F0158,2022Q2,41
F0158,2022Q3,68
F0158,2022Q4,52
F0158,2023Q1,78
F0158,2023Q2,69
F0158,2023Q3,61
F0158,2023Q4,73
F0158,2024Q1,120
F0158,2024Q2,76
F0158,2024Q3,77
F0158,2024Q4,77
F0158,2025Q1,127
F0158,2025Q2,78
F0158,2025Q3,73
F0158,2025Q4,2
F0158,2026Q1,2
F0158,2026Q2,2
F0159,2021Q3,160
F0159,2021Q4,163
F0159,2022Q1,197
F0159,2022Q2,169
F0159,2022Q3,183
F0159,2022Q4,221
F0159,2023Q1,220
F0159,2023Q2,208
F0159,2023Q3,206
F0159,2023Q4,233
F0159,2024Q1,210
F0159,2024Q2,135
F0159,2024Q3,110
F0159,2024Q4,86
F0159,2025Q1,189
F0159,2025Q2,155
F0159,2025Q3,289
F0159,2025Q4,713
F0159,2026Q1,884
F0159,2026Q2,497
F0160,2021Q3,92
F0160,2021Q4,95
F0160,2022Q1,133
F0160,2022Q2,76
F0160,2022Q3,80
F0160,2022Q4,80
F0160,2023Q1,131
F0160,2023Q2,91
F0160,2023Q3,93
F0160,2023Q4,79
F0160,2024Q1,120
F0160,2024Q2,90
F0160,2024Q3,89
F0160,2024Q4,67
F0160,2025Q1,118
F0160,2025Q2,76
F0160,2025Q3,56
F0160,2025Q4,19
F0160,2026Q1,31
F0160,2026Q2,32
F0161,2021Q3,25
F0161,2021Q4,30
F0161,2022Q1,42
F0161,2022Q2,26
F0161,2022Q3,32
F0161,2022Q4,22
F0161,2023Q1,45
F0161,2023Q2,29
F0161,2023Q3,25
F0161,2023Q4,32
F0161,2024Q1,44
F0161,2024Q2,27
F0161,2024Q3,34
F0161,2024Q4,36
F0161,2025Q1,63
F0161,2025Q2,47
F0161,2025Q3,46
F0161,2025Q4,82
F0161,2026Q1,81
F0161,2026Q2,69
F0162,2021Q3,68
F0162,2021Q4,60
F0162,2022Q1,118
F0162,2022Q2,66
F0162,2022Q3,68
F0162,2022Q4,64
F0162,2023Q1,91
F0162,2023Q2,56
F0162,2023Q3,64
F0162,2023Q4,62
F0162,2024Q1,108
F0162,2024Q2,77
F0162,2024Q3,75
F0162,2024Q4,82
F0162,2025Q1,119
F0162,2025Q2,64
F0162,2025Q3,59
F0162,2025Q4,55
F0162,2026Q1,90
F0162,2026Q2,66
F0163,2021Q3,43
F0163,2021Q4,49
F0163,2022Q1,73
F0163,2022Q2,39
F0163,2022Q3,47
F0163,2022Q4,55
F0163,2023Q1,70
F0163,2023Q2,41
F0163,2023Q3,39
F0163,2023Q4,41
F0163,2024Q1,74
F0163,2024Q2,38
F0163,2024Q3,25
F0163,2024Q4,29
F0163,2025Q1,54
F0163,2025Q2,26
F0163,2025Q3,32
F0163,2025Q4,78
F0163,2026Q1,123
F0163,2026Q2,73
F0164,2021Q3,22
F0164,2021Q4,22
F0164,2022Q1,30
F0164,2022Q2,14
F0164,2022Q3,18
F0164,2022Q4,20
F0164,2023Q1,34
F0164,2023Q2,25
F0164,2023Q3,38
F0164,2023Q4,20
F0164,2024Q1,28
F0164,2024Q2,28
F0164,2024Q3,24
F0164,2024Q4,28
F0164,2025Q1,53
F0164,2025Q2,26
F0164,2025Q3,22
F0164,2025Q4,35
F0164,2026Q1,60
F0164,2026Q2,44
F0165,2021Q3,14
F0165,2021Q4,16
F0165,2022Q1,27
F0165,2022Q2,15
F0165,2022Q3,10
F0165,2022Q4,19
F0165,2023Q1,27
F0165,2023Q2,10
F0165,2023Q3,20
F0165,2023Q4,14
F0165,2024Q1,37
F0165,2024Q2,30
F0165,2024Q3,28
F0165,2024Q4,34
F0165,2025Q1,84
F0165,2025Q2,43
F0165,2025Q3,57
F0165,2025Q4,75
F0165,2026Q1,91
F0165,2026Q2,56
F0166,2021Q3,19
F0166,2021Q4,1
F0166,2022Q1,7
F0166,2022Q2,13
F0166,2022Q3,5
F0166,2022Q4,11
F0166,2023Q1,16
F0166,2023Q2,24
F0166,2023Q3,5
F0166,2023Q4,8
F0166,2024Q1,18
F0166,2024Q2,17
F0166,2024Q3,14
F0166,2024Q4,4
F0166,2025Q1,27
F0166,2025Q2,35
F0166,2025Q3,20
F0166,2025Q4,42
F0166,2026Q1,84
F0166,2026Q2,119
F0167,2021Q3,86
F0167,2021Q4,50
F0167,2022Q1,90
F0167,2022Q2,49
F0167,2022Q3,48
F0167,2022Q4,72
F0167,2023Q1,82
F0167,2023Q2,62
F0167,2023Q3,56
F0167,2023Q4,68
F0167,2024Q1,108
F0167,2024Q2,85
F0167,2024Q3,92
F0167,2024Q4,85
F0167,2025Q1,114
F0167,2025Q2,64
F0167,2025Q3,59
F0167,2025Q4,58
F0167,2026Q1,68
F0167,2026Q2,59
F0168,2021Q3,39
F0168,2021Q4,56
F0168,2022Q1,67
F0168,2022Q2,55
F0168,2022Q3,67
F0168,2022Q4,53
F0168,2023Q1,74
F0168,2023Q2,59
F0168,2023Q3,44
F0168,2023Q4,67
F0168,2024Q1,75
F0168,2024Q2,41
F0168,2024Q3,22
F0168,2024Q4,23
F0168,2025Q1,94
F0168,2025Q2,32
F0168,2025Q3,72
F0168,2025Q4,208
F0168,2026Q1,282
F0168,2026Q2,147
F0169,2021Q3,166
F0169,2021Q4,191
F0169,2022Q1,245
F0169,2022Q2,198
F0169,2022Q3,189
F0169,2022Q4,214
F0169,2023Q1,239
F0169,2023Q2,216
F0169,2023Q3,193
F0169,2023Q4,208
F0169,2024Q1,355
F0169,2024Q2,227
F0169,2024Q3,207
F0169,2024Q4,228
F0169,2025Q1,454
F0169,2025Q2,241
F0169,2025Q3,285
F0169,2025Q4,509
F0169,2026Q1,907
F0169,2026Q2,626
F0170,2021Q3,21
F0170,2021Q4,40
F0170,2022Q1,39
F0170,2022Q2,27
F0170,2022Q3,19
F0170,2022Q4,26
F0170,2023Q1,37
F0170,2023Q2,29
F0170,2023Q3,21
F0170,2023Q4,27
F0170,2024Q1,58
F0170,2024Q2,39
F0170,2024Q3,35
F0170,2024Q4,46
F0170,2025Q1,82
F0170,2025Q2,65
F0170,2025Q3,59
F0170,2025Q4,105
F0170,2026Q1,258
F0170,2026Q2,188
F0171,2021Q3,84
F0171,2021Q4,82
F0171,2022Q1,101
F0171,2022Q2,88
F0171,2022Q3,73
F0171,2022Q4,96
F0171,2023Q1,106
F0171,2023Q2,78
F0171,2023Q3,91
F0171,2023Q4,112
F0171,2024Q1,132
F0171,2024Q2,77
F0171,2024Q3,91
F0171,2024Q4,76
F0171,2025Q1,133
F0171,2025Q2,87
F0171,2025Q3,122
F0171,2025Q4,171
F0171,2026Q1,222
F0171,2026Q2,157
F0172,2021Q3,25
F0172,2021Q4,32
F0172,2022Q1,69
F0172,2022Q2,32
F0172,2022Q3,27
F0172,2022Q4,17
F0172,2023Q1,55
F0172,2023Q2,27
F0172,2023Q3,31
F0172,2023Q4,26
F0172,2024Q1,52
F0172,2024Q2,28
F0172,2024Q3,37
F0172,2024Q4,46
F0172,2025Q1,58
F0172,2025Q2,34
F0172,2025Q3,28
F0172,2025Q4,24
F0172,2026Q1,40
F0172,2026Q2,50
F0173,2021Q3,43
F0173,2021Q4,44
F0173,2022Q1,61
F0173,2022Q2,36
F0173,2022Q3,26
F0173,2022Q4,56
F0173,2023Q1,58
F0173,2023Q2,29
F0173,2023Q3,32
F0173,2023Q4,40
F0173,2024Q1,111
F0173,2024Q2,68
F0173,2024Q3,66
F0173,2024Q4,96
F0173,2025Q1,141
F0173,2025Q2,81
F0173,2025Q3,59
F0173,2025Q4,28
F0173,2026Q1,35
F0173,2026Q2,23
F0174,2021Q3,107
F0174,2021Q4,106
F0174,2022Q1,137
F0174,2022Q2,111
F0174,2022Q3,121
F0174,2022Q4,121
F0174,2023Q1,143
F0174,2023Q2,131
F0174,2023Q3,118
F0174,2023Q4,130
F0174,2024Q1,181
F0174,2024Q2,86
F0174,2024Q3,110
F0174,2024Q4,77
F0174,2025Q1,158
F0174,2025Q2,99
F0174,2025Q3,136
F0174,2025Q4,302
F0174,2026Q1,460
F0174,2026Q2,258
F0175,2021Q3,99
F0175,2021Q4,111
F0175,2022Q1,85
F0175,2022Q2,71
F0175,2022Q3,127
F0175,2022Q4,60
F0175,2023Q1,90
F0175,2023Q2,77
F0175,2023Q3,97
F0175,2023Q4,63
F0175,2024Q1,38
F0175,2024Q2,19
F0175,2024Q3,8
F0175,2024Q4,8
F0175,2025Q1,10
F0175,2025Q2,0
F0175,2025Q3,5
F0175,2025Q4,4
F0175,2026Q1,5
F0175,2026Q2,5
F0176,2021Q3,22
F0176,2021Q4,31
F0176,2022Q1,52
F0176,2022Q2,23
F0176,2022Q3,39
F0176,2022Q4,35
F0176,2023Q1,54
F0176,2023Q2,25
F0176,2023Q3,25
F0176,2023Q4,29
F0176,2024Q1,97
F0176,2024Q2,60
F0176,2024Q3,56
F0176,2024Q4,77
F0176,2025Q1,137
F0176,2025Q2,64
F0176,2025Q3,92
F0176,2025Q4,141
F0176,2026Q1,301
F0176,2026Q2,219
F0177,2021Q3,32
F0177,2021Q4,40
F0177,2022Q1,35
F0177,2022Q2,31
F0177,2022Q3,16
F0177,2022Q4,27
F0177,2023Q1,81
F0177,2023Q2,16
F0177,2023Q3,31
F0177,2023Q4,40
F0177,2024Q1,133
F0177,2024Q2,79
F0177,2024Q3,94
F0177,2024Q4,109
F0177,2025Q1,207
F0177,2025Q2,122
F0177,2025Q3,123
F0177,2025Q4,135
F0177,2026Q1,339
F0177,2026Q2,297
F0178,2021Q3,57
F0178,2021Q4,28
F0178,2022Q1,51
F0178,2022Q2,21
F0178,2022Q3,20
F0178,2022Q4,28
F0178,2023Q1,60
F0178,2023Q2,22
F0178,2023Q3,24
F0178,2023Q4,31
F0178,2024Q1,135
F0178,2024Q2,73
F0178,2024Q3,75
F0178,2024Q4,105
F0178,2025Q1,152
F0178,2025Q2,110
F0178,2025Q3,76
F0178,2025Q4,44
F0178,2026Q1,157
F0178,2026Q2,127
F0179,2021Q3,41
F0179,2021Q4,40
F0179,2022Q1,82
F0179,2022Q2,42
F0179,2022Q3,50
F0179,2022Q4,50
F0179,2023Q1,111
F0179,2023Q2,47
F0179,2023Q3,50
F0179,2023Q4,57
F0179,2024Q1,260
F0179,2024Q2,168
F0179,2024Q3,159
F0179,2024Q4,222
F0179,2025Q1,361
F0179,2025Q2,234
F0179,2025Q3,175
F0179,2025Q4,158
F0179,2026Q1,222
F0179,2026Q2,213
F0180,2021Q3,92
F0180,2021Q4,89
F0180,2022Q1,107
F0180,2022Q2,92
F0180,2022Q3,93
F0180,2022Q4,89
F0180,2023Q1,121
F0180,2023Q2,100
F0180,2023Q3,95
F0180,2023Q4,89
F0180,2024Q1,107
F0180,2024Q2,76
F0180,2024Q3,43
F0180,2024Q4,47
F0180,2025Q1,80
F0180,2025Q2,43
F0180,2025Q3,62
F0180,2025Q4,140
F0180,2026Q1,169
F0180,2026Q2,99
F0181,2021Q3,71
F0181,2021Q4,67
F0181,2022Q1,77
F0181,2022Q2,70
F0181,2022Q3,69
F0181,2022Q4,60
F0181,2023Q1,127
F0181,2023Q2,78
F0181,2023Q3,60
F0181,2023Q4,72
F0181,2024Q1,228
F0181,2024Q2,132
F0181,2024Q3,125
F0181,2024Q4,166
F0181,2025Q1,234
F0181,2025Q2,172
F0181,2025Q3,109
F0181,2025Q4,2
F0181,2026Q1,2
F0181,2026Q2,1
F0182,2021Q3,146
F0182,2021Q4,158
F0182,2022Q1,182
F0182,2022Q2,154
F0182,2022Q3,139
F0182,2022Q4,152
F0182,2023Q1,182
F0182,2023Q2,168
F0182,2023Q3,167
F0182,2023Q4,175
F0182,2024Q1,181
F0182,2024Q2,90
F0182,2024Q3,72
F0182,2024Q4,81
F0182,2025Q1,119
F0182,2025Q2,64
F0182,2025Q3,104
F0182,2025Q4,362
F0182,2026Q1,514
F0182,2026Q2,309
F0183,2021Q3,25
F0183,2021Q4,23
F0183,2022Q1,39
F0183,2022Q2,30
F0183,2022Q3,35
F0183,2022Q4,25
F0183,2023Q1,50
F0183,2023Q2,41
F0183,2023Q3,26
F0183,2023Q4,35
F0183,2024Q1,77
F0183,2024Q2,48
F0183,2024Q3,37
F0183,2024Q4,41
F0183,2025Q1,65
F0183,2025Q2,59
F0183,2025Q3,42
F0183,2025Q4,17
F0183,2026Q1,43
F0183,2026Q2,33
F0184,2021Q3,75
F0184,2021Q4,104
F0184,2022Q1,122
F0184,2022Q2,95
F0184,2022Q3,109
F0184,2022Q4,116
F0184,2023Q1,110
F0184,2023Q2,105
F0184,2023Q3,89
F0184,2023Q4,125
F0184,2024Q1,245
F0184,2024Q2,156
F0184,2024Q3,176
F0184,2024Q4,206
F0184,2025Q1,349
F0184,2025Q2,209
F0184,2025Q3,219
F0184,2025Q4,288
F0184,2026Q1,563
F0184,2026Q2,372
F0185,2021Q3,59
F0185,2021Q4,50
F0185,2022Q1,64
F0185,2022Q2,39
F0185,2022Q3,41
F0185,2022Q4,51
F0185,2023Q1,76
F0185,2023Q2,40
F0185,2023Q3,53
F0185,2023Q4,45
F0185,2024Q1,81
F0185,2024Q2,59
F0185,2024Q3,55
F0185,2024Q4,61
F0185,2025Q1,96
F0185,2025Q2,77
F0185,2025Q3,71
F0185,2025Q4,93
F0185,2026Q1,133
F0185,2026Q2,109
F0186,2021Q3,104
F0186,2021Q4,115
F0186,2022Q1,160
F0186,2022Q2,114
F0186,2022Q3,102
F0186,2022Q4,119
F0186,2023Q1,145
F0186,2023Q2,105
F0186,2023Q3,132
F0186,2023Q4,126
F0186,2024Q1,132
F0186,2024Q2,95
F0186,2024Q3,108
F0186,2024Q4,75
F0186,2025Q1,133
F0186,2025Q2,71
F0186,2025Q3,84
F0186,2025Q4,154
F0186,2026Q1,169
F0186,2026Q2,111
F0187,2021Q3,40
F0187,2021Q4,35
F0187,2022Q1,39
F0187,2022Q2,31
F0187,2022Q3,35
F0187,2022Q4,42
F0187,2023Q1,46
F0187,2023Q2,32
F0187,2023Q3,23
F0187,2023Q4,33
F0187,2024Q1,47
F0187,2024Q2,27
F0187,2024Q3,24
F0187,2024Q4,23
F0187,2025Q1,56
F0187,2025Q2,28
F0187,2025Q3,45
F0187,2025Q4,55
F0187,2026Q1,82
F0187,2026Q2,68
F0188,2021Q3,20
F0188,2021Q4,11
F0188,2022Q1,27
F0188,2022Q2,8
F0188,2022Q3,11
F0188,2022Q4,22
F0188,2023Q1,29
F0188,2023Q2,10
F0188,2023Q3,10
F0188,2023Q4,6
F0188,2024Q1,60
F0188,2024Q2,48
F0188,2024Q3,50
F0188,2024Q4,48
F0188,2025Q1,89
F0188,2025Q2,62
F0188,2025Q3,35
F0188,2025Q4,29
F0188,2026Q1,54
F0188,2026Q2,27
F0189,2021Q3,31
F0189,2021Q4,37
F0189,2022Q1,50
F0189,2022Q2,35
F0189,2022Q3,20
F0189,2022Q4,48
F0189,2023Q1,66
F0189,2023Q2,38
F0189,2023Q3,26
F0189,2023Q4,34
F0189,2024Q1,51
F0189,2024Q2,28
F0189,2024Q3,21
F0189,2024Q4,38
F0189,2025Q1,39
F0189,2025Q2,15
F0189,2025Q3,20
F0189,2025Q4,60
F0189,2026Q1,101
F0189,2026Q2,63
F0190,2021Q3,191
F0190,2021Q4,217
F0190,2022Q1,270
F0190,2022Q2,204
F0190,2022Q3,228
F0190,2022Q4,218
F0190,2023Q1,332
F0190,2023Q2,237
F0190,2023Q3,238
F0190,2023Q4,265
F0190,2024Q1,605
F0190,2024Q2,350
F0190,2024Q3,334
F0190,2024Q4,411
F0190,2025Q1,713
F0190,2025Q2,451
F0190,2025Q3,395
F0190,2025Q4,437
F0190,2026Q1,738
F0190,2026Q2,494
F0191,2021Q3,91
F0191,2021Q4,92
F0191,2022Q1,80
F0191,2022Q2,82
F0191,2022Q3,85
F0191,2022Q4,100
F0191,2023Q1,82
F0191,2023Q2,88
F0191,2023Q3,79
F0191,2023Q4,76
F0191,2024Q1,103
F0191,2024Q2,80
F0191,2024Q3,90
F0191,2024Q4,87
F0191,2025Q1,124
F0191,2025Q2,72
F0191,2025Q3,89
F0191,2025Q4,184
F0191,2026Q1,295
F0191,2026Q2,208
F0192,2021Q3,176
F0192,2021Q4,174
F0192,2022Q1,298
F0192,2022Q2,225
F0192,2022Q3,165
F0192,2022Q4,206
F0192,2023Q1,281
F0192,2023Q2,189
F0192,2023Q3,180
F0192,2023Q4,209
F0192,2024Q1,337
F0192,2024Q2,344
F0192,2024Q3,221
F0192,2024Q4,310
F0192,2025Q1,345
F0192,2025Q2,335
F0192,2025Q3,220
F0192,2025Q4,31
F0192,2026Q1,20
F0192,2026Q2,16
F0193,2021Q3,173
F0193,2021Q4,201
F0193,2022Q1,222
F0193,2022Q2,193
F0193,2022Q3,219
F0193,2022Q4,235
F0193,2023Q1,257
F0193,2023Q2,200
F0193,2023Q3,213
F0193,2023Q4,223
F0193,2024Q1,293
F0193,2024Q2,230
F0193,2024Q3,227
F0193,2024Q4,225
F0193,2025Q1,287
F0193,2025Q2,248
F0193,2025Q3,259
F0193,2025Q4,355
F0193,2026Q1,388
F0193,2026Q2,319
F0194,2021Q3,15
F0194,2021Q4,12
F0194,2022Q1,19
F0194,2022Q2,21
F0194,2022Q3,16
F0194,2022Q4,15
F0194,2023Q1,24
F0194,2023Q2,6
F0194,2023Q3,18
F0194,2023Q4,14
F0194,2024Q1,70
F0194,2024Q2,41
F0194,2024Q3,48
F0194,2024Q4,53
F0194,2025Q1,108
F0194,2025Q2,53
F0194,2025Q3,58
F0194,2025Q4,61
F0194,2026Q1,234
F0194,2026Q2,208
F0195,2021Q3,136
F0195,2021Q4,154
F0195,2022Q1,191
F0195,2022Q2,131
F0195,2022Q3,131
F0195,2022Q4,158
F0195,2023Q1,169
F0195,2023Q2,154
F0195,2023Q3,124
F0195,2023Q4,144
F0195,2024Q1,194
F0195,2024Q2,136
F0195,2024Q3,110
F0195,2024Q4,114
F0195,2025Q1,165
F0195,2025Q2,148
F0195,2025Q3,139
F0195,2025Q4,125
F0195,2026Q1,215
F0195,2026Q2,132
F0196,2021Q3,8
F0196,2021Q4,11
F0196,2022Q1,16
F0196,2022Q2,5
F0196,2022Q3,7
F0196,2022Q4,6
F0196,2023Q1,11
F0196,2023Q2,11
F0196,2023Q3,8
F0196,2023Q4,10
F0196,2024Q1,53
F0196,2024Q2,24
F0196,2024Q3,39
F0196,2024Q4,32
F0196,2025Q1,68
F0196,2025Q2,48
F0196,2025Q3,36
F0196,2025Q4,15
F0196,2026Q1,55
F0196,2026Q2,34
F0197,2021Q3,27
F0197,2021Q4,31
F0197,2022Q1,39
F0197,2022Q2,35
F0197,2022Q3,25
F0197,2022Q4,34
F0197,2023Q1,38
F0197,2023Q2,28
F0197,2023Q3,26
F0197,2023Q4,29
F0197,2024Q1,67
F0197,2024Q2,25
F0197,2024Q3,38
F0197,2024Q4,35
F0197,2025Q1,53
F0197,2025Q2,41
F0197,2025Q3,35
F0197,2025Q4,44
F0197,2026Q1,52
F0197,2026Q2,37
F0198,2021Q3,130
F0198,2021Q4,145
F0198,2022Q1,141
F0198,2022Q2,123
F0198,2022Q3,136
F0198,2022Q4,141
F0198,2023Q1,178
F0198,2023Q2,158
F0198,2023Q3,164
F0198,2023Q4,140
F0198,2024Q1,210
F0198,2024Q2,108
F0198,2024Q3,96
F0198,2024Q4,96
F0198,2025Q1,140
F0198,2025Q2,101
F0198,2025Q3,117
F0198,2025Q4,225
F0198,2026Q1,302
F0198,2026Q2,217
F0199,2021Q3,165
F0199,2021Q4,146
F0199,2022Q1,202
F0199,2022Q2,167
F0199,2022Q3,189
F0199,2022Q4,185
F0199,2023Q1,214
F0199,2023Q2,210
F0199,2023Q3,177
F0199,2023Q4,221
F0199,2024Q1,278
F0199,2024Q2,180
F0199,2024Q3,157
F0199,2024Q4,152
F0199,2025Q1,294
F0199,2025Q2,146
F0199,2025Q3,177
F0199,2025Q4,372
F0199,2026Q1,551
F0199,2026Q2,311
F0200,2021Q3,4
F0200,2021Q4,6
F0200,2022Q1,8
F0200,2022Q2,14
F0200,2022Q3,8
F0200,2022Q4,7
F0200,2023Q1,12
F0200,2023Q2,5
F0200,2023Q3,8
F0200,2023Q4,11
F0200,2024Q1,16
F0200,2024Q2,11
F0200,2024Q3,10
F0200,2024Q4,16
F0200,2025Q1,12
F0200,2025Q2,4
F0200,2025Q3,10
F0200,2025Q4,1
F0200,2026Q1,0
F0200,2026Q2,1
F0201,2021Q3,52
F0201,2021Q4,59
F0201,2022Q1,92
F0201,2022Q2,60
F0201,2022Q3,48
F0201,2022Q4,65
F0201,2023Q1,78
F0201,2023Q2,76
F0201,2023Q3,52
F0201,2023Q4,65
F0201,2024Q1,82
F0201,2024Q2,52
F0201,2024Q3,49
F0201,2024Q4,53
F0201,2025Q1,227
F0201,2025Q2,54
F0201,2025Q3,112
F0201,2025Q4,254
F0201,2026Q1,479
F0201,2026Q2,271
F0202,2021Q3,58
F0202,2021Q4,63
F0202,2022Q1,104
F0202,2022Q2,65
F0202,2022Q3,68
F0202,2022Q4,86
F0202,2023Q1,93
F0202,2023Q2,64
F0202,2023Q3,72
F0202,2023Q4,53
F0202,2024Q1,132
F0202,2024Q2,88
F0202,2024Q3,71
F0202,2024Q4,93
F0202,2025Q1,182
F0202,2025Q2,92
F0202,2025Q3,114
F0202,2025Q4,212
F0202,2026Q1,385
F0202,2026Q2,260
F0203,2021Q3,59
F0203,2021Q4,85
F0203,2022Q1,120
F0203,2022Q2,80
F0203,2022Q3,53
F0203,2022Q4,70
F0203,2023Q1,101
F0203,2023Q2,79
F0203,2023Q3,57
F0203,2023Q4,70
F0203,2024Q1,73
F0203,2024Q2,57
F0203,2024Q3,53
F0203,2024Q4,47
F0203,2025Q1,94
F0203,2025Q2,46
F0203,2025Q3,57
F0203,2025Q4,114
F0203,2026Q1,206
F0203,2026Q2,136
F0204,2021Q3,49
F0204,2021Q4,53
F0204,2022Q1,62
F0204,2022Q2,41
F0204,2022Q3,29
F0204,2022Q4,42
F0204,2023Q1,64
F0204,2023Q2,36
F0204,2023Q3,41
F0204,2023Q4,47
F0204,2024Q1,208
F0204,2024Q2,156
F0204,2024Q3,164
F0204,2024Q4,198
F0204,2025Q1,324
F0204,2025Q2,213
F0204,2025Q3,158
F0204,2025Q4,60
F0204,2026Q1,113
F0204,2026Q2,86
F0205,2021Q3,26
F0205,2021Q4,32
F0205,2022Q1,53
F0205,2022Q2,44
F0205,2022Q3,34
F0205,2022Q4,37
F0205,2023Q1,43
F0205,2023Q2,34
F0205,2023Q3,43
F0205,2023Q4,28
F0205,2024Q1,57
F0205,2024Q2,48
F0205,2024Q3,40
F0205,2024Q4,61
F0205,2025Q1,61
F0205,2025Q2,42
F0205,2025Q3,44
F0205,2025Q4,49
F0205,2026Q1,79
F0205,2026Q2,55
F0206,2021Q3,82
F0206,2021Q4,85
F0206,2022Q1,142
F0206,2022Q2,94
F0206,2022Q3,92
F0206,2022Q4,99
F0206,2023Q1,120
F0206,2023Q2,88
F0206,2023Q3,87
F0206,2023Q4,89
F0206,2024Q1,128
F0206,2024Q2,85
F0206,2024Q3,93
F0206,2024Q4,91
F0206,2025Q1,134
F0206,2025Q2,79
F0206,2025Q3,104
F0206,2025Q4,179
F0206,2026Q1,247
F0206,2026Q2,182
F0207,2021Q3,182
F0207,2021Q4,235
F0207,2022Q1,228
F0207,2022Q2,174
F0207,2022Q3,186
F0207,2022Q4,279
F0207,2023Q1,216
F0207,2023Q2,209
F0207,2023Q3,173
F0207,2023Q4,222
F0207,2024Q1,286
F0207,2024Q2,229
F0207,2024Q3,235
F0207,2024Q4,295
F0207,2025Q1,241
F0207,2025Q2,202
F0207,2025Q3,127
F0207,2025Q4,2
F0207,2026Q1,1
F0207,2026Q2,1
F0208,2021Q3,140
F0208,2021Q4,192
F0208,2022Q1,261
F0208,2022Q2,205
F0208,2022Q3,191
F0208,2022Q4,228
F0208,2023Q1,334
F0208,2023Q2,247
F0208,2023Q3,241
F0208,2023Q4,288
F0208,2024Q1,441
F0208,2024Q2,273
F0208,2024Q3,314
F0208,2024Q4,338
F0208,2025Q1,592
F0208,2025Q2,392
F0208,2025Q3,448
F0208,2025Q4,552
F0208,2026Q1,802
F0208,2026Q2,496
F0209,2021Q3,51
F0209,2021Q4,43
F0209,2022Q1,48
F0209,2022Q2,41
F0209,2022Q3,30
F0209,2022Q4,51
F0209,2023Q1,66
F0209,2023Q2,42
F0209,2023Q3,27
F0209,2023Q4,30
F0209,2024Q1,135
F0209,2024Q2,71
F0209,2024Q3,68
F0209,2024Q4,100
F0209,2025Q1,157
F0209,2025Q2,100
F0209,2025Q3,69
F0209,2025Q4,7
F0209,2026Q1,17
F0209,2026Q2,14
F0210,2021Q3,63
F0210,2021Q4,68
F0210,2022Q1,79
F0210,2022Q2,69
F0210,2022Q3,64
F0210,2022Q4,59
F0210,2023Q1,114
F0210,2023Q2,73
F0210,2023Q3,81
F0210,2023Q4,103
F0210,2024Q1,191
F0210,2024Q2,140
F0210,2024Q3,103
F0210,2024Q4,132
F0210,2025Q1,360
F0210,2025Q2,231
F0210,2025Q3,232
F0210,2025Q4,361
F0210,2026Q1,678
F0210,2026Q2,472
F0211,2021Q3,61
F0211,2021Q4,41
F0211,2022Q1,58
F0211,2022Q2,33
F0211,2022Q3,45
F0211,2022Q4,48
F0211,2023Q1,46
F0211,2023Q2,36
F0211,2023Q3,44
F0211,2023Q4,49
F0211,2024Q1,64
F0211,2024Q2,46
F0211,2024Q3,45
F0211,2024Q4,46
F0211,2025Q1,106
F0211,2025Q2,45
F0211,2025Q3,61
F0211,2025Q4,146
F0211,2026Q1,244
F0211,2026Q2,175
F0212,2021Q3,17
F0212,2021Q4,16
F0212,2022Q1,27
F0212,2022Q2,16
F0212,2022Q3,26
F0212,2022Q4,24
F0212,2023Q1,30
F0212,2023Q2,23
F0212,2023Q3,27
F0212,2023Q4,23
F0212,2024Q1,38
F0212,2024Q2,19
F0212,2024Q3,29
F0212,2024Q4,30
F0212,2025Q1,61
F0212,2025Q2,47
F0212,2025Q3,41
F0212,2025Q4,65
F0212,2026Q1,132
F0212,2026Q2,64
F0213,2021Q3,47
F0213,2021Q4,61
F0213,2022Q1,75
F0213,2022Q2,64
F0213,2022Q3,53
F0213,2022Q4,76
F0213,2023Q1,122
F0213,2023Q2,63
F0213,2023Q3,68
F0213,2023Q4,88
F0213,2024Q1,156
F0213,2024Q2,76
F0213,2024Q3,55
F0213,2024Q4,92
F0213,2025Q1,194
F0213,2025Q2,110
F0213,2025Q3,158
F0213,2025Q4,263
F0213,2026Q1,576
F0213,2026Q2,391
F0214,2021Q3,111
F0214,2021Q4,105
F0214,2022Q1,134
F0214,2022Q2,103
F0214,2022Q3,114
F0214,2022Q4,123
F0214,2023Q1,172
F0214,2023Q2,115
F0214,2023Q3,102
F0214,2023Q4,113
F0214,2024Q1,200
F0214,2024Q2,126
F0214,2024Q3,105
F0214,2024Q4,98
F0214,2025Q1,168
F0214,2025Q2,126
F0214,2025Q3,110
F0214,2025Q4,197
F0214,2026Q1,290
F0214,2026Q2,199
F0215,2021Q3,22
F0215,2021Q4,27
F0215,2022Q1,38
F0215,2022Q2,27
F0215,2022Q3,25
F0215,2022Q4,28
F0215,2023Q1,40
F0215,2023Q2,32
F0215,2023Q3,24
F0215,2023Q4,25
F0215,2024Q1,31
F0215,2024Q2,13
F0215,2024Q3,16
F0215,2024Q4,13
F0215,2025Q1,41
F0215,2025Q2,10
F0215,2025Q3,33
F0215,2025Q4,100
F0215,2026Q1,151
F0215,2026Q2,89
F0216,2021Q3,46
F0216,2021Q4,50
F0216,2022Q1,83
F0216,2022Q2,55
F0216,2022Q3,57
F0216,2022Q4,56
F0216,2023Q1,100
F0216,2023Q2,43
F0216,2023Q3,39
F0216,2023Q4,57
F0216,2024Q1,217
F0216,2024Q2,96
F0216,2024Q3,104
F0216,2024Q4,134
F0216,2025Q1,253
F0216,2025Q2,160
F0216,2025Q3,119
F0216,2025Q4,73
F0216,2026Q1,125
F0216,2026Q2,105
F0217,2021Q3,41
F0217,2021Q4,50
F0217,2022Q1,90
F0217,2022Q2,46
F0217,2022Q3,49
F0217,2022Q4,84
F0217,2023Q1,119
F0217,2023Q2,73
F0217,2023Q3,78
F0217,2023Q4,80
F0217,2024Q1,152
F0217,2024Q2,84
F0217,2024Q3,92
F0217,2024Q4,86
F0217,2025Q1,238
F0217,2025Q2,131
F0217,2025Q3,116
F0217,2025Q4,201
F0217,2026Q1,361
F0217,2026Q2,244
F0218,2021Q3,28
F0218,2021Q4,30
F0218,2022Q1,33
F0218,2022Q2,24
F0218,2022Q3,23
F0218,2022Q4,19
F0218,2023Q1,44
F0218,2023Q2,21
F0218,2023Q3,25
F0218,2023Q4,28
F0218,2024Q1,52
F0218,2024Q2,19
F0218,2024Q3,43
F0218,2024Q4,46
F0218,2025Q1,68
F0218,2025Q2,40
F0218,2025Q3,47
F0218,2025Q4,45
F0218,2026Q1,84
F0218,2026Q2,70
F0219,2021Q3,24
F0219,2021Q4,32
F0219,2022Q1,43
F0219,2022Q2,28
F0219,2022Q3,40
F0219,2022Q4,28
F0219,2023Q1,47
F0219,2023Q2,32
F0219,2023Q3,33
F0219,2023Q4,31
F0219,2024Q1,53
F0219,2024Q2,23
F0219,2024Q3,38
F0219,2024Q4,29
F0219,2025Q1,49
F0219,2025Q2,33
F0219,2025Q3,41
F0219,2025Q4,26
F0219,2026Q1,34
F0219,2026Q2,18
F0220,2021Q3,56
F0220,2021Q4,50
F0220,2022Q1,82
F0220,2022Q2,48
F0220,2022Q3,41
F0220,2022Q4,52
F0220,2023Q1,90
F0220,2023Q2,53
F0220,2023Q3,53
F0220,2023Q4,47
F0220,2024Q1,112
F0220,2024Q2,54
F0220,2024Q3,61
F0220,2024Q4,55
F0220,2025Q1,99
F0220,2025Q2,67
F0220,2025Q3,47
F0220,2025Q4,14
F0220,2026Q1,22
F0220,2026Q2,23
F0221,2021Q3,148
F0221,2021Q4,166
F0221,2022Q1,197
F0221,2022Q2,151
F0221,2022Q3,126
F0221,2022Q4,139
F0221,2023Q1,214
F0221,2023Q2,151
F0221,2023Q3,147
F0221,2023Q4,145
F0221,2024Q1,260
F0221,2024Q2,188
F0221,2024Q3,191
F0221,2024Q4,215
F0221,2025Q1,329
F0221,2025Q2,202
F0221,2025Q3,230
F0221,2025Q4,330
F0221,2026Q1,440
F0221,2026Q2,319
F0222,2021Q3,58
F0222,2021Q4,44
F0222,2022Q1,64
F0222,2022Q2,32
F0222,2022Q3,50
F0222,2022Q4,36
F0222,2023Q1,72
F0222,2023Q2,61
F0222,2023Q3,45
F0222,2023Q4,56
F0222,2024Q1,81
F0222,2024Q2,45
F0222,2024Q3,50
F0222,2024Q4,38
F0222,2025Q1,115
F0222,2025Q2,63
F0222,2025Q3,71
F0222,2025Q4,88
F0222,2026Q1,171
F0222,2026Q2,78
F0223,2021Q3,27
F0223,2021Q4,26
F0223,2022Q1,52
F0223,2022Q2,19
F0223,2022Q3,25
F0223,2022Q4,27
F0223,2023Q1,44
F0223,2023Q2,24
F0223,2023Q3,14
F0223,2023Q4,40
F0223,2024Q1,78
F0223,2024Q2,17
F0223,2024Q3,26
F0223,2024Q4,41
F0223,2025Q1,46
F0223,2025Q2,41
F0223,2025Q3,28
F0223,2025Q4,0
F0223,2026Q1,0
F0223,2026Q2,0
F0224,2021Q3,122
F0224,2021Q4,154
F0224,2022Q1,188
F0224,2022Q2,128
F0224,2022Q3,131
F0224,2022Q4,178
F0224,2023Q1,163
F0224,2023Q2,143
F0224,2023Q3,132
F0224,2023Q4,143
F0224,2024Q1,258
F0224,2024Q2,196
F0224,2024Q3,139
F0224,2024Q4,177
F0224,2025Q1,336
F0224,2025Q2,198
F0224,2025Q3,167
F0224,2025Q4,330
F0224,2026Q1,557
F0224,2026Q2,365
F0225,2021Q3,53
F0225,2021Q4,45
F0225,2022Q1,70
F0225,2022Q2,39
F0225,2022Q3,44
F0225,2022Q4,47
F0225,2023Q1,77
F0225,2023Q2,37
F0225,2023Q3,50
F0225,2023Q4,57
F0225,2024Q1,93
F0225,2024Q2,55
F0225,2024Q3,35
F0225,2024Q4,50
F0225,2025Q1,90
F0225,2025Q2,51
F0225,2025Q3,50
F0225,2025Q4,42
F0225,2026Q1,56
F0225,2026Q2,33
F0226,2021Q3,69
F0226,2021Q4,62
F0226,2022Q1,84
F0226,2022Q2,81
F0226,2022Q3,62
F0226,2022Q4,81
F0226,2023Q1,110
F0226,2023Q2,69
F0226,2023Q3,82
F0226,2023Q4,76
F0226,2024Q1,154
F0226,2024Q2,141
F0226,2024Q3,108
F0226,2024Q4,124
F0226,2025Q1,232
F0226,2025Q2,170
F0226,2025Q3,152
F0226,2025Q4,176
F0226,2026Q1,329
F0226,2026Q2,265
F0227,2021Q3,67
F0227,2021Q4,73
F0227,2022Q1,108
F0227,2022Q2,74
F0227,2022Q3,82
F0227,2022Q4,97
F0227,2023Q1,131
F0227,2023Q2,63
F0227,2023Q3,72
F0227,2023Q4,70
F0227,2024Q1,168
F0227,2024Q2,138
F0227,2024Q3,153
F0227,2024Q4,159
F0227,2025Q1,187
F0227,2025Q2,163
F0227,2025Q3,127
F0227,2025Q4,23
F0227,2026Q1,35
F0227,2026Q2,22
F0228,2021Q3,50
F0228,2021Q4,59
F0228,2022Q1,68
F0228,2022Q2,72
F0228,2022Q3,44
F0228,2022Q4,64
F0228,2023Q1,86
F0228,2023Q2,72
F0228,2023Q3,70
F0228,2023Q4,83
F0228,2024Q1,136
F0228,2024Q2,76
F0228,2024Q3,96
F0228,2024Q4,97
F0228,2025Q1,154
F0228,2025Q2,102
F0228,2025Q3,105
F0228,2025Q4,172
F0228,2026Q1,288
F0228,2026Q2,194
F0229,2021Q3,63
F0229,2021Q4,74
F0229,2022Q1,112
F0229,2022Q2,63
F0229,2022Q3,79
F0229,2022Q4,65
F0229,2023Q1,128
F0229,2023Q2,50
F0229,2023Q3,53
F0229,2023Q4,73
F0229,2024Q1,381
F0229,2024Q2,200
F0229,2024Q3,277
F0229,2024Q4,313
F0229,2025Q1,518
F0229,2025Q2,315
F0229,2025Q3,254
F0229,2025Q4,99
F0229,2026Q1,127
F0229,2026Q2,82
F0230,2021Q3,367
F0230,2021Q4,365
F0230,2022Q1,459
F0230,2022Q2,363
F0230,2022Q3,358
F0230,2022Q4,388
F0230,2023Q1,588
F0230,2023Q2,428
F0230,2023Q3,408
F0230,2023Q4,431
F0230,2024Q1,547
F0230,2024Q2,370
F0230,2024Q3,335
F0230,2024Q4,328
F0230,2025Q1,602
F0230,2025Q2,467
F0230,2025Q3,506
F0230,2025Q4,870
F0230,2026Q1,990
F0230,2026Q2,679
F0231,2021Q3,34
F0231,2021Q4,52
F0231,2022Q1,52
F0231,2022Q2,40
F0231,2022Q3,31
F0231,2022Q4,34
F0231,2023Q1,53
F0231,2023Q2,44
F0231,2023Q3,38
F0231,2023Q4,35
F0231,2024Q1,59
F0231,2024Q2,48
F0231,2024Q3,39
F0231,2024Q4,37
F0231,2025Q1,122
F0231,2025Q2,53
F0231,2025Q3,61
F0231,2025Q4,153
F0231,2026Q1,346
F0231,2026Q2,220
F0232,2021Q3,51
F0232,2021Q4,57
F0232,2022Q1,70
F0232,2022Q2,58
F0232,2022Q3,61
F0232,2022Q4,50
F0232,2023Q1,78
F0232,2023Q2,38
F0232,2023Q3,56
F0232,2023Q4,46
F0232,2024Q1,82
F0232,2024Q2,52
F0232,2024Q3,68
F0232,2024Q4,61
F0232,2025Q1,77
F0232,2025Q2,71
F0232,2025Q3,63
F0232,2025Q4,10
F0232,2026Q1,24
F0232,2026Q2,16
F0233,2021Q3,14
F0233,2021Q4,23
F0233,2022Q1,19
F0233,2022Q2,16
F0233,2022Q3,13
F0233,2022Q4,19
F0233,2023Q1,35
F0233,2023Q2,13
F0233,2023Q3,10
F0233,2023Q4,22
F0233,2024Q1,65
F0233,2024Q2,39
F0233,2024Q3,30
F0233,2024Q4,56
F0233,2025Q1,73
F0233,2025Q2,55
F0233,2025Q3,42
F0233,2025Q4,51
F0233,2026Q1,114
F0233,2026Q2,59
F0234,2021Q3,128
F0234,2021Q4,156
F0234,2022Q1,182
F0234,2022Q2,145
F0234,2022Q3,119
F0234,2022Q4,162
F0234,2023Q1,170
F0234,2023Q2,152
F0234,2023Q3,143
F0234,2023Q4,140
F0234,2024Q1,170
F0234,2024Q2,108
F0234,2024Q3,109
F0234,2024Q4,110
F0234,2025Q1,163
F0234,2025Q2,92
F0234,2025Q3,110
F0234,2025Q4,201
F0234,2026Q1,274
F0234,2026Q2,143
F0235,2021Q3,91
F0235,2021Q4,63
F0235,2022Q1,120
F0235,2022Q2,86
F0235,2022Q3,71
F0235,2022Q4,107
F0235,2023Q1,133
F0235,2023Q2,68
F0235,2023Q3,80
F0235,2023Q4,94
F0235,2024Q1,177
F0235,2024Q2,121
F0235,2024Q3,107
F0235,2024Q4,113
F0235,2025Q1,183
F0235,2025Q2,133
F0235,2025Q3,112
F0235,2025Q4,69
F0235,2026Q1,102
F0235,2026Q2,47
F0236,2021Q3,7
F0236,2021Q4,10
F0236,2022Q1,15
F0236,2022Q2,11
F0236,2022Q3,5
F0236,2022Q4,19
F0236,2023Q1,19
F0236,2023Q2,10
F0236,2023Q3,10
F0236,2023Q4,8
F0236,2024Q1,21
F0236,2024Q2,11
F0236,2024Q3,10
F0236,2024Q4,18
F0236,2025Q1,17
F0236,2025Q2,14
F0236,2025Q3,15
F0236,2025Q4,9
F0236,2026Q1,15
F0236,2026Q2,18
F0237,2021Q3,25
F0237,2021Q4,30
F0237,2022Q1,45
F0237,2022Q2,22
F0237,2022Q3,28
F0237,2022Q4,20
F0237,2023Q1,42
F0237,2023Q2,17
F0237,2023Q3,24
F0237,2023Q4,35
F0237,2024Q1,62
F0237,2024Q2,41
F0237,2024Q3,37
F0237,2024Q4,55
F0237,2025Q1,90
F0237,2025Q2,70
F0237,2025Q3,40
F0237,2025Q4,83
F0237,2026Q1,127
F0237,2026Q2,71
F0238,2021Q3,32
F0238,2021Q4,38
F0238,2022Q1,77
F0238,2022Q2,41
F0238,2022Q3,45
F0238,2022Q4,51
F0238,2023Q1,106
F0238,2023Q2,44
F0238,2023Q3,50
F0238,2023Q4,63
F0238,2024Q1,410
F0238,2024Q2,265
F0238,2024Q3,344
F0238,2024Q4,358
F0238,2025Q1,777
F0238,2025Q2,484
F0238,2025Q3,468
F0238,2025Q4,75
F0238,2026Q1,192
F0238,2026Q2,160
F0239,2021Q3,37
F0239,2021Q4,22
F0239,2022Q1,41
F0239,2022Q2,24
F0239,2022Q3,29
F0239,2022Q4,33
F0239,2023Q1,44
F0239,2023Q2,35
F0239,2023Q3,29
F0239,2023Q4,26
F0239,2024Q1,74
F0239,2024Q2,30
F0239,2024Q3,43
F0239,2024Q4,46
F0239,2025Q1,74
F0239,2025Q2,36
F0239,2025Q3,43
F0239,2025Q4,13
F0239,2026Q1,24
F0239,2026Q2,12
F0240,2021Q3,71
F0240,2021Q4,62
F0240,2022Q1,101
F0240,2022Q2,60
F0240,2022Q3,69
F0240,2022Q4,69
F0240,2023Q1,101
F0240,2023Q2,59
F0240,2023Q3,74
F0240,2023Q4,66
F0240,2024Q1,154
F0240,2024Q2,73
F0240,2024Q3,97
F0240,2024Q4,117
F0240,2025Q1,149
F0240,2025Q2,97
F0240,2025Q3,81
F0240,2025Q4,64
F0240,2026Q1,87
F0240,2026Q2,63
F0241,2021Q3,71
F0241,2021Q4,93
F0241,2022Q1,107
F0241,2022Q2,71
F0241,2022Q3,61
F0241,2022Q4,93
F0241,2023Q1,109
F0241,2023Q2,49
F0241,2023Q3,63
F0241,2023Q4,57
F0241,2024Q1,120
F0241,2024Q2,74
F0241,2024Q3,46
F0241,2024Q4,67
F0241,2025Q1,141
F0241,2025Q2,76
F0241,2025Q3,85
F0241,2025Q4,108
F0241,2026Q1,301
F0241,2026Q2,161
F0242,2021Q3,72
F0242,2021Q4,65
F0242,2022Q1,109
F0242,2022Q2,80
F0242,2022Q3,77
F0242,2022Q4,89
F0242,2023Q1,106
F0242,2023Q2,97
F0242,2023Q3,73
F0242,2023Q4,75
F0242,2024Q1,91
F0242,2024Q2,74
F0242,2024Q3,70
F0242,2024Q4,65
F0242,2025Q1,100
F0242,2025Q2,66
F0242,2025Q3,57
F0242,2025Q4,116
F0242,2026Q1,181
F0242,2026Q2,80
F0243,2021Q3,66
F0243,2021Q4,82
F0243,2022Q1,127
F0243,2022Q2,74
F0243,2022Q3,76
F0243,2022Q4,79
F0243,2023Q1,104
F0243,2023Q2,77
F0243,2023Q3,76
F0243,2023Q4,76
F0243,2024Q1,154
F0243,2024Q2,93
F0243,2024Q3,71
F0243,2024Q4,85
F0243,2025Q1,191
F0243,2025Q2,116
F0243,2025Q3,162
F0243,2025Q4,272
F0243,2026Q1,500
F0243,2026Q2,342
F0244,2021Q3,18
F0244,2021Q4,15
F0244,2022Q1,37
F0244,2022Q2,19
F0244,2022Q3,25
F0244,2022Q4,17
F0244,2023Q1,18
F0244,2023Q2,17
F0244,2023Q3,18
F0244,2023Q4,18
F0244,2024Q1,51
F0244,2024Q2,34
F0244,2024Q3,43
F0244,2024Q4,41
F0244,2025Q1,54
F0244,2025Q2,50
F0244,2025Q3,33
F0244,2025Q4,1
F0244,2026Q1,5
F0244,2026Q2,0
F0245,2021Q3,224
F0245,2021Q4,247
F0245,2022Q1,294
F0245,2022Q2,212
F0245,2022Q3,253
F0245,2022Q4,262
F0245,2023Q1,307
F0245,2023Q2,251
F0245,2023Q3,243
F0245,2023Q4,238
F0245,2024Q1,315
F0245,2024Q2,182
F0245,2024Q3,153
F0245,2024Q4,157
F0245,2025Q1,238
F0245,2025Q2,124
F0245,2025Q3,122
F0245,2025Q4,221
F0245,2026Q1,246
F0245,2026Q2,155
F0246,2021Q3,82
F0246,2021Q4,68
F0246,2022Q1,94
F0246,2022Q2,75
F0246,2022Q3,68
F0246,2022Q4,99
F0246,2023Q1,104
F0246,2023Q2,79
F0246,2023Q3,88
F0246,2023Q4,73
F0246,2024Q1,121
F0246,2024Q2,85
F0246,2024Q3,91
F0246,2024Q4,112
F0246,2025Q1,177
F0246,2025Q2,121
F0246,2025Q3,113
F0246,2025Q4,295
F0246,2026Q1,350
F0246,2026Q2,252
F0247,2021Q3,49
F0247,2021Q4,46
F0247,2022Q1,85
F0247,2022Q2,42
F0247,2022Q3,48
F0247,2022Q4,55
F0247,2023Q1,75
F0247,2023Q2,58
F0247,2023Q3,60
F0247,2023Q4,58
F0247,2024Q1,138
F0247,2024Q2,102
F0247,2024Q3,110
F0247,2024Q4,100
F0247,2025Q1,147
F0247,2025Q2,127
F0247,2025Q3,104
F0247,2025Q4,29
F0247,2026Q1,46
F0247,2026Q2,53
F0248,2021Q3,29
F0248,2021Q4,42
F0248,2022Q1,67
F0248,2022Q2,41
F0248,2022Q3,39
F0248,2022Q4,50
F0248,2023Q1,67
F0248,2023Q2,39
F0248,2023Q3,41
F0248,2023Q4,58
F0248,2024Q1,262
F0248,2024Q2,131
F0248,2024Q3,125
F0248,2024Q4,160
F0248,2025Q1,293
F0248,2025Q2,187
F0248,2025Q3,161
F0248,2025Q4,75
F0248,2026Q1,177
F0248,2026Q2,147
F0249,2021Q3,44
F0249,2021Q4,43
F0249,2022Q1,91
F0249,2022Q2,45
F0249,2022Q3,59
F0249,2022Q4,80
F0249,2023Q1,89
F0249,2023Q2,75
F0249,2023Q3,69
F0249,2023Q4,75
F0249,2024Q1,112
F0249,2024Q2,63
F0249,2024Q3,35
F0249,2024Q4,74
F0249,2025Q1,104
F0249,2025Q2,62
F0249,2025Q3,64
F0249,2025Q4,181
F0249,2026Q1,283
F0249,2026Q2,142
F0250,2021Q3,15
F0250,2021Q4,18
F0250,2022Q1,27
F0250,2022Q2,23
F0250,2022Q3,5
F0250,2022Q4,13
F0250,2023Q1,27
F0250,2023Q2,23
F0250,2023Q3,17
F0250,2023Q4,18
F0250,2024Q1,33
F0250,2024Q2,12
F0250,2024Q3,15
F0250,2024Q4,19
F0250,2025Q1,37
F0250,2025Q2,28
F0250,2025Q3,25
F0250,2025Q4,66
F0250,2026Q1,71
F0250,2026Q2,59
F0251,2021Q3,54
F0251,2021Q4,56
F0251,2022Q1,67
F0251,2022Q2,59
F0251,2022Q3,53
F0251,2022Q4,47
F0251,2023Q1,79
F0251,2023Q2,59
F0251,2023Q3,58
F0251,2023Q4,52
F0251,2024Q1,193
F0251,2024Q2,111
F0251,2024Q3,139
F0251,2024Q4,141
F0251,2025Q1,282
F0251,2025Q2,169
F0251,2025Q3,159
F0251,2025Q4,90
F0251,2026Q1,193
F0251,2026Q2,137
F0252,2021Q3,75
F0252,2021Q4,89
F0252,2022Q1,92
F0252,2022Q2,70
F0252,2022Q3,81
F0252,2022Q4,83
F0252,2023Q1,119
F0252,2023Q2,77
F0252,2023Q3,73
F0252,2023Q4,110
F0252,2024Q1,118
F0252,2024Q2,89
F0252,2024Q3,81
F0252,2024Q4,77
F0252,2025Q1,222
F0252,2025Q2,95
F0252,2025Q3,172
F0252,2025Q4,495
F0252,2026Q1,999
F0252,2026Q2,592
F0253,2021Q3,191
F0253,2021Q4,213
F0253,2022Q1,282
F0253,2022Q2,199
F0253,2022Q3,222
F0253,2022Q4,227
F0253,2023Q1,274
F0253,2023Q2,257
F0253,2023Q3,230
F0253,2023Q4,272
F0253,2024Q1,353
F0253,2024Q2,286
F0253,2024Q3,277
F0253,2024Q4,280
F0253,2025Q1,508
F0253,2025Q2,277
F0253,2025Q3,307
F0253,2025Q4,534
F0253,2026Q1,886
F0253,2026Q2,536
F0254,2021Q3,14
F0254,2021Q4,21
F0254,2022Q1,27
F0254,2022Q2,35
F0254,2022Q3,31
F0254,2022Q4,35
F0254,2023Q1,39
F0254,2023Q2,26
F0254,2023Q3,20
F0254,2023Q4,29
F0254,2024Q1,22
F0254,2024Q2,23
F0254,2024Q3,13
F0254,2024Q4,23
F0254,2025Q1,20
F0254,2025Q2,13
F0254,2025Q3,13
F0254,2025Q4,0
F0254,2026Q1,0
F0254,2026Q2,0
F0255,2021Q3,52
F0255,2021Q4,57
F0255,2022Q1,91
F0255,2022Q2,44
F0255,2022Q3,67
F0255,2022Q4,60
F0255,2023Q1,88
F0255,2023Q2,59
F0255,2023Q3,65
F0255,2023Q4,56
F0255,2024Q1,110
F0255,2024Q2,98
F0255,2024Q3,90
F0255,2024Q4,118
F0255,2025Q1,120
F0255,2025Q2,96
F0255,2025Q3,53
F0255,2025Q4,0
F0255,2026Q1,1
F0255,2026Q2,3
F0256,2021Q3,87
F0256,2021Q4,112
F0256,2022Q1,121
F0256,2022Q2,100
F0256,2022Q3,100
F0256,2022Q4,120
F0256,2023Q1,147
F0256,2023Q2,92
F0256,2023Q3,109
F0256,2023Q4,98
F0256,2024Q1,89
F0256,2024Q2,56
F0256,2024Q3,70
F0256,2024Q4,73
F0256,2025Q1,128
F0256,2025Q2,61
F0256,2025Q3,83
F0256,2025Q4,147
F0256,2026Q1,249
F0256,2026Q2,92
F0257,2021Q3,61
F0257,2021Q4,68
F0257,2022Q1,84
F0257,2022Q2,61
F0257,2022Q3,77
F0257,2022Q4,65
F0257,2023Q1,94
F0257,2023Q2,66
F0257,2023Q3,58
F0257,2023Q4,58
F0257,2024Q1,109
F0257,2024Q2,51
F0257,2024Q3,47
F0257,2024Q4,45
F0257,2025Q1,110
F0257,2025Q2,49
F0257,2025Q3,63
F0257,2025Q4,151
F0257,2026Q1,270
F0257,2026Q2,161
F0258,2021Q3,57
F0258,2021Q4,61
F0258,2022Q1,69
F0258,2022Q2,61
F0258,2022Q3,69
F0258,2022Q4,59
F0258,2023Q1,55
F0258,2023Q2,73
F0258,2023Q3,46
F0258,2023Q4,64
F0258,2024Q1,58
F0258,2024Q2,39
F0258,2024Q3,36
F0258,2024Q4,48
F0258,2025Q1,71
F0258,2025Q2,41
F0258,2025Q3,44
F0258,2025Q4,92
F0258,2026Q1,129
F0258,2026Q2,72
F0259,2021Q3,141
F0259,2021Q4,140
F0259,2022Q1,148
F0259,2022Q2,116
F0259,2022Q3,148
F0259,2022Q4,149
F0259,2023Q1,309
F0259,2023Q2,151
F0259,2023Q3,141
F0259,2023Q4,142
F0259,2024Q1,352
F0259,2024Q2,258
F0259,2024Q3,273
F0259,2024Q4,296
F0259,2025Q1,458
F0259,2025Q2,307
F0259,2025Q3,256
F0259,2025Q4,171
F0259,2026Q1,298
F0259,2026Q2,259
F0260,2021Q3,118
F0260,2021Q4,100
F0260,2022Q1,132
F0260,2022Q2,113
F0260,2022Q3,90
F0260,2022Q4,116
F0260,2023Q1,136
F0260,2023Q2,107
F0260,2023Q3,99
F0260,2023Q4,81
F0260,2024Q1,206
F0260,2024Q2,102
F0260,2024Q3,102
F0260,2024Q4,123
F0260,2025Q1,193
F0260,2025Q2,129
F0260,2025Q3,130
F0260,2025Q4,139
F0260,2026Q1,215
F0260,2026Q2,162
F0261,2021Q3,122
F0261,2021Q4,156
F0261,2022Q1,177
F0261,2022Q2,120
F0261,2022Q3,118
F0261,2022Q4,147
F0261,2023Q1,252
F0261,2023Q2,130
F0261,2023Q3,125
F0261,2023Q4,143
F0261,2024Q1,429
F0261,2024Q2,265
F0261,2024Q3,300
F0261,2024Q4,351
F0261,2025Q1,401
F0261,2025Q2,345
F0261,2025Q3,201
F0261,2025Q4,4
F0261,2026Q1,0
F0261,2026Q2,0
F0262,2021Q3,30
F0262,2021Q4,18
F0262,2022Q1,40
F0262,2022Q2,36
F0262,2022Q3,23
F0262,2022Q4,31
F0262,2023Q1,48
F0262,2023Q2,23
F0262,2023Q3,28
F0262,2023Q4,34
F0262,2024Q1,69
F0262,2024Q2,41
F0262,2024Q3,35
F0262,2024Q4,43
F0262,2025Q1,81
F0262,2025Q2,46
F0262,2025Q3,44
F0262,2025Q4,18
F0262,2026Q1,26
F0262,2026Q2,24
F0263,2021Q3,7
F0263,2021Q4,7
F0263,2022Q1,22
F0263,2022Q2,14
F0263,2022Q3,12
F0263,2022Q4,9
F0263,2023Q1,18
F0263,2023Q2,8
F0263,2023Q3,8
F0263,2023Q4,16
F0263,2024Q1,7
F0263,2024Q2,8
F0263,2024Q3,4
F0263,2024Q4,11
F0263,2025Q1,12
F0263,2025Q2,5
F0263,2025Q3,3
F0263,2025Q4,6
F0263,2026Q1,9
F0263,2026Q2,2
F0264,2021Q3,14
F0264,2021Q4,24
F0264,2022Q1,35
F0264,2022Q2,11
F0264,2022Q3,22
F0264,2022Q4,25
F0264,2023Q1,25
F0264,2023Q2,17
F0264,2023Q3,25
F0264,2023Q4,27
F0264,2024Q1,93
F0264,2024Q2,51
F0264,2024Q3,63
F0264,2024Q4,82
F0264,2025Q1,153
F0264,2025Q2,78
F0264,2025Q3,79
F0264,2025Q4,82
F0264,2026Q1,176
F0264,2026Q2,117
F0265,2021Q3,22
F0265,2021Q4,23
F0265,2022Q1,28
F0265,2022Q2,26
F0265,2022Q3,26
F0265,2022Q4,24
F0265,2023Q1,46
F0265,2023Q2,23
F0265,2023Q3,14
F0265,2023Q4,16
F0265,2024Q1,82
F0265,2024Q2,54
F0265,2024Q3,62
F0265,2024Q4,83
F0265,2025Q1,99
F0265,2025Q2,79
F0265,2025Q3,72
F0265,2025Q4,41
F0265,2026Q1,68
F0265,2026Q2,60
F0266,2021Q3,60
F0266,2021Q4,92
F0266,2022Q1,124
F0266,2022Q2,80
F0266,2022Q3,95
F0266,2022Q4,86
F0266,2023Q1,125
F0266,2023Q2,81
F0266,2023Q3,97
F0266,2023Q4,102
F0266,2024Q1,190
F0266,2024Q2,103
F0266,2024Q3,133
F0266,2024Q4,138
F0266,2025Q1,235
F0266,2025Q2,145
F0266,2025Q3,160
F0266,2025Q4,161
F0266,2026Q1,244
F0266,2026Q2,186
F0267,2021Q3,101
F0267,2021Q4,95
F0267,2022Q1,110
F0267,2022Q2,89
F0267,2022Q3,103
F0267,2022Q4,70
F0267,2023Q1,126
F0267,2023Q2,80
F0267,2023Q3,74
F0267,2023Q4,93
F0267,2024Q1,86
F0267,2024Q2,55
F0267,2024Q3,38
F0267,2024Q4,55
F0267,2025Q1,70
F0267,2025Q2,41
F0267,2025Q3,39
F0267,2025Q4,113
F0267,2026Q1,142
F0267,2026Q2,87
F0268,2021Q3,20
F0268,2021Q4,24
F0268,2022Q1,35
F0268,2022Q2,27
F0268,2022Q3,25
F0268,2022Q4,22
F0268,2023Q1,29
F0268,2023Q2,23
F0268,2023Q3,19
F0268,2023Q4,12
F0268,2024Q1,47
F0268,2024Q2,22
F0268,2024Q3,30
F0268,2024Q4,26
F0268,2025Q1,51
F0268,2025Q2,21
F0268,2025Q3,21
F0268,2025Q4,37
F0268,2026Q1,55
F0268,2026Q2,48
F0269,2021Q3,126
F0269,2021Q4,113
F0269,2022Q1,181
F0269,2022Q2,111
F0269,2022Q3,133
F0269,2022Q4,143
F0269,2023Q1,166
F0269,2023Q2,152
F0269,2023Q3,140
F0269,2023Q4,145
F0269,2024Q1,224
F0269,2024Q2,129
F0269,2024Q3,124
F0269,2024Q4,106
F0269,2025Q1,263
F0269,2025Q2,122
F0269,2025Q3,166
F0269,2025Q4,366
F0269,2026Q1,711
F0269,2026Q2,360
F0270,2021Q3,160
F0270,2021Q4,181
F0270,2022Q1,277
F0270,2022Q2,181
F0270,2022Q3,194
F0270,2022Q4,186
F0270,2023Q1,249
F0270,2023Q2,207
F0270,2023Q3,178
F0270,2023Q4,183
F0270,2024Q1,381
F0270,2024Q2,237
F0270,2024Q3,235
F0270,2024Q4,247
F0270,2025Q1,453
F0270,2025Q2,290
F0270,2025Q3,264
F0270,2025Q4,289
F0270,2026Q1,577
F0270,2026Q2,356
F0271,2021Q3,222
F0271,2021Q4,240
F0271,2022Q1,313
F0271,2022Q2,218
F0271,2022Q3,225
F0271,2022Q4,296
F0271,2023Q1,374
F0271,2023Q2,264
F0271,2023Q3,262
F0271,2023Q4,291
F0271,2024Q1,718
F0271,2024Q2,422
F0271,2024Q3,513
F0271,2024Q4,584
F0271,2025Q1,887
F0271,2025Q2,576
F0271,2025Q3,560
F0271,2025Q4,577
F0271,2026Q1,978
F0271,2026Q2,736
F0272,2021Q3,2
F0272,2021Q4,8
F0272,2022Q1,4
F0272,2022Q2,2
F0272,2022Q3,3
F0272,2022Q4,2
F0272,2023Q1,9
F0272,2023Q2,8
F0272,2023Q3,1
F0272,2023Q4,3
F0272,2024Q1,13
F0272,2024Q2,0
F0272,2024Q3,8
F0272,2024Q4,7
F0272,2025Q1,27
F0272,2025Q2,9
F0272,2025Q3,8
F0272,2025Q4,7
F0272,2026Q1,50
F0272,2026Q2,11
F0273,2021Q3,115
F0273,2021Q4,116
F0273,2022Q1,151
F0273,2022Q2,115
F0273,2022Q3,99
F0273,2022Q4,112
F0273,2023Q1,142
F0273,2023Q2,112
F0273,2023Q3,108
F0273,2023Q4,95
F0273,2024Q1,187
F0273,2024Q2,102
F0273,2024Q3,93
F0273,2024Q4,106
F0273,2025Q1,199
F0273,2025Q2,111
F0273,2025Q3,91
F0273,2025Q4,152
F0273,2026Q1,244
F0273,2026Q2,164
F0274,2021Q3,69
F0274,2021Q4,52
F0274,2022Q1,109
F0274,2022Q2,63
F0274,2022Q3,69
F0274,2022Q4,66
F0274,2023Q1,109
F0274,2023Q2,69
F0274,2023Q3,65
F0274,2023Q4,85
F0274,2024Q1,91
F0274,2024Q2,69
F0274,2024Q3,73
F0274,2024Q4,72
F0274,2025Q1,118
F0274,2025Q2,54
F0274,2025Q3,75
F0274,2025Q4,75
F0274,2026Q1,132
F0274,2026Q2,77
F0275,2021Q3,35
F0275,2021Q4,26
F0275,2022Q1,59
F0275,2022Q2,32
F0275,2022Q3,39
F0275,2022Q4,39
F0275,2023Q1,61
F0275,2023Q2,23
F0275,2023Q3,29
F0275,2023Q4,44
F0275,2024Q1,225
F0275,2024Q2,140
F0275,2024Q3,174
F0275,2024Q4,206
F0275,2025Q1,346
F0275,2025Q2,256
F0275,2025Q3,184
F0275,2025Q4,85
F0275,2026Q1,200
F0275,2026Q2,216
F0276,2021Q3,41
F0276,2021Q4,55
F0276,2022Q1,68
F0276,2022Q2,56
F0276,2022Q3,45
F0276,2022Q4,58
F0276,2023Q1,98
F0276,2023Q2,73
F0276,2023Q3,57
F0276,2023Q4,59
F0276,2024Q1,174
F0276,2024Q2,111
F0276,2024Q3,77
F0276,2024Q4,144
F0276,2025Q1,174
F0276,2025Q2,125
F0276,2025Q3,74
F0276,2025Q4,3
F0276,2026Q1,7
F0276,2026Q2,11
F0277,2021Q3,8
F0277,2021Q4,10
F0277,2022Q1,16
F0277,2022Q2,6
F0277,2022Q3,7
F0277,2022Q4,13
F0277,2023Q1,19
F0277,2023Q2,10
F0277,2023Q3,11
F0277,2023Q4,14
F0277,2024Q1,18
F0277,2024Q2,7
F0277,2024Q3,10
F0277,2024Q4,8
F0277,2025Q1,25
F0277,2025Q2,15
F0277,2025Q3,13
F0277,2025Q4,46
F0277,2026Q1,83
F0277,2026Q2,52
F0278,2021Q3,39
F0278,2021Q4,32
F0278,2022Q1,44
F0278,2022Q2,26
F0278,2022Q3,26
F0278,2022Q4,38
F0278,2023Q1,39
F0278,2023Q2,28
F0278,2023Q3,47
F0278,2023Q4,31
F0278,2024Q1,58
F0278,2024Q2,43
F0278,2024Q3,53
F0278,2024Q4,41
F0278,2025Q1,77
F0278,2025Q2,50
F0278,2025Q3,43
F0278,2025Q4,52
F0278,2026Q1,89
F0278,2026Q2,62
F0279,2021Q3,52
F0279,2021Q4,54
F0279,2022Q1,58
F0279,2022Q2,47
F0279,2022Q3,49
F0279,2022Q4,45
F0279,2023Q1,62
F0279,2023Q2,56
F0279,2023Q3,40
F0279,2023Q4,49
F0279,2024Q1,68
F0279,2024Q2,43
F0279,2024Q3,28
F0279,2024Q4,44
F0279,2025Q1,88
F0279,2025Q2,48
F0279,2025Q3,62
F0279,2025Q4,122
F0279,2026Q1,204
F0279,2026Q2,115
F0280,2021Q3,40
F0280,2021Q4,34
F0280,2022Q1,68
F0280,2022Q2,41
F0280,2022Q3,38
F0280,2022Q4,42
F0280,2023Q1,58
F0280,2023Q2,45
F0280,2023Q3,58
F0280,2023Q4,49
F0280,2024Q1,83
F0280,2024Q2,44
F0280,2024Q3,52
F0280,2024Q4,56
F0280,2025Q1,83
F0280,2025Q2,57
F0280,2025Q3,48
F0280,2025Q4,74
F0280,2026Q1,89
F0280,2026Q2,56
F0281,2021Q3,67
F0281,2021Q4,73
F0281,2022Q1,83
F0281,2022Q2,55
F0281,2022Q3,62
F0281,2022Q4,94
F0281,2023Q1,74
F0281,2023Q2,61
F0281,2023Q3,61
F0281,2023Q4,78
F0281,2024Q1,91
F0281,2024Q2,66
F0281,2024Q3,68
F0281,2024Q4,65
F0281,2025Q1,55
F0281,2025Q2,54
F0281,2025Q3,48
F0281,2025Q4,6
F0281,2026Q1,9
F0281,2026Q2,7
F0282,2021Q3,81
F0282,2021Q4,84
F0282,2022Q1,89
F0282,2022Q2,73
F0282,2022Q3,78
F0282,2022Q4,68
F0282,2023Q1,93
F0282,2023Q2,72
F0282,2023Q3,82
F0282,2023Q4,68
F0282,2024Q1,73
F0282,2024Q2,76
F0282,2024Q3,56
F0282,2024Q4,51
F0282,2025Q1,61
F0282,2025Q2,54
F0282,2025Q3,52
F0282,2025Q4,68
F0282,2026Q1,69
F0282,2026Q2,55
F0283,2021Q3,55
F0283,2021Q4,34
F0283,2022Q1,74
F0283,2022Q2,35
F0283,2022Q3,55
F0283,2022Q4,37
F0283,2023Q1,78
F0283,2023Q2,44
F0283,2023Q3,48
F0283,2023Q4,55
F0283,2024Q1,165
F0283,2024Q2,142
F0283,2024Q3,142
F0283,2024Q4,134
F0283,2025Q1,242
F0283,2025Q2,157
F0283,2025Q3,160
F0283,2025Q4,130
F0283,2026Q1,214
F0283,2026Q2,199
F0284,2021Q3,119
F0284,2021Q4,124
F0284,2022Q1,188
F0284,2022Q2,142
F0284,2022Q3,133
F0284,2022Q4,153
F0284,2023Q1,213
F0284,2023Q2,182
F0284,2023Q3,166
F0284,2023Q4,171
F0284,2024Q1,315
F0284,2024Q2,206
F0284,2024Q3,188
F0284,2024Q4,225
F0284,2025Q1,377
F0284,2025Q2,274
F0284,2025Q3,247
F0284,2025Q4,314
F0284,2026Q1,440
F0284,2026Q2,281
F0285,2021Q3,42
F0285,2021Q4,47
F0285,2022Q1,51
F0285,2022Q2,40
F0285,2022Q3,36
F0285,2022Q4,32
F0285,2023Q1,62
F0285,2023Q2,48
F0285,2023Q3,45
F0285,2023Q4,39
F0285,2024Q1,56
F0285,2024Q2,37
F0285,2024Q3,36
F0285,2024Q4,42
F0285,2025Q1,46
F0285,2025Q2,35
F0285,2025Q3,37
F0285,2025Q4,38
F0285,2026Q1,56
F0285,2026Q2,39
F0286,2021Q3,164
F0286,2021Q4,176
F0286,2022Q1,225
F0286,2022Q2,196
F0286,2022Q3,186
F0286,2022Q4,228
F0286,2023Q1,315
F0286,2023Q2,236
F0286,2023Q3,199
F0286,2023Q4,230
F0286,2024Q1,428
F0286,2024Q2,273
F0286,2024Q3,259
F0286,2024Q4,248
F0286,2025Q1,471
F0286,2025Q2,347
F0286,2025Q3,400
F0286,2025Q4,621
F0286,2026Q1,867
F0286,2026Q2,608
F0287,2021Q3,87
F0287,2021Q4,102
F0287,2022Q1,129
F0287,2022Q2,90
F0287,2022Q3,83
F0287,2022Q4,109
F0287,2023Q1,162
F0287,2023Q2,66
F0287,2023Q3,79
F0287,2023Q4,118
F0287,2024Q1,246
F0287,2024Q2,180
F0287,2024Q3,179
F0287,2024Q4,250
F0287,2025Q1,350
F0287,2025Q2,249
F0287,2025Q3,191
F0287,2025Q4,112
F0287,2026Q1,206
F0287,2026Q2,123
F0288,2021Q3,35
F0288,2021Q4,33
F0288,2022Q1,46
F0288,2022Q2,26
F0288,2022Q3,35
F0288,2022Q4,49
F0288,2023Q1,50
F0288,2023Q2,43
F0288,2023Q3,26
F0288,2023Q4,41
F0288,2024Q1,47
F0288,2024Q2,39
F0288,2024Q3,47
F0288,2024Q4,44
F0288,2025Q1,56
F0288,2025Q2,39
F0288,2025Q3,43
F0288,2025Q4,63
F0288,2026Q1,111
F0288,2026Q2,97
F0289,2021Q3,38
F0289,2021Q4,38
F0289,2022Q1,79
F0289,2022Q2,42
F0289,2022Q3,46
F0289,2022Q4,46
F0289,2023Q1,62
F0289,2023Q2,71
F0289,2023Q3,66
F0289,2023Q4,88
F0289,2024Q1,106
F0289,2024Q2,72
F0289,2024Q3,58
F0289,2024Q4,84
F0289,2025Q1,146
F0289,2025Q2,89
F0289,2025Q3,89
F0289,2025Q4,177
F0289,2026Q1,273
F0289,2026Q2,163
F0290,2021Q3,36
F0290,2021Q4,29
F0290,2022Q1,51
F0290,2022Q2,22
F0290,2022Q3,23
F0290,2022Q4,26
F0290,2023Q1,36
F0290,2023Q2,22
F0290,2023Q3,36
F0290,2023Q4,31
F0290,2024Q1,61
F0290,2024Q2,35
F0290,2024Q3,23
F0290,2024Q4,40
F0290,2025Q1,78
F0290,2025Q2,40
F0290,2025Q3,36
F0290,2025Q4,89
F0290,2026Q1,136
F0290,2026Q2,97
F0291,2021Q3,93
F0291,2021Q4,82
F0291,2022Q1,102
F0291,2022Q2,76
F0291,2022Q3,87
F0291,2022Q4,83
F0291,2023Q1,98
F0291,2023Q2,93
F0291,2023Q3,97
F0291,2023Q4,88
F0291,2024Q1,134
F0291,2024Q2,114
F0291,2024Q3,83
F0291,2024Q4,128
F0291,2025Q1,140
F0291,2025Q2,121
F0291,2025Q3,132
F0291,2025Q4,198
F0291,2026Q1,324
F0291,2026Q2,213
F0292,2021Q3,9
F0292,2021Q4,4
F0292,2022Q1,14
F0292,2022Q2,4
F0292,2022Q3,3
F0292,2022Q4,8
F0292,2023Q1,15
F0292,2023Q2,6
F0292,2023Q3,2
F0292,2023Q4,6
F0292,2024Q1,30
F0292,2024Q2,24
F0292,2024Q3,16
F0292,2024Q4,25
F0292,2025Q1,39
F0292,2025Q2,25
F0292,2025Q3,13
F0292,2025Q4,14
F0292,2026Q1,32
F0292,2026Q2,23
F0293,2021Q3,107
F0293,2021Q4,114
F0293,2022Q1,161
F0293,2022Q2,122
F0293,2022Q3,123
F0293,2022Q4,132
F0293,2023Q1,183
F0293,2023Q2,139
F0293,2023Q3,133
F0293,2023Q4,157
F0293,2024Q1,180
F0293,2024Q2,142
F0293,2024Q3,130
F0293,2024Q4,130
F0293,2025Q1,212
F0293,2025Q2,157
F0293,2025Q3,167
F0293,2025Q4,216
F0293,2026Q1,273
F0293,2026Q2,149
F0294,2021Q3,41
F0294,2021Q4,32
F0294,2022Q1,25
F0294,2022Q2,25
F0294,2022Q3,25
F0294,2022Q4,23
F0294,2023Q1,32
F0294,2023Q2,23
F0294,2023Q3,26
F0294,2023Q4,17
F0294,2024Q1,25
F0294,2024Q2,48
F0294,2024Q3,30
F0294,2024Q4,26
F0294,2025Q1,42
F0294,2025Q2,19
F0294,2025Q3,32
F0294,2025Q4,48
F0294,2026Q1,85
F0294,2026Q2,66
F0295,2021Q3,26
F0295,2021Q4,35
F0295,2022Q1,54
F0295,2022Q2,36
F0295,2022Q3,24
F0295,2022Q4,32
F0295,2023Q1,43
F0295,2023Q2,37
F0295,2023Q3,25
F0295,2023Q4,34
F0295,2024Q1,63
F0295,2024Q2,39
F0295,2024Q3,47
F0295,2024Q4,31
F0295,2025Q1,62
F0295,2025Q2,40
F0295,2025Q3,40
F0295,2025Q4,38
F0295,2026Q1,83
F0295,2026Q2,42
F0296,2021Q3,27
F0296,2021Q4,19
F0296,2022Q1,50
F0296,2022Q2,26
F0296,2022Q3,25
F0296,2022Q4,38
F0296,2023Q1,45
F0296,2023Q2,25
F0296,2023Q3,28
F0296,2023Q4,33
F0296,2024Q1,41
F0296,2024Q2,40
F0296,2024Q3,41
F0296,2024Q4,43
F0296,2025Q1,83
F0296,2025Q2,39
F0296,2025Q3,37
F0296,2025Q4,74
F0296,2026Q1,110
F0296,2026Q2,70
F0297,2021Q3,115
F0297,2021Q4,142
F0297,2022Q1,156
F0297,2022Q2,137
F0297,2022Q3,141
F0297,2022Q4,161
F0297,2023Q1,270
F0297,2023Q2,169
F0297,2023Q3,167
F0297,2023Q4,176
F0297,2024Q1,256
F0297,2024Q2,132
F0297,2024Q3,115
F0297,2024Q4,132
F0297,2025Q1,207
F0297,2025Q2,151
F0297,2025Q3,174
F0297,2025Q4,391
F0297,2026Q1,512
F0297,2026Q2,342
F0298,2021Q3,60
F0298,2021Q4,74
F0298,2022Q1,124
F0298,2022Q2,64
F0298,2022Q3,76
F0298,2022Q4,61
F0298,2023Q1,100
F0298,2023Q2,86
F0298,2023Q3,63
F0298,2023Q4,65
F0298,2024Q1,116
F0298,2024Q2,72
F0298,2024Q3,72
F0298,2024Q4,83
F0298,2025Q1,148
F0298,2025Q2,79
F0298,2025Q3,105
F0298,2025Q4,127
F0298,2026Q1,233
F0298,2026Q2,123
F0299,2021Q3,31
F0299,2021Q4,30
F0299,2022Q1,30
F0299,2022Q2,19
F0299,2022Q3,24
F0299,2022Q4,29
F0299,2023Q1,42
F0299,2023Q2,21
F0299,2023Q3,32
F0299,2023Q4,32
F0299,2024Q1,42
F0299,2024Q2,36
F0299,2024Q3,25
F0299,2024Q4,23
F0299,2025Q1,53
F0299,2025Q2,34
F0299,2025Q3,38
F0299,2025Q4,79
F0299,2026Q1,104
F0299,2026Q2,80
F0300,2021Q3,146
F0300,2021Q4,169
F0300,2022Q1,251
F0300,2022Q2,189
F0300,2022Q3,201
F0300,2022Q4,208
F0300,2023Q1,322
F0300,2023Q2,223
F0300,2023Q3,193
F0300,2023Q4,225
F0300,2024Q1,390
F0300,2024Q2,240
F0300,2024Q3,218
F0300,2024Q4,239
F0300,2025Q1,434
F0300,2025Q2,221
F0300,2025Q3,268
F0300,2025Q4,401
F0300,2026Q1,560
F0300,2026Q2,325
F0301,2021Q3,99
F0301,2021Q4,109
F0301,2022Q1,147
F0301,2022Q2,110
F0301,2022Q3,99
F0301,2022Q4,109
F0301,2023Q1,177
F0301,2023Q2,124
F0301,2023Q3,104
F0301,2023Q4,136
F0301,2024Q1,149
F0301,2024Q2,87
F0301,2024Q3,94
F0301,2024Q4,65
F0301,2025Q1,129
F0301,2025Q2,92
F0301,2025Q3,127
F0301,2025Q4,212
F0301,2026Q1,276
F0301,2026Q2,189
F0302,2021Q3,43
F0302,2021Q4,45
F0302,2022Q1,56
F0302,2022Q2,49
F0302,2022Q3,57
F0302,2022Q4,36
F0302,2023Q1,52
F0302,2023Q2,43
F0302,2023Q3,39
F0302,2023Q4,55
F0302,2024Q1,72
F0302,2024Q2,63
F0302,2024Q3,66
F0302,2024Q4,73
F0302,2025Q1,103
F0302,2025Q2,85
F0302,2025Q3,82
F0302,2025Q4,45
F0302,2026Q1,91
F0302,2026Q2,55
F0303,2021Q3,12
F0303,2021Q4,22
F0303,2022Q1,40
F0303,2022Q2,17
F0303,2022Q3,25
F0303,2022Q4,23
F0303,2023Q1,25
F0303,2023Q2,19
F0303,2023Q3,19
F0303,2023Q4,20
F0303,2024Q1,51
F0303,2024Q2,32
F0303,2024Q3,22
F0303,2024Q4,48
F0303,2025Q1,72
F0303,2025Q2,36
F0303,2025Q3,29
F0303,2025Q4,57
F0303,2026Q1,119
F0303,2026Q2,94
F0304,2021Q3,59
F0304,2021Q4,78
F0304,2022Q1,131
F0304,2022Q2,78
F0304,2022Q3,105
F0304,2022Q4,102
F0304,2023Q1,161
F0304,2023Q2,116
F0304,2023Q3,123
F0304,2023Q4,114
F0304,2024Q1,245
F0304,2024Q2,159
F0304,2024Q3,166
F0304,2024Q4,181
F0304,2025Q1,318
F0304,2025Q2,197
F0304,2025Q3,188
F0304,2025Q4,320
F0304,2026Q1,501
F0304,2026Q2,380
F0305,2021Q3,121
F0305,2021Q4,135
F0305,2022Q1,191
F0305,2022Q2,135
F0305,2022Q3,144
F0305,2022Q4,147
F0305,2023Q1,173
F0305,2023Q2,110
F0305,2023Q3,126
F0305,2023Q4,159
F0305,2024Q1,286
F0305,2024Q2,159
F0305,2024Q3,147
F0305,2024Q4,171
F0305,2025Q1,365
F0305,2025Q2,187
F0305,2025Q3,193
F0305,2025Q4,280
F0305,2026Q1,457
F0305,2026Q2,307
F0306,2021Q3,46
F0306,2021Q4,47
F0306,2022Q1,51
F0306,2022Q2,39
F0306,2022Q3,39
F0306,2022Q4,46
F0306,2023Q1,52
F0306,2023Q2,61
F0306,2023Q3,54
F0306,2023Q4,51
F0306,2024Q1,81
F0306,2024Q2,59
F0306,2024Q3,69
F0306,2024Q4,62
F0306,2025Q1,126
F0306,2025Q2,73
F0306,2025Q3,76
F0306,2025Q4,133
F0306,2026Q1,276
F0306,2026Q2,154
F0307,2021Q3,36
F0307,2021Q4,41
F0307,2022Q1,57
F0307,2022Q2,38
F0307,2022Q3,33
F0307,2022Q4,51
F0307,2023Q1,62
F0307,2023Q2,41
F0307,2023Q3,43
F0307,2023Q4,54
F0307,2024Q1,114
F0307,2024Q2,69
F0307,2024Q3,66
F0307,2024Q4,68
F0307,2025Q1,143
F0307,2025Q2,97
F0307,2025Q3,103
F0307,2025Q4,163
F0307,2026Q1,317
F0307,2026Q2,230
F0308,2021Q3,351
F0308,2021Q4,376
F0308,2022Q1,535
F0308,2022Q2,370
F0308,2022Q3,376
F0308,2022Q4,371
F0308,2023Q1,592
F0308,2023Q2,380
F0308,2023Q3,384
F0308,2023Q4,376
F0308,2024Q1,612
F0308,2024Q2,345
F0308,2024Q3,339
F0308,2024Q4,360
F0308,2025Q1,600
F0308,2025Q2,317
F0308,2025Q3,318
F0308,2025Q4,499
F0308,2026Q1,837
F0308,2026Q2,427
F0309,2021Q3,17
F0309,2021Q4,15
F0309,2022Q1,28
F0309,2022Q2,19
F0309,2022Q3,11
F0309,2022Q4,11
F0309,2023Q1,30
F0309,2023Q2,17
F0309,2023Q3,20
F0309,2023Q4,21
F0309,2024Q1,55
F0309,2024Q2,27
F0309,2024Q3,32
F0309,2024Q4,53
F0309,2025Q1,106
F0309,2025Q2,60
F0309,2025Q3,58
F0309,2025Q4,154
F0309,2026Q1,195
F0309,2026Q2,111
F0310,2021Q3,13
F0310,2021Q4,15
F0310,2022Q1,22
F0310,2022Q2,12
F0310,2022Q3,12
F0310,2022Q4,12
F0310,2023Q1,17
F0310,2023Q2,8
F0310,2023Q3,5
F0310,2023Q4,19
F0310,2024Q1,51
F0310,2024Q2,24
F0310,2024Q3,29
F0310,2024Q4,49
F0310,2025Q1,69
F0310,2025Q2,56
F0310,2025Q3,33
F0310,2025Q4,35
F0310,2026Q1,77
F0310,2026Q2,58
F0311,2021Q3,87
F0311,2021Q4,87
F0311,2022Q1,116
F0311,2022Q2,75
F0311,2022Q3,84
F0311,2022Q4,82
F0311,2023Q1,130
F0311,2023Q2,76
F0311,2023Q3,64
F0311,2023Q4,74
F0311,2024Q1,138
F0311,2024Q2,93
F0311,2024Q3,72
F0311,2024Q4,89
F0311,2025Q1,169
F0311,2025Q2,79
F0311,2025Q3,88
F0311,2025Q4,105
F0311,2026Q1,220
F0311,2026Q2,130
F0312,2021Q3,122
F0312,2021Q4,107
F0312,2022Q1,134
F0312,2022Q2,100
F0312,2022Q3,103
F0312,2022Q4,100
F0312,2023Q1,142
F0312,2023Q2,110
F0312,2023Q3,100
F0312,2023Q4,105
F0312,2024Q1,115
F0312,2024Q2,96
F0312,2024Q3,106
F0312,2024Q4,98
F0312,2025Q1,176
F0312,2025Q2,86
F0312,2025Q3,115
F0312,2025Q4,261
F0312,2026Q1,347
F0312,2026Q2,247
F0313,2021Q3,111
F0313,2021Q4,97
F0313,2022Q1,149
F0313,2022Q2,110
F0313,2022Q3,120
F0313,2022Q4,112
F0313,2023Q1,132
F0313,2023Q2,102
F0313,2023Q3,86
F0313,2023Q4,88
F0313,2024Q1,100
F0313,2024Q2,55
F0313,2024Q3,55
F0313,2024Q4,41
F0313,2025Q1,69
F0313,2025Q2,43
F0313,2025Q3,57
F0313,2025Q4,90
F0313,2026Q1,100
F0313,2026Q2,71
F0314,2021Q3,15
F0314,2021Q4,22
F0314,2022Q1,30
F0314,2022Q2,36
F0314,2022Q3,20
F0314,2022Q4,20
F0314,2023Q1,28
F0314,2023Q2,24
F0314,2023Q3,20
F0314,2023Q4,20
F0314,2024Q1,58
F0314,2024Q2,35
F0314,2024Q3,46
F0314,2024Q4,38
F0314,2025Q1,77
F0314,2025Q2,40
F0314,2025Q3,34
F0314,2025Q4,5
F0314,2026Q1,10
F0314,2026Q2,8
F0315,2021Q3,29
F0315,2021Q4,38
F0315,2022Q1,45
F0315,2022Q2,32
F0315,2022Q3,36
F0315,2022Q4,38
F0315,2023Q1,49
F0315,2023Q2,41
F0315,2023Q3,28
F0315,2023Q4,29
F0315,2024Q1,39
F0315,2024Q2,26
F0315,2024Q3,22
F0315,2024Q4,28
F0315,2025Q1,65
F0315,2025Q2,41
F0315,2025Q3,48
F0315,2025Q4,105
F0315,2026Q1,163
F0315,2026Q2,119
F0316,2021Q3,145
F0316,2021Q4,155
F0316,2022Q1,196
F0316,2022Q2,144
F0316,2022Q3,122
F0316,2022Q4,126
F0316,2023Q1,241
F0316,2023Q2,142
F0316,2023Q3,111
F0316,2023Q4,148
F0316,2024Q1,358
F0316,2024Q2,213
F0316,2024Q3,217
F0316,2024Q4,270
F0316,2025Q1,357
F0316,2025Q2,262
F0316,2025Q3,185
F0316,2025Q4,37
F0316,2026Q1,84
F0316,2026Q2,70
F0317,2021Q3,27
F0317,2021Q4,34
F0317,2022Q1,36
F0317,2022Q2,27
F0317,2022Q3,33
F0317,2022Q4,22
F0317,2023Q1,49
F0317,2023Q2,33
F0317,2023Q3,30
F0317,2023Q4,32
F0317,2024Q1,33
F0317,2024Q2,28
F0317,2024Q3,32
F0317,2024Q4,36
F0317,2025Q1,42
F0317,2025Q2,24
F0317,2025Q3,28
F0317,2025Q4,41
F0317,2026Q1,83
F0317,2026Q2,54
F0318,2021Q3,19
F0318,2021Q4,22
F0318,2022Q1,45
F0318,2022Q2,22
F0318,2022Q3,22
F0318,2022Q4,9
F0318,2023Q1,48
F0318,2023Q2,10
F0318,2023Q3,13
F0318,2023Q4,30
F0318,2024Q1,133
F0318,2024Q2,67
F0318,2024Q3,70
F0318,2024Q4,72
F0318,2025Q1,158
F0318,2025Q2,94
F0318,2025Q3,91
F0318,2025Q4,80
F0318,2026Q1,268
F0318,2026Q2,156
F0319,2021Q3,166
F0319,2021Q4,159
F0319,2022Q1,225
F0319,2022Q2,132
F0319,2022Q3,160
F0319,2022Q4,156
F0319,2023Q1,188
F0319,2023Q2,153
F0319,2023Q3,137
F0319,2023Q4,126
F0319,2024Q1,363
F0319,2024Q2,184
F0319,2024Q3,171
F0319,2024Q4,181
F0319,2025Q1,427
F0319,2025Q2,217
F0319,2025Q3,191
F0319,2025Q4,310
F0319,2026Q1,692
F0319,2026Q2,352
F0320,2021Q3,31
F0320,2021Q4,46
F0320,2022Q1,50
F0320,2022Q2,35
F0320,2022Q3,33
F0320,2022Q4,28
F0320,2023Q1,86
F0320,2023Q2,29
F0320,2023Q3,21
F0320,2023Q4,38
F0320,2024Q1,82
F0320,2024Q2,67
F0320,2024Q3,64
F0320,2024Q4,83
F0320,2025Q1,118
F0320,2025Q2,75
F0320,2025Q3,49
F0320,2025Q4,76
F0320,2026Q1,121
F0320,2026Q2,103
F0321,2021Q3,36
F0321,2021Q4,30
F0321,2022Q1,42
F0321,2022Q2,31
F0321,2022Q3,30
F0321,2022Q4,20
F0321,2023Q1,48
F0321,2023Q2,38
F0321,2023Q3,18
F0321,2023Q4,33
F0321,2024Q1,53
F0321,2024Q2,43
F0321,2024Q3,32
F0321,2024Q4,32
F0321,2025Q1,70
F0321,2025Q2,44
F0321,2025Q3,22
F0321,2025Q4,35
F0321,2026Q1,64
F0321,2026Q2,56
F0322,2021Q3,18
F0322,2021Q4,14
F0322,2022Q1,22
F0322,2022Q2,17
F0322,2022Q3,17
F0322,2022Q4,16
F0322,2023Q1,33
F0322,2023Q2,17
F0322,2023Q3,20
F0322,2023Q4,18
F0322,2024Q1,26
F0322,2024Q2,20
F0322,2024Q3,16
F0322,2024Q4,15
F0322,2025Q1,35
F0322,2025Q2,21
F0322,2025Q3,22
F0322,2025Q4,71
F0322,2026Q1,88
F0322,2026Q2,68
F0323,2021Q3,35
F0323,2021Q4,44
F0323,2022Q1,56
F0323,2022Q2,33
F0323,2022Q3,39
F0323,2022Q4,32
F0323,2023Q1,62
F0323,2023Q2,27
F0323,2023Q3,37
F0323,2023Q4,27
F0323,2024Q1,128
F0323,2024Q2,55
F0323,2024Q3,64
F0323,2024Q4,101
F0323,2025Q1,288
F0323,2025Q2,134
F0323,2025Q3,173
F0323,2025Q4,433
F0323,2026Q1,853
F0323,2026Q2,612
F0324,2021Q3,55
F0324,2021Q4,44
F0324,2022Q1,50
F0324,2022Q2,44
F0324,2022Q3,54
F0324,2022Q4,66
F0324,2023Q1,54
F0324,2023Q2,35
F0324,2023Q3,44
F0324,2023Q4,47
F0324,2024Q1,72
F0324,2024Q2,63
F0324,2024Q3,68
F0324,2024Q4,51
F0324,2025Q1,77
F0324,2025Q2,58
F0324,2025Q3,69
F0324,2025Q4,78
F0324,2026Q1,124
F0324,2026Q2,89
F0325,2021Q3,31
F0325,2021Q4,39
F0325,2022Q1,49
F0325,2022Q2,27
F0325,2022Q3,40
F0325,2022Q4,47
F0325,2023Q1,55
F0325,2023Q2,38
F0325,2023Q3,29
F0325,2023Q4,30
F0325,2024Q1,38
F0325,2024Q2,30
F0325,2024Q3,22
F0325,2024Q4,26
F0325,2025Q1,52
F0325,2025Q2,26
F0325,2025Q3,39
F0325,2025Q4,52
F0325,2026Q1,81
F0325,2026Q2,46
F0326,2021Q3,46
F0326,2021Q4,38
F0326,2022Q1,72
F0326,2022Q2,44
F0326,2022Q3,47
F0326,2022Q4,43
F0326,2023Q1,54
F0326,2023Q2,47
F0326,2023Q3,49
F0326,2023Q4,31
F0326,2024Q1,56
F0326,2024Q2,39
F0326,2024Q3,28
F0326,2024Q4,40
F0326,2025Q1,99
F0326,2025Q2,34
F0326,2025Q3,28
F0326,2025Q4,93
F0326,2026Q1,189
F0326,2026Q2,111
F0327,2021Q3,499
F0327,2021Q4,479
F0327,2022Q1,634
F0327,2022Q2,444
F0327,2022Q3,493
F0327,2022Q4,561
F0327,2023Q1,684
F0327,2023Q2,505
F0327,2023Q3,502
F0327,2023Q4,593
F0327,2024Q1,809
F0327,2024Q2,580
F0327,2024Q3,493
F0327,2024Q4,506
F0327,2025Q1,706
F0327,2025Q2,477
F0327,2025Q3,484
F0327,2025Q4,473
F0327,2026Q1,645
F0327,2026Q2,496
F0328,2021Q3,33
F0328,2021Q4,25
F0328,2022Q1,59
F0328,2022Q2,20
F0328,2022Q3,27
F0328,2022Q4,39
F0328,2023Q1,39
F0328,2023Q2,30
F0328,2023Q3,29
F0328,2023Q4,42
F0328,2024Q1,140
F0328,2024Q2,109
F0328,2024Q3,85
F0328,2024Q4,128
F0328,2025Q1,165
F0328,2025Q2,111
F0328,2025Q3,84
F0328,2025Q4,3
F0328,2026Q1,7
F0328,2026Q2,6
F0329,2021Q3,47
F0329,2021Q4,62
F0329,2022Q1,92
F0329,2022Q2,46
F0329,2022Q3,52
F0329,2022Q4,56
F0329,2023Q1,84
F0329,2023Q2,46
F0329,2023Q3,40
F0329,2023Q4,41
F0329,2024Q1,103
F0329,2024Q2,61
F0329,2024Q3,53
F0329,2024Q4,47
F0329,2025Q1,105
F0329,2025Q2,81
F0329,2025Q3,66
F0329,2025Q4,115
F0329,2026Q1,137
F0329,2026Q2,131
F0330,2021Q3,53
F0330,2021Q4,43
F0330,2022Q1,75
F0330,2022Q2,42
F0330,2022Q3,50
F0330,2022Q4,62
F0330,2023Q1,70
F0330,2023Q2,63
F0330,2023Q3,57
F0330,2023Q4,59
F0330,2024Q1,116
F0330,2024Q2,85
F0330,2024Q3,88
F0330,2024Q4,114
F0330,2025Q1,172
F0330,2025Q2,113
F0330,2025Q3,104
F0330,2025Q4,209
F0330,2026Q1,317
F0330,2026Q2,208
F0331,2021Q3,98
F0331,2021Q4,115
F0331,2022Q1,139
F0331,2022Q2,117
F0331,2022Q3,126
F0331,2022Q4,124
F0331,2023Q1,152
F0331,2023Q2,123
F0331,2023Q3,133
F0331,2023Q4,145
F0331,2024Q1,170
F0331,2024Q2,90
F0331,2024Q3,85
F0331,2024Q4,74
F0331,2025Q1,132
F0331,2025Q2,64
F0331,2025Q3,74
F0331,2025Q4,132
F0331,2026Q1,189
F0331,2026Q2,110
F0332,2021Q3,27
F0332,2021Q4,24
F0332,2022Q1,27
F0332,2022Q2,31
F0332,2022Q3,15
F0332,2022Q4,26
F0332,2023Q1,32
F0332,2023Q2,27
F0332,2023Q3,20
F0332,2023Q4,22
F0332,2024Q1,35
F0332,2024Q2,12
F0332,2024Q3,10
F0332,2024Q4,13
F0332,2025Q1,28
F0332,2025Q2,12
F0332,2025Q3,11
F0332,2025Q4,11
F0332,2026Q1,18
F0332,2026Q2,6
F0333,2021Q3,78
F0333,2021Q4,121
F0333,2022Q1,145
F0333,2022Q2,81
F0333,2022Q3,91
F0333,2022Q4,116
F0333,2023Q1,121
F0333,2023Q2,108
F0333,2023Q3,88
F0333,2023Q4,92
F0333,2024Q1,118
F0333,2024Q2,59
F0333,2024Q3,51
F0333,2024Q4,79
F0333,2025Q1,101
F0333,2025Q2,59
F0333,2025Q3,77
F0333,2025Q4,136
F0333,2026Q1,205
F0333,2026Q2,111
F0334,2021Q3,28
F0334,2021Q4,23
F0334,2022Q1,31
F0334,2022Q2,23
F0334,2022Q3,25
F0334,2022Q4,34
F0334,2023Q1,65
F0334,2023Q2,30
F0334,2023Q3,27
F0334,2023Q4,37
F0334,2024Q1,46
F0334,2024Q2,21
F0334,2024Q3,15
F0334,2024Q4,17
F0334,2025Q1,37
F0334,2025Q2,26
F0334,2025Q3,30
F0334,2025Q4,44
F0334,2026Q1,64
F0334,2026Q2,54
F0335,2021Q3,152
F0335,2021Q4,147
F0335,2022Q1,201
F0335,2022Q2,177
F0335,2022Q3,185
F0335,2022Q4,219
F0335,2023Q1,223
F0335,2023Q2,216
F0335,2023Q3,211
F0335,2023Q4,235
F0335,2024Q1,402
F0335,2024Q2,263
F0335,2024Q3,287
F0335,2024Q4,297
F0335,2025Q1,462
F0335,2025Q2,340
F0335,2025Q3,321
F0335,2025Q4,427
F0335,2026Q1,618
F0335,2026Q2,459
F0336,2021Q3,140
F0336,2021Q4,146
F0336,2022Q1,228
F0336,2022Q2,145
F0336,2022Q3,150
F0336,2022Q4,135
F0336,2023Q1,223
F0336,2023Q2,181
F0336,2023Q3,148
F0336,2023Q4,181
F0336,2024Q1,339
F0336,2024Q2,252
F0336,2024Q3,251
F0336,2024Q4,328
F0336,2025Q1,412
F0336,2025Q2,266
F0336,2025Q3,272
F0336,2025Q4,251
F0336,2026Q1,379
F0336,2026Q2,313
F0337,2021Q3,32
F0337,2021Q4,37
F0337,2022Q1,73
F0337,2022Q2,37
F0337,2022Q3,46
F0337,2022Q4,34
F0337,2023Q1,66
F0337,2023Q2,28
F0337,2023Q3,30
F0337,2023Q4,41
F0337,2024Q1,105
F0337,2024Q2,58
F0337,2024Q3,82
F0337,2024Q4,101
F0337,2025Q1,136
F0337,2025Q2,77
F0337,2025Q3,84
F0337,2025Q4,49
F0337,2026Q1,152
F0337,2026Q2,94
F0338,2021Q3,46
F0338,2021Q4,48
F0338,2022Q1,65
F0338,2022Q2,51
F0338,2022Q3,47
F0338,2022Q4,37
F0338,2023Q1,73
F0338,2023Q2,45
F0338,2023Q3,49
F0338,2023Q4,54
F0338,2024Q1,90
F0338,2024Q2,47
F0338,2024Q3,48
F0338,2024Q4,51
F0338,2025Q1,93
F0338,2025Q2,63
F0338,2025Q3,83
F0338,2025Q4,117
F0338,2026Q1,175
F0338,2026Q2,117
F0339,2021Q3,61
F0339,2021Q4,58
F0339,2022Q1,89
F0339,2022Q2,54
F0339,2022Q3,48
F0339,2022Q4,58
F0339,2023Q1,74
F0339,2023Q2,63
F0339,2023Q3,52
F0339,2023Q4,43
F0339,2024Q1,72
F0339,2024Q2,38
F0339,2024Q3,38
F0339,2024Q4,38
F0339,2025Q1,71
F0339,2025Q2,39
F0339,2025Q3,47
F0339,2025Q4,92
F0339,2026Q1,130
F0339,2026Q2,80
F0340,2021Q3,56
F0340,2021Q4,57
F0340,2022Q1,85
F0340,2022Q2,46
F0340,2022Q3,64
F0340,2022Q4,75
F0340,2023Q1,79
F0340,2023Q2,69
F0340,2023Q3,69
F0340,2023Q4,93
F0340,2024Q1,77
F0340,2024Q2,52
F0340,2024Q3,47
F0340,2024Q4,39
F0340,2025Q1,92
F0340,2025Q2,38
F0340,2025Q3,62
F0340,2025Q4,145
F0340,2026Q1,208
F0340,2026Q2,141
F0341,2021Q3,76
F0341,2021Q4,81
F0341,2022Q1,142
F0341,2022Q2,64
F0341,2022Q3,91
F0341,2022Q4,87
F0341,2023Q1,214
F0341,2023Q2,82
F0341,2023Q3,87
F0341,2023Q4,106
F0341,2024Q1,489
F0341,2024Q2,321
F0341,2024Q3,330
F0341,2024Q4,439
F0341,2025Q1,688
F0341,2025Q2,501
F0341,2025Q3,464
F0341,2025Q4,138
F0341,2026Q1,209
F0341,2026Q2,211
F0342,2021Q3,104
F0342,2021Q4,113
F0342,2022Q1,104
F0342,2022Q2,94
F0342,2022Q3,121
F0342,2022Q4,140
F0342,2023Q1,99
F0342,2023Q2,96
F0342,2023Q3,108
F0342,2023Q4,94
F0342,2024Q1,150
F0342,2024Q2,94
F0342,2024Q3,78
F0342,2024Q4,96
F0342,2025Q1,124
F0342,2025Q2,79
F0342,2025Q3,84
F0342,2025Q4,143
F0342,2026Q1,220
F0342,2026Q2,161
F0343,2021Q3,117
F0343,2021Q4,103
F0343,2022Q1,141
F0343,2022Q2,98
F0343,2022Q3,127
F0343,2022Q4,124
F0343,2023Q1,171
F0343,2023Q2,117
F0343,2023Q3,123
F0343,2023Q4,118
F0343,2024Q1,185
F0343,2024Q2,124
F0343,2024Q3,143
F0343,2024Q4,149
F0343,2025Q1,237
F0343,2025Q2,128
F0343,2025Q3,145
F0343,2025Q4,153
F0343,2026Q1,230
F0343,2026Q2,138
F0344,2021Q3,54
F0344,2021Q4,62
F0344,2022Q1,101
F0344,2022Q2,58
F0344,2022Q3,52
F0344,2022Q4,67
F0344,2023Q1,96
F0344,2023Q2,57
F0344,2023Q3,52
F0344,2023Q4,48
F0344,2024Q1,150
F0344,2024Q2,71
F0344,2024Q3,95
F0344,2024Q4,119
F0344,2025Q1,145
F0344,2025Q2,106
F0344,2025Q3,76
F0344,2025Q4,85
F0344,2026Q1,116
F0344,2026Q2,112
F0345,2021Q3,85
F0345,2021Q4,115
F0345,2022Q1,145
F0345,2022Q2,115
F0345,2022Q3,99
F0345,2022Q4,108
F0345,2023Q1,140
F0345,2023Q2,109
F0345,2023Q3,116
F0345,2023Q4,132
F0345,2024Q1,193
F0345,2024Q2,121
F0345,2024Q3,118
F0345,2024Q4,138
F0345,2025Q1,169
F0345,2025Q2,131
F0345,2025Q3,107
F0345,2025Q4,113
F0345,2026Q1,132
F0345,2026Q2,84
F0346,2021Q3,263
F0346,2021Q4,247
F0346,2022Q1,308
F0346,2022Q2,242
F0346,2022Q3,294
F0346,2022Q4,267
F0346,2023Q1,314
F0346,2023Q2,230
F0346,2023Q3,246
F0346,2023Q4,254
F0346,2024Q1,421
F0346,2024Q2,276
F0346,2024Q3,240
F0346,2024Q4,254
F0346,2025Q1,451
F0346,2025Q2,240
F0346,2025Q3,266
F0346,2025Q4,416
F0346,2026Q1,558
F0346,2026Q2,427
F0347,2021Q3,140
F0347,2021Q4,141
F0347,2022Q1,207
F0347,2022Q2,138
F0347,2022Q3,122
F0347,2022Q4,139
F0347,2023Q1,219
F0347,2023Q2,129
F0347,2023Q3,142
F0347,2023Q4,142
F0347,2024Q1,280
F0347,2024Q2,176
F0347,2024Q3,173
F0347,2024Q4,235
F0347,2025Q1,321
F0347,2025Q2,234
F0347,2025Q3,190
F0347,2025Q4,194
F0347,2026Q1,359
F0347,2026Q2,185
F0348,2021Q3,28
F0348,2021Q4,45
F0348,2022Q1,61
F0348,2022Q2,23
F0348,2022Q3,41
F0348,2022Q4,43
F0348,2023Q1,52
F0348,2023Q2,56
F0348,2023Q3,35
F0348,2023Q4,43
F0348,2024Q1,94
F0348,2024Q2,66
F0348,2024Q3,50
F0348,2024Q4,59
F0348,2025Q1,126
F0348,2025Q2,85
F0348,2025Q3,91
F0348,2025Q4,110
F0348,2026Q1,207
F0348,2026Q2,137
F0349,2021Q3,16
F0349,2021Q4,12
F0349,2022Q1,27
F0349,2022Q2,10
F0349,2022Q3,17
F0349,2022Q4,26
F0349,2023Q1,19
F0349,2023Q2,18
F0349,2023Q3,10
F0349,2023Q4,17
F0349,2024Q1,33
F0349,2024Q2,22
F0349,2024Q3,27
F0349,2024Q4,25
F0349,2025Q1,66
F0349,2025Q2,26
F0349,2025Q3,46
F0349,2025Q4,80
F0349,2026Q1,132
F0349,2026Q2,71
F0350,2021Q3,64
F0350,2021Q4,92
F0350,2022Q1,102
F0350,2022Q2,92
F0350,2022Q3,99
F0350,2022Q4,75
F0350,2023Q1,102
F0350,2023Q2,83
F0350,2023Q3,75
F0350,2023Q4,80
F0350,2024Q1,129
F0350,2024Q2,58
F0350,2024Q3,67
F0350,2024Q4,64
F0350,2025Q1,134
F0350,2025Q2,78
F0350,2025Q3,86
F0350,2025Q4,158
F0350,2026Q1,265
F0350,2026Q2,150
F0351,2021Q3,477
F0351,2021Q4,443
F0351,2022Q1,605
F0351,2022Q2,492
F0351,2022Q3,473
F0351,2022Q4,521
F0351,2023Q1,631
F0351,2023Q2,506
F0351,2023Q3,480
F0351,2023Q4,535
F0351,2024Q1,603
F0351,2024Q2,387
F0351,2024Q3,346
F0351,2024Q4,286
F0351,2025Q1,419
F0351,2025Q2,303
F0351,2025Q3,362
F0351,2025Q4,441
F0351,2026Q1,527
F0351,2026Q2,388
F0352,2021Q3,13
F0352,2021Q4,17
F0352,2022Q1,48
F0352,2022Q2,18
F0352,2022Q3,16
F0352,2022Q4,14
F0352,2023Q1,31
F0352,2023Q2,19
F0352,2023Q3,15
F0352,2023Q4,27
F0352,2024Q1,113
F0352,2024Q2,59
F0352,2024Q3,84
F0352,2024Q4,99
F0352,2025Q1,178
F0352,2025Q2,97
F0352,2025Q3,90
F0352,2025Q4,38
F0352,2026Q1,90
F0352,2026Q2,82
F0353,2021Q3,39
F0353,2021Q4,39
F0353,2022Q1,50
F0353,2022Q2,47
F0353,2022Q3,48
F0353,2022Q4,36
F0353,2023Q1,67
F0353,2023Q2,38
F0353,2023Q3,39
F0353,2023Q4,46
F0353,2024Q1,46
F0353,2024Q2,28
F0353,2024Q3,26
F0353,2024Q4,25
F0353,2025Q1,48
F0353,2025Q2,31
F0353,2025Q3,25
F0353,2025Q4,40
F0353,2026Q1,40
F0353,2026Q2,39
F0354,2021Q3,23
F0354,2021Q4,30
F0354,2022Q1,29
F0354,2022Q2,17
F0354,2022Q3,26
F0354,2022Q4,23
F0354,2023Q1,40
F0354,2023Q2,25
F0354,2023Q3,18
F0354,2023Q4,16
F0354,2024Q1,88
F0354,2024Q2,51
F0354,2024Q3,48
F0354,2024Q4,64
F0354,2025Q1,114
F0354,2025Q2,62
F0354,2025Q3,58
F0354,2025Q4,31
F0354,2026Q1,68
F0354,2026Q2,47
F0355,2021Q3,77
F0355,2021Q4,84
F0355,2022Q1,118
F0355,2022Q2,75
F0355,2022Q3,100
F0355,2022Q4,97
F0355,2023Q1,96
F0355,2023Q2,82
F0355,2023Q3,85
F0355,2023Q4,109
F0355,2024Q1,139
F0355,2024Q2,81
F0355,2024Q3,78
F0355,2024Q4,84
F0355,2025Q1,147
F0355,2025Q2,90
F0355,2025Q3,122
F0355,2025Q4,227
F0355,2026Q1,291
F0355,2026Q2,222
F0356,2021Q3,31
F0356,2021Q4,46
F0356,2022Q1,36
F0356,2022Q2,39
F0356,2022Q3,33
F0356,2022Q4,34
F0356,2023Q1,53
F0356,2023Q2,40
F0356,2023Q3,29
F0356,2023Q4,33
F0356,2024Q1,78
F0356,2024Q2,54
F0356,2024Q3,55
F0356,2024Q4,72
F0356,2025Q1,97
F0356,2025Q2,50
F0356,2025Q3,72
F0356,2025Q4,120
F0356,2026Q1,199
F0356,2026Q2,124
F0357,2021Q3,24
F0357,2021Q4,28
F0357,2022Q1,31
F0357,2022Q2,22
F0357,2022Q3,26
F0357,2022Q4,20
F0357,2023Q1,23
F0357,2023Q2,21
F0357,2023Q3,28
F0357,2023Q4,26
F0357,2024Q1,46
F0357,2024Q2,29
F0357,2024Q3,26
F0357,2024Q4,44
F0357,2025Q1,74
F0357,2025Q2,28
F0357,2025Q3,37
F0357,2025Q4,62
F0357,2026Q1,88
F0357,2026Q2,68
F0358,2021Q3,29
F0358,2021Q4,25
F0358,2022Q1,32
F0358,2022Q2,31
F0358,2022Q3,31
F0358,2022Q4,23
F0358,2023Q1,36
F0358,2023Q2,35
F0358,2023Q3,32
F0358,2023Q4,33
F0358,2024Q1,42
F0358,2024Q2,21
F0358,2024Q3,20
F0358,2024Q4,18
F0358,2025Q1,46
F0358,2025Q2,34
F0358,2025Q3,34
F0358,2025Q4,89
F0358,2026Q1,119
F0358,2026Q2,90
F0359,2021Q3,52
F0359,2021Q4,42
F0359,2022Q1,61
F0359,2022Q2,37
F0359,2022Q3,30
F0359,2022Q4,34
F0359,2023Q1,38
F0359,2023Q2,23
F0359,2023Q3,21
F0359,2023Q4,29
F0359,2024Q1,192
F0359,2024Q2,108
F0359,2024Q3,105
F0359,2024Q4,129
F0359,2025Q1,222
F0359,2025Q2,129
F0359,2025Q3,123
F0359,2025Q4,98
F0359,2026Q1,242
F0359,2026Q2,164
F0360,2021Q3,104
F0360,2021Q4,135
F0360,2022Q1,175
F0360,2022Q2,140
F0360,2022Q3,113
F0360,2022Q4,134
F0360,2023Q1,179
F0360,2023Q2,157
F0360,2023Q3,154
F0360,2023Q4,198
F0360,2024Q1,370
F0360,2024Q2,247
F0360,2024Q3,238
F0360,2024Q4,262
F0360,2025Q1,579
F0360,2025Q2,291
F0360,2025Q3,391
F0360,2025Q4,807
F0360,2026Q1,1060
F0360,2026Q2,740
F0361,2021Q3,76
F0361,2021Q4,77
F0361,2022Q1,91
F0361,2022Q2,79
F0361,2022Q3,69
F0361,2022Q4,62
F0361,2023Q1,91
F0361,2023Q2,81
F0361,2023Q3,64
F0361,2023Q4,84
F0361,2024Q1,77
F0361,2024Q2,72
F0361,2024Q3,59
F0361,2024Q4,56
F0361,2025Q1,78
F0361,2025Q2,48
F0361,2025Q3,81
F0361,2025Q4,128
F0361,2026Q1,174
F0361,2026Q2,116
F0362,2021Q3,44
F0362,2021Q4,53
F0362,2022Q1,79
F0362,2022Q2,34
F0362,2022Q3,47
F0362,2022Q4,49
F0362,2023Q1,68
F0362,2023Q2,34
F0362,2023Q3,44
F0362,2023Q4,57
F0362,2024Q1,90
F0362,2024Q2,46
F0362,2024Q3,58
F0362,2024Q4,66
F0362,2025Q1,97
F0362,2025Q2,55
F0362,2025Q3,62
F0362,2025Q4,72
F0362,2026Q1,144
F0362,2026Q2,86
F0363,2021Q3,76
F0363,2021Q4,72
F0363,2022Q1,100
F0363,2022Q2,65
F0363,2022Q3,73
F0363,2022Q4,69
F0363,2023Q1,111
F0363,2023Q2,79
F0363,2023Q3,60
F0363,2023Q4,81
F0363,2024Q1,189
F0363,2024Q2,122
F0363,2024Q3,109
F0363,2024Q4,162
F0363,2025Q1,191
F0363,2025Q2,143
F0363,2025Q3,102
F0363,2025Q4,69
F0363,2026Q1,106
F0363,2026Q2,95
F0364,2021Q3,70
F0364,2021Q4,84
F0364,2022Q1,153
F0364,2022Q2,88
F0364,2022Q3,100
F0364,2022Q4,118
F0364,2023Q1,185
F0364,2023Q2,92
F0364,2023Q3,106
F0364,2023Q4,139
F0364,2024Q1,442
F0364,2024Q2,305
F0364,2024Q3,327
F0364,2024Q4,380
F0364,2025Q1,614
F0364,2025Q2,393
F0364,2025Q3,369
F0364,2025Q4,187
F0364,2026Q1,288
F0364,2026Q2,203
F0365,2021Q3,32
F0365,2021Q4,47
F0365,2022Q1,55
F0365,2022Q2,38
F0365,2022Q3,33
F0365,2022Q4,24
F0365,2023Q1,51
F0365,2023Q2,38
F0365,2023Q3,19
F0365,2023Q4,27
F0365,2024Q1,118
F0365,2024Q2,62
F0365,2024Q3,88
F0365,2024Q4,90
F0365,2025Q1,129
F0365,2025Q2,62
F0365,2025Q3,65
F0365,2025Q4,3
F0365,2026Q1,3
F0365,2026Q2,3
F0366,2021Q3,243
F0366,2021Q4,304
F0366,2022Q1,275
F0366,2022Q2,197
F0366,2022Q3,201
F0366,2022Q4,275
F0366,2023Q1,336
F0366,2023Q2,209
F0366,2023Q3,198
F0366,2023Q4,242
F0366,2024Q1,268
F0366,2024Q2,296
F0366,2024Q3,276
F0366,2024Q4,281
F0366,2025Q1,337
F0366,2025Q2,248
F0366,2025Q3,203
F0366,2025Q4,264
F0366,2026Q1,421
F0366,2026Q2,345
F0367,2021Q3,92
F0367,2021Q4,91
F0367,2022Q1,174
F0367,2022Q2,86
F0367,2022Q3,103
F0367,2022Q4,131
F0367,2023Q1,219
F0367,2023Q2,138
F0367,2023Q3,109
F0367,2023Q4,154
F0367,2024Q1,285
F0367,2024Q2,187
F0367,2024Q3,210
F0367,2024Q4,233
F0367,2025Q1,400
F0367,2025Q2,234
F0367,2025Q3,237
F0367,2025Q4,244
F0367,2026Q1,350
F0367,2026Q2,279
F0368,2021Q3,59
F0368,2021Q4,28
F0368,2022Q1,65
F0368,2022Q2,44
F0368,2022Q3,58
F0368,2022Q4,47
F0368,2023Q1,74
F0368,2023Q2,55
F0368,2023Q3,52
F0368,2023Q4,72
F0368,2024Q1,107
F0368,2024Q2,68
F0368,2024Q3,67
F0368,2024Q4,66
F0368,2025Q1,175
F0368,2025Q2,90
F0368,2025Q3,102
F0368,2025Q4,164
F0368,2026Q1,390
F0368,2026Q2,229
F0369,2021Q3,129
F0369,2021Q4,133
F0369,2022Q1,205
F0369,2022Q2,117
F0369,2022Q3,116
F0369,2022Q4,116
F0369,2023Q1,272
F0369,2023Q2,145
F0369,2023Q3,122
F0369,2023Q4,155
F0369,2024Q1,280
F0369,2024Q2,133
F0369,2024Q3,110
F0369,2024Q4,114
F0369,2025Q1,475
F0369,2025Q2,121
F0369,2025Q3,196
F0369,2025Q4,582
F0369,2026Q1,898
F0369,2026Q2,538
F0370,2021Q3,271
F0370,2021Q4,311
F0370,2022Q1,405
F0370,2022Q2,307
F0370,2022Q3,306
F0370,2022Q4,349
F0370,2023Q1,497
F0370,2023Q2,311
F0370,2023Q3,301
F0370,2023Q4,384
F0370,2024Q1,547
F0370,2024Q2,378
F0370,2024Q3,369
F0370,2024Q4,373
F0370,2025Q1,596
F0370,2025Q2,388
F0370,2025Q3,404
F0370,2025Q4,453
F0370,2026Q1,779
F0370,2026Q2,577
F0371,2021Q3,141
F0371,2021Q4,123
F0371,2022Q1,162
F0371,2022Q2,113
F0371,2022Q3,119
F0371,2022Q4,116
F0371,2023Q1,146
F0371,2023Q2,109
F0371,2023Q3,94
F0371,2023Q4,135
F0371,2024Q1,157
F0371,2024Q2,95
F0371,2024Q3,92
F0371,2024Q4,94
F0371,2025Q1,129
F0371,2025Q2,65
F0371,2025Q3,71
F0371,2025Q4,57
F0371,2026Q1,68
F0371,2026Q2,29
F0372,2021Q3,37
F0372,2021Q4,53
F0372,2022Q1,66
F0372,2022Q2,40
F0372,2022Q3,49
F0372,2022Q4,63
F0372,2023Q1,69
F0372,2023Q2,44
F0372,2023Q3,43
F0372,2023Q4,41
F0372,2024Q1,96
F0372,2024Q2,73
F0372,2024Q3,71
F0372,2024Q4,91
F0372,2025Q1,117
F0372,2025Q2,110
F0372,2025Q3,94
F0372,2025Q4,76
F0372,2026Q1,99
F0372,2026Q2,101
F0373,2021Q3,91
F0373,2021Q4,92
F0373,2022Q1,91
F0373,2022Q2,82
F0373,2022Q3,99
F0373,2022Q4,80
F0373,2023Q1,117
F0373,2023Q2,71
F0373,2023Q3,80
F0373,2023Q4,82
F0373,2024Q1,134
F0373,2024Q2,87
F0373,2024Q3,94
F0373,2024Q4,82
F0373,2025Q1,127
F0373,2025Q2,104
F0373,2025Q3,76
F0373,2025Q4,131
F0373,2026Q1,184
F0373,2026Q2,128
F0374,2021Q3,28
F0374,2021Q4,13
F0374,2022Q1,38
F0374,2022Q2,19
F0374,2022Q3,16
F0374,2022Q4,28
F0374,2023Q1,38
F0374,2023Q2,18
F0374,2023Q3,18
F0374,2023Q4,15
F0374,2024Q1,92
F0374,2024Q2,49
F0374,2024Q3,66
F0374,2024Q4,80
F0374,2025Q1,141
F0374,2025Q2,67
F0374,2025Q3,71
F0374,2025Q4,70
F0374,2026Q1,165
F0374,2026Q2,138
F0375,2021Q3,49
F0375,2021Q4,45
F0375,2022Q1,73
F0375,2022Q2,57
F0375,2022Q3,47
F0375,2022Q4,72
F0375,2023Q1,83
F0375,2023Q2,63
F0375,2023Q3,57
F0375,2023Q4,60
F0375,2024Q1,69
F0375,2024Q2,34
F0375,2024Q3,47
F0375,2024Q4,28
F0375,2025Q1,69
F0375,2025Q2,35
F0375,2025Q3,53
F0375,2025Q4,162
F0375,2026Q1,222
F0375,2026Q2,126
F0376,2021Q3,56
F0376,2021Q4,64
F0376,2022Q1,59
F0376,2022Q2,37
F0376,2022Q3,47
F0376,2022Q4,52
F0376,2023Q1,59
F0376,2023Q2,51
F0376,2023Q3,40
F0376,2023Q4,60
F0376,2024Q1,82
F0376,2024Q2,66
F0376,2024Q3,60
F0376,2024Q4,71
F0376,2025Q1,141
F0376,2025Q2,78
F0376,2025Q3,66
F0376,2025Q4,163
F0376,2026Q1,182
F0376,2026Q2,166
F0377,2021Q3,641
F0377,2021Q4,737
F0377,2022Q1,917
F0377,2022Q2,716
F0377,2022Q3,713
F0377,2022Q4,752
F0377,2023Q1,961
F0377,2023Q2,762
F0377,2023Q3,763
F0377,2023Q4,808
F0377,2024Q1,1084
F0377,2024Q2,617
F0377,2024Q3,609
F0377,2024Q4,687
F0377,2025Q1,1067
F0377,2025Q2,671
F0377,2025Q3,761
F0377,2025Q4,1072
F0377,2026Q1,1402
F0377,2026Q2,835
F0378,2021Q3,44
F0378,2021Q4,44
F0378,2022Q1,69
F0378,2022Q2,43
F0378,2022Q3,43
F0378,2022Q4,57
F0378,2023Q1,96
F0378,2023Q2,57
F0378,2023Q3,51
F0378,2023Q4,62
F0378,2024Q1,158
F0378,2024Q2,94
F0378,2024Q3,94
F0378,2024Q4,109
F0378,2025Q1,146
F0378,2025Q2,125
F0378,2025Q3,78
F0378,2025Q4,4
F0378,2026Q1,4
F0378,2026Q2,3
F0379,2021Q3,192
F0379,2021Q4,193
F0379,2022Q1,290
F0379,2022Q2,186
F0379,2022Q3,200
F0379,2022Q4,222
F0379,2023Q1,310
F0379,2023Q2,239
F0379,2023Q3,228
F0379,2023Q4,178
F0379,2024Q1,345
F0379,2024Q2,208
F0379,2024Q3,171
F0379,2024Q4,176
F0379,2025Q1,313
F0379,2025Q2,171
F0379,2025Q3,191
F0379,2025Q4,265
F0379,2026Q1,614
F0379,2026Q2,325
F0380,2021Q3,137
F0380,2021Q4,149
F0380,2022Q1,207
F0380,2022Q2,128
F0380,2022Q3,132
F0380,2022Q4,142
F0380,2023Q1,193
F0380,2023Q2,130
F0380,2023Q3,135
F0380,2023Q4,152
F0380,2024Q1,275
F0380,2024Q2,167
F0380,2024Q3,151
F0380,2024Q4,182
F0380,2025Q1,264
F0380,2025Q2,142
F0380,2025Q3,158
F0380,2025Q4,100
F0380,2026Q1,204
F0380,2026Q2,171
F0381,2021Q3,67
F0381,2021Q4,53
F0381,2022Q1,124
F0381,2022Q2,59
F0381,2022Q3,57
F0381,2022Q4,56
F0381,2023Q1,129
F0381,2023Q2,48
F0381,2023Q3,56
F0381,2023Q4,56
F0381,2024Q1,276
F0381,2024Q2,185
F0381,2024Q3,215
F0381,2024Q4,249
F0381,2025Q1,408
F0381,2025Q2,301
F0381,2025Q3,198
F0381,2025Q4,71
F0381,2026Q1,96
F0381,2026Q2,95
F0382,2021Q3,122
F0382,2021Q4,127
F0382,2022Q1,134
F0382,2022Q2,142
F0382,2022Q3,127
F0382,2022Q4,126
F0382,2023Q1,161
F0382,2023Q2,97
F0382,2023Q3,126
F0382,2023Q4,139
F0382,2024Q1,241
F0382,2024Q2,143
F0382,2024Q3,134
F0382,2024Q4,130
F0382,2025Q1,232
F0382,2025Q2,148
F0382,2025Q3,161
F0382,2025Q4,156
F0382,2026Q1,252
F0382,2026Q2,151
F0383,2021Q3,55
F0383,2021Q4,55
F0383,2022Q1,81
F0383,2022Q2,69
F0383,2022Q3,87
F0383,2022Q4,87
F0383,2023Q1,79
F0383,2023Q2,95
F0383,2023Q3,81
F0383,2023Q4,72
F0383,2024Q1,111
F0383,2024Q2,55
F0383,2024Q3,71
F0383,2024Q4,54
F0383,2025Q1,77
F0383,2025Q2,58
F0383,2025Q3,76
F0383,2025Q4,119
F0383,2026Q1,177
F0383,2026Q2,114
F0384,2021Q3,54
F0384,2021Q4,47
F0384,2022Q1,98
F0384,2022Q2,42
F0384,2022Q3,71
F0384,2022Q4,47
F0384,2023Q1,119
F0384,2023Q2,54
F0384,2023Q3,52
F0384,2023Q4,56
F0384,2024Q1,303
F0384,2024Q2,148
F0384,2024Q3,168
F0384,2024Q4,214
F0384,2025Q1,403
F0384,2025Q2,205
F0384,2025Q3,191
F0384,2025Q4,142
F0384,2026Q1,309
F0384,2026Q2,207
F0385,2021Q3,55
F0385,2021Q4,51
F0385,2022Q1,94
F0385,2022Q2,32
F0385,2022Q3,46
F0385,2022Q4,46
F0385,2023Q1,85
F0385,2023Q2,39
F0385,2023Q3,31
F0385,2023Q4,41
F0385,2024Q1,178
F0385,2024Q2,104
F0385,2024Q3,124
F0385,2024Q4,133
F0385,2025Q1,262
F0385,2025Q2,141
F0385,2025Q3,155
F0385,2025Q4,94
F0385,2026Q1,226
F0385,2026Q2,177
F0386,2021Q3,242
F0386,2021Q4,262
F0386,2022Q1,413
F0386,2022Q2,245
F0386,2022Q3,258
F0386,2022Q4,315
F0386,2023Q1,458
F0386,2023Q2,305
F0386,2023Q3,302
F0386,2023Q4,357
F0386,2024Q1,645
F0386,2024Q2,385
F0386,2024Q3,424
F0386,2024Q4,430
F0386,2025Q1,703
F0386,2025Q2,410
F0386,2025Q3,465
F0386,2025Q4,520
F0386,2026Q1,806
F0386,2026Q2,460
F0387,2021Q3,100
F0387,2021Q4,95
F0387,2022Q1,124
F0387,2022Q2,78
F0387,2022Q3,106
F0387,2022Q4,98
F0387,2023Q1,114
F0387,2023Q2,102
F0387,2023Q3,98
F0387,2023Q4,94
F0387,2024Q1,133
F0387,2024Q2,88
F0387,2024Q3,83
F0387,2024Q4,101
F0387,2025Q1,126
F0387,2025Q2,100
F0387,2025Q3,70
F0387,2025Q4,136
F0387,2026Q1,151
F0387,2026Q2,117
F0388,2021Q3,44
F0388,2021Q4,69
F0388,2022Q1,48
F0388,2022Q2,38
F0388,2022Q3,37
F0388,2022Q4,32
F0388,2023Q1,56
F0388,2023Q2,40
F0388,2023Q3,26
F0388,2023Q4,31
F0388,2024Q1,50
F0388,2024Q2,26
F0388,2024Q3,45
F0388,2024Q4,45
F0388,2025Q1,86
F0388,2025Q2,37
F0388,2025Q3,38
F0388,2025Q4,80
F0388,2026Q1,124
F0388,2026Q2,73
F0389,2021Q3,20
F0389,2021Q4,42
F0389,2022Q1,48
F0389,2022Q2,25
F0389,2022Q3,33
F0389,2022Q4,35
F0389,2023Q1,50
F0389,2023Q2,35
F0389,2023Q3,28
F0389,2023Q4,36
F0389,2024Q1,66
F0389,2024Q2,30
F0389,2024Q3,31
F0389,2024Q4,38
F0389,2025Q1,80
F0389,2025Q2,44
F0389,2025Q3,55
F0389,2025Q4,164
F0389,2026Q1,252
F0389,2026Q2,130
F0390,2021Q3,50
F0390,2021Q4,53
F0390,2022Q1,55
F0390,2022Q2,46
F0390,2022Q3,48
F0390,2022Q4,46
F0390,2023Q1,61
F0390,2023Q2,40
F0390,2023Q3,40
F0390,2023Q4,55
F0390,2024Q1,82
F0390,2024Q2,60
F0390,2024Q3,89
F0390,2024Q4,58
F0390,2025Q1,79
F0390,2025Q2,57
F0390,2025Q3,69
F0390,2025Q4,83
F0390,2026Q1,113
F0390,2026Q2,116
F0391,2021Q3,29
F0391,2021Q4,35
F0391,2022Q1,48
F0391,2022Q2,48
F0391,2022Q3,43
F0391,2022Q4,43
F0391,2023Q1,65
F0391,2023Q2,62
F0391,2023Q3,36
F0391,2023Q4,62
F0391,2024Q1,115
F0391,2024Q2,47
F0391,2024Q3,78
F0391,2024Q4,68
F0391,2025Q1,125
F0391,2025Q2,96
F0391,2025Q3,105
F0391,2025Q4,88
F0391,2026Q1,133
F0391,2026Q2,88
F0392,2021Q3,30
F0392,2021Q4,40
F0392,2022Q1,51
F0392,2022Q2,24
F0392,2022Q3,30
F0392,2022Q4,36
F0392,2023Q1,101
F0392,2023Q2,27
F0392,2023Q3,35
F0392,2023Q4,36
F0392,2024Q1,91
F0392,2024Q2,91
F0392,2024Q3,83
F0392,2024Q4,117
F0392,2025Q1,166
F0392,2025Q2,109
F0392,2025Q3,107
F0392,2025Q4,52
F0392,2026Q1,90
F0392,2026Q2,86
F0393,2021Q3,74
F0393,2021Q4,56
F0393,2022Q1,95
F0393,2022Q2,43
F0393,2022Q3,67
F0393,2022Q4,77
F0393,2023Q1,105
F0393,2023Q2,66
F0393,2023Q3,62
F0393,2023Q4,60
F0393,2024Q1,135
F0393,2024Q2,78
F0393,2024Q3,86
F0393,2024Q4,104
F0393,2025Q1,161
F0393,2025Q2,102
F0393,2025Q3,118
F0393,2025Q4,127
F0393,2026Q1,177
F0393,2026Q2,129
F0394,2021Q3,112
F0394,2021Q4,79
F0394,2022Q1,151
F0394,2022Q2,89
F0394,2022Q3,92
F0394,2022Q4,108
F0394,2023Q1,149
F0394,2023Q2,103
F0394,2023Q3,105
F0394,2023Q4,81
F0394,2024Q1,144
F0394,2024Q2,85
F0394,2024Q3,87
F0394,2024Q4,78
F0394,2025Q1,118
F0394,2025Q2,77
F0394,2025Q3,76
F0394,2025Q4,19
F0394,2026Q1,24
F0394,2026Q2,20
F0395,2021Q3,40
F0395,2021Q4,33
F0395,2022Q1,70
F0395,2022Q2,42
F0395,2022Q3,41
F0395,2022Q4,57
F0395,2023Q1,79
F0395,2023Q2,46
F0395,2023Q3,34
F0395,2023Q4,45
F0395,2024Q1,73
F0395,2024Q2,43
F0395,2024Q3,46
F0395,2024Q4,54
F0395,2025Q1,68
F0395,2025Q2,44
F0395,2025Q3,21
F0395,2025Q4,0
F0395,2026Q1,3
F0395,2026Q2,0
F0396,2021Q3,32
F0396,2021Q4,43
F0396,2022Q1,64
F0396,2022Q2,44
F0396,2022Q3,36
F0396,2022Q4,46
F0396,2023Q1,64
F0396,2023Q2,48
F0396,2023Q3,50
F0396,2023Q4,62
F0396,2024Q1,53
F0396,2024Q2,36
F0396,2024Q3,19
F0396,2024Q4,30
F0396,2025Q1,81
F0396,2025Q2,31
F0396,2025Q3,53
F0396,2025Q4,113
F0396,2026Q1,219
F0396,2026Q2,126
F0397,2021Q3,77
F0397,2021Q4,81
F0397,2022Q1,132
F0397,2022Q2,72
F0397,2022Q3,78
F0397,2022Q4,77
F0397,2023Q1,129
F0397,2023Q2,77
F0397,2023Q3,99
F0397,2023Q4,93
F0397,2024Q1,145
F0397,2024Q2,117
F0397,2024Q3,107
F0397,2024Q4,146
F0397,2025Q1,191
F0397,2025Q2,138
F0397,2025Q3,111
F0397,2025Q4,90
F0397,2026Q1,175
F0397,2026Q2,85
F0398,2021Q3,131
F0398,2021Q4,80
F0398,2022Q1,143
F0398,2022Q2,87
F0398,2022Q3,87
F0398,2022Q4,90
F0398,2023Q1,100
F0398,2023Q2,105
F0398,2023Q3,97
F0398,2023Q4,86
F0398,2024Q1,207
F0398,2024Q2,117
F0398,2024Q3,130
F0398,2024Q4,168
F0398,2025Q1,261
F0398,2025Q2,162
F0398,2025Q3,167
F0398,2025Q4,254
F0398,2026Q1,452
F0398,2026Q2,303
F0399,2021Q3,155
F0399,2021Q4,172
F0399,2022Q1,178
F0399,2022Q2,115
F0399,2022Q3,119
F0399,2022Q4,166
F0399,2023Q1,187
F0399,2023Q2,164
F0399,2023Q3,174
F0399,2023Q4,164
F0399,2024Q1,488
F0399,2024Q2,210
F0399,2024Q3,206
F0399,2024Q4,267
F0399,2025Q1,613
F0399,2025Q2,298
F0399,2025Q3,325
F0399,2025Q4,379
F0399,2026Q1,472
F0399,2026Q2,367
F0400,2021Q3,43
F0400,2021Q4,48
F0400,2022Q1,44
F0400,2022Q2,42
F0400,2022Q3,61
F0400,2022Q4,54
F0400,2023Q1,57
F0400,2023Q2,56
F0400,2023Q3,47
F0400,2023Q4,47
F0400,2024Q1,64
F0400,2024Q2,40
F0400,2024Q3,47
F0400,2024Q4,54
F0400,2025Q1,58
F0400,2025Q2,49
F0400,2025Q3,41
F0400,2025Q4,60
F0400,2026Q1,84
F0400,2026Q2,44
F0401,2021Q3,21
F0401,2021Q4,21
F0401,2022Q1,33
F0401,2022Q2,13
F0401,2022Q3,17
F0401,2022Q4,14
F0401,2023Q1,36
F0401,2023Q2,13
F0401,2023Q3,15
F0401,2023Q4,16
F0401,2024Q1,44
F0401,2024Q2,17
F0401,2024Q3,12
F0401,2024Q4,21
F0401,2025Q1,111
F0401,2025Q2,29
F0401,2025Q3,34
F0401,2025Q4,109
F0401,2026Q1,232
F0401,2026Q2,148
F0402,2021Q3,37
F0402,2021Q4,54
F0402,2022Q1,91
F0402,2022Q2,68
F0402,2022Q3,64
F0402,2022Q4,64
F0402,2023Q1,89
F0402,2023Q2,58
F0402,2023Q3,54
F0402,2023Q4,51
F0402,2024Q1,83
F0402,2024Q2,71
F0402,2024Q3,69
F0402,2024Q4,55
F0402,2025Q1,85
F0402,2025Q2,62
F0402,2025Q3,77
F0402,2025Q4,70
F0402,2026Q1,151
F0402,2026Q2,77
F0403,2021Q3,72
F0403,2021Q4,60
F0403,2022Q1,80
F0403,2022Q2,48
F0403,2022Q3,75
F0403,2022Q4,51
F0403,2023Q1,80
F0403,2023Q2,62
F0403,2023Q3,71
F0403,2023Q4,64
F0403,2024Q1,89
F0403,2024Q2,50
F0403,2024Q3,39
F0403,2024Q4,36
F0403,2025Q1,73
F0403,2025Q2,59
F0403,2025Q3,45
F0403,2025Q4,111
F0403,2026Q1,142
F0403,2026Q2,98
F0404,2021Q3,43
F0404,2021Q4,43
F0404,2022Q1,58
F0404,2022Q2,52
F0404,2022Q3,45
F0404,2022Q4,44
F0404,2023Q1,51
F0404,2023Q2,39
F0404,2023Q3,45
F0404,2023Q4,50
F0404,2024Q1,67
F0404,2024Q2,42
F0404,2024Q3,47
F0404,2024Q4,54
F0404,2025Q1,59
F0404,2025Q2,58
F0404,2025Q3,50
F0404,2025Q4,45
F0404,2026Q1,67
F0404,2026Q2,46
F0405,2021Q3,31
F0405,2021Q4,52
F0405,2022Q1,76
F0405,2022Q2,43
F0405,2022Q3,45
F0405,2022Q4,49
F0405,2023Q1,111
F0405,2023Q2,42
F0405,2023Q3,42
F0405,2023Q4,54
F0405,2024Q1,244
F0405,2024Q2,143
F0405,2024Q3,160
F0405,2024Q4,182
F0405,2025Q1,375
F0405,2025Q2,190
F0405,2025Q3,178
F0405,2025Q4,160
F0405,2026Q1,290
F0405,2026Q2,290
F0406,2021Q3,95
F0406,2021Q4,84
F0406,2022Q1,116
F0406,2022Q2,86
F0406,2022Q3,127
F0406,2022Q4,105
F0406,2023Q1,131
F0406,2023Q2,100
F0406,2023Q3,104
F0406,2023Q4,111
F0406,2024Q1,127
F0406,2024Q2,93
F0406,2024Q3,82
F0406,2024Q4,71
F0406,2025Q1,170
F0406,2025Q2,79
F0406,2025Q3,97
F0406,2025Q4,140
F0406,2026Q1,167
F0406,2026Q2,126
F0407,2021Q3,55
F0407,2021Q4,57
F0407,2022Q1,60
F0407,2022Q2,55
F0407,2022Q3,38
F0407,2022Q4,36
F0407,2023Q1,50
F0407,2023Q2,33
F0407,2023Q3,32
F0407,2023Q4,39
F0407,2024Q1,63
F0407,2024Q2,39
F0407,2024Q3,56
F0407,2024Q4,48
F0407,2025Q1,83
F0407,2025Q2,40
F0407,2025Q3,61
F0407,2025Q4,96
F0407,2026Q1,209
F0407,2026Q2,163
F0408,2021Q3,141
F0408,2021Q4,132
F0408,2022Q1,192
F0408,2022Q2,116
F0408,2022Q3,114
F0408,2022Q4,171
F0408,2023Q1,191
F0408,2023Q2,112
F0408,2023Q3,130
F0408,2023Q4,148
F0408,2024Q1,268
F0408,2024Q2,194
F0408,2024Q3,230
F0408,2024Q4,205
F0408,2025Q1,324
F0408,2025Q2,210
F0408,2025Q3,235
F0408,2025Q4,182
F0408,2026Q1,346
F0408,2026Q2,219
F0409,2021Q3,55
F0409,2021Q4,75
F0409,2022Q1,84
F0409,2022Q2,61
F0409,2022Q3,61
F0409,2022Q4,68
F0409,2023Q1,136
F0409,2023Q2,48
F0409,2023Q3,53
F0409,2023Q4,92
F0409,2024Q1,258
F0409,2024Q2,194
F0409,2024Q3,203
F0409,2024Q4,242
F0409,2025Q1,378
F0409,2025Q2,242
F0409,2025Q3,237
F0409,2025Q4,150
F0409,2026Q1,290
F0409,2026Q2,219
F0410,2021Q3,35
F0410,2021Q4,37
F0410,2022Q1,53
F0410,2022Q2,33
F0410,2022Q3,29
F0410,2022Q4,22
F0410,2023Q1,50
F0410,2023Q2,27
F0410,2023Q3,28
F0410,2023Q4,29
F0410,2024Q1,130
F0410,2024Q2,98
F0410,2024Q3,81
F0410,2024Q4,112
F0410,2025Q1,176
F0410,2025Q2,102
F0410,2025Q3,91
F0410,2025Q4,85
F0410,2026Q1,172
F0410,2026Q2,119
F0411,2021Q3,103
F0411,2021Q4,100
F0411,2022Q1,144
F0411,2022Q2,99
F0411,2022Q3,121
F0411,2022Q4,141
F0411,2023Q1,115
F0411,2023Q2,107
F0411,2023Q3,100
F0411,2023Q4,115
F0411,2024Q1,222
F0411,2024Q2,130
F0411,2024Q3,162
F0411,2024Q4,193
F0411,2025Q1,271
F0411,2025Q2,194
F0411,2025Q3,166
F0411,2025Q4,212
F0411,2026Q1,289
F0411,2026Q2,214
F0412,2021Q3,63
F0412,2021Q4,73
F0412,2022Q1,96
F0412,2022Q2,66
F0412,2022Q3,69
F0412,2022Q4,74
F0412,2023Q1,86
F0412,2023Q2,88
F0412,2023Q3,75
F0412,2023Q4,75
F0412,2024Q1,91
F0412,2024Q2,58
F0412,2024Q3,59
F0412,2024Q4,60
F0412,2025Q1,107
F0412,2025Q2,58
F0412,2025Q3,62
F0412,2025Q4,85
F0412,2026Q1,112
F0412,2026Q2,72
F0413,2021Q3,85
F0413,2021Q4,90
F0413,2022Q1,138
F0413,2022Q2,113
F0413,2022Q3,98
F0413,2022Q4,117
F0413,2023Q1,177
F0413,2023Q2,118
F0413,2023Q3,126
F0413,2023Q4,98
F0413,2024Q1,180
F0413,2024Q2,112
F0413,2024Q3,82
F0413,2024Q4,124
F0413,2025Q1,192
F0413,2025Q2,90
F0413,2025Q3,116
F0413,2025Q4,173
F0413,2026Q1,293
F0413,2026Q2,208
F0414,2021Q3,62
F0414,2021Q4,65
F0414,2022Q1,82
F0414,2022Q2,62
F0414,2022Q3,53
F0414,2022Q4,68
F0414,2023Q1,71
F0414,2023Q2,53
F0414,2023Q3,67
F0414,2023Q4,87
F0414,2024Q1,115
F0414,2024Q2,71
F0414,2024Q3,75
F0414,2024Q4,106
F0414,2025Q1,137
F0414,2025Q2,75
F0414,2025Q3,77
F0414,2025Q4,115
F0414,2026Q1,129
F0414,2026Q2,98
F0415,2021Q3,189
F0415,2021Q4,207
F0415,2022Q1,343
F0415,2022Q2,231
F0415,2022Q3,246
F0415,2022Q4,260
F0415,2023Q1,429
F0415,2023Q2,296
F0415,2023Q3,271
F0415,2023Q4,296
F0415,2024Q1,547
F0415,2024Q2,336
F0415,2024Q3,299
F0415,2024Q4,290
F0415,2025Q1,473
F0415,2025Q2,291
F0415,2025Q3,256
F0415,2025Q4,122
F0415,2026Q1,199
F0415,2026Q2,156
F0416,2021Q3,70
F0416,2021Q4,56
F0416,2022Q1,119
F0416,2022Q2,79
F0416,2022Q3,72
F0416,2022Q4,87
F0416,2023Q1,178
F0416,2023Q2,97
F0416,2023Q3,82
F0416,2023Q4,92
F0416,2024Q1,191
F0416,2024Q2,118
F0416,2024Q3,147
F0416,2024Q4,178
F0416,2025Q1,232
F0416,2025Q2,196
F0416,2025Q3,132
F0416,2025Q4,1
F0416,2026Q1,0
F0416,2026Q2,0
F0417,2021Q3,68
F0417,2021Q4,79
F0417,2022Q1,93
F0417,2022Q2,67
F0417,2022Q3,56
F0417,2022Q4,76
F0417,2023Q1,112
F0417,2023Q2,98
F0417,2023Q3,71
F0417,2023Q4,100
F0417,2024Q1,103
F0417,2024Q2,69
F0417,2024Q3,45
F0417,2024Q4,78
F0417,2025Q1,146
F0417,2025Q2,57
F0417,2025Q3,62
F0417,2025Q4,89
F0417,2026Q1,148
F0417,2026Q2,75
F0418,2021Q3,203
F0418,2021Q4,212
F0418,2022Q1,267
F0418,2022Q2,152
F0418,2022Q3,182
F0418,2022Q4,220
F0418,2023Q1,259
F0418,2023Q2,241
F0418,2023Q3,240
F0418,2023Q4,217
F0418,2024Q1,255
F0418,2024Q2,143
F0418,2024Q3,145
F0418,2024Q4,127
F0418,2025Q1,218
F0418,2025Q2,119
F0418,2025Q3,115
F0418,2025Q4,100
F0418,2026Q1,195
F0418,2026Q2,80
F0419,2021Q3,202
F0419,2021Q4,206
F0419,2022Q1,255
F0419,2022Q2,184
F0419,2022Q3,151
F0419,2022Q4,189
F0419,2023Q1,262
F0419,2023Q2,193
F0419,2023Q3,207
F0419,2023Q4,190
F0419,2024Q1,269
F0419,2024Q2,149
F0419,2024Q3,164
F0419,2024Q4,164
F0419,2025Q1,209
F0419,2025Q2,156
F0419,2025Q3,147
F0419,2025Q4,152
F0419,2026Q1,211
F0419,2026Q2,123
F0420,2021Q3,111
F0420,2021Q4,111
F0420,2022Q1,123
F0420,2022Q2,93
F0420,2022Q3,69
F0420,2022Q4,104
F0420,2023Q1,143
F0420,2023Q2,92
F0420,2023Q3,108
F0420,2023Q4,71
F0420,2024Q1,129
F0420,2024Q2,81
F0420,2024Q3,78
F0420,2024Q4,76
F0420,2025Q1,90
F0420,2025Q2,62
F0420,2025Q3,47
F0420,2025Q4,21
F0420,2026Q1,21
F0420,2026Q2,14
F0421,2021Q3,108
F0421,2021Q4,125
F0421,2022Q1,145
F0421,2022Q2,111
F0421,2022Q3,135
F0421,2022Q4,141
F0421,2023Q1,184
F0421,2023Q2,120
F0421,2023Q3,146
F0421,2023Q4,129
F0421,2024Q1,259
F0421,2024Q2,168
F0421,2024Q3,193
F0421,2024Q4,173
F0421,2025Q1,296
F0421,2025Q2,224
F0421,2025Q3,217
F0421,2025Q4,225
F0421,2026Q1,269
F0421,2026Q2,184
F0422,2021Q3,51
F0422,2021Q4,52
F0422,2022Q1,69
F0422,2022Q2,30
F0422,2022Q3,38
F0422,2022Q4,40
F0422,2023Q1,87
F0422,2023Q2,39
F0422,2023Q3,39
F0422,2023Q4,44
F0422,2024Q1,175
F0422,2024Q2,104
F0422,2024Q3,121
F0422,2024Q4,141
F0422,2025Q1,285
F0422,2025Q2,164
F0422,2025Q3,151
F0422,2025Q4,184
F0422,2026Q1,500
F0422,2026Q2,339
F0423,2021Q3,32
F0423,2021Q4,40
F0423,2022Q1,38
F0423,2022Q2,22
F0423,2022Q3,45
F0423,2022Q4,51
F0423,2023Q1,52
F0423,2023Q2,42
F0423,2023Q3,56
F0423,2023Q4,40
F0423,2024Q1,42
F0423,2024Q2,34
F0423,2024Q3,20
F0423,2024Q4,15
F0423,2025Q1,36
F0423,2025Q2,19
F0423,2025Q3,29
F0423,2025Q4,108
F0423,2026Q1,161
F0423,2026Q2,96
F0424,2021Q3,108
F0424,2021Q4,143
F0424,2022Q1,144
F0424,2022Q2,92
F0424,2022Q3,99
F0424,2022Q4,112
F0424,2023Q1,134
F0424,2023Q2,103
F0424,2023Q3,97
F0424,2023Q4,83
F0424,2024Q1,132
F0424,2024Q2,80
F0424,2024Q3,91
F0424,2024Q4,72
F0424,2025Q1,120
F0424,2025Q2,69
F0424,2025Q3,96
F0424,2025Q4,174
F0424,2026Q1,232
F0424,2026Q2,137
F0425,2021Q3,46
F0425,2021Q4,36
F0425,2022Q1,68
F0425,2022Q2,30
F0425,2022Q3,36
F0425,2022Q4,40
F0425,2023Q1,71
F0425,2023Q2,43
F0425,2023Q3,40
F0425,2023Q4,44
F0425,2024Q1,70
F0425,2024Q2,40
F0425,2024Q3,43
F0425,2024Q4,38
F0425,2025Q1,75
F0425,2025Q2,40
F0425,2025Q3,59
F0425,2025Q4,51
F0425,2026Q1,107
F0425,2026Q2,50
F0426,2021Q3,66
F0426,2021Q4,58
F0426,2022Q1,85
F0426,2022Q2,45
F0426,2022Q3,54
F0426,2022Q4,66
F0426,2023Q1,79
F0426,2023Q2,62
F0426,2023Q3,66
F0426,2023Q4,60
F0426,2024Q1,56
F0426,2024Q2,34
F0426,2024Q3,23
F0426,2024Q4,29
F0426,2025Q1,44
F0426,2025Q2,24
F0426,2025Q3,32
F0426,2025Q4,53
F0426,2026Q1,88
F0426,2026Q2,45
F0427,2021Q3,36
F0427,2021Q4,26
F0427,2022Q1,37
F0427,2022Q2,26
F0427,2022Q3,30
F0427,2022Q4,19
F0427,2023Q1,23
F0427,2023Q2,26
F0427,2023Q3,33
F0427,2023Q4,35
F0427,2024Q1,46
F0427,2024Q2,40
F0427,2024Q3,28
F0427,2024Q4,29
F0427,2025Q1,38
F0427,2025Q2,20
F0427,2025Q3,13
F0427,2025Q4,6
F0427,2026Q1,6
F0427,2026Q2,7
F0428,2021Q3,147
F0428,2021Q4,157
F0428,2022Q1,222
F0428,2022Q2,146
F0428,2022Q3,122
F0428,2022Q4,138
F0428,2023Q1,180
F0428,2023Q2,142
F0428,2023Q3,124
F0428,2023Q4,127
F0428,2024Q1,193
F0428,2024Q2,135
F0428,2024Q3,129
F0428,2024Q4,131
F0428,2025Q1,147
F0428,2025Q2,122
F0428,2025Q3,115
F0428,2025Q4,97
F0428,2026Q1,155
F0428,2026Q2,108
F0429,2021Q3,13
F0429,2021Q4,13
F0429,2022Q1,23
F0429,2022Q2,21
F0429,2022Q3,21
F0429,2022Q4,20
F0429,2023Q1,25
F0429,2023Q2,12
F0429,2023Q3,14
F0429,2023Q4,11
F0429,2024Q1,50
F0429,2024Q2,28
F0429,2024Q3,35
F0429,2024Q4,33
F0429,2025Q1,61
F0429,2025Q2,25
F0429,2025Q3,32
F0429,2025Q4,35
F0429,2026Q1,67
F0429,2026Q2,71
F0430,2021Q3,44
F0430,2021Q4,45
F0430,2022Q1,40
F0430,2022Q2,24
F0430,2022Q3,20
F0430,2022Q4,18
F0430,2023Q1,57
F0430,2023Q2,24
F0430,2023Q3,29
F0430,2023Q4,27
F0430,2024Q1,63
F0430,2024Q2,49
F0430,2024Q3,61
F0430,2024Q4,64
F0430,2025Q1,93
F0430,2025Q2,52
F0430,2025Q3,52
F0430,2025Q4,14
F0430,2026Q1,53
F0430,2026Q2,79
F0431,2021Q3,57
F0431,2021Q4,46
F0431,2022Q1,94
F0431,2022Q2,59
F0431,2022Q3,59
F0431,2022Q4,72
F0431,2023Q1,80
F0431,2023Q2,61
F0431,2023Q3,63
F0431,2023Q4,63
F0431,2024Q1,135
F0431,2024Q2,80
F0431,2024Q3,93
F0431,2024Q4,106
F0431,2025Q1,181
F0431,2025Q2,101
F0431,2025Q3,98
F0431,2025Q4,147
F0431,2026Q1,200
F0431,2026Q2,161
F0432,2021Q3,122
F0432,2021Q4,126
F0432,2022Q1,149
F0432,2022Q2,112
F0432,2022Q3,121
F0432,2022Q4,120
F0432,2023Q1,156
F0432,2023Q2,120
F0432,2023Q3,123
F0432,2023Q4,124
F0432,2024Q1,188
F0432,2024Q2,100
F0432,2024Q3,103
F0432,2024Q4,106
F0432,2025Q1,183
F0432,2025Q2,104
F0432,2025Q3,94
F0432,2025Q4,223
F0432,2026Q1,388
F0432,2026Q2,206
F0433,2021Q3,29
F0433,2021Q4,29
F0433,2022Q1,48
F0433,2022Q2,25
F0433,2022Q3,32
F0433,2022Q4,35
F0433,2023Q1,57
F0433,2023Q2,38
F0433,2023Q3,36
F0433,2023Q4,39
F0433,2024Q1,92
F0433,2024Q2,40
F0433,2024Q3,44
F0433,2024Q4,54
F0433,2025Q1,132
F0433,2025Q2,66
F0433,2025Q3,67
F0433,2025Q4,86
F0433,2026Q1,159
F0433,2026Q2,95
F0434,2021Q3,105
F0434,2021Q4,95
F0434,2022Q1,131
F0434,2022Q2,106
F0434,2022Q3,99
F0434,2022Q4,122
F0434,2023Q1,169
F0434,2023Q2,127
F0434,2023Q3,128
F0434,2023Q4,148
F0434,2024Q1,262
F0434,2024Q2,144
F0434,2024Q3,135
F0434,2024Q4,140
F0434,2025Q1,269
F0434,2025Q2,154
F0434,2025Q3,136
F0434,2025Q4,177
F0434,2026Q1,333
F0434,2026Q2,194
F0435,2021Q3,34
F0435,2021Q4,39
F0435,2022Q1,48
F0435,2022Q2,32
F0435,2022Q3,26
F0435,2022Q4,32
F0435,2023Q1,56
F0435,2023Q2,46
F0435,2023Q3,28
F0435,2023Q4,29
F0435,2024Q1,41
F0435,2024Q2,25
F0435,2024Q3,23
F0435,2024Q4,23
F0435,2025Q1,59
F0435,2025Q2,31
F0435,2025Q3,31
F0435,2025Q4,56
F0435,2026Q1,89
F0435,2026Q2,40
F0436,2021Q3,34
F0436,2021Q4,34
F0436,2022Q1,37
F0436,2022Q2,37
F0436,2022Q3,22
F0436,2022Q4,34
F0436,2023Q1,47
F0436,2023Q2,24
F0436,2023Q3,32
F0436,2023Q4,38
F0436,2024Q1,47
F0436,2024Q2,29
F0436,2024Q3,29
F0436,2024Q4,28
F0436,2025Q1,69
F0436,2025Q2,23
F0436,2025Q3,33
F0436,2025Q4,81
F0436,2026Q1,101
F0436,2026Q2,84
F0437,2021Q3,28
F0437,2021Q4,43
F0437,2022Q1,61
F0437,2022Q2,41
F0437,2022Q3,43
F0437,2022Q4,44
F0437,2023Q1,50
F0437,2023Q2,39
F0437,2023Q3,42
F0437,2023Q4,37
F0437,2024Q1,57
F0437,2024Q2,28
F0437,2024Q3,27
F0437,2024Q4,30
F0437,2025Q1,46
F0437,2025Q2,18
F0437,2025Q3,36
F0437,2025Q4,65
F0437,2026Q1,99
F0437,2026Q2,56
F0438,2021Q3,85
F0438,2021Q4,78
F0438,2022Q1,89
F0438,2022Q2,73
F0438,2022Q3,79
F0438,2022Q4,94
F0438,2023Q1,98
F0438,2023Q2,83
F0438,2023Q3,78
F0438,2023Q4,85
F0438,2024Q1,115
F0438,2024Q2,70
F0438,2024Q3,74
F0438,2024Q4,82
F0438,2025Q1,110
F0438,2025Q2,86
F0438,2025Q3,75
F0438,2025Q4,106
F0438,2026Q1,170
F0438,2026Q2,111
F0439,2021Q3,45
F0439,2021Q4,53
F0439,2022Q1,68
F0439,2022Q2,43
F0439,2022Q3,50
F0439,2022Q4,48
F0439,2023Q1,66
F0439,2023Q2,43
F0439,2023Q3,64
F0439,2023Q4,53
F0439,2024Q1,75
F0439,2024Q2,56
F0439,2024Q3,61
F0439,2024Q4,65
F0439,2025Q1,106
F0439,2025Q2,62
F0439,2025Q3,55
F0439,2025Q4,91
F0439,2026Q1,129
F0439,2026Q2,92
F0440,2021Q3,35
F0440,2021Q4,35
F0440,2022Q1,39
F0440,2022Q2,25
F0440,2022Q3,25
F0440,2022Q4,18
F0440,2023Q1,46
F0440,2023Q2,24
F0440,2023Q3,17
F0440,2023Q4,23
F0440,2024Q1,93
F0440,2024Q2,60
F0440,2024Q3,65
F0440,2024Q4,78
F0440,2025Q1,136
F0440,2025Q2,96
F0440,2025Q3,67
F0440,2025Q4,64
F0440,2026Q1,164
F0440,2026Q2,105
F0441,2021Q3,9
F0441,2021Q4,13
F0441,2022Q1,25
F0441,2022Q2,11
F0441,2022Q3,16
F0441,2022Q4,16
F0441,2023Q1,19
F0441,2023Q2,15
F0441,2023Q3,10
F0441,2023Q4,9
F0441,2024Q1,50
F0441,2024Q2,33
F0441,2024Q3,31
F0441,2024Q4,44
F0441,2025Q1,62
F0441,2025Q2,51
F0441,2025Q3,51
F0441,2025Q4,33
F0441,2026Q1,55
F0441,2026Q2,64
F0442,2021Q3,59
F0442,2021Q4,55
F0442,2022Q1,119
F0442,2022Q2,64
F0442,2022Q3,53
F0442,2022Q4,61
F0442,2023Q1,129
F0442,2023Q2,68
F0442,2023Q3,52
F0442,2023Q4,65
F0442,2024Q1,336
F0442,2024Q2,195
F0442,2024Q3,196
F0442,2024Q4,289
F0442,2025Q1,499
F0442,2025Q2,296
F0442,2025Q3,260
F0442,2025Q4,200
F0442,2026Q1,473
F0442,2026Q2,396
F0443,2021Q3,74
F0443,2021Q4,75
F0443,2022Q1,111
F0443,2022Q2,74
F0443,2022Q3,85
F0443,2022Q4,71
F0443,2023Q1,125
F0443,2023Q2,73
F0443,2023Q3,66
F0443,2023Q4,85
F0443,2024Q1,171
F0443,2024Q2,101
F0443,2024Q3,126
F0443,2024Q4,149
F0443,2025Q1,230
F0443,2025Q2,126
F0443,2025Q3,126
F0443,2025Q4,107
F0443,2026Q1,171
F0443,2026Q2,161
F0444,2021Q3,45
F0444,2021Q4,37
F0444,2022Q1,64
F0444,2022Q2,51
F0444,2022Q3,49
F0444,2022Q4,50
F0444,2023Q1,54
F0444,2023Q2,48
F0444,2023Q3,56
F0444,2023Q4,47
F0444,2024Q1,50
F0444,2024Q2,38
F0444,2024Q3,28
F0444,2024Q4,31
F0444,2025Q1,48
F0444,2025Q2,28
F0444,2025Q3,34
F0444,2025Q4,58
F0444,2026Q1,73
F0444,2026Q2,39
F0445,2021Q3,62
F0445,2021Q4,60
F0445,2022Q1,89
F0445,2022Q2,60
F0445,2022Q3,60
F0445,2022Q4,93
F0445,2023Q1,103
F0445,2023Q2,60
F0445,2023Q3,69
F0445,2023Q4,57
F0445,2024Q1,154
F0445,2024Q2,86
F0445,2024Q3,106
F0445,2024Q4,106
F0445,2025Q1,166
F0445,2025Q2,97
F0445,2025Q3,124
F0445,2025Q4,105
F0445,2026Q1,169
F0445,2026Q2,111
F0446,2021Q3,202
F0446,2021Q4,198
F0446,2022Q1,244
F0446,2022Q2,209
F0446,2022Q3,174
F0446,2022Q4,210
F0446,2023Q1,278
F0446,2023Q2,215
F0446,2023Q3,230
F0446,2023Q4,203
F0446,2024Q1,330
F0446,2024Q2,294
F0446,2024Q3,227
F0446,2024Q4,247
F0446,2025Q1,356
F0446,2025Q2,286
F0446,2025Q3,257
F0446,2025Q4,369
F0446,2026Q1,554
F0446,2026Q2,370
F0447,2021Q3,84
F0447,2021Q4,81
F0447,2022Q1,99
F0447,2022Q2,71
F0447,2022Q3,73
F0447,2022Q4,77
F0447,2023Q1,118
F0447,2023Q2,71
F0447,2023Q3,86
F0447,2023Q4,73
F0447,2024Q1,269
F0447,2024Q2,128
F0447,2024Q3,172
F0447,2024Q4,177
F0447,2025Q1,317
F0447,2025Q2,189
F0447,2025Q3,126
F0447,2025Q4,1
F0447,2026Q1,5
F0447,2026Q2,4
F0448,2021Q3,128
F0448,2021Q4,121
F0448,2022Q1,142
F0448,2022Q2,151
F0448,2022Q3,116
F0448,2022Q4,144
F0448,2023Q1,143
F0448,2023Q2,112
F0448,2023Q3,132
F0448,2023Q4,127
F0448,2024Q1,125
F0448,2024Q2,76
F0448,2024Q3,58
F0448,2024Q4,55
F0448,2025Q1,110
F0448,2025Q2,46
F0448,2025Q3,70
F0448,2025Q4,219
F0448,2026Q1,304
F0448,2026Q2,161
F0449,2021Q3,81
F0449,2021Q4,72
F0449,2022Q1,128
F0449,2022Q2,80
F0449,2022Q3,80
F0449,2022Q4,106
F0449,2023Q1,158
F0449,2023Q2,90
F0449,2023Q3,92
F0449,2023Q4,113
F0449,2024Q1,218
F0449,2024Q2,139
F0449,2024Q3,161
F0449,2024Q4,183
F0449,2025Q1,265
F0449,2025Q2,190
F0449,2025Q3,165
F0449,2025Q4,118
F0449,2026Q1,154
F0449,2026Q2,120
F0450,2021Q3,67
F0450,2021Q4,62
F0450,2022Q1,103
F0450,2022Q2,75
F0450,2022Q3,74
F0450,2022Q4,80
F0450,2023Q1,101
F0450,2023Q2,63
F0450,2023Q3,68
F0450,2023Q4,69
F0450,2024Q1,98
F0450,2024Q2,57
F0450,2024Q3,60
F0450,2024Q4,85
F0450,2025Q1,93
F0450,2025Q2,68
F0450,2025Q3,52
F0450,2025Q4,62
F0450,2026Q1,92
F0450,2026Q2,83
F0451,2021Q3,112
F0451,2021Q4,115
F0451,2022Q1,176
F0451,2022Q2,136
F0451,2022Q3,151
F0451,2022Q4,176
F0451,2023Q1,199
F0451,2023Q2,139
F0451,2023Q3,141
F0451,2023Q4,169
F0451,2024Q1,532
F0451,2024Q2,358
F0451,2024Q3,420
F0451,2024Q4,507
F0451,2025Q1,781
F0451,2025Q2,519
F0451,2025Q3,446
F0451,2025Q4,377
F0451,2026Q1,672
F0451,2026Q2,501
F0452,2021Q3,24
F0452,2021Q4,24
F0452,2022Q1,40
F0452,2022Q2,17
F0452,2022Q3,20
F0452,2022Q4,18
F0452,2023Q1,17
F0452,2023Q2,22
F0452,2023Q3,15
F0452,2023Q4,23
F0452,2024Q1,40
F0452,2024Q2,23
F0452,2024Q3,20
F0452,2024Q4,31
F0452,2025Q1,64
F0452,2025Q2,35
F0452,2025Q3,33
F0452,2025Q4,33
F0452,2026Q1,72
F0452,2026Q2,42
F0453,2021Q3,59
F0453,2021Q4,63
F0453,2022Q1,115
F0453,2022Q2,66
F0453,2022Q3,69
F0453,2022Q4,64
F0453,2023Q1,98
F0453,2023Q2,62
F0453,2023Q3,53
F0453,2023Q4,71
F0453,2024Q1,77
F0453,2024Q2,60
F0453,2024Q3,69
F0453,2024Q4,60
F0453,2025Q1,107
F0453,2025Q2,87
F0453,2025Q3,65
F0453,2025Q4,77
F0453,2026Q1,117
F0453,2026Q2,92
F0454,2021Q3,103
F0454,2021Q4,87
F0454,2022Q1,103
F0454,2022Q2,97
F0454,2022Q3,99
F0454,2022Q4,94
F0454,2023Q1,92
F0454,2023Q2,107
F0454,2023Q3,83
F0454,2023Q4,100
F0454,2024Q1,113
F0454,2024Q2,74
F0454,2024Q3,74
F0454,2024Q4,55
F0454,2025Q1,86
F0454,2025Q2,55
F0454,2025Q3,91
F0454,2025Q4,149
F0454,2026Q1,224
F0454,2026Q2,122
F0455,2021Q3,169
F0455,2021Q4,172
F0455,2022Q1,203
F0455,2022Q2,197
F0455,2022Q3,187
F0455,2022Q4,195
F0455,2023Q1,191
F0455,2023Q2,186
F0455,2023Q3,172
F0455,2023Q4,150
F0455,2024Q1,252
F0455,2024Q2,137
F0455,2024Q3,156
F0455,2024Q4,158
F0455,2025Q1,200
F0455,2025Q2,131
F0455,2025Q3,157
F0455,2025Q4,146
F0455,2026Q1,254
F0455,2026Q2,168
F0456,2021Q3,60
F0456,2021Q4,67
F0456,2022Q1,73
F0456,2022Q2,73
F0456,2022Q3,48
F0456,2022Q4,58
F0456,2023Q1,78
F0456,2023Q2,58
F0456,2023Q3,72
F0456,2023Q4,83
F0456,2024Q1,124
F0456,2024Q2,75
F0456,2024Q3,50
F0456,2024Q4,76
F0456,2025Q1,131
F0456,2025Q2,68
F0456,2025Q3,81
F0456,2025Q4,234
F0456,2026Q1,351
F0456,2026Q2,232
F0457,2021Q3,19
F0457,2021Q4,30
F0457,2022Q1,49
F0457,2022Q2,30
F0457,2022Q3,32
F0457,2022Q4,37
F0457,2023Q1,60
F0457,2023Q2,27
F0457,2023Q3,25
F0457,2023Q4,35
F0457,2024Q1,89
F0457,2024Q2,61
F0457,2024Q3,63
F0457,2024Q4,48
F0457,2025Q1,117
F0457,2025Q2,86
F0457,2025Q3,52
F0457,2025Q4,52
F0457,2026Q1,74
F0457,2026Q2,58
F0458,2021Q3,49
F0458,2021Q4,54
F0458,2022Q1,68
F0458,2022Q2,54
F0458,2022Q3,66
F0458,2022Q4,47
F0458,2023Q1,78
F0458,2023Q2,83
F0458,2023Q3,54
F0458,2023Q4,57
F0458,2024Q1,82
F0458,2024Q2,58
F0458,2024Q3,42
F0458,2024Q4,45
F0458,2025Q1,77
F0458,2025Q2,48
F0458,2025Q3,63
F0458,2025Q4,105
F0458,2026Q1,115
F0458,2026Q2,64
F0459,2021Q3,36
F0459,2021Q4,40
F0459,2022Q1,60
F0459,2022Q2,35
F0459,2022Q3,30
F0459,2022Q4,39
F0459,2023Q1,56
F0459,2023Q2,43
F0459,2023Q3,30
F0459,2023Q4,52
F0459,2024Q1,156
F0459,2024Q2,108
F0459,2024Q3,90
F0459,2024Q4,134
F0459,2025Q1,211
F0459,2025Q2,135
F0459,2025Q3,138
F0459,2025Q4,141
F0459,2026Q1,254
F0459,2026Q2,176
F0460,2021Q3,93
F0460,2021Q4,98
F0460,2022Q1,146
F0460,2022Q2,110
F0460,2022Q3,118
F0460,2022Q4,109
F0460,2023Q1,150
F0460,2023Q2,110
F0460,2023Q3,92
F0460,2023Q4,93
F0460,2024Q1,115
F0460,2024Q2,94
F0460,2024Q3,88
F0460,2024Q4,94
F0460,2025Q1,107
F0460,2025Q2,73
F0460,2025Q3,59
F0460,2025Q4,41
F0460,2026Q1,51
F0460,2026Q2,41
F0461,2021Q3,38
F0461,2021Q4,32
F0461,2022Q1,72
F0461,2022Q2,38
F0461,2022Q3,44
F0461,2022Q4,42
F0461,2023Q1,98
F0461,2023Q2,43
F0461,2023Q3,49
F0461,2023Q4,56
F0461,2024Q1,204
F0461,2024Q2,132
F0461,2024Q3,175
F0461,2024Q4,157
F0461,2025Q1,292
F0461,2025Q2,171
F0461,2025Q3,133
F0461,2025Q4,59
F0461,2026Q1,128
F0461,2026Q2,83
F0462,2021Q3,73
F0462,2021Q4,70
F0462,2022Q1,91
F0462,2022Q2,57
F0462,2022Q3,53
F0462,2022Q4,63
F0462,2023Q1,86
F0462,2023Q2,64
F0462,2023Q3,67
F0462,2023Q4,64
F0462,2024Q1,134
F0462,2024Q2,90
F0462,2024Q3,101
F0462,2024Q4,115
F0462,2025Q1,185
F0462,2025Q2,92
F0462,2025Q3,127
F0462,2025Q4,206
F0462,2026Q1,380
F0462,2026Q2,226
F0463,2021Q3,105
F0463,2021Q4,100
F0463,2022Q1,124
F0463,2022Q2,122
F0463,2022Q3,137
F0463,2022Q4,112
F0463,2023Q1,186
F0463,2023Q2,128
F0463,2023Q3,102
F0463,2023Q4,153
F0463,2024Q1,144
F0463,2024Q2,100
F0463,2024Q3,88
F0463,2024Q4,96
F0463,2025Q1,122
F0463,2025Q2,101
F0463,2025Q3,116
F0463,2025Q4,254
F0463,2026Q1,360
F0463,2026Q2,236
F0464,2021Q3,43
F0464,2021Q4,57
F0464,2022Q1,88
F0464,2022Q2,41
F0464,2022Q3,43
F0464,2022Q4,41
F0464,2023Q1,74
F0464,2023Q2,34
F0464,2023Q3,51
F0464,2023Q4,30
F0464,2024Q1,133
F0464,2024Q2,73
F0464,2024Q3,79
F0464,2024Q4,69
F0464,2025Q1,147
F0464,2025Q2,82
F0464,2025Q3,82
F0464,2025Q4,129
F0464,2026Q1,209
F0464,2026Q2,113
F0465,2021Q3,37
F0465,2021Q4,30
F0465,2022Q1,34
F0465,2022Q2,34
F0465,2022Q3,29
F0465,2022Q4,36
F0465,2023Q1,37
F0465,2023Q2,43
F0465,2023Q3,33
F0465,2023Q4,29
F0465,2024Q1,36
F0465,2024Q2,33
F0465,2024Q3,31
F0465,2024Q4,40
F0465,2025Q1,50
F0465,2025Q2,39
F0465,2025Q3,42
F0465,2025Q4,98
F0465,2026Q1,97
F0465,2026Q2,69
F0466,2021Q3,51
F0466,2021Q4,51
F0466,2022Q1,83
F0466,2022Q2,52
F0466,2022Q3,61
F0466,2022Q4,60
F0466,2023Q1,89
F0466,2023Q2,59
F0466,2023Q3,60
F0466,2023Q4,63
F0466,2024Q1,84
F0466,2024Q2,36
F0466,2024Q3,43
F0466,2024Q4,43
F0466,2025Q1,83
F0466,2025Q2,51
F0466,2025Q3,47
F0466,2025Q4,67
F0466,2026Q1,81
F0466,2026Q2,62
F0467,2021Q3,115
F0467,2021Q4,94
F0467,2022Q1,111
F0467,2022Q2,107
F0467,2022Q3,93
F0467,2022Q4,107
F0467,2023Q1,103
F0467,2023Q2,85
F0467,2023Q3,109
F0467,2023Q4,100
F0467,2024Q1,162
F0467,2024Q2,98
F0467,2024Q3,99
F0467,2024Q4,145
F0467,2025Q1,208
F0467,2025Q2,128
F0467,2025Q3,132
F0467,2025Q4,196
F0467,2026Q1,276
F0467,2026Q2,214
F0468,2021Q3,28
F0468,2021Q4,41
F0468,2022Q1,54
F0468,2022Q2,44
F0468,2022Q3,33
F0468,2022Q4,33
F0468,2023Q1,47
F0468,2023Q2,39
F0468,2023Q3,40
F0468,2023Q4,38
F0468,2024Q1,61
F0468,2024Q2,42
F0468,2024Q3,33
F0468,2024Q4,20
F0468,2025Q1,54
F0468,2025Q2,28
F0468,2025Q3,29
F0468,2025Q4,89
F0468,2026Q1,135
F0468,2026Q2,84
F0469,2021Q3,39
F0469,2021Q4,53
F0469,2022Q1,67
F0469,2022Q2,49
F0469,2022Q3,35
F0469,2022Q4,52
F0469,2023Q1,88
F0469,2023Q2,50
F0469,2023Q3,48
F0469,2023Q4,66
F0469,2024Q1,95
F0469,2024Q2,72
F0469,2024Q3,63
F0469,2024Q4,75
F0469,2025Q1,236
F0469,2025Q2,114
F0469,2025Q3,190
F0469,2025Q4,494
F0469,2026Q1,719
F0469,2026Q2,457
F0470,2021Q3,60
F0470,2021Q4,50
F0470,2022Q1,73
F0470,2022Q2,54
F0470,2022Q3,46
F0470,2022Q4,42
F0470,2023Q1,79
F0470,2023Q2,46
F0470,2023Q3,57
F0470,2023Q4,45
F0470,2024Q1,126
F0470,2024Q2,68
F0470,2024Q3,78
F0470,2024Q4,98
F0470,2025Q1,163
F0470,2025Q2,112
F0470,2025Q3,112
F0470,2025Q4,203
F0470,2026Q1,354
F0470,2026Q2,221
F0471,2021Q3,14
F0471,2021Q4,12
F0471,2022Q1,19
F0471,2022Q2,9
F0471,2022Q3,11
F0471,2022Q4,17
F0471,2023Q1,16
F0471,2023Q2,11
F0471,2023Q3,12
F0471,2023Q4,9
F0471,2024Q1,13
F0471,2024Q2,8
F0471,2024Q3,17
F0471,2024Q4,16
F0471,2025Q1,30
F0471,2025Q2,7
F0471,2025Q3,13
F0471,2025Q4,40
F0471,2026Q1,93
F0471,2026Q2,60
F0472,2021Q3,31
F0472,2021Q4,30
F0472,2022Q1,31
F0472,2022Q2,24
F0472,2022Q3,35
F0472,2022Q4,27
F0472,2023Q1,33
F0472,2023Q2,36
F0472,2023Q3,16
F0472,2023Q4,19
F0472,2024Q1,105
F0472,2024Q2,48
F0472,2024Q3,53
F0472,2024Q4,59
F0472,2025Q1,109
F0472,2025Q2,59
F0472,2025Q3,66
F0472,2025Q4,57
F0472,2026Q1,110
F0472,2026Q2,96
F0473,2021Q3,99
F0473,2021Q4,84
F0473,2022Q1,93
F0473,2022Q2,73
F0473,2022Q3,83
F0473,2022Q4,88
F0473,2023Q1,96
F0473,2023Q2,74
F0473,2023Q3,82
F0473,2023Q4,110
F0473,2024Q1,78
F0473,2024Q2,75
F0473,2024Q3,55
F0473,2024Q4,45
F0473,2025Q1,97
F0473,2025Q2,66
F0473,2025Q3,71
F0473,2025Q4,154
F0473,2026Q1,243
F0473,2026Q2,166
F0474,2021Q3,62
F0474,2021Q4,42
F0474,2022Q1,81
F0474,2022Q2,69
F0474,2022Q3,47
F0474,2022Q4,45
F0474,2023Q1,92
F0474,2023Q2,44
F0474,2023Q3,45
F0474,2023Q4,66
F0474,2024Q1,113
F0474,2024Q2,76
F0474,2024Q3,97
F0474,2024Q4,110
F0474,2025Q1,147
F0474,2025Q2,80
F0474,2025Q3,108
F0474,2025Q4,136
F0474,2026Q1,210
F0474,2026Q2,141
F0475,2021Q3,191
F0475,2021Q4,177
F0475,2022Q1,266
F0475,2022Q2,155
F0475,2022Q3,146
F0475,2022Q4,154
F0475,2023Q1,391
F0475,2023Q2,208
F0475,2023Q3,168
F0475,2023Q4,202
F0475,2024Q1,701
F0475,2024Q2,380
F0475,2024Q3,379
F0475,2024Q4,535
F0475,2025Q1,726
F0475,2025Q2,440
F0475,2025Q3,233
F0475,2025Q4,5
F0475,2026Q1,5
F0475,2026Q2,4
F0476,2021Q3,81
F0476,2021Q4,80
F0476,2022Q1,148
F0476,2022Q2,88
F0476,2022Q3,77
F0476,2022Q4,97
F0476,2023Q1,137
F0476,2023Q2,80
F0476,2023Q3,83
F0476,2023Q4,78
F0476,2024Q1,140
F0476,2024Q2,99
F0476,2024Q3,81
F0476,2024Q4,91
F0476,2025Q1,163
F0476,2025Q2,82
F0476,2025Q3,94
F0476,2025Q4,139
F0476,2026Q1,196
F0476,2026Q2,100
F0477,2021Q3,107
F0477,2021Q4,100
F0477,2022Q1,161
F0477,2022Q2,124
F0477,2022Q3,136
F0477,2022Q4,154
F0477,2023Q1,163
F0477,2023Q2,147
F0477,2023Q3,144
F0477,2023Q4,159
F0477,2024Q1,226
F0477,2024Q2,164
F0477,2024Q3,149
F0477,2024Q4,148
F0477,2025Q1,270
F0477,2025Q2,159
F0477,2025Q3,159
F0477,2025Q4,202
F0477,2026Q1,265
F0477,2026Q2,197
F0478,2021Q3,23
F0478,2021Q4,26
F0478,2022Q1,32
F0478,2022Q2,16
F0478,2022Q3,15
F0478,2022Q4,32
F0478,2023Q1,40
F0478,2023Q2,26
F0478,2023Q3,14
F0478,2023Q4,23
F0478,2024Q1,53
F0478,2024Q2,31
F0478,2024Q3,40
F0478,2024Q4,29
F0478,2025Q1,50
F0478,2025Q2,52
F0478,2025Q3,44
F0478,2025Q4,41
F0478,2026Q1,92
F0478,2026Q2,90
F0479,2021Q3,162
F0479,2021Q4,151
F0479,2022Q1,214
F0479,2022Q2,155
F0479,2022Q3,157
F0479,2022Q4,190
F0479,2023Q1,225
F0479,2023Q2,163
F0479,2023Q3,168
F0479,2023Q4,189
F0479,2024Q1,325
F0479,2024Q2,185
F0479,2024Q3,192
F0479,2024Q4,226
F0479,2025Q1,371
F0479,2025Q2,269
F0479,2025Q3,310
F0479,2025Q4,343
F0479,2026Q1,463
F0479,2026Q2,337
F0480,2021Q3,19
F0480,2021Q4,33
F0480,2022Q1,32
F0480,2022Q2,21
F0480,2022Q3,16
F0480,2022Q4,19
F0480,2023Q1,22
F0480,2023Q2,12
F0480,2023Q3,22
F0480,2023Q4,23
F0480,2024Q1,68
F0480,2024Q2,39
F0480,2024Q3,56
F0480,2024Q4,48
F0480,2025Q1,77
F0480,2025Q2,62
F0480,2025Q3,46
F0480,2025Q4,1
F0480,2026Q1,3
F0480,2026Q2,1
F0481,2021Q3,44
F0481,2021Q4,47
F0481,2022Q1,55
F0481,2022Q2,31
F0481,2022Q3,29
F0481,2022Q4,29
F0481,2023Q1,61
F0481,2023Q2,30
F0481,2023Q3,34
F0481,2023Q4,41
F0481,2024Q1,140
F0481,2024Q2,64
F0481,2024Q3,81
F0481,2024Q4,90
F0481,2025Q1,131
F0481,2025Q2,79
F0481,2025Q3,64
F0481,2025Q4,1
F0481,2026Q1,0
F0481,2026Q2,1
F0482,2021Q3,75
F0482,2021Q4,83
F0482,2022Q1,128
F0482,2022Q2,88
F0482,2022Q3,96
F0482,2022Q4,97
F0482,2023Q1,184
F0482,2023Q2,113
F0482,2023Q3,103
F0482,2023Q4,111
F0482,2024Q1,250
F0482,2024Q2,140
F0482,2024Q3,170
F0482,2024Q4,202
F0482,2025Q1,312
F0482,2025Q2,182
F0482,2025Q3,200
F0482,2025Q4,195
F0482,2026Q1,361
F0482,2026Q2,268
F0483,2021Q3,133
F0483,2021Q4,119
F0483,2022Q1,209
F0483,2022Q2,145
F0483,2022Q3,149
F0483,2022Q4,145
F0483,2023Q1,242
F0483,2023Q2,139
F0483,2023Q3,160
F0483,2023Q4,156
F0483,2024Q1,175
F0483,2024Q2,89
F0483,2024Q3,69
F0483,2024Q4,65
F0483,2025Q1,281
F0483,2025Q2,89
F0483,2025Q3,260
F0483,2025Q4,871
F0483,2026Q1,1520
F0483,2026Q2,808
F0484,2021Q3,170
F0484,2021Q4,190
F0484,2022Q1,240
F0484,2022Q2,169
F0484,2022Q3,173
F0484,2022Q4,202
F0484,2023Q1,231
F0484,2023Q2,166
F0484,2023Q3,181
F0484,2023Q4,169
F0484,2024Q1,288
F0484,2024Q2,196
F0484,2024Q3,192
F0484,2024Q4,200
F0484,2025Q1,337
F0484,2025Q2,237
F0484,2025Q3,204
F0484,2025Q4,168
F0484,2026Q1,257
F0484,2026Q2,158
F0485,2021Q3,107
F0485,2021Q4,110
F0485,2022Q1,190
F0485,2022Q2,105
F0485,2022Q3,110
F0485,2022Q4,120
F0485,2023Q1,185
F0485,2023Q2,110
F0485,2023Q3,128
F0485,2023Q4,121
F0485,2024Q1,222
F0485,2024Q2,138
F0485,2024Q3,159
F0485,2024Q4,154
F0485,2025Q1,254
F0485,2025Q2,138
F0485,2025Q3,160
F0485,2025Q4,237
F0485,2026Q1,439
F0485,2026Q2,243
F0486,2021Q3,36
F0486,2021Q4,36
F0486,2022Q1,38
F0486,2022Q2,39
F0486,2022Q3,36
F0486,2022Q4,32
F0486,2023Q1,35
F0486,2023Q2,31
F0486,2023Q3,34
F0486,2023Q4,31
F0486,2024Q1,43
F0486,2024Q2,28
F0486,2024Q3,25
F0486,2024Q4,33
F0486,2025Q1,46
F0486,2025Q2,36
F0486,2025Q3,32
F0486,2025Q4,59
F0486,2026Q1,103
F0486,2026Q2,76
F0487,2021Q3,128
F0487,2021Q4,120
F0487,2022Q1,153
F0487,2022Q2,116
F0487,2022Q3,132
F0487,2022Q4,132
F0487,2023Q1,156
F0487,2023Q2,149
F0487,2023Q3,124
F0487,2023Q4,131
F0487,2024Q1,102
F0487,2024Q2,87
F0487,2024Q3,68
F0487,2024Q4,43
F0487,2025Q1,52
F0487,2025Q2,39
F0487,2025Q3,62
F0487,2025Q4,151
F0487,2026Q1,158
F0487,2026Q2,96
F0488,2021Q3,15
F0488,2021Q4,10
F0488,2022Q1,27
F0488,2022Q2,16
F0488,2022Q3,5
F0488,2022Q4,15
F0488,2023Q1,20
F0488,2023Q2,11
F0488,2023Q3,6
F0488,2023Q4,12
F0488,2024Q1,54
F0488,2024Q2,12
F0488,2024Q3,22
F0488,2024Q4,14
F0488,2025Q1,58
F0488,2025Q2,10
F0488,2025Q3,19
F0488,2025Q4,44
F0488,2026Q1,98
F0488,2026Q2,46
F0489,2021Q3,41
F0489,2021Q4,45
F0489,2022Q1,103
F0489,2022Q2,53
F0489,2022Q3,33
F0489,2022Q4,54
F0489,2023Q1,76
F0489,2023Q2,47
F0489,2023Q3,35
F0489,2023Q4,55
F0489,2024Q1,81
F0489,2024Q2,44
F0489,2024Q3,59
F0489,2024Q4,41
F0489,2025Q1,95
F0489,2025Q2,54
F0489,2025Q3,48
F0489,2025Q4,75
F0489,2026Q1,109
F0489,2026Q2,79
F0490,2021Q3,39
F0490,2021Q4,39
F0490,2022Q1,40
F0490,2022Q2,42
F0490,2022Q3,38
F0490,2022Q4,34
F0490,2023Q1,41
F0490,2023Q2,34
F0490,2023Q3,28
F0490,2023Q4,38
F0490,2024Q1,61
F0490,2024Q2,47
F0490,2024Q3,27
F0490,2024Q4,24
F0490,2025Q1,69
F0490,2025Q2,41
F0490,2025Q3,41
F0490,2025Q4,62
F0490,2026Q1,92
F0490,2026Q2,72
F0491,2021Q3,22
F0491,2021Q4,32
F0491,2022Q1,35
F0491,2022Q2,30
F0491,2022Q3,21
F0491,2022Q4,17
F0491,2023Q1,37
F0491,2023Q2,40
F0491,2023Q3,23
F0491,2023Q4,30
F0491,2024Q1,65
F0491,2024Q2,44
F0491,2024Q3,56
F0491,2024Q4,65
F0491,2025Q1,136
F0491,2025Q2,62
F0491,2025Q3,62
F0491,2025Q4,73
F0491,2026Q1,190
F0491,2026Q2,131
F0492,2021Q3,9
F0492,2021Q4,21
F0492,2022Q1,33
F0492,2022Q2,23
F0492,2022Q3,21
F0492,2022Q4,22
F0492,2023Q1,33
F0492,2023Q2,18
F0492,2023Q3,14
F0492,2023Q4,30
F0492,2024Q1,72
F0492,2024Q2,40
F0492,2024Q3,54
F0492,2024Q4,67
F0492,2025Q1,106
F0492,2025Q2,62
F0492,2025Q3,68
F0492,2025Q4,57
F0492,2026Q1,112
F0492,2026Q2,78
F0493,2021Q3,34
F0493,2021Q4,33
F0493,2022Q1,69
F0493,2022Q2,46
F0493,2022Q3,44
F0493,2022Q4,42
F0493,2023Q1,57
F0493,2023Q2,45
F0493,2023Q3,37
F0493,2023Q4,51
F0493,2024Q1,113
F0493,2024Q2,72
F0493,2024Q3,60
F0493,2024Q4,77
F0493,2025Q1,161
F0493,2025Q2,65
F0493,2025Q3,77
F0493,2025Q4,111
F0493,2026Q1,178
F0493,2026Q2,153
F0494,2021Q3,43
F0494,2021Q4,41
F0494,2022Q1,92
F0494,2022Q2,44
F0494,2022Q3,56
F0494,2022Q4,58
F0494,2023Q1,109
F0494,2023Q2,49
F0494,2023Q3,57
F0494,2023Q4,75
F0494,2024Q1,147
F0494,2024Q2,76
F0494,2024Q3,78
F0494,2024Q4,115
F0494,2025Q1,157
F0494,2025Q2,103
F0494,2025Q3,76
F0494,2025Q4,2
F0494,2026Q1,2
F0494,2026Q2,8
F0495,2021Q3,39
F0495,2021Q4,29
F0495,2022Q1,56
F0495,2022Q2,38
F0495,2022Q3,39
F0495,2022Q4,41
F0495,2023Q1,68
F0495,2023Q2,43
F0495,2023Q3,42
F0495,2023Q4,34
F0495,2024Q1,77
F0495,2024Q2,28
F0495,2024Q3,30
F0495,2024Q4,30
F0495,2025Q1,73
F0495,2025Q2,24
F0495,2025Q3,43
F0495,2025Q4,97
F0495,2026Q1,204
F0495,2026Q2,131
F0496,2021Q3,283
F0496,2021Q4,342
F0496,2022Q1,431
F0496,2022Q2,349
F0496,2022Q3,319
F0496,2022Q4,339
F0496,2023Q1,497
F0496,2023Q2,318
F0496,2023Q3,330
F0496,2023Q4,393
F0496,2024Q1,403
F0496,2024Q2,241
F0496,2024Q3,173
F0496,2024Q4,157
F0496,2025Q1,285
F0496,2025Q2,135
F0496,2025Q3,223
F0496,2025Q4,314
F0496,2026Q1,378
F0496,2026Q2,198
F0497,2021Q3,97
F0497,2021Q4,74
F0497,2022Q1,104
F0497,2022Q2,76
F0497,2022Q3,71
F0497,2022Q4,78
F0497,2023Q1,119
F0497,2023Q2,81
F0497,2023Q3,66
F0497,2023Q4,84
F0497,2024Q1,97
F0497,2024Q2,57
F0497,2024Q3,61
F0497,2024Q4,76
F0497,2025Q1,93
F0497,2025Q2,63
F0497,2025Q3,61
F0497,2025Q4,205
F0497,2026Q1,256
F0497,2026Q2,184
F0498,2021Q3,10
F0498,2021Q4,16
F0498,2022Q1,28
F0498,2022Q2,25
F0498,2022Q3,21
F0498,2022Q4,21
F0498,2023Q1,28
F0498,2023Q2,12
F0498,2023Q3,15
F0498,2023Q4,17
F0498,2024Q1,47
F0498,2024Q2,48
F0498,2024Q3,40
F0498,2024Q4,34
F0498,2025Q1,75
F0498,2025Q2,44
F0498,2025Q3,74
F0498,2025Q4,140
F0498,2026Q1,217
F0498,2026Q2,186
F0499,2021Q3,53
F0499,2021Q4,46
F0499,2022Q1,66
F0499,2022Q2,44
F0499,2022Q3,46
F0499,2022Q4,45
F0499,2023Q1,73
F0499,2023Q2,50
F0499,2023Q3,37
F0499,2023Q4,41
F0499,2024Q1,122
F0499,2024Q2,64
F0499,2024Q3,58
F0499,2024Q4,76
F0499,2025Q1,125
F0499,2025Q2,86
F0499,2025Q3,108
F0499,2025Q4,138
F0499,2026Q1,264
F0499,2026Q2,147
F0500,2021Q3,51
F0500,2021Q4,46
F0500,2022Q1,82
F0500,2022Q2,54
F0500,2022Q3,56
F0500,2022Q4,60
F0500,2023Q1,84
F0500,2023Q2,52
F0500,2023Q3,57
F0500,2023Q4,61
F0500,2024Q1,150
F0500,2024Q2,94
F0500,2024Q3,99
F0500,2024Q4,139
F0500,2025Q1,213
F0500,2025Q2,140
F0500,2025Q3,119
F0500,2025Q4,81
F0500,2026Q1,180
F0500,2026Q2,189
